{
"type": "FeatureCollection",
"name": "geo_27_特定福祉用具販売",
"crs": { "type": "name", "properties": { "name": "urn:ogc:def:crs:OGC:1.3:CRS84" } },
"features": [
{ "type": "Feature", "properties": { "内容": "福祉⽤具ネモ【特定福祉用具販売】⼤阪府⼤阪市都島区御幸町２丁⽬１２番１４号S-BLDG御幸町1階⻄側", "url": "https://www.kaigokensaku.mhlw.go.jp/27/index.php?action_kouhyou_detail_004_kani=true&JigyosyoCd=2775203439-00&ServiceCd=410&Type=search", "url2": null }, "geometry": { "type": "Point", "coordinates": [ 135.5340411, 34.715391 ] } },
{ "type": "Feature", "properties": { "内容": "ライフマーク都島【特定福祉用具販売】大阪府大阪市都島区中野町2丁目15-5111号室", "url": "https://www.kaigokensaku.mhlw.go.jp/27/index.php?action_kouhyou_detail_004_kani=true&JigyosyoCd=2775202720-00&ServiceCd=410&Type=search", "url2": "http://www.ueroku.jp/" }, "geometry": { "type": "Point", "coordinates": [ 135.526661699999977, 34.7013071 ] } },
{ "type": "Feature", "properties": { "内容": "医療福祉生協おおさか　福祉用具レンタルフレンズ【特定福祉用具販売】大阪府大阪市都島区高倉町二丁目3番4号2階", "url": "https://www.kaigokensaku.mhlw.go.jp/27/index.php?action_kouhyou_detail_004_kani=true&JigyosyoCd=2775203298-00&ServiceCd=410&Type=search", "url2": "https://health-coop.jp/pub/" }, "geometry": { "type": "Point", "coordinates": [ 135.531432198147542, 34.715609781016205 ] } },
{ "type": "Feature", "properties": { "内容": "株式会社トーカイ大阪支店【特定福祉用具販売】大阪府大阪市都島区友渕町３丁目５番１５号", "url": "https://www.kaigokensaku.mhlw.go.jp/27/index.php?action_kouhyou_detail_004_kani=true&JigyosyoCd=2775201193-00&ServiceCd=410&Type=search", "url2": "http://www.tokai-corp.com/" }, "geometry": { "type": "Point", "coordinates": [ 135.529681900000014, 34.7201215 ] } },
{ "type": "Feature", "properties": { "内容": "パナソニックエイジフリーショップ都島【特定福祉用具販売】大阪府大阪市都島区中野町1丁目6番3号メゾンリバーサイド1階", "url": "https://www.kaigokensaku.mhlw.go.jp/27/index.php?action_kouhyou_detail_004_kani=true&JigyosyoCd=2775202373-00&ServiceCd=410&Type=search", "url2": "https://panasonic.co.jp/ls/paf/" }, "geometry": { "type": "Point", "coordinates": [ 135.52451730000007, 34.6988961 ] } },
{ "type": "Feature", "properties": { "内容": "ダスキンヘルスレント野田阪神ステーション【特定福祉用具販売】大阪府大阪市福島区海老江５丁目２番２号大拓ビル５　７０４号室", "url": "https://www.kaigokensaku.mhlw.go.jp/27/index.php?action_kouhyou_detail_004_kani=true&JigyosyoCd=2770200653-00&ServiceCd=410&Type=search", "url2": "http://healthrent.duskin.jp/" }, "geometry": { "type": "Point", "coordinates": [ 135.473820368122944, 34.69558893167931 ] } },
{ "type": "Feature", "properties": { "内容": "プリエール【特定福祉用具販売】大阪府大阪市福島区福島4丁目2番76号TMC大阪ビル　3Ｆ", "url": "https://www.kaigokensaku.mhlw.go.jp/27/index.php?action_kouhyou_detail_004_kani=true&JigyosyoCd=2770201818-00&ServiceCd=410&Type=search", "url2": "https://ange-care.com" }, "geometry": { "type": "Point", "coordinates": [ 135.4838614, 34.6919184 ] } },
{ "type": "Feature", "properties": { "内容": "介護事業所DAIICHI【特定福祉用具販売】大阪市福島区福島３丁目７番２６号", "url": "https://www.kaigokensaku.mhlw.go.jp/27/index.php?action_kouhyou_detail_004_kani=true&JigyosyoCd=2770200521-00&ServiceCd=410&Type=search", "url2": "http://www.daiichi-yohin.co.jp/nurse1.html" }, "geometry": { "type": "Point", "coordinates": [ 135.484933299999966, 34.6930763 ] } },
{ "type": "Feature", "properties": { "内容": "ビブレ福祉用具サービス【特定福祉用具販売】大阪府大阪市福島区福島七丁目3番18号第一住建福島駅前ビル６階", "url": "https://www.kaigokensaku.mhlw.go.jp/27/index.php?action_kouhyou_detail_004_kani=true&JigyosyoCd=2770202048-00&ServiceCd=410&Type=search", "url2": "https://www.brave-mc.co.jp/" }, "geometry": { "type": "Point", "coordinates": [ 135.484835899999979, 34.69659690000001 ] } },
{ "type": "Feature", "properties": { "内容": "ピースフリーレンタルサービス【特定福祉用具販売】大阪府大阪市福島区海老江8丁目9-14海老江サンライズ105", "url": "https://www.kaigokensaku.mhlw.go.jp/27/index.php?action_kouhyou_detail_004_kani=true&JigyosyoCd=2770202097-00&ServiceCd=410&Type=search", "url2": null }, "geometry": { "type": "Point", "coordinates": [ 135.468164699999988, 34.6964497 ] } },
{ "type": "Feature", "properties": { "内容": "暁明館福祉用具センター【特定福祉用具販売】大阪市此花区春日出中1-22-13総合医療介護施設あかつき2階", "url": "https://www.kaigokensaku.mhlw.go.jp/27/index.php?action_kouhyou_detail_004_kani=true&JigyosyoCd=2772800476-00&ServiceCd=410&Type=search", "url2": "http://www.gyoumeikan.or.jp/" }, "geometry": { "type": "Point", "coordinates": [ 135.4525605, 34.6815758 ] } },
{ "type": "Feature", "properties": { "内容": "野中医科器械株式会社【特定福祉用具販売】大阪府大阪市此花区朝日１丁目7-8", "url": "https://www.kaigokensaku.mhlw.go.jp/27/index.php?action_kouhyou_detail_004_kani=true&JigyosyoCd=2772800104-00&ServiceCd=410&Type=search", "url2": "http://www.nonakaika.co.jp" }, "geometry": { "type": "Point", "coordinates": [ 135.460726817725686, 34.68533074876202 ] } },
{ "type": "Feature", "properties": { "内容": "スタイル株式会社【特定福祉用具販売】大阪府大阪市此花区伝法6-3伝法団地第2号棟111号室", "url": "https://www.kaigokensaku.mhlw.go.jp/27/index.php?action_kouhyou_detail_004_kani=true&JigyosyoCd=2772801003-00&ServiceCd=410&Type=search", "url2": "http://すたいる.com" }, "geometry": { "type": "Point", "coordinates": [ 135.448900493778979, 34.686550360606738 ] } },
{ "type": "Feature", "properties": { "内容": "アユート【特定福祉用具販売】大阪西区西本町1-5-3", "url": "https://www.kaigokensaku.mhlw.go.jp/27/index.php?action_kouhyou_detail_004_kani=true&JigyosyoCd=2771801871-00&ServiceCd=410&Type=search", "url2": "http://www.cruise65.com" }, "geometry": { "type": "Point", "coordinates": [ 135.49671950000004, 34.682456399999985 ] } },
{ "type": "Feature", "properties": { "内容": "CLANレンタルサービス【特定福祉用具販売】大阪府大阪市西区北堀江1-1-18四ツ橋イーストビル2階", "url": "https://www.kaigokensaku.mhlw.go.jp/27/index.php?action_kouhyou_detail_004_kani=true&JigyosyoCd=2771802374-00&ServiceCd=410&Type=search", "url2": "https://clan-net.jp/company" }, "geometry": { "type": "Point", "coordinates": [ 135.497025400000012, 34.6736453 ] } },
{ "type": "Feature", "properties": { "内容": "株式会社　ウィズ【特定福祉用具販売】大阪市西区北堀江4-17-13", "url": "https://www.kaigokensaku.mhlw.go.jp/27/index.php?action_kouhyou_detail_004_kani=true&JigyosyoCd=2771800790-00&ServiceCd=410&Type=search", "url2": "http://www.hello-with.com" }, "geometry": { "type": "Point", "coordinates": [ 135.481920728014813, 34.674481970267763 ] } },
{ "type": "Feature", "properties": { "内容": "スーパー・コート福祉用具事業所【特定福祉用具販売】大阪市西区西本町1丁目7番7号CE西本町ビル", "url": "https://www.kaigokensaku.mhlw.go.jp/27/index.php?action_kouhyou_detail_004_kani=true&JigyosyoCd=2771801764-00&ServiceCd=410&Type=search", "url2": null }, "geometry": { "type": "Point", "coordinates": [ 135.4964928, 34.6832815 ] } },
{ "type": "Feature", "properties": { "内容": "有限会社アドマ【特定福祉用具販売】大阪府大阪市西区九条南２丁目１６番２０号", "url": "https://www.kaigokensaku.mhlw.go.jp/27/index.php?action_kouhyou_detail_004_kani=true&JigyosyoCd=2771800428-00&ServiceCd=410&Type=search", "url2": null }, "geometry": { "type": "Point", "coordinates": [ 135.4732239, 34.6710481 ] } },
{ "type": "Feature", "properties": { "内容": "テクノエイドシクロ【特定福祉用具販売】大阪府大阪市西区新町1-5-7　四ツ橋ビルディング２F", "url": "https://www.kaigokensaku.mhlw.go.jp/27/index.php?action_kouhyou_detail_004_kani=true&JigyosyoCd=2771802572-00&ServiceCd=410&Type=search", "url2": null }, "geometry": { "type": "Point", "coordinates": [ 135.4967301, 34.6755797 ] } },
{ "type": "Feature", "properties": { "内容": "ナッセケアサービス【特定福祉用具販売】大阪府大阪市西区阿波座2-1-17F", "url": "https://www.kaigokensaku.mhlw.go.jp/27/index.php?action_kouhyou_detail_004_kani=true&JigyosyoCd=2771801897-00&ServiceCd=410&Type=search", "url2": "https://www.necess.jp/" }, "geometry": { "type": "Point", "coordinates": [ 135.492605200000014, 34.681157 ] } },
{ "type": "Feature", "properties": { "内容": "ネクスマイルケアサポート【特定福祉用具販売】北堀江1‐3‐20アネックスギザビル４０３", "url": "https://www.kaigokensaku.mhlw.go.jp/27/index.php?action_kouhyou_detail_004_kani=true&JigyosyoCd=2771802598-00&ServiceCd=410&Type=search", "url2": "https://www.nexmile.co.jp/" }, "geometry": { "type": "Point", "coordinates": [ 135.495967, 34.6731235 ] } },
{ "type": "Feature", "properties": { "内容": "株式会社リクサスライフサポート事業部【特定福祉用具販売】大阪府大阪市西区南堀江四丁目28番3号", "url": "https://www.kaigokensaku.mhlw.go.jp/27/index.php?action_kouhyou_detail_004_kani=true&JigyosyoCd=2771801335-00&ServiceCd=410&Type=search", "url2": "http://www.lixus.co.jp/" }, "geometry": { "type": "Point", "coordinates": [ 135.481244092729185, 34.670447581392054 ] } },
{ "type": "Feature", "properties": { "内容": "ALKUレンタルサービス【特定福祉用具販売】大阪府大阪市西区新町1-5-7四ツ橋ビルディング606", "url": "https://www.kaigokensaku.mhlw.go.jp/27/index.php?action_kouhyou_detail_004_kani=true&JigyosyoCd=2771802697-00&ServiceCd=410&Type=search", "url2": "https://alku-inc.jp/" }, "geometry": { "type": "Point", "coordinates": [ 135.496681700000011, 34.6756889 ] } },
{ "type": "Feature", "properties": { "内容": "株式会社　ヤマシタ　大阪港営業所【特定福祉用具販売】大阪府大阪市港区波除5-4-25", "url": "https://www.kaigokensaku.mhlw.go.jp/27/index.php?action_kouhyou_detail_004_kani=true&JigyosyoCd=2770402325-00&ServiceCd=410&Type=search", "url2": "https://www.yco.co.jp/" }, "geometry": { "type": "Point", "coordinates": [ 135.46205710000001, 34.6734034 ] } },
{ "type": "Feature", "properties": { "内容": "ライフマーク大阪西【特定福祉用具販売】大阪府大阪市港区波除2-6-12", "url": "https://www.kaigokensaku.mhlw.go.jp/27/index.php?action_kouhyou_detail_004_kani=true&JigyosyoCd=2770402010-00&ServiceCd=410&Type=search", "url2": "http://www.ueroku.jp/" }, "geometry": { "type": "Point", "coordinates": [ 135.464213200000017, 34.670393 ] } },
{ "type": "Feature", "properties": { "内容": "福祉用具センター「やすらぎ」【特定福祉用具販売】大阪府大阪市港区弁天6丁目4番1号　2F", "url": "https://www.kaigokensaku.mhlw.go.jp/27/index.php?action_kouhyou_detail_004_kani=true&JigyosyoCd=2770402101-00&ServiceCd=410&Type=search", "url2": "https://www.sankyo-group.co.jp/" }, "geometry": { "type": "Point", "coordinates": [ 135.45771670000002, 34.67414990000001 ] } },
{ "type": "Feature", "properties": { "内容": "フランスベッド株式会社　メディカル大阪西営業所【特定福祉用具販売】大阪市大正区泉尾3丁目2-6", "url": "https://www.kaigokensaku.mhlw.go.jp/27/index.php?action_kouhyou_detail_004_kani=true&JigyosyoCd=2772701245-00&ServiceCd=410&Type=search", "url2": "http://www.francebed.co.jp/" }, "geometry": { "type": "Point", "coordinates": [ 135.47379090000004, 34.6574247 ] } },
{ "type": "Feature", "properties": { "内容": "西村総合介護サービス㈱【特定福祉用具販売】大阪市大正区平尾5-3-19", "url": "https://www.kaigokensaku.mhlw.go.jp/27/index.php?action_kouhyou_detail_004_kani=true&JigyosyoCd=2772700510-00&ServiceCd=410&Type=search", "url2": "https://nishimuracare.wixsite.com/nishimuracare" }, "geometry": { "type": "Point", "coordinates": [ 135.472226799999987, 34.6396907 ] } },
{ "type": "Feature", "properties": { "内容": "福祉用具センター　ナービス大正【特定福祉用具販売】大阪府大阪市大正区三軒家西1-7-18コニシビル301", "url": "https://www.kaigokensaku.mhlw.go.jp/27/index.php?action_kouhyou_detail_004_kani=true&JigyosyoCd=2772702383-00&ServiceCd=410&Type=search", "url2": "https://joylife.alsok.co.jp/" }, "geometry": { "type": "Point", "coordinates": [ 135.475957200000011, 34.6668401 ] } },
{ "type": "Feature", "properties": { "内容": "ライフマーク天王寺【特定福祉用具販売】大阪府大阪市天王寺区勝山4丁目9-14-101", "url": "https://www.kaigokensaku.mhlw.go.jp/27/index.php?action_kouhyou_detail_004_kani=true&JigyosyoCd=2771700610-00&ServiceCd=410&Type=search", "url2": "http://www.ueroku.jp/" }, "geometry": { "type": "Point", "coordinates": [ 135.526097400000026, 34.6543729 ] } },
{ "type": "Feature", "properties": { "内容": "ダスキンヘルスレント天王寺ステーション【特定福祉用具販売】大阪府大阪市天王寺区北河堀町５－１７", "url": "https://www.kaigokensaku.mhlw.go.jp/27/index.php?action_kouhyou_detail_004_kani=true&JigyosyoCd=2771702343-00&ServiceCd=410&Type=search", "url2": "https://fujiseni.com/" }, "geometry": { "type": "Point", "coordinates": [ 135.517754970534952, 34.649183214031162 ] } },
{ "type": "Feature", "properties": { "内容": "有限会社　東洋介護【特定福祉用具販売】大阪市天王寺区筆ヶ崎町2-16和晃ビル１階", "url": "https://www.kaigokensaku.mhlw.go.jp/27/index.php?action_kouhyou_detail_004_kani=true&JigyosyoCd=2771700990-00&ServiceCd=410&Type=search", "url2": null }, "geometry": { "type": "Point", "coordinates": [ 135.527624800000012, 34.6629774 ] } },
{ "type": "Feature", "properties": { "内容": "LifeFan【特定福祉用具販売】大阪府大阪市天王寺区大道５丁目７番４号SKアカディミービル１F", "url": "https://www.kaigokensaku.mhlw.go.jp/27/index.php?action_kouhyou_detail_004_kani=true&JigyosyoCd=2771702244-00&ServiceCd=410&Type=search", "url2": "http//www.fan-ction.com" }, "geometry": { "type": "Point", "coordinates": [ 135.522405799999973, 34.6476064 ] } },
{ "type": "Feature", "properties": { "内容": "夕陽ヶ丘ケアサービス福祉用具レンタル事業所【特定福祉用具販売】大阪市天王寺区勝山2-8-23", "url": "https://www.kaigokensaku.mhlw.go.jp/27/index.php?action_kouhyou_detail_004_kani=true&JigyosyoCd=2771700719-00&ServiceCd=410&Type=search", "url2": null }, "geometry": { "type": "Point", "coordinates": [ 135.5205748, 34.654417 ] } },
{ "type": "Feature", "properties": { "内容": "アプリシェイト福祉用具ステーション【特定福祉用具販売】大阪府大阪市天王寺区上汐4丁目5-16ツチヤビル401号室", "url": "https://www.kaigokensaku.mhlw.go.jp/27/index.php?action_kouhyou_detail_004_kani=true&JigyosyoCd=2771702681-00&ServiceCd=410&Type=search", "url2": null }, "geometry": { "type": "Point", "coordinates": [ 135.51594990000001, 34.6627386 ] } },
{ "type": "Feature", "properties": { "内容": "株式会社サンキメディカル【特定福祉用具販売】大阪市浪速区日本橋5丁目9番21号", "url": "https://www.kaigokensaku.mhlw.go.jp/27/index.php?action_kouhyou_detail_004_kani=true&JigyosyoCd=2774300343-00&ServiceCd=410&Type=search", "url2": null }, "geometry": { "type": "Point", "coordinates": [ 135.5064587, 34.6586279 ] } },
{ "type": "Feature", "properties": { "内容": "介護用品フォーケア【特定福祉用具販売】大阪府大阪市浪速区桜川四丁目2番9号ハイム桜川101号", "url": "https://www.kaigokensaku.mhlw.go.jp/27/index.php?action_kouhyou_detail_004_kani=true&JigyosyoCd=2774303081-00&ServiceCd=410&Type=search", "url2": null }, "geometry": { "type": "Point", "coordinates": [ 135.484869800000013, 34.6672878 ] } },
{ "type": "Feature", "properties": { "内容": "福祉用具レンタルベストケア【特定福祉用具販売】大阪府大阪市浪速区恵美須東2-2-8サニーコート恵美須1101号", "url": "https://www.kaigokensaku.mhlw.go.jp/27/index.php?action_kouhyou_detail_004_kani=true&JigyosyoCd=2774303461-00&ServiceCd=410&Type=search", "url2": null }, "geometry": { "type": "Point", "coordinates": [ 135.506654200000014, 34.652181 ] } },
{ "type": "Feature", "properties": { "内容": "やすらぎのオレンジ館浪速営業所【特定福祉用具販売】大阪市浪速区敷津西2-4-1", "url": "https://www.kaigokensaku.mhlw.go.jp/27/index.php?action_kouhyou_detail_004_kani=true&JigyosyoCd=2774301648-00&ServiceCd=410&Type=search", "url2": null }, "geometry": { "type": "Point", "coordinates": [ 135.4965463, 34.6559697 ] } },
{ "type": "Feature", "properties": { "内容": "カノンレンタルサポート【特定福祉用具販売】大阪府大阪市浪速区大国一丁目10番21号ラパンジール大国5　１階店舗", "url": "https://www.kaigokensaku.mhlw.go.jp/27/index.php?action_kouhyou_detail_004_kani=true&JigyosyoCd=2774302885-00&ServiceCd=410&Type=search", "url2": "https://www.taktcaresupply.com/" }, "geometry": { "type": "Point", "coordinates": [ 135.496488699999986, 34.6527334 ] } },
{ "type": "Feature", "properties": { "内容": "介護ショップふぁるま【特定福祉用具販売】大阪府大阪市西淀川区野里3丁目6番8号福島琺瑯西淀ビル1Ｆ", "url": "https://www.kaigokensaku.mhlw.go.jp/27/index.php?action_kouhyou_detail_004_kani=true&JigyosyoCd=2771001928-00&ServiceCd=410&Type=search", "url2": "http://www.faruma.co.jp" }, "geometry": { "type": "Point", "coordinates": [ 135.46032409999998, 34.7112095 ] } },
{ "type": "Feature", "properties": { "内容": "株式会社ゴトウ・アズ・プランニング大阪営業所【特定福祉用具販売】大阪市西淀川区姫島6丁目9番45号", "url": "https://www.kaigokensaku.mhlw.go.jp/27/index.php?action_kouhyou_detail_004_kani=true&JigyosyoCd=2771001571-00&ServiceCd=410&Type=search", "url2": "http://www.goto-az.co.jp" }, "geometry": { "type": "Point", "coordinates": [ 135.447886299999936, 34.7035767 ] } },
{ "type": "Feature", "properties": { "内容": "すまいりぃ西淀ケアショップ【特定福祉用具販売】大阪市西淀川区大和田1丁目3-24", "url": "https://www.kaigokensaku.mhlw.go.jp/27/index.php?action_kouhyou_detail_004_kani=true&JigyosyoCd=2771001621-00&ServiceCd=410&Type=search", "url2": "https://smiley-care.co.jp/" }, "geometry": { "type": "Point", "coordinates": [ 135.4481147, 34.7058058 ] } },
{ "type": "Feature", "properties": { "内容": "有限会社　アットホーム【特定福祉用具販売】大阪市西淀川区百島１－２－７", "url": "https://www.kaigokensaku.mhlw.go.jp/27/index.php?action_kouhyou_detail_004_kani=true&JigyosyoCd=2771000409-00&ServiceCd=410&Type=search", "url2": null }, "geometry": { "type": "Point", "coordinates": [ 135.439784499999973, 34.6960385 ] } },
{ "type": "Feature", "properties": { "内容": "ハッピー・スマイル【特定福祉用具販売】大阪府大阪市東淀川区東中島１丁目１８番２２号新大阪丸ビル別館9階", "url": "https://www.kaigokensaku.mhlw.go.jp/27/index.php?action_kouhyou_detail_004_kani=true&JigyosyoCd=2773004615-00&ServiceCd=410&Type=search", "url2": null }, "geometry": { "type": "Point", "coordinates": [ 135.5035009, 34.733175 ] } },
{ "type": "Feature", "properties": { "内容": "井高野福祉用具センター【特定福祉用具販売】井高野3-3-44", "url": "https://www.kaigokensaku.mhlw.go.jp/27/index.php?action_kouhyou_detail_004_kani=true&JigyosyoCd=2773000860-00&ServiceCd=410&Type=search", "url2": null }, "geometry": { "type": "Point", "coordinates": [ 135.5460369, 34.766149 ] } },
{ "type": "Feature", "properties": { "内容": "WOODSTOCKⅡ【特定福祉用具販売】大阪府大阪市東淀川区豊里五丁目9番3号グラントピア豊里101号室", "url": "https://www.kaigokensaku.mhlw.go.jp/27/index.php?action_kouhyou_detail_004_kani=true&JigyosyoCd=2773004128-00&ServiceCd=410&Type=search", "url2": null }, "geometry": { "type": "Point", "coordinates": [ 135.542619699999989, 34.7389181 ] } },
{ "type": "Feature", "properties": { "内容": "さわやかレンタルサービス【特定福祉用具販売】大阪府大阪市東淀川区東中島２丁目１9-7", "url": "https://www.kaigokensaku.mhlw.go.jp/27/index.php?action_kouhyou_detail_004_kani=true&JigyosyoCd=2773000639-00&ServiceCd=410&Type=search", "url2": null }, "geometry": { "type": "Point", "coordinates": [ 135.505817799999988, 34.7291511 ] } },
{ "type": "Feature", "properties": { "内容": "第一管理福祉用具部門【特定福祉用具販売】大阪市東淀川区豊新五丁目14番27号第5シンワマンション12号", "url": "https://www.kaigokensaku.mhlw.go.jp/27/index.php?action_kouhyou_detail_004_kani=true&JigyosyoCd=2773003484-00&ServiceCd=410&Type=search", "url2": null }, "geometry": { "type": "Point", "coordinates": [ 135.536242, 34.7466713 ] } },
{ "type": "Feature", "properties": { "内容": "福祉用具のサクラヤ【特定福祉用具販売】大阪府大阪市東淀川区東中島1-17-5ステュディオ新大阪920号", "url": "https://www.kaigokensaku.mhlw.go.jp/27/index.php?action_kouhyou_detail_004_kani=true&JigyosyoCd=2773005026-00&ServiceCd=410&Type=search", "url2": null }, "geometry": { "type": "Point", "coordinates": [ 135.502125543754715, 34.732189347687715 ] } },
{ "type": "Feature", "properties": { "内容": "セントケアりまいん大阪【特定福祉用具販売】大阪府大阪市東淀川区下新庄1-11-8日宝ライフ下新庄　103号室", "url": "https://www.kaigokensaku.mhlw.go.jp/27/index.php?action_kouhyou_detail_004_kani=true&JigyosyoCd=2773005489-00&ServiceCd=410&Type=search", "url2": "https://www.saint-care.com/" }, "geometry": { "type": "Point", "coordinates": [ 135.519045400000039, 34.74459359999998 ] } },
{ "type": "Feature", "properties": { "内容": "福祉用具サポートぱんだ【特定福祉用具販売】大阪府大阪市東成区中道１丁目９番１２号１０４号室", "url": "https://www.kaigokensaku.mhlw.go.jp/27/index.php?action_kouhyou_detail_004_kani=true&JigyosyoCd=2771503980-00&ServiceCd=410&Type=search", "url2": null }, "geometry": { "type": "Point", "coordinates": [ 135.5360667, 34.6780085 ] } },
{ "type": "Feature", "properties": { "内容": "ライフマーク大阪東【特定福祉用具販売】大阪市東成区東中本2-5-22", "url": "https://www.kaigokensaku.mhlw.go.jp/27/index.php?action_kouhyou_detail_004_kani=true&JigyosyoCd=2771503030-00&ServiceCd=410&Type=search", "url2": "http://www.ueroku.jp" }, "geometry": { "type": "Point", "coordinates": [ 135.548686500000031, 34.6793956 ] } },
{ "type": "Feature", "properties": { "内容": "小山株式会社東成事業所【特定福祉用具販売】大阪府大阪市東成区深江北3-21-23", "url": "https://www.kaigokensaku.mhlw.go.jp/27/index.php?action_kouhyou_detail_004_kani=true&JigyosyoCd=2771504137-00&ServiceCd=410&Type=search", "url2": "https://www.koyama-kk.co.jp/" }, "geometry": { "type": "Point", "coordinates": [ 135.561220600000013, 34.6737151 ] } },
{ "type": "Feature", "properties": { "内容": "ＭＥＮＤサービス【特定福祉用具販売】大阪市生野区新今里七丁目１４－２６", "url": "https://www.kaigokensaku.mhlw.go.jp/27/index.php?action_kouhyou_detail_004_kani=true&JigyosyoCd=2772203242-00&ServiceCd=410&Type=search", "url2": null }, "geometry": { "type": "Point", "coordinates": [ 135.551172800000018, 34.6586287 ] } },
{ "type": "Feature", "properties": { "内容": "蔵えもん【特定福祉用具販売】大阪府大阪市生野区舎利寺2-14-2", "url": "https://www.kaigokensaku.mhlw.go.jp/27/index.php?action_kouhyou_detail_004_kani=true&JigyosyoCd=2772206864-00&ServiceCd=410&Type=search", "url2": null }, "geometry": { "type": "Point", "coordinates": [ 135.5396785, 34.6487644 ] } },
{ "type": "Feature", "properties": { "内容": "ファストケアサービス福祉用具【特定福祉用具販売】大阪市生野区新今里1-20-2", "url": "https://www.kaigokensaku.mhlw.go.jp/27/index.php?action_kouhyou_detail_004_kani=true&JigyosyoCd=2772202343-00&ServiceCd=410&Type=search", "url2": "http://fastcare.co.jp" }, "geometry": { "type": "Point", "coordinates": [ 135.544964899999968, 34.6625363 ] } },
{ "type": "Feature", "properties": { "内容": "有限会社　ぺズロ【特定福祉用具販売】大阪市生野区桃谷四丁目１２－１８", "url": "https://www.kaigokensaku.mhlw.go.jp/27/index.php?action_kouhyou_detail_004_kani=true&JigyosyoCd=2772200651-00&ServiceCd=410&Type=search", "url2": null }, "geometry": { "type": "Point", "coordinates": [ 135.536396400000058, 34.6594087 ] } },
{ "type": "Feature", "properties": { "内容": "生野介護サービス【特定福祉用具販売】大阪市生野区勝山北三丁目8番23号", "url": "https://www.kaigokensaku.mhlw.go.jp/27/index.php?action_kouhyou_detail_004_kani=true&JigyosyoCd=2772200404-00&ServiceCd=410&Type=search", "url2": null }, "geometry": { "type": "Point", "coordinates": [ 135.5329329, 34.6557007 ] } },
{ "type": "Feature", "properties": { "内容": "和田建設株式会社【特定福祉用具販売】田島４－３－２", "url": "https://www.kaigokensaku.mhlw.go.jp/27/index.php?action_kouhyou_detail_004_kani=true&JigyosyoCd=2772203515-00&ServiceCd=410&Type=search", "url2": null }, "geometry": { "type": "Point", "coordinates": [ 135.5401135, 34.6468438 ] } },
{ "type": "Feature", "properties": { "内容": "福祉用具のクラシック【特定福祉用具販売】大阪府大阪市生野区巽南3-11-26メゾンドール巽南802", "url": "https://www.kaigokensaku.mhlw.go.jp/27/index.php?action_kouhyou_detail_004_kani=true&JigyosyoCd=2772208654-00&ServiceCd=410&Type=search", "url2": null }, "geometry": { "type": "Point", "coordinates": [ 135.551324600000015, 34.640224600000018 ] } },
{ "type": "Feature", "properties": { "内容": "福祉用具はれ【特定福祉用具販売】小路東4-148", "url": "https://www.kaigokensaku.mhlw.go.jp/27/index.php?action_kouhyou_detail_004_kani=true&JigyosyoCd=2772207680-00&ServiceCd=410&Type=search", "url2": null }, "geometry": { "type": "Point", "coordinates": [ 135.5576302, 34.6572591 ] } },
{ "type": "Feature", "properties": { "内容": "テラソマ建設株式会社【特定福祉用具販売】林寺3-10-29", "url": "https://www.kaigokensaku.mhlw.go.jp/27/index.php?action_kouhyou_detail_004_kani=true&JigyosyoCd=2772202293-00&ServiceCd=410&Type=search", "url2": "info＠terasoma．com" }, "geometry": { "type": "Point", "coordinates": [ 135.533201600000012, 34.6446195 ] } },
{ "type": "Feature", "properties": { "内容": "ニック株式会社大阪生野営業所【特定福祉用具販売】大阪府大阪市生野区巽中2-5-27", "url": "https://www.kaigokensaku.mhlw.go.jp/27/index.php?action_kouhyou_detail_004_kani=true&JigyosyoCd=2772203317-00&ServiceCd=410&Type=search", "url2": "http://www.nick-corp.com" }, "geometry": { "type": "Point", "coordinates": [ 135.549377567536908, 34.648641320664034 ] } },
{ "type": "Feature", "properties": { "内容": "株式会社　ウィズ　ショールーム【特定福祉用具販売】大阪市旭区森小路2-2-13", "url": "https://www.kaigokensaku.mhlw.go.jp/27/index.php?action_kouhyou_detail_004_kani=true&JigyosyoCd=2773100140-00&ServiceCd=410&Type=search", "url2": "http://www.hello-with.com" }, "geometry": { "type": "Point", "coordinates": [ 135.549355198147623, 34.722891920686344 ] } },
{ "type": "Feature", "properties": { "内容": "牧ふくし用具【特定福祉用具販売】大阪市旭区清水４丁目２番２２号", "url": "https://www.kaigokensaku.mhlw.go.jp/27/index.php?action_kouhyou_detail_004_kani=true&JigyosyoCd=2773100488-00&ServiceCd=410&Type=search", "url2": "http://www.maki-group.jp" }, "geometry": { "type": "Point", "coordinates": [ 135.562612599999966, 34.7205886 ] } },
{ "type": "Feature", "properties": { "内容": "ダイキチレントオール大阪支店【特定福祉用具販売】大阪府大阪市旭区新森三丁目５番２号ファースト新森壱番館１階", "url": "https://www.kaigokensaku.mhlw.go.jp/27/index.php?action_kouhyou_detail_004_kani=true&JigyosyoCd=2773103722-00&ServiceCd=410&Type=search", "url2": "https://fukushiyogu.daikichi-rentall.co.jp/" }, "geometry": { "type": "Point", "coordinates": [ 135.553298500000011, 34.7211616 ] } },
{ "type": "Feature", "properties": { "内容": "福祉用具ウェリナ【特定福祉用具販売】大阪府大阪市旭区高殿4-22-22ジョイテル高殿611号室", "url": "https://www.kaigokensaku.mhlw.go.jp/27/index.php?action_kouhyou_detail_004_kani=true&JigyosyoCd=2773104027-00&ServiceCd=410&Type=search", "url2": null }, "geometry": { "type": "Point", "coordinates": [ 135.5461106, 34.7157252 ] } },
{ "type": "Feature", "properties": { "内容": "福祉用具楓【特定福祉用具販売】大阪府大阪市旭区千林一丁目1番7号ドゥエリング千林商店街105号室", "url": "https://www.kaigokensaku.mhlw.go.jp/27/index.php?action_kouhyou_detail_004_kani=true&JigyosyoCd=2773104183-00&ServiceCd=410&Type=search", "url2": null }, "geometry": { "type": "Point", "coordinates": [ 135.5515567, 34.7237264 ] } },
{ "type": "Feature", "properties": { "内容": "介護用品リク【特定福祉用具販売】大阪府大阪市旭区新森2-1-25ピュア新森201号室", "url": "https://www.kaigokensaku.mhlw.go.jp/27/index.php?action_kouhyou_detail_004_kani=true&JigyosyoCd=2773104225-00&ServiceCd=410&Type=search", "url2": null }, "geometry": { "type": "Point", "coordinates": [ 135.5515776, 34.7188477 ] } },
{ "type": "Feature", "properties": { "内容": "福祉用具貸与事業所すてぃっく【特定福祉用具販売】高殿6丁目14-20高殿東ビル2F", "url": "https://www.kaigokensaku.mhlw.go.jp/27/index.php?action_kouhyou_detail_004_kani=true&JigyosyoCd=2773104118-00&ServiceCd=410&Type=search", "url2": "https://m-miro.jp/" }, "geometry": { "type": "Point", "coordinates": [ 135.546820700000012, 34.717873399999981 ] } },
{ "type": "Feature", "properties": { "内容": "まもるレンタルサポート【特定福祉用具販売】大阪府大阪市城東区鴫野西5丁目15番21号", "url": "https://www.kaigokensaku.mhlw.go.jp/27/index.php?action_kouhyou_detail_004_kani=true&JigyosyoCd=2774404814-00&ServiceCd=410&Type=search", "url2": null }, "geometry": { "type": "Point", "coordinates": [ 135.545624700000019, 34.691026 ] } },
{ "type": "Feature", "properties": { "内容": "アビリティーズ・ケアネット株式会社　大阪営業所【特定福祉用具販売】大阪府大阪市城東区成育二丁目１６番１５号", "url": "https://www.kaigokensaku.mhlw.go.jp/27/index.php?action_kouhyou_detail_004_kani=true&JigyosyoCd=2774401257-00&ServiceCd=410&Type=search", "url2": "http://www.abilities.jp/" }, "geometry": { "type": "Point", "coordinates": [ 135.546232983128334, 34.710967351236398 ] } },
{ "type": "Feature", "properties": { "内容": "株式会社　ヤマシタ　大阪中央営業所【特定福祉用具販売】大阪府大阪市城東区今福南1-8-13", "url": "https://www.kaigokensaku.mhlw.go.jp/27/index.php?action_kouhyou_detail_004_kani=true&JigyosyoCd=2774403279-00&ServiceCd=410&Type=search", "url2": "https://www.yco.co.jp/" }, "geometry": { "type": "Point", "coordinates": [ 135.5475735, 34.697402 ] } },
{ "type": "Feature", "properties": { "内容": "社会医療法人大道会　レンタルケアおおみち【特定福祉用具販売】大阪府大阪市城東区森之宮2丁目森之宮第2団地6号棟102号", "url": "https://www.kaigokensaku.mhlw.go.jp/27/index.php?action_kouhyou_detail_004_kani=true&JigyosyoCd=2774401851-00&ServiceCd=410&Type=search", "url2": "https://www.omichikai.or.jp/welfare_care/facility/rentalcare" }, "geometry": { "type": "Point", "coordinates": [ 135.538661440475522, 34.685565043821633 ] } },
{ "type": "Feature", "properties": { "内容": "社会福祉法人　慶生会ライフサポート城東【特定福祉用具販売】大阪府大阪市城東区永田3-6-2布亀深江橋ビル201", "url": "https://www.kaigokensaku.mhlw.go.jp/27/index.php?action_kouhyou_detail_004_kani=true&JigyosyoCd=2774404640-00&ServiceCd=410&Type=search", "url2": "https://kyouseikai.org/service/fukushi-yogu/" }, "geometry": { "type": "Point", "coordinates": [ 135.5553998, 34.6832684 ] } },
{ "type": "Feature", "properties": { "内容": "たろうレンタル【特定福祉用具販売】成育3-17-1811号室", "url": "https://www.kaigokensaku.mhlw.go.jp/27/index.php?action_kouhyou_detail_004_kani=true&JigyosyoCd=2774404657-00&ServiceCd=410&Type=search", "url2": null }, "geometry": { "type": "Point", "coordinates": [ 135.5438201, 34.7084474 ] } },
{ "type": "Feature", "properties": { "内容": "ライフマーク阿倍野【特定福祉用具販売】大阪市阿倍野区西田辺町1丁目12番12号", "url": "https://www.kaigokensaku.mhlw.go.jp/27/index.php?action_kouhyou_detail_004_kani=true&JigyosyoCd=2772302291-00&ServiceCd=410&Type=search", "url2": "http://www.ueroku.jp/" }, "geometry": { "type": "Point", "coordinates": [ 135.516515600000048, 34.6191853 ] } },
{ "type": "Feature", "properties": { "内容": "パナソニックエイジフリーショップ　あべの【特定福祉用具販売】大阪府大阪市阿倍野区王子町四丁目3番25号", "url": "https://www.kaigokensaku.mhlw.go.jp/27/index.php?action_kouhyou_detail_004_kani=true&JigyosyoCd=2772303117-00&ServiceCd=410&Type=search", "url2": "https://www.lease-kogyo.com/" }, "geometry": { "type": "Point", "coordinates": [ 135.509449600000039, 34.627451 ] } },
{ "type": "Feature", "properties": { "内容": "スコップ【特定福祉用具販売】大阪府大阪市阿倍野区昭和町1-7-26", "url": "https://www.kaigokensaku.mhlw.go.jp/27/index.php?action_kouhyou_detail_004_kani=true&JigyosyoCd=2772303786-00&ServiceCd=410&Type=search", "url2": null }, "geometry": { "type": "Point", "coordinates": [ 135.518485240744127, 34.634108998481878 ] } },
{ "type": "Feature", "properties": { "内容": "株式会社　アミィアミィ介護サービスあべの用具【特定福祉用具販売】大阪市阿倍野区阿倍野筋3丁目10番1号123ｰ2号あべのベルタ1階", "url": "https://www.kaigokensaku.mhlw.go.jp/27/index.php?action_kouhyou_detail_004_kani=true&JigyosyoCd=2772302747-00&ServiceCd=410&Type=search", "url2": "http//www.ami-kaigo.co.jp" }, "geometry": { "type": "Point", "coordinates": [ 135.511421399999989, 34.6425126 ] } },
{ "type": "Feature", "properties": { "内容": "バディーズケア阿倍野【特定福祉用具販売】大阪府大阪市阿倍野区昭和町5-4-28", "url": "https://www.kaigokensaku.mhlw.go.jp/27/index.php?action_kouhyou_detail_004_kani=true&JigyosyoCd=2772303653-00&ServiceCd=410&Type=search", "url2": "https://buddyz-care.co.jp/" }, "geometry": { "type": "Point", "coordinates": [ 135.5156935, 34.6239133 ] } },
{ "type": "Feature", "properties": { "内容": "キリン介護センター【特定福祉用具販売】阪南町1-16-27", "url": "https://www.kaigokensaku.mhlw.go.jp/27/index.php?action_kouhyou_detail_004_kani=true&JigyosyoCd=2772301988-00&ServiceCd=410&Type=search", "url2": null }, "geometry": { "type": "Point", "coordinates": [ 135.5148791, 34.6373654 ] } },
{ "type": "Feature", "properties": { "内容": "ゆうとっぷケア【特定福祉用具販売】大阪府大阪市阿倍野区桃ケ池町1-14-33桃ヶ池マンション103号", "url": "https://www.kaigokensaku.mhlw.go.jp/27/index.php?action_kouhyou_detail_004_kani=true&JigyosyoCd=2772302481-00&ServiceCd=410&Type=search", "url2": null }, "geometry": { "type": "Point", "coordinates": [ 135.5188066, 34.627948 ] } },
{ "type": "Feature", "properties": { "内容": "テイショウ福祉用具センター【特定福祉用具販売】大阪府大阪市阿倍野区王子町四丁目３番１３ハイツ道野－１０４号", "url": "https://www.kaigokensaku.mhlw.go.jp/27/index.php?action_kouhyou_detail_004_kani=true&JigyosyoCd=2772303943-00&ServiceCd=410&Type=search", "url2": "https://teisyosangyo.co.jp/" }, "geometry": { "type": "Point", "coordinates": [ 135.509527200000036, 34.626836900000022 ] } },
{ "type": "Feature", "properties": { "内容": "介護ショップモモタン【特定福祉用具販売】大阪府大阪市阿倍野区天王寺町北１丁目８番４７－４２３号", "url": "https://www.kaigokensaku.mhlw.go.jp/27/index.php?action_kouhyou_detail_004_kani=true&JigyosyoCd=2772304339-00&ServiceCd=410&Type=search", "url2": null }, "geometry": { "type": "Point", "coordinates": [ 135.5209984, 34.645382 ] } },
{ "type": "Feature", "properties": { "内容": "ケアサービス阿倍野りんごの里【特定福祉用具販売】大阪府大阪市阿倍野区王子町1丁目4番15号", "url": "https://www.kaigokensaku.mhlw.go.jp/27/index.php?action_kouhyou_detail_004_kani=true&JigyosyoCd=2772301426-00&ServiceCd=410&Type=search", "url2": "https://www.care-abeno.com/" }, "geometry": { "type": "Point", "coordinates": [ 135.510504965606742, 34.636038074460544 ] } },
{ "type": "Feature", "properties": { "内容": "有限会社　創愛【特定福祉用具販売】大阪府大阪市阿倍野区天王寺町南3-12-22", "url": "https://www.kaigokensaku.mhlw.go.jp/27/index.php?action_kouhyou_detail_004_kani=true&JigyosyoCd=2772300360-00&ServiceCd=410&Type=search", "url2": null }, "geometry": { "type": "Point", "coordinates": [ 135.526461700000027, 34.639283 ] } },
{ "type": "Feature", "properties": { "内容": "花福祉用具【特定福祉用具販売】大阪府大阪市阿倍野区昭和町2-3-3101号", "url": "https://www.kaigokensaku.mhlw.go.jp/27/index.php?action_kouhyou_detail_004_kani=true&JigyosyoCd=2772304354-00&ServiceCd=410&Type=search", "url2": "https://harikyuu.grupo.jp/" }, "geometry": { "type": "Point", "coordinates": [ 135.519649100000038, 34.6320943 ] } },
{ "type": "Feature", "properties": { "内容": "霞草【特定福祉用具販売】大阪府大阪市住吉区長居2丁目4-1-203", "url": "https://www.kaigokensaku.mhlw.go.jp/27/index.php?action_kouhyou_detail_004_kani=true&JigyosyoCd=2772006157-00&ServiceCd=410&Type=search", "url2": null }, "geometry": { "type": "Point", "coordinates": [ 135.511386800000054, 34.6131876 ] } },
{ "type": "Feature", "properties": { "内容": "福祉用具レンタル・販売はじめ【特定福祉用具販売】大阪府大阪市住吉区苅田8丁目12-2マンション華105号・103号", "url": "https://www.kaigokensaku.mhlw.go.jp/27/index.php?action_kouhyou_detail_004_kani=true&JigyosyoCd=2772004343-00&ServiceCd=410&Type=search", "url2": "https://hajime-1.co.jp" }, "geometry": { "type": "Point", "coordinates": [ 135.5185017, 34.597962800000026 ] } },
{ "type": "Feature", "properties": { "内容": "楽しみケアレンタル【特定福祉用具販売】大阪府大阪市住吉区山之内2-4-17", "url": "https://www.kaigokensaku.mhlw.go.jp/27/index.php?action_kouhyou_detail_004_kani=true&JigyosyoCd=2772003485-00&ServiceCd=410&Type=search", "url2": "https://www.tanosimi.jp" }, "geometry": { "type": "Point", "coordinates": [ 135.502811400000013, 34.5963038 ] } },
{ "type": "Feature", "properties": { "内容": "有限会社ＱＯＬぷらす・わん【特定福祉用具販売】大阪府大阪市住吉区帝塚山中4-1-23", "url": "https://www.kaigokensaku.mhlw.go.jp/27/index.php?action_kouhyou_detail_004_kani=true&JigyosyoCd=2772001133-00&ServiceCd=410&Type=search", "url2": null }, "geometry": { "type": "Point", "coordinates": [ 135.4999239, 34.619613200000025 ] } },
{ "type": "Feature", "properties": { "内容": "ミシマケアレンタル【特定福祉用具販売】大阪府大阪市東住吉区矢田三丁目7番9-102号", "url": "https://www.kaigokensaku.mhlw.go.jp/27/index.php?action_kouhyou_detail_004_kani=true&JigyosyoCd=2770804231-00&ServiceCd=410&Type=search", "url2": null }, "geometry": { "type": "Point", "coordinates": [ 135.5287678, 34.6053069 ] } },
{ "type": "Feature", "properties": { "内容": "株式会社　ヤマシタ　東住吉営業所【特定福祉用具販売】大阪府大阪市東住吉区杭全7丁目5番8", "url": "https://www.kaigokensaku.mhlw.go.jp/27/index.php?action_kouhyou_detail_004_kani=true&JigyosyoCd=2770805634-00&ServiceCd=410&Type=search", "url2": "https://www.yco.co.jp/" }, "geometry": { "type": "Point", "coordinates": [ 135.539204, 34.633856 ] } },
{ "type": "Feature", "properties": { "内容": "ケアふらっと東住吉【特定福祉用具販売】大阪府大阪市東住吉区田辺二丁目7番21号ロイヤル田辺101号", "url": "https://www.kaigokensaku.mhlw.go.jp/27/index.php?action_kouhyou_detail_004_kani=true&JigyosyoCd=2770807259-00&ServiceCd=410&Type=search", "url2": "https://grab-kaigo.com/" }, "geometry": { "type": "Point", "coordinates": [ 135.525914662565611, 34.625113618284963 ] } },
{ "type": "Feature", "properties": { "内容": "ケアショップハル長居公園店【特定福祉用具販売】大阪府大阪市東住吉区公園南矢田1-4-10", "url": "https://www.kaigokensaku.mhlw.go.jp/27/index.php?action_kouhyou_detail_004_kani=true&JigyosyoCd=2770803993-00&ServiceCd=410&Type=search", "url2": null }, "geometry": { "type": "Point", "coordinates": [ 135.523628799999983, 34.6072229 ] } },
{ "type": "Feature", "properties": { "内容": "有限会社　かざみ【特定福祉用具販売】大阪府大阪市東住吉区鷹合2丁目11-24", "url": "https://www.kaigokensaku.mhlw.go.jp/27/index.php?action_kouhyou_detail_004_kani=true&JigyosyoCd=2770803001-00&ServiceCd=410&Type=search", "url2": null }, "geometry": { "type": "Point", "coordinates": [ 135.5326409, 34.6135284 ] } },
{ "type": "Feature", "properties": { "内容": "ケア２１ライフプラス大阪南【特定福祉用具販売】大阪市東住吉区田辺二丁目１１番４３号", "url": "https://www.kaigokensaku.mhlw.go.jp/27/index.php?action_kouhyou_detail_004_kani=true&JigyosyoCd=2770802698-00&ServiceCd=410&Type=search", "url2": "https://www.care21.co.jp/service/rental/lifeplus" }, "geometry": { "type": "Point", "coordinates": [ 135.5279395, 34.6252264 ] } },
{ "type": "Feature", "properties": { "内容": "リビングアイ【特定福祉用具販売】大阪市東住吉区駒川5-15-3", "url": "https://www.kaigokensaku.mhlw.go.jp/27/index.php?action_kouhyou_detail_004_kani=true&JigyosyoCd=2770800221-00&ServiceCd=410&Type=search", "url2": "http://livingeye.co.jp" }, "geometry": { "type": "Point", "coordinates": [ 135.532513102446728, 34.617985663273132 ] } },
{ "type": "Feature", "properties": { "内容": "有限会社りんごの木【特定福祉用具販売】大阪府大阪市東住吉区南田辺三丁目１９番１６号", "url": "https://www.kaigokensaku.mhlw.go.jp/27/index.php?action_kouhyou_detail_004_kani=true&JigyosyoCd=2770800304-00&ServiceCd=410&Type=search", "url2": "http://www.club-ringo.com" }, "geometry": { "type": "Point", "coordinates": [ 135.5262114, 34.61935110000001 ] } },
{ "type": "Feature", "properties": { "内容": "コージツハウス【特定福祉用具販売】大阪府大阪市東住吉区杭全2-11-8", "url": "https://www.kaigokensaku.mhlw.go.jp/27/index.php?action_kouhyou_detail_004_kani=true&JigyosyoCd=2770807481-00&ServiceCd=410&Type=search", "url2": "http://www.kozitsuhouse.co.jp/" }, "geometry": { "type": "Point", "coordinates": [ 135.537425899999988, 34.6372397 ] } },
{ "type": "Feature", "properties": { "内容": "ナンクルナイサァーさんぐわ【特定福祉用具販売】大阪市西成区南津守3丁目3番22号マンションアサノⅡ　502号", "url": "https://www.kaigokensaku.mhlw.go.jp/27/index.php?action_kouhyou_detail_004_kani=true&JigyosyoCd=2773311275-00&ServiceCd=410&Type=search", "url2": "https://nankr.net/" }, "geometry": { "type": "Point", "coordinates": [ 135.484466, 34.6333416 ] } },
{ "type": "Feature", "properties": { "内容": "福祉用具のこころ【特定福祉用具販売】大阪府大阪市西成区玉出西2丁目4-11Groove玉出駅前BLDG7F", "url": "https://www.kaigokensaku.mhlw.go.jp/27/index.php?action_kouhyou_detail_004_kani=true&JigyosyoCd=2773311366-00&ServiceCd=410&Type=search", "url2": "https://basis-biz.co.jp/" }, "geometry": { "type": "Point", "coordinates": [ 135.490193, 34.624050199999985 ] } },
{ "type": "Feature", "properties": { "内容": "介護ショップＦＵＲＡ【特定福祉用具販売】大阪府大阪市西成区橘二丁目4番20号", "url": "https://www.kaigokensaku.mhlw.go.jp/27/index.php?action_kouhyou_detail_004_kani=true&JigyosyoCd=2773306630-00&ServiceCd=410&Type=search", "url2": "http://www.fura.biz/" }, "geometry": { "type": "Point", "coordinates": [ 135.490428899999984, 34.6392329 ] } },
{ "type": "Feature", "properties": { "内容": "ケアショップころ助【特定福祉用具販売】大阪府大阪市西成区鶴見橋2丁目5番11号", "url": "https://www.kaigokensaku.mhlw.go.jp/27/index.php?action_kouhyou_detail_004_kani=true&JigyosyoCd=2773309089-00&ServiceCd=410&Type=search", "url2": null }, "geometry": { "type": "Point", "coordinates": [ 135.491745174222388, 34.646398605521114 ] } },
{ "type": "Feature", "properties": { "内容": "クレアケア【特定福祉用具販売】大阪府大阪市西成区岸里東2-15-13", "url": "https://www.kaigokensaku.mhlw.go.jp/27/index.php?action_kouhyou_detail_004_kani=true&JigyosyoCd=2773308149-00&ServiceCd=410&Type=search", "url2": "https://www.newvillage.jp/" }, "geometry": { "type": "Point", "coordinates": [ 135.4953754, 34.6301429 ] } },
{ "type": "Feature", "properties": { "内容": "福祉用具優宝【特定福祉用具販売】大阪府大阪市西成区南津守七丁目4番12号開成サンハイツ玉出103号", "url": "https://www.kaigokensaku.mhlw.go.jp/27/index.php?action_kouhyou_detail_004_kani=true&JigyosyoCd=2773308982-00&ServiceCd=410&Type=search", "url2": "https://atcompany.jp/unityforoverjoy/" }, "geometry": { "type": "Point", "coordinates": [ 135.486283848293681, 34.62283538322361 ] } },
{ "type": "Feature", "properties": { "内容": "フィットレンタルサービス【特定福祉用具販売】大阪府大阪市西成区鶴見橋１丁目１５番１８号", "url": "https://www.kaigokensaku.mhlw.go.jp/27/index.php?action_kouhyou_detail_004_kani=true&JigyosyoCd=2773302860-00&ServiceCd=410&Type=search", "url2": "https://sirius-kaigo.com/" }, "geometry": { "type": "Point", "coordinates": [ 135.493995, 34.6453238 ] } },
{ "type": "Feature", "properties": { "内容": "シェア・スマイル【特定福祉用具販売】大阪府大阪市西成区岸里1丁目4番15号1Aエクセレント大豊", "url": "https://www.kaigokensaku.mhlw.go.jp/27/index.php?action_kouhyou_detail_004_kani=true&JigyosyoCd=2773310764-00&ServiceCd=410&Type=search", "url2": null }, "geometry": { "type": "Point", "coordinates": [ 135.494516114649969, 34.635361873735967 ] } },
{ "type": "Feature", "properties": { "内容": "壷山木工所【特定福祉用具販売】大阪市西成区松2-8-6壷山木工所", "url": "https://www.kaigokensaku.mhlw.go.jp/27/index.php?action_kouhyou_detail_004_kani=true&JigyosyoCd=2773307554-00&ServiceCd=410&Type=search", "url2": "https://ttn-net.com/" }, "geometry": { "type": "Point", "coordinates": [ 135.491113399999989, 34.6405313 ] } },
{ "type": "Feature", "properties": { "内容": "ナニワ福祉用具サービス【特定福祉用具販売】大阪府大阪市西成区鶴見橋１－４－３３", "url": "https://www.kaigokensaku.mhlw.go.jp/27/index.php?action_kouhyou_detail_004_kani=true&JigyosyoCd=2773302498-00&ServiceCd=410&Type=search", "url2": null }, "geometry": { "type": "Point", "coordinates": [ 135.496112487310825, 34.646041739283646 ] } },
{ "type": "Feature", "properties": { "内容": "株式会社SPROUT【特定福祉用具販売】大阪府大阪市西成区潮路１丁目１番３９０２号", "url": "https://www.kaigokensaku.mhlw.go.jp/27/index.php?action_kouhyou_detail_004_kani=true&JigyosyoCd=2773308099-00&ServiceCd=410&Type=search", "url2": null }, "geometry": { "type": "Point", "coordinates": [ 135.494416769311528, 34.637606018120486 ] } },
{ "type": "Feature", "properties": { "内容": "ユウゲンガイシャアスナロ【特定福祉用具販売】大阪府大阪市西成区長橋3-2-7あすなろケアセンター", "url": "https://www.kaigokensaku.mhlw.go.jp/27/index.php?action_kouhyou_detail_004_kani=true&JigyosyoCd=2773311515-00&ServiceCd=410&Type=search", "url2": null }, "geometry": { "type": "Point", "coordinates": [ 135.490073599999988, 34.647882600000017 ] } },
{ "type": "Feature", "properties": { "内容": "Weアーク【特定福祉用具販売】大阪府大阪市淀川区西中島6-8-5NLC新大阪スカイビル604", "url": "https://www.kaigokensaku.mhlw.go.jp/27/index.php?action_kouhyou_detail_004_kani=true&JigyosyoCd=2779105903-00&ServiceCd=410&Type=search", "url2": null }, "geometry": { "type": "Point", "coordinates": [ 135.4951111, 34.7279479 ] } },
{ "type": "Feature", "properties": { "内容": "ライフサポートアドニス【特定福祉用具販売】大阪市淀川区新北野二丁目11番19号　1・2階", "url": "https://www.kaigokensaku.mhlw.go.jp/27/index.php?action_kouhyou_detail_004_kani=true&JigyosyoCd=2779102660-00&ServiceCd=410&Type=search", "url2": null }, "geometry": { "type": "Point", "coordinates": [ 135.476669899999933, 34.7143319 ] } },
{ "type": "Feature", "properties": { "内容": "ケア２１ライフプラス大阪北【特定福祉用具販売】大阪市淀川区十三元今里１ー９ー６", "url": "https://www.kaigokensaku.mhlw.go.jp/27/index.php?action_kouhyou_detail_004_kani=true&JigyosyoCd=2779102256-00&ServiceCd=410&Type=search", "url2": "https://www.care21.co.jp/service/rental/lifeplus" }, "geometry": { "type": "Point", "coordinates": [ 135.4753005, 34.7169204 ] } },
{ "type": "Feature", "properties": { "内容": "株式会社　三笑堂　新大阪支店【特定福祉用具販売】大阪市淀川区加島一丁目56-12", "url": "https://www.kaigokensaku.mhlw.go.jp/27/index.php?action_kouhyou_detail_004_kani=true&JigyosyoCd=2779101845-00&ServiceCd=410&Type=search", "url2": "http://www.sanshodoh.co.jp/" }, "geometry": { "type": "Point", "coordinates": [ 135.460951799999947, 34.7278409 ] } },
{ "type": "Feature", "properties": { "内容": "生活ぷらす【特定福祉用具販売】大阪府大阪市淀川区東三国２丁目37-5東三国ビル", "url": "https://www.kaigokensaku.mhlw.go.jp/27/index.php?action_kouhyou_detail_004_kani=true&JigyosyoCd=2779105812-00&ServiceCd=410&Type=search", "url2": "https://miraiseikatsu.jp/" }, "geometry": { "type": "Point", "coordinates": [ 135.498805200000021, 34.742289300000017 ] } },
{ "type": "Feature", "properties": { "内容": "福祉用具リヤン【特定福祉用具販売】大阪府大阪市淀川区三津屋北２丁目６－１０", "url": "https://www.kaigokensaku.mhlw.go.jp/27/index.php?action_kouhyou_detail_004_kani=true&JigyosyoCd=2779105879-00&ServiceCd=410&Type=search", "url2": null }, "geometry": { "type": "Point", "coordinates": [ 135.4703266, 34.7293972 ] } },
{ "type": "Feature", "properties": { "内容": "株式会社フォロー【特定福祉用具販売】大阪府大阪市淀川区東三国5丁目13番12号グレイスフル第3東三国", "url": "https://www.kaigokensaku.mhlw.go.jp/27/index.php?action_kouhyou_detail_004_kani=true&JigyosyoCd=2779105408-00&ServiceCd=410&Type=search", "url2": "https://5iff6.hp.peraichi.com/" }, "geometry": { "type": "Point", "coordinates": [ 135.4934696, 34.741867 ] } },
{ "type": "Feature", "properties": { "内容": "ニック株式会社大阪淀川営業所【特定福祉用具販売】大阪府大阪市淀川区木川東4丁目17-9ライオンズマンション新大阪第6　105号室", "url": "https://www.kaigokensaku.mhlw.go.jp/27/index.php?action_kouhyou_detail_004_kani=true&JigyosyoCd=2779105598-00&ServiceCd=410&Type=search", "url2": "https://www.nick-corp.com/" }, "geometry": { "type": "Point", "coordinates": [ 135.4895981, 34.7285687 ] } },
{ "type": "Feature", "properties": { "内容": "福祉用具レンタルはぐみ【特定福祉用具販売】大阪府大阪市淀川区西中島4-13-22大拓ビル17　5F", "url": "https://www.kaigokensaku.mhlw.go.jp/27/index.php?action_kouhyou_detail_004_kani=true&JigyosyoCd=2779105317-00&ServiceCd=410&Type=search", "url2": null }, "geometry": { "type": "Point", "coordinates": [ 135.4948226, 34.7274883 ] } },
{ "type": "Feature", "properties": { "内容": "ダスキンヘルスレント鶴見ステーション【特定福祉用具販売】大阪市鶴見区鶴見４丁目１５番１０号", "url": "https://www.kaigokensaku.mhlw.go.jp/27/index.php?action_kouhyou_detail_004_kani=true&JigyosyoCd=2779200720-00&ServiceCd=410&Type=search", "url2": "http://healthrent.duskin.jp" }, "geometry": { "type": "Point", "coordinates": [ 135.564574, 34.7041153 ] } },
{ "type": "Feature", "properties": { "内容": "医療福祉生協おおさか　福祉用具レンタルつるみ【特定福祉用具販売】大阪府大阪市鶴見区鶴見三丁目6番24号本部ビル１Ｆ", "url": "https://www.kaigokensaku.mhlw.go.jp/27/index.php?action_kouhyou_detail_004_kani=true&JigyosyoCd=2779202031-00&ServiceCd=410&Type=search", "url2": null }, "geometry": { "type": "Point", "coordinates": [ 135.563365800000042, 34.7026015 ] } },
{ "type": "Feature", "properties": { "内容": "株式会社アエル介護事業部【特定福祉用具販売】大阪市鶴見区緑１丁目１５番１７号", "url": "https://www.kaigokensaku.mhlw.go.jp/27/index.php?action_kouhyou_detail_004_kani=true&JigyosyoCd=2779200845-00&ServiceCd=410&Type=search", "url2": "http://www.kaigo-aeru.co.jp/" }, "geometry": { "type": "Point", "coordinates": [ 135.562646099999938, 34.7139337 ] } },
{ "type": "Feature", "properties": { "内容": "福祉用具ステーションふるけあ【特定福祉用具販売】大阪府大阪市鶴見区放出東3-9-11飯田文化1階2号室", "url": "https://www.kaigokensaku.mhlw.go.jp/27/index.php?action_kouhyou_detail_004_kani=true&JigyosyoCd=2779203039-00&ServiceCd=410&Type=search", "url2": null }, "geometry": { "type": "Point", "coordinates": [ 135.5621467, 34.6892848 ] } },
{ "type": "Feature", "properties": { "内容": "福祉用具貸与・販売事業所フルライフサポート【特定福祉用具販売】大阪府大阪市住之江区粉浜3丁目11-12RESORTBOXB号室", "url": "https://www.kaigokensaku.mhlw.go.jp/27/index.php?action_kouhyou_detail_004_kani=true&JigyosyoCd=2775904374-00&ServiceCd=410&Type=search", "url2": null }, "geometry": { "type": "Point", "coordinates": [ 135.488456899999989, 34.6148176 ] } },
{ "type": "Feature", "properties": { "内容": "ルピナス【特定福祉用具販売】大阪府大阪市住之江区西住之江2-13-17松栄住之江ビル６F", "url": "https://www.kaigokensaku.mhlw.go.jp/27/index.php?action_kouhyou_detail_004_kani=true&JigyosyoCd=2775904382-00&ServiceCd=410&Type=search", "url2": null }, "geometry": { "type": "Point", "coordinates": [ 135.4834715, 34.602920100000034 ] } },
{ "type": "Feature", "properties": { "内容": "パナソニックエイジフリーショップ　住之江【特定福祉用具販売】大阪府大阪市住之江区北加賀屋一丁目1番22号", "url": "https://www.kaigokensaku.mhlw.go.jp/27/index.php?action_kouhyou_detail_004_kani=true&JigyosyoCd=2775900695-00&ServiceCd=410&Type=search", "url2": "https://www.lease-kogyo.com/" }, "geometry": { "type": "Point", "coordinates": [ 135.480708, 34.6249455 ] } },
{ "type": "Feature", "properties": { "内容": "わか介護福祉用具サービス【特定福祉用具販売】大阪府大阪市住之江区中加賀屋2-6-7シャトーABC4階", "url": "https://www.kaigokensaku.mhlw.go.jp/27/index.php?action_kouhyou_detail_004_kani=true&JigyosyoCd=2775902865-00&ServiceCd=410&Type=search", "url2": "https://nico-group.co.jp" }, "geometry": { "type": "Point", "coordinates": [ 135.481477022533056, 34.616952625577952 ] } },
{ "type": "Feature", "properties": { "内容": "ダスキンヘルスレント住之江ステーション【特定福祉用具販売】大阪市住之江区緑木２－５－５３", "url": "https://www.kaigokensaku.mhlw.go.jp/27/index.php?action_kouhyou_detail_004_kani=true&JigyosyoCd=2775901602-00&ServiceCd=410&Type=search", "url2": "http://healthrent.duskin.jp" }, "geometry": { "type": "Point", "coordinates": [ 135.471761799999967, 34.6150881 ] } },
{ "type": "Feature", "properties": { "内容": "介護ショップひまわり大阪店【特定福祉用具販売】大阪府大阪市住之江区西加賀屋3丁目11番17号", "url": "https://www.kaigokensaku.mhlw.go.jp/27/index.php?action_kouhyou_detail_004_kani=true&JigyosyoCd=2775901685-00&ServiceCd=410&Type=search", "url2": "http://www.himawari200207.com/" }, "geometry": { "type": "Point", "coordinates": [ 135.476085309752307, 34.617284822741034 ] } },
{ "type": "Feature", "properties": { "内容": "ビリケン福祉用具【特定福祉用具販売】浜口東2-7-25橘ビル橘ビル", "url": "https://www.kaigokensaku.mhlw.go.jp/27/index.php?action_kouhyou_detail_004_kani=true&JigyosyoCd=2775902972-00&ServiceCd=410&Type=search", "url2": null }, "geometry": { "type": "Point", "coordinates": [ 135.4866941, 34.6107917 ] } },
{ "type": "Feature", "properties": { "内容": "ユサージュ【特定福祉用具販売】大阪府大阪市平野区瓜破西3-11-5エタニティ瓜破西", "url": "https://www.kaigokensaku.mhlw.go.jp/27/index.php?action_kouhyou_detail_004_kani=true&JigyosyoCd=2775809458-00&ServiceCd=410&Type=search", "url2": "https://www.eternity-life.co.jp" }, "geometry": { "type": "Point", "coordinates": [ 135.5456303, 34.6004389 ] } },
{ "type": "Feature", "properties": { "内容": "ライフマーク平野【特定福祉用具販売】大阪府大阪市平野区長吉六反3丁目3-5B号", "url": "https://www.kaigokensaku.mhlw.go.jp/27/index.php?action_kouhyou_detail_004_kani=true&JigyosyoCd=2775809086-00&ServiceCd=410&Type=search", "url2": "http://www.ueroku.jp/" }, "geometry": { "type": "Point", "coordinates": [ 135.5793869, 34.6041283 ] } },
{ "type": "Feature", "properties": { "内容": "パナソニックエイジフリーショップ平野【特定福祉用具販売】大阪府大阪市平野区長吉長原西2丁目1番23号", "url": "https://www.kaigokensaku.mhlw.go.jp/27/index.php?action_kouhyou_detail_004_kani=true&JigyosyoCd=2775806686-00&ServiceCd=410&Type=search", "url2": "http://sumai.panasonic.jp/agefree/shop/search/shop_detail.php?shop=936" }, "geometry": { "type": "Point", "coordinates": [ 135.565592599999945, 34.6059345 ] } },
{ "type": "Feature", "properties": { "内容": "フランスベッド株式会社　メディカル大阪南営業所【特定福祉用具販売】大阪府大阪市平野区流町4丁目15-20", "url": "https://www.kaigokensaku.mhlw.go.jp/27/index.php?action_kouhyou_detail_004_kani=true&JigyosyoCd=2775803055-00&ServiceCd=410&Type=search", "url2": "http://www.francebed.co.jp" }, "geometry": { "type": "Point", "coordinates": [ 135.555134800000019, 34.6166749 ] } },
{ "type": "Feature", "properties": { "内容": "株式会社キクマ電器【特定福祉用具販売】大阪市平野区長吉長原東3-7-10ユニ・アルス平野プレジオ101", "url": "https://www.kaigokensaku.mhlw.go.jp/27/index.php?action_kouhyou_detail_004_kani=true&JigyosyoCd=2775805902-00&ServiceCd=410&Type=search", "url2": null }, "geometry": { "type": "Point", "coordinates": [ 135.578063899999989, 34.6016741 ] } },
{ "type": "Feature", "properties": { "内容": "ダスキンヘルスレント平野ステーション【特定福祉用具販売】大阪府大阪市平野区長吉長原西２－７－３", "url": "https://www.kaigokensaku.mhlw.go.jp/27/index.php?action_kouhyou_detail_004_kani=true&JigyosyoCd=2775807999-00&ServiceCd=410&Type=search", "url2": "https://healthrent.duskin.jp/" }, "geometry": { "type": "Point", "coordinates": [ 135.566517299999987, 34.6045903 ] } },
{ "type": "Feature", "properties": { "内容": "介護ショップひまわり平野店【特定福祉用具販売】大阪府大阪市平野区西脇一丁目17-32", "url": "https://www.kaigokensaku.mhlw.go.jp/27/index.php?action_kouhyou_detail_004_kani=true&JigyosyoCd=2775807874-00&ServiceCd=410&Type=search", "url2": "https://www.himawari200207.com/" }, "geometry": { "type": "Point", "coordinates": [ 135.543740188221705, 34.62957566317138 ] } },
{ "type": "Feature", "properties": { "内容": "感動ケアサービス【特定福祉用具販売】大阪府大阪市平野区平野西1丁目8番2号", "url": "https://www.kaigokensaku.mhlw.go.jp/27/index.php?action_kouhyou_detail_004_kani=true&JigyosyoCd=2775806033-00&ServiceCd=410&Type=search", "url2": null }, "geometry": { "type": "Point", "coordinates": [ 135.540910480576628, 34.619627683148472 ] } },
{ "type": "Feature", "properties": { "内容": "シニアライフ株式会社　アステップ【特定福祉用具販売】大阪府大阪市平野区長吉川辺3-17-11東野N-Style　C号", "url": "https://www.kaigokensaku.mhlw.go.jp/27/index.php?action_kouhyou_detail_004_kani=true&JigyosyoCd=2775807239-00&ServiceCd=410&Type=search", "url2": null }, "geometry": { "type": "Point", "coordinates": [ 135.578047, 34.594786 ] } },
{ "type": "Feature", "properties": { "内容": "ユニバ-サル電機西販売株式会社【特定福祉用具販売】大阪市平野区喜連西5-1-4", "url": "https://www.kaigokensaku.mhlw.go.jp/27/index.php?action_kouhyou_detail_004_kani=true&JigyosyoCd=2775802792-00&ServiceCd=410&Type=search", "url2": null }, "geometry": { "type": "Point", "coordinates": [ 135.5471561, 34.6164564 ] } },
{ "type": "Feature", "properties": { "内容": "福祉用具じゃむの家【特定福祉用具販売】大阪府大阪市平野区平野本町4-8-13207", "url": "https://www.kaigokensaku.mhlw.go.jp/27/index.php?action_kouhyou_detail_004_kani=true&JigyosyoCd=2775809102-00&ServiceCd=410&Type=search", "url2": null }, "geometry": { "type": "Point", "coordinates": [ 135.55349860000004, 34.6223978 ] } },
{ "type": "Feature", "properties": { "内容": "株式会社フロンティア大阪東営業所【特定福祉用具販売】大阪府大阪市平野区加美正覚寺3-8-30", "url": "https://www.kaigokensaku.mhlw.go.jp/27/index.php?action_kouhyou_detail_004_kani=true&JigyosyoCd=2775808849-00&ServiceCd=410&Type=search", "url2": "https://www.frontier-ph.com" }, "geometry": { "type": "Point", "coordinates": [ 135.564156200000014, 34.6314196 ] } },
{ "type": "Feature", "properties": { "内容": "株式会社トーカイ大阪南営業所【特定福祉用具販売】大阪府大阪市平野区平野馬場1丁目6番12号", "url": "https://www.kaigokensaku.mhlw.go.jp/27/index.php?action_kouhyou_detail_004_kani=true&JigyosyoCd=2775804277-00&ServiceCd=410&Type=search", "url2": "https://www.tokai-corp.com" }, "geometry": { "type": "Point", "coordinates": [ 135.548395798811271, 34.633687542207277 ] } },
{ "type": "Feature", "properties": { "内容": "らいむ福祉用具サービス【特定福祉用具販売】大阪市北区豊崎6-7-4", "url": "https://www.kaigokensaku.mhlw.go.jp/27/index.php?action_kouhyou_detail_004_kani=true&JigyosyoCd=2774104265-00&ServiceCd=410&Type=search", "url2": null }, "geometry": { "type": "Point", "coordinates": [ 135.5024081, 34.7154304 ] } },
{ "type": "Feature", "properties": { "内容": "SOMPOケア　関西福祉用具【特定福祉用具販売】大阪府大阪市北区天満橋一丁目８番３０号OAPタワー５F", "url": "https://www.kaigokensaku.mhlw.go.jp/27/index.php?action_kouhyou_detail_004_kani=true&JigyosyoCd=2774103366-00&ServiceCd=410&Type=search", "url2": "https://www.sompocare.com/service/zaitaku/fukushiyougu/Z000797" }, "geometry": { "type": "Point", "coordinates": [ 135.519745899999947, 34.7000661 ] } },
{ "type": "Feature", "properties": { "内容": "ユアーズ福祉用具貸与事業所【特定福祉用具販売】大阪府大阪市北区本庄東２‐２‐２５クリエイト天八ビル7Ｆ", "url": "https://www.kaigokensaku.mhlw.go.jp/27/index.php?action_kouhyou_detail_004_kani=true&JigyosyoCd=2774103150-00&ServiceCd=410&Type=search", "url2": "http://www.yours-clear.com" }, "geometry": { "type": "Point", "coordinates": [ 135.510407200000031, 34.7145378 ] } },
{ "type": "Feature", "properties": { "内容": "フランスベッド株式会社　メディカル大阪営業所【特定福祉用具販売】大阪府大阪市北区天神橋　6-3-16朝日生命天六ビル　1F", "url": "https://www.kaigokensaku.mhlw.go.jp/27/index.php?action_kouhyou_detail_004_kani=true&JigyosyoCd=2774101923-00&ServiceCd=410&Type=search", "url2": "http://www.francebed.co.jp/" }, "geometry": { "type": "Point", "coordinates": [ 135.512182, 34.7103157 ] } },
{ "type": "Feature", "properties": { "内容": "グッドライフケア福祉用具大阪【特定福祉用具販売】大阪府大阪市北区紅梅町1-6カザリーノビル6階", "url": "https://www.kaigokensaku.mhlw.go.jp/27/index.php?action_kouhyou_detail_004_kani=true&JigyosyoCd=2774103036-00&ServiceCd=410&Type=search", "url2": "https://goodlifecare.co.jp/" }, "geometry": { "type": "Point", "coordinates": [ 135.51395279999997, 34.6985709 ] } },
{ "type": "Feature", "properties": { "内容": "フランスベッド株式会社　メディカル大阪東営業所【特定福祉用具販売】大阪府大阪市中央区森ノ宮中央1丁目23番5号ビルテマビル1階2階", "url": "https://www.kaigokensaku.mhlw.go.jp/27/index.php?action_kouhyou_detail_004_kani=true&JigyosyoCd=2779403480-00&ServiceCd=410&Type=search", "url2": "https://www.francebed.co.jp/" }, "geometry": { "type": "Point", "coordinates": [ 135.53117, 34.6780663 ] } },
{ "type": "Feature", "properties": { "内容": "MYY福祉用具【特定福祉用具販売】大阪府大阪市中央区本町３丁目１番１０号PMOEX本町13階", "url": "https://www.kaigokensaku.mhlw.go.jp/27/index.php?action_kouhyou_detail_004_kani=true&JigyosyoCd=2779404132-00&ServiceCd=410&Type=search", "url2": null }, "geometry": { "type": "Point", "coordinates": [ 135.5002019, 34.689101 ] } },
{ "type": "Feature", "properties": { "内容": "株式会社　サンワード商会【特定福祉用具販売】大阪市中央区本町2丁目3番9号JPS本町ビルディング　6F", "url": "https://www.kaigokensaku.mhlw.go.jp/27/index.php?action_kouhyou_detail_004_kani=true&JigyosyoCd=2779400718-00&ServiceCd=410&Type=search", "url2": "http://www.sunward-ltd.com" }, "geometry": { "type": "Point", "coordinates": [ 135.505148500000018, 34.6833278 ] } },
{ "type": "Feature", "properties": { "内容": "メディエイト福祉用具事業所【特定福祉用具販売】大阪府大阪市中央区本町橋2-16AXIS本町橋YKビル8階", "url": "https://www.kaigokensaku.mhlw.go.jp/27/index.php?action_kouhyou_detail_004_kani=true&JigyosyoCd=2779402623-00&ServiceCd=410&Type=search", "url2": "http://medyate.info/" }, "geometry": { "type": "Point", "coordinates": [ 135.5114398, 34.6837225 ] } },
{ "type": "Feature", "properties": { "内容": "西川株式会社／ネーブルハウス大阪事業所【特定福祉用具販売】大阪府大阪市中央区久太郎町1-6-29JRE堺筋本町スクエア11階", "url": "https://www.kaigokensaku.mhlw.go.jp/27/index.php?action_kouhyou_detail_004_kani=true&JigyosyoCd=2779404009-00&ServiceCd=410&Type=search", "url2": "https://nablehouse.co.jp" }, "geometry": { "type": "Point", "coordinates": [ 135.5081705, 34.681353 ] } },
{ "type": "Feature", "properties": { "内容": "オリーブの里【特定福祉用具販売】大阪市中央区大阪市中央区森ノ宮中央1-6-19305", "url": "https://www.kaigokensaku.mhlw.go.jp/27/index.php?action_kouhyou_detail_004_kani=true&JigyosyoCd=2779402177-00&ServiceCd=410&Type=search", "url2": null }, "geometry": { "type": "Point", "coordinates": [ 135.52753, 34.6774953 ] } },
{ "type": "Feature", "properties": { "内容": "アプリシェイト福祉用具ステーション関西【特定福祉用具販売】大阪府大阪市中央区久太郎町二丁目2番7号山口興産堺筋ビル7階", "url": "https://www.kaigokensaku.mhlw.go.jp/27/index.php?action_kouhyou_detail_004_kani=true&JigyosyoCd=2779403449-00&ServiceCd=410&Type=search", "url2": null }, "geometry": { "type": "Point", "coordinates": [ 135.505676099999988, 34.6804649 ] } },
{ "type": "Feature", "properties": { "内容": "福祉用具センターぼく、れん太【特定福祉用具販売】大阪府大阪市中央区東心斎橋一丁目7番22号メゾン・デ・ノムラ702号", "url": "https://www.kaigokensaku.mhlw.go.jp/27/index.php?action_kouhyou_detail_004_kani=true&JigyosyoCd=2779404413-00&ServiceCd=410&Type=search", "url2": null }, "geometry": { "type": "Point", "coordinates": [ 135.5045897, 34.6732419 ] } },
{ "type": "Feature", "properties": { "内容": "やすらぎの介護シャローム【特定福祉用具販売】大阪府堺市堺区大仙中町6-2", "url": "https://www.kaigokensaku.mhlw.go.jp/27/index.php?action_kouhyou_detail_004_kani=true&JigyosyoCd=2776004687-00&ServiceCd=410&Type=search", "url2": "https://kaigo-shalom.co.jp/" }, "geometry": { "type": "Point", "coordinates": [ 135.4790396, 34.5623899 ] } },
{ "type": "Feature", "properties": { "内容": "ケアショップ　柴【特定福祉用具販売】大阪府堺市堺区三国ケ丘町1-1-37103", "url": "https://www.kaigokensaku.mhlw.go.jp/27/index.php?action_kouhyou_detail_004_kani=true&JigyosyoCd=2776004083-00&ServiceCd=410&Type=search", "url2": null }, "geometry": { "type": "Point", "coordinates": [ 135.4927596, 34.5652884 ] } },
{ "type": "Feature", "properties": { "内容": "パナソニックエイジフリーショップ　堺【特定福祉用具販売】大阪府堺市堺区旭ヶ丘北町二丁2番5号", "url": "https://www.kaigokensaku.mhlw.go.jp/27/index.php?action_kouhyou_detail_004_kani=true&JigyosyoCd=2776000545-00&ServiceCd=410&Type=search", "url2": "https://www.lease-kogyo.com/" }, "geometry": { "type": "Point", "coordinates": [ 135.4763653, 34.5607215 ] } },
{ "type": "Feature", "properties": { "内容": "ダスキンヘルスレント堺ステーション【特定福祉用具販売】大阪府堺市堺区熊野町西3-1-1", "url": "https://www.kaigokensaku.mhlw.go.jp/27/index.php?action_kouhyou_detail_004_kani=true&JigyosyoCd=2770103998-00&ServiceCd=410&Type=search", "url2": "http：//healthrent,duskin.jp/" }, "geometry": { "type": "Point", "coordinates": [ 135.472399, 34.5801874 ] } },
{ "type": "Feature", "properties": { "内容": "福祉用具そらまめ【特定福祉用具販売】大阪府堺市堺区向陵東町３丁６－３２サンロワール中百舌鳥１B", "url": "https://www.kaigokensaku.mhlw.go.jp/27/index.php?action_kouhyou_detail_004_kani=true&JigyosyoCd=2776003259-00&ServiceCd=410&Type=search", "url2": "https://sora2525.com/" }, "geometry": { "type": "Point", "coordinates": [ 135.499987399999981, 34.562244 ] } },
{ "type": "Feature", "properties": { "内容": "堺北介護福祉総合企画【特定福祉用具販売】堺市堺区向陵東町３丁８番４６号カズトビル3階", "url": "https://www.kaigokensaku.mhlw.go.jp/27/index.php?action_kouhyou_detail_004_kani=true&JigyosyoCd=2770104905-00&ServiceCd=410&Type=search", "url2": "https://www.digres.co.jp/" }, "geometry": { "type": "Point", "coordinates": [ 135.4995572, 34.5607554 ] } },
{ "type": "Feature", "properties": { "内容": "ひかるケアサービス堺店【特定福祉用具販売】大阪府堺市堺区大浜南町3-1-13", "url": "https://www.kaigokensaku.mhlw.go.jp/27/index.php?action_kouhyou_detail_004_kani=true&JigyosyoCd=2776004067-00&ServiceCd=410&Type=search", "url2": "https://hikaru-care.com/" }, "geometry": { "type": "Point", "coordinates": [ 135.4593734, 34.5748839 ] } },
{ "type": "Feature", "properties": { "内容": "幸和ライフゼーション　堺【特定福祉用具販売】大阪府堺市堺区海山町3丁159番地1", "url": "https://www.kaigokensaku.mhlw.go.jp/27/index.php?action_kouhyou_detail_004_kani=true&JigyosyoCd=2776004208-00&ServiceCd=410&Type=search", "url2": null }, "geometry": { "type": "Point", "coordinates": [ 135.473304399999989, 34.5914599 ] } },
{ "type": "Feature", "properties": { "内容": "福祉用具レンタル・販売なでしこ【特定福祉用具販売】大阪府堺市堺区緑町２丁１２４番地２尾﨑文化西棟１０７号", "url": "https://www.kaigokensaku.mhlw.go.jp/27/index.php?action_kouhyou_detail_004_kani=true&JigyosyoCd=2776001170-00&ServiceCd=410&Type=search", "url2": "http://www.eonet.ne.jp/~yu-so" }, "geometry": { "type": "Point", "coordinates": [ 135.466994141664117, 34.598106945874498 ] } },
{ "type": "Feature", "properties": { "内容": "阪南倉庫(株)ヘルスケア事業部ゼロワンネーブルハウス【特定福祉用具販売】大阪府堺市堺区甲斐町西３丁３番１１号", "url": "https://www.kaigokensaku.mhlw.go.jp/27/index.php?action_kouhyou_detail_004_kani=true&JigyosyoCd=2770101455-00&ServiceCd=410&Type=search", "url2": "http://www.01nablehouse.com" }, "geometry": { "type": "Point", "coordinates": [ 135.470084899999961, 34.5796138 ] } },
{ "type": "Feature", "properties": { "内容": "指定居宅レンタルサービスケアプラス【特定福祉用具販売】大阪府堺市堺区向陵中町6丁6番1号", "url": "https://www.kaigokensaku.mhlw.go.jp/27/index.php?action_kouhyou_detail_004_kani=true&JigyosyoCd=2770101851-00&ServiceCd=410&Type=search", "url2": "http://www.syoukei-syouji.jp/business/index.html" }, "geometry": { "type": "Point", "coordinates": [ 135.495031916532866, 34.564339579034247 ] } },
{ "type": "Feature", "properties": { "内容": "有限会社南大阪リビング【特定福祉用具販売】堺市堺区南三国ヶ丘町2丁1番13号", "url": "https://www.kaigokensaku.mhlw.go.jp/27/index.php?action_kouhyou_detail_004_kani=true&JigyosyoCd=2770102479-00&ServiceCd=410&Type=search", "url2": "http://minamiosakaliving.co.jp" }, "geometry": { "type": "Point", "coordinates": [ 135.486617199999955, 34.5739065 ] } },
{ "type": "Feature", "properties": { "内容": "りんくの福祉用具【特定福祉用具販売】大阪府堺市堺区香ヶ丘町1-14-16但馬ビル102号", "url": "https://www.kaigokensaku.mhlw.go.jp/27/index.php?action_kouhyou_detail_004_kani=true&JigyosyoCd=2776004000-00&ServiceCd=410&Type=search", "url2": "https://link-line.co.jp/" }, "geometry": { "type": "Point", "coordinates": [ 135.493018400000011, 34.5875786 ] } },
{ "type": "Feature", "properties": { "内容": "黄色いステッキ【特定福祉用具販売】大阪府堺市堺区昭和通２丁３４番地１", "url": "https://www.kaigokensaku.mhlw.go.jp/27/index.php?action_kouhyou_detail_004_kani=true&JigyosyoCd=2776004711-00&ServiceCd=410&Type=search", "url2": null }, "geometry": { "type": "Point", "coordinates": [ 135.4643472, 34.5655922 ] } },
{ "type": "Feature", "properties": { "内容": "株式会社　新生社【特定福祉用具販売】大阪府堺市堺区戎之町西１丁１番３０号加藤均総合ビル内", "url": "https://www.kaigokensaku.mhlw.go.jp/27/index.php?action_kouhyou_detail_004_kani=true&JigyosyoCd=2776003697-00&ServiceCd=410&Type=search", "url2": "https://xn--efvn75ap6c.net/" }, "geometry": { "type": "Point", "coordinates": [ 135.474819599999989, 34.5800336 ] } },
{ "type": "Feature", "properties": { "内容": "株式会社たんぽぽ　堺店【特定福祉用具販売】大阪府堺市中区新家町304‐3㈱ケーエスケー内", "url": "https://www.kaigokensaku.mhlw.go.jp/27/index.php?action_kouhyou_detail_004_kani=true&JigyosyoCd=2776104164-00&ServiceCd=410&Type=search", "url2": "http://www.kktanpopo.com" }, "geometry": { "type": "Point", "coordinates": [ 135.508968, 34.5408266 ] } },
{ "type": "Feature", "properties": { "内容": "パーソンケア福祉用具センター【特定福祉用具販売】大阪府堺市中区土塔町3206番地1MKBase土塔町5号室", "url": "https://www.kaigokensaku.mhlw.go.jp/27/index.php?action_kouhyou_detail_004_kani=true&JigyosyoCd=2776100402-00&ServiceCd=410&Type=search", "url2": null }, "geometry": { "type": "Point", "coordinates": [ 135.510336700000011, 34.5352456 ] } },
{ "type": "Feature", "properties": { "内容": "パナソニックエイジフリーショップ　泉ヶ丘【特定福祉用具販売】大阪府堺市中区深阪二丁10番51号スプリングヒルズビル101号室", "url": "https://www.kaigokensaku.mhlw.go.jp/27/index.php?action_kouhyou_detail_004_kani=true&JigyosyoCd=2776103612-00&ServiceCd=410&Type=search", "url2": "https://www.lease-kogyo.com/" }, "geometry": { "type": "Point", "coordinates": [ 135.498028299999987, 34.5099507 ] } },
{ "type": "Feature", "properties": { "内容": "福祉用具事業所　グロウ【特定福祉用具販売】大阪府堺市中区深阪１-6-17ハイツあかしあ1号館102号室", "url": "https://www.kaigokensaku.mhlw.go.jp/27/index.php?action_kouhyou_detail_004_kani=true&JigyosyoCd=2776103307-00&ServiceCd=410&Type=search", "url2": "https://www.etlcfamily.co.jp/" }, "geometry": { "type": "Point", "coordinates": [ 135.5008047, 34.5132478 ] } },
{ "type": "Feature", "properties": { "内容": "株式会社ゴトウ・アズ・プランニング堺店【特定福祉用具販売】大阪府堺市中区深井北町3107番地", "url": "https://www.kaigokensaku.mhlw.go.jp/27/index.php?action_kouhyou_detail_004_kani=true&JigyosyoCd=2776103976-00&ServiceCd=410&Type=search", "url2": "https://www.goto-az.co.jp" }, "geometry": { "type": "Point", "coordinates": [ 135.4904953, 34.541806799999989 ] } },
{ "type": "Feature", "properties": { "内容": "企業組合　みらい工房【特定福祉用具販売】大阪府堺市中区土師町3-8-1コミュニティプラザ102号", "url": "https://www.kaigokensaku.mhlw.go.jp/27/index.php?action_kouhyou_detail_004_kani=true&JigyosyoCd=2776101269-00&ServiceCd=410&Type=search", "url2": null }, "geometry": { "type": "Point", "coordinates": [ 135.496477599999906, 34.5407437 ] } },
{ "type": "Feature", "properties": { "内容": "あゆみ介護センター【特定福祉用具販売】大阪府堺市中区八田北町３９６番地", "url": "https://www.kaigokensaku.mhlw.go.jp/27/index.php?action_kouhyou_detail_004_kani=true&JigyosyoCd=2770103899-00&ServiceCd=410&Type=search", "url2": null }, "geometry": { "type": "Point", "coordinates": [ 135.489736900000025, 34.5253536 ] } },
{ "type": "Feature", "properties": { "内容": "ケアショップハル堺店【特定福祉用具販売】大阪府堺市中区東山918-2", "url": "https://www.kaigokensaku.mhlw.go.jp/27/index.php?action_kouhyou_detail_004_kani=true&JigyosyoCd=2776103844-00&ServiceCd=410&Type=search", "url2": null }, "geometry": { "type": "Point", "coordinates": [ 135.5100831, 34.5173711 ] } },
{ "type": "Feature", "properties": { "内容": "有限会社　阪南メディカル【特定福祉用具販売】堺市中区深井北町3100-3スカイスイート101号", "url": "https://www.kaigokensaku.mhlw.go.jp/27/index.php?action_kouhyou_detail_004_kani=true&JigyosyoCd=2770102115-00&ServiceCd=410&Type=search", "url2": null }, "geometry": { "type": "Point", "coordinates": [ 135.4906718, 34.5419451 ] } },
{ "type": "Feature", "properties": { "内容": "ＧＲ福祉用具【特定福祉用具販売】大阪府堺市中区土師町４丁２５－９", "url": "https://www.kaigokensaku.mhlw.go.jp/27/index.php?action_kouhyou_detail_004_kani=true&JigyosyoCd=2776103935-00&ServiceCd=410&Type=search", "url2": null }, "geometry": { "type": "Point", "coordinates": [ 135.502552964024346, 34.535104450979823 ] } },
{ "type": "Feature", "properties": { "内容": "ココネスライフサポート【特定福祉用具販売】大阪府堺市中区深井清水町3604バッハレジデンス深井305号", "url": "https://www.kaigokensaku.mhlw.go.jp/27/index.php?action_kouhyou_detail_004_kani=true&JigyosyoCd=2776102663-00&ServiceCd=410&Type=search", "url2": "https://sites.google.com/view/coconess-life/" }, "geometry": { "type": "Point", "coordinates": [ 135.4938372, 34.5310526 ] } },
{ "type": "Feature", "properties": { "内容": "ふたばレンタル【特定福祉用具販売】大阪府堺市中区平井３１４", "url": "https://www.kaigokensaku.mhlw.go.jp/27/index.php?action_kouhyou_detail_004_kani=true&JigyosyoCd=2776103596-00&ServiceCd=410&Type=search", "url2": "https://nakamura-shinryosho.jp/kaigo/" }, "geometry": { "type": "Point", "coordinates": [ 135.499635352392573, 34.52000002512365 ] } },
{ "type": "Feature", "properties": { "内容": "株式会社フロンティア　堺営業所【特定福祉用具販売】大阪府堺市中区深井中町509番地2", "url": "https://www.kaigokensaku.mhlw.go.jp/27/index.php?action_kouhyou_detail_004_kani=true&JigyosyoCd=2776101632-00&ServiceCd=410&Type=search", "url2": "http://www.frontier-ph.com/main.cgi" }, "geometry": { "type": "Point", "coordinates": [ 135.494822637434396, 34.536211048483096 ] } },
{ "type": "Feature", "properties": { "内容": "ケア・サポート・サービス南大阪【特定福祉用具販売】大阪府堺市東区中茶屋1-38", "url": "https://www.kaigokensaku.mhlw.go.jp/27/index.php?action_kouhyou_detail_004_kani=true&JigyosyoCd=2770107759-00&ServiceCd=410&Type=search", "url2": null }, "geometry": { "type": "Point", "coordinates": [ 135.527111200000036, 34.5293369 ] } },
{ "type": "Feature", "properties": { "内容": "介護ショップヘルシーライフ南大阪支店【特定福祉用具販売】大阪府堺市東区北野田128-11-B号室", "url": "https://www.kaigokensaku.mhlw.go.jp/27/index.php?action_kouhyou_detail_004_kani=true&JigyosyoCd=2776201127-00&ServiceCd=410&Type=search", "url2": "http://www.go-kenko.jp/" }, "geometry": { "type": "Point", "coordinates": [ 135.54274, 34.5257779 ] } },
{ "type": "Feature", "properties": { "内容": "福祉用具ライフホープ【特定福祉用具販売】大阪府堺市西区鳳中町9丁5-17", "url": "https://www.kaigokensaku.mhlw.go.jp/27/index.php?action_kouhyou_detail_004_kani=true&JigyosyoCd=2776303758-00&ServiceCd=410&Type=search", "url2": "https://www.lifehope.jp/" }, "geometry": { "type": "Point", "coordinates": [ 135.4531151, 34.5332793 ] } },
{ "type": "Feature", "properties": { "内容": "ワノミ【特定福祉用具販売】大阪府堺市西区鳳中町4-93-2-105", "url": "https://www.kaigokensaku.mhlw.go.jp/27/index.php?action_kouhyou_detail_004_kani=true&JigyosyoCd=2776302826-00&ServiceCd=410&Type=search", "url2": null }, "geometry": { "type": "Point", "coordinates": [ 135.458099695891576, 34.531816105951854 ] } },
{ "type": "Feature", "properties": { "内容": "株式会社　三笑堂　堺支店【特定福祉用具販売】大阪府堺市西区浜寺船尾町東3丁336", "url": "https://www.kaigokensaku.mhlw.go.jp/27/index.php?action_kouhyou_detail_004_kani=true&JigyosyoCd=2770106371-00&ServiceCd=410&Type=search", "url2": "http://www.sanshodoh.co.jp/" }, "geometry": { "type": "Point", "coordinates": [ 135.46080280000001, 34.5488141 ] } },
{ "type": "Feature", "properties": { "内容": "すみれの家介護サービス【特定福祉用具販売】堺市西区山田二丁189-8", "url": "https://www.kaigokensaku.mhlw.go.jp/27/index.php?action_kouhyou_detail_004_kani=true&JigyosyoCd=2776303170-00&ServiceCd=410&Type=search", "url2": null }, "geometry": { "type": "Point", "coordinates": [ 135.466651486508198, 34.50397355080986 ] } },
{ "type": "Feature", "properties": { "内容": "かいごSHOPひまわり【特定福祉用具販売】大阪府堺市西区鳳南町5丁600-1", "url": "https://www.kaigokensaku.mhlw.go.jp/27/index.php?action_kouhyou_detail_004_kani=true&JigyosyoCd=2776303493-00&ServiceCd=410&Type=search", "url2": null }, "geometry": { "type": "Point", "coordinates": [ 135.4625167, 34.5276343 ] } },
{ "type": "Feature", "properties": { "内容": "ペガサス在宅サービスセンター【特定福祉用具販売】大阪府堺市西区浜寺石津町西１丁2−７", "url": "https://www.kaigokensaku.mhlw.go.jp/27/index.php?action_kouhyou_detail_004_kani=true&JigyosyoCd=2776302339-00&ServiceCd=410&Type=search", "url2": "http://windhorse.or.jp/" }, "geometry": { "type": "Point", "coordinates": [ 135.454703599999988, 34.5623975 ] } },
{ "type": "Feature", "properties": { "内容": "川村義肢株式会社　大阪南営業所【特定福祉用具販売】大阪府堺市西区鳳南町4-434", "url": "https://www.kaigokensaku.mhlw.go.jp/27/index.php?action_kouhyou_detail_004_kani=true&JigyosyoCd=2770102172-00&ServiceCd=410&Type=search", "url2": "http://www.kawamura-gishi.co.jp" }, "geometry": { "type": "Point", "coordinates": [ 135.462281, 34.528261 ] } },
{ "type": "Feature", "properties": { "内容": "K2福祉用具サービス【特定福祉用具販売】大阪府堺市西区浜寺昭和町2-277-7", "url": "https://www.kaigokensaku.mhlw.go.jp/27/index.php?action_kouhyou_detail_004_kani=true&JigyosyoCd=2776303584-00&ServiceCd=410&Type=search", "url2": null }, "geometry": { "type": "Point", "coordinates": [ 135.4479031, 34.5424713 ] } },
{ "type": "Feature", "properties": { "内容": "万福【特定福祉用具販売】大阪府堺市西区草部291番地3シャンテⅠ　203", "url": "https://www.kaigokensaku.mhlw.go.jp/27/index.php?action_kouhyou_detail_004_kani=true&JigyosyoCd=2776303295-00&ServiceCd=410&Type=search", "url2": null }, "geometry": { "type": "Point", "coordinates": [ 135.4649182, 34.5220082 ] } },
{ "type": "Feature", "properties": { "内容": "指定居宅レンタルサービスケアライフ【特定福祉用具販売】大阪府堺市西区浜寺石津町西２丁１番６号", "url": "https://www.kaigokensaku.mhlw.go.jp/27/index.php?action_kouhyou_detail_004_kani=true&JigyosyoCd=2770100994-00&ServiceCd=410&Type=search", "url2": "http://www.care-life.co.jp" }, "geometry": { "type": "Point", "coordinates": [ 135.454111300000022, 34.5615208 ] } },
{ "type": "Feature", "properties": { "内容": "ハウジング工房エムツー株式会社【特定福祉用具販売】大阪府堺市南区和田486", "url": "https://www.kaigokensaku.mhlw.go.jp/27/index.php?action_kouhyou_detail_004_kani=true&JigyosyoCd=2776400273-00&ServiceCd=410&Type=search", "url2": "http://m2haujingu.com/" }, "geometry": { "type": "Point", "coordinates": [ 135.493875900000035, 34.5084996 ] } },
{ "type": "Feature", "properties": { "内容": "シンフォニーケア【特定福祉用具販売】大阪府堺市南区高倉台2丁8-12F", "url": "https://www.kaigokensaku.mhlw.go.jp/27/index.php?action_kouhyou_detail_004_kani=true&JigyosyoCd=2776402030-00&ServiceCd=410&Type=search", "url2": null }, "geometry": { "type": "Point", "coordinates": [ 135.52086397098472, 34.494084297602072 ] } },
{ "type": "Feature", "properties": { "内容": "ハートフルサンク【特定福祉用具販売】大阪府堺市南区桃山台3-1-3", "url": "https://www.kaigokensaku.mhlw.go.jp/27/index.php?action_kouhyou_detail_004_kani=true&JigyosyoCd=2770101570-00&ServiceCd=410&Type=search", "url2": null }, "geometry": { "type": "Point", "coordinates": [ 135.48586750000004, 34.4914357 ] } },
{ "type": "Feature", "properties": { "内容": "株式会社andはちふく【特定福祉用具販売】大阪府堺市北区南花田町57-6", "url": "https://www.kaigokensaku.mhlw.go.jp/27/index.php?action_kouhyou_detail_004_kani=true&JigyosyoCd=2776503704-00&ServiceCd=410&Type=search", "url2": null }, "geometry": { "type": "Point", "coordinates": [ 135.5293523, 34.5751644 ] } },
{ "type": "Feature", "properties": { "内容": "フランスベッド株式会社　メディカル堺営業所【特定福祉用具販売】大阪府堺市北区黒土町3000-3", "url": "https://www.kaigokensaku.mhlw.go.jp/27/index.php?action_kouhyou_detail_004_kani=true&JigyosyoCd=2776503225-00&ServiceCd=410&Type=search", "url2": "https://medical.francebed.co.jp/" }, "geometry": { "type": "Point", "coordinates": [ 135.50193010000001, 34.5620545 ] } },
{ "type": "Feature", "properties": { "内容": "ＮＩＣＯＬＩＮＥ【特定福祉用具販売】大阪府堺市北区百舌鳥陵南町二丁700-101", "url": "https://www.kaigokensaku.mhlw.go.jp/27/index.php?action_kouhyou_detail_004_kani=true&JigyosyoCd=2776502292-00&ServiceCd=410&Type=search", "url2": "http://nicoline.co.jp/" }, "geometry": { "type": "Point", "coordinates": [ 135.489823398147593, 34.545954870373265 ] } },
{ "type": "Feature", "properties": { "内容": "株式会社　アスティ【特定福祉用具販売】大阪府堺市北区長曽根町3000番地22", "url": "https://www.kaigokensaku.mhlw.go.jp/27/index.php?action_kouhyou_detail_004_kani=true&JigyosyoCd=2776503555-00&ServiceCd=410&Type=search", "url2": null }, "geometry": { "type": "Point", "coordinates": [ 135.504257935581961, 34.56481600810077 ] } },
{ "type": "Feature", "properties": { "内容": "アドヴァン福祉用具センター【特定福祉用具販売】大阪府堺市北区東三国ヶ丘町5丁5番2号", "url": "https://www.kaigokensaku.mhlw.go.jp/27/index.php?action_kouhyou_detail_004_kani=true&JigyosyoCd=2776502268-00&ServiceCd=410&Type=search", "url2": "http://advangift.com/" }, "geometry": { "type": "Point", "coordinates": [ 135.500926899999968, 34.5695934 ] } },
{ "type": "Feature", "properties": { "内容": "１つの魔法【特定福祉用具販売】大阪府堺市北区金岡町707番地", "url": "https://www.kaigokensaku.mhlw.go.jp/27/index.php?action_kouhyou_detail_004_kani=true&JigyosyoCd=2776502631-00&ServiceCd=410&Type=search", "url2": "https://www.mone2012.co.jp/" }, "geometry": { "type": "Point", "coordinates": [ 135.519175, 34.5606752 ] } },
{ "type": "Feature", "properties": { "内容": "株式会社ヤマシタ　堺営業所【特定福祉用具販売】大阪府堺市北区金岡町3001番地3", "url": "https://www.kaigokensaku.mhlw.go.jp/27/index.php?action_kouhyou_detail_004_kani=true&JigyosyoCd=2776503316-00&ServiceCd=410&Type=search", "url2": "https://www.yco.co.jp/" }, "geometry": { "type": "Point", "coordinates": [ 135.513516683467088, 34.56255850121125 ] } },
{ "type": "Feature", "properties": { "内容": "株式会社　リンク【特定福祉用具販売】大阪府堺市北区百舌鳥西之町2丁597番地2", "url": "https://www.kaigokensaku.mhlw.go.jp/27/index.php?action_kouhyou_detail_004_kani=true&JigyosyoCd=2776500973-00&ServiceCd=410&Type=search", "url2": "https://kklink.co.jp/" }, "geometry": { "type": "Point", "coordinates": [ 135.492297399999984, 34.5487789 ] } },
{ "type": "Feature", "properties": { "内容": "株式会社愛安住　堺営業所【特定福祉用具販売】大阪府堺市北区金岡町1988寿マンションⅡ号館101号", "url": "https://www.kaigokensaku.mhlw.go.jp/27/index.php?action_kouhyou_detail_004_kani=true&JigyosyoCd=2776502599-00&ServiceCd=410&Type=search", "url2": "http://www.aianju.co.jp" }, "geometry": { "type": "Point", "coordinates": [ 135.518088300000045, 34.5518433 ] } },
{ "type": "Feature", "properties": { "内容": "ケアふらっと【特定福祉用具販売】大阪府堺市北区船堂町2-23-6MTクレスホームⅡ　102号室", "url": "https://www.kaigokensaku.mhlw.go.jp/27/index.php?action_kouhyou_detail_004_kani=true&JigyosyoCd=2776503068-00&ServiceCd=410&Type=search", "url2": "https://grab-kaigo.com/" }, "geometry": { "type": "Point", "coordinates": [ 135.5220213, 34.5788913 ] } },
{ "type": "Feature", "properties": { "内容": "モリサキ家具　株式会社【特定福祉用具販売】大阪府堺市北区東浅香山町2-335", "url": "https://www.kaigokensaku.mhlw.go.jp/27/index.php?action_kouhyou_detail_004_kani=true&JigyosyoCd=2770103691-00&ServiceCd=410&Type=search", "url2": null }, "geometry": { "type": "Point", "coordinates": [ 135.508216, 34.5831498 ] } },
{ "type": "Feature", "properties": { "内容": "株式会社トーカイ堺営業所【特定福祉用具販売】大阪府堺市北区百舌鳥陵南町3丁26番1", "url": "https://www.kaigokensaku.mhlw.go.jp/27/index.php?action_kouhyou_detail_004_kani=true&JigyosyoCd=2770104939-00&ServiceCd=410&Type=search", "url2": "http://www.tokai-corp.com" }, "geometry": { "type": "Point", "coordinates": [ 135.490708700000027, 34.5446794 ] } },
{ "type": "Feature", "properties": { "内容": "株式会社　ヤエス　大阪営業所【特定福祉用具販売】大阪府堺市北区長曽根町１２１２番地３", "url": "https://www.kaigokensaku.mhlw.go.jp/27/index.php?action_kouhyou_detail_004_kani=true&JigyosyoCd=2770105324-00&ServiceCd=410&Type=search", "url2": null }, "geometry": { "type": "Point", "coordinates": [ 135.507717800000023, 34.5664106 ] } },
{ "type": "Feature", "properties": { "内容": "ウィズユー【特定福祉用具販売】大阪府堺市北区船堂町２丁１０", "url": "https://www.kaigokensaku.mhlw.go.jp/27/index.php?action_kouhyou_detail_004_kani=true&JigyosyoCd=2776502235-00&ServiceCd=410&Type=search", "url2": "http://www.wakachi-withyou.com/about.php" }, "geometry": { "type": "Point", "coordinates": [ 135.521445792156442, 34.579132663053734 ] } },
{ "type": "Feature", "properties": { "内容": "エムケアサポート【特定福祉用具販売】大阪府堺市美原区平尾2447-1ビハーラ仲本", "url": "https://www.kaigokensaku.mhlw.go.jp/27/index.php?action_kouhyou_detail_004_kani=true&JigyosyoCd=2776600369-00&ServiceCd=410&Type=search", "url2": null }, "geometry": { "type": "Point", "coordinates": [ 135.5712915, 34.529212 ] } },
{ "type": "Feature", "properties": { "内容": "（有）ニコニコドラッグ介護事業部【特定福祉用具販売】堺市美原区北余部40-30", "url": "https://www.kaigokensaku.mhlw.go.jp/27/index.php?action_kouhyou_detail_004_kani=true&JigyosyoCd=2770107262-00&ServiceCd=410&Type=search", "url2": "https://www.eaglenikoniko.com" }, "geometry": { "type": "Point", "coordinates": [ 135.543624312303081, 34.537500077822706 ] } },
{ "type": "Feature", "properties": { "内容": "有限会社ソウシン福祉用具貸与事業所【特定福祉用具販売】大阪府堺市美原区今井77番地4", "url": "https://www.kaigokensaku.mhlw.go.jp/27/index.php?action_kouhyou_detail_004_kani=true&JigyosyoCd=2770107296-00&ServiceCd=410&Type=search", "url2": null }, "geometry": { "type": "Point", "coordinates": [ 135.553169499999967, 34.5531704 ] } },
{ "type": "Feature", "properties": { "内容": "有限会社ケアサービスエス・ビー二十一【特定福祉用具販売】大阪府堺市美原区小平尾211-1", "url": "https://www.kaigokensaku.mhlw.go.jp/27/index.php?action_kouhyou_detail_004_kani=true&JigyosyoCd=2770107270-00&ServiceCd=410&Type=search", "url2": null }, "geometry": { "type": "Point", "coordinates": [ 135.572196416542226, 34.536539466834554 ] } },
{ "type": "Feature", "properties": { "内容": "アンティーク合同会社【特定福祉用具販売】大阪府岸和田市畑町3-18-3", "url": "https://www.kaigokensaku.mhlw.go.jp/27/index.php?action_kouhyou_detail_004_kani=true&JigyosyoCd=2771105315-00&ServiceCd=410&Type=search", "url2": "https://reformandtake.wixsite.com/kaigo" }, "geometry": { "type": "Point", "coordinates": [ 135.387693, 34.4405599 ] } },
{ "type": "Feature", "properties": { "内容": "エイト【特定福祉用具販売】大阪府岸和田市箕土路町2-8-14", "url": "https://www.kaigokensaku.mhlw.go.jp/27/index.php?action_kouhyou_detail_004_kani=true&JigyosyoCd=2771104722-00&ServiceCd=410&Type=search", "url2": null }, "geometry": { "type": "Point", "coordinates": [ 135.408456300000012, 34.4736706 ] } },
{ "type": "Feature", "properties": { "内容": "ばらの木【特定福祉用具販売】大阪府岸和田市作才町1丁目6番6号2階", "url": "https://www.kaigokensaku.mhlw.go.jp/27/index.php?action_kouhyou_detail_004_kani=true&JigyosyoCd=2771103385-00&ServiceCd=410&Type=search", "url2": "http://www.baranoki.jp" }, "geometry": { "type": "Point", "coordinates": [ 135.383961399999976, 34.4548991 ] } },
{ "type": "Feature", "properties": { "内容": "いちむじん医療介護相談室【特定福祉用具販売】加守町2-7-13アークビル301", "url": "https://www.kaigokensaku.mhlw.go.jp/27/index.php?action_kouhyou_detail_004_kani=true&JigyosyoCd=2771105000-00&ServiceCd=410&Type=search", "url2": null }, "geometry": { "type": "Point", "coordinates": [ 135.3849247, 34.4724126 ] } },
{ "type": "Feature", "properties": { "内容": "プラスワンケア岸和田事業所【特定福祉用具販売】大阪府岸和田市岸城町4-20", "url": "https://www.kaigokensaku.mhlw.go.jp/27/index.php?action_kouhyou_detail_004_kani=true&JigyosyoCd=2771105869-00&ServiceCd=410&Type=search", "url2": "http://plus-ones.jp/" }, "geometry": { "type": "Point", "coordinates": [ 135.372461, 34.4599158 ] } },
{ "type": "Feature", "properties": { "内容": "株式会社泉州ひまわり【特定福祉用具販売】大阪府岸和田市田治米町130-9", "url": "https://www.kaigokensaku.mhlw.go.jp/27/index.php?action_kouhyou_detail_004_kani=true&JigyosyoCd=2771103005-00&ServiceCd=410&Type=search", "url2": "http://shwari.sakurane.jp/" }, "geometry": { "type": "Point", "coordinates": [ 135.425960606745889, 34.465460201398329 ] } },
{ "type": "Feature", "properties": { "内容": "有限会社　かわはら【特定福祉用具販売】岸和田市土生町1278番地", "url": "https://www.kaigokensaku.mhlw.go.jp/27/index.php?action_kouhyou_detail_004_kani=true&JigyosyoCd=2771101603-00&ServiceCd=410&Type=search", "url2": "http://www.kwhr.net/" }, "geometry": { "type": "Point", "coordinates": [ 135.390869299999963, 34.4476529 ] } },
{ "type": "Feature", "properties": { "内容": "ケアショップハル岸和田店【特定福祉用具販売】大阪府岸和田市田治米139-1", "url": "https://www.kaigokensaku.mhlw.go.jp/27/index.php?action_kouhyou_detail_004_kani=true&JigyosyoCd=2771102825-00&ServiceCd=410&Type=search", "url2": null }, "geometry": { "type": "Point", "coordinates": [ 135.425903498530602, 34.464500955064722 ] } },
{ "type": "Feature", "properties": { "内容": "株式会社　大黒ヘルスケアサービス　南大阪店【特定福祉用具販売】大阪府岸和田市磯上町2-9-7", "url": "https://www.kaigokensaku.mhlw.go.jp/27/index.php?action_kouhyou_detail_004_kani=true&JigyosyoCd=2771100886-00&ServiceCd=410&Type=search", "url2": "http://www.d21ms.com" }, "geometry": { "type": "Point", "coordinates": [ 135.389106741355931, 34.486579163002993 ] } },
{ "type": "Feature", "properties": { "内容": "ダスキンヘルスレント岸和田ステーション【特定福祉用具販売】大阪府岸和田市大北町1-24", "url": "https://www.kaigokensaku.mhlw.go.jp/27/index.php?action_kouhyou_detail_004_kani=true&JigyosyoCd=2771101769-00&ServiceCd=410&Type=search", "url2": "https://healthrent.duskin.jp/index.html" }, "geometry": { "type": "Point", "coordinates": [ 135.371141200000011, 34.4647284 ] } },
{ "type": "Feature", "properties": { "内容": "ケアライフオレンジ【特定福祉用具販売】大阪府岸和田市今木町149-15", "url": "https://www.kaigokensaku.mhlw.go.jp/27/index.php?action_kouhyou_detail_004_kani=true&JigyosyoCd=2771104763-00&ServiceCd=410&Type=search", "url2": "http://fwki1516.sakura.ne.jp./oronge/" }, "geometry": { "type": "Point", "coordinates": [ 135.420566, 34.4660044 ] } },
{ "type": "Feature", "properties": { "内容": "介護ショップ　リアン【特定福祉用具販売】大阪府岸和田市小松里町2517番地3階", "url": "https://www.kaigokensaku.mhlw.go.jp/27/index.php?action_kouhyou_detail_004_kani=true&JigyosyoCd=2771106636-00&ServiceCd=410&Type=search", "url2": null }, "geometry": { "type": "Point", "coordinates": [ 135.395276454212024, 34.464391214230055 ] } },
{ "type": "Feature", "properties": { "内容": "ソダシケアサポート【特定福祉用具販売】吉井町二丁目7番3号ラフォーレ303号", "url": "https://www.kaigokensaku.mhlw.go.jp/27/index.php?action_kouhyou_detail_004_kani=true&JigyosyoCd=2771107436-00&ServiceCd=410&Type=search", "url2": null }, "geometry": { "type": "Point", "coordinates": [ 135.3970793, 34.4830577 ] } },
{ "type": "Feature", "properties": { "内容": "株式会社プラス【特定福祉用具販売】大阪府岸和田市池尻町384-3", "url": "https://www.kaigokensaku.mhlw.go.jp/27/index.php?action_kouhyou_detail_004_kani=true&JigyosyoCd=2771107352-00&ServiceCd=410&Type=search", "url2": null }, "geometry": { "type": "Point", "coordinates": [ 135.4127987, 34.4618546 ] } },
{ "type": "Feature", "properties": { "内容": "株式会社　KOSMOホームヘルプサービス　介護用品事業所【特定福祉用具販売】大阪府豊中市庄内東町３丁目8-23タナック21　２階", "url": "https://www.kaigokensaku.mhlw.go.jp/27/index.php?action_kouhyou_detail_004_kani=true&JigyosyoCd=2774010611-00&ServiceCd=410&Type=search", "url2": "https://www.kosmo.co.jp/homehelpservice/service-01/" }, "geometry": { "type": "Point", "coordinates": [ 135.4763783, 34.7520438 ] } },
{ "type": "Feature", "properties": { "内容": "株式会社たんぽぽ　豊中店【特定福祉用具販売】大阪府豊中市名神口3丁目8番30号㈱ケーエスケー内", "url": "https://www.kaigokensaku.mhlw.go.jp/27/index.php?action_kouhyou_detail_004_kani=true&JigyosyoCd=2774010660-00&ServiceCd=410&Type=search", "url2": "http://www.kktanpopo.com" }, "geometry": { "type": "Point", "coordinates": [ 135.4622082, 34.7488043 ] } },
{ "type": "Feature", "properties": { "内容": "福祉用具サービス涼風【特定福祉用具販売】大阪府豊中市熊野町4-12-23笹部マンションA105", "url": "https://www.kaigokensaku.mhlw.go.jp/27/index.php?action_kouhyou_detail_004_kani=true&JigyosyoCd=2774009621-00&ServiceCd=410&Type=search", "url2": "https://earth-mind.co.jp/" }, "geometry": { "type": "Point", "coordinates": [ 135.4786715, 34.7915909 ] } },
{ "type": "Feature", "properties": { "内容": "福祉用具淳風きたじょう【特定福祉用具販売】豊中市二葉町2-4-5", "url": "https://www.kaigokensaku.mhlw.go.jp/27/index.php?action_kouhyou_detail_004_kani=true&JigyosyoCd=2774006957-00&ServiceCd=410&Type=search", "url2": "http://junpu-kai.or.jp" }, "geometry": { "type": "Point", "coordinates": [ 135.463401399693794, 34.736555198420604 ] } },
{ "type": "Feature", "properties": { "内容": "ビジョンサポート【特定福祉用具販売】大阪府豊中市浜3-18-3-1", "url": "https://www.kaigokensaku.mhlw.go.jp/27/index.php?action_kouhyou_detail_004_kani=true&JigyosyoCd=2774009068-00&ServiceCd=410&Type=search", "url2": "https://vision-happylife.co.jp/" }, "geometry": { "type": "Point", "coordinates": [ 135.482107245510065, 34.757808819076175 ] } },
{ "type": "Feature", "properties": { "内容": "あいびー株式会社【特定福祉用具販売】豊中市蛍池東町1-6-6＆Ｔ蛍池ビル401", "url": "https://www.kaigokensaku.mhlw.go.jp/27/index.php?action_kouhyou_detail_004_kani=true&JigyosyoCd=2774006833-00&ServiceCd=410&Type=search", "url2": null }, "geometry": { "type": "Point", "coordinates": [ 135.44954830000006, 34.7953057 ] } },
{ "type": "Feature", "properties": { "内容": "プラスワンケアサポート株式会社豊中支店【特定福祉用具販売】豊中市本町1丁目5番8号高山第1ビル4階", "url": "https://www.kaigokensaku.mhlw.go.jp/27/index.php?action_kouhyou_detail_004_kani=true&JigyosyoCd=2774000067-00&ServiceCd=410&Type=search", "url2": "http://www.plusone-group.co.jp" }, "geometry": { "type": "Point", "coordinates": [ 135.464411299999938, 34.7866208 ] } },
{ "type": "Feature", "properties": { "内容": "株式会社ウラノ　福祉用具事業部　Ｍｅｉｓｔｅｒ【特定福祉用具販売】豊中市新千里南町3-1-24桃山台グリーンピア1階", "url": "https://www.kaigokensaku.mhlw.go.jp/27/index.php?action_kouhyou_detail_004_kani=true&JigyosyoCd=2774003731-00&ServiceCd=410&Type=search", "url2": "http://www.team-urano.com" }, "geometry": { "type": "Point", "coordinates": [ 135.493039433729564, 34.795988090810241 ] } },
{ "type": "Feature", "properties": { "内容": "オールケア【特定福祉用具販売】大阪府豊中市庄内幸町3-31-24", "url": "https://www.kaigokensaku.mhlw.go.jp/27/index.php?action_kouhyou_detail_004_kani=true&JigyosyoCd=2774005652-00&ServiceCd=410&Type=search", "url2": "http://www.allcare.info" }, "geometry": { "type": "Point", "coordinates": [ 135.4682577, 34.7477138 ] } },
{ "type": "Feature", "properties": { "内容": "株式会社　ゴトウ・アズ・プランニング　豊中営業所【特定福祉用具販売】豊中市末広町二丁目１０番１８号", "url": "https://www.kaigokensaku.mhlw.go.jp/27/index.php?action_kouhyou_detail_004_kani=true&JigyosyoCd=2774004879-00&ServiceCd=410&Type=search", "url2": "http://www.goto-az.co.jp" }, "geometry": { "type": "Point", "coordinates": [ 135.4627365, 34.7822741 ] } },
{ "type": "Feature", "properties": { "内容": "弁慶【特定福祉用具販売】大阪府豊中市服部西町二丁目5番15号", "url": "https://www.kaigokensaku.mhlw.go.jp/27/index.php?action_kouhyou_detail_004_kani=true&JigyosyoCd=2774003079-00&ServiceCd=410&Type=search", "url2": null }, "geometry": { "type": "Point", "coordinates": [ 135.471644500000025, 34.7629346 ] } },
{ "type": "Feature", "properties": { "内容": "株式会社みちはうす【特定福祉用具販売】大阪府豊中市中桜塚4-7-8カビーナ中桜塚　1階", "url": "https://www.kaigokensaku.mhlw.go.jp/27/index.php?action_kouhyou_detail_004_kani=true&JigyosyoCd=2774005801-00&ServiceCd=410&Type=search", "url2": "http://www.michihouse.jp/" }, "geometry": { "type": "Point", "coordinates": [ 135.4735468, 34.7818797 ] } },
{ "type": "Feature", "properties": { "内容": "株式会社光研【特定福祉用具販売】大阪府豊中市庄本町2-7-40", "url": "https://www.kaigokensaku.mhlw.go.jp/27/index.php?action_kouhyou_detail_004_kani=true&JigyosyoCd=2774000869-00&ServiceCd=410&Type=search", "url2": "https://koken-toyonaka.com" }, "geometry": { "type": "Point", "coordinates": [ 135.4632722, 34.7395646 ] } },
{ "type": "Feature", "properties": { "内容": "ユニバーサルデザイナーズ【特定福祉用具販売】大阪府豊中市向丘三丁目１３番１１号", "url": "https://www.kaigokensaku.mhlw.go.jp/27/index.php?action_kouhyou_detail_004_kani=true&JigyosyoCd=2774002238-00&ServiceCd=410&Type=search", "url2": null }, "geometry": { "type": "Point", "coordinates": [ 135.4729767, 34.8142732 ] } },
{ "type": "Feature", "properties": { "内容": "WOOD　STOCK【特定福祉用具販売】大阪府豊中市箕輪二丁目11番11号", "url": "https://www.kaigokensaku.mhlw.go.jp/27/index.php?action_kouhyou_detail_004_kani=true&JigyosyoCd=2774002493-00&ServiceCd=410&Type=search", "url2": null }, "geometry": { "type": "Point", "coordinates": [ 135.450812199999973, 34.7879705 ] } },
{ "type": "Feature", "properties": { "内容": "パナソニックエイジフリーショップ大阪北【特定福祉用具販売】大阪府豊中市若竹町1-9-6", "url": "https://www.kaigokensaku.mhlw.go.jp/27/index.php?action_kouhyou_detail_004_kani=true&JigyosyoCd=2774007872-00&ServiceCd=410&Type=search", "url2": "https://sumai.panasonic.jp/agefree/map/detail.php?id=215" }, "geometry": { "type": "Point", "coordinates": [ 135.4861436, 34.7691805 ] } },
{ "type": "Feature", "properties": { "内容": "M'sケア【特定福祉用具販売】大阪府豊中市小曽根1丁目20番3号", "url": "https://www.kaigokensaku.mhlw.go.jp/27/index.php?action_kouhyou_detail_004_kani=true&JigyosyoCd=2774010009-00&ServiceCd=410&Type=search", "url2": "https://www.ms-clan.com/" }, "geometry": { "type": "Point", "coordinates": [ 135.4844369, 34.7605621 ] } },
{ "type": "Feature", "properties": { "内容": "綜合メディカル株式会社　豊中営業所【特定福祉用具販売】大阪府豊中市山ノ上町8-10", "url": "https://www.kaigokensaku.mhlw.go.jp/27/index.php?action_kouhyou_detail_004_kani=true&JigyosyoCd=2774009720-00&ServiceCd=410&Type=search", "url2": "https://www.sougoumedical.jp/" }, "geometry": { "type": "Point", "coordinates": [ 135.4549294, 34.7817467 ] } },
{ "type": "Feature", "properties": { "内容": "パナソニックエイジフリーショップ東大阪【特定福祉用具販売】大阪府東大阪市足代1丁目12番26号", "url": "https://www.kaigokensaku.mhlw.go.jp/27/index.php?action_kouhyou_detail_004_kani=true&JigyosyoCd=2775017201-00&ServiceCd=410&Type=search", "url2": "https://sumai.panasonic.jp/agefree/map/detail.php?id=202" }, "geometry": { "type": "Point", "coordinates": [ 135.5620084, 34.6635012 ] } },
{ "type": "Feature", "properties": { "内容": "生活ぷらす豊中支店【特定福祉用具販売】大阪府豊中市庄内西町2-4-3庄内駅前ビル4C", "url": "https://www.kaigokensaku.mhlw.go.jp/27/index.php?action_kouhyou_detail_004_kani=true&JigyosyoCd=2774010900-00&ServiceCd=410&Type=search", "url2": null }, "geometry": { "type": "Point", "coordinates": [ 135.4746409, 34.7508383 ] } },
{ "type": "Feature", "properties": { "内容": "介護パートナーあい愛【特定福祉用具販売】大阪府豊中市長興寺北3-13-22", "url": "https://www.kaigokensaku.mhlw.go.jp/27/index.php?action_kouhyou_detail_004_kani=true&JigyosyoCd=2774001560-00&ServiceCd=410&Type=search", "url2": null }, "geometry": { "type": "Point", "coordinates": [ 135.4794444, 34.7788656 ] } },
{ "type": "Feature", "properties": { "内容": "フランスベッド株式会社　メディカル大阪池田営業所【特定福祉用具販売】大阪府池田市呉服町1-1サンシティ池田203", "url": "https://www.kaigokensaku.mhlw.go.jp/27/index.php?action_kouhyou_detail_004_kani=true&JigyosyoCd=2772501405-00&ServiceCd=410&Type=search", "url2": "http://www.francebed.co.jp" }, "geometry": { "type": "Point", "coordinates": [ 135.4248553, 34.8215939 ] } },
{ "type": "Feature", "properties": { "内容": "マックシールケアセンター【特定福祉用具販売】大阪府池田市天神1丁目5番22号", "url": "https://www.kaigokensaku.mhlw.go.jp/27/index.php?action_kouhyou_detail_004_kani=true&JigyosyoCd=2772500464-00&ServiceCd=410&Type=search", "url2": "http://www.mcsyl.com/" }, "geometry": { "type": "Point", "coordinates": [ 135.4425516, 34.8088354 ] } },
{ "type": "Feature", "properties": { "内容": "株式会社ヤマシタ吹田営業所【特定福祉用具販売】大阪府吹田市南吹田２丁目４番９号", "url": "https://www.kaigokensaku.mhlw.go.jp/27/index.php?action_kouhyou_detail_004_kani=true&JigyosyoCd=2771608268-00&ServiceCd=410&Type=search", "url2": "https://www.ycota.jp/area/60182" }, "geometry": { "type": "Point", "coordinates": [ 135.5100218, 34.7489458 ] } },
{ "type": "Feature", "properties": { "内容": "合同会社オアシス　ルリエ【特定福祉用具販売】大阪府吹田市南金田1-2-9401", "url": "https://www.kaigokensaku.mhlw.go.jp/27/index.php?action_kouhyou_detail_004_kani=true&JigyosyoCd=2771608276-00&ServiceCd=410&Type=search", "url2": null }, "geometry": { "type": "Point", "coordinates": [ 135.507116599999989, 34.7568382 ] } },
{ "type": "Feature", "properties": { "内容": "ゆうえる株式会社【特定福祉用具販売】大阪府吹田市千里山竹園2丁目18番5号千里O2ビル102号", "url": "https://www.kaigokensaku.mhlw.go.jp/27/index.php?action_kouhyou_detail_004_kani=true&JigyosyoCd=2771601412-00&ServiceCd=410&Type=search", "url2": "http://www.youel.co.jp/" }, "geometry": { "type": "Point", "coordinates": [ 135.502661855352386, 34.786408420617114 ] } },
{ "type": "Feature", "properties": { "内容": "フレンドケア指定福祉用具貸与事業所【特定福祉用具販売】大阪府吹田市原町４丁目２３番１０号", "url": "https://www.kaigokensaku.mhlw.go.jp/27/index.php?action_kouhyou_detail_004_kani=true&JigyosyoCd=2771607088-00&ServiceCd=410&Type=search", "url2": "https://friend-care.jp/" }, "geometry": { "type": "Point", "coordinates": [ 135.52791446134222, 34.776973428512385 ] } },
{ "type": "Feature", "properties": { "内容": "としとランド【特定福祉用具販売】大阪府吹田市江坂町1-6-6", "url": "https://www.kaigokensaku.mhlw.go.jp/27/index.php?action_kouhyou_detail_004_kani=true&JigyosyoCd=2771604887-00&ServiceCd=410&Type=search", "url2": "http://www.http://www.japax.org/company/glit.html" }, "geometry": { "type": "Point", "coordinates": [ 135.49980260000001, 34.763286300000011 ] } },
{ "type": "Feature", "properties": { "内容": "まこと介護ケアレンタル【特定福祉用具販売】大阪府吹田市原町４丁目２番４号", "url": "https://www.kaigokensaku.mhlw.go.jp/27/index.php?action_kouhyou_detail_004_kani=true&JigyosyoCd=2771604614-00&ServiceCd=410&Type=search", "url2": null }, "geometry": { "type": "Point", "coordinates": [ 135.5291919, 34.773698299999985 ] } },
{ "type": "Feature", "properties": { "内容": "吉祥寿株式会社　サニーヒル福祉用具【特定福祉用具販売】大阪府吹田市五月が丘北１４番１６－２０７号", "url": "https://www.kaigokensaku.mhlw.go.jp/27/index.php?action_kouhyou_detail_004_kani=true&JigyosyoCd=2771607963-00&ServiceCd=410&Type=search", "url2": null }, "geometry": { "type": "Point", "coordinates": [ 135.5255014, 34.7874401 ] } },
{ "type": "Feature", "properties": { "内容": "大阪よどがわ市民生協福祉情報センター【特定福祉用具販売】大阪府吹田市幸町４番１号", "url": "https://www.kaigokensaku.mhlw.go.jp/27/index.php?action_kouhyou_detail_004_kani=true&JigyosyoCd=2771601685-00&ServiceCd=410&Type=search", "url2": "http://www.yodogawa.coop/" }, "geometry": { "type": "Point", "coordinates": [ 135.534894300000019, 34.7665798 ] } },
{ "type": "Feature", "properties": { "内容": "ライフマーク吹田【特定福祉用具販売】大阪府吹田市垂水町3丁目31番27号2F", "url": "https://www.kaigokensaku.mhlw.go.jp/27/index.php?action_kouhyou_detail_004_kani=true&JigyosyoCd=2771605439-00&ServiceCd=410&Type=search", "url2": "http://www.ueroku.jp/" }, "geometry": { "type": "Point", "coordinates": [ 135.502372400000013, 34.7589912 ] } },
{ "type": "Feature", "properties": { "内容": "ライフワン【特定福祉用具販売】大阪府吹田市山田南6-8", "url": "https://www.kaigokensaku.mhlw.go.jp/27/index.php?action_kouhyou_detail_004_kani=true&JigyosyoCd=2771605041-00&ServiceCd=410&Type=search", "url2": null }, "geometry": { "type": "Point", "coordinates": [ 135.544840499999964, 34.7918989 ] } },
{ "type": "Feature", "properties": { "内容": "ダスキンヘルスレント吹田ステーション【特定福祉用具販売】大阪府吹田市南吹田1-6-4吹田Mビル1階", "url": "https://www.kaigokensaku.mhlw.go.jp/27/index.php?action_kouhyou_detail_004_kani=true&JigyosyoCd=2771603533-00&ServiceCd=410&Type=search", "url2": "http://healthrent.duskin.jp/" }, "geometry": { "type": "Point", "coordinates": [ 135.498878200000036, 34.7618129 ] } },
{ "type": "Feature", "properties": { "内容": "吹田ケアセンター【特定福祉用具販売】大阪府吹田市山田西1-26-15-202", "url": "https://www.kaigokensaku.mhlw.go.jp/27/index.php?action_kouhyou_detail_004_kani=true&JigyosyoCd=2771601289-00&ServiceCd=410&Type=search", "url2": null }, "geometry": { "type": "Point", "coordinates": [ 135.5293615, 34.7900971 ] } },
{ "type": "Feature", "properties": { "内容": "株式会社ウィズ吹田【特定福祉用具販売】大阪府吹田市穂波町19-25", "url": "https://www.kaigokensaku.mhlw.go.jp/27/index.php?action_kouhyou_detail_004_kani=true&JigyosyoCd=2771604697-00&ServiceCd=410&Type=search", "url2": "http://www.hello-with.com/" }, "geometry": { "type": "Point", "coordinates": [ 135.510515962255766, 34.75433021425453 ] } },
{ "type": "Feature", "properties": { "内容": "株式会社フロンティア吹田営業所【特定福祉用具販売】大阪府吹田市西の庄町2-17", "url": "https://www.kaigokensaku.mhlw.go.jp/27/index.php?action_kouhyou_detail_004_kani=true&JigyosyoCd=2771605116-00&ServiceCd=410&Type=search", "url2": "http://www.frontier-ph.com./homecare/" }, "geometry": { "type": "Point", "coordinates": [ 135.518529199999989, 34.7613108 ] } },
{ "type": "Feature", "properties": { "内容": "パナソニックエイジフリーショップ和泉【特定福祉用具販売】大阪府泉大津市東豊中町３丁目７－１３", "url": "https://www.kaigokensaku.mhlw.go.jp/27/index.php?action_kouhyou_detail_004_kani=true&JigyosyoCd=2770600282-00&ServiceCd=410&Type=search", "url2": null }, "geometry": { "type": "Point", "coordinates": [ 135.428682, 34.4920814 ] } },
{ "type": "Feature", "properties": { "内容": "株式会社move【特定福祉用具販売】大阪府泉大津市条南町5-27", "url": "https://www.kaigokensaku.mhlw.go.jp/27/index.php?action_kouhyou_detail_004_kani=true&JigyosyoCd=2770602098-00&ServiceCd=410&Type=search", "url2": null }, "geometry": { "type": "Point", "coordinates": [ 135.417618, 34.5088732 ] } },
{ "type": "Feature", "properties": { "内容": "ケアショップ喜らく【特定福祉用具販売】大阪府泉大津市東助松町２丁目１－２８－３０１", "url": "https://www.kaigokensaku.mhlw.go.jp/27/index.php?action_kouhyou_detail_004_kani=true&JigyosyoCd=2770602429-00&ServiceCd=410&Type=search", "url2": "allkiraku.com" }, "geometry": { "type": "Point", "coordinates": [ 135.4227878, 34.511608 ] } },
{ "type": "Feature", "properties": { "内容": "トップケア介護用品センター【特定福祉用具販売】大阪府高槻市城北町1丁目6－19カンプリビル１F", "url": "https://www.kaigokensaku.mhlw.go.jp/27/index.php?action_kouhyou_detail_004_kani=true&JigyosyoCd=2770906184-00&ServiceCd=410&Type=search", "url2": "https://topcare.co.jp/" }, "geometry": { "type": "Point", "coordinates": [ 135.6201024, 34.8467288 ] } },
{ "type": "Feature", "properties": { "内容": "株式会社三笑堂　北摂営業所【特定福祉用具販売】大阪府高槻市緑が丘三丁目６番３号", "url": "https://www.kaigokensaku.mhlw.go.jp/27/index.php?action_kouhyou_detail_004_kani=true&JigyosyoCd=2770904619-00&ServiceCd=410&Type=search", "url2": "http://www.sanshodoh.co.jp/" }, "geometry": { "type": "Point", "coordinates": [ 135.603586599999971, 34.8624317 ] } },
{ "type": "Feature", "properties": { "内容": "ケアステーションミライ【特定福祉用具販売】大阪府高槻市城南町４丁目２５－１１", "url": "https://www.kaigokensaku.mhlw.go.jp/27/index.php?action_kouhyou_detail_004_kani=true&JigyosyoCd=2770904577-00&ServiceCd=410&Type=search", "url2": "http://mirai.company" }, "geometry": { "type": "Point", "coordinates": [ 135.6242685, 34.8377316 ] } },
{ "type": "Feature", "properties": { "内容": "レンタルもも【特定福祉用具販売】大阪府高槻市淀の原町56-18", "url": "https://www.kaigokensaku.mhlw.go.jp/27/index.php?action_kouhyou_detail_004_kani=true&JigyosyoCd=2770904627-00&ServiceCd=410&Type=search", "url2": null }, "geometry": { "type": "Point", "coordinates": [ 135.6658362, 34.8693075 ] } },
{ "type": "Feature", "properties": { "内容": "株式会社　さんきゅー【特定福祉用具販売】高槻市大塚町1丁目19番5号", "url": "https://www.kaigokensaku.mhlw.go.jp/27/index.php?action_kouhyou_detail_004_kani=true&JigyosyoCd=2770901540-00&ServiceCd=410&Type=search", "url2": "http://www.39sankyu.co.jp" }, "geometry": { "type": "Point", "coordinates": [ 135.633787200000029, 34.8224669 ] } },
{ "type": "Feature", "properties": { "内容": "株式会社　さんきゅー　高槻北営業所【特定福祉用具販売】大阪府高槻市氷室町1-14-3", "url": "https://www.kaigokensaku.mhlw.go.jp/27/index.php?action_kouhyou_detail_004_kani=true&JigyosyoCd=2770905491-00&ServiceCd=410&Type=search", "url2": "http://www.39sankyu.co.jp" }, "geometry": { "type": "Point", "coordinates": [ 135.5954025, 34.8477398 ] } },
{ "type": "Feature", "properties": { "内容": "ゆとり【特定福祉用具販売】大阪府高槻市城北町１丁目５番２５号土屋第3ビル２階", "url": "https://www.kaigokensaku.mhlw.go.jp/27/index.php?action_kouhyou_detail_004_kani=true&JigyosyoCd=2770900039-00&ServiceCd=410&Type=search", "url2": "http://www.topcorporation.com" }, "geometry": { "type": "Point", "coordinates": [ 135.6207523, 34.847155 ] } },
{ "type": "Feature", "properties": { "内容": "株式会社ヤサカ　北大阪営業所【特定福祉用具販売】高槻市大塚町3丁目5-4", "url": "https://www.kaigokensaku.mhlw.go.jp/27/index.php?action_kouhyou_detail_004_kani=true&JigyosyoCd=2770905350-00&ServiceCd=410&Type=search", "url2": "http://daisuki-kaigo.com/" }, "geometry": { "type": "Point", "coordinates": [ 135.635330565980382, 34.821499198874079 ] } },
{ "type": "Feature", "properties": { "内容": "れんげ荘　アクティブ・エイド【特定福祉用具販売】大阪府高槻市栄町２丁目６番１６号", "url": "https://www.kaigokensaku.mhlw.go.jp/27/index.php?action_kouhyou_detail_004_kani=true&JigyosyoCd=2770902936-00&ServiceCd=410&Type=search", "url2": "http://www.rengesou.or.jp" }, "geometry": { "type": "Point", "coordinates": [ 135.598857, 34.827702 ] } },
{ "type": "Feature", "properties": { "内容": "ダスキンヘルスレント高槻ステーション【特定福祉用具販売】大阪府　高槻市　五領町　１３－１", "url": "https://www.kaigokensaku.mhlw.go.jp/27/index.php?action_kouhyou_detail_004_kani=true&JigyosyoCd=2770902613-00&ServiceCd=410&Type=search", "url2": "http://www.duskin-noda.com/healthrent.html" }, "geometry": { "type": "Point", "coordinates": [ 135.651045056333032, 34.861257828450363 ] } },
{ "type": "Feature", "properties": { "内容": "アクティ介護ショップ【特定福祉用具販売】大阪府高槻市北園町３-４トナミロイヤルハイツ１０２", "url": "https://www.kaigokensaku.mhlw.go.jp/27/index.php?action_kouhyou_detail_004_kani=true&JigyosyoCd=2770901706-00&ServiceCd=410&Type=search", "url2": "http://www.acty-kaigo.net/" }, "geometry": { "type": "Point", "coordinates": [ 135.623050799999987, 34.8532744 ] } },
{ "type": "Feature", "properties": { "内容": "介護ショップ新心【特定福祉用具販売】大阪府貝塚市橋本298", "url": "https://www.kaigokensaku.mhlw.go.jp/27/index.php?action_kouhyou_detail_004_kani=true&JigyosyoCd=2771302474-00&ServiceCd=410&Type=search", "url2": null }, "geometry": { "type": "Point", "coordinates": [ 135.364927527122489, 34.42383545033379 ] } },
{ "type": "Feature", "properties": { "内容": "ケアショップ高井【特定福祉用具販売】大阪府貝塚市名越840番地6", "url": "https://www.kaigokensaku.mhlw.go.jp/27/index.php?action_kouhyou_detail_004_kani=true&JigyosyoCd=2771301435-00&ServiceCd=410&Type=search", "url2": "http://careshoptakai.web.fc2.com" }, "geometry": { "type": "Point", "coordinates": [ 135.373746500000038, 34.4165006 ] } },
{ "type": "Feature", "properties": { "内容": "あいわ園福祉用具【特定福祉用具販売】貝塚市堀一丁目16番6マンワールⅠ　101", "url": "https://www.kaigokensaku.mhlw.go.jp/27/index.php?action_kouhyou_detail_004_kani=true&JigyosyoCd=2771302664-00&ServiceCd=410&Type=search", "url2": "https:aiwa-en.com" }, "geometry": { "type": "Point", "coordinates": [ 135.3657679, 34.4492885 ] } },
{ "type": "Feature", "properties": { "内容": "ライフマーク守口【特定福祉用具販売】守口市本町2丁目3番21号100号室", "url": "https://www.kaigokensaku.mhlw.go.jp/27/index.php?action_kouhyou_detail_004_kani=true&JigyosyoCd=2773201831-00&ServiceCd=410&Type=search", "url2": "http://www.ueroku.jp/" }, "geometry": { "type": "Point", "coordinates": [ 135.565556300000026, 34.7375425 ] } },
{ "type": "Feature", "properties": { "内容": "いろどりケアレンタル【特定福祉用具販売】大阪府守口市金田町２丁目１０番１４号", "url": "https://www.kaigokensaku.mhlw.go.jp/27/index.php?action_kouhyou_detail_004_kani=true&JigyosyoCd=2773204702-00&ServiceCd=410&Type=search", "url2": null }, "geometry": { "type": "Point", "coordinates": [ 135.5922521, 34.7560602 ] } },
{ "type": "Feature", "properties": { "内容": "株式会社晴晴【特定福祉用具販売】大阪府守口市八雲西町1-21-5", "url": "https://www.kaigokensaku.mhlw.go.jp/27/index.php?action_kouhyou_detail_004_kani=true&JigyosyoCd=2773203613-00&ServiceCd=410&Type=search", "url2": null }, "geometry": { "type": "Point", "coordinates": [ 135.565066389549202, 34.745299123726589 ] } },
{ "type": "Feature", "properties": { "内容": "有限会社ウェルケア【特定福祉用具販売】大阪府守口市滝井元町1-4-33", "url": "https://www.kaigokensaku.mhlw.go.jp/27/index.php?action_kouhyou_detail_004_kani=true&JigyosyoCd=2773201450-00&ServiceCd=410&Type=search", "url2": null }, "geometry": { "type": "Point", "coordinates": [ 135.55617013862306, 34.72555941935542 ] } },
{ "type": "Feature", "properties": { "内容": "やしのきライフ【特定福祉用具販売】大阪府守口市金田町2-57-6Kプラザ守口101号", "url": "https://www.kaigokensaku.mhlw.go.jp/27/index.php?action_kouhyou_detail_004_kani=true&JigyosyoCd=2773204470-00&ServiceCd=410&Type=search", "url2": "https://www.xn--w8jta3e3dssya3nc7694fpr8cn7zbijd.com/" }, "geometry": { "type": "Point", "coordinates": [ 135.591248001852449, 34.759918614082245 ] } },
{ "type": "Feature", "properties": { "内容": "福祉用具センター　ナービスくずは【特定福祉用具販売】大阪府枚方市楠葉花園町14-1", "url": "https://www.kaigokensaku.mhlw.go.jp/27/index.php?action_kouhyou_detail_004_kani=true&JigyosyoCd=2772410516-00&ServiceCd=410&Type=search", "url2": "https://joylife.alsok.co.jp/" }, "geometry": { "type": "Point", "coordinates": [ 135.676208869450392, 34.86313454701871 ] } },
{ "type": "Feature", "properties": { "内容": "アーチ福祉用具センター【特定福祉用具販売】大阪府枚方市楠葉野田1丁目29-16-202", "url": "https://www.kaigokensaku.mhlw.go.jp/27/index.php?action_kouhyou_detail_004_kani=true&JigyosyoCd=2772408114-00&ServiceCd=410&Type=search", "url2": "http://arch294.com" }, "geometry": { "type": "Point", "coordinates": [ 135.6817962, 34.8661606 ] } },
{ "type": "Feature", "properties": { "内容": "パナソニックエイジフリーショップ枚方【特定福祉用具販売】大阪府枚方市中宮西之町４－１５", "url": "https://www.kaigokensaku.mhlw.go.jp/27/index.php?action_kouhyou_detail_004_kani=true&JigyosyoCd=2772407728-00&ServiceCd=410&Type=search", "url2": "https://sumai.panasonic.jp/agefree/map/detail.php?id=217" }, "geometry": { "type": "Point", "coordinates": [ 135.663297124420211, 34.81580653628022 ] } },
{ "type": "Feature", "properties": { "内容": "フランスベッド株式会社　健康福祉プラザ助さんたくさん【特定福祉用具販売】大阪府枚方市大峰元町1-1-1", "url": "https://www.kaigokensaku.mhlw.go.jp/27/index.php?action_kouhyou_detail_004_kani=true&JigyosyoCd=2772404352-00&ServiceCd=410&Type=search", "url2": null }, "geometry": { "type": "Point", "coordinates": [ 135.6833805, 34.8132715 ] } },
{ "type": "Feature", "properties": { "内容": "医療法人昭征会　さかのレンタルサービス【特定福祉用具販売】大阪府枚方市中宮山戸町25番10号", "url": "https://www.kaigokensaku.mhlw.go.jp/27/index.php?action_kouhyou_detail_004_kani=true&JigyosyoCd=2772408056-00&ServiceCd=410&Type=search", "url2": null }, "geometry": { "type": "Point", "coordinates": [ 135.6669574, 34.8161863 ] } },
{ "type": "Feature", "properties": { "内容": "はなまるレンタルサービス【特定福祉用具販売】大阪府枚方市田口1丁目19-3", "url": "https://www.kaigokensaku.mhlw.go.jp/27/index.php?action_kouhyou_detail_004_kani=true&JigyosyoCd=2772404477-00&ServiceCd=410&Type=search", "url2": "https://time-get.com" }, "geometry": { "type": "Point", "coordinates": [ 135.673667099999989, 34.826892 ] } },
{ "type": "Feature", "properties": { "内容": "株式会社ケアライフ【特定福祉用具販売】大阪府枚方市三矢町２番10号", "url": "https://www.kaigokensaku.mhlw.go.jp/27/index.php?action_kouhyou_detail_004_kani=true&JigyosyoCd=2772401044-00&ServiceCd=410&Type=search", "url2": "http://www.care-life.jp" }, "geometry": { "type": "Point", "coordinates": [ 135.64349630000001, 34.8149622 ] } },
{ "type": "Feature", "properties": { "内容": "株式会社ゴトウ・アズ・プランニング　枚方店【特定福祉用具販売】大阪府枚方市高野道2丁目41番32号", "url": "https://www.kaigokensaku.mhlw.go.jp/27/index.php?action_kouhyou_detail_004_kani=true&JigyosyoCd=2772407439-00&ServiceCd=410&Type=search", "url2": "http://www.goto-az.co.jp" }, "geometry": { "type": "Point", "coordinates": [ 135.701572299999953, 34.8473769 ] } },
{ "type": "Feature", "properties": { "内容": "株式会社セレクト【特定福祉用具販売】大阪府枚方市長尾家具町２丁目８-９", "url": "https://www.kaigokensaku.mhlw.go.jp/27/index.php?action_kouhyou_detail_004_kani=true&JigyosyoCd=2772405706-00&ServiceCd=410&Type=search", "url2": "http://www.select-sensengumi.co.jp" }, "geometry": { "type": "Point", "coordinates": [ 135.7105689, 34.8425029 ] } },
{ "type": "Feature", "properties": { "内容": "ゼロワンサービス【特定福祉用具販売】大阪府枚方市北中振3-24-31KYﾋﾞﾙ2階北側", "url": "https://www.kaigokensaku.mhlw.go.jp/27/index.php?action_kouhyou_detail_004_kani=true&JigyosyoCd=2772406407-00&ServiceCd=410&Type=search", "url2": "https://zero-one-osaka.jp/" }, "geometry": { "type": "Point", "coordinates": [ 135.629258610676544, 34.797506199890194 ] } },
{ "type": "Feature", "properties": { "内容": "ダスキンヘルスレント枚方ステーション【特定福祉用具販売】大阪府枚方市招提平野町8-30", "url": "https://www.kaigokensaku.mhlw.go.jp/27/index.php?action_kouhyou_detail_004_kani=true&JigyosyoCd=2772401531-00&ServiceCd=410&Type=search", "url2": "http://healthrent.duskin.jp" }, "geometry": { "type": "Point", "coordinates": [ 135.681816508727593, 34.840431419378881 ] } },
{ "type": "Feature", "properties": { "内容": "小春日和レンタルサービス【特定福祉用具販売】大阪府枚方市東山1丁目61-1", "url": "https://www.kaigokensaku.mhlw.go.jp/27/index.php?action_kouhyou_detail_004_kani=true&JigyosyoCd=2772406308-00&ServiceCd=410&Type=search", "url2": null }, "geometry": { "type": "Point", "coordinates": [ 135.687259600000061, 34.8511647 ] } },
{ "type": "Feature", "properties": { "内容": "ヘルシーライフ大阪支店【特定福祉用具販売】大阪府枚方市高田２丁目-13-1すずらんビル２F", "url": "https://www.kaigokensaku.mhlw.go.jp/27/index.php?action_kouhyou_detail_004_kani=true&JigyosyoCd=2772405441-00&ServiceCd=410&Type=search", "url2": "http://www.go-kenko.jp/" }, "geometry": { "type": "Point", "coordinates": [ 135.6613953, 34.7812591 ] } },
{ "type": "Feature", "properties": { "内容": "株式会社Ｃ．Ｉ．Ｐ．【特定福祉用具販売】大阪府枚方市牧野本町一丁目10番361F", "url": "https://www.kaigokensaku.mhlw.go.jp/27/index.php?action_kouhyou_detail_004_kani=true&JigyosyoCd=2772410656-00&ServiceCd=410&Type=search", "url2": null }, "geometry": { "type": "Point", "coordinates": [ 135.669830600000012, 34.8416125 ] } },
{ "type": "Feature", "properties": { "内容": "あっとホーム株式会社【特定福祉用具販売】大阪府枚方市北中振３丁目３１番２１号", "url": "https://www.kaigokensaku.mhlw.go.jp/27/index.php?action_kouhyou_detail_004_kani=true&JigyosyoCd=2772405805-00&ServiceCd=410&Type=search", "url2": "http://kansai-attohome.com/" }, "geometry": { "type": "Point", "coordinates": [ 135.629464500000012, 34.796711 ] } },
{ "type": "Feature", "properties": { "内容": "愛らんど枚方【特定福祉用具販売】中宮大池2丁目10番1号", "url": "https://www.kaigokensaku.mhlw.go.jp/27/index.php?action_kouhyou_detail_004_kani=true&JigyosyoCd=2772407546-00&ServiceCd=410&Type=search", "url2": null }, "geometry": { "type": "Point", "coordinates": [ 135.678802600000012, 34.8150726 ] } },
{ "type": "Feature", "properties": { "内容": "toiro【特定福祉用具販売】大阪府枚方市星丘４丁目21番10号ひかりハイツ１０５号室", "url": "https://www.kaigokensaku.mhlw.go.jp/27/index.php?action_kouhyou_detail_004_kani=true&JigyosyoCd=2772410342-00&ServiceCd=410&Type=search", "url2": null }, "geometry": { "type": "Point", "coordinates": [ 135.6713475, 34.8084651 ] } },
{ "type": "Feature", "properties": { "内容": "サエラ介護ショップくずは【特定福祉用具販売】大阪府枚方市樟葉花園町11番3号京阪くずはメディケアモール208号", "url": "https://www.kaigokensaku.mhlw.go.jp/27/index.php?action_kouhyou_detail_004_kani=true&JigyosyoCd=2772409864-00&ServiceCd=410&Type=search", "url2": "https://kaigoshop.jp/" }, "geometry": { "type": "Point", "coordinates": [ 135.674860700000011, 34.8597883 ] } },
{ "type": "Feature", "properties": { "内容": "たんぽぽ綿毛の福祉用具屋さん【特定福祉用具販売】大阪府枚方市牧野阪2丁目19番16号ラ・フェスタ牧野211号", "url": "https://www.kaigokensaku.mhlw.go.jp/27/index.php?action_kouhyou_detail_004_kani=true&JigyosyoCd=2772410409-00&ServiceCd=410&Type=search", "url2": "http://tanpopowatage.hp.peraichi.com" }, "geometry": { "type": "Point", "coordinates": [ 135.6665071, 34.8414948 ] } },
{ "type": "Feature", "properties": { "内容": "グースマイル【特定福祉用具販売】大阪府茨木市五十鈴町7-29シティコーポ五十鈴1FN号室", "url": "https://www.kaigokensaku.mhlw.go.jp/27/index.php?action_kouhyou_detail_004_kani=true&JigyosyoCd=2774206250-00&ServiceCd=410&Type=search", "url2": null }, "geometry": { "type": "Point", "coordinates": [ 135.5880345, 34.8141783 ] } },
{ "type": "Feature", "properties": { "内容": "フランスベッド株式会社メディカル大阪北営業所【特定福祉用具販売】大阪府茨木市東太田2-4-24西村倉庫102号室", "url": "https://www.kaigokensaku.mhlw.go.jp/27/index.php?action_kouhyou_detail_004_kani=true&JigyosyoCd=2774203513-00&ServiceCd=410&Type=search", "url2": "https://www.francebed.co.jp/" }, "geometry": { "type": "Point", "coordinates": [ 135.5798814, 34.8394932 ] } },
{ "type": "Feature", "properties": { "内容": "介護ショップひまわり茨木店【特定福祉用具販売】大阪府茨木市横江1-2-22", "url": "https://www.kaigokensaku.mhlw.go.jp/27/index.php?action_kouhyou_detail_004_kani=true&JigyosyoCd=2774205443-00&ServiceCd=410&Type=search", "url2": "https://www.himawari200207.com/" }, "geometry": { "type": "Point", "coordinates": [ 135.5705147, 34.791557 ] } },
{ "type": "Feature", "properties": { "内容": "十全パーフェクト【特定福祉用具販売】大阪府茨木市田中町16番5号", "url": "https://www.kaigokensaku.mhlw.go.jp/27/index.php?action_kouhyou_detail_004_kani=true&JigyosyoCd=2774201863-00&ServiceCd=410&Type=search", "url2": "http://perfectcaregoods.com/" }, "geometry": { "type": "Point", "coordinates": [ 135.572112299999958, 34.8280903 ] } },
{ "type": "Feature", "properties": { "内容": "パナソニックエイジフリーショップ茨木三島【特定福祉用具販売】大阪府茨木市大池1-14-59大阪府茨木市大池1-14-59", "url": "https://www.kaigokensaku.mhlw.go.jp/27/index.php?action_kouhyou_detail_004_kani=true&JigyosyoCd=2774206102-00&ServiceCd=410&Type=search", "url2": "https://sumai.panasonic.jp/agefree/map/detail.php?id=429" }, "geometry": { "type": "Point", "coordinates": [ 135.5783726, 34.8097961 ] } },
{ "type": "Feature", "properties": { "内容": "株式会社あいであい【特定福祉用具販売】大阪府茨木市三島丘2-8-16", "url": "https://www.kaigokensaku.mhlw.go.jp/27/index.php?action_kouhyou_detail_004_kani=true&JigyosyoCd=2774204479-00&ServiceCd=410&Type=search", "url2": "http://aideai.wp.xdomain.jp/" }, "geometry": { "type": "Point", "coordinates": [ 135.580945, 34.8330384 ] } },
{ "type": "Feature", "properties": { "内容": "サンエイド【特定福祉用具販売】大阪府茨木市小柳町9番22号サンライズ山野A201", "url": "https://www.kaigokensaku.mhlw.go.jp/27/index.php?action_kouhyou_detail_004_kani=true&JigyosyoCd=2774206391-00&ServiceCd=410&Type=search", "url2": "http://sunkoti.jp/" }, "geometry": { "type": "Point", "coordinates": [ 135.580511900000033, 34.7956711 ] } },
{ "type": "Feature", "properties": { "内容": "ぴーすわん【特定福祉用具販売】大阪府茨木市真砂１－３－１竹島マンション105", "url": "https://www.kaigokensaku.mhlw.go.jp/27/index.php?action_kouhyou_detail_004_kani=true&JigyosyoCd=2774205914-00&ServiceCd=410&Type=search", "url2": null }, "geometry": { "type": "Point", "coordinates": [ 135.5744412, 34.8009199 ] } },
{ "type": "Feature", "properties": { "内容": "パナソニックエイジフリーショップ八尾中央【特定福祉用具販売】八尾市萱振町４-４４-７", "url": "https://www.kaigokensaku.mhlw.go.jp/27/index.php?action_kouhyou_detail_004_kani=true&JigyosyoCd=2775502616-00&ServiceCd=410&Type=search", "url2": "http://sumai.panasonic.jp/agefree/shop/search/shop_detail.php?shop=976" }, "geometry": { "type": "Point", "coordinates": [ 135.603252, 34.6401704 ] } },
{ "type": "Feature", "properties": { "内容": "株式会社オープル【特定福祉用具販売】本町2-8-3オープル本町ビル3階", "url": "https://www.kaigokensaku.mhlw.go.jp/27/index.php?action_kouhyou_detail_004_kani=true&JigyosyoCd=2775501030-00&ServiceCd=410&Type=search", "url2": "https://wwwouple.com" }, "geometry": { "type": "Point", "coordinates": [ 135.599535327171822, 34.627728190407602 ] } },
{ "type": "Feature", "properties": { "内容": "株式会社くらしサポート中谷【特定福祉用具販売】大阪府八尾市八尾木北5丁目189番地", "url": "https://www.kaigokensaku.mhlw.go.jp/27/index.php?action_kouhyou_detail_004_kani=true&JigyosyoCd=2775507011-00&ServiceCd=410&Type=search", "url2": null }, "geometry": { "type": "Point", "coordinates": [ 135.6141322, 34.614639 ] } },
{ "type": "Feature", "properties": { "内容": "ひかるケアサービス八尾店【特定福祉用具販売】大阪府八尾市山本町北8-3-20", "url": "https://www.kaigokensaku.mhlw.go.jp/27/index.php?action_kouhyou_detail_004_kani=true&JigyosyoCd=2775506765-00&ServiceCd=410&Type=search", "url2": "https://hikaru-care.com/" }, "geometry": { "type": "Point", "coordinates": [ 135.616872, 34.6479591 ] } },
{ "type": "Feature", "properties": { "内容": "プラザ薬局CSセンター【特定福祉用具販売】大阪府八尾市陽光園２丁目４番１５号　陽光園ＨＳビル１階", "url": "https://www.kaigokensaku.mhlw.go.jp/27/index.php?action_kouhyou_detail_004_kani=true&JigyosyoCd=2775502913-00&ServiceCd=410&Type=search", "url2": "http://www.plaza-pharmacy.co.jp/" }, "geometry": { "type": "Point", "coordinates": [ 135.598607500000071, 34.6193691 ] } },
{ "type": "Feature", "properties": { "内容": "株式会社　三笑堂　東大阪支店【特定福祉用具販売】大阪府八尾市福万寺町南1丁目1-1", "url": "https://www.kaigokensaku.mhlw.go.jp/27/index.php?action_kouhyou_detail_004_kani=true&JigyosyoCd=2775504018-00&ServiceCd=410&Type=search", "url2": "http://www.sanshodoh.co.jp/" }, "geometry": { "type": "Point", "coordinates": [ 135.619156100000026, 34.6420928 ] } },
{ "type": "Feature", "properties": { "内容": "有限会社　ゾーン【特定福祉用具販売】八尾市高安町北５－１０７", "url": "https://www.kaigokensaku.mhlw.go.jp/27/index.php?action_kouhyou_detail_004_kani=true&JigyosyoCd=2775502319-00&ServiceCd=410&Type=search", "url2": null }, "geometry": { "type": "Point", "coordinates": [ 135.6266028, 34.619648300000016 ] } },
{ "type": "Feature", "properties": { "内容": "QCC大阪【特定福祉用具販売】大阪府八尾市恩智北町2-18-1ディアスかわさきA棟102号", "url": "https://www.kaigokensaku.mhlw.go.jp/27/index.php?action_kouhyou_detail_004_kani=true&JigyosyoCd=2775506187-00&ServiceCd=410&Type=search", "url2": "https://www.pluss-qcc.com/" }, "geometry": { "type": "Point", "coordinates": [ 135.628819200000038, 34.6131613 ] } },
{ "type": "Feature", "properties": { "内容": "ライフサービス【特定福祉用具販売】大阪府八尾市太田新町7丁目200番地", "url": "https://www.kaigokensaku.mhlw.go.jp/27/index.php?action_kouhyou_detail_004_kani=true&JigyosyoCd=2775508076-00&ServiceCd=410&Type=search", "url2": "https://r21.co.jp" }, "geometry": { "type": "Point", "coordinates": [ 135.5988211, 34.5904312 ] } },
{ "type": "Feature", "properties": { "内容": "ほほえみ介護サービスセンター【特定福祉用具販売】大阪府八尾市沼1丁目78番地の3", "url": "https://www.kaigokensaku.mhlw.go.jp/27/index.php?action_kouhyou_detail_004_kani=true&JigyosyoCd=2775500636-00&ServiceCd=410&Type=search", "url2": null }, "geometry": { "type": "Point", "coordinates": [ 135.60132, 34.5881788 ] } },
{ "type": "Feature", "properties": { "内容": "りぼん福祉用具サービス【特定福祉用具販売】大阪府八尾市佐堂町三丁目1番8号", "url": "https://www.kaigokensaku.mhlw.go.jp/27/index.php?action_kouhyou_detail_004_kani=true&JigyosyoCd=2775506922-00&ServiceCd=410&Type=search", "url2": null }, "geometry": { "type": "Point", "coordinates": [ 135.5906656, 34.6342883 ] } },
{ "type": "Feature", "properties": { "内容": "らくふく【特定福祉用具販売】大阪府八尾市本町5-1-12小川店舗102", "url": "https://www.kaigokensaku.mhlw.go.jp/27/index.php?action_kouhyou_detail_004_kani=true&JigyosyoCd=2775506914-00&ServiceCd=410&Type=search", "url2": "http://www.raku-fuku.net/" }, "geometry": { "type": "Point", "coordinates": [ 135.598765899999989, 34.6282068 ] } },
{ "type": "Feature", "properties": { "内容": "介護レンタルえがお【特定福祉用具販売】大阪府八尾市恩智中町2-23　A202", "url": "https://www.kaigokensaku.mhlw.go.jp/27/index.php?action_kouhyou_detail_004_kani=true&JigyosyoCd=2775508126-00&ServiceCd=410&Type=search", "url2": null }, "geometry": { "type": "Point", "coordinates": [ 135.631951468122821, 34.609298660614527 ] } },
{ "type": "Feature", "properties": { "内容": "ほのぼのらいふ【特定福祉用具販売】大阪府八尾市本町2-9-19ココビルディング２F", "url": "https://www.kaigokensaku.mhlw.go.jp/27/index.php?action_kouhyou_detail_004_kani=true&JigyosyoCd=2775506575-00&ServiceCd=410&Type=search", "url2": "https://genkinakaigo.co.jp/gr/evest/index.html" }, "geometry": { "type": "Point", "coordinates": [ 135.597645688670951, 34.627617565902611 ] } },
{ "type": "Feature", "properties": { "内容": "公栄株式会社　栄公福祉用具貸与事業所【特定福祉用具販売】大阪府泉佐野市中町ニ丁目4番28号", "url": "https://www.kaigokensaku.mhlw.go.jp/27/index.php?action_kouhyou_detail_004_kani=true&JigyosyoCd=2774502302-00&ServiceCd=410&Type=search", "url2": "http://www.sanokinen.jp" }, "geometry": { "type": "Point", "coordinates": [ 135.318029900000056, 34.4012093 ] } },
{ "type": "Feature", "properties": { "内容": "ケアショップ　すまいるズ【特定福祉用具販売】大阪府泉佐野市上瓦屋６３５番地３", "url": "https://www.kaigokensaku.mhlw.go.jp/27/index.php?action_kouhyou_detail_004_kani=true&JigyosyoCd=2774500645-00&ServiceCd=410&Type=search", "url2": "http://www.smiles294.co.jp" }, "geometry": { "type": "Point", "coordinates": [ 135.337369500000023, 34.4177218 ] } },
{ "type": "Feature", "properties": { "内容": "プラスワンケア【特定福祉用具販売】大阪府泉佐野市中町３丁目３-１８", "url": "https://www.kaigokensaku.mhlw.go.jp/27/index.php?action_kouhyou_detail_004_kani=true&JigyosyoCd=2774502021-00&ServiceCd=410&Type=search", "url2": "http://plus-ones.jp/" }, "geometry": { "type": "Point", "coordinates": [ 135.315260699999953, 34.4001178 ] } },
{ "type": "Feature", "properties": { "内容": "介護ショップひなた【特定福祉用具販売】大阪府泉佐野市岡本2丁目2番24号", "url": "https://www.kaigokensaku.mhlw.go.jp/27/index.php?action_kouhyou_detail_004_kani=true&JigyosyoCd=2774503805-00&ServiceCd=410&Type=search", "url2": "https://seven2021.co.jp/" }, "geometry": { "type": "Point", "coordinates": [ 135.301959100000033, 34.39356040000002 ] } },
{ "type": "Feature", "properties": { "内容": "かじせケアサポート【特定福祉用具販売】大阪府泉佐野市高松北1-4-15", "url": "https://www.kaigokensaku.mhlw.go.jp/27/index.php?action_kouhyou_detail_004_kani=true&JigyosyoCd=2774501320-00&ServiceCd=410&Type=search", "url2": "http://kajise.com/" }, "geometry": { "type": "Point", "coordinates": [ 135.315879900000027, 34.4095501 ] } },
{ "type": "Feature", "properties": { "内容": "かじせ総合設備リスタート【特定福祉用具販売】大阪府泉佐野市日根野5948番2", "url": "https://www.kaigokensaku.mhlw.go.jp/27/index.php?action_kouhyou_detail_004_kani=true&JigyosyoCd=2774502633-00&ServiceCd=410&Type=search", "url2": "http://kajise-sogo-setubi.com" }, "geometry": { "type": "Point", "coordinates": [ 135.325565500000039, 34.3944048 ] } },
{ "type": "Feature", "properties": { "内容": "有限会社梶野商店【特定福祉用具販売】大阪府泉佐野市市場西2丁目2番15号", "url": "https://www.kaigokensaku.mhlw.go.jp/27/index.php?action_kouhyou_detail_004_kani=true&JigyosyoCd=2774500173-00&ServiceCd=410&Type=search", "url2": null }, "geometry": { "type": "Point", "coordinates": [ 135.3210784, 34.4061614 ] } },
{ "type": "Feature", "properties": { "内容": "株式会社M＆C　やすらぎの村　福祉用具富田林【特定福祉用具販売】大阪府富田林市向陽台２－１－１２", "url": "https://www.kaigokensaku.mhlw.go.jp/27/index.php?action_kouhyou_detail_004_kani=true&JigyosyoCd=2774900100-00&ServiceCd=410&Type=search", "url2": "http://www.inforlive.com" }, "geometry": { "type": "Point", "coordinates": [ 135.58085379325405, 34.501071803420409 ] } },
{ "type": "Feature", "properties": { "内容": "サンケアライフ【特定福祉用具販売】大阪府寿町4-5-20", "url": "https://www.kaigokensaku.mhlw.go.jp/27/index.php?action_kouhyou_detail_004_kani=true&JigyosyoCd=2774901090-00&ServiceCd=410&Type=search", "url2": "http://sun-care-life.sakura.ne.jp/" }, "geometry": { "type": "Point", "coordinates": [ 135.5577879, 34.4511335 ] } },
{ "type": "Feature", "properties": { "内容": "福祉用具つるとかめ　富田林【特定福祉用具販売】大阪府富田林市旭ケ丘町1番1号", "url": "https://www.kaigokensaku.mhlw.go.jp/27/index.php?action_kouhyou_detail_004_kani=true&JigyosyoCd=2774902999-00&ServiceCd=410&Type=search", "url2": null }, "geometry": { "type": "Point", "coordinates": [ 135.606785995735549, 34.520973446008405 ] } },
{ "type": "Feature", "properties": { "内容": "株式会社熊のバリアフリー工房【特定福祉用具販売】大阪府富田林市宮甲田町16-23", "url": "https://www.kaigokensaku.mhlw.go.jp/27/index.php?action_kouhyou_detail_004_kani=true&JigyosyoCd=2774903534-00&ServiceCd=410&Type=search", "url2": null }, "geometry": { "type": "Point", "coordinates": [ 135.586756799999989, 34.4972819 ] } },
{ "type": "Feature", "properties": { "内容": "ライフマーク香里園【特定福祉用具販売】寝屋川市寿町50-34", "url": "https://www.kaigokensaku.mhlw.go.jp/27/index.php?action_kouhyou_detail_004_kani=true&JigyosyoCd=2770304919-00&ServiceCd=410&Type=search", "url2": "http://www.ueroku.jp/" }, "geometry": { "type": "Point", "coordinates": [ 135.626310600000011, 34.7836491 ] } },
{ "type": "Feature", "properties": { "内容": "福祉用具　ラビアン【特定福祉用具販売】大阪府寝屋川市高柳栄町8番1号", "url": "https://www.kaigokensaku.mhlw.go.jp/27/index.php?action_kouhyou_detail_004_kani=true&JigyosyoCd=2770305551-00&ServiceCd=410&Type=search", "url2": null }, "geometry": { "type": "Point", "coordinates": [ 135.609843100000035, 34.7675312 ] } },
{ "type": "Feature", "properties": { "内容": "はなまるレンタルサービス寝屋川支店【特定福祉用具販売】大阪府寝屋川市仁和寺本町4-11-13", "url": "https://www.kaigokensaku.mhlw.go.jp/27/index.php?action_kouhyou_detail_004_kani=true&JigyosyoCd=2770306872-00&ServiceCd=410&Type=search", "url2": "https://time-get.com/" }, "geometry": { "type": "Point", "coordinates": [ 135.5946813, 34.76612 ] } },
{ "type": "Feature", "properties": { "内容": "ケア２１ライフプラス京阪大利【特定福祉用具販売】大阪府寝屋川市長栄寺町6番16号あしびビル1階103号室", "url": "https://www.kaigokensaku.mhlw.go.jp/27/index.php?action_kouhyou_detail_004_kani=true&JigyosyoCd=2770304539-00&ServiceCd=410&Type=search", "url2": "https://www.care21.co.jp/service/rental/lifeplus" }, "geometry": { "type": "Point", "coordinates": [ 135.611581900000033, 34.7654343 ] } },
{ "type": "Feature", "properties": { "内容": "ライフワーク介護サービス【特定福祉用具販売】大阪府寝屋川市萱島東1丁目9番24号", "url": "https://www.kaigokensaku.mhlw.go.jp/27/index.php?action_kouhyou_detail_004_kani=true&JigyosyoCd=2770303044-00&ServiceCd=410&Type=search", "url2": "https://lifework-osaka.com" }, "geometry": { "type": "Point", "coordinates": [ 135.615709903124639, 34.749394305540406 ] } },
{ "type": "Feature", "properties": { "内容": "株式会社　三笑堂　大阪支店【特定福祉用具販売】寝屋川市木屋元町7-14", "url": "https://www.kaigokensaku.mhlw.go.jp/27/index.php?action_kouhyou_detail_004_kani=true&JigyosyoCd=2770301014-00&ServiceCd=410&Type=search", "url2": "http://www.sanshodoh.co.jp/" }, "geometry": { "type": "Point", "coordinates": [ 135.617433500000061, 34.7869986 ] } },
{ "type": "Feature", "properties": { "内容": "スコップ2【特定福祉用具販売】大阪府寝屋川市錦町11-12グレイスキューブ202号室", "url": "https://www.kaigokensaku.mhlw.go.jp/27/index.php?action_kouhyou_detail_004_kani=true&JigyosyoCd=2770307136-00&ServiceCd=410&Type=search", "url2": "https://kaigo-scoop.com/" }, "geometry": { "type": "Point", "coordinates": [ 135.6165624, 34.7609967 ] } },
{ "type": "Feature", "properties": { "内容": "ダスキンヘルスレント寝屋川ステーション【特定福祉用具販売】大阪府寝屋川市石津中町37番7号", "url": "https://www.kaigokensaku.mhlw.go.jp/27/index.php?action_kouhyou_detail_004_kani=true&JigyosyoCd=2770306732-00&ServiceCd=410&Type=search", "url2": "https://dhr-hirakata.com/" }, "geometry": { "type": "Point", "coordinates": [ 135.621579499999967, 34.7767195 ] } },
{ "type": "Feature", "properties": { "内容": "そうごうケアサプライ寝屋川【特定福祉用具販売】大阪府寝屋川市大利元町4-7", "url": "https://www.kaigokensaku.mhlw.go.jp/27/index.php?action_kouhyou_detail_004_kani=true&JigyosyoCd=2770305866-00&ServiceCd=410&Type=search", "url2": "https://www.sogo-care.co.jp/" }, "geometry": { "type": "Point", "coordinates": [ 135.616342560762945, 34.764809218918984 ] } },
{ "type": "Feature", "properties": { "内容": "介護ショップレンタケア【特定福祉用具販売】大阪府寝屋川市打上中町8-2パークサイドマンション202号", "url": "https://www.kaigokensaku.mhlw.go.jp/27/index.php?action_kouhyou_detail_004_kani=true&JigyosyoCd=2770305270-00&ServiceCd=410&Type=search", "url2": null }, "geometry": { "type": "Point", "coordinates": [ 135.655922499999974, 34.7596909 ] } },
{ "type": "Feature", "properties": { "内容": "ティースタイル【特定福祉用具販売】大阪府寝屋川市長栄寺町9-4", "url": "https://www.kaigokensaku.mhlw.go.jp/27/index.php?action_kouhyou_detail_004_kani=true&JigyosyoCd=2770307284-00&ServiceCd=410&Type=search", "url2": null }, "geometry": { "type": "Point", "coordinates": [ 135.612916500000011, 34.7658051 ] } },
{ "type": "Feature", "properties": { "内容": "福祉用具みかん【特定福祉用具販売】大阪府河内長野市喜多町197-5", "url": "https://www.kaigokensaku.mhlw.go.jp/27/index.php?action_kouhyou_detail_004_kani=true&JigyosyoCd=2770703136-00&ServiceCd=410&Type=search", "url2": null }, "geometry": { "type": "Point", "coordinates": [ 135.569291, 34.4464172 ] } },
{ "type": "Feature", "properties": { "内容": "医療法人生登会てらもと介護用品レンタル【特定福祉用具販売】大阪府河内長野市古野町4番11号", "url": "https://www.kaigokensaku.mhlw.go.jp/27/index.php?action_kouhyou_detail_004_kani=true&JigyosyoCd=2770700512-00&ServiceCd=410&Type=search", "url2": "http://www.teramoto.or.jp" }, "geometry": { "type": "Point", "coordinates": [ 135.569597499999986, 34.4558514 ] } },
{ "type": "Feature", "properties": { "内容": "ジャパンライフサポート河内長野【特定福祉用具販売】大阪府河内長野市楠町東1209-1", "url": "https://www.kaigokensaku.mhlw.go.jp/27/index.php?action_kouhyou_detail_004_kani=true&JigyosyoCd=2770703029-00&ServiceCd=410&Type=search", "url2": "https://human-life-support.com" }, "geometry": { "type": "Point", "coordinates": [ 135.563677358721918, 34.473576994259624 ] } },
{ "type": "Feature", "properties": { "内容": "福祉用具　つるとかめ【特定福祉用具販売】大阪府河内長野市西之山町11番16号", "url": "https://www.kaigokensaku.mhlw.go.jp/27/index.php?action_kouhyou_detail_004_kani=true&JigyosyoCd=2770701718-00&ServiceCd=410&Type=search", "url2": null }, "geometry": { "type": "Point", "coordinates": [ 135.5636591, 34.4577288 ] } },
{ "type": "Feature", "properties": { "内容": "やすらぎの村河内長野【特定福祉用具販売】大阪府河内長野市西之山町7-2", "url": "https://www.kaigokensaku.mhlw.go.jp/27/index.php?action_kouhyou_detail_004_kani=true&JigyosyoCd=2770701221-00&ServiceCd=410&Type=search", "url2": "http://www.inforlive.com" }, "geometry": { "type": "Point", "coordinates": [ 135.561539900000071, 34.4548708 ] } },
{ "type": "Feature", "properties": { "内容": "ケアショップレインボー【特定福祉用具販売】大阪府河内長野市昭栄町５－４", "url": "https://www.kaigokensaku.mhlw.go.jp/27/index.php?action_kouhyou_detail_004_kani=true&JigyosyoCd=2770702344-00&ServiceCd=410&Type=search", "url2": "https://www.care-rainbow.jp/" }, "geometry": { "type": "Point", "coordinates": [ 135.56005384492471, 34.453704686389685 ] } },
{ "type": "Feature", "properties": { "内容": "パナソニックエイジフリーショップ　河内長野【特定福祉用具販売】大阪府河内長野市本多町１番４３号本多ビルディー1階", "url": "https://www.kaigokensaku.mhlw.go.jp/27/index.php?action_kouhyou_detail_004_kani=true&JigyosyoCd=2770700546-00&ServiceCd=410&Type=search", "url2": "https://www.greencare.info/" }, "geometry": { "type": "Point", "coordinates": [ 135.56909730000001, 34.4549283 ] } },
{ "type": "Feature", "properties": { "内容": "コープふれあい福祉センター【特定福祉用具販売】大阪府松原市岡7丁目229-1", "url": "https://www.kaigokensaku.mhlw.go.jp/27/index.php?action_kouhyou_detail_004_kani=true&JigyosyoCd=2774802868-00&ServiceCd=410&Type=search", "url2": "http://www.izumi.coop" }, "geometry": { "type": "Point", "coordinates": [ 135.5497734, 34.5615735 ] } },
{ "type": "Feature", "properties": { "内容": "サカイケアリース【特定福祉用具販売】大阪府松原市三宅東1丁目7番5号", "url": "https://www.kaigokensaku.mhlw.go.jp/27/index.php?action_kouhyou_detail_004_kani=true&JigyosyoCd=2774802413-00&ServiceCd=410&Type=search", "url2": "https://www.sakai2020.com" }, "geometry": { "type": "Point", "coordinates": [ 135.5574828, 34.5863662 ] } },
{ "type": "Feature", "properties": { "内容": "優ライフサポート【特定福祉用具販売】大阪府松原市一津屋5-23-10", "url": "https://www.kaigokensaku.mhlw.go.jp/27/index.php?action_kouhyou_detail_004_kani=true&JigyosyoCd=2774802363-00&ServiceCd=410&Type=search", "url2": null }, "geometry": { "type": "Point", "coordinates": [ 135.5759697, 34.5810727 ] } },
{ "type": "Feature", "properties": { "内容": "リマインドケア大阪南【特定福祉用具販売】大阪府松原市東新町4ｰ5ｰ15EXハイツ東新町102号室", "url": "https://www.kaigokensaku.mhlw.go.jp/27/index.php?action_kouhyou_detail_004_kani=true&JigyosyoCd=2774802454-00&ServiceCd=410&Type=search", "url2": "http://remind-c.jp/" }, "geometry": { "type": "Point", "coordinates": [ 135.5421485, 34.5751611 ] } },
{ "type": "Feature", "properties": { "内容": "シェイクハンズ【特定福祉用具販売】大阪府大東市北条１丁目２４番８号コーポ田中Ⅱ２０１", "url": "https://www.kaigokensaku.mhlw.go.jp/27/index.php?action_kouhyou_detail_004_kani=true&JigyosyoCd=2771902539-00&ServiceCd=410&Type=search", "url2": null }, "geometry": { "type": "Point", "coordinates": [ 135.6418619, 34.7221484 ] } },
{ "type": "Feature", "properties": { "内容": "ポニー【特定福祉用具販売】大阪府大東市氷野４丁目５番１２号", "url": "https://www.kaigokensaku.mhlw.go.jp/27/index.php?action_kouhyou_detail_004_kani=true&JigyosyoCd=2771901218-00&ServiceCd=410&Type=search", "url2": null }, "geometry": { "type": "Point", "coordinates": [ 135.61008860000004, 34.7146177 ] } },
{ "type": "Feature", "properties": { "内容": "川村義肢株式会社　本社【特定福祉用具販売】大阪府大東市御領１－１２－１", "url": "https://www.kaigokensaku.mhlw.go.jp/27/index.php?action_kouhyou_detail_004_kani=true&JigyosyoCd=2771900087-00&ServiceCd=410&Type=search", "url2": "http://www.kawamura-gishi.co.jp/" }, "geometry": { "type": "Point", "coordinates": [ 135.61607129999993, 34.717253700000015 ] } },
{ "type": "Feature", "properties": { "内容": "エジソンケア【特定福祉用具販売】大阪府大東市平野屋1-6-20", "url": "https://www.kaigokensaku.mhlw.go.jp/27/index.php?action_kouhyou_detail_004_kani=true&JigyosyoCd=2771902513-00&ServiceCd=410&Type=search", "url2": null }, "geometry": { "type": "Point", "coordinates": [ 135.636832199999986, 34.7084232 ] } },
{ "type": "Feature", "properties": { "内容": "アビリティーズ・ケアネット株式会社　泉州営業所【特定福祉用具販売】大阪府和泉市府中町６丁目１１番１９号", "url": "https://www.kaigokensaku.mhlw.go.jp/27/index.php?action_kouhyou_detail_004_kani=true&JigyosyoCd=2770501423-00&ServiceCd=410&Type=search", "url2": "https://www.abilities.jp" }, "geometry": { "type": "Point", "coordinates": [ 135.428493099999969, 34.48954 ] } },
{ "type": "Feature", "properties": { "内容": "サンセット福祉用具サービス【特定福祉用具販売】大阪府和泉市伯太町六丁目10－20ロフティ・ロット201", "url": "https://www.kaigokensaku.mhlw.go.jp/27/index.php?action_kouhyou_detail_004_kani=true&JigyosyoCd=2770505838-00&ServiceCd=410&Type=search", "url2": null }, "geometry": { "type": "Point", "coordinates": [ 135.434117, 34.4992777 ] } },
{ "type": "Feature", "properties": { "内容": "ループ【特定福祉用具販売】大阪府和泉市内田町二丁目6-29", "url": "https://www.kaigokensaku.mhlw.go.jp/27/index.php?action_kouhyou_detail_004_kani=true&JigyosyoCd=2770503437-00&ServiceCd=410&Type=search", "url2": "https://kuukansouzou.com" }, "geometry": { "type": "Point", "coordinates": [ 135.450830788815409, 34.451246353389557 ] } },
{ "type": "Feature", "properties": { "内容": "住空間創造　介輪【特定福祉用具販売】大阪府和泉市はつが野二丁目３番２号", "url": "https://www.kaigokensaku.mhlw.go.jp/27/index.php?action_kouhyou_detail_004_kani=true&JigyosyoCd=2770501654-00&ServiceCd=410&Type=search", "url2": null }, "geometry": { "type": "Point", "coordinates": [ 135.463646, 34.4521422 ] } },
{ "type": "Feature", "properties": { "内容": "ベリーウェル【特定福祉用具販売】大阪府和泉市浦田町231番地3", "url": "https://www.kaigokensaku.mhlw.go.jp/27/index.php?action_kouhyou_detail_004_kani=true&JigyosyoCd=2770501258-00&ServiceCd=410&Type=search", "url2": "http://www.izumi-verywell.co.jp" }, "geometry": { "type": "Point", "coordinates": [ 135.468823842991696, 34.455096436819993 ] } },
{ "type": "Feature", "properties": { "内容": "福祉用具　まあん【特定福祉用具販売】大阪府和泉市のぞみ野三丁目11番26号プレージュのぞみ野101号", "url": "https://www.kaigokensaku.mhlw.go.jp/27/index.php?action_kouhyou_detail_004_kani=true&JigyosyoCd=2770503775-00&ServiceCd=410&Type=search", "url2": "https://sites.google.com/view/fukushiyogu-maan" }, "geometry": { "type": "Point", "coordinates": [ 135.45749109999997, 34.4518883 ] } },
{ "type": "Feature", "properties": { "内容": "西川株式会社／ネーブルハウス箕面事業所【特定福祉用具販売】大阪府箕面市船場西1-14-16", "url": "https://www.kaigokensaku.mhlw.go.jp/27/index.php?action_kouhyou_detail_004_kani=true&JigyosyoCd=2771402415-00&ServiceCd=410&Type=search", "url2": "https://nablehouse.co.jp/" }, "geometry": { "type": "Point", "coordinates": [ 135.483963499999959, 34.8211679 ] } },
{ "type": "Feature", "properties": { "内容": "ケアセンターきぼう【特定福祉用具販売】大阪府箕面市桜ヶ丘1-7-30", "url": "https://www.kaigokensaku.mhlw.go.jp/27/index.php?action_kouhyou_detail_004_kani=true&JigyosyoCd=2771402043-00&ServiceCd=410&Type=search", "url2": "https://hp.kaipoke.biz/3fa/index.html" }, "geometry": { "type": "Point", "coordinates": [ 135.4570723, 34.8243629 ] } },
{ "type": "Feature", "properties": { "内容": "ダスキンヘルスレント箕面ステーション【特定福祉用具販売】大阪府箕面市牧落3-16-4", "url": "https://www.kaigokensaku.mhlw.go.jp/27/index.php?action_kouhyou_detail_004_kani=true&JigyosyoCd=2771401474-00&ServiceCd=410&Type=search", "url2": "http://healthrent.duskin.jp/" }, "geometry": { "type": "Point", "coordinates": [ 135.473835040532464, 34.824449961769155 ] } },
{ "type": "Feature", "properties": { "内容": "綜合メディカル株式会社【特定福祉用具販売】大阪府箕面市如意谷2丁目１０－３５", "url": "https://www.kaigokensaku.mhlw.go.jp/27/index.php?action_kouhyou_detail_004_kani=true&JigyosyoCd=2771400211-00&ServiceCd=410&Type=search", "url2": "http://sougoumedical.jp" }, "geometry": { "type": "Point", "coordinates": [ 135.4842698, 34.838071 ] } },
{ "type": "Feature", "properties": { "内容": "シルバークロス福祉住環境相談所【特定福祉用具販売】大阪府柏原市河原町3－34", "url": "https://www.kaigokensaku.mhlw.go.jp/27/index.php?action_kouhyou_detail_004_kani=true&JigyosyoCd=2774600296-00&ServiceCd=410&Type=search", "url2": "http://www.silvercross.co.jp" }, "geometry": { "type": "Point", "coordinates": [ 135.623694667052632, 34.593395581210139 ] } },
{ "type": "Feature", "properties": { "内容": "株式会社愛安住　はびきの営業所【特定福祉用具販売】大阪府羽曳野市はびきの3丁目7番4号ウェルビーイングはびきの", "url": "https://www.kaigokensaku.mhlw.go.jp/27/index.php?action_kouhyou_detail_004_kani=true&JigyosyoCd=2773802869-00&ServiceCd=410&Type=search", "url2": "https://www.aianju.co.jp/" }, "geometry": { "type": "Point", "coordinates": [ 135.5910807, 34.549012 ] } },
{ "type": "Feature", "properties": { "内容": "ハートウィング羽曳野【特定福祉用具販売】大阪府羽曳野市白鳥1-11-4", "url": "https://www.kaigokensaku.mhlw.go.jp/27/index.php?action_kouhyou_detail_004_kani=true&JigyosyoCd=2773801580-00&ServiceCd=410&Type=search", "url2": null }, "geometry": { "type": "Point", "coordinates": [ 135.6066845, 34.5522929 ] } },
{ "type": "Feature", "properties": { "内容": "青山ケアショップ【特定福祉用具販売】大阪府羽曳野市伊賀四丁目6番1号", "url": "https://www.kaigokensaku.mhlw.go.jp/27/index.php?action_kouhyou_detail_004_kani=true&JigyosyoCd=2773801119-00&ServiceCd=410&Type=search", "url2": "http://www.aoyama-care.jp" }, "geometry": { "type": "Point", "coordinates": [ 135.582939300000021, 34.5580954 ] } },
{ "type": "Feature", "properties": { "内容": "ケアライフ羽曳野営業所【特定福祉用具販売】大阪府羽曳野市伊賀３２番地1", "url": "https://www.kaigokensaku.mhlw.go.jp/27/index.php?action_kouhyou_detail_004_kani=true&JigyosyoCd=2773802711-00&ServiceCd=410&Type=search", "url2": "http://www.care-life.co.jp" }, "geometry": { "type": "Point", "coordinates": [ 135.580930599999988, 34.5581442 ] } },
{ "type": "Feature", "properties": { "内容": "フランスベッド株式会社　メディカル大阪中央営業所【特定福祉用具販売】大阪府門真市三ツ島3-8-2シロハイヌ門真1F", "url": "https://www.kaigokensaku.mhlw.go.jp/27/index.php?action_kouhyou_detail_004_kani=true&JigyosyoCd=2772601866-00&ServiceCd=410&Type=search", "url2": "http://www.francebed.co.jp" }, "geometry": { "type": "Point", "coordinates": [ 135.594320899999957, 34.716603500000019 ] } },
{ "type": "Feature", "properties": { "内容": "ダスキンヘルスレント門真ステーション【特定福祉用具販売】大阪府門真市深田町１ー６GMビル第三302号", "url": "https://www.kaigokensaku.mhlw.go.jp/27/index.php?action_kouhyou_detail_004_kani=true&JigyosyoCd=2772604464-00&ServiceCd=410&Type=search", "url2": "https://healthrent.duskin.jp/" }, "geometry": { "type": "Point", "coordinates": [ 135.5891743, 34.7337805 ] } },
{ "type": "Feature", "properties": { "内容": "手すり工房【特定福祉用具販売】大阪府門真市栄町11-15", "url": "https://www.kaigokensaku.mhlw.go.jp/27/index.php?action_kouhyou_detail_004_kani=true&JigyosyoCd=2772602443-00&ServiceCd=410&Type=search", "url2": null }, "geometry": { "type": "Point", "coordinates": [ 135.580032199999977, 34.7361953 ] } },
{ "type": "Feature", "properties": { "内容": "壷山木工所門真支店【特定福祉用具販売】大阪府門真市東田町18-6エミネンス弐番館　201号", "url": "https://www.kaigokensaku.mhlw.go.jp/27/index.php?action_kouhyou_detail_004_kani=true&JigyosyoCd=2772604688-00&ServiceCd=410&Type=search", "url2": "https://ttn-net.com/" }, "geometry": { "type": "Point", "coordinates": [ 135.592219, 34.7259826 ] } },
{ "type": "Feature", "properties": { "内容": "ニック株式会社大阪門真営業所【特定福祉用具販売】大阪府門真市新橋町22番10号ハイコート門真1F", "url": "https://www.kaigokensaku.mhlw.go.jp/27/index.php?action_kouhyou_detail_004_kani=true&JigyosyoCd=2772604548-00&ServiceCd=410&Type=search", "url2": "https://www.nick-corp.com/" }, "geometry": { "type": "Point", "coordinates": [ 135.585970609548696, 34.734116001958022 ] } },
{ "type": "Feature", "properties": { "内容": "パナソニックエイジフリーショップ門真なみはや【特定福祉用具販売】大阪府門真市三ツ島5丁目36番1号KLセンター3階", "url": "https://www.kaigokensaku.mhlw.go.jp/27/index.php?action_kouhyou_detail_004_kani=true&JigyosyoCd=2772603342-00&ServiceCd=410&Type=search", "url2": "http://sumai.panasonic.jp/agefree/map/detail.php?id=216" }, "geometry": { "type": "Point", "coordinates": [ 135.597770500000024, 34.7153425 ] } },
{ "type": "Feature", "properties": { "内容": "株式会社　さんきゅー　千里丘営業所【特定福祉用具販売】大阪府摂津市千里丘東1丁目12-14フォルム千里丘", "url": "https://www.kaigokensaku.mhlw.go.jp/27/index.php?action_kouhyou_detail_004_kani=true&JigyosyoCd=2773701392-00&ServiceCd=410&Type=search", "url2": "http://www.39sankyu.co.jp" }, "geometry": { "type": "Point", "coordinates": [ 135.552362099999982, 34.7925099 ] } },
{ "type": "Feature", "properties": { "内容": "株式会社トーカイ大阪北支店【特定福祉用具販売】大阪府摂津市鳥飼本町4丁目8番9号", "url": "https://www.kaigokensaku.mhlw.go.jp/27/index.php?action_kouhyou_detail_004_kani=true&JigyosyoCd=2773700055-00&ServiceCd=410&Type=search", "url2": "http://www.tokai-corp.com/" }, "geometry": { "type": "Point", "coordinates": [ 135.579784600000039, 34.777082 ] } },
{ "type": "Feature", "properties": { "内容": "ダスキンヘルスレント高石ステーション【特定福祉用具販売】大阪府高石市綾園２丁目７－１8", "url": "https://www.kaigokensaku.mhlw.go.jp/27/index.php?action_kouhyou_detail_004_kani=true&JigyosyoCd=2775300326-00&ServiceCd=410&Type=search", "url2": "https://www.kasite.net" }, "geometry": { "type": "Point", "coordinates": [ 135.441699800000038, 34.5175092 ] } },
{ "type": "Feature", "properties": { "内容": "ケアショップハル高石店【特定福祉用具販売】大阪府高石市西取石5-4-13", "url": "https://www.kaigokensaku.mhlw.go.jp/27/index.php?action_kouhyou_detail_004_kani=true&JigyosyoCd=2775301639-00&ServiceCd=410&Type=search", "url2": null }, "geometry": { "type": "Point", "coordinates": [ 135.4464226, 34.5184116 ] } },
{ "type": "Feature", "properties": { "内容": "有限会社　ライフサポート【特定福祉用具販売】大阪府高石市取石1丁目12番1号", "url": "https://www.kaigokensaku.mhlw.go.jp/27/index.php?action_kouhyou_detail_004_kani=true&JigyosyoCd=2775300185-00&ServiceCd=410&Type=search", "url2": null }, "geometry": { "type": "Point", "coordinates": [ 135.4520043, 34.5229004 ] } },
{ "type": "Feature", "properties": { "内容": "福祉用具かりん【特定福祉用具販売】大阪府藤井寺市林2-6-22　2F", "url": "https://www.kaigokensaku.mhlw.go.jp/27/index.php?action_kouhyou_detail_004_kani=true&JigyosyoCd=2773402074-00&ServiceCd=410&Type=search", "url2": "https://round-care.com/" }, "geometry": { "type": "Point", "coordinates": [ 135.608963901527346, 34.577096444742885 ] } },
{ "type": "Feature", "properties": { "内容": "ダスキンヘルレント藤井寺ステーション【特定福祉用具販売】大阪府藤井寺市小山8-4-7", "url": "https://www.kaigokensaku.mhlw.go.jp/27/index.php?action_kouhyou_detail_004_kani=true&JigyosyoCd=2773400334-00&ServiceCd=410&Type=search", "url2": null }, "geometry": { "type": "Point", "coordinates": [ 135.601667499999962, 34.5796296 ] } },
{ "type": "Feature", "properties": { "内容": "大阪ホームケアレンタル事業所【特定福祉用具販売】大阪府藤井寺市御舟町1-65藤井寺オフィスビル3階D号室", "url": "https://www.kaigokensaku.mhlw.go.jp/27/index.php?action_kouhyou_detail_004_kani=true&JigyosyoCd=2773401787-00&ServiceCd=410&Type=search", "url2": "https://www.medi-care.co.jp" }, "geometry": { "type": "Point", "coordinates": [ 135.5993824, 34.5743653 ] } },
{ "type": "Feature", "properties": { "内容": "福祉用具のMA-RU【特定福祉用具販売】大阪府藤井寺市小山七丁目1225番地の9", "url": "https://www.kaigokensaku.mhlw.go.jp/27/index.php?action_kouhyou_detail_004_kani=true&JigyosyoCd=2773402090-00&ServiceCd=410&Type=search", "url2": "https://www.maru-rin.com/" }, "geometry": { "type": "Point", "coordinates": [ 135.6005453, 34.5849874 ] } },
{ "type": "Feature", "properties": { "内容": "かぶしきかいしゃ　やました　ふじいでらえいぎょうしょ【特定福祉用具販売】大阪府藤井寺市岡2丁目12番6号進和ビルディング４階", "url": "https://www.kaigokensaku.mhlw.go.jp/27/index.php?action_kouhyou_detail_004_kani=true&JigyosyoCd=2773402157-00&ServiceCd=410&Type=search", "url2": "https://www.yco.co.jp/" }, "geometry": { "type": "Point", "coordinates": [ 135.5927685, 34.5733174 ] } },
{ "type": "Feature", "properties": { "内容": "シエルクレア・サービス【特定福祉用具販売】大阪府藤井寺市国府1-1-7", "url": "https://www.kaigokensaku.mhlw.go.jp/27/index.php?action_kouhyou_detail_004_kani=true&JigyosyoCd=2773401928-00&ServiceCd=410&Type=search", "url2": "https://care-tou.com/" }, "geometry": { "type": "Point", "coordinates": [ 135.61563380000004, 34.5721347 ] } },
{ "type": "Feature", "properties": { "内容": "カシダス荒本【特定福祉用具販売】大阪府東大阪市新庄西7-5", "url": "https://www.kaigokensaku.mhlw.go.jp/27/index.php?action_kouhyou_detail_004_kani=true&JigyosyoCd=2775008994-00&ServiceCd=410&Type=search", "url2": "http://www.kashidasu.co.jp/" }, "geometry": { "type": "Point", "coordinates": [ 135.5995116, 34.688651100000037 ] } },
{ "type": "Feature", "properties": { "内容": "フランスベッド株式会社メディカル東大阪営業所【特定福祉用具販売】大阪府東大阪市小若江３-２２-１２", "url": "https://www.kaigokensaku.mhlw.go.jp/27/index.php?action_kouhyou_detail_004_kani=true&JigyosyoCd=2775013507-00&ServiceCd=410&Type=search", "url2": null }, "geometry": { "type": "Point", "coordinates": [ 135.589472500000056, 34.6484498 ] } },
{ "type": "Feature", "properties": { "内容": "医療法人藤井会藤井会福祉用具レンタルサービス【特定福祉用具販売】大阪府東大阪市弥生町17-6藤井会リハビリテーション病院1階", "url": "https://www.kaigokensaku.mhlw.go.jp/27/index.php?action_kouhyou_detail_004_kani=true&JigyosyoCd=2775015510-00&ServiceCd=410&Type=search", "url2": "https://fukushi-rent.fujiikai.jp/" }, "geometry": { "type": "Point", "coordinates": [ 135.6351889, 34.6792301 ] } },
{ "type": "Feature", "properties": { "内容": "株式会社オール【特定福祉用具販売】大阪府東大阪市下小阪3-13-16-101", "url": "https://www.kaigokensaku.mhlw.go.jp/27/index.php?action_kouhyou_detail_004_kani=true&JigyosyoCd=2775014786-00&ServiceCd=410&Type=search", "url2": null }, "geometry": { "type": "Point", "coordinates": [ 135.586667274698016, 34.661314119562149 ] } },
{ "type": "Feature", "properties": { "内容": "ダスキンヘルスレント東大阪ステーション【特定福祉用具販売】大阪府東大阪市菱屋西6丁目５－１７シャルマンコーポ小阪１０８号", "url": "https://www.kaigokensaku.mhlw.go.jp/27/index.php?action_kouhyou_detail_004_kani=true&JigyosyoCd=2775009091-00&ServiceCd=410&Type=search", "url2": null }, "geometry": { "type": "Point", "coordinates": [ 135.578652, 34.6672422 ] } },
{ "type": "Feature", "properties": { "内容": "介護用品　和奏【特定福祉用具販売】大阪府東大阪市古箕輪1-15-2", "url": "https://www.kaigokensaku.mhlw.go.jp/27/index.php?action_kouhyou_detail_004_kani=true&JigyosyoCd=2775010719-00&ServiceCd=410&Type=search", "url2": "http://www.neolinks.co.jp/" }, "geometry": { "type": "Point", "coordinates": [ 135.6161717, 34.6880679 ] } },
{ "type": "Feature", "properties": { "内容": "リマインドケア【特定福祉用具販売】大阪府東大阪市西岩田4-6-3COMPLAZA中環C号室", "url": "https://www.kaigokensaku.mhlw.go.jp/27/index.php?action_kouhyou_detail_004_kani=true&JigyosyoCd=2775013416-00&ServiceCd=410&Type=search", "url2": "http://www.remind-c.jp" }, "geometry": { "type": "Point", "coordinates": [ 135.5990266, 34.6683536 ] } },
{ "type": "Feature", "properties": { "内容": "福祉用具Nスマイル【特定福祉用具販売】大阪府東大阪市東石切町6-7-13", "url": "https://www.kaigokensaku.mhlw.go.jp/27/index.php?action_kouhyou_detail_004_kani=true&JigyosyoCd=2775015288-00&ServiceCd=410&Type=search", "url2": null }, "geometry": { "type": "Point", "coordinates": [ 135.6523238, 34.6882144 ] } },
{ "type": "Feature", "properties": { "内容": "コスモス福祉用具貸与サービス【特定福祉用具販売】大阪府東大阪市喜里川町１－２７", "url": "https://www.kaigokensaku.mhlw.go.jp/27/index.php?action_kouhyou_detail_004_kani=true&JigyosyoCd=2775009794-00&ServiceCd=410&Type=search", "url2": "http://matsuura-cosmos.or.jp/" }, "geometry": { "type": "Point", "coordinates": [ 135.640278399999943, 34.6668404 ] } },
{ "type": "Feature", "properties": { "内容": "ナニワ商事株式会社ヘルスケア事業部【特定福祉用具販売】東大阪市御厨中１丁目１４番１１号", "url": "https://www.kaigokensaku.mhlw.go.jp/27/index.php?action_kouhyou_detail_004_kani=true&JigyosyoCd=2775001429-00&ServiceCd=410&Type=search", "url2": "http://www.naniwa-shoji.co.jp" }, "geometry": { "type": "Point", "coordinates": [ 135.587587489024401, 34.668333965000471 ] } },
{ "type": "Feature", "properties": { "内容": "医療法人　興世会　石きり　福祉用具ステーション【特定福祉用具販売】大阪府東大阪市東石切町1-7-27", "url": "https://www.kaigokensaku.mhlw.go.jp/27/index.php?action_kouhyou_detail_004_kani=true&JigyosyoCd=2775005206-00&ServiceCd=410&Type=search", "url2": "http://www.ishikiri.net/" }, "geometry": { "type": "Point", "coordinates": [ 135.6468501, 34.6809557 ] } },
{ "type": "Feature", "properties": { "内容": "まつうら福祉用具貸与サービス【特定福祉用具販売】大阪府東大阪市喜里川町1-292F", "url": "https://www.kaigokensaku.mhlw.go.jp/27/index.php?action_kouhyou_detail_004_kani=true&JigyosyoCd=2775002195-00&ServiceCd=410&Type=search", "url2": "http://www.matsuura-cosmos.or.jp/" }, "geometry": { "type": "Point", "coordinates": [ 135.640424611537071, 34.667102785451739 ] } },
{ "type": "Feature", "properties": { "内容": "医療法人　宝持会介護用具センター【特定福祉用具販売】大阪府東大阪市宝持１丁目９番２８号", "url": "https://www.kaigokensaku.mhlw.go.jp/27/index.php?action_kouhyou_detail_004_kani=true&JigyosyoCd=2775002120-00&ServiceCd=410&Type=search", "url2": "http://ikeda-hospital.com" }, "geometry": { "type": "Point", "coordinates": [ 135.5888278, 34.6560852 ] } },
{ "type": "Feature", "properties": { "内容": "株式会社　ゴトウ・アズ・プランニング　東大阪店【特定福祉用具販売】大阪府東大阪市吉田本町1丁目3-25", "url": "https://www.kaigokensaku.mhlw.go.jp/27/index.php?action_kouhyou_detail_004_kani=true&JigyosyoCd=2775003524-00&ServiceCd=410&Type=search", "url2": "http://www.goto-az.co.jp" }, "geometry": { "type": "Point", "coordinates": [ 135.6240881, 34.6729309 ] } },
{ "type": "Feature", "properties": { "内容": "ひまわりケアサービス【特定福祉用具販売】大阪府東大阪市新町1-24", "url": "https://www.kaigokensaku.mhlw.go.jp/27/index.php?action_kouhyou_detail_004_kani=true&JigyosyoCd=2775004050-00&ServiceCd=410&Type=search", "url2": "https://lc-tierra.com/" }, "geometry": { "type": "Point", "coordinates": [ 135.6404952, 34.671652100000024 ] } },
{ "type": "Feature", "properties": { "内容": "ライフケアひまわり【特定福祉用具販売】東大阪市弥生町20番3号", "url": "https://www.kaigokensaku.mhlw.go.jp/27/index.php?action_kouhyou_detail_004_kani=true&JigyosyoCd=2775003102-00&ServiceCd=410&Type=search", "url2": "http://www.lc-himawari.com" }, "geometry": { "type": "Point", "coordinates": [ 135.634054440475438, 34.678844400000031 ] } },
{ "type": "Feature", "properties": { "内容": "シンケアサポート【特定福祉用具販売】大阪府東大阪市大蓮東2丁目14番32号", "url": "https://www.kaigokensaku.mhlw.go.jp/27/index.php?action_kouhyou_detail_004_kani=true&JigyosyoCd=2775013275-00&ServiceCd=410&Type=search", "url2": null }, "geometry": { "type": "Point", "coordinates": [ 135.583753900000033, 34.6364564 ] } },
{ "type": "Feature", "properties": { "内容": "介護サービス　モモ【特定福祉用具販売】大阪府東大阪市中石切町2丁目7番19号", "url": "https://www.kaigokensaku.mhlw.go.jp/27/index.php?action_kouhyou_detail_004_kani=true&JigyosyoCd=2775001841-00&ServiceCd=410&Type=search", "url2": null }, "geometry": { "type": "Point", "coordinates": [ 135.643959230976975, 34.685163907733397 ] } },
{ "type": "Feature", "properties": { "内容": "幸和ライフゼーション　東大阪【特定福祉用具販売】大阪府東大阪市高井田中2丁目6番11号C-Plant高井田CP-02号室", "url": "https://www.kaigokensaku.mhlw.go.jp/27/index.php?action_kouhyou_detail_004_kani=true&JigyosyoCd=2775017110-00&ServiceCd=410&Type=search", "url2": "https://www.kowa-lifezation.co.jp/" }, "geometry": { "type": "Point", "coordinates": [ 135.5717329, 34.6712542 ] } },
{ "type": "Feature", "properties": { "内容": "ダイキチレントオール株式会社【特定福祉用具販売】大阪府東大阪市荒本西３丁目２番４号", "url": "https://www.kaigokensaku.mhlw.go.jp/27/index.php?action_kouhyou_detail_004_kani=true&JigyosyoCd=2775003334-00&ServiceCd=410&Type=search", "url2": "http://fukushiyogu.daikichi-rentall.co.jp/" }, "geometry": { "type": "Point", "coordinates": [ 135.601498399999969, 34.6760471 ] } },
{ "type": "Feature", "properties": { "内容": "ＴＫグローバル【特定福祉用具販売】大阪府東大阪市荒本新町8-21", "url": "https://www.kaigokensaku.mhlw.go.jp/27/index.php?action_kouhyou_detail_004_kani=true&JigyosyoCd=2775014042-00&ServiceCd=410&Type=search", "url2": "http://www.kmg-creative.co.jp/" }, "geometry": { "type": "Point", "coordinates": [ 135.602109652990663, 34.677804004650376 ] } },
{ "type": "Feature", "properties": { "内容": "介護の太助　東大阪店【特定福祉用具販売】大阪府東大阪市長田東4-2-32大真ビル504", "url": "https://www.kaigokensaku.mhlw.go.jp/27/index.php?action_kouhyou_detail_004_kani=true&JigyosyoCd=2775013671-00&ServiceCd=410&Type=search", "url2": "https://www.kaigo-tasuke.co.jp" }, "geometry": { "type": "Point", "coordinates": [ 135.593407500000012, 34.683088 ] } },
{ "type": "Feature", "properties": { "内容": "幸レンタルサービス【特定福祉用具販売】大阪府東大阪市中小阪五丁目11番23号", "url": "https://www.kaigokensaku.mhlw.go.jp/27/index.php?action_kouhyou_detail_004_kani=true&JigyosyoCd=2775015445-00&ServiceCd=410&Type=search", "url2": "http://sachi.email/index.html" }, "geometry": { "type": "Point", "coordinates": [ 135.5908317, 34.6595001 ] } },
{ "type": "Feature", "properties": { "内容": "近鉄スマイルライフ株式会社【特定福祉用具販売】大阪府東大阪市西岩田1-12-29", "url": "https://www.kaigokensaku.mhlw.go.jp/27/index.php?action_kouhyou_detail_004_kani=true&JigyosyoCd=2775006832-00&ServiceCd=410&Type=search", "url2": "https://www.k-smile.com/" }, "geometry": { "type": "Point", "coordinates": [ 135.602420455173331, 34.663422438108583 ] } },
{ "type": "Feature", "properties": { "内容": "特定福祉用具販売　万天乃里【特定福祉用具販売】大阪府東大阪市稲葉三丁目２番コーポKM１F", "url": "https://www.kaigokensaku.mhlw.go.jp/27/index.php?action_kouhyou_detail_004_kani=true&JigyosyoCd=2775017250-00&ServiceCd=410&Type=search", "url2": null }, "geometry": { "type": "Point", "coordinates": [ 135.617097699999988, 34.6668432 ] } },
{ "type": "Feature", "properties": { "内容": "株式会社ハピネス【特定福祉用具販売】大阪府東大阪市新家中町2番30号", "url": "https://www.kaigokensaku.mhlw.go.jp/27/index.php?action_kouhyou_detail_004_kani=true&JigyosyoCd=2775002005-00&ServiceCd=410&Type=search", "url2": "https://www.happines-s.com/" }, "geometry": { "type": "Point", "coordinates": [ 135.5931837, 34.6739782 ] } },
{ "type": "Feature", "properties": { "内容": "たすけっと【特定福祉用具販売】大阪府東大阪市菱江1-16-3", "url": "https://www.kaigokensaku.mhlw.go.jp/27/index.php?action_kouhyou_detail_004_kani=true&JigyosyoCd=2775016815-00&ServiceCd=410&Type=search", "url2": null }, "geometry": { "type": "Point", "coordinates": [ 135.614669, 34.6723194 ] } },
{ "type": "Feature", "properties": { "内容": "生活ぷらす東大阪支店【特定福祉用具販売】大阪府東大阪市高井田中4-4-6", "url": "https://www.kaigokensaku.mhlw.go.jp/27/index.php?action_kouhyou_detail_004_kani=true&JigyosyoCd=2775017276-00&ServiceCd=410&Type=search", "url2": null }, "geometry": { "type": "Point", "coordinates": [ 135.5688107, 34.6762758 ] } },
{ "type": "Feature", "properties": { "内容": "株式会社　ウィズ　東大阪センター【特定福祉用具販売】大阪府東大阪市長田東3-2-2", "url": "https://www.kaigokensaku.mhlw.go.jp/27/index.php?action_kouhyou_detail_004_kani=true&JigyosyoCd=2775005834-00&ServiceCd=410&Type=search", "url2": "http://www.hello-with.com" }, "geometry": { "type": "Point", "coordinates": [ 135.5930826, 34.6804772 ] } },
{ "type": "Feature", "properties": { "内容": "リアンレンタルサービス【特定福祉用具販売】大阪府東大阪市西岩田四丁目6番3号", "url": "https://www.kaigokensaku.mhlw.go.jp/27/index.php?action_kouhyou_detail_004_kani=true&JigyosyoCd=2775017342-00&ServiceCd=410&Type=search", "url2": null }, "geometry": { "type": "Point", "coordinates": [ 135.5990606, 34.668375 ] } },
{ "type": "Feature", "properties": { "内容": "株式会社ヤマシタ　東大阪営業所【特定福祉用具販売】大阪府東大阪市長田中2‐2‐27", "url": "https://www.kaigokensaku.mhlw.go.jp/27/index.php?action_kouhyou_detail_004_kani=true&JigyosyoCd=2775015734-00&ServiceCd=410&Type=search", "url2": "https://www.ycota.jp/area/60221" }, "geometry": { "type": "Point", "coordinates": [ 135.589854800000012, 34.6792598 ] } },
{ "type": "Feature", "properties": { "内容": "プラスワンケア泉南事業所【特定福祉用具販売】大阪府泉南市樽井2-22-33", "url": "https://www.kaigokensaku.mhlw.go.jp/27/index.php?action_kouhyou_detail_004_kani=true&JigyosyoCd=2775601731-00&ServiceCd=410&Type=search", "url2": null }, "geometry": { "type": "Point", "coordinates": [ 135.271382899999907, 34.366287 ] } },
{ "type": "Feature", "properties": { "内容": "株式会社大黒ヘルスケアサービス関空店【特定福祉用具販売】大阪府泉南市信達岡中919-1", "url": "https://www.kaigokensaku.mhlw.go.jp/27/index.php?action_kouhyou_detail_004_kani=true&JigyosyoCd=2775601343-00&ServiceCd=410&Type=search", "url2": "https://daikoku-healthcare.co.jp" }, "geometry": { "type": "Point", "coordinates": [ 135.268268400000011, 34.3505588 ] } },
{ "type": "Feature", "properties": { "内容": "LIFEステーションみらい【特定福祉用具販売】大阪府泉南市樽井5-39-3", "url": "https://www.kaigokensaku.mhlw.go.jp/27/index.php?action_kouhyou_detail_004_kani=true&JigyosyoCd=2775601574-00&ServiceCd=410&Type=search", "url2": "http://help-mirai.jp/publics/index/17/" }, "geometry": { "type": "Point", "coordinates": [ 135.2606074, 34.3733052 ] } },
{ "type": "Feature", "properties": { "内容": "有限会社真ケアステーション【特定福祉用具販売】大阪府泉南市幡代1-371-8", "url": "https://www.kaigokensaku.mhlw.go.jp/27/index.php?action_kouhyou_detail_004_kani=true&JigyosyoCd=2775600568-00&ServiceCd=410&Type=search", "url2": "http://makotocare.jp" }, "geometry": { "type": "Point", "coordinates": [ 135.26291370845945, 34.357294617171874 ] } },
{ "type": "Feature", "properties": { "内容": "慶生会ライフサポート四條畷【特定福祉用具販売】大阪府四条畷市楠公2-10-16", "url": "https://www.kaigokensaku.mhlw.go.jp/27/index.php?action_kouhyou_detail_004_kani=true&JigyosyoCd=2775700780-00&ServiceCd=410&Type=search", "url2": "http://www.kyouseikai.org/" }, "geometry": { "type": "Point", "coordinates": [ 135.640608, 34.7321775 ] } },
{ "type": "Feature", "properties": { "内容": "福祉用具の詩情【特定福祉用具販売】大阪府四條畷市楠公2-5-17", "url": "https://www.kaigokensaku.mhlw.go.jp/27/index.php?action_kouhyou_detail_004_kani=true&JigyosyoCd=2775700749-00&ServiceCd=410&Type=search", "url2": null }, "geometry": { "type": "Point", "coordinates": [ 135.6417011, 34.733086 ] } },
{ "type": "Feature", "properties": { "内容": "株式会社Sunny【特定福祉用具販売】大阪府交野市星田４丁目15-5アズステーション星田207", "url": "https://www.kaigokensaku.mhlw.go.jp/27/index.php?action_kouhyou_detail_004_kani=true&JigyosyoCd=2773601683-00&ServiceCd=410&Type=search", "url2": "https://sunny-katano.com/index.html" }, "geometry": { "type": "Point", "coordinates": [ 135.6647072, 34.7655636 ] } },
{ "type": "Feature", "properties": { "内容": "リンクケアショップ狭山【特定福祉用具販売】大阪府大阪狭山市狭山2丁目902－4", "url": "https://www.kaigokensaku.mhlw.go.jp/27/index.php?action_kouhyou_detail_004_kani=true&JigyosyoCd=2779301684-00&ServiceCd=410&Type=search", "url2": "https://www.healthcare-link.co.jp/" }, "geometry": { "type": "Point", "coordinates": [ 135.554999900000013, 34.5033721 ] } },
{ "type": "Feature", "properties": { "内容": "げんき館i【特定福祉用具販売】大阪府大阪狭山市茱萸木3丁目254-2", "url": "https://www.kaigokensaku.mhlw.go.jp/27/index.php?action_kouhyou_detail_004_kani=true&JigyosyoCd=2779300850-00&ServiceCd=410&Type=search", "url2": "https://sites.google.com/view/genkikan-i/" }, "geometry": { "type": "Point", "coordinates": [ 135.548165700000027, 34.494191 ] } },
{ "type": "Feature", "properties": { "内容": "ジャパンライフサポート【特定福祉用具販売】大阪府大阪狭山市狭山5丁目2244番地3", "url": "https://www.kaigokensaku.mhlw.go.jp/27/index.php?action_kouhyou_detail_004_kani=true&JigyosyoCd=2779301809-00&ServiceCd=410&Type=search", "url2": "https://human-life-support.com" }, "geometry": { "type": "Point", "coordinates": [ 135.559420499999987, 34.5032221 ] } },
{ "type": "Feature", "properties": { "内容": "ピースライフケア【特定福祉用具販売】大阪府大阪狭山市半田一丁目６４７番地3ユートピアハイツ金剛２０１号室", "url": "https://www.kaigokensaku.mhlw.go.jp/27/index.php?action_kouhyou_detail_004_kani=true&JigyosyoCd=2779301239-00&ServiceCd=410&Type=search", "url2": null }, "geometry": { "type": "Point", "coordinates": [ 135.558573, 34.4957409 ] } },
{ "type": "Feature", "properties": { "内容": "ケアショップハル阪南店【特定福祉用具販売】大阪府阪南市自然田780-13", "url": "https://www.kaigokensaku.mhlw.go.jp/27/index.php?action_kouhyou_detail_004_kani=true&JigyosyoCd=2779500483-00&ServiceCd=410&Type=search", "url2": null }, "geometry": { "type": "Point", "coordinates": [ 135.2583131, 34.3413877 ] } },
{ "type": "Feature", "properties": { "内容": "はんなん介護ショップ【特定福祉用具販売】大阪府阪南市箱作325番地", "url": "https://www.kaigokensaku.mhlw.go.jp/27/index.php?action_kouhyou_detail_004_kani=true&JigyosyoCd=2779500525-00&ServiceCd=410&Type=search", "url2": null }, "geometry": { "type": "Point", "coordinates": [ 135.211813, 34.3403067 ] } },
{ "type": "Feature", "properties": { "内容": "関西メディカルサポ－ト福祉用具事業所【特定福祉用具販売】大阪府阪南市自然田448－3", "url": "https://www.kaigokensaku.mhlw.go.jp/27/index.php?action_kouhyou_detail_004_kani=true&JigyosyoCd=2779501424-00&ServiceCd=410&Type=search", "url2": null }, "geometry": { "type": "Point", "coordinates": [ 135.262241499999988, 34.3414659 ] } },
{ "type": "Feature", "properties": { "内容": "ケアショップすまいるズ熊取【特定福祉用具販売】大阪府泉南郡熊取町小垣内2-1989-3", "url": "https://www.kaigokensaku.mhlw.go.jp/27/index.php?action_kouhyou_detail_004_kani=true&JigyosyoCd=2771201502-00&ServiceCd=410&Type=search", "url2": "http://www.smiles294.co.jp" }, "geometry": { "type": "Point", "coordinates": [ 135.359279600000036, 34.398508 ] } },
{ "type": "Feature", "properties": { "内容": "ライフケア　カネイ【特定福祉用具販売】紺屋1丁目12-15", "url": "https://www.kaigokensaku.mhlw.go.jp/27/index.php?action_kouhyou_detail_004_kani=true&JigyosyoCd=2771201791-00&ServiceCd=410&Type=search", "url2": null }, "geometry": { "type": "Point", "coordinates": [ 135.347748776557864, 34.401474553674085 ] } },
{ "type": "Feature", "properties": { "内容": "オオサコケアショップ【特定福祉用具販売】大阪府泉南郡岬町淡輪1347番地", "url": "https://www.kaigokensaku.mhlw.go.jp/27/index.php?action_kouhyou_detail_004_kani=true&JigyosyoCd=2771201213-00&ServiceCd=410&Type=search", "url2": null }, "geometry": { "type": "Point", "coordinates": [ 135.1837031, 34.3235221 ] } },
{ "type": "Feature", "properties": { "内容": "介護ショップ　たけはら【特定福祉用具販売】大阪府泉南郡岬町淡輪1166-1", "url": "https://www.kaigokensaku.mhlw.go.jp/27/index.php?action_kouhyou_detail_004_kani=true&JigyosyoCd=2771200959-00&ServiceCd=410&Type=search", "url2": null }, "geometry": { "type": "Point", "coordinates": [ 135.180653200000052, 34.3312185 ] } }
]
}
