{
"type": "FeatureCollection",
"name": "geo_27_訪問リハビリテーション",
"crs": { "type": "name", "properties": { "name": "urn:ogc:def:crs:OGC:1.3:CRS84" } },
"features": [
{ "type": "Feature", "properties": { "内容": "ツヂ病院【訪問リハビリテーション】大阪市都島区都島北通１－２２－６", "url": "https://www.kaigokensaku.mhlw.go.jp/27/index.php?action_kouhyou_detail_004_kani=true&JigyosyoCd=2715201576-00&ServiceCd=140&Type=search", "url2": "https://www.tsuji-hospital.or.jp/" }, "geometry": { "type": "Point", "coordinates": [ 135.528476500000011, 34.7118974 ] } },
{ "type": "Feature", "properties": { "内容": "介護老人保健施設　東雄苑都島【訪問リハビリテーション】大阪市都島区中野町１丁目１３番１２号", "url": "https://www.kaigokensaku.mhlw.go.jp/27/index.php?action_kouhyou_detail_004_kani=true&JigyosyoCd=2755280027-00&ServiceCd=140&Type=search", "url2": "https://oukikai.or.jp/toyuen_miyakojima/" }, "geometry": { "type": "Point", "coordinates": [ 135.523937899999964, 34.7011875 ] } },
{ "type": "Feature", "properties": { "内容": "介護老人保健施設　庵みやこじま【訪問リハビリテーション】大阪府大阪市都島区都島本通5丁目14番4号", "url": "https://www.kaigokensaku.mhlw.go.jp/27/index.php?action_kouhyou_detail_004_kani=true&JigyosyoCd=2755280043-00&ServiceCd=140&Type=search", "url2": "https://kosumosukaigr.jp" }, "geometry": { "type": "Point", "coordinates": [ 135.53455624907383, 34.708137027545298 ] } },
{ "type": "Feature", "properties": { "内容": "聖和病院【訪問リハビリテーション】大阪府大阪市都島区中野町１－７－３２聖和病院", "url": "https://www.kaigokensaku.mhlw.go.jp/27/index.php?action_kouhyou_detail_004_kani=true&JigyosyoCd=2715202772-00&ServiceCd=140&Type=search", "url2": "http://www.seiwabyoin.com/" }, "geometry": { "type": "Point", "coordinates": [ 135.52523240000005, 34.6988516 ] } },
{ "type": "Feature", "properties": { "内容": "医療法人聖幸会さいじょうクリニック【訪問リハビリテーション】大阪府大阪市都島区都島南通2-14-25ダゼアマンション1F", "url": "https://www.kaigokensaku.mhlw.go.jp/27/index.php?action_kouhyou_detail_004_kani=true&JigyosyoCd=2715204752-00&ServiceCd=140&Type=search", "url2": "https://saijo-clinic21425.com" }, "geometry": { "type": "Point", "coordinates": [ 135.5348702, 34.7018905 ] } },
{ "type": "Feature", "properties": { "内容": "医療福祉生協おおさか　淀川クリニック【訪問リハビリテーション】大阪府大阪市都島区毛馬町4-4-6", "url": "https://www.kaigokensaku.mhlw.go.jp/27/index.php?action_kouhyou_detail_004_kani=true&JigyosyoCd=2715203408-00&ServiceCd=140&Type=search", "url2": "http://health-coop.jp" }, "geometry": { "type": "Point", "coordinates": [ 135.521521399999983, 34.7235543 ] } },
{ "type": "Feature", "properties": { "内容": "都島クリニック【訪問リハビリテーション】大阪府大阪市都島区都島本通３－１７－１０", "url": "https://www.kaigokensaku.mhlw.go.jp/27/index.php?action_kouhyou_detail_004_kani=true&JigyosyoCd=2715202863-00&ServiceCd=140&Type=search", "url2": "https://health-coop.jp/pub/" }, "geometry": { "type": "Point", "coordinates": [ 135.527254299999981, 34.7079673 ] } },
{ "type": "Feature", "properties": { "内容": "氷室クリニック【訪問リハビリテーション】大阪府大阪市都島区都島本通1-4-22", "url": "https://www.kaigokensaku.mhlw.go.jp/27/index.php?action_kouhyou_detail_004_kani=true&JigyosyoCd=2715204224-00&ServiceCd=140&Type=search", "url2": "https://himuro-clinic.com/" }, "geometry": { "type": "Point", "coordinates": [ 135.5222694, 34.7086089 ] } },
{ "type": "Feature", "properties": { "内容": "医療法人ユタカ会すが整形外科・形成外科【訪問リハビリテーション】大阪府大阪市福島区吉野5丁目14番12号", "url": "https://www.kaigokensaku.mhlw.go.jp/27/index.php?action_kouhyou_detail_004_kani=true&JigyosyoCd=2710204054-00&ServiceCd=140&Type=search", "url2": "https://suga-seikei-keisei.com/" }, "geometry": { "type": "Point", "coordinates": [ 135.4684144, 34.6889466 ] } },
{ "type": "Feature", "properties": { "内容": "医療法人愛幸会くまだ内科・小児科クリニック【訪問リハビリテーション】大阪府大阪市福島区玉川4-6-11", "url": "https://www.kaigokensaku.mhlw.go.jp/27/index.php?action_kouhyou_detail_004_kani=true&JigyosyoCd=2710202751-00&ServiceCd=140&Type=search", "url2": "http://www.aikou-group.com" }, "geometry": { "type": "Point", "coordinates": [ 135.477859, 34.6901765 ] } },
{ "type": "Feature", "properties": { "内容": "フジタ病院【訪問リハビリテーション】大阪市福島区吉野2-10-11", "url": "https://www.kaigokensaku.mhlw.go.jp/27/index.php?action_kouhyou_detail_004_kani=true&JigyosyoCd=2710200995-00&ServiceCd=140&Type=search", "url2": "https://www.fujitahp.com/" }, "geometry": { "type": "Point", "coordinates": [ 135.475275900000042, 34.6919817 ] } },
{ "type": "Feature", "properties": { "内容": "医療法人木もれ日会　阪神野田駅前ファミリークリニック【訪問リハビリテーション】大阪府大阪市福島区鷺洲一丁目１１番１４号阪神ハイグレードマンション１２番館１０１号", "url": "https://www.kaigokensaku.mhlw.go.jp/27/index.php?action_kouhyou_detail_004_kani=true&JigyosyoCd=2710203965-00&ServiceCd=140&Type=search", "url2": "https://noda-fcl.com/" }, "geometry": { "type": "Point", "coordinates": [ 135.47734155938565, 34.695059727068319 ] } },
{ "type": "Feature", "properties": { "内容": "介護老人保健施設のだふじ【訪問リハビリテーション】大阪府大阪市福島区吉野4丁目29番地18号", "url": "https://www.kaigokensaku.mhlw.go.jp/27/index.php?action_kouhyou_detail_004_kani=true&JigyosyoCd=2750280014-00&ServiceCd=140&Type=search", "url2": "http://www7b.biglobe.ne.jp/~nodafuji/index.html" }, "geometry": { "type": "Point", "coordinates": [ 135.4695103, 34.6896188 ] } },
{ "type": "Feature", "properties": { "内容": "医療法人義方会大津病院　訪問リハビリテーション【訪問リハビリテーション】大阪府大阪市此花区酉島２丁目１番１５号", "url": "https://www.kaigokensaku.mhlw.go.jp/27/index.php?action_kouhyou_detail_004_kani=true&JigyosyoCd=2712801816-00&ServiceCd=140&Type=search", "url2": "https://www.otsu-hp.com/" }, "geometry": { "type": "Point", "coordinates": [ 135.4454383, 34.6859794 ] } },
{ "type": "Feature", "properties": { "内容": "社会福祉法人大阪暁明館大阪暁明館病院訪問リハビリテーション【訪問リハビリテーション】大阪府大阪市此花区西九条5丁目4番8号", "url": "https://www.kaigokensaku.mhlw.go.jp/27/index.php?action_kouhyou_detail_004_kani=true&JigyosyoCd=2712802459-00&ServiceCd=140&Type=search", "url2": "https://www.gyoumeikan.or.jp/" }, "geometry": { "type": "Point", "coordinates": [ 135.4650637, 34.684337 ] } },
{ "type": "Feature", "properties": { "内容": "医療法人佐々木会　訪問リハビリテーション【訪問リハビリテーション】大阪府大阪市西区九条南２丁目２番２１号NTT西ビル1階", "url": "https://www.kaigokensaku.mhlw.go.jp/27/index.php?action_kouhyou_detail_004_kani=true&JigyosyoCd=2711802914-00&ServiceCd=140&Type=search", "url2": "https://www.sasaki-medical-clinic.info/" }, "geometry": { "type": "Point", "coordinates": [ 135.4745696, 34.6730594 ] } },
{ "type": "Feature", "properties": { "内容": "医療法人仁生会内藤病院【訪問リハビリテーション】大阪府大阪市西区九条1丁目15番23号", "url": "https://www.kaigokensaku.mhlw.go.jp/27/index.php?action_kouhyou_detail_004_kani=true&JigyosyoCd=2711800017-00&ServiceCd=140&Type=search", "url2": "http://naitou-hp.or.jp/" }, "geometry": { "type": "Point", "coordinates": [ 135.4758497, 34.6745517 ] } },
{ "type": "Feature", "properties": { "内容": "あわ整形外科クリニック【訪問リハビリテーション】大阪府大阪市西区新町4丁目6番23号阪急オアシス2階", "url": "https://www.kaigokensaku.mhlw.go.jp/27/index.php?action_kouhyou_detail_004_kani=true&JigyosyoCd=2711804027-00&ServiceCd=140&Type=search", "url2": "https://awa-clinic.com" }, "geometry": { "type": "Point", "coordinates": [ 135.486455799999959, 34.6769792 ] } },
{ "type": "Feature", "properties": { "内容": "医療法人優昌会　本城整形外科【訪問リハビリテーション】大阪府大阪市西区境川1-1-31境川メディカルセンタービル2階", "url": "https://www.kaigokensaku.mhlw.go.jp/27/index.php?action_kouhyou_detail_004_kani=true&JigyosyoCd=2711803433-00&ServiceCd=140&Type=search", "url2": "https://orthonjo.com/" }, "geometry": { "type": "Point", "coordinates": [ 135.472615200000064, 34.6693644 ] } },
{ "type": "Feature", "properties": { "内容": "四ツ橋診療所【訪問リハビリテーション】大阪府大阪市西区新町1-22-9", "url": "https://www.kaigokensaku.mhlw.go.jp/27/index.php?action_kouhyou_detail_004_kani=true&JigyosyoCd=2711802179-00&ServiceCd=140&Type=search", "url2": "https://www.yotsubashi-cl.com/" }, "geometry": { "type": "Point", "coordinates": [ 135.4946478, 34.6764539 ] } },
{ "type": "Feature", "properties": { "内容": "社会医療法人寿楽会　大野記念病院【訪問リハビリテーション】大阪府大阪市西区南堀江1-26-10", "url": "https://www.kaigokensaku.mhlw.go.jp/27/index.php?action_kouhyou_detail_004_kani=true&JigyosyoCd=2711802070-00&ServiceCd=140&Type=search", "url2": "http://www.ohno.or.jp/" }, "geometry": { "type": "Point", "coordinates": [ 135.4934055, 34.670157 ] } },
{ "type": "Feature", "properties": { "内容": "医療法人　三愛会　中山整形外科【訪問リハビリテーション】大阪府大阪市港区弁天４丁目５番３号", "url": "https://www.kaigokensaku.mhlw.go.jp/27/index.php?action_kouhyou_detail_004_kani=true&JigyosyoCd=2710401742-00&ServiceCd=140&Type=search", "url2": null }, "geometry": { "type": "Point", "coordinates": [ 135.45951679999996, 34.6710449 ] } },
{ "type": "Feature", "properties": { "内容": "医療法人尚信会　整形外科河村医院【訪問リハビリテーション】大阪府大阪市港区三先１－１０－３０", "url": "https://www.kaigokensaku.mhlw.go.jp/27/index.php?action_kouhyou_detail_004_kani=true&JigyosyoCd=2710402419-00&ServiceCd=140&Type=search", "url2": "http://www.kawamura-hp.jp" }, "geometry": { "type": "Point", "coordinates": [ 135.454550899999958, 34.6615292 ] } },
{ "type": "Feature", "properties": { "内容": "社会医療法人　きつこう会　多根脳神経リハビリテーション病院【訪問リハビリテーション】大阪府大阪市港区南市岡1-1-45", "url": "https://www.kaigokensaku.mhlw.go.jp/27/index.php?action_kouhyou_detail_004_kani=true&JigyosyoCd=2710402328-00&ServiceCd=140&Type=search", "url2": "http://neuroreha.tane.or.jp" }, "geometry": { "type": "Point", "coordinates": [ 135.4723768, 34.6684817 ] } },
{ "type": "Feature", "properties": { "内容": "大阪みなと中央病院【訪問リハビリテーション】大阪府大阪市港区磯路1丁目7番1号", "url": "https://www.kaigokensaku.mhlw.go.jp/27/index.php?action_kouhyou_detail_004_kani=true&JigyosyoCd=2719600179-00&ServiceCd=140&Type=search", "url2": "http://minato.jcho.go.jp/" }, "geometry": { "type": "Point", "coordinates": [ 135.46218829999998, 34.6679284 ] } },
{ "type": "Feature", "properties": { "内容": "医療法人やながクリニック【訪問リハビリテーション】大阪府大阪市港区三先2丁目13-29　弥永ビル１Ｆ", "url": "https://www.kaigokensaku.mhlw.go.jp/27/index.php?action_kouhyou_detail_004_kani=true&JigyosyoCd=2710402575-00&ServiceCd=140&Type=search", "url2": "http://www.yanagaclinic.org" }, "geometry": { "type": "Point", "coordinates": [ 135.449944607357594, 34.659787702613791 ] } },
{ "type": "Feature", "properties": { "内容": "医療法人誠昌会　えさきクリニック【訪問リハビリテーション】大阪府大阪市港区夕凪2丁目16-9ポートビル1階", "url": "https://www.kaigokensaku.mhlw.go.jp/27/index.php?action_kouhyou_detail_004_kani=true&JigyosyoCd=2710402302-00&ServiceCd=140&Type=search", "url2": "https://esakiclinic.net/" }, "geometry": { "type": "Point", "coordinates": [ 135.4511611, 34.6610752 ] } },
{ "type": "Feature", "properties": { "内容": "医療法人陽朋会　太田整形外科クリニック【訪問リハビリテーション】大阪府大阪市港区弁天1-3-3クロスシティ２階", "url": "https://www.kaigokensaku.mhlw.go.jp/27/index.php?action_kouhyou_detail_004_kani=true&JigyosyoCd=2710402963-00&ServiceCd=140&Type=search", "url2": null }, "geometry": { "type": "Point", "coordinates": [ 135.4609233, 34.6685947 ] } },
{ "type": "Feature", "properties": { "内容": "社会福祉法人恩賜財団大阪府済生会泉尾医療福祉センター　大阪府済生会泉尾病院【訪問リハビリテーション】大阪府大阪市大正区北村３丁目４番５号", "url": "https://www.kaigokensaku.mhlw.go.jp/27/index.php?action_kouhyou_detail_004_kani=true&JigyosyoCd=2712701586-00&ServiceCd=140&Type=search", "url2": "http://www.izuo-saiseikai.gr.jp/" }, "geometry": { "type": "Point", "coordinates": [ 135.466691800000035, 34.6493505 ] } },
{ "type": "Feature", "properties": { "内容": "山北整形外科　訪問リハビリテーションセンター【訪問リハビリテーション】大阪府大阪市大正区4-23-14", "url": "https://www.kaigokensaku.mhlw.go.jp/27/index.php?action_kouhyou_detail_004_kani=true&JigyosyoCd=2712702618-00&ServiceCd=140&Type=search", "url2": "https://yamakita-seikei.com/" }, "geometry": { "type": "Point", "coordinates": [ 135.470513899999986, 34.6431735 ] } },
{ "type": "Feature", "properties": { "内容": "医療法人　華拓昇会　あづま脳神経外科リハビリクリニック【訪問リハビリテーション】大阪府大阪市天王寺区生玉前町2-6", "url": "https://www.kaigokensaku.mhlw.go.jp/27/index.php?action_kouhyou_detail_004_kani=true&JigyosyoCd=2711704870-00&ServiceCd=140&Type=search", "url2": "http://nougeka.byoinnavi.jp" }, "geometry": { "type": "Point", "coordinates": [ 135.5162465, 34.6650632 ] } },
{ "type": "Feature", "properties": { "内容": "辻外科リハビリテーション病院【訪問リハビリテーション】大阪府大阪市天王寺区生玉前町3-24", "url": "https://www.kaigokensaku.mhlw.go.jp/27/index.php?action_kouhyou_detail_004_kani=true&JigyosyoCd=2711703229-00&ServiceCd=140&Type=search", "url2": "http://www.kankikai.com/tsujigeka/tsujigeka_index.html" }, "geometry": { "type": "Point", "coordinates": [ 135.51573140000005, 34.6644021 ] } },
{ "type": "Feature", "properties": { "内容": "のぞみハートクリニック天王寺【訪問リハビリテーション】大阪府大阪市天王寺区四天王寺1-14-16伊藤ビル1F", "url": "https://www.kaigokensaku.mhlw.go.jp/27/index.php?action_kouhyou_detail_004_kani=true&JigyosyoCd=2711705398-00&ServiceCd=140&Type=search", "url2": "https://tennoji.nozomi-heartclinic.com/" }, "geometry": { "type": "Point", "coordinates": [ 135.514100899999988, 34.6538154 ] } },
{ "type": "Feature", "properties": { "内容": "介護老人保健施設みずほ倶楽部【訪問リハビリテーション】大阪府大阪市天王寺区清水谷町5番27号", "url": "https://www.kaigokensaku.mhlw.go.jp/27/index.php?action_kouhyou_detail_004_kani=true&JigyosyoCd=2751780012-00&ServiceCd=140&Type=search", "url2": "http://www.mizuho-kai.com" }, "geometry": { "type": "Point", "coordinates": [ 135.5221482, 34.6754961 ] } },
{ "type": "Feature", "properties": { "内容": "医療法人誠貴会　湯口脳神経外科・脊髄外科【訪問リハビリテーション】大阪府大阪市天王寺区玉造元町3-9八光玉造ビル　1F", "url": "https://www.kaigokensaku.mhlw.go.jp/27/index.php?action_kouhyou_detail_004_kani=true&JigyosyoCd=2711704912-00&ServiceCd=140&Type=search", "url2": "http://yuguchi-cl.com" }, "geometry": { "type": "Point", "coordinates": [ 135.532173100000023, 34.6727806 ] } },
{ "type": "Feature", "properties": { "内容": "社会福祉法人　四天王寺福祉事業団　四天王寺病院【訪問リハビリテーション】大阪府大阪市天王寺区大道１丁目４番41号", "url": "https://www.kaigokensaku.mhlw.go.jp/27/index.php?action_kouhyou_detail_004_kani=true&JigyosyoCd=2711700035-00&ServiceCd=140&Type=search", "url2": "http://www.shitennoji-fukushi.jp/shitennoji-hospital/" }, "geometry": { "type": "Point", "coordinates": [ 135.514640200000031, 34.6531007 ] } },
{ "type": "Feature", "properties": { "内容": "社会医療法人寿会富永病院【訪問リハビリテーション】大阪府大阪市浪速区桜川1-1-1エルカーサ富永3階", "url": "https://www.kaigokensaku.mhlw.go.jp/27/index.php?action_kouhyou_detail_004_kani=true&JigyosyoCd=2714301864-00&ServiceCd=140&Type=search", "url2": "https://www.tominaga.or.jp/touin.html" }, "geometry": { "type": "Point", "coordinates": [ 135.4942244, 34.6675208 ] } },
{ "type": "Feature", "properties": { "内容": "老健さくらがわ訪問リハビリテーション【訪問リハビリテーション】大阪府大阪市浪速区桜川4-10-13", "url": "https://www.kaigokensaku.mhlw.go.jp/27/index.php?action_kouhyou_detail_004_kani=true&JigyosyoCd=2754380018-00&ServiceCd=140&Type=search", "url2": "https://group.keieikai.com/" }, "geometry": { "type": "Point", "coordinates": [ 135.485812, 34.6655995 ] } },
{ "type": "Feature", "properties": { "内容": "なにわ老人保健施設ラガール【訪問リハビリテーション】大阪府大阪市浪速区大国1丁目10番24号", "url": "https://www.kaigokensaku.mhlw.go.jp/27/index.php?action_kouhyou_detail_004_kani=true&JigyosyoCd=2754380026-00&ServiceCd=140&Type=search", "url2": "https://koudoukai.or.jp/naniwa-lagare/" }, "geometry": { "type": "Point", "coordinates": [ 135.496836300000012, 34.6528299 ] } },
{ "type": "Feature", "properties": { "内容": "医療法人　博悠会【訪問リハビリテーション】大阪市西淀川区大野2-1-35", "url": "https://www.kaigokensaku.mhlw.go.jp/27/index.php?action_kouhyou_detail_004_kani=true&JigyosyoCd=2751080033-00&ServiceCd=140&Type=search", "url2": "http://www.hakuyuukai.or.jp/" }, "geometry": { "type": "Point", "coordinates": [ 135.43906370000002, 34.7007853 ] } },
{ "type": "Feature", "properties": { "内容": "たかやま整形外科【訪問リハビリテーション】大阪府大阪市西淀川区姫里1-14-1高友ビル", "url": "https://www.kaigokensaku.mhlw.go.jp/27/index.php?action_kouhyou_detail_004_kani=true&JigyosyoCd=2711003216-00&ServiceCd=140&Type=search", "url2": "http://www.takayama-seikei.jp" }, "geometry": { "type": "Point", "coordinates": [ 135.461801799999989, 34.706349 ] } },
{ "type": "Feature", "properties": { "内容": "介護老人保健施設よどの里訪問リハビリテーション【訪問リハビリテーション】大阪府大阪市西淀川区姫島2-13-20", "url": "https://www.kaigokensaku.mhlw.go.jp/27/index.php?action_kouhyou_detail_004_kani=true&JigyosyoCd=2751080066-00&ServiceCd=140&Type=search", "url2": "http://yodokyo.or.jp/yodonosato/" }, "geometry": { "type": "Point", "coordinates": [ 135.453357800000049, 34.702641 ] } },
{ "type": "Feature", "properties": { "内容": "医療法人敬心会勝久医院【訪問リハビリテーション】大阪府大阪市東淀川区淡路４丁目１番２８号", "url": "https://www.kaigokensaku.mhlw.go.jp/27/index.php?action_kouhyou_detail_004_kani=true&JigyosyoCd=2713006472-00&ServiceCd=140&Type=search", "url2": "https://www.katuhisa-iin.com/" }, "geometry": { "type": "Point", "coordinates": [ 135.515496089549288, 34.738400990423266 ] } },
{ "type": "Feature", "properties": { "内容": "淀川平成病院【訪問リハビリテーション】大阪府大阪市東淀川区東中島6-9-3", "url": "https://www.kaigokensaku.mhlw.go.jp/27/index.php?action_kouhyou_detail_004_kani=true&JigyosyoCd=2713007793-00&ServiceCd=140&Type=search", "url2": "https://yodogawahp.jp/" }, "geometry": { "type": "Point", "coordinates": [ 135.512692142913806, 34.734796062226366 ] } },
{ "type": "Feature", "properties": { "内容": "整形外科きたクリニック【訪問リハビリテーション】大阪府大阪市東淀川区豊新5-18-2メゾングレース1F", "url": "https://www.kaigokensaku.mhlw.go.jp/27/index.php?action_kouhyou_detail_004_kani=true&JigyosyoCd=2713006332-00&ServiceCd=140&Type=search", "url2": "http://www.shishinkai-kataclinic.com" }, "geometry": { "type": "Point", "coordinates": [ 135.534202300000061, 34.7465413 ] } },
{ "type": "Feature", "properties": { "内容": "医療法人　聖心会　清水クリニック【訪問リハビリテーション】大阪市東淀川区瑞光１－４－２６", "url": "https://www.kaigokensaku.mhlw.go.jp/27/index.php?action_kouhyou_detail_004_kani=true&JigyosyoCd=2713006555-00&ServiceCd=140&Type=search", "url2": "http://www.shimizu-clinic.in/" }, "geometry": { "type": "Point", "coordinates": [ 135.534267099999965, 34.7475572 ] } },
{ "type": "Feature", "properties": { "内容": "介護老人保健施設菜乃花【訪問リハビリテーション】大阪府東淀川区上新庄1-2-5", "url": "https://www.kaigokensaku.mhlw.go.jp/27/index.php?action_kouhyou_detail_004_kani=true&JigyosyoCd=2753080049-00&ServiceCd=140&Type=search", "url2": "https://www.ontoku.or.jp/" }, "geometry": { "type": "Point", "coordinates": [ 135.5266351, 34.7441889 ] } },
{ "type": "Feature", "properties": { "内容": "医療法人快生会大今里ふれあいクリニック　訪問リハビリテーション【訪問リハビリテーション】大阪府大阪市東成区大今里南1-3-1大今里リハビリテーションセンター　１F", "url": "https://www.kaigokensaku.mhlw.go.jp/27/index.php?action_kouhyou_detail_004_kani=true&JigyosyoCd=2711504460-00&ServiceCd=140&Type=search", "url2": "http://kaiseikai.info/index.html" }, "geometry": { "type": "Point", "coordinates": [ 135.5435553, 34.6682257 ] } },
{ "type": "Feature", "properties": { "内容": "医療法人健生会福田診療所【訪問リハビリテーション】大阪府大阪市東成区東中本1丁目4番17号", "url": "https://www.kaigokensaku.mhlw.go.jp/27/index.php?action_kouhyou_detail_004_kani=true&JigyosyoCd=2711502977-00&ServiceCd=140&Type=search", "url2": "http://fukudaclinic-midoribashi.com/" }, "geometry": { "type": "Point", "coordinates": [ 135.5471651, 34.6813762 ] } },
{ "type": "Feature", "properties": { "内容": "矢木脳神経外科病院【訪問リハビリテーション】大阪府大阪市東成区東今里2-12-13", "url": "https://www.kaigokensaku.mhlw.go.jp/27/index.php?action_kouhyou_detail_004_kani=true&JigyosyoCd=2711504288-00&ServiceCd=140&Type=search", "url2": "https://kouzenkai.info/cranial/yagi/" }, "geometry": { "type": "Point", "coordinates": [ 135.55122750000001, 34.677965 ] } },
{ "type": "Feature", "properties": { "内容": "医療法人想千　そうせん整形外科クリニック【訪問リハビリテーション】大阪市東成区大今里3-20-27Aria今里駅前ビル3階", "url": "https://www.kaigokensaku.mhlw.go.jp/27/index.php?action_kouhyou_detail_004_kani=true&JigyosyoCd=2711504932-00&ServiceCd=140&Type=search", "url2": "https://sousen-clinic.com/" }, "geometry": { "type": "Point", "coordinates": [ 135.543607, 34.6690707 ] } },
{ "type": "Feature", "properties": { "内容": "医療法人風早会　外科野﨑病院【訪問リハビリテーション】大阪府大阪市東成区深江南2-20-15", "url": "https://www.kaigokensaku.mhlw.go.jp/27/index.php?action_kouhyou_detail_004_kani=true&JigyosyoCd=2711501649-00&ServiceCd=140&Type=search", "url2": "http://www.nozaki-hospital.com/" }, "geometry": { "type": "Point", "coordinates": [ 135.558913500000017, 34.6680083 ] } },
{ "type": "Feature", "properties": { "内容": "医療法人　朋愛会　朋愛病院　訪問リハビリテーション・介護予防訪問リハビリテーション【訪問リハビリテーション】大阪府大阪市東成区大今里1-25-11", "url": "https://www.kaigokensaku.mhlw.go.jp/27/index.php?action_kouhyou_detail_004_kani=true&JigyosyoCd=2711503520-00&ServiceCd=140&Type=search", "url2": "http://houai.or.jp/" }, "geometry": { "type": "Point", "coordinates": [ 135.546056124498023, 34.672544950019152 ] } },
{ "type": "Feature", "properties": { "内容": "医療法人　野中会　東成病院【訪問リハビリテーション】大阪府大阪市東成区大今里西2-7-17", "url": "https://www.kaigokensaku.mhlw.go.jp/27/index.php?action_kouhyou_detail_004_kani=true&JigyosyoCd=2711502506-00&ServiceCd=140&Type=search", "url2": "https://higashinari-hospital.jp/" }, "geometry": { "type": "Point", "coordinates": [ 135.540612300000021, 34.6703325 ] } },
{ "type": "Feature", "properties": { "内容": "医療法人浩治会大今里ケアホーム【訪問リハビリテーション】大阪市東成区大今里西2-17-16", "url": "https://www.kaigokensaku.mhlw.go.jp/27/index.php?action_kouhyou_detail_004_kani=true&JigyosyoCd=2751580024-00&ServiceCd=140&Type=search", "url2": "http://www.i-carehome.com/" }, "geometry": { "type": "Point", "coordinates": [ 135.541434500000037, 34.6689132 ] } },
{ "type": "Feature", "properties": { "内容": "医療法人中本会　中本病院【訪問リハビリテーション】大阪府大阪市東成区中道４丁目１３番１２号", "url": "https://www.kaigokensaku.mhlw.go.jp/27/index.php?action_kouhyou_detail_004_kani=true&JigyosyoCd=2711502050-00&ServiceCd=140&Type=search", "url2": "https://www.nakamoto.or.jp/" }, "geometry": { "type": "Point", "coordinates": [ 135.5366611, 34.6743793 ] } },
{ "type": "Feature", "properties": { "内容": "育和会介護老人保健施設ひまわり【訪問リハビリテーション】大阪市生野区巽西2丁目9番31号", "url": "https://www.kaigokensaku.mhlw.go.jp/27/index.php?action_kouhyou_detail_004_kani=true&JigyosyoCd=2752280012-00&ServiceCd=140&Type=search", "url2": "https://himawari.ikuwakai.or.jp/" }, "geometry": { "type": "Point", "coordinates": [ 135.547077279762334, 34.64992652992715 ] } },
{ "type": "Feature", "properties": { "内容": "医療法人　相生会　相生病院【訪問リハビリテーション】大阪府大阪市生野区生野西3-2-5", "url": "https://www.kaigokensaku.mhlw.go.jp/27/index.php?action_kouhyou_detail_004_kani=true&JigyosyoCd=2712205687-00&ServiceCd=140&Type=search", "url2": "http://www.aioi-hospital.jp/" }, "geometry": { "type": "Point", "coordinates": [ 135.5302805, 34.6518927 ] } },
{ "type": "Feature", "properties": { "内容": "白崎整形外科内科【訪問リハビリテーション】大阪府大阪市生野区新今里1-18-22", "url": "https://www.kaigokensaku.mhlw.go.jp/27/index.php?action_kouhyou_detail_004_kani=true&JigyosyoCd=2712206263-00&ServiceCd=140&Type=search", "url2": "http://www.dr-shirasaki.com" }, "geometry": { "type": "Point", "coordinates": [ 135.543912200000022, 34.662839 ] } },
{ "type": "Feature", "properties": { "内容": "社会福祉法人基弘会　ココナラ巽／ココナラ巽クリニック【訪問リハビリテーション】大阪府大阪市生野区巽南3-4-25", "url": "https://www.kaigokensaku.mhlw.go.jp/27/index.php?action_kouhyou_detail_004_kani=true&JigyosyoCd=2712207113-00&ServiceCd=140&Type=search", "url2": "http://www.yumenohako.info" }, "geometry": { "type": "Point", "coordinates": [ 135.550235191401669, 34.640191491929954 ] } },
{ "type": "Feature", "properties": { "内容": "田島診療所【訪問リハビリテーション】大阪府大阪市生野区林寺５－１２－１８", "url": "https://www.kaigokensaku.mhlw.go.jp/27/index.php?action_kouhyou_detail_004_kani=true&JigyosyoCd=2712206172-00&ServiceCd=140&Type=search", "url2": "https://tajimashin.net/" }, "geometry": { "type": "Point", "coordinates": [ 135.538989500000071, 34.6453894 ] } },
{ "type": "Feature", "properties": { "内容": "医療法人穂翔会　村田病院【訪問リハビリテーション】大阪府大阪市生野区田島4丁目2-1", "url": "https://www.kaigokensaku.mhlw.go.jp/27/index.php?action_kouhyou_detail_004_kani=true&JigyosyoCd=2712205679-00&ServiceCd=140&Type=search", "url2": "https://muratahospital.jp/" }, "geometry": { "type": "Point", "coordinates": [ 135.540104700000057, 34.6471964 ] } },
{ "type": "Feature", "properties": { "内容": "医療法人社団日翔会　生野愛和病院【訪問リハビリテーション】大阪府大阪市生野区巽南5丁目7番64号", "url": "https://www.kaigokensaku.mhlw.go.jp/27/index.php?action_kouhyou_detail_004_kani=true&JigyosyoCd=2712207006-00&ServiceCd=140&Type=search", "url2": "https://ikuno-aiwa.com/" }, "geometry": { "type": "Point", "coordinates": [ 135.550128699999988, 34.6360919 ] } },
{ "type": "Feature", "properties": { "内容": "医療法人　同仁会　松崎病院【訪問リハビリテーション】大阪市生野区新今里７－４－８", "url": "https://www.kaigokensaku.mhlw.go.jp/27/index.php?action_kouhyou_detail_004_kani=true&JigyosyoCd=2712204011-00&ServiceCd=140&Type=search", "url2": "http://www.medicals.jp/mh/index.html" }, "geometry": { "type": "Point", "coordinates": [ 135.5524504, 34.661695 ] } },
{ "type": "Feature", "properties": { "内容": "医療法人　祐星会　桃クリニック【訪問リハビリテーション】大阪府大阪市生野区勝山北1-18-14", "url": "https://www.kaigokensaku.mhlw.go.jp/27/index.php?action_kouhyou_detail_004_kani=true&JigyosyoCd=2712207089-00&ServiceCd=140&Type=search", "url2": "https://www.momo-zaitaku.com/" }, "geometry": { "type": "Point", "coordinates": [ 135.52739040000003, 34.6549052 ] } },
{ "type": "Feature", "properties": { "内容": "医療法人たにぐちクリニック【訪問リハビリテーション】大阪府大阪市旭区森小路2-3-27サンハイツ1階", "url": "https://www.kaigokensaku.mhlw.go.jp/27/index.php?action_kouhyou_detail_004_kani=true&JigyosyoCd=2713104798-00&ServiceCd=140&Type=search", "url2": "https://tani-cl.jp" }, "geometry": { "type": "Point", "coordinates": [ 135.550106435581938, 34.721973407842754 ] } },
{ "type": "Feature", "properties": { "内容": "訪問リハビリAERO（医療法人永紘会　足立内科クリニック）【訪問リハビリテーション】大阪府大阪市旭区清水三丁目1-14柴眼科ビル3階", "url": "https://www.kaigokensaku.mhlw.go.jp/27/index.php?action_kouhyou_detail_004_kani=true&JigyosyoCd=2713104871-00&ServiceCd=140&Type=search", "url2": "https://adachi-naikaclinic.jp" }, "geometry": { "type": "Point", "coordinates": [ 135.555455100000017, 34.724428 ] } },
{ "type": "Feature", "properties": { "内容": "医療法人　永寿会　福島病院【訪問リハビリテーション】大阪府大阪市旭区千林2-4-22", "url": "https://www.kaigokensaku.mhlw.go.jp/27/index.php?action_kouhyou_detail_004_kani=true&JigyosyoCd=2713102776-00&ServiceCd=140&Type=search", "url2": "http://www.fukushima-hosp.or.jp/" }, "geometry": { "type": "Point", "coordinates": [ 135.55068689999996, 34.7248775 ] } },
{ "type": "Feature", "properties": { "内容": "守上クリニック　訪問リハビリステーション【訪問リハビリテーション】大阪府大阪市旭区生江1-9-18森長メディカルビル　3階", "url": "https://www.kaigokensaku.mhlw.go.jp/27/index.php?action_kouhyou_detail_004_kani=true&JigyosyoCd=2713103386-00&ServiceCd=140&Type=search", "url2": "https://www.morikami-clinic.com/" }, "geometry": { "type": "Point", "coordinates": [ 135.5383151, 34.721833 ] } },
{ "type": "Feature", "properties": { "内容": "医療法人　藤仁会　藤立病院【訪問リハビリテーション】大阪府大阪市旭区大宮５丁目４番２４号", "url": "https://www.kaigokensaku.mhlw.go.jp/27/index.php?action_kouhyou_detail_004_kani=true&JigyosyoCd=2713102701-00&ServiceCd=140&Type=search", "url2": "http://www.fujitate.jp/" }, "geometry": { "type": "Point", "coordinates": [ 135.550127299999986, 34.7296682 ] } },
{ "type": "Feature", "properties": { "内容": "医療法人洋涼会　整形外科なかつかクリニック【訪問リハビリテーション】大阪府大阪市旭区大宮2丁目17-14アイリス千林大宮2階", "url": "https://www.kaigokensaku.mhlw.go.jp/27/index.php?action_kouhyou_detail_004_kani=true&JigyosyoCd=2713104889-00&ServiceCd=140&Type=search", "url2": "http://nakatsukaclinic.com/" }, "geometry": { "type": "Point", "coordinates": [ 135.547465200000033, 34.7242942 ] } },
{ "type": "Feature", "properties": { "内容": "牧病院　訪問リハビリテーション【訪問リハビリテーション】大阪市旭区新森7-10-28", "url": "https://www.kaigokensaku.mhlw.go.jp/27/index.php?action_kouhyou_detail_004_kani=true&JigyosyoCd=2713104251-00&ServiceCd=140&Type=search", "url2": "http://www.maki-group.jp/" }, "geometry": { "type": "Point", "coordinates": [ 135.562637600000016, 34.7196471 ] } },
{ "type": "Feature", "properties": { "内容": "あかがわ生協診療所【訪問リハビリテーション】大阪府大阪市旭区生江2-8-8", "url": "https://www.kaigokensaku.mhlw.go.jp/27/index.php?action_kouhyou_detail_004_kani=true&JigyosyoCd=2713104459-00&ServiceCd=140&Type=search", "url2": "https://akagawashin.net/" }, "geometry": { "type": "Point", "coordinates": [ 135.536251, 34.7241649 ] } },
{ "type": "Feature", "properties": { "内容": "医療法人桜医会【訪問リハビリテーション】大阪府大阪市旭区大宮1丁目13番9号", "url": "https://www.kaigokensaku.mhlw.go.jp/27/index.php?action_kouhyou_detail_004_kani=true&JigyosyoCd=2713103980-00&ServiceCd=140&Type=search", "url2": "http://www.sakuraclinic.jp/" }, "geometry": { "type": "Point", "coordinates": [ 135.547033300000066, 34.7210023 ] } },
{ "type": "Feature", "properties": { "内容": "医療法人優心会　優心会クリニック【訪問リハビリテーション】大阪府大阪市旭区新森2丁目12-12", "url": "https://www.kaigokensaku.mhlw.go.jp/27/index.php?action_kouhyou_detail_004_kani=true&JigyosyoCd=2713104707-00&ServiceCd=140&Type=search", "url2": null }, "geometry": { "type": "Point", "coordinates": [ 135.554367599999978, 34.718664 ] } },
{ "type": "Feature", "properties": { "内容": "医療法人清水会介護老人保健施設おひさま園訪問リハビリテーション【訪問リハビリテーション】大阪府大阪市旭区清水二丁目１番２１号", "url": "https://www.kaigokensaku.mhlw.go.jp/27/index.php?action_kouhyou_detail_004_kani=true&JigyosyoCd=2753180021-00&ServiceCd=140&Type=search", "url2": "http://www.seisuikai.net/" }, "geometry": { "type": "Point", "coordinates": [ 135.557110299999977, 34.7205858 ] } },
{ "type": "Feature", "properties": { "内容": "医療法人　浩治会　大阪城ケアホーム【訪問リハビリテーション】大阪市城東区鴫野西２－５－２４", "url": "https://www.kaigokensaku.mhlw.go.jp/27/index.php?action_kouhyou_detail_004_kani=true&JigyosyoCd=2754480040-00&ServiceCd=140&Type=search", "url2": "http://www.carehome.or.jp" }, "geometry": { "type": "Point", "coordinates": [ 135.5366679, 34.6902692 ] } },
{ "type": "Feature", "properties": { "内容": "医療法人池岡診療所　池岡クリニック【訪問リハビリテーション】大阪市城東区関目１－１８－１３", "url": "https://www.kaigokensaku.mhlw.go.jp/27/index.php?action_kouhyou_detail_004_kani=true&JigyosyoCd=2714405871-00&ServiceCd=140&Type=search", "url2": "http://ikeoka.net" }, "geometry": { "type": "Point", "coordinates": [ 135.549455699999953, 34.7063231 ] } },
{ "type": "Feature", "properties": { "内容": "社会医療法人大道会　森之宮病院【訪問リハビリテーション】大阪府大阪市城東区森之宮2-1-88", "url": "https://www.kaigokensaku.mhlw.go.jp/27/index.php?action_kouhyou_detail_004_kani=true&JigyosyoCd=2714405723-00&ServiceCd=140&Type=search", "url2": "http://www.omichikai.or.jp" }, "geometry": { "type": "Point", "coordinates": [ 135.5386595, 34.6828839 ] } },
{ "type": "Feature", "properties": { "内容": "東大阪病院附属クリニック【訪問リハビリテーション】大阪府大阪市城東区中央1丁目11-1", "url": "https://www.kaigokensaku.mhlw.go.jp/27/index.php?action_kouhyou_detail_004_kani=true&JigyosyoCd=2714407257-00&ServiceCd=140&Type=search", "url2": "https://www.yurin.or.jp/clinic" }, "geometry": { "type": "Point", "coordinates": [ 135.544135979299142, 34.701345777693739 ] } },
{ "type": "Feature", "properties": { "内容": "医療福祉生活協同組合おおさか　蒲生厚生診療所【訪問リハビリテーション】大阪府大阪市城東区蒲生3-15-12", "url": "https://www.kaigokensaku.mhlw.go.jp/27/index.php?action_kouhyou_detail_004_kani=true&JigyosyoCd=2714404965-00&ServiceCd=140&Type=search", "url2": "https://gamoshin.net/" }, "geometry": { "type": "Point", "coordinates": [ 135.54333680000002, 34.700071 ] } },
{ "type": "Feature", "properties": { "内容": "医療法人　上善会　にしじまファミリークリニック【訪問リハビリテーション】大阪府大阪市城東区中央2-13-19YKマンション1F", "url": "https://www.kaigokensaku.mhlw.go.jp/27/index.php?action_kouhyou_detail_004_kani=true&JigyosyoCd=2714405400-00&ServiceCd=140&Type=search", "url2": "https://nfc-clinic.com/" }, "geometry": { "type": "Point", "coordinates": [ 135.543853673680132, 34.703200901548975 ] } },
{ "type": "Feature", "properties": { "内容": "医療法人仁翔会松矢整形外科【訪問リハビリテーション】大阪府大阪市城東区成育4-6-13", "url": "https://www.kaigokensaku.mhlw.go.jp/27/index.php?action_kouhyou_detail_004_kani=true&JigyosyoCd=2714404023-00&ServiceCd=140&Type=search", "url2": "http://www.matsuya-clinic.com" }, "geometry": { "type": "Point", "coordinates": [ 135.5418697, 34.7121402 ] } },
{ "type": "Feature", "properties": { "内容": "訪問リハビリテーション　グリーンライフ【訪問リハビリテーション】大阪府大阪市城東区東中浜9-3-9", "url": "https://www.kaigokensaku.mhlw.go.jp/27/index.php?action_kouhyou_detail_004_kani=true&JigyosyoCd=2754480057-00&ServiceCd=140&Type=search", "url2": "http://www.omichikai.or.jp" }, "geometry": { "type": "Point", "coordinates": [ 135.55197720000001, 34.6824238 ] } },
{ "type": "Feature", "properties": { "内容": "医療法人京進会　整形外科きょうたにクリニック【訪問リハビリテーション】大阪府大阪市城東区鴫野東三丁目4番18号鴫野東あさひビル1階", "url": "https://www.kaigokensaku.mhlw.go.jp/27/index.php?action_kouhyou_detail_004_kani=true&JigyosyoCd=2714406499-00&ServiceCd=140&Type=search", "url2": null }, "geometry": { "type": "Point", "coordinates": [ 135.5460369, 34.6898159 ] } },
{ "type": "Feature", "properties": { "内容": "医療法人一功会　やまなか脳神経外科・内科・リハビリクリニック・サンライト【訪問リハビリテーション】大阪府大阪市阿倍野区天王寺町北３－１１－４スギ薬局林寺店２F", "url": "https://www.kaigokensaku.mhlw.go.jp/27/index.php?action_kouhyou_detail_004_kani=true&JigyosyoCd=2712307863-00&ServiceCd=140&Type=search", "url2": "https://www.yamanakacl.com/" }, "geometry": { "type": "Point", "coordinates": [ 135.5278827, 34.6448869 ] } },
{ "type": "Feature", "properties": { "内容": "医療法人相愛会　相原第二病院【訪問リハビリテーション】大阪府大阪市阿倍野区阿倍野筋3-12-10", "url": "https://www.kaigokensaku.mhlw.go.jp/27/index.php?action_kouhyou_detail_004_kani=true&JigyosyoCd=2712304126-00&ServiceCd=140&Type=search", "url2": "https://souaikai.or.jp/" }, "geometry": { "type": "Point", "coordinates": [ 135.5102331, 34.6419409 ] } },
{ "type": "Feature", "properties": { "内容": "医療法人　福寿会診療所【訪問リハビリテーション】大阪市阿倍野区丸山通1-1-2", "url": "https://www.kaigokensaku.mhlw.go.jp/27/index.php?action_kouhyou_detail_004_kani=true&JigyosyoCd=2712305065-00&ServiceCd=140&Type=search", "url2": null }, "geometry": { "type": "Point", "coordinates": [ 135.509358273016346, 34.637864342059579 ] } },
{ "type": "Feature", "properties": { "内容": "医療法人祐里会　かねこ整形外科【訪問リハビリテーション】大阪府大阪市阿倍野区阪南町１丁目４８-7グランヴォワール昭和町　１階", "url": "https://www.kaigokensaku.mhlw.go.jp/27/index.php?action_kouhyou_detail_004_kani=true&JigyosyoCd=2712307814-00&ServiceCd=140&Type=search", "url2": "https://www.kaneko-seikeigeka.jp/" }, "geometry": { "type": "Point", "coordinates": [ 135.5165408, 34.6332888 ] } },
{ "type": "Feature", "properties": { "内容": "医療法人　恵登久会　越川病院【訪問リハビリテーション】大阪府大阪市阿倍野区昭和町4－9－1", "url": "https://www.kaigokensaku.mhlw.go.jp/27/index.php?action_kouhyou_detail_004_kani=true&JigyosyoCd=2712306089-00&ServiceCd=140&Type=search", "url2": "http://www.koshikawa-hospital.or.jp/" }, "geometry": { "type": "Point", "coordinates": [ 135.515948900000012, 34.6251318 ] } },
{ "type": "Feature", "properties": { "内容": "越宗整形外科病院【訪問リハビリテーション】大阪府大阪市住吉区東粉浜三丁目26番6号", "url": "https://www.kaigokensaku.mhlw.go.jp/27/index.php?action_kouhyou_detail_004_kani=true&JigyosyoCd=2712007448-00&ServiceCd=140&Type=search", "url2": "http://www.koshimune.jp/hospital" }, "geometry": { "type": "Point", "coordinates": [ 135.491730600000039, 34.6155384 ] } },
{ "type": "Feature", "properties": { "内容": "医療法人岩本整形外科【訪問リハビリテーション】大阪府大阪市住吉区清水丘１－７－２", "url": "https://www.kaigokensaku.mhlw.go.jp/27/index.php?action_kouhyou_detail_004_kani=true&JigyosyoCd=2712006812-00&ServiceCd=140&Type=search", "url2": "http://iwamoto-orth.com/" }, "geometry": { "type": "Point", "coordinates": [ 135.493495199999984, 34.603840699999985 ] } },
{ "type": "Feature", "properties": { "内容": "いりょうほうじんきんしゅうかい　かいごろうじんほけんしせつきんしゅうえん【訪問リハビリテーション】大阪府大阪市住吉区南住吉一丁目22番17号", "url": "https://www.kaigokensaku.mhlw.go.jp/27/index.php?action_kouhyou_detail_004_kani=true&JigyosyoCd=2752080032-00&ServiceCd=140&Type=search", "url2": "https://www.kinshukai.or.jp" }, "geometry": { "type": "Point", "coordinates": [ 135.501499, 34.6096035 ] } },
{ "type": "Feature", "properties": { "内容": "医療法人銀嶺会　土田クリニック【訪問リハビリテーション】大阪府大阪市住吉区我孫子西2丁目2番20号エスターブレ1階", "url": "https://www.kaigokensaku.mhlw.go.jp/27/index.php?action_kouhyou_detail_004_kani=true&JigyosyoCd=2712007018-00&ServiceCd=140&Type=search", "url2": "https://clinic.ginreikai.jp/" }, "geometry": { "type": "Point", "coordinates": [ 135.506353, 34.6022012 ] } },
{ "type": "Feature", "properties": { "内容": "医療法人守田会オりオノ病院【訪問リハビリテーション】大阪府大阪市住吉区遠里小野１丁目１番１５号", "url": "https://www.kaigokensaku.mhlw.go.jp/27/index.php?action_kouhyou_detail_004_kani=true&JigyosyoCd=2712005764-00&ServiceCd=140&Type=search", "url2": "https://www.moritakai.jp/oriono01/oriono01.html" }, "geometry": { "type": "Point", "coordinates": [ 135.4987525, 34.6009508 ] } },
{ "type": "Feature", "properties": { "内容": "医療法人秀整会長整形外科訪問リハビリテーション【訪問リハビリテーション】大阪市住吉区山之内１丁目２５番３０号プレジール・アン・山之内２階", "url": "https://www.kaigokensaku.mhlw.go.jp/27/index.php?action_kouhyou_detail_004_kani=true&JigyosyoCd=2712006358-00&ServiceCd=140&Type=search", "url2": null }, "geometry": { "type": "Point", "coordinates": [ 135.501073200000064, 34.5997598 ] } },
{ "type": "Feature", "properties": { "内容": "あびこ森村クリニック【訪問リハビリテーション】大阪府大阪市住吉区我孫子1丁目7番6号", "url": "https://www.kaigokensaku.mhlw.go.jp/27/index.php?action_kouhyou_detail_004_kani=true&JigyosyoCd=2712005939-00&ServiceCd=140&Type=search", "url2": "http://www.am-clinic.jp" }, "geometry": { "type": "Point", "coordinates": [ 135.5091515, 34.6042508 ] } },
{ "type": "Feature", "properties": { "内容": "介護老人保健施設　聖和苑【訪問リハビリテーション】大阪市住吉区帝塚山東2丁目1番35号", "url": "https://www.kaigokensaku.mhlw.go.jp/27/index.php?action_kouhyou_detail_004_kani=true&JigyosyoCd=2752080024-00&ServiceCd=140&Type=search", "url2": "http://www.tezukayama.or.jp/seiwa/index.html" }, "geometry": { "type": "Point", "coordinates": [ 135.502253599999989, 34.6202609 ] } },
{ "type": "Feature", "properties": { "内容": "医療法人　翔寿会　こんどう整形外科クリニック【訪問リハビリテーション】大阪府大阪市住吉区我孫子東2-4-29", "url": "https://www.kaigokensaku.mhlw.go.jp/27/index.php?action_kouhyou_detail_004_kani=true&JigyosyoCd=2712007216-00&ServiceCd=140&Type=search", "url2": "http://www.kondo-seikei.jp/" }, "geometry": { "type": "Point", "coordinates": [ 135.511535800000047, 34.6004514 ] } },
{ "type": "Feature", "properties": { "内容": "医療法人　ウマノ整形外科クリニック【訪問リハビリテーション】大阪市東住吉区矢田２－１７－３", "url": "https://www.kaigokensaku.mhlw.go.jp/27/index.php?action_kouhyou_detail_004_kani=true&JigyosyoCd=2710806635-00&ServiceCd=140&Type=search", "url2": "https://umano-seikei.com" }, "geometry": { "type": "Point", "coordinates": [ 135.532304052149584, 34.609147026532511 ] } },
{ "type": "Feature", "properties": { "内容": "山本医院【訪問リハビリテーション】大阪府大阪市東住吉区湯里2-5-11パステル針中野1階", "url": "https://www.kaigokensaku.mhlw.go.jp/27/index.php?action_kouhyou_detail_004_kani=true&JigyosyoCd=2710806874-00&ServiceCd=140&Type=search", "url2": "http://kaseikai.or.jp/" }, "geometry": { "type": "Point", "coordinates": [ 135.536186199999946, 34.6142694 ] } },
{ "type": "Feature", "properties": { "内容": "介護老人保健施設ヴァンサンク【訪問リハビリテーション】湯里2-12-26", "url": "https://www.kaigokensaku.mhlw.go.jp/27/index.php?action_kouhyou_detail_004_kani=true&JigyosyoCd=2750880037-00&ServiceCd=140&Type=search", "url2": "http://www.kaseikai.or.jp" }, "geometry": { "type": "Point", "coordinates": [ 135.5369153, 34.6142999 ] } },
{ "type": "Feature", "properties": { "内容": "パークサイドなごみ訪問リハステーション【訪問リハビリテーション】大阪府大阪市東住吉区公園南矢田3-19-12", "url": "https://www.kaigokensaku.mhlw.go.jp/27/index.php?action_kouhyou_detail_004_kani=true&JigyosyoCd=2750880078-00&ServiceCd=140&Type=search", "url2": "http://psnagomi.com/" }, "geometry": { "type": "Point", "coordinates": [ 135.5269204, 34.5994904 ] } },
{ "type": "Feature", "properties": { "内容": "東住吉森本リハビリテーション病院【訪問リハビリテーション】大阪府大阪市東住吉区住道矢田4-21-10", "url": "https://www.kaigokensaku.mhlw.go.jp/27/index.php?action_kouhyou_detail_004_kani=true&JigyosyoCd=2710807609-00&ServiceCd=140&Type=search", "url2": "http://www.tachibana-med.or.jp/morimoto-riha/" }, "geometry": { "type": "Point", "coordinates": [ 135.539797266270369, 34.60126578844136 ] } },
{ "type": "Feature", "properties": { "内容": "介護老人保健施設　たちばな【訪問リハビリテーション】大阪市東住吉区住道矢田９丁目１１番１１号", "url": "https://www.kaigokensaku.mhlw.go.jp/27/index.php?action_kouhyou_detail_004_kani=true&JigyosyoCd=2750880011-00&ServiceCd=140&Type=search", "url2": null }, "geometry": { "type": "Point", "coordinates": [ 135.543111, 34.6003792 ] } },
{ "type": "Feature", "properties": { "内容": "医療法人　青洲会診療所【訪問リハビリテーション】大阪府大阪市東住吉区杭全1丁目4番20号", "url": "https://www.kaigokensaku.mhlw.go.jp/27/index.php?action_kouhyou_detail_004_kani=true&JigyosyoCd=2710806403-00&ServiceCd=140&Type=search", "url2": "http://seisyuukai.jp/" }, "geometry": { "type": "Point", "coordinates": [ 135.535891399999969, 34.640547 ] } },
{ "type": "Feature", "properties": { "内容": "介護老人保健施設　桑の実【訪問リハビリテーション】大阪市東住吉区桑津４－４－５介護老人保健施設　桑の実", "url": "https://www.kaigokensaku.mhlw.go.jp/27/index.php?action_kouhyou_detail_004_kani=true&JigyosyoCd=2750880060-00&ServiceCd=140&Type=search", "url2": "http://www.kuwanomi-yodoi.or.jp/" }, "geometry": { "type": "Point", "coordinates": [ 135.532480699999951, 34.6375501 ] } },
{ "type": "Feature", "properties": { "内容": "東和病院　訪問リハビリテーション【訪問リハビリテーション】大阪府大阪市東住吉区田辺4丁目13番15号", "url": "https://www.kaigokensaku.mhlw.go.jp/27/index.php?action_kouhyou_detail_004_kani=true&JigyosyoCd=2710808326-00&ServiceCd=140&Type=search", "url2": "https://www.towahospital.jp/" }, "geometry": { "type": "Point", "coordinates": [ 135.526281, 34.6232204 ] } },
{ "type": "Feature", "properties": { "内容": "金子外科リハビリテーションセンター【訪問リハビリテーション】大阪市東住吉区東田辺２丁目27-8", "url": "https://www.kaigokensaku.mhlw.go.jp/27/index.php?action_kouhyou_detail_004_kani=true&JigyosyoCd=2710806213-00&ServiceCd=140&Type=search", "url2": "http://kaneko-geka.com/" }, "geometry": { "type": "Point", "coordinates": [ 135.526709100000062, 34.6187854 ] } },
{ "type": "Feature", "properties": { "内容": "慶元整形外科リハビリ骨粗鬆症クリニック【訪問リハビリテーション】大阪市東住吉区山坂5－5－23", "url": "https://www.kaigokensaku.mhlw.go.jp/27/index.php?action_kouhyou_detail_004_kani=true&JigyosyoCd=2710808557-00&ServiceCd=140&Type=search", "url2": "https://keimotoseikei.com/" }, "geometry": { "type": "Point", "coordinates": [ 135.519304299999988, 34.6178817 ] } },
{ "type": "Feature", "properties": { "内容": "浦上病院【訪問リハビリテーション】大阪府大阪市西成区天下茶屋北2-5-15", "url": "https://www.kaigokensaku.mhlw.go.jp/27/index.php?action_kouhyou_detail_004_kani=true&JigyosyoCd=2713303572-00&ServiceCd=140&Type=search", "url2": "https://urakami-hp.com" }, "geometry": { "type": "Point", "coordinates": [ 135.5003638, 34.642985 ] } },
{ "type": "Feature", "properties": { "内容": "医療法人山紀会山本第三病院【訪問リハビリテーション】大阪府大阪市西成区南津守４丁目5-20", "url": "https://www.kaigokensaku.mhlw.go.jp/27/index.php?action_kouhyou_detail_004_kani=true&JigyosyoCd=2713304158-00&ServiceCd=140&Type=search", "url2": "https://yamakikai.or.jp/third/" }, "geometry": { "type": "Point", "coordinates": [ 135.4822188, 34.6289826 ] } },
{ "type": "Feature", "properties": { "内容": "ツルミ診療所【訪問リハビリテーション】大阪府大阪市西成区長橋２丁目５番２９号", "url": "https://www.kaigokensaku.mhlw.go.jp/27/index.php?action_kouhyou_detail_004_kani=true&JigyosyoCd=2713306922-00&ServiceCd=140&Type=search", "url2": "http://www.humannet.or.jp/" }, "geometry": { "type": "Point", "coordinates": [ 135.490506399999958, 34.6485901 ] } },
{ "type": "Feature", "properties": { "内容": "医療法人すずらん会　ながしま脳神経外科リハビリクリニック【訪問リハビリテーション】大阪府大阪市淀川区新高2-3-2新高クリニックセンタービル1F・2F", "url": "https://www.kaigokensaku.mhlw.go.jp/27/index.php?action_kouhyou_detail_004_kani=true&JigyosyoCd=2719109197-00&ServiceCd=140&Type=search", "url2": "https://www.nnrc.jp/" }, "geometry": { "type": "Point", "coordinates": [ 135.476049500000016, 34.729101600000021 ] } },
{ "type": "Feature", "properties": { "内容": "医療法人やすだ整形外科【訪問リハビリテーション】大阪府大阪市淀川区三津屋北1-33-15コーポ神崎川1階", "url": "https://www.kaigokensaku.mhlw.go.jp/27/index.php?action_kouhyou_detail_004_kani=true&JigyosyoCd=2719107761-00&ServiceCd=140&Type=search", "url2": null }, "geometry": { "type": "Point", "coordinates": [ 135.471696799999989, 34.7311147 ] } },
{ "type": "Feature", "properties": { "内容": "のぞみハートクリニック【訪問リハビリテーション】大阪府大阪市淀川区宮原3-5-36新大阪トラストタワー1F", "url": "https://www.kaigokensaku.mhlw.go.jp/27/index.php?action_kouhyou_detail_004_kani=true&JigyosyoCd=2719108850-00&ServiceCd=140&Type=search", "url2": "https://nozomi-heartclinic.com/" }, "geometry": { "type": "Point", "coordinates": [ 135.495673048391581, 34.734077384804287 ] } },
{ "type": "Feature", "properties": { "内容": "秀壮会クリニック【訪問リハビリテーション】大阪市淀川区塚本2-19-12", "url": "https://www.kaigokensaku.mhlw.go.jp/27/index.php?action_kouhyou_detail_004_kani=true&JigyosyoCd=2719108009-00&ServiceCd=140&Type=search", "url2": "http://www.shusokai.jp/" }, "geometry": { "type": "Point", "coordinates": [ 135.470584300000041, 34.7127846 ] } },
{ "type": "Feature", "properties": { "内容": "医療法人　西出医院【訪問リハビリテーション】大阪府大阪市淀川区東三国6丁目10-1", "url": "https://www.kaigokensaku.mhlw.go.jp/27/index.php?action_kouhyou_detail_004_kani=true&JigyosyoCd=2719108231-00&ServiceCd=140&Type=search", "url2": "http://www.nishide.in/" }, "geometry": { "type": "Point", "coordinates": [ 135.495179099999973, 34.7431845 ] } },
{ "type": "Feature", "properties": { "内容": "医療法人　大西クリニック【訪問リハビリテーション】大阪府大阪市淀川区三津屋北１－５－２０神崎川クリニックビル１階", "url": "https://www.kaigokensaku.mhlw.go.jp/27/index.php?action_kouhyou_detail_004_kani=true&JigyosyoCd=2719106219-00&ServiceCd=140&Type=search", "url2": "http://onishi-clinic.or.jp/" }, "geometry": { "type": "Point", "coordinates": [ 135.473221234119592, 34.731642551400682 ] } },
{ "type": "Feature", "properties": { "内容": "医療法人曉会田辺整形外科【訪問リハビリテーション】大阪府大阪市淀川区塚本２丁目２４番８号タバタビル２・３Ｆ", "url": "https://www.kaigokensaku.mhlw.go.jp/27/index.php?action_kouhyou_detail_004_kani=true&JigyosyoCd=2719106383-00&ServiceCd=140&Type=search", "url2": "http://www.akatsukikai.or.jp/" }, "geometry": { "type": "Point", "coordinates": [ 135.469564900000023, 34.7129735 ] } },
{ "type": "Feature", "properties": { "内容": "大阪回生病院リハビリテーションセンター【訪問リハビリテーション】大阪府大阪市淀川区宮原1-6-10", "url": "https://www.kaigokensaku.mhlw.go.jp/27/index.php?action_kouhyou_detail_004_kani=true&JigyosyoCd=2719107662-00&ServiceCd=140&Type=search", "url2": "https://kaisei-hp.co.jp/" }, "geometry": { "type": "Point", "coordinates": [ 135.499155499999972, 34.735384800000034 ] } },
{ "type": "Feature", "properties": { "内容": "社会医療法人協和会　淀川介護老人保健施設ハートフル【訪問リハビリテーション】大阪市淀川区十三東５丁目３番２９号", "url": "https://www.kaigokensaku.mhlw.go.jp/27/index.php?action_kouhyou_detail_004_kani=true&JigyosyoCd=2759180017-00&ServiceCd=140&Type=search", "url2": "http://www.heartfull.or.jp" }, "geometry": { "type": "Point", "coordinates": [ 135.4835276, 34.7243225 ] } },
{ "type": "Feature", "properties": { "内容": "中川整形外科クリニック【訪問リハビリテーション】大阪市淀川区新高6-7-14", "url": "https://www.kaigokensaku.mhlw.go.jp/27/index.php?action_kouhyou_detail_004_kani=true&JigyosyoCd=2719106649-00&ServiceCd=140&Type=search", "url2": "http://nkgw-clinic.jp/" }, "geometry": { "type": "Point", "coordinates": [ 135.4749478, 34.7320019 ] } },
{ "type": "Feature", "properties": { "内容": "医療法人桂寿会　桂寿クリニック【訪問リハビリテーション】大阪府大阪市淀川区加島2丁目4番8号", "url": "https://www.kaigokensaku.mhlw.go.jp/27/index.php?action_kouhyou_detail_004_kani=true&JigyosyoCd=2719108702-00&ServiceCd=140&Type=search", "url2": "www.keijukai.com" }, "geometry": { "type": "Point", "coordinates": [ 135.4602908, 34.7294863 ] } },
{ "type": "Feature", "properties": { "内容": "医療法人健生会　たつえクリニック整形外科・リハビリテーション科【訪問リハビリテーション】大阪府大阪市淀川区木川東2丁目2番2号シャインビュー新大阪１階", "url": "https://www.kaigokensaku.mhlw.go.jp/27/index.php?action_kouhyou_detail_004_kani=true&JigyosyoCd=2719108546-00&ServiceCd=140&Type=search", "url2": "http://www.tatsue-clinic.com" }, "geometry": { "type": "Point", "coordinates": [ 135.493482200000017, 34.7242534 ] } },
{ "type": "Feature", "properties": { "内容": "社会医療法人　協和会　北大阪病院【訪問リハビリテーション】大阪府大阪市淀川区西宮原2丁目7番17号", "url": "https://www.kaigokensaku.mhlw.go.jp/27/index.php?action_kouhyou_detail_004_kani=true&JigyosyoCd=2719105252-00&ServiceCd=140&Type=search", "url2": "http://www.heartfull.or.jp/kitaosaka/" }, "geometry": { "type": "Point", "coordinates": [ 135.490345700000034, 34.7339542 ] } },
{ "type": "Feature", "properties": { "内容": "医療法人陽希会かたおか整形外科脳神経リハビリクリニック【訪問リハビリテーション】大阪市淀川区西宮原3-3-98宮原クリニックモール２F", "url": "https://www.kaigokensaku.mhlw.go.jp/27/index.php?action_kouhyou_detail_004_kani=true&JigyosyoCd=2719109114-00&ServiceCd=140&Type=search", "url2": "https://www.kataoka-seikei-cl.com/" }, "geometry": { "type": "Point", "coordinates": [ 135.4928094, 34.7391382 ] } },
{ "type": "Feature", "properties": { "内容": "医療法人　晃和会　北田医院【訪問リハビリテーション】大阪市鶴見区放出東2丁目４番１号", "url": "https://www.kaigokensaku.mhlw.go.jp/27/index.php?action_kouhyou_detail_004_kani=true&JigyosyoCd=2719204121-00&ServiceCd=140&Type=search", "url2": "http://kitada-iin.com" }, "geometry": { "type": "Point", "coordinates": [ 135.559789200000068, 34.6915696 ] } },
{ "type": "Feature", "properties": { "内容": "医療法人大森整形外科【訪問リハビリテーション】大阪市鶴見区今津中3-6-27", "url": "https://www.kaigokensaku.mhlw.go.jp/27/index.php?action_kouhyou_detail_004_kani=true&JigyosyoCd=2719203677-00&ServiceCd=140&Type=search", "url2": null }, "geometry": { "type": "Point", "coordinates": [ 135.57552530000001, 34.6921226 ] } },
{ "type": "Feature", "properties": { "内容": "社会医療法人ささき会　藍の都脳神経外科病院【訪問リハビリテーション】大阪府大阪市鶴見区放出東2丁目21番31号", "url": "https://www.kaigokensaku.mhlw.go.jp/27/index.php?action_kouhyou_detail_004_kani=true&JigyosyoCd=2719204824-00&ServiceCd=140&Type=search", "url2": "http://www.ainomiyako.net" }, "geometry": { "type": "Point", "coordinates": [ 135.565646030024709, 34.690983535272395 ] } },
{ "type": "Feature", "properties": { "内容": "鶴見老人保健施設ラガール【訪問リハビリテーション】大阪市鶴見区横堤４－３－３０", "url": "https://www.kaigokensaku.mhlw.go.jp/27/index.php?action_kouhyou_detail_004_kani=true&JigyosyoCd=2759280015-00&ServiceCd=140&Type=search", "url2": "http://www.koudoukai.or.jp/tsurumi-lagare" }, "geometry": { "type": "Point", "coordinates": [ 135.57063740000001, 34.7042016 ] } },
{ "type": "Feature", "properties": { "内容": "社会医療法人盛和会　本田病院【訪問リハビリテーション】大阪府大阪市鶴見区鶴見四丁目1番30号", "url": "https://www.kaigokensaku.mhlw.go.jp/27/index.php?action_kouhyou_detail_004_kani=true&JigyosyoCd=2719202877-00&ServiceCd=140&Type=search", "url2": "http://www.hondahp.or.jp" }, "geometry": { "type": "Point", "coordinates": [ 135.56058, 34.7023931 ] } },
{ "type": "Feature", "properties": { "内容": "社会医療法人　盛和会　介護老人保健施設鶴見せいわ園【訪問リハビリテーション】大阪市鶴見区鶴見１丁目６番１１１", "url": "https://www.kaigokensaku.mhlw.go.jp/27/index.php?action_kouhyou_detail_004_kani=true&JigyosyoCd=2759280031-00&ServiceCd=140&Type=search", "url2": "https://www.hondahp.or.jp/facility_tsurumi_seiwa_en/index.html" }, "geometry": { "type": "Point", "coordinates": [ 135.567198800000028, 34.6967107 ] } },
{ "type": "Feature", "properties": { "内容": "小林医院【訪問リハビリテーション】大阪府大阪市鶴見区鶴見4-11-66", "url": "https://www.kaigokensaku.mhlw.go.jp/27/index.php?action_kouhyou_detail_004_kani=true&JigyosyoCd=2719204816-00&ServiceCd=140&Type=search", "url2": "http://www.kobayashi-clinic.org/" }, "geometry": { "type": "Point", "coordinates": [ 135.563083925165984, 34.702923878941746 ] } },
{ "type": "Feature", "properties": { "内容": "医療福祉生活協同組合おおさか　まった生協診療所訪問リハビリテーション【訪問リハビリテーション】大阪府大阪市鶴見区横堤３丁目６番７号", "url": "https://www.kaigokensaku.mhlw.go.jp/27/index.php?action_kouhyou_detail_004_kani=true&JigyosyoCd=2719203891-00&ServiceCd=140&Type=search", "url2": "https://mattashin.net/" }, "geometry": { "type": "Point", "coordinates": [ 135.57289830000002, 34.7007048 ] } },
{ "type": "Feature", "properties": { "内容": "医療福祉生活協同組合おおさか　コープおおさか病院【訪問リハビリテーション】大阪府大阪市鶴見区鶴見３－６－２２", "url": "https://www.kaigokensaku.mhlw.go.jp/27/index.php?action_kouhyou_detail_004_kani=true&JigyosyoCd=2719204394-00&ServiceCd=140&Type=search", "url2": "http://www.osh.coop/" }, "geometry": { "type": "Point", "coordinates": [ 135.563007500000026, 34.7022766 ] } },
{ "type": "Feature", "properties": { "内容": "医療法人仁和会　和田病院【訪問リハビリテーション】大阪府大阪市鶴見区横堤3－10－18", "url": "https://www.kaigokensaku.mhlw.go.jp/27/index.php?action_kouhyou_detail_004_kani=true&JigyosyoCd=2719203263-00&ServiceCd=140&Type=search", "url2": "http://www.wada-hp.net/" }, "geometry": { "type": "Point", "coordinates": [ 135.573389899999938, 34.7032545 ] } },
{ "type": "Feature", "properties": { "内容": "医療福祉生活協同組合おおさか今津生協診療所訪問リハビリテーション【訪問リハビリテーション】大阪市鶴見区今津中3-7-9", "url": "https://www.kaigokensaku.mhlw.go.jp/27/index.php?action_kouhyou_detail_004_kani=true&JigyosyoCd=2719203644-00&ServiceCd=140&Type=search", "url2": "http://imazushin.net" }, "geometry": { "type": "Point", "coordinates": [ 135.574026, 34.6917976 ] } },
{ "type": "Feature", "properties": { "内容": "医療法人あきの整形外科【訪問リハビリテーション】大阪市住之江区中加賀屋3-2-3", "url": "https://www.kaigokensaku.mhlw.go.jp/27/index.php?action_kouhyou_detail_004_kani=true&JigyosyoCd=2715906349-00&ServiceCd=140&Type=search", "url2": null }, "geometry": { "type": "Point", "coordinates": [ 135.481483600000047, 34.6162997 ] } },
{ "type": "Feature", "properties": { "内容": "介護老人保健施設　アロンティアクラブ【訪問リハビリテーション】大阪府大阪市住之江区北島二丁目７番３２号", "url": "https://www.kaigokensaku.mhlw.go.jp/27/index.php?action_kouhyou_detail_004_kani=true&JigyosyoCd=2755980014-00&ServiceCd=140&Type=search", "url2": "http://www.kouzenkai.or.jp/sumi_club/service4.html" }, "geometry": { "type": "Point", "coordinates": [ 135.476702500000016, 34.6033012 ] } },
{ "type": "Feature", "properties": { "内容": "社会医療法人三宝会　南港病院【訪問リハビリテーション】大阪府大阪市住之江区北加賀屋2丁目11番15号", "url": "https://www.kaigokensaku.mhlw.go.jp/27/index.php?action_kouhyou_detail_004_kani=true&JigyosyoCd=2715905051-00&ServiceCd=140&Type=search", "url2": "https://www.nanko-hp.com" }, "geometry": { "type": "Point", "coordinates": [ 135.4764453, 34.6213611 ] } },
{ "type": "Feature", "properties": { "内容": "雅秀苑訪問リハビリテーション【訪問リハビリテーション】大阪府大阪市住之江区南港北1-4-1", "url": "https://www.kaigokensaku.mhlw.go.jp/27/index.php?action_kouhyou_detail_004_kani=true&JigyosyoCd=2755980097-00&ServiceCd=140&Type=search", "url2": "http://www.tezukayama.or.jp" }, "geometry": { "type": "Point", "coordinates": [ 135.4255485, 34.6382921 ] } },
{ "type": "Feature", "properties": { "内容": "医療法人　高仁会　小山医院【訪問リハビリテーション】大阪市住之江区東加賀屋三丁目１２－１８ラヴィリンス１F", "url": "https://www.kaigokensaku.mhlw.go.jp/27/index.php?action_kouhyou_detail_004_kani=true&JigyosyoCd=2715906299-00&ServiceCd=140&Type=search", "url2": "http://www.koyama-clinic.net/" }, "geometry": { "type": "Point", "coordinates": [ 135.481838700000026, 34.6162438 ] } },
{ "type": "Feature", "properties": { "内容": "いっしん整形外科【訪問リハビリテーション】大阪府大阪市平野区喜連東5-16-22", "url": "https://www.kaigokensaku.mhlw.go.jp/27/index.php?action_kouhyou_detail_004_kani=true&JigyosyoCd=2715809154-00&ServiceCd=140&Type=search", "url2": "https://isshin-clinic.com" }, "geometry": { "type": "Point", "coordinates": [ 135.5656928, 34.6101726 ] } },
{ "type": "Feature", "properties": { "内容": "医療法人希望会　回生会クリニック【訪問リハビリテーション】大阪市平野区長吉長原西1-3-8", "url": "https://www.kaigokensaku.mhlw.go.jp/27/index.php?action_kouhyou_detail_004_kani=true&JigyosyoCd=2715808727-00&ServiceCd=140&Type=search", "url2": null }, "geometry": { "type": "Point", "coordinates": [ 135.5660552, 34.6074674 ] } },
{ "type": "Feature", "properties": { "内容": "医療法人五月会平野若葉会病院【訪問リハビリテーション】大阪府大阪市平野区瓜破２－１－１９", "url": "https://www.kaigokensaku.mhlw.go.jp/27/index.php?action_kouhyou_detail_004_kani=true&JigyosyoCd=2715808131-00&ServiceCd=140&Type=search", "url2": "http://www.satsukikai.jp/" }, "geometry": { "type": "Point", "coordinates": [ 135.552463, 34.6087589 ] } },
{ "type": "Feature", "properties": { "内容": "医療法人孝至会　みのりクリニック【訪問リハビリテーション】大阪府大阪市平野区平野北一丁目9番8号武陵平野駅前医療複合ビル２階", "url": "https://www.kaigokensaku.mhlw.go.jp/27/index.php?action_kouhyou_detail_004_kani=true&JigyosyoCd=2715808438-00&ServiceCd=140&Type=search", "url2": "http://www.minori-plum.com/" }, "geometry": { "type": "Point", "coordinates": [ 135.551729, 34.631701 ] } },
{ "type": "Feature", "properties": { "内容": "医療法人　桜樹会　さくらの樹クリニック【訪問リハビリテーション】大阪府大阪市平野区瓜破東1-1-2シャルマンコーポ南平野1F", "url": "https://www.kaigokensaku.mhlw.go.jp/27/index.php?action_kouhyou_detail_004_kani=true&JigyosyoCd=2715809410-00&ServiceCd=140&Type=search", "url2": "https://www.cl-sakura.com/" }, "geometry": { "type": "Point", "coordinates": [ 135.556727, 34.608967 ] } },
{ "type": "Feature", "properties": { "内容": "医療法人松史会　いぬいクリニック【訪問リハビリテーション】大阪市平野区喜連東3-5-60", "url": "https://www.kaigokensaku.mhlw.go.jp/27/index.php?action_kouhyou_detail_004_kani=true&JigyosyoCd=2715808941-00&ServiceCd=140&Type=search", "url2": "https://inui-clinic.jp/" }, "geometry": { "type": "Point", "coordinates": [ 135.55979495276128, 34.609526218926483 ] } },
{ "type": "Feature", "properties": { "内容": "医療法人豊旺会共立病院【訪問リハビリテーション】大阪府大阪市平野区長吉出戸7-14-13", "url": "https://www.kaigokensaku.mhlw.go.jp/27/index.php?action_kouhyou_detail_004_kani=true&JigyosyoCd=2715808065-00&ServiceCd=140&Type=search", "url2": "http://kyoritsu.hououkai.or.jp/" }, "geometry": { "type": "Point", "coordinates": [ 135.5773884, 34.6110211 ] } },
{ "type": "Feature", "properties": { "内容": "医療法人隆星会　介護老人保健施設オアシス【訪問リハビリテーション】大阪府　大阪市平野区平野南一丁目7番7号", "url": "https://www.kaigokensaku.mhlw.go.jp/27/index.php?action_kouhyou_detail_004_kani=true&JigyosyoCd=2755880040-00&ServiceCd=140&Type=search", "url2": "https://oasisgroup.or.jp" }, "geometry": { "type": "Point", "coordinates": [ 135.558499280426105, 34.619306560843967 ] } },
{ "type": "Feature", "properties": { "内容": "老人保健施設　永寿ケアセンター【訪問リハビリテーション】大阪府大阪市平野区瓜破南１－２－３０", "url": "https://www.kaigokensaku.mhlw.go.jp/27/index.php?action_kouhyou_detail_004_kani=true&JigyosyoCd=2755880057-00&ServiceCd=140&Type=search", "url2": "http://www.eijyu.or.jp" }, "geometry": { "type": "Point", "coordinates": [ 135.5468823, 34.5963281 ] } },
{ "type": "Feature", "properties": { "内容": "ながよし苑　訪問リハビリテーション【訪問リハビリテーション】大阪府大阪市平野区長吉川辺三丁目8番5号介護老人保健施設　ながよし苑", "url": "https://www.kaigokensaku.mhlw.go.jp/27/index.php?action_kouhyou_detail_004_kani=true&JigyosyoCd=2755880099-00&ServiceCd=140&Type=search", "url2": "ontoku.or.jp/facilities/nagayoshien-visit-reha/" }, "geometry": { "type": "Point", "coordinates": [ 135.575466900000038, 34.5976217 ] } },
{ "type": "Feature", "properties": { "内容": "はまクリニック【訪問リハビリテーション】大阪府大阪市平野区平野元町10-23-101", "url": "https://www.kaigokensaku.mhlw.go.jp/27/index.php?action_kouhyou_detail_004_kani=true&JigyosyoCd=2715809121-00&ServiceCd=140&Type=search", "url2": "https://www.ha-ma-clinic.com/" }, "geometry": { "type": "Point", "coordinates": [ 135.5526069, 34.6302402 ] } },
{ "type": "Feature", "properties": { "内容": "高遼会病院　訪問リハビリテーション【訪問リハビリテーション】大阪府大阪市平野区平野本町４丁目１５番６号", "url": "https://www.kaigokensaku.mhlw.go.jp/27/index.php?action_kouhyou_detail_004_kani=true&JigyosyoCd=2715808529-00&ServiceCd=140&Type=search", "url2": "https://koryokai-hospital.com/" }, "geometry": { "type": "Point", "coordinates": [ 135.555909899999989, 34.6229326 ] } },
{ "type": "Feature", "properties": { "内容": "医療法人　悠弘会　愛和クリニック【訪問リハビリテーション】大阪府大阪市北区大淀中2-2-13", "url": "https://www.kaigokensaku.mhlw.go.jp/27/index.php?action_kouhyou_detail_004_kani=true&JigyosyoCd=2714111842-00&ServiceCd=140&Type=search", "url2": "https://www.aiwaclinic-osakakita.com" }, "geometry": { "type": "Point", "coordinates": [ 135.4856676, 34.7031332 ] } },
{ "type": "Feature", "properties": { "内容": "公益財団法人田附興風会医学研究所北野病院【訪問リハビリテーション】大阪府大阪市北区扇町2丁目4-20", "url": "https://www.kaigokensaku.mhlw.go.jp/27/index.php?action_kouhyou_detail_004_kani=true&JigyosyoCd=2714107774-00&ServiceCd=140&Type=search", "url2": "https://www.kitano-hp.or.jp/" }, "geometry": { "type": "Point", "coordinates": [ 135.506837499999989, 34.7051275 ] } },
{ "type": "Feature", "properties": { "内容": "社会医療法人協和会　加納総合病院【訪問リハビリテーション】大阪府大阪市北区天神橋7丁目5番15号", "url": "https://www.kaigokensaku.mhlw.go.jp/27/index.php?action_kouhyou_detail_004_kani=true&JigyosyoCd=2714104854-00&ServiceCd=140&Type=search", "url2": "http://www.heartfull.or.jp/" }, "geometry": { "type": "Point", "coordinates": [ 135.51143060000004, 34.7123915 ] } },
{ "type": "Feature", "properties": { "内容": "社会医療法人　行岡医学研究会　行岡病院【訪問リハビリテーション】大阪府大阪市北区浮田２丁目2番3号", "url": "https://www.kaigokensaku.mhlw.go.jp/27/index.php?action_kouhyou_detail_004_kani=true&JigyosyoCd=2714102734-00&ServiceCd=140&Type=search", "url2": "http://www.yukioka.or.jp" }, "geometry": { "type": "Point", "coordinates": [ 135.5088881, 34.7099139 ] } },
{ "type": "Feature", "properties": { "内容": "医療法人　寺内クリニック【訪問リハビリテーション】大阪府大阪市中央区道頓堀1丁目東５－５", "url": "https://www.kaigokensaku.mhlw.go.jp/27/index.php?action_kouhyou_detail_004_kani=true&JigyosyoCd=2719406460-00&ServiceCd=140&Type=search", "url2": "https://terauchiclinic.jp/" }, "geometry": { "type": "Point", "coordinates": [ 135.508566762162218, 34.668735922982691 ] } },
{ "type": "Feature", "properties": { "内容": "かわぞえ医院【訪問リハビリテーション】大阪府大阪市中央区糸屋町1丁目1番6号エステムプラザ大手前エヴァース1階", "url": "https://www.kaigokensaku.mhlw.go.jp/27/index.php?action_kouhyou_detail_004_kani=true&JigyosyoCd=2719409993-00&ServiceCd=140&Type=search", "url2": "https://www.kawazoe-clinic.jp/" }, "geometry": { "type": "Point", "coordinates": [ 135.5162837, 34.6855827 ] } },
{ "type": "Feature", "properties": { "内容": "うえに生協診療所【訪問リハビリテーション】大阪市中央区玉造1-8-7", "url": "https://www.kaigokensaku.mhlw.go.jp/27/index.php?action_kouhyou_detail_004_kani=true&JigyosyoCd=2719405991-00&ServiceCd=140&Type=search", "url2": "https://uenishin.net/houreha" }, "geometry": { "type": "Point", "coordinates": [ 135.5305214, 34.675328899999982 ] } },
{ "type": "Feature", "properties": { "内容": "医療法人　いずみ会　阪堺病院【訪問リハビリテーション】大阪府堺市堺区大浜北町1丁8番8号", "url": "https://www.kaigokensaku.mhlw.go.jp/27/index.php?action_kouhyou_detail_004_kani=true&JigyosyoCd=2710118403-00&ServiceCd=140&Type=search", "url2": "http://www.hankai.or.jp/" }, "geometry": { "type": "Point", "coordinates": [ 135.464826899999906, 34.5775694 ] } },
{ "type": "Feature", "properties": { "内容": "医療法人慈友会　堺山口病院【訪問リハビリテーション】大阪府堺市堺区東湊町６丁３８３", "url": "https://www.kaigokensaku.mhlw.go.jp/27/index.php?action_kouhyou_detail_004_kani=true&JigyosyoCd=2710100187-00&ServiceCd=140&Type=search", "url2": "http://sakaiyamaguchi.info/" }, "geometry": { "type": "Point", "coordinates": [ 135.465721499999972, 34.5630959 ] } },
{ "type": "Feature", "properties": { "内容": "医療法人淳康会　堺近森病院【訪問リハビリテーション】大阪府堺市堺区北清水町二丁4番１号", "url": "https://www.kaigokensaku.mhlw.go.jp/27/index.php?action_kouhyou_detail_004_kani=true&JigyosyoCd=2710121548-00&ServiceCd=140&Type=search", "url2": "https://www.sakai-chikamori.com/" }, "geometry": { "type": "Point", "coordinates": [ 135.48822, 34.587927300000025 ] } },
{ "type": "Feature", "properties": { "内容": "社会医療法人清恵会清恵会三宝病院【訪問リハビリテーション】大阪府堺市堺区松屋町1丁4番地の1", "url": "https://www.kaigokensaku.mhlw.go.jp/27/index.php?action_kouhyou_detail_004_kani=true&JigyosyoCd=2710123536-00&ServiceCd=140&Type=search", "url2": "http://www.seikeikai.or.jp" }, "geometry": { "type": "Point", "coordinates": [ 135.472056699999939, 34.5962179 ] } },
{ "type": "Feature", "properties": { "内容": "老人保健施設　堺ラ・メール【訪問リハビリテーション】大阪府堺市堺区柏木町３丁３番９号", "url": "https://www.kaigokensaku.mhlw.go.jp/27/index.php?action_kouhyou_detail_004_kani=true&JigyosyoCd=2750180057-00&ServiceCd=140&Type=search", "url2": "http://www.otorifukushikai.or.jp/" }, "geometry": { "type": "Point", "coordinates": [ 135.458133099999941, 34.5636206 ] } },
{ "type": "Feature", "properties": { "内容": "介護老人保健施設ベルアルト【訪問リハビリテーション】大阪府堺市堺区南安井町3丁1番1号", "url": "https://www.kaigokensaku.mhlw.go.jp/27/index.php?action_kouhyou_detail_004_kani=true&JigyosyoCd=2750180131-00&ServiceCd=140&Type=search", "url2": "http://www.yujinkai.com" }, "geometry": { "type": "Point", "coordinates": [ 135.4767142, 34.5705545 ] } },
{ "type": "Feature", "properties": { "内容": "医療法人　松並診療所【訪問リハビリテーション】大阪府堺市堺区綾之町東1丁3番32号", "url": "https://www.kaigokensaku.mhlw.go.jp/27/index.php?action_kouhyou_detail_004_kani=true&JigyosyoCd=2710117983-00&ServiceCd=140&Type=search", "url2": "https://matsunami25.stars.ne.jp" }, "geometry": { "type": "Point", "coordinates": [ 135.484056900000041, 34.587491300000011 ] } },
{ "type": "Feature", "properties": { "内容": "医療法人　浩仁会　南堺病院　訪問リハビリテーション【訪問リハビリテーション】大阪府堺市中区大野芝町292", "url": "https://www.kaigokensaku.mhlw.go.jp/27/index.php?action_kouhyou_detail_004_kani=true&JigyosyoCd=2716100207-00&ServiceCd=140&Type=search", "url2": "http://minamisakai.jp/" }, "geometry": { "type": "Point", "coordinates": [ 135.518810215344274, 34.535308404582366 ] } },
{ "type": "Feature", "properties": { "内容": "医療法人中村会　堺なかむら総合クリニック【訪問リハビリテーション】大阪府堺市中区東八田24－5", "url": "https://www.kaigokensaku.mhlw.go.jp/27/index.php?action_kouhyou_detail_004_kani=true&JigyosyoCd=2710117777-00&ServiceCd=140&Type=search", "url2": "http://nakamura-shinryosho.jp" }, "geometry": { "type": "Point", "coordinates": [ 135.491697899999963, 34.5249897 ] } },
{ "type": "Feature", "properties": { "内容": "介護老人保健施設　ベルアモール【訪問リハビリテーション】大阪府堺市中区深井畑山町２１１番地", "url": "https://www.kaigokensaku.mhlw.go.jp/27/index.php?action_kouhyou_detail_004_kani=true&JigyosyoCd=2750180040-00&ServiceCd=140&Type=search", "url2": "https://www.seichokai.or.jp/amor/" }, "geometry": { "type": "Point", "coordinates": [ 135.5085204, 34.5260686 ] } },
{ "type": "Feature", "properties": { "内容": "社会医療法人頌徳会　日野クリニック【訪問リハビリテーション】大阪府堺市中区深井中町1248", "url": "https://www.kaigokensaku.mhlw.go.jp/27/index.php?action_kouhyou_detail_004_kani=true&JigyosyoCd=2716100124-00&ServiceCd=140&Type=search", "url2": "http://www.syo.or.jp" }, "geometry": { "type": "Point", "coordinates": [ 135.491611400000011, 34.5366581 ] } },
{ "type": "Feature", "properties": { "内容": "介護老人保健施設だいせん【訪問リハビリテーション】大阪府堺市中区土塔町155番1", "url": "https://www.kaigokensaku.mhlw.go.jp/27/index.php?action_kouhyou_detail_004_kani=true&JigyosyoCd=2750180123-00&ServiceCd=140&Type=search", "url2": "http://daisenkai.jp/" }, "geometry": { "type": "Point", "coordinates": [ 135.5144659, 34.5302446 ] } },
{ "type": "Feature", "properties": { "内容": "医療法人邦徳会邦和病院【訪問リハビリテーション】大阪府堺市中区新家町700-1", "url": "https://www.kaigokensaku.mhlw.go.jp/27/index.php?action_kouhyou_detail_004_kani=true&JigyosyoCd=2716100330-00&ServiceCd=140&Type=search", "url2": "https://houtokukai.or.jp" }, "geometry": { "type": "Point", "coordinates": [ 135.5116936, 34.5444557 ] } },
{ "type": "Feature", "properties": { "内容": "おうち診療所堺【訪問リハビリテーション】大阪巣堺市中区東山62番地1　2階", "url": "https://www.kaigokensaku.mhlw.go.jp/27/index.php?action_kouhyou_detail_004_kani=true&JigyosyoCd=2716100504-00&ServiceCd=140&Type=search", "url2": "https://ouchi-clinic.com/clinic/sakai/" }, "geometry": { "type": "Point", "coordinates": [ 135.5010962, 34.5250665 ] } },
{ "type": "Feature", "properties": { "内容": "社会医療法人　頌徳会　日野病院【訪問リハビリテーション】大阪府堺市東区北野田６２６番地", "url": "https://www.kaigokensaku.mhlw.go.jp/27/index.php?action_kouhyou_detail_004_kani=true&JigyosyoCd=2710109758-00&ServiceCd=140&Type=search", "url2": "http://www.syo.or.jp/ohisama/service/rehabili.html" }, "geometry": { "type": "Point", "coordinates": [ 135.548462, 34.53064 ] } },
{ "type": "Feature", "properties": { "内容": "医療法人　大泉会　大仙病院【訪問リハビリテーション】大阪府堺市西区北条町1丁2番31号", "url": "https://www.kaigokensaku.mhlw.go.jp/27/index.php?action_kouhyou_detail_004_kani=true&JigyosyoCd=2710105020-00&ServiceCd=140&Type=search", "url2": "http://daisenkai.jp/daisen-hp/home/rehabilitation/" }, "geometry": { "type": "Point", "coordinates": [ 135.4844703, 34.5479844 ] } },
{ "type": "Feature", "properties": { "内容": "ベルピアノ病院【訪問リハビリテーション】大阪府堺市西区菱木1丁2343番11", "url": "https://www.kaigokensaku.mhlw.go.jp/27/index.php?action_kouhyou_detail_004_kani=true&JigyosyoCd=2716300385-00&ServiceCd=140&Type=search", "url2": "http://www.seichokai.or.jp" }, "geometry": { "type": "Point", "coordinates": [ 135.47778, 34.5122824 ] } },
{ "type": "Feature", "properties": { "内容": "医療法人　オサダ整形外科クリニック【訪問リハビリテーション】大阪府堺市西区浜寺諏訪森町中1丁112", "url": "https://www.kaigokensaku.mhlw.go.jp/27/index.php?action_kouhyou_detail_004_kani=true&JigyosyoCd=2710117009-00&ServiceCd=140&Type=search", "url2": "http://www.osada-oc.com/" }, "geometry": { "type": "Point", "coordinates": [ 135.450080053442434, 34.550609702502086 ] } },
{ "type": "Feature", "properties": { "内容": "医療法人　昭節会　みずき医科歯科クリニック【訪問リハビリテーション】大阪府堺市西区鳳東町5丁473番地9", "url": "https://www.kaigokensaku.mhlw.go.jp/27/index.php?action_kouhyou_detail_004_kani=true&JigyosyoCd=2716300757-00&ServiceCd=140&Type=search", "url2": null }, "geometry": { "type": "Point", "coordinates": [ 135.460557566899496, 34.533690797162755 ] } },
{ "type": "Feature", "properties": { "内容": "河野外科訪問リハビリテーション【訪問リハビリテーション】大阪府堺市南区若松台2-2-6", "url": "https://www.kaigokensaku.mhlw.go.jp/27/index.php?action_kouhyou_detail_004_kani=true&JigyosyoCd=2716400102-00&ServiceCd=140&Type=search", "url2": null }, "geometry": { "type": "Point", "coordinates": [ 135.5078403, 34.4898484 ] } },
{ "type": "Feature", "properties": { "内容": "医療法人　良秀会　泉北藤井病院【訪問リハビリテーション】大阪府堺市南区泉田中３１００－１９", "url": "https://www.kaigokensaku.mhlw.go.jp/27/index.php?action_kouhyou_detail_004_kani=true&JigyosyoCd=2710120532-00&ServiceCd=140&Type=search", "url2": "http://www.ryoshukai.or.jp" }, "geometry": { "type": "Point", "coordinates": [ 135.5048418, 34.4768092 ] } },
{ "type": "Feature", "properties": { "内容": "社会福祉法人貞省会介護老人保健施設カロス【訪問リハビリテーション】大阪府堺市南区美木多上2308-1", "url": "https://www.kaigokensaku.mhlw.go.jp/27/index.php?action_kouhyou_detail_004_kani=true&JigyosyoCd=2750180099-00&ServiceCd=140&Type=search", "url2": "http://www.karos.or.jp" }, "geometry": { "type": "Point", "coordinates": [ 135.493173399999932, 34.4699541 ] } },
{ "type": "Feature", "properties": { "内容": "老人保健施設　美樹の園【訪問リハビリテーション】大阪府堺市南区美木多上1359番地2", "url": "https://www.kaigokensaku.mhlw.go.jp/27/index.php?action_kouhyou_detail_004_kani=true&JigyosyoCd=2750180107-00&ServiceCd=140&Type=search", "url2": "http://mikinosono.sakura.ne.jp" }, "geometry": { "type": "Point", "coordinates": [ 135.4923099, 34.4588474 ] } },
{ "type": "Feature", "properties": { "内容": "医療法人　澤田整形外科医院【訪問リハビリテーション】大阪府堺市南区竹城台三丁3-5", "url": "https://www.kaigokensaku.mhlw.go.jp/27/index.php?action_kouhyou_detail_004_kani=true&JigyosyoCd=2710119252-00&ServiceCd=140&Type=search", "url2": "http://www.sawada.or.jp/" }, "geometry": { "type": "Point", "coordinates": [ 135.501583699999969, 34.4969011 ] } },
{ "type": "Feature", "properties": { "内容": "銀杏会クリニック【訪問リハビリテーション】大阪府堺市南区原山台５丁９番５号アクロスモール泉北２階", "url": "https://www.kaigokensaku.mhlw.go.jp/27/index.php?action_kouhyou_detail_004_kani=true&JigyosyoCd=2716400409-00&ServiceCd=140&Type=search", "url2": "http://ginnankai.or.jp/" }, "geometry": { "type": "Point", "coordinates": [ 135.499514099999942, 34.4796067 ] } },
{ "type": "Feature", "properties": { "内容": "泉北陣内病院訪問リハビリテーション【訪問リハビリテーション】大阪府堺市南区豊田40番地", "url": "https://www.kaigokensaku.mhlw.go.jp/27/index.php?action_kouhyou_detail_004_kani=true&JigyosyoCd=2710116795-00&ServiceCd=140&Type=search", "url2": null }, "geometry": { "type": "Point", "coordinates": [ 135.48927649999996, 34.4958509 ] } },
{ "type": "Feature", "properties": { "内容": "医療法人紀和会正風病院【訪問リハビリテーション】大阪府堺市北区新金岡町五丁1番3号", "url": "https://www.kaigokensaku.mhlw.go.jp/27/index.php?action_kouhyou_detail_004_kani=true&JigyosyoCd=2716500703-00&ServiceCd=140&Type=search", "url2": "http://kiwakai-sakai.or.jp/" }, "geometry": { "type": "Point", "coordinates": [ 135.5163202, 34.5658542 ] } },
{ "type": "Feature", "properties": { "内容": "アクティブリハビリテーションクリニック【訪問リハビリテーション】大阪府堺市北区南花田町1692番地2", "url": "https://www.kaigokensaku.mhlw.go.jp/27/index.php?action_kouhyou_detail_004_kani=true&JigyosyoCd=2716500968-00&ServiceCd=140&Type=search", "url2": null }, "geometry": { "type": "Point", "coordinates": [ 135.5247009, 34.5728131 ] } },
{ "type": "Feature", "properties": { "内容": "医療法人　方佑会　植木病院【訪問リハビリテーション】大坂府堺市北区黒土町3002番地5", "url": "https://www.kaigokensaku.mhlw.go.jp/27/index.php?action_kouhyou_detail_004_kani=true&JigyosyoCd=2710119971-00&ServiceCd=140&Type=search", "url2": "https//uekihospital.or.jp/" }, "geometry": { "type": "Point", "coordinates": [ 135.50282390000001, 34.5614207 ] } },
{ "type": "Feature", "properties": { "内容": "堺若葉会病院【訪問リハビリテーション】大阪府堺市北区新金岡町4-1-7", "url": "https://www.kaigokensaku.mhlw.go.jp/27/index.php?action_kouhyou_detail_004_kani=true&JigyosyoCd=2716500596-00&ServiceCd=140&Type=search", "url2": "http://sakai.wakabakai-hp.com/" }, "geometry": { "type": "Point", "coordinates": [ 135.516311200000018, 34.567183 ] } },
{ "type": "Feature", "properties": { "内容": "医療法人　暁美会　田中病院【訪問リハビリテーション】大阪府堺市美原区黒山39-10", "url": "https://www.kaigokensaku.mhlw.go.jp/27/index.php?action_kouhyou_detail_004_kani=true&JigyosyoCd=2710123379-00&ServiceCd=140&Type=search", "url2": "http://www.mihara-tanaka.or.jp" }, "geometry": { "type": "Point", "coordinates": [ 135.5620745, 34.5420501 ] } },
{ "type": "Feature", "properties": { "内容": "医療法人葵会　にしだＪクリニック【訪問リハビリテーション】大阪府岸和田市西之内町39－44", "url": "https://www.kaigokensaku.mhlw.go.jp/27/index.php?action_kouhyou_detail_004_kani=true&JigyosyoCd=2711104170-00&ServiceCd=140&Type=search", "url2": "http://nishidaj.clinic" }, "geometry": { "type": "Point", "coordinates": [ 135.389920699999976, 34.4684928 ] } },
{ "type": "Feature", "properties": { "内容": "医療法人　吉栄会　吉川病院【訪問リハビリテーション】大阪府岸和田市池尻町９８番地", "url": "https://www.kaigokensaku.mhlw.go.jp/27/index.php?action_kouhyou_detail_004_kani=true&JigyosyoCd=2711103560-00&ServiceCd=140&Type=search", "url2": "http://www.yoshieikai.com" }, "geometry": { "type": "Point", "coordinates": [ 135.415099899999973, 34.4601855 ] } },
{ "type": "Feature", "properties": { "内容": "天の川病院【訪問リハビリテーション】岸和田市春木大国町8-4", "url": "https://www.kaigokensaku.mhlw.go.jp/27/index.php?action_kouhyou_detail_004_kani=true&JigyosyoCd=2711102521-00&ServiceCd=140&Type=search", "url2": "http://www7a.biglobe.ne.jp/~amanogawa/" }, "geometry": { "type": "Point", "coordinates": [ 135.382890136245692, 34.482759165645362 ] } },
{ "type": "Feature", "properties": { "内容": "医療法人大植会葛城病院【訪問リハビリテーション】大阪府岸和田市土生町二丁目33番1号", "url": "https://www.kaigokensaku.mhlw.go.jp/27/index.php?action_kouhyou_detail_004_kani=true&JigyosyoCd=2711105128-00&ServiceCd=140&Type=search", "url2": "http://www.katsuragi-hosp.or.jp/" }, "geometry": { "type": "Point", "coordinates": [ 135.380303700000042, 34.4467277 ] } },
{ "type": "Feature", "properties": { "内容": "藤井病院【訪問リハビリテーション】大阪府岸和田市西之内町3-1", "url": "https://www.kaigokensaku.mhlw.go.jp/27/index.php?action_kouhyou_detail_004_kani=true&JigyosyoCd=2711103008-00&ServiceCd=140&Type=search", "url2": "https://www.ryoshukai.or.jp" }, "geometry": { "type": "Point", "coordinates": [ 135.38848392579493, 34.464436520359357 ] } },
{ "type": "Feature", "properties": { "内容": "一般財団法人岸和田農友協会　岸和田平成病院【訪問リハビリテーション】大阪府岸和田市春木若松町3番33号", "url": "https://www.kaigokensaku.mhlw.go.jp/27/index.php?action_kouhyou_detail_004_kani=true&JigyosyoCd=2711105284-00&ServiceCd=140&Type=search", "url2": "http://www.kishiwadahp.jp/" }, "geometry": { "type": "Point", "coordinates": [ 135.388095419049051, 34.477236137020995 ] } },
{ "type": "Feature", "properties": { "内容": "寺田萬寿病院【訪問リハビリテーション】大阪府岸和田市南上町１丁目４８番５号", "url": "https://www.kaigokensaku.mhlw.go.jp/27/index.php?action_kouhyou_detail_004_kani=true&JigyosyoCd=2711100640-00&ServiceCd=140&Type=search", "url2": "https://www.terada-manju.jp/" }, "geometry": { "type": "Point", "coordinates": [ 135.371140400000058, 34.4533545 ] } },
{ "type": "Feature", "properties": { "内容": "医療法人えいしん会　岸和田リハビリテーション病院【訪問リハビリテーション】大阪府岸和田市上松町2丁目８番１０号", "url": "https://www.kaigokensaku.mhlw.go.jp/27/index.php?action_kouhyou_detail_004_kani=true&JigyosyoCd=2711105532-00&ServiceCd=140&Type=search", "url2": "https://www.eishinkai.hospital/" }, "geometry": { "type": "Point", "coordinates": [ 135.3911378, 34.4522153 ] } },
{ "type": "Feature", "properties": { "内容": "医療法人　悠由会　てい整形外科クリニック【訪問リハビリテーション】大阪府岸和田市藤井町２丁目25番３号", "url": "https://www.kaigokensaku.mhlw.go.jp/27/index.php?action_kouhyou_detail_004_kani=true&JigyosyoCd=2711105458-00&ServiceCd=140&Type=search", "url2": "http://teiclinic.jp" }, "geometry": { "type": "Point", "coordinates": [ 135.386574699999983, 34.4664367 ] } },
{ "type": "Feature", "properties": { "内容": "東岸和田クリニック【訪問リハビリテーション】大阪府岸和田市土生町4-4-5マンション新川1F", "url": "https://www.kaigokensaku.mhlw.go.jp/27/index.php?action_kouhyou_detail_004_kani=true&JigyosyoCd=2711104766-00&ServiceCd=140&Type=search", "url2": null }, "geometry": { "type": "Point", "coordinates": [ 135.3868271, 34.448973 ] } },
{ "type": "Feature", "properties": { "内容": "大阪緑ヶ丘訪問リハビリテーション【訪問リハビリテーション】大阪府岸和田市流木町668ｰ1４Fリハビリテーション室内", "url": "https://www.kaigokensaku.mhlw.go.jp/27/index.php?action_kouhyou_detail_004_kani=true&JigyosyoCd=2751180015-00&ServiceCd=140&Type=search", "url2": "https://o-midorigaoka.com" }, "geometry": { "type": "Point", "coordinates": [ 135.39198780000001, 34.4264031 ] } },
{ "type": "Feature", "properties": { "内容": "医療法人徳洲会　岸和田徳洲会病院【訪問リハビリテーション】大阪府岸和田市加守町４丁目２７番１号", "url": "https://www.kaigokensaku.mhlw.go.jp/27/index.php?action_kouhyou_detail_004_kani=true&JigyosyoCd=2711104048-00&ServiceCd=140&Type=search", "url2": "http://www.kishiwada.tokushukai.or.jp/" }, "geometry": { "type": "Point", "coordinates": [ 135.392257769311499, 34.471962175937058 ] } },
{ "type": "Feature", "properties": { "内容": "医療法人　啓明会　喜多整形外科【訪問リハビリテーション】大阪府豊中市庄内栄町1丁目8番3号", "url": "https://www.kaigokensaku.mhlw.go.jp/27/index.php?action_kouhyou_detail_004_kani=true&JigyosyoCd=2714009046-00&ServiceCd=140&Type=search", "url2": "https://kita-seikei.com/" }, "geometry": { "type": "Point", "coordinates": [ 135.467746199999965, 34.751798800000046 ] } },
{ "type": "Feature", "properties": { "内容": "医療法人　桜希会　介護老人保健施設　東雄苑【訪問リハビリテーション】大阪府豊中市曽根南町2丁目11番28号", "url": "https://www.kaigokensaku.mhlw.go.jp/27/index.php?action_kouhyou_detail_004_kani=true&JigyosyoCd=2754080055-00&ServiceCd=140&Type=search", "url2": "https://oukikai.or.jp/toyuen_sone/index.html" }, "geometry": { "type": "Point", "coordinates": [ 135.4633456, 34.7665363 ] } },
{ "type": "Feature", "properties": { "内容": "介護老人保健施設ロココリハ【訪問リハビリテーション】大阪府豊中市宝山町6-7", "url": "https://www.kaigokensaku.mhlw.go.jp/27/index.php?action_kouhyou_detail_004_kani=true&JigyosyoCd=2754080113-00&ServiceCd=140&Type=search", "url2": "http://i-souseikai.jp/" }, "geometry": { "type": "Point", "coordinates": [ 135.458803499999931, 34.7801354 ] } },
{ "type": "Feature", "properties": { "内容": "医療法人若葉会　豊中若葉会病院【訪問リハビリテーション】大阪府豊中市東豊中町５丁目１３番１８号", "url": "https://www.kaigokensaku.mhlw.go.jp/27/index.php?action_kouhyou_detail_004_kani=true&JigyosyoCd=2714011414-00&ServiceCd=140&Type=search", "url2": "http://toyonaka.wakabakai-hp.com/" }, "geometry": { "type": "Point", "coordinates": [ 135.4854388, 34.7934396 ] } },
{ "type": "Feature", "properties": { "内容": "医療法人石川整形外科【訪問リハビリテーション】大阪府豊中市新千里南町2-7-3", "url": "https://www.kaigokensaku.mhlw.go.jp/27/index.php?action_kouhyou_detail_004_kani=true&JigyosyoCd=2714013600-00&ServiceCd=140&Type=search", "url2": "http://ishikawa-seikei.net" }, "geometry": { "type": "Point", "coordinates": [ 135.490791800000011, 34.796795300000014 ] } },
{ "type": "Feature", "properties": { "内容": "オーガニッククリニック【訪問リハビリテーション】大阪府豊中市本町3丁目57-102号ルミエール豊中", "url": "https://www.kaigokensaku.mhlw.go.jp/27/index.php?action_kouhyou_detail_004_kani=true&JigyosyoCd=2714013840-00&ServiceCd=140&Type=search", "url2": "https://www.organic-clinic.jp/" }, "geometry": { "type": "Point", "coordinates": [ 135.4609898, 34.7906391 ] } },
{ "type": "Feature", "properties": { "内容": "篤友会リハビリテーションクリニック【訪問リハビリテーション】大阪府豊中市新千里西町2-24-18ブランシエール千里中央1階", "url": "https://www.kaigokensaku.mhlw.go.jp/27/index.php?action_kouhyou_detail_004_kani=true&JigyosyoCd=2714012057-00&ServiceCd=140&Type=search", "url2": "https://tokuyukai-reha.sakura.ne.jp/" }, "geometry": { "type": "Point", "coordinates": [ 135.49033959999997, 34.810482 ] } },
{ "type": "Feature", "properties": { "内容": "医療法人篤友会　坂本診療所【訪問リハビリテーション】大阪府豊中市庄内東町2-7-13", "url": "https://www.kaigokensaku.mhlw.go.jp/27/index.php?action_kouhyou_detail_004_kani=true&JigyosyoCd=2714012370-00&ServiceCd=140&Type=search", "url2": "http://www.tokuyukai-clinic.jp/" }, "geometry": { "type": "Point", "coordinates": [ 135.47582239999997, 34.7477113 ] } },
{ "type": "Feature", "properties": { "内容": "整形外科ふくやまクリニック【訪問リハビリテーション】大阪府豊中市東豊中町６丁目２３−３０エレガンス豊中　101-A", "url": "https://www.kaigokensaku.mhlw.go.jp/27/index.php?action_kouhyou_detail_004_kani=true&JigyosyoCd=2714014178-00&ServiceCd=140&Type=search", "url2": "http://toyonaka.ootaki-clinic.com/" }, "geometry": { "type": "Point", "coordinates": [ 135.4789108, 34.7938696 ] } },
{ "type": "Feature", "properties": { "内容": "介護老人保健施設きんもくせい【訪問リハビリテーション】大阪府豊中市寺内1丁目1番10号", "url": "https://www.kaigokensaku.mhlw.go.jp/27/index.php?action_kouhyou_detail_004_kani=true&JigyosyoCd=2754080048-00&ServiceCd=140&Type=search", "url2": "http://www.aijinkai.or.jp/aiwakai/" }, "geometry": { "type": "Point", "coordinates": [ 135.4918314, 34.7764583 ] } },
{ "type": "Feature", "properties": { "内容": "介護老人保健施設かがやき【訪問リハビリテーション】大阪府豊中市刀根山元町5番60号介護老人保健施設かがやき　2階", "url": "https://www.kaigokensaku.mhlw.go.jp/27/index.php?action_kouhyou_detail_004_kani=true&JigyosyoCd=2754080121-00&ServiceCd=140&Type=search", "url2": "https://kagayaki-osj.jp/" }, "geometry": { "type": "Point", "coordinates": [ 135.4590541, 34.7995698 ] } },
{ "type": "Feature", "properties": { "内容": "医療福祉生活協同組合おおさか　豊中診療所　訪問リハビリテーション【訪問リハビリテーション】大阪府豊中市玉井町1丁目10番6号", "url": "https://www.kaigokensaku.mhlw.go.jp/27/index.php?action_kouhyou_detail_004_kani=true&JigyosyoCd=2714009129-00&ServiceCd=140&Type=search", "url2": "https://toyonaka-cl.com/" }, "geometry": { "type": "Point", "coordinates": [ 135.460263200000014, 34.7877456 ] } },
{ "type": "Feature", "properties": { "内容": "医療法人達成会　浅井整形外科クリニック【訪問リハビリテーション】大阪府豊中市岡上の町4-1-7パヴィヨン豊中1階", "url": "https://www.kaigokensaku.mhlw.go.jp/27/index.php?action_kouhyou_detail_004_kani=true&JigyosyoCd=2714013709-00&ServiceCd=140&Type=search", "url2": "http://www.asaiseikei.ne.jp" }, "geometry": { "type": "Point", "coordinates": [ 135.466311499999989, 34.7850414 ] } },
{ "type": "Feature", "properties": { "内容": "アサコ整形外科・リウマチクリニック【訪問リハビリテーション】大阪府豊中市少路1-7-16MEDICALGATE2F", "url": "https://www.kaigokensaku.mhlw.go.jp/27/index.php?action_kouhyou_detail_004_kani=true&JigyosyoCd=2714013089-00&ServiceCd=140&Type=search", "url2": "https://www.asakoclinic.com/" }, "geometry": { "type": "Point", "coordinates": [ 135.474717750926203, 34.804289585866194 ] } },
{ "type": "Feature", "properties": { "内容": "医療法人桜希会　介護老人保険施設　東雄苑豊南【訪問リハビリテーション】大阪府豊中市豊南町西3-11-15", "url": "https://www.kaigokensaku.mhlw.go.jp/27/index.php?action_kouhyou_detail_004_kani=true&JigyosyoCd=2754080089-00&ServiceCd=140&Type=search", "url2": "https://www.oukikai.or.jp" }, "geometry": { "type": "Point", "coordinates": [ 135.482519700000012, 34.7517935 ] } },
{ "type": "Feature", "properties": { "内容": "医療法人若葉会　介護老人保健施設わかば　訪問リハビリテーション【訪問リハビリテーション】大阪府豊中市東泉丘３丁目１番１号", "url": "https://www.kaigokensaku.mhlw.go.jp/27/index.php?action_kouhyou_detail_004_kani=true&JigyosyoCd=2754080097-00&ServiceCd=140&Type=search", "url2": "http://kaigo.wakabakai-hp.com/" }, "geometry": { "type": "Point", "coordinates": [ 135.4927755, 34.7883059 ] } },
{ "type": "Feature", "properties": { "内容": "かとう整形在宅クリニック【訪問リハビリテーション】大阪府豊中市上野西3丁目17-2", "url": "https://www.kaigokensaku.mhlw.go.jp/27/index.php?action_kouhyou_detail_004_kani=true&JigyosyoCd=2714012966-00&ServiceCd=140&Type=search", "url2": "http://kato-seikei-zaitaku.com" }, "geometry": { "type": "Point", "coordinates": [ 135.4713716, 34.8003719 ] } },
{ "type": "Feature", "properties": { "内容": "医療法人藏春堂小西病院【訪問リハビリテーション】大阪府豊中市曽根東町2-9-14", "url": "https://www.kaigokensaku.mhlw.go.jp/27/index.php?action_kouhyou_detail_004_kani=true&JigyosyoCd=2714010721-00&ServiceCd=140&Type=search", "url2": "http://www.konishi-hp.com" }, "geometry": { "type": "Point", "coordinates": [ 135.472788600000058, 34.7721919 ] } },
{ "type": "Feature", "properties": { "内容": "関西メディカル訪問リハステーション【訪問リハビリテーション】大阪府豊中市新千里西町1丁目1番7の2号", "url": "https://www.kaigokensaku.mhlw.go.jp/27/index.php?action_kouhyou_detail_004_kani=true&JigyosyoCd=2714013329-00&ServiceCd=140&Type=search", "url2": null }, "geometry": { "type": "Point", "coordinates": [ 135.4912084, 34.808071 ] } },
{ "type": "Feature", "properties": { "内容": "堀口整形外科【訪問リハビリテーション】大阪府豊中市北条町1-21-15", "url": "https://www.kaigokensaku.mhlw.go.jp/27/index.php?action_kouhyou_detail_004_kani=true&JigyosyoCd=2714013022-00&ServiceCd=140&Type=search", "url2": "https://www.horiguchi-or.com/" }, "geometry": { "type": "Point", "coordinates": [ 135.4829913, 34.765891199999984 ] } },
{ "type": "Feature", "properties": { "内容": "医療法人マックシール　巽病院【訪問リハビリテーション】大阪府池田市天神1-5-22", "url": "https://www.kaigokensaku.mhlw.go.jp/27/index.php?action_kouhyou_detail_004_kani=true&JigyosyoCd=2712502174-00&ServiceCd=140&Type=search", "url2": "http://www.mcsyl.com/TatumiHospital/" }, "geometry": { "type": "Point", "coordinates": [ 135.44248730000001, 34.8088445 ] } },
{ "type": "Feature", "properties": { "内容": "介護老人保健施設　かいせい【訪問リハビリテーション】大阪府池田市建石町８番４７号", "url": "https://www.kaigokensaku.mhlw.go.jp/27/index.php?action_kouhyou_detail_004_kani=true&JigyosyoCd=2752580023-00&ServiceCd=140&Type=search", "url2": "https://ikedakaisei-hp.com/" }, "geometry": { "type": "Point", "coordinates": [ 135.4297274, 34.8260793 ] } },
{ "type": "Feature", "properties": { "内容": "明寿会　林原整形外科【訪問リハビリテーション】大阪府池田市宇保町5-8", "url": "https://www.kaigokensaku.mhlw.go.jp/27/index.php?action_kouhyou_detail_004_kani=true&JigyosyoCd=2712502109-00&ServiceCd=140&Type=search", "url2": "https://hayashibara.info/" }, "geometry": { "type": "Point", "coordinates": [ 135.4313268, 34.8169203 ] } },
{ "type": "Feature", "properties": { "内容": "医療法人あいぜん会　あいぜん診療所【訪問リハビリテーション】大阪府吹田市山田東１－３６－１ライオンズマンション万博公園１０５", "url": "https://www.kaigokensaku.mhlw.go.jp/27/index.php?action_kouhyou_detail_004_kani=true&JigyosyoCd=2711607297-00&ServiceCd=140&Type=search", "url2": "http://www.myclinic.ne.jp/aizen/" }, "geometry": { "type": "Point", "coordinates": [ 135.535183, 34.7979815 ] } },
{ "type": "Feature", "properties": { "内容": "岸辺くすのき透析クリニック【訪問リハビリテーション】大阪府吹田市岸部中5-17-33", "url": "https://www.kaigokensaku.mhlw.go.jp/27/index.php?action_kouhyou_detail_004_kani=true&JigyosyoCd=2711609806-00&ServiceCd=140&Type=search", "url2": "https://www.kusunoki-kt.com/" }, "geometry": { "type": "Point", "coordinates": [ 135.5412931, 34.781183 ] } },
{ "type": "Feature", "properties": { "内容": "医療法人愛成会　めぐみクリニック【訪問リハビリテーション】大阪府吹田市山手町二丁目７番２５号ドミニオン豊津1２階", "url": "https://www.kaigokensaku.mhlw.go.jp/27/index.php?action_kouhyou_detail_004_kani=true&JigyosyoCd=2711610184-00&ServiceCd=140&Type=search", "url2": "https://aisei-c.jp/megumi-clinic/" }, "geometry": { "type": "Point", "coordinates": [ 135.509482321443755, 34.764399930338648 ] } },
{ "type": "Feature", "properties": { "内容": "医療法人京優会　北摂三木病院【訪問リハビリテーション】大阪府吹田市岸部中4丁目25番6号", "url": "https://www.kaigokensaku.mhlw.go.jp/27/index.php?action_kouhyou_detail_004_kani=true&JigyosyoCd=2711608121-00&ServiceCd=140&Type=search", "url2": "http://ortho-g.co.jp/kyoyukai/hiraumihospital/" }, "geometry": { "type": "Point", "coordinates": [ 135.53702450000003, 34.7832527 ] } },
{ "type": "Feature", "properties": { "内容": "医療法人　甲聖会　甲聖会紀念病院【訪問リハビリテーション】大阪府吹田市江の木町７番１号", "url": "https://www.kaigokensaku.mhlw.go.jp/27/index.php?action_kouhyou_detail_004_kani=true&JigyosyoCd=2711603346-00&ServiceCd=140&Type=search", "url2": "http://koseikaihospital.com/" }, "geometry": { "type": "Point", "coordinates": [ 135.493779313491814, 34.757470894385762 ] } },
{ "type": "Feature", "properties": { "内容": "おおにし整形外科クリニック【訪問リハビリテーション】大阪府吹田市長野東７－２４グランドセンター千里丘2階", "url": "https://www.kaigokensaku.mhlw.go.jp/27/index.php?action_kouhyou_detail_004_kani=true&JigyosyoCd=2711609616-00&ServiceCd=140&Type=search", "url2": "https://onishi-seikei.jp" }, "geometry": { "type": "Point", "coordinates": [ 135.5431691, 34.7904149 ] } },
{ "type": "Feature", "properties": { "内容": "介護老人保健施設　フェリーチェ吹田【訪問リハビリテーション】大阪府吹田市岸部南1丁目2番9号", "url": "https://www.kaigokensaku.mhlw.go.jp/27/index.php?action_kouhyou_detail_004_kani=true&JigyosyoCd=2751680048-00&ServiceCd=140&Type=search", "url2": "http://www.aoyama-med.gr.jp/ontoku-welfare/felice-suita/" }, "geometry": { "type": "Point", "coordinates": [ 135.543770200000012, 34.7773835 ] } },
{ "type": "Feature", "properties": { "内容": "吹田市介護老人保健施設【訪問リハビリテーション】大阪府吹田市片山町2-13-25", "url": "https://www.kaigokensaku.mhlw.go.jp/27/index.php?action_kouhyou_detail_004_kani=true&JigyosyoCd=2751680014-00&ServiceCd=140&Type=search", "url2": "http://www.suita-rouken.com/" }, "geometry": { "type": "Point", "coordinates": [ 135.5170875, 34.7690793 ] } },
{ "type": "Feature", "properties": { "内容": "医療法人社団千春会　千春会たなのファミリークリニック【訪問リハビリテーション】大阪府吹田市岸部新町3-33patina吹田健都2F", "url": "https://www.kaigokensaku.mhlw.go.jp/27/index.php?action_kouhyou_detail_004_kani=true&JigyosyoCd=2711609566-00&ServiceCd=140&Type=search", "url2": "https://senshunkai.or.jp/care/shisetsu/tanano.html" }, "geometry": { "type": "Point", "coordinates": [ 135.5358687, 34.7750413 ] } },
{ "type": "Feature", "properties": { "内容": "社会福祉法人恩賜財団済生会支部大阪府済生会吹田病院【訪問リハビリテーション】大阪府吹田市川園町1番2号", "url": "https://www.kaigokensaku.mhlw.go.jp/27/index.php?action_kouhyou_detail_004_kani=true&JigyosyoCd=2719600153-00&ServiceCd=140&Type=search", "url2": "http://www.suita.saiseikai.or.jp/" }, "geometry": { "type": "Point", "coordinates": [ 135.534663899999941, 34.7616276 ] } },
{ "type": "Feature", "properties": { "内容": "介護老人保健施設千里　訪問リハビリテーション【訪問リハビリテーション】大阪府吹田市山田北5-14", "url": "https://www.kaigokensaku.mhlw.go.jp/27/index.php?action_kouhyou_detail_004_kani=true&JigyosyoCd=2751680055-00&ServiceCd=140&Type=search", "url2": "http://taizankai.org" }, "geometry": { "type": "Point", "coordinates": [ 135.51903429999993, 34.8087218 ] } },
{ "type": "Feature", "properties": { "内容": "山田整形外科【訪問リハビリテーション】大阪府吹田市片山町2-4-15", "url": "https://www.kaigokensaku.mhlw.go.jp/27/index.php?action_kouhyou_detail_004_kani=true&JigyosyoCd=2711609244-00&ServiceCd=140&Type=search", "url2": "https://yamada-seikei.clinic/" }, "geometry": { "type": "Point", "coordinates": [ 135.5190954, 34.7663601 ] } },
{ "type": "Feature", "properties": { "内容": "医療法人吉川会　吉川病院【訪問リハビリテーション】大阪府泉大津市春日町２番１０号吉川病院", "url": "https://www.kaigokensaku.mhlw.go.jp/27/index.php?action_kouhyou_detail_004_kani=true&JigyosyoCd=2710600244-00&ServiceCd=140&Type=search", "url2": "https://itp.ne.jp/info/279440644300000899/" }, "geometry": { "type": "Point", "coordinates": [ 135.407475500000032, 34.5047127 ] } },
{ "type": "Feature", "properties": { "内容": "医療法人　泉秀会　かわい病院【訪問リハビリテーション】大阪府泉大津市豊中町２丁目６番５号", "url": "https://www.kaigokensaku.mhlw.go.jp/27/index.php?action_kouhyou_detail_004_kani=true&JigyosyoCd=2710600954-00&ServiceCd=140&Type=search", "url2": "http://www.kawai-hp.or.jp/" }, "geometry": { "type": "Point", "coordinates": [ 135.4244129, 34.4950614 ] } },
{ "type": "Feature", "properties": { "内容": "医療法人　穂仁会　原病院【訪問リハビリテーション】大阪府泉大津市東助松町1丁目7番1号", "url": "https://www.kaigokensaku.mhlw.go.jp/27/index.php?action_kouhyou_detail_004_kani=true&JigyosyoCd=2710601291-00&ServiceCd=140&Type=search", "url2": "http://www.suijinkai.jp" }, "geometry": { "type": "Point", "coordinates": [ 135.422462799999948, 34.5136897 ] } },
{ "type": "Feature", "properties": { "内容": "医療法人　穂仁会　介護老人保健施設　アザリア【訪問リハビリテーション】大阪府泉大津市下条町13-10", "url": "https://www.kaigokensaku.mhlw.go.jp/27/index.php?action_kouhyou_detail_004_kani=true&JigyosyoCd=2750680015-00&ServiceCd=140&Type=search", "url2": "http://www.suijinkai.jp" }, "geometry": { "type": "Point", "coordinates": [ 135.412540299999989, 34.5016741 ] } },
{ "type": "Feature", "properties": { "内容": "介護老人保健施設ラ・ポルトフィーナ高槻【訪問リハビリテーション】大阪府高槻市玉川1丁目5番2号", "url": "https://www.kaigokensaku.mhlw.go.jp/27/index.php?action_kouhyou_detail_004_kani=true&JigyosyoCd=2750980092-00&ServiceCd=140&Type=search", "url2": "http://www.shinmeikai.jp/12_takatsuki.html" }, "geometry": { "type": "Point", "coordinates": [ 135.6052499, 34.8148254 ] } },
{ "type": "Feature", "properties": { "内容": "社会医療法人東和会第二東和会病院【訪問リハビリテーション】大阪府高槻市大塚町5-20-3", "url": "https://www.kaigokensaku.mhlw.go.jp/27/index.php?action_kouhyou_detail_004_kani=true&JigyosyoCd=2710906179-00&ServiceCd=140&Type=search", "url2": "http://www.towa-med.or.jp" }, "geometry": { "type": "Point", "coordinates": [ 135.630779100000012, 34.8218363 ] } },
{ "type": "Feature", "properties": { "内容": "社会医療法人愛仁会　愛仁会リハビリテーション病院　訪問リハビリテーション【訪問リハビリテーション】大阪府高槻市白梅町5番7号愛仁会リハビリテーション病院　2階", "url": "https://www.kaigokensaku.mhlw.go.jp/27/index.php?action_kouhyou_detail_004_kani=true&JigyosyoCd=2710907359-00&ServiceCd=140&Type=search", "url2": "http://www.aijinkai.or.jp" }, "geometry": { "type": "Point", "coordinates": [ 135.620900200000051, 34.8548168 ] } },
{ "type": "Feature", "properties": { "内容": "みどりヶ丘病院【訪問リハビリテーション】大阪府高槻市真上町３丁目１３番１号", "url": "https://www.kaigokensaku.mhlw.go.jp/27/index.php?action_kouhyou_detail_004_kani=true&JigyosyoCd=2710902582-00&ServiceCd=140&Type=search", "url2": null }, "geometry": { "type": "Point", "coordinates": [ 135.604897599999958, 34.8600681 ] } },
{ "type": "Feature", "properties": { "内容": "鄭クリニック【訪問リハビリテーション】大阪府高槻市北柳川町15-22", "url": "https://www.kaigokensaku.mhlw.go.jp/27/index.php?action_kouhyou_detail_004_kani=true&JigyosyoCd=2710907037-00&ServiceCd=140&Type=search", "url2": "https://www.chungclinichelp.me/" }, "geometry": { "type": "Point", "coordinates": [ 135.5907474, 34.8267805 ] } },
{ "type": "Feature", "properties": { "内容": "社会医療法人　慈薫会　河崎病院【訪問リハビリテーション】大阪府貝塚市水間２４４番地", "url": "https://www.kaigokensaku.mhlw.go.jp/27/index.php?action_kouhyou_detail_004_kani=true&JigyosyoCd=2711301065-00&ServiceCd=140&Type=search", "url2": "http://www.jikunnkai.or.jp/" }, "geometry": { "type": "Point", "coordinates": [ 135.3862924, 34.4030776 ] } },
{ "type": "Feature", "properties": { "内容": "パナソニック健康保険組合　松下介護老人保健施設　はーとぴあ【訪問リハビリテーション】大阪府守口市外島町５－５５", "url": "https://www.kaigokensaku.mhlw.go.jp/27/index.php?action_kouhyou_detail_004_kani=true&JigyosyoCd=2753280037-00&ServiceCd=140&Type=search", "url2": "http://phio.panasonic.co.jp" }, "geometry": { "type": "Point", "coordinates": [ 135.562756300000046, 34.7436278 ] } },
{ "type": "Feature", "properties": { "内容": "寺方老人保健施設ラガール【訪問リハビリテーション】大阪府守口市寺方本通一丁目5番5号", "url": "https://www.kaigokensaku.mhlw.go.jp/27/index.php?action_kouhyou_detail_004_kani=true&JigyosyoCd=2753280045-00&ServiceCd=140&Type=search", "url2": "http://koudoukai.or.jp/terakata-lagare" }, "geometry": { "type": "Point", "coordinates": [ 135.5741282, 34.7248733 ] } },
{ "type": "Feature", "properties": { "内容": "医療法人　橋本クリニック　訪問リハビリテーション【訪問リハビリテーション】大阪府守口市金下町2-12-5", "url": "https://www.kaigokensaku.mhlw.go.jp/27/index.php?action_kouhyou_detail_004_kani=true&JigyosyoCd=2713203640-00&ServiceCd=140&Type=search", "url2": "http://www.hashimoto.or.jp/" }, "geometry": { "type": "Point", "coordinates": [ 135.559712499999932, 34.7329958 ] } },
{ "type": "Feature", "properties": { "内容": "医療法人　裕仁会　森整形外科【訪問リハビリテーション】大阪府守口市小春町2番15号DOIメディカルセンタービル1F", "url": "https://www.kaigokensaku.mhlw.go.jp/27/index.php?action_kouhyou_detail_004_kani=true&JigyosyoCd=2713203608-00&ServiceCd=140&Type=search", "url2": "https://moriseikei.net/" }, "geometry": { "type": "Point", "coordinates": [ 135.561618, 34.7300488 ] } },
{ "type": "Feature", "properties": { "内容": "医療法人　みどり会　中村記念クリニック【訪問リハビリテーション】大阪府枚方市藤阪中町3-20", "url": "https://www.kaigokensaku.mhlw.go.jp/27/index.php?action_kouhyou_detail_004_kani=true&JigyosyoCd=2712407952-00&ServiceCd=140&Type=search", "url2": "http://midori.jpn.org/" }, "geometry": { "type": "Point", "coordinates": [ 135.706723199999942, 34.8210902 ] } },
{ "type": "Feature", "properties": { "内容": "医療法人愛成会　愛成クリニック【訪問リハビリテーション】大阪府枚方市山之上西町３２－１５", "url": "https://www.kaigokensaku.mhlw.go.jp/27/index.php?action_kouhyou_detail_004_kani=true&JigyosyoCd=2712406020-00&ServiceCd=140&Type=search", "url2": "http://www.aisei-c.jp" }, "geometry": { "type": "Point", "coordinates": [ 135.6450423, 34.8019775 ] } },
{ "type": "Feature", "properties": { "内容": "医療法人　香庸会　川口脳神経外科リハビリクリニック【訪問リハビリテーション】大阪府枚方市香里園町9-25202号室", "url": "https://www.kaigokensaku.mhlw.go.jp/27/index.php?action_kouhyou_detail_004_kani=true&JigyosyoCd=2712409164-00&ServiceCd=140&Type=search", "url2": "https://kawaguchi-ns.com/access/" }, "geometry": { "type": "Point", "coordinates": [ 135.6323549, 34.7857195 ] } },
{ "type": "Feature", "properties": { "内容": "医療法人讃高会　枚方東整形外科病院【訪問リハビリテーション】大阪府枚方市津田西町1-37-8", "url": "https://www.kaigokensaku.mhlw.go.jp/27/index.php?action_kouhyou_detail_004_kani=true&JigyosyoCd=2712407713-00&ServiceCd=140&Type=search", "url2": "http://sankokai.or.jp/hirakatahigashi/" }, "geometry": { "type": "Point", "coordinates": [ 135.6969209, 34.8088196 ] } },
{ "type": "Feature", "properties": { "内容": "医療法人大潤会　大潤会クリニック【訪問リハビリテーション】大阪府枚方市御殿山町５−２御殿山クリニックモール2階", "url": "https://www.kaigokensaku.mhlw.go.jp/27/index.php?action_kouhyou_detail_004_kani=true&JigyosyoCd=2712408760-00&ServiceCd=140&Type=search", "url2": "http://www.ojunkai.com" }, "geometry": { "type": "Point", "coordinates": [ 135.6549863, 34.8290521 ] } },
{ "type": "Feature", "properties": { "内容": "医療法人　田中外科【訪問リハビリテーション】大阪府枚方市中宮本町１７－１０", "url": "https://www.kaigokensaku.mhlw.go.jp/27/index.php?action_kouhyou_detail_004_kani=true&JigyosyoCd=2712405949-00&ServiceCd=140&Type=search", "url2": "http://www.tanakageka.com" }, "geometry": { "type": "Point", "coordinates": [ 135.659629699999982, 34.8180983 ] } },
{ "type": "Feature", "properties": { "内容": "関西医科大学くずは病院【訪問リハビリテーション】大阪府枚方市楠葉花園町4-1", "url": "https://www.kaigokensaku.mhlw.go.jp/27/index.php?action_kouhyou_detail_004_kani=true&JigyosyoCd=2712408497-00&ServiceCd=140&Type=search", "url2": "http://www.kuzuhahp.com" }, "geometry": { "type": "Point", "coordinates": [ 135.676735900000011, 34.8575397 ] } },
{ "type": "Feature", "properties": { "内容": "枚方老人保健施設のぞみ　訪問リハビリテーション【訪問リハビリテーション】大阪府枚方市田口山1-7-1", "url": "https://www.kaigokensaku.mhlw.go.jp/27/index.php?action_kouhyou_detail_004_kani=true&JigyosyoCd=2752480117-00&ServiceCd=140&Type=search", "url2": "https://kiboukai-nozomi.jp/" }, "geometry": { "type": "Point", "coordinates": [ 135.6878077, 34.8284791 ] } },
{ "type": "Feature", "properties": { "内容": "介護老人保健施設なごみの里【訪問リハビリテーション】大阪府枚方市長尾北町2-1845-1", "url": "https://www.kaigokensaku.mhlw.go.jp/27/index.php?action_kouhyou_detail_004_kani=true&JigyosyoCd=2752480067-00&ServiceCd=140&Type=search", "url2": "http://midori.jpn.org/nagomi/" }, "geometry": { "type": "Point", "coordinates": [ 135.705781699999989, 34.8356454 ] } },
{ "type": "Feature", "properties": { "内容": "医療法人松徳会　介護老人保健施設老健ふじさか【訪問リハビリテーション】大阪府枚方市藤阪天神町1番60号", "url": "https://www.kaigokensaku.mhlw.go.jp/27/index.php?action_kouhyou_detail_004_kani=true&JigyosyoCd=2752480075-00&ServiceCd=140&Type=search", "url2": "http://www.matsutani.or.jp" }, "geometry": { "type": "Point", "coordinates": [ 135.703806100000065, 34.8157608 ] } },
{ "type": "Feature", "properties": { "内容": "医療法人　城青会　城クリニック訪問リハビリテーション【訪問リハビリテーション】大阪府枚方市都丘町3番11号", "url": "https://www.kaigokensaku.mhlw.go.jp/27/index.php?action_kouhyou_detail_004_kani=true&JigyosyoCd=2712405758-00&ServiceCd=140&Type=search", "url2": "http://jyoseikai.com/" }, "geometry": { "type": "Point", "coordinates": [ 135.670173876057447, 34.822902675316918 ] } },
{ "type": "Feature", "properties": { "内容": "医療法人恒昭会藍野病院　訪問リハビリテーション事業所あいの【訪問リハビリテーション】大阪府茨木市高田町11番18号", "url": "https://www.kaigokensaku.mhlw.go.jp/27/index.php?action_kouhyou_detail_004_kani=true&JigyosyoCd=2714201064-00&ServiceCd=140&Type=search", "url2": "http://www.koshokai.or.jp/aino/" }, "geometry": { "type": "Point", "coordinates": [ 135.580725199999961, 34.844722099999984 ] } },
{ "type": "Feature", "properties": { "内容": "医療法人高島整形外科通所リハビリテーション【訪問リハビリテーション】大阪府茨木市沢良宜西1-13-22", "url": "https://www.kaigokensaku.mhlw.go.jp/27/index.php?action_kouhyou_detail_004_kani=true&JigyosyoCd=2714206444-00&ServiceCd=140&Type=search", "url2": "http://takasima.jp/" }, "geometry": { "type": "Point", "coordinates": [ 135.563413800000035, 34.7994121 ] } },
{ "type": "Feature", "properties": { "内容": "介護老人保健施設ライフポート茨木【訪問リハビリテーション】大阪府茨木市見付山２丁目1番39号", "url": "https://www.kaigokensaku.mhlw.go.jp/27/index.php?action_kouhyou_detail_004_kani=true&JigyosyoCd=2754280036-00&ServiceCd=140&Type=search", "url2": "https://www.ibaraki.saiseikai.or.jp/" }, "geometry": { "type": "Point", "coordinates": [ 135.5561352, 34.821372 ] } },
{ "type": "Feature", "properties": { "内容": "健彰会クリニック整形外科リウマチ科【訪問リハビリテーション】大阪府茨木市総持寺台1－11ホクセツメディカルモール1階", "url": "https://www.kaigokensaku.mhlw.go.jp/27/index.php?action_kouhyou_detail_004_kani=true&JigyosyoCd=2714207707-00&ServiceCd=140&Type=search", "url2": "https://kenshoukai.org" }, "geometry": { "type": "Point", "coordinates": [ 135.5859141, 34.8250482 ] } },
{ "type": "Feature", "properties": { "内容": "大阪府茨木市室山1丁目2番2号【訪問リハビリテーション】室山1丁目2番2号", "url": "https://www.kaigokensaku.mhlw.go.jp/27/index.php?action_kouhyou_detail_004_kani=true&JigyosyoCd=2714207483-00&ServiceCd=140&Type=search", "url2": "https://sfmc-h.org/" }, "geometry": { "type": "Point", "coordinates": [ 135.547434790213003, 34.84288392720471 ] } },
{ "type": "Feature", "properties": { "内容": "医療法人はぁとふる　八尾はぁとふる病院【訪問リハビリテーション】大阪府八尾市美園町二丁目１８番１", "url": "https://www.kaigokensaku.mhlw.go.jp/27/index.php?action_kouhyou_detail_004_kani=true&JigyosyoCd=2715505604-00&ServiceCd=140&Type=search", "url2": "https://www.heartful-health.or.jp/yaohp/" }, "geometry": { "type": "Point", "coordinates": [ 135.595263899999964, 34.6401313 ] } },
{ "type": "Feature", "properties": { "内容": "医療法人貴島会　貴島病院本院　訪問リハビリテーション【訪問リハビリテーション】大阪府八尾市楽音寺3-33", "url": "https://www.kaigokensaku.mhlw.go.jp/27/index.php?action_kouhyou_detail_004_kani=true&JigyosyoCd=2715501652-00&ServiceCd=140&Type=search", "url2": "http://www.noble.or.jp/honin/" }, "geometry": { "type": "Point", "coordinates": [ 135.637882200000035, 34.642804 ] } },
{ "type": "Feature", "properties": { "内容": "医療法人　幸晴会　中谷クリニック【訪問リハビリテーション】大阪府八尾市八尾木北３丁目１２３番地", "url": "https://www.kaigokensaku.mhlw.go.jp/27/index.php?action_kouhyou_detail_004_kani=true&JigyosyoCd=2715506255-00&ServiceCd=140&Type=search", "url2": "http://www.nakataniclinic.or.jp/" }, "geometry": { "type": "Point", "coordinates": [ 135.615648099999987, 34.6151656 ] } },
{ "type": "Feature", "properties": { "内容": "医療法人桜希会　東朋八尾病院　訪問リハビリテーション【訪問リハビリテーション】大阪府八尾市北本町2丁目10番54号", "url": "https://www.kaigokensaku.mhlw.go.jp/27/index.php?action_kouhyou_detail_004_kani=true&JigyosyoCd=2715506313-00&ServiceCd=140&Type=search", "url2": "https://www.oukikai.or.jp/toho_yao/" }, "geometry": { "type": "Point", "coordinates": [ 135.6032564, 34.6329679 ] } },
{ "type": "Feature", "properties": { "内容": "医療法人　山田医院　訪問リハビリテーション【訪問リハビリテーション】大阪府八尾市山本町４丁目１－１４", "url": "https://www.kaigokensaku.mhlw.go.jp/27/index.php?action_kouhyou_detail_004_kani=true&JigyosyoCd=2715505349-00&ServiceCd=140&Type=search", "url2": null }, "geometry": { "type": "Point", "coordinates": [ 135.6199729, 34.6317274 ] } },
{ "type": "Feature", "properties": { "内容": "医療法人　若水会　関谷クリニック【訪問リハビリテーション】大阪府八尾市東太子2丁目8番9号", "url": "https://www.kaigokensaku.mhlw.go.jp/27/index.php?action_kouhyou_detail_004_kani=true&JigyosyoCd=2715505653-00&ServiceCd=140&Type=search", "url2": "http://sekiyariha.web.fc2.com/" }, "geometry": { "type": "Point", "coordinates": [ 135.589779, 34.6131371 ] } },
{ "type": "Feature", "properties": { "内容": "辻野病院【訪問リハビリテーション】大阪府八尾市志紀町南1番86号", "url": "https://www.kaigokensaku.mhlw.go.jp/27/index.php?action_kouhyou_detail_004_kani=true&JigyosyoCd=2715503443-00&ServiceCd=140&Type=search", "url2": "https://jinyuukai.or.jp/tsujino/" }, "geometry": { "type": "Point", "coordinates": [ 135.61815551838535, 34.596617597795955 ] } },
{ "type": "Feature", "properties": { "内容": "医療法人長寿会　長寿診療所【訪問リハビリテーション】大阪府八尾市宮町一丁目１番５号", "url": "https://www.kaigokensaku.mhlw.go.jp/27/index.php?action_kouhyou_detail_004_kani=true&JigyosyoCd=2715505364-00&ServiceCd=140&Type=search", "url2": null }, "geometry": { "type": "Point", "coordinates": [ 135.597544400000061, 34.632035 ] } },
{ "type": "Feature", "properties": { "内容": "八尾徳洲会総合病院　訪問リハビリ【訪問リハビリテーション】大阪府八尾市若草町1-17", "url": "https://www.kaigokensaku.mhlw.go.jp/27/index.php?action_kouhyou_detail_004_kani=true&JigyosyoCd=2715506396-00&ServiceCd=140&Type=search", "url2": "http://www.yao.tokushukai.or.jp/" }, "geometry": { "type": "Point", "coordinates": [ 135.610457099999962, 34.6267499 ] } },
{ "type": "Feature", "properties": { "内容": "医療法人　友美会　浅井クリニック【訪問リハビリテーション】大阪府八尾市山本町北7-7-5", "url": "https://www.kaigokensaku.mhlw.go.jp/27/index.php?action_kouhyou_detail_004_kani=true&JigyosyoCd=2715504698-00&ServiceCd=140&Type=search", "url2": null }, "geometry": { "type": "Point", "coordinates": [ 135.6165277, 34.6451654 ] } },
{ "type": "Feature", "properties": { "内容": "室家あったかクリニック【訪問リハビリテーション】大阪府八尾市山本町南4-3-21", "url": "https://www.kaigokensaku.mhlw.go.jp/27/index.php?action_kouhyou_detail_004_kani=true&JigyosyoCd=2715507170-00&ServiceCd=140&Type=search", "url2": "http://attaka-clinic.com" }, "geometry": { "type": "Point", "coordinates": [ 135.6211768, 34.6259576 ] } },
{ "type": "Feature", "properties": { "内容": "医真会八尾リハビリテーション病院【訪問リハビリテーション】大阪府八尾市都塚3-1015-1", "url": "https://www.kaigokensaku.mhlw.go.jp/27/index.php?action_kouhyou_detail_004_kani=true&JigyosyoCd=2715507428-00&ServiceCd=140&Type=search", "url2": "https://ishinkai.or.jp/rehabilitation/" }, "geometry": { "type": "Point", "coordinates": [ 135.6229107, 34.6055954 ] } },
{ "type": "Feature", "properties": { "内容": "八尾クリニック【訪問リハビリテーション】大阪府八尾市八尾木6丁目100番地", "url": "https://www.kaigokensaku.mhlw.go.jp/27/index.php?action_kouhyou_detail_004_kani=true&JigyosyoCd=2715506024-00&ServiceCd=140&Type=search", "url2": "https://yao-clinic.com/" }, "geometry": { "type": "Point", "coordinates": [ 135.6146924, 34.6062305 ] } },
{ "type": "Feature", "properties": { "内容": "北川整形外科クリニック【訪問リハビリテーション】大阪府八尾市山本町南１－１０－１１", "url": "https://www.kaigokensaku.mhlw.go.jp/27/index.php?action_kouhyou_detail_004_kani=true&JigyosyoCd=2715505968-00&ServiceCd=140&Type=search", "url2": "https://www.kitagawa-clinic.jp/" }, "geometry": { "type": "Point", "coordinates": [ 135.620055400000012, 34.6264497 ] } },
{ "type": "Feature", "properties": { "内容": "医療法人誠悠会　塩田整形外科【訪問リハビリテーション】大阪府八尾市荘内町１丁目２－２０ボーリバージュ藤増１階", "url": "https://www.kaigokensaku.mhlw.go.jp/27/index.php?action_kouhyou_detail_004_kani=true&JigyosyoCd=2715504169-00&ServiceCd=140&Type=search", "url2": "http://www.shiota-seikei.jp/" }, "geometry": { "type": "Point", "coordinates": [ 135.607490800000051, 34.6282913 ] } },
{ "type": "Feature", "properties": { "内容": "介護老人保健施設あおぞら【訪問リハビリテーション】大阪府八尾市沼１丁目４１番地", "url": "https://www.kaigokensaku.mhlw.go.jp/27/index.php?action_kouhyou_detail_004_kani=true&JigyosyoCd=2755580053-00&ServiceCd=140&Type=search", "url2": "http://www.ishinkai.or.jp/" }, "geometry": { "type": "Point", "coordinates": [ 135.601533900000049, 34.588701 ] } },
{ "type": "Feature", "properties": { "内容": "医療法人　おおうら整形外科　つるさわクラブ【訪問リハビリテーション】大阪府泉佐野市鶴原４－３－８", "url": "https://www.kaigokensaku.mhlw.go.jp/27/index.php?action_kouhyou_detail_004_kani=true&JigyosyoCd=2714501182-00&ServiceCd=140&Type=search", "url2": "http://www.ooura-seikei.com" }, "geometry": { "type": "Point", "coordinates": [ 135.33866470000001, 34.4294112 ] } },
{ "type": "Feature", "properties": { "内容": "医療法人青洲会　なかつか整形外科リハビリクリニック【訪問リハビリテーション】大阪府泉佐野市鶴原832-1", "url": "https://www.kaigokensaku.mhlw.go.jp/27/index.php?action_kouhyou_detail_004_kani=true&JigyosyoCd=2714502685-00&ServiceCd=140&Type=search", "url2": "http://nakatsukaseikeigeka.com/" }, "geometry": { "type": "Point", "coordinates": [ 135.3465771, 34.4152139 ] } },
{ "type": "Feature", "properties": { "内容": "医療法人　良秀会　泉南藤井病院【訪問リハビリテーション】大阪府泉佐野市上瓦屋14-7", "url": "https://www.kaigokensaku.mhlw.go.jp/27/index.php?action_kouhyou_detail_004_kani=true&JigyosyoCd=2714502131-00&ServiceCd=140&Type=search", "url2": "https://www.ryoshukai.or.jp/medical/sennanfujii/" }, "geometry": { "type": "Point", "coordinates": [ 135.338911300000063, 34.4089894 ] } },
{ "type": "Feature", "properties": { "内容": "社会医療法人　栄公会　佐野記念病院【訪問リハビリテーション】大阪府泉佐野市中町2-4-28", "url": "https://www.kaigokensaku.mhlw.go.jp/27/index.php?action_kouhyou_detail_004_kani=true&JigyosyoCd=2714502370-00&ServiceCd=140&Type=search", "url2": "http://www.sanokinen.jp" }, "geometry": { "type": "Point", "coordinates": [ 135.3169806, 34.4001548 ] } },
{ "type": "Feature", "properties": { "内容": "医療法人　今城クリニック【訪問リハビリテーション】大阪府富田林市向陽台1-4-17", "url": "https://www.kaigokensaku.mhlw.go.jp/27/index.php?action_kouhyou_detail_004_kani=true&JigyosyoCd=2714901606-00&ServiceCd=140&Type=search", "url2": "https://imajo.org" }, "geometry": { "type": "Point", "coordinates": [ 135.583076299999988, 34.5055287 ] } },
{ "type": "Feature", "properties": { "内容": "金剛病院【訪問リハビリテーション】大阪府富田林市寿町1-6-10", "url": "https://www.kaigokensaku.mhlw.go.jp/27/index.php?action_kouhyou_detail_004_kani=true&JigyosyoCd=2714900988-00&ServiceCd=140&Type=search", "url2": "https://www.seiseikai-hp.jp/hospital/" }, "geometry": { "type": "Point", "coordinates": [ 135.593958500000014, 34.4977282 ] } },
{ "type": "Feature", "properties": { "内容": "社会福祉法人恩賜財団大阪府済生会富田林病院【訪問リハビリテーション】大阪府富田林市向陽台1-3-36", "url": "https://www.kaigokensaku.mhlw.go.jp/27/index.php?action_kouhyou_detail_004_kani=true&JigyosyoCd=2714902497-00&ServiceCd=140&Type=search", "url2": "https://tondabayashi.saiseikai.or.jp/" }, "geometry": { "type": "Point", "coordinates": [ 135.583111600000024, 34.5036759 ] } },
{ "type": "Feature", "properties": { "内容": "医療法人一祐会　藤本病院【訪問リハビリテーション】大阪府寝屋川市八坂町2番3号", "url": "https://www.kaigokensaku.mhlw.go.jp/27/index.php?action_kouhyou_detail_004_kani=true&JigyosyoCd=2710300449-00&ServiceCd=140&Type=search", "url2": "https://www.fujimoto-hp.com/" }, "geometry": { "type": "Point", "coordinates": [ 135.624224799999979, 34.7653907 ] } },
{ "type": "Feature", "properties": { "内容": "医療法人　河北会　河北病院【訪問リハビリテーション】大阪府寝屋川市河北東町１９番１号", "url": "https://www.kaigokensaku.mhlw.go.jp/27/index.php?action_kouhyou_detail_004_kani=true&JigyosyoCd=2710304946-00&ServiceCd=140&Type=search", "url2": "http://www.kahoku.or.jp" }, "geometry": { "type": "Point", "coordinates": [ 135.631339300000036, 34.7290583 ] } },
{ "type": "Feature", "properties": { "内容": "医療法人全心会　寝屋川ひかり病院【訪問リハビリテーション】大阪府寝屋川市石津元町12-20", "url": "https://www.kaigokensaku.mhlw.go.jp/27/index.php?action_kouhyou_detail_004_kani=true&JigyosyoCd=2710305430-00&ServiceCd=140&Type=search", "url2": "https://neyagawahikarireha.wixsite.com/website-2" }, "geometry": { "type": "Point", "coordinates": [ 135.619803, 34.7755278 ] } },
{ "type": "Feature", "properties": { "内容": "医療法人どうじん会道仁病院【訪問リハビリテーション】大阪府寝屋川市仁和寺本町3-9-6", "url": "https://www.kaigokensaku.mhlw.go.jp/27/index.php?action_kouhyou_detail_004_kani=true&JigyosyoCd=2710306461-00&ServiceCd=140&Type=search", "url2": "https://www.doujin-byouin.com/" }, "geometry": { "type": "Point", "coordinates": [ 135.5996316, 34.7665443 ] } },
{ "type": "Feature", "properties": { "内容": "社会福祉法人　恩徳福祉会　訪問リハビリテーション　あかしあ【訪問リハビリテーション】大阪府河内長野市あかしあ台２丁目６番１１号", "url": "https://www.kaigokensaku.mhlw.go.jp/27/index.php?action_kouhyou_detail_004_kani=true&JigyosyoCd=2770702161-00&ServiceCd=140&Type=search", "url2": "https://www.ontoku.or.jp/facilities/akashia-visit-reha/" }, "geometry": { "type": "Point", "coordinates": [ 135.553815200000031, 34.4671387 ] } },
{ "type": "Feature", "properties": { "内容": "医療法人　健真会　はぶ医院【訪問リハビリテーション】大阪府河内長野市本多町1-45シェーネスハイム日野谷101号室", "url": "https://www.kaigokensaku.mhlw.go.jp/27/index.php?action_kouhyou_detail_004_kani=true&JigyosyoCd=2710701802-00&ServiceCd=140&Type=search", "url2": "http://www.habuiin.jp" }, "geometry": { "type": "Point", "coordinates": [ 135.569083799999987, 34.4547321 ] } },
{ "type": "Feature", "properties": { "内容": "医療法人水野クリニック【訪問リハビリテーション】大阪府河内長野市千代田台町6番1号", "url": "https://www.kaigokensaku.mhlw.go.jp/27/index.php?action_kouhyou_detail_004_kani=true&JigyosyoCd=2710702578-00&ServiceCd=140&Type=search", "url2": "https://mizunoclinic-osaka.com/" }, "geometry": { "type": "Point", "coordinates": [ 135.561040600000013, 34.4618539 ] } },
{ "type": "Feature", "properties": { "内容": "介護老人保健施設　寿里苑フェリス【訪問リハビリテーション】大阪府河内長野市加賀田885-2", "url": "https://www.kaigokensaku.mhlw.go.jp/27/index.php?action_kouhyou_detail_004_kani=true&JigyosyoCd=2750780039-00&ServiceCd=140&Type=search", "url2": "http://www.julien.or.jp" }, "geometry": { "type": "Point", "coordinates": [ 135.5675229, 34.4154972 ] } },
{ "type": "Feature", "properties": { "内容": "社会福祉法人　恩徳福祉会　青山第二病院【訪問リハビリテーション】大阪府河内長野市喜多町192-1", "url": "https://www.kaigokensaku.mhlw.go.jp/27/index.php?action_kouhyou_detail_004_kani=true&JigyosyoCd=2710702628-00&ServiceCd=140&Type=search", "url2": "http://www.ontoku.or.jp/aoyama-hospital2/homecare" }, "geometry": { "type": "Point", "coordinates": [ 135.5684426, 34.4451853 ] } },
{ "type": "Feature", "properties": { "内容": "南河内おか病院【訪問リハビリテーション】大阪府河内長野市木戸東町1番1号", "url": "https://www.kaigokensaku.mhlw.go.jp/27/index.php?action_kouhyou_detail_004_kani=true&JigyosyoCd=2710702529-00&ServiceCd=140&Type=search", "url2": "https://www.minamikawachioka.com/" }, "geometry": { "type": "Point", "coordinates": [ 135.5729695, 34.4738092 ] } },
{ "type": "Feature", "properties": { "内容": "医療法人千達会増田整形心臓血管クリニック【訪問リハビリテーション】大阪府松原市上田４－４－５　１階", "url": "https://www.kaigokensaku.mhlw.go.jp/27/index.php?action_kouhyou_detail_004_kani=true&JigyosyoCd=2714801780-00&ServiceCd=140&Type=search", "url2": "http://www.masudaseikei.com/" }, "geometry": { "type": "Point", "coordinates": [ 135.55405, 34.574624 ] } },
{ "type": "Feature", "properties": { "内容": "医療法人徳洲会　松原徳洲会病院【訪問リハビリテーション】大阪府松原市天美東7丁目13番26号", "url": "https://www.kaigokensaku.mhlw.go.jp/27/index.php?action_kouhyou_detail_004_kani=true&JigyosyoCd=2714801913-00&ServiceCd=140&Type=search", "url2": "http://www.matubara.tokushukai.or.jp/" }, "geometry": { "type": "Point", "coordinates": [ 135.536020199999939, 34.5883668 ] } },
{ "type": "Feature", "properties": { "内容": "社会福祉法人聖徳会　クリニックいわた【訪問リハビリテーション】大阪府松原市阿保3-4-31", "url": "https://www.kaigokensaku.mhlw.go.jp/27/index.php?action_kouhyou_detail_004_kani=true&JigyosyoCd=2714802770-00&ServiceCd=140&Type=search", "url2": "http://www.shoutokukai.net" }, "geometry": { "type": "Point", "coordinates": [ 135.554821728836032, 34.577177893475763 ] } },
{ "type": "Feature", "properties": { "内容": "医療法人　榮慎会　池下整形外科クリニック【訪問リハビリテーション】大阪府松原市上田５－８－１７", "url": "https://www.kaigokensaku.mhlw.go.jp/27/index.php?action_kouhyou_detail_004_kani=true&JigyosyoCd=2714802135-00&ServiceCd=140&Type=search", "url2": "https://www.ikeshitaseikei.com" }, "geometry": { "type": "Point", "coordinates": [ 135.5573915, 34.5726853 ] } },
{ "type": "Feature", "properties": { "内容": "とよかわ整形外科リハビリクリニック【訪問リハビリテーション】大阪府大東市北条2-19-1", "url": "https://www.kaigokensaku.mhlw.go.jp/27/index.php?action_kouhyou_detail_004_kani=true&JigyosyoCd=2711902581-00&ServiceCd=140&Type=search", "url2": "https://toyokawa-orthopaedic.com/" }, "geometry": { "type": "Point", "coordinates": [ 135.6403775, 34.7237855 ] } },
{ "type": "Feature", "properties": { "内容": "医療法人橘会　横山医院【訪問リハビリテーション】大阪府和泉市仏並町287番地", "url": "https://www.kaigokensaku.mhlw.go.jp/27/index.php?action_kouhyou_detail_004_kani=true&JigyosyoCd=2710503778-00&ServiceCd=140&Type=search", "url2": "https://tachibana-med.or.jp/yokoyama/" }, "geometry": { "type": "Point", "coordinates": [ 135.487838399999987, 34.4238814 ] } },
{ "type": "Feature", "properties": { "内容": "アネモネクリニック【訪問リハビリテーション】大阪府和泉市伏屋町三丁目22番30号サービス付き高齢者向け住宅アネモネ", "url": "https://www.kaigokensaku.mhlw.go.jp/27/index.php?action_kouhyou_detail_004_kani=true&JigyosyoCd=2710503646-00&ServiceCd=140&Type=search", "url2": "http://www.moritakai.jp/anemone01/" }, "geometry": { "type": "Point", "coordinates": [ 135.4702082, 34.4812206 ] } },
{ "type": "Feature", "properties": { "内容": "医療法人聖愛会よしざきクリニック【訪問リハビリテーション】大阪府和泉市上町661-1", "url": "https://www.kaigokensaku.mhlw.go.jp/27/index.php?action_kouhyou_detail_004_kani=true&JigyosyoCd=2710503794-00&ServiceCd=140&Type=search", "url2": "http://yoshizaki-cl.jp/" }, "geometry": { "type": "Point", "coordinates": [ 135.4481187, 34.5114344 ] } },
{ "type": "Feature", "properties": { "内容": "介護老人保健施設　くろいし【訪問リハビリテーション】大阪府和泉市黒石町５６６番1", "url": "https://www.kaigokensaku.mhlw.go.jp/27/index.php?action_kouhyou_detail_004_kani=true&JigyosyoCd=2750580041-00&ServiceCd=140&Type=search", "url2": "http://daisenkai.jp/roken-kuroishi/" }, "geometry": { "type": "Point", "coordinates": [ 135.48329160000003, 34.4449504 ] } },
{ "type": "Feature", "properties": { "内容": "介護老人保健施設　サンガーデン府中【訪問リハビリテーション】大阪府和泉市山荘町2-1-15", "url": "https://www.kaigokensaku.mhlw.go.jp/27/index.php?action_kouhyou_detail_004_kani=true&JigyosyoCd=2750580017-00&ServiceCd=140&Type=search", "url2": "http://www.yujinkai.com" }, "geometry": { "type": "Point", "coordinates": [ 135.449135699999943, 34.4881573 ] } },
{ "type": "Feature", "properties": { "内容": "医療法人桜桃会　たくみ整形外科【訪問リハビリテーション】大阪府和泉市府中町4丁目21-19", "url": "https://www.kaigokensaku.mhlw.go.jp/27/index.php?action_kouhyou_detail_004_kani=true&JigyosyoCd=2710503307-00&ServiceCd=140&Type=search", "url2": "http://www.takumi-cl.com/" }, "geometry": { "type": "Point", "coordinates": [ 135.429101400000036, 34.4808219 ] } },
{ "type": "Feature", "properties": { "内容": "医療法人朝雲会　あさぐも整形外科クリニック【訪問リハビリテーション】大阪府和泉市いぶき野5‐1‐2pivo和泉中央2F", "url": "https://www.kaigokensaku.mhlw.go.jp/27/index.php?action_kouhyou_detail_004_kani=true&JigyosyoCd=2710503471-00&ServiceCd=140&Type=search", "url2": "http://www.asagumo-seikei.com" }, "geometry": { "type": "Point", "coordinates": [ 135.457184018385306, 34.460838400000014 ] } },
{ "type": "Feature", "properties": { "内容": "千里リハビリテーション病院【訪問リハビリテーション】大阪府箕面市小野原西4丁目6番1号", "url": "https://www.kaigokensaku.mhlw.go.jp/27/index.php?action_kouhyou_detail_004_kani=true&JigyosyoCd=2711402525-00&ServiceCd=140&Type=search", "url2": "https://www.senri-rehab.jp/" }, "geometry": { "type": "Point", "coordinates": [ 135.50901205767218, 34.829402878462155 ] } },
{ "type": "Feature", "properties": { "内容": "介護老人保健施設ラ・アケソニア【訪問リハビリテーション】大阪府箕面市白島1-19-3", "url": "https://www.kaigokensaku.mhlw.go.jp/27/index.php?action_kouhyou_detail_004_kani=true&JigyosyoCd=2751480043-00&ServiceCd=140&Type=search", "url2": "http://shinmeikai.jp/" }, "geometry": { "type": "Point", "coordinates": [ 135.4931914, 34.8345826 ] } },
{ "type": "Feature", "properties": { "内容": "社会医療法人寿楽会介護老人保健施設箕面グリーンビィラ　訪問リハビリテーション事業所【訪問リハビリテーション】大阪府箕面市粟生間谷東1丁目33番25号", "url": "https://www.kaigokensaku.mhlw.go.jp/27/index.php?action_kouhyou_detail_004_kani=true&JigyosyoCd=2751480027-00&ServiceCd=140&Type=search", "url2": "https://minoh-greenvilla.jp/" }, "geometry": { "type": "Point", "coordinates": [ 135.514269799999965, 34.8459285 ] } },
{ "type": "Feature", "properties": { "内容": "箕面市立介護老人保健施設【訪問リハビリテーション】大阪府箕面市萱野５丁目８番２号", "url": "https://www.kaigokensaku.mhlw.go.jp/27/index.php?action_kouhyou_detail_004_kani=true&JigyosyoCd=2751480019-00&ServiceCd=140&Type=search", "url2": "https://minoh-rouken.jp/" }, "geometry": { "type": "Point", "coordinates": [ 135.485236699999973, 34.8230516 ] } },
{ "type": "Feature", "properties": { "内容": "医療法人ミナテラスかすがいクリニック【訪問リハビリテーション】大阪府箕面市粟生間谷西2-8-7104", "url": "https://www.kaigokensaku.mhlw.go.jp/27/index.php?action_kouhyou_detail_004_kani=true&JigyosyoCd=2711403150-00&ServiceCd=140&Type=search", "url2": "https://www.kasugaiclinic.com/" }, "geometry": { "type": "Point", "coordinates": [ 135.5081798, 34.844728 ] } },
{ "type": "Feature", "properties": { "内容": "医療法人せいわ会　彩都リハビリテーション病院　訪問リハビリテーション【訪問リハビリテーション】大阪府箕面市粟生南1丁目1番20号", "url": "https://www.kaigokensaku.mhlw.go.jp/27/index.php?action_kouhyou_detail_004_kani=true&JigyosyoCd=2711402699-00&ServiceCd=140&Type=search", "url2": "https://www.saito-rh.jp/" }, "geometry": { "type": "Point", "coordinates": [ 135.522094939148047, 34.845701206455168 ] } },
{ "type": "Feature", "properties": { "内容": "医療法人酒井会　さかいペインクリニック【訪問リハビリテーション】大阪府柏原市上市1-2-2-416アゼリア柏原416", "url": "https://www.kaigokensaku.mhlw.go.jp/27/index.php?action_kouhyou_detail_004_kani=true&JigyosyoCd=2714601271-00&ServiceCd=140&Type=search", "url2": "http://sakai-pain.com" }, "geometry": { "type": "Point", "coordinates": [ 135.622425400000054, 34.586138 ] } },
{ "type": "Feature", "properties": { "内容": "医療法人　ますだ整形外科クリニック　訪問リハビリテーション【訪問リハビリテーション】大阪府羽曳野市白鳥2丁目16-29H&Kビル　1階", "url": "https://www.kaigokensaku.mhlw.go.jp/27/index.php?action_kouhyou_detail_004_kani=true&JigyosyoCd=2713801856-00&ServiceCd=140&Type=search", "url2": "https://www.masuda-seikeigeka.com" }, "geometry": { "type": "Point", "coordinates": [ 135.608335899999929, 34.5547628 ] } },
{ "type": "Feature", "properties": { "内容": "四天王寺悲田院診療所　訪問リハビリ【訪問リハビリテーション】大阪府羽曳野市学園前6-1-1", "url": "https://www.kaigokensaku.mhlw.go.jp/27/index.php?action_kouhyou_detail_004_kani=true&JigyosyoCd=2713802268-00&ServiceCd=140&Type=search", "url2": "http://www.shitennoji-fukushi.jp/" }, "geometry": { "type": "Point", "coordinates": [ 135.582522199999971, 34.5482295 ] } },
{ "type": "Feature", "properties": { "内容": "医療法人　清晃会【訪問リハビリテーション】大阪府羽曳野市野々上3丁目4番30号", "url": "https://www.kaigokensaku.mhlw.go.jp/27/index.php?action_kouhyou_detail_004_kani=true&JigyosyoCd=2713802276-00&ServiceCd=140&Type=search", "url2": "http://www.yasucli.jp/" }, "geometry": { "type": "Point", "coordinates": [ 135.592784773610703, 34.556422285328743 ] } },
{ "type": "Feature", "properties": { "内容": "医療法人ラザロ会江口クリニック【訪問リハビリテーション】大阪府羽曳野市栄町4-10パレフラックス１F", "url": "https://www.kaigokensaku.mhlw.go.jp/27/index.php?action_kouhyou_detail_004_kani=true&JigyosyoCd=2713801864-00&ServiceCd=140&Type=search", "url2": null }, "geometry": { "type": "Point", "coordinates": [ 135.607572900000036, 34.5530077 ] } },
{ "type": "Feature", "properties": { "内容": "医療法人孟仁会摂南総合病院【訪問リハビリテーション】大阪府門真市柳町1-10", "url": "https://www.kaigokensaku.mhlw.go.jp/27/index.php?action_kouhyou_detail_004_kani=true&JigyosyoCd=2712602099-00&ServiceCd=140&Type=search", "url2": null }, "geometry": { "type": "Point", "coordinates": [ 135.5886717, 34.7382361 ] } },
{ "type": "Feature", "properties": { "内容": "牧リハビリテーション病院【訪問リハビリテーション】大阪府　門真市　三ツ島3-6-34", "url": "https://www.kaigokensaku.mhlw.go.jp/27/index.php?action_kouhyou_detail_004_kani=true&JigyosyoCd=2712603303-00&ServiceCd=140&Type=search", "url2": "http://www.maki-group.jp" }, "geometry": { "type": "Point", "coordinates": [ 135.592739823278833, 34.716611879219371 ] } },
{ "type": "Feature", "properties": { "内容": "医療法人　健河会　河村クリニック【訪問リハビリテーション】大阪府門真市常盤町５－２", "url": "https://www.kaigokensaku.mhlw.go.jp/27/index.php?action_kouhyou_detail_004_kani=true&JigyosyoCd=2712603873-00&ServiceCd=140&Type=search", "url2": "https://www.kawamuracl.jp" }, "geometry": { "type": "Point", "coordinates": [ 135.6002316, 34.7423923 ] } },
{ "type": "Feature", "properties": { "内容": "医療法人若葉会昭和病院【訪問リハビリテーション】大阪府摂津市昭和園１１番２９号", "url": "https://www.kaigokensaku.mhlw.go.jp/27/index.php?action_kouhyou_detail_004_kani=true&JigyosyoCd=2713701460-00&ServiceCd=140&Type=search", "url2": "http://syowa.wakabakai-hp.com/" }, "geometry": { "type": "Point", "coordinates": [ 135.561969500000032, 34.792749 ] } },
{ "type": "Feature", "properties": { "内容": "医療法人千里丘協立診療所【訪問リハビリテーション】大阪府摂津市千里丘東２丁目１２番１０号", "url": "https://www.kaigokensaku.mhlw.go.jp/27/index.php?action_kouhyou_detail_004_kani=true&JigyosyoCd=2713701361-00&ServiceCd=140&Type=search", "url2": "http://www.kyouritsu16.sakura.ne.jp/" }, "geometry": { "type": "Point", "coordinates": [ 135.553773, 34.7906796 ] } },
{ "type": "Feature", "properties": { "内容": "摂津ひかり病院【訪問リハビリテーション】大阪府摂津市鳥飼八防2丁目3番8号", "url": "https://www.kaigokensaku.mhlw.go.jp/27/index.php?action_kouhyou_detail_004_kani=true&JigyosyoCd=2713701072-00&ServiceCd=140&Type=search", "url2": "http://www.hikari.or.jp/hospital/settu/sp/index.html" }, "geometry": { "type": "Point", "coordinates": [ 135.574823899999984, 34.771302 ] } },
{ "type": "Feature", "properties": { "内容": "高石加茂病院【訪問リハビリテーション】大阪府高石市西取石３丁目２３番１７号", "url": "https://www.kaigokensaku.mhlw.go.jp/27/index.php?action_kouhyou_detail_004_kani=true&JigyosyoCd=2715301566-00&ServiceCd=140&Type=search", "url2": "http://www.takaishikamo-hp.jp/" }, "geometry": { "type": "Point", "coordinates": [ 135.444034965606676, 34.522545992947883 ] } },
{ "type": "Feature", "properties": { "内容": "医療法人協生会玉川診療所【訪問リハビリテーション】大阪府高石市千代田５－１９－３", "url": "https://www.kaigokensaku.mhlw.go.jp/27/index.php?action_kouhyou_detail_004_kani=true&JigyosyoCd=2715301319-00&ServiceCd=140&Type=search", "url2": "http://www.e-sora.net/tamagawa" }, "geometry": { "type": "Point", "coordinates": [ 135.4238431, 34.517145 ] } },
{ "type": "Feature", "properties": { "内容": "高石藤井病院【訪問リハビリテーション】大阪府高石市綾園一丁目14番25号", "url": "https://www.kaigokensaku.mhlw.go.jp/27/index.php?action_kouhyou_detail_004_kani=true&JigyosyoCd=2715301848-00&ServiceCd=140&Type=search", "url2": "http://www.ryoshukai.or.jp/medical/takaishi/" }, "geometry": { "type": "Point", "coordinates": [ 135.434367100000031, 34.5195477 ] } },
{ "type": "Feature", "properties": { "内容": "医療法人育佑会　石田医院【訪問リハビリテーション】大阪府高石市羽衣1丁目10番11号", "url": "https://www.kaigokensaku.mhlw.go.jp/27/index.php?action_kouhyou_detail_004_kani=true&JigyosyoCd=2715301665-00&ServiceCd=140&Type=search", "url2": "http://www.ishida-iin.com/" }, "geometry": { "type": "Point", "coordinates": [ 135.4418713, 34.5355944 ] } },
{ "type": "Feature", "properties": { "内容": "医療法人　ラポール会　青山病院【訪問リハビリテーション】大阪府藤井寺市野中4丁目16番25号", "url": "https://www.kaigokensaku.mhlw.go.jp/27/index.php?action_kouhyou_detail_004_kani=true&JigyosyoCd=2713402119-00&ServiceCd=140&Type=search", "url2": "https://www.aoyama-med.gr.jp/medical-rapport/aoyama-hospital/" }, "geometry": { "type": "Point", "coordinates": [ 135.598982100000057, 34.5560126 ] } },
{ "type": "Feature", "properties": { "内容": "介護老人保健施設ふじいでら　訪問リハビリテーション事業所【訪問リハビリテーション】大阪府藤井寺市野中一丁目103番1", "url": "https://www.kaigokensaku.mhlw.go.jp/27/index.php?action_kouhyou_detail_004_kani=true&JigyosyoCd=2753480033-00&ServiceCd=140&Type=search", "url2": "https://www.aoyama-med.gr.jp/ontokuwelfare/facilities/fujiidera-visit-care/" }, "geometry": { "type": "Point", "coordinates": [ 135.6039621, 34.561767600000017 ] } },
{ "type": "Feature", "properties": { "内容": "医療法人　あい内科クリニック【訪問リハビリテーション】大阪府東大阪市花園東町2-6-35", "url": "https://www.kaigokensaku.mhlw.go.jp/27/index.php?action_kouhyou_detail_004_kani=true&JigyosyoCd=2715013799-00&ServiceCd=140&Type=search", "url2": "https://ainaika-clinic.com/" }, "geometry": { "type": "Point", "coordinates": [ 135.6247842, 34.6604404 ] } },
{ "type": "Feature", "properties": { "内容": "介護老人保健施設玉串すみれ苑【訪問リハビリテーション】大阪府東大阪市玉串町西三丁目2番3号", "url": "https://www.kaigokensaku.mhlw.go.jp/27/index.php?action_kouhyou_detail_004_kani=true&JigyosyoCd=2755080104-00&ServiceCd=140&Type=search", "url2": "http://koshimune.jp/" }, "geometry": { "type": "Point", "coordinates": [ 135.615611700000045, 34.6520333 ] } },
{ "type": "Feature", "properties": { "内容": "医療法人　興世会　介護老人保健施設　石きり【訪問リハビリテーション】東大阪市東石切町1丁目7番27号", "url": "https://www.kaigokensaku.mhlw.go.jp/27/index.php?action_kouhyou_detail_004_kani=true&JigyosyoCd=2755080070-00&ServiceCd=140&Type=search", "url2": "http://www.ishikiri.net/" }, "geometry": { "type": "Point", "coordinates": [ 135.646783199999959, 34.6809279 ] } },
{ "type": "Feature", "properties": { "内容": "医療法人幸佑会溝畑クリニック【訪問リハビリテーション】大阪府東大阪市下六万寺町２丁目２番１０号", "url": "https://www.kaigokensaku.mhlw.go.jp/27/index.php?action_kouhyou_detail_004_kani=true&JigyosyoCd=2715014201-00&ServiceCd=140&Type=search", "url2": "http://www.mizohata-clinic.com" }, "geometry": { "type": "Point", "coordinates": [ 135.638859464418061, 34.652362251449397 ] } },
{ "type": "Feature", "properties": { "内容": "医療法人中和会中西医院【訪問リハビリテーション】大阪府東大阪市小阪2丁目4番23号", "url": "https://www.kaigokensaku.mhlw.go.jp/27/index.php?action_kouhyou_detail_004_kani=true&JigyosyoCd=2715009904-00&ServiceCd=140&Type=search", "url2": "http://www.chuwakai.jp" }, "geometry": { "type": "Point", "coordinates": [ 135.5850474, 34.6643677 ] } },
{ "type": "Feature", "properties": { "内容": "医療法人展生会　こみ整形外科【訪問リハビリテーション】大阪府東大阪市小阪本町1丁目3番2号", "url": "https://www.kaigokensaku.mhlw.go.jp/27/index.php?action_kouhyou_detail_004_kani=true&JigyosyoCd=2715010969-00&ServiceCd=140&Type=search", "url2": "http://komiseikei.jp/" }, "geometry": { "type": "Point", "coordinates": [ 135.580886700000065, 34.6634399 ] } },
{ "type": "Feature", "properties": { "内容": "医療法人　宝持会　池田病院【訪問リハビリテーション】大阪府東大阪市宝持1-9-28", "url": "https://www.kaigokensaku.mhlw.go.jp/27/index.php?action_kouhyou_detail_004_kani=true&JigyosyoCd=2715009128-00&ServiceCd=140&Type=search", "url2": "https://ikeda-hospital.com/" }, "geometry": { "type": "Point", "coordinates": [ 135.5888278, 34.6560852 ] } },
{ "type": "Feature", "properties": { "内容": "介護老人保健施設　南荘の郷【訪問リハビリテーション】大阪府東大阪市南荘町１３－４０", "url": "https://www.kaigokensaku.mhlw.go.jp/27/index.php?action_kouhyou_detail_004_kani=true&JigyosyoCd=2755080062-00&ServiceCd=140&Type=search", "url2": null }, "geometry": { "type": "Point", "coordinates": [ 135.645205600000054, 34.6747397 ] } },
{ "type": "Feature", "properties": { "内容": "介護老人保健施設アーバンケア【訪問リハビリテーション】大阪府東大阪市御厨東1丁目9番55号", "url": "https://www.kaigokensaku.mhlw.go.jp/27/index.php?action_kouhyou_detail_004_kani=true&JigyosyoCd=2755080096-00&ServiceCd=140&Type=search", "url2": "https://yoshijukai.or.jp/" }, "geometry": { "type": "Point", "coordinates": [ 135.5919592, 34.6697185 ] } },
{ "type": "Feature", "properties": { "内容": "上田整形外科【訪問リハビリテーション】大阪府東大阪市角田1丁目7番15号", "url": "https://www.kaigokensaku.mhlw.go.jp/27/index.php?action_kouhyou_detail_004_kani=true&JigyosyoCd=2715014466-00&ServiceCd=140&Type=search", "url2": "http://www.ueda-seikei.jp" }, "geometry": { "type": "Point", "coordinates": [ 135.611603800000012, 34.6798957 ] } },
{ "type": "Feature", "properties": { "内容": "西クリニック【訪問リハビリテーション】大阪府東大阪市中新開2丁目13-39", "url": "https://www.kaigokensaku.mhlw.go.jp/27/index.php?action_kouhyou_detail_004_kani=true&JigyosyoCd=2715013112-00&ServiceCd=140&Type=search", "url2": "https://www.nishi-clinic.net/" }, "geometry": { "type": "Point", "coordinates": [ 135.6240937, 34.6838407 ] } },
{ "type": "Feature", "properties": { "内容": "東大阪生協病院【訪問リハビリテーション】大阪府東大阪市長瀬町1-7-7", "url": "https://www.kaigokensaku.mhlw.go.jp/27/index.php?action_kouhyou_detail_004_kani=true&JigyosyoCd=2715005753-00&ServiceCd=140&Type=search", "url2": "https://higasiosaka-hp.com/" }, "geometry": { "type": "Point", "coordinates": [ 135.5761474, 34.6508498 ] } },
{ "type": "Feature", "properties": { "内容": "医療法人桜会　はせがわ整形外科【訪問リハビリテーション】大阪府東大阪市鴻池元町11-71階", "url": "https://www.kaigokensaku.mhlw.go.jp/27/index.php?action_kouhyou_detail_004_kani=true&JigyosyoCd=2715013948-00&ServiceCd=140&Type=search", "url2": "http://seikei-hasegawa.com/" }, "geometry": { "type": "Point", "coordinates": [ 135.6027997, 34.6981725 ] } },
{ "type": "Feature", "properties": { "内容": "医療法人　寿山会　喜馬病院【訪問リハビリテーション】大阪府東大阪市岩田町4-2-8", "url": "https://www.kaigokensaku.mhlw.go.jp/27/index.php?action_kouhyou_detail_004_kani=true&JigyosyoCd=2715011843-00&ServiceCd=140&Type=search", "url2": "http://juzankai.com/" }, "geometry": { "type": "Point", "coordinates": [ 135.609014699999989, 34.6643152 ] } },
{ "type": "Feature", "properties": { "内容": "みどりクリニック【訪問リハビリテーション】大阪府東大阪市稲葉1丁目7番3号", "url": "https://www.kaigokensaku.mhlw.go.jp/27/index.php?action_kouhyou_detail_004_kani=true&JigyosyoCd=2715014276-00&ServiceCd=140&Type=search", "url2": null }, "geometry": { "type": "Point", "coordinates": [ 135.613591, 34.6710477 ] } },
{ "type": "Feature", "properties": { "内容": "医療法人功徳会泉南　泉南大阪晴愛病院【訪問リハビリテーション】大阪府泉南市中小路2丁目1860-1", "url": "https://www.kaigokensaku.mhlw.go.jp/27/index.php?action_kouhyou_detail_004_kani=true&JigyosyoCd=2715601171-00&ServiceCd=140&Type=search", "url2": "https://sennan-osaka-seiai.or.jp" }, "geometry": { "type": "Point", "coordinates": [ 135.279872269311483, 34.3729609276836 ] } },
{ "type": "Feature", "properties": { "内容": "医療法人　晴心会　野上病院【訪問リハビリテーション】大阪府泉南市樽井1-2-5", "url": "https://www.kaigokensaku.mhlw.go.jp/27/index.php?action_kouhyou_detail_004_kani=true&JigyosyoCd=2715601296-00&ServiceCd=140&Type=search", "url2": "http://www.nogami.or.jp/" }, "geometry": { "type": "Point", "coordinates": [ 135.271837507270789, 34.36748382939841 ] } },
{ "type": "Feature", "properties": { "内容": "医療法人功徳会大阪晴愛病院【訪問リハビリテーション】大阪府泉南市新家3469番地１", "url": "https://www.kaigokensaku.mhlw.go.jp/27/index.php?action_kouhyou_detail_004_kani=true&JigyosyoCd=2715601478-00&ServiceCd=140&Type=search", "url2": "http://www.osaka-seiai.or.jp/" }, "geometry": { "type": "Point", "coordinates": [ 135.298020599999973, 34.3747571 ] } },
{ "type": "Feature", "properties": { "内容": "社会福祉法人恩賜財団大阪府済生会新泉南病院【訪問リハビリテーション】大阪府泉南市りんくう南浜3-7", "url": "https://www.kaigokensaku.mhlw.go.jp/27/index.php?action_kouhyou_detail_004_kani=true&JigyosyoCd=2715601460-00&ServiceCd=140&Type=search", "url2": "https://saiseikaisennan.jp/hospital/index.html" }, "geometry": { "type": "Point", "coordinates": [ 135.264861, 34.3791986 ] } },
{ "type": "Feature", "properties": { "内容": "医療法人和幸会　介護老人保健施設　訪問リハビリテーション【訪問リハビリテーション】大阪府四條畷市上田原613番地", "url": "https://www.kaigokensaku.mhlw.go.jp/27/index.php?action_kouhyou_detail_004_kani=true&JigyosyoCd=2755780018-00&ServiceCd=140&Type=search", "url2": "http://www.wakoucai.or.jp" }, "geometry": { "type": "Point", "coordinates": [ 135.695605800000067, 34.7224955 ] } },
{ "type": "Feature", "properties": { "内容": "医療法人医翔会　おがわクリニック【訪問リハビリテーション】大阪府交野市私部西2-6-1メディカルテラスかたの1F", "url": "https://www.kaigokensaku.mhlw.go.jp/27/index.php?action_kouhyou_detail_004_kani=true&JigyosyoCd=2713601926-00&ServiceCd=140&Type=search", "url2": "https://og-clinic.com" }, "geometry": { "type": "Point", "coordinates": [ 135.674558499999989, 34.7844017 ] } },
{ "type": "Feature", "properties": { "内容": "介護老人保健施設　さやまの里【訪問リハビリテーション】大阪府大阪狭山市岩室2丁目185-11", "url": "https://www.kaigokensaku.mhlw.go.jp/27/index.php?action_kouhyou_detail_004_kani=true&JigyosyoCd=2759380013-00&ServiceCd=140&Type=search", "url2": "http://www.sayama.or.jp" }, "geometry": { "type": "Point", "coordinates": [ 135.540361850926189, 34.503552175390226 ] } },
{ "type": "Feature", "properties": { "内容": "社会医療法人さくら会さくら会病院【訪問リハビリテーション】大阪府大阪狭山市半田五丁目２６１０－１", "url": "https://www.kaigokensaku.mhlw.go.jp/27/index.php?action_kouhyou_detail_004_kani=true&JigyosyoCd=2719300523-00&ServiceCd=140&Type=search", "url2": "https://www.sakurak.jp/" }, "geometry": { "type": "Point", "coordinates": [ 135.553280100000023, 34.4981724 ] } },
{ "type": "Feature", "properties": { "内容": "医療法人樫本会樫本病院【訪問リハビリテーション】大阪府大阪狭山市東茱萸木４丁目1151", "url": "https://www.kaigokensaku.mhlw.go.jp/27/index.php?action_kouhyou_detail_004_kani=true&JigyosyoCd=2719300432-00&ServiceCd=140&Type=search", "url2": "http://www.hospital.kashimoto.or.jp" }, "geometry": { "type": "Point", "coordinates": [ 135.555823799999985, 34.4829311 ] } },
{ "type": "Feature", "properties": { "内容": "医療法人なぎさ会　第二なぎさクリニック【訪問リハビリテーション】大阪府阪南市箱の浦４５２番地の３", "url": "https://www.kaigokensaku.mhlw.go.jp/27/index.php?action_kouhyou_detail_004_kani=true&JigyosyoCd=2719500676-00&ServiceCd=140&Type=search", "url2": null }, "geometry": { "type": "Point", "coordinates": [ 135.193363399999953, 34.331313700000017 ] } },
{ "type": "Feature", "properties": { "内容": "医療法人　薮下脳神経外科・内科【訪問リハビリテーション】大阪府阪南市鳥取440-1", "url": "https://www.kaigokensaku.mhlw.go.jp/27/index.php?action_kouhyou_detail_004_kani=true&JigyosyoCd=2719500437-00&ServiceCd=140&Type=search", "url2": "https://yabushita.or.jp/" }, "geometry": { "type": "Point", "coordinates": [ 135.233023399999979, 34.3508809 ] } },
{ "type": "Feature", "properties": { "内容": "玉井病院【訪問リハビリテーション】大阪府阪南市下出492番地", "url": "https://www.kaigokensaku.mhlw.go.jp/27/index.php?action_kouhyou_detail_004_kani=true&JigyosyoCd=2719500064-00&ServiceCd=140&Type=search", "url2": "http://tamai-hp.or.jp" }, "geometry": { "type": "Point", "coordinates": [ 135.249627800000013, 34.3573482 ] } },
{ "type": "Feature", "properties": { "内容": "大阪リハビリテーション病院　訪問リハビリテーション部【訪問リハビリテーション】大阪府阪南市自然田９４０番地", "url": "https://www.kaigokensaku.mhlw.go.jp/27/index.php?action_kouhyou_detail_004_kani=true&JigyosyoCd=2719500585-00&ServiceCd=140&Type=search", "url2": "http://www.osaka-rh.com" }, "geometry": { "type": "Point", "coordinates": [ 135.25409680000007, 34.340185 ] } },
{ "type": "Feature", "properties": { "内容": "医療法人　清仁会　みなせ病院【訪問リハビリテーション】大阪府三島郡島本町高浜3丁目2番26号", "url": "https://www.kaigokensaku.mhlw.go.jp/27/index.php?action_kouhyou_detail_004_kani=true&JigyosyoCd=2713900666-00&ServiceCd=140&Type=search", "url2": "https://minasehp.jp/" }, "geometry": { "type": "Point", "coordinates": [ 135.666947876057435, 34.876082507554671 ] } },
{ "type": "Feature", "properties": { "内容": "医療法人社団　Emifull　ただおかメディカルクリニック【訪問リハビリテーション】大阪府泉北郡忠岡町忠岡東１丁目３９番２９号", "url": "https://www.kaigokensaku.mhlw.go.jp/27/index.php?action_kouhyou_detail_004_kani=true&JigyosyoCd=2715401085-00&ServiceCd=140&Type=search", "url2": "https://emifull-tadaoka.jp/" }, "geometry": { "type": "Point", "coordinates": [ 135.400536657008416, 34.48666974362974 ] } },
{ "type": "Feature", "properties": { "内容": "医療法人穂仁会　聖祐病院【訪問リハビリテーション】大阪府泉北郡忠岡町忠岡北1丁目3番7号", "url": "https://www.kaigokensaku.mhlw.go.jp/27/index.php?action_kouhyou_detail_004_kani=true&JigyosyoCd=2715401051-00&ServiceCd=140&Type=search", "url2": "http://www.suijinkai.jp/seiyuu/" }, "geometry": { "type": "Point", "coordinates": [ 135.3983902, 34.4931197 ] } },
{ "type": "Feature", "properties": { "内容": "介護老人保健施設ライフケアながやま【訪問リハビリテーション】大阪府泉南郡熊取町大久保中２－１－２６介護老人保健施設ライフケアながやま", "url": "https://www.kaigokensaku.mhlw.go.jp/27/index.php?action_kouhyou_detail_004_kani=true&JigyosyoCd=2751280039-00&ServiceCd=140&Type=search", "url2": "http://www.nagayama.or.jp/" }, "geometry": { "type": "Point", "coordinates": [ 135.344808199999989, 34.4033708 ] } },
{ "type": "Feature", "properties": { "内容": "医療法人誠人会　与田病院【訪問リハビリテーション】大阪府泉南郡岬町多奈川谷川1849-11", "url": "https://www.kaigokensaku.mhlw.go.jp/27/index.php?action_kouhyou_detail_004_kani=true&JigyosyoCd=2711201513-00&ServiceCd=140&Type=search", "url2": "http://www.yoda.or.jp" }, "geometry": { "type": "Point", "coordinates": [ 135.124209400000041, 34.3135386 ] } },
{ "type": "Feature", "properties": { "内容": "社会福祉法人ほたる　なぎさクリニック【訪問リハビリテーション】大阪府泉南郡岬町淡輪1469番地の1", "url": "https://www.kaigokensaku.mhlw.go.jp/27/index.php?action_kouhyou_detail_004_kani=true&JigyosyoCd=2711202313-00&ServiceCd=140&Type=search", "url2": null }, "geometry": { "type": "Point", "coordinates": [ 135.174801438623035, 34.333280346700661 ] } },
{ "type": "Feature", "properties": { "内容": "医療法人愛輪会　あい整形外科リハビリクリニック【訪問リハビリテーション】大阪府泉南郡岬町淡輪3717", "url": "https://www.kaigokensaku.mhlw.go.jp/27/index.php?action_kouhyou_detail_004_kani=true&JigyosyoCd=2711202099-00&ServiceCd=140&Type=search", "url2": "http://ai-cl.jp" }, "geometry": { "type": "Point", "coordinates": [ 135.163140399999946, 34.324905 ] } }
]
}
