{
"type": "FeatureCollection",
"name": "geo_27_1",
"crs": { "type": "name", "properties": { "name": "urn:ogc:def:crs:OGC:1.3:CRS84" } },
"features": [
{ "type": "Feature", "properties": { "ID": 2711270000010, "正式名称": "医療法人渡辺医学会桜橋渡辺リハビリテーション病院", "機関区分": 1, "都道府県コード": 27, "市区町村コード": 127, "所在地": "大阪府大阪市北区梅田２－４－３２", "緯度": 34.699063, "経度": 135.494469, "url": "https://www.iryou.teikyouseido.mhlw.go.jp/znk-web/juminkanja/S2430/initialize?prefCd=27&kikanCd=1270000010&kikanKbn=1", "url2": "http://www.watanabe-hsp.or.jp", "内容": "医療法人渡辺医学会桜橋渡辺リハビリテーション病院【1:病院】【診療科目:内科_循環器内科_外科_脳神経外科_整形外科_小児整形外科_リハビリテーション科】【一般病床数:58療養病床数:0精神病床数:0感染症病床数:0合計病床数:58】大阪府大阪市北区梅田２－４－３２" }, "geometry": { "type": "Point", "coordinates": [ 135.494469, 34.699063 ] } },
{ "type": "Feature", "properties": { "ID": 2711270000030, "正式名称": "一般財団法人　住友病院", "機関区分": 1, "都道府県コード": 27, "市区町村コード": 127, "所在地": "大阪府大阪市北区中之島５－３－２０", "緯度": 34.68862, "経度": 135.487081, "url": "https://www.iryou.teikyouseido.mhlw.go.jp/znk-web/juminkanja/S2430/initialize?prefCd=27&kikanCd=1270000030&kikanKbn=1", "url2": "http://www.sumitomo-hp.or.jp/", "内容": "一般財団法人　住友病院【1:病院】【診療科目:内科_血液内科_代謝・内分泌内科_脳神経内科_呼吸器内科_循環器内科_消化器内科_腎臓内科_人工透析内科_外科_脳神経外科_呼吸器外科_心臓血管外科_消化器外科_乳腺外科_頭頸部外科_整形外科_形成外科_腎臓移植外科_小児科_婦人科_眼科_耳鼻いんこう科_皮膚科_泌尿器科_精神科_歯科_リウマチ科_リハビリテーション科_放射線科_放射線診断科_放射線治療科_病理診断科_救急科_麻酔科】【一般病床数:496療養病床数:0精神病床数:0感染症病床数:0合計病床数:496】大阪府大阪市北区中之島５－３－２０" }, "geometry": { "type": "Point", "coordinates": [ 135.487081, 34.68862 ] } },
{ "type": "Feature", "properties": { "ID": 2711270000040, "正式名称": "社会福祉法人恩賜財団済生会支部大阪府済生会中津病院", "機関区分": 1, "都道府県コード": 27, "市区町村コード": 127, "所在地": "大阪府大阪市北区芝田２－１０－３９", "緯度": 34.708201, "経度": 135.495552, "url": "https://www.iryou.teikyouseido.mhlw.go.jp/znk-web/juminkanja/S2430/initialize?prefCd=27&kikanCd=1270000040&kikanKbn=1", "url2": "https://www.nakatsu.saiseikai.or.jp", "内容": "社会福祉法人恩賜財団済生会支部大阪府済生会中津病院【1:病院】【診療科目:内科_血液内科_脳神経内科_呼吸器内科_循環器内科_消化器内科_外科_脳神経外科_呼吸器外科_心臓血管外科_消化器外科_乳腺外科_頭頸部外科_整形外科_形成外科_小児科_産婦人科_眼科_耳鼻いんこう科_皮膚科_泌尿器科_精神科_歯科_歯科口腔外科_リハビリテーション科_放射線診断科_放射線治療科_病理診断科_救急科_麻酔科】【一般病床数:570療養病床数:0精神病床数:0感染症病床数:0合計病床数:570】大阪府大阪市北区芝田２－１０－３９" }, "geometry": { "type": "Point", "coordinates": [ 135.495552, 34.708201 ] } },
{ "type": "Feature", "properties": { "ID": 2711270000050, "正式名称": "社会医療法人行岡医学研究会行岡病院", "機関区分": 1, "都道府県コード": 27, "市区町村コード": 127, "所在地": "大阪府大阪市北区浮田２－２－３", "緯度": 34.710062, "経度": 135.508689, "url": "https://www.iryou.teikyouseido.mhlw.go.jp/znk-web/juminkanja/S2430/initialize?prefCd=27&kikanCd=1270000050&kikanKbn=1", "url2": "http://www.yukioka.or.jp", "内容": "社会医療法人行岡医学研究会行岡病院【1:病院】【診療科目:内科_循環器内科_消化器内科_外科_脳神経外科_消化器外科_整形外科_形成外科_小児科_眼科_耳鼻いんこう科_皮膚科_泌尿器科_精神科_歯科_歯科口腔外科_リウマチ科_リハビリテーション科_放射線科_救急科_麻酔科】【一般病床数:347療養病床数:112精神病床数:0感染症病床数:0合計病床数:347】大阪府大阪市北区浮田２－２－３" }, "geometry": { "type": "Point", "coordinates": [ 135.508689, 34.710062 ] } },
{ "type": "Feature", "properties": { "ID": 2711270000060, "正式名称": "公益財団法人田附興風会　医学研究所北野病院", "機関区分": 1, "都道府県コード": 27, "市区町村コード": 127, "所在地": "大阪府大阪市北区扇町２丁目４番２０号", "緯度": 34.705146, "経度": 135.506801, "url": "https://www.iryou.teikyouseido.mhlw.go.jp/znk-web/juminkanja/S2430/initialize?prefCd=27&kikanCd=1270000060&kikanKbn=1", "url2": "https://www.kitano-hp.or.jp/", "内容": "公益財団法人田附興風会　医学研究所北野病院【1:病院】【診療科目:内科_感染症内科_血液内科_糖尿病・内分泌内科_脳神経内科_呼吸器内科_循環器内科_消化器内科_腎臓内科_腫瘍内科_緩和ケア内科_外科_脳神経外科_呼吸器外科_心臓血管外科_消化器外科_乳腺外科_整形外科_形成外科_小児科_小児外科_産婦人科_眼科_耳鼻いんこう科_皮膚科_泌尿器科_精神科_歯科口腔外科_リハビリテーション科_放射線科_病理診断科_救急科_麻酔科】【一般病床数:685療養病床数:0精神病床数:0感染症病床数:0合計病床数:685】大阪府大阪市北区扇町２丁目４番２０号" }, "geometry": { "type": "Point", "coordinates": [ 135.506801, 34.705146 ] } },
{ "type": "Feature", "properties": { "ID": 2711270000080, "正式名称": "社会医療法人協和会加納総合病院", "機関区分": 1, "都道府県コード": 27, "市区町村コード": 127, "所在地": "大阪府大阪市北区天神橋７－５－１５", "緯度": 34.712201, "経度": 135.511717, "url": "https://www.iryou.teikyouseido.mhlw.go.jp/znk-web/juminkanja/S2430/initialize?prefCd=27&kikanCd=1270000080&kikanKbn=1", "url2": "http://www.heartfull.or.jp/", "内容": "社会医療法人協和会加納総合病院【1:病院】【診療科目:内科_血液内科_糖尿病内科_脳神経内科_循環器内科_消化器内科_人工透析内科_内視鏡内科_外科_脳神経外科_消化器外科_乳腺外科_肛門外科_腹部外科_内視鏡外科_整形外科_形成外科_婦人科_眼科_耳鼻いんこう科_皮膚科_泌尿器科_リハビリテーション科_放射線科_臨床検査科_救急科_麻酔科】【一般病床数:247療養病床数:53精神病床数:0感染症病床数:0合計病床数:300】大阪府大阪市北区天神橋７－５－１５" }, "geometry": { "type": "Point", "coordinates": [ 135.511717, 34.712201 ] } },
{ "type": "Feature", "properties": { "ID": 2711270000110, "正式名称": "大阪回生病院", "機関区分": 1, "都道府県コード": 27, "市区町村コード": 123, "所在地": "大阪府大阪市淀川区宮原１－６－１０", "緯度": 34.735365, "経度": 135.499272, "url": "https://www.iryou.teikyouseido.mhlw.go.jp/znk-web/juminkanja/S2430/initialize?prefCd=27&kikanCd=1270000110&kikanKbn=1", "url2": "http://www.kaisei-hp.co.jp", "内容": "大阪回生病院【1:病院】【診療科目:内科_糖尿病・内分泌内科_脳神経内科_呼吸器内科_循環器内科_消化器内科_外科_脳神経外科_消化器外科_頭頸部外科_整形外科_形成外科_産婦人科_眼科_耳鼻いんこう科_皮膚科_泌尿器科_精神科_歯科口腔外科_リハビリテーション科_放射線科_病理診断科_麻酔科】【一般病床数:300療養病床数:0精神病床数:0感染症病床数:0合計病床数:300】大阪府大阪市淀川区宮原１－６－１０" }, "geometry": { "type": "Point", "coordinates": [ 135.499272, 34.735365 ] } },
{ "type": "Feature", "properties": { "ID": 2711270000120, "正式名称": "医療法人平心会　大阪治験病院", "機関区分": 1, "都道府県コード": 27, "市区町村コード": 123, "所在地": "大阪府大阪市淀川区宮原４－１－２９", "緯度": 34.735171, "経度": 135.496939, "url": "https://www.iryou.teikyouseido.mhlw.go.jp/znk-web/juminkanja/S2430/initialize?prefCd=27&kikanCd=1270000120&kikanKbn=1", "url2": "http://www.heishinkai.com", "内容": "医療法人平心会　大阪治験病院【1:病院】【診療科目:内科_循環器内科_アレルギー科】【一般病床数:53療養病床数:0精神病床数:0感染症病床数:0合計病床数:53】大阪府大阪市淀川区宮原４－１－２９" }, "geometry": { "type": "Point", "coordinates": [ 135.496939, 34.735171 ] } },
{ "type": "Feature", "properties": { "ID": 2711270000130, "正式名称": "社会医療法人協和会　北大阪病院", "機関区分": 1, "都道府県コード": 27, "市区町村コード": 123, "所在地": "大阪府大阪市淀川区西宮原２－７－１７", "緯度": 34.73406, "経度": 135.490273, "url": "https://www.iryou.teikyouseido.mhlw.go.jp/znk-web/juminkanja/S2430/initialize?prefCd=27&kikanCd=1270000130&kikanKbn=1", "url2": "http://www.heartfull.or.jp/kitaosaka/", "内容": "社会医療法人協和会　北大阪病院【1:病院】【診療科目:内科_循環器内科_消化器内科_外科_脳神経外科_肛門外科_整形外科_皮膚科_泌尿器科_リハビリテーション科_放射線科】【一般病床数:77療養病床数:0精神病床数:0感染症病床数:0合計病床数:77】大阪府大阪市淀川区西宮原２－７－１７" }, "geometry": { "type": "Point", "coordinates": [ 135.490273, 34.73406 ] } },
{ "type": "Feature", "properties": { "ID": 2711270000140, "正式名称": "東淀川病院", "機関区分": 1, "都道府県コード": 27, "市区町村コード": 123, "所在地": "大阪府大阪市淀川区三国本町３－１８－３", "緯度": 34.736615, "経度": 135.487023, "url": "https://www.iryou.teikyouseido.mhlw.go.jp/znk-web/juminkanja/S2430/initialize?prefCd=27&kikanCd=1270000140&kikanKbn=1", "url2": "http://www.higashi-yodogawa.jp/", "内容": "東淀川病院【1:病院】【診療科目:内科_呼吸器内科_循環器内科_消化器内科_胃腸内科_外科_肛門外科_整形外科_皮膚科_泌尿器科_精神科_神経科_アレルギー科_リハビリテーション科_放射線科_麻酔科】【一般病床数:39療養病床数:53精神病床数:0感染症病床数:0合計病床数:92】大阪府大阪市淀川区三国本町３－１８－３" }, "geometry": { "type": "Point", "coordinates": [ 135.487023, 34.736615 ] } },
{ "type": "Feature", "properties": { "ID": 2711270000170, "正式名称": "北大阪医療生活協同組合十三病院", "機関区分": 1, "都道府県コード": 27, "市区町村コード": 123, "所在地": "大阪府大阪市淀川区木川西３－４－１５", "緯度": 34.726005, "経度": 135.486385, "url": "https://www.iryou.teikyouseido.mhlw.go.jp/znk-web/juminkanja/S2430/initialize?prefCd=27&kikanCd=1270000170&kikanKbn=1", "url2": "http://www.kitaiseikyo.com/", "内容": "北大阪医療生活協同組合十三病院【1:病院】【診療科目:内科_整形外科_泌尿器科】【一般病床数:0療養病床数:108精神病床数:0感染症病床数:0合計病床数:108】大阪府大阪市淀川区木川西３－４－１５" }, "geometry": { "type": "Point", "coordinates": [ 135.486385, 34.726005 ] } },
{ "type": "Feature", "properties": { "ID": 2711270000210, "正式名称": "医療法人若葉会　淀川若葉会病院", "機関区分": 1, "都道府県コード": 27, "市区町村コード": 114, "所在地": "大阪府大阪市東淀川区豊新５－１５－２５", "緯度": 34.746948, "経度": 135.535602, "url": "https://www.iryou.teikyouseido.mhlw.go.jp/znk-web/juminkanja/S2430/initialize?prefCd=27&kikanCd=1270000210&kikanKbn=1", "url2": "http://yodogawa.wakabakai-hp.com", "内容": "医療法人若葉会　淀川若葉会病院【1:病院】【診療科目:内科_呼吸器内科_循環器内科_消化器内科_リハビリテーション科_放射線科】【一般病床数:112療養病床数:52精神病床数:0感染症病床数:0合計病床数:164】大阪府大阪市東淀川区豊新５－１５－２５" }, "geometry": { "type": "Point", "coordinates": [ 135.535602, 34.746948 ] } },
{ "type": "Feature", "properties": { "ID": 2711270000260, "正式名称": "医療法人新明会神原病院", "機関区分": 1, "都道府県コード": 27, "市区町村コード": 102, "所在地": "大阪府大阪市都島区高倉町１－１０－５", "緯度": 34.713674, "経度": 135.531298, "url": "https://www.iryou.teikyouseido.mhlw.go.jp/znk-web/juminkanja/S2430/initialize?prefCd=27&kikanCd=1270000260&kikanKbn=1", "url2": "http://kanbara-hp.com", "内容": "医療法人新明会神原病院【1:病院】【診療科目:内科_循環器内科_消化器内科_人工透析内科_整形外科_皮膚科_泌尿器科_リハビリテーション科_麻酔科】【一般病床数:63療養病床数:0精神病床数:0感染症病床数:0合計病床数:63】大阪府大阪市都島区高倉町１－１０－５" }, "geometry": { "type": "Point", "coordinates": [ 135.531298, 34.713674 ] } },
{ "type": "Feature", "properties": { "ID": 2711270000270, "正式名称": "医療法人京昭会ツヂ病院", "機関区分": 1, "都道府県コード": 27, "市区町村コード": 102, "所在地": "大阪府大阪市都島区都島北通１－２２－６", "緯度": 34.711868, "経度": 135.528521, "url": "https://www.iryou.teikyouseido.mhlw.go.jp/znk-web/juminkanja/S2430/initialize?prefCd=27&kikanCd=1270000270&kikanKbn=1", "url2": "https://www.tsuji-hospital.or.jp", "内容": "医療法人京昭会ツヂ病院【1:病院】【診療科目:内科_呼吸器内科_循環器内科_消化器内科_外科_消化器外科_乳腺外科_肛門外科_皮膚科_リハビリテーション科_放射線科】【一般病床数:15療養病床数:84精神病床数:0感染症病床数:0合計病床数:99】大阪府大阪市都島区都島北通１－２２－６" }, "geometry": { "type": "Point", "coordinates": [ 135.528521, 34.711868 ] } },
{ "type": "Feature", "properties": { "ID": 2711270000290, "正式名称": "医療法人桜希会東朋病院", "機関区分": 1, "都道府県コード": 27, "市区町村コード": 102, "所在地": "大阪府大阪市都島区都島南通２－８－９", "緯度": 34.702675, "経度": 135.531688, "url": "https://www.iryou.teikyouseido.mhlw.go.jp/znk-web/juminkanja/S2430/initialize?prefCd=27&kikanCd=1270000290&kikanKbn=1", "url2": "https://www.oukikai.or.jp", "内容": "医療法人桜希会東朋病院【1:病院】【診療科目:内科_呼吸器内科_循環器内科_消化器内科_腎臓内科_肝臓内科_外科_消化器外科_整形外科_皮膚科_泌尿器科_精神科_リハビリテーション科】【一般病床数:100療養病床数:0精神病床数:0感染症病床数:0合計病床数:100】大阪府大阪市都島区都島南通２－８－９" }, "geometry": { "type": "Point", "coordinates": [ 135.531688, 34.702675 ] } },
{ "type": "Feature", "properties": { "ID": 2711270000300, "正式名称": "社会医療法人明生会明生病院", "機関区分": 1, "都道府県コード": 27, "市区町村コード": 102, "所在地": "大阪府大阪市都島区東野田町２－４－８", "緯度": 34.69787, "経度": 135.532244, "url": "https://www.iryou.teikyouseido.mhlw.go.jp/znk-web/juminkanja/S2430/initialize?prefCd=27&kikanCd=1270000300&kikanKbn=1", "url2": "http://www.meiseigrp.jp/index.html", "内容": "社会医療法人明生会明生病院【1:病院】【診療科目:内科_循環器内科_消化器内科_外科_脳神経外科_整形外科_皮膚科_泌尿器科_リハビリテーション科】【一般病床数:161療養病床数:0精神病床数:0感染症病床数:0合計病床数:161】大阪府大阪市都島区東野田町２－４－８" }, "geometry": { "type": "Point", "coordinates": [ 135.532244, 34.69787 ] } },
{ "type": "Feature", "properties": { "ID": 2711270000320, "正式名称": "医療法人正和会協和病院", "機関区分": 1, "都道府県コード": 27, "市区町村コード": 102, "所在地": "大阪府大阪市都島区東野田町５－２－２５", "緯度": 34.699009, "経度": 135.533993, "url": "https://www.iryou.teikyouseido.mhlw.go.jp/znk-web/juminkanja/S2430/initialize?prefCd=27&kikanCd=1270000320&kikanKbn=1", "url2": "http://meiseigrp.jp/kyouwa.html", "内容": "医療法人正和会協和病院【1:病院】【診療科目:内科_外科_整形外科_リハビリテーション科】【一般病床数:178療養病床数:0精神病床数:0感染症病床数:0合計病床数:178】大阪府大阪市都島区東野田町５－２－２５" }, "geometry": { "type": "Point", "coordinates": [ 135.533993, 34.699009 ] } },
{ "type": "Feature", "properties": { "ID": 2711270000340, "正式名称": "医療法人　正正会　分野病院", "機関区分": 1, "都道府県コード": 27, "市区町村コード": 102, "所在地": "大阪府大阪市都島区東野田町５－３－３３", "緯度": 34.699286, "経度": 135.535493, "url": "https://www.iryou.teikyouseido.mhlw.go.jp/znk-web/juminkanja/S2430/initialize?prefCd=27&kikanCd=1270000340&kikanKbn=1", "url2": "http://www.wakeno.jp/", "内容": "医療法人　正正会　分野病院【1:病院】【診療科目:内科_神経内科_精神科_神経科】【一般病床数:52療養病床数:48精神病床数:0感染症病床数:0合計病床数:100】大阪府大阪市都島区東野田町５－３－３３" }, "geometry": { "type": "Point", "coordinates": [ 135.535493, 34.699286 ] } },
{ "type": "Feature", "properties": { "ID": 2711270000350, "正式名称": "医療法人尽生会聖和病院", "機関区分": 1, "都道府県コード": 27, "市区町村コード": 102, "所在地": "大阪府大阪市都島区中野町１－７－３２", "緯度": 34.698842, "経度": 135.525189, "url": "https://www.iryou.teikyouseido.mhlw.go.jp/znk-web/juminkanja/S2430/initialize?prefCd=27&kikanCd=1270000350&kikanKbn=1", "url2": "http://www.seiwabyoin.com", "内容": "医療法人尽生会聖和病院【1:病院】【診療科目:内科_消化器内科_整形外科_小児科_泌尿器科_リハビリテーション科_放射線科】【一般病床数:90療養病床数:32精神病床数:0感染症病床数:0合計病床数:122】大阪府大阪市都島区中野町１－７－３２" }, "geometry": { "type": "Point", "coordinates": [ 135.525189, 34.698842 ] } },
{ "type": "Feature", "properties": { "ID": 2711270000360, "正式名称": "医療法人藤仁会藤立病院", "機関区分": 1, "都道府県コード": 27, "市区町村コード": 117, "所在地": "大阪府大阪市旭区大宮５－４－２４", "緯度": 34.7297, "経度": 135.550157, "url": "https://www.iryou.teikyouseido.mhlw.go.jp/znk-web/juminkanja/S2430/initialize?prefCd=27&kikanCd=1270000360&kikanKbn=1", "url2": "http://www.fujitate.jp/", "内容": "医療法人藤仁会藤立病院【1:病院】【診療科目:内科_呼吸器内科_循環器内科_消化器内科_ペインクリニック内科_アレルギー疾患内科_外科_消化器外科_整形外科_泌尿器科_精神科_リウマチ科_リハビリテーション科_放射線科_麻酔科】【一般病床数:52療養病床数:45精神病床数:0感染症病床数:0合計病床数:97】大阪府大阪市旭区大宮５－４－２４" }, "geometry": { "type": "Point", "coordinates": [ 135.550157, 34.7297 ] } },
{ "type": "Feature", "properties": { "ID": 2711270000380, "正式名称": "医療法人松仁会明徳病院", "機関区分": 1, "都道府県コード": 27, "市区町村コード": 117, "所在地": "大阪府大阪市旭区生江１－３－２６", "緯度": 34.722673, "経度": 135.535575, "url": "https://www.iryou.teikyouseido.mhlw.go.jp/znk-web/juminkanja/S2430/initialize?prefCd=27&kikanCd=1270000380&kikanKbn=1", "url2": "http://shoujinkai.or.jp/meitoku_hospital/", "内容": "医療法人松仁会明徳病院【1:病院】【診療科目:内科_リハビリテーション科】【一般病床数:0療養病床数:66精神病床数:0感染症病床数:0合計病床数:66】大阪府大阪市旭区生江１－３－２６" }, "geometry": { "type": "Point", "coordinates": [ 135.535575, 34.722673 ] } },
{ "type": "Feature", "properties": { "ID": 2711270000390, "正式名称": "医療法人永寿会　福島病院", "機関区分": 1, "都道府県コード": 27, "市区町村コード": 117, "所在地": "大阪府大阪市旭区千林２－４－２２", "緯度": 34.724895, "経度": 135.55063, "url": "https://www.iryou.teikyouseido.mhlw.go.jp/znk-web/juminkanja/S2430/initialize?prefCd=27&kikanCd=1270000390&kikanKbn=1", "url2": "http://fukushima-hosp.or.jp", "内容": "医療法人永寿会　福島病院【1:病院】【診療科目:内科_糖尿病内科_脳神経内科_消化器内科_人工透析内科_外科_消化器外科_肛門外科_整形外科_リハビリテーション科_放射線科_救急科_麻酔科】【一般病床数:97療養病床数:0精神病床数:0感染症病床数:0合計病床数:97】大阪府大阪市旭区千林２－４－２２" }, "geometry": { "type": "Point", "coordinates": [ 135.55063, 34.724895 ] } },
{ "type": "Feature", "properties": { "ID": 2711270000400, "正式名称": "医療法人真心会　真心会病院", "機関区分": 1, "都道府県コード": 27, "市区町村コード": 117, "所在地": "大阪府大阪市旭区新森２－２４－２０", "緯度": 34.715535, "経度": 135.555796, "url": "https://www.iryou.teikyouseido.mhlw.go.jp/znk-web/juminkanja/S2430/initialize?prefCd=27&kikanCd=1270000400&kikanKbn=1", "url2": "http://sinsinkaihp.sakura.ne.jp", "内容": "医療法人真心会　真心会病院【1:病院】【診療科目:内科_リハビリテーション科_放射線科】【一般病床数:33療養病床数:42精神病床数:0感染症病床数:0合計病床数:75】大阪府大阪市旭区新森２－２４－２０" }, "geometry": { "type": "Point", "coordinates": [ 135.555796, 34.715535 ] } },
{ "type": "Feature", "properties": { "ID": 2711270000410, "正式名称": "社会医療法人真美会大阪旭こども病院", "機関区分": 1, "都道府県コード": 27, "市区町村コード": 117, "所在地": "大阪府大阪市旭区新森４－１３－１７", "緯度": 34.71659, "経度": 135.559768, "url": "https://www.iryou.teikyouseido.mhlw.go.jp/znk-web/juminkanja/S2430/initialize?prefCd=27&kikanCd=1270000410&kikanKbn=1", "url2": "https://www.nakano-kodomo.or.jp", "内容": "社会医療法人真美会大阪旭こども病院【1:病院】【診療科目:小児科_小児精神科】【一般病床数:79療養病床数:0精神病床数:0感染症病床数:0合計病床数:79】大阪府大阪市旭区新森４－１３－１７" }, "geometry": { "type": "Point", "coordinates": [ 135.559768, 34.71659 ] } },
{ "type": "Feature", "properties": { "ID": 2711270000420, "正式名称": "牧病院", "機関区分": 1, "都道府県コード": 27, "市区町村コード": 117, "所在地": "大阪府大阪市旭区新森七丁目１０番２８号", "緯度": 34.719701, "経度": 135.562712, "url": "https://www.iryou.teikyouseido.mhlw.go.jp/znk-web/juminkanja/S2430/initialize?prefCd=27&kikanCd=1270000420&kikanKbn=1", "url2": "https://www.maki-group.jp", "内容": "牧病院【1:病院】【診療科目:内科_循環器内科_消化器内科_神経内科_外科_整形外科_皮膚科_リハビリテーション科_放射線科】【一般病床数:75療養病床数:0精神病床数:0感染症病床数:0合計病床数:75】大阪府大阪市旭区新森七丁目１０番２８号" }, "geometry": { "type": "Point", "coordinates": [ 135.562712, 34.719701 ] } },
{ "type": "Feature", "properties": { "ID": 2711270000430, "正式名称": "社会福祉法人大阪福祉事業財団すみれ病院", "機関区分": 1, "都道府県コード": 27, "市区町村コード": 118, "所在地": "大阪府大阪市城東区古市１－２０－８５", "緯度": 34.708341, "経度": 135.557297, "url": "https://www.iryou.teikyouseido.mhlw.go.jp/znk-web/juminkanja/S2430/initialize?prefCd=27&kikanCd=1270000430&kikanKbn=1", "url2": "https://www.sumire-hosp.com/", "内容": "社会福祉法人大阪福祉事業財団すみれ病院【1:病院】【診療科目:内科_糖尿病内科_小児科_皮膚科_リハビリテーション科_放射線科】【一般病床数:32療養病床数:0精神病床数:0感染症病床数:0合計病床数:32】大阪府大阪市城東区古市１－２０－８５" }, "geometry": { "type": "Point", "coordinates": [ 135.557297, 34.708341 ] } },
{ "type": "Feature", "properties": { "ID": 2711270000460, "正式名称": "医療法人　誠真会　関目病院", "機関区分": 1, "都道府県コード": 27, "市区町村コード": 118, "所在地": "大阪府大阪市城東区関目２丁目１３番１３号", "緯度": 34.706119, "経度": 135.552186, "url": "https://www.iryou.teikyouseido.mhlw.go.jp/znk-web/juminkanja/S2430/initialize?prefCd=27&kikanCd=1270000460&kikanKbn=1", "url2": "http://www.sekime-hp.com", "内容": "医療法人　誠真会　関目病院【1:病院】【診療科目:内科_外科_整形外科_リハビリテーション科_放射線科】【一般病床数:48療養病床数:0精神病床数:0感染症病床数:0合計病床数:48】大阪府大阪市城東区関目２丁目１３番１３号" }, "geometry": { "type": "Point", "coordinates": [ 135.552186, 34.706119 ] } },
{ "type": "Feature", "properties": { "ID": 2711270000480, "正式名称": "医療法人有光会サトウ病院", "機関区分": 1, "都道府県コード": 27, "市区町村コード": 118, "所在地": "大阪府大阪市城東区東中浜１－２－２３", "緯度": 34.687538, "経度": 135.545715, "url": "https://www.iryou.teikyouseido.mhlw.go.jp/znk-web/juminkanja/S2430/initialize?prefCd=27&kikanCd=1270000480&kikanKbn=1", "url2": "http://www.sato-hos.or.jp", "内容": "医療法人有光会サトウ病院【1:病院】【診療科目:内科_循環器内科_消化器内科_胃腸内科_外科_ペインクリニック外科_整形外科_形成外科_美容外科_リハビリテーション科_放射線科】【一般病床数:34療養病床数:36精神病床数:0感染症病床数:0合計病床数:70】大阪府大阪市城東区東中浜１－２－２３" }, "geometry": { "type": "Point", "coordinates": [ 135.545715, 34.687538 ] } },
{ "type": "Feature", "properties": { "ID": 2711270000490, "正式名称": "社会医療法人大道会ボバース記念病院", "機関区分": 1, "都道府県コード": 27, "市区町村コード": 118, "所在地": "大阪府大阪市城東区東中浜１－６－５", "緯度": 34.687204, "経度": 135.546521, "url": "https://www.iryou.teikyouseido.mhlw.go.jp/znk-web/juminkanja/S2430/initialize?prefCd=27&kikanCd=1270000490&kikanKbn=1", "url2": "http://www.omichikai.or.jp", "内容": "社会医療法人大道会ボバース記念病院【1:病院】【診療科目:神経内科_整形外科_小児科_歯科_歯科口腔外科_小児歯科_リハビリテーション科】【一般病床数:98療養病床数:0精神病床数:0感染症病床数:0合計病床数:98】大阪府大阪市城東区東中浜１－６－５" }, "geometry": { "type": "Point", "coordinates": [ 135.546521, 34.687204 ] } },
{ "type": "Feature", "properties": { "ID": 2711270000500, "正式名称": "社会医療法人大道会森之宮病院", "機関区分": 1, "都道府県コード": 27, "市区町村コード": 118, "所在地": "大阪府大阪市城東区森之宮２－１－８８", "緯度": 34.682955, "経度": 135.538688, "url": "https://www.iryou.teikyouseido.mhlw.go.jp/znk-web/juminkanja/S2430/initialize?prefCd=27&kikanCd=1270000500&kikanKbn=1", "url2": "https://www.omichikai.or.jp", "内容": "社会医療法人大道会森之宮病院【1:病院】【診療科目:内科_脳神経内科_呼吸器内科_循環器内科_消化器内科_外科_心臓血管外科_乳腺・内分泌外科_整形外科_形成外科_泌尿器科_歯科_歯科口腔外科_小児歯科_リハビリテーション科_放射線科_救急科_麻酔科】【一般病床数:355療養病床数:0精神病床数:0感染症病床数:0合計病床数:355】大阪府大阪市城東区森之宮２－１－８８" }, "geometry": { "type": "Point", "coordinates": [ 135.538688, 34.682955 ] } },
{ "type": "Feature", "properties": { "ID": 2711270000510, "正式名称": "医療法人風早会外科野崎病院", "機関区分": 1, "都道府県コード": 27, "市区町村コード": 115, "所在地": "大阪府大阪市東成区深江南２－２０－１５", "緯度": 34.667957, "経度": 135.558993, "url": "https://www.iryou.teikyouseido.mhlw.go.jp/znk-web/juminkanja/S2430/initialize?prefCd=27&kikanCd=1270000510&kikanKbn=1", "url2": "http://www.nozaki-hospital.com/", "内容": "医療法人風早会外科野崎病院【1:病院】【診療科目:循環器内科_胃腸内科_外科_乳腺外科_肛門外科_整形外科_眼科_リハビリテーション科】【一般病床数:47療養病床数:0精神病床数:0感染症病床数:0合計病床数:47】大阪府大阪市東成区深江南２－２０－１５" }, "geometry": { "type": "Point", "coordinates": [ 135.558993, 34.667957 ] } },
{ "type": "Feature", "properties": { "ID": 2711270000530, "正式名称": "医療法人　弘善会　矢木脳神経外科病院", "機関区分": 1, "都道府県コード": 27, "市区町村コード": 115, "所在地": "大阪府大阪市東成区東今里２－１２－１３", "緯度": 34.678011, "経度": 135.55116, "url": "https://www.iryou.teikyouseido.mhlw.go.jp/znk-web/juminkanja/S2430/initialize?prefCd=27&kikanCd=1270000530&kikanKbn=1", "url2": "http://www.kouzenkai.or.jp/yagi-hp/", "内容": "医療法人　弘善会　矢木脳神経外科病院【1:病院】【診療科目:内科_脳神経内科_脳神経外科_脳・血管外科_整形外科_リハビリテーション科_放射線科_麻酔科】【一般病床数:92療養病床数:0精神病床数:0感染症病床数:0合計病床数:92】大阪府大阪市東成区東今里２－１２－１３" }, "geometry": { "type": "Point", "coordinates": [ 135.55116, 34.678011 ] } },
{ "type": "Feature", "properties": { "ID": 2711270000540, "正式名称": "医療法人朋愛会朋愛病院", "機関区分": 1, "都道府県コード": 27, "市区町村コード": 115, "所在地": "大阪府大阪市東成区大今里１－２５－１１", "緯度": 34.672428, "経度": 135.546049, "url": "https://www.iryou.teikyouseido.mhlw.go.jp/znk-web/juminkanja/S2430/initialize?prefCd=27&kikanCd=1270000540&kikanKbn=1", "url2": "http://www.houai.or.jp", "内容": "医療法人朋愛会朋愛病院【1:病院】【診療科目:内科_循環器内科_外科_脳神経外科_整形外科_婦人科_耳鼻いんこう科_皮膚科_リハビリテーション科】【一般病床数:105療養病床数:94精神病床数:0感染症病床数:0合計病床数:199】大阪府大阪市東成区大今里１－２５－１１" }, "geometry": { "type": "Point", "coordinates": [ 135.546049, 34.672428 ] } },
{ "type": "Feature", "properties": { "ID": 2711270000560, "正式名称": "医療法人野中会東成病院", "機関区分": 1, "都道府県コード": 27, "市区町村コード": 115, "所在地": "大阪府大阪市東成区大今里西２－７－１７", "緯度": 34.670539, "経度": 135.540772, "url": "https://www.iryou.teikyouseido.mhlw.go.jp/znk-web/juminkanja/S2430/initialize?prefCd=27&kikanCd=1270000560&kikanKbn=1", "url2": "http://higashinari-hospital.jp/", "内容": "医療法人野中会東成病院【1:病院】【診療科目:内科_外科_肛門外科_整形外科_リウマチ科_リハビリテーション科_放射線科】【一般病床数:55療養病床数:0精神病床数:0感染症病床数:0合計病床数:55】大阪府大阪市東成区大今里西２－７－１７" }, "geometry": { "type": "Point", "coordinates": [ 135.540772, 34.670539 ] } },
{ "type": "Feature", "properties": { "ID": 2711270000580, "正式名称": "医療法人仁志会西眼科病院", "機関区分": 1, "都道府県コード": 27, "市区町村コード": 115, "所在地": "大阪府大阪市東成区中道４－１４－２６", "緯度": 34.674317, "経度": 135.537022, "url": "https://www.iryou.teikyouseido.mhlw.go.jp/znk-web/juminkanja/S2430/initialize?prefCd=27&kikanCd=1270000580&kikanKbn=1", "url2": "http://www.nishi-ganka.or.jp", "内容": "医療法人仁志会西眼科病院【1:病院】【診療科目:眼科】【一般病床数:28療養病床数:0精神病床数:0感染症病床数:0合計病床数:28】大阪府大阪市東成区中道４－１４－２６" }, "geometry": { "type": "Point", "coordinates": [ 135.537022, 34.674317 ] } },
{ "type": "Feature", "properties": { "ID": 2711270000590, "正式名称": "医療法人中本会中本病院", "機関区分": 1, "都道府県コード": 27, "市区町村コード": 115, "所在地": "大阪府大阪市東成区中道４－１３－１２", "緯度": 34.674345, "経度": 135.536633, "url": "https://www.iryou.teikyouseido.mhlw.go.jp/znk-web/juminkanja/S2430/initialize?prefCd=27&kikanCd=1270000590&kikanKbn=1", "url2": "http://www.nakamoto.or.jp/", "内容": "医療法人中本会中本病院【1:病院】【診療科目:内科_循環器内科_胃腸内科_外科_整形外科_皮膚科_リウマチ科_リハビリテーション科_放射線科】【一般病床数:55療養病床数:60精神病床数:0感染症病床数:0合計病床数:115】大阪府大阪市東成区中道４－１３－１２" }, "geometry": { "type": "Point", "coordinates": [ 135.536633, 34.674345 ] } },
{ "type": "Feature", "properties": { "ID": 2711270000620, "正式名称": "医療法人正和会新協和病院", "機関区分": 1, "都道府県コード": 27, "市区町村コード": 124, "所在地": "大阪府大阪市鶴見区今津南１－５－８", "緯度": 34.689177, "経度": 135.567102, "url": "https://www.iryou.teikyouseido.mhlw.go.jp/znk-web/juminkanja/S2430/initialize?prefCd=27&kikanCd=1270000620&kikanKbn=1", "url2": "http://www.shinkyowa-hp.jp", "内容": "医療法人正和会新協和病院【1:病院】【診療科目:内科_胃腸内科_外科_整形外科_リハビリテーション科_放射線科】【一般病床数:96療養病床数:52精神病床数:0感染症病床数:0合計病床数:148】大阪府大阪市鶴見区今津南１－５－８" }, "geometry": { "type": "Point", "coordinates": [ 135.567102, 34.689177 ] } },
{ "type": "Feature", "properties": { "ID": 2711270000630, "正式名称": "医療法人津樹会城東病院", "機関区分": 1, "都道府県コード": 27, "市区町村コード": 124, "所在地": "大阪府大阪市鶴見区放出東２－１１－２２", "緯度": 34.692732, "経度": 135.561436, "url": "https://www.iryou.teikyouseido.mhlw.go.jp/znk-web/juminkanja/S2430/initialize?prefCd=27&kikanCd=1270000630&kikanKbn=1", "url2": "http://www.jyoto-hospital.com/", "内容": "医療法人津樹会城東病院【1:病院】【診療科目:内科_循環器内科_消化器内科_外科_脳神経外科_整形外科_皮膚科_泌尿器科_リハビリテーション科_放射線科】【一般病床数:46療養病床数:0精神病床数:0感染症病床数:0合計病床数:46】大阪府大阪市鶴見区放出東２－１１－２２" }, "geometry": { "type": "Point", "coordinates": [ 135.561436, 34.692732 ] } },
{ "type": "Feature", "properties": { "ID": 2711270000650, "正式名称": "医療法人仁和会和田病院", "機関区分": 1, "都道府県コード": 27, "市区町村コード": 124, "所在地": "大阪府大阪市鶴見区横堤３－１０－１８", "緯度": 34.703259, "経度": 135.573462, "url": "https://www.iryou.teikyouseido.mhlw.go.jp/znk-web/juminkanja/S2430/initialize?prefCd=27&kikanCd=1270000650&kikanKbn=1", "url2": "http://www.wada-hp.net/", "内容": "医療法人仁和会和田病院【1:病院】【診療科目:内科_循環器内科_神経内科_外科_整形外科_リハビリテーション科_放射線科】【一般病床数:46療養病床数:20精神病床数:0感染症病床数:0合計病床数:66】大阪府大阪市鶴見区横堤３－１０－１８" }, "geometry": { "type": "Point", "coordinates": [ 135.573462, 34.703259 ] } },
{ "type": "Feature", "properties": { "ID": 2711270000660, "正式名称": "社会医療法人盛和会本田病院", "機関区分": 1, "都道府県コード": 27, "市区町村コード": 124, "所在地": "大阪府大阪市鶴見区鶴見４－１－３０", "緯度": 34.702425, "経度": 135.560658, "url": "https://www.iryou.teikyouseido.mhlw.go.jp/znk-web/juminkanja/S2430/initialize?prefCd=27&kikanCd=1270000660&kikanKbn=1", "url2": "http://www.hondahp.or.jp/", "内容": "社会医療法人盛和会本田病院【1:病院】【診療科目:内科_循環器内科_消化器内科_外科_消化器外科_乳腺外科_肛門外科_整形外科_リハビリテーション科_放射線科】【一般病床数:70療養病床数:30精神病床数:0感染症病床数:0合計病床数:100】大阪府大阪市鶴見区鶴見４－１－３０" }, "geometry": { "type": "Point", "coordinates": [ 135.560658, 34.702425 ] } },
{ "type": "Feature", "properties": { "ID": 2711270000670, "正式名称": "医療福祉生活協同組合おおさか　コープおおさか病院", "機関区分": 1, "都道府県コード": 27, "市区町村コード": 124, "所在地": "大阪府大阪市鶴見区鶴見３－６－２２", "緯度": 34.70212, "経度": 135.562963, "url": "https://www.iryou.teikyouseido.mhlw.go.jp/znk-web/juminkanja/S2430/initialize?prefCd=27&kikanCd=1270000670&kikanKbn=1", "url2": "https://cooposaka-hp.com/", "内容": "医療福祉生活協同組合おおさか　コープおおさか病院【1:病院】【診療科目:内科_呼吸器内科_循環器内科_消化器内科_腎臓内科_神経内科_外科_消化器外科_肛門外科_整形外科_小児科_婦人科_眼科_皮膚科_泌尿器科_精神科_心療内科_歯科_リウマチ科_リハビリテーション科_放射線科_麻酔科】【一般病床数:166療養病床数:0精神病床数:0感染症病床数:0合計病床数:166】大阪府大阪市鶴見区鶴見３－６－２２" }, "geometry": { "type": "Point", "coordinates": [ 135.562963, 34.70212 ] } },
{ "type": "Feature", "properties": { "ID": 2711270000680, "正式名称": "独立行政法人国立病院機構大阪医療センター", "機関区分": 1, "都道府県コード": 27, "市区町村コード": 128, "所在地": "大阪府大阪市中央区法円坂２－１－１４", "緯度": 34.680094, "経度": 135.519718, "url": "https://www.iryou.teikyouseido.mhlw.go.jp/znk-web/juminkanja/S2430/initialize?prefCd=27&kikanCd=1270000680&kikanKbn=1", "url2": "https://osaka.hosp.go.jp/", "内容": "独立行政法人国立病院機構大阪医療センター【1:病院】【診療科目:内科_感染症内科_血液内科_糖尿病・内分泌内科_脳神経内科_呼吸器内科_循環器内科_消化器内科_腎臓内科_肝臓内科_腫瘍内科_緩和ケア内科_外科_脳神経外科_呼吸器外科_心臓血管外科_消化器外科_乳腺外科_肛門外科_腫瘍外科_頭頸部外科_整形外科_形成外科_小児科_産科_婦人科_眼科_耳鼻いんこう科_皮膚科_泌尿器科_精神科_歯科口腔外科_リハビリテーション科_放射線診断科_放射線治療科_病理診断科_臨床検査科_救急科_麻酔科】【一般病床数:605療養病床数:0精神病床数:0感染症病床数:0合計病床数:605】大阪府大阪市中央区法円坂２－１－１４" }, "geometry": { "type": "Point", "coordinates": [ 135.519718, 34.680094 ] } },
{ "type": "Feature", "properties": { "ID": 2711270000690, "正式名称": "国家公務員共済組合連合会　大手前病院", "機関区分": 1, "都道府県コード": 27, "市区町村コード": 128, "所在地": "大阪府大阪市中央区大手前１丁目５番３４号", "緯度": 34.68937, "経度": 135.519828, "url": "https://www.iryou.teikyouseido.mhlw.go.jp/znk-web/juminkanja/S2430/initialize?prefCd=27&kikanCd=1270000690&kikanKbn=1", "url2": "https://www.otemae.kkr.or.jo/", "内容": "国家公務員共済組合連合会　大手前病院【1:病院】【診療科目:内科_血液内科_代謝・内分泌内科_脳神経内科_呼吸器内科_循環器内科_消化器内科_腎臓内科_腫瘍内科_外科_脳神経外科_呼吸器外科_心臓血管外科_消化器外科_乳腺・内分泌外科_整形外科_婦人科_眼科_耳鼻いんこう科_皮膚科_泌尿器科_精神科_リハビリテーション科_放射線科_病理診断科_救急科_麻酔科】【一般病床数:401療養病床数:0精神病床数:0感染症病床数:0合計病床数:401】大阪府大阪市中央区大手前１丁目５番３４号" }, "geometry": { "type": "Point", "coordinates": [ 135.519828, 34.68937 ] } },
{ "type": "Feature", "properties": { "ID": 2711270000700, "正式名称": "大阪歯科大学附属病院", "機関区分": 1, "都道府県コード": 27, "市区町村コード": 128, "所在地": "大阪府大阪市中央区大手前１－５－１７", "緯度": 34.68987, "経度": 135.519106, "url": "https://www.iryou.teikyouseido.mhlw.go.jp/znk-web/juminkanja/S2430/initialize?prefCd=27&kikanCd=1270000700&kikanKbn=1", "url2": "http://www.osaka-dent.ac.jp/hospital/", "内容": "大阪歯科大学附属病院【1:病院】【診療科目:内科_眼科_耳鼻いんこう科_歯科_矯正歯科_歯科口腔外科_小児歯科】【一般病床数:35療養病床数:0精神病床数:0感染症病床数:0合計病床数:35】大阪府大阪市中央区大手前１－５－１７" }, "geometry": { "type": "Point", "coordinates": [ 135.519106, 34.68987 ] } },
{ "type": "Feature", "properties": { "ID": 2711270000710, "正式名称": "医療法人財団厚生会高津病院", "機関区分": 1, "都道府県コード": 27, "市区町村コード": 128, "所在地": "大阪府大阪市中央区瓦屋町３－２－７", "緯度": 34.668456, "経度": 135.513191, "url": "https://www.iryou.teikyouseido.mhlw.go.jp/znk-web/juminkanja/S2430/initialize?prefCd=27&kikanCd=1270000710&kikanKbn=1", "url2": "http://www.koudu-hp.com", "内容": "医療法人財団厚生会高津病院【1:病院】【診療科目:内科_消化器内科_外科_血管外科_整形外科_皮膚科_泌尿器科_リハビリテーション科_放射線科】【一般病床数:53療養病床数:0精神病床数:0感染症病床数:0合計病床数:53】大阪府大阪市中央区瓦屋町３－２－７" }, "geometry": { "type": "Point", "coordinates": [ 135.513191, 34.668456 ] } },
{ "type": "Feature", "properties": { "ID": 2711270000720, "正式名称": "医療法人脳神経外科日本橋病院", "機関区分": 1, "都道府県コード": 27, "市区町村コード": 128, "所在地": "大阪府大阪市中央区高津３－２－２２", "緯度": 34.666373, "経度": 135.509219, "url": "https://www.iryou.teikyouseido.mhlw.go.jp/znk-web/juminkanja/S2430/initialize?prefCd=27&kikanCd=1270000720&kikanKbn=1", "url2": "http://www.nipponbashihp/or.jp", "内容": "医療法人脳神経外科日本橋病院【1:病院】【診療科目:呼吸器内科_神経内科_外科_脳神経外科_整形外科】【一般病床数:75療養病床数:0精神病床数:0感染症病床数:0合計病床数:75】大阪府大阪市中央区高津３－２－２２" }, "geometry": { "type": "Point", "coordinates": [ 135.509219, 34.666373 ] } },
{ "type": "Feature", "properties": { "ID": 2711270000730, "正式名称": "医療法人飯島会産科婦人科飯島病院", "機関区分": 1, "都道府県コード": 27, "市区町村コード": 128, "所在地": "大阪府大阪市中央区島之内２－１５－４", "緯度": 34.6699, "経度": 135.506858, "url": "https://www.iryou.teikyouseido.mhlw.go.jp/znk-web/juminkanja/S2430/initialize?prefCd=27&kikanCd=1270000730&kikanKbn=1", "url2": "http://www.iijima-hospital.or.jp/", "内容": "医療法人飯島会産科婦人科飯島病院【1:病院】【診療科目:産科_婦人科_麻酔科】【一般病床数:28療養病床数:0精神病床数:0感染症病床数:0合計病床数:28】大阪府大阪市中央区島之内２－１５－４" }, "geometry": { "type": "Point", "coordinates": [ 135.506858, 34.6699 ] } },
{ "type": "Feature", "properties": { "ID": 2711270000760, "正式名称": "公益財団法人聖バルナバ病院", "機関区分": 1, "都道府県コード": 27, "市区町村コード": 109, "所在地": "大阪府大阪市天王寺区細工谷１－３－１８", "緯度": 34.66304, "経度": 135.524357, "url": "https://www.iryou.teikyouseido.mhlw.go.jp/znk-web/juminkanja/S2430/initialize?prefCd=27&kikanCd=1270000760&kikanKbn=1", "url2": "http://barnaba.or.jp", "内容": "公益財団法人聖バルナバ病院【1:病院】【診療科目:小児科_産科_婦人科】【一般病床数:73療養病床数:0精神病床数:0感染症病床数:0合計病床数:73】大阪府大阪市天王寺区細工谷１－３－１８" }, "geometry": { "type": "Point", "coordinates": [ 135.524357, 34.66304 ] } },
{ "type": "Feature", "properties": { "ID": 2711270000770, "正式名称": "医療法人社団湯川胃腸病院", "機関区分": 1, "都道府県コード": 27, "市区町村コード": 109, "所在地": "大阪府大阪市天王寺区堂ケ芝２－１０－２", "緯度": 34.660096, "経度": 135.526524, "url": "https://www.iryou.teikyouseido.mhlw.go.jp/znk-web/juminkanja/S2430/initialize?prefCd=27&kikanCd=1270000770&kikanKbn=1", "url2": "http://www.yukawa.or.jp", "内容": "医療法人社団湯川胃腸病院【1:病院】【診療科目:消化器内科_胃腸内科_緩和ケア内科_肛門内科_放射線科】【一般病床数:34療養病床数:0精神病床数:0感染症病床数:0合計病床数:34】大阪府大阪市天王寺区堂ケ芝２－１０－２" }, "geometry": { "type": "Point", "coordinates": [ 135.526524, 34.660096 ] } },
{ "type": "Feature", "properties": { "ID": 2711270000790, "正式名称": "社会福祉法人四天王寺福祉事業団四天王寺病院", "機関区分": 1, "都道府県コード": 27, "市区町村コード": 109, "所在地": "大阪府大阪市天王寺区大道１－４－４１", "緯度": 34.65318, "経度": 135.514414, "url": "https://www.iryou.teikyouseido.mhlw.go.jp/znk-web/juminkanja/S2430/initialize?prefCd=27&kikanCd=1270000790&kikanKbn=1", "url2": "http://www.shitennoji-fukushi.jp/shitennoji-hospital/", "内容": "社会福祉法人四天王寺福祉事業団四天王寺病院【1:病院】【診療科目:内科_血液内科_循環器内科_消化器内科_外科_消化器外科_整形外科_眼科_耳鼻いんこう科_皮膚科_泌尿器科_リハビリテーション科_放射線科】【一般病床数:105療養病床数:45精神病床数:0感染症病床数:0合計病床数:150】大阪府大阪市天王寺区大道１－４－４１" }, "geometry": { "type": "Point", "coordinates": [ 135.514414, 34.65318 ] } },
{ "type": "Feature", "properties": { "ID": 2711270000810, "正式名称": "医療法人歓喜会辻外科リハビリテーション病院", "機関区分": 1, "都道府県コード": 27, "市区町村コード": 109, "所在地": "大阪府大阪市天王寺区生玉前町３－２４", "緯度": 34.664373, "経度": 135.515608, "url": "https://www.iryou.teikyouseido.mhlw.go.jp/znk-web/juminkanja/S2430/initialize?prefCd=27&kikanCd=1270000810&kikanKbn=1", "url2": "http://www.kankikai.com", "内容": "医療法人歓喜会辻外科リハビリテーション病院【1:病院】【診療科目:内科_甲状腺・内分泌内科_外科_整形外科_リハビリテーション科】【一般病床数:71療養病床数:0精神病床数:0感染症病床数:0合計病床数:71】大阪府大阪市天王寺区生玉前町３－２４" }, "geometry": { "type": "Point", "coordinates": [ 135.515608, 34.664373 ] } },
{ "type": "Feature", "properties": { "ID": 2711270000820, "正式名称": "大阪赤十字病院", "機関区分": 1, "都道府県コード": 27, "市区町村コード": 109, "所在地": "大阪府大阪市天王寺区筆ケ崎町５－３０", "緯度": 34.664706, "経度": 135.52544, "url": "https://www.iryou.teikyouseido.mhlw.go.jp/znk-web/juminkanja/S2430/initialize?prefCd=27&kikanCd=1270000820&kikanKbn=1", "url2": "https://www.osaka-med.jrc.or.jp/", "内容": "大阪赤十字病院【1:病院】【診療科目:内科_血液内科_糖尿病・内分泌内科_脳神経内科_呼吸器内科_循環器内科_消化器内科_腎臓内科_腫瘍内科_緩和ケア内科_外科_脳神経外科_呼吸器外科_心臓血管外科_消化器外科_乳腺外科_頭頸部外科_整形外科_形成外科_小児科_小児外科_産婦人科_眼科_耳鼻いんこう科_皮膚科_泌尿器科_精神科_歯科_歯科口腔外科_リウマチ科_リハビリテーション科_放射線診断科_放射線治療科_病理診断科_臨床検査科_救急科_麻酔科】【一般病床数:784療養病床数:0精神病床数:42感染症病床数:0合計病床数:826】大阪府大阪市天王寺区筆ケ崎町５－３０" }, "geometry": { "type": "Point", "coordinates": [ 135.52544, 34.664706 ] } },
{ "type": "Feature", "properties": { "ID": 2711270000840, "正式名称": "医療法人同仁会松崎病院", "機関区分": 1, "都道府県コード": 27, "市区町村コード": 116, "所在地": "大阪府大阪市生野区新今里７－４－８", "緯度": 34.661652, "経度": 135.55241, "url": "https://www.iryou.teikyouseido.mhlw.go.jp/znk-web/juminkanja/S2430/initialize?prefCd=27&kikanCd=1270000840&kikanKbn=1", "url2": "http://www.medicals.jp", "内容": "医療法人同仁会松崎病院【1:病院】【診療科目:内科_脳神経内科_循環器内科_消化器内科_外科_脳神経外科_消化器外科_肛門外科_整形外科_形成外科_皮膚科_泌尿器科_リハビリテーション科】【一般病床数:113療養病床数:0精神病床数:0感染症病床数:0合計病床数:113】大阪府大阪市生野区新今里７－４－８" }, "geometry": { "type": "Point", "coordinates": [ 135.55241, 34.661652 ] } },
{ "type": "Feature", "properties": { "ID": 2711270000850, "正式名称": "医療法人吉栄会　吉栄会病院", "機関区分": 1, "都道府県コード": 27, "市区町村コード": 116, "所在地": "大阪府大阪市生野区小路２－１４－５", "緯度": 34.661485, "経度": 135.554577, "url": "https://www.iryou.teikyouseido.mhlw.go.jp/znk-web/juminkanja/S2430/initialize?prefCd=27&kikanCd=1270000850&kikanKbn=1", "url2": "http://www.yoshieikai.com/yoshieikaihospital/", "内容": "医療法人吉栄会　吉栄会病院【1:病院】【診療科目:内科_消化器内科_外科_整形外科_リハビリテーション科_放射線科】【一般病床数:29療養病床数:32精神病床数:0感染症病床数:0合計病床数:61】大阪府大阪市生野区小路２－１４－５" }, "geometry": { "type": "Point", "coordinates": [ 135.554577, 34.661485 ] } },
{ "type": "Feature", "properties": { "ID": 2711270000860, "正式名称": "医療法人優心会　優心会厚生病院", "機関区分": 1, "都道府県コード": 27, "市区町村コード": 116, "所在地": "大阪府大阪市生野区小路東４－１３－２２", "緯度": 34.657791, "経度": 135.557854, "url": "https://www.iryou.teikyouseido.mhlw.go.jp/znk-web/juminkanja/S2430/initialize?prefCd=27&kikanCd=1270000860&kikanKbn=1", "url2": null, "内容": "医療法人優心会　優心会厚生病院【1:病院】【診療科目:内科_リハビリテーション科】【一般病床数:40療養病床数:0精神病床数:0感染症病床数:0合計病床数:40】大阪府大阪市生野区小路東４－１３－２２" }, "geometry": { "type": "Point", "coordinates": [ 135.557854, 34.657791 ] } },
{ "type": "Feature", "properties": { "ID": 2711270000870, "正式名称": "医療法人育和会　育和会記念病院", "機関区分": 1, "都道府県コード": 27, "市区町村コード": 116, "所在地": "大阪府大阪市生野区巽北３－２０－２９", "緯度": 34.655875, "経度": 135.555021, "url": "https://www.iryou.teikyouseido.mhlw.go.jp/znk-web/juminkanja/S2430/initialize?prefCd=27&kikanCd=1270000870&kikanKbn=1", "url2": "https://hospital.ikuwakai.or.jp", "内容": "医療法人育和会　育和会記念病院【1:病院】【診療科目:内科_糖尿病内科_脳神経内科_呼吸器内科_循環器内科_消化器内科_外科_脳神経外科_消化器外科_乳腺・内分泌外科_肛門外科_整形外科_形成外科_婦人科_皮膚科_泌尿器科_アレルギー科_リウマチ科_リハビリテーション科_放射線科_病理診断科_臨床検査科_救急科_麻酔科】【一般病床数:265療養病床数:0精神病床数:0感染症病床数:0合計病床数:265】大阪府大阪市生野区巽北３－２０－２９" }, "geometry": { "type": "Point", "coordinates": [ 135.555021, 34.655875 ] } },
{ "type": "Feature", "properties": { "ID": 2711270000890, "正式名称": "医療法人貴和会生野中央病院", "機関区分": 1, "都道府県コード": 27, "市区町村コード": 116, "所在地": "大阪府大阪市生野区中川５－４－２", "緯度": 34.658208, "経度": 135.545744, "url": "https://www.iryou.teikyouseido.mhlw.go.jp/znk-web/juminkanja/S2430/initialize?prefCd=27&kikanCd=1270000890&kikanKbn=1", "url2": "http://www.ikuno-chuo.com", "内容": "医療法人貴和会生野中央病院【1:病院】【診療科目:内科_循環器内科_消化器内科_整形外科_皮膚科_泌尿器科_リハビリテーション科_放射線科】【一般病床数:60療養病床数:88精神病床数:0感染症病床数:0合計病床数:148】大阪府大阪市生野区中川５－４－２" }, "geometry": { "type": "Point", "coordinates": [ 135.545744, 34.658208 ] } },
{ "type": "Feature", "properties": { "ID": 2711270000900, "正式名称": "医療法人豊旺会啓生病院", "機関区分": 1, "都道府県コード": 27, "市区町村コード": 116, "所在地": "大阪府大阪市生野区田島６－４－１", "緯度": 34.642459, "経度": 135.539912, "url": "https://www.iryou.teikyouseido.mhlw.go.jp/znk-web/juminkanja/S2430/initialize?prefCd=27&kikanCd=1270000900&kikanKbn=1", "url2": null, "内容": "医療法人豊旺会啓生病院【1:病院】【診療科目:内科_循環器内科_消化器内科_リハビリテーション科_放射線科】【一般病床数:50療養病床数:0精神病床数:0感染症病床数:0合計病床数:50】大阪府大阪市生野区田島６－４－１" }, "geometry": { "type": "Point", "coordinates": [ 135.539912, 34.642459 ] } },
{ "type": "Feature", "properties": { "ID": 2711270000910, "正式名称": "医療法人のぞみ会　新大阪病院", "機関区分": 1, "都道府県コード": 27, "市区町村コード": 116, "所在地": "大阪府大阪市生野区田島１－１６－６", "緯度": 34.653264, "経度": 135.543745, "url": "https://www.iryou.teikyouseido.mhlw.go.jp/znk-web/juminkanja/S2430/initialize?prefCd=27&kikanCd=1270000910&kikanKbn=1", "url2": "https://shin-osakahospital.or.jp", "内容": "医療法人のぞみ会　新大阪病院【1:病院】【診療科目:内科_循環器内科_消化器内科_腎臓内科_老年内科_外科_整形外科_泌尿器科_リハビリテーション科_放射線科】【一般病床数:60療養病床数:139精神病床数:0感染症病床数:0合計病床数:199】大阪府大阪市生野区田島１－１６－６" }, "geometry": { "type": "Point", "coordinates": [ 135.543745, 34.653264 ] } },
{ "type": "Feature", "properties": { "ID": 2711270000920, "正式名称": "医療法人穂翔会村田病院", "機関区分": 1, "都道府県コード": 27, "市区町村コード": 116, "所在地": "大阪府大阪市生野区田島４－２－１", "緯度": 34.647139, "経度": 135.540047, "url": "https://www.iryou.teikyouseido.mhlw.go.jp/znk-web/juminkanja/S2430/initialize?prefCd=27&kikanCd=1270000920&kikanKbn=1", "url2": "https://muratahospital.jp/", "内容": "医療法人穂翔会村田病院【1:病院】【診療科目:内科_脳神経内科_脳神経外科_整形外科_リハビリテーション科】【一般病床数:70療養病床数:0精神病床数:0感染症病床数:0合計病床数:70】大阪府大阪市生野区田島４－２－１" }, "geometry": { "type": "Point", "coordinates": [ 135.540047, 34.647139 ] } },
{ "type": "Feature", "properties": { "ID": 2711270000950, "正式名称": "医療法人アエバ会アエバ外科病院", "機関区分": 1, "都道府県コード": 27, "市区町村コード": 116, "所在地": "大阪府大阪市生野区勝山南４－６－５", "緯度": 34.653458, "経度": 135.539495, "url": "https://www.iryou.teikyouseido.mhlw.go.jp/znk-web/juminkanja/S2430/initialize?prefCd=27&kikanCd=1270000950&kikanKbn=1", "url2": "http://www.aeba.or.jp", "内容": "医療法人アエバ会アエバ外科病院【1:病院】【診療科目:外科_脳神経外科_整形外科_リハビリテーション科_放射線科】【一般病床数:64療養病床数:0精神病床数:0感染症病床数:0合計病床数:64】大阪府大阪市生野区勝山南４－６－５" }, "geometry": { "type": "Point", "coordinates": [ 135.539495, 34.653458 ] } },
{ "type": "Feature", "properties": { "ID": 2711270000960, "正式名称": "医療法人同友会共和病院", "機関区分": 1, "都道府県コード": 27, "市区町村コード": 116, "所在地": "大阪府大阪市生野区勝山南４－１６－１０", "緯度": 34.652652, "経度": 135.540412, "url": "https://www.iryou.teikyouseido.mhlw.go.jp/znk-web/juminkanja/S2430/initialize?prefCd=27&kikanCd=1270000960&kikanKbn=1", "url2": "http://kyowa-hp.net/", "内容": "医療法人同友会共和病院【1:病院】【診療科目:内科_糖尿病・内分泌内科_呼吸器内科_循環器内科_消化器内科_人工透析内科_神経内科_外科_脳神経外科_消化器外科_肛門外科_整形外科_小児科_皮膚科_泌尿器科_精神科_リハビリテーション科_放射線科】【一般病床数:108療養病床数:91精神病床数:0感染症病床数:0合計病床数:199】大阪府大阪市生野区勝山南４－１６－１０" }, "geometry": { "type": "Point", "coordinates": [ 135.540412, 34.652652 ] } },
{ "type": "Feature", "properties": { "ID": 2711270000970, "正式名称": "医療法人芥川会芥川病院", "機関区分": 1, "都道府県コード": 27, "市区町村コード": 116, "所在地": "大阪府大阪市生野区勝山南４－４－１８", "緯度": 34.653125, "経度": 135.538023, "url": "https://www.iryou.teikyouseido.mhlw.go.jp/znk-web/juminkanja/S2430/initialize?prefCd=27&kikanCd=1270000970&kikanKbn=1", "url2": "http://akutagawa.byoinnavi.jp/pc/", "内容": "医療法人芥川会芥川病院【1:病院】【診療科目:内科_整形外科_リハビリテーション科】【一般病床数:0療養病床数:50精神病床数:0感染症病床数:0合計病床数:50】大阪府大阪市生野区勝山南４－４－１８" }, "geometry": { "type": "Point", "coordinates": [ 135.538023, 34.653125 ] } },
{ "type": "Feature", "properties": { "ID": 2711270001000, "正式名称": "医療法人相生会相生病院", "機関区分": 1, "都道府県コード": 27, "市区町村コード": 116, "所在地": "大阪府大阪市生野区生野西３－２－５", "緯度": 34.651736, "経度": 135.530329, "url": "https://www.iryou.teikyouseido.mhlw.go.jp/znk-web/juminkanja/S2430/initialize?prefCd=27&kikanCd=1270001000&kikanKbn=1", "url2": "http://www.aioi-hospital.jp/", "内容": "医療法人相生会相生病院【1:病院】【診療科目:内科_消化器内科_内視鏡内科】【一般病床数:44療養病床数:56精神病床数:0感染症病床数:0合計病床数:100】大阪府大阪市生野区生野西３－２－５" }, "geometry": { "type": "Point", "coordinates": [ 135.530329, 34.651736 ] } },
{ "type": "Feature", "properties": { "ID": 2711270001010, "正式名称": "医療法人朝日会朝日生野病院", "機関区分": 1, "都道府県コード": 27, "市区町村コード": 116, "所在地": "大阪府大阪市生野区生野東３－３－２３", "緯度": 34.650597, "経度": 135.534107, "url": "https://www.iryou.teikyouseido.mhlw.go.jp/znk-web/juminkanja/S2430/initialize?prefCd=27&kikanCd=1270001010&kikanKbn=1", "url2": "https://asahiikuno-hospital.jp", "内容": "医療法人朝日会朝日生野病院【1:病院】【診療科目:内科_リハビリテーション科】【一般病床数:48療養病床数:93精神病床数:0感染症病床数:0合計病床数:141】大阪府大阪市生野区生野東３－３－２３" }, "geometry": { "type": "Point", "coordinates": [ 135.534107, 34.650597 ] } },
{ "type": "Feature", "properties": { "ID": 2711270001040, "正式名称": "医療法人恵登久会　越川病院", "機関区分": 1, "都道府県コード": 27, "市区町村コード": 119, "所在地": "大阪府大阪市阿倍野区昭和町４－９－１", "緯度": 34.625099, "経度": 135.515915, "url": "https://www.iryou.teikyouseido.mhlw.go.jp/znk-web/juminkanja/S2430/initialize?prefCd=27&kikanCd=1270001040&kikanKbn=1", "url2": "http//www.kosikawa-hospital.or.jp", "内容": "医療法人恵登久会　越川病院【1:病院】【診療科目:内科_消化器内科_外科_整形外科_皮膚科_リウマチ科_リハビリテーション科】【一般病床数:0療養病床数:39精神病床数:0感染症病床数:0合計病床数:39】大阪府大阪市阿倍野区昭和町４－９－１" }, "geometry": { "type": "Point", "coordinates": [ 135.515915, 34.625099 ] } },
{ "type": "Feature", "properties": { "ID": 2711270001050, "正式名称": "医療法人健友会帝塚山病院", "機関区分": 1, "都道府県コード": 27, "市区町村コード": 119, "所在地": "大阪府大阪市阿倍野区帝塚山１－１２－１１", "緯度": 34.624766, "経度": 135.500305, "url": "https://www.iryou.teikyouseido.mhlw.go.jp/znk-web/juminkanja/S2430/initialize?prefCd=27&kikanCd=1270001050&kikanKbn=1", "url2": "http://www.tezukayama-hp.or.jp", "内容": "医療法人健友会帝塚山病院【1:病院】【診療科目:内科_循環器内科_リハビリテーション科_放射線科】【一般病床数:0療養病床数:100精神病床数:0感染症病床数:0合計病床数:100】大阪府大阪市阿倍野区帝塚山１－１２－１１" }, "geometry": { "type": "Point", "coordinates": [ 135.500305, 34.624766 ] } },
{ "type": "Feature", "properties": { "ID": 2711270001060, "正式名称": "医療法人相愛会　相原第二病院", "機関区分": 1, "都道府県コード": 27, "市区町村コード": 119, "所在地": "大阪府大阪市阿倍野区阿倍野筋３－１２－１０", "緯度": 34.641931, "経度": 135.510276, "url": "https://www.iryou.teikyouseido.mhlw.go.jp/znk-web/juminkanja/S2430/initialize?prefCd=27&kikanCd=1270001060&kikanKbn=1", "url2": "http://souaikai.or.jp", "内容": "医療法人相愛会　相原第二病院【1:病院】【診療科目:内科_呼吸器内科_循環器内科_消化器内科_人工透析内科_外科_整形外科_泌尿器科_リウマチ科_リハビリテーション科_放射線科】【一般病床数:154療養病床数:44精神病床数:0感染症病床数:0合計病床数:198】大阪府大阪市阿倍野区阿倍野筋３－１２－１０" }, "geometry": { "type": "Point", "coordinates": [ 135.510276, 34.641931 ] } },
{ "type": "Feature", "properties": { "ID": 2711270001070, "正式名称": "西日本旅客鉄道株式会社　大阪鉄道病院", "機関区分": 1, "都道府県コード": 27, "市区町村コード": 119, "所在地": "大阪府大阪市阿倍野区松崎町１－２－２２", "緯度": 34.645292, "経度": 135.517414, "url": "https://www.iryou.teikyouseido.mhlw.go.jp/znk-web/juminkanja/S2430/initialize?prefCd=27&kikanCd=1270001070&kikanKbn=1", "url2": "http://www.jrosakahosp.jp", "内容": "西日本旅客鉄道株式会社　大阪鉄道病院【1:病院】【診療科目:血液内科_糖尿病・代謝内科_脳神経内科_呼吸器内科_循環器内科_消化器内科_緩和ケア内科_総合診療科_外科_呼吸器外科_消化器外科_乳腺外科_整形外科_婦人科_眼科_頭頸部・耳鼻いんこう科_皮膚科_泌尿器科_精神科_歯科口腔外科_リハビリテーション科_放射線科_病理診断科_麻酔科】【一般病床数:303療養病床数:0精神病床数:0感染症病床数:0合計病床数:303】大阪府大阪市阿倍野区松崎町１－２－２２" }, "geometry": { "type": "Point", "coordinates": [ 135.517414, 34.645292 ] } },
{ "type": "Feature", "properties": { "ID": 2711270001080, "正式名称": "大阪公立大学医学部附属病院", "機関区分": 1, "都道府県コード": 27, "市区町村コード": 119, "所在地": "大阪府大阪市阿倍野区旭町１－５－７", "緯度": 34.64668, "経度": 135.508748, "url": "https://www.iryou.teikyouseido.mhlw.go.jp/znk-web/juminkanja/S2430/initialize?prefCd=27&kikanCd=1270001080&kikanKbn=1", "url2": "https://www.hosp.omu.ac.jp/", "内容": "大阪公立大学医学部附属病院【1:病院】【診療科目:内科_感染症内科_血液内科_内分泌内科_糖尿病・代謝内科_脳神経内科_呼吸器内科_循環器内科_消化器内科_腎臓内科_緩和ケア内科_肝臓・胆嚢・膵臓内科_外科_脳神経外科_呼吸器外科_心臓血管外科_消化器外科_肝臓・胆のう・膵臓外科_乳腺外科_整形外科_形成外科_小児科_小児外科_産婦人科_眼科_耳鼻いんこう科_皮膚科_泌尿器科（腎臓移植）_精神科_歯科口腔外科_リウマチ科_リハビリテーション科_放射線科_放射線治療科_病理診断科_臨床検査科_救急科_麻酔科】【一般病床数:927療養病床数:0精神病床数:38感染症病床数:0合計病床数:965】大阪府大阪市阿倍野区旭町１－５－７" }, "geometry": { "type": "Point", "coordinates": [ 135.508748, 34.64668 ] } },
{ "type": "Feature", "properties": { "ID": 2711270001100, "正式名称": "医療法人仁真会白鷺病院", "機関区分": 1, "都道府県コード": 27, "市区町村コード": 121, "所在地": "大阪府大阪市東住吉区杭全７－１１－２３", "緯度": 34.632293, "経度": 135.538635, "url": "https://www.iryou.teikyouseido.mhlw.go.jp/znk-web/juminkanja/S2430/initialize?prefCd=27&kikanCd=1270001100&kikanKbn=1", "url2": "http://www.shirasagi-hp.or.jp/", "内容": "医療法人仁真会白鷺病院【1:病院】【診療科目:内科_外科_泌尿器科_リハビリテーション科_放射線科】【一般病床数:60療養病床数:32精神病床数:0感染症病床数:0合計病床数:92】大阪府大阪市東住吉区杭全７－１１－２３" }, "geometry": { "type": "Point", "coordinates": [ 135.538635, 34.632293 ] } },
{ "type": "Feature", "properties": { "ID": 2711270001120, "正式名称": "医療法人西中医学会西中病院", "機関区分": 1, "都道府県コード": 27, "市区町村コード": 121, "所在地": "大阪府大阪市東住吉区湯里５－９－６", "緯度": 34.609713, "経度": 135.537275, "url": "https://www.iryou.teikyouseido.mhlw.go.jp/znk-web/juminkanja/S2430/initialize?prefCd=27&kikanCd=1270001120&kikanKbn=1", "url2": "http://www.nishinaka.or.jp", "内容": "医療法人西中医学会西中病院【1:病院】【診療科目:内科_循環器内科_消化器内科_整形外科_皮膚科_リハビリテーション科_放射線科】【一般病床数:0療養病床数:26精神病床数:0感染症病床数:0合計病床数:26】大阪府大阪市東住吉区湯里５－９－６" }, "geometry": { "type": "Point", "coordinates": [ 135.537275, 34.609713 ] } },
{ "type": "Feature", "properties": { "ID": 2711270001130, "正式名称": "医療法人　橘会　東住吉森本病院", "機関区分": 1, "都道府県コード": 27, "市区町村コード": 121, "所在地": "大阪府大阪市東住吉区鷹合３丁目２番６６号", "緯度": 34.610796, "経度": 135.527915, "url": "https://www.iryou.teikyouseido.mhlw.go.jp/znk-web/juminkanja/S2430/initialize?prefCd=27&kikanCd=1270001130&kikanKbn=1", "url2": "https://www.tachibana-med.or.jp/", "内容": "医療法人　橘会　東住吉森本病院【1:病院】【診療科目:内科_糖尿病内科_呼吸器内科_循環器内科_消化器内科_神経内科_外科_脳神経外科_呼吸器外科_心臓血管外科_消化器外科_整形外科_形成外科_リウマチ科_リハビリテーション科_放射線診断科_病理診断科_臨床検査科_救急科_麻酔科】【一般病床数:329療養病床数:0精神病床数:0感染症病床数:0合計病床数:329】大阪府大阪市東住吉区鷹合３丁目２番６６号" }, "geometry": { "type": "Point", "coordinates": [ 135.527915, 34.610796 ] } },
{ "type": "Feature", "properties": { "ID": 2711270001140, "正式名称": "医療法人橘会東住吉森本リハビリテーション病院", "機関区分": 1, "都道府県コード": 27, "市区町村コード": 121, "所在地": "大阪府大阪市東住吉区住道矢田４－２１－１０", "緯度": 34.601491, "経度": 135.539803, "url": "https://www.iryou.teikyouseido.mhlw.go.jp/znk-web/juminkanja/S2430/initialize?prefCd=27&kikanCd=1270001140&kikanKbn=1", "url2": "https://www.tachibana-med.or.jp/morimoto-riha", "内容": "医療法人橘会東住吉森本リハビリテーション病院【1:病院】【診療科目:循環器内科_リハビリテーション科】【一般病床数:0療養病床数:52精神病床数:0感染症病床数:0合計病床数:52】大阪府大阪市東住吉区住道矢田４－２１－１０" }, "geometry": { "type": "Point", "coordinates": [ 135.539803, 34.601491 ] } },
{ "type": "Feature", "properties": { "ID": 2711270001160, "正式名称": "社会福祉法人愛徳福祉会南大阪小児リハビリテーション病院", "機関区分": 1, "都道府県コード": 27, "市区町村コード": 121, "所在地": "大阪府大阪市東住吉区山坂５－１１－２１", "緯度": 34.616795, "経度": 135.520137, "url": "https://www.iryou.teikyouseido.mhlw.go.jp/znk-web/juminkanja/S2430/initialize?prefCd=27&kikanCd=1270001160&kikanKbn=1", "url2": "http://osaka-drc.jp", "内容": "社会福祉法人愛徳福祉会南大阪小児リハビリテーション病院【1:病院】【診療科目:整形外科_小児科_児童精神科_小児外科_泌尿器科_歯科_リハビリテーション科】【一般病床数:120療養病床数:0精神病床数:0感染症病床数:0合計病床数:120】大阪府大阪市東住吉区山坂５－１１－２１" }, "geometry": { "type": "Point", "coordinates": [ 135.520137, 34.616795 ] } },
{ "type": "Feature", "properties": { "ID": 2711270001170, "正式名称": "医療法人淀井病院", "機関区分": 1, "都道府県コード": 27, "市区町村コード": 121, "所在地": "大阪府大阪市東住吉区桑津", "緯度": 34.64082, "経度": 135.528996, "url": "https://www.iryou.teikyouseido.mhlw.go.jp/znk-web/juminkanja/S2430/initialize?prefCd=27&kikanCd=1270001170&kikanKbn=1", "url2": "http://www.kuwanomi-yodoi.or.jp/", "内容": "医療法人淀井病院【1:病院】【診療科目:内科_神経内科_外科_整形外科_泌尿器科_リハビリテーション科】【一般病床数:47療養病床数:49精神病床数:0感染症病床数:0合計病床数:96】大阪府大阪市東住吉区桑津" }, "geometry": { "type": "Point", "coordinates": [ 135.528996, 34.64082 ] } },
{ "type": "Feature", "properties": { "ID": 2711270001180, "正式名称": "医療法人松仁会松井記念病院", "機関区分": 1, "都道府県コード": 27, "市区町村コード": 126, "所在地": "大阪府大阪市平野区加美西２－３－５", "緯度": 34.624989, "経度": 135.562467, "url": "https://www.iryou.teikyouseido.mhlw.go.jp/znk-web/juminkanja/S2430/initialize?prefCd=27&kikanCd=1270001180&kikanKbn=1", "url2": "http://www.matsui-iryofukushi.gr.jp", "内容": "医療法人松仁会松井記念病院【1:病院】【診療科目:内科_外科_脳神経外科_消化器外科_皮膚科_リハビリテーション科】【一般病床数:0療養病床数:80精神病床数:0感染症病床数:0合計病床数:80】大阪府大阪市平野区加美西２－３－５" }, "geometry": { "type": "Point", "coordinates": [ 135.562467, 34.624989 ] } },
{ "type": "Feature", "properties": { "ID": 2711270001190, "正式名称": "医療法人豊旺会　共立病院", "機関区分": 1, "都道府県コード": 27, "市区町村コード": 126, "所在地": "大阪府大阪市平野区長吉出戸７－１４－１３", "緯度": 34.611019, "経度": 135.577299, "url": "https://www.iryou.teikyouseido.mhlw.go.jp/znk-web/juminkanja/S2430/initialize?prefCd=27&kikanCd=1270001190&kikanKbn=1", "url2": "http://kyoritsu.hououkai.or.jp/", "内容": "医療法人豊旺会　共立病院【1:病院】【診療科目:内科_糖尿病内科_循環器内科_消化器内科_腎臓内科_人工透析内科_外科_整形外科_皮膚科_リハビリテーション科_麻酔科】【一般病床数:144療養病床数:55精神病床数:0感染症病床数:0合計病床数:199】大阪府大阪市平野区長吉出戸７－１４－１３" }, "geometry": { "type": "Point", "coordinates": [ 135.577299, 34.611019 ] } },
{ "type": "Feature", "properties": { "ID": 2711270001200, "正式名称": "医療法人寺西報恩会　長吉総合病院", "機関区分": 1, "都道府県コード": 27, "市区町村コード": 126, "所在地": "大阪府大阪市平野区長吉長原１－２－３４", "緯度": 34.606602, "経度": 135.567661, "url": "https://www.iryou.teikyouseido.mhlw.go.jp/znk-web/juminkanja/S2430/initialize?prefCd=27&kikanCd=1270001200&kikanKbn=1", "url2": "http://www.ngh.or.jp", "内容": "医療法人寺西報恩会　長吉総合病院【1:病院】【診療科目:内科_外科_整形外科_小児科_眼科_耳鼻いんこう科_皮膚科_泌尿器科_リハビリテーション科_麻酔科】【一般病床数:222療養病床数:87精神病床数:0感染症病床数:0合計病床数:309】大阪府大阪市平野区長吉長原１－２－３４" }, "geometry": { "type": "Point", "coordinates": [ 135.567661, 34.606602 ] } },
{ "type": "Feature", "properties": { "ID": 2711270001220, "正式名称": "医療法人愛賛会浜田病院", "機関区分": 1, "都道府県コード": 27, "市区町村コード": 126, "所在地": "大阪府大阪市平野区瓜破１－６－９", "緯度": 34.606213, "経度": 135.551163, "url": "https://www.iryou.teikyouseido.mhlw.go.jp/znk-web/juminkanja/S2430/initialize?prefCd=27&kikanCd=1270001220&kikanKbn=1", "url2": "http://www.hamada.or.jp/", "内容": "医療法人愛賛会浜田病院【1:病院】【診療科目:新生児小児科_産科_婦人科】【一般病床数:48療養病床数:0精神病床数:0感染症病床数:0合計病床数:48】大阪府大阪市平野区瓜破１－６－９" }, "geometry": { "type": "Point", "coordinates": [ 135.551163, 34.606213 ] } },
{ "type": "Feature", "properties": { "ID": 2711270001230, "正式名称": "医療法人五月会　平野若葉会病院", "機関区分": 1, "都道府県コード": 27, "市区町村コード": 126, "所在地": "大阪府大阪市平野区瓜破", "緯度": 34.608907, "経度": 135.552302, "url": "https://www.iryou.teikyouseido.mhlw.go.jp/znk-web/juminkanja/S2430/initialize?prefCd=27&kikanCd=1270001230&kikanKbn=1", "url2": "http://www.satsukikai.jp", "内容": "医療法人五月会　平野若葉会病院【1:病院】【診療科目:内科_外科_整形外科_形成外科_皮膚科_泌尿器科_リハビリテーション科_放射線科_麻酔科】【一般病床数:174療養病床数:0精神病床数:0感染症病床数:0合計病床数:174】大阪府大阪市平野区瓜破" }, "geometry": { "type": "Point", "coordinates": [ 135.552302, 34.608907 ] } },
{ "type": "Feature", "properties": { "ID": 2711270001240, "正式名称": "医療法人育生会三好病院", "機関区分": 1, "都道府県コード": 27, "市区町村コード": 126, "所在地": "大阪府大阪市平野区流町４－１０－１０", "緯度": 34.618212, "経度": 135.554273, "url": "https://www.iryou.teikyouseido.mhlw.go.jp/znk-web/juminkanja/S2430/initialize?prefCd=27&kikanCd=1270001240&kikanKbn=1", "url2": "http://www.miyoshi-byouin.com", "内容": "医療法人育生会三好病院【1:病院】【診療科目:内科_呼吸器内科_循環器内科_胃腸内科_外科_整形外科_泌尿器科_リハビリテーション科_放射線科】【一般病床数:33療養病床数:36精神病床数:0感染症病床数:0合計病床数:69】大阪府大阪市平野区流町４－１０－１０" }, "geometry": { "type": "Point", "coordinates": [ 135.554273, 34.618212 ] } },
{ "type": "Feature", "properties": { "ID": 2711270001250, "正式名称": "社会医療法人緑風会緑風会病院", "機関区分": 1, "都道府県コード": 27, "市区町村コード": 126, "所在地": "大阪府大阪市平野区背戸口１－１８－１３", "緯度": 34.621628, "経度": 135.543274, "url": "https://www.iryou.teikyouseido.mhlw.go.jp/znk-web/juminkanja/S2430/initialize?prefCd=27&kikanCd=1270001250&kikanKbn=1", "url2": "http://ryokufukai.or.jp", "内容": "社会医療法人緑風会緑風会病院【1:病院】【診療科目:内科_循環器内科_神経内科_外科_脳神経外科_消化器外科_整形外科_泌尿器科_リハビリテーション科_放射線科】【一般病床数:140療養病床数:0精神病床数:0感染症病床数:0合計病床数:140】大阪府大阪市平野区背戸口１－１８－１３" }, "geometry": { "type": "Point", "coordinates": [ 135.543274, 34.621628 ] } },
{ "type": "Feature", "properties": { "ID": 2711270001270, "正式名称": "医療法人高遼会　高遼会病院", "機関区分": 1, "都道府県コード": 27, "市区町村コード": 126, "所在地": "大阪府大阪市平野区平野本町４－１５－６", "緯度": 34.622906, "経度": 135.555912, "url": "https://www.iryou.teikyouseido.mhlw.go.jp/znk-web/juminkanja/S2430/initialize?prefCd=27&kikanCd=1270001270&kikanKbn=1", "url2": "https://koryokai-hospital.com/", "内容": "医療法人高遼会　高遼会病院【1:病院】【診療科目:内科_循環器内科_外科_脳神経外科_整形外科_リウマチ科_リハビリテーション科_麻酔科】【一般病床数:33療養病床数:0精神病床数:0感染症病床数:0合計病床数:33】大阪府大阪市平野区平野本町４－１５－６" }, "geometry": { "type": "Point", "coordinates": [ 135.555912, 34.622906 ] } },
{ "type": "Feature", "properties": { "ID": 2711270001310, "正式名称": "社会医療法人寿楽会大野記念病院", "機関区分": 1, "都道府県コード": 27, "市区町村コード": 106, "所在地": "大阪府大阪市西区南堀江１－２６－１０", "緯度": 34.670178, "経度": 135.493442, "url": "https://www.iryou.teikyouseido.mhlw.go.jp/znk-web/juminkanja/S2430/initialize?prefCd=27&kikanCd=1270001310&kikanKbn=1", "url2": "http://www.ohno.or.jp/", "内容": "社会医療法人寿楽会大野記念病院【1:病院】【診療科目:内科_糖尿病内科_内分泌内科_糖尿病・内分泌内科_呼吸器内科_循環器内科_消化器内科_腎臓内科_肝・胆・膵内科_外科_脳神経外科_血管外科_消化器外科_乳腺外科_乳腺・内分泌外科_肛門外科_腫瘍外科_整形外科_皮膚科_泌尿器科_リウマチ科_リハビリテーション科_放射線科_救急科_麻酔科】【一般病床数:250療養病床数:0精神病床数:0感染症病床数:0合計病床数:250】大阪府大阪市西区南堀江１－２６－１０" }, "geometry": { "type": "Point", "coordinates": [ 135.493442, 34.670178 ] } },
{ "type": "Feature", "properties": { "ID": 2711270001320, "正式名称": "公益社団法人日本海員掖済会　大阪掖済会病院", "機関区分": 1, "都道府県コード": 27, "市区町村コード": 106, "所在地": "大阪府大阪市西区本田２－１－１０", "緯度": 34.678704, "経度": 135.479138, "url": "https://www.iryou.teikyouseido.mhlw.go.jp/znk-web/juminkanja/S2430/initialize?prefCd=27&kikanCd=1270001320&kikanKbn=1", "url2": "http://www.osaka-ekisakai.jp/", "内容": "公益社団法人日本海員掖済会　大阪掖済会病院【1:病院】【診療科目:内科_糖尿病内科_代謝・内分泌内科_循環器内科_消化器内科_神経内科_外科_消化器外科_整形外科_リハビリテーション科_放射線科_麻酔科】【一般病床数:125療養病床数:0精神病床数:0感染症病床数:0合計病床数:125】大阪府大阪市西区本田２－１－１０" }, "geometry": { "type": "Point", "coordinates": [ 135.479138, 34.678704 ] } },
{ "type": "Feature", "properties": { "ID": 2711270001340, "正式名称": "多根記念眼科病院", "機関区分": 1, "都道府県コード": 27, "市区町村コード": 106, "所在地": "大阪府大阪市西区境川１－１－３９", "緯度": 34.669147, "経度": 135.473298, "url": "https://www.iryou.teikyouseido.mhlw.go.jp/znk-web/juminkanja/S2430/initialize?prefCd=27&kikanCd=1270001340&kikanKbn=1", "url2": "https://tanemem.com/", "内容": "多根記念眼科病院【1:病院】【診療科目:眼科_麻酔科】【一般病床数:58療養病床数:0精神病床数:0感染症病床数:0合計病床数:58】大阪府大阪市西区境川１－１－３９" }, "geometry": { "type": "Point", "coordinates": [ 135.473298, 34.669147 ] } },
{ "type": "Feature", "properties": { "ID": 2711270001350, "正式名称": "吉川病院", "機関区分": 1, "都道府県コード": 27, "市区町村コード": 106, "所在地": "大阪府大阪市西区九条南３－２９－１４", "緯度": 34.673066, "経度": 135.468611, "url": "https://www.iryou.teikyouseido.mhlw.go.jp/znk-web/juminkanja/S2430/initialize?prefCd=27&kikanCd=1270001350&kikanKbn=1", "url2": null, "内容": "吉川病院【1:病院】【診療科目:内科_胃腸内科_外科_肛門外科_整形外科_皮膚科_皮膚泌尿器科_リハビリテーション科_放射線科】【一般病床数:22療養病床数:50精神病床数:0感染症病床数:0合計病床数:72】大阪府大阪市西区九条南３－２９－１４" }, "geometry": { "type": "Point", "coordinates": [ 135.468611, 34.673066 ] } },
{ "type": "Feature", "properties": { "ID": 2711270001360, "正式名称": "医療法人仁生会内藤病院", "機関区分": 1, "都道府県コード": 27, "市区町村コード": 106, "所在地": "大阪府大阪市西区九条１－１５－２３", "緯度": 34.674566, "経度": 135.475777, "url": "https://www.iryou.teikyouseido.mhlw.go.jp/znk-web/juminkanja/S2430/initialize?prefCd=27&kikanCd=1270001360&kikanKbn=1", "url2": "http://naitou-hp.or.jp/", "内容": "医療法人仁生会内藤病院【1:病院】【診療科目:内科_外科_整形外科_リハビリテーション科_放射線科】【一般病床数:27療養病床数:45精神病床数:0感染症病床数:0合計病床数:72】大阪府大阪市西区九条１－１５－２３" }, "geometry": { "type": "Point", "coordinates": [ 135.475777, 34.674566 ] } },
{ "type": "Feature", "properties": { "ID": 2711270001370, "正式名称": "医療法人彰療会大正病院", "機関区分": 1, "都道府県コード": 27, "市区町村コード": 108, "所在地": "大阪府大阪市大正区三軒家東５－５－１６", "緯度": 34.660012, "経度": 135.475639, "url": "https://www.iryou.teikyouseido.mhlw.go.jp/znk-web/juminkanja/S2430/initialize?prefCd=27&kikanCd=1270001370&kikanKbn=1", "url2": "http://www.taisho-byoin.or.jp/", "内容": "医療法人彰療会大正病院【1:病院】【診療科目:内科_循環器内科_消化器内科_外科_整形外科_小児科_婦人科_皮膚科_心療内科_歯科_小児歯科_リハビリテーション科_放射線科】【一般病床数:90療養病床数:55精神病床数:0感染症病床数:0合計病床数:145】大阪府大阪市大正区三軒家東５－５－１６" }, "geometry": { "type": "Point", "coordinates": [ 135.475639, 34.660012 ] } },
{ "type": "Feature", "properties": { "ID": 2711270001400, "正式名称": "社会福祉法人恩賜財団済生会支部大阪府済生会泉尾病院", "機関区分": 1, "都道府県コード": 27, "市区町村コード": 108, "所在地": "大阪府大阪市大正区北村３－４－５", "緯度": 34.649318, "経度": 135.466668, "url": "https://www.iryou.teikyouseido.mhlw.go.jp/znk-web/juminkanja/S2430/initialize?prefCd=27&kikanCd=1270001400&kikanKbn=1", "url2": "http//www.izuo-saiseikai.gr.jp", "内容": "社会福祉法人恩賜財団済生会支部大阪府済生会泉尾病院【1:病院】【診療科目:内科_糖尿病・内分泌内科_脳神経内科_呼吸器内科_循環器内科_消化器内科_腎臓内科_外科_脳神経外科_心臓血管外科_消化器外科_整形外科_形成外科_小児科_婦人科_眼科_耳鼻いんこう科_皮膚科_泌尿器科_精神科_歯科_歯科口腔外科_リハビリテーション科_放射線科_病理診断科_麻酔科_免疫内科】【一般病床数:400療養病床数:40精神病床数:0感染症病床数:0合計病床数:440】大阪府大阪市大正区北村３－４－５" }, "geometry": { "type": "Point", "coordinates": [ 135.466668, 34.649318 ] } },
{ "type": "Feature", "properties": { "ID": 2711270001410, "正式名称": "多根脳神経リハビリテーション病院", "機関区分": 1, "都道府県コード": 27, "市区町村コード": 107, "所在地": "大阪府大阪市港区南市岡１－１－４５", "緯度": 34.668455, "経度": 135.472333, "url": "https://www.iryou.teikyouseido.mhlw.go.jp/znk-web/juminkanja/S2430/initialize?prefCd=27&kikanCd=1270001410&kikanKbn=1", "url2": "http://neuroreha.tane.or.jp", "内容": "多根脳神経リハビリテーション病院【1:病院】【診療科目:脳神経内科_精神科_心療内科_リハビリテーション科_放射線科】【一般病床数:50療養病床数:0精神病床数:0感染症病床数:0合計病床数:50】大阪府大阪市港区南市岡１－１－４５" }, "geometry": { "type": "Point", "coordinates": [ 135.472333, 34.668455 ] } },
{ "type": "Feature", "properties": { "ID": 2711270001440, "正式名称": "多根第二病院", "機関区分": 1, "都道府県コード": 27, "市区町村コード": 107, "所在地": "大阪府大阪市港区築港３－４－２５", "緯度": 34.655234, "経度": 135.435004, "url": "https://www.iryou.teikyouseido.mhlw.go.jp/znk-web/juminkanja/S2430/initialize?prefCd=27&kikanCd=1270001440&kikanKbn=1", "url2": "https://daini.tane.or.jp/", "内容": "多根第二病院【1:病院】【診療科目:内科_リウマチ科_リハビリテーション科_放射線科】【一般病床数:0療養病床数:216精神病床数:0感染症病床数:0合計病床数:216】大阪府大阪市港区築港３－４－２５" }, "geometry": { "type": "Point", "coordinates": [ 135.435004, 34.655234 ] } },
{ "type": "Feature", "properties": { "ID": 2711270001460, "正式名称": "独立行政法人地域医療機能推進機構　大阪病院", "機関区分": 1, "都道府県コード": 27, "市区町村コード": 103, "所在地": "大阪府大阪市福島区福島４－２－７８", "緯度": 34.691869, "経度": 135.48322, "url": "https://www.iryou.teikyouseido.mhlw.go.jp/znk-web/juminkanja/S2430/initialize?prefCd=27&kikanCd=1270001460&kikanKbn=1", "url2": "http://osaka.jcho.go.jp", "内容": "独立行政法人地域医療機能推進機構　大阪病院【1:病院】【診療科目:内科_感染症内科_糖尿病・内分泌内科_糖尿病・代謝内科_脳神経内科_呼吸器内科_循環器内科_消化器内科_腎臓内科_人工透析内科_神経内科_腫瘍内科_ペインクリニック内科_緩和ケア内科_緩和ケア・ペインクリニック内科，呼吸器内科（内視鏡），消化器内科（内視鏡）_外科_脳神経外科_脳外科_呼吸器外科_心臓外科_心臓血管外科_消化器外科_消化器・移植外科_膵臓外科_肝臓・胆のう・膵臓外科_乳腺外科_乳腺・内分泌外科_肛門外科_大腸・肛門外科_頭頸部外科_内視鏡外科_整形外科_形成外科_小児科_新生児内科_ＮＩＰＴ　遺伝子外来_産婦人科_眼科_耳鼻いんこう科_頭頸部・耳鼻いんこう科_皮膚科_泌尿器科_精神科_神経精神科_歯科_歯科口腔外科_リウマチ科_リハビリテーション科_放射線診断科_放射線治療科_病理診断科_臨床検査科_救急科_麻酔科】【一般病床数:505療養病床数:0精神病床数:0感染症病床数:0合計病床数:505】大阪府大阪市福島区福島４－２－７８" }, "geometry": { "type": "Point", "coordinates": [ 135.48322, 34.691869 ] } },
{ "type": "Feature", "properties": { "ID": 2711270001480, "正式名称": "関西電力株式会社　関西電力病院", "機関区分": 1, "都道府県コード": 27, "市区町村コード": 103, "所在地": "大阪府大阪市福島区福島２－１－７", "緯度": 34.692647, "経度": 135.486803, "url": "https://www.iryou.teikyouseido.mhlw.go.jp/znk-web/juminkanja/S2430/initialize?prefCd=27&kikanCd=1270001480&kikanKbn=1", "url2": "https://kanden-hsp.jp/", "内容": "関西電力株式会社　関西電力病院【1:病院】【診療科目:内科_血液内科_糖尿病・内分泌内科_脳神経内科_呼吸器内科_循環器内科_消化器内科_腎臓内科_腫瘍内科_緩和ケア内科_外科_脳神経外科_呼吸器外科_心臓血管外科_消化器外科_乳腺外科_整形外科_形成外科_婦人科_眼科_耳鼻いんこう科_皮膚科_泌尿器科_リウマチ科_リハビリテーション科_放射線診断科_放射線治療科_病理診断科_臨床検査科_救急科_麻酔科】【一般病床数:400療養病床数:0精神病床数:0感染症病床数:0合計病床数:400】大阪府大阪市福島区福島２－１－７" }, "geometry": { "type": "Point", "coordinates": [ 135.486803, 34.692647 ] } },
{ "type": "Feature", "properties": { "ID": 2711270001490, "正式名称": "医療法人燦恵会首藤病院", "機関区分": 1, "都道府県コード": 27, "市区町村コード": 103, "所在地": "大阪府大阪市福島区野田５－１８－１６", "緯度": 34.686064, "経度": 135.471694, "url": "https://www.iryou.teikyouseido.mhlw.go.jp/znk-web/juminkanja/S2430/initialize?prefCd=27&kikanCd=1270001490&kikanKbn=1", "url2": "http://www.shuto.or.jp/", "内容": "医療法人燦恵会首藤病院【1:病院】【診療科目:内科_外科_整形外科_歯科_リハビリテーション科_放射線科】【一般病床数:0療養病床数:86精神病床数:0感染症病床数:0合計病床数:86】大阪府大阪市福島区野田５－１８－１６" }, "geometry": { "type": "Point", "coordinates": [ 135.471694, 34.686064 ] } },
{ "type": "Feature", "properties": { "ID": 2711270001500, "正式名称": "医療法人藤田会フジタ病院", "機関区分": 1, "都道府県コード": 27, "市区町村コード": 103, "所在地": "大阪府大阪市福島区吉野２－１０－１１", "緯度": 34.692008, "経度": 135.475332, "url": "https://www.iryou.teikyouseido.mhlw.go.jp/znk-web/juminkanja/S2430/initialize?prefCd=27&kikanCd=1270001500&kikanKbn=1", "url2": "https://www.fujitahp.com/", "内容": "医療法人藤田会フジタ病院【1:病院】【診療科目:内科_糖尿病内科_循環器内科_神経内科_外科_整形外科_形成外科_皮膚科_リウマチ科_リハビリテーション科_放射線科_臨床検査科_麻酔科】【一般病床数:33療養病床数:0精神病床数:0感染症病床数:0合計病床数:33】大阪府大阪市福島区吉野２－１０－１１" }, "geometry": { "type": "Point", "coordinates": [ 135.475332, 34.692008 ] } },
{ "type": "Feature", "properties": { "ID": 2711270001540, "正式名称": "医療法人義方会大津病院", "機関区分": 1, "都道府県コード": 27, "市区町村コード": 104, "所在地": "大阪府大阪市此花区酉島２－１－１５", "緯度": 34.685953, "経度": 135.44539, "url": "https://www.iryou.teikyouseido.mhlw.go.jp/znk-web/juminkanja/S2430/initialize?prefCd=27&kikanCd=1270001540&kikanKbn=1", "url2": "http://otsu-hp.com/", "内容": "医療法人義方会大津病院【1:病院】【診療科目:内科_呼吸器内科_循環器内科_消化器内科_リハビリテーション科_放射線科】【一般病床数:0療養病床数:60精神病床数:0感染症病床数:0合計病床数:60】大阪府大阪市此花区酉島２－１－１５" }, "geometry": { "type": "Point", "coordinates": [ 135.44539, 34.685953 ] } },
{ "type": "Feature", "properties": { "ID": 2711270001560, "正式名称": "公益財団法人大阪労働衛生センター第一病院", "機関区分": 1, "都道府県コード": 27, "市区町村コード": 113, "所在地": "大阪府大阪市西淀川区御幣島６－２－２", "緯度": 34.719255, "経度": 135.454693, "url": "https://www.iryou.teikyouseido.mhlw.go.jp/znk-web/juminkanja/S2430/initialize?prefCd=27&kikanCd=1270001560&kikanKbn=1", "url2": "http://www.osaka-daiichi-hosp.org/", "内容": "公益財団法人大阪労働衛生センター第一病院【1:病院】【診療科目:内科_消化器内科_神経内科_外科_整形外科_眼科_皮膚科_心療内科_リハビリテーション科】【一般病床数:118療養病床数:95精神病床数:0感染症病床数:0合計病床数:213】大阪府大阪市西淀川区御幣島６－２－２" }, "geometry": { "type": "Point", "coordinates": [ 135.454693, 34.719255 ] } },
{ "type": "Feature", "properties": { "ID": 2711270001580, "正式名称": "公益財団法人淀川勤労者厚生協会附属西淀病院", "機関区分": 1, "都道府県コード": 27, "市区町村コード": 113, "所在地": "大阪府大阪市西淀川区野里３－５－２２", "緯度": 34.711478, "経度": 135.459082, "url": "https://www.iryou.teikyouseido.mhlw.go.jp/znk-web/juminkanja/S2430/initialize?prefCd=27&kikanCd=1270001580&kikanKbn=1", "url2": "http://nishiyodo.org/", "内容": "公益財団法人淀川勤労者厚生協会附属西淀病院【1:病院】【診療科目:内科_糖尿病・内分泌内科_糖尿病・代謝内科_呼吸器内科_消化器内科_腎臓内科_人工透析内科_外科_整形外科_小児科_婦人科_泌尿器科_リハビリテーション科_放射線科】【一般病床数:218療養病床数:0精神病床数:0感染症病床数:0合計病床数:218】大阪府大阪市西淀川区野里３－５－２２" }, "geometry": { "type": "Point", "coordinates": [ 135.459082, 34.711478 ] } },
{ "type": "Feature", "properties": { "ID": 2711270001590, "正式名称": "医療法人康和会苗加病院", "機関区分": 1, "都道府県コード": 27, "市区町村コード": 113, "所在地": "大阪府大阪市西淀川区姫里２－１７－２１", "緯度": 34.708201, "経度": 135.458944, "url": "https://www.iryou.teikyouseido.mhlw.go.jp/znk-web/juminkanja/S2430/initialize?prefCd=27&kikanCd=1270001590&kikanKbn=1", "url2": "http://www.nouka-hp.jp/", "内容": "医療法人康和会苗加病院【1:病院】【診療科目:内科_整形外科_皮膚科_泌尿器科_リハビリテーション科】【一般病床数:0療養病床数:60精神病床数:0感染症病床数:0合計病床数:60】大阪府大阪市西淀川区姫里２－１７－２１" }, "geometry": { "type": "Point", "coordinates": [ 135.458944, 34.708201 ] } },
{ "type": "Feature", "properties": { "ID": 2711270001600, "正式名称": "医療法人博悠会名取病院", "機関区分": 1, "都道府県コード": 27, "市区町村コード": 113, "所在地": "大阪府大阪市西淀川区大野２－１－３２", "緯度": 34.700979, "経度": 135.438696, "url": "https://www.iryou.teikyouseido.mhlw.go.jp/znk-web/juminkanja/S2430/initialize?prefCd=27&kikanCd=1270001600&kikanKbn=1", "url2": "http://www.hakuyuukai.or.jp", "内容": "医療法人博悠会名取病院【1:病院】【診療科目:内科_消化器内科_外科_ペインクリニック外科_整形外科_皮膚科_心療内科_歯科_矯正歯科_歯科口腔外科_小児歯科_リハビリテーション科】【一般病床数:23療養病床数:60精神病床数:0感染症病床数:0合計病床数:83】大阪府大阪市西淀川区大野２－１－３２" }, "geometry": { "type": "Point", "coordinates": [ 135.438696, 34.700979 ] } },
{ "type": "Feature", "properties": { "ID": 2711270001620, "正式名称": "社会福祉法人石井記念愛染園附属愛染橋病院", "機関区分": 1, "都道府県コード": 27, "市区町村コード": 111, "所在地": "大阪府大阪市浪速区日本橋５丁目１６番１５号", "緯度": 34.65754, "経度": 135.505025, "url": "https://www.iryou.teikyouseido.mhlw.go.jp/znk-web/juminkanja/S2430/initialize?prefCd=27&kikanCd=1270001620&kikanKbn=1", "url2": "https://byouin.aizenen.or.jp/", "内容": "社会福祉法人石井記念愛染園附属愛染橋病院【1:病院】【診療科目:内科_外科_整形外科_形成外科_小児科_小児外科_産婦人科_耳鼻いんこう科_皮膚科_泌尿器科_リハビリテーション科_放射線科_麻酔科】【一般病床数:248療養病床数:0精神病床数:0感染症病床数:0合計病床数:248】大阪府大阪市浪速区日本橋５丁目１６番１５号" }, "geometry": { "type": "Point", "coordinates": [ 135.505025, 34.65754 ] } },
{ "type": "Feature", "properties": { "ID": 2711270001630, "正式名称": "社会医療法人寿会富永病院", "機関区分": 1, "都道府県コード": 27, "市区町村コード": 111, "所在地": "大阪府大阪市浪速区湊町１－４－４８", "緯度": 34.667289, "経度": 135.494804, "url": "https://www.iryou.teikyouseido.mhlw.go.jp/znk-web/juminkanja/S2430/initialize?prefCd=27&kikanCd=1270001630&kikanKbn=1", "url2": "http://www.tominaga.or.jp/", "内容": "社会医療法人寿会富永病院【1:病院】【診療科目:内科_脳神経内科_循環器内科_脳神経外科_整形外科_形成外科_リハビリテーション科_放射線科_麻酔科】【一般病床数:284療養病床数:0精神病床数:0感染症病床数:0合計病床数:284】大阪府大阪市浪速区湊町１－４－４８" }, "geometry": { "type": "Point", "coordinates": [ 135.494804, 34.667289 ] } },
{ "type": "Feature", "properties": { "ID": 2711270001640, "正式名称": "なにわ病院", "機関区分": 1, "都道府県コード": 27, "市区町村コード": 111, "所在地": "大阪府大阪市浪速区幸町２－３－１１", "緯度": 34.668844, "経度": 135.489498, "url": "https://www.iryou.teikyouseido.mhlw.go.jp/znk-web/juminkanja/S2430/initialize?prefCd=27&kikanCd=1270001640&kikanKbn=1", "url2": "http://www.naniwabyouin.jp", "内容": "なにわ病院【1:病院】【診療科目:内科_呼吸器内科_消化器内科_放射線科】【一般病床数:0療養病床数:140精神病床数:0感染症病床数:0合計病床数:140】大阪府大阪市浪速区幸町２－３－１１" }, "geometry": { "type": "Point", "coordinates": [ 135.489498, 34.668844 ] } },
{ "type": "Feature", "properties": { "ID": 2711270001660, "正式名称": "医療法人弘仁会まちだ胃腸病院", "機関区分": 1, "都道府県コード": 27, "市区町村コード": 122, "所在地": "大阪府大阪市西成区山王１－１－１５", "緯度": 34.648347, "経度": 135.50722, "url": "https://www.iryou.teikyouseido.mhlw.go.jp/znk-web/juminkanja/S2430/initialize?prefCd=27&kikanCd=1270001660&kikanKbn=1", "url2": "http://www.machida-icho.com", "内容": "医療法人弘仁会まちだ胃腸病院【1:病院】【診療科目:内科_消化器内科_胃腸内科_腫瘍内科_内視鏡内科_放射線科】【一般病床数:32療養病床数:29精神病床数:0感染症病床数:0合計病床数:61】大阪府大阪市西成区山王１－１－１５" }, "geometry": { "type": "Point", "coordinates": [ 135.50722, 34.648347 ] } },
{ "type": "Feature", "properties": { "ID": 2711270001670, "正式名称": "医療法人生樹会　浦上病院", "機関区分": 1, "都道府県コード": 27, "市区町村コード": 122, "所在地": "大阪府大阪市西成区天下茶屋北２－５－１５", "緯度": 34.643014, "経度": 135.500304, "url": "https://www.iryou.teikyouseido.mhlw.go.jp/znk-web/juminkanja/S2430/initialize?prefCd=27&kikanCd=1270001670&kikanKbn=1", "url2": "http://www.urakami-hp.com", "内容": "医療法人生樹会　浦上病院【1:病院】【診療科目:内科_リハビリテーション科_放射線科】【一般病床数:0療養病床数:51精神病床数:0感染症病床数:0合計病床数:51】大阪府大阪市西成区天下茶屋北２－５－１５" }, "geometry": { "type": "Point", "coordinates": [ 135.500304, 34.643014 ] } },
{ "type": "Feature", "properties": { "ID": 2711270001690, "正式名称": "医療法人生樹会渡辺病院", "機関区分": 1, "都道府県コード": 27, "市区町村コード": 122, "所在地": "大阪府大阪市西成区天下茶屋１－１５－１", "緯度": 34.64082, "経度": 135.499971, "url": "https://www.iryou.teikyouseido.mhlw.go.jp/znk-web/juminkanja/S2430/initialize?prefCd=27&kikanCd=1270001690&kikanKbn=1", "url2": "https://seijukai-watanabe-hp.com/", "内容": "医療法人生樹会渡辺病院【1:病院】【診療科目:内科_呼吸器内科_循環器内科_消化器内科_老年内科_整形外科_精神科_心療内科_アレルギー科】【一般病床数:50療養病床数:0精神病床数:0感染症病床数:0合計病床数:50】大阪府大阪市西成区天下茶屋１－１５－１" }, "geometry": { "type": "Point", "coordinates": [ 135.499971, 34.64082 ] } },
{ "type": "Feature", "properties": { "ID": 2711270001700, "正式名称": "社会医療法人杏樹会　杏林記念病院", "機関区分": 1, "都道府県コード": 27, "市区町村コード": 122, "所在地": "大阪府大阪市西成区天下茶屋１－１８－２４", "緯度": 34.642681, "経度": 135.499693, "url": "https://www.iryou.teikyouseido.mhlw.go.jp/znk-web/juminkanja/S2430/initialize?prefCd=27&kikanCd=1270001700&kikanKbn=1", "url2": "http://www.ange-kai.com/index.php", "内容": "社会医療法人杏樹会　杏林記念病院【1:病院】【診療科目:内科_消化器内科_外科_消化器外科_放射線科】【一般病床数:120療養病床数:0精神病床数:0感染症病床数:0合計病床数:120】大阪府大阪市西成区天下茶屋１－１８－２４" }, "geometry": { "type": "Point", "coordinates": [ 135.499693, 34.642681 ] } },
{ "type": "Feature", "properties": { "ID": 2711270001710, "正式名称": "医療法人ダイワ会　大和中央病院", "機関区分": 1, "都道府県コード": 27, "市区町村コード": 122, "所在地": "大阪府大阪市西成区長橋", "緯度": 34.64793, "経度": 135.496888, "url": "https://www.iryou.teikyouseido.mhlw.go.jp/znk-web/juminkanja/S2430/initialize?prefCd=27&kikanCd=1270001710&kikanKbn=1", "url2": "http://www.daiwakai.or.jp", "内容": "医療法人ダイワ会　大和中央病院【1:病院】【診療科目:内科_循環器内科_外科_消化器外科_整形外科_精神科_リウマチ科_リハビリテーション科_放射線科】【一般病床数:165療養病床数:0精神病床数:0感染症病床数:0合計病床数:165】大阪府大阪市西成区長橋" }, "geometry": { "type": "Point", "coordinates": [ 135.496888, 34.64793 ] } },
{ "type": "Feature", "properties": { "ID": 2711270001730, "正式名称": "思温病院", "機関区分": 1, "都道府県コード": 27, "市区町村コード": 122, "所在地": "大阪府大阪市西成区松１－１－３１", "緯度": 34.641764, "経度": 135.495471, "url": "https://www.iryou.teikyouseido.mhlw.go.jp/znk-web/juminkanja/S2430/initialize?prefCd=27&kikanCd=1270001730&kikanKbn=1", "url2": "http://www.shion-hp.or.jp/", "内容": "思温病院【1:病院】【診療科目:内科_糖尿病・内分泌内科_呼吸器内科_循環器内科_心臓血管内科_消化器内科_老年内科_外科_消化器外科_整形外科_泌尿器科_リハビリテーション科】【一般病床数:60療養病床数:120精神病床数:0感染症病床数:0合計病床数:180】大阪府大阪市西成区松１－１－３１" }, "geometry": { "type": "Point", "coordinates": [ 135.495471, 34.641764 ] } },
{ "type": "Feature", "properties": { "ID": 2711270001740, "正式名称": "社会医療法人山紀会　山本第一病院", "機関区分": 1, "都道府県コード": 27, "市区町村コード": 122, "所在地": "大阪府大阪市西成区岸里３－１０－９", "緯度": 34.629821, "経度": 135.492583, "url": "https://www.iryou.teikyouseido.mhlw.go.jp/znk-web/juminkanja/S2430/initialize?prefCd=27&kikanCd=1270001740&kikanKbn=1", "url2": "https://www.yamakikai.or.jp", "内容": "社会医療法人山紀会　山本第一病院【1:病院】【診療科目:内科】【一般病床数:0療養病床数:120精神病床数:0感染症病床数:0合計病床数:120】大阪府大阪市西成区岸里３－１０－９" }, "geometry": { "type": "Point", "coordinates": [ 135.492583, 34.629821 ] } },
{ "type": "Feature", "properties": { "ID": 2711270001750, "正式名称": "一般社団法人津守病院", "機関区分": 1, "都道府県コード": 27, "市区町村コード": 122, "所在地": "大阪府大阪市西成区津守３－５－１８", "緯度": 34.641014, "経度": 135.4825, "url": "https://www.iryou.teikyouseido.mhlw.go.jp/znk-web/juminkanja/S2430/initialize?prefCd=27&kikanCd=1270001750&kikanKbn=1", "url2": "http://tsumori-hp.jimdo.com/", "内容": "一般社団法人津守病院【1:病院】【診療科目:内科_外科】【一般病床数:0療養病床数:80精神病床数:0感染症病床数:0合計病床数:80】大阪府大阪市西成区津守３－５－１８" }, "geometry": { "type": "Point", "coordinates": [ 135.4825, 34.641014 ] } },
{ "type": "Feature", "properties": { "ID": 2711270001760, "正式名称": "社会医療法人山紀会　山本第三病院", "機関区分": 1, "都道府県コード": 27, "市区町村コード": 122, "所在地": "大阪府大阪市西成区南津守４－５－２０", "緯度": 34.628737, "経度": 135.481862, "url": "https://www.iryou.teikyouseido.mhlw.go.jp/znk-web/juminkanja/S2430/initialize?prefCd=27&kikanCd=1270001760&kikanKbn=1", "url2": "http://www.yamakikai.or.jp", "内容": "社会医療法人山紀会　山本第三病院【1:病院】【診療科目:内科_呼吸器内科_循環器内科_消化器内科_外科_脳神経外科_整形外科_泌尿器科_リハビリテーション科_放射線科】【一般病床数:266療養病床数:81精神病床数:0感染症病床数:0合計病床数:347】大阪府大阪市西成区南津守４－５－２０" }, "geometry": { "type": "Point", "coordinates": [ 135.481862, 34.628737 ] } },
{ "type": "Feature", "properties": { "ID": 2711270001790, "正式名称": "医療法人慈心会あびこ病院", "機関区分": 1, "都道府県コード": 27, "市区町村コード": 120, "所在地": "大阪府大阪市住吉区我孫子３－３－２０", "緯度": 34.600463, "経度": 135.509611, "url": "https://www.iryou.teikyouseido.mhlw.go.jp/znk-web/juminkanja/S2430/initialize?prefCd=27&kikanCd=1270001790&kikanKbn=1", "url2": "http://www.jishin-kai.or.jp", "内容": "医療法人慈心会あびこ病院【1:病院】【診療科目:内科_呼吸器内科_消化器内科_外科_肛門外科_整形外科_皮膚科_リハビリテーション科_放射線科】【一般病床数:135療養病床数:0精神病床数:0感染症病床数:0合計病床数:135】大阪府大阪市住吉区我孫子３－３－２０" }, "geometry": { "type": "Point", "coordinates": [ 135.509611, 34.600463 ] } },
{ "type": "Feature", "properties": { "ID": 2711270001810, "正式名称": "医療法人守田会オりオノ病院", "機関区分": 1, "都道府県コード": 27, "市区町村コード": 120, "所在地": "大阪府大阪市住吉区遠里小野１－１－１５", "緯度": 34.600907, "経度": 135.498751, "url": "https://www.iryou.teikyouseido.mhlw.go.jp/znk-web/juminkanja/S2430/initialize?prefCd=27&kikanCd=1270001810&kikanKbn=1", "url2": "http://www18.ocn.ne.jp/~oriono/", "内容": "医療法人守田会オりオノ病院【1:病院】【診療科目:内科_耳鼻いんこう科_皮膚科_リハビリテーション科_放射線科】【一般病床数:10療養病床数:107精神病床数:0感染症病床数:0合計病床数:117】大阪府大阪市住吉区遠里小野１－１－１５" }, "geometry": { "type": "Point", "coordinates": [ 135.498751, 34.600907 ] } },
{ "type": "Feature", "properties": { "ID": 2711270001850, "正式名称": "医療法人錦秀会阪和第二住吉病院", "機関区分": 1, "都道府県コード": 27, "市区町村コード": 120, "所在地": "大阪府大阪市住吉区帝塚山東４丁目７番８号", "緯度": 34.616378, "経度": 135.499889, "url": "https://www.iryou.teikyouseido.mhlw.go.jp/znk-web/juminkanja/S2430/initialize?prefCd=27&kikanCd=1270001850&kikanKbn=1", "url2": "http://www.kinshukai.or.jp", "内容": "医療法人錦秀会阪和第二住吉病院【1:病院】【診療科目:内科_リハビリテーション科】【一般病床数:0療養病床数:200精神病床数:0感染症病床数:0合計病床数:200】大阪府大阪市住吉区帝塚山東４丁目７番８号" }, "geometry": { "type": "Point", "coordinates": [ 135.499889, 34.616378 ] } },
{ "type": "Feature", "properties": { "ID": 2711270001860, "正式名称": "地方独立行政法人　大阪府立病院機構　大阪急性期・総合医療センター", "機関区分": 1, "都道府県コード": 27, "市区町村コード": 120, "所在地": "大阪府大阪市住吉区万代東３－１－５６", "緯度": 34.616572, "経度": 135.505472, "url": "https://www.iryou.teikyouseido.mhlw.go.jp/znk-web/juminkanja/S2430/initialize?prefCd=27&kikanCd=1270001860&kikanKbn=1", "url2": "https://www.gh.opho.jp/", "内容": "地方独立行政法人　大阪府立病院機構　大阪急性期・総合医療センター【1:病院】【診療科目:内科_血液・腫瘍内科_糖尿病・内分泌内科_脳神経内科_呼吸器内科_心臓内科_消化器内科_腎臓内科_外科_脳神経外科_呼吸器外科_心臓血管外科_消化器外科_乳腺外科_整形外科_形成外科_小児科_小児外科_産科_婦人科_眼科_耳鼻いんこう科_皮膚科_泌尿器科_精神科_歯科_歯科口腔外科_リウマチ科_リハビリテーション科_放射線診断科_放射線治療科_病理診断科_臨床検査科_救急科_麻酔科】【一般病床数:831療養病床数:0精神病床数:34感染症病床数:0合計病床数:865】大阪府大阪市住吉区万代東３－１－５６" }, "geometry": { "type": "Point", "coordinates": [ 135.505472, 34.616572 ] } },
{ "type": "Feature", "properties": { "ID": 2711270001870, "正式名称": "医療法人讃和会　友愛会病院", "機関区分": 1, "都道府県コード": 27, "市区町村コード": 125, "所在地": "大阪府大阪市住之江区浜口西３丁目５番１０号", "緯度": 34.607879, "経度": 135.484696, "url": "https://www.iryou.teikyouseido.mhlw.go.jp/znk-web/juminkanja/S2430/initialize?prefCd=27&kikanCd=1270001870&kikanKbn=1", "url2": "http://www.sanwakai.jp/", "内容": "医療法人讃和会　友愛会病院【1:病院】【診療科目:内科_呼吸器内科_循環器内科_消化器内科_脳神経外科_整形外科_リハビリテーション科_放射線科_麻酔科】【一般病床数:170療養病床数:0精神病床数:0感染症病床数:0合計病床数:170】大阪府大阪市住之江区浜口西３丁目５番１０号" }, "geometry": { "type": "Point", "coordinates": [ 135.484696, 34.607879 ] } },
{ "type": "Feature", "properties": { "ID": 2711270001880, "正式名称": "社会医療法人三宝会南港病院", "機関区分": 1, "都道府県コード": 27, "市区町村コード": 125, "所在地": "大阪府大阪市住之江区北加賀屋２－１１－１５", "緯度": 34.621321, "経度": 135.476418, "url": "https://www.iryou.teikyouseido.mhlw.go.jp/znk-web/juminkanja/S2430/initialize?prefCd=27&kikanCd=1270001880&kikanKbn=1", "url2": "http://www.nanko-hp.com/", "内容": "社会医療法人三宝会南港病院【1:病院】【診療科目:内科_呼吸器内科_循環器内科_消化器内科_外科_整形外科_小児科_皮膚科_泌尿器科_リハビリテーション科_放射線科_救急科_麻酔科】【一般病床数:73療養病床数:36精神病床数:0感染症病床数:0合計病床数:109】大阪府大阪市住之江区北加賀屋２－１１－１５" }, "geometry": { "type": "Point", "coordinates": [ 135.476418, 34.621321 ] } },
{ "type": "Feature", "properties": { "ID": 2711270001900, "正式名称": "社会医療法人景岳会　南大阪病院", "機関区分": 1, "都道府県コード": 27, "市区町村コード": 125, "所在地": "大阪府大阪市住之江区東加賀屋１－１８－１８", "緯度": 34.619099, "経度": 135.482724, "url": "https://www.iryou.teikyouseido.mhlw.go.jp/znk-web/juminkanja/S2430/initialize?prefCd=27&kikanCd=1270001900&kikanKbn=1", "url2": "http://www.minamiosaka.com", "内容": "社会医療法人景岳会　南大阪病院【1:病院】【診療科目:内科_糖尿病内科_代謝内科_内分泌内科_呼吸器内科_循環器内科_消化器内科_腎臓内科_人工透析内科_神経内科_外科_消化器外科_乳腺外科_胸部外科_内視鏡外科_整形外科_形成外科_外科（がん）_眼科_耳鼻いんこう科_皮膚科_泌尿器科_心療内科_リウマチ科_リハビリテーション科_放射線科_病理診断科_臨床検査科_麻酔科】【一般病床数:400療養病床数:0精神病床数:0感染症病床数:0合計病床数:400】大阪府大阪市住之江区東加賀屋１－１８－１８" }, "geometry": { "type": "Point", "coordinates": [ 135.482724, 34.619099 ] } },
{ "type": "Feature", "properties": { "ID": 2711270001930, "正式名称": "医療法人　慈心会　咲洲病院", "機関区分": 1, "都道府県コード": 27, "市区町村コード": 125, "所在地": "大阪府大阪市住之江区南港中２－１－３０", "緯度": 34.629736, "経度": 135.4302, "url": "https://www.iryou.teikyouseido.mhlw.go.jp/znk-web/juminkanja/S2430/initialize?prefCd=27&kikanCd=1270001930&kikanKbn=1", "url2": "http://www.jishin-kai.or.jp/", "内容": "医療法人　慈心会　咲洲病院【1:病院】【診療科目:内科_皮膚科_発熱外来】【一般病床数:16療養病床数:135精神病床数:0感染症病床数:0合計病床数:151】大阪府大阪市住之江区南港中２－１－３０" }, "geometry": { "type": "Point", "coordinates": [ 135.4302, 34.629736 ] } },
{ "type": "Feature", "properties": { "ID": 2711270001950, "正式名称": "医療法人若葉会　豊中若葉会病院", "機関区分": 1, "都道府県コード": 27, "市区町村コード": 203, "所在地": "大阪府豊中市東豊中町５－１３－１８", "緯度": 34.793442, "経度": 135.48541, "url": "https://www.iryou.teikyouseido.mhlw.go.jp/znk-web/juminkanja/S2430/initialize?prefCd=27&kikanCd=1270001950&kikanKbn=1", "url2": "http://toyonaka.wakabakai-hp.com", "内容": "医療法人若葉会　豊中若葉会病院【1:病院】【診療科目:内科_人工透析内科_外科_整形外科_リハビリテーション科_放射線科】【一般病床数:115療養病床数:0精神病床数:0感染症病床数:0合計病床数:115】大阪府豊中市東豊中町５－１３－１８" }, "geometry": { "type": "Point", "coordinates": [ 135.48541, 34.793442 ] } },
{ "type": "Feature", "properties": { "ID": 2711270001980, "正式名称": "医療法人真正会　真正会病院", "機関区分": 1, "都道府県コード": 27, "市区町村コード": 203, "所在地": "大阪府豊中市北桜塚３－７－３０", "緯度": 34.784082, "経度": 135.471828, "url": "https://www.iryou.teikyouseido.mhlw.go.jp/znk-web/juminkanja/S2430/initialize?prefCd=27&kikanCd=1270001980&kikanKbn=1", "url2": "http://shinseikai1998.or.jp", "内容": "医療法人真正会　真正会病院【1:病院】【診療科目:内科_消化器内科_精神科_リハビリテーション科_放射線科】【一般病床数:0療養病床数:55精神病床数:0感染症病床数:0合計病床数:55】大阪府豊中市北桜塚３－７－３０" }, "geometry": { "type": "Point", "coordinates": [ 135.471828, 34.784082 ] } },
{ "type": "Feature", "properties": { "ID": 2711270001990, "正式名称": "医療法人篤友会　関西リハビリテーション病院", "機関区分": 1, "都道府県コード": 27, "市区町村コード": 203, "所在地": "大阪府豊中市桜の町３－１１－１", "緯度": 34.799913, "経度": 135.4643, "url": "https://www.iryou.teikyouseido.mhlw.go.jp/znk-web/juminkanja/S2430/initialize?prefCd=27&kikanCd=1270001990&kikanKbn=1", "url2": "http://www.kansai-reha.jp", "内容": "医療法人篤友会　関西リハビリテーション病院【1:病院】【診療科目:循環器内科_歯科_リハビリテーション科】【一般病床数:144療養病床数:0精神病床数:0感染症病床数:0合計病床数:144】大阪府豊中市桜の町３－１１－１" }, "geometry": { "type": "Point", "coordinates": [ 135.4643, 34.799913 ] } },
{ "type": "Feature", "properties": { "ID": 2711270002020, "正式名称": "独立行政法人国立病院機構　大阪刀根山医療センター", "機関区分": 1, "都道府県コード": 27, "市区町村コード": 203, "所在地": "大阪府豊中市刀根山５－１－１", "緯度": 34.793275, "経度": 135.452968, "url": "https://www.iryou.teikyouseido.mhlw.go.jp/znk-web/juminkanja/S2430/initialize?prefCd=27&kikanCd=1270002020&kikanKbn=1", "url2": "https://toneyama.hosp.go.jp/", "内容": "独立行政法人国立病院機構　大阪刀根山医療センター【1:病院】【診療科目:内科_脳神経内科_呼吸器内科_循環器内科_消化器内科_漢方内科_呼吸器腫瘍内科，呼吸器緩和ケア内科_外科_呼吸器外科_整形外科_小児神経内科_眼科_耳鼻いんこう科_皮膚科_精神科_歯科_リウマチ科_リハビリテーション科_放射線科_病理診断科_麻酔科】【一般病床数:400療養病床数:0精神病床数:0感染症病床数:0合計病床数:400】大阪府豊中市刀根山５－１－１" }, "geometry": { "type": "Point", "coordinates": [ 135.452968, 34.793275 ] } },
{ "type": "Feature", "properties": { "ID": 2711270002030, "正式名称": "市立豊中病院", "機関区分": 1, "都道府県コード": 27, "市区町村コード": 203, "所在地": "大阪府豊中市柴原町４－１４－１", "緯度": 34.801718, "経度": 135.457967, "url": "https://www.iryou.teikyouseido.mhlw.go.jp/znk-web/juminkanja/S2430/initialize?prefCd=27&kikanCd=1270002030&kikanKbn=1", "url2": "http://www.city.toyonaka.osaka.jp/hp/", "内容": "市立豊中病院【1:病院】【診療科目:内科_血液内科_代謝・内分泌内科_脳神経内科_呼吸器内科_循環器内科_心臓血管内科_消化器内科_腎臓内科_外科_脳神経外科_呼吸器外科_心臓血管外科_消化器外科_乳腺外科_整形外科_形成外科_小児科_産婦人科_眼科_耳鼻いんこう科_皮膚科_泌尿器科_精神科_歯科_歯科口腔外科_リハビリテーション科_放射線診断科_放射線治療科_病理診断科_救急科_麻酔科】【一般病床数:549療養病床数:0精神病床数:0感染症病床数:14合計病床数:563】大阪府豊中市柴原町４－１４－１" }, "geometry": { "type": "Point", "coordinates": [ 135.457967, 34.801718 ] } },
{ "type": "Feature", "properties": { "ID": 2711270002050, "正式名称": "医療法人藏春堂　小西病院", "機関区分": 1, "都道府県コード": 27, "市区町村コード": 203, "所在地": "大阪府豊中市曽根東町２丁目９番１４号", "緯度": 34.772166, "経度": 135.473078, "url": "https://www.iryou.teikyouseido.mhlw.go.jp/znk-web/juminkanja/S2430/initialize?prefCd=27&kikanCd=1270002050&kikanKbn=1", "url2": "http://www.konishi-hp.com", "内容": "医療法人藏春堂　小西病院【1:病院】【診療科目:内科_外科_整形外科_皮膚科_リハビリテーション科_放射線科_麻酔科】【一般病床数:37療養病床数:0精神病床数:0感染症病床数:0合計病床数:37】大阪府豊中市曽根東町２丁目９番１４号" }, "geometry": { "type": "Point", "coordinates": [ 135.473078, 34.772166 ] } },
{ "type": "Feature", "properties": { "ID": 2711270002080, "正式名称": "医療法人豊済会　小曽根病院", "機関区分": 1, "都道府県コード": 27, "市区町村コード": 203, "所在地": "大阪府豊中市豊南町東２－６－４", "緯度": 34.752446, "経度": 135.484745, "url": "https://www.iryou.teikyouseido.mhlw.go.jp/znk-web/juminkanja/S2430/initialize?prefCd=27&kikanCd=1270002080&kikanKbn=1", "url2": "http://www.ozone-hp.com", "内容": "医療法人豊済会　小曽根病院【1:病院】【診療科目:内科_精神科_神経科_歯科】【一般病床数:0療養病床数:0精神病床数:416感染症病床数:0合計病床数:416】大阪府豊中市豊南町東２－６－４" }, "geometry": { "type": "Point", "coordinates": [ 135.484745, 34.752446 ] } },
{ "type": "Feature", "properties": { "ID": 2711270002120, "正式名称": "大阪脳神経外科病院", "機関区分": 1, "都道府県コード": 27, "市区町村コード": 203, "所在地": "大阪府豊中市庄内宝町２－６－２３", "緯度": 34.744919, "経度": 135.463692, "url": "https://www.iryou.teikyouseido.mhlw.go.jp/znk-web/juminkanja/S2430/initialize?prefCd=27&kikanCd=1270002120&kikanKbn=1", "url2": "http://www.oni.or.jp/", "内容": "大阪脳神経外科病院【1:病院】【診療科目:脳神経内科_脳神経外科_リハビリテーション科_放射線科_麻酔科】【一般病床数:120療養病床数:0精神病床数:0感染症病床数:0合計病床数:120】大阪府豊中市庄内宝町２－６－２３" }, "geometry": { "type": "Point", "coordinates": [ 135.463692, 34.744919 ] } },
{ "type": "Feature", "properties": { "ID": 2711270002160, "正式名称": "社会医療法人北斗会　さわ病院", "機関区分": 1, "都道府県コード": 27, "市区町村コード": 203, "所在地": "大阪府豊中市城山町１－９－１", "緯度": 34.770417, "経度": 135.476634, "url": "https://www.iryou.teikyouseido.mhlw.go.jp/znk-web/juminkanja/S2430/initialize?prefCd=27&kikanCd=1270002160&kikanKbn=1", "url2": "http://www.hokuto-kai.com/", "内容": "社会医療法人北斗会　さわ病院【1:病院】【診療科目:内科_脳神経内科_外科_児童精神科_精神科_歯科】【一般病床数:0療養病床数:0精神病床数:455感染症病床数:0合計病床数:455】大阪府豊中市城山町１－９－１" }, "geometry": { "type": "Point", "coordinates": [ 135.476634, 34.770417 ] } },
{ "type": "Feature", "properties": { "ID": 2711270002170, "正式名称": "医療法人華之会箕面中央病院", "機関区分": 1, "都道府県コード": 27, "市区町村コード": 220, "所在地": "大阪府箕面市箕面６－４－３９", "緯度": 34.833021, "経度": 135.46977, "url": "https://www.iryou.teikyouseido.mhlw.go.jp/znk-web/juminkanja/S2430/initialize?prefCd=27&kikanCd=1270002170&kikanKbn=1", "url2": "https://minoh-chuo.com/", "内容": "医療法人華之会箕面中央病院【1:病院】【診療科目:内科_整形外科_皮膚科】【一般病床数:0療養病床数:74精神病床数:0感染症病床数:0合計病床数:74】大阪府箕面市箕面６－４－３９" }, "geometry": { "type": "Point", "coordinates": [ 135.46977, 34.833021 ] } },
{ "type": "Feature", "properties": { "ID": 2711270002200, "正式名称": "箕面神経サナトリウム", "機関区分": 1, "都道府県コード": 27, "市区町村コード": 220, "所在地": "大阪府箕面市牧落５丁目６番１７号", "緯度": 34.820272, "経度": 135.472493, "url": "https://www.iryou.teikyouseido.mhlw.go.jp/znk-web/juminkanja/S2430/initialize?prefCd=27&kikanCd=1270002200&kikanKbn=1", "url2": "http://www.choureikai.jp", "内容": "箕面神経サナトリウム【1:病院】【診療科目:精神科_心療内科】【一般病床数:0療養病床数:0精神病床数:329感染症病床数:0合計病床数:329】大阪府箕面市牧落５丁目６番１７号" }, "geometry": { "type": "Point", "coordinates": [ 135.472493, 34.820272 ] } },
{ "type": "Feature", "properties": { "ID": 2711270002210, "正式名称": "医療法人社団和風会　千里リハビリテーション病院", "機関区分": 1, "都道府県コード": 27, "市区町村コード": 220, "所在地": "大阪府箕面市小野原西４丁目６番１号", "緯度": 34.829244, "経度": 135.508989, "url": "https://www.iryou.teikyouseido.mhlw.go.jp/znk-web/juminkanja/S2430/initialize?prefCd=27&kikanCd=1270002210&kikanKbn=1", "url2": "http://senri-rehab.jp/", "内容": "医療法人社団和風会　千里リハビリテーション病院【1:病院】【診療科目:内科_リハビリテーション科】【一般病床数:0療養病床数:172精神病床数:0感染症病床数:0合計病床数:172】大阪府箕面市小野原西４丁目６番１号" }, "geometry": { "type": "Point", "coordinates": [ 135.508989, 34.829244 ] } },
{ "type": "Feature", "properties": { "ID": 2711270002220, "正式名称": "医療法人マックシール巽今宮病院", "機関区分": 1, "都道府県コード": 27, "市区町村コード": 220, "所在地": "大阪府箕面市今宮３丁目１９番２７号", "緯度": 34.831216, "経度": 135.499935, "url": "https://www.iryou.teikyouseido.mhlw.go.jp/znk-web/juminkanja/S2430/initialize?prefCd=27&kikanCd=1270002220&kikanKbn=1", "url2": "http://www.mcsyl.com/TatumiImamiyaHospital/", "内容": "医療法人マックシール巽今宮病院【1:病院】【診療科目:内科_リハビリテーション科_放射線科】【一般病床数:70療養病床数:40精神病床数:0感染症病床数:0合計病床数:110】大阪府箕面市今宮３丁目１９番２７号" }, "geometry": { "type": "Point", "coordinates": [ 135.499935, 34.831216 ] } },
{ "type": "Feature", "properties": { "ID": 2711270002230, "正式名称": "医療法人　清順堂　ためなが温泉病院", "機関区分": 1, "都道府県コード": 27, "市区町村コード": 220, "所在地": "大阪府箕面市今宮４丁目５番２４号", "緯度": 34.828938, "経度": 135.499629, "url": "https://www.iryou.teikyouseido.mhlw.go.jp/znk-web/juminkanja/S2430/initialize?prefCd=27&kikanCd=1270002230&kikanKbn=1", "url2": "http://www.tamenaga.jp/", "内容": "医療法人　清順堂　ためなが温泉病院【1:病院】【診療科目:内科_循環器内科_精神科_神経科_歯科_リハビリテーション科_放射線科】【一般病床数:50療養病床数:0精神病床数:235感染症病床数:0合計病床数:285】大阪府箕面市今宮４丁目５番２４号" }, "geometry": { "type": "Point", "coordinates": [ 135.499629, 34.828938 ] } },
{ "type": "Feature", "properties": { "ID": 2711270002240, "正式名称": "箕面市立病院", "機関区分": 1, "都道府県コード": 27, "市区町村コード": 220, "所在地": "大阪府箕面市萱野５－７－１", "緯度": 34.823966, "経度": 135.484075, "url": "https://www.iryou.teikyouseido.mhlw.go.jp/znk-web/juminkanja/S2430/initialize?prefCd=27&kikanCd=1270002240&kikanKbn=1", "url2": "https://minoh-hp.jp/", "内容": "箕面市立病院【1:病院】【診療科目:内科_血液内科_糖尿病・内分泌内科_循環器内科_消化器内科_神経内科_外科_脳神経外科_呼吸器外科_消化器外科_整形外科_形成外科_乳腺・甲状腺外科_小児科_産婦人科_眼科_耳鼻いんこう科_皮膚科_泌尿器科_精神科_歯科_リハビリテーション科_放射線科_病理診断科_救急科_麻酔科】【一般病床数:317療養病床数:0精神病床数:0感染症病床数:0合計病床数:317】大阪府箕面市萱野５－７－１" }, "geometry": { "type": "Point", "coordinates": [ 135.484075, 34.823966 ] } },
{ "type": "Feature", "properties": { "ID": 2711270002250, "正式名称": "医療法人ガラシア会ガラシア病院", "機関区分": 1, "都道府県コード": 27, "市区町村コード": 220, "所在地": "大阪府箕面市粟生間谷西６－１４－１", "緯度": 34.850881, "経度": 135.507655, "url": "https://www.iryou.teikyouseido.mhlw.go.jp/znk-web/juminkanja/S2430/initialize?prefCd=27&kikanCd=1270002250&kikanKbn=1", "url2": "http://www.gratia.or.jp/", "内容": "医療法人ガラシア会ガラシア病院【1:病院】【診療科目:内科_循環器内科_神経内科_緩和ケア内科_外科_整形外科_緩和ケア外科_精神科_リハビリテーション科_麻酔科】【一般病床数:100療養病床数:0精神病床数:0感染症病床数:0合計病床数:100】大阪府箕面市粟生間谷西６－１４－１" }, "geometry": { "type": "Point", "coordinates": [ 135.507655, 34.850881 ] } },
{ "type": "Feature", "properties": { "ID": 2711270002260, "正式名称": "医療法人マックシール巽病院", "機関区分": 1, "都道府県コード": 27, "市区町村コード": 204, "所在地": "大阪府池田市天神１－５－２２", "緯度": 34.808912, "経度": 135.442357, "url": "https://www.iryou.teikyouseido.mhlw.go.jp/znk-web/juminkanja/S2430/initialize?prefCd=27&kikanCd=1270002260&kikanKbn=1", "url2": "http://www.mcsyl.com/", "内容": "医療法人マックシール巽病院【1:病院】【診療科目:内科_呼吸器内科_循環器内科_心臓血管内科_消化器内科_人工透析内科_内視鏡内科_外科_心臓血管外科_消化器外科_肛門外科_胸部外科_内視鏡外科_整形外科_リウマチ科_リハビリテーション科_放射線診断科_救急科_麻酔科】【一般病床数:75療養病床数:0精神病床数:0感染症病床数:0合計病床数:75】大阪府池田市天神１－５－２２" }, "geometry": { "type": "Point", "coordinates": [ 135.442357, 34.808912 ] } },
{ "type": "Feature", "properties": { "ID": 2711270002270, "正式名称": "医療法人互恵会池田回生病院", "機関区分": 1, "都道府県コード": 27, "市区町村コード": 204, "所在地": "大阪府池田市建石町８－４７", "緯度": 34.825965, "経度": 135.429691, "url": "https://www.iryou.teikyouseido.mhlw.go.jp/znk-web/juminkanja/S2430/initialize?prefCd=27&kikanCd=1270002270&kikanKbn=1", "url2": "http://www.ikedakaisei-ho.com", "内容": "医療法人互恵会池田回生病院【1:病院】【診療科目:内科_糖尿病内科_循環器内科_消化器内科_神経内科_外科_消化器外科_肛門外科_整形外科_眼科_耳鼻いんこう科_皮膚科_アレルギー科_リハビリテーション科_放射線科】【一般病床数:93療養病床数:0精神病床数:0感染症病床数:0合計病床数:93】大阪府池田市建石町８－４７" }, "geometry": { "type": "Point", "coordinates": [ 135.429691, 34.825965 ] } },
{ "type": "Feature", "properties": { "ID": 2711270002280, "正式名称": "北大阪医療生活協同組合照葉の里箕面病院", "機関区分": 1, "都道府県コード": 27, "市区町村コード": 220, "所在地": "大阪府箕面市下止々呂美５６１", "緯度": 34.885321, "経度": 135.463602, "url": "https://www.iryou.teikyouseido.mhlw.go.jp/znk-web/juminkanja/S2430/initialize?prefCd=27&kikanCd=1270002280&kikanKbn=1", "url2": "http://www.kitaiseikyo.com/", "内容": "北大阪医療生活協同組合照葉の里箕面病院【1:病院】【診療科目:内科_呼吸器内科_循環器内科_消化器内科_疼痛緩和内科_外科_整形外科_皮膚科_精神科_リウマチ科_リハビリテーション科_放射線科】【一般病床数:0療養病床数:199精神病床数:0感染症病床数:0合計病床数:199】大阪府箕面市下止々呂美５６１" }, "geometry": { "type": "Point", "coordinates": [ 135.463602, 34.885321 ] } },
{ "type": "Feature", "properties": { "ID": 2711270002290, "正式名称": "市立池田病院", "機関区分": 1, "都道府県コード": 27, "市区町村コード": 204, "所在地": "大阪府池田市城南３－１－１８", "緯度": 34.821188, "経度": 135.432552, "url": "https://www.iryou.teikyouseido.mhlw.go.jp/znk-web/juminkanja/S2430/initialize?prefCd=27&kikanCd=1270002290&kikanKbn=1", "url2": "https://www.hosp.ikeda.osaka.jp/", "内容": "市立池田病院【1:病院】【診療科目:内科_血液内科_糖尿病・内分泌内科_脳神経内科_呼吸器内科_循環器内科_消化器内科_腎臓内科_外科_脳神経外科_呼吸器外科_消化器外科_乳腺・内分泌外科_整形外科_形成外科_小児科_産婦人科_眼科_耳鼻いんこう科_皮膚科_泌尿器科_歯科_歯科口腔外科_リハビリテーション科_放射線科_放射線治療科_病理診断科_麻酔科】【一般病床数:364療養病床数:0精神病床数:0感染症病床数:0合計病床数:364】大阪府池田市城南３－１－１８" }, "geometry": { "type": "Point", "coordinates": [ 135.432552, 34.821188 ] } },
{ "type": "Feature", "properties": { "ID": 2711270002300, "正式名称": "医療法人協和会　協和会病院", "機関区分": 1, "都道府県コード": 27, "市区町村コード": 205, "所在地": "大阪府吹田市岸部北１－２４－１", "緯度": 34.781111, "経度": 135.526157, "url": "https://www.iryou.teikyouseido.mhlw.go.jp/znk-web/juminkanja/S2430/initialize?prefCd=27&kikanCd=1270002300&kikanKbn=1", "url2": "http://www.kyowakai.com/kw/kw.htm", "内容": "医療法人協和会　協和会病院【1:病院】【診療科目:内科_糖尿病内科_呼吸器内科_循環器内科_消化器内科_人工透析内科_神経内科_漢方内科_外科_脳神経外科_整形外科_皮膚科_泌尿器科_精神科_リウマチ科_リハビリテーション科_放射線科_麻酔科】【一般病床数:301療養病床数:0精神病床数:0感染症病床数:0合計病床数:301】大阪府吹田市岸部北１－２４－１" }, "geometry": { "type": "Point", "coordinates": [ 135.526157, 34.781111 ] } },
{ "type": "Feature", "properties": { "ID": 2711270002320, "正式名称": "社会福祉法人恩賜財団済生会支部大阪府済生会吹田病院", "機関区分": 1, "都道府県コード": 27, "市区町村コード": 205, "所在地": "大阪府吹田市川園町１番２号", "緯度": 34.761613, "経度": 135.534629, "url": "https://www.iryou.teikyouseido.mhlw.go.jp/znk-web/juminkanja/S2430/initialize?prefCd=27&kikanCd=1270002320&kikanKbn=1", "url2": "http://www.suita.saiseikai.or.jp", "内容": "社会福祉法人恩賜財団済生会支部大阪府済生会吹田病院【1:病院】【診療科目:内科_血液内科_糖尿病内科_脳神経内科_呼吸器内科_循環器内科_消化器内科_腎臓内科_腫瘍内科_緩和ケア内科_外科_脳神経外科_呼吸器外科_心臓血管外科_消化器外科_肝臓・胆のう・膵臓外科_乳腺外科_頭頸部外科_整形外科_形成外科_小児科_産婦人科_眼科_耳鼻いんこう科_皮膚科_泌尿器科_精神科_歯科口腔外科_リウマチ科_リハビリテーション科_放射線科_病理診断科_救急科_麻酔科】【一般病床数:440療養病床数:0精神病床数:0感染症病床数:0合計病床数:440】大阪府吹田市川園町１番２号" }, "geometry": { "type": "Point", "coordinates": [ 135.534629, 34.761613 ] } },
{ "type": "Feature", "properties": { "ID": 2711270002350, "正式名称": "医療法人菊秀会　皐月病院", "機関区分": 1, "都道府県コード": 27, "市区町村コード": 205, "所在地": "大阪府吹田市寿町２ー７ー２４", "緯度": 34.754669, "経度": 135.522214, "url": "https://www.iryou.teikyouseido.mhlw.go.jp/znk-web/juminkanja/S2430/initialize?prefCd=27&kikanCd=1270002350&kikanKbn=1", "url2": "http://www.satuki-hp.com", "内容": "医療法人菊秀会　皐月病院【1:病院】【診療科目:内科_呼吸器内科_循環器内科_消化器内科_リハビリテーション科_放射線科】【一般病床数:136療養病床数:0精神病床数:0感染症病床数:0合計病床数:136】大阪府吹田市寿町２ー７ー２４" }, "geometry": { "type": "Point", "coordinates": [ 135.522214, 34.754669 ] } },
{ "type": "Feature", "properties": { "ID": 2711270002360, "正式名称": "医療法人甲聖会甲聖会紀念病院", "機関区分": 1, "都道府県コード": 27, "市区町村コード": 205, "所在地": "大阪府吹田市江の木町７－１", "緯度": 34.75739, "経度": 135.493744, "url": "https://www.iryou.teikyouseido.mhlw.go.jp/znk-web/juminkanja/S2430/initialize?prefCd=27&kikanCd=1270002360&kikanKbn=1", "url2": "http://koseikai-hp.jp/", "内容": "医療法人甲聖会甲聖会紀念病院【1:病院】【診療科目:内科_糖尿病内科_神経内科_外科_整形外科_皮膚科_精神科_心療内科_リハビリテーション科】【一般病床数:0療養病床数:116精神病床数:0感染症病床数:0合計病床数:116】大阪府吹田市江の木町７－１" }, "geometry": { "type": "Point", "coordinates": [ 135.493744, 34.75739 ] } },
{ "type": "Feature", "properties": { "ID": 2711270002370, "正式名称": "社会医療法人愛仁会　井上病院", "機関区分": 1, "都道府県コード": 27, "市区町村コード": 205, "所在地": "大阪府吹田市江の木町１６番１７号", "緯度": 34.754919, "経度": 135.495522, "url": "https://www.iryou.teikyouseido.mhlw.go.jp/znk-web/juminkanja/S2430/initialize?prefCd=27&kikanCd=1270002370&kikanKbn=1", "url2": "https://inoue.aijinkai.or.jp/", "内容": "社会医療法人愛仁会　井上病院【1:病院】【診療科目:内科_糖尿病内科_循環器内科_消化器内科_腎臓内科_人工透析内科_外科_心臓血管外科_整形外科_形成外科_眼科_泌尿器科_リウマチ科_リハビリテーション科_放射線科_麻酔科】【一般病床数:127療養病床数:0精神病床数:0感染症病床数:0合計病床数:127】大阪府吹田市江の木町１６番１７号" }, "geometry": { "type": "Point", "coordinates": [ 135.495522, 34.754919 ] } },
{ "type": "Feature", "properties": { "ID": 2711270002380, "正式名称": "医療法人ダイワ会大和病院", "機関区分": 1, "都道府県コード": 27, "市区町村コード": 205, "所在地": "大阪府吹田市垂水町三丁目２２番１号", "緯度": 34.76064, "経度": 135.503465, "url": "https://www.iryou.teikyouseido.mhlw.go.jp/znk-web/juminkanja/S2430/initialize?prefCd=27&kikanCd=1270002380&kikanKbn=1", "url2": "http://www.daiwakai.or.jp", "内容": "医療法人ダイワ会大和病院【1:病院】【診療科目:内科_循環器内科_外科_脳神経外科_整形外科_眼科_精神科_リハビリテーション科_放射線科】【一般病床数:119療養病床数:44精神病床数:0感染症病床数:0合計病床数:163】大阪府吹田市垂水町三丁目２２番１号" }, "geometry": { "type": "Point", "coordinates": [ 135.503465, 34.76064 ] } },
{ "type": "Feature", "properties": { "ID": 2711270002390, "正式名称": "医療法人松柏会榎坂病院", "機関区分": 1, "都道府県コード": 27, "市区町村コード": 205, "所在地": "大阪府吹田市江坂町４－３２－１", "緯度": 34.770778, "経度": 135.493105, "url": "https://www.iryou.teikyouseido.mhlw.go.jp/znk-web/juminkanja/S2430/initialize?prefCd=27&kikanCd=1270002390&kikanKbn=1", "url2": "http://esakahp.or.jp", "内容": "医療法人松柏会榎坂病院【1:病院】【診療科目:精神科_神経科_認知症外来】【一般病床数:0療養病床数:0精神病床数:348感染症病床数:0合計病床数:348】大阪府吹田市江坂町４－３２－１" }, "geometry": { "type": "Point", "coordinates": [ 135.493105, 34.770778 ] } },
{ "type": "Feature", "properties": { "ID": 2711270002410, "正式名称": "医療法人徳洲会　吹田徳洲会病院", "機関区分": 1, "都道府県コード": 27, "市区町村コード": 205, "所在地": "大阪府吹田市千里丘西２１番１号", "緯度": 34.798276, "経度": 135.542405, "url": "https://www.iryou.teikyouseido.mhlw.go.jp/znk-web/juminkanja/S2430/initialize?prefCd=27&kikanCd=1270002410&kikanKbn=1", "url2": "https://www.suita.tokushukai.or.jp", "内容": "医療法人徳洲会　吹田徳洲会病院【1:病院】【診療科目:内科_糖尿病内科_脳神経内科_呼吸器内科_循環器内科_消化器内科_腎臓内科_人工透析内科_腫瘍内科_緩和ケア内科_外科_脳神経外科_呼吸器外科_血管外科_心臓血管外科_消化器外科_乳腺外科_女性乳腺外科_整形外科_形成外科_美容外科_小児科_産婦人科_眼科_耳鼻いんこう科_皮膚科_泌尿器科_歯科_歯科口腔外科_リハビリテーション科_放射線診断科_放射線治療科_病理診断科_救急科_麻酔科】【一般病床数:265療養病床数:100精神病床数:0感染症病床数:0合計病床数:365】大阪府吹田市千里丘西２１番１号" }, "geometry": { "type": "Point", "coordinates": [ 135.542405, 34.798276 ] } },
{ "type": "Feature", "properties": { "ID": 2711270002420, "正式名称": "社会福祉法人恩賜財団済生会支部大阪府済生会千里病院", "機関区分": 1, "都道府県コード": 27, "市区町村コード": 205, "所在地": "大阪府吹田市津雲台１丁目１番６号", "緯度": 34.794831, "経度": 135.509713, "url": "https://www.iryou.teikyouseido.mhlw.go.jp/znk-web/juminkanja/S2430/initialize?prefCd=27&kikanCd=1270002420&kikanKbn=1", "url2": "http://www.senri.saiseikai.or.jp", "内容": "社会福祉法人恩賜財団済生会支部大阪府済生会千里病院【1:病院】【診療科目:内科_血液内科_糖尿病内科_呼吸器内科_循環器内科_消化器内科_腎臓内科_神経内科_緩和ケア内科_外科_脳神経外科_呼吸器外科_心臓血管外科_消化器外科_乳腺・内分泌外科_整形外科_小児科_婦人科_泌尿器科_精神科_心療内科_歯科_歯科口腔外科_リハビリテーション科_放射線科_病理診断科_救急科_麻酔科_リウマチ・アレルギー科】【一般病床数:327療養病床数:0精神病床数:0感染症病床数:0合計病床数:327】大阪府吹田市津雲台１丁目１番６号" }, "geometry": { "type": "Point", "coordinates": [ 135.509713, 34.794831 ] } },
{ "type": "Feature", "properties": { "ID": 2711270002430, "正式名称": "大阪大学歯学部附属病院", "機関区分": 1, "都道府県コード": 27, "市区町村コード": 205, "所在地": "大阪府吹田市山田丘１－８", "緯度": 34.81969, "経度": 135.520767, "url": "https://www.iryou.teikyouseido.mhlw.go.jp/znk-web/juminkanja/S2430/initialize?prefCd=27&kikanCd=1270002430&kikanKbn=1", "url2": "https://hospital.dent.osaka-u.ac.jp/", "内容": "大阪大学歯学部附属病院【1:病院】【診療科目:歯科_矯正歯科_歯科口腔外科_小児歯科】【一般病床数:40療養病床数:0精神病床数:0感染症病床数:0合計病床数:40】大阪府吹田市山田丘１－８" }, "geometry": { "type": "Point", "coordinates": [ 135.520767, 34.81969 ] } },
{ "type": "Feature", "properties": { "ID": 2711270002440, "正式名称": "大阪大学医学部附属病院", "機関区分": 1, "都道府県コード": 27, "市区町村コード": 205, "所在地": "大阪府吹田市山田丘２－１５", "緯度": 34.819301, "経度": 135.528322, "url": "https://www.iryou.teikyouseido.mhlw.go.jp/znk-web/juminkanja/S2430/initialize?prefCd=27&kikanCd=1270002440&kikanKbn=1", "url2": "https://www.hosp.med.osaka-u.ac.jp", "内容": "大阪大学医学部附属病院【1:病院】【診療科目:内科_感染症内科_血液・腫瘍内科_呼吸器内科_循環器内科_消化器内科_腎臓内科_神経内科_老年内科_糖尿病・内分泌・代謝内科_脳神経外科_呼吸器外科_心臓血管外科_消化器外科_乳腺・内分泌外科_整形外科_形成外科_小児科_小児外科_産科_婦人科_眼科_耳鼻いんこう科_皮膚科_泌尿器科_神経・精神科_歯科_リハビリテーション科_放射線科_病理診断科_救急科_麻酔科_アレルギー疾患リウマチ科】【一般病床数:1034療養病床数:0精神病床数:52感染症病床数:0合計病床数:1086】大阪府吹田市山田丘２－１５" }, "geometry": { "type": "Point", "coordinates": [ 135.528322, 34.819301 ] } },
{ "type": "Feature", "properties": { "ID": 2711270002450, "正式名称": "大阪市立弘済院附属病院", "機関区分": 1, "都道府県コード": 27, "市区町村コード": 205, "所在地": "大阪府吹田市古江台６－２－１", "緯度": 34.807746, "経度": 135.512462, "url": "https://www.iryou.teikyouseido.mhlw.go.jp/znk-web/juminkanja/S2430/initialize?prefCd=27&kikanCd=1270002450&kikanKbn=1", "url2": "https://www.city.osaka.lg.jp/fukushi/page/0000507381.html", "内容": "大阪市立弘済院附属病院【1:病院】【診療科目:内科_神経内科_外科_整形外科_眼科_耳鼻いんこう科_皮膚科_泌尿器科_精神科_リハビリテーション科_放射線科】【一般病床数:90療養病床数:0精神病床数:0感染症病床数:0合計病床数:90】大阪府吹田市古江台６－２－１" }, "geometry": { "type": "Point", "coordinates": [ 135.512462, 34.807746 ] } },
{ "type": "Feature", "properties": { "ID": 2711270002470, "正式名称": "医療法人千里厚生会　千里丘中央病院", "機関区分": 1, "都道府県コード": 27, "市区町村コード": 224, "所在地": "大阪府摂津市千里丘１丁目１１番３１号", "緯度": 34.791554, "経度": 135.548405, "url": "https://www.iryou.teikyouseido.mhlw.go.jp/znk-web/juminkanja/S2430/initialize?prefCd=27&kikanCd=1270002470&kikanKbn=1", "url2": "http://senrioka-c-hp.com", "内容": "医療法人千里厚生会　千里丘中央病院【1:病院】【診療科目:内科_糖尿病内科_糖尿病・代謝内科_消化器内科_外科_整形外科_歯科_歯科口腔外科_小児歯科】【一般病床数:89療養病床数:0精神病床数:0感染症病床数:0合計病床数:89】大阪府摂津市千里丘１丁目１１番３１号" }, "geometry": { "type": "Point", "coordinates": [ 135.548405, 34.791554 ] } },
{ "type": "Feature", "properties": { "ID": 2711270002480, "正式名称": "医療法人医誠会　摂津医誠会病院", "機関区分": 1, "都道府県コード": 27, "市区町村コード": 224, "所在地": "大阪府摂津市南千里丘１－３２", "緯度": 34.782917, "経度": 135.556738, "url": "https://www.iryou.teikyouseido.mhlw.go.jp/znk-web/juminkanja/S2430/initialize?prefCd=27&kikanCd=1270002480&kikanKbn=1", "url2": "http://www.mmjp.or.jp/i-setsu", "内容": "医療法人医誠会　摂津医誠会病院【1:病院】【診療科目:内科_循環器内科_消化器内科_外科_脳神経外科_整形外科_皮膚科_泌尿器科_リハビリテーション科_放射線科】【一般病床数:170療養病床数:0精神病床数:0感染症病床数:0合計病床数:170】大阪府摂津市南千里丘１－３２" }, "geometry": { "type": "Point", "coordinates": [ 135.556738, 34.782917 ] } },
{ "type": "Feature", "properties": { "ID": 2711270002490, "正式名称": "医療法人若葉会　昭和病院", "機関区分": 1, "都道府県コード": 27, "市区町村コード": 224, "所在地": "大阪府摂津市昭和園１１－２９", "緯度": 34.792749, "経度": 135.562042, "url": "https://www.iryou.teikyouseido.mhlw.go.jp/znk-web/juminkanja/S2430/initialize?prefCd=27&kikanCd=1270002490&kikanKbn=1", "url2": "http://syowa.wakabakai-hp.com/", "内容": "医療法人若葉会　昭和病院【1:病院】【診療科目:内科_胃腸内科_外科_脳神経外科_整形外科_リハビリテーション科】【一般病床数:90療養病床数:0精神病床数:0感染症病床数:0合計病床数:90】大阪府摂津市昭和園１１－２９" }, "geometry": { "type": "Point", "coordinates": [ 135.562042, 34.792749 ] } },
{ "type": "Feature", "properties": { "ID": 2711270002500, "正式名称": "摂津ひかり病院", "機関区分": 1, "都道府県コード": 27, "市区町村コード": 224, "所在地": "大阪府摂津市鳥飼八防２－３－８", "緯度": 34.77139, "経度": 135.574792, "url": "https://www.iryou.teikyouseido.mhlw.go.jp/znk-web/juminkanja/S2430/initialize?prefCd=27&kikanCd=1270002500&kikanKbn=1", "url2": "http://www.hikari.or.jp/hospital/settu/index.html", "内容": "摂津ひかり病院【1:病院】【診療科目:内科_糖尿病内科_呼吸器内科_循環器内科_泌尿器内科_外科_呼吸器外科_整形外科_小児科_リハビリテーション科_放射線科】【一般病床数:50療養病床数:0精神病床数:0感染症病床数:0合計病床数:50】大阪府摂津市鳥飼八防２－３－８" }, "geometry": { "type": "Point", "coordinates": [ 135.574792, 34.77139 ] } },
{ "type": "Feature", "properties": { "ID": 2711270002510, "正式名称": "医療法人恒昭会藍野病院", "機関区分": 1, "都道府県コード": 27, "市区町村コード": 211, "所在地": "大阪府茨木市高田町１１－１８", "緯度": 34.844577, "経度": 135.580705, "url": "https://www.iryou.teikyouseido.mhlw.go.jp/znk-web/juminkanja/S2430/initialize?prefCd=27&kikanCd=1270002510&kikanKbn=1", "url2": "http://www.koshokai.or.jp/aino/", "内容": "医療法人恒昭会藍野病院【1:病院】【診療科目:内科_脳神経内科_外科_脳神経外科_整形外科_形成外科_小児科_婦人科_眼科_耳鼻いんこう科_皮膚科_泌尿器科_精神科_歯科_リハビリテーション科_放射線科_病理診断科_麻酔科】【一般病床数:212療養病床数:144精神病床数:552感染症病床数:0合計病床数:908】大阪府茨木市高田町１１－１８" }, "geometry": { "type": "Point", "coordinates": [ 135.580705, 34.844577 ] } },
{ "type": "Feature", "properties": { "ID": 2711270002560, "正式名称": "社会福祉法人恩賜財団大阪府済生会茨木病院", "機関区分": 1, "都道府県コード": 27, "市区町村コード": 211, "所在地": "大阪府茨木市見付山２丁目１番４５号", "緯度": 34.821024, "経度": 135.556125, "url": "https://www.iryou.teikyouseido.mhlw.go.jp/znk-web/juminkanja/S2430/initialize?prefCd=27&kikanCd=1270002560&kikanKbn=1", "url2": "https://www.ibaraki.saiseikai.or.jp", "内容": "社会福祉法人恩賜財団大阪府済生会茨木病院【1:病院】【診療科目:内科_血液内科_糖尿病・内分泌内科_呼吸器内科_循環器内科_消化器内科_腎臓内科_外科_脳神経外科_心臓血管外科_消化器外科_乳腺外科_整形外科_形成外科_小児科_婦人科_眼科_耳鼻いんこう科_皮膚科_泌尿器科_精神科・神経科_リハビリテーション科_放射線科_麻酔科】【一般病床数:315療養病床数:0精神病床数:0感染症病床数:0合計病床数:315】大阪府茨木市見付山２丁目１番４５号" }, "geometry": { "type": "Point", "coordinates": [ 135.556125, 34.821024 ] } },
{ "type": "Feature", "properties": { "ID": 2711270002590, "正式名称": "医療法人友紘会　彩都友紘会病院", "機関区分": 1, "都道府県コード": 27, "市区町村コード": 211, "所在地": "大阪府茨木市彩都あさぎ７丁目２番１８号", "緯度": 34.853992, "経度": 135.526626, "url": "https://www.iryou.teikyouseido.mhlw.go.jp/znk-web/juminkanja/S2430/initialize?prefCd=27&kikanCd=1270002590&kikanKbn=1", "url2": "https://www.saito-yukoukai-hp.jp/", "内容": "医療法人友紘会　彩都友紘会病院【1:病院】【診療科目:内科_消化器内科_外科_脳神経外科_消化器外科_整形外科_婦人科_耳鼻いんこう科_泌尿器科_精神科_歯科口腔外科_放射線科】【一般病床数:204療養病床数:0精神病床数:0感染症病床数:0合計病床数:204】大阪府茨木市彩都あさぎ７丁目２番１８号" }, "geometry": { "type": "Point", "coordinates": [ 135.526626, 34.853992 ] } },
{ "type": "Feature", "properties": { "ID": 2711270002600, "正式名称": "医療法人清風会茨木病院", "機関区分": 1, "都道府県コード": 27, "市区町村コード": 211, "所在地": "大阪府茨木市総持寺１－４－１", "緯度": 34.829273, "経度": 135.580178, "url": "https://www.iryou.teikyouseido.mhlw.go.jp/znk-web/juminkanja/S2430/initialize?prefCd=27&kikanCd=1270002600&kikanKbn=1", "url2": "http://www.seifukai.org", "内容": "医療法人清風会茨木病院【1:病院】【診療科目:精神科_心療内科】【一般病床数:0療養病床数:0精神病床数:340感染症病床数:0合計病床数:340】大阪府茨木市総持寺１－４－１" }, "geometry": { "type": "Point", "coordinates": [ 135.580178, 34.829273 ] } },
{ "type": "Feature", "properties": { "ID": 2711270002650, "正式名称": "医療法人恒昭会藍野花園病院", "機関区分": 1, "都道府県コード": 27, "市区町村コード": 211, "所在地": "大阪府茨木市花園２－６－１", "緯度": 34.84741, "経度": 135.576872, "url": "https://www.iryou.teikyouseido.mhlw.go.jp/znk-web/juminkanja/S2430/initialize?prefCd=27&kikanCd=1270002650&kikanKbn=1", "url2": "http://www.koshokai.or.jp/aino_hanazono/", "内容": "医療法人恒昭会藍野花園病院【1:病院】【診療科目:内科_血液内科_精神科_歯科_リハビリテーション科】【一般病床数:0療養病床数:0精神病床数:492感染症病床数:0合計病床数:492】大阪府茨木市花園２－６－１" }, "geometry": { "type": "Point", "coordinates": [ 135.576872, 34.84741 ] } },
{ "type": "Feature", "properties": { "ID": 2711270002670, "正式名称": "社会医療法人東和会　第二東和会病院", "機関区分": 1, "都道府県コード": 27, "市区町村コード": 207, "所在地": "大阪府高槻市大塚町５丁目２０番３号", "緯度": 34.821803, "経度": 135.630785, "url": "https://www.iryou.teikyouseido.mhlw.go.jp/znk-web/juminkanja/S2430/initialize?prefCd=27&kikanCd=1270002670&kikanKbn=1", "url2": "http://www.towa-med.or.jp", "内容": "社会医療法人東和会　第二東和会病院【1:病院】【診療科目:内科_外科_整形外科_耳鼻いんこう科_リハビリテーション科】【一般病床数:2療養病床数:91精神病床数:0感染症病床数:0合計病床数:93】大阪府高槻市大塚町５丁目２０番３号" }, "geometry": { "type": "Point", "coordinates": [ 135.630785, 34.821803 ] } },
{ "type": "Feature", "properties": { "ID": 2711270002680, "正式名称": "医療法人健和会　うえだ下田部病院", "機関区分": 1, "都道府県コード": 27, "市区町村コード": 207, "所在地": "大阪府高槻市登町３３番１号", "緯度": 34.824052, "経度": 135.619175, "url": "https://www.iryou.teikyouseido.mhlw.go.jp/znk-web/juminkanja/S2430/initialize?prefCd=27&kikanCd=1270002680&kikanKbn=1", "url2": "https://www.ueda-simo.or.jp", "内容": "医療法人健和会　うえだ下田部病院【1:病院】【診療科目:内科_糖尿病内科_呼吸器内科_外科_脳神経外科_整形外科_小児科_皮膚科_リウマチ科_リハビリテーション科_麻酔科】【一般病床数:110療養病床数:0精神病床数:0感染症病床数:0合計病床数:110】大阪府高槻市登町３３番１号" }, "geometry": { "type": "Point", "coordinates": [ 135.619175, 34.824052 ] } },
{ "type": "Feature", "properties": { "ID": 2711270002690, "正式名称": "医療法人健栄会　三康病院", "機関区分": 1, "都道府県コード": 27, "市区町村コード": 207, "所在地": "大阪府高槻市野見町３番６号", "緯度": 34.845911, "経度": 135.619785, "url": "https://www.iryou.teikyouseido.mhlw.go.jp/znk-web/juminkanja/S2430/initialize?prefCd=27&kikanCd=1270002690&kikanKbn=1", "url2": "https://www.san-ko.net", "内容": "医療法人健栄会　三康病院【1:病院】【診療科目:腎臓内科_血管外科_泌尿器科】【一般病床数:22療養病床数:0精神病床数:0感染症病床数:0合計病床数:22】大阪府高槻市野見町３番６号" }, "geometry": { "type": "Point", "coordinates": [ 135.619785, 34.845911 ] } },
{ "type": "Feature", "properties": { "ID": 2711270002700, "正式名称": "社会医療法人東和会　第一東和会病院", "機関区分": 1, "都道府県コード": 27, "市区町村コード": 207, "所在地": "大阪府高槻市宮野町２番１７号", "緯度": 34.85441, "経度": 135.637616, "url": "https://www.iryou.teikyouseido.mhlw.go.jp/znk-web/juminkanja/S2430/initialize?prefCd=27&kikanCd=1270002700&kikanKbn=1", "url2": "https://first.towakai-med.or.jp/", "内容": "社会医療法人東和会　第一東和会病院【1:病院】【診療科目:内科_血液内科_糖尿病・内分泌内科_呼吸器内科_循環器内科_消化器内科_ペインクリニック内科_外科_脳神経外科_呼吸器外科_消化器外科_乳腺外科_肛門外科_整形外科_形成外科_小児科_婦人科_眼科_耳鼻いんこう科_皮膚科_泌尿器科_女性泌尿器科_精神科_歯科口腔外科_リハビリテーション科_放射線科_病理診断科_臨床検査科_救急科_麻酔科】【一般病床数:243療養病床数:0精神病床数:0感染症病床数:0合計病床数:243】大阪府高槻市宮野町２番１７号" }, "geometry": { "type": "Point", "coordinates": [ 135.637616, 34.85441 ] } },
{ "type": "Feature", "properties": { "ID": 2711270002710, "正式名称": "医療法人祥佑会　藤田胃腸科病院", "機関区分": 1, "都道府県コード": 27, "市区町村コード": 207, "所在地": "大阪府高槻市松原町１７番３６号", "緯度": 34.852216, "経度": 135.630034, "url": "https://www.iryou.teikyouseido.mhlw.go.jp/znk-web/juminkanja/S2430/initialize?prefCd=27&kikanCd=1270002710&kikanKbn=1", "url2": "http://www.fujita.or.jp", "内容": "医療法人祥佑会　藤田胃腸科病院【1:病院】【診療科目:内科_消化器内科_胃腸内科_内視鏡内科_消化器外科】【一般病床数:33療養病床数:0精神病床数:0感染症病床数:0合計病床数:33】大阪府高槻市松原町１７番３６号" }, "geometry": { "type": "Point", "coordinates": [ 135.630034, 34.852216 ] } },
{ "type": "Feature", "properties": { "ID": 2711270002720, "正式名称": "医療法人庸愛会　富田町病院", "機関区分": 1, "都道府県コード": 27, "市区町村コード": 207, "所在地": "大阪府高槻市富田町６丁目１０番１号", "緯度": 34.828773, "経度": 135.594455, "url": "https://www.iryou.teikyouseido.mhlw.go.jp/znk-web/juminkanja/S2430/initialize?prefCd=27&kikanCd=1270002720&kikanKbn=1", "url2": "http://www.youaikai.or.jp", "内容": "医療法人庸愛会　富田町病院【1:病院】【診療科目:内科_糖尿病内科_呼吸器内科_循環器内科_消化器内科_神経内科_皮膚科_精神科_リハビリテーション科_放射線科】【一般病床数:60療養病床数:0精神病床数:0感染症病床数:0合計病床数:60】大阪府高槻市富田町６丁目１０番１号" }, "geometry": { "type": "Point", "coordinates": [ 135.594455, 34.828773 ] } },
{ "type": "Feature", "properties": { "ID": 2711270002740, "正式名称": "医療法人社団緑水会　緑水会病院", "機関区分": 1, "都道府県コード": 27, "市区町村コード": 207, "所在地": "大阪府高槻市成合南の町３番１号", "緯度": 34.868409, "経度": 135.6292, "url": "https://www.iryou.teikyouseido.mhlw.go.jp/znk-web/juminkanja/S2430/initialize?prefCd=27&kikanCd=1270002740&kikanKbn=1", "url2": "https://www.ryokusuikai.or.jp/", "内容": "医療法人社団緑水会　緑水会病院【1:病院】【診療科目:内科_リハビリテーション科】【一般病床数:0療養病床数:200精神病床数:0感染症病床数:0合計病床数:200】大阪府高槻市成合南の町３番１号" }, "geometry": { "type": "Point", "coordinates": [ 135.6292, 34.868409 ] } },
{ "type": "Feature", "properties": { "ID": 2711270002750, "正式名称": "医療法人美喜和会　美喜和会オレンジホスピタル", "機関区分": 1, "都道府県コード": 27, "市区町村コード": 207, "所在地": "大阪府高槻市大字奈佐原１０番１０", "緯度": 34.870547, "経度": 135.58337, "url": "https://www.iryou.teikyouseido.mhlw.go.jp/znk-web/juminkanja/S2430/initialize?prefCd=27&kikanCd=1270002750&kikanKbn=1", "url2": "http://www.orange-hp.or.jp", "内容": "医療法人美喜和会　美喜和会オレンジホスピタル【1:病院】【診療科目:内科_精神科_心療内科】【一般病床数:0療養病床数:0精神病床数:240感染症病床数:0合計病床数:240】大阪府高槻市大字奈佐原１０番１０" }, "geometry": { "type": "Point", "coordinates": [ 135.58337, 34.870547 ] } },
{ "type": "Feature", "properties": { "ID": 2711270002760, "正式名称": "医療法人光愛会　光愛病院", "機関区分": 1, "都道府県コード": 27, "市区町村コード": 207, "所在地": "大阪府高槻市奈佐原４丁目３番１号", "緯度": 34.864464, "経度": 135.577343, "url": "https://www.iryou.teikyouseido.mhlw.go.jp/znk-web/juminkanja/S2430/initialize?prefCd=27&kikanCd=1270002760&kikanKbn=1", "url2": "http://www.kouai.or.jp/", "内容": "医療法人光愛会　光愛病院【1:病院】【診療科目:内科_皮膚科_精神科_児童思春期精神科】【一般病床数:0療養病床数:0精神病床数:203感染症病床数:0合計病床数:203】大阪府高槻市奈佐原４丁目３番１号" }, "geometry": { "type": "Point", "coordinates": [ 135.577343, 34.864464 ] } },
{ "type": "Feature", "properties": { "ID": 2711270002770, "正式名称": "医療法人大阪精神医学研究所　新阿武山病院", "機関区分": 1, "都道府県コード": 27, "市区町村コード": 207, "所在地": "大阪府高槻市奈佐原４丁目１０番１号", "緯度": 34.865464, "経度": 135.57451, "url": "https://www.iryou.teikyouseido.mhlw.go.jp/znk-web/juminkanja/S2430/initialize?prefCd=27&kikanCd=1270002770&kikanKbn=1", "url2": "http://www.shin-abuyama.or.jp", "内容": "医療法人大阪精神医学研究所　新阿武山病院【1:病院】【診療科目:内科_精神科_神経科】【一般病床数:0療養病床数:0精神病床数:273感染症病床数:0合計病床数:273】大阪府高槻市奈佐原４丁目１０番１号" }, "geometry": { "type": "Point", "coordinates": [ 135.57451, 34.865464 ] } },
{ "type": "Feature", "properties": { "ID": 2711270002780, "正式名称": "高槻赤十字病院", "機関区分": 1, "都道府県コード": 27, "市区町村コード": 207, "所在地": "大阪府高槻市阿武野１丁目１番１号", "緯度": 34.855298, "経度": 135.577288, "url": "https://www.iryou.teikyouseido.mhlw.go.jp/znk-web/juminkanja/S2430/initialize?prefCd=27&kikanCd=1270002780&kikanKbn=1", "url2": "http://www.takatsuki.jrc.or.jp", "内容": "高槻赤十字病院【1:病院】【診療科目:内科_血液内科_脳神経内科_呼吸器内科_循環器内科_消化器内科_脳神経内科_外科_脳神経外科_呼吸器外科_消化器外科_乳腺外科_整形外科_形成外科_小児科_産婦人科_眼科_耳鼻いんこう科_皮膚科_美容皮膚科_泌尿器科_リハビリテーション科_放射線科_病理診断科_麻酔科】【一般病床数:325療養病床数:0精神病床数:0感染症病床数:0合計病床数:325】大阪府高槻市阿武野１丁目１番１号" }, "geometry": { "type": "Point", "coordinates": [ 135.577288, 34.855298 ] } },
{ "type": "Feature", "properties": { "ID": 2711270002800, "正式名称": "社会医療法人祐生会　みどりヶ丘病院", "機関区分": 1, "都道府県コード": 27, "市区町村コード": 207, "所在地": "大阪府高槻市真上町３丁目１３番１号", "緯度": 34.859993, "経度": 135.60498, "url": "https://www.iryou.teikyouseido.mhlw.go.jp/znk-web/juminkanja/S2430/initialize?prefCd=27&kikanCd=1270002800&kikanKbn=1", "url2": "http://www.midorigaoka.or.jp", "内容": "社会医療法人祐生会　みどりヶ丘病院【1:病院】【診療科目:内科_糖尿病・内分泌内科_脳神経内科_呼吸器内科_循環器内科_消化器内科_外科_脳神経外科_整形外科_小児科_眼科_耳鼻いんこう科_皮膚科_泌尿器科_女性泌尿器科_リウマチ科_リハビリテーション科_放射線科_麻酔科】【一般病床数:329療養病床数:0精神病床数:0感染症病床数:0合計病床数:329】大阪府高槻市真上町３丁目１３番１号" }, "geometry": { "type": "Point", "coordinates": [ 135.60498, 34.859993 ] } },
{ "type": "Feature", "properties": { "ID": 2711270002830, "正式名称": "社会医療法人愛仁会　高槻病院", "機関区分": 1, "都道府県コード": 27, "市区町村コード": 207, "所在地": "大阪府高槻市古曽部町１丁目３番１３号", "緯度": 34.855771, "経度": 135.620673, "url": "https://www.iryou.teikyouseido.mhlw.go.jp/znk-web/juminkanja/S2430/initialize?prefCd=27&kikanCd=1270002830&kikanKbn=1", "url2": "http://www.takatsuki.aijinkai.or.jp/", "内容": "社会医療法人愛仁会　高槻病院【1:病院】【診療科目:内科_糖尿病・内分泌内科_脳神経内科_呼吸器内科_循環器内科_消化器内科_腎臓内科_外科_脳神経外科_呼吸器外科_心臓血管外科_消化器外科_整形外科_形成外科_小児科_小児外科_小児脳神経外科，新生児小児科_産婦人科_眼科_耳鼻いんこう科_皮膚科_泌尿器科_精神科_リハビリテーション科_放射線診断科_放射線治療科_病理診断科_救急科_麻酔科】【一般病床数:477療養病床数:0精神病床数:0感染症病床数:0合計病床数:477】大阪府高槻市古曽部町１丁目３番１３号" }, "geometry": { "type": "Point", "coordinates": [ 135.620673, 34.855771 ] } },
{ "type": "Feature", "properties": { "ID": 2711270002840, "正式名称": "社会医療法人仙養会　北摂総合病院", "機関区分": 1, "都道府県コード": 27, "市区町村コード": 207, "所在地": "大阪府高槻市北柳川町６番２４号", "緯度": 34.826329, "経度": 135.59226, "url": "https://www.iryou.teikyouseido.mhlw.go.jp/znk-web/juminkanja/S2430/initialize?prefCd=27&kikanCd=1270002840&kikanKbn=1", "url2": "https://www.hokusetsu-hp.jp/", "内容": "社会医療法人仙養会　北摂総合病院【1:病院】【診療科目:内科_循環器内科_外科_脳神経外科_呼吸器外科_心臓血管外科_整形外科_小児科_婦人科_眼科_耳鼻いんこう科_皮膚科_泌尿器科_放射線科_病理診断科_麻酔科】【一般病床数:217療養病床数:0精神病床数:0感染症病床数:0合計病床数:217】大阪府高槻市北柳川町６番２４号" }, "geometry": { "type": "Point", "coordinates": [ 135.59226, 34.826329 ] } },
{ "type": "Feature", "properties": { "ID": 2711270002850, "正式名称": "大阪医科薬科大学病院", "機関区分": 1, "都道府県コード": 27, "市区町村コード": 207, "所在地": "大阪府高槻市大学町２番７号", "緯度": 34.851966, "経度": 135.624423, "url": "https://www.iryou.teikyouseido.mhlw.go.jp/znk-web/juminkanja/S2430/initialize?prefCd=27&kikanCd=1270002850&kikanKbn=1", "url2": "https://hospital.ompu.ac.jp/index.html", "内容": "大阪医科薬科大学病院【1:病院】【診療科目:内科_脳神経内科_呼吸器内科_循環器内科_消化器内科_外科_脳神経外科_呼吸器外科_心臓血管外科_整形外科_形成外科_小児科_産科_婦人科_眼科_耳鼻いんこう科_皮膚科_泌尿器科_精神科_歯科_歯科口腔外科_リウマチ科_リハビリテーション科_放射線科_病理診断科_救急科_麻酔科】【一般病床数:863療養病床数:0精神病床数:31感染症病床数:0合計病床数:894】大阪府高槻市大学町２番７号" }, "geometry": { "type": "Point", "coordinates": [ 135.624423, 34.851966 ] } },
{ "type": "Feature", "properties": { "ID": 2711270002860, "正式名称": "社会医療法人　弘道会　守口生野記念病院", "機関区分": 1, "都道府県コード": 27, "市区町村コード": 209, "所在地": "大阪府守口市佐太中町６丁目１７番３３号", "緯度": 34.760614, "経度": 135.590458, "url": "https://www.iryou.teikyouseido.mhlw.go.jp/znk-web/juminkanja/S2430/initialize?prefCd=27&kikanCd=1270002860&kikanKbn=1", "url2": "http://www.koudoukai.or.jp/moriguchi-hp/", "内容": "社会医療法人　弘道会　守口生野記念病院【1:病院】【診療科目:内科_呼吸器内科_循環器内科_消化器内科_神経内科_外科_脳神経外科_心臓血管外科_整形外科_形成外科_小児科_眼科_皮膚科_泌尿器科_精神科_リハビリテーション科_放射線科_麻酔科】【一般病床数:199療養病床数:0精神病床数:0感染症病床数:0合計病床数:199】大阪府守口市佐太中町６丁目１７番３３号" }, "geometry": { "type": "Point", "coordinates": [ 135.590458, 34.760614 ] } },
{ "type": "Feature", "properties": { "ID": 2711270002870, "正式名称": "医療法人西浦会　京阪病院", "機関区分": 1, "都道府県コード": 27, "市区町村コード": 209, "所在地": "大阪府守口市八雲中町３－１３－１７", "緯度": 34.746504, "経度": 135.570766, "url": "https://www.iryou.teikyouseido.mhlw.go.jp/znk-web/juminkanja/S2430/initialize?prefCd=27&kikanCd=1270002870&kikanKbn=1", "url2": "http://keihan-hp.nishiurakai.jp/index/", "内容": "医療法人西浦会　京阪病院【1:病院】【診療科目:精神科_神経科】【一般病床数:0療養病床数:0精神病床数:231感染症病床数:0合計病床数:231】大阪府守口市八雲中町３－１３－１７" }, "geometry": { "type": "Point", "coordinates": [ 135.570766, 34.746504 ] } },
{ "type": "Feature", "properties": { "ID": 2711270002890, "正式名称": "社会医療法人　彩樹　守口敬仁会病院", "機関区分": 1, "都道府県コード": 27, "市区町村コード": 209, "所在地": "大阪府守口市八雲東町二丁目４７番１２号", "緯度": 34.746088, "経度": 135.579432, "url": "https://www.iryou.teikyouseido.mhlw.go.jp/znk-web/juminkanja/S2430/initialize?prefCd=27&kikanCd=1270002890&kikanKbn=1", "url2": "http://keijinkai-hp.net", "内容": "社会医療法人　彩樹　守口敬仁会病院【1:病院】【診療科目:内科_糖尿病・内分泌内科_呼吸器内科_循環器内科_消化器内科_腎臓内科_人工透析内科_外科_脳神経外科_呼吸器外科_血管外科_消化器外科_乳腺外科_肛門外科_整形外科_形成外科_婦人科_眼科_耳鼻いんこう科_皮膚科_泌尿器科_精神科_リハビリテーション科_放射線科_病理診断科_麻酔科】【一般病床数:185療養病床数:0精神病床数:0感染症病床数:0合計病床数:185】大阪府守口市八雲東町二丁目４７番１２号" }, "geometry": { "type": "Point", "coordinates": [ 135.579432, 34.746088 ] } },
{ "type": "Feature", "properties": { "ID": 2711270002930, "正式名称": "学校法人　関西医科大学　関西医科大学総合医療センター", "機関区分": 1, "都道府県コード": 27, "市区町村コード": 209, "所在地": "大阪府守口市文園町１０－１５", "緯度": 34.728672, "経度": 135.55624, "url": "https://www.iryou.teikyouseido.mhlw.go.jp/znk-web/juminkanja/S2430/initialize?prefCd=27&kikanCd=1270002930&kikanKbn=1", "url2": "http://www.kmu.ac.jp/takii", "内容": "学校法人　関西医科大学　関西医科大学総合医療センター【1:病院】【診療科目:感染症内科_血液・腫瘍内科_代謝・内分泌内科_脳神経内科_呼吸器内科_循環器内科_消化器内科_腎臓内科_肝臓内科_呼吸器腫瘍アレルギー内科_外科_脳神経外科_呼吸器外科_血管外科_心臓外科_消化器外科_肝臓外科_膵臓外科_胆のう外科_乳腺外科_頭頸部外科_整形外科_形成外科_小児科_産婦人科_眼科_耳鼻いんこう科_皮膚科_泌尿器科_精神科_歯科_歯科口腔外科_リウマチ科_リハビリテーション科_放射線科_病理診断科_臨床検査科_救急科_麻酔科】【一般病床数:438療養病床数:0精神病床数:39感染症病床数:0合計病床数:477】大阪府守口市文園町１０－１５" }, "geometry": { "type": "Point", "coordinates": [ 135.55624, 34.728672 ] } },
{ "type": "Feature", "properties": { "ID": 2711270002940, "正式名称": "パナソニック健康保険組合松下記念病院", "機関区分": 1, "都道府県コード": 27, "市区町村コード": 209, "所在地": "大阪府守口市外島町５－５５", "緯度": 34.743893, "経度": 135.5626, "url": "https://www.iryou.teikyouseido.mhlw.go.jp/znk-web/juminkanja/S2430/initialize?prefCd=27&kikanCd=1270002940&kikanKbn=1", "url2": "https://kenpo.jpn.panasonic.com/kinen/about/access.html", "内容": "パナソニック健康保険組合松下記念病院【1:病院】【診療科目:内科_血液内科_糖尿病・内分泌内科_脳神経内科_呼吸器内科_循環器内科_消化器内科_腎臓内科_肝臓内科_緩和ケア内科_外科_脳神経外科_呼吸器外科_血管外科_消化器外科_乳腺外科_整形外科_小児科_産婦人科_眼科_耳鼻いんこう科_皮膚科_泌尿器科_精神科_歯科口腔外科_リウマチ科_リハビリテーション科_放射線診断科_放射線治療科_病理診断科_臨床検査科_救急科_麻酔科_膠原病・リウマチ内科】【一般病床数:323療養病床数:0精神病床数:0感染症病床数:0合計病床数:323】大阪府守口市外島町５－５５" }, "geometry": { "type": "Point", "coordinates": [ 135.5626, 34.743893 ] } },
{ "type": "Feature", "properties": { "ID": 2711270002950, "正式名称": "社会医療法人　ＯＮＥ　ＦＬＡＧ　牧リハビリテーション病院", "機関区分": 1, "都道府県コード": 27, "市区町村コード": 223, "所在地": "大阪府門真市三ツ島３丁目６番３４号", "緯度": 34.716147, "経度": 135.592543, "url": "https://www.iryou.teikyouseido.mhlw.go.jp/znk-web/juminkanja/S2430/initialize?prefCd=27&kikanCd=1270002950&kikanKbn=1", "url2": "http://www.maki-group.jp/", "内容": "社会医療法人　ＯＮＥ　ＦＬＡＧ　牧リハビリテーション病院【1:病院】【診療科目:リハビリテーション科】【一般病床数:0療養病床数:100精神病床数:0感染症病床数:0合計病床数:100】大阪府門真市三ツ島３丁目６番３４号" }, "geometry": { "type": "Point", "coordinates": [ 135.592543, 34.716147 ] } },
{ "type": "Feature", "properties": { "ID": 2711270002970, "正式名称": "医療法人孟仁会摂南総合病院", "機関区分": 1, "都道府県コード": 27, "市区町村コード": 223, "所在地": "大阪府門真市柳町１番１０号", "緯度": 34.738283, "経度": 135.588626, "url": "https://www.iryou.teikyouseido.mhlw.go.jp/znk-web/juminkanja/S2430/initialize?prefCd=27&kikanCd=1270002970&kikanKbn=1", "url2": null, "内容": "医療法人孟仁会摂南総合病院【1:病院】【診療科目:内科_呼吸器内科_循環器内科_消化器内科_胃腸内科_外科_脳神経外科_整形外科_小児科_産婦人科_眼科_耳鼻いんこう科_皮膚科_泌尿器科_リハビリテーション科_放射線科_麻酔科】【一般病床数:303療養病床数:0精神病床数:0感染症病床数:0合計病床数:303】大阪府門真市柳町１番１０号" }, "geometry": { "type": "Point", "coordinates": [ 135.588626, 34.738283 ] } },
{ "type": "Feature", "properties": { "ID": 2711270002990, "正式名称": "社会医療法人弘道会　萱島生野病院", "機関区分": 1, "都道府県コード": 27, "市区町村コード": 223, "所在地": "大阪府門真市上島町２２－１１", "緯度": 34.745255, "経度": 135.610402, "url": "https://www.iryou.teikyouseido.mhlw.go.jp/znk-web/juminkanja/S2430/initialize?prefCd=27&kikanCd=1270002990&kikanKbn=1", "url2": "http://www.koudoukai.or.jp/kayashima-hp/", "内容": "社会医療法人弘道会　萱島生野病院【1:病院】【診療科目:内科_脳神経内科_循環器内科_消化器内科_腎臓内科_人工透析内科_神経内科_外科_脳神経外科_心臓血管外科_整形外科_小児科_産婦人科_眼科_耳鼻いんこう科_皮膚科_泌尿器科_リハビリテーション科_放射線科_救急科_麻酔科】【一般病床数:140療養病床数:0精神病床数:0感染症病床数:0合計病床数:140】大阪府門真市上島町２２－１１" }, "geometry": { "type": "Point", "coordinates": [ 135.610402, 34.745255 ] } },
{ "type": "Feature", "properties": { "ID": 2711270003020, "正式名称": "医療法人毅峰会　青樹会病院", "機関区分": 1, "都道府県コード": 27, "市区町村コード": 215, "所在地": "大阪府寝屋川市緑町４７－７", "緯度": 34.773919, "経度": 135.630982, "url": "https://www.iryou.teikyouseido.mhlw.go.jp/znk-web/juminkanja/S2430/initialize?prefCd=27&kikanCd=1270003020&kikanKbn=1", "url2": "https://www.seijyukai.or.jp", "内容": "医療法人毅峰会　青樹会病院【1:病院】【診療科目:内科_血液内科_呼吸器内科_循環器内科_消化器内科_血管外科_整形外科_皮膚科_泌尿器科（人工透析）_リハビリテーション科_放射線科】【一般病床数:78療養病床数:0精神病床数:0感染症病床数:0合計病床数:78】大阪府寝屋川市緑町４７－７" }, "geometry": { "type": "Point", "coordinates": [ 135.630982, 34.773919 ] } },
{ "type": "Feature", "properties": { "ID": 2711270003030, "正式名称": "医療法人　全心会　寝屋川ひかり病院", "機関区分": 1, "都道府県コード": 27, "市区町村コード": 215, "所在地": "大阪府寝屋川市石津元町１２番２０号", "緯度": 34.77553, "経度": 135.619788, "url": "https://www.iryou.teikyouseido.mhlw.go.jp/znk-web/juminkanja/S2430/initialize?prefCd=27&kikanCd=1270003030&kikanKbn=1", "url2": "http://www.hikari.or.jp/hospital/neyagawa/", "内容": "医療法人　全心会　寝屋川ひかり病院【1:病院】【診療科目:内科_循環器内科_消化器内科_外科_整形外科_形成外科_皮膚科_リハビリテーション科_放射線科】【一般病床数:51療養病床数:33精神病床数:0感染症病床数:0合計病床数:84】大阪府寝屋川市石津元町１２番２０号" }, "geometry": { "type": "Point", "coordinates": [ 135.619788, 34.77553 ] } },
{ "type": "Feature", "properties": { "ID": 2711270003040, "正式名称": "医療法人和敬会寝屋川南病院", "機関区分": 1, "都道府県コード": 27, "市区町村コード": 215, "所在地": "大阪府寝屋川市高柳１－１－１７", "緯度": 34.765003, "経度": 135.612623, "url": "https://www.iryou.teikyouseido.mhlw.go.jp/znk-web/juminkanja/S2430/initialize?prefCd=27&kikanCd=1270003040&kikanKbn=1", "url2": "http://www.wakeikai.or.jp", "内容": "医療法人和敬会寝屋川南病院【1:病院】【診療科目:内科_呼吸器内科_循環器内科_消化器内科_小児科_アレルギー科_リハビリテーション科_放射線科】【一般病床数:60療養病床数:0精神病床数:0感染症病床数:0合計病床数:60】大阪府寝屋川市高柳１－１－１７" }, "geometry": { "type": "Point", "coordinates": [ 135.612623, 34.765003 ] } },
{ "type": "Feature", "properties": { "ID": 2711270003070, "正式名称": "医療法人　長尾会　ねや川サナトリウム", "機関区分": 1, "都道府県コード": 27, "市区町村コード": 215, "所在地": "大阪府寝屋川市寝屋川公園２３７０番地６", "緯度": 34.762032, "経度": 135.654703, "url": "https://www.iryou.teikyouseido.mhlw.go.jp/znk-web/juminkanja/S2430/initialize?prefCd=27&kikanCd=1270003070&kikanKbn=1", "url2": "http://www.neyasanato.or.jp/neyagawa/index.php", "内容": "医療法人　長尾会　ねや川サナトリウム【1:病院】【診療科目:内科_脳神経内科_循環器内科_精神科_心療内科_老年精神科_歯科_リハビリテーション科_放射線科】【一般病床数:0療養病床数:0精神病床数:253感染症病床数:0合計病床数:253】大阪府寝屋川市寝屋川公園２３７０番地６" }, "geometry": { "type": "Point", "coordinates": [ 135.654703, 34.762032 ] } },
{ "type": "Feature", "properties": { "ID": 2711270003080, "正式名称": "医療法人　河北会　河北病院", "機関区分": 1, "都道府県コード": 27, "市区町村コード": 215, "所在地": "大阪府寝屋川市河北東町１９－１", "緯度": 34.72909, "経度": 135.631317, "url": "https://www.iryou.teikyouseido.mhlw.go.jp/znk-web/juminkanja/S2430/initialize?prefCd=27&kikanCd=1270003080&kikanKbn=1", "url2": "http://www.kahoku.or.jp", "内容": "医療法人　河北会　河北病院【1:病院】【診療科目:内科_外科_整形外科_皮膚科_リハビリテーション科_放射線科】【一般病床数:40療養病床数:130精神病床数:0感染症病床数:0合計病床数:170】大阪府寝屋川市河北東町１９－１" }, "geometry": { "type": "Point", "coordinates": [ 135.631317, 34.72909 ] } },
{ "type": "Feature", "properties": { "ID": 2711270003090, "正式名称": "医療法人　大慶会　星光病院", "機関区分": 1, "都道府県コード": 27, "市区町村コード": 215, "所在地": "大阪府寝屋川市豊野町１４番５号", "緯度": 34.766614, "経度": 135.627288, "url": "https://www.iryou.teikyouseido.mhlw.go.jp/znk-web/juminkanja/S2430/initialize?prefCd=27&kikanCd=1270003090&kikanKbn=1", "url2": "http://seiko-hp.com", "内容": "医療法人　大慶会　星光病院【1:病院】【診療科目:内科_循環器内科_消化器内科_外科_脳神経外科_乳腺外科_整形外科_耳鼻いんこう科_リウマチ科_リハビリテーション科_放射線科_麻酔科】【一般病床数:107療養病床数:0精神病床数:0感染症病床数:0合計病床数:107】大阪府寝屋川市豊野町１４番５号" }, "geometry": { "type": "Point", "coordinates": [ 135.627288, 34.766614 ] } },
{ "type": "Feature", "properties": { "ID": 2711270003100, "正式名称": "医療法人一祐会藤本病院", "機関区分": 1, "都道府県コード": 27, "市区町村コード": 215, "所在地": "大阪府寝屋川市八坂町２－３", "緯度": 34.76542, "経度": 135.624205, "url": "https://www.iryou.teikyouseido.mhlw.go.jp/znk-web/juminkanja/S2430/initialize?prefCd=27&kikanCd=1270003100&kikanKbn=1", "url2": "http://www.ichiyukai.jp", "内容": "医療法人一祐会藤本病院【1:病院】【診療科目:内科_循環器内科_消化器内科_外科_消化器外科_内視鏡外科_整形外科_産婦人科_泌尿器科_リハビリテーション科_麻酔科】【一般病床数:148療養病床数:0精神病床数:0感染症病床数:0合計病床数:148】大阪府寝屋川市八坂町２－３" }, "geometry": { "type": "Point", "coordinates": [ 135.624205, 34.76542 ] } },
{ "type": "Feature", "properties": { "ID": 2711270003120, "正式名称": "社会医療法人山弘会　上山病院", "機関区分": 1, "都道府県コード": 27, "市区町村コード": 215, "所在地": "大阪府寝屋川市秦町１５－３", "緯度": 34.766059, "経度": 135.630788, "url": "https://www.iryou.teikyouseido.mhlw.go.jp/znk-web/juminkanja/S2430/initialize?prefCd=27&kikanCd=1270003120&kikanKbn=1", "url2": "http://www.ueyamabyouin.com", "内容": "社会医療法人山弘会　上山病院【1:病院】【診療科目:内科_循環器内科_消化器内科_ペインクリニック内科_外科_脳神経外科_整形外科_形成外科_泌尿器科_リハビリテーション科_放射線科_麻酔科】【一般病床数:189療養病床数:0精神病床数:0感染症病床数:0合計病床数:189】大阪府寝屋川市秦町１５－３" }, "geometry": { "type": "Point", "coordinates": [ 135.630788, 34.766059 ] } },
{ "type": "Feature", "properties": { "ID": 2711270003130, "正式名称": "医療法人協仁会小松病院", "機関区分": 1, "都道府県コード": 27, "市区町村コード": 215, "所在地": "大阪府寝屋川市川勝町１１－６", "緯度": 34.767447, "経度": 135.632538, "url": "https://www.iryou.teikyouseido.mhlw.go.jp/znk-web/juminkanja/S2430/initialize?prefCd=27&kikanCd=1270003130&kikanKbn=1", "url2": "http://www.komatsu.or.jp/", "内容": "医療法人協仁会小松病院【1:病院】【診療科目:内科_糖尿病内科_呼吸器内科_循環器内科_消化器内科_神経内科_緩和ケア内科_外科_消化器外科_整形外科_小児科_眼科_耳鼻いんこう科_皮膚科_泌尿器科_精神科_歯科_歯科口腔外科_アレルギー科_リウマチ科_リハビリテーション科_放射線科_臨床検査科_麻酔科】【一般病床数:180療養病床数:0精神病床数:0感染症病床数:0合計病床数:180】大阪府寝屋川市川勝町１１－６" }, "geometry": { "type": "Point", "coordinates": [ 135.632538, 34.767447 ] } },
{ "type": "Feature", "properties": { "ID": 2711270003190, "正式名称": "医療法人大寿会　大寿会病院", "機関区分": 1, "都道府県コード": 27, "市区町村コード": 210, "所在地": "大阪府枚方市伊加賀西町４７－１", "緯度": 34.804221, "経度": 135.623509, "url": "https://www.iryou.teikyouseido.mhlw.go.jp/znk-web/juminkanja/S2430/initialize?prefCd=27&kikanCd=1270003190&kikanKbn=1", "url2": "https://daijukai.net", "内容": "医療法人大寿会　大寿会病院【1:病院】【診療科目:内科_リハビリテーション科】【一般病床数:0療養病床数:385精神病床数:0感染症病床数:0合計病床数:385】大阪府枚方市伊加賀西町４７－１" }, "geometry": { "type": "Point", "coordinates": [ 135.623509, 34.804221 ] } },
{ "type": "Feature", "properties": { "ID": 2711270003200, "正式名称": "東香里病院", "機関区分": 1, "都道府県コード": 27, "市区町村コード": 210, "所在地": "大阪府枚方市東香里１－２４－３４", "緯度": 34.780141, "経度": 135.656896, "url": "https://www.iryou.teikyouseido.mhlw.go.jp/znk-web/juminkanja/S2430/initialize?prefCd=27&kikanCd=1270003200&kikanKbn=1", "url2": "http://www.higashikouri-hp.com", "内容": "東香里病院【1:病院】【診療科目:内科_糖尿病内科_循環器内科_腎臓内科_人工透析内科_外科_整形外科_形成外科_婦人科_眼科_耳鼻いんこう科_皮膚科_泌尿器科_精神科_心療内科_リハビリテーション科_放射線科_麻酔科】【一般病床数:60療養病床数:40精神病床数:95感染症病床数:0合計病床数:195】大阪府枚方市東香里１－２４－３４" }, "geometry": { "type": "Point", "coordinates": [ 135.656896, 34.780141 ] } },
{ "type": "Feature", "properties": { "ID": 2711270003220, "正式名称": "医療法人　中屋覚志会　津田病院", "機関区分": 1, "都道府県コード": 27, "市区町村コード": 210, "所在地": "大阪府枚方市津田北町３丁目３０番１号", "緯度": 34.813694, "経度": 135.711973, "url": "https://www.iryou.teikyouseido.mhlw.go.jp/znk-web/juminkanja/S2430/initialize?prefCd=27&kikanCd=1270003220&kikanKbn=1", "url2": "http://www.nakaya-kakushikai.com/tuda-h", "内容": "医療法人　中屋覚志会　津田病院【1:病院】【診療科目:内科_糖尿病内科_呼吸器内科_循環器内科_消化器内科_神経内科_外科_整形外科_リウマチ科_リハビリテーション科_放射線科】【一般病床数:38療養病床数:10精神病床数:0感染症病床数:0合計病床数:48】大阪府枚方市津田北町３丁目３０番１号" }, "geometry": { "type": "Point", "coordinates": [ 135.711973, 34.813694 ] } },
{ "type": "Feature", "properties": { "ID": 2711270003250, "正式名称": "医療法人松徳会松谷病院", "機関区分": 1, "都道府県コード": 27, "市区町村コード": 210, "所在地": "大阪府枚方市津田西町１－２９－８", "緯度": 34.807639, "経度": 135.699308, "url": "https://www.iryou.teikyouseido.mhlw.go.jp/znk-web/juminkanja/S2430/initialize?prefCd=27&kikanCd=1270003250&kikanKbn=1", "url2": "http://www.matsutani.or.jp/", "内容": "医療法人松徳会松谷病院【1:病院】【診療科目:内科_呼吸器内科_循環器内科_消化器内科_アレルギー科_リハビリテーション科_放射線科】【一般病床数:0療養病床数:40精神病床数:0感染症病床数:0合計病床数:40】大阪府枚方市津田西町１－２９－８" }, "geometry": { "type": "Point", "coordinates": [ 135.699308, 34.807639 ] } },
{ "type": "Feature", "properties": { "ID": 2711270003270, "正式名称": "国家公務員共済組合連合会枚方公済病院", "機関区分": 1, "都道府県コード": 27, "市区町村コード": 210, "所在地": "大阪府枚方市藤阪東町一丁目２番１号", "緯度": 34.819165, "経度": 135.710279, "url": "https://www.iryou.teikyouseido.mhlw.go.jp/znk-web/juminkanja/S2430/initialize?prefCd=27&kikanCd=1270003270&kikanKbn=1", "url2": "https://hirakoh.kkr.or.jp/", "内容": "国家公務員共済組合連合会枚方公済病院【1:病院】【診療科目:内科_血液内科_代謝・内分泌内科_脳神経内科_呼吸器内科_循環器内科_消化器内科_腎臓内科_腫瘍内科_内視鏡内科_外科_脳神経外科_呼吸器外科_心臓血管外科_消化器外科_乳腺外科_肛門外科_整形外科_小児科_小児外科_眼科_耳鼻いんこう科_皮膚科_泌尿器科_歯科口腔外科_リウマチ科_リハビリテーション科_放射線科_救急科_麻酔科】【一般病床数:313療養病床数:0精神病床数:0感染症病床数:0合計病床数:313】大阪府枚方市藤阪東町一丁目２番１号" }, "geometry": { "type": "Point", "coordinates": [ 135.710279, 34.819165 ] } },
{ "type": "Feature", "properties": { "ID": 2711270003300, "正式名称": "社会医療法人美杉会　佐藤病院", "機関区分": 1, "都道府県コード": 27, "市区町村コード": 210, "所在地": "大阪府枚方市養父東町６５番１号", "緯度": 34.844357, "経度": 135.680225, "url": "https://www.iryou.teikyouseido.mhlw.go.jp/znk-web/juminkanja/S2430/initialize?prefCd=27&kikanCd=1270003300&kikanKbn=1", "url2": "http://www.misugikai.jp", "内容": "社会医療法人美杉会　佐藤病院【1:病院】【診療科目:内科_血液内科_糖尿病内科_内分泌内科_呼吸器内科_循環器内科_消化器内科_腎臓内科_人工透析内科_神経内科_外科_脳神経外科_呼吸器外科_消化器外科_乳腺外科_肛門外科_腫瘍外科_内視鏡外科_整形外科_形成外科_小児科_眼科_耳鼻いんこう科_皮膚科_泌尿器科_アレルギー科_リウマチ科_リハビリテーション科_放射線診断科_放射線治療科_救急科_麻酔科】【一般病床数:177療養病床数:0精神病床数:0感染症病床数:0合計病床数:177】大阪府枚方市養父東町６５番１号" }, "geometry": { "type": "Point", "coordinates": [ 135.680225, 34.844357 ] } },
{ "type": "Feature", "properties": { "ID": 2711270003320, "正式名称": "医療法人亀廣記念医学会関西記念病院", "機関区分": 1, "都道府県コード": 27, "市区町村コード": 210, "所在地": "大阪府枚方市西招提町２１９８", "緯度": 34.846445, "経度": 135.682464, "url": "https://www.iryou.teikyouseido.mhlw.go.jp/znk-web/juminkanja/S2430/initialize?prefCd=27&kikanCd=1270003320&kikanKbn=1", "url2": "http://www.kansai-kinen.or.jp", "内容": "医療法人亀廣記念医学会関西記念病院【1:病院】【診療科目:内科_皮膚科_精神科_心療内科】【一般病床数:0療養病床数:0精神病床数:261感染症病床数:0合計病床数:261】大阪府枚方市西招提町２１９８" }, "geometry": { "type": "Point", "coordinates": [ 135.682464, 34.846445 ] } },
{ "type": "Feature", "properties": { "ID": 2711270003330, "正式名称": "医療法人愛和会新世病院", "機関区分": 1, "都道府県コード": 27, "市区町村コード": 210, "所在地": "大阪府枚方市田口５丁目１１番１号", "緯度": 34.827386, "経度": 135.683614, "url": "https://www.iryou.teikyouseido.mhlw.go.jp/znk-web/juminkanja/S2430/initialize?prefCd=27&kikanCd=1270003330&kikanKbn=1", "url2": "https://aiwa1982.sakura.ne.jp/", "内容": "医療法人愛和会新世病院【1:病院】【診療科目:内科_脳神経内科_外科_脳神経外科_整形外科_泌尿器科_リハビリテーション科_放射線科】【一般病床数:60療養病床数:60精神病床数:0感染症病床数:0合計病床数:120】大阪府枚方市田口５丁目１１番１号" }, "geometry": { "type": "Point", "coordinates": [ 135.683614, 34.827386 ] } },
{ "type": "Feature", "properties": { "ID": 2711270003350, "正式名称": "関西医科大学附属病院", "機関区分": 1, "都道府県コード": 27, "市区町村コード": 210, "所在地": "大阪府枚方市新町２丁目３番１号", "緯度": 34.817526, "経度": 135.64534, "url": "https://www.iryou.teikyouseido.mhlw.go.jp/znk-web/juminkanja/S2430/initialize?prefCd=27&kikanCd=1270003350&kikanKbn=1", "url2": "https://hp.kmu.ac.jp/", "内容": "関西医科大学附属病院【1:病院】【診療科目:感染症内科_血液・腫瘍内科_糖尿病内科_代謝内科_内分泌内科_脳神経内科_呼吸器内科_循環器内科_消化器内科_腎臓内科_肝臓内科_脳神経外科_脳・血管外科_呼吸器外科_血管外科_心臓血管外科_消化器外科_肝臓外科_膵臓外科_胆のう外科_乳腺外科_頭頸部外科_整形外科_形成外科_小児科_小児外科_産婦人科_眼科_耳鼻いんこう科_皮膚科_泌尿器科_精神科_心療内科_歯科_歯科口腔外科_リウマチ科_リハビリテーション科_放射線科_病理診断科_臨床検査科_救急科_麻酔科】【一般病床数:797療養病床数:0精神病床数:0感染症病床数:0合計病床数:797】大阪府枚方市新町２丁目３番１号" }, "geometry": { "type": "Point", "coordinates": [ 135.64534, 34.817526 ] } },
{ "type": "Feature", "properties": { "ID": 2711270003370, "正式名称": "医療法人昭征会坂野病院", "機関区分": 1, "都道府県コード": 27, "市区町村コード": 210, "所在地": "大阪府枚方市中宮本町４番５号", "緯度": 34.820609, "経度": 135.662505, "url": "https://www.iryou.teikyouseido.mhlw.go.jp/znk-web/juminkanja/S2430/initialize?prefCd=27&kikanCd=1270003370&kikanKbn=1", "url2": "http://www.sakano.or.jp/", "内容": "医療法人昭征会坂野病院【1:病院】【診療科目:内科_消化器内科_外科_循環器外科_消化器外科_肛門外科_整形外科_皮膚科_リハビリテーション科_放射線科】【一般病床数:0療養病床数:50精神病床数:0感染症病床数:0合計病床数:50】大阪府枚方市中宮本町４番５号" }, "geometry": { "type": "Point", "coordinates": [ 135.662505, 34.820609 ] } },
{ "type": "Feature", "properties": { "ID": 2711270003380, "正式名称": "独立行政法人地域医療機能推進機構星ヶ丘医療センター", "機関区分": 1, "都道府県コード": 27, "市区町村コード": 210, "所在地": "大阪府枚方市星丘４－８－１", "緯度": 34.81136, "経度": 135.667727, "url": "https://www.iryou.teikyouseido.mhlw.go.jp/znk-web/juminkanja/S2430/initialize?prefCd=27&kikanCd=1270003380&kikanKbn=1", "url2": "http://hoshigaoka.jcho.go.jp", "内容": "独立行政法人地域医療機能推進機構星ヶ丘医療センター【1:病院】【診療科目:内科_糖尿病内科_脳神経内科_呼吸器内科_循環器内科_消化器内科_外科_脳神経外科_呼吸器外科_血管外科_心臓血管外科_整形外科_形成外科_小児科_婦人科_眼科_耳鼻いんこう科_皮膚科_泌尿器科_精神科_神経科_歯科_歯科口腔外科_リハビリテーション科_放射線科_病理診断科_臨床検査科_救急科_麻酔科】【一般病床数:402療養病床数:0精神病床数:0感染症病床数:0合計病床数:402】大阪府枚方市星丘４－８－１" }, "geometry": { "type": "Point", "coordinates": [ 135.667727, 34.81136 ] } },
{ "type": "Feature", "properties": { "ID": 2711270003390, "正式名称": "社会医療法人若弘会　わかくさ竜間リハビリテーション病院", "機関区分": 1, "都道府県コード": 27, "市区町村コード": 218, "所在地": "大阪府大東市大字龍間１５８０", "緯度": 34.709704, "経度": 135.657621, "url": "https://www.iryou.teikyouseido.mhlw.go.jp/znk-web/juminkanja/S2430/initialize?prefCd=27&kikanCd=1270003390&kikanKbn=1", "url2": "http://www.wakakoukai.or.jp", "内容": "社会医療法人若弘会　わかくさ竜間リハビリテーション病院【1:病院】【診療科目:内科_皮膚科_歯科_リハビリテーション科_放射線科】【一般病床数:212療養病床数:288精神病床数:0感染症病床数:0合計病床数:500】大阪府大東市大字龍間１５８０" }, "geometry": { "type": "Point", "coordinates": [ 135.657621, 34.709704 ] } },
{ "type": "Feature", "properties": { "ID": 2711270003400, "正式名称": "医療法人仁泉会　阪奈病院", "機関区分": 1, "都道府県コード": 27, "市区町村コード": 218, "所在地": "大阪府大東市寺川１－１－３１", "緯度": 34.70887, "経度": 135.639567, "url": "https://www.iryou.teikyouseido.mhlw.go.jp/znk-web/juminkanja/S2430/initialize?prefCd=27&kikanCd=1270003400&kikanKbn=1", "url2": "http://www.jinsen.jp/~hanna/", "内容": "医療法人仁泉会　阪奈病院【1:病院】【診療科目:内科_呼吸器内科_整形外科_皮膚科_歯科_リハビリテーション科_放射線科】【一般病床数:36療養病床数:57精神病床数:0感染症病床数:0合計病床数:192】大阪府大東市寺川１－１－３１" }, "geometry": { "type": "Point", "coordinates": [ 135.639567, 34.70887 ] } },
{ "type": "Feature", "properties": { "ID": 2711270003410, "正式名称": "医療法人藤井会大東中央病院", "機関区分": 1, "都道府県コード": 27, "市区町村コード": 218, "所在地": "大阪府大東市大野２丁目丁目１番１１号", "緯度": 34.703426, "経度": 135.618208, "url": "https://www.iryou.teikyouseido.mhlw.go.jp/znk-web/juminkanja/S2430/initialize?prefCd=27&kikanCd=1270003410&kikanKbn=1", "url2": "http://daito-central-hp.com", "内容": "医療法人藤井会大東中央病院【1:病院】【診療科目:内科_呼吸器内科_循環器内科_消化器内科_外科_脳神経外科_整形外科_形成外科_小児外科_耳鼻いんこう科_皮膚科_泌尿器科_リウマチ科_リハビリテーション科_放射線科_麻酔科】【一般病床数:117療養病床数:0精神病床数:0感染症病床数:0合計病床数:117】大阪府大東市大野２丁目丁目１番１１号" }, "geometry": { "type": "Point", "coordinates": [ 135.618208, 34.703426 ] } },
{ "type": "Feature", "properties": { "ID": 2711270003420, "正式名称": "医療法人仁泉会　仁泉会病院", "機関区分": 1, "都道府県コード": 27, "市区町村コード": 218, "所在地": "大阪府大東市諸福８－２－２２", "緯度": 34.706314, "経度": 135.595043, "url": "https://www.iryou.teikyouseido.mhlw.go.jp/znk-web/juminkanja/S2430/initialize?prefCd=27&kikanCd=1270003420&kikanKbn=1", "url2": "http://www.jinsen.jp/~hosp/", "内容": "医療法人仁泉会　仁泉会病院【1:病院】【診療科目:内科_呼吸器内科_循環器内科_腎臓内科_外科_脳神経外科_整形外科_皮膚科_泌尿器科_リハビリテーション科_麻酔科】【一般病床数:93療養病床数:47精神病床数:0感染症病床数:0合計病床数:140】大阪府大東市諸福８－２－２２" }, "geometry": { "type": "Point", "coordinates": [ 135.595043, 34.706314 ] } },
{ "type": "Feature", "properties": { "ID": 2711270003430, "正式名称": "医療法人徳洲会　野崎徳洲会病院", "機関区分": 1, "都道府県コード": 27, "市区町村コード": 218, "所在地": "大阪府大東市谷川２丁目１０番５０号", "緯度": 34.711148, "経度": 135.633679, "url": "https://www.iryou.teikyouseido.mhlw.go.jp/znk-web/juminkanja/S2430/initialize?prefCd=27&kikanCd=1270003430&kikanKbn=1", "url2": "http://www.tokushukai.or.jp/nozakihp/index.html", "内容": "医療法人徳洲会　野崎徳洲会病院【1:病院】【診療科目:内科_循環器内科_消化器内科_腎臓内科_神経内科_外科_脳神経外科_呼吸器外科_心臓血管外科_整形外科_形成外科_小児科_婦人科_眼科_皮膚科_泌尿器科_歯科口腔外科_リハビリテーション科_放射線科_病理診断科_救急科_麻酔科】【一般病床数:218療養病床数:0精神病床数:0感染症病床数:0合計病床数:218】大阪府大東市谷川２丁目１０番５０号" }, "geometry": { "type": "Point", "coordinates": [ 135.633679, 34.711148 ] } },
{ "type": "Feature", "properties": { "ID": 2711270003450, "正式名称": "医療法人和幸会　阪奈サナトリウム", "機関区分": 1, "都道府県コード": 27, "市区町村コード": 229, "所在地": "大阪府四條畷市上田原６１３", "緯度": 34.722787, "経度": 135.69559, "url": "https://www.iryou.teikyouseido.mhlw.go.jp/znk-web/juminkanja/S2430/initialize?prefCd=27&kikanCd=1270003450&kikanKbn=1", "url2": "https://www.wakoucai.or.jp/hanna-sanato/", "内容": "医療法人和幸会　阪奈サナトリウム【1:病院】【診療科目:内科_精神科_心療内科】【一般病床数:0療養病床数:48精神病床数:213感染症病床数:0合計病床数:261】大阪府四條畷市上田原６１３" }, "geometry": { "type": "Point", "coordinates": [ 135.69559, 34.722787 ] } },
{ "type": "Feature", "properties": { "ID": 2711270003460, "正式名称": "社会医療法人　信愛会　畷生会脳神経外科病院", "機関区分": 1, "都道府県コード": 27, "市区町村コード": 229, "所在地": "大阪府四條畷市中野本町２８－１", "緯度": 34.743339, "経度": 135.63801, "url": "https://www.iryou.teikyouseido.mhlw.go.jp/znk-web/juminkanja/S2430/initialize?prefCd=27&kikanCd=1270003460&kikanKbn=1", "url2": "http://www.tesseikai.jp/", "内容": "社会医療法人　信愛会　畷生会脳神経外科病院【1:病院】【診療科目:内科_糖尿病・代謝内科_呼吸器内科_循環器内科_消化器内科_外科_脳神経外科_整形外科_形成外科_眼科_皮膚科_泌尿器科_リハビリテーション科_放射線科_救急科_麻酔科】【一般病床数:228療養病床数:42精神病床数:0感染症病床数:0合計病床数:270】大阪府四條畷市中野本町２８－１" }, "geometry": { "type": "Point", "coordinates": [ 135.63801, 34.743339 ] } },
{ "type": "Feature", "properties": { "ID": 2711270003470, "正式名称": "医療法人和敬会　星田南病院", "機関区分": 1, "都道府県コード": 27, "市区町村コード": 230, "所在地": "大阪府交野市藤ヶ尾３－５－１", "緯度": 34.76817, "経度": 135.676562, "url": "https://www.iryou.teikyouseido.mhlw.go.jp/znk-web/juminkanja/S2430/initialize?prefCd=27&kikanCd=1270003470&kikanKbn=1", "url2": "http://www.wakeikai.or.jp/hoshida", "内容": "医療法人和敬会　星田南病院【1:病院】【診療科目:内科_循環器内科_消化器内科_小児科_耳鼻いんこう科_アレルギー科_リハビリテーション科_放射線科】【一般病床数:60療養病床数:0精神病床数:0感染症病床数:0合計病床数:60】大阪府交野市藤ヶ尾３－５－１" }, "geometry": { "type": "Point", "coordinates": [ 135.676562, 34.76817 ] } },
{ "type": "Feature", "properties": { "ID": 2711270003490, "正式名称": "医療法人　清和会　ながはら病院", "機関区分": 1, "都道府県コード": 27, "市区町村コード": 227, "所在地": "大阪府東大阪市長田西４丁目３番１３号", "緯度": 34.679761, "経度": 135.587518, "url": "https://www.iryou.teikyouseido.mhlw.go.jp/znk-web/juminkanja/S2430/initialize?prefCd=27&kikanCd=1270003490&kikanKbn=1", "url2": "http://www.nagahara-hp.jp", "内容": "医療法人　清和会　ながはら病院【1:病院】【診療科目:内科_糖尿病内科_糖尿病・内分泌内科_循環器内科_消化器内科_腎臓内科_人工透析内科_外科_脳神経外科_整形外科_皮膚科_泌尿器科_リハビリテーション科_放射線科_臨床検査科】【一般病床数:48療養病床数:96精神病床数:0感染症病床数:0合計病床数:144】大阪府東大阪市長田西４丁目３番１３号" }, "geometry": { "type": "Point", "coordinates": [ 135.587518, 34.679761 ] } },
{ "type": "Feature", "properties": { "ID": 2711270003510, "正式名称": "医療法人　社団丸山会　八戸の里病院", "機関区分": 1, "都道府県コード": 27, "市区町村コード": 227, "所在地": "大阪府東大阪市下小阪３－１６－１４", "緯度": 34.660652, "経度": 135.588268, "url": "https://www.iryou.teikyouseido.mhlw.go.jp/znk-web/juminkanja/S2430/initialize?prefCd=27&kikanCd=1270003510&kikanKbn=1", "url2": "http://www.yaenosatohp.or.jp", "内容": "医療法人　社団丸山会　八戸の里病院【1:病院】【診療科目:内科_循環器内科_外科_脳神経外科_心臓血管外科_整形外科_皮膚科_リウマチ科_リハビリテーション科_放射線科_臨床検査科_救急科_麻酔科】【一般病床数:95療養病床数:0精神病床数:0感染症病床数:0合計病床数:95】大阪府東大阪市下小阪３－１６－１４" }, "geometry": { "type": "Point", "coordinates": [ 135.588268, 34.660652 ] } },
{ "type": "Feature", "properties": { "ID": 2711270003520, "正式名称": "医療法人宝持会池田病院", "機関区分": 1, "都道府県コード": 27, "市区町村コード": 227, "所在地": "大阪府東大阪市宝持１丁目９番２８号", "緯度": 34.656097, "経度": 135.58888, "url": "https://www.iryou.teikyouseido.mhlw.go.jp/znk-web/juminkanja/S2430/initialize?prefCd=27&kikanCd=1270003520&kikanKbn=1", "url2": "https://ikeda-hospital.com", "内容": "医療法人宝持会池田病院【1:病院】【診療科目:内科_脳神経内科_循環器内科_消化器内科_外科_消化器外科_乳腺外科_整形外科_眼科_皮膚科_リハビリテーション科_放射線科_麻酔科】【一般病床数:139療養病床数:60精神病床数:0感染症病床数:0合計病床数:199】大阪府東大阪市宝持１丁目９番２８号" }, "geometry": { "type": "Point", "coordinates": [ 135.58888, 34.656097 ] } },
{ "type": "Feature", "properties": { "ID": 2711270003540, "正式名称": "社会福祉法人天心会小阪病院", "機関区分": 1, "都道府県コード": 27, "市区町村コード": 227, "所在地": "大阪府東大阪市永和２丁目７番３０号", "緯度": 34.662319, "経度": 135.574325, "url": "https://www.iryou.teikyouseido.mhlw.go.jp/znk-web/juminkanja/S2430/initialize?prefCd=27&kikanCd=1270003540&kikanKbn=1", "url2": "https://www.kosaka-ten.or.jp", "内容": "社会福祉法人天心会小阪病院【1:病院】【診療科目:内科_精神科_神経科】【一般病床数:0療養病床数:0精神病床数:537感染症病床数:0合計病床数:537】大阪府東大阪市永和２丁目７番３０号" }, "geometry": { "type": "Point", "coordinates": [ 135.574325, 34.662319 ] } },
{ "type": "Feature", "properties": { "ID": 2711270003550, "正式名称": "医療法人康生会弥刀中央病院", "機関区分": 1, "都道府県コード": 27, "市区町村コード": 227, "所在地": "大阪府東大阪市友井３－２－１３", "緯度": 34.642071, "経度": 135.584603, "url": "https://www.iryou.teikyouseido.mhlw.go.jp/znk-web/juminkanja/S2430/initialize?prefCd=27&kikanCd=1270003550&kikanKbn=1", "url2": "http://mitohp.jp/", "内容": "医療法人康生会弥刀中央病院【1:病院】【診療科目:内科_循環器内科_消化器内科_リハビリテーション科_放射線科】【一般病床数:0療養病床数:107精神病床数:0感染症病床数:0合計病床数:107】大阪府東大阪市友井３－２－１３" }, "geometry": { "type": "Point", "coordinates": [ 135.584603, 34.642071 ] } },
{ "type": "Feature", "properties": { "ID": 2711270003560, "正式名称": "医療福祉生活協同組合おおさか　東大阪生協病院", "機関区分": 1, "都道府県コード": 27, "市区町村コード": 227, "所在地": "大阪府東大阪市長瀬町１丁目７番７号", "緯度": 34.650931, "経度": 135.576298, "url": "https://www.iryou.teikyouseido.mhlw.go.jp/znk-web/juminkanja/S2430/initialize?prefCd=27&kikanCd=1270003560&kikanKbn=1", "url2": "https://higasiosaka-hp.com/", "内容": "医療福祉生活協同組合おおさか　東大阪生協病院【1:病院】【診療科目:内科_呼吸器内科_循環器内科_消化器内科_神経内科_外科_肛門外科_整形外科_小児科_眼科_リハビリテーション科_放射線科】【一般病床数:99療養病床数:0精神病床数:0感染症病床数:0合計病床数:99】大阪府東大阪市長瀬町１丁目７番７号" }, "geometry": { "type": "Point", "coordinates": [ 135.576298, 34.650931 ] } },
{ "type": "Feature", "properties": { "ID": 2711270003580, "正式名称": "医療法人仁風会牧野病院", "機関区分": 1, "都道府県コード": 27, "市区町村コード": 227, "所在地": "大阪府東大阪市太平寺１丁目９番２６号", "緯度": 34.656819, "経度": 135.566937, "url": "https://www.iryou.teikyouseido.mhlw.go.jp/znk-web/juminkanja/S2430/initialize?prefCd=27&kikanCd=1270003580&kikanKbn=1", "url2": "http://www.makino-hosp.jp", "内容": "医療法人仁風会牧野病院【1:病院】【診療科目:内科_胃腸内科_外科_整形外科_皮膚科_リハビリテーション科_放射線科】【一般病床数:120療養病床数:60精神病床数:0感染症病床数:0合計病床数:180】大阪府東大阪市太平寺１丁目９番２６号" }, "geometry": { "type": "Point", "coordinates": [ 135.566937, 34.656819 ] } },
{ "type": "Feature", "properties": { "ID": 2711270003600, "正式名称": "医療法人孟仁会　東大阪山路病院", "機関区分": 1, "都道府県コード": 27, "市区町村コード": 227, "所在地": "大阪府東大阪市稲葉１－７－５", "緯度": 34.670735, "経度": 135.613599, "url": "https://www.iryou.teikyouseido.mhlw.go.jp/znk-web/juminkanja/S2430/initialize?prefCd=27&kikanCd=1270003600&kikanKbn=1", "url2": "http://www.yamajireha.wix.com/yamaji-hp", "内容": "医療法人孟仁会　東大阪山路病院【1:病院】【診療科目:内科_循環器内科_外科_脳神経外科_整形外科_耳鼻いんこう科_皮膚泌尿器科_精神科_リハビリテーション科_放射線科】【一般病床数:181療養病床数:33精神病床数:0感染症病床数:0合計病床数:214】大阪府東大阪市稲葉１－７－５" }, "geometry": { "type": "Point", "coordinates": [ 135.613599, 34.670735 ] } },
{ "type": "Feature", "properties": { "ID": 2711270003620, "正式名称": "医療法人　寿山会　喜馬病院", "機関区分": 1, "都道府県コード": 27, "市区町村コード": 227, "所在地": "大阪府東大阪市岩田町４丁目２番８号", "緯度": 34.66443, "経度": 135.6091, "url": "https://www.iryou.teikyouseido.mhlw.go.jp/znk-web/juminkanja/S2430/initialize?prefCd=27&kikanCd=1270003620&kikanKbn=1", "url2": "http://www.juzankai.com", "内容": "医療法人　寿山会　喜馬病院【1:病院】【診療科目:内科_消化器内科_外科_脳神経外科_肛門外科_整形外科_リハビリテーション科_放射線科_麻酔科】【一般病床数:43療養病床数:80精神病床数:0感染症病床数:0合計病床数:123】大阪府東大阪市岩田町４丁目２番８号" }, "geometry": { "type": "Point", "coordinates": [ 135.6091, 34.66443 ] } },
{ "type": "Feature", "properties": { "ID": 2711270003640, "正式名称": "医療法人河内友紘会　河内総合病院", "機関区分": 1, "都道府県コード": 27, "市区町村コード": 227, "所在地": "大阪府東大阪市横枕１番３１号", "緯度": 34.67929, "経度": 135.607877, "url": "https://www.iryou.teikyouseido.mhlw.go.jp/znk-web/juminkanja/S2430/initialize?prefCd=27&kikanCd=1270003640&kikanKbn=1", "url2": "http://kawati.or.jp", "内容": "医療法人河内友紘会　河内総合病院【1:病院】【診療科目:内科_糖尿病内科_呼吸器内科_循環器内科_心臓血管内科_消化器内科_外科_脳神経外科_心臓血管外科_整形外科_形成外科_小児科_産婦人科_眼科_耳鼻いんこう科_皮膚科_泌尿器科_歯科_歯科口腔外科_小児歯科_リハビリテーション科_放射線科_臨床検査科_救急科_麻酔科】【一般病床数:322療養病床数:0精神病床数:0感染症病床数:0合計病床数:322】大阪府東大阪市横枕１番３１号" }, "geometry": { "type": "Point", "coordinates": [ 135.607877, 34.67929 ] } },
{ "type": "Feature", "properties": { "ID": 2711270003670, "正式名称": "医療法人藤井会石切生喜病院", "機関区分": 1, "都道府県コード": 27, "市区町村コード": 227, "所在地": "大阪府東大阪市弥生町１８－２８", "緯度": 34.678374, "経度": 135.635014, "url": "https://www.iryou.teikyouseido.mhlw.go.jp/znk-web/juminkanja/S2430/initialize?prefCd=27&kikanCd=1270003670&kikanKbn=1", "url2": "https://www.ishikiriseiki.or.jp/", "内容": "医療法人藤井会石切生喜病院【1:病院】【診療科目:内科_血液内科_糖尿病・代謝内科_脳神経内科_呼吸器内科_循環器内科_消化器内科_腎臓内科_呼吸器腫瘍内科_外科_脳神経外科_呼吸器外科_心臓血管外科_消化器外科_肝臓・胆のう・膵臓外科_乳腺外科_整形外科_形成外科_婦人科_眼科_耳鼻いんこう科_皮膚科_泌尿器科_リハビリテーション科_放射線診断科_放射線治療科_病理診断科_救急科_麻酔科】【一般病床数:331療養病床数:0精神病床数:0感染症病床数:0合計病床数:331】大阪府東大阪市弥生町１８－２８" }, "geometry": { "type": "Point", "coordinates": [ 135.635014, 34.678374 ] } },
{ "type": "Feature", "properties": { "ID": 2711270003680, "正式名称": "医療法人藤井会　枚岡病院", "機関区分": 1, "都道府県コード": 27, "市区町村コード": 227, "所在地": "大阪府東大阪市出雲井本町３番２５号", "緯度": 34.66943, "経度": 135.646235, "url": "https://www.iryou.teikyouseido.mhlw.go.jp/znk-web/juminkanja/S2430/initialize?prefCd=27&kikanCd=1270003680&kikanKbn=1", "url2": "http://hiraokahosp.com/", "内容": "医療法人藤井会　枚岡病院【1:病院】【診療科目:内科_循環器内科_消化器内科_外科_整形外科_眼科_皮膚科_泌尿器科_リハビリテーション科_放射線科】【一般病床数:98療養病床数:101精神病床数:0感染症病床数:0合計病床数:199】大阪府東大阪市出雲井本町３番２５号" }, "geometry": { "type": "Point", "coordinates": [ 135.646235, 34.66943 ] } },
{ "type": "Feature", "properties": { "ID": 2711270003710, "正式名称": "医療法人渡辺会渡辺病院", "機関区分": 1, "都道府県コード": 27, "市区町村コード": 227, "所在地": "大阪府東大阪市四条町５－２", "緯度": 34.659431, "経度": 135.641764, "url": "https://www.iryou.teikyouseido.mhlw.go.jp/znk-web/juminkanja/S2430/initialize?prefCd=27&kikanCd=1270003710&kikanKbn=1", "url2": "http://www.watanabe-kai.or.jp/", "内容": "医療法人渡辺会渡辺病院【1:病院】【診療科目:内科_外科_整形外科_小児科_リハビリテーション科_放射線科】【一般病床数:0療養病床数:75精神病床数:0感染症病床数:0合計病床数:75】大阪府東大阪市四条町５－２" }, "geometry": { "type": "Point", "coordinates": [ 135.641764, 34.659431 ] } },
{ "type": "Feature", "properties": { "ID": 2711270003720, "正式名称": "社会医療法人若弘会若草第一病院", "機関区分": 1, "都道府県コード": 27, "市区町村コード": 227, "所在地": "大阪府東大阪市若草町１－６", "緯度": 34.661042, "経度": 135.634348, "url": "https://www.iryou.teikyouseido.mhlw.go.jp/znk-web/juminkanja/S2430/initialize?prefCd=27&kikanCd=1270003720&kikanKbn=1", "url2": "https://www.wakakoukai.or.jp/daiichi/", "内容": "社会医療法人若弘会若草第一病院【1:病院】【診療科目:内科_血液内科_呼吸器内科_循環器内科_消化器内科_外科_脳神経外科_整形外科_小児科_婦人科_眼科_耳鼻いんこう科_泌尿器科_リハビリテーション科_放射線科_病理診断科_救急科_麻酔科】【一般病床数:230療養病床数:0精神病床数:0感染症病床数:0合計病床数:230】大阪府東大阪市若草町１－６" }, "geometry": { "type": "Point", "coordinates": [ 135.634348, 34.661042 ] } },
{ "type": "Feature", "properties": { "ID": 2711270003740, "正式名称": "医療法人敬寿会　吉村病院", "機関区分": 1, "都道府県コード": 27, "市区町村コード": 217, "所在地": "大阪府松原市別所７丁目５番３号", "緯度": 34.591909, "経度": 135.563885, "url": "https://www.iryou.teikyouseido.mhlw.go.jp/znk-web/juminkanja/S2430/initialize?prefCd=27&kikanCd=1270003740&kikanKbn=1", "url2": "http://www.yosimurahp.com/", "内容": "医療法人敬寿会　吉村病院【1:病院】【診療科目:内科_精神科_心療内科】【一般病床数:0療養病床数:0精神病床数:222感染症病床数:0合計病床数:222】大阪府松原市別所７丁目５番３号" }, "geometry": { "type": "Point", "coordinates": [ 135.563885, 34.591909 ] } },
{ "type": "Feature", "properties": { "ID": 2711270003750, "正式名称": "医療法人邦英会寺下病院", "機関区分": 1, "都道府県コード": 27, "市区町村コード": 217, "所在地": "大阪府松原市岡７－１９１－１", "緯度": 34.561996, "経度": 135.55072, "url": "https://www.iryou.teikyouseido.mhlw.go.jp/znk-web/juminkanja/S2430/initialize?prefCd=27&kikanCd=1270003750&kikanKbn=1", "url2": null, "内容": "医療法人邦英会寺下病院【1:病院】【診療科目:内科_外科_整形外科_小児科】【一般病床数:72療養病床数:0精神病床数:0感染症病床数:0合計病床数:72】大阪府松原市岡７－１９１－１" }, "geometry": { "type": "Point", "coordinates": [ 135.55072, 34.561996 ] } },
{ "type": "Feature", "properties": { "ID": 2711270003770, "正式名称": "阪南中央病院", "機関区分": 1, "都道府県コード": 27, "市区町村コード": 217, "所在地": "大阪府松原市南新町３－３－２８", "緯度": 34.574411, "経度": 135.536388, "url": "https://www.iryou.teikyouseido.mhlw.go.jp/znk-web/juminkanja/S2430/initialize?prefCd=27&kikanCd=1270003770&kikanKbn=1", "url2": "https://www.hannan-chuo-hsp.or.jp", "内容": "阪南中央病院【1:病院】【診療科目:内科_糖尿病内科_循環器内科_消化器内科_ペインクリニック内科_外科_乳腺外科_ペインクリニック外科_整形外科_小児科_産婦人科_眼科_皮膚科_泌尿器科_精神科_リハビリテーション科_放射線科_麻酔科】【一般病床数:199療養病床数:0精神病床数:0感染症病床数:0合計病床数:199】大阪府松原市南新町３－３－２８" }, "geometry": { "type": "Point", "coordinates": [ 135.536388, 34.574411 ] } },
{ "type": "Feature", "properties": { "ID": 2711270003780, "正式名称": "医療法人徳洲会松原徳洲会病院", "機関区分": 1, "都道府県コード": 27, "市区町村コード": 217, "所在地": "大阪府松原市天美東７－１３－２６", "緯度": 34.588381, "経度": 135.536137, "url": "https://www.iryou.teikyouseido.mhlw.go.jp/znk-web/juminkanja/S2430/initialize?prefCd=27&kikanCd=1270003780&kikanKbn=1", "url2": "http://www.tokushukai.or.jp/hsp/matsubara/index.html", "内容": "医療法人徳洲会松原徳洲会病院【1:病院】【診療科目:内科_感染症内科_脳神経内科_呼吸器内科_循環器内科_消化器内科_外科_脳神経外科_呼吸器外科_気管食道外科_心臓血管外科_消化器外科_肛門外科_整形外科_形成外科_小児科_婦人科_眼科_耳鼻いんこう科_皮膚科_泌尿器科_精神科_心療内科_歯科_歯科口腔外科_アレルギー科_リハビリテーション科_放射線科_麻酔科】【一般病床数:249療養病床数:0精神病床数:0感染症病床数:0合計病床数:249】大阪府松原市天美東７－１３－２６" }, "geometry": { "type": "Point", "coordinates": [ 135.536137, 34.588381 ] } },
{ "type": "Feature", "properties": { "ID": 2711270003820, "正式名称": "社会医療法人　垣谷会　明治橋病院", "機関区分": 1, "都道府県コード": 27, "市区町村コード": 217, "所在地": "大阪府松原市三宅西１－３５８－３", "緯度": 34.584549, "経度": 135.550025, "url": "https://www.iryou.teikyouseido.mhlw.go.jp/znk-web/juminkanja/S2430/initialize?prefCd=27&kikanCd=1270003820&kikanKbn=1", "url2": "http://www.meijibashi.or.jp", "内容": "社会医療法人　垣谷会　明治橋病院【1:病院】【診療科目:内科_糖尿病内科_呼吸器内科_循環器内科_消化器内科_人工透析内科_外科_脳神経外科_消化器外科_肛門外科_内視鏡外科_整形外科_形成外科_皮膚科_泌尿器科_リハビリテーション科_放射線科_麻酔科】【一般病床数:120療養病床数:36精神病床数:0感染症病床数:0合計病床数:156】大阪府松原市三宅西１－３５８－３" }, "geometry": { "type": "Point", "coordinates": [ 135.550025, 34.584549 ] } },
{ "type": "Feature", "properties": { "ID": 2711270003850, "正式名称": "八尾こころのホスピタル", "機関区分": 1, "都道府県コード": 27, "市区町村コード": 212, "所在地": "大阪府八尾市天王寺屋６－５９", "緯度": 34.602159, "経度": 135.616019, "url": "https://www.iryou.teikyouseido.mhlw.go.jp/znk-web/juminkanja/S2430/initialize?prefCd=27&kikanCd=1270003850&kikanKbn=1", "url2": "https://www.yaokokoro-hp.jp", "内容": "八尾こころのホスピタル【1:病院】【診療科目:精神科】【一般病床数:0療養病床数:0精神病床数:389感染症病床数:0合計病床数:389】大阪府八尾市天王寺屋６－５９" }, "geometry": { "type": "Point", "coordinates": [ 135.616019, 34.602159 ] } },
{ "type": "Feature", "properties": { "ID": 2711270003860, "正式名称": "医療法人仁悠会辻野病院", "機関区分": 1, "都道府県コード": 27, "市区町村コード": 212, "所在地": "大阪府八尾市志紀町南１－８６", "緯度": 34.59666, "経度": 135.618074, "url": "https://www.iryou.teikyouseido.mhlw.go.jp/znk-web/juminkanja/S2430/initialize?prefCd=27&kikanCd=1270003860&kikanKbn=1", "url2": "https://jinyuukai.or.jp/tsujino/", "内容": "医療法人仁悠会辻野病院【1:病院】【診療科目:内科_循環器内科_外科_整形外科_リハビリテーション科_放射線科】【一般病床数:0療養病床数:30精神病床数:0感染症病床数:0合計病床数:30】大阪府八尾市志紀町南１－８６" }, "geometry": { "type": "Point", "coordinates": [ 135.618074, 34.59666 ] } },
{ "type": "Feature", "properties": { "ID": 2711270003870, "正式名称": "医真会八尾総合病院", "機関区分": 1, "都道府県コード": 27, "市区町村コード": 212, "所在地": "大阪府八尾市沼１－４１", "緯度": 34.588744, "経度": 135.601021, "url": "https://www.iryou.teikyouseido.mhlw.go.jp/znk-web/juminkanja/S2430/initialize?prefCd=27&kikanCd=1270003870&kikanKbn=1", "url2": "https://www.ishinkai.or.jp/", "内容": "医真会八尾総合病院【1:病院】【診療科目:内科_循環器内科_消化器内科_神経内科_外科_脳神経外科_心臓血管外科_乳腺外科_整形外科_形成外科_小児科_眼科_耳鼻いんこう科_皮膚科_泌尿器科_歯科_矯正歯科_歯科口腔外科_リハビリテーション科_放射線科_麻酔科】【一般病床数:241療養病床数:0精神病床数:0感染症病床数:0合計病床数:241】大阪府八尾市沼１－４１" }, "geometry": { "type": "Point", "coordinates": [ 135.601021, 34.588744 ] } },
{ "type": "Feature", "properties": { "ID": 2711270003890, "正式名称": "八尾市立病院", "機関区分": 1, "都道府県コード": 27, "市区町村コード": 212, "所在地": "大阪府八尾市龍華町１丁目３番１号", "緯度": 34.620712, "経度": 135.587159, "url": "https://www.iryou.teikyouseido.mhlw.go.jp/znk-web/juminkanja/S2430/initialize?prefCd=27&kikanCd=1270003890&kikanKbn=1", "url2": "https://www.hospital.yao.osaka.jp", "内容": "八尾市立病院【1:病院】【診療科目:内科_血液内科_糖尿病内科_代謝内科_内分泌内科_循環器内科_消化器内科_腫瘍内科_外科_脳神経外科_呼吸器外科_消化器外科_乳腺外科_整形外科_形成外科_小児科_産婦人科_眼科_耳鼻いんこう科_皮膚科_泌尿器科_精神科_歯科口腔外科_リハビリテーション科_放射線診断科_放射線治療科_病理診断科_救急科_麻酔科】【一般病床数:380療養病床数:0精神病床数:0感染症病床数:0合計病床数:380】大阪府八尾市龍華町１丁目３番１号" }, "geometry": { "type": "Point", "coordinates": [ 135.587159, 34.620712 ] } },
{ "type": "Feature", "properties": { "ID": 2711270003910, "正式名称": "医療法人貴医会　貴島中央病院", "機関区分": 1, "都道府県コード": 27, "市区町村コード": 212, "所在地": "大阪府八尾市松山町１－４－１１", "緯度": 34.622101, "経度": 135.604547, "url": "https://www.iryou.teikyouseido.mhlw.go.jp/znk-web/juminkanja/S2430/initialize?prefCd=27&kikanCd=1270003910&kikanKbn=1", "url2": "http://www.kishima.or.jp/", "内容": "医療法人貴医会　貴島中央病院【1:病院】【診療科目:内科_呼吸器内科_循環器内科_消化器内科_神経内科_ペインクリニック内科_外科_整形外科_皮膚科_泌尿器科_アレルギー科_リウマチ科_リハビリテーション科_放射線科_麻酔科】【一般病床数:99療養病床数:0精神病床数:0感染症病床数:0合計病床数:99】大阪府八尾市松山町１－４－１１" }, "geometry": { "type": "Point", "coordinates": [ 135.604547, 34.622101 ] } },
{ "type": "Feature", "properties": { "ID": 2711270003940, "正式名称": "八尾はぁとふる病院", "機関区分": 1, "都道府県コード": 27, "市区町村コード": 212, "所在地": "大阪府八尾市美園町２丁目１８番１", "緯度": 34.640238, "経度": 135.595352, "url": "https://www.iryou.teikyouseido.mhlw.go.jp/znk-web/juminkanja/S2430/initialize?prefCd=27&kikanCd=1270003940&kikanKbn=1", "url2": "http://www.heartful-health.or.jp", "内容": "八尾はぁとふる病院【1:病院】【診療科目:内科_循環器内科_整形外科_リハビリテーション科】【一般病床数:0療養病床数:119精神病床数:0感染症病床数:0合計病床数:119】大阪府八尾市美園町２丁目１８番１" }, "geometry": { "type": "Point", "coordinates": [ 135.595352, 34.640238 ] } },
{ "type": "Feature", "properties": { "ID": 2711270003950, "正式名称": "医療法人貴島会貴島病院本院", "機関区分": 1, "都道府県コード": 27, "市区町村コード": 212, "所在地": "大阪府八尾市楽音寺３－３３", "緯度": 34.642711, "経度": 135.637876, "url": "https://www.iryou.teikyouseido.mhlw.go.jp/znk-web/juminkanja/S2430/initialize?prefCd=27&kikanCd=1270003950&kikanKbn=1", "url2": "http://www.noble.or.jp/", "内容": "医療法人貴島会貴島病院本院【1:病院】【診療科目:内科_呼吸器内科_循環器内科_消化器内科_神経内科_外科_脳神経外科_呼吸器外科_消化器外科_整形外科_リウマチ科_リハビリテーション科_放射線科_麻酔科】【一般病床数:60療養病床数:138精神病床数:0感染症病床数:0合計病床数:198】大阪府八尾市楽音寺３－３３" }, "geometry": { "type": "Point", "coordinates": [ 135.637876, 34.642711 ] } },
{ "type": "Feature", "properties": { "ID": 2711270003970, "正式名称": "市立柏原病院", "機関区分": 1, "都道府県コード": 27, "市区町村コード": 221, "所在地": "大阪府柏原市法善寺１－７－９", "緯度": 34.592299, "経度": 135.624991, "url": "https://www.iryou.teikyouseido.mhlw.go.jp/znk-web/juminkanja/S2430/initialize?prefCd=27&kikanCd=1270003970&kikanKbn=1", "url2": "http://www.hospital-kashiwara-osaka.jp", "内容": "市立柏原病院【1:病院】【診療科目:内科_呼吸器内科_循環器内科_消化器内科_外科_消化器外科_乳腺外科_整形外科_小児科_産婦人科_眼科_皮膚科_泌尿器科_リハビリテーション科_放射線科_麻酔科】【一般病床数:220療養病床数:0精神病床数:0感染症病床数:0合計病床数:220】大阪府柏原市法善寺１－７－９" }, "geometry": { "type": "Point", "coordinates": [ 135.624991, 34.592299 ] } },
{ "type": "Feature", "properties": { "ID": 2711270004000, "正式名称": "医療法人養心会国分病院", "機関区分": 1, "都道府県コード": 27, "市区町村コード": 221, "所在地": "大阪府柏原市旭ヶ丘４－６７２", "緯度": 34.554998, "経度": 135.64488, "url": "https://www.iryou.teikyouseido.mhlw.go.jp/znk-web/juminkanja/S2430/initialize?prefCd=27&kikanCd=1270004000&kikanKbn=1", "url2": "http://www.kokubu-byouin.jp", "内容": "医療法人養心会国分病院【1:病院】【診療科目:内科_精神科_神経科_心療内科】【一般病床数:0療養病床数:0精神病床数:201感染症病床数:0合計病床数:201】大阪府柏原市旭ヶ丘４－６７２" }, "geometry": { "type": "Point", "coordinates": [ 135.64488, 34.554998 ] } },
{ "type": "Feature", "properties": { "ID": 2711270004020, "正式名称": "医療法人ラポール会青山病院", "機関区分": 1, "都道府県コード": 27, "市区町村コード": 226, "所在地": "大阪府藤井寺市野中４－１６－２５", "緯度": 34.556164, "経度": 135.598967, "url": "https://www.iryou.teikyouseido.mhlw.go.jp/znk-web/juminkanja/S2430/initialize?prefCd=27&kikanCd=1270004020&kikanKbn=1", "url2": "https://www.aoyama-med.gr.jp/medical-rapport/aoyama-hospital/", "内容": "医療法人ラポール会青山病院【1:病院】【診療科目:内科_糖尿病内科_消化器内科_外科_脳神経外科_消化器外科_肛門外科_整形外科_皮膚科_泌尿器科_歯科_歯科口腔外科_リハビリテーション科_放射線科】【一般病床数:128療養病床数:0精神病床数:0感染症病床数:0合計病床数:128】大阪府藤井寺市野中４－１６－２５" }, "geometry": { "type": "Point", "coordinates": [ 135.598967, 34.556164 ] } },
{ "type": "Feature", "properties": { "ID": 2711270004030, "正式名称": "医療法人颯仁会しらとり病院", "機関区分": 1, "都道府県コード": 27, "市区町村コード": 222, "所在地": "大阪府羽曳野市誉田三丁目１５番２７号", "緯度": 34.557886, "経度": 135.607438, "url": "https://www.iryou.teikyouseido.mhlw.go.jp/znk-web/juminkanja/S2430/initialize?prefCd=27&kikanCd=1270004030&kikanKbn=1", "url2": "https://soujinkai-s.jp/", "内容": "医療法人颯仁会しらとり病院【1:病院】【診療科目:内科_循環器内科_消化器内科_外科_脳神経外科_心臓血管外科_消化器外科_肛門外科_整形外科_形成外科_皮膚科_リハビリテーション科_放射線科】【一般病床数:117療養病床数:60精神病床数:0感染症病床数:0合計病床数:177】大阪府羽曳野市誉田三丁目１５番２７号" }, "geometry": { "type": "Point", "coordinates": [ 135.607438, 34.557886 ] } },
{ "type": "Feature", "properties": { "ID": 2711270004040, "正式名称": "医療法人春秋会城山病院", "機関区分": 1, "都道府県コード": 27, "市区町村コード": 222, "所在地": "大阪府羽曳野市はびきの２丁目８番１号", "緯度": 34.548748, "経度": 135.593551, "url": "https://www.iryou.teikyouseido.mhlw.go.jp/znk-web/juminkanja/S2430/initialize?prefCd=27&kikanCd=1270004040&kikanKbn=1", "url2": "http://www.shiroyama-hsp.or.jp", "内容": "医療法人春秋会城山病院【1:病院】【診療科目:内科_血液内科_循環器内科_消化器内科_腎臓内科_神経内科_外科_脳神経外科_心臓血管外科_消化器外科_乳腺外科_肛門外科_整形外科_形成外科_美容外科_皮膚科_泌尿器科_リハビリテーション科_放射線科_救急科_麻酔科】【一般病床数:299療養病床数:0精神病床数:0感染症病床数:0合計病床数:299】大阪府羽曳野市はびきの２丁目８番１号" }, "geometry": { "type": "Point", "coordinates": [ 135.593551, 34.548748 ] } },
{ "type": "Feature", "properties": { "ID": 2711270004050, "正式名称": "運動器ケア　しまだ病院", "機関区分": 1, "都道府県コード": 27, "市区町村コード": 222, "所在地": "大阪府羽曳野市樫山１００－１", "緯度": 34.55833, "経度": 135.579302, "url": "https://www.iryou.teikyouseido.mhlw.go.jp/znk-web/juminkanja/S2430/initialize?prefCd=27&kikanCd=1270004050&kikanKbn=1", "url2": "http://www.heartful-health.or.jp", "内容": "運動器ケア　しまだ病院【1:病院】【診療科目:内科_整形外科_形成外科_ペインクリニック整形外科_リハビリテーション科_放射線科_麻酔科】【一般病床数:88療養病床数:0精神病床数:0感染症病床数:0合計病床数:88】大阪府羽曳野市樫山１００－１" }, "geometry": { "type": "Point", "coordinates": [ 135.579302, 34.55833 ] } },
{ "type": "Feature", "properties": { "ID": 2711270004060, "正式名称": "医療法人愛幸会天仁病院", "機関区分": 1, "都道府県コード": 27, "市区町村コード": 222, "所在地": "大阪府羽曳野市伊賀１１－１", "緯度": 34.556302, "経度": 135.580968, "url": "https://www.iryou.teikyouseido.mhlw.go.jp/znk-web/juminkanja/S2430/initialize?prefCd=27&kikanCd=1270004060&kikanKbn=1", "url2": "http://www.tenjin-hospital.jp/", "内容": "医療法人愛幸会天仁病院【1:病院】【診療科目:内科_呼吸器内科_循環器内科_消化器内科_神経内科_外科_整形外科_皮膚科_歯科_歯科口腔外科_リハビリテーション科】【一般病床数:41療養病床数:112精神病床数:0感染症病床数:0合計病床数:153】大阪府羽曳野市伊賀１１－１" }, "geometry": { "type": "Point", "coordinates": [ 135.580968, 34.556302 ] } },
{ "type": "Feature", "properties": { "ID": 2711270004070, "正式名称": "丹比荘病院", "機関区分": 1, "都道府県コード": 27, "市区町村コード": 222, "所在地": "大阪府羽曳野市野１６４－１", "緯度": 34.560802, "経度": 135.570774, "url": "https://www.iryou.teikyouseido.mhlw.go.jp/znk-web/juminkanja/S2430/initialize?prefCd=27&kikanCd=1270004070&kikanKbn=1", "url2": "http://www.tanpisou-hosp.or.jp", "内容": "丹比荘病院【1:病院】【診療科目:内科_精神科_心療内科】【一般病床数:0療養病床数:0精神病床数:310感染症病床数:0合計病床数:310】大阪府羽曳野市野１６４－１" }, "geometry": { "type": "Point", "coordinates": [ 135.570774, 34.560802 ] } },
{ "type": "Feature", "properties": { "ID": 2711270004080, "正式名称": "医療法人昌円会高村病院", "機関区分": 1, "都道府県コード": 27, "市区町村コード": 222, "所在地": "大阪府羽曳野市恵我之荘３－１－３", "緯度": 34.577106, "経度": 135.573301, "url": "https://www.iryou.teikyouseido.mhlw.go.jp/znk-web/juminkanja/S2430/initialize?prefCd=27&kikanCd=1270004080&kikanKbn=1", "url2": "http://www.shouenkai.or.jp/", "内容": "医療法人昌円会高村病院【1:病院】【診療科目:内科_外科_整形外科_皮膚科_リハビリテーション科_放射線科】【一般病床数:137療養病床数:38精神病床数:0感染症病床数:0合計病床数:175】大阪府羽曳野市恵我之荘３－１－３" }, "geometry": { "type": "Point", "coordinates": [ 135.573301, 34.577106 ] } },
{ "type": "Feature", "properties": { "ID": 2711270004090, "正式名称": "地方独立行政法人　大阪府立病院機構　大阪はびきの医療センター", "機関区分": 1, "都道府県コード": 27, "市区町村コード": 222, "所在地": "大阪府羽曳野市はびきの３丁目７－１", "緯度": 34.548664, "経度": 135.590246, "url": "https://www.iryou.teikyouseido.mhlw.go.jp/znk-web/juminkanja/S2430/initialize?prefCd=27&kikanCd=1270004090&kikanKbn=1", "url2": "https://www.ra.opho.jp/about/access/", "内容": "地方独立行政法人　大阪府立病院機構　大阪はびきの医療センター【1:病院】【診療科目:感染症内科_糖尿病・内分泌内科_呼吸器内科_循環器内科_消化器内科_腎臓内科_肺腫瘍内科_呼吸器外科_心臓血管外科_消化器外科_乳腺外科_整形外科_耳鼻咽喉・頭頸部外科_小児科_産婦人科_眼科_皮膚科_泌尿器科_歯科口腔外科_リハビリテーション科_放射線診断科_放射線治療科_病理診断科_臨床検査科_麻酔科_アレルギー・リウマチ内科】【一般病床数:354療養病床数:0精神病床数:0感染症病床数:6合計病床数:405】大阪府羽曳野市はびきの３丁目７－１" }, "geometry": { "type": "Point", "coordinates": [ 135.590246, 34.548664 ] } },
{ "type": "Feature", "properties": { "ID": 2711270004100, "正式名称": "富田林田中病院", "機関区分": 1, "都道府県コード": 27, "市区町村コード": 214, "所在地": "大阪府富田林市旭ヶ丘町９５８", "緯度": 34.522973, "経度": 135.605246, "url": "https://www.iryou.teikyouseido.mhlw.go.jp/znk-web/juminkanja/S2430/initialize?prefCd=27&kikanCd=1270004100&kikanKbn=1", "url2": "http://tondabayashi-tanakabyouin.com", "内容": "富田林田中病院【1:病院】【診療科目:内科_胃腸内科_外科_肛門外科_整形外科_麻酔科】【一般病床数:0療養病床数:30精神病床数:0感染症病床数:0合計病床数:30】大阪府富田林市旭ヶ丘町９５８" }, "geometry": { "type": "Point", "coordinates": [ 135.605246, 34.522973 ] } },
{ "type": "Feature", "properties": { "ID": 2711270004110, "正式名称": "医療法人正清会金剛病院", "機関区分": 1, "都道府県コード": 27, "市区町村コード": 214, "所在地": "大阪府富田林市寿町１－６－１０", "緯度": 34.497726, "経度": 135.593942, "url": "https://www.iryou.teikyouseido.mhlw.go.jp/znk-web/juminkanja/S2430/initialize?prefCd=27&kikanCd=1270004110&kikanKbn=1", "url2": "https://www.seiseikai-hp.jp/", "内容": "医療法人正清会金剛病院【1:病院】【診療科目:内科_脳神経内科_外科_整形外科_リハビリテーション科】【一般病床数:30療養病床数:30精神病床数:0感染症病床数:0合計病床数:60】大阪府富田林市寿町１－６－１０" }, "geometry": { "type": "Point", "coordinates": [ 135.593942, 34.497726 ] } },
{ "type": "Feature", "properties": { "ID": 2711270004120, "正式名称": "すくよか", "機関区分": 1, "都道府県コード": 27, "市区町村コード": 214, "所在地": "大阪府富田林市甘南備２１６番地", "緯度": 34.450758, "経度": 135.59425, "url": "https://www.iryou.teikyouseido.mhlw.go.jp/znk-web/juminkanja/S2430/initialize?prefCd=27&kikanCd=1270004120&kikanKbn=1", "url2": "https://sukuyoka.jp", "内容": "すくよか【1:病院】【診療科目:内科_循環器内科_外科_整形外科_小児科_婦人科_耳鼻いんこう科_皮膚科_泌尿器科_精神科_歯科_リハビリテーション科】【一般病床数:55療養病床数:0精神病床数:55感染症病床数:0合計病床数:110】大阪府富田林市甘南備２１６番地" }, "geometry": { "type": "Point", "coordinates": [ 135.59425, 34.450758 ] } },
{ "type": "Feature", "properties": { "ID": 2711270004130, "正式名称": "一般財団法人成研会　結のぞみ病院", "機関区分": 1, "都道府県コード": 27, "市区町村コード": 214, "所在地": "大阪府富田林市伏見堂９５", "緯度": 34.472256, "経度": 135.580472, "url": "https://www.iryou.teikyouseido.mhlw.go.jp/znk-web/juminkanja/S2430/initialize?prefCd=27&kikanCd=1270004130&kikanKbn=1", "url2": "http://www.yuinozomi-hospital.jp", "内容": "一般財団法人成研会　結のぞみ病院【1:病院】【診療科目:内科_神経内科_精神科_神経科_心療内科_歯科_リハビリテーション科】【一般病床数:0療養病床数:50精神病床数:340感染症病床数:0合計病床数:390】大阪府富田林市伏見堂９５" }, "geometry": { "type": "Point", "coordinates": [ 135.580472, 34.472256 ] } },
{ "type": "Feature", "properties": { "ID": 2711270004150, "正式名称": "四天王寺和らぎ苑", "機関区分": 1, "都道府県コード": 27, "市区町村コード": 214, "所在地": "大阪府富田林市向陽台１－３－２１", "緯度": 34.504391, "経度": 135.583582, "url": "https://www.iryou.teikyouseido.mhlw.go.jp/znk-web/juminkanja/S2430/initialize?prefCd=27&kikanCd=1270004150&kikanKbn=1", "url2": "https://yawaragien.shitennoji-fukushi.jp/", "内容": "四天王寺和らぎ苑【1:病院】【診療科目:内科_小児科_歯科】【一般病床数:100療養病床数:0精神病床数:0感染症病床数:0合計病床数:100】大阪府富田林市向陽台１－３－２１" }, "geometry": { "type": "Point", "coordinates": [ 135.583582, 34.504391 ] } },
{ "type": "Feature", "properties": { "ID": 2711270004160, "正式名称": "医療法人　宝生会　ＰＬ病院", "機関区分": 1, "都道府県コード": 27, "市区町村コード": 214, "所在地": "大阪府富田林市大字新堂２２０４番地", "緯度": 34.509724, "経度": 135.587387, "url": "https://www.iryou.teikyouseido.mhlw.go.jp/znk-web/juminkanja/S2430/initialize?prefCd=27&kikanCd=1270004160&kikanKbn=1", "url2": "https://www.plhospital.or.jp/", "内容": "医療法人　宝生会　ＰＬ病院【1:病院】【診療科目:内科_血液内科_脳神経内科_呼吸器内科_循環器内科_消化器内科_腎臓内科_外科_脳神経外科_消化器外科_整形外科_形成外科_小児科_小児外科_産婦人科_眼科_耳鼻いんこう科_皮膚科_泌尿器科_精神科_歯科_歯科口腔外科_リハビリテーション科_放射線科_病理診断科_麻酔科】【一般病床数:323療養病床数:47精神病床数:0感染症病床数:0合計病床数:370】大阪府富田林市大字新堂２２０４番地" }, "geometry": { "type": "Point", "coordinates": [ 135.587387, 34.509724 ] } },
{ "type": "Feature", "properties": { "ID": 2711270004170, "正式名称": "医療法人博我会滝谷病院", "機関区分": 1, "都道府県コード": 27, "市区町村コード": 216, "所在地": "大阪府河内長野市松ケ丘中町１４５３", "緯度": 34.477727, "経度": 135.558918, "url": "https://www.iryou.teikyouseido.mhlw.go.jp/znk-web/juminkanja/S2430/initialize?prefCd=27&kikanCd=1270004170&kikanKbn=1", "url2": "https://takitani-hp.jp", "内容": "医療法人博我会滝谷病院【1:病院】【診療科目:内科_皮膚科_精神科_放射線科】【一般病床数:57療養病床数:36精神病床数:0感染症病床数:0合計病床数:93】大阪府河内長野市松ケ丘中町１４５３" }, "geometry": { "type": "Point", "coordinates": [ 135.558918, 34.477727 ] } },
{ "type": "Feature", "properties": { "ID": 2711270004180, "正式名称": "医療法人孝仁会　澤田病院", "機関区分": 1, "都道府県コード": 27, "市区町村コード": 216, "所在地": "大阪府河内長野市長野町７－１１", "緯度": 34.449508, "経度": 135.571529, "url": "https://www.iryou.teikyouseido.mhlw.go.jp/znk-web/juminkanja/S2430/initialize?prefCd=27&kikanCd=1270004180&kikanKbn=1", "url2": "http://www.sawada-hp2.com/", "内容": "医療法人孝仁会　澤田病院【1:病院】【診療科目:内科_外科_整形外科_皮膚科_泌尿器科】【一般病床数:60療養病床数:0精神病床数:0感染症病床数:0合計病床数:64】大阪府河内長野市長野町７－１１" }, "geometry": { "type": "Point", "coordinates": [ 135.571529, 34.449508 ] } },
{ "type": "Feature", "properties": { "ID": 2711270004190, "正式名称": "医療法人生登会寺元記念病院", "機関区分": 1, "都道府県コード": 27, "市区町村コード": 216, "所在地": "大阪府河内長野市古野町４－１１", "緯度": 34.45573, "経度": 135.569557, "url": "https://www.iryou.teikyouseido.mhlw.go.jp/znk-web/juminkanja/S2430/initialize?prefCd=27&kikanCd=1270004190&kikanKbn=1", "url2": "http://www.teramoto.or.jp/", "内容": "医療法人生登会寺元記念病院【1:病院】【診療科目:内科_血液内科_糖尿病内科_循環器内科_消化器内科_腫瘍内科_外科_脳神経外科_消化器外科_乳腺外科_大腸・肛門外科_腫瘍外科_内視鏡外科_整形外科_脊椎・脊髄外科_眼科_耳鼻いんこう科_皮膚科_泌尿器科_歯科口腔外科_リハビリテーション科_放射線科_麻酔科】【一般病床数:160療養病床数:0精神病床数:0感染症病床数:0合計病床数:160】大阪府河内長野市古野町４－１１" }, "geometry": { "type": "Point", "coordinates": [ 135.569557, 34.45573 ] } },
{ "type": "Feature", "properties": { "ID": 2711270004230, "正式名称": "老寿やすらぎ病院", "機関区分": 1, "都道府県コード": 27, "市区町村コード": 216, "所在地": "大阪府河内長野市小山田町３７９－５", "緯度": 34.452313, "経度": 135.553975, "url": "https://www.iryou.teikyouseido.mhlw.go.jp/znk-web/juminkanja/S2430/initialize?prefCd=27&kikanCd=1270004230&kikanKbn=1", "url2": "http://www.roujyu.jp/", "内容": "老寿やすらぎ病院【1:病院】【診療科目:内科】【一般病床数:0療養病床数:281精神病床数:0感染症病床数:0合計病床数:281】大阪府河内長野市小山田町３７９－５" }, "geometry": { "type": "Point", "coordinates": [ 135.553975, 34.452313 ] } },
{ "type": "Feature", "properties": { "ID": 2711270004240, "正式名称": "独立行政法人国立病院機構大阪南医療センター", "機関区分": 1, "都道府県コード": 27, "市区町村コード": 216, "所在地": "大阪府河内長野市木戸東町２－１", "緯度": 34.472089, "経度": 135.571862, "url": "https://www.iryou.teikyouseido.mhlw.go.jp/znk-web/juminkanja/S2430/initialize?prefCd=27&kikanCd=1270004240&kikanKbn=1", "url2": "http://osakaminami.hosp.go.jp/", "内容": "独立行政法人国立病院機構大阪南医療センター【1:病院】【診療科目:内科_血液内科_代謝・内分泌内科_脳神経内科_循環器内科_消化器内科_腎臓内科_腫瘍内科_緩和ケア内科_呼吸器・アレルギー内科_脳神経外科_呼吸器外科_心臓血管外科_消化器外科_乳腺外科_整形外科_小児科_産婦人科_眼科_耳鼻いんこう科_皮膚科_泌尿器科_精神科_心療内科_歯科_リハビリテーション科_放射線診断科_放射線治療科_病理診断科_救急科_麻酔科】【一般病床数:384療養病床数:0精神病床数:0感染症病床数:0合計病床数:384】大阪府河内長野市木戸東町２－１" }, "geometry": { "type": "Point", "coordinates": [ 135.571862, 34.472089 ] } },
{ "type": "Feature", "properties": { "ID": 2711270004250, "正式名称": "医療法人暁美会田中病院", "機関区分": 1, "都道府県コード": 27, "市区町村コード": 147, "所在地": "大阪府堺市美原区黒山３９－１０", "緯度": 34.542081, "経度": 135.562276, "url": "https://www.iryou.teikyouseido.mhlw.go.jp/znk-web/juminkanja/S2430/initialize?prefCd=27&kikanCd=1270004250&kikanKbn=1", "url2": "https://www.mihara-tanaka.or.jp/", "内容": "医療法人暁美会田中病院【1:病院】【診療科目:内科_消化器内科_外科_肛門外科_整形外科_形成外科_リハビリテーション科_放射線科_救急科】【一般病床数:120療養病床数:60精神病床数:0感染症病床数:0合計病床数:180】大阪府堺市美原区黒山３９－１０" }, "geometry": { "type": "Point", "coordinates": [ 135.562276, 34.542081 ] } },
{ "type": "Feature", "properties": { "ID": 2711270004260, "正式名称": "医療法人好寿会　美原病院", "機関区分": 1, "都道府県コード": 27, "市区町村コード": 147, "所在地": "大阪府堺市美原区今井３８０", "緯度": 34.555941, "経度": 135.55111, "url": "https://www.iryou.teikyouseido.mhlw.go.jp/znk-web/juminkanja/S2430/initialize?prefCd=27&kikanCd=1270004260&kikanKbn=1", "url2": "http://www.mihara-hp.com", "内容": "医療法人好寿会　美原病院【1:病院】【診療科目:内科_精神科_心療内科_歯科】【一般病床数:0療養病床数:0精神病床数:450感染症病床数:0合計病床数:450】大阪府堺市美原区今井３８０" }, "geometry": { "type": "Point", "coordinates": [ 135.55111, 34.555941 ] } },
{ "type": "Feature", "properties": { "ID": 2711270004270, "正式名称": "医療法人恒昭会　青葉丘病院", "機関区分": 1, "都道府県コード": 27, "市区町村コード": 231, "所在地": "大阪府大阪狭山市東池尻１丁目２１９８番１", "緯度": 34.507502, "経度": 135.558695, "url": "https://www.iryou.teikyouseido.mhlw.go.jp/znk-web/juminkanja/S2430/initialize?prefCd=27&kikanCd=1270004270&kikanKbn=1", "url2": "http://www.koshokai.or.jp/aobaoka/", "内容": "医療法人恒昭会　青葉丘病院【1:病院】【診療科目:内科_脳神経内科_整形外科_精神科_歯科_リハビリテーション科_放射線科】【一般病床数:54療養病床数:270精神病床数:357感染症病床数:0合計病床数:681】大阪府大阪狭山市東池尻１丁目２１９８番１" }, "geometry": { "type": "Point", "coordinates": [ 135.558695, 34.507502 ] } },
{ "type": "Feature", "properties": { "ID": 2711270004280, "正式名称": "社会医療法人さくら会　さくら会病院", "機関区分": 1, "都道府県コード": 27, "市区町村コード": 231, "所在地": "大阪府大阪狭山市半田５－２６１０－１", "緯度": 34.498086, "経度": 135.553307, "url": "https://www.iryou.teikyouseido.mhlw.go.jp/znk-web/juminkanja/S2430/initialize?prefCd=27&kikanCd=1270004280&kikanKbn=1", "url2": "https://www.sakurak.jp/", "内容": "社会医療法人さくら会　さくら会病院【1:病院】【診療科目:内科_循環器内科_神経内科_消化器内科（内視鏡）_外科_脳神経外科_整形外科_形成外科_リハビリテーション科_放射線科_救急科】【一般病床数:147療養病床数:0精神病床数:0感染症病床数:0合計病床数:147】大阪府大阪狭山市半田５－２６１０－１" }, "geometry": { "type": "Point", "coordinates": [ 135.553307, 34.498086 ] } },
{ "type": "Feature", "properties": { "ID": 2711270004290, "正式名称": "医療法人樫本会樫本病院", "機関区分": 1, "都道府県コード": 27, "市区町村コード": 231, "所在地": "大阪府大阪狭山市東茱萸木４－１１５１", "緯度": 34.483115, "経度": 135.55614, "url": "https://www.iryou.teikyouseido.mhlw.go.jp/znk-web/juminkanja/S2430/initialize?prefCd=27&kikanCd=1270004290&kikanKbn=1", "url2": "http://kashimoto.or.jp", "内容": "医療法人樫本会樫本病院【1:病院】【診療科目:内科_循環器内科_神経内科_腫瘍内科_緩和ケア内科_外科_脳神経外科_消化器外科_乳腺外科_肛門外科_整形外科_形成外科_眼科_皮膚科_泌尿器科_リウマチ科_リハビリテーション科_麻酔科】【一般病床数:153療養病床数:46精神病床数:0感染症病床数:0合計病床数:199】大阪府大阪狭山市東茱萸木４－１１５１" }, "geometry": { "type": "Point", "coordinates": [ 135.55614, 34.483115 ] } },
{ "type": "Feature", "properties": { "ID": 2711270004320, "正式名称": "医療法人六三会大阪さやま病院", "機関区分": 1, "都道府県コード": 27, "市区町村コード": 231, "所在地": "大阪府大阪狭山市岩室３－２１６－１", "緯度": 34.50278, "経度": 135.539974, "url": "https://www.iryou.teikyouseido.mhlw.go.jp/znk-web/juminkanja/S2430/initialize?prefCd=27&kikanCd=1270004320&kikanKbn=1", "url2": "http://www.sayama.or.jp", "内容": "医療法人六三会大阪さやま病院【1:病院】【診療科目:内科_精神科_心療内科_歯科】【一般病床数:0療養病床数:0精神病床数:279感染症病床数:0合計病床数:279】大阪府大阪狭山市岩室３－２１６－１" }, "geometry": { "type": "Point", "coordinates": [ 135.539974, 34.50278 ] } },
{ "type": "Feature", "properties": { "ID": 2711270004330, "正式名称": "医療法人恒尚会　兵田病院", "機関区分": 1, "都道府県コード": 27, "市区町村コード": 231, "所在地": "大阪府大阪狭山市山本東１３９４－１", "緯度": 34.511223, "経度": 135.541724, "url": "https://www.iryou.teikyouseido.mhlw.go.jp/znk-web/juminkanja/S2430/initialize?prefCd=27&kikanCd=1270004330&kikanKbn=1", "url2": "http://www.ko-syo-kai.or.jp", "内容": "医療法人恒尚会　兵田病院【1:病院】【診療科目:内科_循環器内科_老年内科_外科_ペインクリニック外科_整形外科_歯科_リハビリテーション科_麻酔科】【一般病床数:40療養病床数:41精神病床数:0感染症病床数:0合計病床数:81】大阪府大阪狭山市山本東１３９４－１" }, "geometry": { "type": "Point", "coordinates": [ 135.541724, 34.511223 ] } },
{ "type": "Feature", "properties": { "ID": 2711270004340, "正式名称": "医療法人淳康会堺近森病院", "機関区分": 1, "都道府県コード": 27, "市区町村コード": 141, "所在地": "大阪府堺市堺区北清水町２丁４番１号", "緯度": 34.587908, "経度": 135.488447, "url": "https://www.iryou.teikyouseido.mhlw.go.jp/znk-web/juminkanja/S2430/initialize?prefCd=27&kikanCd=1270004340&kikanKbn=1", "url2": "http://www.sakai-chikamori.com", "内容": "医療法人淳康会堺近森病院【1:病院】【診療科目:内科_循環器内科_腎臓内科_人工透析内科_外科_血管外科_循環器外科_消化器外科_整形外科_歯科_歯科口腔外科_リハビリテーション科_放射線科】【一般病床数:45療養病床数:0精神病床数:0感染症病床数:0合計病床数:45】大阪府堺市堺区北清水町２丁４番１号" }, "geometry": { "type": "Point", "coordinates": [ 135.488447, 34.587908 ] } },
{ "type": "Feature", "properties": { "ID": 2711270004360, "正式名称": "公益財団法人浅香山病院", "機関区分": 1, "都道府県コード": 27, "市区町村コード": 141, "所在地": "大阪府堺市堺区今池町３－３－１６", "緯度": 34.584881, "経度": 135.491363, "url": "https://www.iryou.teikyouseido.mhlw.go.jp/znk-web/juminkanja/S2430/initialize?prefCd=27&kikanCd=1270004360&kikanKbn=1", "url2": "https://www.asakayama.or.jp/", "内容": "公益財団法人浅香山病院【1:病院】【診療科目:内科_糖尿病内科_呼吸器内科_循環器内科_消化器内科_腎臓内科_肝臓内科_神経内科_緩和ケア内科_外科_消化器外科_内視鏡外科_整形外科_婦人科_眼科_耳鼻いんこう科_皮膚科_泌尿器科_精神科_心療内科_歯科_リハビリテーション科_放射線科_麻酔科】【一般病床数:223療養病床数:0精神病床数:744感染症病床数:0合計病床数:967】大阪府堺市堺区今池町３－３－１６" }, "geometry": { "type": "Point", "coordinates": [ 135.491363, 34.584881 ] } },
{ "type": "Feature", "properties": { "ID": 2711270004380, "正式名称": "医療法人サヂカム会三国丘病院", "機関区分": 1, "都道府県コード": 27, "市区町村コード": 141, "所在地": "大阪府堺市堺区榎元町１－５－１", "緯度": 34.572327, "経度": 135.48592, "url": "https://www.iryou.teikyouseido.mhlw.go.jp/znk-web/juminkanja/S2430/initialize?prefCd=27&kikanCd=1270004380&kikanKbn=1", "url2": "http://www.mikunihill-hp.or.jp", "内容": "医療法人サヂカム会三国丘病院【1:病院】【診療科目:神経内科_児童精神科_精神科_心療内科】【一般病床数:0療養病床数:0精神病床数:144感染症病床数:0合計病床数:144】大阪府堺市堺区榎元町１－５－１" }, "geometry": { "type": "Point", "coordinates": [ 135.48592, 34.572327 ] } },
{ "type": "Feature", "properties": { "ID": 2711270004410, "正式名称": "医療法人恒進會　泉北陣内病院", "機関区分": 1, "都道府県コード": 27, "市区町村コード": 145, "所在地": "大阪府堺市南区豊田４０番地", "緯度": 34.495835, "経度": 135.48934, "url": "https://www.iryou.teikyouseido.mhlw.go.jp/znk-web/juminkanja/S2430/initialize?prefCd=27&kikanCd=1270004410&kikanKbn=1", "url2": "http://www.koushinkaihp.jp", "内容": "医療法人恒進會　泉北陣内病院【1:病院】【診療科目:内科_代謝・内分泌内科_呼吸器内科_循環器内科_消化器内科_神経内科_外科_脳神経外科_心臓血管外科_整形外科_皮膚科_泌尿器科_精神科_心療内科_歯科_歯科口腔外科_小児歯科_アレルギー科_リウマチ科_リハビリテーション科_放射線科】【一般病床数:218療養病床数:51精神病床数:0感染症病床数:0合計病床数:269】大阪府堺市南区豊田４０番地" }, "geometry": { "type": "Point", "coordinates": [ 135.48934, 34.495835 ] } },
{ "type": "Feature", "properties": { "ID": 2711270004420, "正式名称": "医療法人錦秀会阪和第一泉北病院", "機関区分": 1, "都道府県コード": 27, "市区町村コード": 145, "所在地": "大阪府堺市南区豊田１５８８－１", "緯度": 34.492974, "経度": 135.4997, "url": "https://www.iryou.teikyouseido.mhlw.go.jp/znk-web/juminkanja/S2430/initialize?prefCd=27&kikanCd=1270004420&kikanKbn=1", "url2": "http://www.kinshukai.or.jp/kinshukai/hanwadaiichi", "内容": "医療法人錦秀会阪和第一泉北病院【1:病院】【診療科目:内科_呼吸器内科_腎臓内科_整形外科_眼科_皮膚科_リハビリテーション科_放射線科】【一般病床数:0療養病床数:1024精神病床数:0感染症病床数:0合計病床数:1024】大阪府堺市南区豊田１５８８－１" }, "geometry": { "type": "Point", "coordinates": [ 135.4997, 34.492974 ] } },
{ "type": "Feature", "properties": { "ID": 2711270004430, "正式名称": "医療法人良秀会泉北藤井病院", "機関区分": 1, "都道府県コード": 27, "市区町村コード": 145, "所在地": "大阪府堺市南区泉田中３１００－１９", "緯度": 34.474254, "経度": 135.507117, "url": "https://www.iryou.teikyouseido.mhlw.go.jp/znk-web/juminkanja/S2430/initialize?prefCd=27&kikanCd=1270004430&kikanKbn=1", "url2": "http://www.ryoshukai.or.jp", "内容": "医療法人良秀会泉北藤井病院【1:病院】【診療科目:内科_循環器内科_消化器内科_腎臓内科_人工透析内科_整形外科_泌尿器科_リハビリテーション科_放射線科】【一般病床数:0療養病床数:59精神病床数:0感染症病床数:0合計病床数:59】大阪府堺市南区泉田中３１００－１９" }, "geometry": { "type": "Point", "coordinates": [ 135.507117, 34.474254 ] } },
{ "type": "Feature", "properties": { "ID": 2711270004450, "正式名称": "永山病院", "機関区分": 1, "都道府県コード": 27, "市区町村コード": 361, "所在地": "大阪府泉南郡熊取町大久保東１丁目１番１０号", "緯度": 34.403842, "経度": 135.346245, "url": "https://www.iryou.teikyouseido.mhlw.go.jp/znk-web/juminkanja/S2430/initialize?prefCd=27&kikanCd=1270004450&kikanKbn=1", "url2": "http://www.nagayama.or.jp", "内容": "永山病院【1:病院】【診療科目:内科_糖尿病内科_呼吸器内科_循環器内科_消化器内科_人工透析内科_神経内科_外科_脳神経外科_消化器外科_乳腺外科_整形外科_眼科_泌尿器科_精神科_心療内科_リウマチ科_リハビリテーション科_救急科_麻酔科】【一般病床数:148療養病床数:82精神病床数:0感染症病床数:0合計病床数:230】大阪府泉南郡熊取町大久保東１丁目１番１０号" }, "geometry": { "type": "Point", "coordinates": [ 135.346245, 34.403842 ] } },
{ "type": "Feature", "properties": { "ID": 2711270004460, "正式名称": "医療法人爽神堂七山病院", "機関区分": 1, "都道府県コード": 27, "市区町村コード": 361, "所在地": "大阪府泉南郡熊取町七山２丁目２－１", "緯度": 34.412675, "経度": 135.361021, "url": "https://www.iryou.teikyouseido.mhlw.go.jp/znk-web/juminkanja/S2430/initialize?prefCd=27&kikanCd=1270004460&kikanKbn=1", "url2": "http://www.7yama.or.jp", "内容": "医療法人爽神堂七山病院【1:病院】【診療科目:内科_精神科_心療内科_歯科】【一般病床数:0療養病床数:0精神病床数:613感染症病床数:0合計病床数:613】大阪府泉南郡熊取町七山２丁目２－１" }, "geometry": { "type": "Point", "coordinates": [ 135.361021, 34.412675 ] } },
{ "type": "Feature", "properties": { "ID": 2711270004470, "正式名称": "医療法人　功徳会　大阪晴愛病院", "機関区分": 1, "都道府県コード": 27, "市区町村コード": 228, "所在地": "大阪府泉南市新家３４６９番地１", "緯度": 34.374706, "経度": 135.298083, "url": "https://www.iryou.teikyouseido.mhlw.go.jp/znk-web/juminkanja/S2430/initialize?prefCd=27&kikanCd=1270004470&kikanKbn=1", "url2": "http://www.osaka-seiai.or.jp", "内容": "医療法人　功徳会　大阪晴愛病院【1:病院】【診療科目:内科_糖尿病内科_呼吸器内科_循環器内科_消化器内科_胃腸内科_外科_消化器外科_肛門外科_整形外科_リハビリテーション科_放射線科】【一般病床数:32療養病床数:37精神病床数:0感染症病床数:0合計病床数:69】大阪府泉南市新家３４６９番地１" }, "geometry": { "type": "Point", "coordinates": [ 135.298083, 34.374706 ] } },
{ "type": "Feature", "properties": { "ID": 2711270004480, "正式名称": "医療法人白卯会白井病院", "機関区分": 1, "都道府県コード": 27, "市区町村コード": 228, "所在地": "大阪府泉南市新家２７７６", "緯度": 34.366512, "経度": 135.307389, "url": "https://www.iryou.teikyouseido.mhlw.go.jp/znk-web/juminkanja/S2430/initialize?prefCd=27&kikanCd=1270004480&kikanKbn=1", "url2": "http://www.shiraihp.or.jp", "内容": "医療法人白卯会白井病院【1:病院】【診療科目:内科_脳神経内科_呼吸器内科_循環器内科_消化器内科_精神科_心療内科_リハビリテーション科_放射線科】【一般病床数:29療養病床数:48精神病床数:300感染症病床数:0合計病床数:377】大阪府泉南市新家２７７６" }, "geometry": { "type": "Point", "coordinates": [ 135.307389, 34.366512 ] } },
{ "type": "Feature", "properties": { "ID": 2711270004490, "正式名称": "医療法人白水会紀泉病院", "機関区分": 1, "都道府県コード": 27, "市区町村コード": 228, "所在地": "大阪府泉南市新家４２９６", "緯度": 34.360569, "経度": 135.313833, "url": "https://www.iryou.teikyouseido.mhlw.go.jp/znk-web/juminkanja/S2430/initialize?prefCd=27&kikanCd=1270004490&kikanKbn=1", "url2": "http://www.kisenhosp.com", "内容": "医療法人白水会紀泉病院【1:病院】【診療科目:内科_精神科_神経科_心療内科】【一般病床数:0療養病床数:0精神病床数:260感染症病床数:0合計病床数:260】大阪府泉南市新家４２９６" }, "geometry": { "type": "Point", "coordinates": [ 135.313833, 34.360569 ] } },
{ "type": "Feature", "properties": { "ID": 2711270004500, "正式名称": "医療法人　晴心会　野上病院", "機関区分": 1, "都道府県コード": 27, "市区町村コード": 228, "所在地": "大阪府泉南市樽井１丁目２番５号", "緯度": 34.367401, "経度": 135.271864, "url": "https://www.iryou.teikyouseido.mhlw.go.jp/znk-web/juminkanja/S2430/initialize?prefCd=27&kikanCd=1270004500&kikanKbn=1", "url2": "https://www.nogami.or.jp/", "内容": "医療法人　晴心会　野上病院【1:病院】【診療科目:内科_糖尿病内科_呼吸器内科_循環器内科_アレルギー疾患内科_外科_脳神経外科_消化器外科_肛門外科_ペインクリニック外科_整形外科_眼科_耳鼻いんこう科_皮膚科_泌尿器科_リウマチ科_リハビリテーション科_放射線科_麻酔科】【一般病床数:118療養病床数:45精神病床数:0感染症病床数:0合計病床数:163】大阪府泉南市樽井１丁目２番５号" }, "geometry": { "type": "Point", "coordinates": [ 135.271864, 34.367401 ] } },
{ "type": "Feature", "properties": { "ID": 2711270004510, "正式名称": "和泉南病院", "機関区分": 1, "都道府県コード": 27, "市区町村コード": 228, "所在地": "大阪府泉南市馬場２丁目３８番１４号", "緯度": 34.358901, "経度": 135.26642, "url": "https://www.iryou.teikyouseido.mhlw.go.jp/znk-web/juminkanja/S2430/initialize?prefCd=27&kikanCd=1270004510&kikanKbn=1", "url2": "http://www.izumiminami-hp.com", "内容": "和泉南病院【1:病院】【診療科目:内科】【一般病床数:0療養病床数:160精神病床数:0感染症病床数:0合計病床数:160】大阪府泉南市馬場２丁目３８番１４号" }, "geometry": { "type": "Point", "coordinates": [ 135.26642, 34.358901 ] } },
{ "type": "Feature", "properties": { "ID": 2711270004520, "正式名称": "医療法人功徳会泉南　泉南大阪晴愛病院", "機関区分": 1, "都道府県コード": 27, "市区町村コード": 228, "所在地": "大阪府泉南市中小路２－１８６０－１", "緯度": 34.3729, "経度": 135.279863, "url": "https://www.iryou.teikyouseido.mhlw.go.jp/znk-web/juminkanja/S2430/initialize?prefCd=27&kikanCd=1270004520&kikanKbn=1", "url2": "https://sennan-osaka-seiai.or.jp/", "内容": "医療法人功徳会泉南　泉南大阪晴愛病院【1:病院】【診療科目:内科_外科_脳神経外科_整形外科_リハビリテーション科】【一般病床数:40療養病床数:55精神病床数:0感染症病床数:0合計病床数:95】大阪府泉南市中小路２－１８６０－１" }, "geometry": { "type": "Point", "coordinates": [ 135.279863, 34.3729 ] } },
{ "type": "Feature", "properties": { "ID": 2711270004530, "正式名称": "社会福祉法人恩賜財団大阪府済生会新泉南病院", "機関区分": 1, "都道府県コード": 27, "市区町村コード": 228, "所在地": "大阪府泉南市りんくう南浜３番７", "緯度": 34.379038, "経度": 135.265058, "url": "https://www.iryou.teikyouseido.mhlw.go.jp/znk-web/juminkanja/S2430/initialize?prefCd=27&kikanCd=1270004530&kikanKbn=1", "url2": "https://saiseikaisennan.jp/", "内容": "社会福祉法人恩賜財団大阪府済生会新泉南病院【1:病院】【診療科目:内科_循環器内科_外科_整形外科_婦人科_リハビリテーション科_放射線科】【一般病床数:26療養病床数:0精神病床数:0感染症病床数:0合計病床数:26】大阪府泉南市りんくう南浜３番７" }, "geometry": { "type": "Point", "coordinates": [ 135.265058, 34.379038 ] } },
{ "type": "Feature", "properties": { "ID": 2711270004540, "正式名称": "医療法人朝日会朝日会病院", "機関区分": 1, "都道府県コード": 27, "市区町村コード": 141, "所在地": "大阪府堺市堺区大仙中町２－８", "緯度": 34.56355, "経度": 135.477865, "url": "https://www.iryou.teikyouseido.mhlw.go.jp/znk-web/juminkanja/S2430/initialize?prefCd=27&kikanCd=1270004540&kikanKbn=1", "url2": "https://asahikai-hospital.or.jp/", "内容": "医療法人朝日会朝日会病院【1:病院】【診療科目:内科_胃腸内科_外科_整形外科_リハビリテーション科_放射線科】【一般病床数:50療養病床数:46精神病床数:0感染症病床数:0合計病床数:96】大阪府堺市堺区大仙中町２－８" }, "geometry": { "type": "Point", "coordinates": [ 135.477865, 34.56355 ] } },
{ "type": "Feature", "properties": { "ID": 2711270004560, "正式名称": "医療法人慈友会堺山口病院", "機関区分": 1, "都道府県コード": 27, "市区町村コード": 141, "所在地": "大阪府堺市堺区東湊町６－３８３", "緯度": 34.563105, "経度": 135.4657, "url": "https://www.iryou.teikyouseido.mhlw.go.jp/znk-web/juminkanja/S2430/initialize?prefCd=27&kikanCd=1270004560&kikanKbn=1", "url2": "https://sakaiyamaguchi.info/", "内容": "医療法人慈友会堺山口病院【1:病院】【診療科目:内科_胃腸内科_外科_整形外科_皮膚科_リハビリテーション科_放射線科_麻酔科】【一般病床数:60療養病床数:0精神病床数:0感染症病床数:0合計病床数:60】大阪府堺市堺区東湊町６－３８３" }, "geometry": { "type": "Point", "coordinates": [ 135.4657, 34.563105 ] } },
{ "type": "Feature", "properties": { "ID": 2711270004570, "正式名称": "社会医療法人清恵会　清恵会三宝病院", "機関区分": 1, "都道府県コード": 27, "市区町村コード": 141, "所在地": "大阪府堺市堺区松屋町１丁４番地の１", "緯度": 34.596213, "経度": 135.472059, "url": "https://www.iryou.teikyouseido.mhlw.go.jp/znk-web/juminkanja/S2430/initialize?prefCd=27&kikanCd=1270004570&kikanKbn=1", "url2": "https://seikeikai.or.jp/sanbou/", "内容": "社会医療法人清恵会　清恵会三宝病院【1:病院】【診療科目:内科_整形外科_リハビリテーション科】【一般病床数:0療養病床数:240精神病床数:0感染症病床数:0合計病床数:240】大阪府堺市堺区松屋町１丁４番地の１" }, "geometry": { "type": "Point", "coordinates": [ 135.472059, 34.596213 ] } },
{ "type": "Feature", "properties": { "ID": 2711270004580, "正式名称": "医療法人いずみ会阪堺病院", "機関区分": 1, "都道府県コード": 27, "市区町村コード": 141, "所在地": "大阪府堺市堺区大浜北町１－８－８", "緯度": 34.577548, "経度": 135.464838, "url": "https://www.iryou.teikyouseido.mhlw.go.jp/znk-web/juminkanja/S2430/initialize?prefCd=27&kikanCd=1270004580&kikanKbn=1", "url2": "http://hankai.or.jp", "内容": "医療法人いずみ会阪堺病院【1:病院】【診療科目:内科_循環器内科_脳神経外科_整形外科_形成外科_リウマチ科_リハビリテーション科_麻酔科】【一般病床数:140療養病床数:0精神病床数:0感染症病床数:0合計病床数:140】大阪府堺市堺区大浜北町１－８－８" }, "geometry": { "type": "Point", "coordinates": [ 135.464838, 34.577548 ] } },
{ "type": "Feature", "properties": { "ID": 2711270004600, "正式名称": "タマダ病院", "機関区分": 1, "都道府県コード": 27, "市区町村コード": 146, "所在地": "大阪府堺市北区蔵前町２丁１５番３９号", "緯度": 34.575133, "経度": 135.514223, "url": "https://www.iryou.teikyouseido.mhlw.go.jp/znk-web/juminkanja/S2430/initialize?prefCd=27&kikanCd=1270004600&kikanKbn=1", "url2": null, "内容": "タマダ病院【1:病院】【診療科目:内科_肛門外科_精神科】【一般病床数:0療養病床数:60精神病床数:0感染症病床数:0合計病床数:60】大阪府堺市北区蔵前町２丁１５番３９号" }, "geometry": { "type": "Point", "coordinates": [ 135.514223, 34.575133 ] } },
{ "type": "Feature", "properties": { "ID": 2711270004620, "正式名称": "医療法人以和貴会　金岡中央病院", "機関区分": 1, "都道府県コード": 27, "市区町村コード": 146, "所在地": "大阪府堺市北区中村町４５０", "緯度": 34.560496, "経度": 135.537666, "url": "https://www.iryou.teikyouseido.mhlw.go.jp/znk-web/juminkanja/S2430/initialize?prefCd=27&kikanCd=1270004620&kikanKbn=1", "url2": "https://kanaoka-chsp.jp/", "内容": "医療法人以和貴会　金岡中央病院【1:病院】【診療科目:内科_精神科_神経科_歯科】【一般病床数:0療養病床数:0精神病床数:385感染症病床数:0合計病床数:385】大阪府堺市北区中村町４５０" }, "geometry": { "type": "Point", "coordinates": [ 135.537666, 34.560496 ] } },
{ "type": "Feature", "properties": { "ID": 2711270004640, "正式名称": "医療法人方佑会　植木病院", "機関区分": 1, "都道府県コード": 27, "市区町村コード": 146, "所在地": "大阪府堺市北区黒土町３００２番地５", "緯度": 34.561439, "経度": 135.502752, "url": "https://www.iryou.teikyouseido.mhlw.go.jp/znk-web/juminkanja/S2430/initialize?prefCd=27&kikanCd=1270004640&kikanKbn=1", "url2": "http://www.uekihospital.or.jp", "内容": "医療法人方佑会　植木病院【1:病院】【診療科目:内科_呼吸器内科_循環器内科_消化器内科_外科_消化器外科_乳腺外科_肛門外科_整形外科_リウマチ科_リハビリテーション科_放射線科】【一般病床数:98療養病床数:32精神病床数:0感染症病床数:0合計病床数:130】大阪府堺市北区黒土町３００２番地５" }, "geometry": { "type": "Point", "coordinates": [ 135.502752, 34.561439 ] } },
{ "type": "Feature", "properties": { "ID": 2711270004650, "正式名称": "独立行政法人労働者健康安全機構　大阪労災病院", "機関区分": 1, "都道府県コード": 27, "市区町村コード": 146, "所在地": "大阪府堺市北区長曽根町１１７９－３", "緯度": 34.567828, "経度": 135.507918, "url": "https://www.iryou.teikyouseido.mhlw.go.jp/znk-web/juminkanja/S2430/initialize?prefCd=27&kikanCd=1270004650&kikanKbn=1", "url2": "https://www.osakah.johas.go.jp/", "内容": "独立行政法人労働者健康安全機構　大阪労災病院【1:病院】【診療科目:内科_循環器内科_消化器内科_腫瘍内科_外科_脳神経外科_呼吸器外科_心臓血管外科_消化器外科_乳腺外科_整形外科_形成外科_小児科_産婦人科_眼科_耳鼻いんこう科_皮膚科_泌尿器科_精神科_歯科_歯科口腔外科_リハビリテーション科_放射線診断科_放射線治療科_病理診断科_麻酔科】【一般病床数:678療養病床数:0精神病床数:0感染症病床数:0合計病床数:678】大阪府堺市北区長曽根町１１７９－３" }, "geometry": { "type": "Point", "coordinates": [ 135.507918, 34.567828 ] } },
{ "type": "Feature", "properties": { "ID": 2711270004660, "正式名称": "医療法人以和貴会北条病院", "機関区分": 1, "都道府県コード": 27, "市区町村コード": 146, "所在地": "大阪府堺市北区百舌鳥陵南町１丁７７番地の１", "緯度": 34.546746, "経度": 135.488032, "url": "https://www.iryou.teikyouseido.mhlw.go.jp/znk-web/juminkanja/S2430/initialize?prefCd=27&kikanCd=1270004660&kikanKbn=1", "url2": "https://houjyou.or.jp/", "内容": "医療法人以和貴会北条病院【1:病院】【診療科目:内科_呼吸器内科_消化器内科_整形外科_歯科_リウマチ科_リハビリテーション科_放射線科】【一般病床数:0療養病床数:141精神病床数:0感染症病床数:0合計病床数:141】大阪府堺市北区百舌鳥陵南町１丁７７番地の１" }, "geometry": { "type": "Point", "coordinates": [ 135.488032, 34.546746 ] } },
{ "type": "Feature", "properties": { "ID": 2711270004670, "正式名称": "医療法人杏林会金岡病院", "機関区分": 1, "都道府県コード": 27, "市区町村コード": 146, "所在地": "大阪府堺市北区中長尾町２－４－３", "緯度": 34.574216, "経度": 135.498613, "url": "https://www.iryou.teikyouseido.mhlw.go.jp/znk-web/juminkanja/S2430/initialize?prefCd=27&kikanCd=1270004670&kikanKbn=1", "url2": "http://www.kanaoka.or.jp", "内容": "医療法人杏林会金岡病院【1:病院】【診療科目:内科_外科_整形外科】【一般病床数:0療養病床数:155精神病床数:0感染症病床数:0合計病床数:155】大阪府堺市北区中長尾町２－４－３" }, "geometry": { "type": "Point", "coordinates": [ 135.498613, 34.574216 ] } },
{ "type": "Feature", "properties": { "ID": 2711270004680, "正式名称": "独立行政法人国立病院機構近畿中央呼吸器センター", "機関区分": 1, "都道府県コード": 27, "市区町村コード": 146, "所在地": "大阪府堺市北区長曽根町１１８０番地", "緯度": 34.570438, "経度": 135.503113, "url": "https://www.iryou.teikyouseido.mhlw.go.jp/znk-web/juminkanja/S2430/initialize?prefCd=27&kikanCd=1270004680&kikanKbn=1", "url2": "https://kcmc.hosp.go.jp/", "内容": "独立行政法人国立病院機構近畿中央呼吸器センター【1:病院】【診療科目:内科_感染症内科_呼吸器内科_気管食道内科_循環器内科_腫瘍内科_緩和ケア内科_外科_脳神経外科_呼吸器外科_心臓血管外科_乳腺外科_整形外科_精神科_心療内科_歯科_アレルギー科_リハビリテーション科_放射線科_病理診断科_麻酔科】【一般病床数:261療養病床数:0精神病床数:0感染症病床数:0合計病床数:276】大阪府堺市北区長曽根町１１８０番地" }, "geometry": { "type": "Point", "coordinates": [ 135.503113, 34.570438 ] } },
{ "type": "Feature", "properties": { "ID": 2711270004690, "正式名称": "医療法人微風会浜寺病院", "機関区分": 1, "都道府県コード": 27, "市区町村コード": 225, "所在地": "大阪府高石市東羽衣７－１０－３９", "緯度": 34.526386, "経度": 135.441203, "url": "https://www.iryou.teikyouseido.mhlw.go.jp/znk-web/juminkanja/S2430/initialize?prefCd=27&kikanCd=1270004690&kikanKbn=1", "url2": "http://www.hamadera.com", "内容": "医療法人微風会浜寺病院【1:病院】【診療科目:内科_精神科_歯科】【一般病床数:0療養病床数:0精神病床数:642感染症病床数:0合計病床数:642】大阪府高石市東羽衣７－１０－３９" }, "geometry": { "type": "Point", "coordinates": [ 135.441203, 34.526386 ] } },
{ "type": "Feature", "properties": { "ID": 2711270004700, "正式名称": "医療法人博我会高石病院", "機関区分": 1, "都道府県コード": 27, "市区町村コード": 225, "所在地": "大阪府高石市高師浜３－３－３１", "緯度": 34.526164, "経度": 135.433121, "url": "https://www.iryou.teikyouseido.mhlw.go.jp/znk-web/juminkanja/S2430/initialize?prefCd=27&kikanCd=1270004700&kikanKbn=1", "url2": "http://www.takaishi-hp.jp/", "内容": "医療法人博我会高石病院【1:病院】【診療科目:内科_精神科_リハビリテーション科_放射線科_麻酔科】【一般病床数:48療養病床数:40精神病床数:0感染症病床数:0合計病床数:88】大阪府高石市高師浜３－３－３１" }, "geometry": { "type": "Point", "coordinates": [ 135.433121, 34.526164 ] } },
{ "type": "Feature", "properties": { "ID": 2711270004710, "正式名称": "医療法人医進会高石加茂病院", "機関区分": 1, "都道府県コード": 27, "市区町村コード": 225, "所在地": "大阪府高石市西取石３－２３－１７", "緯度": 34.522554, "経度": 135.444203, "url": "https://www.iryou.teikyouseido.mhlw.go.jp/znk-web/juminkanja/S2430/initialize?prefCd=27&kikanCd=1270004710&kikanKbn=1", "url2": "http://www.takaishikamo-hp.jp/", "内容": "医療法人医進会高石加茂病院【1:病院】【診療科目:内科_呼吸器内科_循環器内科_胃腸内科_外科_肛門外科_整形外科_リハビリテーション科_放射線科】【一般病床数:54療養病床数:24精神病床数:0感染症病床数:0合計病床数:78】大阪府高石市西取石３－２３－１７" }, "geometry": { "type": "Point", "coordinates": [ 135.444203, 34.522554 ] } },
{ "type": "Feature", "properties": { "ID": 2711270004720, "正式名称": "医療法人良秀会　高石藤井病院", "機関区分": 1, "都道府県コード": 27, "市区町村コード": 225, "所在地": "大阪府高石市綾園１丁目１４番２５号", "緯度": 34.519562, "経度": 135.434324, "url": "https://www.iryou.teikyouseido.mhlw.go.jp/znk-web/juminkanja/S2430/initialize?prefCd=27&kikanCd=1270004720&kikanKbn=1", "url2": "http://www.ryoshukai.or.jp", "内容": "医療法人良秀会　高石藤井病院【1:病院】【診療科目:内科_糖尿病・内分泌内科_循環器内科_消化器内科_腎臓内科_人工透析内科_神経内科_外科_心臓血管外科_消化器外科_乳腺外科_女性乳腺外科_整形外科_眼科_皮膚科_泌尿器科_リハビリテーション科_放射線科_麻酔科】【一般病床数:113療養病床数:72精神病床数:0感染症病床数:0合計病床数:185】大阪府高石市綾園１丁目１４番２５号" }, "geometry": { "type": "Point", "coordinates": [ 135.434324, 34.519562 ] } },
{ "type": "Feature", "properties": { "ID": 2711270004730, "正式名称": "社会医療法人ペガサス　ペガサスリハビリテーション病院", "機関区分": 1, "都道府県コード": 27, "市区町村コード": 144, "所在地": "大阪府堺市西区浜寺船尾町東４丁２６９番地", "緯度": 34.545857, "経度": 135.462201, "url": "https://www.iryou.teikyouseido.mhlw.go.jp/znk-web/juminkanja/S2430/initialize?prefCd=27&kikanCd=1270004730&kikanKbn=1", "url2": "http://www.pegasus.or.jp", "内容": "社会医療法人ペガサス　ペガサスリハビリテーション病院【1:病院】【診療科目:内科_神経内科_精神科_リハビリテーション科】【一般病床数:0療養病床数:150精神病床数:0感染症病床数:0合計病床数:150】大阪府堺市西区浜寺船尾町東４丁２６９番地" }, "geometry": { "type": "Point", "coordinates": [ 135.462201, 34.545857 ] } },
{ "type": "Feature", "properties": { "ID": 2711270004750, "正式名称": "社会医療法人ペガサス馬場記念病院", "機関区分": 1, "都道府県コード": 27, "市区町村コード": 144, "所在地": "大阪府堺市西区浜寺船尾町東４－２４４", "緯度": 34.547051, "経度": 135.462701, "url": "https://www.iryou.teikyouseido.mhlw.go.jp/znk-web/juminkanja/S2430/initialize?prefCd=27&kikanCd=1270004750&kikanKbn=1", "url2": "http://www.pegasus.or.jp", "内容": "社会医療法人ペガサス馬場記念病院【1:病院】【診療科目:内科_呼吸器内科_循環器内科_消化器内科_神経内科_外科_脳神経外科_整形外科_形成外科_眼科_皮膚科_泌尿器科_リハビリテーション科_放射線科_病理診断科_麻酔科】【一般病床数:300療養病床数:0精神病床数:0感染症病床数:0合計病床数:300】大阪府堺市西区浜寺船尾町東４－２４４" }, "geometry": { "type": "Point", "coordinates": [ 135.462701, 34.547051 ] } },
{ "type": "Feature", "properties": { "ID": 2711270004760, "正式名称": "医療法人大泉会大仙病院", "機関区分": 1, "都道府県コード": 27, "市区町村コード": 144, "所在地": "大阪府堺市西区北条町１－２－３１", "緯度": 34.547885, "経度": 135.484588, "url": "https://www.iryou.teikyouseido.mhlw.go.jp/znk-web/juminkanja/S2430/initialize?prefCd=27&kikanCd=1270004760&kikanKbn=1", "url2": "http://daisenkai.jp/daisen-hp/", "内容": "医療法人大泉会大仙病院【1:病院】【診療科目:内科_糖尿病内科_循環器内科_消化器内科_外科_心臓血管外科_肛門外科_整形外科_形成外科_皮膚科_リハビリテーション科_放射線診断科】【一般病床数:30療養病床数:0精神病床数:0感染症病床数:0合計病床数:30】大阪府堺市西区北条町１－２－３１" }, "geometry": { "type": "Point", "coordinates": [ 135.484588, 34.547885 ] } },
{ "type": "Feature", "properties": { "ID": 2711270004810, "正式名称": "医療法人河和会河和会病院", "機関区分": 1, "都道府県コード": 27, "市区町村コード": 219, "所在地": "大阪府和泉市鶴山台２－４－７", "緯度": 34.50475, "経度": 135.453759, "url": "https://www.iryou.teikyouseido.mhlw.go.jp/znk-web/juminkanja/S2430/initialize?prefCd=27&kikanCd=1270004810&kikanKbn=1", "url2": null, "内容": "医療法人河和会河和会病院【1:病院】【診療科目:内科_呼吸器内科_胃腸内科_皮膚科_放射線科】【一般病床数:60療養病床数:0精神病床数:0感染症病床数:0合計病床数:60】大阪府和泉市鶴山台２－４－７" }, "geometry": { "type": "Point", "coordinates": [ 135.453759, 34.50475 ] } },
{ "type": "Feature", "properties": { "ID": 2711270004830, "正式名称": "医療法人守田会　いぶきの病院", "機関区分": 1, "都道府県コード": 27, "市区町村コード": 219, "所在地": "大阪府和泉市いぶき野４－５－１", "緯度": 34.462894, "経度": 135.455816, "url": "https://www.iryou.teikyouseido.mhlw.go.jp/znk-web/juminkanja/S2430/initialize?prefCd=27&kikanCd=1270004830&kikanKbn=1", "url2": "http://www18.ocn.ne.jp/~oriono/", "内容": "医療法人守田会　いぶきの病院【1:病院】【診療科目:内科_循環器内科_消化器内科_神経内科_脳神経外科_整形外科_眼科_耳鼻いんこう科_泌尿器科_リハビリテーション科_放射線科】【一般病床数:24療養病床数:316精神病床数:0感染症病床数:0合計病床数:340】大阪府和泉市いぶき野４－５－１" }, "geometry": { "type": "Point", "coordinates": [ 135.455816, 34.462894 ] } },
{ "type": "Feature", "properties": { "ID": 2711270004840, "正式名称": "医療法人貴生会和泉中央病院", "機関区分": 1, "都道府県コード": 27, "市区町村コード": 219, "所在地": "大阪府和泉市箕形町６－９－８", "緯度": 34.461699, "経度": 135.440706, "url": "https://www.iryou.teikyouseido.mhlw.go.jp/znk-web/juminkanja/S2430/initialize?prefCd=27&kikanCd=1270004840&kikanKbn=1", "url2": "http://kiseikai-izumi.jp", "内容": "医療法人貴生会和泉中央病院【1:病院】【診療科目:内科_精神科_心療内科】【一般病床数:0療養病床数:0精神病床数:206感染症病床数:0合計病床数:206】大阪府和泉市箕形町６－９－８" }, "geometry": { "type": "Point", "coordinates": [ 135.440706, 34.461699 ] } },
{ "type": "Feature", "properties": { "ID": 2711270004860, "正式名称": "医療法人良秀会　奥村病院", "機関区分": 1, "都道府県コード": 27, "市区町村コード": 219, "所在地": "大阪府和泉市府中町３－１５－３", "緯度": 34.484724, "経度": 135.425984, "url": "https://www.iryou.teikyouseido.mhlw.go.jp/znk-web/juminkanja/S2430/initialize?prefCd=27&kikanCd=1270004860&kikanKbn=1", "url2": "http://www.okumura-h.or.jp/", "内容": "医療法人良秀会　奥村病院【1:病院】【診療科目:内科_整形外科】【一般病床数:0療養病床数:27精神病床数:0感染症病床数:0合計病床数:27】大阪府和泉市府中町３－１５－３" }, "geometry": { "type": "Point", "coordinates": [ 135.425984, 34.484724 ] } },
{ "type": "Feature", "properties": { "ID": 2711270004890, "正式名称": "医療法人琴仁会光生病院", "機関区分": 1, "都道府県コード": 27, "市区町村コード": 219, "所在地": "大阪府和泉市葛の葉町３丁目３番１８号", "緯度": 34.510721, "経度": 135.435038, "url": "https://www.iryou.teikyouseido.mhlw.go.jp/znk-web/juminkanja/S2430/initialize?prefCd=27&kikanCd=1270004890&kikanKbn=1", "url2": "http://www.kouseihospital.net", "内容": "医療法人琴仁会光生病院【1:病院】【診療科目:内科_胃腸内科_外科_整形外科_泌尿器科_リハビリテーション科_放射線科】【一般病床数:43療養病床数:102精神病床数:0感染症病床数:0合計病床数:145】大阪府和泉市葛の葉町３丁目３番１８号" }, "geometry": { "type": "Point", "coordinates": [ 135.435038, 34.510721 ] } },
{ "type": "Feature", "properties": { "ID": 2711270004900, "正式名称": "地方独立行政法人　大阪府立病院機構　大阪母子医療センター", "機関区分": 1, "都道府県コード": 27, "市区町村コード": 219, "所在地": "大阪府和泉市室堂町８４０番地", "緯度": 34.471337, "経度": 135.473731, "url": "https://www.iryou.teikyouseido.mhlw.go.jp/znk-web/juminkanja/S2430/initialize?prefCd=27&kikanCd=1270004900&kikanKbn=1", "url2": "https://www.wch.opho.jp/", "内容": "地方独立行政法人　大阪府立病院機構　大阪母子医療センター【1:病院】【診療科目:内科_循環器内科_神経内科_脳神経外科_心臓血管外科_整形外科_形成外科_小児科_小児外科_産科_婦人科_眼科_耳鼻いんこう科_泌尿器科_精神科_矯正歯科_歯科口腔外科_リハビリテーション科_放射線科_病理診断科_麻酔科】【一般病床数:375療養病床数:0精神病床数:0感染症病床数:0合計病床数:375】大阪府和泉市室堂町８４０番地" }, "geometry": { "type": "Point", "coordinates": [ 135.473731, 34.471337 ] } },
{ "type": "Feature", "properties": { "ID": 2711270004910, "正式名称": "社会医療法人啓仁会咲花病院", "機関区分": 1, "都道府県コード": 27, "市区町村コード": 219, "所在地": "大阪府和泉市のぞみ野１－３－３０", "緯度": 34.454533, "経度": 135.4604, "url": "https://www.iryou.teikyouseido.mhlw.go.jp/znk-web/juminkanja/S2430/initialize?prefCd=27&kikanCd=1270004910&kikanKbn=1", "url2": "http://www.sakibana.or.jp/hospital/", "内容": "社会医療法人啓仁会咲花病院【1:病院】【診療科目:内科_胃腸内科_外科_整形外科_形成外科_小児科_産婦人科_眼科_耳鼻いんこう科_リハビリテーション科_放射線科】【一般病床数:94療養病床数:0精神病床数:0感染症病床数:0合計病床数:94】大阪府和泉市のぞみ野１－３－３０" }, "geometry": { "type": "Point", "coordinates": [ 135.4604, 34.454533 ] } },
{ "type": "Feature", "properties": { "ID": 2711270004930, "正式名称": "医療法人和泉会和泉丘病院", "機関区分": 1, "都道府県コード": 27, "市区町村コード": 219, "所在地": "大阪府和泉市久井町１２８６", "緯度": 34.412871, "経度": 135.458291, "url": "https://www.iryou.teikyouseido.mhlw.go.jp/znk-web/juminkanja/S2430/initialize?prefCd=27&kikanCd=1270004930&kikanKbn=1", "url2": "http://www.izumi-kai.jp", "内容": "医療法人和泉会和泉丘病院【1:病院】【診療科目:内科_精神科_神経科】【一般病床数:4療養病床数:0精神病床数:257感染症病床数:0合計病床数:261】大阪府和泉市久井町１２８６" }, "geometry": { "type": "Point", "coordinates": [ 135.458291, 34.412871 ] } },
{ "type": "Feature", "properties": { "ID": 2711270004950, "正式名称": "医療法人和気会新生会病院", "機関区分": 1, "都道府県コード": 27, "市区町村コード": 219, "所在地": "大阪府和泉市松尾寺町１１３", "緯度": 34.441257, "経度": 135.454206, "url": "https://www.iryou.teikyouseido.mhlw.go.jp/znk-web/juminkanja/S2430/initialize?prefCd=27&kikanCd=1270004950&kikanKbn=1", "url2": "http://shinseikai-hospital.la.coocan.jp/", "内容": "医療法人和気会新生会病院【1:病院】【診療科目:内科_精神科_神経科】【一般病床数:0療養病床数:0精神病床数:148感染症病床数:0合計病床数:148】大阪府和泉市松尾寺町１１３" }, "geometry": { "type": "Point", "coordinates": [ 135.454206, 34.441257 ] } },
{ "type": "Feature", "properties": { "ID": 2711270004960, "正式名称": "医療法人穂仁会原病院", "機関区分": 1, "都道府県コード": 27, "市区町村コード": 206, "所在地": "大阪府泉大津市東助松町１－７－１", "緯度": 34.513749, "経度": 135.422428, "url": "https://www.iryou.teikyouseido.mhlw.go.jp/znk-web/juminkanja/S2430/initialize?prefCd=27&kikanCd=1270004960&kikanKbn=1", "url2": "http://www.suijinkai.jp", "内容": "医療法人穂仁会原病院【1:病院】【診療科目:内科_循環器内科_胃腸内科_外科_肛門外科_整形外科_リハビリテーション科_放射線科_麻酔科】【一般病床数:45療養病床数:49精神病床数:0感染症病床数:0合計病床数:94】大阪府泉大津市東助松町１－７－１" }, "geometry": { "type": "Point", "coordinates": [ 135.422428, 34.513749 ] } },
{ "type": "Feature", "properties": { "ID": 2711270004970, "正式名称": "医療法人泉秀会かわい病院", "機関区分": 1, "都道府県コード": 27, "市区町村コード": 206, "所在地": "大阪府泉大津市豊中町２－６－５", "緯度": 34.495112, "経度": 135.424456, "url": "https://www.iryou.teikyouseido.mhlw.go.jp/znk-web/juminkanja/S2430/initialize?prefCd=27&kikanCd=1270004970&kikanKbn=1", "url2": "http://www.kawai-hp.or.jp", "内容": "医療法人泉秀会かわい病院【1:病院】【診療科目:内科_外科_整形外科_小児科_リウマチ科_リハビリテーション科_放射線科_麻酔科】【一般病床数:46療養病床数:0精神病床数:0感染症病床数:0合計病床数:46】大阪府泉大津市豊中町２－６－５" }, "geometry": { "type": "Point", "coordinates": [ 135.424456, 34.495112 ] } },
{ "type": "Feature", "properties": { "ID": 2711270004980, "正式名称": "泉大津市立周産期小児医療センター", "機関区分": 1, "都道府県コード": 27, "市区町村コード": 206, "所在地": "大阪府泉大津市下条町１６－１", "緯度": 34.501444, "経度": 135.413929, "url": "https://www.iryou.teikyouseido.mhlw.go.jp/znk-web/juminkanja/S2430/initialize?prefCd=27&kikanCd=1270004980&kikanKbn=1", "url2": "http://www.hosp-ozu-osaka.jp/", "内容": "泉大津市立周産期小児医療センター【1:病院】【診療科目:内科_乳腺外科_小児科_小児外科_新生児内科_産婦人科_耳鼻いんこう科_リハビリテーション科_放射線科_病理診断科_麻酔科】【一般病床数:230療養病床数:0精神病床数:0感染症病床数:0合計病床数:230】大阪府泉大津市下条町１６－１" }, "geometry": { "type": "Point", "coordinates": [ 135.413929, 34.501444 ] } },
{ "type": "Feature", "properties": { "ID": 2711270004990, "正式名称": "医療法人吉川會　吉川病院", "機関区分": 1, "都道府県コード": 27, "市区町村コード": 206, "所在地": "大阪府泉大津市春日町２－１０", "緯度": 34.504694, "経度": 135.407541, "url": "https://www.iryou.teikyouseido.mhlw.go.jp/znk-web/juminkanja/S2430/initialize?prefCd=27&kikanCd=1270004990&kikanKbn=1", "url2": "https://www.yoshikawa-hp.info/", "内容": "医療法人吉川會　吉川病院【1:病院】【診療科目:内科_呼吸器内科_外科_整形外科_リウマチ科_リハビリテーション科_放射線科】【一般病床数:0療養病床数:59精神病床数:0感染症病床数:0合計病床数:59】大阪府泉大津市春日町２－１０" }, "geometry": { "type": "Point", "coordinates": [ 135.407541, 34.504694 ] } },
{ "type": "Feature", "properties": { "ID": 2711270005020, "正式名称": "医療法人阪南会天の川病院", "機関区分": 1, "都道府県コード": 27, "市区町村コード": 202, "所在地": "大阪府岸和田市春木大国町８－４", "緯度": 34.482696, "経度": 135.382905, "url": "https://www.iryou.teikyouseido.mhlw.go.jp/znk-web/juminkanja/S2430/initialize?prefCd=27&kikanCd=1270005020&kikanKbn=1", "url2": "http://www.amanogawa-hp.jp/", "内容": "医療法人阪南会天の川病院【1:病院】【診療科目:内科_循環器内科_消化器内科_リハビリテーション科】【一般病床数:0療養病床数:91精神病床数:0感染症病床数:0合計病床数:91】大阪府岸和田市春木大国町８－４" }, "geometry": { "type": "Point", "coordinates": [ 135.382905, 34.482696 ] } },
{ "type": "Feature", "properties": { "ID": 2711270005030, "正式名称": "医療法人徳洲会岸和田徳洲会病院", "機関区分": 1, "都道府県コード": 27, "市区町村コード": 202, "所在地": "大阪府岸和田市加守町４丁目２７－１", "緯度": 34.473336, "経度": 135.393904, "url": "https://www.iryou.teikyouseido.mhlw.go.jp/znk-web/juminkanja/S2430/initialize?prefCd=27&kikanCd=1270005030&kikanKbn=1", "url2": "http://www.kishiwada.tokushukai.or.jp/", "内容": "医療法人徳洲会岸和田徳洲会病院【1:病院】【診療科目:内科_呼吸器内科_循環器内科_消化器内科_腎臓内科_人工透析内科_神経内科_腫瘍内科_外科_脳神経外科_心臓血管外科_消化器外科_乳腺外科_整形外科_形成外科_小児科_産婦人科_眼科_耳鼻いんこう科_皮膚科_泌尿器科_心療内科_歯科_歯科口腔外科_リハビリテーション科_放射線科_病理診断科_救急科_麻酔科】【一般病床数:400療養病床数:0精神病床数:0感染症病床数:0合計病床数:400】大阪府岸和田市加守町４丁目２７－１" }, "geometry": { "type": "Point", "coordinates": [ 135.393904, 34.473336 ] } },
{ "type": "Feature", "properties": { "ID": 2711270005040, "正式名称": "医療法人良秀会　藤井病院", "機関区分": 1, "都道府県コード": 27, "市区町村コード": 202, "所在地": "大阪府岸和田市西之内町３－１", "緯度": 34.464392, "経度": 135.388433, "url": "https://www.iryou.teikyouseido.mhlw.go.jp/znk-web/juminkanja/S2430/initialize?prefCd=27&kikanCd=1270005040&kikanKbn=1", "url2": "http://www.ryoshukai.or.jp/medical/fujii/", "内容": "医療法人良秀会　藤井病院【1:病院】【診療科目:内科_呼吸器内科_循環器内科_消化器内科_腎臓内科_外科_整形外科_皮膚科_泌尿器科_リハビリテーション科_放射線科_麻酔科】【一般病床数:95療養病床数:60精神病床数:0感染症病床数:0合計病床数:155】大阪府岸和田市西之内町３－１" }, "geometry": { "type": "Point", "coordinates": [ 135.388433, 34.464392 ] } },
{ "type": "Feature", "properties": { "ID": 2711270005060, "正式名称": "社会福祉法人寺田萬寿会寺田萬寿病院", "機関区分": 1, "都道府県コード": 27, "市区町村コード": 202, "所在地": "大阪府岸和田市南上町１－４８－５", "緯度": 34.453532, "経度": 135.370768, "url": "https://www.iryou.teikyouseido.mhlw.go.jp/znk-web/juminkanja/S2430/initialize?prefCd=27&kikanCd=1270005060&kikanKbn=1", "url2": "https://www.terada-manju.jp/", "内容": "社会福祉法人寺田萬寿会寺田萬寿病院【1:病院】【診療科目:内科_消化器内科_外科_脳神経外科_整形外科_眼科_皮膚科_美容皮膚科_泌尿器科_リハビリテーション科_麻酔科】【一般病床数:47療養病床数:203精神病床数:0感染症病床数:0合計病床数:250】大阪府岸和田市南上町１－４８－５" }, "geometry": { "type": "Point", "coordinates": [ 135.370768, 34.453532 ] } },
{ "type": "Feature", "properties": { "ID": 2711270005070, "正式名称": "医療法人ふれ愛の杜　みどり病院", "機関区分": 1, "都道府県コード": 27, "市区町村コード": 202, "所在地": "大阪府岸和田市箕土路町２丁目１２－３４", "緯度": 34.473864, "経度": 135.409431, "url": "https://www.iryou.teikyouseido.mhlw.go.jp/znk-web/juminkanja/S2430/initialize?prefCd=27&kikanCd=1270005070&kikanKbn=1", "url2": "http://www.midori-hospital.jp/", "内容": "医療法人ふれ愛の杜　みどり病院【1:病院】【診療科目:内科_リハビリテーション科】【一般病床数:0療養病床数:40精神病床数:0感染症病床数:0合計病床数:40】大阪府岸和田市箕土路町２丁目１２－３４" }, "geometry": { "type": "Point", "coordinates": [ 135.409431, 34.473864 ] } },
{ "type": "Feature", "properties": { "ID": 2711270005080, "正式名称": "医療法人晋救館和田病院", "機関区分": 1, "都道府県コード": 27, "市区町村コード": 202, "所在地": "大阪府岸和田市三田町９４４－１", "緯度": 34.453755, "経度": 135.428763, "url": "https://www.iryou.teikyouseido.mhlw.go.jp/znk-web/juminkanja/S2430/initialize?prefCd=27&kikanCd=1270005080&kikanKbn=1", "url2": "http://www.wada-hp.jp/", "内容": "医療法人晋救館和田病院【1:病院】【診療科目:内科_循環器内科_リハビリテーション科】【一般病床数:0療養病床数:60精神病床数:0感染症病床数:0合計病床数:60】大阪府岸和田市三田町９４４－１" }, "geometry": { "type": "Point", "coordinates": [ 135.428763, 34.453755 ] } },
{ "type": "Feature", "properties": { "ID": 2711270005090, "正式名称": "医療法人吉栄会吉川病院", "機関区分": 1, "都道府県コード": 27, "市区町村コード": 202, "所在地": "大阪府岸和田市池尻町９８", "緯度": 34.460088, "経度": 135.415153, "url": "https://www.iryou.teikyouseido.mhlw.go.jp/znk-web/juminkanja/S2430/initialize?prefCd=27&kikanCd=1270005090&kikanKbn=1", "url2": "http://www.yoshieikai.com", "内容": "医療法人吉栄会吉川病院【1:病院】【診療科目:内科_外科_脳神経外科_整形外科_小児科_リハビリテーション科_放射線科】【一般病床数:0療養病床数:55精神病床数:0感染症病床数:0合計病床数:55】大阪府岸和田市池尻町９８" }, "geometry": { "type": "Point", "coordinates": [ 135.415153, 34.460088 ] } },
{ "type": "Feature", "properties": { "ID": 2711270005100, "正式名称": "医療法人利田会久米田病院", "機関区分": 1, "都道府県コード": 27, "市区町村コード": 202, "所在地": "大阪府岸和田市尾生町６丁目１２番３１号", "緯度": 34.447006, "経度": 135.417015, "url": "https://www.iryou.teikyouseido.mhlw.go.jp/znk-web/juminkanja/S2430/initialize?prefCd=27&kikanCd=1270005100&kikanKbn=1", "url2": "https://www.kumeda-hp.or.jp", "内容": "医療法人利田会久米田病院【1:病院】【診療科目:内科_神経内科_精神科】【一般病床数:0療養病床数:0精神病床数:494感染症病床数:0合計病床数:494】大阪府岸和田市尾生町６丁目１２番３１号" }, "geometry": { "type": "Point", "coordinates": [ 135.417015, 34.447006 ] } },
{ "type": "Feature", "properties": { "ID": 2711270005120, "正式名称": "医療法人社団柴田会久米田外科整形外科病院", "機関区分": 1, "都道府県コード": 27, "市区町村コード": 202, "所在地": "大阪府岸和田市小松里町９２８番地の１", "緯度": 34.462754, "経度": 135.40582, "url": "https://www.iryou.teikyouseido.mhlw.go.jp/znk-web/juminkanja/S2430/initialize?prefCd=27&kikanCd=1270005120&kikanKbn=1", "url2": "https://sites.google.com/site/kumeseishibatakai/home", "内容": "医療法人社団柴田会久米田外科整形外科病院【1:病院】【診療科目:内科_糖尿病内科_胃腸内科_外科_整形外科_リウマチ科_リハビリテーション科_放射線科_麻酔科】【一般病床数:0療養病床数:60精神病床数:0感染症病床数:0合計病床数:60】大阪府岸和田市小松里町９２８番地の１" }, "geometry": { "type": "Point", "coordinates": [ 135.40582, 34.462754 ] } },
{ "type": "Feature", "properties": { "ID": 2711270005130, "正式名称": "医療法人えいしん会　岸和田こころのホスピタル", "機関区分": 1, "都道府県コード": 27, "市区町村コード": 202, "所在地": "大阪府岸和田市下松町１３４４－３", "緯度": 34.442478, "経度": 135.404877, "url": "https://www.iryou.teikyouseido.mhlw.go.jp/znk-web/juminkanja/S2430/initialize?prefCd=27&kikanCd=1270005130&kikanKbn=1", "url2": "http://www.kishiwada-kokoro-hp.or.jp", "内容": "医療法人えいしん会　岸和田こころのホスピタル【1:病院】【診療科目:内科_精神科_神経科】【一般病床数:0療養病床数:0精神病床数:150感染症病床数:0合計病床数:150】大阪府岸和田市下松町１３４４－３" }, "geometry": { "type": "Point", "coordinates": [ 135.404877, 34.442478 ] } },
{ "type": "Feature", "properties": { "ID": 2711270005140, "正式名称": "医療法人聖志会渡辺病院", "機関区分": 1, "都道府県コード": 27, "市区町村コード": 202, "所在地": "大阪府岸和田市土生町７７番地", "緯度": 34.433312, "経度": 135.405961, "url": "https://www.iryou.teikyouseido.mhlw.go.jp/znk-web/juminkanja/S2430/initialize?prefCd=27&kikanCd=1270005140&kikanKbn=1", "url2": "http://www.seishikai.or.jp", "内容": "医療法人聖志会渡辺病院【1:病院】【診療科目:内科_眼科_皮膚科_泌尿器科_精神科_心療内科_歯科_リハビリテーション科】【一般病床数:0療養病床数:100精神病床数:336感染症病床数:0合計病床数:436】大阪府岸和田市土生町７７番地" }, "geometry": { "type": "Point", "coordinates": [ 135.405961, 34.433312 ] } },
{ "type": "Feature", "properties": { "ID": 2711270005160, "正式名称": "医療法人宝山会小南記念病院", "機関区分": 1, "都道府県コード": 27, "市区町村コード": 202, "所在地": "大阪府岸和田市土生町５丁目１１番１６号", "緯度": 34.443894, "経度": 135.381934, "url": "https://www.iryou.teikyouseido.mhlw.go.jp/znk-web/juminkanja/S2430/initialize?prefCd=27&kikanCd=1270005160&kikanKbn=1", "url2": "http://cominami.com", "内容": "医療法人宝山会小南記念病院【1:病院】【診療科目:内科_外科_整形外科_リハビリテーション科_放射線科】【一般病床数:26療養病床数:112精神病床数:0感染症病床数:0合計病床数:138】大阪府岸和田市土生町５丁目１１番１６号" }, "geometry": { "type": "Point", "coordinates": [ 135.381934, 34.443894 ] } },
{ "type": "Feature", "properties": { "ID": 2711270005180, "正式名称": "市立岸和田市民病院", "機関区分": 1, "都道府県コード": 27, "市区町村コード": 202, "所在地": "大阪府岸和田市額原町１００１番地", "緯度": 34.461087, "経度": 135.39596, "url": "https://www.iryou.teikyouseido.mhlw.go.jp/znk-web/juminkanja/S2430/initialize?prefCd=27&kikanCd=1270005180&kikanKbn=1", "url2": "http://www.kishiwada-hospital.com/", "内容": "市立岸和田市民病院【1:病院】【診療科目:内科_血液内科_代謝・内分泌内科_呼吸器内科_循環器内科_消化器内科_腎臓内科_神経内科_腫瘍内科_緩和ケア内科_外科_脳神経外科_呼吸器外科_心臓血管外科_消化器外科_乳腺外科_整形外科_形成外科_小児科_産婦人科_眼科_耳鼻いんこう科_皮膚科_泌尿器科_精神科_歯科口腔外科_リウマチ科_リハビリテーション科_放射線科_放射線治療科_病理診断科_救急科_麻酔科】【一般病床数:400療養病床数:0精神病床数:0感染症病床数:0合計病床数:400】大阪府岸和田市額原町１００１番地" }, "geometry": { "type": "Point", "coordinates": [ 135.39596, 34.461087 ] } },
{ "type": "Feature", "properties": { "ID": 2711270005200, "正式名称": "市立貝塚病院", "機関区分": 1, "都道府県コード": 27, "市区町村コード": 208, "所在地": "大阪府貝塚市堀３－１０－２０", "緯度": 34.449727, "経度": 135.359936, "url": "https://www.iryou.teikyouseido.mhlw.go.jp/znk-web/juminkanja/S2430/initialize?prefCd=27&kikanCd=1270005200&kikanKbn=1", "url2": "http://www.hosp.kaizuka.osaka.jp", "内容": "市立貝塚病院【1:病院】【診療科目:内科_消化器内科_神経内科_緩和ケア内科_外科_消化器外科_乳腺外科_整形外科_形成外科_小児科_産婦人科_眼科_耳鼻いんこう科_皮膚科_泌尿器科_リハビリテーション科_放射線科_病理診断科_麻酔科】【一般病床数:249療養病床数:0精神病床数:0感染症病床数:0合計病床数:249】大阪府貝塚市堀３－１０－２０" }, "geometry": { "type": "Point", "coordinates": [ 135.359936, 34.449727 ] } },
{ "type": "Feature", "properties": { "ID": 2711270005220, "正式名称": "医療法人田村会貝塚中央病院", "機関区分": 1, "都道府県コード": 27, "市区町村コード": 208, "所在地": "大阪府貝塚市橋本１０００", "緯度": 34.429034, "経度": 135.363937, "url": "https://www.iryou.teikyouseido.mhlw.go.jp/znk-web/juminkanja/S2430/initialize?prefCd=27&kikanCd=1270005220&kikanKbn=1", "url2": "http://www.kai-chu.com/", "内容": "医療法人田村会貝塚中央病院【1:病院】【診療科目:精神科_心療内科】【一般病床数:0療養病床数:0精神病床数:403感染症病床数:0合計病床数:403】大阪府貝塚市橋本１０００" }, "geometry": { "type": "Point", "coordinates": [ 135.363937, 34.429034 ] } },
{ "type": "Feature", "properties": { "ID": 2711270005230, "正式名称": "木島病院", "機関区分": 1, "都道府県コード": 27, "市区町村コード": 208, "所在地": "大阪府貝塚市森８９２", "緯度": 34.413231, "経度": 135.378019, "url": "https://www.iryou.teikyouseido.mhlw.go.jp/znk-web/juminkanja/S2430/initialize?prefCd=27&kikanCd=1270005230&kikanKbn=1", "url2": "http://www.kijima.or.jp", "内容": "木島病院【1:病院】【診療科目:内科_精神科_神経科_歯科】【一般病床数:0療養病床数:0精神病床数:492感染症病床数:0合計病床数:492】大阪府貝塚市森８９２" }, "geometry": { "type": "Point", "coordinates": [ 135.378019, 34.413231 ] } },
{ "type": "Feature", "properties": { "ID": 2711270005240, "正式名称": "医療法人永和会こころあ病院", "機関区分": 1, "都道府県コード": 27, "市区町村コード": 208, "所在地": "大阪府貝塚市森４９７番地", "緯度": 34.417314, "経度": 135.380713, "url": "https://www.iryou.teikyouseido.mhlw.go.jp/znk-web/juminkanja/S2430/initialize?prefCd=27&kikanCd=1270005240&kikanKbn=1", "url2": "http://www.cocoroa.or.jp", "内容": "医療法人永和会こころあ病院【1:病院】【診療科目:精神科_心療内科】【一般病床数:0療養病床数:0精神病床数:450感染症病床数:0合計病床数:450】大阪府貝塚市森４９７番地" }, "geometry": { "type": "Point", "coordinates": [ 135.380713, 34.417314 ] } },
{ "type": "Feature", "properties": { "ID": 2711270005260, "正式名称": "医療法人河﨑会　水間病院", "機関区分": 1, "都道府県コード": 27, "市区町村コード": 208, "所在地": "大阪府貝塚市水間５１", "緯度": 34.400399, "経度": 135.38938, "url": "https://www.iryou.teikyouseido.mhlw.go.jp/znk-web/juminkanja/S2430/initialize?prefCd=27&kikanCd=1270005260&kikanKbn=1", "url2": "http://www.kawasaki-kai.or.jp/", "内容": "医療法人河﨑会　水間病院【1:病院】【診療科目:内科_精神科_神経科_歯科】【一般病床数:0療養病床数:0精神病床数:481感染症病床数:0合計病床数:481】大阪府貝塚市水間５１" }, "geometry": { "type": "Point", "coordinates": [ 135.38938, 34.400399 ] } },
{ "type": "Feature", "properties": { "ID": 2711270005270, "正式名称": "社会医療法人慈薫会河崎病院", "機関区分": 1, "都道府県コード": 27, "市区町村コード": 208, "所在地": "大阪府貝塚市水間２４４番地", "緯度": 34.403038, "経度": 135.386686, "url": "https://www.iryou.teikyouseido.mhlw.go.jp/znk-web/juminkanja/S2430/initialize?prefCd=27&kikanCd=1270005270&kikanKbn=1", "url2": "http://www.jikunnkai.or.jp/", "内容": "社会医療法人慈薫会河崎病院【1:病院】【診療科目:内科_呼吸器内科_循環器内科_消化器内科_神経内科_外科_脳神経外科_心臓血管外科_整形外科_皮膚科_リハビリテーション科_放射線科_麻酔科】【一般病床数:47療養病床数:82精神病床数:0感染症病床数:0合計病床数:129】大阪府貝塚市水間２４４番地" }, "geometry": { "type": "Point", "coordinates": [ 135.386686, 34.403038 ] } },
{ "type": "Feature", "properties": { "ID": 2711270005280, "正式名称": "医療法人青松記念病院", "機関区分": 1, "都道府県コード": 27, "市区町村コード": 213, "所在地": "大阪府泉佐野市上瓦屋８７６－１", "緯度": 34.419674, "経度": 135.334106, "url": "https://www.iryou.teikyouseido.mhlw.go.jp/znk-web/juminkanja/S2430/initialize?prefCd=27&kikanCd=1270005280&kikanKbn=1", "url2": "http://www.aomatsukinen-hp.com", "内容": "医療法人青松記念病院【1:病院】【診療科目:内科_消化器内科_外科_消化器外科_乳腺外科_肛門外科_整形外科_リハビリテーション科_麻酔科】【一般病床数:60療養病床数:0精神病床数:0感染症病床数:0合計病床数:60】大阪府泉佐野市上瓦屋８７６－１" }, "geometry": { "type": "Point", "coordinates": [ 135.334106, 34.419674 ] } },
{ "type": "Feature", "properties": { "ID": 2711270005290, "正式名称": "医療法人　良秀会　泉南藤井病院", "機関区分": 1, "都道府県コード": 27, "市区町村コード": 213, "所在地": "大阪府泉佐野市上瓦屋１４番地の７", "緯度": 34.409008, "経度": 135.33894, "url": "https://www.iryou.teikyouseido.mhlw.go.jp/znk-web/juminkanja/S2430/initialize?prefCd=27&kikanCd=1270005290&kikanKbn=1", "url2": "https://www.ryoshukai.or.jp/", "内容": "医療法人　良秀会　泉南藤井病院【1:病院】【診療科目:内科_糖尿病内科_内分泌内科_脂質代謝内科_消化器内科_腎臓内科_人工透析内科_小児科_リハビリテーション科_放射線科】【一般病床数:0療養病床数:60精神病床数:0感染症病床数:0合計病床数:60】大阪府泉佐野市上瓦屋１４番地の７" }, "geometry": { "type": "Point", "coordinates": [ 135.33894, 34.409008 ] } },
{ "type": "Feature", "properties": { "ID": 2711270005300, "正式名称": "楓こころのホスピタル", "機関区分": 1, "都道府県コード": 27, "市区町村コード": 213, "所在地": "大阪府泉佐野市中庄１０２５番地", "緯度": 34.406286, "経度": 135.334746, "url": "https://www.iryou.teikyouseido.mhlw.go.jp/znk-web/juminkanja/S2430/initialize?prefCd=27&kikanCd=1270005300&kikanKbn=1", "url2": "http://www.kaede-cocoro.org/", "内容": "楓こころのホスピタル【1:病院】【診療科目:内科_精神科_神経科_心療内科】【一般病床数:0療養病床数:0精神病床数:150感染症病床数:0合計病床数:150】大阪府泉佐野市中庄１０２５番地" }, "geometry": { "type": "Point", "coordinates": [ 135.334746, 34.406286 ] } },
{ "type": "Feature", "properties": { "ID": 2711270005310, "正式名称": "医療法人亀廣記念医学会関西サナトリウム", "機関区分": 1, "都道府県コード": 27, "市区町村コード": 213, "所在地": "大阪府泉佐野市市場西３－９－２８", "緯度": 34.407397, "経度": 135.318275, "url": "https://www.iryou.teikyouseido.mhlw.go.jp/znk-web/juminkanja/S2430/initialize?prefCd=27&kikanCd=1270005310&kikanKbn=1", "url2": "http://www.kansana.jp/", "内容": "医療法人亀廣記念医学会関西サナトリウム【1:病院】【診療科目:内科_皮膚科_精神科_心療内科】【一般病床数:0療養病床数:0精神病床数:192感染症病床数:0合計病床数:192】大阪府泉佐野市市場西３－９－２８" }, "geometry": { "type": "Point", "coordinates": [ 135.318275, 34.407397 ] } },
{ "type": "Feature", "properties": { "ID": 2711270005340, "正式名称": "医療法人定生会谷口病院", "機関区分": 1, "都道府県コード": 27, "市区町村コード": 213, "所在地": "大阪府泉佐野市大西１－５－２０", "緯度": 34.410897, "経度": 135.31433, "url": "https://www.iryou.teikyouseido.mhlw.go.jp/znk-web/juminkanja/S2430/initialize?prefCd=27&kikanCd=1270005340&kikanKbn=1", "url2": "https://www.taniguchi-hp.org/", "内容": "医療法人定生会谷口病院【1:病院】【診療科目:内科_小児科_産科_婦人科】【一般病床数:37療養病床数:0精神病床数:0感染症病床数:0合計病床数:37】大阪府泉佐野市大西１－５－２０" }, "geometry": { "type": "Point", "coordinates": [ 135.31433, 34.410897 ] } },
{ "type": "Feature", "properties": { "ID": 2711270005350, "正式名称": "医療法人桂信会　羽原病院", "機関区分": 1, "都道府県コード": 27, "市区町村コード": 213, "所在地": "大阪府泉佐野市羽倉崎１丁目１番４号", "緯度": 34.400231, "経度": 135.300221, "url": "https://www.iryou.teikyouseido.mhlw.go.jp/znk-web/juminkanja/S2430/initialize?prefCd=27&kikanCd=1270005350&kikanKbn=1", "url2": "https://www.habarahp.jp", "内容": "医療法人桂信会　羽原病院【1:病院】【診療科目:内科_腎臓内科_神経内科_外科_脳神経外科_整形外科_形成外科_皮膚科_泌尿器科_リハビリテーション科_放射線科】【一般病床数:35療養病床数:35精神病床数:0感染症病床数:0合計病床数:70】大阪府泉佐野市羽倉崎１丁目１番４号" }, "geometry": { "type": "Point", "coordinates": [ 135.300221, 34.400231 ] } },
{ "type": "Feature", "properties": { "ID": 2711270005380, "正式名称": "医療法人康生会　泉佐野優人会病院", "機関区分": 1, "都道府県コード": 27, "市区町村コード": 213, "所在地": "大阪府泉佐野市湊４丁目５番１７号", "緯度": 34.418813, "経度": 135.326968, "url": "https://www.iryou.teikyouseido.mhlw.go.jp/znk-web/juminkanja/S2430/initialize?prefCd=27&kikanCd=1270005380&kikanKbn=1", "url2": "http://www.yujinkai.or.jp", "内容": "医療法人康生会　泉佐野優人会病院【1:病院】【診療科目:内科_呼吸器内科_循環器内科_消化器内科_外科_肛門外科_整形外科_リハビリテーション科_放射線科】【一般病床数:0療養病床数:265精神病床数:0感染症病床数:0合計病床数:265】大阪府泉佐野市湊４丁目５番１７号" }, "geometry": { "type": "Point", "coordinates": [ 135.326968, 34.418813 ] } },
{ "type": "Feature", "properties": { "ID": 2711270005420, "正式名称": "社会医療法人生長会　阪南市民病院", "機関区分": 1, "都道府県コード": 27, "市区町村コード": 232, "所在地": "大阪府阪南市下出１７", "緯度": 34.360817, "経度": 135.242283, "url": "https://www.iryou.teikyouseido.mhlw.go.jp/znk-web/juminkanja/S2430/initialize?prefCd=27&kikanCd=1270005420&kikanKbn=1", "url2": "http://www.seichokai.or.jp/hannan/", "内容": "社会医療法人生長会　阪南市民病院【1:病院】【診療科目:内科_糖尿病内科_呼吸器内科_循環器内科_消化器内科_外科_脳神経外科_消化器外科_腫瘍外科_整形外科_形成外科_小児科_婦人科_眼科_耳鼻いんこう科_皮膚科_泌尿器科_歯科口腔外科_リハビリテーション科_放射線科_病理診断科_救急科_麻酔科】【一般病床数:185療養病床数:0精神病床数:0感染症病床数:0合計病床数:185】大阪府阪南市下出１７" }, "geometry": { "type": "Point", "coordinates": [ 135.242283, 34.360817 ] } },
{ "type": "Feature", "properties": { "ID": 2711270005430, "正式名称": "玉井病院", "機関区分": 1, "都道府県コード": 27, "市区町村コード": 232, "所在地": "大阪府阪南市下出４９２", "緯度": 34.357262, "経度": 135.249616, "url": "https://www.iryou.teikyouseido.mhlw.go.jp/znk-web/juminkanja/S2430/initialize?prefCd=27&kikanCd=1270005430&kikanKbn=1", "url2": "http://www.tamai-hp.or.jp/", "内容": "玉井病院【1:病院】【診療科目:内科_糖尿病内科_呼吸器内科_循環器内科_消化器内科_腎臓内科_人工透析内科_外科_整形外科_リウマチ科_リハビリテーション科】【一般病床数:35療養病床数:40精神病床数:0感染症病床数:0合計病床数:75】大阪府阪南市下出４９２" }, "geometry": { "type": "Point", "coordinates": [ 135.249616, 34.357262 ] } },
{ "type": "Feature", "properties": { "ID": 2711270005440, "正式名称": "医療法人交詢医会大阪リハビリテーション病院", "機関区分": 1, "都道府県コード": 27, "市区町村コード": 232, "所在地": "大阪府阪南市自然田９４０", "緯度": 34.340181, "経度": 135.254089, "url": "https://www.iryou.teikyouseido.mhlw.go.jp/znk-web/juminkanja/S2430/initialize?prefCd=27&kikanCd=1270005440&kikanKbn=1", "url2": "http://www.osaka-rh.com", "内容": "医療法人交詢医会大阪リハビリテーション病院【1:病院】【診療科目:内科_消化器内科_脳神経外科_呼吸器外科_整形外科_眼科_リウマチ科_リハビリテーション科_放射線科】【一般病床数:30療養病床数:96精神病床数:0感染症病床数:0合計病床数:126】大阪府阪南市自然田９４０" }, "geometry": { "type": "Point", "coordinates": [ 135.254089, 34.340181 ] } },
{ "type": "Feature", "properties": { "ID": 2711270005450, "正式名称": "医療法人誠人会与田病院", "機関区分": 1, "都道府県コード": 27, "市区町村コード": 366, "所在地": "大阪府泉南郡岬町多奈川谷川１８４９－１１", "緯度": 34.313293, "経度": 135.124378, "url": "https://www.iryou.teikyouseido.mhlw.go.jp/znk-web/juminkanja/S2430/initialize?prefCd=27&kikanCd=1270005450&kikanKbn=1", "url2": "http://www.yoda.or.jp", "内容": "医療法人誠人会与田病院【1:病院】【診療科目:内科_糖尿病内科_内分泌内科_呼吸器内科_循環器内科_消化器内科_神経内科_外科_整形外科_形成外科_精神科_心療内科_リハビリテーション科_放射線科】【一般病床数:0療養病床数:301精神病床数:0感染症病床数:0合計病床数:301】大阪府泉南郡岬町多奈川谷川１８４９－１１" }, "geometry": { "type": "Point", "coordinates": [ 135.124378, 34.313293 ] } },
{ "type": "Feature", "properties": { "ID": 2711270005460, "正式名称": "医療法人紀陽会田仲北野田病院", "機関区分": 1, "都道府県コード": 27, "市区町村コード": 143, "所在地": "大阪府堺市東区北野田７０７", "緯度": 34.527749, "経度": 135.548306, "url": "https://www.iryou.teikyouseido.mhlw.go.jp/znk-web/juminkanja/S2430/initialize?prefCd=27&kikanCd=1270005460&kikanKbn=1", "url2": "http://www.kitanoda-hp.com", "内容": "医療法人紀陽会田仲北野田病院【1:病院】【診療科目:内科_腎臓内科_人工透析内科_呼吸器アレルギー疾患内科_外科_消化器外科_乳腺外科_整形外科_透析血管外科_皮膚科_泌尿器科】【一般病床数:100療養病床数:0精神病床数:0感染症病床数:0合計病床数:100】大阪府堺市東区北野田７０７" }, "geometry": { "type": "Point", "coordinates": [ 135.548306, 34.527749 ] } },
{ "type": "Feature", "properties": { "ID": 2711270005470, "正式名称": "社会医療法人頌徳会　日野病院", "機関区分": 1, "都道府県コード": 27, "市区町村コード": 143, "所在地": "大阪府堺市東区北野田６２６", "緯度": 34.530943, "経度": 135.548278, "url": "https://www.iryou.teikyouseido.mhlw.go.jp/znk-web/juminkanja/S2430/initialize?prefCd=27&kikanCd=1270005470&kikanKbn=1", "url2": "http://www.syo.or.jp/hospital/", "内容": "社会医療法人頌徳会　日野病院【1:病院】【診療科目:内科_消化器内科_神経内科_外科_脳神経外科_消化器外科_整形外科_リハビリテーション科_放射線科】【一般病床数:199療養病床数:0精神病床数:0感染症病床数:0合計病床数:199】大阪府堺市東区北野田６２６" }, "geometry": { "type": "Point", "coordinates": [ 135.548278, 34.530943 ] } },
{ "type": "Feature", "properties": { "ID": 2711270005500, "正式名称": "医療法人藤田好生会　堺フジタ病院", "機関区分": 1, "都道府県コード": 27, "市区町村コード": 142, "所在地": "大阪府堺市中区深井沢町３３４７", "緯度": 34.530304, "経度": 135.498671, "url": "https://www.iryou.teikyouseido.mhlw.go.jp/znk-web/juminkanja/S2430/initialize?prefCd=27&kikanCd=1270005500&kikanKbn=1", "url2": "https://www.sakai-fujita.or.jp", "内容": "医療法人藤田好生会　堺フジタ病院【1:病院】【診療科目:内科_外科_整形外科_形成外科_皮膚科_リウマチ科_リハビリテーション科_麻酔科】【一般病床数:28療養病床数:59精神病床数:0感染症病床数:0合計病床数:87】大阪府堺市中区深井沢町３３４７" }, "geometry": { "type": "Point", "coordinates": [ 135.498671, 34.530304 ] } },
{ "type": "Feature", "properties": { "ID": 2711270005530, "正式名称": "社会医療法人杏和会　阪南病院", "機関区分": 1, "都道府県コード": 27, "市区町村コード": 142, "所在地": "大阪府堺市中区八田南之町２７７", "緯度": 34.521082, "経度": 135.487089, "url": "https://www.iryou.teikyouseido.mhlw.go.jp/znk-web/juminkanja/S2430/initialize?prefCd=27&kikanCd=1270005530&kikanKbn=1", "url2": "http://www.hannan.or.jp", "内容": "社会医療法人杏和会　阪南病院【1:病院】【診療科目:内科_神経内科_小児科_児童精神科_精神科_心療内科_歯科_放射線科】【一般病床数:0療養病床数:0精神病床数:652感染症病床数:0合計病床数:652】大阪府堺市中区八田南之町２７７" }, "geometry": { "type": "Point", "coordinates": [ 135.487089, 34.521082 ] } },
{ "type": "Feature", "properties": { "ID": 2711270005540, "正式名称": "医療法人錦秀会阪和第二泉北病院", "機関区分": 1, "都道府県コード": 27, "市区町村コード": 142, "所在地": "大阪府堺市中区深井北町３１７６", "緯度": 34.542469, "経度": 135.492782, "url": "https://www.iryou.teikyouseido.mhlw.go.jp/znk-web/juminkanja/S2430/initialize?prefCd=27&kikanCd=1270005540&kikanKbn=1", "url2": "http://www.kinshukai.or.jp/hanwadaini", "内容": "医療法人錦秀会阪和第二泉北病院【1:病院】【診療科目:内科_循環器内科_外科_脳神経外科_整形外科_眼科_歯科口腔外科_リハビリテーション科_放射線診断科_麻酔科】【一般病床数:235療養病床数:734精神病床数:0感染症病床数:0合計病床数:969】大阪府堺市中区深井北町３１７６" }, "geometry": { "type": "Point", "coordinates": [ 135.492782, 34.542469 ] } },
{ "type": "Feature", "properties": { "ID": 2711270005560, "正式名称": "医療法人清仁会水無瀬病院", "機関区分": 1, "都道府県コード": 27, "市区町村コード": 301, "所在地": "大阪府三島郡島本町高浜３丁目２番２６号", "緯度": 34.876214, "経度": 135.666919, "url": "https://www.iryou.teikyouseido.mhlw.go.jp/znk-web/juminkanja/S2430/initialize?prefCd=27&kikanCd=1270005560&kikanKbn=1", "url2": "https://.minasehp.jp/", "内容": "医療法人清仁会水無瀬病院【1:病院】【診療科目:内科_外科_脳神経外科_整形外科_眼科_泌尿器科_リハビリテーション科_放射線科_麻酔科】【一般病床数:117療養病床数:0精神病床数:0感染症病床数:0合計病床数:117】大阪府三島郡島本町高浜３丁目２番２６号" }, "geometry": { "type": "Point", "coordinates": [ 135.666919, 34.876214 ] } },
{ "type": "Feature", "properties": { "ID": 2711270005580, "正式名称": "貴生病院", "機関区分": 1, "都道府県コード": 27, "市区町村コード": 123, "所在地": "大阪府大阪市淀川区西三国１丁目１８番４号", "緯度": 34.741892, "経度": 135.492606, "url": "https://www.iryou.teikyouseido.mhlw.go.jp/znk-web/juminkanja/S2430/initialize?prefCd=27&kikanCd=1270005580&kikanKbn=1", "url2": "https://www.kisei-byoin.jp/", "内容": "貴生病院【1:病院】【診療科目:内科_糖尿病内科_呼吸器内科_循環器内科_消化器内科_腎臓内科_人工透析内科_外科_消化器外科_肛門外科_整形外科_小児科_皮膚科_リハビリテーション科_放射線科】【一般病床数:60療養病床数:55精神病床数:0感染症病床数:0合計病床数:115】大阪府大阪市淀川区西三国１丁目１８番４号" }, "geometry": { "type": "Point", "coordinates": [ 135.492606, 34.741892 ] } },
{ "type": "Feature", "properties": { "ID": 2711270005610, "正式名称": "医療法人穂仁会　聖祐病院", "機関区分": 1, "都道府県コード": 27, "市区町村コード": 341, "所在地": "大阪府泉北郡忠岡町忠岡北１丁目３番７号", "緯度": 34.493084, "経度": 135.398486, "url": "https://www.iryou.teikyouseido.mhlw.go.jp/znk-web/juminkanja/S2430/initialize?prefCd=27&kikanCd=1270005610&kikanKbn=1", "url2": null, "内容": "医療法人穂仁会　聖祐病院【1:病院】【診療科目:内科_外科_整形外科_リハビリテーション科】【一般病床数:0療養病床数:47精神病床数:0感染症病床数:0合計病床数:47】大阪府泉北郡忠岡町忠岡北１丁目３番７号" }, "geometry": { "type": "Point", "coordinates": [ 135.398486, 34.493084 ] } },
{ "type": "Feature", "properties": { "ID": 2711270005620, "正式名称": "ほくとクリニック病院", "機関区分": 1, "都道府県コード": 27, "市区町村コード": 108, "所在地": "大阪府大阪市大正区三軒家西１丁目１８番７号", "緯度": 34.664928, "経度": 135.477777, "url": "https://www.iryou.teikyouseido.mhlw.go.jp/znk-web/juminkanja/S2430/initialize?prefCd=27&kikanCd=1270005620&kikanKbn=1", "url2": "http://www.hokuto-kai.com/hokuto/", "内容": "ほくとクリニック病院【1:病院】【診療科目:精神科_心療内科】【一般病床数:0療養病床数:0精神病床数:50感染症病床数:0合計病床数:50】大阪府大阪市大正区三軒家西１丁目１８番７号" }, "geometry": { "type": "Point", "coordinates": [ 135.477777, 34.664928 ] } },
{ "type": "Feature", "properties": { "ID": 2711270005650, "正式名称": "医療法人　桜希会　東朋八尾病院", "機関区分": 1, "都道府県コード": 27, "市区町村コード": 212, "所在地": "大阪府八尾市北本町２丁目１０番５４号", "緯度": 34.632795, "経度": 135.603324, "url": "https://www.iryou.teikyouseido.mhlw.go.jp/znk-web/juminkanja/S2430/initialize?prefCd=27&kikanCd=1270005650&kikanKbn=1", "url2": "https://oukikai.or.jp/toho_yao/", "内容": "医療法人　桜希会　東朋八尾病院【1:病院】【診療科目:内科_循環器内科_腎臓内科_人工透析内科_ペインクリニック内科_外科_消化器外科_胸部外科_整形外科_リハビリテーション科_放射線科_麻酔科】【一般病床数:94療養病床数:0精神病床数:0感染症病床数:0合計病床数:94】大阪府八尾市北本町２丁目１０番５４号" }, "geometry": { "type": "Point", "coordinates": [ 135.603324, 34.632795 ] } },
{ "type": "Feature", "properties": { "ID": 2711270005660, "正式名称": "医療法人康生会　豊中平成病院", "機関区分": 1, "都道府県コード": 27, "市区町村コード": 203, "所在地": "大阪府豊中市原田中１－１６－１８", "緯度": 34.76925, "経度": 135.458885, "url": "https://www.iryou.teikyouseido.mhlw.go.jp/znk-web/juminkanja/S2430/initialize?prefCd=27&kikanCd=1270005660&kikanKbn=1", "url2": "http://toyonakahp.jp/", "内容": "医療法人康生会　豊中平成病院【1:病院】【診療科目:内科_整形外科_リハビリテーション科】【一般病床数:0療養病床数:101精神病床数:0感染症病床数:0合計病床数:101】大阪府豊中市原田中１－１６－１８" }, "geometry": { "type": "Point", "coordinates": [ 135.458885, 34.76925 ] } },
{ "type": "Feature", "properties": { "ID": 2711270005670, "正式名称": "医療法人啓明会　相原病院", "機関区分": 1, "都道府県コード": 27, "市区町村コード": 220, "所在地": "大阪府箕面市牧落３－４－３０", "緯度": 34.826327, "経度": 135.474354, "url": "https://www.iryou.teikyouseido.mhlw.go.jp/znk-web/juminkanja/S2430/initialize?prefCd=27&kikanCd=1270005670&kikanKbn=1", "url2": "http://www.aiharahp.com/", "内容": "医療法人啓明会　相原病院【1:病院】【診療科目:消化器内科_外科_乳腺外科_整形外科_リハビリテーション科_麻酔科_腫瘍精神科】【一般病床数:31療養病床数:0精神病床数:0感染症病床数:0合計病床数:31】大阪府箕面市牧落３－４－３０" }, "geometry": { "type": "Point", "coordinates": [ 135.474354, 34.826327 ] } },
{ "type": "Feature", "properties": { "ID": 2711270005680, "正式名称": "吉川病院", "機関区分": 1, "都道府県コード": 27, "市区町村コード": 146, "所在地": "大阪府堺市北区東三国ヶ丘町４丁１番２５号", "緯度": 34.569494, "経度": 135.500447, "url": "https://www.iryou.teikyouseido.mhlw.go.jp/znk-web/juminkanja/S2430/initialize?prefCd=27&kikanCd=1270005680&kikanKbn=1", "url2": "http://www.yoshikawabyouin.com/", "内容": "吉川病院【1:病院】【診療科目:内科_外科_産婦人科_リハビリテーション科_放射線科】【一般病床数:45療養病床数:45精神病床数:0感染症病床数:0合計病床数:90】大阪府堺市北区東三国ヶ丘町４丁１番２５号" }, "geometry": { "type": "Point", "coordinates": [ 135.500447, 34.569494 ] } },
{ "type": "Feature", "properties": { "ID": 2711270005690, "正式名称": "医療法人徳洲会　八尾徳洲会総合病院", "機関区分": 1, "都道府県コード": 27, "市区町村コード": 212, "所在地": "大阪府八尾市若草町１－１７", "緯度": 34.626712, "経度": 135.610157, "url": "https://www.iryou.teikyouseido.mhlw.go.jp/znk-web/juminkanja/S2430/initialize?prefCd=27&kikanCd=1270005690&kikanKbn=1", "url2": "http://www.yao.tokushukai.or.jp/", "内容": "医療法人徳洲会　八尾徳洲会総合病院【1:病院】【診療科目:内科_糖尿病内科_内分泌内科_脳神経内科_呼吸器内科_循環器内科_消化器内科_腎臓内科_人工透析内科_肝臓内科_腫瘍内科_緩和ケア内科_外科_脳神経外科_呼吸器外科_心臓外科_心臓血管外科_肝臓外科_乳腺外科_ペインクリニック外科_移植外科_整形外科_形成外科_美容外科_小児科_小児外科_婦人科_眼科_耳鼻いんこう科_皮膚科_泌尿器科_歯科口腔外科_リウマチ科_リハビリテーション科_放射線科_放射線治療科_病理診断科_救急科_麻酔科】【一般病床数:427療養病床数:0精神病床数:0感染症病床数:0合計病床数:427】大阪府八尾市若草町１－１７" }, "geometry": { "type": "Point", "coordinates": [ 135.610157, 34.626712 ] } },
{ "type": "Feature", "properties": { "ID": 2711270005700, "正式名称": "医療法人ラポール会　青山脳神経外科病院", "機関区分": 1, "都道府県コード": 27, "市区町村コード": 226, "所在地": "大阪府藤井寺市野中２丁目９１番地", "緯度": 34.562247, "経度": 135.605577, "url": "https://www.iryou.teikyouseido.mhlw.go.jp/znk-web/juminkanja/S2430/initialize?prefCd=27&kikanCd=1270005700&kikanKbn=1", "url2": "http://www.aoyama-med.gr.jp/medical-rapport/tanabe-neuro-hsp", "内容": "医療法人ラポール会　青山脳神経外科病院【1:病院】【診療科目:神経内科_脳神経外科】【一般病床数:50療養病床数:0精神病床数:0感染症病床数:0合計病床数:50】大阪府藤井寺市野中２丁目９１番地" }, "geometry": { "type": "Point", "coordinates": [ 135.605577, 34.562247 ] } },
{ "type": "Feature", "properties": { "ID": 2711270005710, "正式名称": "医療法人　毅峰会　吉田病院", "機関区分": 1, "都道府県コード": 27, "市区町村コード": 210, "所在地": "大阪府枚方市北中振", "緯度": 34.801055, "経度": 135.631564, "url": "https://www.iryou.teikyouseido.mhlw.go.jp/znk-web/juminkanja/S2430/initialize?prefCd=27&kikanCd=1270005710&kikanKbn=1", "url2": "https://yoshida-hosp.or.jp/", "内容": "医療法人　毅峰会　吉田病院【1:病院】【診療科目:内科_呼吸器内科_循環器内科_消化器内科_腎臓内科_外科_脳神経外科_血管外科_消化器外科_肝臓外科_胆のう外科_肛門外科_腹部外科_整形外科_泌尿器科_リハビリテーション科_放射線科_臨床検査科_麻酔科】【一般病床数:58療養病床数:0精神病床数:0感染症病床数:0合計病床数:58】大阪府枚方市北中振" }, "geometry": { "type": "Point", "coordinates": [ 135.631564, 34.801055 ] } },
{ "type": "Feature", "properties": { "ID": 2711270005720, "正式名称": "社会医療法人　栄公会　佐野記念病院", "機関区分": 1, "都道府県コード": 27, "市区町村コード": 213, "所在地": "大阪府泉佐野市中町２－４－２８", "緯度": 34.400259, "経度": 135.316553, "url": "https://www.iryou.teikyouseido.mhlw.go.jp/znk-web/juminkanja/S2430/initialize?prefCd=27&kikanCd=1270005720&kikanKbn=1", "url2": "http://sanokinen.jp/", "内容": "社会医療法人　栄公会　佐野記念病院【1:病院】【診療科目:内科_外科_脳神経外科_整形外科_形成外科_リハビリテーション科_救急科_麻酔科】【一般病床数:95療養病床数:0精神病床数:0感染症病床数:0合計病床数:95】大阪府泉佐野市中町２－４－２８" }, "geometry": { "type": "Point", "coordinates": [ 135.316553, 34.400259 ] } },
{ "type": "Feature", "properties": { "ID": 2711270005730, "正式名称": "医療法人生登会　てらもと医療リハビリ病院", "機関区分": 1, "都道府県コード": 27, "市区町村コード": 216, "所在地": "大阪府河内長野市喜多町１４－１", "緯度": 34.448869, "経度": 135.570474, "url": "https://www.iryou.teikyouseido.mhlw.go.jp/znk-web/juminkanja/S2430/initialize?prefCd=27&kikanCd=1270005730&kikanKbn=1", "url2": "http//www.teramoto.or.jp", "内容": "医療法人生登会　てらもと医療リハビリ病院【1:病院】【診療科目:内科_リハビリテーション科_放射線科】【一般病床数:0療養病床数:132精神病床数:0感染症病床数:0合計病床数:132】大阪府河内長野市喜多町１４－１" }, "geometry": { "type": "Point", "coordinates": [ 135.570474, 34.448869 ] } },
{ "type": "Feature", "properties": { "ID": 2711270005740, "正式名称": "早石病院", "機関区分": 1, "都道府県コード": 27, "市区町村コード": 109, "所在地": "大阪府大阪市天王寺区筆ヶ崎町２番７５号", "緯度": 34.66404, "経度": 135.527023, "url": "https://www.iryou.teikyouseido.mhlw.go.jp/znk-web/juminkanja/S2430/initialize?prefCd=27&kikanCd=1270005740&kikanKbn=1", "url2": "http://www.hayaishi.or.jp/", "内容": "早石病院【1:病院】【診療科目:内科_消化器内科_外科_整形外科_皮膚科_リウマチ科_リハビリテーション科_放射線診断科_麻酔科】【一般病床数:104療養病床数:51精神病床数:0感染症病床数:0合計病床数:155】大阪府大阪市天王寺区筆ヶ崎町２番７５号" }, "geometry": { "type": "Point", "coordinates": [ 135.527023, 34.66404 ] } },
{ "type": "Feature", "properties": { "ID": 2711270005760, "正式名称": "社会福祉法人大阪暁明館　大阪暁明館病院", "機関区分": 1, "都道府県コード": 27, "市区町村コード": 104, "所在地": "大阪府大阪市此花区西九条５－４－８", "緯度": 34.684453, "経度": 135.464944, "url": "https://www.iryou.teikyouseido.mhlw.go.jp/znk-web/juminkanja/S2430/initialize?prefCd=27&kikanCd=1270005760&kikanKbn=1", "url2": "https://www.gyoumeikan.or.jp", "内容": "社会福祉法人大阪暁明館　大阪暁明館病院【1:病院】【診療科目:内科_血液内科_糖尿病内科_内分泌内科_呼吸器内科_循環器内科_消化器内科_神経内科_腫瘍内科_緩和ケア内科_外科_脳神経外科_消化器外科_整形外科_形成外科_小児科_産婦人科_眼科_耳鼻いんこう科_皮膚科_腎・泌尿器科（人工透析）_リハビリテーション科_放射線科_臨床検査科_救急科_麻酔科】【一般病床数:372療養病床数:90精神病床数:0感染症病床数:0合計病床数:462】大阪府大阪市此花区西九条５－４－８" }, "geometry": { "type": "Point", "coordinates": [ 135.464944, 34.684453 ] } },
{ "type": "Feature", "properties": { "ID": 2711270005770, "正式名称": "関西医科大学香里病院", "機関区分": 1, "都道府県コード": 27, "市区町村コード": 215, "所在地": "大阪府寝屋川市香里本通町８番４５号", "緯度": 34.785362, "経度": 135.632203, "url": "https://www.iryou.teikyouseido.mhlw.go.jp/znk-web/juminkanja/S2430/initialize?prefCd=27&kikanCd=1270005770&kikanKbn=1", "url2": "https://hp.kmu.ac.jp/kori/", "内容": "関西医科大学香里病院【1:病院】【診療科目:内科_外科_乳腺外科_整形外科_形成外科_小児科_婦人科_眼科_耳鼻いんこう科_皮膚科_泌尿器科_精神科_歯科_歯科口腔外科_リハビリテーション科_放射線科_病理診断科_麻酔科】【一般病床数:199療養病床数:0精神病床数:0感染症病床数:0合計病床数:199】大阪府寝屋川市香里本通町８番４５号" }, "geometry": { "type": "Point", "coordinates": [ 135.632203, 34.785362 ] } },
{ "type": "Feature", "properties": { "ID": 2711270005780, "正式名称": "松島病院", "機関区分": 1, "都道府県コード": 27, "市区町村コード": 215, "所在地": "大阪府寝屋川市八坂町２３番２１号", "緯度": 34.766475, "経度": 135.622788, "url": "https://www.iryou.teikyouseido.mhlw.go.jp/znk-web/juminkanja/S2430/initialize?prefCd=27&kikanCd=1270005780&kikanKbn=1", "url2": null, "内容": "松島病院【1:病院】【診療科目:内科_循環器内科_神経内科_外科_整形外科_小児科_皮膚科_精神科_アレルギー科_リハビリテーション科_放射線科】【一般病床数:51療養病床数:0精神病床数:0感染症病床数:0合計病床数:51】大阪府寝屋川市八坂町２３番２１号" }, "geometry": { "type": "Point", "coordinates": [ 135.622788, 34.766475 ] } },
{ "type": "Feature", "properties": { "ID": 2711270005800, "正式名称": "医療法人讃高会　枚方東整形外科病院", "機関区分": 1, "都道府県コード": 27, "市区町村コード": 210, "所在地": "大阪府枚方市津田西町一丁目３７番８号", "緯度": 34.808805, "経度": 135.696947, "url": "https://www.iryou.teikyouseido.mhlw.go.jp/znk-web/juminkanja/S2430/initialize?prefCd=27&kikanCd=1270005800&kikanKbn=1", "url2": "https://sankokai.or.jp/hirakatahigashi/", "内容": "医療法人讃高会　枚方東整形外科病院【1:病院】【診療科目:内科_循環器内科_消化器内科_整形外科_リハビリテーション科_麻酔科】【一般病床数:32療養病床数:34精神病床数:0感染症病床数:0合計病床数:66】大阪府枚方市津田西町一丁目３７番８号" }, "geometry": { "type": "Point", "coordinates": [ 135.696947, 34.808805 ] } },
{ "type": "Feature", "properties": { "ID": 2711270005810, "正式名称": "医療法人篤友会　坂本病院", "機関区分": 1, "都道府県コード": 27, "市区町村コード": 203, "所在地": "大阪府豊中市豊南町東１－６－１", "緯度": 34.751585, "経度": 135.48344, "url": "https://www.iryou.teikyouseido.mhlw.go.jp/znk-web/juminkanja/S2430/initialize?prefCd=27&kikanCd=1270005810&kikanKbn=1", "url2": "http://www.sakamoto-hospital.jp", "内容": "医療法人篤友会　坂本病院【1:病院】【診療科目:内科_リハビリテーション科】【一般病床数:72療養病床数:157精神病床数:0感染症病床数:0合計病床数:229】大阪府豊中市豊南町東１－６－１" }, "geometry": { "type": "Point", "coordinates": [ 135.48344, 34.751585 ] } },
{ "type": "Feature", "properties": { "ID": 2711270005820, "正式名称": "りんくう総合医療センター", "機関区分": 1, "都道府県コード": 27, "市区町村コード": 213, "所在地": "大阪府泉佐野市りんくう往来北２－２３", "緯度": 34.412007, "経度": 135.302776, "url": "https://www.iryou.teikyouseido.mhlw.go.jp/znk-web/juminkanja/S2430/initialize?prefCd=27&kikanCd=1270005820&kikanKbn=1", "url2": "http://www.rgmc.izumisano.osaka.jp/", "内容": "りんくう総合医療センター【1:病院】【診療科目:内科_脳神経内科_呼吸器内科_循環器内科_消化器内科_外科_脳神経外科_呼吸器外科_心臓血管外科_消化器外科_頭頸部外科_整形外科_形成外科_小児科_産婦人科_眼科_頭頸部・耳鼻いんこう科_皮膚科_泌尿器科_歯科_歯科口腔外科_リハビリテーション科_放射線科_病理診断科_救急科_麻酔科】【一般病床数:378療養病床数:0精神病床数:0感染症病床数:10合計病床数:388】大阪府泉佐野市りんくう往来北２－２３" }, "geometry": { "type": "Point", "coordinates": [ 135.302776, 34.412007 ] } },
{ "type": "Feature", "properties": { "ID": 2711270005830, "正式名称": "多根総合病院", "機関区分": 1, "都道府県コード": 27, "市区町村コード": 106, "所在地": "大阪府大阪市西区九条南１－１２－２１", "緯度": 34.668761, "経度": 135.474361, "url": "https://www.iryou.teikyouseido.mhlw.go.jp/znk-web/juminkanja/S2430/initialize?prefCd=27&kikanCd=1270005830&kikanKbn=1", "url2": "http://www.tane.or.jp/", "内容": "多根総合病院【1:病院】【診療科目:内科_感染症内科_脳神経内科_呼吸器内科_循環器内科_消化器内科_腫瘍内科_疼痛緩和内科_緩和ケア内科_外科_脳神経外科_脳外科_呼吸器外科_消化器外科_乳腺外科_肛門外科_内視鏡外科_整形外科_形成外科_小児科_婦人科_耳鼻いんこう科_神経眼科_皮膚科_泌尿器科_腫瘍精神科_リハビリテーション科_放射線診断科_放射線治療科_病理診断科_臨床検査科_救急科_麻酔科】【一般病床数:304療養病床数:0精神病床数:0感染症病床数:0合計病床数:304】大阪府大阪市西区九条南１－１２－２１" }, "geometry": { "type": "Point", "coordinates": [ 135.474361, 34.668761 ] } },
{ "type": "Feature", "properties": { "ID": 2711270005840, "正式名称": "医療法人達瑛会　鳳胃腸病院", "機関区分": 1, "都道府県コード": 27, "市区町村コード": 144, "所在地": "大阪府堺市西区上６５３－１", "緯度": 34.521276, "経度": 135.458841, "url": "https://www.iryou.teikyouseido.mhlw.go.jp/znk-web/juminkanja/S2430/initialize?prefCd=27&kikanCd=1270005840&kikanKbn=1", "url2": "http://www.otori-icho.jp/", "内容": "医療法人達瑛会　鳳胃腸病院【1:病院】【診療科目:消化器内科_内視鏡内科_外科_消化器外科_肛門外科_内視鏡外科_放射線科】【一般病床数:44療養病床数:0精神病床数:0感染症病床数:0合計病床数:44】大阪府堺市西区上６５３－１" }, "geometry": { "type": "Point", "coordinates": [ 135.458841, 34.521276 ] } },
{ "type": "Feature", "properties": { "ID": 2711270005850, "正式名称": "社会福祉法人恩賜財団　大阪府済生会野江病院", "機関区分": 1, "都道府県コード": 27, "市区町村コード": 118, "所在地": "大阪府大阪市城東区古市１－３－２５", "緯度": 34.70673, "経度": 135.554908, "url": "https://www.iryou.teikyouseido.mhlw.go.jp/znk-web/juminkanja/S2430/initialize?prefCd=27&kikanCd=1270005850&kikanKbn=1", "url2": "http://www.noe.saiseikai.or.jp/", "内容": "社会福祉法人恩賜財団　大阪府済生会野江病院【1:病院】【診療科目:血液内科_糖尿病・内分泌内科_脳神経内科_呼吸器内科_循環器内科_消化器内科_腎臓内科_腫瘍内科_総合内科_脳神経外科_呼吸器外科_心臓血管外科_消化器外科_乳腺外科_整形外科_形成外科_小児科_産科_婦人科_眼科_耳鼻いんこう科_皮膚科_泌尿器科_精神科_リウマチ科_リハビリテーション科_放射線診断科_放射線治療科_病理診断科_臨床検査科_救急科_麻酔科】【一般病床数:400療養病床数:0精神病床数:0感染症病床数:0合計病床数:400】大阪府大阪市城東区古市１－３－２５" }, "geometry": { "type": "Point", "coordinates": [ 135.554908, 34.70673 ] } },
{ "type": "Feature", "properties": { "ID": 2711270005880, "正式名称": "社会医療法人ささき会　藍の都脳神経外科病院", "機関区分": 1, "都道府県コード": 27, "市区町村コード": 124, "所在地": "大阪府大阪市鶴見区放出東２丁目２１番１６号", "緯度": 34.691121, "経度": 135.565797, "url": "https://www.iryou.teikyouseido.mhlw.go.jp/znk-web/juminkanja/S2430/initialize?prefCd=27&kikanCd=1270005880&kikanKbn=1", "url2": "https://www.ainomiyako.net/", "内容": "社会医療法人ささき会　藍の都脳神経外科病院【1:病院】【診療科目:内科_糖尿病・代謝内科_脳神経内科_循環器内科_脳神経外科_脳外科_脳・血管外科_整形外科_リハビリテーション科_放射線科_麻酔科】【一般病床数:80療養病床数:0精神病床数:0感染症病床数:0合計病床数:80】大阪府大阪市鶴見区放出東２丁目２１番１６号" }, "geometry": { "type": "Point", "coordinates": [ 135.565797, 34.691121 ] } },
{ "type": "Feature", "properties": { "ID": 2711270005890, "正式名称": "医療法人徳洲会　東大阪徳洲会病院", "機関区分": 1, "都道府県コード": 27, "市区町村コード": 227, "所在地": "大阪府東大阪市菱江３丁目６番１１号", "緯度": 34.677123, "経度": 135.615099, "url": "https://www.iryou.teikyouseido.mhlw.go.jp/znk-web/juminkanja/S2430/initialize?prefCd=27&kikanCd=1270005890&kikanKbn=1", "url2": "http://h-osaka.tokushukai.or.jp/", "内容": "医療法人徳洲会　東大阪徳洲会病院【1:病院】【診療科目:内科_消化器内科_リハビリテーション科】【一般病床数:50療養病床数:50精神病床数:0感染症病床数:0合計病床数:100】大阪府東大阪市菱江３丁目６番１１号" }, "geometry": { "type": "Point", "coordinates": [ 135.615099, 34.677123 ] } },
{ "type": "Feature", "properties": { "ID": 2711270005900, "正式名称": "ベルピアノ病院", "機関区分": 1, "都道府県コード": 27, "市区町村コード": 144, "所在地": "大阪府堺市西区菱木１丁２３４３番１１", "緯度": 34.512028, "経度": 135.477534, "url": "https://www.iryou.teikyouseido.mhlw.go.jp/znk-web/juminkanja/S2430/initialize?prefCd=27&kikanCd=1270005900&kikanKbn=1", "url2": "http://www.seichokai.or.jp/bellpiano/", "内容": "ベルピアノ病院【1:病院】【診療科目:内科_循環器内科_外科_整形外科_精神科_リハビリテーション科_放射線科】【一般病床数:0療養病床数:192精神病床数:0感染症病床数:0合計病床数:192】大阪府堺市西区菱木１丁２３４３番１１" }, "geometry": { "type": "Point", "coordinates": [ 135.477534, 34.512028 ] } },
{ "type": "Feature", "properties": { "ID": 2711270005940, "正式名称": "医療法人　京優会　北摂三木病院", "機関区分": 1, "都道府県コード": 27, "市区町村コード": 205, "所在地": "大阪府吹田市岸部中４丁目２５番６号", "緯度": 34.78325, "経度": 135.537017, "url": "https://www.iryou.teikyouseido.mhlw.go.jp/znk-web/juminkanja/S2430/initialize?prefCd=27&kikanCd=1270005940&kikanKbn=1", "url2": "https://ortho-g.co.jp/kyoyukai/hokusetumikihospital/", "内容": "医療法人　京優会　北摂三木病院【1:病院】【診療科目:内科_消化器内科_整形外科_リハビリテーション科】【一般病床数:49療養病床数:0精神病床数:0感染症病床数:0合計病床数:49】大阪府吹田市岸部中４丁目２５番６号" }, "geometry": { "type": "Point", "coordinates": [ 135.537017, 34.78325 ] } },
{ "type": "Feature", "properties": { "ID": 2711270005970, "正式名称": "宗教法人　在日本南プレスビテリアンミッション　淀川キリスト教病院", "機関区分": 1, "都道府県コード": 27, "市区町村コード": 114, "所在地": "大阪府大阪市東淀川区柴島１丁目７番５０号", "緯度": 34.729866, "経度": 135.512133, "url": "https://www.iryou.teikyouseido.mhlw.go.jp/znk-web/juminkanja/S2430/initialize?prefCd=27&kikanCd=1270005970&kikanKbn=1", "url2": "http://www.ych.or.jp", "内容": "宗教法人　在日本南プレスビテリアンミッション　淀川キリスト教病院【1:病院】【診療科目:内科_血液内科_糖尿病・内分泌内科_呼吸器内科_循環器内科_消化器内科_腎臓内科_神経内科_腫瘍内科_緩和ケア内科_脳血管・神経内科_外科_脳神経外科_呼吸器外科_心臓血管外科_消化器外科_乳腺外科_内視鏡外科_整形外科_形成外科_小児科_小児外科_産婦人科_眼科_耳鼻いんこう科_皮膚科_泌尿器科_精神神経科_歯科口腔外科_リウマチ科_リハビリテーション科_放射線科_病理診断科_臨床検査科_救急科_麻酔科】【一般病床数:581療養病床数:0精神病床数:0感染症病床数:0合計病床数:581】大阪府大阪市東淀川区柴島１丁目７番５０号" }, "geometry": { "type": "Point", "coordinates": [ 135.512133, 34.729866 ] } },
{ "type": "Feature", "properties": { "ID": 2711270005980, "正式名称": "南堺病院", "機関区分": 1, "都道府県コード": 27, "市区町村コード": 142, "所在地": "大阪府堺市中区大野芝町２９２番地", "緯度": 34.535831, "経度": 135.518502, "url": "https://www.iryou.teikyouseido.mhlw.go.jp/znk-web/juminkanja/S2430/initialize?prefCd=27&kikanCd=1270005980&kikanKbn=1", "url2": "http://minamisakai.jp/", "内容": "南堺病院【1:病院】【診療科目:内科_血液内科_循環器内科_消化器内科_外科_消化器外科_肛門外科_整形外科_形成外科_眼科_耳鼻いんこう科_皮膚科_泌尿器科_精神科_リウマチ科_リハビリテーション科_放射線科_麻酔科】【一般病床数:153療養病床数:0精神病床数:0感染症病床数:0合計病床数:153】大阪府堺市中区大野芝町２９２番地" }, "geometry": { "type": "Point", "coordinates": [ 135.518502, 34.535831 ] } },
{ "type": "Feature", "properties": { "ID": 2711270005990, "正式名称": "医療法人大植会　葛城病院", "機関区分": 1, "都道府県コード": 27, "市区町村コード": 202, "所在地": "大阪府岸和田市土生町２丁目３３番１号", "緯度": 34.446727, "経度": 135.380379, "url": "https://www.iryou.teikyouseido.mhlw.go.jp/znk-web/juminkanja/S2430/initialize?prefCd=27&kikanCd=1270005990&kikanKbn=1", "url2": "http://www.katsuragi-hosp.or.jp", "内容": "医療法人大植会　葛城病院【1:病院】【診療科目:内科_糖尿病内科_循環器内科_消化器内科_外科_脳神経外科_心臓血管外科_消化器外科_肛門外科_整形外科_形成外科_眼科_皮膚科_泌尿器科_リウマチ科_リハビリテーション科_放射線科_救急科_麻酔科】【一般病床数:243療養病床数:0精神病床数:0感染症病床数:0合計病床数:243】大阪府岸和田市土生町２丁目３３番１号" }, "geometry": { "type": "Point", "coordinates": [ 135.380379, 34.446727 ] } },
{ "type": "Feature", "properties": { "ID": 2711270006010, "正式名称": "社会医療法人みどり会中村病院", "機関区分": 1, "都道府県コード": 27, "市区町村コード": 210, "所在地": "大阪府枚方市長尾播磨谷一丁目２８３４番地５", "緯度": 34.82872, "経度": 135.715139, "url": "https://www.iryou.teikyouseido.mhlw.go.jp/znk-web/juminkanja/S2430/initialize?prefCd=27&kikanCd=1270006010&kikanKbn=1", "url2": "https://www.shakai-iryo-midorikai.jp", "内容": "社会医療法人みどり会中村病院【1:病院】【診療科目:内科_糖尿病内科_脳神経内科_呼吸器内科_循環器内科_消化器内科_外科_脳神経外科_呼吸器外科_消化器外科_整形外科_眼科_皮膚科_泌尿器科_精神科_心療内科_リハビリテーション科_放射線科_麻酔科】【一般病床数:48療養病床数:158精神病床数:0感染症病床数:0合計病床数:206】大阪府枚方市長尾播磨谷一丁目２８３４番地５" }, "geometry": { "type": "Point", "coordinates": [ 135.715139, 34.82872 ] } },
{ "type": "Feature", "properties": { "ID": 2711270006020, "正式名称": "医療法人社団　日翔会　生野愛和病院", "機関区分": 1, "都道府県コード": 27, "市区町村コード": 116, "所在地": "大阪府大阪市生野区巽南５丁目７番６４号", "緯度": 34.636071, "経度": 135.550106, "url": "https://www.iryou.teikyouseido.mhlw.go.jp/znk-web/juminkanja/S2430/initialize?prefCd=27&kikanCd=1270006020&kikanKbn=1", "url2": "http://www.ikuno-aiwa.com", "内容": "医療法人社団　日翔会　生野愛和病院【1:病院】【診療科目:内科_糖尿病内科_消化器内科_腎臓内科_人工透析内科_神経内科_疼痛緩和内科_外科_整形外科_皮膚科_泌尿器科_精神科_リハビリテーション科_放射線科】【一般病床数:45療養病床数:48精神病床数:0感染症病床数:0合計病床数:93】大阪府大阪市生野区巽南５丁目７番６４号" }, "geometry": { "type": "Point", "coordinates": [ 135.550106, 34.636071 ] } },
{ "type": "Feature", "properties": { "ID": 2711270006030, "正式名称": "医療法人正雅会辻本病院", "機関区分": 1, "都道府県コード": 27, "市区町村コード": 231, "所在地": "大阪府大阪狭山市池之原二丁目１１２８番地の２", "緯度": 34.502558, "経度": 135.546501, "url": "https://www.iryou.teikyouseido.mhlw.go.jp/znk-web/juminkanja/S2430/initialize?prefCd=27&kikanCd=1270006030&kikanKbn=1", "url2": "http://www.seigakai.or.jp/", "内容": "医療法人正雅会辻本病院【1:病院】【診療科目:内科_糖尿病内科_循環器内科_胃腸内科_神経内科_外科_脳神経外科_心臓血管外科_整形外科_形成外科_泌尿器科_リハビリテーション科_放射線科】【一般病床数:45療養病床数:54精神病床数:0感染症病床数:0合計病床数:99】大阪府大阪狭山市池之原二丁目１１２８番地の２" }, "geometry": { "type": "Point", "coordinates": [ 135.546501, 34.502558 ] } },
{ "type": "Feature", "properties": { "ID": 2711270006070, "正式名称": "社会医療法人　弘道会　寝屋川生野病院", "機関区分": 1, "都道府県コード": 27, "市区町村コード": 215, "所在地": "大阪府寝屋川市日新町２番８号", "緯度": 34.782418, "経度": 135.624288, "url": "https://www.iryou.teikyouseido.mhlw.go.jp/znk-web/juminkanja/S2430/initialize?prefCd=27&kikanCd=1270006070&kikanKbn=1", "url2": "https://neyaiku.koudoukai.jp/", "内容": "社会医療法人　弘道会　寝屋川生野病院【1:病院】【診療科目:内科_糖尿病内科_循環器内科_消化器内科_人工透析内科_神経内科_外科_脳神経外科_血管外科_消化器外科_乳腺外科_整形外科_形成外科_小児科_婦人科_眼科_耳鼻いんこう科_皮膚科_泌尿器科_歯科_歯科口腔外科_リハビリテーション科_放射線科_麻酔科】【一般病床数:103療養病床数:0精神病床数:0感染症病床数:0合計病床数:103】大阪府寝屋川市日新町２番８号" }, "geometry": { "type": "Point", "coordinates": [ 135.624288, 34.782418 ] } },
{ "type": "Feature", "properties": { "ID": 2711270006100, "正式名称": "堺若葉会病院", "機関区分": 1, "都道府県コード": 27, "市区町村コード": 146, "所在地": "大阪府堺市北区新金岡町４－１－７", "緯度": 34.567245, "経度": 135.516334, "url": "https://www.iryou.teikyouseido.mhlw.go.jp/znk-web/juminkanja/S2430/initialize?prefCd=27&kikanCd=1270006100&kikanKbn=1", "url2": "http://sakai.wakabakai-hp.com/", "内容": "堺若葉会病院【1:病院】【診療科目:内科_血液内科_循環器内科_消化器内科_人工透析内科_外科_整形外科_眼科_皮膚科_泌尿器科_リハビリテーション科_放射線科】【一般病床数:180療養病床数:0精神病床数:0感染症病床数:0合計病床数:180】大阪府堺市北区新金岡町４－１－７" }, "geometry": { "type": "Point", "coordinates": [ 135.516334, 34.567245 ] } },
{ "type": "Feature", "properties": { "ID": 2711270006120, "正式名称": "医療法人藤井会　北河内藤井病院", "機関区分": 1, "都道府県コード": 27, "市区町村コード": 229, "所在地": "大阪府四條畷市岡山東３丁目１番地６号", "緯度": 34.747589, "経度": 135.647621, "url": "https://www.iryou.teikyouseido.mhlw.go.jp/znk-web/juminkanja/S2430/initialize?prefCd=27&kikanCd=1270006120&kikanKbn=1", "url2": "http://www.kitakawachi.fujiikai.jp/", "内容": "医療法人藤井会　北河内藤井病院【1:病院】【診療科目:内科_消化器内科_外科_脳神経外科_整形外科_リハビリテーション科_放射線科】【一般病床数:45療養病床数:0精神病床数:0感染症病床数:0合計病床数:45】大阪府四條畷市岡山東３丁目１番地６号" }, "geometry": { "type": "Point", "coordinates": [ 135.647621, 34.747589 ] } },
{ "type": "Feature", "properties": { "ID": 2711270006130, "正式名称": "茨木医誠会病院", "機関区分": 1, "都道府県コード": 27, "市区町村コード": 211, "所在地": "大阪府茨木市畑田町１１番２５号", "緯度": 34.829634, "経度": 135.565651, "url": "https://www.iryou.teikyouseido.mhlw.go.jp/znk-web/juminkanja/S2430/initialize?prefCd=27&kikanCd=1270006130&kikanKbn=1", "url2": "https://www.mmjp.or.jp/ibarakiis/access/index.html", "内容": "茨木医誠会病院【1:病院】【診療科目:内科_循環器内科_消化器内科_人工透析内科_外科_脳神経外科_整形外科_皮膚科_リハビリテーション科_放射線科】【一般病床数:119療養病床数:105精神病床数:0感染症病床数:0合計病床数:224】大阪府茨木市畑田町１１番２５号" }, "geometry": { "type": "Point", "coordinates": [ 135.565651, 34.829634 ] } },
{ "type": "Feature", "properties": { "ID": 2711270006140, "正式名称": "地方独立行政法人大阪府立病院機構大阪精神医療センター", "機関区分": 1, "都道府県コード": 27, "市区町村コード": 210, "所在地": "大阪府枚方市宮之阪三丁目１６番２１号", "緯度": 34.814443, "経度": 135.662172, "url": "https://www.iryou.teikyouseido.mhlw.go.jp/znk-web/juminkanja/S2430/initialize?prefCd=27&kikanCd=1270006140&kikanKbn=1", "url2": "https://pmc.opho.jp/", "内容": "地方独立行政法人大阪府立病院機構大阪精神医療センター【1:病院】【診療科目:内科_精神科_児童思春期精神科_歯科】【一般病床数:0療養病床数:0精神病床数:473感染症病床数:0合計病床数:473】大阪府枚方市宮之阪三丁目１６番２１号" }, "geometry": { "type": "Point", "coordinates": [ 135.662172, 34.814443 ] } },
{ "type": "Feature", "properties": { "ID": 2711270006170, "正式名称": "医療法人邦徳会　邦和病院", "機関区分": 1, "都道府県コード": 27, "市区町村コード": 142, "所在地": "大阪府堺市中区新家町７００番１", "緯度": 34.544886, "経度": 135.511947, "url": "https://www.iryou.teikyouseido.mhlw.go.jp/znk-web/juminkanja/S2430/initialize?prefCd=27&kikanCd=1270006170&kikanKbn=1", "url2": "http://www.houtokukai.or.jp", "内容": "医療法人邦徳会　邦和病院【1:病院】【診療科目:内科_消化器内科_外科_脳神経外科_消化器外科_肛門外科_整形外科_形成外科_美容外科_リウマチ科_リハビリテーション科_麻酔科】【一般病床数:60療養病床数:59精神病床数:0感染症病床数:0合計病床数:119】大阪府堺市中区新家町７００番１" }, "geometry": { "type": "Point", "coordinates": [ 135.511947, 34.544886 ] } },
{ "type": "Feature", "properties": { "ID": 2711270006190, "正式名称": "一般財団法人岸和田農友協会　岸和田平成病院", "機関区分": 1, "都道府県コード": 27, "市区町村コード": 202, "所在地": "大阪府岸和田市春木若松町３番３３号", "緯度": 34.47728, "経度": 135.388016, "url": "https://www.iryou.teikyouseido.mhlw.go.jp/znk-web/juminkanja/S2430/initialize?prefCd=27&kikanCd=1270006190&kikanKbn=1", "url2": "http://www.kishiwadahp.jp/", "内容": "一般財団法人岸和田農友協会　岸和田平成病院【1:病院】【診療科目:内科_整形外科_リハビリテーション科】【一般病床数:0療養病床数:149精神病床数:0感染症病床数:0合計病床数:149】大阪府岸和田市春木若松町３番３３号" }, "geometry": { "type": "Point", "coordinates": [ 135.388016, 34.47728 ] } },
{ "type": "Feature", "properties": { "ID": 2711270006210, "正式名称": "ベルランド総合病院", "機関区分": 1, "都道府県コード": 27, "市区町村コード": 142, "所在地": "大阪府堺市中区東山５００番地３", "緯度": 34.51775, "経度": 135.508726, "url": "https://www.iryou.teikyouseido.mhlw.go.jp/znk-web/juminkanja/S2430/initialize?prefCd=27&kikanCd=1270006210&kikanKbn=1", "url2": "https://www.seichokai.or.jp/bell/", "内容": "ベルランド総合病院【1:病院】【診療科目:内科_血液内科_糖尿病内科_代謝・内分泌内科_脳神経内科_呼吸器内科_循環器内科_消化器内科_腎臓内科_腫瘍内科_緩和ケア内科_リウマチ・膠原病内科_外科_脳神経外科_呼吸器外科_心臓血管外科_消化器外科_肝臓・胆のう・膵臓外科_乳腺外科_整形外科_形成外科_小児科_産婦人科_眼科_頭頸部・耳鼻いんこう科_皮膚科_泌尿器科_精神科_リハビリテーション科_放射線診断科_放射線治療科_病理診断科_救急科_麻酔科】【一般病床数:477療養病床数:0精神病床数:0感染症病床数:0合計病床数:477】大阪府堺市中区東山５００番地３" }, "geometry": { "type": "Point", "coordinates": [ 135.508726, 34.51775 ] } },
{ "type": "Feature", "properties": { "ID": 2711270006220, "正式名称": "市立ひらかた病院", "機関区分": 1, "都道府県コード": 27, "市区町村コード": 210, "所在地": "大阪府枚方市禁野本町２丁目１４番１号", "緯度": 34.819998, "経度": 135.657922, "url": "https://www.iryou.teikyouseido.mhlw.go.jp/znk-web/juminkanja/S2430/initialize?prefCd=27&kikanCd=1270006220&kikanKbn=1", "url2": "https://hirakatacity-hp.osaka.jp/", "内容": "市立ひらかた病院【1:病院】【診療科目:内科_呼吸器内科_循環器内科_消化器内科_脳神経外科_呼吸器外科_心臓血管外科_消化器外科_乳腺・内分泌外科_整形外科_形成外科_小児科_産婦人科_眼科_頭頸部・耳鼻いんこう科_皮膚科_泌尿器科_精神科_歯科口腔外科_リハビリテーション科_放射線科_病理診断科_救急科_麻酔科】【一般病床数:327療養病床数:0精神病床数:0感染症病床数:8合計病床数:335】大阪府枚方市禁野本町２丁目１４番１号" }, "geometry": { "type": "Point", "coordinates": [ 135.657922, 34.819998 ] } },
{ "type": "Feature", "properties": { "ID": 2711270006230, "正式名称": "大阪市立十三市民病院", "機関区分": 1, "都道府県コード": 27, "市区町村コード": 123, "所在地": "大阪府大阪市淀川区野中北２丁目１２番２７号", "緯度": 34.728338, "経度": 135.477191, "url": "https://www.iryou.teikyouseido.mhlw.go.jp/znk-web/juminkanja/S2430/initialize?prefCd=27&kikanCd=1270006230&kikanKbn=1", "url2": "http://www.osakacity-hp.or.jp/juso/", "内容": "大阪市立十三市民病院【1:病院】【診療科目:内科_感染症内科_糖尿病・内分泌内科_呼吸器内科_循環器内科_消化器内科_緩和ケア内科_外科_消化器外科_整形外科_小児科_産婦人科_眼科_耳鼻いんこう科_皮膚科_泌尿器科_リハビリテーション科_放射線科_病理診断科_麻酔科】【一般病床数:224療養病床数:0精神病床数:0感染症病床数:0合計病床数:263】大阪府大阪市淀川区野中北２丁目１２番２７号" }, "geometry": { "type": "Point", "coordinates": [ 135.477191, 34.728338 ] } },
{ "type": "Feature", "properties": { "ID": 2711270006240, "正式名称": "大阪市立総合医療センター", "機関区分": 1, "都道府県コード": 27, "市区町村コード": 102, "所在地": "大阪府大阪市都島区都島本通２丁目１３番２２号", "緯度": 34.707507, "経度": 135.523772, "url": "https://www.iryou.teikyouseido.mhlw.go.jp/znk-web/juminkanja/S2430/initialize?prefCd=27&kikanCd=1270006240&kikanKbn=1", "url2": "http://www.osakacity-hp.or.jp/ocgh/", "内容": "大阪市立総合医療センター【1:病院】【診療科目:内科_呼吸器内科_循環器内科_消化器内科_神経内科_外科_脳神経外科_呼吸器外科_心臓血管外科_消化器外科_整形外科_形成外科_小児科_小児外科_産婦人科_眼科_耳鼻いんこう科_皮膚科_泌尿器科_精神科_歯科口腔外科_リハビリテーション科_放射線科_病理診断科_麻酔科】【一般病床数:975療養病床数:0精神病床数:55感染症病床数:33合計病床数:1063】大阪府大阪市都島区都島本通２丁目１３番２２号" }, "geometry": { "type": "Point", "coordinates": [ 135.523772, 34.707507 ] } },
{ "type": "Feature", "properties": { "ID": 2711270006260, "正式名称": "関西メディカル病院", "機関区分": 1, "都道府県コード": 27, "市区町村コード": 203, "所在地": "大阪府豊中市新千里西町１丁目１番７の２号", "緯度": 34.807968, "経度": 135.490964, "url": "https://www.iryou.teikyouseido.mhlw.go.jp/znk-web/juminkanja/S2430/initialize?prefCd=27&kikanCd=1270006260&kikanKbn=1", "url2": "https://kansaimedical-hp.jp/", "内容": "関西メディカル病院【1:病院】【診療科目:内科_糖尿病・内分泌内科_脳神経内科_循環器内科_消化器内科_腎臓内科_人工透析内科_外科_脳神経外科_心臓血管外科_乳腺外科_肛門外科_整形外科_形成外科_腎臓移植外科_小児科_婦人科_眼科_耳鼻いんこう科_泌尿器科_精神科_アレルギー科_リウマチ科_リハビリテーション科_放射線科_病理診断科_救急科_麻酔科】【一般病床数:225療養病床数:0精神病床数:0感染症病床数:0合計病床数:225】大阪府豊中市新千里西町１丁目１番７の２号" }, "geometry": { "type": "Point", "coordinates": [ 135.490964, 34.807968 ] } },
{ "type": "Feature", "properties": { "ID": 2711270006280, "正式名称": "耳原総合病院", "機関区分": 1, "都道府県コード": 27, "市区町村コード": 141, "所在地": "大阪府堺市堺区協和町４丁４６５", "緯度": 34.560717, "経度": 135.470311, "url": "https://www.iryou.teikyouseido.mhlw.go.jp/znk-web/juminkanja/S2430/initialize?prefCd=27&kikanCd=1270006280&kikanKbn=1", "url2": "http://www.mimihara.or.jp/sogo/", "内容": "耳原総合病院【1:病院】【診療科目:内科_糖尿病・内分泌内科_呼吸器内科_循環器内科_消化器内科_神経内科_外科_脳神経外科_呼吸器外科_心臓血管外科_乳腺外科_整形外科_形成外科_緩和ケア外科_小児科_産婦人科_眼科_皮膚科_泌尿器科_精神科_歯科口腔外科_リハビリテーション科_放射線科_病理診断科_救急科_麻酔科】【一般病床数:386療養病床数:0精神病床数:0感染症病床数:0合計病床数:386】大阪府堺市堺区協和町４丁４６５" }, "geometry": { "type": "Point", "coordinates": [ 135.470311, 34.560717 ] } },
{ "type": "Feature", "properties": { "ID": 2711270006290, "正式名称": "社会医療法人弘道会なにわ生野病院", "機関区分": 1, "都道府県コード": 27, "市区町村コード": 111, "所在地": "大阪府大阪市浪速区大国１－１０－３", "緯度": 34.652624, "経度": 135.497026, "url": "https://www.iryou.teikyouseido.mhlw.go.jp/znk-web/juminkanja/S2430/initialize?prefCd=27&kikanCd=1270006290&kikanKbn=1", "url2": "http://www.koudoukai.or.jp/naniwa-hp/", "内容": "社会医療法人弘道会なにわ生野病院【1:病院】【診療科目:内科_糖尿病内科_呼吸器内科_循環器内科_消化器内科_腎臓内科_人工透析内科_神経内科_外科_脳神経外科_心臓血管外科_消化器外科_整形外科_形成外科_小児科_婦人科_眼科_耳鼻いんこう科_皮膚科_泌尿器科_精神科_心療内科_リハビリテーション科_放射線科_放射線治療科_麻酔科】【一般病床数:173療養病床数:0精神病床数:0感染症病床数:0合計病床数:173】大阪府大阪市浪速区大国１－１０－３" }, "geometry": { "type": "Point", "coordinates": [ 135.497026, 34.652624 ] } },
{ "type": "Feature", "properties": { "ID": 2711270006300, "正式名称": "医療法人　竹村医学研究会　（財団）　小阪産病院", "機関区分": 1, "都道府県コード": 27, "市区町村コード": 227, "所在地": "大阪府東大阪市菱屋西３丁目６－８", "緯度": 34.661347, "経度": 135.579075, "url": "https://www.iryou.teikyouseido.mhlw.go.jp/znk-web/juminkanja/S2430/initialize?prefCd=27&kikanCd=1270006300&kikanKbn=1", "url2": "https://www.kosaka.or.jp", "内容": "医療法人　竹村医学研究会　（財団）　小阪産病院【1:病院】【診療科目:小児科_産婦人科_産科_婦人科_麻酔科】【一般病床数:61療養病床数:0精神病床数:0感染症病床数:0合計病床数:61】大阪府東大阪市菱屋西３丁目６－８" }, "geometry": { "type": "Point", "coordinates": [ 135.579075, 34.661347 ] } },
{ "type": "Feature", "properties": { "ID": 2711270006310, "正式名称": "社会医療法人　三上会　東香里第二病院", "機関区分": 1, "都道府県コード": 27, "市区町村コード": 210, "所在地": "大阪府枚方市高田２－２８－３０", "緯度": 34.779252, "経度": 135.661979, "url": "https://www.iryou.teikyouseido.mhlw.go.jp/znk-web/juminkanja/S2430/initialize?prefCd=27&kikanCd=1270006310&kikanKbn=1", "url2": "https://higashikouri-hp.com/second/", "内容": "社会医療法人　三上会　東香里第二病院【1:病院】【診療科目:内科_精神科】【一般病床数:0療養病床数:0精神病床数:78感染症病床数:0合計病床数:78】大阪府枚方市高田２－２８－３０" }, "geometry": { "type": "Point", "coordinates": [ 135.661979, 34.779252 ] } },
{ "type": "Feature", "properties": { "ID": 2711270006320, "正式名称": "ほうせんか病院", "機関区分": 1, "都道府県コード": 27, "市区町村コード": 211, "所在地": "大阪府茨木市西福井２丁目９番３６号", "緯度": 34.840383, "経度": 135.549291, "url": "https://www.iryou.teikyouseido.mhlw.go.jp/znk-web/juminkanja/S2430/initialize?prefCd=27&kikanCd=1270006320&kikanKbn=1", "url2": "http://www.seiwa-h.org/", "内容": "ほうせんか病院【1:病院】【診療科目:内科_呼吸器内科_循環器内科_外科_整形外科_皮膚科_泌尿器科_心療内科_リハビリテーション科】【一般病床数:128療養病床数:92精神病床数:0感染症病床数:0合計病床数:220】大阪府茨木市西福井２丁目９番３６号" }, "geometry": { "type": "Point", "coordinates": [ 135.549291, 34.840383 ] } },
{ "type": "Feature", "properties": { "ID": 2711270006340, "正式名称": "社会医療法人信愛会　交野病院", "機関区分": 1, "都道府県コード": 27, "市区町村コード": 230, "所在地": "大阪府交野市松塚３９－１", "緯度": 34.795195, "経度": 135.665172, "url": "https://www.iryou.teikyouseido.mhlw.go.jp/znk-web/juminkanja/S2430/initialize?prefCd=27&kikanCd=1270006340&kikanKbn=1", "url2": "http://www.katano-hp.or.jp/", "内容": "社会医療法人信愛会　交野病院【1:病院】【診療科目:内科_血液内科_呼吸器内科_循環器内科_消化器内科_神経内科_外科_脳神経外科_乳腺外科_整形外科_小児科_皮膚科_泌尿器科_リハビリテーション科_放射線科_救急科_麻酔科】【一般病床数:173療養病床数:35精神病床数:0感染症病床数:0合計病床数:208】大阪府交野市松塚３９－１" }, "geometry": { "type": "Point", "coordinates": [ 135.665172, 34.795195 ] } },
{ "type": "Feature", "properties": { "ID": 2711270006370, "正式名称": "社会医療法人彩樹　豊中敬仁会病院", "機関区分": 1, "都道府県コード": 27, "市区町村コード": 203, "所在地": "大阪府豊中市少路１丁目８番１２号", "緯度": 34.804524, "経度": 135.474327, "url": "https://www.iryou.teikyouseido.mhlw.go.jp/znk-web/juminkanja/S2430/initialize?prefCd=27&kikanCd=1270006370&kikanKbn=1", "url2": "https://www.toyonakakeijinkaihp.net/", "内容": "社会医療法人彩樹　豊中敬仁会病院【1:病院】【診療科目:内科_循環器内科_消化器内科_腎臓内科_人工透析内科_外科_脳神経外科_血管外科_消化器外科_肛門外科_整形外科_形成外科_皮膚科_泌尿器科_精神科_リハビリテーション科_放射線科_病理診断科_麻酔科】【一般病床数:60療養病床数:0精神病床数:0感染症病床数:0合計病床数:60】大阪府豊中市少路１丁目８番１２号" }, "geometry": { "type": "Point", "coordinates": [ 135.474327, 34.804524 ] } },
{ "type": "Feature", "properties": { "ID": 2711270006380, "正式名称": "堺市立総合医療センター", "機関区分": 1, "都道府県コード": 27, "市区町村コード": 144, "所在地": "大阪府堺市西区家原寺町１－１－１", "緯度": 34.539524, "経度": 135.471284, "url": "https://www.iryou.teikyouseido.mhlw.go.jp/znk-web/juminkanja/S2430/initialize?prefCd=27&kikanCd=1270006380&kikanKbn=1", "url2": "https://www.sakai-city-hospital.jp/", "内容": "堺市立総合医療センター【1:病院】【診療科目:内科_感染症内科_血液内科_脳神経内科_呼吸器内科_循環器内科_消化器内科_腎臓内科_緩和ケア内科_糖尿病・内分泌・代謝内科_外科_脳神経外科_呼吸器外科_心臓血管外科_消化器外科_乳腺・内分泌外科_頭頸部外科_整形外科_形成外科_小児科_産婦人科_眼科_耳鼻いんこう科_皮膚科_泌尿器科_精神科_歯科口腔外科_リウマチ科_リハビリテーション科_放射線診断科_放射線治療科_病理診断科_臨床検査科_救急科_麻酔科_膠原病内科】【一般病床数:480療養病床数:0精神病床数:0感染症病床数:7合計病床数:487】大阪府堺市西区家原寺町１－１－１" }, "geometry": { "type": "Point", "coordinates": [ 135.471284, 34.539524 ] } },
{ "type": "Feature", "properties": { "ID": 2711270006390, "正式名称": "大阪医科薬科大学三島南病院", "機関区分": 1, "都道府県コード": 27, "市区町村コード": 207, "所在地": "大阪府高槻市玉川新町８－１", "緯度": 34.815525, "経度": 135.604371, "url": "https://www.iryou.teikyouseido.mhlw.go.jp/znk-web/juminkanja/S2430/initialize?prefCd=27&kikanCd=1270006390&kikanKbn=1", "url2": "http://www.ompummh.jp/", "内容": "大阪医科薬科大学三島南病院【1:病院】【診療科目:内科_脳神経内科_循環器内科_外科_脳神経外科_整形外科_眼科_皮膚科_泌尿器科_リハビリテーション科_放射線科_麻酔科】【一般病床数:123療養病床数:91精神病床数:0感染症病床数:0合計病床数:214】大阪府高槻市玉川新町８－１" }, "geometry": { "type": "Point", "coordinates": [ 135.604371, 34.815525 ] } },
{ "type": "Feature", "properties": { "ID": 2711270006400, "正式名称": "医療法人正幸会　正幸会病院", "機関区分": 1, "都道府県コード": 27, "市区町村コード": 223, "所在地": "大阪府門真市中町１１番５４号", "緯度": 34.741672, "経度": 135.588459, "url": "https://www.iryou.teikyouseido.mhlw.go.jp/znk-web/juminkanja/S2430/initialize?prefCd=27&kikanCd=1270006400&kikanKbn=1", "url2": "http://seikohkai-hp.com/", "内容": "医療法人正幸会　正幸会病院【1:病院】【診療科目:内科_呼吸器内科_循環器内科_消化器内科_放射線科】【一般病床数:56療養病床数:0精神病床数:0感染症病床数:0合計病床数:56】大阪府門真市中町１１番５４号" }, "geometry": { "type": "Point", "coordinates": [ 135.588459, 34.741672 ] } },
{ "type": "Feature", "properties": { "ID": 2711270006410, "正式名称": "医療法人紀和会　正風病院", "機関区分": 1, "都道府県コード": 27, "市区町村コード": 146, "所在地": "大阪府堺市北区新金岡町５－１－３", "緯度": 34.565661, "経度": 135.516668, "url": "https://www.iryou.teikyouseido.mhlw.go.jp/znk-web/juminkanja/S2430/initialize?prefCd=27&kikanCd=1270006410&kikanKbn=1", "url2": "http://kiwakai-sakai.or.jp", "内容": "医療法人紀和会　正風病院【1:病院】【診療科目:内科_循環器内科_消化器内科_整形外科_皮膚科_リウマチ科_リハビリテーション科_放射線科_麻酔科】【一般病床数:47療養病床数:152精神病床数:0感染症病床数:0合計病床数:199】大阪府堺市北区新金岡町５－１－３" }, "geometry": { "type": "Point", "coordinates": [ 135.516668, 34.565661 ] } },
{ "type": "Feature", "properties": { "ID": 2711270006440, "正式名称": "清恵会病院", "機関区分": 1, "都道府県コード": 27, "市区町村コード": 141, "所在地": "大阪府堺市堺区南安井町１－１－１", "緯度": 34.570966, "経度": 135.474893, "url": "https://www.iryou.teikyouseido.mhlw.go.jp/znk-web/juminkanja/S2430/initialize?prefCd=27&kikanCd=1270006440&kikanKbn=1", "url2": "http://www.seikeikai.or.jp/", "内容": "清恵会病院【1:病院】【診療科目:内科_内分泌内科_糖尿病・代謝内科_脳神経内科_呼吸器内科_循環器内科_消化器内科_腎臓内科_外科_脳神経外科_血管外科_心臓血管外科_消化器外科_乳腺外科_整形外科_形成外科_小児科_産婦人科_眼科_耳鼻いんこう科_皮膚科_泌尿器科_メンタルヘルス科_歯科口腔外科_リハビリテーション科_放射線科_救急科_麻酔科】【一般病床数:286療養病床数:50精神病床数:0感染症病床数:0合計病床数:336】大阪府堺市堺区南安井町１－１－１" }, "geometry": { "type": "Point", "coordinates": [ 135.474893, 34.570966 ] } },
{ "type": "Feature", "properties": { "ID": 2711270006450, "正式名称": "医療法人成育会　なりもとレディースホスピタル", "機関区分": 1, "都道府県コード": 27, "市区町村コード": 210, "所在地": "大阪府枚方市岡東町１４番２８号", "緯度": 34.813554, "経度": 135.648395, "url": "https://www.iryou.teikyouseido.mhlw.go.jp/znk-web/juminkanja/S2430/initialize?prefCd=27&kikanCd=1270006450&kikanKbn=1", "url2": "http://www.narimoto-lh.com", "内容": "医療法人成育会　なりもとレディースホスピタル【1:病院】【診療科目:産科_婦人科_麻酔科】【一般病床数:23療養病床数:0精神病床数:0感染症病床数:0合計病床数:23】大阪府枚方市岡東町１４番２８号" }, "geometry": { "type": "Point", "coordinates": [ 135.648395, 34.813554 ] } },
{ "type": "Feature", "properties": { "ID": 2711270006460, "正式名称": "社会医療法人蒼生会　蒼生病院", "機関区分": 1, "都道府県コード": 27, "市区町村コード": 223, "所在地": "大阪府門真市大字横地５９６番地", "緯度": 34.728645, "経度": 135.605542, "url": "https://www.iryou.teikyouseido.mhlw.go.jp/znk-web/juminkanja/S2430/initialize?prefCd=27&kikanCd=1270006460&kikanKbn=1", "url2": "http://www.sousei-hp.jp", "内容": "社会医療法人蒼生会　蒼生病院【1:病院】【診療科目:内科_糖尿病内科_内分泌内科_脳神経内科_呼吸器内科_循環器内科_消化器内科_腎臓内科_人工透析内科_神経内科_外科_消化器外科_乳腺外科_肛門外科_腹部外科_整形外科_形成外科_皮膚科_泌尿器科_歯科口腔外科_リウマチ科_リハビリテーション科_放射線科_麻酔科】【一般病床数:150療養病床数:0精神病床数:0感染症病床数:0合計病床数:150】大阪府門真市大字横地５９６番地" }, "geometry": { "type": "Point", "coordinates": [ 135.605542, 34.728645 ] } },
{ "type": "Feature", "properties": { "ID": 2711270006470, "正式名称": "医療法人　成仁会　成仁会病院", "機関区分": 1, "都道府県コード": 27, "市区町村コード": 114, "所在地": "大阪府大阪市東淀川区豊里７－１９－２７", "緯度": 34.745143, "経度": 135.542407, "url": "https://www.iryou.teikyouseido.mhlw.go.jp/znk-web/juminkanja/S2430/initialize?prefCd=27&kikanCd=1270006470&kikanKbn=1", "url2": "https://www.seijinkai-gr.jp/", "内容": "医療法人　成仁会　成仁会病院【1:病院】【診療科目:内科_糖尿病・内分泌内科_脳神経内科_呼吸器内科_循環器内科_消化器内科_胃腸内科_外科_肛門外科_整形外科_皮膚科_美容皮膚科_男性泌尿器科_リハビリテーション科_放射線科】【一般病床数:60療養病床数:0精神病床数:0感染症病床数:0合計病床数:60】大阪府大阪市東淀川区豊里７－１９－２７" }, "geometry": { "type": "Point", "coordinates": [ 135.542407, 34.745143 ] } },
{ "type": "Feature", "properties": { "ID": 2711270006480, "正式名称": "医療法人　日新会　日新会病院", "機関区分": 1, "都道府県コード": 27, "市区町村コード": 106, "所在地": "大阪府大阪市西区新町４－４－８", "緯度": 34.676343, "経度": 135.486943, "url": "https://www.iryou.teikyouseido.mhlw.go.jp/znk-web/juminkanja/S2430/initialize?prefCd=27&kikanCd=1270006480&kikanKbn=1", "url2": "http://www.nisshinkai.jp", "内容": "医療法人　日新会　日新会病院【1:病院】【診療科目:内科_人工透析内科_リハビリテーション科_放射線科】【一般病床数:43療養病床数:17精神病床数:0感染症病床数:0合計病床数:60】大阪府大阪市西区新町４－４－８" }, "geometry": { "type": "Point", "coordinates": [ 135.486943, 34.676343 ] } },
{ "type": "Feature", "properties": { "ID": 2711270006490, "正式名称": "社会医療法人明生会　明生第二病院", "機関区分": 1, "都道府県コード": 27, "市区町村コード": 115, "所在地": "大阪府大阪市東成区東小橋１丁目１９番２０号", "緯度": 34.671206, "経度": 135.53255, "url": "https://www.iryou.teikyouseido.mhlw.go.jp/znk-web/juminkanja/S2430/initialize?prefCd=27&kikanCd=1270006490&kikanKbn=1", "url2": "http://meiseigrp.jp/", "内容": "社会医療法人明生会　明生第二病院【1:病院】【診療科目:内科_外科_脳神経外科_整形外科_リハビリテーション科】【一般病床数:183療養病床数:0精神病床数:0感染症病床数:0合計病床数:183】大阪府大阪市東成区東小橋１丁目１９番２０号" }, "geometry": { "type": "Point", "coordinates": [ 135.53255, 34.671206 ] } },
{ "type": "Feature", "properties": { "ID": 2711270006500, "正式名称": "市立東大阪医療センター", "機関区分": 1, "都道府県コード": 27, "市区町村コード": 227, "所在地": "大阪府東大阪市西岩田三丁目４番５号", "緯度": 34.666013, "経度": 135.597129, "url": "https://www.iryou.teikyouseido.mhlw.go.jp/znk-web/juminkanja/S2430/initialize?prefCd=27&kikanCd=1270006500&kikanKbn=1", "url2": "https://www.higashiosaka-mc.jp", "内容": "市立東大阪医療センター【1:病院】【診療科目:内科_血液内科_代謝・内分泌内科_脳神経内科_呼吸器内科_循環器内科_消化器内科_腎臓内科_緩和ケア内科_総合診療科_外科_脳神経外科_呼吸器外科_心臓血管外科_消化器外科_乳腺外科_整形外科_形成外科_小児科_小児外科_産婦人科_眼科_頭頸部・耳鼻いんこう科_皮膚科_泌尿器科_精神科_歯科_歯科口腔外科_リハビリテーション科_放射線科_病理診断科_臨床検査科_救急科_麻酔科】【一般病床数:520療養病床数:0精神病床数:0感染症病床数:0合計病床数:520】大阪府東大阪市西岩田三丁目４番５号" }, "geometry": { "type": "Point", "coordinates": [ 135.597129, 34.666013 ] } },
{ "type": "Feature", "properties": { "ID": 2711270006520, "正式名称": "東和病院", "機関区分": 1, "都道府県コード": 27, "市区町村コード": 121, "所在地": "大阪府大阪市東住吉区田辺４－１３－１５", "緯度": 34.623211, "経度": 135.526303, "url": "https://www.iryou.teikyouseido.mhlw.go.jp/znk-web/juminkanja/S2430/initialize?prefCd=27&kikanCd=1270006520&kikanKbn=1", "url2": "http://www.towahospital.jp/", "内容": "東和病院【1:病院】【診療科目:内科_呼吸器内科_循環器内科_消化器内科_外科_整形外科_耳鼻いんこう科_皮膚科_泌尿器科_精神科_リウマチ科_リハビリテーション科_放射線科】【一般病床数:155療養病床数:0精神病床数:0感染症病床数:0合計病床数:155】大阪府大阪市東住吉区田辺４－１３－１５" }, "geometry": { "type": "Point", "coordinates": [ 135.526303, 34.623211 ] } },
{ "type": "Feature", "properties": { "ID": 2711270006540, "正式名称": "地方独立行政法人　大阪府立病院機構　大阪国際がんセンター", "機関区分": 1, "都道府県コード": 27, "市区町村コード": 128, "所在地": "大阪府大阪市中央区大手前３丁目１番６９号", "緯度": 34.684649, "経度": 135.520051, "url": "https://www.iryou.teikyouseido.mhlw.go.jp/znk-web/juminkanja/S2430/initialize?prefCd=27&kikanCd=1270006540&kikanKbn=1", "url2": "https://oici.jp", "内容": "地方独立行政法人　大阪府立病院機構　大阪国際がんセンター【1:病院】【診療科目:感染症内科_血液内科_代謝・内分泌内科_脳神経内科_呼吸器内科_循環器内科_消化器内科_腫瘍内科_脳神経外科_呼吸器外科_心臓血管外科_消化器外科_乳腺外科_頭頸部外科_整形外科_形成外科_小児科_婦人科_眼科_泌尿器科_腫瘍皮膚科_精神科_歯科_歯科口腔外科_リハビリテーション科_放射線診断科_放射線治療科_病理診断科_臨床検査科_麻酔科】【一般病床数:500療養病床数:0精神病床数:0感染症病床数:0合計病床数:500】大阪府大阪市中央区大手前３丁目１番６９号" }, "geometry": { "type": "Point", "coordinates": [ 135.520051, 34.684649 ] } },
{ "type": "Feature", "properties": { "ID": 2711270006550, "正式名称": "医療法人愛泉会　愛泉会病院", "機関区分": 1, "都道府県コード": 27, "市区町村コード": 209, "所在地": "大阪府守口市八雲中町二丁目４番２６号", "緯度": 34.74462, "経度": 135.569314, "url": "https://www.iryou.teikyouseido.mhlw.go.jp/znk-web/juminkanja/S2430/initialize?prefCd=27&kikanCd=1270006550&kikanKbn=1", "url2": "https://ai-sen-kai.or.jp", "内容": "医療法人愛泉会　愛泉会病院【1:病院】【診療科目:内科_呼吸器内科_消化器内科_外科_整形外科_皮膚科_リハビリテーション科_放射線科】【一般病床数:60療養病床数:90精神病床数:0感染症病床数:0合計病床数:150】大阪府守口市八雲中町二丁目４番２６号" }, "geometry": { "type": "Point", "coordinates": [ 135.569314, 34.74462 ] } },
{ "type": "Feature", "properties": { "ID": 2711270006560, "正式名称": "医療法人　恵仁会　田中病院", "機関区分": 1, "都道府県コード": 27, "市区町村コード": 211, "所在地": "大阪府茨木市東奈良３丁目１６番３１号", "緯度": 34.802054, "経度": 135.567569, "url": "https://www.iryou.teikyouseido.mhlw.go.jp/znk-web/juminkanja/S2430/initialize?prefCd=27&kikanCd=1270006560&kikanKbn=1", "url2": "https://www.tanaka-hsp.or.jp", "内容": "医療法人　恵仁会　田中病院【1:病院】【診療科目:内科_循環器内科_消化器内科_腫瘍内科_外科_消化器外科_乳腺外科_肛門外科_整形外科_小児科_産婦人科_泌尿器科_リハビリテーション科_放射線科_麻酔科】【一般病床数:78療養病床数:0精神病床数:0感染症病床数:0合計病床数:78】大阪府茨木市東奈良３丁目１６番３１号" }, "geometry": { "type": "Point", "coordinates": [ 135.567569, 34.802054 ] } },
{ "type": "Feature", "properties": { "ID": 2711270006570, "正式名称": "社会医療法人愛仁会　千船病院", "機関区分": 1, "都道府県コード": 27, "市区町村コード": 113, "所在地": "大阪府大阪市西淀川区福町３丁目２番３９号", "緯度": 34.700618, "経度": 135.443529, "url": "https://www.iryou.teikyouseido.mhlw.go.jp/znk-web/juminkanja/S2430/initialize?prefCd=27&kikanCd=1270006570&kikanKbn=1", "url2": "https://www.chibune-hsp.jp", "内容": "社会医療法人愛仁会　千船病院【1:病院】【診療科目:内科_糖尿病・内分泌内科_呼吸器内科_循環器内科_消化器内科_腎臓内科_外科_脳神経外科_消化器外科_整形外科_小児科_新生児小児科_産婦人科_眼科_耳鼻いんこう科_皮膚科_泌尿器科_リハビリテーション科_放射線科_病理診断科_麻酔科】【一般病床数:308療養病床数:0精神病床数:0感染症病床数:0合計病床数:308】大阪府大阪市西淀川区福町３丁目２番３９号" }, "geometry": { "type": "Point", "coordinates": [ 135.443529, 34.700618 ] } },
{ "type": "Feature", "properties": { "ID": 2711270006600, "正式名称": "りんくう永山病院", "機関区分": 1, "都道府県コード": 27, "市区町村コード": 213, "所在地": "大阪府泉佐野市りんくう往来南２番３", "緯度": 34.409035, "経度": 135.299165, "url": "https://www.iryou.teikyouseido.mhlw.go.jp/znk-web/juminkanja/S2430/initialize?prefCd=27&kikanCd=1270006600&kikanKbn=1", "url2": "http://www.nagayama.or.jp/", "内容": "りんくう永山病院【1:病院】【診療科目:内科_精神科_リハビリテーション科】【一般病床数:0療養病床数:120精神病床数:0感染症病床数:0合計病床数:120】大阪府泉佐野市りんくう往来南２番３" }, "geometry": { "type": "Point", "coordinates": [ 135.299165, 34.409035 ] } },
{ "type": "Feature", "properties": { "ID": 2711270006620, "正式名称": "関西医科大学　くずは病院", "機関区分": 1, "都道府県コード": 27, "市区町村コード": 210, "所在地": "大阪府枚方市楠葉花園町４番１号", "緯度": 34.857411, "経度": 135.676752, "url": "https://www.iryou.teikyouseido.mhlw.go.jp/znk-web/juminkanja/S2430/initialize?prefCd=27&kikanCd=1270006620&kikanKbn=1", "url2": "https://hp.kmu.ac.jp/kuzuha/", "内容": "関西医科大学　くずは病院【1:病院】【診療科目:内科_呼吸器内科_循環器内科_消化器内科_外科_脳神経外科_整形外科_皮膚科_泌尿器科_リハビリテーション科_放射線科】【一般病床数:94療養病床数:0精神病床数:0感染症病床数:0合計病床数:94】大阪府枚方市楠葉花園町４番１号" }, "geometry": { "type": "Point", "coordinates": [ 135.676752, 34.857411 ] } },
{ "type": "Feature", "properties": { "ID": 2711270006630, "正式名称": "おおさかグローバル整形外科病院", "機関区分": 1, "都道府県コード": 27, "市区町村コード": 118, "所在地": "大阪府大阪市城東区関目６ー１５－３０", "緯度": 34.713341, "経度": 135.553491, "url": "https://www.iryou.teikyouseido.mhlw.go.jp/znk-web/juminkanja/S2430/initialize?prefCd=27&kikanCd=1270006630&kikanKbn=1", "url2": "https://www.maki-group.jp", "内容": "おおさかグローバル整形外科病院【1:病院】【診療科目:整形外科_リハビリテーション科_放射線科_麻酔科】【一般病床数:80療養病床数:0精神病床数:0感染症病床数:0合計病床数:80】大阪府大阪市城東区関目６ー１５－３０" }, "geometry": { "type": "Point", "coordinates": [ 135.553491, 34.713341 ] } },
{ "type": "Feature", "properties": { "ID": 2711270006640, "正式名称": "社会福祉法人恩賜財団大阪府済生会富田林病院", "機関区分": 1, "都道府県コード": 27, "市区町村コード": 214, "所在地": "大阪府富田林市向陽台１丁目３番３６号", "緯度": 34.502693, "経度": 135.583774, "url": "https://www.iryou.teikyouseido.mhlw.go.jp/znk-web/juminkanja/S2430/initialize?prefCd=27&kikanCd=1270006640&kikanKbn=1", "url2": "https://tondabayashi.saiseikai.or.jp/", "内容": "社会福祉法人恩賜財団大阪府済生会富田林病院【1:病院】【診療科目:内科_呼吸器内科_循環器内科_消化器内科_腎臓内科_外科_脳神経外科_整形外科_形成外科_小児科_産婦人科_眼科_耳鼻いんこう科_皮膚科_泌尿器科_リハビリテーション科_放射線科_病理診断科_麻酔科】【一般病床数:260療養病床数:0精神病床数:0感染症病床数:0合計病床数:260】大阪府富田林市向陽台１丁目３番３６号" }, "geometry": { "type": "Point", "coordinates": [ 135.583774, 34.502693 ] } },
{ "type": "Feature", "properties": { "ID": 2711270006660, "正式名称": "和泉市立総合医療センター", "機関区分": 1, "都道府県コード": 27, "市区町村コード": 219, "所在地": "大阪府和泉市和気町四丁目５番１号", "緯度": 34.477864, "経度": 135.430818, "url": "https://www.iryou.teikyouseido.mhlw.go.jp/znk-web/juminkanja/S2430/initialize?prefCd=27&kikanCd=1270006660&kikanKbn=1", "url2": "http://izumi.tokusyukai.or.jp", "内容": "和泉市立総合医療センター【1:病院】【診療科目:内科_血液・腫瘍内科_血液内科_糖尿病内科_糖尿病・内分泌内科_脳神経内科_呼吸器内科_循環器内科_消化器内科_腎臓内科_神経内科_腫瘍内科_緩和ケア内科_肝臓・胆のう・膵臓内科，腎臓・透析内科，乳腺内科_外科_脳神経外科_脳外科_呼吸器外科_心臓血管外科_消化器外科_肝臓・胆のう・膵臓外科_乳腺外科_整形外科_形成外科_小児科_婦人科_眼科_耳鼻いんこう科_皮膚科_泌尿器科_精神科_歯科口腔外科_リウマチ科_リハビリテーション科_放射線科_病理診断科_救急科_麻酔科】【一般病床数:307療養病床数:0精神病床数:0感染症病床数:0合計病床数:307】大阪府和泉市和気町四丁目５番１号" }, "geometry": { "type": "Point", "coordinates": [ 135.430818, 34.477864 ] } },
{ "type": "Feature", "properties": { "ID": 2711270006670, "正式名称": "社会医療法人啓仁会　堺咲花病院", "機関区分": 1, "都道府県コード": 27, "市区町村コード": 145, "所在地": "大阪府堺市南区原山台２－７－１", "緯度": 34.480253, "経度": 135.490424, "url": "https://www.iryou.teikyouseido.mhlw.go.jp/znk-web/juminkanja/S2430/initialize?prefCd=27&kikanCd=1270006670&kikanKbn=1", "url2": "http://sakaisakibana.jp/", "内容": "社会医療法人啓仁会　堺咲花病院【1:病院】【診療科目:内科_脳神経内科_消化器内科_神経内科_外科_整形外科_小児科_耳鼻いんこう科_精神科_心療内科_リハビリテーション科_放射線科_麻酔科】【一般病床数:310療養病床数:0精神病床数:0感染症病床数:0合計病床数:310】大阪府堺市南区原山台２－７－１" }, "geometry": { "type": "Point", "coordinates": [ 135.490424, 34.480253 ] } },
{ "type": "Feature", "properties": { "ID": 2711270006680, "正式名称": "医療法人（社団）有恵会　香里ヶ丘有恵会病院", "機関区分": 1, "都道府県コード": 27, "市区町村コード": 210, "所在地": "大阪府枚方市香里ヶ丘５丁目８番１", "緯度": 34.794945, "経度": 135.648257, "url": "https://www.iryou.teikyouseido.mhlw.go.jp/znk-web/juminkanja/S2430/initialize?prefCd=27&kikanCd=1270006680&kikanKbn=1", "url2": "https://www.kourigaoka.jp/", "内容": "医療法人（社団）有恵会　香里ヶ丘有恵会病院【1:病院】【診療科目:内科_呼吸器内科_循環器内科_消化器内科_人工透析内科_神経内科_外科_整形外科_小児科_眼科_皮膚科_腎泌尿器外科_歯科_リハビリテーション科】【一般病床数:171療養病床数:0精神病床数:0感染症病床数:0合計病床数:171】大阪府枚方市香里ヶ丘５丁目８番１" }, "geometry": { "type": "Point", "coordinates": [ 135.648257, 34.794945 ] } },
{ "type": "Feature", "properties": { "ID": 2711270006730, "正式名称": "公益財団法人　日本生命済生会　日本生命病院", "機関区分": 1, "都道府県コード": 27, "市区町村コード": 106, "所在地": "大阪府大阪市西区江之子島２－１－５４", "緯度": 34.682343, "経度": 135.484109, "url": "https://www.iryou.teikyouseido.mhlw.go.jp/znk-web/juminkanja/S2430/initialize?prefCd=27&kikanCd=1270006730&kikanKbn=1", "url2": "http://www.nissay-hp.or.jp", "内容": "公益財団法人　日本生命済生会　日本生命病院【1:病院】【診療科目:内科_血液内科_糖尿病・内分泌内科_糖尿病・代謝内科_代謝・内分泌内科_脳神経内科_呼吸器内科_循環器内科_消化器内科_腎臓内科_血液・化学療法内科，内分泌・代謝・糖尿病内科_外科_脳神経外科_呼吸器外科_心臓血管外科_消化器外科_乳腺外科_整形外科_形成外科_小児科_産婦人科_眼科_耳鼻いんこう科_皮膚科_泌尿器科_精神科_リウマチ科_リハビリテーション科_放射線診断科_放射線治療科_病理診断科_救急科_麻酔科】【一般病床数:350療養病床数:0精神病床数:0感染症病床数:0合計病床数:350】大阪府大阪市西区江之子島２－１－５４" }, "geometry": { "type": "Point", "coordinates": [ 135.484109, 34.682343 ] } },
{ "type": "Feature", "properties": { "ID": 2711270006750, "正式名称": "医療法人聖和錦秀会阪和いずみ病院", "機関区分": 1, "都道府県コード": 27, "市区町村コード": 219, "所在地": "大阪府和泉市あゆみ野一丁目７番１号", "緯度": 34.448145, "経度": 135.449068, "url": "https://www.iryou.teikyouseido.mhlw.go.jp/znk-web/juminkanja/S2430/initialize?prefCd=27&kikanCd=1270006750&kikanKbn=1", "url2": "http://www.seiwa-kinshukai.or.jp/hanwaizumi/", "内容": "医療法人聖和錦秀会阪和いずみ病院【1:病院】【診療科目:内科_人工透析内科_精神科_心療内科_リハビリテーション科】【一般病床数:0療養病床数:0精神病床数:588感染症病床数:0合計病床数:588】大阪府和泉市あゆみ野一丁目７番１号" }, "geometry": { "type": "Point", "coordinates": [ 135.449068, 34.448145 ] } },
{ "type": "Feature", "properties": { "ID": 2711270006780, "正式名称": "市立吹田市民病院", "機関区分": 1, "都道府県コード": 27, "市区町村コード": 205, "所在地": "大阪府吹田市岸部新町５番７号", "緯度": 34.777167, "経度": 135.538462, "url": "https://www.iryou.teikyouseido.mhlw.go.jp/znk-web/juminkanja/S2430/initialize?prefCd=27&kikanCd=1270006780&kikanKbn=1", "url2": "https://www.suitamhp.osaka.jp/", "内容": "市立吹田市民病院【1:病院】【診療科目:内科_血液内科_糖尿病・内分泌内科_脳神経内科_循環器内科_消化器内科_腎臓内科_外科_脳神経外科_呼吸器外科_消化器外科_乳腺外科_整形外科_小児科_小児外科_産婦人科_眼科_耳鼻いんこう科_皮膚科_腎臓・泌尿器科_精神科_心療内科_歯科_リハビリテーション科_放射線診断科_放射線治療科_病理診断科_救急科_麻酔科_呼吸器・リウマチ科】【一般病床数:431療養病床数:0精神病床数:0感染症病床数:0合計病床数:431】大阪府吹田市岸部新町５番７号" }, "geometry": { "type": "Point", "coordinates": [ 135.538462, 34.777167 ] } },
{ "type": "Feature", "properties": { "ID": 2711270006800, "正式名称": "医療法人徳洲会　東佐野病院", "機関区分": 1, "都道府県コード": 27, "市区町村コード": 213, "所在地": "大阪府泉佐野市鶴原９６９－１", "緯度": 34.419618, "経度": 135.346883, "url": "https://www.iryou.teikyouseido.mhlw.go.jp/znk-web/juminkanja/S2430/initialize?prefCd=27&kikanCd=1270006800&kikanKbn=1", "url2": "http://higashisano.com/index.html", "内容": "医療法人徳洲会　東佐野病院【1:病院】【診療科目:内科_呼吸器内科_循環器内科_消化器内科_整形外科_形成外科_リハビリテーション科_放射線科】【一般病床数:0療養病床数:79精神病床数:0感染症病床数:0合計病床数:79】大阪府泉佐野市鶴原９６９－１" }, "geometry": { "type": "Point", "coordinates": [ 135.346883, 34.419618 ] } },
{ "type": "Feature", "properties": { "ID": 2711270006810, "正式名称": "越宗整形外科病院", "機関区分": 1, "都道府県コード": 27, "市区町村コード": 120, "所在地": "大阪府大阪市住吉区東粉浜３丁目２６番６号", "緯度": 34.615544, "経度": 135.491723, "url": "https://www.iryou.teikyouseido.mhlw.go.jp/znk-web/juminkanja/S2430/initialize?prefCd=27&kikanCd=1270006810&kikanKbn=1", "url2": "https://koshimune.jp/hospital/", "内容": "越宗整形外科病院【1:病院】【診療科目:整形外科_リハビリテーション科】【一般病床数:30療養病床数:0精神病床数:0感染症病床数:0合計病床数:30】大阪府大阪市住吉区東粉浜３丁目２６番６号" }, "geometry": { "type": "Point", "coordinates": [ 135.491723, 34.615544 ] } },
{ "type": "Feature", "properties": { "ID": 2711270006820, "正式名称": "医療法人　恵彰会　三和病院", "機関区分": 1, "都道府県コード": 27, "市区町村コード": 124, "所在地": "大阪府大阪市鶴見区安田１丁目８番３号", "緯度": 34.705175, "経度": 135.588461, "url": "https://www.iryou.teikyouseido.mhlw.go.jp/znk-web/juminkanja/S2430/initialize?prefCd=27&kikanCd=1270006820&kikanKbn=1", "url2": "https://sanwa-hp.com/", "内容": "医療法人　恵彰会　三和病院【1:病院】【診療科目:内科_循環器内科_リハビリテーション科_放射線科】【一般病床数:53療養病床数:0精神病床数:0感染症病床数:0合計病床数:53】大阪府大阪市鶴見区安田１丁目８番３号" }, "geometry": { "type": "Point", "coordinates": [ 135.588461, 34.705175 ] } },
{ "type": "Feature", "properties": { "ID": 2711270006830, "正式名称": "北大阪ほうせんか病院", "機関区分": 1, "都道府県コード": 27, "市区町村コード": 211, "所在地": "大阪府茨木市室山１ー２ー２", "緯度": 34.842827, "経度": 135.54743, "url": "https://www.iryou.teikyouseido.mhlw.go.jp/znk-web/juminkanja/S2430/initialize?prefCd=27&kikanCd=1270006830&kikanKbn=1", "url2": "https://sfmc-h.org/", "内容": "北大阪ほうせんか病院【1:病院】【診療科目:内科_循環器内科_外科_脳神経外科_消化器外科_整形外科_泌尿器科_歯科口腔外科_リハビリテーション科_放射線科】【一般病床数:135療養病床数:135精神病床数:0感染症病床数:0合計病床数:270】大阪府茨木市室山１ー２ー２" }, "geometry": { "type": "Point", "coordinates": [ 135.54743, 34.842827 ] } },
{ "type": "Feature", "properties": { "ID": 2711270006840, "正式名称": "医療法人和倉会　サンタマリア病院", "機関区分": 1, "都道府県コード": 27, "市区町村コード": 211, "所在地": "大阪府茨木市新庄町１３番１５号", "緯度": 34.81158, "経度": 135.571096, "url": "https://www.iryou.teikyouseido.mhlw.go.jp/znk-web/juminkanja/S2430/initialize?prefCd=27&kikanCd=1270006840&kikanKbn=1", "url2": "https://santamaria-med.jp/", "内容": "医療法人和倉会　サンタマリア病院【1:病院】【診療科目:内科_呼吸器内科_循環器内科_消化器内科_外科_整形外科_小児科_産婦人科_放射線科_麻酔科】【一般病床数:88療養病床数:0精神病床数:0感染症病床数:0合計病床数:88】大阪府茨木市新庄町１３番１５号" }, "geometry": { "type": "Point", "coordinates": [ 135.571096, 34.81158 ] } },
{ "type": "Feature", "properties": { "ID": 2711270006850, "正式名称": "堺平成病院", "機関区分": 1, "都道府県コード": 27, "市区町村コード": 142, "所在地": "大阪府堺市中区深井沢町６－１３", "緯度": 34.52661, "経度": 135.498838, "url": "https://www.iryou.teikyouseido.mhlw.go.jp/znk-web/juminkanja/S2430/initialize?prefCd=27&kikanCd=1270006850&kikanKbn=1", "url2": "https://sakaiheisei.jp", "内容": "堺平成病院【1:病院】【診療科目:内科_糖尿病・代謝内科_循環器内科_消化器内科_腎臓内科_人工透析内科_外科_脳神経外科_整形外科_眼科_皮膚科_泌尿器科_歯科_リウマチ科_リハビリテーション科_放射線科_麻酔科】【一般病床数:116療養病床数:180精神病床数:0感染症病床数:0合計病床数:296】大阪府堺市中区深井沢町６－１３" }, "geometry": { "type": "Point", "coordinates": [ 135.498838, 34.52661 ] } },
{ "type": "Feature", "properties": { "ID": 2711270006880, "正式名称": "国立研究開発法人　国立循環器病研究センター", "機関区分": 1, "都道府県コード": 27, "市区町村コード": 205, "所在地": "大阪府吹田市岸部新町６番１号", "緯度": 34.779361, "経度": 135.540822, "url": "https://www.iryou.teikyouseido.mhlw.go.jp/znk-web/juminkanja/S2430/initialize?prefCd=27&kikanCd=1270006880&kikanKbn=1", "url2": "https://www.ncvc.go.jp/hospital/", "内容": "国立研究開発法人　国立循環器病研究センター【1:病院】【診療科目:内科_糖尿病・代謝内科_脳神経内科_呼吸器内科_循環器内科_心臓血管内科_腎臓内科_人工透析内科_移植内科，脳血管内科_外科_脳神経外科_心臓血管外科_移植外科_整形外科_小児科_小児循環器内科，小児心臓外科_産婦人科_眼科_耳鼻いんこう科_皮膚科_泌尿器科_精神科_歯科_歯科口腔外科_放射線科_病理診断科_麻酔科_循環器リハビリテーション科，循環器救急科】【一般病床数:550療養病床数:0精神病床数:0感染症病床数:0合計病床数:550】大阪府吹田市岸部新町６番１号" }, "geometry": { "type": "Point", "coordinates": [ 135.540822, 34.779361 ] } },
{ "type": "Feature", "properties": { "ID": 2711270006900, "正式名称": "医療法人篤友会　千里山病院", "機関区分": 1, "都道府県コード": 27, "市区町村コード": 203, "所在地": "大阪府豊中市東寺内町５－２５", "緯度": 34.774194, "経度": 135.497104, "url": "https://www.iryou.teikyouseido.mhlw.go.jp/znk-web/juminkanja/S2430/initialize?prefCd=27&kikanCd=1270006900&kikanKbn=1", "url2": "http://www.senriyama-hp.or.jp/", "内容": "医療法人篤友会　千里山病院【1:病院】【診療科目:内科_糖尿病内科_循環器内科_消化器内科_呼吸器・アレルギー内科_リハビリテーション科】【一般病床数:59療養病床数:0精神病床数:0感染症病床数:0合計病床数:59】大阪府豊中市東寺内町５－２５" }, "geometry": { "type": "Point", "coordinates": [ 135.497104, 34.774194 ] } },
{ "type": "Feature", "properties": { "ID": 2711270006910, "正式名称": "独立行政法人地域医療機能推進機構　大阪みなと中央病院", "機関区分": 1, "都道府県コード": 27, "市区町村コード": 107, "所在地": "大阪府大阪市港区磯路１－７－１", "緯度": 34.667927, "経度": 135.462195, "url": "https://www.iryou.teikyouseido.mhlw.go.jp/znk-web/juminkanja/S2430/initialize?prefCd=27&kikanCd=1270006910&kikanKbn=1", "url2": "https://minato.jcho.go.jp", "内容": "独立行政法人地域医療機能推進機構　大阪みなと中央病院【1:病院】【診療科目:内科_血液・腫瘍内科_代謝・内分泌内科_呼吸器内科_循環器内科_消化器内科_腎臓内科_人工透析内科_神経内科_外科_脳神経外科_心臓血管外科_消化器外科_胃腸外科_大腸外科_肝臓・胆のう・膵臓外科_乳腺外科_肛門外科_腹部外科_整形外科_形成外科_美容外科_小児科_婦人科_眼科_耳鼻いんこう科_皮膚科_泌尿器科_精神科_歯科口腔外科_リウマチ科_リハビリテーション科_放射線科_病理診断科_救急科_麻酔科】【一般病床数:275療養病床数:0精神病床数:0感染症病床数:0合計病床数:275】大阪府大阪市港区磯路１－７－１" }, "geometry": { "type": "Point", "coordinates": [ 135.462195, 34.667927 ] } },
{ "type": "Feature", "properties": { "ID": 2711270006920, "正式名称": "医療法人ラポール会　青山藤ヶ丘病院", "機関区分": 1, "都道府県コード": 27, "市区町村コード": 226, "所在地": "大阪府藤井寺市藤ヶ丘三丁目１３番１６号", "緯度": 34.561413, "経度": 135.599689, "url": "https://www.iryou.teikyouseido.mhlw.go.jp/znk-web/juminkanja/S2430/initialize?prefCd=27&kikanCd=1270006920&kikanKbn=1", "url2": "https://www.aoyama-med.gr.jp/medical-rapport/aoyama-fujigaoka/", "内容": "医療法人ラポール会　青山藤ヶ丘病院【1:病院】【診療科目:内科_リハビリテーション科_放射線科】【一般病床数:0療養病床数:60精神病床数:0感染症病床数:0合計病床数:60】大阪府藤井寺市藤ヶ丘三丁目１３番１６号" }, "geometry": { "type": "Point", "coordinates": [ 135.599689, 34.561413 ] } },
{ "type": "Feature", "properties": { "ID": 2711270006940, "正式名称": "革島病院", "機関区分": 1, "都道府県コード": 27, "市区町村コード": 123, "所在地": "大阪府大阪市淀川区西三国２丁目７番１号", "緯度": 34.739253, "経度": 135.490051, "url": "https://www.iryou.teikyouseido.mhlw.go.jp/znk-web/juminkanja/S2430/initialize?prefCd=27&kikanCd=1270006940&kikanKbn=1", "url2": "https://kawashimahp.com", "内容": "革島病院【1:病院】【診療科目:内科_消化器内科_外科_消化器外科_放射線科】【一般病床数:51療養病床数:0精神病床数:0感染症病床数:0合計病床数:51】大阪府大阪市淀川区西三国２丁目７番１号" }, "geometry": { "type": "Point", "coordinates": [ 135.490051, 34.739253 ] } },
{ "type": "Feature", "properties": { "ID": 2711270006950, "正式名称": "淀川平成病院", "機関区分": 1, "都道府県コード": 27, "市区町村コード": 114, "所在地": "大阪府大阪市東淀川区東中島６丁目９番３号", "緯度": 34.734449, "経度": 135.512577, "url": "https://www.iryou.teikyouseido.mhlw.go.jp/znk-web/juminkanja/S2430/initialize?prefCd=27&kikanCd=1270006950&kikanKbn=1", "url2": "https://yodogawahp.jp/", "内容": "淀川平成病院【1:病院】【診療科目:内科_リハビリテーション科】【一般病床数:76療養病床数:0精神病床数:0感染症病床数:0合計病床数:76】大阪府大阪市東淀川区東中島６丁目９番３号" }, "geometry": { "type": "Point", "coordinates": [ 135.512577, 34.734449 ] } },
{ "type": "Feature", "properties": { "ID": 2711270006960, "正式名称": "医療法人御殿山　福田総合病院", "機関区分": 1, "都道府県コード": 27, "市区町村コード": 210, "所在地": "大阪府枚方市渚西１丁目１８番１１号", "緯度": 34.829024, "経度": 135.652728, "url": "https://www.iryou.teikyouseido.mhlw.go.jp/znk-web/juminkanja/S2430/initialize?prefCd=27&kikanCd=1270006960&kikanKbn=1", "url2": "http://www.fukuda-hsp.jp", "内容": "医療法人御殿山　福田総合病院【1:病院】【診療科目:内科_脳神経内科_循環器内科_消化器内科_外科_消化器外科_肛門外科_整形外科_皮膚科_泌尿器科_精神科_アレルギー科_リウマチ科_リハビリテーション科_放射線科】【一般病床数:171療養病床数:0精神病床数:0感染症病床数:0合計病床数:171】大阪府枚方市渚西１丁目１８番１１号" }, "geometry": { "type": "Point", "coordinates": [ 135.652728, 34.829024 ] } },
{ "type": "Feature", "properties": { "ID": 2711270006970, "正式名称": "社会医療法人祐生会　茨木みどりヶ丘病院", "機関区分": 1, "都道府県コード": 27, "市区町村コード": 211, "所在地": "大阪府茨木市中穂積３丁目２番４１号", "緯度": 34.815774, "経度": 135.555403, "url": "https://www.iryou.teikyouseido.mhlw.go.jp/znk-web/juminkanja/S2430/initialize?prefCd=27&kikanCd=1270006970&kikanKbn=1", "url2": "https://www.midori-ibaraki.jp", "内容": "社会医療法人祐生会　茨木みどりヶ丘病院【1:病院】【診療科目:内科_糖尿病内科_循環器内科_消化器内科_外科_脳神経外科_肛門外科_整形外科_小児科_眼科_皮膚科_泌尿器科_リウマチ科_リハビリテーション科_救急科_麻酔科】【一般病床数:60療養病床数:84精神病床数:0感染症病床数:0合計病床数:144】大阪府茨木市中穂積３丁目２番４１号" }, "geometry": { "type": "Point", "coordinates": [ 135.555403, 34.815774 ] } },
{ "type": "Feature", "properties": { "ID": 2711270006980, "正式名称": "医療法人友紘会　友紘会総合病院", "機関区分": 1, "都道府県コード": 27, "市区町村コード": 211, "所在地": "大阪府茨木市西豊川町２５番１号", "緯度": 34.827939, "経度": 135.526627, "url": "https://www.iryou.teikyouseido.mhlw.go.jp/znk-web/juminkanja/S2430/initialize?prefCd=27&kikanCd=1270006980&kikanKbn=1", "url2": "http://www.yukoukai.com", "内容": "医療法人友紘会　友紘会総合病院【1:病院】【診療科目:内科_循環器内科_外科_脳神経外科_心臓血管外科_肛門外科_整形外科_小児科_婦人科_眼科_耳鼻いんこう科_皮膚科_泌尿器科_歯科_矯正歯科_歯科口腔外科_小児歯科_リハビリテーション科_放射線科_麻酔科】【一般病床数:184療養病床数:94精神病床数:0感染症病床数:0合計病床数:278】大阪府茨木市西豊川町２５番１号" }, "geometry": { "type": "Point", "coordinates": [ 135.526627, 34.827939 ] } },
{ "type": "Feature", "properties": { "ID": 2711270006990, "正式名称": "医療法人　伯鳳会　大阪中央病院", "機関区分": 1, "都道府県コード": 27, "市区町村コード": 127, "所在地": "大阪府大阪市北区梅田３－３－３０", "緯度": 34.699091, "経度": 135.491191, "url": "https://www.iryou.teikyouseido.mhlw.go.jp/znk-web/juminkanja/S2430/initialize?prefCd=27&kikanCd=1270006990&kikanKbn=1", "url2": "http://www.osaka-centralhp.jp/", "内容": "医療法人　伯鳳会　大阪中央病院【1:病院】【診療科目:内科_循環器内科_消化器内科_外科_脳神経外科_整形外科_形成外科_婦人科_眼科_耳鼻いんこう科_皮膚科_泌尿器科_リハビリテーション科_放射線診断科_麻酔科】【一般病床数:143療養病床数:0精神病床数:0感染症病床数:0合計病床数:143】大阪府大阪市北区梅田３－３－３０" }, "geometry": { "type": "Point", "coordinates": [ 135.491191, 34.699091 ] } },
{ "type": "Feature", "properties": { "ID": 2711270007020, "正式名称": "医療法人　邦和会　生野病院", "機関区分": 1, "都道府県コード": 27, "市区町村コード": 116, "所在地": "大阪府大阪市生野区中川西３丁目４番７号", "緯度": 34.657013, "経度": 135.540939, "url": "https://www.iryou.teikyouseido.mhlw.go.jp/znk-web/juminkanja/S2430/initialize?prefCd=27&kikanCd=1270007020&kikanKbn=1", "url2": "https://ikuno-hospital.com/", "内容": "医療法人　邦和会　生野病院【1:病院】【診療科目:内科_リハビリテーション科_放射線科】【一般病床数:90療養病床数:0精神病床数:0感染症病床数:0合計病床数:90】大阪府大阪市生野区中川西３丁目４番７号" }, "geometry": { "type": "Point", "coordinates": [ 135.540939, 34.657013 ] } },
{ "type": "Feature", "properties": { "ID": 2711270007030, "正式名称": "医療法人敬任会　南河内おか病院", "機関区分": 1, "都道府県コード": 27, "市区町村コード": 216, "所在地": "大阪府河内長野市木戸東町１番１号", "緯度": 34.470561, "経度": 135.573056, "url": "https://www.iryou.teikyouseido.mhlw.go.jp/znk-web/juminkanja/S2430/initialize?prefCd=27&kikanCd=1270007030&kikanKbn=1", "url2": "https://www.minamikawachioka.com/", "内容": "医療法人敬任会　南河内おか病院【1:病院】【診療科目:内科_血液内科_人工透析内科_外科_脳神経外科_整形外科_皮膚科_精神科_リハビリテーション科_放射線科】【一般病床数:99療養病床数:0精神病床数:0感染症病床数:0合計病床数:99】大阪府河内長野市木戸東町１番１号" }, "geometry": { "type": "Point", "coordinates": [ 135.573056, 34.470561 ] } },
{ "type": "Feature", "properties": { "ID": 2711270007040, "正式名称": "医真会八尾リハビリテーション病院", "機関区分": 1, "都道府県コード": 27, "市区町村コード": 212, "所在地": "大阪府八尾市都塚３丁目１０１５番１", "緯度": 34.605659, "経度": 135.622351, "url": "https://www.iryou.teikyouseido.mhlw.go.jp/znk-web/juminkanja/S2430/initialize?prefCd=27&kikanCd=1270007040&kikanKbn=1", "url2": "https://ishinkai.or.jp/rehabilitation/", "内容": "医真会八尾リハビリテーション病院【1:病院】【診療科目:内科_リハビリテーション科】【一般病床数:0療養病床数:120精神病床数:0感染症病床数:0合計病床数:120】大阪府八尾市都塚３丁目１０１５番１" }, "geometry": { "type": "Point", "coordinates": [ 135.622351, 34.605659 ] } },
{ "type": "Feature", "properties": { "ID": 2711270007050, "正式名称": "医療法人　道仁会　道仁病院", "機関区分": 1, "都道府県コード": 27, "市区町村コード": 215, "所在地": "大阪府寝屋川市仁和寺本町三丁目９番６号", "緯度": 34.76653, "経度": 135.599624, "url": "https://www.iryou.teikyouseido.mhlw.go.jp/znk-web/juminkanja/S2430/initialize?prefCd=27&kikanCd=1270007050&kikanKbn=1", "url2": "http://www.doujin-byouin.com", "内容": "医療法人　道仁会　道仁病院【1:病院】【診療科目:内科_循環器内科_消化器内科_外科_大腸・肛門外科_整形外科_リハビリテーション科_放射線科_麻酔科】【一般病床数:22療養病床数:33精神病床数:0感染症病床数:0合計病床数:55】大阪府寝屋川市仁和寺本町三丁目９番６号" }, "geometry": { "type": "Point", "coordinates": [ 135.599624, 34.76653 ] } },
{ "type": "Feature", "properties": { "ID": 2711270007060, "正式名称": "大阪社会医療センター付属病院", "機関区分": 1, "都道府県コード": 27, "市区町村コード": 122, "所在地": "大阪府大阪市西成区萩之茶屋１丁目１１番６号", "緯度": 34.647625, "経度": 135.499999, "url": "https://www.iryou.teikyouseido.mhlw.go.jp/znk-web/juminkanja/S2430/initialize?prefCd=27&kikanCd=1270007060&kikanKbn=1", "url2": "https://osmc.or.jp/", "内容": "大阪社会医療センター付属病院【1:病院】【診療科目:内科_外科_整形外科_皮膚科_泌尿器科_精神科】【一般病床数:80療養病床数:0精神病床数:0感染症病床数:0合計病床数:80】大阪府大阪市西成区萩之茶屋１丁目１１番６号" }, "geometry": { "type": "Point", "coordinates": [ 135.499999, 34.647625 ] } },
{ "type": "Feature", "properties": { "ID": 2711270007070, "正式名称": "大阪整形外科病院", "機関区分": 1, "都道府県コード": 27, "市区町村コード": 103, "所在地": "大阪府大阪市福島区大開四丁目３番６１号", "緯度": 34.687175, "経度": 135.465055, "url": "https://www.iryou.teikyouseido.mhlw.go.jp/znk-web/juminkanja/S2430/initialize?prefCd=27&kikanCd=1270007070&kikanKbn=1", "url2": "http://nih.or.jp/", "内容": "大阪整形外科病院【1:病院】【診療科目:内科_循環器内科_整形外科_リウマチ科_リハビリテーション科_放射線科_麻酔科】【一般病床数:98療養病床数:0精神病床数:0感染症病床数:0合計病床数:98】大阪府大阪市福島区大開四丁目３番６１号" }, "geometry": { "type": "Point", "coordinates": [ 135.465055, 34.687175 ] } },
{ "type": "Feature", "properties": { "ID": 2711270007080, "正式名称": "医療法人愛壽会　愛壽記念病院", "機関区分": 1, "都道府県コード": 27, "市区町村コード": 122, "所在地": "大阪府大阪市西成区長橋三丁目６番４５号", "緯度": 34.649374, "経度": 135.488333, "url": "https://www.iryou.teikyouseido.mhlw.go.jp/znk-web/juminkanja/S2430/initialize?prefCd=27&kikanCd=1270007080&kikanKbn=1", "url2": "http://www.aijyukai.jp/", "内容": "医療法人愛壽会　愛壽記念病院【1:病院】【診療科目:内科_外科_整形外科_皮膚科_精神科_心療内科_放射線科】【一般病床数:60療養病床数:139精神病床数:0感染症病床数:0合計病床数:199】大阪府大阪市西成区長橋三丁目６番４５号" }, "geometry": { "type": "Point", "coordinates": [ 135.488333, 34.649374 ] } },
{ "type": "Feature", "properties": { "ID": 2711270007090, "正式名称": "一般財団法人大阪府結核予防会大阪複十字病院", "機関区分": 1, "都道府県コード": 27, "市区町村コード": 215, "所在地": "大阪府寝屋川市打上高塚町３番１０号", "緯度": 34.756143, "経度": 135.649898, "url": "https://www.iryou.teikyouseido.mhlw.go.jp/znk-web/juminkanja/S2430/initialize?prefCd=27&kikanCd=1270007090&kikanKbn=1", "url2": "http://www.osaka-hospital.org/", "内容": "一般財団法人大阪府結核予防会大阪複十字病院【1:病院】【診療科目:内科_脳神経内科_呼吸器内科_循環器内科_消化器内科_外科_呼吸器外科_整形外科_皮膚科_泌尿器科_アレルギー科_リウマチ科_リハビリテーション科_放射線科】【一般病床数:70療養病床数:50精神病床数:0感染症病床数:0合計病床数:150】大阪府寝屋川市打上高塚町３番１０号" }, "geometry": { "type": "Point", "coordinates": [ 135.649898, 34.756143 ] } },
{ "type": "Feature", "properties": { "ID": 2711270007100, "正式名称": "医療法人北辰会　天の川病院", "機関区分": 1, "都道府県コード": 27, "市区町村コード": 210, "所在地": "大阪府枚方市宮之阪２丁目２０番１号", "緯度": 34.815637, "経度": 135.657061, "url": "https://www.iryou.teikyouseido.mhlw.go.jp/znk-web/juminkanja/S2430/initialize?prefCd=27&kikanCd=1270007100&kikanKbn=1", "url2": "https://amanokawa.or.jp/", "内容": "医療法人北辰会　天の川病院【1:病院】【診療科目:内科_糖尿病内科_循環器内科_消化器内科_腎臓内科_人工透析内科_外科_心臓血管外科_整形外科_小児科_婦人科_眼科_耳鼻いんこう科_皮膚科_泌尿器科_リウマチ科_放射線科】【一般病床数:157療養病床数:0精神病床数:0感染症病床数:0合計病床数:157】大阪府枚方市宮之阪２丁目２０番１号" }, "geometry": { "type": "Point", "coordinates": [ 135.657061, 34.815637 ] } },
{ "type": "Feature", "properties": { "ID": 2711270007110, "正式名称": "原田病院", "機関区分": 1, "都道府県コード": 27, "市区町村コード": 128, "所在地": "大阪府大阪市中央区島之内２丁目１７番１５号", "緯度": 34.66915, "経度": 135.507802, "url": "https://www.iryou.teikyouseido.mhlw.go.jp/znk-web/juminkanja/S2430/initialize?prefCd=27&kikanCd=1270007110&kikanKbn=1", "url2": "https://www.harada-hp.jp/", "内容": "原田病院【1:病院】【診療科目:外科_消化器外科_乳腺外科_肛門外科_整形外科_皮膚科_泌尿器科_リハビリテーション科】【一般病床数:37療養病床数:0精神病床数:0感染症病床数:0合計病床数:37】大阪府大阪市中央区島之内２丁目１７番１５号" }, "geometry": { "type": "Point", "coordinates": [ 135.507802, 34.66915 ] } },
{ "type": "Feature", "properties": { "ID": 2711270007120, "正式名称": "医療法人京優会　谷川記念病院", "機関区分": 1, "都道府県コード": 27, "市区町村コード": 211, "所在地": "大阪府茨木市春日１丁目１６番５９号", "緯度": 34.818191, "経度": 135.561569, "url": "https://www.iryou.teikyouseido.mhlw.go.jp/znk-web/juminkanja/S2430/initialize?prefCd=27&kikanCd=1270007120&kikanKbn=1", "url2": "https://www.ortho-g.co.jp/tokuseikai/tanigawa/", "内容": "医療法人京優会　谷川記念病院【1:病院】【診療科目:内科_消化器内科_外科_脳神経外科_消化器外科_乳腺外科_内視鏡外科_整形外科_婦人科_麻酔科】【一般病床数:43療養病床数:0精神病床数:0感染症病床数:0合計病床数:43】大阪府茨木市春日１丁目１６番５９号" }, "geometry": { "type": "Point", "coordinates": [ 135.561569, 34.818191 ] } },
{ "type": "Feature", "properties": { "ID": 2711270007130, "正式名称": "社会医療法人東和会　東和会いばらき病院", "機関区分": 1, "都道府県コード": 27, "市区町村コード": 211, "所在地": "大阪府茨木市駅前３丁目６番２３号", "緯度": 34.81658, "経度": 135.567652, "url": "https://www.iryou.teikyouseido.mhlw.go.jp/znk-web/juminkanja/S2430/initialize?prefCd=27&kikanCd=1270007130&kikanKbn=1", "url2": "https://towakai-med.or.jp/ibaraki/", "内容": "社会医療法人東和会　東和会いばらき病院【1:病院】【診療科目:内科_胃腸内科_外科_整形外科_リウマチ科_リハビリテーション科_放射線科】【一般病床数:43療養病床数:0精神病床数:0感染症病床数:0合計病床数:43】大阪府茨木市駅前３丁目６番２３号" }, "geometry": { "type": "Point", "coordinates": [ 135.567652, 34.81658 ] } },
{ "type": "Feature", "properties": { "ID": 2711270007140, "正式名称": "医療法人善正会　上田病院", "機関区分": 1, "都道府県コード": 27, "市区町村コード": 203, "所在地": "大阪府豊中市稲津町１丁目７番１号", "緯度": 34.754974, "経度": 135.47594, "url": "https://www.iryou.teikyouseido.mhlw.go.jp/znk-web/juminkanja/S2430/initialize?prefCd=27&kikanCd=1270007140&kikanKbn=1", "url2": "https://www.ueda-hospital.com/", "内容": "医療法人善正会　上田病院【1:病院】【診療科目:内科_循環器内科_消化器内科_外科_消化器外科_乳腺外科_肛門外科_整形外科_リハビリテーション科_放射線科_麻酔科】【一般病床数:94療養病床数:0精神病床数:0感染症病床数:0合計病床数:94】大阪府豊中市稲津町１丁目７番１号" }, "geometry": { "type": "Point", "coordinates": [ 135.47594, 34.754974 ] } },
{ "type": "Feature", "properties": { "ID": 2711270007160, "正式名称": "医療法人錦秀会阪和記念病院", "機関区分": 1, "都道府県コード": 27, "市区町村コード": 120, "所在地": "大阪府大阪市住吉区南住吉３－５－８", "緯度": 34.604407, "経度": 135.503695, "url": "https://www.iryou.teikyouseido.mhlw.go.jp/znk-web/juminkanja/S2430/initialize?prefCd=27&kikanCd=1270007160&kikanKbn=1", "url2": "https://kinshukai.or.jp/hanwakinen/access", "内容": "医療法人錦秀会阪和記念病院【1:病院】【診療科目:内科_呼吸器内科_循環器内科_消化器内科_外科_脳神経外科_消化器外科_整形外科_眼科_耳鼻いんこう科_皮膚科_泌尿器科_リハビリテーション科_放射線科_麻酔科】【一般病床数:265療養病床数:216精神病床数:0感染症病床数:0合計病床数:481】大阪府大阪市住吉区南住吉３－５－８" }, "geometry": { "type": "Point", "coordinates": [ 135.503695, 34.604407 ] } },
{ "type": "Feature", "properties": { "ID": 2711270007170, "正式名称": "えびえ記念病院", "機関区分": 1, "都道府県コード": 27, "市区町村コード": 103, "所在地": "大阪府大阪市福島区海老江２－１－３６", "緯度": 34.695619, "経度": 135.474554, "url": "https://www.iryou.teikyouseido.mhlw.go.jp/znk-web/juminkanja/S2430/initialize?prefCd=27&kikanCd=1270007170&kikanKbn=1", "url2": "https://ebiekinen-hospital.jp", "内容": "えびえ記念病院【1:病院】【診療科目:内科_循環器内科_外科_脳神経外科_整形外科_リハビリテーション科_放射線科_麻酔科】【一般病床数:199療養病床数:0精神病床数:0感染症病床数:0合計病床数:199】大阪府大阪市福島区海老江２－１－３６" }, "geometry": { "type": "Point", "coordinates": [ 135.474554, 34.695619 ] } },
{ "type": "Feature", "properties": { "ID": 2711270007180, "正式名称": "大楠病院", "機関区分": 1, "都道府県コード": 27, "市区町村コード": 116, "所在地": "大阪府大阪市生野区舎利寺２丁目１０番１４号", "緯度": 34.649792, "経度": 135.538523, "url": "https://www.iryou.teikyouseido.mhlw.go.jp/znk-web/juminkanja/S2430/initialize?prefCd=27&kikanCd=1270007180&kikanKbn=1", "url2": "https://www.okusu-hospital.com/", "内容": "大楠病院【1:病院】【診療科目:内科_内分泌内科_循環器内科_消化器内科_小児科_リハビリテーション科】【一般病床数:0療養病床数:45精神病床数:0感染症病床数:0合計病床数:45】大阪府大阪市生野区舎利寺２丁目１０番１４号" }, "geometry": { "type": "Point", "coordinates": [ 135.538523, 34.649792 ] } },
{ "type": "Feature", "properties": { "ID": 2711270007190, "正式名称": "医療法人新仁会　新仁会病院", "機関区分": 1, "都道府県コード": 27, "市区町村コード": 219, "所在地": "大阪府和泉市寺田町二丁目７番３９号", "緯度": 34.469947, "経度": 135.431544, "url": "https://www.iryou.teikyouseido.mhlw.go.jp/znk-web/juminkanja/S2430/initialize?prefCd=27&kikanCd=1270007190&kikanKbn=1", "url2": "http://www.shinjinkai-hp.or.jp/", "内容": "医療法人新仁会　新仁会病院【1:病院】【診療科目:内科_脳神経内科_循環器内科_消化器内科_外科_脳神経外科_整形外科_形成外科_皮膚科_泌尿器科_リハビリテーション科_放射線科_麻酔科】【一般病床数:40療養病床数:80精神病床数:0感染症病床数:0合計病床数:120】大阪府和泉市寺田町二丁目７番３９号" }, "geometry": { "type": "Point", "coordinates": [ 135.431544, 34.469947 ] } },
{ "type": "Feature", "properties": { "ID": 2711270007200, "正式名称": "社会福祉法人恩賜財団　済生会支部大阪府済生会　大阪北リハビリテーション病院", "機関区分": 1, "都道府県コード": 27, "市区町村コード": 127, "所在地": "大阪府大阪市北区大淀南２丁目２番５１号", "緯度": 34.701985, "経度": 135.486851, "url": "https://www.iryou.teikyouseido.mhlw.go.jp/znk-web/juminkanja/S2430/initialize?prefCd=27&kikanCd=1270007200&kikanKbn=1", "url2": "https://www.nakatsu.saiseikai.or.jp/osakakita-rh/", "内容": "社会福祉法人恩賜財団　済生会支部大阪府済生会　大阪北リハビリテーション病院【1:病院】【診療科目:内科_小児科_リハビリテーション科】【一般病床数:96療養病床数:0精神病床数:0感染症病床数:0合計病床数:96】大阪府大阪市北区大淀南２丁目２番５１号" }, "geometry": { "type": "Point", "coordinates": [ 135.486851, 34.701985 ] } },
{ "type": "Feature", "properties": { "ID": 2711270007210, "正式名称": "医療法人医誠会　医誠会国際総合病院", "機関区分": 1, "都道府県コード": 27, "市区町村コード": 127, "所在地": "大阪府大阪市北区南扇町４－１４", "緯度": 34.701452, "経度": 135.508711, "url": "https://www.iryou.teikyouseido.mhlw.go.jp/znk-web/juminkanja/S2430/initialize?prefCd=27&kikanCd=1270007210&kikanKbn=1", "url2": null, "内容": "医療法人医誠会　医誠会国際総合病院【1:病院】【診療科目:内科_血液内科_糖尿病内科_代謝内科_内分泌内科_脳神経内科_呼吸器内科_循環器内科_消化器内科_腎臓内科_人工透析内科_腫瘍内科_ペインクリニック内科_脳神経外科_呼吸器外科_心臓血管外科_消化器外科_乳腺外科_肛門外科_ペインクリニック外科_整形外科_形成外科_美容外科_小児科_小児外科_産科_婦人科_眼科_耳鼻いんこう科_皮膚科_美容皮膚科_泌尿器科_精神科_歯科_矯正歯科_歯科口腔外科_小児歯科_アレルギー科_リウマチ科_リハビリテーション科_放射線科_放射線診断科_放射線治療科_病理診断科_臨床検査科_救急科_麻酔科】【一般病床数:560療養病床数:0精神病床数:0感染症病床数:0合計病床数:560】大阪府大阪市北区南扇町４－１４" }, "geometry": { "type": "Point", "coordinates": [ 135.508711, 34.701452 ] } },
{ "type": "Feature", "properties": { "ID": 2711270007220, "正式名称": "平野東図書館前病院", "機関区分": 1, "都道府県コード": 27, "市区町村コード": 126, "所在地": "大阪府大阪市平野区平野東１丁目８番９号", "緯度": 34.624434, "経度": 135.559634, "url": "https://www.iryou.teikyouseido.mhlw.go.jp/znk-web/juminkanja/S2430/initialize?prefCd=27&kikanCd=1270007220&kikanKbn=1", "url2": "https://hiranohigashi-lib-hp.jp/", "内容": "平野東図書館前病院【1:病院】【診療科目:内科_外科_整形外科_心療内科_リハビリテーション科_放射線科_麻酔科】【一般病床数:0療養病床数:51精神病床数:0感染症病床数:0合計病床数:51】大阪府大阪市平野区平野東１丁目８番９号" }, "geometry": { "type": "Point", "coordinates": [ 135.559634, 34.624434 ] } },
{ "type": "Feature", "properties": { "ID": 2711270007230, "正式名称": "社会医療法人有隣会　東大阪病院", "機関区分": 1, "都道府県コード": 27, "市区町村コード": 118, "所在地": "大阪府大阪市城東区中央３－４－３２", "緯度": 34.702111, "経度": 135.545981, "url": "https://www.iryou.teikyouseido.mhlw.go.jp/znk-web/juminkanja/S2430/initialize?prefCd=27&kikanCd=1270007230&kikanKbn=1", "url2": "http://www.yurin.or.jp", "内容": "社会医療法人有隣会　東大阪病院【1:病院】【診療科目:内科_糖尿病・内分泌内科_呼吸器内科_循環器内科_消化器内科_腎臓内科_緩和ケア内科_外科_脳神経外科_消化器外科_肛門外科_整形外科_皮膚科_リウマチ科_リハビリテーション科_放射線科_救急科_麻酔科】【一般病床数:255療養病床数:0精神病床数:0感染症病床数:0合計病床数:255】大阪府大阪市城東区中央３－４－３２" }, "geometry": { "type": "Point", "coordinates": [ 135.545981, 34.702111 ] } },
{ "type": "Feature", "properties": { "ID": 2711270007240, "正式名称": "医療法人徳洲会　貝塚記念病院", "機関区分": 1, "都道府県コード": 27, "市区町村コード": 208, "所在地": "大阪府貝塚市新町１１－５", "緯度": 34.444338, "経度": 135.35277, "url": "https://www.iryou.teikyouseido.mhlw.go.jp/znk-web/juminkanja/S2430/initialize?prefCd=27&kikanCd=1270007240&kikanKbn=1", "url2": "https://kaiduka.tokushukai.or.jp/", "内容": "医療法人徳洲会　貝塚記念病院【1:病院】【診療科目:内科_循環器内科_外科_整形外科_リハビリテーション科】【一般病床数:24療養病床数:33精神病床数:0感染症病床数:0合計病床数:57】大阪府貝塚市新町１１－５" }, "geometry": { "type": "Point", "coordinates": [ 135.35277, 34.444338 ] } },
{ "type": "Feature", "properties": { "ID": 2711270007250, "正式名称": "医療法人清水会もりぐち清水会病院", "機関区分": 1, "都道府県コード": 27, "市区町村コード": 209, "所在地": "大阪府守口市河原町３－１２", "緯度": 34.737414, "経度": 135.570243, "url": "https://www.iryou.teikyouseido.mhlw.go.jp/znk-web/juminkanja/S2430/initialize?prefCd=27&kikanCd=1270007250&kikanKbn=1", "url2": "http://www.seisuikai.net", "内容": "医療法人清水会もりぐち清水会病院【1:病院】【診療科目:内科_腎臓内科_外科_脳神経外科_整形外科_皮膚科_泌尿器科_リハビリテーション科_放射線科】【一般病床数:158療養病床数:0精神病床数:0感染症病床数:0合計病床数:158】大阪府守口市河原町３－１２" }, "geometry": { "type": "Point", "coordinates": [ 135.570243, 34.737414 ] } },
{ "type": "Feature", "properties": { "ID": 2711270007260, "正式名称": "医療法人渡辺医学会　桜橋渡辺未来医療病院", "機関区分": 1, "都道府県コード": 27, "市区町村コード": 127, "所在地": "大阪府大阪市北区中之島４丁目３番５１号中之島クロス", "緯度": 34.692001, "経度": 135.490473, "url": "https://www.iryou.teikyouseido.mhlw.go.jp/znk-web/juminkanja/S2430/initialize?prefCd=27&kikanCd=1270007260&kikanKbn=1", "url2": "https://www.watanabe-hsp.or.jp/", "内容": "医療法人渡辺医学会　桜橋渡辺未来医療病院【1:病院】【診療科目:内科_呼吸器内科_循環器内科_消化器内科_神経内科_心臓血管外科_形成外科_リハビリテーション科_放射線科_麻酔科】【一般病床数:113療養病床数:0精神病床数:0感染症病床数:0合計病床数:113】大阪府大阪市北区中之島４丁目３番５１号中之島クロス" }, "geometry": { "type": "Point", "coordinates": [ 135.490473, 34.692001 ] } },
{ "type": "Feature", "properties": { "ID": 2711270007270, "正式名称": "公道会病院", "機関区分": 1, "都道府県コード": 27, "市区町村コード": 115, "所在地": "大阪府大阪市東成区大今里南５－４－９", "緯度": 34.667234, "経度": 135.554826, "url": "https://www.iryou.teikyouseido.mhlw.go.jp/znk-web/juminkanja/S2430/initialize?prefCd=27&kikanCd=1270007270&kikanKbn=1", "url2": "https://kodokai.or.jp/", "内容": "公道会病院【1:病院】【診療科目:内科_呼吸器内科_循環器内科_消化器内科_神経内科_外科_整形外科_皮膚科_リハビリテーション科】【一般病床数:36療養病床数:105精神病床数:0感染症病床数:0合計病床数:141】大阪府大阪市東成区大今里南５－４－９" }, "geometry": { "type": "Point", "coordinates": [ 135.554826, 34.667234 ] } },
{ "type": "Feature", "properties": { "ID": 2711270007280, "正式名称": "医療法人爽神堂阪本病院", "機関区分": 1, "都道府県コード": 27, "市区町村コード": 227, "所在地": "大阪府東大阪市西上小阪７番１７号", "緯度": 34.652709, "経度": 135.581936, "url": "https://www.iryou.teikyouseido.mhlw.go.jp/znk-web/juminkanja/S2430/initialize?prefCd=27&kikanCd=1270007280&kikanKbn=1", "url2": "https://eo.soshindo.jp/", "内容": "医療法人爽神堂阪本病院【1:病院】【診療科目:内科_精神科_神経科_心療内科】【一般病床数:0療養病床数:0精神病床数:312感染症病床数:0合計病床数:312】大阪府東大阪市西上小阪７番１７号" }, "geometry": { "type": "Point", "coordinates": [ 135.581936, 34.652709 ] } },
{ "type": "Feature", "properties": { "ID": 2711270007300, "正式名称": "泉大津急性期メディカルセンター", "機関区分": 1, "都道府県コード": 27, "市区町村コード": 206, "所在地": "大阪府泉大津市我孫子９７－１", "緯度": 34.489278, "経度": 135.418137, "url": "https://www.iryou.teikyouseido.mhlw.go.jp/znk-web/juminkanja/S2430/initialize?prefCd=27&kikanCd=1270007300&kikanKbn=1", "url2": "https://www.seichokai.or.jp/ozumc/", "内容": "泉大津急性期メディカルセンター【1:病院】【診療科目:内科_血液内科_内分泌内科_脳神経内科_呼吸器内科_循環器内科_消化器内科_外科_脳神経外科_呼吸器外科_心臓血管外科_消化器外科_肝臓・胆のう・膵臓外科_乳腺外科_整形外科_形成外科_婦人科_皮膚科_泌尿器科_精神科_リハビリテーション科_放射線科_放射線治療科_病理診断科_救急科_麻酔科】【一般病床数:300療養病床数:0精神病床数:0感染症病床数:0合計病床数:300】大阪府泉大津市我孫子９７－１" }, "geometry": { "type": "Point", "coordinates": [ 135.418137, 34.489278 ] } },
{ "type": "Feature", "properties": { "ID": 2711270007310, "正式名称": "医療法人りんどう会向山病院", "機関区分": 1, "都道府県コード": 27, "市区町村コード": 210, "所在地": "大阪府枚方市招提元町１－４３－６", "緯度": 34.839274, "経度": 135.688585, "url": "https://www.iryou.teikyouseido.mhlw.go.jp/znk-web/juminkanja/S2430/initialize?prefCd=27&kikanCd=1270007310&kikanKbn=1", "url2": "http://www.mukaiyama.or.jp", "内容": "医療法人りんどう会向山病院【1:病院】【診療科目:内科_外科_脳神経外科_整形外科_皮膚科_泌尿器科_リハビリテーション科_放射線科】【一般病床数:85療養病床数:0精神病床数:0感染症病床数:0合計病床数:85】大阪府枚方市招提元町１－４３－６" }, "geometry": { "type": "Point", "coordinates": [ 135.688585, 34.839274 ] } },
{ "type": "Feature", "properties": { "ID": 2711270007320, "正式名称": "府中病院", "機関区分": 1, "都道府県コード": 27, "市区町村コード": 219, "所在地": "大阪府和泉市肥子町一丁目１０番１７号", "緯度": 34.48689, "経度": 135.422401, "url": "https://www.iryou.teikyouseido.mhlw.go.jp/znk-web/juminkanja/S2430/initialize?prefCd=27&kikanCd=1270007320&kikanKbn=1", "url2": "https://seichokai.jp/fuchu/", "内容": "府中病院【1:病院】【診療科目:内科_糖尿病内科_肝臓内科_脳神経外科_整形外科_眼科_泌尿器科_リハビリテーション科_放射線科】【一般病床数:96療養病床数:0精神病床数:0感染症病床数:0合計病床数:96】大阪府和泉市肥子町一丁目１０番１７号" }, "geometry": { "type": "Point", "coordinates": [ 135.422401, 34.48689 ] } },
{ "type": "Feature", "properties": { "ID": 2711270007330, "正式名称": "医療法人徳洲会　厚生会第一病院", "機関区分": 1, "都道府県コード": 27, "市区町村コード": 212, "所在地": "大阪府八尾市西木の本１－６３", "緯度": 34.602603, "経度": 135.583466, "url": "https://www.iryou.teikyouseido.mhlw.go.jp/znk-web/juminkanja/S2430/initialize?prefCd=27&kikanCd=1270007330&kikanKbn=1", "url2": "http//www.kousei.or.jp/", "内容": "医療法人徳洲会　厚生会第一病院【1:病院】【診療科目:内科_外科_脳神経外科_整形外科_リウマチ科_リハビリテーション科_麻酔科】【一般病床数:151療養病床数:0精神病床数:0感染症病床数:0合計病床数:151】大阪府八尾市西木の本１－６３" }, "geometry": { "type": "Point", "coordinates": [ 135.583466, 34.602603 ] } },
{ "type": "Feature", "properties": { "ID": 2711270007340, "正式名称": "社会医療法人大阪国際メディカル＆サイエンスセンター　大阪けいさつ病院", "機関区分": 1, "都道府県コード": 27, "市区町村コード": 109, "所在地": "大阪府大阪市天王寺区烏ケ辻２－６－４０", "緯度": 34.657575, "経度": 135.52514, "url": "https://www.iryou.teikyouseido.mhlw.go.jp/znk-web/juminkanja/S2430/initialize?prefCd=27&kikanCd=1270007340&kikanKbn=1", "url2": "https://oim.or.jp/access/#02", "内容": "社会医療法人大阪国際メディカル＆サイエンスセンター　大阪けいさつ病院【1:病院】【診療科目:内科_血液内科_糖尿病・内分泌内科_脳神経内科_呼吸器内科_循環器内科_消化器内科_腎臓内科_外科_脳神経外科_呼吸器外科_心臓血管外科_消化器外科_乳腺・内分泌外科_頭頸部外科_整形外科_形成外科_美容外科_小児科_産婦人科_眼科_耳鼻いんこう科_皮膚科_泌尿器科_精神科_歯科_矯正歯科_歯科口腔外科_アレルギー科_リウマチ科_リハビリテーション科_放射線診断科_放射線治療科_病理診断科_救急科_麻酔科】【一般病床数:650療養病床数:0精神病床数:0感染症病床数:0合計病床数:650】大阪府大阪市天王寺区烏ケ辻２－６－４０" }, "geometry": { "type": "Point", "coordinates": [ 135.52514, 34.657575 ] } },
{ "type": "Feature", "properties": { "ID": 2711270007350, "正式名称": "医療法人河和会　あべの王子病院", "機関区分": 1, "都道府県コード": 27, "市区町村コード": 119, "所在地": "大阪府大阪市阿倍野区天王寺町北２－３１－４", "緯度": 34.645361, "経度": 135.524153, "url": "https://www.iryou.teikyouseido.mhlw.go.jp/znk-web/juminkanja/S2430/initialize?prefCd=27&kikanCd=1270007350&kikanKbn=1", "url2": "https://abeno-prince-hospital.net/", "内容": "医療法人河和会　あべの王子病院【1:病院】【診療科目:内科_外科】【一般病床数:53療養病床数:0精神病床数:0感染症病床数:0合計病床数:53】大阪府大阪市阿倍野区天王寺町北２－３１－４" }, "geometry": { "type": "Point", "coordinates": [ 135.524153, 34.645361 ] } },
{ "type": "Feature", "properties": { "ID": 2711270007360, "正式名称": "社会福祉法人恩徳福祉会青山第二病院", "機関区分": 1, "都道府県コード": 27, "市区町村コード": 216, "所在地": "大阪府河内長野市喜多町１９２番地の１", "緯度": 34.445175, "経度": 135.568474, "url": "https://www.iryou.teikyouseido.mhlw.go.jp/znk-web/juminkanja/S2430/initialize?prefCd=27&kikanCd=1270007360&kikanKbn=1", "url2": "https://www.ontoku.or.jp/aoyama-hospital2/", "内容": "社会福祉法人恩徳福祉会青山第二病院【1:病院】【診療科目:内科_循環器内科_消化器内科_外科_消化器外科_整形外科_皮膚科_リハビリテーション科_放射線科】【一般病床数:0療養病床数:57精神病床数:0感染症病床数:0合計病床数:57】大阪府河内長野市喜多町１９２番地の１" }, "geometry": { "type": "Point", "coordinates": [ 135.568474, 34.445175 ] } },
{ "type": "Feature", "properties": { "ID": 2711270007370, "正式名称": "大場内科病院", "機関区分": 1, "都道府県コード": 27, "市区町村コード": 104, "所在地": "大阪府大阪市此花区四貫島１－１－９", "緯度": 34.685314, "経度": 135.457417, "url": "https://www.iryou.teikyouseido.mhlw.go.jp/znk-web/juminkanja/S2430/initialize?prefCd=27&kikanCd=1270007370&kikanKbn=1", "url2": "http://www.oobanaika.com", "内容": "大場内科病院【1:病院】【診療科目:内科_呼吸器内科_循環器内科_消化器内科_リハビリテーション科_放射線科】【一般病床数:57療養病床数:0精神病床数:0感染症病床数:0合計病床数:57】大阪府大阪市此花区四貫島１－１－９" }, "geometry": { "type": "Point", "coordinates": [ 135.457417, 34.685314 ] } },
{ "type": "Feature", "properties": { "ID": 2711270007380, "正式名称": "医療法人徳洲会　正和病院", "機関区分": 1, "都道府県コード": 27, "市区町村コード": 126, "所在地": "大阪府大阪市平野区瓜破東１－５－５", "緯度": 34.608158, "経度": 135.556829, "url": "https://www.iryou.teikyouseido.mhlw.go.jp/znk-web/juminkanja/S2430/initialize?prefCd=27&kikanCd=1270007380&kikanKbn=1", "url2": "http://mc-seiwa.or.jp/", "内容": "医療法人徳洲会　正和病院【1:病院】【診療科目:内科_外科_整形外科_リハビリテーション科】【一般病床数:85療養病床数:80精神病床数:0感染症病床数:0合計病床数:165】大阪府大阪市平野区瓜破東１－５－５" }, "geometry": { "type": "Point", "coordinates": [ 135.556829, 34.608158 ] } },
{ "type": "Feature", "properties": { "ID": 2711270007400, "正式名称": "近畿大学病院", "機関区分": 1, "都道府県コード": 27, "市区町村コード": 145, "所在地": "大阪府堺市南区三原台１丁１４番１号", "緯度": 34.498357, "経度": 135.516001, "url": "https://www.iryou.teikyouseido.mhlw.go.jp/znk-web/juminkanja/S2430/initialize?prefCd=27&kikanCd=1270007400&kikanKbn=1", "url2": "https://www.med.kindai.ac.jp", "内容": "近畿大学病院【1:病院】【診療科目:内科_感染症内科_血液内科_糖尿病・内分泌内科_脳神経内科_呼吸器内科_循環器内科_消化器内科_腎臓内科_腫瘍内科_漢方内科_緩和ケア内科_外科_脳神経外科_心臓血管外科_消化器外科_整形外科_形成外科_耳鼻咽喉・頭頸部外科_小児科_小児外科_産婦人科_眼科_皮膚科_泌尿器科_精神科_心療内科_歯科_矯正歯科_歯科口腔外科_リハビリテーション科_放射線診断科_放射線治療科_病理診断科_救急科_麻酔科】【一般病床数:800療養病床数:0精神病床数:0感染症病床数:0合計病床数:800】大阪府堺市南区三原台１丁１４番１号" }, "geometry": { "type": "Point", "coordinates": [ 135.516001, 34.498357 ] } },
{ "type": "Feature", "properties": { "ID": 2711270007410, "正式名称": "医療法人恵生会恵生会病院", "機関区分": 1, "都道府県コード": 27, "市区町村コード": 227, "所在地": "大阪府東大阪市鷹殿町２０番２９号", "緯度": 34.669652, "経度": 135.634903, "url": "https://www.iryou.teikyouseido.mhlw.go.jp/znk-web/juminkanja/S2430/initialize?prefCd=27&kikanCd=1270007410&kikanKbn=1", "url2": "https://www.keiseikai.or.jp", "内容": "医療法人恵生会恵生会病院【1:病院】【診療科目:内科_糖尿病内科_代謝内科_内分泌内科_循環器内科_消化器内科_糖尿病・内分泌・代謝内科_外科_呼吸器外科_消化器外科_肛門外科_整形外科_小児科_産婦人科_眼科_泌尿器科_リウマチ科_リハビリテーション科_放射線科_麻酔科】【一般病床数:96療養病床数:88精神病床数:0感染症病床数:0合計病床数:184】大阪府東大阪市鷹殿町２０番２９号" }, "geometry": { "type": "Point", "coordinates": [ 135.634903, 34.669652 ] } }
]
}
