{
"type": "FeatureCollection",
"name": "geo_27_訪問看護",
"crs": { "type": "name", "properties": { "name": "urn:ogc:def:crs:OGC:1.3:CRS84" } },
"features": [
{ "type": "Feature", "properties": { "内容": "聖和訪問看護ステーション【訪問看護】大阪府大阪市都島区中野町１－７－３２聖和病院内", "url": "https://www.kaigokensaku.mhlw.go.jp/27/index.php?action_kouhyou_detail_004_kani=true&JigyosyoCd=2765290032-00&ServiceCd=130&Type=search", "url2": "http://www.seiwabyoin.com/care_service/office.html#houmonkango" }, "geometry": { "type": "Point", "coordinates": [ 135.525161642991634, 34.698832656419 ] } },
{ "type": "Feature", "properties": { "内容": "都島区医師会訪問看護ステーション【訪問看護】大阪府大阪市都島区都島本通1丁目8番15号", "url": "https://www.kaigokensaku.mhlw.go.jp/27/index.php?action_kouhyou_detail_004_kani=true&JigyosyoCd=2765290016-00&ServiceCd=130&Type=search", "url2": "https://miyakojimakuishikai.jp" }, "geometry": { "type": "Point", "coordinates": [ 135.524405598506519, 34.709335952772022 ] } },
{ "type": "Feature", "properties": { "内容": "訪問看護ステーション　フレンドリー【訪問看護】大阪府大阪市都島南通1丁目19番地10号プラネット都島702号室", "url": "https://www.kaigokensaku.mhlw.go.jp/27/index.php?action_kouhyou_detail_004_kani=true&JigyosyoCd=2765290263-00&ServiceCd=130&Type=search", "url2": "https://friendly-kango.com/" }, "geometry": { "type": "Point", "coordinates": [ 135.5279449, 34.7032773 ] } },
{ "type": "Feature", "properties": { "内容": "訪問看護ステーションソラノス【訪問看護】大阪府大阪市都島区御幸町2丁目12番14号S-BLDG御幸町2階", "url": "https://www.kaigokensaku.mhlw.go.jp/27/index.php?action_kouhyou_detail_004_kani=true&JigyosyoCd=2765290370-00&ServiceCd=130&Type=search", "url2": null }, "geometry": { "type": "Point", "coordinates": [ 135.533994756858164, 34.717419982405325 ] } },
{ "type": "Feature", "properties": { "内容": "なないろ訪問看護ステーション【訪問看護】大阪府大阪市都島区都島本通四丁目22番9号なないろビルヂング", "url": "https://www.kaigokensaku.mhlw.go.jp/27/index.php?action_kouhyou_detail_004_kani=true&JigyosyoCd=2765290180-00&ServiceCd=130&Type=search", "url2": "http://www.nanairo7.com/" }, "geometry": { "type": "Point", "coordinates": [ 135.531148600000023, 34.708554900000046 ] } },
{ "type": "Feature", "properties": { "内容": "フィロソフィア訪問看護ステーション都島【訪問看護】大阪府大阪市都島区都島本通1-7-19都島楠風ビル803", "url": "https://www.kaigokensaku.mhlw.go.jp/27/index.php?action_kouhyou_detail_004_kani=true&JigyosyoCd=2765290354-00&ServiceCd=130&Type=search", "url2": "https://p-sophia.co.jp/" }, "geometry": { "type": "Point", "coordinates": [ 135.525382400000012, 34.7091537 ] } },
{ "type": "Feature", "properties": { "内容": "リハプロ訪問看護ステーション・都島【訪問看護】大阪府大阪市都島区中野町5-9-1　1F", "url": "https://www.kaigokensaku.mhlw.go.jp/27/index.php?action_kouhyou_detail_004_kani=true&JigyosyoCd=2765290131-00&ServiceCd=130&Type=search", "url2": "http://rehabpro.co.jp/" }, "geometry": { "type": "Point", "coordinates": [ 135.5231632761963, 34.705295267895217 ] } },
{ "type": "Feature", "properties": { "内容": "ロイヤル訪問看護ステーション　大阪北【訪問看護】大阪府大阪市都島区善源寺町1-8-19グレースコーポ101号", "url": "https://www.kaigokensaku.mhlw.go.jp/27/index.php?action_kouhyou_detail_004_kani=true&JigyosyoCd=2765290065-00&ServiceCd=130&Type=search", "url2": null }, "geometry": { "type": "Point", "coordinates": [ 135.522657400000099, 34.7113086 ] } },
{ "type": "Feature", "properties": { "内容": "はないろ訪問看護ステーション【訪問看護】大阪府大阪市都島区中野町二丁目１０番１号TMOビル１F", "url": "https://www.kaigokensaku.mhlw.go.jp/27/index.php?action_kouhyou_detail_004_kani=true&JigyosyoCd=2765290289-00&ServiceCd=130&Type=search", "url2": null }, "geometry": { "type": "Point", "coordinates": [ 135.524961100000013, 34.700457900000011 ] } },
{ "type": "Feature", "properties": { "内容": "訪問看護ステーションシード【訪問看護】大阪府大阪市都島区都島本通3-18-4サニータウン日新204", "url": "https://www.kaigokensaku.mhlw.go.jp/27/index.php?action_kouhyou_detail_004_kani=true&JigyosyoCd=2765290388-00&ServiceCd=130&Type=search", "url2": "https://cseed.jp/" }, "geometry": { "type": "Point", "coordinates": [ 135.526893, 34.7077286 ] } },
{ "type": "Feature", "properties": { "内容": "訪問看護ステーションめばえ【訪問看護】大阪府大阪市都島区都島北通2-12-11", "url": "https://www.kaigokensaku.mhlw.go.jp/27/index.php?action_kouhyou_detail_004_kani=true&JigyosyoCd=2765290214-00&ServiceCd=130&Type=search", "url2": "https://houmonkanngo-mebae.com/" }, "geometry": { "type": "Point", "coordinates": [ 135.531567900000027, 34.7101949 ] } },
{ "type": "Feature", "properties": { "内容": "看護ステーションまごらか【訪問看護】大阪府大阪市都島区都島本通3-22-1-202", "url": "https://www.kaigokensaku.mhlw.go.jp/27/index.php?action_kouhyou_detail_004_kani=true&JigyosyoCd=2765290362-00&ServiceCd=130&Type=search", "url2": null }, "geometry": { "type": "Point", "coordinates": [ 135.52616006909318, 34.708139376290866 ] } },
{ "type": "Feature", "properties": { "内容": "訪問看護ステーションゆいか【訪問看護】大阪府大阪市都島区片町1丁目8-18402号室", "url": "https://www.kaigokensaku.mhlw.go.jp/27/index.php?action_kouhyou_detail_004_kani=true&JigyosyoCd=2765290107-00&ServiceCd=130&Type=search", "url2": "https;//st-yuika.jp" }, "geometry": { "type": "Point", "coordinates": [ 135.524762889410368, 34.692944303349286 ] } },
{ "type": "Feature", "properties": { "内容": "かいてきや訪問看護ステーション【訪問看護】大阪府大阪市都島区東野田町1丁目10-13イマスM-1ビル3階", "url": "https://www.kaigokensaku.mhlw.go.jp/27/index.php?action_kouhyou_detail_004_kani=true&JigyosyoCd=2765290255-00&ServiceCd=130&Type=search", "url2": "https://kaitekiya-gr.com" }, "geometry": { "type": "Point", "coordinates": [ 135.526778199999967, 34.6965453 ] } },
{ "type": "Feature", "properties": { "内容": "訪問看護もみの木【訪問看護】大阪府大阪市都島区毛馬町1-20-5-205", "url": "https://www.kaigokensaku.mhlw.go.jp/27/index.php?action_kouhyou_detail_004_kani=true&JigyosyoCd=2765290404-00&ServiceCd=130&Type=search", "url2": null }, "geometry": { "type": "Point", "coordinates": [ 135.520895599999989, 34.7201851 ] } },
{ "type": "Feature", "properties": { "内容": "サンルーム訪問看護ステーション【訪問看護】大阪府大阪市都島区都島北通1-18-2FAビルディング201", "url": "https://www.kaigokensaku.mhlw.go.jp/27/index.php?action_kouhyou_detail_004_kani=true&JigyosyoCd=2765290271-00&ServiceCd=130&Type=search", "url2": "http://sunroom-houkan.co.jp" }, "geometry": { "type": "Point", "coordinates": [ 135.5285335, 34.71093 ] } },
{ "type": "Feature", "properties": { "内容": "クレド訪問看護ステーション【訪問看護】大阪府大阪市都島区都島北通1丁目11-15サンシティアイランド601", "url": "https://www.kaigokensaku.mhlw.go.jp/27/index.php?action_kouhyou_detail_004_kani=true&JigyosyoCd=2765290305-00&ServiceCd=130&Type=search", "url2": "https://www.credo-osk.com/" }, "geometry": { "type": "Point", "coordinates": [ 135.527243, 34.7095745 ] } },
{ "type": "Feature", "properties": { "内容": "株式会社isee訪問看護ステーション　ナーシア【訪問看護】大阪府大阪市都島区片町2丁目11番24号大阪シティホテル京橋208号室", "url": "https://www.kaigokensaku.mhlw.go.jp/27/index.php?action_kouhyou_detail_004_kani=true&JigyosyoCd=2765290420-00&ServiceCd=130&Type=search", "url2": "https://isee-nurxia.com/" }, "geometry": { "type": "Point", "coordinates": [ 135.5303011, 34.6956563 ] } },
{ "type": "Feature", "properties": { "内容": "ミモザ訪問看護ステーション【訪問看護】大阪市都島区都島北通1-1-15-802号", "url": "https://www.kaigokensaku.mhlw.go.jp/27/index.php?action_kouhyou_detail_004_kani=true&JigyosyoCd=2765290412-00&ServiceCd=130&Type=search", "url2": "https://mimosa-vns.com/" }, "geometry": { "type": "Point", "coordinates": [ 135.52704392023773, 34.709373356280885 ] } },
{ "type": "Feature", "properties": { "内容": "訪問看護ステーションパンダ２４【訪問看護】大阪府大阪市福島区大開1-15-24ホワイトレジデンス305号室", "url": "https://www.kaigokensaku.mhlw.go.jp/27/index.php?action_kouhyou_detail_004_kani=true&JigyosyoCd=2760290441-00&ServiceCd=130&Type=search", "url2": "https://houkanpanda24.com/" }, "geometry": { "type": "Point", "coordinates": [ 135.473180683879036, 34.694182284435072 ] } },
{ "type": "Feature", "properties": { "内容": "あかり訪問看護ステーション福島事業所【訪問看護】大阪府大阪市福島区吉野３丁２−３７クラフト福島野田101", "url": "https://www.kaigokensaku.mhlw.go.jp/27/index.php?action_kouhyou_detail_004_kani=true&JigyosyoCd=2760290110-00&ServiceCd=130&Type=search", "url2": "http://kyowanursing.jimdo.com/" }, "geometry": { "type": "Point", "coordinates": [ 135.472874499999989, 34.6881245 ] } },
{ "type": "Feature", "properties": { "内容": "訪問看護ステーションにじ【訪問看護】大阪府大阪市福島区玉川4-6-10", "url": "https://www.kaigokensaku.mhlw.go.jp/27/index.php?action_kouhyou_detail_004_kani=true&JigyosyoCd=2760290250-00&ServiceCd=130&Type=search", "url2": "https.//www.aikou-niji.com" }, "geometry": { "type": "Point", "coordinates": [ 135.477766116317468, 34.690078132194778 ] } },
{ "type": "Feature", "properties": { "内容": "えびえ記念訪問看護ステーション【訪問看護】大阪府大阪市福島区海老江2-1-36", "url": "https://www.kaigokensaku.mhlw.go.jp/27/index.php?action_kouhyou_detail_004_kani=true&JigyosyoCd=2760290359-00&ServiceCd=130&Type=search", "url2": null }, "geometry": { "type": "Point", "coordinates": [ 135.474547, 34.695618900000014 ] } },
{ "type": "Feature", "properties": { "内容": "フジタ病院【訪問看護】大阪府大阪市福島区吉野2-10-11", "url": "https://www.kaigokensaku.mhlw.go.jp/27/index.php?action_kouhyou_detail_004_kani=true&JigyosyoCd=2710200995-00&ServiceCd=130&Type=search", "url2": "https://www.fujitahp.com/" }, "geometry": { "type": "Point", "coordinates": [ 135.475333299999988, 34.6919809 ] } },
{ "type": "Feature", "properties": { "内容": "医療法人藤田会訪問看護ステーション【訪問看護】大阪府大阪市福島区吉野2-10-5", "url": "https://www.kaigokensaku.mhlw.go.jp/27/index.php?action_kouhyou_detail_004_kani=true&JigyosyoCd=2760290367-00&ServiceCd=130&Type=search", "url2": "http://www1.odn.ne.jp/fujitakai/" }, "geometry": { "type": "Point", "coordinates": [ 135.475405790178286, 34.691785826470714 ] } },
{ "type": "Feature", "properties": { "内容": "ゆらぎ訪問看護ステーション【訪問看護】大阪府大阪市福島区大開2-4-17ブリリアンマンション706号", "url": "https://www.kaigokensaku.mhlw.go.jp/27/index.php?action_kouhyou_detail_004_kani=true&JigyosyoCd=2760290383-00&ServiceCd=130&Type=search", "url2": "https://noda-fcl.com" }, "geometry": { "type": "Point", "coordinates": [ 135.468943708845529, 34.69124292895301 ] } },
{ "type": "Feature", "properties": { "内容": "訪問看護ステーションアンジュ【訪問看護】大阪府大阪市福島区福島4-2-76TMC大阪ビル　3F", "url": "https://www.kaigokensaku.mhlw.go.jp/27/index.php?action_kouhyou_detail_004_kani=true&JigyosyoCd=2760290193-00&ServiceCd=130&Type=search", "url2": "https://ange-care.com/" }, "geometry": { "type": "Point", "coordinates": [ 135.4838614, 34.6919184 ] } },
{ "type": "Feature", "properties": { "内容": "訪問看護ステーション　ほ～ぷけあ【訪問看護】大阪市福島区大開２丁目３番１号パネ協大阪センタービル４階", "url": "https://www.kaigokensaku.mhlw.go.jp/27/index.php?action_kouhyou_detail_004_kani=true&JigyosyoCd=2760290078-00&ServiceCd=130&Type=search", "url2": "http://emiyuu.p-kit.com" }, "geometry": { "type": "Point", "coordinates": [ 135.47006250000004, 34.6907206 ] } },
{ "type": "Feature", "properties": { "内容": "メディケア・リハビリ訪問看護ステーション福島【訪問看護】大阪府大阪市福島区吉野四丁目10-22吉野Ｔビル2階", "url": "https://www.kaigokensaku.mhlw.go.jp/27/index.php?action_kouhyou_detail_004_kani=true&JigyosyoCd=2760290284-00&ServiceCd=130&Type=search", "url2": "https://kango.medi-care.co.jp/" }, "geometry": { "type": "Point", "coordinates": [ 135.471403400000014, 34.6908707 ] } },
{ "type": "Feature", "properties": { "内容": "訪問看護ステーションえがお【訪問看護】大阪府大阪市福島区吉野4－5－2", "url": "https://www.kaigokensaku.mhlw.go.jp/27/index.php?action_kouhyou_detail_004_kani=true&JigyosyoCd=2760290177-00&ServiceCd=130&Type=search", "url2": "http://www.yodokyo.or.jp/network/egao.html" }, "geometry": { "type": "Point", "coordinates": [ 135.472365484194484, 34.689669522761406 ] } },
{ "type": "Feature", "properties": { "内容": "訪問看護糸【訪問看護】大阪府大阪市福島区大開一丁目13番23西野田ハイツ２０４号室", "url": "https://www.kaigokensaku.mhlw.go.jp/27/index.php?action_kouhyou_detail_004_kani=true&JigyosyoCd=2760290417-00&ServiceCd=130&Type=search", "url2": null }, "geometry": { "type": "Point", "coordinates": [ 135.4728826, 34.693868 ] } },
{ "type": "Feature", "properties": { "内容": "くすのき訪問看護ステーション【訪問看護】大阪府大阪市福島区吉野1-3-20", "url": "https://www.kaigokensaku.mhlw.go.jp/27/index.php?action_kouhyou_detail_004_kani=true&JigyosyoCd=2760290342-00&ServiceCd=130&Type=search", "url2": "https://www.mic-corp.net/" }, "geometry": { "type": "Point", "coordinates": [ 135.479969001612204, 34.693500897060765 ] } },
{ "type": "Feature", "properties": { "内容": "医療法人優幸会やさしいそら訪問看護ステーション【訪問看護】大阪府大阪市福島区福島7-6-7大阪HTSビル6階", "url": "https://www.kaigokensaku.mhlw.go.jp/27/index.php?action_kouhyou_detail_004_kani=true&JigyosyoCd=2760290409-00&ServiceCd=130&Type=search", "url2": "https://yukoukai.group/" }, "geometry": { "type": "Point", "coordinates": [ 135.4863107, 34.6974494 ] } },
{ "type": "Feature", "properties": { "内容": "千寿訪問看護ステーション【訪問看護】大阪府大阪市福島区大開4-1UR大開団地11号棟106号", "url": "https://www.kaigokensaku.mhlw.go.jp/27/index.php?action_kouhyou_detail_004_kani=true&JigyosyoCd=2760290425-00&ServiceCd=130&Type=search", "url2": "https://senjyu1010.co.jp" }, "geometry": { "type": "Point", "coordinates": [ 135.466329500000029, 34.688133899999983 ] } },
{ "type": "Feature", "properties": { "内容": "あさひリハビリ訪問看護ステーション【訪問看護】大阪府大阪市福島区鷺洲１丁目８番８号", "url": "https://www.kaigokensaku.mhlw.go.jp/27/index.php?action_kouhyou_detail_004_kani=true&JigyosyoCd=2760290136-00&ServiceCd=130&Type=search", "url2": null }, "geometry": { "type": "Point", "coordinates": [ 135.479752829147685, 34.694164621262921 ] } },
{ "type": "Feature", "properties": { "内容": "あおば訪問看護ステーション【訪問看護】大阪府大阪市福島区福島4丁目2番76号武井ビル203", "url": "https://www.kaigokensaku.mhlw.go.jp/27/index.php?action_kouhyou_detail_004_kani=true&JigyosyoCd=2760290458-00&ServiceCd=130&Type=search", "url2": "https://aoba-houmonnkango.jp/" }, "geometry": { "type": "Point", "coordinates": [ 135.4838614, 34.6919184 ] } },
{ "type": "Feature", "properties": { "内容": "訪問看護ステーションつぐみ【訪問看護】大阪府大阪市福島区大開4-2-5", "url": "https://www.kaigokensaku.mhlw.go.jp/27/index.php?action_kouhyou_detail_004_kani=true&JigyosyoCd=2760290318-00&ServiceCd=130&Type=search", "url2": null }, "geometry": { "type": "Point", "coordinates": [ 135.465564046704714, 34.687552120105117 ] } },
{ "type": "Feature", "properties": { "内容": "医療法人　村川医院【訪問看護】大阪府大阪市此花区伝法２－４－２９", "url": "https://www.kaigokensaku.mhlw.go.jp/27/index.php?action_kouhyou_detail_004_kani=true&JigyosyoCd=2712801949-00&ServiceCd=130&Type=search", "url2": "http://www.murakawa-iin.com" }, "geometry": { "type": "Point", "coordinates": [ 135.458188599999971, 34.6889121 ] } },
{ "type": "Feature", "properties": { "内容": "此花区医師会訪問看護ステーション【訪問看護】大阪府大阪市此花区四貫島２丁目１８番１３号ひろっずたうん２階Ｃ号室", "url": "https://www.kaigokensaku.mhlw.go.jp/27/index.php?action_kouhyou_detail_004_kani=true&JigyosyoCd=2762890016-00&ServiceCd=130&Type=search", "url2": null }, "geometry": { "type": "Point", "coordinates": [ 135.455475100000058, 34.6851875 ] } },
{ "type": "Feature", "properties": { "内容": "クオレ訪問看護ステーション千鳥橋【訪問看護】大阪府大阪市此花区梅香3丁目13番5号", "url": "https://www.kaigokensaku.mhlw.go.jp/27/index.php?action_kouhyou_detail_004_kani=true&JigyosyoCd=2762890149-00&ServiceCd=130&Type=search", "url2": "https://www.cuores.com" }, "geometry": { "type": "Point", "coordinates": [ 135.4572289, 34.6832179 ] } },
{ "type": "Feature", "properties": { "内容": "暁明館訪問看護ステーション【訪問看護】大阪府大阪市此花区春日出中1-22-13総合医療介護施設あかつき2階", "url": "https://www.kaigokensaku.mhlw.go.jp/27/index.php?action_kouhyou_detail_004_kani=true&JigyosyoCd=2762890032-00&ServiceCd=130&Type=search", "url2": "http://www.gyoumeikan.or.jp/" }, "geometry": { "type": "Point", "coordinates": [ 135.454964199999921, 34.6801825 ] } },
{ "type": "Feature", "properties": { "内容": "訪問看護ステーション　ソレイユ【訪問看護】大阪府大阪市此花区春日出北2丁目14-27", "url": "https://www.kaigokensaku.mhlw.go.jp/27/index.php?action_kouhyou_detail_004_kani=true&JigyosyoCd=2762890057-00&ServiceCd=130&Type=search", "url2": "http://honami.or.jp/" }, "geometry": { "type": "Point", "coordinates": [ 135.449051947221392, 34.683098997012337 ] } },
{ "type": "Feature", "properties": { "内容": "訪問看護ステーション　想楽　西九条【訪問看護】大阪府大阪市此花区西九条3-15-24中島ビル202", "url": "https://www.kaigokensaku.mhlw.go.jp/27/index.php?action_kouhyou_detail_004_kani=true&JigyosyoCd=2762890206-00&ServiceCd=130&Type=search", "url2": "https://www.impress-sora.com/" }, "geometry": { "type": "Point", "coordinates": [ 135.4663065, 34.6829009 ] } },
{ "type": "Feature", "properties": { "内容": "訪問看護ステーションリート【訪問看護】大阪府大阪市此花区西九条2-5-18山本ビル2-C", "url": "https://www.kaigokensaku.mhlw.go.jp/27/index.php?action_kouhyou_detail_004_kani=true&JigyosyoCd=2762890198-00&ServiceCd=130&Type=search", "url2": "https://kiminouta.jp" }, "geometry": { "type": "Point", "coordinates": [ 135.4660265, 34.681402 ] } },
{ "type": "Feature", "properties": { "内容": "訪問看護ステーションるりあん【訪問看護】大阪府大阪市此花区朝日1-9-21千鳥橋第1RSビル202号室", "url": "https://www.kaigokensaku.mhlw.go.jp/27/index.php?action_kouhyou_detail_004_kani=true&JigyosyoCd=2762890172-00&ServiceCd=130&Type=search", "url2": "https://www.houmonkango-rurian.com" }, "geometry": { "type": "Point", "coordinates": [ 135.459837045910319, 34.685197830918938 ] } },
{ "type": "Feature", "properties": { "内容": "訪問看護ステーション　さくら【訪問看護】大阪府大阪市此花区春日出北1-1-25　3階此花診療所", "url": "https://www.kaigokensaku.mhlw.go.jp/27/index.php?action_kouhyou_detail_004_kani=true&JigyosyoCd=2762890131-00&ServiceCd=130&Type=search", "url2": "http://www.yodokyo.or.jp/" }, "geometry": { "type": "Point", "coordinates": [ 135.4523898, 34.682591 ] } },
{ "type": "Feature", "properties": { "内容": "村上内科【訪問看護】大阪府大阪市此花区四貫島１－１－４３", "url": "https://www.kaigokensaku.mhlw.go.jp/27/index.php?action_kouhyou_detail_004_kani=true&JigyosyoCd=2712802004-00&ServiceCd=130&Type=search", "url2": "https://www.murakaminaika-konohana.com/" }, "geometry": { "type": "Point", "coordinates": [ 135.458458855294793, 34.685605277071254 ] } },
{ "type": "Feature", "properties": { "内容": "つむぎ訪問看護ステーション【訪問看護】大阪府大阪市西区北堀江四丁目15番17号", "url": "https://www.kaigokensaku.mhlw.go.jp/27/index.php?action_kouhyou_detail_004_kani=true&JigyosyoCd=2761890264-00&ServiceCd=130&Type=search", "url2": "http://hi-medic.jp/" }, "geometry": { "type": "Point", "coordinates": [ 135.4831988, 34.6733071 ] } },
{ "type": "Feature", "properties": { "内容": "訪問看護ステーションlaststand【訪問看護】大阪府大阪市西区靱本町1−18−8AXISWEST本町ビル802", "url": "https://www.kaigokensaku.mhlw.go.jp/27/index.php?action_kouhyou_detail_004_kani=true&JigyosyoCd=2761890314-00&ServiceCd=130&Type=search", "url2": null }, "geometry": { "type": "Point", "coordinates": [ 135.4948846, 34.6838328 ] } },
{ "type": "Feature", "properties": { "内容": "ユニケア訪問看護ステーション大阪西【訪問看護】大阪府大阪市西区江之子島1丁目7-3奥内阿波座駅前ビル501号", "url": "https://www.kaigokensaku.mhlw.go.jp/27/index.php?action_kouhyou_detail_004_kani=true&JigyosyoCd=2761890306-00&ServiceCd=130&Type=search", "url2": "https://unit-care.co.jp/office_10a.html" }, "geometry": { "type": "Point", "coordinates": [ 135.485508, 34.6826943 ] } },
{ "type": "Feature", "properties": { "内容": "マイナビ訪問看護ステーション大阪【訪問看護】大阪府大阪市西区阿波座1-13-16松本フォレストビル902号室", "url": "https://www.kaigokensaku.mhlw.go.jp/27/index.php?action_kouhyou_detail_004_kani=true&JigyosyoCd=2761890256-00&ServiceCd=130&Type=search", "url2": "https://houmon-kango.mynavi.jp/" }, "geometry": { "type": "Point", "coordinates": [ 135.493801, 34.681241 ] } },
{ "type": "Feature", "properties": { "内容": "訪問看護ステーションみつばち【訪問看護】大阪府大阪市西区本田１－１１－２４ヤタニハイツ２階", "url": "https://www.kaigokensaku.mhlw.go.jp/27/index.php?action_kouhyou_detail_004_kani=true&JigyosyoCd=2761890181-00&ServiceCd=130&Type=search", "url2": null }, "geometry": { "type": "Point", "coordinates": [ 135.479415100000011, 34.6764863 ] } },
{ "type": "Feature", "properties": { "内容": "リニエ訪問看護ステーション四ツ橋【訪問看護】大阪府大阪市西区北堀江１丁目２－１９アステリオ北堀江　ザ・メトロタワー503", "url": "https://www.kaigokensaku.mhlw.go.jp/27/index.php?action_kouhyou_detail_004_kani=true&JigyosyoCd=2761890090-00&ServiceCd=130&Type=search", "url2": "https://linie-group.jp/office/houmonkango-yotsubashi/" }, "geometry": { "type": "Point", "coordinates": [ 135.496883125131234, 34.673081794076033 ] } },
{ "type": "Feature", "properties": { "内容": "ニッセイ訪問看護ステーション【訪問看護】大阪府大阪市西区江之子島2丁目1番54号日本生命病院　1階", "url": "https://www.kaigokensaku.mhlw.go.jp/27/index.php?action_kouhyou_detail_004_kani=true&JigyosyoCd=2761890025-00&ServiceCd=130&Type=search", "url2": "http://www.nissay-hp.or.jp" }, "geometry": { "type": "Point", "coordinates": [ 135.484183698147604, 34.682348911009605 ] } },
{ "type": "Feature", "properties": { "内容": "ミーレ訪問看護ステーション【訪問看護】大阪府大阪市西区九条1-1-1K'sコート401号室", "url": "https://www.kaigokensaku.mhlw.go.jp/27/index.php?action_kouhyou_detail_004_kani=true&JigyosyoCd=2761890207-00&ServiceCd=130&Type=search", "url2": null }, "geometry": { "type": "Point", "coordinates": [ 135.478380300000026, 34.6760464 ] } },
{ "type": "Feature", "properties": { "内容": "きつこう会　多根訪問看護ステーション【訪問看護】大阪府大阪市西区九条南1丁目12番21号多根総合病院4階", "url": "https://www.kaigokensaku.mhlw.go.jp/27/index.php?action_kouhyou_detail_004_kani=true&JigyosyoCd=2761890041-00&ServiceCd=130&Type=search", "url2": "http://www.tane.or.jp" }, "geometry": { "type": "Point", "coordinates": [ 135.474448317790944, 34.668808089902981 ] } },
{ "type": "Feature", "properties": { "内容": "日新会訪問看護ステーション【訪問看護】大阪府大阪市西区新町4-4-8日新会病院　1F", "url": "https://www.kaigokensaku.mhlw.go.jp/27/index.php?action_kouhyou_detail_004_kani=true&JigyosyoCd=2761890413-00&ServiceCd=130&Type=search", "url2": "https://nisshinkai.jp/" }, "geometry": { "type": "Point", "coordinates": [ 135.4870396, 34.6763107 ] } },
{ "type": "Feature", "properties": { "内容": "訪問看護ステーション健美家【訪問看護】大阪府大阪市西区京町堀３－２－２６－６０１", "url": "https://www.kaigokensaku.mhlw.go.jp/27/index.php?action_kouhyou_detail_004_kani=true&JigyosyoCd=2761890397-00&ServiceCd=130&Type=search", "url2": null }, "geometry": { "type": "Point", "coordinates": [ 135.488867699999986, 34.6851556 ] } },
{ "type": "Feature", "properties": { "内容": "ケアルア訪問看護ステーション【訪問看護】大阪府大阪市西区千代崎1-26-9ｃｏｚｙ千代崎202", "url": "https://www.kaigokensaku.mhlw.go.jp/27/index.php?action_kouhyou_detail_004_kani=true&JigyosyoCd=2761890371-00&ServiceCd=130&Type=search", "url2": "https://adoamour.com/" }, "geometry": { "type": "Point", "coordinates": [ 135.478463299999987, 34.6744375 ] } },
{ "type": "Feature", "properties": { "内容": "訪問看護ステーションほがらかナース【訪問看護】大阪府大阪市西区九条3丁目4－8", "url": "https://www.kaigokensaku.mhlw.go.jp/27/index.php?action_kouhyou_detail_004_kani=true&JigyosyoCd=2761890231-00&ServiceCd=130&Type=search", "url2": "http://hp.kaipoke.biz/a3x/index.html" }, "geometry": { "type": "Point", "coordinates": [ 135.470739473610706, 34.676970094998765 ] } },
{ "type": "Feature", "properties": { "内容": "医療法人幸優会訪問看護ステーションPono【訪問看護】大阪府大阪市西区北堀江1-13-20四ツ橋ストークマンション203号", "url": "https://www.kaigokensaku.mhlw.go.jp/27/index.php?action_kouhyou_detail_004_kani=true&JigyosyoCd=2761890330-00&ServiceCd=130&Type=search", "url2": "https://ueshima-clinic.jp/visit/" }, "geometry": { "type": "Point", "coordinates": [ 135.494068743377653, 34.672932224746155 ] } },
{ "type": "Feature", "properties": { "内容": "スマイルらいふ訪問看護ステーション【訪問看護】大阪府大阪市西区南堀江一丁目１８番２０号コスモ第3ビル9階", "url": "https://www.kaigokensaku.mhlw.go.jp/27/index.php?action_kouhyou_detail_004_kani=true&JigyosyoCd=2761890173-00&ServiceCd=130&Type=search", "url2": null }, "geometry": { "type": "Point", "coordinates": [ 135.4937569, 34.6700904 ] } },
{ "type": "Feature", "properties": { "内容": "訪問看護ステーションフェリスケア【訪問看護】大阪府大阪市西区立売堀1-7-18国際通信社ビル２階", "url": "https://www.kaigokensaku.mhlw.go.jp/27/index.php?action_kouhyou_detail_004_kani=true&JigyosyoCd=2761890140-00&ServiceCd=130&Type=search", "url2": "https://felicecare.org/" }, "geometry": { "type": "Point", "coordinates": [ 135.495623499999965, 34.6802553 ] } },
{ "type": "Feature", "properties": { "内容": "えふてぃ訪問看護ステーション【訪問看護】大阪府大阪市西区本田４－８－１９", "url": "https://www.kaigokensaku.mhlw.go.jp/27/index.php?action_kouhyou_detail_004_kani=true&JigyosyoCd=2761890322-00&ServiceCd=130&Type=search", "url2": "https://fthoumonkango.co.jp/" }, "geometry": { "type": "Point", "coordinates": [ 135.472366213491824, 34.679648845636912 ] } },
{ "type": "Feature", "properties": { "内容": "iroha訪問看護ステーション【訪問看護】大阪府大阪市西区立売堀１丁目１１番１６TROVEITACHIBORI901号室", "url": "https://www.kaigokensaku.mhlw.go.jp/27/index.php?action_kouhyou_detail_004_kani=true&JigyosyoCd=2761890421-00&ServiceCd=130&Type=search", "url2": "https://iroha66.com/irohahoumonkango" }, "geometry": { "type": "Point", "coordinates": [ 135.494516720098915, 34.680215240951689 ] } },
{ "type": "Feature", "properties": { "内容": "訪問看護ステーションSunny【訪問看護】大阪府大阪市西区北堀江2-3-13レスポワール北堀江302号室", "url": "https://www.kaigokensaku.mhlw.go.jp/27/index.php?action_kouhyou_detail_004_kani=true&JigyosyoCd=2761890405-00&ServiceCd=130&Type=search", "url2": null }, "geometry": { "type": "Point", "coordinates": [ 135.4922939, 34.6736351 ] } },
{ "type": "Feature", "properties": { "内容": "医療法人佐々木会　キャリア訪問看護ステーション【訪問看護】大阪府大阪市西区九条南2-2-8", "url": "https://www.kaigokensaku.mhlw.go.jp/27/index.php?action_kouhyou_detail_004_kani=true&JigyosyoCd=2761890199-00&ServiceCd=130&Type=search", "url2": "http://www.sasaki-medical-clinic.info" }, "geometry": { "type": "Point", "coordinates": [ 135.474620636061957, 34.672623431584555 ] } },
{ "type": "Feature", "properties": { "内容": "訪問看護ステーションやくも【訪問看護】大阪府大阪市西区南堀江1-26-27南堀江スカイハイツ201", "url": "https://www.kaigokensaku.mhlw.go.jp/27/index.php?action_kouhyou_detail_004_kani=true&JigyosyoCd=2761890439-00&ServiceCd=130&Type=search", "url2": "https://iyasaka-medical.co.jp/" }, "geometry": { "type": "Point", "coordinates": [ 135.49286619999998, 34.670404400000017 ] } },
{ "type": "Feature", "properties": { "内容": "アワーズ訪問看護ステーション【訪問看護】大阪府大阪市西区江之子島1-5-12ユニハイム阿波座103", "url": "https://www.kaigokensaku.mhlw.go.jp/27/index.php?action_kouhyou_detail_004_kani=true&JigyosyoCd=2761890124-00&ServiceCd=130&Type=search", "url2": "https://awaza-osaka.jp/" }, "geometry": { "type": "Point", "coordinates": [ 135.48501461677813, 34.683607185757445 ] } },
{ "type": "Feature", "properties": { "内容": "訪問看護ステーションデューン西大阪【訪問看護】大阪府大阪市港区波除2丁目5-12ドウェル倉本Ⅱ301号室", "url": "https://www.kaigokensaku.mhlw.go.jp/27/index.php?action_kouhyou_detail_004_kani=true&JigyosyoCd=2760490082-00&ServiceCd=130&Type=search", "url2": "https://www.nfield.co.jp" }, "geometry": { "type": "Point", "coordinates": [ 135.464474200000012, 34.6699308 ] } },
{ "type": "Feature", "properties": { "内容": "訪問看護ステーション光【訪問看護】大阪府大阪市港区弁天３－２３－１１", "url": "https://www.kaigokensaku.mhlw.go.jp/27/index.php?action_kouhyou_detail_004_kani=true&JigyosyoCd=2760490165-00&ServiceCd=130&Type=search", "url2": null }, "geometry": { "type": "Point", "coordinates": [ 135.450998, 34.666968 ] } },
{ "type": "Feature", "properties": { "内容": "リニエ訪問看護ステーション港【訪問看護】大阪府大阪市港区三先二丁目1番20新ミナトビル203号", "url": "https://www.kaigokensaku.mhlw.go.jp/27/index.php?action_kouhyou_detail_004_kani=true&JigyosyoCd=2760490181-00&ServiceCd=130&Type=search", "url2": "https://linie-group.jp/" }, "geometry": { "type": "Point", "coordinates": [ 135.4520503, 34.6605514 ] } },
{ "type": "Feature", "properties": { "内容": "リハケア訪問看護ステーション【訪問看護】大阪府大阪市港区夕凪二丁目7番4号3号室", "url": "https://www.kaigokensaku.mhlw.go.jp/27/index.php?action_kouhyou_detail_004_kani=true&JigyosyoCd=2760490066-00&ServiceCd=130&Type=search", "url2": null }, "geometry": { "type": "Point", "coordinates": [ 135.45184, 34.6631872 ] } },
{ "type": "Feature", "properties": { "内容": "訪問看護ステーションさくら通り【訪問看護】大阪市港区磯路３－３－１７ふきのとう203号室", "url": "https://www.kaigokensaku.mhlw.go.jp/27/index.php?action_kouhyou_detail_004_kani=true&JigyosyoCd=2760490025-00&ServiceCd=130&Type=search", "url2": null }, "geometry": { "type": "Point", "coordinates": [ 135.458092099999931, 34.664237300000011 ] } },
{ "type": "Feature", "properties": { "内容": "大阪みなと中央病院附属訪問看護ステーション【訪問看護】大阪府大阪市港区磯路1-7-1", "url": "https://www.kaigokensaku.mhlw.go.jp/27/index.php?action_kouhyou_detail_004_kani=true&JigyosyoCd=2760490124-00&ServiceCd=130&Type=search", "url2": "https://minato.jcho.go.jp/" }, "geometry": { "type": "Point", "coordinates": [ 135.4621883, 34.6679284 ] } },
{ "type": "Feature", "properties": { "内容": "訪問看護ステーションあさしお【訪問看護】大阪府大阪市港区田中２丁目１４－３", "url": "https://www.kaigokensaku.mhlw.go.jp/27/index.php?action_kouhyou_detail_004_kani=true&JigyosyoCd=2760490041-00&ServiceCd=130&Type=search", "url2": null }, "geometry": { "type": "Point", "coordinates": [ 135.449639333343526, 34.662858340076241 ] } },
{ "type": "Feature", "properties": { "内容": "らいおんナース訪問看護【訪問看護】大阪府大阪市港区弁天1-6-35SKSビル5F", "url": "https://www.kaigokensaku.mhlw.go.jp/27/index.php?action_kouhyou_detail_004_kani=true&JigyosyoCd=2760490074-00&ServiceCd=130&Type=search", "url2": "http://lionkango.jp/" }, "geometry": { "type": "Point", "coordinates": [ 135.458708600000023, 34.6702699 ] } },
{ "type": "Feature", "properties": { "内容": "訪問看護ステーションいざなみ【訪問看護】大阪府大阪市港区市岡2丁目13番57号まんまるはうす", "url": "https://www.kaigokensaku.mhlw.go.jp/27/index.php?action_kouhyou_detail_004_kani=true&JigyosyoCd=2760490132-00&ServiceCd=130&Type=search", "url2": null }, "geometry": { "type": "Point", "coordinates": [ 135.4590801, 34.6617507 ] } },
{ "type": "Feature", "properties": { "内容": "訪問看護ステーション　にこ・にこ【訪問看護】大阪府大阪市港区築港4丁目1番21号ポートヴィラ築港102号", "url": "https://www.kaigokensaku.mhlw.go.jp/27/index.php?action_kouhyou_detail_004_kani=true&JigyosyoCd=2760490207-00&ServiceCd=130&Type=search", "url2": null }, "geometry": { "type": "Point", "coordinates": [ 135.43202740000001, 34.6536051 ] } },
{ "type": "Feature", "properties": { "内容": "ケイ訪問看護ステーション【訪問看護】大阪府大阪市港区南市岡3-5-3森本マンション1階", "url": "https://www.kaigokensaku.mhlw.go.jp/27/index.php?action_kouhyou_detail_004_kani=true&JigyosyoCd=2760490090-00&ServiceCd=130&Type=search", "url2": null }, "geometry": { "type": "Point", "coordinates": [ 135.466886599999953, 34.6650216 ] } },
{ "type": "Feature", "properties": { "内容": "ヒーリングケア訪問看護ステーションみなと【訪問看護】大阪府大阪市港区磯路2-1-9", "url": "https://www.kaigokensaku.mhlw.go.jp/27/index.php?action_kouhyou_detail_004_kani=true&JigyosyoCd=2760490173-00&ServiceCd=130&Type=search", "url2": "https://houmonkango-minato.com/" }, "geometry": { "type": "Point", "coordinates": [ 135.46166584157524, 34.665213659255002 ] } },
{ "type": "Feature", "properties": { "内容": "アニスト訪問看護ステーション【訪問看護】大阪府大阪市大正区三軒家東一丁目7番18号コニシビル201号", "url": "https://www.kaigokensaku.mhlw.go.jp/27/index.php?action_kouhyou_detail_004_kani=true&JigyosyoCd=2762790042-00&ServiceCd=130&Type=search", "url2": "http://www.honest-ty.com/" }, "geometry": { "type": "Point", "coordinates": [ 135.480379, 34.6657128 ] } },
{ "type": "Feature", "properties": { "内容": "エキスパートナース訪問看護ステーション【訪問看護】大阪市大正区泉尾３丁目１０番７号大正区医師会館　３階", "url": "https://www.kaigokensaku.mhlw.go.jp/27/index.php?action_kouhyou_detail_004_kani=true&JigyosyoCd=2762790059-00&ServiceCd=130&Type=search", "url2": "http://www.expert-nurse.jp/" }, "geometry": { "type": "Point", "coordinates": [ 135.471943900000042, 34.657158 ] } },
{ "type": "Feature", "properties": { "内容": "訪問看護ステーション　ナーシング優【訪問看護】大阪府大阪市大正区千島３－１８－２１", "url": "https://www.kaigokensaku.mhlw.go.jp/27/index.php?action_kouhyou_detail_004_kani=true&JigyosyoCd=2762790083-00&ServiceCd=130&Type=search", "url2": null }, "geometry": { "type": "Point", "coordinates": [ 135.470538199999964, 34.649068899999989 ] } },
{ "type": "Feature", "properties": { "内容": "リハビリ訪問看護ステーションさくら【訪問看護】大阪府大阪市大正区泉尾3-4-10HITOMIビル102号室", "url": "https://www.kaigokensaku.mhlw.go.jp/27/index.php?action_kouhyou_detail_004_kani=true&JigyosyoCd=2762790091-00&ServiceCd=130&Type=search", "url2": "https://www.sakura-kango.com/" }, "geometry": { "type": "Point", "coordinates": [ 135.473147635581967, 34.65748537412049 ] } },
{ "type": "Feature", "properties": { "内容": "泉尾訪問看護ステーション【訪問看護】大阪府大阪市大正区北村3-5-10シルバークレイン内の1階", "url": "https://www.kaigokensaku.mhlw.go.jp/27/index.php?action_kouhyou_detail_004_kani=true&JigyosyoCd=2762790026-00&ServiceCd=130&Type=search", "url2": "http://www.izuo-saiseikai.gr.jp" }, "geometry": { "type": "Point", "coordinates": [ 135.467322299999978, 34.6505837 ] } },
{ "type": "Feature", "properties": { "内容": "訪問看護エール【訪問看護】大阪府大阪市大正区三軒家東１－１４－７中善大正ハイツ210号室", "url": "https://www.kaigokensaku.mhlw.go.jp/27/index.php?action_kouhyou_detail_004_kani=true&JigyosyoCd=2762790117-00&ServiceCd=130&Type=search", "url2": "http://ace-11.co.jp/aile" }, "geometry": { "type": "Point", "coordinates": [ 135.4796653, 34.663725700000015 ] } },
{ "type": "Feature", "properties": { "内容": "kind訪問看護ステーション【訪問看護】大阪府大阪市大正区泉尾5-6-1101号室", "url": "https://www.kaigokensaku.mhlw.go.jp/27/index.php?action_kouhyou_detail_004_kani=true&JigyosyoCd=2762790125-00&ServiceCd=130&Type=search", "url2": "https://www.kind-osaka.co.jp/" }, "geometry": { "type": "Point", "coordinates": [ 135.4720206, 34.6545313 ] } },
{ "type": "Feature", "properties": { "内容": "ウィズ・ユー大阪訪問看護【訪問看護】大阪府大阪市大正区三軒家西１－２－１５　2F", "url": "https://www.kaigokensaku.mhlw.go.jp/27/index.php?action_kouhyou_detail_004_kani=true&JigyosyoCd=2762790141-00&ServiceCd=130&Type=search", "url2": null }, "geometry": { "type": "Point", "coordinates": [ 135.4789141, 34.6666541 ] } },
{ "type": "Feature", "properties": { "内容": "訪問看護Grace【訪問看護】大阪府大阪市大正区泉尾1-9-17-102　ベルメゾン大正", "url": "https://www.kaigokensaku.mhlw.go.jp/27/index.php?action_kouhyou_detail_004_kani=true&JigyosyoCd=2762790133-00&ServiceCd=130&Type=search", "url2": null }, "geometry": { "type": "Point", "coordinates": [ 135.475301300000012, 34.6625172 ] } },
{ "type": "Feature", "properties": { "内容": "訪問看護ステーション　ナービス上本町【訪問看護】大阪市天王寺区筆ヶ崎町5-52介護付き有料老人ホームBP大阪上本町　3階", "url": "https://www.kaigokensaku.mhlw.go.jp/27/index.php?action_kouhyou_detail_004_kani=true&JigyosyoCd=2761790050-00&ServiceCd=130&Type=search", "url2": "https://joylife.alsok.co.jp" }, "geometry": { "type": "Point", "coordinates": [ 135.524525, 34.6650326 ] } },
{ "type": "Feature", "properties": { "内容": "辻外科訪問看護ステーション【訪問看護】大阪府大阪市天王寺区生玉前町3-26みどり辻ビル１階", "url": "https://www.kaigokensaku.mhlw.go.jp/27/index.php?action_kouhyou_detail_004_kani=true&JigyosyoCd=2761790217-00&ServiceCd=130&Type=search", "url2": "http://www.kankikai.com/" }, "geometry": { "type": "Point", "coordinates": [ 135.5156647, 34.6646132 ] } },
{ "type": "Feature", "properties": { "内容": "訪問看護ステーション　はなふぁ【訪問看護】大阪府大阪市天王寺区大道5丁目4番14号河合ビル2階", "url": "https://www.kaigokensaku.mhlw.go.jp/27/index.php?action_kouhyou_detail_004_kani=true&JigyosyoCd=2761790308-00&ServiceCd=130&Type=search", "url2": "http://www.hanafa878.com" }, "geometry": { "type": "Point", "coordinates": [ 135.521327219031718, 34.648374098716367 ] } },
{ "type": "Feature", "properties": { "内容": "ジョブズ訪問看護ステーション【訪問看護】大阪府大阪市天王寺区国分町13番8号グリーンヒル1085階　501号室", "url": "https://www.kaigokensaku.mhlw.go.jp/27/index.php?action_kouhyou_detail_004_kani=true&JigyosyoCd=2761790332-00&ServiceCd=130&Type=search", "url2": "https://j-nursing.com" }, "geometry": { "type": "Point", "coordinates": [ 135.524208864418028, 34.651945236664325 ] } },
{ "type": "Feature", "properties": { "内容": "C-life訪問看護ステーション【訪問看護】大阪府大阪市天王寺区茶臼山町1-11イデアール天王寺　301", "url": "https://www.kaigokensaku.mhlw.go.jp/27/index.php?action_kouhyou_detail_004_kani=true&JigyosyoCd=2761790548-00&ServiceCd=130&Type=search", "url2": null }, "geometry": { "type": "Point", "coordinates": [ 135.5128394, 34.651384899999989 ] } },
{ "type": "Feature", "properties": { "内容": "訪問看護ステーション友楽園【訪問看護】大阪市天王寺区烏ヶ辻1-8-9烏ヶ辻コーポ105号室", "url": "https://www.kaigokensaku.mhlw.go.jp/27/index.php?action_kouhyou_detail_004_kani=true&JigyosyoCd=2761790068-00&ServiceCd=130&Type=search", "url2": "http://tomix.care/" }, "geometry": { "type": "Point", "coordinates": [ 135.525864100000035, 34.6561032 ] } },
{ "type": "Feature", "properties": { "内容": "アプリシェイト訪問看護ステーション第２【訪問看護】大阪府大阪市天王寺区上汐四丁目5番16号ツチヤビル401号室", "url": "https://www.kaigokensaku.mhlw.go.jp/27/index.php?action_kouhyou_detail_004_kani=true&JigyosyoCd=2761790563-00&ServiceCd=130&Type=search", "url2": null }, "geometry": { "type": "Point", "coordinates": [ 135.51594990000001, 34.6627386 ] } },
{ "type": "Feature", "properties": { "内容": "えーる・訪問看護ステーション【訪問看護】大阪市天王寺区東高津町９番23号", "url": "https://www.kaigokensaku.mhlw.go.jp/27/index.php?action_kouhyou_detail_004_kani=true&JigyosyoCd=2761790076-00&ServiceCd=130&Type=search", "url2": "https://www.yell-phlox.com/" }, "geometry": { "type": "Point", "coordinates": [ 135.522764, 34.6673184 ] } },
{ "type": "Feature", "properties": { "内容": "きかく訪問看護ステーション【訪問看護】大阪府大阪市天王寺区松ケ鼻町11-8メゾン松ケ鼻403号", "url": "https://www.kaigokensaku.mhlw.go.jp/27/index.php?action_kouhyou_detail_004_kani=true&JigyosyoCd=2761790167-00&ServiceCd=130&Type=search", "url2": "http://kikakuhoukan.wix.com/kikaku" }, "geometry": { "type": "Point", "coordinates": [ 135.523369799999955, 34.6582806 ] } },
{ "type": "Feature", "properties": { "内容": "つばい訪問看護ステーション【訪問看護】大阪府大阪市天王寺区真田山町2-2東興ビル3階10号", "url": "https://www.kaigokensaku.mhlw.go.jp/27/index.php?action_kouhyou_detail_004_kani=true&JigyosyoCd=2761790241-00&ServiceCd=130&Type=search", "url2": "https://www.tsubai-kango.com" }, "geometry": { "type": "Point", "coordinates": [ 135.530011930119798, 34.670713232860393 ] } },
{ "type": "Feature", "properties": { "内容": "りょうかく訪問看ステーション【訪問看護】大阪市天王寺区烏ヶ辻１丁目１番８号", "url": "https://www.kaigokensaku.mhlw.go.jp/27/index.php?action_kouhyou_detail_004_kani=true&JigyosyoCd=2761790233-00&ServiceCd=130&Type=search", "url2": null }, "geometry": { "type": "Point", "coordinates": [ 135.5269839, 34.6578622 ] } },
{ "type": "Feature", "properties": { "内容": "訪問看護ステーションリーベ【訪問看護】大阪府大阪市天王寺区生玉町12-6井上窯業ビル１・２階", "url": "https://www.kaigokensaku.mhlw.go.jp/27/index.php?action_kouhyou_detail_004_kani=true&JigyosyoCd=2761790662-00&ServiceCd=130&Type=search", "url2": null }, "geometry": { "type": "Point", "coordinates": [ 135.511964600000027, 34.6661976 ] } },
{ "type": "Feature", "properties": { "内容": "杏訪問看護ステーション【訪問看護】大阪府大阪市天王寺区上本町8-2-1クライス上本町602号", "url": "https://www.kaigokensaku.mhlw.go.jp/27/index.php?action_kouhyou_detail_004_kani=true&JigyosyoCd=2761790282-00&ServiceCd=130&Type=search", "url2": "https://anhoumon.com" }, "geometry": { "type": "Point", "coordinates": [ 135.518396920654226, 34.662250577596211 ] } },
{ "type": "Feature", "properties": { "内容": "めいりつ訪問看護ステーション【訪問看護】大阪府大阪市天王寺区悲田院町8-26天王寺センターハイツ1011号室", "url": "https://www.kaigokensaku.mhlw.go.jp/27/index.php?action_kouhyou_detail_004_kani=true&JigyosyoCd=2761790464-00&ServiceCd=130&Type=search", "url2": "http://meiritsu-next.com" }, "geometry": { "type": "Point", "coordinates": [ 135.516031212880137, 34.648076749480488 ] } },
{ "type": "Feature", "properties": { "内容": "訪問看護ステーションLike　Me【訪問看護】大阪府大阪市天王寺区4丁目2番17号エーアイビル401号", "url": "https://www.kaigokensaku.mhlw.go.jp/27/index.php?action_kouhyou_detail_004_kani=true&JigyosyoCd=2761790654-00&ServiceCd=130&Type=search", "url2": null }, "geometry": { "type": "Point", "coordinates": [ 135.522057600000011, 34.6494578 ] } },
{ "type": "Feature", "properties": { "内容": "ブルーム訪問看護ステーション【訪問看護】細工谷2-3-2", "url": "https://www.kaigokensaku.mhlw.go.jp/27/index.php?action_kouhyou_detail_004_kani=true&JigyosyoCd=2761790688-00&ServiceCd=130&Type=search", "url2": "https://www.bloomhoukan.info/" }, "geometry": { "type": "Point", "coordinates": [ 135.525668, 34.6608841 ] } },
{ "type": "Feature", "properties": { "内容": "Couraリハビリ訪問看護ステーション【訪問看護】大阪府大阪市天王寺区上汐３－５－１８オブリオポルタ上町台1階事務所", "url": "https://www.kaigokensaku.mhlw.go.jp/27/index.php?action_kouhyou_detail_004_kani=true&JigyosyoCd=2761790613-00&ServiceCd=130&Type=search", "url2": null }, "geometry": { "type": "Point", "coordinates": [ 135.5171029, 34.664005700000025 ] } },
{ "type": "Feature", "properties": { "内容": "みきクリニック訪問看護ステーション【訪問看護】大阪府大阪市天王寺区空清町5-18　MRTビルB1F", "url": "https://www.kaigokensaku.mhlw.go.jp/27/index.php?action_kouhyou_detail_004_kani=true&JigyosyoCd=2761790373-00&ServiceCd=130&Type=search", "url2": "https//miki-cli.com" }, "geometry": { "type": "Point", "coordinates": [ 135.5236693, 34.6729395 ] } },
{ "type": "Feature", "properties": { "内容": "豊川医院【訪問看護】大阪市天王寺区東高津町8-24MYYビル1F", "url": "https://www.kaigokensaku.mhlw.go.jp/27/index.php?action_kouhyou_detail_004_kani=true&JigyosyoCd=2711704730-00&ServiceCd=130&Type=search", "url2": "http://www.toyokawa-cl.com" }, "geometry": { "type": "Point", "coordinates": [ 135.522300200000018, 34.6674684 ] } },
{ "type": "Feature", "properties": { "内容": "訪問看護ステーションNine【訪問看護】大阪府大阪市天王寺区真法院町11-1-1F", "url": "https://www.kaigokensaku.mhlw.go.jp/27/index.php?action_kouhyou_detail_004_kani=true&JigyosyoCd=2761790399-00&ServiceCd=130&Type=search", "url2": null }, "geometry": { "type": "Point", "coordinates": [ 135.522913499999987, 34.656781400000021 ] } },
{ "type": "Feature", "properties": { "内容": "Ｐｏｉｎｔ訪問看護ステーション【訪問看護】大阪府大阪市天王寺区四天王寺1-5-40", "url": "https://www.kaigokensaku.mhlw.go.jp/27/index.php?action_kouhyou_detail_004_kani=true&JigyosyoCd=2761790704-00&ServiceCd=130&Type=search", "url2": null }, "geometry": { "type": "Point", "coordinates": [ 135.515861900000033, 34.65717298396364 ] } },
{ "type": "Feature", "properties": { "内容": "スナメリ訪問看護ステーション大阪【訪問看護】大阪府大阪市上本町８丁目２番１号クライス上本町503", "url": "https://www.kaigokensaku.mhlw.go.jp/27/index.php?action_kouhyou_detail_004_kani=true&JigyosyoCd=2761790472-00&ServiceCd=130&Type=search", "url2": null }, "geometry": { "type": "Point", "coordinates": [ 135.518298, 34.661998600000011 ] } },
{ "type": "Feature", "properties": { "内容": "訪問看護ステーション　輪【訪問看護】大阪府大阪市天王寺区勝山4丁目2番3号MUSU1F", "url": "https://www.kaigokensaku.mhlw.go.jp/27/index.php?action_kouhyou_detail_004_kani=true&JigyosyoCd=2761790225-00&ServiceCd=130&Type=search", "url2": "http://www.kango-rin.com" }, "geometry": { "type": "Point", "coordinates": [ 135.526755304817016, 34.655496200931914 ] } },
{ "type": "Feature", "properties": { "内容": "いわき訪問看護ステーション【訪問看護】大阪府大阪市浪速区恵美須西３丁目８番８号ホワイティKIMI601号", "url": "https://www.kaigokensaku.mhlw.go.jp/27/index.php?action_kouhyou_detail_004_kani=true&JigyosyoCd=2764390551-00&ServiceCd=130&Type=search", "url2": "https://iwaki-corp.com" }, "geometry": { "type": "Point", "coordinates": [ 135.503455800000012, 34.6523881 ] } },
{ "type": "Feature", "properties": { "内容": "訪問看護ステーション　コルディアーレ大国町【訪問看護】大阪府大阪市浪速区大国1丁目4-2ハイツ田村1階", "url": "https://www.kaigokensaku.mhlw.go.jp/27/index.php?action_kouhyou_detail_004_kani=true&JigyosyoCd=2764390379-00&ServiceCd=130&Type=search", "url2": null }, "geometry": { "type": "Point", "coordinates": [ 135.4971147, 34.6544113 ] } },
{ "type": "Feature", "properties": { "内容": "ROKU訪問看護ステーション【訪問看護】大阪府大阪市浪速区大国２丁目1-22ニューステップ201", "url": "https://www.kaigokensaku.mhlw.go.jp/27/index.php?action_kouhyou_detail_004_kani=true&JigyosyoCd=2764390403-00&ServiceCd=130&Type=search", "url2": "https://www.rokunurse.com/" }, "geometry": { "type": "Point", "coordinates": [ 135.495833133868416, 34.6558036078181 ] } },
{ "type": "Feature", "properties": { "内容": "訪問看護ステーション　ほのか【訪問看護】大阪府大阪市浪速区元町二丁目５番８ラ・グランディオソ２０２号", "url": "https://www.kaigokensaku.mhlw.go.jp/27/index.php?action_kouhyou_detail_004_kani=true&JigyosyoCd=2764390411-00&ServiceCd=130&Type=search", "url2": "https://hv-ho-no-ka.com" }, "geometry": { "type": "Point", "coordinates": [ 135.4952403, 34.6623734 ] } },
{ "type": "Feature", "properties": { "内容": "訪問看護ステーションリハライズ【訪問看護】大阪府大阪市浪速区日本橋西2-7-3ファミール松竹202", "url": "https://www.kaigokensaku.mhlw.go.jp/27/index.php?action_kouhyou_detail_004_kani=true&JigyosyoCd=2764390486-00&ServiceCd=130&Type=search", "url2": "https://www.reharise.com/" }, "geometry": { "type": "Point", "coordinates": [ 135.5039246, 34.6561299 ] } },
{ "type": "Feature", "properties": { "内容": "訪問看護ステーション春夏秋冬【訪問看護】大阪府大阪市浪速区元町2丁目11-8元町ビルロイヤルハイツ1階", "url": "https://www.kaigokensaku.mhlw.go.jp/27/index.php?action_kouhyou_detail_004_kani=true&JigyosyoCd=2764390155-00&ServiceCd=130&Type=search", "url2": "https://www.syunkanurse.com/" }, "geometry": { "type": "Point", "coordinates": [ 135.495899599999973, 34.6614978 ] } },
{ "type": "Feature", "properties": { "内容": "あらいぶ訪問看護ステーション【訪問看護】大阪市浪速区恵美須西3-5-12", "url": "https://www.kaigokensaku.mhlw.go.jp/27/index.php?action_kouhyou_detail_004_kani=true&JigyosyoCd=2764390239-00&ServiceCd=130&Type=search", "url2": "http://circlewat.com/" }, "geometry": { "type": "Point", "coordinates": [ 135.503380099999958, 34.6520591 ] } },
{ "type": "Feature", "properties": { "内容": "猫日和訪問看護ステーション【訪問看護】大阪市浪速区日本橋３丁目４番９エグゼレジデンスタワー　１６０５号", "url": "https://www.kaigokensaku.mhlw.go.jp/27/index.php?action_kouhyou_detail_004_kani=true&JigyosyoCd=2764390148-00&ServiceCd=130&Type=search", "url2": null }, "geometry": { "type": "Point", "coordinates": [ 135.506412899999987, 34.6613052 ] } },
{ "type": "Feature", "properties": { "内容": "なにわ老人保健施設ラガール【訪問看護】大阪府大阪市浪速区大国1丁目10番24号", "url": "https://www.kaigokensaku.mhlw.go.jp/27/index.php?action_kouhyou_detail_004_kani=true&JigyosyoCd=2764390213-00&ServiceCd=130&Type=search", "url2": "https://koudoukai.or.jp/naniwa-lagare/" }, "geometry": { "type": "Point", "coordinates": [ 135.496836300000012, 34.6528299 ] } },
{ "type": "Feature", "properties": { "内容": "パール訪問看護ステーション【訪問看護】大阪市浪速区元町1丁目11番21号アンカービルディング201号室", "url": "https://www.kaigokensaku.mhlw.go.jp/27/index.php?action_kouhyou_detail_004_kani=true&JigyosyoCd=2764390130-00&ServiceCd=130&Type=search", "url2": null }, "geometry": { "type": "Point", "coordinates": [ 135.497107353303591, 34.663389231919275 ] } },
{ "type": "Feature", "properties": { "内容": "訪問看護ステーションTONTTU【訪問看護】大阪府大阪市浪速区大国２－１６－２１グランデール８１１", "url": "https://www.kaigokensaku.mhlw.go.jp/27/index.php?action_kouhyou_detail_004_kani=true&JigyosyoCd=2764390601-00&ServiceCd=130&Type=search", "url2": null }, "geometry": { "type": "Point", "coordinates": [ 135.495216199999987, 34.652593 ] } },
{ "type": "Feature", "properties": { "内容": "メディケア訪問看護ステーション難波【訪問看護】大阪府大阪市浪速区難波中3-17-18エマー・ブルナンバ403号", "url": "https://www.kaigokensaku.mhlw.go.jp/27/index.php?action_kouhyou_detail_004_kani=true&JigyosyoCd=2764390585-00&ServiceCd=130&Type=search", "url2": "https://medicareport.co.jp/" }, "geometry": { "type": "Point", "coordinates": [ 135.4983308, 34.659408 ] } },
{ "type": "Feature", "properties": { "内容": "ファミリア訪問看護ステーション【訪問看護】大阪府大阪市浪速区桜川2－11－5レオンコンフォート難波ミラージュ305", "url": "https://www.kaigokensaku.mhlw.go.jp/27/index.php?action_kouhyou_detail_004_kani=true&JigyosyoCd=2764390544-00&ServiceCd=130&Type=search", "url2": null }, "geometry": { "type": "Point", "coordinates": [ 135.4888585, 34.6658437 ] } },
{ "type": "Feature", "properties": { "内容": "ビジナなんば訪問看護ステーション【訪問看護】大阪府大阪市浪速区元町1丁目9番11号丸元ビル704号室", "url": "https://www.kaigokensaku.mhlw.go.jp/27/index.php?action_kouhyou_detail_004_kani=true&JigyosyoCd=2764390338-00&ServiceCd=130&Type=search", "url2": "https://visina.jp/" }, "geometry": { "type": "Point", "coordinates": [ 135.496685, 34.6636565 ] } },
{ "type": "Feature", "properties": { "内容": "ココファンナーシング大阪【訪問看護】大阪府大阪市浪速区稲荷２丁目４－6ココファン桜川", "url": "https://www.kaigokensaku.mhlw.go.jp/27/index.php?action_kouhyou_detail_004_kani=true&JigyosyoCd=2764390478-00&ServiceCd=130&Type=search", "url2": "http://www.cocofump.co.jp" }, "geometry": { "type": "Point", "coordinates": [ 135.4903756, 34.6645262 ] } },
{ "type": "Feature", "properties": { "内容": "訪問看護ステーションUru【訪問看護】大阪府大阪市浪速区難波中3丁目7番2号西村ビル202号室", "url": "https://www.kaigokensaku.mhlw.go.jp/27/index.php?action_kouhyou_detail_004_kani=true&JigyosyoCd=2764390627-00&ServiceCd=130&Type=search", "url2": "https://www.allworth-uru.com/" }, "geometry": { "type": "Point", "coordinates": [ 135.4985615, 34.6614677 ] } },
{ "type": "Feature", "properties": { "内容": "社会医療法人若弘会　日本橋老人訪問看護ステーション【訪問看護】大阪府大阪市浪速区日本橋四丁目7番17号", "url": "https://www.kaigokensaku.mhlw.go.jp/27/index.php?action_kouhyou_detail_004_kani=true&JigyosyoCd=2764390015-00&ServiceCd=130&Type=search", "url2": "http://www.wakakoukai.or.jp" }, "geometry": { "type": "Point", "coordinates": [ 135.506076900000039, 34.6589666 ] } },
{ "type": "Feature", "properties": { "内容": "訪問看護ステーション.rin【訪問看護】大阪府大阪市浪速区戎本町1丁目9番21号　10FTOYOTOMIビルディング　1001", "url": "https://www.kaigokensaku.mhlw.go.jp/27/index.php?action_kouhyou_detail_004_kani=true&JigyosyoCd=2764390569-00&ServiceCd=130&Type=search", "url2": null }, "geometry": { "type": "Point", "coordinates": [ 135.498053, 34.6538615 ] } },
{ "type": "Feature", "properties": { "内容": "訪問看護ステーションkigunas【訪問看護】大阪府大阪市浪速区戎本町1丁目9番21号", "url": "https://www.kaigokensaku.mhlw.go.jp/27/index.php?action_kouhyou_detail_004_kani=true&JigyosyoCd=2764390320-00&ServiceCd=130&Type=search", "url2": null }, "geometry": { "type": "Point", "coordinates": [ 135.498053, 34.6538615 ] } },
{ "type": "Feature", "properties": { "内容": "訪問看護ステーションゆんゆん【訪問看護】大阪府大阪市浪速区戎本町1丁目7番1-403号", "url": "https://www.kaigokensaku.mhlw.go.jp/27/index.php?action_kouhyou_detail_004_kani=true&JigyosyoCd=2764390635-00&ServiceCd=130&Type=search", "url2": null }, "geometry": { "type": "Point", "coordinates": [ 135.499297100000035, 34.6546663 ] } },
{ "type": "Feature", "properties": { "内容": "クローバー　訪問看護ステーション【訪問看護】大阪府大阪市浪速区日本橋西1-2-17", "url": "https://www.kaigokensaku.mhlw.go.jp/27/index.php?action_kouhyou_detail_004_kani=true&JigyosyoCd=2764390619-00&ServiceCd=130&Type=search", "url2": null }, "geometry": { "type": "Point", "coordinates": [ 135.503402099999988, 34.6608027 ] } },
{ "type": "Feature", "properties": { "内容": "訪問看護ステーション　ＯＨＡＮＡ【訪問看護】大阪府大阪市西淀川区野里２－９－１２日商岩井野里マンション１０１", "url": "https://www.kaigokensaku.mhlw.go.jp/27/index.php?action_kouhyou_detail_004_kani=true&JigyosyoCd=2761090139-00&ServiceCd=130&Type=search", "url2": "http://hokanohana.wixsite.com/ohana" }, "geometry": { "type": "Point", "coordinates": [ 135.458824329044432, 34.708894878542615 ] } },
{ "type": "Feature", "properties": { "内容": "西大阪訪問看護ステーション【訪問看護】大阪府大阪市西淀川区出来島1-5-22-101ストークマンション出来島", "url": "https://www.kaigokensaku.mhlw.go.jp/27/index.php?action_kouhyou_detail_004_kani=true&JigyosyoCd=2761090113-00&ServiceCd=130&Type=search", "url2": "http://osaka-rehabilitation.com/" }, "geometry": { "type": "Point", "coordinates": [ 135.438316289782762, 34.707216804363206 ] } },
{ "type": "Feature", "properties": { "内容": "訪問看護ステーションそら彩【訪問看護】大阪府大阪市西淀川区出来島2-4-7", "url": "https://www.kaigokensaku.mhlw.go.jp/27/index.php?action_kouhyou_detail_004_kani=true&JigyosyoCd=2761090253-00&ServiceCd=130&Type=search", "url2": "https://www.sorairo2021.com/" }, "geometry": { "type": "Point", "coordinates": [ 135.437498, 34.70505880000001 ] } },
{ "type": "Feature", "properties": { "内容": "リニエ訪問看護ステーション西淀川【訪問看護】大阪府大阪市西淀川区姫島1-18-12ロワール三恵1F", "url": "https://www.kaigokensaku.mhlw.go.jp/27/index.php?action_kouhyou_detail_004_kani=true&JigyosyoCd=2761090238-00&ServiceCd=130&Type=search", "url2": "https://linie-group.jp/office/oumonkango-nishiyodogawa/" }, "geometry": { "type": "Point", "coordinates": [ 135.4577046, 34.703738 ] } },
{ "type": "Feature", "properties": { "内容": "訪問看護ステーション・コスモス【訪問看護】大阪市西淀川区御幣島４-３-２２在宅総合センターらくらく3階", "url": "https://www.kaigokensaku.mhlw.go.jp/27/index.php?action_kouhyou_detail_004_kani=true&JigyosyoCd=2761090014-00&ServiceCd=130&Type=search", "url2": "https://yodokyo-rakuraku.com/" }, "geometry": { "type": "Point", "coordinates": [ 135.45378498683317, 34.715797777134902 ] } },
{ "type": "Feature", "properties": { "内容": "訪問看護ステーション　ナナ【訪問看護】大阪府大阪市西淀川区御幣島4丁目2-14", "url": "https://www.kaigokensaku.mhlw.go.jp/27/index.php?action_kouhyou_detail_004_kani=true&JigyosyoCd=2761090246-00&ServiceCd=130&Type=search", "url2": "http://www.harukanaru7.com" }, "geometry": { "type": "Point", "coordinates": [ 135.454573293255208, 34.716181874375742 ] } },
{ "type": "Feature", "properties": { "内容": "社会医療法人愛仁会訪問看護ステーション　ほほえみ【訪問看護】大阪府阪市西淀川区佃3丁目1番11号アバリーナ千船2階", "url": "https://www.kaigokensaku.mhlw.go.jp/27/index.php?action_kouhyou_detail_004_kani=true&JigyosyoCd=2761090030-00&ServiceCd=130&Type=search", "url2": "https://www.aijinkai.or.jp/c_zaitaku/" }, "geometry": { "type": "Point", "coordinates": [ 135.445388260504984, 34.711594166903915 ] } },
{ "type": "Feature", "properties": { "内容": "あおぞら訪問看護ステーション【訪問看護】大阪府大阪市西淀川区大和田６丁目１７番２４号", "url": "https://www.kaigokensaku.mhlw.go.jp/27/index.php?action_kouhyou_detail_004_kani=true&JigyosyoCd=2761090188-00&ServiceCd=130&Type=search", "url2": "https://ayumi-aozora.or.jp" }, "geometry": { "type": "Point", "coordinates": [ 135.440293345578795, 34.706025226514917 ] } },
{ "type": "Feature", "properties": { "内容": "わくわくリハビリ訪問看護ステーション【訪問看護】大阪市西淀川区柏里3-12-29", "url": "https://www.kaigokensaku.mhlw.go.jp/27/index.php?action_kouhyou_detail_004_kani=true&JigyosyoCd=2761090105-00&ServiceCd=130&Type=search", "url2": "http://sekaiegao.com" }, "geometry": { "type": "Point", "coordinates": [ 135.468153968122834, 34.712973731252781 ] } },
{ "type": "Feature", "properties": { "内容": "ええかんご【訪問看護】大阪府大阪市西淀川区柏里２丁目５番１３号PremiumPearl塚本１０５号室", "url": "https://www.kaigokensaku.mhlw.go.jp/27/index.php?action_kouhyou_detail_004_kani=true&JigyosyoCd=2761090311-00&ServiceCd=130&Type=search", "url2": "https://www.aa-gp.jp/aa-kango.php" }, "geometry": { "type": "Point", "coordinates": [ 135.467193, 34.7105542 ] } },
{ "type": "Feature", "properties": { "内容": "ひな訪問看護ステーション【訪問看護】大阪府大阪市淀川区佃5-2-37", "url": "https://www.kaigokensaku.mhlw.go.jp/27/index.php?action_kouhyou_detail_004_kani=true&JigyosyoCd=2761090329-00&ServiceCd=130&Type=search", "url2": null }, "geometry": { "type": "Point", "coordinates": [ 135.4363285, 34.7101131 ] } },
{ "type": "Feature", "properties": { "内容": "訪問看護ステーションさと【訪問看護】大阪府大阪市西淀川区歌島四丁目4-25山田ハイツ101号", "url": "https://www.kaigokensaku.mhlw.go.jp/27/index.php?action_kouhyou_detail_004_kani=true&JigyosyoCd=2761090196-00&ServiceCd=130&Type=search", "url2": "https://sato-medical.com/" }, "geometry": { "type": "Point", "coordinates": [ 135.461644723323019, 34.717548810542077 ] } },
{ "type": "Feature", "properties": { "内容": "訪問看護ステーションエール【訪問看護】大阪府大阪市西淀川区福町1丁目10-13", "url": "https://www.kaigokensaku.mhlw.go.jp/27/index.php?action_kouhyou_detail_004_kani=true&JigyosyoCd=2761090212-00&ServiceCd=130&Type=search", "url2": "https://kango-yell.co.jp" }, "geometry": { "type": "Point", "coordinates": [ 135.445953491116683, 34.698950796200769 ] } },
{ "type": "Feature", "properties": { "内容": "e-mina訪問看護ステーション【訪問看護】大阪市西淀川区姫里3丁目25－24ー301", "url": "https://www.kaigokensaku.mhlw.go.jp/27/index.php?action_kouhyou_detail_004_kani=true&JigyosyoCd=2761090303-00&ServiceCd=130&Type=search", "url2": "https://kantomo.blog/" }, "geometry": { "type": "Point", "coordinates": [ 135.4562808, 34.7074001 ] } },
{ "type": "Feature", "properties": { "内容": "あさ訪問看護【訪問看護】大阪府大阪市東淀川区菅原7-10-7クレールスガハラA棟101号室", "url": "https://www.kaigokensaku.mhlw.go.jp/27/index.php?action_kouhyou_detail_004_kani=true&JigyosyoCd=2763090756-00&ServiceCd=130&Type=search", "url2": "https://tentwo-gokigen.co.jp/" }, "geometry": { "type": "Point", "coordinates": [ 135.5222003, 34.742050100000014 ] } },
{ "type": "Feature", "properties": { "内容": "ビーナス訪問看護ステーション瑞光【訪問看護】大阪府大阪市東淀川区瑞光4-12-32ハッピーハイツ88　1階", "url": "https://www.kaigokensaku.mhlw.go.jp/27/index.php?action_kouhyou_detail_004_kani=true&JigyosyoCd=2763090798-00&ServiceCd=130&Type=search", "url2": "http://www.venus-comrade.co.jp/" }, "geometry": { "type": "Point", "coordinates": [ 135.5494347, 34.7533299 ] } },
{ "type": "Feature", "properties": { "内容": "訪問看護ステーション上新庄【訪問看護】大阪府大阪市東淀川区豊新二丁目9番8号", "url": "https://www.kaigokensaku.mhlw.go.jp/27/index.php?action_kouhyou_detail_004_kani=true&JigyosyoCd=2763090343-00&ServiceCd=130&Type=search", "url2": "http://www.nursing-hc.co.jp" }, "geometry": { "type": "Point", "coordinates": [ 135.528698299999974, 34.742497900000011 ] } },
{ "type": "Feature", "properties": { "内容": "エルケア株式会社　エルケア関西訪問看護ステーション【訪問看護】大阪府大阪市東淀川区東中島一丁目7番23号シティコート新大阪202号室", "url": "https://www.kaigokensaku.mhlw.go.jp/27/index.php?action_kouhyou_detail_004_kani=true&JigyosyoCd=2763090590-00&ServiceCd=130&Type=search", "url2": "https://www.l-care.jp/" }, "geometry": { "type": "Point", "coordinates": [ 135.503217400000011, 34.728963 ] } },
{ "type": "Feature", "properties": { "内容": "訪問看護ステーション　リングナース【訪問看護】大阪府大阪市東淀川区小松4丁目11番6号", "url": "https://www.kaigokensaku.mhlw.go.jp/27/index.php?action_kouhyou_detail_004_kani=true&JigyosyoCd=2763090632-00&ServiceCd=130&Type=search", "url2": "https://www.ringnurse.com" }, "geometry": { "type": "Point", "coordinates": [ 135.5446087, 34.7541959 ] } },
{ "type": "Feature", "properties": { "内容": "医療法人菊秀会　訪問看護ステーションやすらぎ【訪問看護】大阪府大阪市東淀川区小松五丁目６番２４号", "url": "https://www.kaigokensaku.mhlw.go.jp/27/index.php?action_kouhyou_detail_004_kani=true&JigyosyoCd=2763090376-00&ServiceCd=130&Type=search", "url2": null }, "geometry": { "type": "Point", "coordinates": [ 135.547887941278077, 34.754661316305004 ] } },
{ "type": "Feature", "properties": { "内容": "整形外科きたクリニック【訪問看護】大阪府大阪市東淀川区豊新5-18-2メゾングレース1F", "url": "https://www.kaigokensaku.mhlw.go.jp/27/index.php?action_kouhyou_detail_004_kani=true&JigyosyoCd=2713006332-00&ServiceCd=130&Type=search", "url2": "http://www.shishinkai-kitaclinic.com" }, "geometry": { "type": "Point", "coordinates": [ 135.5342054, 34.746543 ] } },
{ "type": "Feature", "properties": { "内容": "ヒーリングネット訪問看護ステーション【訪問看護】大阪府大阪市東淀川区瑞光1丁目6-8１階", "url": "https://www.kaigokensaku.mhlw.go.jp/27/index.php?action_kouhyou_detail_004_kani=true&JigyosyoCd=2763090186-00&ServiceCd=130&Type=search", "url2": null }, "geometry": { "type": "Point", "coordinates": [ 135.534835196941572, 34.748447352972406 ] } },
{ "type": "Feature", "properties": { "内容": "ともに訪問看護ステーション【訪問看護】大阪府大阪市東淀川区大道南3丁目6番31号", "url": "https://www.kaigokensaku.mhlw.go.jp/27/index.php?action_kouhyou_detail_004_kani=true&JigyosyoCd=2763090426-00&ServiceCd=130&Type=search", "url2": "https://www.tomoni-ns.love" }, "geometry": { "type": "Point", "coordinates": [ 135.546881, 34.7428126 ] } },
{ "type": "Feature", "properties": { "内容": "大阪市東淀川区医師会立訪問看護ステーション【訪問看護】大阪市東淀川区菅原4丁目4番37号東淀川区在宅サービスセンター「ほほえみ」内", "url": "https://www.kaigokensaku.mhlw.go.jp/27/index.php?action_kouhyou_detail_004_kani=true&JigyosyoCd=2763090020-00&ServiceCd=130&Type=search", "url2": "https://www.higashiyodo-med.org/kango.html" }, "geometry": { "type": "Point", "coordinates": [ 135.531106499999964, 34.7400304 ] } },
{ "type": "Feature", "properties": { "内容": "ウェルライフ訪問看護ステーション【訪問看護】大阪府大阪市東淀川区上新庄1-2-8", "url": "https://www.kaigokensaku.mhlw.go.jp/27/index.php?action_kouhyou_detail_004_kani=true&JigyosyoCd=2763090517-00&ServiceCd=130&Type=search", "url2": null }, "geometry": { "type": "Point", "coordinates": [ 135.5266975501236, 34.744521629871109 ] } },
{ "type": "Feature", "properties": { "内容": "おかもと訪問看護ステーション東淀川【訪問看護】大阪市東淀川区菅原4丁目４番40号村上ビル201号室", "url": "https://www.kaigokensaku.mhlw.go.jp/27/index.php?action_kouhyou_detail_004_kani=true&JigyosyoCd=2763090442-00&ServiceCd=130&Type=search", "url2": "https://okamoto-hns.com" }, "geometry": { "type": "Point", "coordinates": [ 135.536692099999982, 34.7416414 ] } },
{ "type": "Feature", "properties": { "内容": "町のナースステーションうめちゃん【訪問看護】大阪市東淀川区豊里四丁目8番23号第３高光マンション114号室", "url": "https://www.kaigokensaku.mhlw.go.jp/27/index.php?action_kouhyou_detail_004_kani=true&JigyosyoCd=2763090582-00&ServiceCd=130&Type=search", "url2": "https://quolis.co.jp" }, "geometry": { "type": "Point", "coordinates": [ 135.540272606745901, 34.739039869302886 ] } },
{ "type": "Feature", "properties": { "内容": "訪問看護ステーション淀川ひまわり【訪問看護】大阪府大阪市東淀川区豊里3-16-48", "url": "https://www.kaigokensaku.mhlw.go.jp/27/index.php?action_kouhyou_detail_004_kani=true&JigyosyoCd=2763090210-00&ServiceCd=130&Type=search", "url2": "http://yodogawa-himawari.com" }, "geometry": { "type": "Point", "coordinates": [ 135.548129213413972, 34.739901736540887 ] } },
{ "type": "Feature", "properties": { "内容": "東淀川ヤマシン訪問看護ステーション【訪問看護】大阪府大阪市東淀川区下新庄5-23-15ステディ下新庄102", "url": "https://www.kaigokensaku.mhlw.go.jp/27/index.php?action_kouhyou_detail_004_kani=true&JigyosyoCd=2763090533-00&ServiceCd=130&Type=search", "url2": "http://www.yamasin.co.jp/kango/" }, "geometry": { "type": "Point", "coordinates": [ 135.5209984, 34.747952499999982 ] } },
{ "type": "Feature", "properties": { "内容": "リニエ訪問看護ステーション東淀川【訪問看護】大阪市東淀川区東淡路4丁目3番9号リセスビル502号室", "url": "https://www.kaigokensaku.mhlw.go.jp/27/index.php?action_kouhyou_detail_004_kani=true&JigyosyoCd=2763090657-00&ServiceCd=130&Type=search", "url2": "https://linie-group.jp/office/houmonkango-higashiyodogawa/" }, "geometry": { "type": "Point", "coordinates": [ 135.5188899, 34.7371498 ] } },
{ "type": "Feature", "properties": { "内容": "みもざ訪問看護リハステーション【訪問看護】大阪府大阪市東淀川区豊里3-16-26第二ハイツ栄光１０３号", "url": "https://www.kaigokensaku.mhlw.go.jp/27/index.php?action_kouhyou_detail_004_kani=true&JigyosyoCd=2763090699-00&ServiceCd=130&Type=search", "url2": "https://www.les-amis.co.jp" }, "geometry": { "type": "Point", "coordinates": [ 135.541706299999987, 34.7405916 ] } },
{ "type": "Feature", "properties": { "内容": "訪問看護ステーションゆきかぜ【訪問看護】大阪府大阪市東淀川区相川２丁目９番６号１０５号室", "url": "https://www.kaigokensaku.mhlw.go.jp/27/index.php?action_kouhyou_detail_004_kani=true&JigyosyoCd=2763090244-00&ServiceCd=130&Type=search", "url2": null }, "geometry": { "type": "Point", "coordinates": [ 135.53491408053435, 34.758074862197887 ] } },
{ "type": "Feature", "properties": { "内容": "訪問看護ステーション　ライト【訪問看護】大阪市東淀川区瑞光1丁目14番2号池島ビル2階", "url": "https://www.kaigokensaku.mhlw.go.jp/27/index.php?action_kouhyou_detail_004_kani=true&JigyosyoCd=2763090640-00&ServiceCd=130&Type=search", "url2": "https://houkanlight.com/" }, "geometry": { "type": "Point", "coordinates": [ 135.533866100000012, 34.7492758 ] } },
{ "type": "Feature", "properties": { "内容": "訪問看護ステーション新樹【訪問看護】大阪府大阪市東淀川区大桐3-16-15キャンパスサイド悠", "url": "https://www.kaigokensaku.mhlw.go.jp/27/index.php?action_kouhyou_detail_004_kani=true&JigyosyoCd=2763090467-00&ServiceCd=130&Type=search", "url2": "http://shinjustation.co.jp" }, "geometry": { "type": "Point", "coordinates": [ 135.544884299999978, 34.7495063 ] } },
{ "type": "Feature", "properties": { "内容": "みどり訪問看護ステーション【訪問看護】大阪府大阪市東淀川区相川二丁目１０番１０号エムあいかわ　１Ｆ", "url": "https://www.kaigokensaku.mhlw.go.jp/27/index.php?action_kouhyou_detail_004_kani=true&JigyosyoCd=2763090178-00&ServiceCd=130&Type=search", "url2": null }, "geometry": { "type": "Point", "coordinates": [ 135.535361238360338, 34.757389021066402 ] } },
{ "type": "Feature", "properties": { "内容": "訪問看護ステーション燈【訪問看護】大阪府大阪市東淀川区豊里2-6-6メゾン・リシェス101号", "url": "https://www.kaigokensaku.mhlw.go.jp/27/index.php?action_kouhyou_detail_004_kani=true&JigyosyoCd=2763090319-00&ServiceCd=130&Type=search", "url2": "https://akari-ns.jp" }, "geometry": { "type": "Point", "coordinates": [ 135.538629, 34.7378748 ] } },
{ "type": "Feature", "properties": { "内容": "よどきりこども訪問看護ステーション【訪問看護】大阪府大阪市東淀川区淡路2-3-6チャーム新大阪淡路1階", "url": "https://www.kaigokensaku.mhlw.go.jp/27/index.php?action_kouhyou_detail_004_kani=true&JigyosyoCd=2763090491-00&ServiceCd=130&Type=search", "url2": "http://www.machi-care.jp/" }, "geometry": { "type": "Point", "coordinates": [ 135.512447500376709, 34.735184519436579 ] } },
{ "type": "Feature", "properties": { "内容": "訪問看護ステーション　デューン北大阪【訪問看護】大阪府大阪市東淀川区淡路四丁目20番39号山神ビル2階", "url": "https://www.kaigokensaku.mhlw.go.jp/27/index.php?action_kouhyou_detail_004_kani=true&JigyosyoCd=2763090202-00&ServiceCd=130&Type=search", "url2": "https://www.nfield.co.jp/" }, "geometry": { "type": "Point", "coordinates": [ 135.513186575393689, 34.740592734936342 ] } },
{ "type": "Feature", "properties": { "内容": "アイはぴ訪問看護ステーション【訪問看護】大阪府大阪市東淀川区小松１−２−４I-HAL301", "url": "https://www.kaigokensaku.mhlw.go.jp/27/index.php?action_kouhyou_detail_004_kani=true&JigyosyoCd=2763090251-00&ServiceCd=130&Type=search", "url2": "http://ihapi.co" }, "geometry": { "type": "Point", "coordinates": [ 135.533492099999989, 34.75098460000001 ] } },
{ "type": "Feature", "properties": { "内容": "訪問看護ステーションAMANEKU大阪【訪問看護】大阪府大阪市東淀川区東淡路1-5-51　F-2", "url": "https://www.kaigokensaku.mhlw.go.jp/27/index.php?action_kouhyou_detail_004_kani=true&JigyosyoCd=2763090780-00&ServiceCd=130&Type=search", "url2": "https://nurse-station.amatuhi.co.jp/station/osaka/" }, "geometry": { "type": "Point", "coordinates": [ 135.521532012966929, 34.735382449803033 ] } },
{ "type": "Feature", "properties": { "内容": "訪問看護ステーションcocosia【訪問看護】大阪府大阪市東淀川区菅原６−１４−２０", "url": "https://www.kaigokensaku.mhlw.go.jp/27/index.php?action_kouhyou_detail_004_kani=true&JigyosyoCd=2763090764-00&ServiceCd=130&Type=search", "url2": null }, "geometry": { "type": "Point", "coordinates": [ 135.5219889, 34.7406006 ] } },
{ "type": "Feature", "properties": { "内容": "訪問看護ステーション菩提樹【訪問看護】大阪府大阪市東淀川区東中島4-12-9", "url": "https://www.kaigokensaku.mhlw.go.jp/27/index.php?action_kouhyou_detail_004_kani=true&JigyosyoCd=2763090814-00&ServiceCd=130&Type=search", "url2": null }, "geometry": { "type": "Point", "coordinates": [ 135.506385, 34.73425940000002 ] } },
{ "type": "Feature", "properties": { "内容": "リハビリ訪問看護ステーション　アルシア【訪問看護】大阪市東淀川区相川２丁目４番３号パレス東洋相川２号館２０３号", "url": "https://www.kaigokensaku.mhlw.go.jp/27/index.php?action_kouhyou_detail_004_kani=true&JigyosyoCd=2763090301-00&ServiceCd=130&Type=search", "url2": "http://www.alsia.net" }, "geometry": { "type": "Point", "coordinates": [ 135.534116899999958, 34.7567894 ] } },
{ "type": "Feature", "properties": { "内容": "NanaLa訪問看護ステーション【訪問看護】大阪府大阪市東淀川区東中島2丁目8-6新大阪駅前ビル801号室", "url": "https://www.kaigokensaku.mhlw.go.jp/27/index.php?action_kouhyou_detail_004_kani=true&JigyosyoCd=2763090624-00&ServiceCd=130&Type=search", "url2": "https://atcompany.jp/aoihimawari/" }, "geometry": { "type": "Point", "coordinates": [ 135.503794699999986, 34.728011500000015 ] } },
{ "type": "Feature", "properties": { "内容": "あんり訪問看護ステーション【訪問看護】大阪府大阪市東淀川区上新庄2丁目21-1司ビル3階", "url": "https://www.kaigokensaku.mhlw.go.jp/27/index.php?action_kouhyou_detail_004_kani=true&JigyosyoCd=2763090228-00&ServiceCd=130&Type=search", "url2": "http://anri-inc.jp/" }, "geometry": { "type": "Point", "coordinates": [ 135.532753299999968, 34.7487959 ] } },
{ "type": "Feature", "properties": { "内容": "あいゆな訪問看護ステーション【訪問看護】大阪府大阪市東淀川区淡路4丁目6-8ロフティ淡路Ⅰ102号室", "url": "https://www.kaigokensaku.mhlw.go.jp/27/index.php?action_kouhyou_detail_004_kani=true&JigyosyoCd=2763090459-00&ServiceCd=130&Type=search", "url2": "https://aiyuna.co.jp" }, "geometry": { "type": "Point", "coordinates": [ 135.514244500000018, 34.7393214 ] } },
{ "type": "Feature", "properties": { "内容": "訪問看護ステーション　リーヴ【訪問看護】大阪府大阪市東淀川区下新庄4丁目12-4", "url": "https://www.kaigokensaku.mhlw.go.jp/27/index.php?action_kouhyou_detail_004_kani=true&JigyosyoCd=2763090830-00&ServiceCd=130&Type=search", "url2": "https://www.fourstarplus.jp/" }, "geometry": { "type": "Point", "coordinates": [ 135.516974, 34.7472216 ] } },
{ "type": "Feature", "properties": { "内容": "ＳＴＹ訪問看護ステ－ション【訪問看護】大阪府大阪市東淀川区下新庄５丁目１２番２号うえたいマンション１階", "url": "https://www.kaigokensaku.mhlw.go.jp/27/index.php?action_kouhyou_detail_004_kani=true&JigyosyoCd=2763090236-00&ServiceCd=130&Type=search", "url2": "https://sty-care.com/index.html" }, "geometry": { "type": "Point", "coordinates": [ 135.520005849073755, 34.747370290851329 ] } },
{ "type": "Feature", "properties": { "内容": "KUKURU訪問看護ステーション【訪問看護】大阪府大阪市淀川区西中島3-20-8新和ビル603", "url": "https://www.kaigokensaku.mhlw.go.jp/27/index.php?action_kouhyou_detail_004_kani=true&JigyosyoCd=2769190816-00&ServiceCd=130&Type=search", "url2": "https://www.acht8.jp/" }, "geometry": { "type": "Point", "coordinates": [ 135.499204099999986, 34.727055 ] } },
{ "type": "Feature", "properties": { "内容": "ＳＯＭＰＯケア　淡路駅前　訪問看護【訪問看護】大阪府大阪市東淀川区淡路3-20-26", "url": "https://www.kaigokensaku.mhlw.go.jp/27/index.php?action_kouhyou_detail_004_kani=true&JigyosyoCd=2763090566-00&ServiceCd=130&Type=search", "url2": "https://www.sompocare.com/service/zaitaku/kango/Z000849" }, "geometry": { "type": "Point", "coordinates": [ 135.5137183, 34.740008 ] } },
{ "type": "Feature", "properties": { "内容": "ココユイ訪問看護ステーション【訪問看護】大阪府大阪市東淀川区淡路3-17-3ハイツASK101号", "url": "https://www.kaigokensaku.mhlw.go.jp/27/index.php?action_kouhyou_detail_004_kani=true&JigyosyoCd=2763090822-00&ServiceCd=130&Type=search", "url2": "https://cocoyui-1101-kango.wepage.com/" }, "geometry": { "type": "Point", "coordinates": [ 135.5110521, 34.7390436 ] } },
{ "type": "Feature", "properties": { "内容": "よどきり訪問看護ステーション【訪問看護】大阪府大阪市東淀川区豊新4-26-3", "url": "https://www.kaigokensaku.mhlw.go.jp/27/index.php?action_kouhyou_detail_004_kani=true&JigyosyoCd=2763090285-00&ServiceCd=130&Type=search", "url2": "http://www.machi-care.jp" }, "geometry": { "type": "Point", "coordinates": [ 135.533520606745924, 34.74560811357383 ] } },
{ "type": "Feature", "properties": { "内容": "医療法人健生会みどり訪問看護ステーション【訪問看護】大阪府大阪市東成区東中本一丁目4番12号", "url": "https://www.kaigokensaku.mhlw.go.jp/27/index.php?action_kouhyou_detail_004_kani=true&JigyosyoCd=2761590245-00&ServiceCd=130&Type=search", "url2": "https://fukudaclinic-midoribashi.com/" }, "geometry": { "type": "Point", "coordinates": [ 135.547337002481498, 34.681309128380434 ] } },
{ "type": "Feature", "properties": { "内容": "訪問看護ステーション　弘善会矢木【訪問看護】大阪府大阪市東成区東今里2-12-26", "url": "https://www.kaigokensaku.mhlw.go.jp/27/index.php?action_kouhyou_detail_004_kani=true&JigyosyoCd=2761590401-00&ServiceCd=130&Type=search", "url2": "https://yagi.link/houkan/" }, "geometry": { "type": "Point", "coordinates": [ 135.550474078048694, 34.677937873234967 ] } },
{ "type": "Feature", "properties": { "内容": "医療法人川上クリニック【訪問看護】大阪府大阪市東成区玉津1丁目11-22", "url": "https://www.kaigokensaku.mhlw.go.jp/27/index.php?action_kouhyou_detail_004_kani=true&JigyosyoCd=2711503918-00&ServiceCd=130&Type=search", "url2": "http://www.kawakami-c.com/" }, "geometry": { "type": "Point", "coordinates": [ 135.536880699999983, 34.6707165 ] } },
{ "type": "Feature", "properties": { "内容": "訪問看護ステーションティスメイト【訪問看護】大阪府大阪市東成区神路一丁目6番18号濱上ビル601", "url": "https://www.kaigokensaku.mhlw.go.jp/27/index.php?action_kouhyou_detail_004_kani=true&JigyosyoCd=2761590294-00&ServiceCd=130&Type=search", "url2": "http://www.aicivil.com" }, "geometry": { "type": "Point", "coordinates": [ 135.555617500000011, 34.679553100000014 ] } },
{ "type": "Feature", "properties": { "内容": "アクティブ訪問看護ステーション大阪【訪問看護】大阪府大阪市東成区大今里三丁目22番36号2階", "url": "https://www.kaigokensaku.mhlw.go.jp/27/index.php?action_kouhyou_detail_004_kani=true&JigyosyoCd=2761590112-00&ServiceCd=130&Type=search", "url2": "http://active-nopsj.com/" }, "geometry": { "type": "Point", "coordinates": [ 135.54509689851858, 34.669240471627539 ] } },
{ "type": "Feature", "properties": { "内容": "訪問看護ステーションこもれび【訪問看護】大阪府大阪市東成区深江北２－１－３", "url": "https://www.kaigokensaku.mhlw.go.jp/27/index.php?action_kouhyou_detail_004_kani=true&JigyosyoCd=2761590443-00&ServiceCd=130&Type=search", "url2": "https://approvare.co.jp/" }, "geometry": { "type": "Point", "coordinates": [ 135.55845260000001, 34.6787138 ] } },
{ "type": "Feature", "properties": { "内容": "訪問看護ステーションめりっと【訪問看護】大阪府大阪市東成区東小橋２丁目８番２５号プランドールK３０３号", "url": "https://www.kaigokensaku.mhlw.go.jp/27/index.php?action_kouhyou_detail_004_kani=true&JigyosyoCd=2761590195-00&ServiceCd=130&Type=search", "url2": "http://florence-kango-osaka.jp/" }, "geometry": { "type": "Point", "coordinates": [ 135.53317519999996, 34.6683727 ] } },
{ "type": "Feature", "properties": { "内容": "東成ヤマシン訪問看護ステーション【訪問看護】大阪府大阪市東成区神路四丁目2番3号新深江ベルハイツ101号室", "url": "https://www.kaigokensaku.mhlw.go.jp/27/index.php?action_kouhyou_detail_004_kani=true&JigyosyoCd=2761590484-00&ServiceCd=130&Type=search", "url2": "http://www.yamasin.co.jp/kango/" }, "geometry": { "type": "Point", "coordinates": [ 135.5522617, 34.6696898 ] } },
{ "type": "Feature", "properties": { "内容": "ゆう訪問看護ステーション【訪問看護】大阪府大阪市東成区深江北３丁目６番３０号ケーアイムコート深江　５０３", "url": "https://www.kaigokensaku.mhlw.go.jp/27/index.php?action_kouhyou_detail_004_kani=true&JigyosyoCd=2761590187-00&ServiceCd=130&Type=search", "url2": null }, "geometry": { "type": "Point", "coordinates": [ 135.5619623, 34.6772754 ] } },
{ "type": "Feature", "properties": { "内容": "花楽園訪問看護ステーション【訪問看護】大阪府大阪市東成区深江南2丁目13番25号　1階花楽園新深江", "url": "https://www.kaigokensaku.mhlw.go.jp/27/index.php?action_kouhyou_detail_004_kani=true&JigyosyoCd=2761590385-00&ServiceCd=130&Type=search", "url2": "https://karakuen.net/company/" }, "geometry": { "type": "Point", "coordinates": [ 135.5573278, 34.669381 ] } },
{ "type": "Feature", "properties": { "内容": "訪問看護ステーションラテ【訪問看護】大阪府大阪市東成区大今里南4丁目１３番２８号", "url": "https://www.kaigokensaku.mhlw.go.jp/27/index.php?action_kouhyou_detail_004_kani=true&JigyosyoCd=2761590427-00&ServiceCd=130&Type=search", "url2": "https://www.houkan-latte.com" }, "geometry": { "type": "Point", "coordinates": [ 135.5515916, 34.6660999 ] } },
{ "type": "Feature", "properties": { "内容": "はしる訪問看護ステーション【訪問看護】大阪府大阪市東成区大今里南1-22-13ウィステリア今里805号室", "url": "https://www.kaigokensaku.mhlw.go.jp/27/index.php?action_kouhyou_detail_004_kani=true&JigyosyoCd=2761590286-00&ServiceCd=130&Type=search", "url2": null }, "geometry": { "type": "Point", "coordinates": [ 135.542727113967629, 34.66553599916648 ] } },
{ "type": "Feature", "properties": { "内容": "訪問看護ステーション　しほう【訪問看護】大阪府大阪市東成区東中本2丁目10－10", "url": "https://www.kaigokensaku.mhlw.go.jp/27/index.php?action_kouhyou_detail_004_kani=true&JigyosyoCd=2761590062-00&ServiceCd=130&Type=search", "url2": "http://www.shiho-total-k.jp/" }, "geometry": { "type": "Point", "coordinates": [ 135.5475394, 34.6790234 ] } },
{ "type": "Feature", "properties": { "内容": "訪問看護ステーション　すいぞくかん【訪問看護】大阪府大阪市東成区深江南３丁目２２番１５号アトレーユ深江１０１", "url": "https://www.kaigokensaku.mhlw.go.jp/27/index.php?action_kouhyou_detail_004_kani=true&JigyosyoCd=2761590096-00&ServiceCd=130&Type=search", "url2": null }, "geometry": { "type": "Point", "coordinates": [ 135.561649399999965, 34.668622200000023 ] } },
{ "type": "Feature", "properties": { "内容": "訪問看護ステーション公道会とびら【訪問看護】大阪府大阪市東成区大今里南4－8－11", "url": "https://www.kaigokensaku.mhlw.go.jp/27/index.php?action_kouhyou_detail_004_kani=true&JigyosyoCd=2761590310-00&ServiceCd=130&Type=search", "url2": "https://kodokai.or.jp" }, "geometry": { "type": "Point", "coordinates": [ 135.552377, 34.6668622 ] } },
{ "type": "Feature", "properties": { "内容": "社会医療法人大道会　訪問看護ステーション東成おおみち【訪問看護】大阪府大阪市東成区大今里西3-9-7サンパールビルⅡ2F", "url": "https://www.kaigokensaku.mhlw.go.jp/27/index.php?action_kouhyou_detail_004_kani=true&JigyosyoCd=2761590047-00&ServiceCd=130&Type=search", "url2": "https://www.omichikai.or.jp/welfare_care/facility/visit_higasinari" }, "geometry": { "type": "Point", "coordinates": [ 135.542540068696468, 34.666976110225058 ] } },
{ "type": "Feature", "properties": { "内容": "一般社団法人医療看護110番リハビリ訪問看護ステーション【訪問看護】大阪府大阪市東成区大今里西1丁目24‐20プレアール今里1階", "url": "https://www.kaigokensaku.mhlw.go.jp/27/index.php?action_kouhyou_detail_004_kani=true&JigyosyoCd=2761590153-00&ServiceCd=130&Type=search", "url2": "http://hp.kaipoke.biz/fh4/88968/base_0007.html" }, "geometry": { "type": "Point", "coordinates": [ 135.541607292559746, 34.671302647335942 ] } },
{ "type": "Feature", "properties": { "内容": "東成区医師会訪問看護ステーション【訪問看護】大阪府大阪市東成区大今里西2丁目7番17号東成区医師会館1階", "url": "https://www.kaigokensaku.mhlw.go.jp/27/index.php?action_kouhyou_detail_004_kani=true&JigyosyoCd=2761590344-00&ServiceCd=130&Type=search", "url2": "https://www.higashinari-med.or.jp/station/" }, "geometry": { "type": "Point", "coordinates": [ 135.540733100000011, 34.6705226 ] } },
{ "type": "Feature", "properties": { "内容": "ユニケア訪問看護ステーション東成【訪問看護】大阪府大阪市東成区大今里西2−17−10プレジデント今里1006号", "url": "https://www.kaigokensaku.mhlw.go.jp/27/index.php?action_kouhyou_detail_004_kani=true&JigyosyoCd=2761590369-00&ServiceCd=130&Type=search", "url2": null }, "geometry": { "type": "Point", "coordinates": [ 135.5417517, 34.6689852 ] } },
{ "type": "Feature", "properties": { "内容": "ふぁむう訪問看護ステーション【訪問看護】中本三丁目17-10-303", "url": "https://www.kaigokensaku.mhlw.go.jp/27/index.php?action_kouhyou_detail_004_kani=true&JigyosyoCd=2761590302-00&ServiceCd=130&Type=search", "url2": null }, "geometry": { "type": "Point", "coordinates": [ 135.5438709, 34.6783056 ] } },
{ "type": "Feature", "properties": { "内容": "介護レスキュー惠訪問看護ステーション【訪問看護】大阪府大阪市東成区中本4-13-5エイトステイツ玉造304号", "url": "https://www.kaigokensaku.mhlw.go.jp/27/index.php?action_kouhyou_detail_004_kani=true&JigyosyoCd=2761590468-00&ServiceCd=130&Type=search", "url2": "https://www.kaigoresukyu-megumi.com/" }, "geometry": { "type": "Point", "coordinates": [ 135.5400294, 34.6746137 ] } },
{ "type": "Feature", "properties": { "内容": "リンクハート訪問看護ステーション【訪問看護】大阪府大阪市東成区東中本3丁目19-23東祥ビル6階", "url": "https://www.kaigokensaku.mhlw.go.jp/27/index.php?action_kouhyou_detail_004_kani=true&JigyosyoCd=2761590229-00&ServiceCd=130&Type=search", "url2": "https://link-ring.jp/company/" }, "geometry": { "type": "Point", "coordinates": [ 135.543994952163359, 34.674853028832075 ] } },
{ "type": "Feature", "properties": { "内容": "訪問看護ステーション　arc【訪問看護】大阪府大阪市東成区大今里南1-22-13ウィステリア今里301", "url": "https://www.kaigokensaku.mhlw.go.jp/27/index.php?action_kouhyou_detail_004_kani=true&JigyosyoCd=2761590450-00&ServiceCd=130&Type=search", "url2": null }, "geometry": { "type": "Point", "coordinates": [ 135.542817, 34.6655345 ] } },
{ "type": "Feature", "properties": { "内容": "岩本訪問看護ステーション【訪問看護】大阪府大阪市東成区中道3-8-21ペピイハッピープレイス2階", "url": "https://www.kaigokensaku.mhlw.go.jp/27/index.php?action_kouhyou_detail_004_kani=true&JigyosyoCd=2761590351-00&ServiceCd=130&Type=search", "url2": "https://iwamotohoumonkango.com/" }, "geometry": { "type": "Point", "coordinates": [ 135.533911, 34.675732600000011 ] } },
{ "type": "Feature", "properties": { "内容": "訪問看護ステーション暖【訪問看護】大阪府大阪市東成区深江南1-16-31302", "url": "https://www.kaigokensaku.mhlw.go.jp/27/index.php?action_kouhyou_detail_004_kani=true&JigyosyoCd=2761590518-00&ServiceCd=130&Type=search", "url2": null }, "geometry": { "type": "Point", "coordinates": [ 135.5549322, 34.6685232 ] } },
{ "type": "Feature", "properties": { "内容": "ふうびナースステーション【訪問看護】大阪市生野区田島3-1-28", "url": "https://www.kaigokensaku.mhlw.go.jp/27/index.php?action_kouhyou_detail_004_kani=true&JigyosyoCd=2762290878-00&ServiceCd=130&Type=search", "url2": null }, "geometry": { "type": "Point", "coordinates": [ 135.5406251, 34.6488626 ] } },
{ "type": "Feature", "properties": { "内容": "訪問看護みかん【訪問看護】大阪市生野区小路東4-9-22ティソフィアⅡ1階", "url": "https://www.kaigokensaku.mhlw.go.jp/27/index.php?action_kouhyou_detail_004_kani=true&JigyosyoCd=2762290886-00&ServiceCd=130&Type=search", "url2": null }, "geometry": { "type": "Point", "coordinates": [ 135.556783, 34.658037 ] } },
{ "type": "Feature", "properties": { "内容": "訪問看護ステーションCrescent【訪問看護】大阪府大阪市生野区新今里１丁目８番９号202号", "url": "https://www.kaigokensaku.mhlw.go.jp/27/index.php?action_kouhyou_detail_004_kani=true&JigyosyoCd=2762290951-00&ServiceCd=130&Type=search", "url2": "https://crescent24.co.jp" }, "geometry": { "type": "Point", "coordinates": [ 135.543757100000022, 34.6644878 ] } },
{ "type": "Feature", "properties": { "内容": "パリエ訪問看護ステーション【訪問看護】大阪府大阪市生野区巽中1-8-3ヤマシタビル1階", "url": "https://www.kaigokensaku.mhlw.go.jp/27/index.php?action_kouhyou_detail_004_kani=true&JigyosyoCd=2762290209-00&ServiceCd=130&Type=search", "url2": "http://pallia.jp" }, "geometry": { "type": "Point", "coordinates": [ 135.550340505912828, 34.653238429525175 ] } },
{ "type": "Feature", "properties": { "内容": "フォーシーズン訪問看護ステーション【訪問看護】大阪市生野区新今里３－２３－１０", "url": "https://www.kaigokensaku.mhlw.go.jp/27/index.php?action_kouhyou_detail_004_kani=true&JigyosyoCd=2762290050-00&ServiceCd=130&Type=search", "url2": "http://www.ikuno-chuo.com/kiwakai.html" }, "geometry": { "type": "Point", "coordinates": [ 135.54635380000002, 34.658698 ] } },
{ "type": "Feature", "properties": { "内容": "菜の花訪問看護ステーション【訪問看護】大阪府大阪市生野区勝山北二丁目11番22号", "url": "https://www.kaigokensaku.mhlw.go.jp/27/index.php?action_kouhyou_detail_004_kani=true&JigyosyoCd=2762290167-00&ServiceCd=130&Type=search", "url2": "http://www.nanohana-osaka.com" }, "geometry": { "type": "Point", "coordinates": [ 135.530735233100472, 34.655537939846951 ] } },
{ "type": "Feature", "properties": { "内容": "訪問看護ステーション　きょうわ【訪問看護】大阪市生野区勝山南４－１６－１０共和病院北館２階", "url": "https://www.kaigokensaku.mhlw.go.jp/27/index.php?action_kouhyou_detail_004_kani=true&JigyosyoCd=2762290043-00&ServiceCd=130&Type=search", "url2": "http://kyowag.org/" }, "geometry": { "type": "Point", "coordinates": [ 135.540368400000034, 34.6525707 ] } },
{ "type": "Feature", "properties": { "内容": "ナースエコー訪問看護ステーション【訪問看護】大阪府大阪市生野区勝山南2-7-18勝山南ビル1階", "url": "https://www.kaigokensaku.mhlw.go.jp/27/index.php?action_kouhyou_detail_004_kani=true&JigyosyoCd=2762290365-00&ServiceCd=130&Type=search", "url2": null }, "geometry": { "type": "Point", "coordinates": [ 135.530687, 34.6520724 ] } },
{ "type": "Feature", "properties": { "内容": "Ace訪問看護ステーション【訪問看護】大阪府大阪市生野区生野西4-19-10", "url": "https://www.kaigokensaku.mhlw.go.jp/27/index.php?action_kouhyou_detail_004_kani=true&JigyosyoCd=2762290415-00&ServiceCd=130&Type=search", "url2": "https://www.acewelfare.com" }, "geometry": { "type": "Point", "coordinates": [ 135.528267086212168, 34.646273281989224 ] } },
{ "type": "Feature", "properties": { "内容": "i-Life訪問看護ステーション【訪問看護】大阪府大阪市生野区巽北三丁目5番5号", "url": "https://www.kaigokensaku.mhlw.go.jp/27/index.php?action_kouhyou_detail_004_kani=true&JigyosyoCd=2762290399-00&ServiceCd=130&Type=search", "url2": "https://ilife-kango.com/" }, "geometry": { "type": "Point", "coordinates": [ 135.553635799999938, 34.6559574 ] } },
{ "type": "Feature", "properties": { "内容": "訪問看護ステーション友楽園いくの【訪問看護】大阪府大阪市生野区林寺5-11-3", "url": "https://www.kaigokensaku.mhlw.go.jp/27/index.php?action_kouhyou_detail_004_kani=true&JigyosyoCd=2762290563-00&ServiceCd=130&Type=search", "url2": "http://www.tomix.care/" }, "geometry": { "type": "Point", "coordinates": [ 135.5381591, 34.6452557 ] } },
{ "type": "Feature", "properties": { "内容": "訪問看護ステーションリノ【訪問看護】大阪府大阪市生野区生野東1-2-18のんビレッジ生野2F", "url": "https://www.kaigokensaku.mhlw.go.jp/27/index.php?action_kouhyou_detail_004_kani=true&JigyosyoCd=2762290852-00&ServiceCd=130&Type=search", "url2": null }, "geometry": { "type": "Point", "coordinates": [ 135.5319407, 34.651094 ] } },
{ "type": "Feature", "properties": { "内容": "おかもと訪問看護ステーション生野【訪問看護】大阪府大阪市生野区新今里４丁目10‐９フジモトビル201号室", "url": "https://www.kaigokensaku.mhlw.go.jp/27/index.php?action_kouhyou_detail_004_kani=true&JigyosyoCd=2762290779-00&ServiceCd=130&Type=search", "url2": "https://okamoto-hns.com/" }, "geometry": { "type": "Point", "coordinates": [ 135.5500817, 34.662537 ] } },
{ "type": "Feature", "properties": { "内容": "かがやき訪問看護ステーション布施【訪問看護】大阪府大阪市生野区小路東一丁目11番2号", "url": "https://www.kaigokensaku.mhlw.go.jp/27/index.php?action_kouhyou_detail_004_kani=true&JigyosyoCd=2762290720-00&ServiceCd=130&Type=search", "url2": "http://www.kagayaki-st.com/" }, "geometry": { "type": "Point", "coordinates": [ 135.5578854, 34.6631338 ] } },
{ "type": "Feature", "properties": { "内容": "いま訪問看護リハビリステーション生野【訪問看護】大阪府大阪市生野区巽南5-4-18", "url": "https://www.kaigokensaku.mhlw.go.jp/27/index.php?action_kouhyou_detail_004_kani=true&JigyosyoCd=2762290456-00&ServiceCd=130&Type=search", "url2": "https://nurse-care.jp/" }, "geometry": { "type": "Point", "coordinates": [ 135.552325339286796, 34.638037831647168 ] } },
{ "type": "Feature", "properties": { "内容": "訪問看護ステーション　スマイルケアひばり【訪問看護】大阪府大阪市生野区新今里4-13-19", "url": "https://www.kaigokensaku.mhlw.go.jp/27/index.php?action_kouhyou_detail_004_kani=true&JigyosyoCd=2762290761-00&ServiceCd=130&Type=search", "url2": null }, "geometry": { "type": "Point", "coordinates": [ 135.549381899999986, 34.6619674 ] } },
{ "type": "Feature", "properties": { "内容": "訪問看護ステーション　きゃら【訪問看護】大阪府大阪市生野区鶴橋1-1-41", "url": "https://www.kaigokensaku.mhlw.go.jp/27/index.php?action_kouhyou_detail_004_kani=true&JigyosyoCd=2762290191-00&ServiceCd=130&Type=search", "url2": "https://kyara-home.jp" }, "geometry": { "type": "Point", "coordinates": [ 135.52989679999996, 34.664069 ] } },
{ "type": "Feature", "properties": { "内容": "アシスト訪問看護ステーション【訪問看護】大阪府大阪市生野区巽中4-1-1アシスト巽センター201", "url": "https://www.kaigokensaku.mhlw.go.jp/27/index.php?action_kouhyou_detail_004_kani=true&JigyosyoCd=2762290811-00&ServiceCd=130&Type=search", "url2": "https://genkinakaigo.co.jp/" }, "geometry": { "type": "Point", "coordinates": [ 135.5488973, 34.6449398 ] } },
{ "type": "Feature", "properties": { "内容": "樹訪問看護ステーション【訪問看護】大阪府大阪市生野区小路3丁目11-4", "url": "https://www.kaigokensaku.mhlw.go.jp/27/index.php?action_kouhyou_detail_004_kani=true&JigyosyoCd=2762290266-00&ServiceCd=130&Type=search", "url2": "http://www.tatuki-vns.com" }, "geometry": { "type": "Point", "coordinates": [ 135.554264780944607, 34.657700627404232 ] } },
{ "type": "Feature", "properties": { "内容": "訪問看護ステーション心音【訪問看護】大阪府大阪市生野区新今里4-3-17", "url": "https://www.kaigokensaku.mhlw.go.jp/27/index.php?action_kouhyou_detail_004_kani=true&JigyosyoCd=2762290829-00&ServiceCd=130&Type=search", "url2": "https://bansousha-inc.co.jp/" }, "geometry": { "type": "Point", "coordinates": [ 135.5501195, 34.6639994 ] } },
{ "type": "Feature", "properties": { "内容": "訪問看護ステーション鳳凰【訪問看護】大阪府大阪市生野区生野西４丁目１４番４号", "url": "https://www.kaigokensaku.mhlw.go.jp/27/index.php?action_kouhyou_detail_004_kani=true&JigyosyoCd=2762290472-00&ServiceCd=130&Type=search", "url2": "https://www.houou-ns.com/" }, "geometry": { "type": "Point", "coordinates": [ 135.5266449, 34.6472342 ] } },
{ "type": "Feature", "properties": { "内容": "アートケア訪問看護ステーション【訪問看護】大阪府大阪市生野区勝山南2-6-32", "url": "https://www.kaigokensaku.mhlw.go.jp/27/index.php?action_kouhyou_detail_004_kani=true&JigyosyoCd=2762290332-00&ServiceCd=130&Type=search", "url2": "http://artcarehokan.jimdofree.com" }, "geometry": { "type": "Point", "coordinates": [ 135.529426400000034, 34.652256399999985 ] } },
{ "type": "Feature", "properties": { "内容": "つき訪問看護ステーション【訪問看護】大阪府大阪市生野区小路東4-14-8", "url": "https://www.kaigokensaku.mhlw.go.jp/27/index.php?action_kouhyou_detail_004_kani=true&JigyosyoCd=2762290662-00&ServiceCd=130&Type=search", "url2": null }, "geometry": { "type": "Point", "coordinates": [ 135.558510899999987, 34.6576322 ] } },
{ "type": "Feature", "properties": { "内容": "慶生会訪問看護ステーション【訪問看護】大阪府大阪市生野区巽東2－18－1慶生会ビル2階", "url": "https://www.kaigokensaku.mhlw.go.jp/27/index.php?action_kouhyou_detail_004_kani=true&JigyosyoCd=2762290142-00&ServiceCd=130&Type=search", "url2": "http://www.kyouseikai.org/" }, "geometry": { "type": "Point", "coordinates": [ 135.553789700000038, 34.6451054 ] } },
{ "type": "Feature", "properties": { "内容": "訪問看護ステーションきぼうの家【訪問看護】大阪府大阪市生野区巽北1-3-17きぼうの家", "url": "https://www.kaigokensaku.mhlw.go.jp/27/index.php?action_kouhyou_detail_004_kani=true&JigyosyoCd=2762290522-00&ServiceCd=130&Type=search", "url2": "http://kibo-ie.com" }, "geometry": { "type": "Point", "coordinates": [ 135.5433648, 34.6552683 ] } },
{ "type": "Feature", "properties": { "内容": "はくば訪問看護ステーション【訪問看護】大阪府大阪市生野区新今里5-4-10ランド新今里101", "url": "https://www.kaigokensaku.mhlw.go.jp/27/index.php?action_kouhyou_detail_004_kani=true&JigyosyoCd=2762290621-00&ServiceCd=130&Type=search", "url2": "https://www.hakuba-nursinng-care.com" }, "geometry": { "type": "Point", "coordinates": [ 135.54882285767215, 34.66114507436977 ] } },
{ "type": "Feature", "properties": { "内容": "しらさぎの郷　訪問看護ステーション【訪問看護】大阪市生野区新今里1-20-2", "url": "https://www.kaigokensaku.mhlw.go.jp/27/index.php?action_kouhyou_detail_004_kani=true&JigyosyoCd=2762290340-00&ServiceCd=130&Type=search", "url2": null }, "geometry": { "type": "Point", "coordinates": [ 135.544964899999968, 34.6625363 ] } },
{ "type": "Feature", "properties": { "内容": "陽の出訪問看護ステーション【訪問看護】大阪府大阪市生野区田島5丁目3-14203", "url": "https://www.kaigokensaku.mhlw.go.jp/27/index.php?action_kouhyou_detail_004_kani=true&JigyosyoCd=2762290316-00&ServiceCd=130&Type=search", "url2": null }, "geometry": { "type": "Point", "coordinates": [ 135.540790900000047, 34.6445546 ] } },
{ "type": "Feature", "properties": { "内容": "育和会訪問看護ステーション【訪問看護】大阪府大阪市生野区巽北3丁目19－8", "url": "https://www.kaigokensaku.mhlw.go.jp/27/index.php?action_kouhyou_detail_004_kani=true&JigyosyoCd=2762290423-00&ServiceCd=130&Type=search", "url2": "https://houkan.ikuwakai.or.jp/" }, "geometry": { "type": "Point", "coordinates": [ 135.554651208181724, 34.655973467435601 ] } },
{ "type": "Feature", "properties": { "内容": "笑みサポ訪問看護ステーション今里【訪問看護】大阪府大阪市生野区桃谷三丁目7番24号東海マンション306号室", "url": "https://www.kaigokensaku.mhlw.go.jp/27/index.php?action_kouhyou_detail_004_kani=true&JigyosyoCd=2762290993-00&ServiceCd=130&Type=search", "url2": null }, "geometry": { "type": "Point", "coordinates": [ 135.5346639, 34.660823800000038 ] } },
{ "type": "Feature", "properties": { "内容": "おむすび訪問看護ステーション【訪問看護】大阪府大阪市生野区巽中４－１１－２７メゾンマツウラ104号", "url": "https://www.kaigokensaku.mhlw.go.jp/27/index.php?action_kouhyou_detail_004_kani=true&JigyosyoCd=2762290928-00&ServiceCd=130&Type=search", "url2": null }, "geometry": { "type": "Point", "coordinates": [ 135.55062860000001, 34.6427912 ] } },
{ "type": "Feature", "properties": { "内容": "訪問看護ステーションみらあ生野店【訪問看護】大阪府大阪市生野区中川西2-12-19FREEBASEコリアタウンA号地", "url": "https://www.kaigokensaku.mhlw.go.jp/27/index.php?action_kouhyou_detail_004_kani=true&JigyosyoCd=2762290894-00&ServiceCd=130&Type=search", "url2": "https://miraa.co.jp/" }, "geometry": { "type": "Point", "coordinates": [ 135.5407219, 34.6604563 ] } },
{ "type": "Feature", "properties": { "内容": "訪問看護ステーションがじゅまる【訪問看護】大阪府大阪市生野区小路2-10-4塩川第三ビルハイツオサム201", "url": "https://www.kaigokensaku.mhlw.go.jp/27/index.php?action_kouhyou_detail_004_kani=true&JigyosyoCd=2762290860-00&ServiceCd=130&Type=search", "url2": "http://youallbuddy.com" }, "geometry": { "type": "Point", "coordinates": [ 135.5534192, 34.65977740000001 ] } },
{ "type": "Feature", "properties": { "内容": "セイワメディカル訪問看護ステーション【訪問看護】大阪府大阪市生野区勝山南4-5-6K'sⅡ３階", "url": "https://www.kaigokensaku.mhlw.go.jp/27/index.php?action_kouhyou_detail_004_kani=true&JigyosyoCd=2762290670-00&ServiceCd=130&Type=search", "url2": "https://seiwa-medical.com/" }, "geometry": { "type": "Point", "coordinates": [ 135.5392186, 34.6535565 ] } },
{ "type": "Feature", "properties": { "内容": "テデケア訪問看護ステーション【訪問看護】大阪府大阪市生野区生野東2-1-23森本ビル302号", "url": "https://www.kaigokensaku.mhlw.go.jp/27/index.php?action_kouhyou_detail_004_kani=true&JigyosyoCd=2762290803-00&ServiceCd=130&Type=search", "url2": "https://tedecare.com" }, "geometry": { "type": "Point", "coordinates": [ 135.5299841, 34.6474109 ] } },
{ "type": "Feature", "properties": { "内容": "一般社団法人よすが訪問看護ステーション【訪問看護】大阪府大阪市生野区勝山北五丁目21番10号", "url": "https://www.kaigokensaku.mhlw.go.jp/27/index.php?action_kouhyou_detail_004_kani=true&JigyosyoCd=2762290555-00&ServiceCd=130&Type=search", "url2": "http://hp.kaipoke.biz/8y9/" }, "geometry": { "type": "Point", "coordinates": [ 135.539237800000024, 34.6538553 ] } },
{ "type": "Feature", "properties": { "内容": "訪問看護ステーションすぺさぽ【訪問看護】大阪府大阪市生野区中川6-8-18202", "url": "https://www.kaigokensaku.mhlw.go.jp/27/index.php?action_kouhyou_detail_004_kani=true&JigyosyoCd=2762290837-00&ServiceCd=130&Type=search", "url2": null }, "geometry": { "type": "Point", "coordinates": [ 135.5414321, 34.6546595 ] } },
{ "type": "Feature", "properties": { "内容": "IKUNO訪問看護ステーション【訪問看護】大阪府大阪市生野区巽北3-10-181階", "url": "https://www.kaigokensaku.mhlw.go.jp/27/index.php?action_kouhyou_detail_004_kani=true&JigyosyoCd=2762290712-00&ServiceCd=130&Type=search", "url2": null }, "geometry": { "type": "Point", "coordinates": [ 135.5524897, 34.6550802 ] } },
{ "type": "Feature", "properties": { "内容": "訪問看護ステーション　ココロ【訪問看護】大阪府大阪市生野区巽南五丁目16番29号コスモハイツ幸久101号", "url": "https://www.kaigokensaku.mhlw.go.jp/27/index.php?action_kouhyou_detail_004_kani=true&JigyosyoCd=2762290480-00&ServiceCd=130&Type=search", "url2": null }, "geometry": { "type": "Point", "coordinates": [ 135.553142516007966, 34.634515690098233 ] } },
{ "type": "Feature", "properties": { "内容": "わんハート訪問看護ステーション【訪問看護】大阪府大阪市生野区田島2-2-15", "url": "https://www.kaigokensaku.mhlw.go.jp/27/index.php?action_kouhyou_detail_004_kani=true&JigyosyoCd=2762290506-00&ServiceCd=130&Type=search", "url2": null }, "geometry": { "type": "Point", "coordinates": [ 135.540897219210137, 34.649198287559685 ] } },
{ "type": "Feature", "properties": { "内容": "OGK訪問看護【訪問看護】大阪府大阪市生野区小路１丁目９−２０K-SOHO小路SouthWingS-08", "url": "https://www.kaigokensaku.mhlw.go.jp/27/index.php?action_kouhyou_detail_004_kani=true&JigyosyoCd=2762291025-00&ServiceCd=130&Type=search", "url2": "https://ky017rmpg.wixsite.com/mysite" }, "geometry": { "type": "Point", "coordinates": [ 135.554150099999987, 34.6630877 ] } },
{ "type": "Feature", "properties": { "内容": "訪問看護ステーション希（のぞみ）【訪問看護】大阪府大阪市生野区巽中2丁目7番33号パナハイツマツダ101号", "url": "https://www.kaigokensaku.mhlw.go.jp/27/index.php?action_kouhyou_detail_004_kani=true&JigyosyoCd=2762290258-00&ServiceCd=130&Type=search", "url2": "https://houkan-nozomi.jimdofree.com/" }, "geometry": { "type": "Point", "coordinates": [ 135.54930939999997, 34.6501157 ] } },
{ "type": "Feature", "properties": { "内容": "グリーン訪問看護ステーション【訪問看護】大阪府大阪市生野区巽北三丁目１４番３号コスモビル４階", "url": "https://www.kaigokensaku.mhlw.go.jp/27/index.php?action_kouhyou_detail_004_kani=true&JigyosyoCd=2762290324-00&ServiceCd=130&Type=search", "url2": "https://www.greenvns.com" }, "geometry": { "type": "Point", "coordinates": [ 135.55263690000001, 34.6537453 ] } },
{ "type": "Feature", "properties": { "内容": "訪問看護ステーションつどい【訪問看護】大阪市生野区田島１－１０－５", "url": "https://www.kaigokensaku.mhlw.go.jp/27/index.php?action_kouhyou_detail_004_kani=true&JigyosyoCd=2762290035-00&ServiceCd=130&Type=search", "url2": null }, "geometry": { "type": "Point", "coordinates": [ 135.542601500000046, 34.653279 ] } },
{ "type": "Feature", "properties": { "内容": "訪問看護ステーションおはなHeart【訪問看護】大阪府大阪市生野区田島4−3−32", "url": "https://www.kaigokensaku.mhlw.go.jp/27/index.php?action_kouhyou_detail_004_kani=true&JigyosyoCd=2762290639-00&ServiceCd=130&Type=search", "url2": null }, "geometry": { "type": "Point", "coordinates": [ 135.5400905, 34.6467192 ] } },
{ "type": "Feature", "properties": { "内容": "訪問看護ステーションはな布施【訪問看護】大阪府大阪市生野区小路東6-14-17ノーブル布施1F", "url": "https://www.kaigokensaku.mhlw.go.jp/27/index.php?action_kouhyou_detail_004_kani=true&JigyosyoCd=2762291009-00&ServiceCd=130&Type=search", "url2": null }, "geometry": { "type": "Point", "coordinates": [ 135.56269180000001, 34.6560232 ] } },
{ "type": "Feature", "properties": { "内容": "訪問看護ステーションひだまり【訪問看護】大阪府大阪市生野区巽中1－19－24巽グリーンハイツ406号", "url": "https://www.kaigokensaku.mhlw.go.jp/27/index.php?action_kouhyou_detail_004_kani=true&JigyosyoCd=2762291033-00&ServiceCd=130&Type=search", "url2": null }, "geometry": { "type": "Point", "coordinates": [ 135.5532799, 34.6521333 ] } },
{ "type": "Feature", "properties": { "内容": "こうめ訪問看護ステーション【訪問看護】大阪府大阪市生野区林寺四丁目17番12号", "url": "https://www.kaigokensaku.mhlw.go.jp/27/index.php?action_kouhyou_detail_004_kani=true&JigyosyoCd=2762290738-00&ServiceCd=130&Type=search", "url2": "https://koume.imatoku-medic.com/" }, "geometry": { "type": "Point", "coordinates": [ 135.5349593, 34.6405465 ] } },
{ "type": "Feature", "properties": { "内容": "医療法人葛西医院　訪問看護ステーションかっさい【訪問看護】大阪府大阪市生野区小路東6-2-9", "url": "https://www.kaigokensaku.mhlw.go.jp/27/index.php?action_kouhyou_detail_004_kani=true&JigyosyoCd=2762290407-00&ServiceCd=130&Type=search", "url2": "https://kassai-st.com/" }, "geometry": { "type": "Point", "coordinates": [ 135.562426279167966, 34.658037286518393 ] } },
{ "type": "Feature", "properties": { "内容": "れん訪問看護ステーション【訪問看護】大阪府大阪市生野区巽東3-13-28ポルト巽407号", "url": "https://www.kaigokensaku.mhlw.go.jp/27/index.php?action_kouhyou_detail_004_kani=true&JigyosyoCd=2762290514-00&ServiceCd=130&Type=search", "url2": null }, "geometry": { "type": "Point", "coordinates": [ 135.560746599999959, 34.652893400000011 ] } },
{ "type": "Feature", "properties": { "内容": "訪問看護ステーション仁【訪問看護】大阪府大阪市生野区田島1-10-10-203", "url": "https://www.kaigokensaku.mhlw.go.jp/27/index.php?action_kouhyou_detail_004_kani=true&JigyosyoCd=2762290654-00&ServiceCd=130&Type=search", "url2": null }, "geometry": { "type": "Point", "coordinates": [ 135.542607800000042, 34.6530964 ] } },
{ "type": "Feature", "properties": { "内容": "訪問看護ステーション　コルディアーレ旭事業所【訪問看護】大阪府大阪市旭区新森3丁目1-29ユナイテッドビルディングmorishoji301号室", "url": "https://www.kaigokensaku.mhlw.go.jp/27/index.php?action_kouhyou_detail_004_kani=true&JigyosyoCd=2763190432-00&ServiceCd=130&Type=search", "url2": "https://www.jsh-japan.jp/" }, "geometry": { "type": "Point", "coordinates": [ 135.552154600000023, 34.719321300000011 ] } },
{ "type": "Feature", "properties": { "内容": "福島病院訪問看護ステーション【訪問看護】大阪府大阪市旭区千林2丁目4番22号", "url": "https://www.kaigokensaku.mhlw.go.jp/27/index.php?action_kouhyou_detail_004_kani=true&JigyosyoCd=2763190291-00&ServiceCd=130&Type=search", "url2": "https://www.fukushima-hosp.or.jp/visit/" }, "geometry": { "type": "Point", "coordinates": [ 135.5506628, 34.7247986 ] } },
{ "type": "Feature", "properties": { "内容": "医療法人清水会トム・ソーヤ訪問看護ステーション【訪問看護】大阪市旭区新森3丁目3番31号", "url": "https://www.kaigokensaku.mhlw.go.jp/27/index.php?action_kouhyou_detail_004_kani=true&JigyosyoCd=2763190028-00&ServiceCd=130&Type=search", "url2": "http://www.seisuikai.net" }, "geometry": { "type": "Point", "coordinates": [ 135.553102, 34.719847 ] } },
{ "type": "Feature", "properties": { "内容": "医療法人双樹会　もりかみ訪問看護ステーション【訪問看護】大阪府大阪市旭区生江1丁目9番18号森長メディカルビル　3階", "url": "https://www.kaigokensaku.mhlw.go.jp/27/index.php?action_kouhyou_detail_004_kani=true&JigyosyoCd=2763190309-00&ServiceCd=130&Type=search", "url2": null }, "geometry": { "type": "Point", "coordinates": [ 135.5383329, 34.7218296 ] } },
{ "type": "Feature", "properties": { "内容": "エール訪問看護ステーション【訪問看護】大阪府大阪市旭区新森２丁目12-123F", "url": "https://www.kaigokensaku.mhlw.go.jp/27/index.php?action_kouhyou_detail_004_kani=true&JigyosyoCd=2763190333-00&ServiceCd=130&Type=search", "url2": "https://one-v.jp/homecare/yellservice_station/" }, "geometry": { "type": "Point", "coordinates": [ 135.5543654, 34.7186658 ] } },
{ "type": "Feature", "properties": { "内容": "訪問看護ステーションすずらん【訪問看護】大阪市旭区高殿4-22-34高殿タウンビル2階C-2", "url": "https://www.kaigokensaku.mhlw.go.jp/27/index.php?action_kouhyou_detail_004_kani=true&JigyosyoCd=2763190051-00&ServiceCd=130&Type=search", "url2": "http://suzuran-homecare.com" }, "geometry": { "type": "Point", "coordinates": [ 135.545723468850525, 34.715470146083966 ] } },
{ "type": "Feature", "properties": { "内容": "牧訪問看護ステーション【訪問看護】大阪市旭区清水4丁目2番22号", "url": "https://www.kaigokensaku.mhlw.go.jp/27/index.php?action_kouhyou_detail_004_kani=true&JigyosyoCd=2763190010-00&ServiceCd=130&Type=search", "url2": "http://www.maki-group.jp" }, "geometry": { "type": "Point", "coordinates": [ 135.562612599999966, 34.7205886 ] } },
{ "type": "Feature", "properties": { "内容": "ユニケア訪問看護ステーション【訪問看護】大阪府大阪市旭区赤川2-1-26マノールビル301", "url": "https://www.kaigokensaku.mhlw.go.jp/27/index.php?action_kouhyou_detail_004_kani=true&JigyosyoCd=2763190192-00&ServiceCd=130&Type=search", "url2": "https://www.unit-care.co.jp" }, "geometry": { "type": "Point", "coordinates": [ 135.533140647885148, 34.726472454862161 ] } },
{ "type": "Feature", "properties": { "内容": "げんきｓｕｎｎｙ訪問看護ステーション【訪問看護】大阪府大阪市旭区清水4丁目10番10号げんきｓｕｎｎｙ", "url": "https://www.kaigokensaku.mhlw.go.jp/27/index.php?action_kouhyou_detail_004_kani=true&JigyosyoCd=2763190457-00&ServiceCd=130&Type=search", "url2": null }, "geometry": { "type": "Point", "coordinates": [ 135.5625077, 34.7223231 ] } },
{ "type": "Feature", "properties": { "内容": "メディケア訪問看護ステーション【訪問看護】大阪府旭区清水4丁目9番4号プレアール清水1A", "url": "https://www.kaigokensaku.mhlw.go.jp/27/index.php?action_kouhyou_detail_004_kani=true&JigyosyoCd=2763190218-00&ServiceCd=130&Type=search", "url2": "https://medicareport.co.jp/" }, "geometry": { "type": "Point", "coordinates": [ 135.5610211, 34.72207 ] } },
{ "type": "Feature", "properties": { "内容": "医療法人永紘会訪問看護ステーションＡＥＲＯ【訪問看護】大阪府大阪市旭区清水1-17-15AEROビル千林１階", "url": "https://www.kaigokensaku.mhlw.go.jp/27/index.php?action_kouhyou_detail_004_kani=true&JigyosyoCd=2763190341-00&ServiceCd=130&Type=search", "url2": "https://www.adachi-naikaclinic.jp/nursing" }, "geometry": { "type": "Point", "coordinates": [ 135.555934900000011, 34.723978 ] } },
{ "type": "Feature", "properties": { "内容": "すず風訪問看護ステーション【訪問看護】大阪市旭区高殿4丁目19番26号第2日栄マンション102号", "url": "https://www.kaigokensaku.mhlw.go.jp/27/index.php?action_kouhyou_detail_004_kani=true&JigyosyoCd=2763190200-00&ServiceCd=130&Type=search", "url2": null }, "geometry": { "type": "Point", "coordinates": [ 135.5435254, 34.7160217 ] } },
{ "type": "Feature", "properties": { "内容": "訪問看護ステーションごりら【訪問看護】大阪府大阪市旭区新森5丁目3番17号", "url": "https://www.kaigokensaku.mhlw.go.jp/27/index.php?action_kouhyou_detail_004_kani=true&JigyosyoCd=2763190176-00&ServiceCd=130&Type=search", "url2": "https://gorilla-care.com" }, "geometry": { "type": "Point", "coordinates": [ 135.559881424153048, 34.718578980820475 ] } },
{ "type": "Feature", "properties": { "内容": "訪問看護　幸せの鳥【訪問看護】大阪府大阪市旭区赤川2-1-26マノールビル501", "url": "https://www.kaigokensaku.mhlw.go.jp/27/index.php?action_kouhyou_detail_004_kani=true&JigyosyoCd=2763190275-00&ServiceCd=130&Type=search", "url2": "https://nonch0502.wixsite.com/siawasenotori" }, "geometry": { "type": "Point", "coordinates": [ 135.531129726894591, 34.724015685899111 ] } },
{ "type": "Feature", "properties": { "内容": "訪問看護FORIX【訪問看護】大阪府大阪市旭区清水2-18-30第二松山ハイツ305", "url": "https://www.kaigokensaku.mhlw.go.jp/27/index.php?action_kouhyou_detail_004_kani=true&JigyosyoCd=2763190465-00&ServiceCd=130&Type=search", "url2": null }, "geometry": { "type": "Point", "coordinates": [ 135.559161, 34.7223378 ] } },
{ "type": "Feature", "properties": { "内容": "みんなの訪問看護ステーション【訪問看護】大阪府大阪市旭区今市2-7-5", "url": "https://www.kaigokensaku.mhlw.go.jp/27/index.php?action_kouhyou_detail_004_kani=true&JigyosyoCd=2763190135-00&ServiceCd=130&Type=search", "url2": "https://minnanoasahiku.com/" }, "geometry": { "type": "Point", "coordinates": [ 135.553732699999955, 34.7265796 ] } },
{ "type": "Feature", "properties": { "内容": "りんぐ訪問看護ステーション【訪問看護】大阪府大阪市城東区関目1丁目13番16", "url": "https://www.kaigokensaku.mhlw.go.jp/27/index.php?action_kouhyou_detail_004_kani=true&JigyosyoCd=2764490526-00&ServiceCd=130&Type=search", "url2": "https://unity-ringhomecare20250401.conohawing.com/" }, "geometry": { "type": "Point", "coordinates": [ 135.548359, 34.7058965 ] } },
{ "type": "Feature", "properties": { "内容": "訪問看護ステーションBridge【訪問看護】大阪府大阪市城東区今福南2-1-8", "url": "https://www.kaigokensaku.mhlw.go.jp/27/index.php?action_kouhyou_detail_004_kani=true&JigyosyoCd=2764490518-00&ServiceCd=130&Type=search", "url2": "https://bridge.happytry.online/" }, "geometry": { "type": "Point", "coordinates": [ 135.550481499999989, 34.6964469 ] } },
{ "type": "Feature", "properties": { "内容": "げんきfamily訪問看護ステーション【訪問看護】大阪府城東区古市1丁目12番22号住宅型有料老人ホームげんきfamily", "url": "https://www.kaigokensaku.mhlw.go.jp/27/index.php?action_kouhyou_detail_004_kani=true&JigyosyoCd=2764490401-00&ServiceCd=130&Type=search", "url2": "https://genkiya-hd.co.jp/home_family/" }, "geometry": { "type": "Point", "coordinates": [ 135.556652, 34.705869700000015 ] } },
{ "type": "Feature", "properties": { "内容": "ＳＯＭＰＯケア　城東　訪問看護【訪問看護】大阪府大阪市城東区諏訪二丁目5番25号", "url": "https://www.kaigokensaku.mhlw.go.jp/27/index.php?action_kouhyou_detail_004_kani=true&JigyosyoCd=2764490369-00&ServiceCd=130&Type=search", "url2": "https://www.sompocare.com/service/zaitaku/kango/Z000869" }, "geometry": { "type": "Point", "coordinates": [ 135.560026700000037, 34.684053300000024 ] } },
{ "type": "Feature", "properties": { "内容": "ミレ訪問看護ステーション【訪問看護】大阪府大阪市城東区鴫野西5-22-12アマントリビエールシギノ502号室", "url": "https://www.kaigokensaku.mhlw.go.jp/27/index.php?action_kouhyou_detail_004_kani=true&JigyosyoCd=2764490286-00&ServiceCd=130&Type=search", "url2": "http://mire-care.jp" }, "geometry": { "type": "Point", "coordinates": [ 135.545606099999986, 34.6900638 ] } },
{ "type": "Feature", "properties": { "内容": "ハナミズキ訪問看護ステーション【訪問看護】大阪府大阪市城東区東中浜1-2-23", "url": "https://www.kaigokensaku.mhlw.go.jp/27/index.php?action_kouhyou_detail_004_kani=true&JigyosyoCd=2764490419-00&ServiceCd=130&Type=search", "url2": "http://www.sato-hos.or.jp" }, "geometry": { "type": "Point", "coordinates": [ 135.5499625, 34.6854482 ] } },
{ "type": "Feature", "properties": { "内容": "訪問看護ステーションひとつ【訪問看護】大阪府大阪市城東区野江2丁目18-18グレースハイツ野江102号室", "url": "https://www.kaigokensaku.mhlw.go.jp/27/index.php?action_kouhyou_detail_004_kani=true&JigyosyoCd=2764490393-00&ServiceCd=130&Type=search", "url2": "https://hito-two.com" }, "geometry": { "type": "Point", "coordinates": [ 135.54030904416291, 34.704713801798874 ] } },
{ "type": "Feature", "properties": { "内容": "エーライフ訪問看護ステーション【訪問看護】大阪府大阪市城東区鴫野西4-1-6Wellife大阪京橋ビル", "url": "https://www.kaigokensaku.mhlw.go.jp/27/index.php?action_kouhyou_detail_004_kani=true&JigyosyoCd=2764490237-00&ServiceCd=130&Type=search", "url2": "http://alife.a-style55.co.jp" }, "geometry": { "type": "Point", "coordinates": [ 135.539827296889484, 34.693197019854985 ] } },
{ "type": "Feature", "properties": { "内容": "訪問看護ステーションみらあ　城東支店【訪問看護】大阪府大阪市城東区今福西3-2-2プレジデント城東206号室", "url": "https://www.kaigokensaku.mhlw.go.jp/27/index.php?action_kouhyou_detail_004_kani=true&JigyosyoCd=2764490310-00&ServiceCd=130&Type=search", "url2": "https//miraa.co.jp/" }, "geometry": { "type": "Point", "coordinates": [ 135.546558499999946, 34.7017629 ] } },
{ "type": "Feature", "properties": { "内容": "いま訪問看護リハビリステーション城東【訪問看護】大阪府大阪市城東区今福東2丁目7-26泰平第1ビル210号", "url": "https://www.kaigokensaku.mhlw.go.jp/27/index.php?action_kouhyou_detail_004_kani=true&JigyosyoCd=2764490302-00&ServiceCd=130&Type=search", "url2": "https://nurse-care.jp/" }, "geometry": { "type": "Point", "coordinates": [ 135.55745918650814, 34.701777810229672 ] } },
{ "type": "Feature", "properties": { "内容": "訪問看護ステーションつむぎ【訪問看護】大阪府大阪市城東区野江三丁目５番２アストランティア・キムラ101", "url": "https://www.kaigokensaku.mhlw.go.jp/27/index.php?action_kouhyou_detail_004_kani=true&JigyosyoCd=2764490187-00&ServiceCd=130&Type=search", "url2": "http://tumugi-iruka.com" }, "geometry": { "type": "Point", "coordinates": [ 135.536317599999961, 34.7071786 ] } },
{ "type": "Feature", "properties": { "内容": "ゆとり訪問看護ステーション【訪問看護】大阪府大阪市城東区諏訪１丁目１５番１６号", "url": "https://www.kaigokensaku.mhlw.go.jp/27/index.php?action_kouhyou_detail_004_kani=true&JigyosyoCd=2764490443-00&ServiceCd=130&Type=search", "url2": "http://yutori-group.com" }, "geometry": { "type": "Point", "coordinates": [ 135.5641378, 34.684914 ] } },
{ "type": "Feature", "properties": { "内容": "社会医療法人大道会　訪問看護ステーションおおみち【訪問看護】大阪府大阪市城東区森之宮2丁目森之宮第2団地6号棟102号室", "url": "https://www.kaigokensaku.mhlw.go.jp/27/index.php?action_kouhyou_detail_004_kani=true&JigyosyoCd=2764490047-00&ServiceCd=130&Type=search", "url2": "https://www.omichikai.or.jp/welfare_care/facility/visit" }, "geometry": { "type": "Point", "coordinates": [ 135.538466695266152, 34.685687877370661 ] } },
{ "type": "Feature", "properties": { "内容": "訪問看護ステーションゆうりん【訪問看護】大阪市城東区中央1丁目7-31", "url": "https://www.kaigokensaku.mhlw.go.jp/27/index.php?action_kouhyou_detail_004_kani=true&JigyosyoCd=2764490039-00&ServiceCd=130&Type=search", "url2": "http://www.yurin.or.jp/yurin/" }, "geometry": { "type": "Point", "coordinates": [ 135.542906200000061, 34.7008792 ] } },
{ "type": "Feature", "properties": { "内容": "社会福祉法人恩賜財団済生会支部大阪府済生会野江訪問看護ステーション【訪問看護】大阪府大阪市城東区今福東2丁目2番26号", "url": "https://www.kaigokensaku.mhlw.go.jp/27/index.php?action_kouhyou_detail_004_kani=true&JigyosyoCd=2764490062-00&ServiceCd=130&Type=search", "url2": "http://www.noe.saiseikai.or.jp" }, "geometry": { "type": "Point", "coordinates": [ 135.554584618946791, 34.703305445203505 ] } },
{ "type": "Feature", "properties": { "内容": "すみれ在宅支援センター　すみれ訪問看護ステーション【訪問看護】大阪府大阪市城東区古市１丁目２０番４号", "url": "https://www.kaigokensaku.mhlw.go.jp/27/index.php?action_kouhyou_detail_004_kani=true&JigyosyoCd=2764490054-00&ServiceCd=130&Type=search", "url2": "http://www.sumire-hosp.com/" }, "geometry": { "type": "Point", "coordinates": [ 135.557079330827264, 34.70860150012016 ] } },
{ "type": "Feature", "properties": { "内容": "りゅうじん訪問看護ステーション花博【訪問看護】大阪市城東区今福西5-5-15SGレガータ蒲生1F", "url": "https://www.kaigokensaku.mhlw.go.jp/27/index.php?action_kouhyou_detail_004_kani=true&JigyosyoCd=2764490146-00&ServiceCd=130&Type=search", "url2": "http://ryujin-ns.com" }, "geometry": { "type": "Point", "coordinates": [ 135.559879200000069, 34.7120023 ] } },
{ "type": "Feature", "properties": { "内容": "アイホープ訪問看護ステーション【訪問看護】大阪府大阪市城東区今福東2-7-20プラザフォーチュン301", "url": "https://www.kaigokensaku.mhlw.go.jp/27/index.php?action_kouhyou_detail_004_kani=true&JigyosyoCd=2764490575-00&ServiceCd=130&Type=search", "url2": "https://ihope-care.com/" }, "geometry": { "type": "Point", "coordinates": [ 135.5577961, 34.7018182 ] } },
{ "type": "Feature", "properties": { "内容": "訪問看護ステーション立花畑　大阪店【訪問看護】大阪府大阪市城東区鴫野西3丁目1-18サンファースト京橋1106", "url": "https://www.kaigokensaku.mhlw.go.jp/27/index.php?action_kouhyou_detail_004_kani=true&JigyosyoCd=2764490542-00&ServiceCd=130&Type=search", "url2": "https://uri-home.com/" }, "geometry": { "type": "Point", "coordinates": [ 135.542042400000014, 34.6958861 ] } },
{ "type": "Feature", "properties": { "内容": "わかぞの訪問看護ステーション【訪問看護】大阪府大阪市城東区野江二丁目19番10号倉田産業ビル2階", "url": "https://www.kaigokensaku.mhlw.go.jp/27/index.php?action_kouhyou_detail_004_kani=true&JigyosyoCd=2764490260-00&ServiceCd=130&Type=search", "url2": "https://www.wakazono.co.jp/" }, "geometry": { "type": "Point", "coordinates": [ 135.540060517270263, 34.705437629470168 ] } },
{ "type": "Feature", "properties": { "内容": "訪問看護ステーションあずよも【訪問看護】大阪府大阪市城東区今福南1丁目2番６号ベラフロール307号室", "url": "https://www.kaigokensaku.mhlw.go.jp/27/index.php?action_kouhyou_detail_004_kani=true&JigyosyoCd=2764490567-00&ServiceCd=130&Type=search", "url2": null }, "geometry": { "type": "Point", "coordinates": [ 135.5502976, 34.6962732 ] } },
{ "type": "Feature", "properties": { "内容": "エヌギフト訪問看護ステーション【訪問看護】大阪府大阪市城東区成育5丁目14-9", "url": "https://www.kaigokensaku.mhlw.go.jp/27/index.php?action_kouhyou_detail_004_kani=true&JigyosyoCd=2764490484-00&ServiceCd=130&Type=search", "url2": null }, "geometry": { "type": "Point", "coordinates": [ 135.544341184655764, 34.713854038344977 ] } },
{ "type": "Feature", "properties": { "内容": "訪問看護ステーション城東【訪問看護】大阪府大阪市城東区放出西二丁目14番14号", "url": "https://www.kaigokensaku.mhlw.go.jp/27/index.php?action_kouhyou_detail_004_kani=true&JigyosyoCd=2764490278-00&ServiceCd=130&Type=search", "url2": "http://www.nursing-hc.co.jp/" }, "geometry": { "type": "Point", "coordinates": [ 135.558188500000028, 34.6934441 ] } },
{ "type": "Feature", "properties": { "内容": "訪問看護ステーションあいおーる【訪問看護】大阪府大阪市城東区野江三丁目22番23号", "url": "https://www.kaigokensaku.mhlw.go.jp/27/index.php?action_kouhyou_detail_004_kani=true&JigyosyoCd=2764490476-00&ServiceCd=130&Type=search", "url2": "https://www.aiall-kango.co.jp/" }, "geometry": { "type": "Point", "coordinates": [ 135.5399874, 34.707586699999986 ] } },
{ "type": "Feature", "properties": { "内容": "ユニケア訪問看護ステーション城東【訪問看護】大阪府大阪市城東区中央1-13-13村上実業ビル317号室", "url": "https://www.kaigokensaku.mhlw.go.jp/27/index.php?action_kouhyou_detail_004_kani=true&JigyosyoCd=2764490591-00&ServiceCd=130&Type=search", "url2": null }, "geometry": { "type": "Point", "coordinates": [ 135.5461309, 34.700688 ] } },
{ "type": "Feature", "properties": { "内容": "訪問看護ステーション叶夢【訪問看護】大阪府大阪市城東区今福西2-13-21", "url": "https://www.kaigokensaku.mhlw.go.jp/27/index.php?action_kouhyou_detail_004_kani=true&JigyosyoCd=2764490609-00&ServiceCd=130&Type=search", "url2": "yumekamu-imafuku.jp" }, "geometry": { "type": "Point", "coordinates": [ 135.552902499999988, 34.7004611 ] } },
{ "type": "Feature", "properties": { "内容": "訪問看護ステーションNanala【訪問看護】大阪府大阪市阿倍野区阪南町5丁目17番26西田辺一進ビル402号", "url": "https://www.kaigokensaku.mhlw.go.jp/27/index.php?action_kouhyou_detail_004_kani=true&JigyosyoCd=2762390561-00&ServiceCd=130&Type=search", "url2": null }, "geometry": { "type": "Point", "coordinates": [ 135.5148295, 34.6222064 ] } },
{ "type": "Feature", "properties": { "内容": "スギ訪問看護ステーション　林寺【訪問看護】大阪市阿倍野区天王寺町北3-11-4", "url": "https://www.kaigokensaku.mhlw.go.jp/27/index.php?action_kouhyou_detail_004_kani=true&JigyosyoCd=2762390116-00&ServiceCd=130&Type=search", "url2": "https://www.sugi-nursingcare.co.jp/offices/" }, "geometry": { "type": "Point", "coordinates": [ 135.528272131352196, 34.644757482778061 ] } },
{ "type": "Feature", "properties": { "内容": "スギ訪問看護ステーション昭和町【訪問看護】大阪府大阪市阿倍野区阪南町2-4-1スギ薬局昭和町店2階", "url": "https://www.kaigokensaku.mhlw.go.jp/27/index.php?action_kouhyou_detail_004_kani=true&JigyosyoCd=2762390181-00&ServiceCd=130&Type=search", "url2": "https://www.sugi-hd.co.jp/sugi-nursingcare/" }, "geometry": { "type": "Point", "coordinates": [ 135.516315301327495, 34.632173906321242 ] } },
{ "type": "Feature", "properties": { "内容": "Jサポート天王寺訪問看護ステーション【訪問看護】大阪府大阪市阿倍野区天王寺町北1-4-15", "url": "https://www.kaigokensaku.mhlw.go.jp/27/index.php?action_kouhyou_detail_004_kani=true&JigyosyoCd=2762390488-00&ServiceCd=130&Type=search", "url2": "http://possible-plus.co.jp" }, "geometry": { "type": "Point", "coordinates": [ 135.5212942, 34.6460479 ] } },
{ "type": "Feature", "properties": { "内容": "訪問看護ステーション　ぐりーんりーふ【訪問看護】大阪市阿倍野区阪南町6丁目10番11号", "url": "https://www.kaigokensaku.mhlw.go.jp/27/index.php?action_kouhyou_detail_004_kani=true&JigyosyoCd=2762390124-00&ServiceCd=130&Type=search", "url2": null }, "geometry": { "type": "Point", "coordinates": [ 135.511352200000033, 34.6197936 ] } },
{ "type": "Feature", "properties": { "内容": "医療法人厳誠会　訪問看護ステーションなかがわ【訪問看護】大阪府大阪市阿倍野区阿倍野筋1-5-36アベノセンタービル地下１階", "url": "https://www.kaigokensaku.mhlw.go.jp/27/index.php?action_kouhyou_detail_004_kani=true&JigyosyoCd=2762390355-00&ServiceCd=130&Type=search", "url2": null }, "geometry": { "type": "Point", "coordinates": [ 135.512134300000014, 34.6465869 ] } },
{ "type": "Feature", "properties": { "内容": "医療法人　福寿会診療所【訪問看護】大阪市阿倍野区丸山通1-1-2", "url": "https://www.kaigokensaku.mhlw.go.jp/27/index.php?action_kouhyou_detail_004_kani=true&JigyosyoCd=2712305065-00&ServiceCd=130&Type=search", "url2": null }, "geometry": { "type": "Point", "coordinates": [ 135.509293899999989, 34.6378831 ] } },
{ "type": "Feature", "properties": { "内容": "阿倍野区医師会訪問看護ステーション【訪問看護】大阪府大阪市阿倍野区阿倍野筋5-8-26", "url": "https://www.kaigokensaku.mhlw.go.jp/27/index.php?action_kouhyou_detail_004_kani=true&JigyosyoCd=2762390025-00&ServiceCd=130&Type=search", "url2": "http://abeno-med.or.jp" }, "geometry": { "type": "Point", "coordinates": [ 135.5113493, 34.6366888 ] } },
{ "type": "Feature", "properties": { "内容": "訪問看護ステーションのあ【訪問看護】大阪府大阪市阿倍野区阪南町4-15-23", "url": "https://www.kaigokensaku.mhlw.go.jp/27/index.php?action_kouhyou_detail_004_kani=true&JigyosyoCd=2762390207-00&ServiceCd=130&Type=search", "url2": "http://www.office-noa.co.jp" }, "geometry": { "type": "Point", "coordinates": [ 135.512388200000032, 34.6254401 ] } },
{ "type": "Feature", "properties": { "内容": "訪問看護ステーションぴーす阿倍野【訪問看護】大阪府大阪市阿倍野区松崎町３丁目１５番２３号フォレスト阿倍野701", "url": "https://www.kaigokensaku.mhlw.go.jp/27/index.php?action_kouhyou_detail_004_kani=true&JigyosyoCd=2762390256-00&ServiceCd=130&Type=search", "url2": null }, "geometry": { "type": "Point", "coordinates": [ 135.516137599999979, 34.640516099999985 ] } },
{ "type": "Feature", "properties": { "内容": "ゲン・リハビリ訪問看護ステーション阿倍野【訪問看護】大阪府大阪市阿倍野区阪南町2丁目2番11号", "url": "https://www.kaigokensaku.mhlw.go.jp/27/index.php?action_kouhyou_detail_004_kani=true&JigyosyoCd=2762390272-00&ServiceCd=130&Type=search", "url2": null }, "geometry": { "type": "Point", "coordinates": [ 135.514724, 34.6327392 ] } },
{ "type": "Feature", "properties": { "内容": "アペリア訪問看護ステーション【訪問看護】大阪府大阪市阿倍野区三明町2-6-16-401", "url": "https://www.kaigokensaku.mhlw.go.jp/27/index.php?action_kouhyou_detail_004_kani=true&JigyosyoCd=2762390306-00&ServiceCd=130&Type=search", "url2": null }, "geometry": { "type": "Point", "coordinates": [ 135.519373500000029, 34.6405605 ] } },
{ "type": "Feature", "properties": { "内容": "ひかりあ訪問看護ステーション【訪問看護】大阪府大阪市阿倍野区阿倍野筋3-10-1あべのベルタ業務棟6002号", "url": "https://www.kaigokensaku.mhlw.go.jp/27/index.php?action_kouhyou_detail_004_kani=true&JigyosyoCd=2762390199-00&ServiceCd=130&Type=search", "url2": "http://hikaria-kango.com" }, "geometry": { "type": "Point", "coordinates": [ 135.5112825, 34.6426436 ] } },
{ "type": "Feature", "properties": { "内容": "訪問看護ステーションココエル西田辺【訪問看護】大阪府大阪市阿倍野区北畠一丁目23番22号", "url": "https://www.kaigokensaku.mhlw.go.jp/27/index.php?action_kouhyou_detail_004_kani=true&JigyosyoCd=2762390413-00&ServiceCd=130&Type=search", "url2": null }, "geometry": { "type": "Point", "coordinates": [ 135.5074806, 34.6241197 ] } },
{ "type": "Feature", "properties": { "内容": "日本訪問看護ステーション【訪問看護】大阪府大阪市阿倍野区昭和町一丁目３番９号", "url": "https://www.kaigokensaku.mhlw.go.jp/27/index.php?action_kouhyou_detail_004_kani=true&JigyosyoCd=2762390249-00&ServiceCd=130&Type=search", "url2": null }, "geometry": { "type": "Point", "coordinates": [ 135.518345899999986, 34.6354028 ] } },
{ "type": "Feature", "properties": { "内容": "ピュール訪問看護ステーション【訪問看護】大阪府大阪市阿倍野区天王寺町北3-7-18ヴィラアイン101", "url": "https://www.kaigokensaku.mhlw.go.jp/27/index.php?action_kouhyou_detail_004_kani=true&JigyosyoCd=2762390348-00&ServiceCd=130&Type=search", "url2": "https://g.co/kgs/CPCnucg" }, "geometry": { "type": "Point", "coordinates": [ 135.526911599999949, 34.64366579999998 ] } },
{ "type": "Feature", "properties": { "内容": "訪問看護ステーション　パワフル【訪問看護】大阪市阿倍野区阪南町6-6-16", "url": "https://www.kaigokensaku.mhlw.go.jp/27/index.php?action_kouhyou_detail_004_kani=true&JigyosyoCd=2762390371-00&ServiceCd=130&Type=search", "url2": null }, "geometry": { "type": "Point", "coordinates": [ 135.511716, 34.6205369 ] } },
{ "type": "Feature", "properties": { "内容": "有限会社澤村商会　訪問看護ステーションかおり【訪問看護】大阪府大阪市阿倍野区昭和町三丁目３－３", "url": "https://www.kaigokensaku.mhlw.go.jp/27/index.php?action_kouhyou_detail_004_kani=true&JigyosyoCd=2762390074-00&ServiceCd=130&Type=search", "url2": null }, "geometry": { "type": "Point", "coordinates": [ 135.516512799999987, 34.6283203 ] } },
{ "type": "Feature", "properties": { "内容": "ライフワン訪問看護ステーション【訪問看護】大阪府大阪市阿倍野区北畠1-13-3", "url": "https://www.kaigokensaku.mhlw.go.jp/27/index.php?action_kouhyou_detail_004_kani=true&JigyosyoCd=2762390314-00&ServiceCd=130&Type=search", "url2": "https://lifeone.localinfo.jp/" }, "geometry": { "type": "Point", "coordinates": [ 135.508558, 34.6251096 ] } },
{ "type": "Feature", "properties": { "内容": "シャローム訪問看護ステーション　阿倍野【訪問看護】大阪府大阪市阿倍野区昭和町1－21－14", "url": "https://www.kaigokensaku.mhlw.go.jp/27/index.php?action_kouhyou_detail_004_kani=true&JigyosyoCd=2762390462-00&ServiceCd=130&Type=search", "url2": "https://kaigo-shalom.co.jp/" }, "geometry": { "type": "Point", "coordinates": [ 135.518033, 34.632703800000016 ] } },
{ "type": "Feature", "properties": { "内容": "SOMPOケア阿倍野訪問看護【訪問看護】大阪府大阪市阿倍野区西田辺町2-8-6TASTEビル2階A号室", "url": "https://www.kaigokensaku.mhlw.go.jp/27/index.php?action_kouhyou_detail_004_kani=true&JigyosyoCd=2762390421-00&ServiceCd=130&Type=search", "url2": "https://www.sompocare.com/" }, "geometry": { "type": "Point", "coordinates": [ 135.5144215, 34.618049100000029 ] } },
{ "type": "Feature", "properties": { "内容": "あんだんて訪問看護ステーション【訪問看護】大阪府大阪市阿倍野区阪南町3-32-19", "url": "https://www.kaigokensaku.mhlw.go.jp/27/index.php?action_kouhyou_detail_004_kani=true&JigyosyoCd=2762390439-00&ServiceCd=130&Type=search", "url2": null }, "geometry": { "type": "Point", "coordinates": [ 135.5122445, 34.6279598 ] } },
{ "type": "Feature", "properties": { "内容": "あいえん訪問看護ステーション【訪問看護】大阪府大阪市阿倍野区松崎町4-5-13ハイツかわしま104", "url": "https://www.kaigokensaku.mhlw.go.jp/27/index.php?action_kouhyou_detail_004_kani=true&JigyosyoCd=2762390397-00&ServiceCd=130&Type=search", "url2": "https//aien.io" }, "geometry": { "type": "Point", "coordinates": [ 135.5149759, 34.6397816 ] } },
{ "type": "Feature", "properties": { "内容": "安寿訪問看護【訪問看護】大阪府大阪市阿倍野区丸山通１－２－１６－２１１梅が枝マンション", "url": "https://www.kaigokensaku.mhlw.go.jp/27/index.php?action_kouhyou_detail_004_kani=true&JigyosyoCd=2762390470-00&ServiceCd=130&Type=search", "url2": null }, "geometry": { "type": "Point", "coordinates": [ 135.507362199999989, 34.6377568 ] } },
{ "type": "Feature", "properties": { "内容": "えびす堂ホームヘルプ【訪問看護】大阪府大阪市阿倍野区晴明通2-21YTﾊｲﾑ晴明2-B", "url": "https://www.kaigokensaku.mhlw.go.jp/27/index.php?action_kouhyou_detail_004_kani=true&JigyosyoCd=2762390330-00&ServiceCd=130&Type=search", "url2": "http://ebisu-d.jp/" }, "geometry": { "type": "Point", "coordinates": [ 135.508210530437367, 34.633318985576189 ] } },
{ "type": "Feature", "properties": { "内容": "エニティ訪問看護ステーション【訪問看護】大阪府大阪市阿倍野区旭町1丁目5番45号2階", "url": "https://www.kaigokensaku.mhlw.go.jp/27/index.php?action_kouhyou_detail_004_kani=true&JigyosyoCd=2762390504-00&ServiceCd=130&Type=search", "url2": "https://www.luna-e.co.jp/" }, "geometry": { "type": "Point", "coordinates": [ 135.5089906, 34.646888 ] } },
{ "type": "Feature", "properties": { "内容": "ブルーベル訪問看護ステーション【訪問看護】大阪府大阪市阿倍野区旭町1丁目6番3号ハミング105号室", "url": "https://www.kaigokensaku.mhlw.go.jp/27/index.php?action_kouhyou_detail_004_kani=true&JigyosyoCd=2762390520-00&ServiceCd=130&Type=search", "url2": "https://ttn-net.com/" }, "geometry": { "type": "Point", "coordinates": [ 135.5084976, 34.6453402 ] } },
{ "type": "Feature", "properties": { "内容": "訪問看護ステーションこでまり【訪問看護】大阪府大阪市阿倍野区北畠一丁目3番24‐101号", "url": "https://www.kaigokensaku.mhlw.go.jp/27/index.php?action_kouhyou_detail_004_kani=true&JigyosyoCd=2762390090-00&ServiceCd=130&Type=search", "url2": null }, "geometry": { "type": "Point", "coordinates": [ 135.506704896545216, 34.628420713493931 ] } },
{ "type": "Feature", "properties": { "内容": "訪問看護ステーションここから【訪問看護】大阪府大阪市阿倍野区旭町3-4-5あべのビアレ207", "url": "https://www.kaigokensaku.mhlw.go.jp/27/index.php?action_kouhyou_detail_004_kani=true&JigyosyoCd=2762390538-00&ServiceCd=130&Type=search", "url2": "https://tsunagu2017.link/" }, "geometry": { "type": "Point", "coordinates": [ 135.506970700000011, 34.6421831 ] } },
{ "type": "Feature", "properties": { "内容": "テイショウ訪問看護ステーション【訪問看護】大阪府大阪市阪南町５－１１－２５長生ビル４０１", "url": "https://www.kaigokensaku.mhlw.go.jp/27/index.php?action_kouhyou_detail_004_kani=true&JigyosyoCd=2762390454-00&ServiceCd=130&Type=search", "url2": null }, "geometry": { "type": "Point", "coordinates": [ 135.515018700000041, 34.6229045 ] } },
{ "type": "Feature", "properties": { "内容": "ひまわり訪問看護ステーション【訪問看護】大阪府大阪市阿倍野区阿倍野筋5-3-4", "url": "https://www.kaigokensaku.mhlw.go.jp/27/index.php?action_kouhyou_detail_004_kani=true&JigyosyoCd=2762390173-00&ServiceCd=130&Type=search", "url2": null }, "geometry": { "type": "Point", "coordinates": [ 135.511610300000029, 34.6384385 ] } },
{ "type": "Feature", "properties": { "内容": "オリーブ訪問看護ステーション阿倍野【訪問看護】大阪府大阪市阿倍野区播磨町1-22-10杉野ビル3階", "url": "https://www.kaigokensaku.mhlw.go.jp/27/index.php?action_kouhyou_detail_004_kani=true&JigyosyoCd=2762390264-00&ServiceCd=130&Type=search", "url2": "https://www.olive-a.jp/" }, "geometry": { "type": "Point", "coordinates": [ 135.5106171, 34.622181 ] } },
{ "type": "Feature", "properties": { "内容": "swallow　訪問看護ステーション【訪問看護】大阪府大阪市阿倍野区天王寺町北2-5-19", "url": "https://www.kaigokensaku.mhlw.go.jp/27/index.php?action_kouhyou_detail_004_kani=true&JigyosyoCd=2762390496-00&ServiceCd=130&Type=search", "url2": "https://ready.osaka.jp/" }, "geometry": { "type": "Point", "coordinates": [ 135.5227874, 34.6464307 ] } },
{ "type": "Feature", "properties": { "内容": "訪問看護ステーションりん【訪問看護】大阪府大阪市阿倍野区阪南町5丁目24-24ソウビビル2階", "url": "https://www.kaigokensaku.mhlw.go.jp/27/index.php?action_kouhyou_detail_004_kani=true&JigyosyoCd=2762390447-00&ServiceCd=130&Type=search", "url2": "https://www.cocoronurse.com" }, "geometry": { "type": "Point", "coordinates": [ 135.513300202446743, 34.621592581259442 ] } },
{ "type": "Feature", "properties": { "内容": "訪問看護ステーション　アクアナース天王寺【訪問看護】大阪府大阪市阿倍野区天王寺町南1-4-20グランコート阿倍野区　5F", "url": "https://www.kaigokensaku.mhlw.go.jp/27/index.php?action_kouhyou_detail_004_kani=true&JigyosyoCd=2762390579-00&ServiceCd=130&Type=search", "url2": "https://www.leoflamma.com/" }, "geometry": { "type": "Point", "coordinates": [ 135.520604100000014, 34.6434539 ] } },
{ "type": "Feature", "properties": { "内容": "おうちのカンゴ阿倍野【訪問看護】大阪府大阪市阿倍野区昭和町二丁目１９番２４号青葉ビル(新館)6ABC号", "url": "https://www.kaigokensaku.mhlw.go.jp/27/index.php?action_kouhyou_detail_004_kani=true&JigyosyoCd=2762390587-00&ServiceCd=130&Type=search", "url2": null }, "geometry": { "type": "Point", "coordinates": [ 135.516677617196649, 34.630149187654958 ] } },
{ "type": "Feature", "properties": { "内容": "株式会社　nanairo【訪問看護】大阪府大阪市阿倍野区松崎町3丁目10番6-802号", "url": "https://www.kaigokensaku.mhlw.go.jp/27/index.php?action_kouhyou_detail_004_kani=true&JigyosyoCd=2762390389-00&ServiceCd=130&Type=search", "url2": "https://nanaironanairo.com/" }, "geometry": { "type": "Point", "coordinates": [ 135.5228957, 34.637753 ] } },
{ "type": "Feature", "properties": { "内容": "訪問看護ステーション　ナーシュア【訪問看護】大阪府大阪市阿倍野区阪南町5丁目25－18オーナーズマンション阪南Ⅱ402号室", "url": "https://www.kaigokensaku.mhlw.go.jp/27/index.php?action_kouhyou_detail_004_kani=true&JigyosyoCd=2762390595-00&ServiceCd=130&Type=search", "url2": null }, "geometry": { "type": "Point", "coordinates": [ 135.5114922, 34.6217438 ] } },
{ "type": "Feature", "properties": { "内容": "ホープリハビリ訪問看護ステーション【訪問看護】大阪府大阪市阿倍野区松虫通2丁目7番5号", "url": "https://www.kaigokensaku.mhlw.go.jp/27/index.php?action_kouhyou_detail_004_kani=true&JigyosyoCd=2762390280-00&ServiceCd=130&Type=search", "url2": "https://hope-kango.com/" }, "geometry": { "type": "Point", "coordinates": [ 135.507126751744778, 34.634409108520771 ] } },
{ "type": "Feature", "properties": { "内容": "なにわ訪問看護ステーション【訪問看護】大阪府大阪市阿倍野区文の里四丁目19番20号", "url": "https://www.kaigokensaku.mhlw.go.jp/27/index.php?action_kouhyou_detail_004_kani=true&JigyosyoCd=2762390298-00&ServiceCd=130&Type=search", "url2": "https://zaitakukango.jimdofree.com" }, "geometry": { "type": "Point", "coordinates": [ 135.522859490178206, 34.632820213902086 ] } },
{ "type": "Feature", "properties": { "内容": "訪問看護ステーション帝塚山もも【訪問看護】大阪府大阪市阿倍野区阪南町1丁目47番1号松井ビル2階", "url": "https://www.kaigokensaku.mhlw.go.jp/27/index.php?action_kouhyou_detail_004_kani=true&JigyosyoCd=2762390033-00&ServiceCd=130&Type=search", "url2": "http://www.tezukayama-hp.or.jp" }, "geometry": { "type": "Point", "coordinates": [ 135.516662699999983, 34.6338197 ] } },
{ "type": "Feature", "properties": { "内容": "クローバー帝塚山訪問看護ステーション【訪問看護】大阪府大阪市住吉区万代4-12-26", "url": "https://www.kaigokensaku.mhlw.go.jp/27/index.php?action_kouhyou_detail_004_kani=true&JigyosyoCd=2762090518-00&ServiceCd=130&Type=search", "url2": null }, "geometry": { "type": "Point", "coordinates": [ 135.502625200000011, 34.617766599999989 ] } },
{ "type": "Feature", "properties": { "内容": "スギ訪問看護ステーションあびこ【訪問看護】大阪府大阪市住吉区我孫子東2丁目1-6アビコエイトビル3H", "url": "https://www.kaigokensaku.mhlw.go.jp/27/index.php?action_kouhyou_detail_004_kani=true&JigyosyoCd=2762090377-00&ServiceCd=130&Type=search", "url2": "http://www.drug-sugi.co.jp/med/index.html" }, "geometry": { "type": "Point", "coordinates": [ 135.512666200000012, 34.6009736 ] } },
{ "type": "Feature", "properties": { "内容": "医療法人錦秀会　阪和訪問看護ステーション【訪問看護】大阪府大阪市住吉区南住吉3丁目5番25号", "url": "https://www.kaigokensaku.mhlw.go.jp/27/index.php?action_kouhyou_detail_004_kani=true&JigyosyoCd=2762090039-00&ServiceCd=130&Type=search", "url2": "http://www.kinsyukai.or.jp" }, "geometry": { "type": "Point", "coordinates": [ 135.498425187696881, 34.605418401624355 ] } },
{ "type": "Feature", "properties": { "内容": "医療法人三幸会　訪問看護ステーションおざわ【訪問看護】大阪府大阪市住吉区帝塚山東3丁目8番15号", "url": "https://www.kaigokensaku.mhlw.go.jp/27/index.php?action_kouhyou_detail_004_kani=true&JigyosyoCd=2762090203-00&ServiceCd=130&Type=search", "url2": "https://houkan.oz-hospital.jp/" }, "geometry": { "type": "Point", "coordinates": [ 135.499622899999963, 34.618296499999978 ] } },
{ "type": "Feature", "properties": { "内容": "ニコニコ訪問看護ステーション【訪問看護】大阪府大阪市住吉区長居1丁目2番17号レバンガ長居公園ＡＰ１階", "url": "https://www.kaigokensaku.mhlw.go.jp/27/index.php?action_kouhyou_detail_004_kani=true&JigyosyoCd=2762090252-00&ServiceCd=130&Type=search", "url2": "https://job-gear.jp/mikiyukai/niconico/index.htm" }, "geometry": { "type": "Point", "coordinates": [ 135.5140298, 34.615144100000016 ] } },
{ "type": "Feature", "properties": { "内容": "医療法人惠愛会クリニック畑森【訪問看護】大阪市住吉区山之内２丁目9-11", "url": "https://www.kaigokensaku.mhlw.go.jp/27/index.php?action_kouhyou_detail_004_kani=true&JigyosyoCd=2712006309-00&ServiceCd=130&Type=search", "url2": "http://www.clinic-hatamori.com" }, "geometry": { "type": "Point", "coordinates": [ 135.50202319999994, 34.5967545 ] } },
{ "type": "Feature", "properties": { "内容": "クリエイト訪問看護ステーション【訪問看護】大阪府大阪市住吉区殿辻2-1-3エムズ殿辻5階", "url": "https://www.kaigokensaku.mhlw.go.jp/27/index.php?action_kouhyou_detail_004_kani=true&JigyosyoCd=2762090468-00&ServiceCd=130&Type=search", "url2": null }, "geometry": { "type": "Point", "coordinates": [ 135.498551, 34.6069421 ] } },
{ "type": "Feature", "properties": { "内容": "株式会社ケア21メディカル訪問看護ステーションぴ～す住吉【訪問看護】大阪府大阪市住吉区苅田2-15-22コーポスタンレー607号室", "url": "https://www.kaigokensaku.mhlw.go.jp/27/index.php?action_kouhyou_detail_004_kani=true&JigyosyoCd=2762090641-00&ServiceCd=130&Type=search", "url2": "https://medical.care21.co.jp/" }, "geometry": { "type": "Point", "coordinates": [ 135.513513, 34.604920500000041 ] } },
{ "type": "Feature", "properties": { "内容": "訪問看護ステーションさっとさんが願生寺【訪問看護】大阪府大阪市住吉区墨江4丁目4番1号ジャンボブックビル1階", "url": "https://www.kaigokensaku.mhlw.go.jp/27/index.php?action_kouhyou_detail_004_kani=true&JigyosyoCd=2762090443-00&ServiceCd=130&Type=search", "url2": "http://nurse-care.jp/" }, "geometry": { "type": "Point", "coordinates": [ 135.496608738623081, 34.60592215333881 ] } },
{ "type": "Feature", "properties": { "内容": "訪問看護ステーションすたいる【訪問看護】大阪府大阪市住吉区我孫子２丁目４番１０号シャーメゾンKS107号", "url": "https://www.kaigokensaku.mhlw.go.jp/27/index.php?action_kouhyou_detail_004_kani=true&JigyosyoCd=2762090450-00&ServiceCd=130&Type=search", "url2": "https://style-care.jp/" }, "geometry": { "type": "Point", "coordinates": [ 135.510311299999984, 34.6018241 ] } },
{ "type": "Feature", "properties": { "内容": "みつば訪問看護ステーションあびこ【訪問看護】大阪府大阪市住吉区苅田9-14-20ヤヨイビル203号", "url": "https://www.kaigokensaku.mhlw.go.jp/27/index.php?action_kouhyou_detail_004_kani=true&JigyosyoCd=2762090401-00&ServiceCd=130&Type=search", "url2": "https://bestcare-partners.co.jp/" }, "geometry": { "type": "Point", "coordinates": [ 135.513594500000011, 34.5979269 ] } },
{ "type": "Feature", "properties": { "内容": "メディケア・リハビリ訪問看護ステーション大阪住吉【訪問看護】大阪市住吉区長居西三丁目3番1号オレンジカウンティⅡ105号室", "url": "https://www.kaigokensaku.mhlw.go.jp/27/index.php?action_kouhyou_detail_004_kani=true&JigyosyoCd=2762090369-00&ServiceCd=130&Type=search", "url2": "https://kango.medi-care.co.jp/" }, "geometry": { "type": "Point", "coordinates": [ 135.5077, 34.6079616 ] } },
{ "type": "Feature", "properties": { "内容": "楽しみ訪問看護ステーション【訪問看護】大阪府大阪市住吉区山之内2-4-17", "url": "https://www.kaigokensaku.mhlw.go.jp/27/index.php?action_kouhyou_detail_004_kani=true&JigyosyoCd=2762090278-00&ServiceCd=130&Type=search", "url2": "https://www.tanosimi.jp" }, "geometry": { "type": "Point", "coordinates": [ 135.50281217718512, 34.596332421681439 ] } },
{ "type": "Feature", "properties": { "内容": "訪問看護ステーションつなぐ【訪問看護】大阪府大阪市住吉区南住吉3-4-25", "url": "https://www.kaigokensaku.mhlw.go.jp/27/index.php?action_kouhyou_detail_004_kani=true&JigyosyoCd=2762090567-00&ServiceCd=130&Type=search", "url2": "https://tunagu279.wixsite.com/mirai" }, "geometry": { "type": "Point", "coordinates": [ 135.504824359524548, 34.604118846286809 ] } },
{ "type": "Feature", "properties": { "内容": "訪問看護ステーションI-ris【訪問看護】大阪府大阪市住吉区長居1-5-26ジョヴァンニアドニス405号", "url": "https://www.kaigokensaku.mhlw.go.jp/27/index.php?action_kouhyou_detail_004_kani=true&JigyosyoCd=2762090609-00&ServiceCd=130&Type=search", "url2": "https://www.i-ris-ns.com" }, "geometry": { "type": "Point", "coordinates": [ 135.51214844598087, 34.616502583262431 ] } },
{ "type": "Feature", "properties": { "内容": "ステーブル訪問看護ステーション【訪問看護】大阪府大阪市住吉区我孫子西二丁目6番20号307", "url": "https://www.kaigokensaku.mhlw.go.jp/27/index.php?action_kouhyou_detail_004_kani=true&JigyosyoCd=2762090674-00&ServiceCd=130&Type=search", "url2": null }, "geometry": { "type": "Point", "coordinates": [ 135.505565600000011, 34.6028647 ] } },
{ "type": "Feature", "properties": { "内容": "訪問看護ステーションみち【訪問看護】大阪府大阪市住吉区浅香二丁目2-57浅香会館", "url": "https://www.kaigokensaku.mhlw.go.jp/27/index.php?action_kouhyou_detail_004_kani=true&JigyosyoCd=2762090187-00&ServiceCd=130&Type=search", "url2": "http://www.asakakai.com" }, "geometry": { "type": "Point", "coordinates": [ 135.50827140077206, 34.589881008690313 ] } },
{ "type": "Feature", "properties": { "内容": "南大阪医療生活協同組合訪問看護ステーション【訪問看護】大阪府大阪市住吉区沢之町1丁目3番16号", "url": "https://www.kaigokensaku.mhlw.go.jp/27/index.php?action_kouhyou_detail_004_kani=true&JigyosyoCd=2762090047-00&ServiceCd=130&Type=search", "url2": "http://homepage3.nifty.com/sumiyoshiminsyu/" }, "geometry": { "type": "Point", "coordinates": [ 135.4987122, 34.6039732 ] } },
{ "type": "Feature", "properties": { "内容": "芳訪問看護ステーション【訪問看護】大阪府大阪市住吉区万代六丁目１７番2号", "url": "https://www.kaigokensaku.mhlw.go.jp/27/index.php?action_kouhyou_detail_004_kani=true&JigyosyoCd=2762090799-00&ServiceCd=130&Type=search", "url2": null }, "geometry": { "type": "Point", "coordinates": [ 135.5014228, 34.612419 ] } },
{ "type": "Feature", "properties": { "内容": "アミコ愛・あい・訪問看護ステーション【訪問看護】大阪市住吉区清水丘３－１４－２コーポラス清水丘１F", "url": "https://www.kaigokensaku.mhlw.go.jp/27/index.php?action_kouhyou_detail_004_kani=true&JigyosyoCd=2762090146-00&ServiceCd=130&Type=search", "url2": "http://www.abikocara.co.jp" }, "geometry": { "type": "Point", "coordinates": [ 135.4900106, 34.5996181 ] } },
{ "type": "Feature", "properties": { "内容": "SakuLa訪問看護ステーション【訪問看護】大阪府大阪市住吉区長居2丁目8番27号", "url": "https://www.kaigokensaku.mhlw.go.jp/27/index.php?action_kouhyou_detail_004_kani=true&JigyosyoCd=2762090336-00&ServiceCd=130&Type=search", "url2": "https://sakula-homon.com" }, "geometry": { "type": "Point", "coordinates": [ 135.5122869, 34.6125756 ] } },
{ "type": "Feature", "properties": { "内容": "パドマ訪問看護ステーション【訪問看護】大阪府大阪市住吉区住吉2丁目9-69", "url": "https://www.kaigokensaku.mhlw.go.jp/27/index.php?action_kouhyou_detail_004_kani=true&JigyosyoCd=2762090310-00&ServiceCd=130&Type=search", "url2": null }, "geometry": { "type": "Point", "coordinates": [ 135.491526799999974, 34.6112307 ] } },
{ "type": "Feature", "properties": { "内容": "いえすリハビリ訪問看護ステーション住吉【訪問看護】大阪府大阪市住吉区長居東4-20-331F", "url": "https://www.kaigokensaku.mhlw.go.jp/27/index.php?action_kouhyou_detail_004_kani=true&JigyosyoCd=2762090773-00&ServiceCd=130&Type=search", "url2": "https://www.yes-riha-ns.com/" }, "geometry": { "type": "Point", "coordinates": [ 135.512554, 34.6069033 ] } },
{ "type": "Feature", "properties": { "内容": "ザオーケア訪問看護ステーション大阪【訪問看護】大阪府大阪市住吉区苅田7丁目12番19号北野マンション東館415号", "url": "https://www.kaigokensaku.mhlw.go.jp/27/index.php?action_kouhyou_detail_004_kani=true&JigyosyoCd=2762090690-00&ServiceCd=130&Type=search", "url2": "https://zaoocare.co.jp/" }, "geometry": { "type": "Point", "coordinates": [ 135.512996334918199, 34.598268974090679 ] } },
{ "type": "Feature", "properties": { "内容": "訪問看護ステーションハートフリーやすらぎ【訪問看護】大阪府大阪市住吉区帝塚山東5-6-15-2階", "url": "https://www.kaigokensaku.mhlw.go.jp/27/index.php?action_kouhyou_detail_004_kani=true&JigyosyoCd=2762090104-00&ServiceCd=130&Type=search", "url2": "http://www.heartfree.or.jp" }, "geometry": { "type": "Point", "coordinates": [ 135.497873713751005, 34.614160054952222 ] } },
{ "type": "Feature", "properties": { "内容": "ぐり～ん2訪問看護ステーション【訪問看護】大阪府大阪市住吉区苅田5丁目15-18トレアールあびこ201", "url": "https://www.kaigokensaku.mhlw.go.jp/27/index.php?action_kouhyou_detail_004_kani=true&JigyosyoCd=2762090500-00&ServiceCd=130&Type=search", "url2": "https://www.green-glass.net/" }, "geometry": { "type": "Point", "coordinates": [ 135.513735500000024, 34.6003588 ] } },
{ "type": "Feature", "properties": { "内容": "訪問看護ステーションwithライフ【訪問看護】大阪府大阪市住吉区南住吉1-2-25丸萬ハイツ111号室", "url": "https://www.kaigokensaku.mhlw.go.jp/27/index.php?action_kouhyou_detail_004_kani=true&JigyosyoCd=2762090583-00&ServiceCd=130&Type=search", "url2": "https://j-mores.com/" }, "geometry": { "type": "Point", "coordinates": [ 135.507357128662051, 34.610207424435544 ] } },
{ "type": "Feature", "properties": { "内容": "訪問看護ステーションまどか【訪問看護】大阪府大阪市住吉区墨江一丁目2番5号小屋畑ビル1F", "url": "https://www.kaigokensaku.mhlw.go.jp/27/index.php?action_kouhyou_detail_004_kani=true&JigyosyoCd=2762090260-00&ServiceCd=130&Type=search", "url2": null }, "geometry": { "type": "Point", "coordinates": [ 135.496029918290048, 34.609385624599639 ] } },
{ "type": "Feature", "properties": { "内容": "訪問看護ステーションりりーふ【訪問看護】大阪府大阪市住吉区遠里小野2丁目1-26上原ビル302", "url": "https://www.kaigokensaku.mhlw.go.jp/27/index.php?action_kouhyou_detail_004_kani=true&JigyosyoCd=2762090211-00&ServiceCd=130&Type=search", "url2": "https://yamaguchi692.wixsite.com/my-site-21" }, "geometry": { "type": "Point", "coordinates": [ 135.4988707, 34.5983433 ] } },
{ "type": "Feature", "properties": { "内容": "えす訪問看護ステーション【訪問看護】大阪府大阪市住吉区苅田5-15-11第三大朋マンション106号室", "url": "https://www.kaigokensaku.mhlw.go.jp/27/index.php?action_kouhyou_detail_004_kani=true&JigyosyoCd=2762090385-00&ServiceCd=130&Type=search", "url2": null }, "geometry": { "type": "Point", "coordinates": [ 135.513959488954924, 34.600130605579643 ] } },
{ "type": "Feature", "properties": { "内容": "しえる訪問看護ステーション【訪問看護】大阪府大阪市住吉区苅田8丁目11-30-12号メゾン阪南", "url": "https://www.kaigokensaku.mhlw.go.jp/27/index.php?action_kouhyou_detail_004_kani=true&JigyosyoCd=2762090617-00&ServiceCd=130&Type=search", "url2": "https://mahalo-kango.com/" }, "geometry": { "type": "Point", "coordinates": [ 135.51962420000001, 34.5978739 ] } },
{ "type": "Feature", "properties": { "内容": "訪問看護ステーションあいうえお【訪問看護】大阪府大阪市住吉区遠里小野７−４−２", "url": "https://www.kaigokensaku.mhlw.go.jp/27/index.php?action_kouhyou_detail_004_kani=true&JigyosyoCd=2762090740-00&ServiceCd=130&Type=search", "url2": null }, "geometry": { "type": "Point", "coordinates": [ 135.4930966, 34.5972581 ] } },
{ "type": "Feature", "properties": { "内容": "こころの訪問看護ステーション　メディケア・リハビリ【訪問看護】大阪府大阪市住吉区長居西三丁目3番1号オレンジカウンティⅡ206号室", "url": "https://www.kaigokensaku.mhlw.go.jp/27/index.php?action_kouhyou_detail_004_kani=true&JigyosyoCd=2762090815-00&ServiceCd=130&Type=search", "url2": "https://kango.medi-care.co.jp/" }, "geometry": { "type": "Point", "coordinates": [ 135.508517099999978, 34.6079994 ] } },
{ "type": "Feature", "properties": { "内容": "彩叶訪問看護ステーション【訪問看護】大阪府大阪市住吉区我孫子五丁14番10-403", "url": "https://www.kaigokensaku.mhlw.go.jp/27/index.php?action_kouhyou_detail_004_kani=true&JigyosyoCd=2762090757-00&ServiceCd=130&Type=search", "url2": "https://saika-houmon.com/" }, "geometry": { "type": "Point", "coordinates": [ 135.5047738, 34.5986237 ] } },
{ "type": "Feature", "properties": { "内容": "ひかり訪問看護ステーション【訪問看護】大阪府大阪市住吉区長居三丁目14番2パークウエスト長居１０１", "url": "https://www.kaigokensaku.mhlw.go.jp/27/index.php?action_kouhyou_detail_004_kani=true&JigyosyoCd=2762090724-00&ServiceCd=130&Type=search", "url2": "https://www.instagram.com/hikarihoukan" }, "geometry": { "type": "Point", "coordinates": [ 135.5110651, 34.6096636 ] } },
{ "type": "Feature", "properties": { "内容": "はるのひ訪問看護ステーション【訪問看護】大阪府大阪市住吉区我孫子1丁目9番5号", "url": "https://www.kaigokensaku.mhlw.go.jp/27/index.php?action_kouhyou_detail_004_kani=true&JigyosyoCd=2762090807-00&ServiceCd=130&Type=search", "url2": "https://2life-harunohi.com" }, "geometry": { "type": "Point", "coordinates": [ 135.5104968, 34.6062105 ] } },
{ "type": "Feature", "properties": { "内容": "訪問看護ステーション医療の応援団エール【訪問看護】大阪府大阪市東住吉区北田辺五丁目10番22号田辺ハイツ1号室", "url": "https://www.kaigokensaku.mhlw.go.jp/27/index.php?action_kouhyou_detail_004_kani=true&JigyosyoCd=2760890877-00&ServiceCd=130&Type=search", "url2": null }, "geometry": { "type": "Point", "coordinates": [ 135.524645600000014, 34.629499 ] } },
{ "type": "Feature", "properties": { "内容": "さくら大阪訪問看護ステーション【訪問看護】大阪市東住吉区矢田七丁目２番３０号１階", "url": "https://www.kaigokensaku.mhlw.go.jp/27/index.php?action_kouhyou_detail_004_kani=true&JigyosyoCd=2760890331-00&ServiceCd=130&Type=search", "url2": null }, "geometry": { "type": "Point", "coordinates": [ 135.52968420000002, 34.5960603 ] } },
{ "type": "Feature", "properties": { "内容": "東住吉すみれ訪問看護ステーション【訪問看護】大阪府大阪市東住吉区矢田1-23-1東住吉すみれビレッジ", "url": "https://www.kaigokensaku.mhlw.go.jp/27/index.php?action_kouhyou_detail_004_kani=true&JigyosyoCd=2760890612-00&ServiceCd=130&Type=search", "url2": "https://higashi-sumiyoshi-sumire-v.jp" }, "geometry": { "type": "Point", "coordinates": [ 135.5296534, 34.6063782 ] } },
{ "type": "Feature", "properties": { "内容": "訪問看護ステーション琴の音【訪問看護】大阪府大阪市東住吉区鷹合２丁目８番１７号", "url": "https://www.kaigokensaku.mhlw.go.jp/27/index.php?action_kouhyou_detail_004_kani=true&JigyosyoCd=2760890455-00&ServiceCd=130&Type=search", "url2": null }, "geometry": { "type": "Point", "coordinates": [ 135.53199640185241, 34.613524449295944 ] } },
{ "type": "Feature", "properties": { "内容": "医療法人　ウマノ整形外科クリニック【訪問看護】大阪市東住吉区矢田２－１７－３", "url": "https://www.kaigokensaku.mhlw.go.jp/27/index.php?action_kouhyou_detail_004_kani=true&JigyosyoCd=2710806635-00&ServiceCd=130&Type=search", "url2": "https://umano-seikei.com" }, "geometry": { "type": "Point", "coordinates": [ 135.5323152, 34.6090919 ] } },
{ "type": "Feature", "properties": { "内容": "嘉誠会訪問看護ステーション【訪問看護】大阪市東住吉区湯里１丁目18番3号", "url": "https://www.kaigokensaku.mhlw.go.jp/27/index.php?action_kouhyou_detail_004_kani=true&JigyosyoCd=2760890075-00&ServiceCd=130&Type=search", "url2": "http://www.kaseikai.or.jp" }, "geometry": { "type": "Point", "coordinates": [ 135.535698318114186, 34.614661304081473 ] } },
{ "type": "Feature", "properties": { "内容": "訪問看護ステーションたちばな【訪問看護】大阪市東住吉区鷹合3-2-66", "url": "https://www.kaigokensaku.mhlw.go.jp/27/index.php?action_kouhyou_detail_004_kani=true&JigyosyoCd=2760890026-00&ServiceCd=130&Type=search", "url2": null }, "geometry": { "type": "Point", "coordinates": [ 135.528154380106486, 34.611348131329834 ] } },
{ "type": "Feature", "properties": { "内容": "医療法人　西中医学会　西中訪問看護ステーション【訪問看護】大阪府大阪市東住吉区湯里5-9-21", "url": "https://www.kaigokensaku.mhlw.go.jp/27/index.php?action_kouhyou_detail_004_kani=true&JigyosyoCd=2760890067-00&ServiceCd=130&Type=search", "url2": "http://www.nishinaka.pos.to" }, "geometry": { "type": "Point", "coordinates": [ 135.537196443109707, 34.609717351338659 ] } },
{ "type": "Feature", "properties": { "内容": "訪問看護ステーションやまぼうし【訪問看護】大阪府大阪市東住吉区公園南矢田1-29-15青木コンパクトオフィスＡ号2階", "url": "https://www.kaigokensaku.mhlw.go.jp/27/index.php?action_kouhyou_detail_004_kani=true&JigyosyoCd=2760890695-00&ServiceCd=130&Type=search", "url2": null }, "geometry": { "type": "Point", "coordinates": [ 135.5265373, 34.6074532 ] } },
{ "type": "Feature", "properties": { "内容": "訪問看護ステーションありく東住吉【訪問看護】大阪府大阪市東住吉区西今川2-14-12サンライフ1階C号", "url": "https://www.kaigokensaku.mhlw.go.jp/27/index.php?action_kouhyou_detail_004_kani=true&JigyosyoCd=2760890380-00&ServiceCd=130&Type=search", "url2": "http://www.fkmedica.co.jp/" }, "geometry": { "type": "Point", "coordinates": [ 135.53342523372956, 34.6273429 ] } },
{ "type": "Feature", "properties": { "内容": "訪問看護ステーションラベンダー【訪問看護】大阪府大阪市東住吉区桑津3丁目2-10", "url": "https://www.kaigokensaku.mhlw.go.jp/27/index.php?action_kouhyou_detail_004_kani=true&JigyosyoCd=2760890372-00&ServiceCd=130&Type=search", "url2": "https://www.lavender-st.co.jp/" }, "geometry": { "type": "Point", "coordinates": [ 135.530326717196687, 34.639800618410419 ] } },
{ "type": "Feature", "properties": { "内容": "訪問看護ステーション　アキコ【訪問看護】大阪府大阪市東住吉区今川4丁目5-9今川マンション1階", "url": "https://www.kaigokensaku.mhlw.go.jp/27/index.php?action_kouhyou_detail_004_kani=true&JigyosyoCd=2760890570-00&ServiceCd=130&Type=search", "url2": null }, "geometry": { "type": "Point", "coordinates": [ 135.538123800000022, 34.6295992 ] } },
{ "type": "Feature", "properties": { "内容": "葵訪問看護ステーション【訪問看護】大阪府大阪市東住吉区駒川4-11-13", "url": "https://www.kaigokensaku.mhlw.go.jp/27/index.php?action_kouhyou_detail_004_kani=true&JigyosyoCd=2760890323-00&ServiceCd=130&Type=search", "url2": "http://confort-aoi.co.jp" }, "geometry": { "type": "Point", "coordinates": [ 135.532450489816085, 34.619973118728709 ] } },
{ "type": "Feature", "properties": { "内容": "つばめ訪問看護ステーション【訪問看護】大阪府大阪市東住吉区田辺3-22-12", "url": "https://www.kaigokensaku.mhlw.go.jp/27/index.php?action_kouhyou_detail_004_kani=true&JigyosyoCd=2760890307-00&ServiceCd=130&Type=search", "url2": "https://cnc7-1.com/" }, "geometry": { "type": "Point", "coordinates": [ 135.525803714433323, 34.623462168110755 ] } },
{ "type": "Feature", "properties": { "内容": "スタイル訪問看護ステーション【訪問看護】大阪市東住吉区南田辺1-9-23高崎ビル3階", "url": "https://www.kaigokensaku.mhlw.go.jp/27/index.php?action_kouhyou_detail_004_kani=true&JigyosyoCd=2760890117-00&ServiceCd=130&Type=search", "url2": "https://www.style-aruterasu.com/" }, "geometry": { "type": "Point", "coordinates": [ 135.525901273016416, 34.621465954951567 ] } },
{ "type": "Feature", "properties": { "内容": "訪問看護ステーション　メディケアジャパン大阪【訪問看護】大阪府大阪市東住吉区矢田2丁目8番12号コート東住吉501号", "url": "https://www.kaigokensaku.mhlw.go.jp/27/index.php?action_kouhyou_detail_004_kani=true&JigyosyoCd=2760890513-00&ServiceCd=130&Type=search", "url2": "https://www.medicare-j.com/" }, "geometry": { "type": "Point", "coordinates": [ 135.5309705, 34.606091100000022 ] } },
{ "type": "Feature", "properties": { "内容": "訪問看護ステーション　湊【訪問看護】大阪府大阪市東住吉区住道矢田1-20-11", "url": "https://www.kaigokensaku.mhlw.go.jp/27/index.php?action_kouhyou_detail_004_kani=true&JigyosyoCd=2760890448-00&ServiceCd=130&Type=search", "url2": null }, "geometry": { "type": "Point", "coordinates": [ 135.536494700000048, 34.6030567 ] } },
{ "type": "Feature", "properties": { "内容": "ライフリゾート訪問看護ステーション【訪問看護】大阪府大阪市東住吉区住道矢田1-27-16ライフリゾート東住吉1階", "url": "https://www.kaigokensaku.mhlw.go.jp/27/index.php?action_kouhyou_detail_004_kani=true&JigyosyoCd=2760890364-00&ServiceCd=130&Type=search", "url2": "http://liferesort-higashisumiyoshi.jp" }, "geometry": { "type": "Point", "coordinates": [ 135.5356246, 34.6014994 ] } },
{ "type": "Feature", "properties": { "内容": "訪問看護ステーションひびこれ【訪問看護】大阪府大阪市東住吉区駒川1-8-22北田辺駅前マンション101", "url": "https://www.kaigokensaku.mhlw.go.jp/27/index.php?action_kouhyou_detail_004_kani=true&JigyosyoCd=2760890711-00&ServiceCd=130&Type=search", "url2": "https://saharagroup.co.jp/" }, "geometry": { "type": "Point", "coordinates": [ 135.529162500000012, 34.6326826 ] } },
{ "type": "Feature", "properties": { "内容": "Goodforyou訪問看護ステーション【訪問看護】大阪府大阪市東住吉区西今川2-19-5パークサイドマンションSAOMOTO１A", "url": "https://www.kaigokensaku.mhlw.go.jp/27/index.php?action_kouhyou_detail_004_kani=true&JigyosyoCd=2760890646-00&ServiceCd=130&Type=search", "url2": "https://www.houyuu2022-goodforyou.com/" }, "geometry": { "type": "Point", "coordinates": [ 135.5332857, 34.6297618 ] } },
{ "type": "Feature", "properties": { "内容": "社会福祉法人愛徳福祉会　大阪発達総合療育センター訪問看護ステーションめぐみ【訪問看護】大阪市東住吉区山坂５丁目９番１６号", "url": "https://www.kaigokensaku.mhlw.go.jp/27/index.php?action_kouhyou_detail_004_kani=true&JigyosyoCd=2760890125-00&ServiceCd=130&Type=search", "url2": null }, "geometry": { "type": "Point", "coordinates": [ 135.519712499999969, 34.616655 ] } },
{ "type": "Feature", "properties": { "内容": "訪問看護ステーション　ステラ【訪問看護】大阪市東住吉区南田辺1-9-43", "url": "https://www.kaigokensaku.mhlw.go.jp/27/index.php?action_kouhyou_detail_004_kani=true&JigyosyoCd=2760890216-00&ServiceCd=130&Type=search", "url2": null }, "geometry": { "type": "Point", "coordinates": [ 135.524284299999977, 34.6215073 ] } },
{ "type": "Feature", "properties": { "内容": "訪問看護ステーションGS-45【訪問看護】大阪府大阪市東住吉区駒川５丁目18-3アーカス駒川2C", "url": "https://www.kaigokensaku.mhlw.go.jp/27/index.php?action_kouhyou_detail_004_kani=true&JigyosyoCd=2760890836-00&ServiceCd=130&Type=search", "url2": null }, "geometry": { "type": "Point", "coordinates": [ 135.5314986, 34.6173437 ] } },
{ "type": "Feature", "properties": { "内容": "訪問看護ステーションハチワレ【訪問看護】大阪府大阪市東住吉区鷹合3-6-14　２階３階", "url": "https://www.kaigokensaku.mhlw.go.jp/27/index.php?action_kouhyou_detail_004_kani=true&JigyosyoCd=2760890869-00&ServiceCd=130&Type=search", "url2": null }, "geometry": { "type": "Point", "coordinates": [ 135.528614300000015, 34.61084 ] } },
{ "type": "Feature", "properties": { "内容": "すまいる訪問看護ステーション【訪問看護】杭全1丁目11-3パルテール21　303号", "url": "https://www.kaigokensaku.mhlw.go.jp/27/index.php?action_kouhyou_detail_004_kani=true&JigyosyoCd=2760890844-00&ServiceCd=130&Type=search", "url2": "https://houkan.smile-company.net/" }, "geometry": { "type": "Point", "coordinates": [ 135.5373122, 34.6393493 ] } },
{ "type": "Feature", "properties": { "内容": "スピカ訪問看護ステーション【訪問看護】大阪府大阪市東住吉区田辺2-5-22", "url": "https://www.kaigokensaku.mhlw.go.jp/27/index.php?action_kouhyou_detail_004_kani=true&JigyosyoCd=2760890851-00&ServiceCd=130&Type=search", "url2": null }, "geometry": { "type": "Point", "coordinates": [ 135.526748949073806, 34.625588657167981 ] } },
{ "type": "Feature", "properties": { "内容": "つぐみ訪問看護ステーション【訪問看護】大阪府大阪市東住吉区照ヶ丘矢田1-10-2", "url": "https://www.kaigokensaku.mhlw.go.jp/27/index.php?action_kouhyou_detail_004_kani=true&JigyosyoCd=2760890539-00&ServiceCd=130&Type=search", "url2": null }, "geometry": { "type": "Point", "coordinates": [ 135.533588171163899, 34.606273951914247 ] } },
{ "type": "Feature", "properties": { "内容": "ほうもんかんごあさひ【訪問看護】大阪府大阪市東住吉区照ヶ丘矢田３－２－１２０２", "url": "https://www.kaigokensaku.mhlw.go.jp/27/index.php?action_kouhyou_detail_004_kani=true&JigyosyoCd=2760890661-00&ServiceCd=130&Type=search", "url2": null }, "geometry": { "type": "Point", "coordinates": [ 135.5329328, 34.6050266 ] } },
{ "type": "Feature", "properties": { "内容": "NEXTMEDICAL訪問看護ステーション【訪問看護】大阪府大阪市東住吉区矢田二丁目18番18号", "url": "https://www.kaigokensaku.mhlw.go.jp/27/index.php?action_kouhyou_detail_004_kani=true&JigyosyoCd=2760890802-00&ServiceCd=130&Type=search", "url2": "https://next-medical.net/" }, "geometry": { "type": "Point", "coordinates": [ 135.5326409, 34.6085816 ] } },
{ "type": "Feature", "properties": { "内容": "ろっく訪問看護ステーション【訪問看護】大阪府大阪市東住吉区北田辺6-16-2ユニオンビル501", "url": "https://www.kaigokensaku.mhlw.go.jp/27/index.php?action_kouhyou_detail_004_kani=true&JigyosyoCd=2760890562-00&ServiceCd=130&Type=search", "url2": null }, "geometry": { "type": "Point", "coordinates": [ 135.526027199999987, 34.6285859 ] } },
{ "type": "Feature", "properties": { "内容": "はぁと訪問看護ステーション【訪問看護】大阪府大阪市東住吉区北田辺２－３－９－１F", "url": "https://www.kaigokensaku.mhlw.go.jp/27/index.php?action_kouhyou_detail_004_kani=true&JigyosyoCd=2760890406-00&ServiceCd=130&Type=search", "url2": null }, "geometry": { "type": "Point", "coordinates": [ 135.526659099999961, 34.6373348 ] } },
{ "type": "Feature", "properties": { "内容": "ファミーユ訪問看護ステーション【訪問看護】大阪府大阪市東住吉区公園南矢田3丁目10番9号コトブキエステート105号室", "url": "https://www.kaigokensaku.mhlw.go.jp/27/index.php?action_kouhyou_detail_004_kani=true&JigyosyoCd=2760890638-00&ServiceCd=130&Type=search", "url2": "https://passerelle0804.co.jp" }, "geometry": { "type": "Point", "coordinates": [ 135.525014673645416, 34.601268876630094 ] } },
{ "type": "Feature", "properties": { "内容": "ライクス訪問看護ステーション【訪問看護】大阪府大阪市東住吉区杭全３丁目9-23", "url": "https://www.kaigokensaku.mhlw.go.jp/27/index.php?action_kouhyou_detail_004_kani=true&JigyosyoCd=2760890257-00&ServiceCd=130&Type=search", "url2": null }, "geometry": { "type": "Point", "coordinates": [ 135.537377500000048, 34.6354116 ] } },
{ "type": "Feature", "properties": { "内容": "ラナホウモンカンゴステーション【訪問看護】大阪市東住吉区北田辺4-18-4山本ビル1階", "url": "https://www.kaigokensaku.mhlw.go.jp/27/index.php?action_kouhyou_detail_004_kani=true&JigyosyoCd=2760890463-00&ServiceCd=130&Type=search", "url2": null }, "geometry": { "type": "Point", "coordinates": [ 135.5278377, 34.6324771 ] } },
{ "type": "Feature", "properties": { "内容": "上山クリニック【訪問看護】大阪府大阪市東住吉区矢田２－５－６グランドフォーム細田１Ｆ", "url": "https://www.kaigokensaku.mhlw.go.jp/27/index.php?action_kouhyou_detail_004_kani=true&JigyosyoCd=2710807690-00&ServiceCd=130&Type=search", "url2": "http://ueyama-clinic.jp/" }, "geometry": { "type": "Point", "coordinates": [ 135.53059589999998, 34.6072084 ] } },
{ "type": "Feature", "properties": { "内容": "ひだまり訪問看護ステーション【訪問看護】大阪府大阪市東住吉区矢田５丁目７番３４号", "url": "https://www.kaigokensaku.mhlw.go.jp/27/index.php?action_kouhyou_detail_004_kani=true&JigyosyoCd=2760890083-00&ServiceCd=130&Type=search", "url2": null }, "geometry": { "type": "Point", "coordinates": [ 135.530284100000017, 34.5996432 ] } },
{ "type": "Feature", "properties": { "内容": "東住吉訪問看護ステーションおとなり【訪問看護】大阪府大阪市東住吉区西今川２丁目５番９号", "url": "https://www.kaigokensaku.mhlw.go.jp/27/index.php?action_kouhyou_detail_004_kani=true&JigyosyoCd=2760890828-00&ServiceCd=130&Type=search", "url2": null }, "geometry": { "type": "Point", "coordinates": [ 135.5318682, 34.6287565 ] } },
{ "type": "Feature", "properties": { "内容": "訪問看護ステーションアエタこあら【訪問看護】大阪府大阪市東住吉区照ケ丘矢田3－2－6－102エアハウス矢田駅前", "url": "https://www.kaigokensaku.mhlw.go.jp/27/index.php?action_kouhyou_detail_004_kani=true&JigyosyoCd=2760890885-00&ServiceCd=130&Type=search", "url2": "https://aetakoala.com" }, "geometry": { "type": "Point", "coordinates": [ 135.532928, 34.6048761 ] } },
{ "type": "Feature", "properties": { "内容": "ＳａＫｕＲａ訪問看護ステーションⅠ【訪問看護】大阪府大阪市東住吉区住道矢田5-5-8", "url": "https://www.kaigokensaku.mhlw.go.jp/27/index.php?action_kouhyou_detail_004_kani=true&JigyosyoCd=2760890679-00&ServiceCd=130&Type=search", "url2": null }, "geometry": { "type": "Point", "coordinates": [ 135.5400546, 34.6086963 ] } },
{ "type": "Feature", "properties": { "内容": "リリーフ訪問看護ステーション【訪問看護】大阪府大阪市東住吉区鷹合2-15-10パインブルック103", "url": "https://www.kaigokensaku.mhlw.go.jp/27/index.php?action_kouhyou_detail_004_kani=true&JigyosyoCd=2760890687-00&ServiceCd=130&Type=search", "url2": "https://relief-osaka.studio.site/" }, "geometry": { "type": "Point", "coordinates": [ 135.5330301, 34.61549340000002 ] } },
{ "type": "Feature", "properties": { "内容": "訪問看護ステーションポート【訪問看護】大阪府大阪市東住吉区中野四丁目8番24号丸善ビル2階Ａ号室", "url": "https://www.kaigokensaku.mhlw.go.jp/27/index.php?action_kouhyou_detail_004_kani=true&JigyosyoCd=2760890703-00&ServiceCd=130&Type=search", "url2": null }, "geometry": { "type": "Point", "coordinates": [ 135.539645, 34.618783 ] } },
{ "type": "Feature", "properties": { "内容": "ミロ訪問看護ステーション【訪問看護】大阪市東住吉区駒川3-28-7K&Mビル2階", "url": "https://www.kaigokensaku.mhlw.go.jp/27/index.php?action_kouhyou_detail_004_kani=true&JigyosyoCd=2760890653-00&ServiceCd=130&Type=search", "url2": null }, "geometry": { "type": "Point", "coordinates": [ 135.5304266, 34.6222391 ] } },
{ "type": "Feature", "properties": { "内容": "訪問看護ステーションくるみ【訪問看護】大阪府大阪市東住吉区田辺5-1-37ラ・ヴィーア米田607号室", "url": "https://www.kaigokensaku.mhlw.go.jp/27/index.php?action_kouhyou_detail_004_kani=true&JigyosyoCd=2760890620-00&ServiceCd=130&Type=search", "url2": "https://kurumi.makecare.co.jp/" }, "geometry": { "type": "Point", "coordinates": [ 135.52604980000001, 34.6280496 ] } },
{ "type": "Feature", "properties": { "内容": "なお訪問看護ステーション【訪問看護】大阪市西成区天下茶屋2-8-7-102", "url": "https://www.kaigokensaku.mhlw.go.jp/27/index.php?action_kouhyou_detail_004_kani=true&JigyosyoCd=2763391063-00&ServiceCd=130&Type=search", "url2": null }, "geometry": { "type": "Point", "coordinates": [ 135.498477, 34.6375207 ] } },
{ "type": "Feature", "properties": { "内容": "訪問看護ステーション　ちえの和【訪問看護】大阪府大阪市西成区山王２丁目１２－１１１０１号室", "url": "https://www.kaigokensaku.mhlw.go.jp/27/index.php?action_kouhyou_detail_004_kani=true&JigyosyoCd=2763391105-00&ServiceCd=130&Type=search", "url2": null }, "geometry": { "type": "Point", "coordinates": [ 135.504598900000019, 34.645017699999983 ] } },
{ "type": "Feature", "properties": { "内容": "らぶりー訪問看護【訪問看護】大阪府大阪市西成区鶴見橋3-5-25", "url": "https://www.kaigokensaku.mhlw.go.jp/27/index.php?action_kouhyou_detail_004_kani=true&JigyosyoCd=2763391097-00&ServiceCd=130&Type=search", "url2": null }, "geometry": { "type": "Point", "coordinates": [ 135.4881695, 34.6460658 ] } },
{ "type": "Feature", "properties": { "内容": "訪問看護ステーションひなた【訪問看護】大阪府大阪市西成区萩之茶屋２丁目７番７号支援ハウス路木２０４号", "url": "https://www.kaigokensaku.mhlw.go.jp/27/index.php?action_kouhyou_detail_004_kani=true&JigyosyoCd=2763390321-00&ServiceCd=130&Type=search", "url2": "https://kango-hinata.com" }, "geometry": { "type": "Point", "coordinates": [ 135.5002528, 34.646926399999984 ] } },
{ "type": "Feature", "properties": { "内容": "医療法人　真秀良会　　まほら会診療所【訪問看護】大阪市西成区天下茶屋北２－５－１", "url": "https://www.kaigokensaku.mhlw.go.jp/27/index.php?action_kouhyou_detail_004_kani=true&JigyosyoCd=2713305544-00&ServiceCd=130&Type=search", "url2": null }, "geometry": { "type": "Point", "coordinates": [ 135.500963899999988, 34.6437657 ] } },
{ "type": "Feature", "properties": { "内容": "医療法人趙洲会趙診療所【訪問看護】大阪府大阪市西成区梅南2-5-17", "url": "https://www.kaigokensaku.mhlw.go.jp/27/index.php?action_kouhyou_detail_004_kani=true&JigyosyoCd=2713306914-00&ServiceCd=130&Type=search", "url2": "http://www.choshukai.jp/" }, "geometry": { "type": "Point", "coordinates": [ 135.490765, 34.642144 ] } },
{ "type": "Feature", "properties": { "内容": "訪問看護ステーションえこる【訪問看護】大阪府大阪市西成区橘二丁目7番16号メゾンエンゼル1階店舗", "url": "https://www.kaigokensaku.mhlw.go.jp/27/index.php?action_kouhyou_detail_004_kani=true&JigyosyoCd=2763390883-00&ServiceCd=130&Type=search", "url2": null }, "geometry": { "type": "Point", "coordinates": [ 135.49069, 34.6381645 ] } },
{ "type": "Feature", "properties": { "内容": "ノア訪問看護ステーション【訪問看護】大阪府大阪市西成区天下茶屋3-24-15メゾンドゥアルシオン403", "url": "https://www.kaigokensaku.mhlw.go.jp/27/index.php?action_kouhyou_detail_004_kani=true&JigyosyoCd=2763390651-00&ServiceCd=130&Type=search", "url2": null }, "geometry": { "type": "Point", "coordinates": [ 135.496906970623144, 34.635908645994505 ] } },
{ "type": "Feature", "properties": { "内容": "おはな訪問看護ステーション【訪問看護】大阪府大阪市西成区玉出西1－1－4グランパスエクシード602", "url": "https://www.kaigokensaku.mhlw.go.jp/27/index.php?action_kouhyou_detail_004_kani=true&JigyosyoCd=2763390503-00&ServiceCd=130&Type=search", "url2": "https://www.nbc2015.com" }, "geometry": { "type": "Point", "coordinates": [ 135.4914235, 34.6283286 ] } },
{ "type": "Feature", "properties": { "内容": "COCORO訪問看護ステーション西成【訪問看護】大阪府大阪市西成区花園南1-5-7", "url": "https://www.kaigokensaku.mhlw.go.jp/27/index.php?action_kouhyou_detail_004_kani=true&JigyosyoCd=2763390677-00&ServiceCd=130&Type=search", "url2": "https://www.yorisoi-cocoro.co.jp/" }, "geometry": { "type": "Point", "coordinates": [ 135.492164879762271, 34.637332223630466 ] } },
{ "type": "Feature", "properties": { "内容": "ぐっどたいむ訪問看護ステ－ション【訪問看護】大阪府大阪市西成区花園北2-3-22-1F", "url": "https://www.kaigokensaku.mhlw.go.jp/27/index.php?action_kouhyou_detail_004_kani=true&JigyosyoCd=2763390479-00&ServiceCd=130&Type=search", "url2": null }, "geometry": { "type": "Point", "coordinates": [ 135.497920475532482, 34.647244298886342 ] } },
{ "type": "Feature", "properties": { "内容": "仁看護ステーション【訪問看護】大阪府大阪市西成区旭1-1-11-201", "url": "https://www.kaigokensaku.mhlw.go.jp/27/index.php?action_kouhyou_detail_004_kani=true&JigyosyoCd=2763390800-00&ServiceCd=130&Type=search", "url2": "https://k-blood.com/company/" }, "geometry": { "type": "Point", "coordinates": [ 135.49636910000001, 34.6444852 ] } },
{ "type": "Feature", "properties": { "内容": "看護の歩【訪問看護】大阪府大阪市西成区岸里東2-15-13", "url": "https://www.kaigokensaku.mhlw.go.jp/27/index.php?action_kouhyou_detail_004_kani=true&JigyosyoCd=2763390610-00&ServiceCd=130&Type=search", "url2": "https://www.newvillage.jp" }, "geometry": { "type": "Point", "coordinates": [ 135.495385273394021, 34.630159604761026 ] } },
{ "type": "Feature", "properties": { "内容": "訪問看護ステーション心奏【訪問看護】大阪市西成区玉出西二丁目4番11号7階Groove玉出駅前BLDG", "url": "https://www.kaigokensaku.mhlw.go.jp/27/index.php?action_kouhyou_detail_004_kani=true&JigyosyoCd=2763390420-00&ServiceCd=130&Type=search", "url2": "http://hp.kaipoke.biz/xr5/" }, "geometry": { "type": "Point", "coordinates": [ 135.493069902824345, 34.631284427699086 ] } },
{ "type": "Feature", "properties": { "内容": "天神の森　訪問看護ステーション【訪問看護】大阪市西成区岸里東2丁目14番10号", "url": "https://www.kaigokensaku.mhlw.go.jp/27/index.php?action_kouhyou_detail_004_kani=true&JigyosyoCd=2763390180-00&ServiceCd=130&Type=search", "url2": "http://mhes.jp/" }, "geometry": { "type": "Point", "coordinates": [ 135.495650899999987, 34.6302756 ] } },
{ "type": "Feature", "properties": { "内容": "アルト訪問看護ステーション【訪問看護】大阪府大阪市西成区南津守一丁目５番２４号", "url": "https://www.kaigokensaku.mhlw.go.jp/27/index.php?action_kouhyou_detail_004_kani=true&JigyosyoCd=2763390115-00&ServiceCd=130&Type=search", "url2": null }, "geometry": { "type": "Point", "coordinates": [ 135.485570052114895, 34.634377437816475 ] } },
{ "type": "Feature", "properties": { "内容": "訪問看護ステーションナウロマンティック【訪問看護】大阪府大阪市西成区玉出東2-2-6マーブロイ帝塚山2階", "url": "https://www.kaigokensaku.mhlw.go.jp/27/index.php?action_kouhyou_detail_004_kani=true&JigyosyoCd=2763390578-00&ServiceCd=130&Type=search", "url2": "https://www.mone2012.co.jp/" }, "geometry": { "type": "Point", "coordinates": [ 135.495388100000014, 34.6260224 ] } },
{ "type": "Feature", "properties": { "内容": "訪問看護ステーションみけ【訪問看護】大阪府大阪市西成区長橋三丁目6番33号増井マンション510", "url": "https://www.kaigokensaku.mhlw.go.jp/27/index.php?action_kouhyou_detail_004_kani=true&JigyosyoCd=2763390628-00&ServiceCd=130&Type=search", "url2": "https://www.mike-care.com/" }, "geometry": { "type": "Point", "coordinates": [ 135.4883155, 34.64908 ] } },
{ "type": "Feature", "properties": { "内容": "ちむ訪問看護ステーション【訪問看護】大阪府大阪市西成区萩之茶屋2-6-9UBOfficeC号室", "url": "https://www.kaigokensaku.mhlw.go.jp/27/index.php?action_kouhyou_detail_004_kani=true&JigyosyoCd=2763390602-00&ServiceCd=130&Type=search", "url2": "https://chimuns.main.jp/" }, "geometry": { "type": "Point", "coordinates": [ 135.5011883, 34.646817 ] } },
{ "type": "Feature", "properties": { "内容": "訪問看護ステーション　ありす【訪問看護】大阪府大阪市西成区鶴見橋１－１５－１８", "url": "https://www.kaigokensaku.mhlw.go.jp/27/index.php?action_kouhyou_detail_004_kani=true&JigyosyoCd=2763390081-00&ServiceCd=130&Type=search", "url2": "https://sirius-kaigo.com/" }, "geometry": { "type": "Point", "coordinates": [ 135.493995, 34.6453238 ] } },
{ "type": "Feature", "properties": { "内容": "コルス訪問看護ステーション【訪問看護】大阪府大阪市西成区長橋1-11-17", "url": "https://www.kaigokensaku.mhlw.go.jp/27/index.php?action_kouhyou_detail_004_kani=true&JigyosyoCd=2763390685-00&ServiceCd=130&Type=search", "url2": "http://www.qols-osaka.com/" }, "geometry": { "type": "Point", "coordinates": [ 135.493221100000028, 34.648963600000016 ] } },
{ "type": "Feature", "properties": { "内容": "訪問看護ステーションHippo.【訪問看護】大阪府大阪市西成区萩之茶屋1丁目2番15号コミュニティハウス萩1A", "url": "https://www.kaigokensaku.mhlw.go.jp/27/index.php?action_kouhyou_detail_004_kani=true&JigyosyoCd=2763390339-00&ServiceCd=130&Type=search", "url2": null }, "geometry": { "type": "Point", "coordinates": [ 135.50132041349184, 34.649755647999399 ] } },
{ "type": "Feature", "properties": { "内容": "ルミナス訪問看護ステーション【訪問看護】大阪府大阪市西成区鶴見橋3-10-14ステラウッド鶴見橋201号室", "url": "https://www.kaigokensaku.mhlw.go.jp/27/index.php?action_kouhyou_detail_004_kani=true&JigyosyoCd=2763390891-00&ServiceCd=130&Type=search", "url2": null }, "geometry": { "type": "Point", "coordinates": [ 135.486994900000013, 34.6454374 ] } },
{ "type": "Feature", "properties": { "内容": "訪問看護ステーション　ハピネスウイング【訪問看護】大阪府大阪市西成区旭１丁目9‐21201", "url": "https://www.kaigokensaku.mhlw.go.jp/27/index.php?action_kouhyou_detail_004_kani=true&JigyosyoCd=2763390826-00&ServiceCd=130&Type=search", "url2": null }, "geometry": { "type": "Point", "coordinates": [ 135.4930186, 34.644978200000018 ] } },
{ "type": "Feature", "properties": { "内容": "訪問看護　ナナ【訪問看護】大阪府大阪市西成区太子1-15-14-2階", "url": "https://www.kaigokensaku.mhlw.go.jp/27/index.php?action_kouhyou_detail_004_kani=true&JigyosyoCd=2763391147-00&ServiceCd=130&Type=search", "url2": null }, "geometry": { "type": "Point", "coordinates": [ 135.5032732, 34.6465287 ] } },
{ "type": "Feature", "properties": { "内容": "訪問看護ステーションSunすまいる【訪問看護】大阪府大阪市西成区岸里3-3-17DAIKOマンション202", "url": "https://www.kaigokensaku.mhlw.go.jp/27/index.php?action_kouhyou_detail_004_kani=true&JigyosyoCd=2763391048-00&ServiceCd=130&Type=search", "url2": "https://www.sunsmile-station.com/" }, "geometry": { "type": "Point", "coordinates": [ 135.49302990000001, 34.631222500000021 ] } },
{ "type": "Feature", "properties": { "内容": "訪問看護　グッドライン【訪問看護】大阪府大阪市西成区萩之茶屋2丁目10-24ハイツアイリス115号", "url": "https://www.kaigokensaku.mhlw.go.jp/27/index.php?action_kouhyou_detail_004_kani=true&JigyosyoCd=2763391113-00&ServiceCd=130&Type=search", "url2": null }, "geometry": { "type": "Point", "coordinates": [ 135.500134, 34.6458246 ] } },
{ "type": "Feature", "properties": { "内容": "Litacoco訪問看護【訪問看護】大阪市西成区潮路1丁目4番33号-C-2", "url": "https://www.kaigokensaku.mhlw.go.jp/27/index.php?action_kouhyou_detail_004_kani=true&JigyosyoCd=2763390818-00&ServiceCd=130&Type=search", "url2": null }, "geometry": { "type": "Point", "coordinates": [ 135.4932579, 34.6373898 ] } },
{ "type": "Feature", "properties": { "内容": "のぞみ訪問看護ステーション【訪問看護】大阪府大阪市西成区萩之茶屋二丁目5-2難波屋ビル2F", "url": "https://www.kaigokensaku.mhlw.go.jp/27/index.php?action_kouhyou_detail_004_kani=true&JigyosyoCd=2763390552-00&ServiceCd=130&Type=search", "url2": "https://yumi-enterprise.jp/" }, "geometry": { "type": "Point", "coordinates": [ 135.501583000277748, 34.646352231829752 ] } },
{ "type": "Feature", "properties": { "内容": "医療法人溝口医院　訪問看護【訪問看護】大阪市西成区南津守7-5-7メゾン赤松１A", "url": "https://www.kaigokensaku.mhlw.go.jp/27/index.php?action_kouhyou_detail_004_kani=true&JigyosyoCd=2713304745-00&ServiceCd=130&Type=search", "url2": "https://mizoguchi-clinic.com/" }, "geometry": { "type": "Point", "coordinates": [ 135.485731810450773, 34.624100371832377 ] } },
{ "type": "Feature", "properties": { "内容": "訪問看護ステーション　ケアセンターらむね【訪問看護】大阪府大阪市西成区玉出東１丁目１０番２０号", "url": "https://www.kaigokensaku.mhlw.go.jp/27/index.php?action_kouhyou_detail_004_kani=true&JigyosyoCd=2763390792-00&ServiceCd=130&Type=search", "url2": "https://www.ryuramune.com/" }, "geometry": { "type": "Point", "coordinates": [ 135.4941968, 34.626576800000016 ] } },
{ "type": "Feature", "properties": { "内容": "パプリカ訪問看護ステーション【訪問看護】大阪府大阪市西成区萩之茶屋1-8-10レジデンス桜久２０２A", "url": "https://www.kaigokensaku.mhlw.go.jp/27/index.php?action_kouhyou_detail_004_kani=true&JigyosyoCd=2763390669-00&ServiceCd=130&Type=search", "url2": null }, "geometry": { "type": "Point", "coordinates": [ 135.502368, 34.6478467 ] } },
{ "type": "Feature", "properties": { "内容": "訪問看護ステーションスカイ【訪問看護】大阪府大阪市西成区岸里東1－26－8ロビンハイツ102", "url": "https://www.kaigokensaku.mhlw.go.jp/27/index.php?action_kouhyou_detail_004_kani=true&JigyosyoCd=2763390982-00&ServiceCd=130&Type=search", "url2": null }, "geometry": { "type": "Point", "coordinates": [ 135.495748600000013, 34.6317937 ] } },
{ "type": "Feature", "properties": { "内容": "ケイサポート訪問看護ステーション【訪問看護】大阪市西成区南津守7-6-11G-maison１階", "url": "https://www.kaigokensaku.mhlw.go.jp/27/index.php?action_kouhyou_detail_004_kani=true&JigyosyoCd=2763390586-00&ServiceCd=130&Type=search", "url2": null }, "geometry": { "type": "Point", "coordinates": [ 135.484879400000011, 34.6245703 ] } },
{ "type": "Feature", "properties": { "内容": "パルクール訪問看護ステーション【訪問看護】大阪府大阪市西成区鶴見橋1-6-32", "url": "https://www.kaigokensaku.mhlw.go.jp/27/index.php?action_kouhyou_detail_004_kani=true&JigyosyoCd=2763390388-00&ServiceCd=130&Type=search", "url2": "https://cyclo-inc.jp/" }, "geometry": { "type": "Point", "coordinates": [ 135.496091062242385, 34.646557715261665 ] } },
{ "type": "Feature", "properties": { "内容": "株式会社ハート【訪問看護】大阪府大阪市西成区玉出中１－２－１１", "url": "https://www.kaigokensaku.mhlw.go.jp/27/index.php?action_kouhyou_detail_004_kani=true&JigyosyoCd=2763390701-00&ServiceCd=130&Type=search", "url2": "https://heart-osaka.com/" }, "geometry": { "type": "Point", "coordinates": [ 135.494257800000014, 34.6284416 ] } },
{ "type": "Feature", "properties": { "内容": "訪問看護ステーション野の花【訪問看護】大阪府大阪市西成区天下茶屋東２丁目10-14", "url": "https://www.kaigokensaku.mhlw.go.jp/27/index.php?action_kouhyou_detail_004_kani=true&JigyosyoCd=2763390404-00&ServiceCd=130&Type=search", "url2": "https://nono-hana.co.jp/" }, "geometry": { "type": "Point", "coordinates": [ 135.502461114642642, 34.640108231998205 ] } },
{ "type": "Feature", "properties": { "内容": "山王訪問看護ステーション【訪問看護】大阪府大阪市西成区山王2丁目14番15号", "url": "https://www.kaigokensaku.mhlw.go.jp/27/index.php?action_kouhyou_detail_004_kani=true&JigyosyoCd=2763390537-00&ServiceCd=130&Type=search", "url2": "https://sanno-kango.com/" }, "geometry": { "type": "Point", "coordinates": [ 135.504450499999962, 34.646006399999983 ] } },
{ "type": "Feature", "properties": { "内容": "せきゅあ訪問看護ステーション【訪問看護】大阪府大阪市西成区長橋３－３－２８", "url": "https://www.kaigokensaku.mhlw.go.jp/27/index.php?action_kouhyou_detail_004_kani=true&JigyosyoCd=2763390941-00&ServiceCd=130&Type=search", "url2": null }, "geometry": { "type": "Point", "coordinates": [ 135.4895218, 34.6477082 ] } },
{ "type": "Feature", "properties": { "内容": "訪問看護ステーション　心桜【訪問看護】大阪府大阪市西成区潮路二丁目10番2号", "url": "https://www.kaigokensaku.mhlw.go.jp/27/index.php?action_kouhyou_detail_004_kani=true&JigyosyoCd=2763390966-00&ServiceCd=130&Type=search", "url2": null }, "geometry": { "type": "Point", "coordinates": [ 135.4922791, 34.6364672 ] } },
{ "type": "Feature", "properties": { "内容": "社会福祉法人ヒューマンライツ福祉協会　ヒューマン訪問看護ステーション【訪問看護】長橋2丁目5番29号", "url": "https://www.kaigokensaku.mhlw.go.jp/27/index.php?action_kouhyou_detail_004_kani=true&JigyosyoCd=2763390768-00&ServiceCd=130&Type=search", "url2": "http://www.humannet.or.jp" }, "geometry": { "type": "Point", "coordinates": [ 135.4904692, 34.6485585 ] } },
{ "type": "Feature", "properties": { "内容": "訪問看護ステーションホーム【訪問看護】大阪府大阪市西成区千本中1-15-9401", "url": "https://www.kaigokensaku.mhlw.go.jp/27/index.php?action_kouhyou_detail_004_kani=true&JigyosyoCd=2763391162-00&ServiceCd=130&Type=search", "url2": null }, "geometry": { "type": "Point", "coordinates": [ 135.4903679, 34.6318558 ] } },
{ "type": "Feature", "properties": { "内容": "mekaMahalo訪問看護【訪問看護】大阪府大阪市西成区旭3-4-14ピジョン花園405", "url": "https://www.kaigokensaku.mhlw.go.jp/27/index.php?action_kouhyou_detail_004_kani=true&JigyosyoCd=2763391196-00&ServiceCd=130&Type=search", "url2": null }, "geometry": { "type": "Point", "coordinates": [ 135.487837, 34.6437167 ] } },
{ "type": "Feature", "properties": { "内容": "訪問看護ステーションゆずは【訪問看護】大阪府大阪市西成区玉出西1－1－4　１階", "url": "https://www.kaigokensaku.mhlw.go.jp/27/index.php?action_kouhyou_detail_004_kani=true&JigyosyoCd=2763391188-00&ServiceCd=130&Type=search", "url2": null }, "geometry": { "type": "Point", "coordinates": [ 135.491444800000011, 34.62831 ] } },
{ "type": "Feature", "properties": { "内容": "スマイル訪問看護【訪問看護】大阪府大阪市西成区花園北1-9-29フラワーガーデン花園　1010号", "url": "https://www.kaigokensaku.mhlw.go.jp/27/index.php?action_kouhyou_detail_004_kani=true&JigyosyoCd=2763391212-00&ServiceCd=130&Type=search", "url2": null }, "geometry": { "type": "Point", "coordinates": [ 135.499186900000012, 34.6477825 ] } },
{ "type": "Feature", "properties": { "内容": "みちびき訪問看護ステーション【訪問看護】大阪府大阪市西成区岸里3-3-12アール26　401号室", "url": "https://www.kaigokensaku.mhlw.go.jp/27/index.php?action_kouhyou_detail_004_kani=true&JigyosyoCd=2763391022-00&ServiceCd=130&Type=search", "url2": null }, "geometry": { "type": "Point", "coordinates": [ 135.492984799999988, 34.631083 ] } },
{ "type": "Feature", "properties": { "内容": "あみん訪問看護ステーション【訪問看護】大阪府大阪市西成区鶴見橋一丁目4番5号エクセル花園101号", "url": "https://www.kaigokensaku.mhlw.go.jp/27/index.php?action_kouhyou_detail_004_kani=true&JigyosyoCd=2763391089-00&ServiceCd=130&Type=search", "url2": null }, "geometry": { "type": "Point", "coordinates": [ 135.4962236, 34.6456526 ] } },
{ "type": "Feature", "properties": { "内容": "訪問看護ステーション　サプリ【訪問看護】大阪府大阪市西成区天下茶屋3丁目17番19", "url": "https://www.kaigokensaku.mhlw.go.jp/27/index.php?action_kouhyou_detail_004_kani=true&JigyosyoCd=2763391154-00&ServiceCd=130&Type=search", "url2": null }, "geometry": { "type": "Point", "coordinates": [ 135.498116900000014, 34.6359374 ] } },
{ "type": "Feature", "properties": { "内容": "訪問看護ステーションゆたか【訪問看護】大阪府大阪市西成区聖天下１丁目10-31丸栄マンション聖天下203号", "url": "https://www.kaigokensaku.mhlw.go.jp/27/index.php?action_kouhyou_detail_004_kani=true&JigyosyoCd=2763391055-00&ServiceCd=130&Type=search", "url2": null }, "geometry": { "type": "Point", "coordinates": [ 135.5011067, 34.6378657 ] } },
{ "type": "Feature", "properties": { "内容": "セレーノ訪問看護ステーション【訪問看護】大阪府大阪市西成区天下茶屋2-21-10", "url": "https://www.kaigokensaku.mhlw.go.jp/27/index.php?action_kouhyou_detail_004_kani=true&JigyosyoCd=2763390396-00&ServiceCd=130&Type=search", "url2": "http://peacecruise.jp" }, "geometry": { "type": "Point", "coordinates": [ 135.497925500000065, 34.6372359 ] } },
{ "type": "Feature", "properties": { "内容": "訪問看護ステーションたま【訪問看護】大阪府大阪市西成区岸里東１－２－３南", "url": "https://www.kaigokensaku.mhlw.go.jp/27/index.php?action_kouhyou_detail_004_kani=true&JigyosyoCd=2763390958-00&ServiceCd=130&Type=search", "url2": null }, "geometry": { "type": "Point", "coordinates": [ 135.499392691419018, 34.633599869555297 ] } },
{ "type": "Feature", "properties": { "内容": "訪問看護ステーションうりずん【訪問看護】大阪府大阪市西成区潮路２丁目１７番５号", "url": "https://www.kaigokensaku.mhlw.go.jp/27/index.php?action_kouhyou_detail_004_kani=true&JigyosyoCd=2763390149-00&ServiceCd=130&Type=search", "url2": "https://www.urizun.info/%E8%A8%AA%E5%95%8F%E7%9C%8B%E8%AD%B7%E3%82%B9%E3%83%86%E3%83%BC%E3%82%B7%E3%83%A7%E3%83%B3" }, "geometry": { "type": "Point", "coordinates": [ 135.492526329465164, 34.634873337930848 ] } },
{ "type": "Feature", "properties": { "内容": "訪問看護ステーションTAIGA【訪問看護】大阪府大阪市西成区玉出東2丁目3－25　1階", "url": "https://www.kaigokensaku.mhlw.go.jp/27/index.php?action_kouhyou_detail_004_kani=true&JigyosyoCd=2763391139-00&ServiceCd=130&Type=search", "url2": null }, "geometry": { "type": "Point", "coordinates": [ 135.4941059, 34.6257201 ] } },
{ "type": "Feature", "properties": { "内容": "Inana訪問看護ステーション【訪問看護】大阪府大阪市淀川区西宮原1-6-60プラザ新大阪520号室", "url": "https://www.kaigokensaku.mhlw.go.jp/27/index.php?action_kouhyou_detail_004_kani=true&JigyosyoCd=2769190840-00&ServiceCd=130&Type=search", "url2": "https://www.inana-houkan.com/" }, "geometry": { "type": "Point", "coordinates": [ 135.4923099, 34.7327051 ] } },
{ "type": "Feature", "properties": { "内容": "訪問看護ステーションさいなす【訪問看護】大阪府大阪市淀川区西中島6丁目2‐3チサンマンション第7新大阪611号", "url": "https://www.kaigokensaku.mhlw.go.jp/27/index.php?action_kouhyou_detail_004_kani=true&JigyosyoCd=2769190824-00&ServiceCd=130&Type=search", "url2": null }, "geometry": { "type": "Point", "coordinates": [ 135.4978327, 34.7291352 ] } },
{ "type": "Feature", "properties": { "内容": "セコム北大阪訪問看護ステーション【訪問看護】大阪府大阪市淀川区三国本町3-28-8グリンコート三国203号室", "url": "https://www.kaigokensaku.mhlw.go.jp/27/index.php?action_kouhyou_detail_004_kani=true&JigyosyoCd=2769190089-00&ServiceCd=130&Type=search", "url2": "http://medical.secom.co.jp" }, "geometry": { "type": "Point", "coordinates": [ 135.4838942, 34.7380042 ] } },
{ "type": "Feature", "properties": { "内容": "医療法人　西出医院【訪問看護】大阪府大阪市淀川区東三国6丁目10-1", "url": "https://www.kaigokensaku.mhlw.go.jp/27/index.php?action_kouhyou_detail_004_kani=true&JigyosyoCd=2719108231-00&ServiceCd=130&Type=search", "url2": "http://www.nishide.in/" }, "geometry": { "type": "Point", "coordinates": [ 135.495154100000036, 34.7431873 ] } },
{ "type": "Feature", "properties": { "内容": "淀川区医師会訪問看護ステーション【訪問看護】大阪府大阪市淀川区十三東1丁目11番26号4階", "url": "https://www.kaigokensaku.mhlw.go.jp/27/index.php?action_kouhyou_detail_004_kani=true&JigyosyoCd=2769190014-00&ServiceCd=130&Type=search", "url2": "http://www.yodomed.jp" }, "geometry": { "type": "Point", "coordinates": [ 135.486640599999987, 34.7199564 ] } },
{ "type": "Feature", "properties": { "内容": "さくしあ訪問看護ステーション【訪問看護】大阪府大阪市淀川区十三元今里1-15-5203号", "url": "https://www.kaigokensaku.mhlw.go.jp/27/index.php?action_kouhyou_detail_004_kani=true&JigyosyoCd=2769190550-00&ServiceCd=130&Type=search", "url2": null }, "geometry": { "type": "Point", "coordinates": [ 135.475000599999987, 34.7186946 ] } },
{ "type": "Feature", "properties": { "内容": "フルール訪問看護ステーション【訪問看護】大阪府大阪市淀川区西三国4-3-192階B号室", "url": "https://www.kaigokensaku.mhlw.go.jp/27/index.php?action_kouhyou_detail_004_kani=true&JigyosyoCd=2769190451-00&ServiceCd=130&Type=search", "url2": null }, "geometry": { "type": "Point", "coordinates": [ 135.485574300000053, 34.7422906 ] } },
{ "type": "Feature", "properties": { "内容": "ケア21メディカル訪問看護ステーションぴ～す淀川【訪問看護】大阪府大阪市淀川区塚本3丁目7番", "url": "https://www.kaigokensaku.mhlw.go.jp/27/index.php?action_kouhyou_detail_004_kani=true&JigyosyoCd=2769190311-00&ServiceCd=130&Type=search", "url2": "http://medical.care21.co.jp" }, "geometry": { "type": "Point", "coordinates": [ 135.473739600000044, 34.716662 ] } },
{ "type": "Feature", "properties": { "内容": "訪問看護ステーション　癒の道【訪問看護】大阪市淀川区十三東１－１７－１３水交ビル　202", "url": "https://www.kaigokensaku.mhlw.go.jp/27/index.php?action_kouhyou_detail_004_kani=true&JigyosyoCd=2769190246-00&ServiceCd=130&Type=search", "url2": "https://www.yunomichi-ns.com/" }, "geometry": { "type": "Point", "coordinates": [ 135.484608, 34.7195454 ] } },
{ "type": "Feature", "properties": { "内容": "訪問看護ステーション和心【訪問看護】大阪府大阪市淀川区西中島６－５－４サムティフェイム新大阪2号館　2902号", "url": "https://www.kaigokensaku.mhlw.go.jp/27/index.php?action_kouhyou_detail_004_kani=true&JigyosyoCd=2769190212-00&ServiceCd=130&Type=search", "url2": null }, "geometry": { "type": "Point", "coordinates": [ 135.496726399999943, 34.7287307 ] } },
{ "type": "Feature", "properties": { "内容": "きん柑訪問看護ステーション【訪問看護】大阪府大阪市淀川区西宮原1丁目6-60プラザ新大阪214", "url": "https://www.kaigokensaku.mhlw.go.jp/27/index.php?action_kouhyou_detail_004_kani=true&JigyosyoCd=2769190741-00&ServiceCd=130&Type=search", "url2": "https://www.kinkan-kaigo-kango.com/" }, "geometry": { "type": "Point", "coordinates": [ 135.4922857, 34.7327027 ] } },
{ "type": "Feature", "properties": { "内容": "よあけ訪問看護ステーション【訪問看護】大阪府大阪市淀川区新高2丁目19番4コンフォート中山108号", "url": "https://www.kaigokensaku.mhlw.go.jp/27/index.php?action_kouhyou_detail_004_kani=true&JigyosyoCd=2769190360-00&ServiceCd=130&Type=search", "url2": "http://www.tooiyoake.com" }, "geometry": { "type": "Point", "coordinates": [ 135.4745451, 34.7308354 ] } },
{ "type": "Feature", "properties": { "内容": "東三国訪問看護ステーション【訪問看護】大阪府大阪市淀川区東三国２丁目３２番１４号モンテ新大阪８０２号室", "url": "https://www.kaigokensaku.mhlw.go.jp/27/index.php?action_kouhyou_detail_004_kani=true&JigyosyoCd=2769190659-00&ServiceCd=130&Type=search", "url2": "https://ho-kan-genki.co.jp/" }, "geometry": { "type": "Point", "coordinates": [ 135.498491199999989, 34.7443868 ] } },
{ "type": "Feature", "properties": { "内容": "訪問看護ステーション大西安心堂【訪問看護】大阪府大阪市淀川区三津屋北１丁目５－２０", "url": "https://www.kaigokensaku.mhlw.go.jp/27/index.php?action_kouhyou_detail_004_kani=true&JigyosyoCd=2769190071-00&ServiceCd=130&Type=search", "url2": null }, "geometry": { "type": "Point", "coordinates": [ 135.473318236211071, 34.73158339849391 ] } },
{ "type": "Feature", "properties": { "内容": "訪問看護ステーションはるか【訪問看護】大阪府大阪市淀川区西中島6丁目9-20新大阪GHビル2階206号", "url": "https://www.kaigokensaku.mhlw.go.jp/27/index.php?action_kouhyou_detail_004_kani=true&JigyosyoCd=2769190857-00&ServiceCd=130&Type=search", "url2": "https://sakuhana-clinic.jp/related/haruka/" }, "geometry": { "type": "Point", "coordinates": [ 135.4954026, 34.728642 ] } },
{ "type": "Feature", "properties": { "内容": "いえすリハビリ訪問看護ステーション【訪問看護】大阪市淀川区西中島4−4−25フルーレ新大阪808", "url": "https://www.kaigokensaku.mhlw.go.jp/27/index.php?action_kouhyou_detail_004_kani=true&JigyosyoCd=2769190436-00&ServiceCd=130&Type=search", "url2": "http://hp.kaipoke.biz/zm1/" }, "geometry": { "type": "Point", "coordinates": [ 135.497155, 34.727643 ] } },
{ "type": "Feature", "properties": { "内容": "訪問看護ステーションエイト【訪問看護】大阪府大阪市淀川区西三国２丁目２－２１－１", "url": "https://www.kaigokensaku.mhlw.go.jp/27/index.php?action_kouhyou_detail_004_kani=true&JigyosyoCd=2769190394-00&ServiceCd=130&Type=search", "url2": null }, "geometry": { "type": "Point", "coordinates": [ 135.487911199999985, 34.7388411 ] } },
{ "type": "Feature", "properties": { "内容": "ツクイ大阪訪問看護ステーション【訪問看護】大阪府大阪市淀川区西宮原1丁目5-6ハイツ新和206号室", "url": "https://www.kaigokensaku.mhlw.go.jp/27/index.php?action_kouhyou_detail_004_kani=true&JigyosyoCd=2769190469-00&ServiceCd=130&Type=search", "url2": "https://www.tsukui.net/" }, "geometry": { "type": "Point", "coordinates": [ 135.494070500000021, 34.732887 ] } },
{ "type": "Feature", "properties": { "内容": "訪問看護ステーション夢日和【訪問看護】大阪府大阪市淀川区十三東３－１１－１５志波ビル２階", "url": "https://www.kaigokensaku.mhlw.go.jp/27/index.php?action_kouhyou_detail_004_kani=true&JigyosyoCd=2769190535-00&ServiceCd=130&Type=search", "url2": null }, "geometry": { "type": "Point", "coordinates": [ 135.4869922, 34.7231558 ] } },
{ "type": "Feature", "properties": { "内容": "訪問看護ステーション笑楽　淀川【訪問看護】大阪府大阪市淀川区三津屋南3丁目5番14号", "url": "https://www.kaigokensaku.mhlw.go.jp/27/index.php?action_kouhyou_detail_004_kani=true&JigyosyoCd=2769190485-00&ServiceCd=130&Type=search", "url2": null }, "geometry": { "type": "Point", "coordinates": [ 135.4681067, 34.7257378 ] } },
{ "type": "Feature", "properties": { "内容": "フリーケア訪問看護ステーション【訪問看護】大阪府大阪市淀川区塚本3-1-21グローバルビル2B", "url": "https://www.kaigokensaku.mhlw.go.jp/27/index.php?action_kouhyou_detail_004_kani=true&JigyosyoCd=2769190634-00&ServiceCd=130&Type=search", "url2": "https://freecare1.com" }, "geometry": { "type": "Point", "coordinates": [ 135.474583023907826, 34.716969163588146 ] } },
{ "type": "Feature", "properties": { "内容": "ベストケア寿　訪問看護ステーション【訪問看護】大阪府大阪市淀川区西中島1-10-10トリニティ北川口408号室", "url": "https://www.kaigokensaku.mhlw.go.jp/27/index.php?action_kouhyou_detail_004_kani=true&JigyosyoCd=2769190667-00&ServiceCd=130&Type=search", "url2": "https://bestcarekotobuki.com/" }, "geometry": { "type": "Point", "coordinates": [ 135.5002528, 34.7241231 ] } },
{ "type": "Feature", "properties": { "内容": "いきいきSUN訪問看護ステーション【訪問看護】大阪府大阪市淀川区十三東2-10-17プロスパー十三101号", "url": "https://www.kaigokensaku.mhlw.go.jp/27/index.php?action_kouhyou_detail_004_kani=true&JigyosyoCd=2769190584-00&ServiceCd=130&Type=search", "url2": "http://sun.medicept.co.jp/" }, "geometry": { "type": "Point", "coordinates": [ 135.48400860000001, 34.7204985 ] } },
{ "type": "Feature", "properties": { "内容": "訪問看護ステーションＩＰＰＯ【訪問看護】大阪府大阪市淀川区西宮原1丁目7番15号ネオハイツ第3新大坂110号室", "url": "https://www.kaigokensaku.mhlw.go.jp/27/index.php?action_kouhyou_detail_004_kani=true&JigyosyoCd=2769190592-00&ServiceCd=130&Type=search", "url2": "http://www.ippohoukan.com" }, "geometry": { "type": "Point", "coordinates": [ 135.490616, 34.7331058 ] } },
{ "type": "Feature", "properties": { "内容": "訪問看護ステーションあんさんぶる【訪問看護】大阪府大阪市淀川区塚本２丁目１５番３号メゾンルブラン１０１号室", "url": "https://www.kaigokensaku.mhlw.go.jp/27/index.php?action_kouhyou_detail_004_kani=true&JigyosyoCd=2769190303-00&ServiceCd=130&Type=search", "url2": "https://nurse.homon-ensemble.com/" }, "geometry": { "type": "Point", "coordinates": [ 135.470568, 34.7140364 ] } },
{ "type": "Feature", "properties": { "内容": "さいえい訪問看護ステーション【訪問看護】大阪府大阪市淀川区三津屋北1丁目6番7201号", "url": "https://www.kaigokensaku.mhlw.go.jp/27/index.php?action_kouhyou_detail_004_kani=true&JigyosyoCd=2769190881-00&ServiceCd=130&Type=search", "url2": "https://www.sai-ei.com/" }, "geometry": { "type": "Point", "coordinates": [ 135.472626600000012, 34.7306648 ] } },
{ "type": "Feature", "properties": { "内容": "ぼぬーる訪問看護ステーション【訪問看護】大阪府大阪市淀川区加島3-6-17", "url": "https://www.kaigokensaku.mhlw.go.jp/27/index.php?action_kouhyou_detail_004_kani=true&JigyosyoCd=2769190899-00&ServiceCd=130&Type=search", "url2": "https://momunuru.co.jp/" }, "geometry": { "type": "Point", "coordinates": [ 135.4561168, 34.7296013 ] } },
{ "type": "Feature", "properties": { "内容": "訪問看護ステーションここの和【訪問看護】大阪府大阪市淀川区加島4丁目17-16コーポ加島PartＩＢ棟103号", "url": "https://www.kaigokensaku.mhlw.go.jp/27/index.php?action_kouhyou_detail_004_kani=true&JigyosyoCd=2769190493-00&ServiceCd=130&Type=search", "url2": "https://hns-kokonowa.com/" }, "geometry": { "type": "Point", "coordinates": [ 135.4519513, 34.7323287 ] } },
{ "type": "Feature", "properties": { "内容": "訪問看護ステーション　ルシア【訪問看護】大阪府大阪市淀川区新高4-6-11ラ・パティオ102", "url": "https://www.kaigokensaku.mhlw.go.jp/27/index.php?action_kouhyou_detail_004_kani=true&JigyosyoCd=2769190253-00&ServiceCd=130&Type=search", "url2": null }, "geometry": { "type": "Point", "coordinates": [ 135.479669300000012, 34.7341091 ] } },
{ "type": "Feature", "properties": { "内容": "訪問看護ステーションアークメディカル【訪問看護】大阪府大阪市淀川区西中島6-8-5NLC新大阪スカイビル604", "url": "https://www.kaigokensaku.mhlw.go.jp/27/index.php?action_kouhyou_detail_004_kani=true&JigyosyoCd=2769190543-00&ServiceCd=130&Type=search", "url2": "https://ark-medical.jp/" }, "geometry": { "type": "Point", "coordinates": [ 135.4951631015185, 34.727930101395742 ] } },
{ "type": "Feature", "properties": { "内容": "あじさい訪問看護ステーションほのか【訪問看護】大阪市淀川区木川西３丁目５-１３クリーンハイム十三１０１号", "url": "https://www.kaigokensaku.mhlw.go.jp/27/index.php?action_kouhyou_detail_004_kani=true&JigyosyoCd=2769190220-00&ServiceCd=130&Type=search", "url2": "http://ajs-gr.jp/ajisai/" }, "geometry": { "type": "Point", "coordinates": [ 135.487650278573625, 34.726514460072046 ] } },
{ "type": "Feature", "properties": { "内容": "訪問看護ステーションまちゃ【訪問看護】大阪府大阪市淀川区西中島二丁目12番81315号", "url": "https://www.kaigokensaku.mhlw.go.jp/27/index.php?action_kouhyou_detail_004_kani=true&JigyosyoCd=2769190931-00&ServiceCd=130&Type=search", "url2": null }, "geometry": { "type": "Point", "coordinates": [ 135.4952553, 34.7249628 ] } },
{ "type": "Feature", "properties": { "内容": "『延樹』訪問看護ステーションつるみ【訪問看護】大阪府大阪市鶴見区横堤4丁目12番18号KHSBLD横堤1階", "url": "https://www.kaigokensaku.mhlw.go.jp/27/index.php?action_kouhyou_detail_004_kani=true&JigyosyoCd=2769290202-00&ServiceCd=130&Type=search", "url2": "http://siy-enjyu.com" }, "geometry": { "type": "Point", "coordinates": [ 135.571, 34.7058409 ] } },
{ "type": "Feature", "properties": { "内容": "アクト訪問看護ステーション【訪問看護】大阪府大阪市鶴見区諸口5丁目2-12スリーハイツ101", "url": "https://www.kaigokensaku.mhlw.go.jp/27/index.php?action_kouhyou_detail_004_kani=true&JigyosyoCd=2769290103-00&ServiceCd=130&Type=search", "url2": "http://act-home-nursing.com/" }, "geometry": { "type": "Point", "coordinates": [ 135.582307266864717, 34.702872051272003 ] } },
{ "type": "Feature", "properties": { "内容": "和笑訪問看護ステーション【訪問看護】大阪府大阪市鶴見区放出東3丁目13番19号", "url": "https://www.kaigokensaku.mhlw.go.jp/27/index.php?action_kouhyou_detail_004_kani=true&JigyosyoCd=2769290277-00&ServiceCd=130&Type=search", "url2": "http://hp.kaipoke.biz/15u/172764/index_0007.html" }, "geometry": { "type": "Point", "coordinates": [ 135.562588799999986, 34.6902849 ] } },
{ "type": "Feature", "properties": { "内容": "まちの善訪問看護ステーション【訪問看護】大阪府大阪市鶴見区諸口3丁目1-17メゾン・エスポアール111号室", "url": "https://www.kaigokensaku.mhlw.go.jp/27/index.php?action_kouhyou_detail_004_kani=true&JigyosyoCd=2769290178-00&ServiceCd=130&Type=search", "url2": "http://machinozen-group.com" }, "geometry": { "type": "Point", "coordinates": [ 135.575112, 34.7028741 ] } },
{ "type": "Feature", "properties": { "内容": "ココの訪問看護【訪問看護】大阪府大阪市鶴見区横堤五丁目13番45号グリーンパーク桜花405号", "url": "https://www.kaigokensaku.mhlw.go.jp/27/index.php?action_kouhyou_detail_004_kani=true&JigyosyoCd=2769290350-00&ServiceCd=130&Type=search", "url2": "https://www.coccinc.co.jp/" }, "geometry": { "type": "Point", "coordinates": [ 135.5744761, 34.7086465 ] } },
{ "type": "Feature", "properties": { "内容": "医療法人恒星会　優訪問看護ステーション【訪問看護】大阪府大阪市鶴見区横堤4-25-4ユーデンビル　202号室", "url": "https://www.kaigokensaku.mhlw.go.jp/27/index.php?action_kouhyou_detail_004_kani=true&JigyosyoCd=2769290186-00&ServiceCd=130&Type=search", "url2": "https://yuuhoumonkango.com" }, "geometry": { "type": "Point", "coordinates": [ 135.571210353351034, 34.707889987017793 ] } },
{ "type": "Feature", "properties": { "内容": "医療法人晃和会訪問看護ステーション北田【訪問看護】大阪市鶴見区放出東2-4-1", "url": "https://www.kaigokensaku.mhlw.go.jp/27/index.php?action_kouhyou_detail_004_kani=true&JigyosyoCd=2769290046-00&ServiceCd=130&Type=search", "url2": "http://www.kitada-iin.com/" }, "geometry": { "type": "Point", "coordinates": [ 135.559785599999941, 34.6915916 ] } },
{ "type": "Feature", "properties": { "内容": "ひまわり訪問看護ステーション【訪問看護】大阪府大阪市鶴見区横堤3丁目10番19号堤之ビルディング2階", "url": "https://www.kaigokensaku.mhlw.go.jp/27/index.php?action_kouhyou_detail_004_kani=true&JigyosyoCd=2769290152-00&ServiceCd=130&Type=search", "url2": null }, "geometry": { "type": "Point", "coordinates": [ 135.5735621, 34.7034878 ] } },
{ "type": "Feature", "properties": { "内容": "鶴見区医師会浜訪問看護ステーション【訪問看護】大阪市鶴見区諸口五丁目浜６番１２号鶴見区在宅サービスセンター内３階", "url": "https://www.kaigokensaku.mhlw.go.jp/27/index.php?action_kouhyou_detail_004_kani=true&JigyosyoCd=2769290020-00&ServiceCd=130&Type=search", "url2": "http://www.tsurumi.osaka.med.or.jp" }, "geometry": { "type": "Point", "coordinates": [ 135.582864, 34.7046213 ] } },
{ "type": "Feature", "properties": { "内容": "りんくる訪問看護ステーション【訪問看護】大阪府大阪市鶴見区鶴見4-10-18マッシーモ鶴見1F", "url": "https://www.kaigokensaku.mhlw.go.jp/27/index.php?action_kouhyou_detail_004_kani=true&JigyosyoCd=2769290236-00&ServiceCd=130&Type=search", "url2": "https://familink.jp/" }, "geometry": { "type": "Point", "coordinates": [ 135.561483, 34.7032672 ] } },
{ "type": "Feature", "properties": { "内容": "おかもと訪問看護ステーションつるみ【訪問看護】大阪府大阪市鶴見区緑二丁目4番57号緑ハイツ2F号室", "url": "https://www.kaigokensaku.mhlw.go.jp/27/index.php?action_kouhyou_detail_004_kani=true&JigyosyoCd=2769290285-00&ServiceCd=130&Type=search", "url2": "https://okamoto-hns.com" }, "geometry": { "type": "Point", "coordinates": [ 135.5627366, 34.7104118 ] } },
{ "type": "Feature", "properties": { "内容": "K'sCare訪問看護ステーション【訪問看護】大阪府大阪市鶴見区鶴見4丁目15-31メルローズ鶴見101", "url": "https://www.kaigokensaku.mhlw.go.jp/27/index.php?action_kouhyou_detail_004_kani=true&JigyosyoCd=2769290194-00&ServiceCd=130&Type=search", "url2": null }, "geometry": { "type": "Point", "coordinates": [ 135.5643741, 34.703907 ] } },
{ "type": "Feature", "properties": { "内容": "ヘルスコープおおさか訪問看護ステーション【訪問看護】大阪市鶴見区鶴見3－6－24", "url": "https://www.kaigokensaku.mhlw.go.jp/27/index.php?action_kouhyou_detail_004_kani=true&JigyosyoCd=2769290038-00&ServiceCd=130&Type=search", "url2": "http://www.health-coop.jp/index.html" }, "geometry": { "type": "Point", "coordinates": [ 135.563007500000026, 34.7022766 ] } },
{ "type": "Feature", "properties": { "内容": "訪問看護ステーション星願【訪問看護】大阪府大阪市鶴見区横堤四丁目14番8号2階", "url": "https://www.kaigokensaku.mhlw.go.jp/27/index.php?action_kouhyou_detail_004_kani=true&JigyosyoCd=2769290400-00&ServiceCd=130&Type=search", "url2": "https://hoshi7.co.jp" }, "geometry": { "type": "Point", "coordinates": [ 135.5686476, 34.7062878 ] } },
{ "type": "Feature", "properties": { "内容": "LIKO訪問看護ステーション【訪問看護】大阪府大阪市鶴見区緑1丁目11番18号センチュリー鶴見103号", "url": "https://www.kaigokensaku.mhlw.go.jp/27/index.php?action_kouhyou_detail_004_kani=true&JigyosyoCd=2769290392-00&ServiceCd=130&Type=search", "url2": null }, "geometry": { "type": "Point", "coordinates": [ 135.5627455, 34.7124086 ] } },
{ "type": "Feature", "properties": { "内容": "ケーズ訪問看護ステーション【訪問看護】大阪府大阪市鶴見区鶴見5丁目1-10YSメゾン302", "url": "https://www.kaigokensaku.mhlw.go.jp/27/index.php?action_kouhyou_detail_004_kani=true&JigyosyoCd=2769290384-00&ServiceCd=130&Type=search", "url2": "http//ksnursing.info" }, "geometry": { "type": "Point", "coordinates": [ 135.5605244, 34.7070329 ] } },
{ "type": "Feature", "properties": { "内容": "医療法人俊清会　訪問看護ステーション朝顔【訪問看護】大阪府大阪市鶴見区今津南3-2-16", "url": "https://www.kaigokensaku.mhlw.go.jp/27/index.php?action_kouhyou_detail_004_kani=true&JigyosyoCd=2769290251-00&ServiceCd=130&Type=search", "url2": null }, "geometry": { "type": "Point", "coordinates": [ 135.5764809, 34.690463900000033 ] } },
{ "type": "Feature", "properties": { "内容": "訪問看護ステーションほーぷ【訪問看護】大阪府大阪市鶴見区安田3丁目11番22号", "url": "https://www.kaigokensaku.mhlw.go.jp/27/index.php?action_kouhyou_detail_004_kani=true&JigyosyoCd=2769290269-00&ServiceCd=130&Type=search", "url2": "https://tribalhearts.jp/" }, "geometry": { "type": "Point", "coordinates": [ 135.588565297725836, 34.708599327356794 ] } },
{ "type": "Feature", "properties": { "内容": "あいず訪問看護ステーションはなてん【訪問看護】大阪府大阪市鶴見区今津中1-6-49", "url": "https://www.kaigokensaku.mhlw.go.jp/27/index.php?action_kouhyou_detail_004_kani=true&JigyosyoCd=2769290210-00&ServiceCd=130&Type=search", "url2": "https://www.aizu-company.co.jp/" }, "geometry": { "type": "Point", "coordinates": [ 135.566181699999987, 34.69174690000002 ] } },
{ "type": "Feature", "properties": { "内容": "リニエ訪問看護ステーション鶴見【訪問看護】大阪府大阪市鶴見区横堤4丁目28-14鶴見緑地道端マンション702号室", "url": "https://www.kaigokensaku.mhlw.go.jp/27/index.php?action_kouhyou_detail_004_kani=true&JigyosyoCd=2769290228-00&ServiceCd=130&Type=search", "url2": "https://linie-group.jp/office/houmonkango-tsurumi/" }, "geometry": { "type": "Point", "coordinates": [ 135.570695300000011, 34.7084457 ] } },
{ "type": "Feature", "properties": { "内容": "アズ訪問看護ステーション【訪問看護】大阪府大阪市鶴見区鶴見五丁目１０番２６鶴見ロータスマンション401号", "url": "https://www.kaigokensaku.mhlw.go.jp/27/index.php?action_kouhyou_detail_004_kani=true&JigyosyoCd=2769290145-00&ServiceCd=130&Type=search", "url2": null }, "geometry": { "type": "Point", "coordinates": [ 135.567873043551259, 34.70583026483861 ] } },
{ "type": "Feature", "properties": { "内容": "らるご訪問看護ステーション【訪問看護】大阪府大阪市鶴見区諸口６丁目2−２９カサデコモド３０１", "url": "https://www.kaigokensaku.mhlw.go.jp/27/index.php?action_kouhyou_detail_004_kani=true&JigyosyoCd=2769290327-00&ServiceCd=130&Type=search", "url2": null }, "geometry": { "type": "Point", "coordinates": [ 135.5760947, 34.7057929 ] } },
{ "type": "Feature", "properties": { "内容": "訪問看護ステーションぶるーばぁど【訪問看護】大阪府大阪市鶴見区鶴見3丁目3番19号", "url": "https://www.kaigokensaku.mhlw.go.jp/27/index.php?action_kouhyou_detail_004_kani=true&JigyosyoCd=2769290335-00&ServiceCd=130&Type=search", "url2": "http://hp.kaipoke.biz/vkx/" }, "geometry": { "type": "Point", "coordinates": [ 135.5613397, 34.7008736 ] } },
{ "type": "Feature", "properties": { "内容": "社会医療法人盛和会訪問看護ステーションカルミア【訪問看護】大阪府大阪市鶴見区鶴見四丁目9番5号", "url": "https://www.kaigokensaku.mhlw.go.jp/27/index.php?action_kouhyou_detail_004_kani=true&JigyosyoCd=2769290053-00&ServiceCd=130&Type=search", "url2": "http://www.hondahp.or.jp" }, "geometry": { "type": "Point", "coordinates": [ 135.560999399999986, 34.702732 ] } },
{ "type": "Feature", "properties": { "内容": "白馬の杜訪問看護ステーション【訪問看護】大阪市鶴見区安田2-6-27", "url": "https://www.kaigokensaku.mhlw.go.jp/27/index.php?action_kouhyou_detail_004_kani=true&JigyosyoCd=2769290079-00&ServiceCd=130&Type=search", "url2": null }, "geometry": { "type": "Point", "coordinates": [ 135.593029699999988, 34.7050659 ] } },
{ "type": "Feature", "properties": { "内容": "燈叶訪問看護ステーション【訪問看護】大阪府大阪市鶴見区今津南1－9－2ハイツ若葉1階　東端号室", "url": "https://www.kaigokensaku.mhlw.go.jp/27/index.php?action_kouhyou_detail_004_kani=true&JigyosyoCd=2769290426-00&ServiceCd=130&Type=search", "url2": "https://toukasan.info" }, "geometry": { "type": "Point", "coordinates": [ 135.568125699999968, 34.6885555 ] } },
{ "type": "Feature", "properties": { "内容": "訪問看護ステーション　ウイルワン【訪問看護】大阪府大阪市鶴見区今津中3-6-27110", "url": "https://www.kaigokensaku.mhlw.go.jp/27/index.php?action_kouhyou_detail_004_kani=true&JigyosyoCd=2769290319-00&ServiceCd=130&Type=search", "url2": null }, "geometry": { "type": "Point", "coordinates": [ 135.575525299999981, 34.6921226 ] } },
{ "type": "Feature", "properties": { "内容": "合同会社　ケア開運【訪問看護】大阪府大阪市鶴見区浜５丁目４番５号１階", "url": "https://www.kaigokensaku.mhlw.go.jp/27/index.php?action_kouhyou_detail_004_kani=true&JigyosyoCd=2769290160-00&ServiceCd=130&Type=search", "url2": null }, "geometry": { "type": "Point", "coordinates": [ 135.5817568, 34.7152548 ] } },
{ "type": "Feature", "properties": { "内容": "ウィル訪問看護ステーション大阪【訪問看護】大阪府大阪市鶴見区緑1-7-5カーサエクリオ203号", "url": "https://www.kaigokensaku.mhlw.go.jp/27/index.php?action_kouhyou_detail_004_kani=true&JigyosyoCd=2769290343-00&ServiceCd=130&Type=search", "url2": "https://wyl.co.jp/" }, "geometry": { "type": "Point", "coordinates": [ 135.561778, 34.7113968 ] } },
{ "type": "Feature", "properties": { "内容": "あいあい訪問看護ステーション【訪問看護】大阪府大阪市鶴見区放出東3-22-3放出栄町商店会店舗C205", "url": "https://www.kaigokensaku.mhlw.go.jp/27/index.php?action_kouhyou_detail_004_kani=true&JigyosyoCd=2769290418-00&ServiceCd=130&Type=search", "url2": "https://3ny.care/" }, "geometry": { "type": "Point", "coordinates": [ 135.563575500000013, 34.6890452 ] } },
{ "type": "Feature", "properties": { "内容": "とわほうもんかんごすてーしょん【訪問看護】大阪府大阪市鶴見区緑１丁目７ー９ー３F", "url": "https://www.kaigokensaku.mhlw.go.jp/27/index.php?action_kouhyou_detail_004_kani=true&JigyosyoCd=2769290434-00&ServiceCd=130&Type=search", "url2": null }, "geometry": { "type": "Point", "coordinates": [ 135.5612232, 34.711698 ] } },
{ "type": "Feature", "properties": { "内容": "訪問看護ステーションみろく【訪問看護】大阪府大阪市住之江区西加賀屋３－１０－３－２０２", "url": "https://www.kaigokensaku.mhlw.go.jp/27/index.php?action_kouhyou_detail_004_kani=true&JigyosyoCd=2765990375-00&ServiceCd=130&Type=search", "url2": "https://www.miroku.link" }, "geometry": { "type": "Point", "coordinates": [ 135.476902593254096, 34.616643911315244 ] } },
{ "type": "Feature", "properties": { "内容": "訪問看護ステーションアロンティア住之江【訪問看護】大阪府大阪市住之江区安立1-4-3", "url": "https://www.kaigokensaku.mhlw.go.jp/27/index.php?action_kouhyou_detail_004_kani=true&JigyosyoCd=2765990029-00&ServiceCd=130&Type=search", "url2": "https://kouzenkai.info/cranial/care/home_visit/home_visit01/" }, "geometry": { "type": "Point", "coordinates": [ 135.489525721784304, 34.608954959482205 ] } },
{ "type": "Feature", "properties": { "内容": "友愛訪問看護ステーション【訪問看護】大阪府大阪市住之江区浜口西3丁目5番10号", "url": "https://www.kaigokensaku.mhlw.go.jp/27/index.php?action_kouhyou_detail_004_kani=true&JigyosyoCd=2765990011-00&ServiceCd=130&Type=search", "url2": "http://www.sanwakai.jp/" }, "geometry": { "type": "Point", "coordinates": [ 135.484774799999968, 34.6079865 ] } },
{ "type": "Feature", "properties": { "内容": "あんりゅう訪問看護ステーション【訪問看護】大阪府大阪市住之江区西住之江3-1-29", "url": "https://www.kaigokensaku.mhlw.go.jp/27/index.php?action_kouhyou_detail_004_kani=true&JigyosyoCd=2765990193-00&ServiceCd=130&Type=search", "url2": "https://nakatanaika.com" }, "geometry": { "type": "Point", "coordinates": [ 135.485252700000046, 34.6013845 ] } },
{ "type": "Feature", "properties": { "内容": "愛の手訪問看護ステーション【訪問看護】大阪府大阪市住之江区北島2-5-35", "url": "https://www.kaigokensaku.mhlw.go.jp/27/index.php?action_kouhyou_detail_004_kani=true&JigyosyoCd=2765990219-00&ServiceCd=130&Type=search", "url2": null }, "geometry": { "type": "Point", "coordinates": [ 135.476250599999958, 34.6046756 ] } },
{ "type": "Feature", "properties": { "内容": "訪問看護ステーション夢現【訪問看護】大阪府大阪市住之江区中加賀屋三丁目2番3号プライム加賀屋3F", "url": "https://www.kaigokensaku.mhlw.go.jp/27/index.php?action_kouhyou_detail_004_kani=true&JigyosyoCd=2765990367-00&ServiceCd=130&Type=search", "url2": "https://carers2000.com" }, "geometry": { "type": "Point", "coordinates": [ 135.4814089, 34.6164117 ] } },
{ "type": "Feature", "properties": { "内容": "わかリハビリ訪問看護ステーション【訪問看護】大阪府大阪市住之江区御崎2丁目5-6", "url": "https://www.kaigokensaku.mhlw.go.jp/27/index.php?action_kouhyou_detail_004_kani=true&JigyosyoCd=2765990136-00&ServiceCd=130&Type=search", "url2": "http://www.nico-group.jp" }, "geometry": { "type": "Point", "coordinates": [ 135.480494028836119, 34.612392195793831 ] } },
{ "type": "Feature", "properties": { "内容": "訪問看護ステーション御崎【訪問看護】大阪府大阪市住之江区御崎6-9-9シャトーみかげ１０１", "url": "https://www.kaigokensaku.mhlw.go.jp/27/index.php?action_kouhyou_detail_004_kani=true&JigyosyoCd=2765990169-00&ServiceCd=130&Type=search", "url2": null }, "geometry": { "type": "Point", "coordinates": [ 135.476775500000031, 34.6076308 ] } },
{ "type": "Feature", "properties": { "内容": "マザーハウス　訪問看護ステーション【訪問看護】大阪市住之江区粉浜2丁目13番7号住吉の杜ビル1階", "url": "https://www.kaigokensaku.mhlw.go.jp/27/index.php?action_kouhyou_detail_004_kani=true&JigyosyoCd=2765990094-00&ServiceCd=130&Type=search", "url2": "http://www.mhes.jp/" }, "geometry": { "type": "Point", "coordinates": [ 135.490602374868814, 34.616488628451364 ] } },
{ "type": "Feature", "properties": { "内容": "住之江ヤマシン訪問看護ステーション【訪問看護】大阪府大阪市住之江区北島２丁目６－３０ラ・ベル住之江公園２０２号室", "url": "https://www.kaigokensaku.mhlw.go.jp/27/index.php?action_kouhyou_detail_004_kani=true&JigyosyoCd=2765990268-00&ServiceCd=130&Type=search", "url2": "http://www.yamasin.co.jp/kango/" }, "geometry": { "type": "Point", "coordinates": [ 135.475817399999983, 34.6035118 ] } },
{ "type": "Feature", "properties": { "内容": "ぬくもり訪問看護ステーション【訪問看護】大阪府大阪市住之江区粉浜１丁目１４番２号", "url": "https://www.kaigokensaku.mhlw.go.jp/27/index.php?action_kouhyou_detail_004_kani=true&JigyosyoCd=2765990318-00&ServiceCd=130&Type=search", "url2": null }, "geometry": { "type": "Point", "coordinates": [ 135.4916694, 34.6205948 ] } },
{ "type": "Feature", "properties": { "内容": "訪問看護ステーション　友里【訪問看護】大阪府大阪市住之江区東加賀屋４丁目７番９号", "url": "https://www.kaigokensaku.mhlw.go.jp/27/index.php?action_kouhyou_detail_004_kani=true&JigyosyoCd=2765990201-00&ServiceCd=130&Type=search", "url2": null }, "geometry": { "type": "Point", "coordinates": [ 135.482057700000013, 34.6143318 ] } },
{ "type": "Feature", "properties": { "内容": "南大阪訪問看護ステーション【訪問看護】大阪府大阪市住之江区中加賀屋2－1－19南大阪訪問看護ステーション", "url": "https://www.kaigokensaku.mhlw.go.jp/27/index.php?action_kouhyou_detail_004_kani=true&JigyosyoCd=2765990045-00&ServiceCd=130&Type=search", "url2": "http://www.minamiosaka.com" }, "geometry": { "type": "Point", "coordinates": [ 135.48179140000002, 34.6187101 ] } },
{ "type": "Feature", "properties": { "内容": "ソレイユナーシング訪問看護ステーション【訪問看護】大阪府大阪市住之江区御崎5-3-19", "url": "https://www.kaigokensaku.mhlw.go.jp/27/index.php?action_kouhyou_detail_004_kani=true&JigyosyoCd=2765990250-00&ServiceCd=130&Type=search", "url2": null }, "geometry": { "type": "Point", "coordinates": [ 135.481466899999958, 34.6083061 ] } },
{ "type": "Feature", "properties": { "内容": "sora訪問看護ステーション【訪問看護】大阪府大阪市住之江区西加賀屋2丁目4-27", "url": "https://www.kaigokensaku.mhlw.go.jp/27/index.php?action_kouhyou_detail_004_kani=true&JigyosyoCd=2765990425-00&ServiceCd=130&Type=search", "url2": null }, "geometry": { "type": "Point", "coordinates": [ 135.478249741060722, 34.618023123625363 ] } },
{ "type": "Feature", "properties": { "内容": "燈和訪問看護ステーションあかり【訪問看護】大阪市住之江区浜口西2-5-24", "url": "https://www.kaigokensaku.mhlw.go.jp/27/index.php?action_kouhyou_detail_004_kani=true&JigyosyoCd=2765990292-00&ServiceCd=130&Type=search", "url2": null }, "geometry": { "type": "Point", "coordinates": [ 135.484036589938881, 34.611594789650489 ] } },
{ "type": "Feature", "properties": { "内容": "リニエ訪問看護ステーション住之江【訪問看護】大阪府大阪市住之江区粉浜3-15-9コテジャルダン２０３号室", "url": "https://www.kaigokensaku.mhlw.go.jp/27/index.php?action_kouhyou_detail_004_kani=true&JigyosyoCd=2765990276-00&ServiceCd=130&Type=search", "url2": "https://linie-group.jp/office/houmonkango-suminoe/" }, "geometry": { "type": "Point", "coordinates": [ 135.489747699999953, 34.6142352 ] } },
{ "type": "Feature", "properties": { "内容": "nesuwa訪問看護ステーション【訪問看護】大阪府大阪市住之江区浜口東2-7-25トクブチビル2F", "url": "https://www.kaigokensaku.mhlw.go.jp/27/index.php?action_kouhyou_detail_004_kani=true&JigyosyoCd=2765990409-00&ServiceCd=130&Type=search", "url2": null }, "geometry": { "type": "Point", "coordinates": [ 135.4866941, 34.6107917 ] } },
{ "type": "Feature", "properties": { "内容": "医療法人安立中野会なかのクリニック【訪問看護】大阪府大阪市住之江区安立4-4-7", "url": "https://www.kaigokensaku.mhlw.go.jp/27/index.php?action_kouhyou_detail_004_kani=true&JigyosyoCd=2715906711-00&ServiceCd=130&Type=search", "url2": "https://nakano-cl.jp/" }, "geometry": { "type": "Point", "coordinates": [ 135.4869535, 34.5999299 ] } },
{ "type": "Feature", "properties": { "内容": "ItoI訪問看護ステーション【訪問看護】大阪府大阪市住之江区東加賀屋二丁目１３番１４号", "url": "https://www.kaigokensaku.mhlw.go.jp/27/index.php?action_kouhyou_detail_004_kani=true&JigyosyoCd=2765990300-00&ServiceCd=130&Type=search", "url2": null }, "geometry": { "type": "Point", "coordinates": [ 135.482120900000012, 34.6179616 ] } },
{ "type": "Feature", "properties": { "内容": "訪問看護ステーションLaLa【訪問看護】大阪府大阪市住之江区浜口東3丁目11-23モンシャトレー101", "url": "https://www.kaigokensaku.mhlw.go.jp/27/index.php?action_kouhyou_detail_004_kani=true&JigyosyoCd=2765990359-00&ServiceCd=130&Type=search", "url2": null }, "geometry": { "type": "Point", "coordinates": [ 135.486704199999963, 34.6078647 ] } },
{ "type": "Feature", "properties": { "内容": "南港病院訪問看護ステーション【訪問看護】大阪府大阪市住之江区北加賀屋2丁目11番8号北加賀屋千島ビル303号室", "url": "https://www.kaigokensaku.mhlw.go.jp/27/index.php?action_kouhyou_detail_004_kani=true&JigyosyoCd=2765990086-00&ServiceCd=130&Type=search", "url2": "http://www.nanko-hp.com" }, "geometry": { "type": "Point", "coordinates": [ 135.476773316589885, 34.621332583859619 ] } },
{ "type": "Feature", "properties": { "内容": "ウルトラ訪問看護ステーション【訪問看護】大阪府大阪市住之江区粉浜西1-7-15", "url": "https://www.kaigokensaku.mhlw.go.jp/27/index.php?action_kouhyou_detail_004_kani=true&JigyosyoCd=2765990433-00&ServiceCd=130&Type=search", "url2": null }, "geometry": { "type": "Point", "coordinates": [ 135.489125697553249, 34.621784937186661 ] } },
{ "type": "Feature", "properties": { "内容": "訪問看護ステーション思いやり【訪問看護】大阪府大阪市住之江区安立1-10-37", "url": "https://www.kaigokensaku.mhlw.go.jp/27/index.php?action_kouhyou_detail_004_kani=true&JigyosyoCd=2765990342-00&ServiceCd=130&Type=search", "url2": "http://omoiyari-houkan.com/" }, "geometry": { "type": "Point", "coordinates": [ 135.4905152, 34.6075726 ] } },
{ "type": "Feature", "properties": { "内容": "サニー新大阪訪問看護ステーション【訪問看護】大阪府大阪市住之江区浜口東3-11-23モン・シャトレ２０３号室", "url": "https://www.kaigokensaku.mhlw.go.jp/27/index.php?action_kouhyou_detail_004_kani=true&JigyosyoCd=2765990417-00&ServiceCd=130&Type=search", "url2": null }, "geometry": { "type": "Point", "coordinates": [ 135.4867042, 34.6078647 ] } },
{ "type": "Feature", "properties": { "内容": "訪問看護ステーション　シンパシー24【訪問看護】大阪府大阪市住之江区安立3丁目6番26号", "url": "https://www.kaigokensaku.mhlw.go.jp/27/index.php?action_kouhyou_detail_004_kani=true&JigyosyoCd=2765990177-00&ServiceCd=130&Type=search", "url2": "https://sympathy-24.jp/#h01" }, "geometry": { "type": "Point", "coordinates": [ 135.4883616, 34.6019763 ] } },
{ "type": "Feature", "properties": { "内容": "ファニー訪問看護ステーション【訪問看護】大阪府大阪市平野区瓜破1-1-37ヴェルドミール　1階", "url": "https://www.kaigokensaku.mhlw.go.jp/27/index.php?action_kouhyou_detail_004_kani=true&JigyosyoCd=2765891128-00&ServiceCd=130&Type=search", "url2": null }, "geometry": { "type": "Point", "coordinates": [ 135.54951410000001, 34.6076478 ] } },
{ "type": "Feature", "properties": { "内容": "訪問看護ステーションyou.i【訪問看護】大阪府大阪市平野区長吉長原4-13-27-2階", "url": "https://www.kaigokensaku.mhlw.go.jp/27/index.php?action_kouhyou_detail_004_kani=true&JigyosyoCd=2765891169-00&ServiceCd=130&Type=search", "url2": null }, "geometry": { "type": "Point", "coordinates": [ 135.5709666, 34.5993102 ] } },
{ "type": "Feature", "properties": { "内容": "OHANA訪問看護ステーション長吉【訪問看護】大阪市平野区長吉長原１ー５－５パーマリィハイツ平野南105", "url": "https://www.kaigokensaku.mhlw.go.jp/27/index.php?action_kouhyou_detail_004_kani=true&JigyosyoCd=2765891151-00&ServiceCd=130&Type=search", "url2": "https://ohana-station.com/" }, "geometry": { "type": "Point", "coordinates": [ 135.5696456, 34.6073394 ] } },
{ "type": "Feature", "properties": { "内容": "みらくる訪問看護ステーション【訪問看護】大阪府大阪市平野区長吉長原西3-3-13", "url": "https://www.kaigokensaku.mhlw.go.jp/27/index.php?action_kouhyou_detail_004_kani=true&JigyosyoCd=2765890575-00&ServiceCd=130&Type=search", "url2": "https://www.mirakuru-st.com/" }, "geometry": { "type": "Point", "coordinates": [ 135.567072094581619, 34.602106371925736 ] } },
{ "type": "Feature", "properties": { "内容": "訪問看護ファミリー・ホスピス平野【訪問看護】大阪府大阪市平野区加美東2丁目7-12ファミリー・ホスピス平野ハウス", "url": "https://www.kaigokensaku.mhlw.go.jp/27/index.php?action_kouhyou_detail_004_kani=true&JigyosyoCd=2765890757-00&ServiceCd=130&Type=search", "url2": "https://family-hospice.co.jp/" }, "geometry": { "type": "Point", "coordinates": [ 135.5711356, 34.6323961 ] } },
{ "type": "Feature", "properties": { "内容": "リハビリ訪問看護ステーションまえあし【訪問看護】大阪府大阪市平野区瓜破東2-5-61", "url": "https://www.kaigokensaku.mhlw.go.jp/27/index.php?action_kouhyou_detail_004_kani=true&JigyosyoCd=2765890526-00&ServiceCd=130&Type=search", "url2": "http://maeashi.jp" }, "geometry": { "type": "Point", "coordinates": [ 135.56176880000001, 34.6063813 ] } },
{ "type": "Feature", "properties": { "内容": "グラシアス訪問看護ステーション【訪問看護】大阪府大阪市平野区流町４丁目１０番１０号三好病院内１階", "url": "https://www.kaigokensaku.mhlw.go.jp/27/index.php?action_kouhyou_detail_004_kani=true&JigyosyoCd=2765890567-00&ServiceCd=130&Type=search", "url2": "https://houmonkango.miyoshi-byouin.or.jp/" }, "geometry": { "type": "Point", "coordinates": [ 135.554421, 34.61822470000002 ] } },
{ "type": "Feature", "properties": { "内容": "医療法人五月会平野若葉会病院【訪問看護】大阪府大阪市平野区瓜破2丁目1番19号", "url": "https://www.kaigokensaku.mhlw.go.jp/27/index.php?action_kouhyou_detail_004_kani=true&JigyosyoCd=2715808131-00&ServiceCd=130&Type=search", "url2": "http://www.satsukikai.jp" }, "geometry": { "type": "Point", "coordinates": [ 135.552463, 34.6087589 ] } },
{ "type": "Feature", "properties": { "内容": "医療法人豊旺会　共立病院【訪問看護】大阪市平野区長吉出戸7-14-13", "url": "https://www.kaigokensaku.mhlw.go.jp/27/index.php?action_kouhyou_detail_004_kani=true&JigyosyoCd=2715808065-00&ServiceCd=130&Type=search", "url2": "http://kyoritsu.hououkai.or.jp/" }, "geometry": { "type": "Point", "coordinates": [ 135.5770999, 34.6108284 ] } },
{ "type": "Feature", "properties": { "内容": "CARE・CARE訪問看護ステーション【訪問看護】大阪府大阪市平野区西脇１丁目20-13", "url": "https://www.kaigokensaku.mhlw.go.jp/27/index.php?action_kouhyou_detail_004_kani=true&JigyosyoCd=2765890948-00&ServiceCd=130&Type=search", "url2": "https://care-care-ns.jimdosite.com/" }, "geometry": { "type": "Point", "coordinates": [ 135.546516899999972, 34.628570799999984 ] } },
{ "type": "Feature", "properties": { "内容": "訪問看護ステーションありく平野【訪問看護】大阪府大阪市平野区瓜破2-2-7ケンジントンハウス102・202", "url": "https://www.kaigokensaku.mhlw.go.jp/27/index.php?action_kouhyou_detail_004_kani=true&JigyosyoCd=2765890153-00&ServiceCd=130&Type=search", "url2": "http://www.fkmedica.co.jp/" }, "geometry": { "type": "Point", "coordinates": [ 135.553451175463124, 34.608901250408394 ] } },
{ "type": "Feature", "properties": { "内容": "エルサポート訪問看護ステーション【訪問看護】大阪府大阪市平野区長吉長原西2-2-20シティハイツ103号", "url": "https://www.kaigokensaku.mhlw.go.jp/27/index.php?action_kouhyou_detail_004_kani=true&JigyosyoCd=2765890310-00&ServiceCd=130&Type=search", "url2": null }, "geometry": { "type": "Point", "coordinates": [ 135.5668369, 34.6057206 ] } },
{ "type": "Feature", "properties": { "内容": "訪問看護ステーション　デューン平野【訪問看護】大阪府大阪市平野区喜連2-5-49キューブ平野ビル701号", "url": "https://www.kaigokensaku.mhlw.go.jp/27/index.php?action_kouhyou_detail_004_kani=true&JigyosyoCd=2765890401-00&ServiceCd=130&Type=search", "url2": "https://www.nfield.co.jp/" }, "geometry": { "type": "Point", "coordinates": [ 135.551040699999987, 34.6095517 ] } },
{ "type": "Feature", "properties": { "内容": "訪問看護ステーションフレンドリー平野【訪問看護】大阪府大阪市平野区西脇2丁目9-34クロス９パーク神田101号室", "url": "https://www.kaigokensaku.mhlw.go.jp/27/index.php?action_kouhyou_detail_004_kani=true&JigyosyoCd=2765890807-00&ServiceCd=130&Type=search", "url2": "https://friendly-kango.com/" }, "geometry": { "type": "Point", "coordinates": [ 135.5437886, 34.6261653 ] } },
{ "type": "Feature", "properties": { "内容": "訪問看護ステーション　めでぃさぽ【訪問看護】大阪府大阪市平野区長吉長原西1-3-13ウノスビル204号室", "url": "https://www.kaigokensaku.mhlw.go.jp/27/index.php?action_kouhyou_detail_004_kani=true&JigyosyoCd=2765890641-00&ServiceCd=130&Type=search", "url2": null }, "geometry": { "type": "Point", "coordinates": [ 135.5660633, 34.6070062 ] } },
{ "type": "Feature", "properties": { "内容": "訪問看護ステーションぴあ【訪問看護】大阪府大阪市平野区瓜破3-2-53瓜破ハイツイマタ102", "url": "https://www.kaigokensaku.mhlw.go.jp/27/index.php?action_kouhyou_detail_004_kani=true&JigyosyoCd=2765890385-00&ServiceCd=130&Type=search", "url2": null }, "geometry": { "type": "Point", "coordinates": [ 135.555661, 34.6051368 ] } },
{ "type": "Feature", "properties": { "内容": "訪問看護ステーションアテナ【訪問看護】大阪府大阪市平野区平野市町2-2-2富田ハイツ201号", "url": "https://www.kaigokensaku.mhlw.go.jp/27/index.php?action_kouhyou_detail_004_kani=true&JigyosyoCd=2765890815-00&ServiceCd=130&Type=search", "url2": "https://athena-nursing.net/" }, "geometry": { "type": "Point", "coordinates": [ 135.55853350000001, 34.6284415 ] } },
{ "type": "Feature", "properties": { "内容": "訪問看護ステーションうさぎ【訪問看護】大阪市平野区長吉長原二丁目2番56C", "url": "https://www.kaigokensaku.mhlw.go.jp/27/index.php?action_kouhyou_detail_004_kani=true&JigyosyoCd=2765890179-00&ServiceCd=130&Type=search", "url2": "http://houkan-usagi.com/" }, "geometry": { "type": "Point", "coordinates": [ 135.567735630671137, 34.604156838567192 ] } },
{ "type": "Feature", "properties": { "内容": "かがやき訪問看護ステーション加美駅前【訪問看護】大阪府大阪市平野区加美東4-15-6", "url": "https://www.kaigokensaku.mhlw.go.jp/27/index.php?action_kouhyou_detail_004_kani=true&JigyosyoCd=2765890278-00&ServiceCd=130&Type=search", "url2": "http://www.kagayaki-st.com/" }, "geometry": { "type": "Point", "coordinates": [ 135.567036689467216, 34.630117410108696 ] } },
{ "type": "Feature", "properties": { "内容": "訪問看護ステーションかせや【訪問看護】大阪府大阪市平野区瓜破東3-2-24", "url": "https://www.kaigokensaku.mhlw.go.jp/27/index.php?action_kouhyou_detail_004_kani=true&JigyosyoCd=2765890872-00&ServiceCd=130&Type=search", "url2": null }, "geometry": { "type": "Point", "coordinates": [ 135.555784958197023, 34.60443299850143 ] } },
{ "type": "Feature", "properties": { "内容": "わらいふリハビリ訪問看護ステーション【訪問看護】大阪府大阪市平野区平野西４－２－２２メゾンドフルール１階", "url": "https://www.kaigokensaku.mhlw.go.jp/27/index.php?action_kouhyou_detail_004_kani=true&JigyosyoCd=2765890880-00&ServiceCd=130&Type=search", "url2": "https://kanade-waraifu.com/" }, "geometry": { "type": "Point", "coordinates": [ 135.5452445, 34.6187465 ] } },
{ "type": "Feature", "properties": { "内容": "ゆうと訪問看護ステーション【訪問看護】大阪府大阪市平野区瓜破2-1-74藤井ビル１階", "url": "https://www.kaigokensaku.mhlw.go.jp/27/index.php?action_kouhyou_detail_004_kani=true&JigyosyoCd=2765890690-00&ServiceCd=130&Type=search", "url2": "https://yuuto-kango.com/" }, "geometry": { "type": "Point", "coordinates": [ 135.550423200000012, 34.6088945 ] } },
{ "type": "Feature", "properties": { "内容": "ハピネス訪問看護ステーション【訪問看護】大阪市平野区平野本町１－８－３２ビス平野2階", "url": "https://www.kaigokensaku.mhlw.go.jp/27/index.php?action_kouhyou_detail_004_kani=true&JigyosyoCd=2765890203-00&ServiceCd=130&Type=search", "url2": "https://co-medeica.com/" }, "geometry": { "type": "Point", "coordinates": [ 135.551667553828452, 34.623828163302917 ] } },
{ "type": "Feature", "properties": { "内容": "訪問看護ステーションここいろ【訪問看護】大阪府大阪市平野区長吉川辺三丁目16番37号", "url": "https://www.kaigokensaku.mhlw.go.jp/27/index.php?action_kouhyou_detail_004_kani=true&JigyosyoCd=2765890245-00&ServiceCd=130&Type=search", "url2": null }, "geometry": { "type": "Point", "coordinates": [ 135.579861, 34.5949221 ] } },
{ "type": "Feature", "properties": { "内容": "レガーヴル訪問看護ステーション【訪問看護】大阪府大阪市平野区西脇1丁目7-1日宝メゾン・ド・ショウ101号", "url": "https://www.kaigokensaku.mhlw.go.jp/27/index.php?action_kouhyou_detail_004_kani=true&JigyosyoCd=2765890625-00&ServiceCd=130&Type=search", "url2": "https://www.legarvre.com/" }, "geometry": { "type": "Point", "coordinates": [ 135.543740299999968, 34.6304815 ] } },
{ "type": "Feature", "properties": { "内容": "訪問看護ステーションみらあ【訪問看護】大阪府大阪市平野区加美西1-16-34", "url": "https://www.kaigokensaku.mhlw.go.jp/27/index.php?action_kouhyou_detail_004_kani=true&JigyosyoCd=2765890294-00&ServiceCd=130&Type=search", "url2": "https://miraa.co.jp/" }, "geometry": { "type": "Point", "coordinates": [ 135.562000129499779, 34.626005357207447 ] } },
{ "type": "Feature", "properties": { "内容": "訪問看護ステーション　さくらの樹【訪問看護】大阪府大阪市平野区喜連２丁目７番２１号", "url": "https://www.kaigokensaku.mhlw.go.jp/27/index.php?action_kouhyou_detail_004_kani=true&JigyosyoCd=2765890237-00&ServiceCd=130&Type=search", "url2": "https://plusd.jp/recruit/staff_kango.html" }, "geometry": { "type": "Point", "coordinates": [ 135.54948330000002, 34.6095245 ] } },
{ "type": "Feature", "properties": { "内容": "松原ヤマシン訪問看護ステーション【訪問看護】大阪府大阪市平野区長吉川辺4-1-56マリワール川辺602号", "url": "https://www.kaigokensaku.mhlw.go.jp/27/index.php?action_kouhyou_detail_004_kani=true&JigyosyoCd=2765890518-00&ServiceCd=130&Type=search", "url2": "http://www.yamasin.co.jp/kango/" }, "geometry": { "type": "Point", "coordinates": [ 135.569850055819586, 34.590811274346621 ] } },
{ "type": "Feature", "properties": { "内容": "訪問看護ステーションりある【訪問看護】大阪府大阪市平野区平野本町3丁目3番21号", "url": "https://www.kaigokensaku.mhlw.go.jp/27/index.php?action_kouhyou_detail_004_kani=true&JigyosyoCd=2765890328-00&ServiceCd=130&Type=search", "url2": "http://real-station.com" }, "geometry": { "type": "Point", "coordinates": [ 135.553525087275233, 34.623859956278444 ] } },
{ "type": "Feature", "properties": { "内容": "訪問看護おかあさん【訪問看護】大阪府大阪市平野区平野西4丁目2-28グランシャリオ203", "url": "https://www.kaigokensaku.mhlw.go.jp/27/index.php?action_kouhyou_detail_004_kani=true&JigyosyoCd=2765891003-00&ServiceCd=130&Type=search", "url2": "https://niji-no-kakehashi.com/" }, "geometry": { "type": "Point", "coordinates": [ 135.545373500000011, 34.618266500000011 ] } },
{ "type": "Feature", "properties": { "内容": "あったか訪問看護ステーション平野【訪問看護】大阪府大阪市平野区瓜破2-2-7ケンジントンハウス207", "url": "https://www.kaigokensaku.mhlw.go.jp/27/index.php?action_kouhyou_detail_004_kani=true&JigyosyoCd=2765891060-00&ServiceCd=130&Type=search", "url2": "https://attaka-houkan.com/" }, "geometry": { "type": "Point", "coordinates": [ 135.55345, 34.60884040000002 ] } },
{ "type": "Feature", "properties": { "内容": "たんぽぽ訪問看護ステーション【訪問看護】大阪府大阪市平野区喜連1-1-28", "url": "https://www.kaigokensaku.mhlw.go.jp/27/index.php?action_kouhyou_detail_004_kani=true&JigyosyoCd=2765890963-00&ServiceCd=130&Type=search", "url2": null }, "geometry": { "type": "Point", "coordinates": [ 135.548312399999986, 34.6193967 ] } },
{ "type": "Feature", "properties": { "内容": "訪問看護ステーション　アップケア【訪問看護】大阪府大阪市平野区喜連東5-1-8メゾンドリベールピュイ409号", "url": "https://www.kaigokensaku.mhlw.go.jp/27/index.php?action_kouhyou_detail_004_kani=true&JigyosyoCd=2765890831-00&ServiceCd=130&Type=search", "url2": "https://upcare-kaigo.com/company" }, "geometry": { "type": "Point", "coordinates": [ 135.562870800000042, 34.611405900000022 ] } },
{ "type": "Feature", "properties": { "内容": "訪問看護ステーションかわなべ【訪問看護】大阪市平野区長吉川辺3-7-27", "url": "https://www.kaigokensaku.mhlw.go.jp/27/index.php?action_kouhyou_detail_004_kani=true&JigyosyoCd=2765890435-00&ServiceCd=130&Type=search", "url2": "https://www.ontoku.or.jp/facilities/kawanabe-visit-nursing/" }, "geometry": { "type": "Point", "coordinates": [ 135.5761946, 34.5973857 ] } },
{ "type": "Feature", "properties": { "内容": "SK訪問看護ステーション【訪問看護】大阪府大阪市平野区長吉長原東1-7-16メゾンカタケ202", "url": "https://www.kaigokensaku.mhlw.go.jp/27/index.php?action_kouhyou_detail_004_kani=true&JigyosyoCd=2765891029-00&ServiceCd=130&Type=search", "url2": "http://www.shirayuri-group-2004.com" }, "geometry": { "type": "Point", "coordinates": [ 135.5763184, 34.6060214 ] } },
{ "type": "Feature", "properties": { "内容": "麦畑訪問看護ステーション【訪問看護】大阪市平野区長吉川辺3丁目16番1２号パラッツオ.ディ.ミヤモト２０３号", "url": "https://www.kaigokensaku.mhlw.go.jp/27/index.php?action_kouhyou_detail_004_kani=true&JigyosyoCd=2765890492-00&ServiceCd=130&Type=search", "url2": "http://mugibatake-humanpower.com" }, "geometry": { "type": "Point", "coordinates": [ 135.57994020000001, 34.5955767 ] } },
{ "type": "Feature", "properties": { "内容": "にじいろ訪問看護ステーション【訪問看護】大阪府大阪市平野区平野西4丁目2-15ロンドンハイツ103号", "url": "https://www.kaigokensaku.mhlw.go.jp/27/index.php?action_kouhyou_detail_004_kani=true&JigyosyoCd=2765890989-00&ServiceCd=130&Type=search", "url2": null }, "geometry": { "type": "Point", "coordinates": [ 135.546442399999989, 34.6182699 ] } },
{ "type": "Feature", "properties": { "内容": "サニー訪問看護ステーション【訪問看護】大阪府大阪市平野区長吉長原3-15-18シャトレ長吉101号", "url": "https://www.kaigokensaku.mhlw.go.jp/27/index.php?action_kouhyou_detail_004_kani=true&JigyosyoCd=2765891136-00&ServiceCd=130&Type=search", "url2": null }, "geometry": { "type": "Point", "coordinates": [ 135.57207226441804, 34.602157719472714 ] } },
{ "type": "Feature", "properties": { "内容": "あーなんだ訪問看護ステーション【訪問看護】大阪府大阪市平野区喜連2-5-85", "url": "https://www.kaigokensaku.mhlw.go.jp/27/index.php?action_kouhyou_detail_004_kani=true&JigyosyoCd=2765891086-00&ServiceCd=130&Type=search", "url2": null }, "geometry": { "type": "Point", "coordinates": [ 135.5493811, 34.6112093 ] } },
{ "type": "Feature", "properties": { "内容": "リレイト訪問看護ステーション【訪問看護】大阪府大阪市平野区平野宮町一丁目4番29号宮町ビル4A", "url": "https://www.kaigokensaku.mhlw.go.jp/27/index.php?action_kouhyou_detail_004_kani=true&JigyosyoCd=2765890617-00&ServiceCd=130&Type=search", "url2": "http://rearate.com/" }, "geometry": { "type": "Point", "coordinates": [ 135.5519989, 34.627852200000014 ] } },
{ "type": "Feature", "properties": { "内容": "酒井診療所訪問看護ステーション【訪問看護】大阪市平野区長吉長原西二丁目2番3号クリオパレス213号室", "url": "https://www.kaigokensaku.mhlw.go.jp/27/index.php?action_kouhyou_detail_004_kani=true&JigyosyoCd=2765890054-00&ServiceCd=130&Type=search", "url2": "https://sakai-shinryousho.jp/" }, "geometry": { "type": "Point", "coordinates": [ 135.566475800000035, 34.6059623 ] } },
{ "type": "Feature", "properties": { "内容": "医療法人森本医院訪問看護ステーション【訪問看護】大阪府大阪市平野区瓜破西1-8-86", "url": "https://www.kaigokensaku.mhlw.go.jp/27/index.php?action_kouhyou_detail_004_kani=true&JigyosyoCd=2765890484-00&ServiceCd=130&Type=search", "url2": "http://morimoto-iin.net/" }, "geometry": { "type": "Point", "coordinates": [ 135.546752218997, 34.608346974706407 ] } },
{ "type": "Feature", "properties": { "内容": "ＣＵ訪問看護ステーション大阪【訪問看護】大阪府大阪市平野区平野北1丁目9-242階", "url": "https://www.kaigokensaku.mhlw.go.jp/27/index.php?action_kouhyou_detail_004_kani=true&JigyosyoCd=2765890799-00&ServiceCd=130&Type=search", "url2": null }, "geometry": { "type": "Point", "coordinates": [ 135.547552178573596, 34.61730339147649 ] } },
{ "type": "Feature", "properties": { "内容": "訪問看護ステーション　てぃーだ【訪問看護】大阪府大阪市平野区流町3-19-6平野ハイツ1階", "url": "https://www.kaigokensaku.mhlw.go.jp/27/index.php?action_kouhyou_detail_004_kani=true&JigyosyoCd=2765890450-00&ServiceCd=130&Type=search", "url2": null }, "geometry": { "type": "Point", "coordinates": [ 135.5558102, 34.61968610000001 ] } },
{ "type": "Feature", "properties": { "内容": "あいず訪問看護ステーション平野【訪問看護】大阪府大阪市平野区背戸口5-3-3-201", "url": "https://www.kaigokensaku.mhlw.go.jp/27/index.php?action_kouhyou_detail_004_kani=true&JigyosyoCd=2765890542-00&ServiceCd=130&Type=search", "url2": "http://aizu-company.co.jp/" }, "geometry": { "type": "Point", "coordinates": [ 135.5484328, 34.6229046 ] } },
{ "type": "Feature", "properties": { "内容": "やすらぎ訪問看護ステーション【訪問看護】大阪府大阪市平野区喜連西6-2-71アネックス平野103号室", "url": "https://www.kaigokensaku.mhlw.go.jp/27/index.php?action_kouhyou_detail_004_kani=true&JigyosyoCd=2765890955-00&ServiceCd=130&Type=search", "url2": "https://hp.kaipoke.biz/zah/118446/base_0007.html" }, "geometry": { "type": "Point", "coordinates": [ 135.546757928830147, 34.610390055483563 ] } },
{ "type": "Feature", "properties": { "内容": "訪問看護ステーション　クローバー【訪問看護】長吉出戸6-13-1パークハイツ竹村102号", "url": "https://www.kaigokensaku.mhlw.go.jp/27/index.php?action_kouhyou_detail_004_kani=true&JigyosyoCd=2765890997-00&ServiceCd=130&Type=search", "url2": null }, "geometry": { "type": "Point", "coordinates": [ 135.571347800000012, 34.6096818 ] } },
{ "type": "Feature", "properties": { "内容": "訪問看護ステーション「グリーン」【訪問看護】大阪府大阪市平野区背戸口一丁目18番20号", "url": "https://www.kaigokensaku.mhlw.go.jp/27/index.php?action_kouhyou_detail_004_kani=true&JigyosyoCd=2765890047-00&ServiceCd=130&Type=search", "url2": "http://ryokufukai.or.jp/green/" }, "geometry": { "type": "Point", "coordinates": [ 135.542758467983958, 34.62163091698411 ] } },
{ "type": "Feature", "properties": { "内容": "べてる訪問看護ステーション【訪問看護】大阪府大阪市平野区平野西5-6-22エスターテハクヤ101号室", "url": "https://www.kaigokensaku.mhlw.go.jp/27/index.php?action_kouhyou_detail_004_kani=true&JigyosyoCd=2765891193-00&ServiceCd=130&Type=search", "url2": null }, "geometry": { "type": "Point", "coordinates": [ 135.5475706, 34.6193515 ] } },
{ "type": "Feature", "properties": { "内容": "ながよし訪問看護ステーション【訪問看護】大阪府大阪市平野区長吉長原１丁目２－３４長吉総合病院２階", "url": "https://www.kaigokensaku.mhlw.go.jp/27/index.php?action_kouhyou_detail_004_kani=true&JigyosyoCd=2765891219-00&ServiceCd=130&Type=search", "url2": null }, "geometry": { "type": "Point", "coordinates": [ 135.5675486, 34.6064642 ] } },
{ "type": "Feature", "properties": { "内容": "こころの訪問看護ステーションラッキー大阪【訪問看護】大阪府大阪市平野区喜連東1-8-341階", "url": "https://www.kaigokensaku.mhlw.go.jp/27/index.php?action_kouhyou_detail_004_kani=true&JigyosyoCd=2765891201-00&ServiceCd=130&Type=search", "url2": "https://www.lucky-osaka9.com" }, "geometry": { "type": "Point", "coordinates": [ 135.5594183, 34.6142366 ] } },
{ "type": "Feature", "properties": { "内容": "メディケア訪問看護ステーション平野【訪問看護】大阪府大阪市平野区加美正覚寺2-1-16平川マンション301", "url": "https://www.kaigokensaku.mhlw.go.jp/27/index.php?action_kouhyou_detail_004_kani=true&JigyosyoCd=2765890922-00&ServiceCd=130&Type=search", "url2": "https://medicareport.co.jp/" }, "geometry": { "type": "Point", "coordinates": [ 135.5597133, 34.6333652 ] } },
{ "type": "Feature", "properties": { "内容": "こころ訪問看護ステーション【訪問看護】大阪府大阪市平野区平野南3丁目6-15", "url": "https://www.kaigokensaku.mhlw.go.jp/27/index.php?action_kouhyou_detail_004_kani=true&JigyosyoCd=2765891102-00&ServiceCd=130&Type=search", "url2": "https://www.amourkaigo0801.jp/" }, "geometry": { "type": "Point", "coordinates": [ 135.560559500000011, 34.6198823 ] } },
{ "type": "Feature", "properties": { "内容": "訪問看護ステーションmakuake【訪問看護】大阪府大阪市平野区喜連西2-11-29-106", "url": "https://www.kaigokensaku.mhlw.go.jp/27/index.php?action_kouhyou_detail_004_kani=true&JigyosyoCd=2765890716-00&ServiceCd=130&Type=search", "url2": null }, "geometry": { "type": "Point", "coordinates": [ 135.546442399999989, 34.6144436 ] } },
{ "type": "Feature", "properties": { "内容": "テトメ訪問看護ステーション【訪問看護】大阪府大阪市平野区平野西４－３－１ミツダコーポ２０１", "url": "https://www.kaigokensaku.mhlw.go.jp/27/index.php?action_kouhyou_detail_004_kani=true&JigyosyoCd=2765890740-00&ServiceCd=130&Type=search", "url2": "https://tetome-ns.com" }, "geometry": { "type": "Point", "coordinates": [ 135.545355, 34.6180668 ] } },
{ "type": "Feature", "properties": { "内容": "凪訪問看護ステーション【訪問看護】大阪府大阪市平野区背戸口4丁目3-5丸徳ビル2階201", "url": "https://www.kaigokensaku.mhlw.go.jp/27/index.php?action_kouhyou_detail_004_kani=true&JigyosyoCd=2765890773-00&ServiceCd=130&Type=search", "url2": null }, "geometry": { "type": "Point", "coordinates": [ 135.5485165, 34.624460900000017 ] } },
{ "type": "Feature", "properties": { "内容": "ハレトキ訪問看護ステーション【訪問看護】大阪府大阪市平野区喜連西五丁目4番17号グランドール太平テナント棟２階", "url": "https://www.kaigokensaku.mhlw.go.jp/27/index.php?action_kouhyou_detail_004_kani=true&JigyosyoCd=2765891094-00&ServiceCd=130&Type=search", "url2": "https://stepover.jp/" }, "geometry": { "type": "Point", "coordinates": [ 135.548486184422558, 34.614502107536538 ] } },
{ "type": "Feature", "properties": { "内容": "エンブレイス株式会社【訪問看護】大阪府大阪市平野区喜連５丁目２番３４号", "url": "https://www.kaigokensaku.mhlw.go.jp/27/index.php?action_kouhyou_detail_004_kani=true&JigyosyoCd=2765891227-00&ServiceCd=130&Type=search", "url2": null }, "geometry": { "type": "Point", "coordinates": [ 135.5547817, 34.6139843 ] } },
{ "type": "Feature", "properties": { "内容": "訪問看護ジョイフルステーション【訪問看護】大阪府大阪市平野区加美北1-3-4", "url": "https://www.kaigokensaku.mhlw.go.jp/27/index.php?action_kouhyou_detail_004_kani=true&JigyosyoCd=2765891243-00&ServiceCd=130&Type=search", "url2": "https://joyful-station.com/" }, "geometry": { "type": "Point", "coordinates": [ 135.5555904, 34.6440288 ] } },
{ "type": "Feature", "properties": { "内容": "医療法人聖和錦秀会　うめだ訪問看護ステーション【訪問看護】大阪府大阪市北区西天満4-12-22第三青山ビル　303号室", "url": "https://www.kaigokensaku.mhlw.go.jp/27/index.php?action_kouhyou_detail_004_kani=true&JigyosyoCd=2764190746-00&ServiceCd=130&Type=search", "url2": "https://www.seiwa-kinshukai.or.jp/hanwaizumi/umeda_houmon" }, "geometry": { "type": "Point", "coordinates": [ 135.5029142, 34.697157 ] } },
{ "type": "Feature", "properties": { "内容": "医療法人悠弘会愛和クリニック【訪問看護】大阪府大阪市北区大淀中2丁目2番13号", "url": "https://www.kaigokensaku.mhlw.go.jp/27/index.php?action_kouhyou_detail_004_kani=true&JigyosyoCd=2714111842-00&ServiceCd=130&Type=search", "url2": null }, "geometry": { "type": "Point", "coordinates": [ 135.4856676, 34.7031332 ] } },
{ "type": "Feature", "properties": { "内容": "ピース訪問看護ステーション【訪問看護】大阪府大阪市北区菅原町11-10オーキッド中之島402号North", "url": "https://www.kaigokensaku.mhlw.go.jp/27/index.php?action_kouhyou_detail_004_kani=true&JigyosyoCd=2764190332-00&ServiceCd=130&Type=search", "url2": null }, "geometry": { "type": "Point", "coordinates": [ 135.509761600000047, 34.6938518 ] } },
{ "type": "Feature", "properties": { "内容": "デューン天満【訪問看護】大阪府大阪市北区国分寺1-7-11KHビル3階", "url": "https://www.kaigokensaku.mhlw.go.jp/27/index.php?action_kouhyou_detail_004_kani=true&JigyosyoCd=2764190399-00&ServiceCd=130&Type=search", "url2": null }, "geometry": { "type": "Point", "coordinates": [ 135.513322099999982, 34.7104529 ] } },
{ "type": "Feature", "properties": { "内容": "グッドライフケア訪問看護ステーション大阪【訪問看護】大阪府大阪市北区紅梅町1-6カザリーノビル6階", "url": "https://www.kaigokensaku.mhlw.go.jp/27/index.php?action_kouhyou_detail_004_kani=true&JigyosyoCd=2764190282-00&ServiceCd=130&Type=search", "url2": "https://goodlifecare.co.jp/" }, "geometry": { "type": "Point", "coordinates": [ 135.5139628, 34.6985544 ] } },
{ "type": "Feature", "properties": { "内容": "ナースクリエイツ訪問看護ステーション【訪問看護】大阪府大阪市長柄中1丁目4番26号フラットプラム103号", "url": "https://www.kaigokensaku.mhlw.go.jp/27/index.php?action_kouhyou_detail_004_kani=true&JigyosyoCd=2764190365-00&ServiceCd=130&Type=search", "url2": null }, "geometry": { "type": "Point", "coordinates": [ 135.514644200000021, 34.7113528 ] } },
{ "type": "Feature", "properties": { "内容": "ユアーズ訪問看護メディカルケア【訪問看護】大阪府大阪市北区天神橋五丁目5番32号", "url": "https://www.kaigokensaku.mhlw.go.jp/27/index.php?action_kouhyou_detail_004_kani=true&JigyosyoCd=2764190639-00&ServiceCd=130&Type=search", "url2": null }, "geometry": { "type": "Point", "coordinates": [ 135.511679199999946, 34.7077878 ] } },
{ "type": "Feature", "properties": { "内容": "ハーモニー訪問看護ステーション【訪問看護】大阪府大阪市北区東天満1-11-13AXIS南森町ビル8階", "url": "https://www.kaigokensaku.mhlw.go.jp/27/index.php?action_kouhyou_detail_004_kani=true&JigyosyoCd=2764190241-00&ServiceCd=130&Type=search", "url2": "https://harmony-medical.co.jp/" }, "geometry": { "type": "Point", "coordinates": [ 135.514144499999929, 34.6970349 ] } },
{ "type": "Feature", "properties": { "内容": "スカイ訪問看護ステーション【訪問看護】大阪府大阪市北区西天満3-12-2ユニ老松ビル201号", "url": "https://www.kaigokensaku.mhlw.go.jp/27/index.php?action_kouhyou_detail_004_kani=true&JigyosyoCd=2764190605-00&ServiceCd=130&Type=search", "url2": "https://www.forceconnect.net/" }, "geometry": { "type": "Point", "coordinates": [ 135.507259600000026, 34.6959591 ] } },
{ "type": "Feature", "properties": { "内容": "訪問看護ステーション蓮【訪問看護】大阪府大阪市北区中崎西4-3-32ARCA梅田ビル", "url": "https://www.kaigokensaku.mhlw.go.jp/27/index.php?action_kouhyou_detail_004_kani=true&JigyosyoCd=2764190704-00&ServiceCd=130&Type=search", "url2": "https://www.ren.ne.jp/" }, "geometry": { "type": "Point", "coordinates": [ 135.502809, 34.7093224 ] } },
{ "type": "Feature", "properties": { "内容": "北大阪訪問看護ステーション【訪問看護】大阪府大阪市北区天神橋七丁目5番21号大新ビル2階", "url": "https://www.kaigokensaku.mhlw.go.jp/27/index.php?action_kouhyou_detail_004_kani=true&JigyosyoCd=2764190019-00&ServiceCd=130&Type=search", "url2": null }, "geometry": { "type": "Point", "coordinates": [ 135.511865199999988, 34.7125347 ] } },
{ "type": "Feature", "properties": { "内容": "ゆきおか訪問看護ステーション【訪問看護】大阪府大阪市北区浮田２－２－３行岡病院内", "url": "https://www.kaigokensaku.mhlw.go.jp/27/index.php?action_kouhyou_detail_004_kani=true&JigyosyoCd=2764190035-00&ServiceCd=130&Type=search", "url2": "http://www.yukioka.or.jp" }, "geometry": { "type": "Point", "coordinates": [ 135.508483699999942, 34.709797200000011 ] } },
{ "type": "Feature", "properties": { "内容": "社会福祉法人恩賜財団済生会支部大阪府済生会中津病院訪問看護ステーション【訪問看護】大阪府大阪市北区芝田2丁目10番39号", "url": "https://www.kaigokensaku.mhlw.go.jp/27/index.php?action_kouhyou_detail_004_kani=true&JigyosyoCd=2764190076-00&ServiceCd=130&Type=search", "url2": "http://www.nakatsu.saiseikai.or.jp" }, "geometry": { "type": "Point", "coordinates": [ 135.495043200000026, 34.7081748 ] } },
{ "type": "Feature", "properties": { "内容": "訪問看護ステーションゆめ【訪問看護】大阪府大阪市北区天神橋3-11-9天神橋ビル7Ｆ", "url": "https://www.kaigokensaku.mhlw.go.jp/27/index.php?action_kouhyou_detail_004_kani=true&JigyosyoCd=2764190373-00&ServiceCd=130&Type=search", "url2": "http://www.smile-yume.com/" }, "geometry": { "type": "Point", "coordinates": [ 135.511944500000027, 34.7027315 ] } },
{ "type": "Feature", "properties": { "内容": "YuRiCa訪問看護ステーション【訪問看護】大阪市北区西天満3-8-13大阪司法ビル503", "url": "https://www.kaigokensaku.mhlw.go.jp/27/index.php?action_kouhyou_detail_004_kani=true&JigyosyoCd=2764190423-00&ServiceCd=130&Type=search", "url2": "https://hitooto-yurica.com" }, "geometry": { "type": "Point", "coordinates": [ 135.507527699999969, 34.695330299999981 ] } },
{ "type": "Feature", "properties": { "内容": "りゅうじん訪問看護ステーション梅田【訪問看護】大阪府大阪市北区浮田1-1-20アサヒビル本館2階", "url": "https://www.kaigokensaku.mhlw.go.jp/27/index.php?action_kouhyou_detail_004_kani=true&JigyosyoCd=2764190514-00&ServiceCd=130&Type=search", "url2": "http://www.ryujin-ns.com" }, "geometry": { "type": "Point", "coordinates": [ 135.509207699999962, 34.7085091 ] } },
{ "type": "Feature", "properties": { "内容": "ハピリナ訪問看護ステーション【訪問看護】大阪府大阪市北区西天満５丁目１５番１８号実業ビル４階", "url": "https://www.kaigokensaku.mhlw.go.jp/27/index.php?action_kouhyou_detail_004_kani=true&JigyosyoCd=2764190837-00&ServiceCd=130&Type=search", "url2": null }, "geometry": { "type": "Point", "coordinates": [ 135.506841799999989, 34.6985468 ] } },
{ "type": "Feature", "properties": { "内容": "アルモ訪問看護ステーション【訪問看護】大阪府大阪市北区豊崎1-7-4北終長屋1", "url": "https://www.kaigokensaku.mhlw.go.jp/27/index.php?action_kouhyou_detail_004_kani=true&JigyosyoCd=2764190795-00&ServiceCd=130&Type=search", "url2": "https://rehanus.com/almo-visiting-nursing/" }, "geometry": { "type": "Point", "coordinates": [ 135.50395450000002, 34.7105489 ] } },
{ "type": "Feature", "properties": { "内容": "Hapi訪問看護ステースヨン【訪問看護】大阪府大阪市北区天神橋4丁目8ー21天満KYビル３０３号", "url": "https://www.kaigokensaku.mhlw.go.jp/27/index.php?action_kouhyou_detail_004_kani=true&JigyosyoCd=2764190597-00&ServiceCd=130&Type=search", "url2": "http://hapilabo-0502.com" }, "geometry": { "type": "Point", "coordinates": [ 135.5112464, 34.7050094 ] } },
{ "type": "Feature", "properties": { "内容": "ケアクルリハビリ訪問看護ステーション【訪問看護】大阪府大阪市北区天神橋２丁目２番10号ワイズビル３階", "url": "https://www.kaigokensaku.mhlw.go.jp/27/index.php?action_kouhyou_detail_004_kani=true&JigyosyoCd=2764190290-00&ServiceCd=130&Type=search", "url2": null }, "geometry": { "type": "Point", "coordinates": [ 135.51139749999993, 34.6959238 ] } },
{ "type": "Feature", "properties": { "内容": "訪問看護ステーションＭＳＣ【訪問看護】大阪府大阪市北区西天満3-13-20ASビル6階", "url": "https://www.kaigokensaku.mhlw.go.jp/27/index.php?action_kouhyou_detail_004_kani=true&JigyosyoCd=2764190308-00&ServiceCd=130&Type=search", "url2": "http://www.nurse-msc.com" }, "geometry": { "type": "Point", "coordinates": [ 135.507507917721568, 34.697564609129365 ] } },
{ "type": "Feature", "properties": { "内容": "株式会社Q‘sユニット訪問看護ステーションPono【訪問看護】大阪府大阪市北区浪花町1-23第10新興ビル203号", "url": "https://www.kaigokensaku.mhlw.go.jp/27/index.php?action_kouhyou_detail_004_kani=true&JigyosyoCd=2764190696-00&ServiceCd=130&Type=search", "url2": null }, "geometry": { "type": "Point", "coordinates": [ 135.510655899999989, 34.7063142 ] } },
{ "type": "Feature", "properties": { "内容": "かのん訪問看護ステーション【訪問看護】大阪府大阪市北区梅田1丁目2番2大阪駅前第2ビル4階4-1-1号", "url": "https://www.kaigokensaku.mhlw.go.jp/27/index.php?action_kouhyou_detail_004_kani=true&JigyosyoCd=2764190555-00&ServiceCd=130&Type=search", "url2": "http://hp.kaipoke.biz/e1t/" }, "geometry": { "type": "Point", "coordinates": [ 135.4979539, 34.6989342 ] } },
{ "type": "Feature", "properties": { "内容": "みどりの訪問看護ステーション【訪問看護】大阪府大阪市北区東天満2-9-2AXIS南森町ビル別館301", "url": "https://www.kaigokensaku.mhlw.go.jp/27/index.php?action_kouhyou_detail_004_kani=true&JigyosyoCd=2764190381-00&ServiceCd=130&Type=search", "url2": null }, "geometry": { "type": "Point", "coordinates": [ 135.514216600000026, 34.697646 ] } },
{ "type": "Feature", "properties": { "内容": "ヤドカリ.訪問看護ステーション【訪問看護】大阪府大阪市北区浮田２−２−３６−２０４", "url": "https://www.kaigokensaku.mhlw.go.jp/27/index.php?action_kouhyou_detail_004_kani=true&JigyosyoCd=2764190712-00&ServiceCd=130&Type=search", "url2": "https://yadokari-nursing.com/" }, "geometry": { "type": "Point", "coordinates": [ 135.4986151, 34.714449 ] } },
{ "type": "Feature", "properties": { "内容": "テイク訪問看護ステーション【訪問看護】大阪府大阪市北区中崎西1丁目4番22号梅田東ビル220", "url": "https://www.kaigokensaku.mhlw.go.jp/27/index.php?action_kouhyou_detail_004_kani=true&JigyosyoCd=2764190480-00&ServiceCd=130&Type=search", "url2": null }, "geometry": { "type": "Point", "coordinates": [ 135.503931359524557, 34.706668878424445 ] } },
{ "type": "Feature", "properties": { "内容": "訪問看護ステーションみんと【訪問看護】大阪府大阪市北区天神橋2丁目4番16号大研ビル8階", "url": "https://www.kaigokensaku.mhlw.go.jp/27/index.php?action_kouhyou_detail_004_kani=true&JigyosyoCd=2764190449-00&ServiceCd=130&Type=search", "url2": "https://mint.lgt.co.jp/" }, "geometry": { "type": "Point", "coordinates": [ 135.5121057, 34.6972071 ] } },
{ "type": "Feature", "properties": { "内容": "天満リハ訪問看護ステーション【訪問看護】大阪府大阪市北区天満橋3-3-5天満インキュベーションラボ401", "url": "https://www.kaigokensaku.mhlw.go.jp/27/index.php?action_kouhyou_detail_004_kani=true&JigyosyoCd=2764190472-00&ServiceCd=130&Type=search", "url2": "http://tenmariha.jp" }, "geometry": { "type": "Point", "coordinates": [ 135.51577999428693, 34.704929580438659 ] } },
{ "type": "Feature", "properties": { "内容": "訪問看護ステーションみかん【訪問看護】大阪府大阪市北区中津5-5-11", "url": "https://www.kaigokensaku.mhlw.go.jp/27/index.php?action_kouhyou_detail_004_kani=true&JigyosyoCd=2764190456-00&ServiceCd=130&Type=search", "url2": "https://kurikurikuririn12.wixsite.com/mikan" }, "geometry": { "type": "Point", "coordinates": [ 135.492108309039679, 34.707515521736688 ] } },
{ "type": "Feature", "properties": { "内容": "訪問看護ステーションG&B【訪問看護】大阪府大阪市北区天神橋一丁目19番15号ヴィナラリー天神橋205号室", "url": "https://www.kaigokensaku.mhlw.go.jp/27/index.php?action_kouhyou_detail_004_kani=true&JigyosyoCd=2764190860-00&ServiceCd=130&Type=search", "url2": "https://gandb.hp.peraichi.com/houkan/" }, "geometry": { "type": "Point", "coordinates": [ 135.511660799999987, 34.695081500000043 ] } },
{ "type": "Feature", "properties": { "内容": "訪問看護ステーションすばる【訪問看護】大阪府大阪市北区南森町2-2-7シティ・コーポ南森町405", "url": "https://www.kaigokensaku.mhlw.go.jp/27/index.php?action_kouhyou_detail_004_kani=true&JigyosyoCd=2764190589-00&ServiceCd=130&Type=search", "url2": "https://hoshiyama-clinic.net/subaru/" }, "geometry": { "type": "Point", "coordinates": [ 135.5097824, 34.697865899999989 ] } },
{ "type": "Feature", "properties": { "内容": "ホワイトメディカル訪問看護ステーション【訪問看護】大阪府大阪市北区天満2丁目12-3ヴィレッジリバー南森町4A号室", "url": "https://www.kaigokensaku.mhlw.go.jp/27/index.php?action_kouhyou_detail_004_kani=true&JigyosyoCd=2764190852-00&ServiceCd=130&Type=search", "url2": null }, "geometry": { "type": "Point", "coordinates": [ 135.5172375, 34.6947872 ] } },
{ "type": "Feature", "properties": { "内容": "WHITECOAT訪問看護ステーション【訪問看護】大阪府大阪市北区天満２丁目１２番３号ヴィレッジリバー南森町５Ｄ号室ヴィレッジリバー南森町５Ｄ号室", "url": "https://www.kaigokensaku.mhlw.go.jp/27/index.php?action_kouhyou_detail_004_kani=true&JigyosyoCd=2764190720-00&ServiceCd=130&Type=search", "url2": "https://white-coat-kango.com/" }, "geometry": { "type": "Point", "coordinates": [ 135.5172939, 34.6948987 ] } },
{ "type": "Feature", "properties": { "内容": "エヌルーム訪問看護ステーション【訪問看護】大阪府大阪市北区豊崎三丁目15番4号ローツェⅡ501号室", "url": "https://www.kaigokensaku.mhlw.go.jp/27/index.php?action_kouhyou_detail_004_kani=true&JigyosyoCd=2764190753-00&ServiceCd=130&Type=search", "url2": "https://nroom-houmonkango2024.com/" }, "geometry": { "type": "Point", "coordinates": [ 135.4983675, 34.7109227 ] } },
{ "type": "Feature", "properties": { "内容": "MYY訪問看護ステーション大阪【訪問看護】大阪府大阪市中央区本町３丁目１番１０号PMOEX本町13階", "url": "https://www.kaigokensaku.mhlw.go.jp/27/index.php?action_kouhyou_detail_004_kani=true&JigyosyoCd=2769490802-00&ServiceCd=130&Type=search", "url2": null }, "geometry": { "type": "Point", "coordinates": [ 135.502793200000013, 34.6838205 ] } },
{ "type": "Feature", "properties": { "内容": "Pulcinod'oro訪問看護ステーション【訪問看護】大阪府大阪市中央区博労町四丁目6番17-208号", "url": "https://www.kaigokensaku.mhlw.go.jp/27/index.php?action_kouhyou_detail_004_kani=true&JigyosyoCd=2769490810-00&ServiceCd=130&Type=search", "url2": null }, "geometry": { "type": "Point", "coordinates": [ 135.498770500000035, 34.6779493 ] } },
{ "type": "Feature", "properties": { "内容": "善幸苑訪問看護ステーション【訪問看護】大阪府大阪市中央区大手前一丁目7番31号OMMビル別館3F", "url": "https://www.kaigokensaku.mhlw.go.jp/27/index.php?action_kouhyou_detail_004_kani=true&JigyosyoCd=2769490844-00&ServiceCd=130&Type=search", "url2": "https://medicalseed.jp/" }, "geometry": { "type": "Point", "coordinates": [ 135.5188618, 34.6904869 ] } },
{ "type": "Feature", "properties": { "内容": "株式会社BISSCUSS　訪問看護ステーションぐらんで北大阪【訪問看護】大阪府大阪市中央区南船場一丁目１１番９号長堀安田ビル６階", "url": "https://www.kaigokensaku.mhlw.go.jp/27/index.php?action_kouhyou_detail_004_kani=true&JigyosyoCd=2769490828-00&ServiceCd=130&Type=search", "url2": "https://www.biscuss.co.jp/" }, "geometry": { "type": "Point", "coordinates": [ 135.508012, 34.6754327 ] } },
{ "type": "Feature", "properties": { "内容": "メディカル朋訪問看護ステーション【訪問看護】大阪府大阪市中央区大手通1-3-9３F", "url": "https://www.kaigokensaku.mhlw.go.jp/27/index.php?action_kouhyou_detail_004_kani=true&JigyosyoCd=2769490539-00&ServiceCd=130&Type=search", "url2": "https://www.medical-tomo.com/" }, "geometry": { "type": "Point", "coordinates": [ 135.5152804, 34.6858007 ] } },
{ "type": "Feature", "properties": { "内容": "大阪市中央訪問看護ステーション【訪問看護】大阪府大阪市中央区上本町西2-5-25中央区在宅サービスセンター　もも　３階", "url": "https://www.kaigokensaku.mhlw.go.jp/27/index.php?action_kouhyou_detail_004_kani=true&JigyosyoCd=2769490133-00&ServiceCd=130&Type=search", "url2": "http://tyuohoukan.com/" }, "geometry": { "type": "Point", "coordinates": [ 135.518844700000045, 34.673781600000034 ] } },
{ "type": "Feature", "properties": { "内容": "ビッグナースｓ訪問看護ステーション【訪問看護】大阪市中央区道頓堀1丁目東6-6-205デイグラン心斎橋EAST", "url": "https://www.kaigokensaku.mhlw.go.jp/27/index.php?action_kouhyou_detail_004_kani=true&JigyosyoCd=2769490679-00&ServiceCd=130&Type=search", "url2": "http://onnokuri.com" }, "geometry": { "type": "Point", "coordinates": [ 135.5088433, 34.6683687 ] } },
{ "type": "Feature", "properties": { "内容": "ぱあむ訪問看護ステーション【訪問看護】大阪府大阪市中央区難波2-3-7南海難波御堂筋ウエスト10階", "url": "https://www.kaigokensaku.mhlw.go.jp/27/index.php?action_kouhyou_detail_004_kani=true&JigyosyoCd=2769490455-00&ServiceCd=130&Type=search", "url2": "https://eternity-humanity.co.jp/" }, "geometry": { "type": "Point", "coordinates": [ 135.499101569346237, 34.667525798233825 ] } },
{ "type": "Feature", "properties": { "内容": "ルピナス訪問看護ステーション【訪問看護】大阪府大阪市中央区天満橋京町1-23天満橋髙橋ビル2Ｂ", "url": "https://www.kaigokensaku.mhlw.go.jp/27/index.php?action_kouhyou_detail_004_kani=true&JigyosyoCd=2769490596-00&ServiceCd=130&Type=search", "url2": "https://www.neo-fix.com/company" }, "geometry": { "type": "Point", "coordinates": [ 135.5153358, 34.6901247 ] } },
{ "type": "Feature", "properties": { "内容": "中大阪訪問看護ステーション【訪問看護】大阪府大阪市中央区上本町西二丁目５番５６号1F", "url": "https://www.kaigokensaku.mhlw.go.jp/27/index.php?action_kouhyou_detail_004_kani=true&JigyosyoCd=2769490604-00&ServiceCd=130&Type=search", "url2": "https://www.osaka-rehabilitation.com/" }, "geometry": { "type": "Point", "coordinates": [ 135.51910570154223, 34.674461624009403 ] } },
{ "type": "Feature", "properties": { "内容": "Sieg訪問看護ステーション【訪問看護】大阪府大阪市中央区谷町9-1-18アクセス谷町ビル3階", "url": "https://www.kaigokensaku.mhlw.go.jp/27/index.php?action_kouhyou_detail_004_kani=true&JigyosyoCd=2769490505-00&ServiceCd=130&Type=search", "url2": "https://sieg918.com/" }, "geometry": { "type": "Point", "coordinates": [ 135.5165101, 34.6685911 ] } },
{ "type": "Feature", "properties": { "内容": "訪問看護ステーションしおん【訪問看護】大阪府大阪市中央区高津3-15-6-511", "url": "https://www.kaigokensaku.mhlw.go.jp/27/index.php?action_kouhyou_detail_004_kani=true&JigyosyoCd=2769490158-00&ServiceCd=130&Type=search", "url2": null }, "geometry": { "type": "Point", "coordinates": [ 135.510794030909608, 34.663126209324567 ] } },
{ "type": "Feature", "properties": { "内容": "フィロソフィア訪問看護ステーション法円坂【訪問看護】大阪市中央区谷町四丁目5-9谷町アークビル1104", "url": "https://www.kaigokensaku.mhlw.go.jp/27/index.php?action_kouhyou_detail_004_kani=true&JigyosyoCd=2769490091-00&ServiceCd=130&Type=search", "url2": "https://p-sophia.co.jp/" }, "geometry": { "type": "Point", "coordinates": [ 135.517463282664494, 34.680208656897584 ] } },
{ "type": "Feature", "properties": { "内容": "訪問看護ステーションCube北浜【訪問看護】大阪府大阪市中央区北浜2丁目6番地9号北三ビル501号室", "url": "https://www.kaigokensaku.mhlw.go.jp/27/index.php?action_kouhyou_detail_004_kani=true&JigyosyoCd=2769490729-00&ServiceCd=130&Type=search", "url2": "https://www.mediplan.jp/company/" }, "geometry": { "type": "Point", "coordinates": [ 135.503116395106531, 34.692100033218523 ] } },
{ "type": "Feature", "properties": { "内容": "かんりは訪問看護ステーション【訪問看護】大阪府大阪市中央区上本町西2丁目4-12", "url": "https://www.kaigokensaku.mhlw.go.jp/27/index.php?action_kouhyou_detail_004_kani=true&JigyosyoCd=2769490547-00&ServiceCd=130&Type=search", "url2": "https://kanreha.jimdofree.com/" }, "geometry": { "type": "Point", "coordinates": [ 135.519831106745897, 34.673372482580938 ] } },
{ "type": "Feature", "properties": { "内容": "まるく訪問看護ステーション【訪問看護】大阪府大阪市中央区南船場1-3-22大西ビル201", "url": "https://www.kaigokensaku.mhlw.go.jp/27/index.php?action_kouhyou_detail_004_kani=true&JigyosyoCd=2769490570-00&ServiceCd=130&Type=search", "url2": null }, "geometry": { "type": "Point", "coordinates": [ 135.509426499999989, 34.6757514 ] } },
{ "type": "Feature", "properties": { "内容": "エイト訪問看護ステーション【訪問看護】大阪府大阪市中央区平野町二丁目5番14号FUKUBLD.三休橋501", "url": "https://www.kaigokensaku.mhlw.go.jp/27/index.php?action_kouhyou_detail_004_kani=true&JigyosyoCd=2769490877-00&ServiceCd=130&Type=search", "url2": "https://eight-hospitality.com/" }, "geometry": { "type": "Point", "coordinates": [ 135.5037197, 34.68786510000001 ] } },
{ "type": "Feature", "properties": { "内容": "片岡屋なにわのみやクリニック【訪問看護】大阪府大阪市中央区上本町西１丁目５番8号", "url": "https://www.kaigokensaku.mhlw.go.jp/27/index.php?action_kouhyou_detail_004_kani=true&JigyosyoCd=2719410751-00&ServiceCd=130&Type=search", "url2": "https://kataokayananiwanomiyaclinic.jp/" }, "geometry": { "type": "Point", "coordinates": [ 135.518655535581928, 34.67558220700451 ] } },
{ "type": "Feature", "properties": { "内容": "訪問看護ステーションふりんく【訪問看護】大阪市中央区徳井町2丁目4-14宇野ビル9階", "url": "https://www.kaigokensaku.mhlw.go.jp/27/index.php?action_kouhyou_detail_004_kani=true&JigyosyoCd=2769490646-00&ServiceCd=130&Type=search", "url2": null }, "geometry": { "type": "Point", "coordinates": [ 135.511863502407834, 34.684282800951799 ] } },
{ "type": "Feature", "properties": { "内容": "訪問看護ステーションカメリア【訪問看護】大阪府大阪市中央区南久宝寺町4-4-12I.B.センタービル7階", "url": "https://www.kaigokensaku.mhlw.go.jp/27/index.php?action_kouhyou_detail_004_kani=true&JigyosyoCd=2769490489-00&ServiceCd=130&Type=search", "url2": "https://camellia-houkan.localinfo.jp/" }, "geometry": { "type": "Point", "coordinates": [ 135.499234199999989, 34.6795489 ] } },
{ "type": "Feature", "properties": { "内容": "訪問看護ステーションスマイル【訪問看護】大阪府大阪市中央区農人橋１丁目４番３１号ＡＸＩＳ谷町ビル５Ｃ", "url": "https://www.kaigokensaku.mhlw.go.jp/27/index.php?action_kouhyou_detail_004_kani=true&JigyosyoCd=2769490497-00&ServiceCd=130&Type=search", "url2": null }, "geometry": { "type": "Point", "coordinates": [ 135.5150558, 34.6811472 ] } },
{ "type": "Feature", "properties": { "内容": "セラピカ訪問看護ステーション【訪問看護】大阪府大阪市中央区農人橋２丁目１－６レジデンス中央３Ａ号室", "url": "https://www.kaigokensaku.mhlw.go.jp/27/index.php?action_kouhyou_detail_004_kani=true&JigyosyoCd=2769490893-00&ServiceCd=130&Type=search", "url2": null }, "geometry": { "type": "Point", "coordinates": [ 135.5142114, 34.6806442 ] } },
{ "type": "Feature", "properties": { "内容": "NIST訪問看護ステーション【訪問看護】大阪府大阪市中央区平野町3-1-2キューアス平野町ビル７A", "url": "https://www.kaigokensaku.mhlw.go.jp/27/index.php?action_kouhyou_detail_004_kani=true&JigyosyoCd=2769490851-00&ServiceCd=130&Type=search", "url2": null }, "geometry": { "type": "Point", "coordinates": [ 135.5034839, 34.6878915 ] } },
{ "type": "Feature", "properties": { "内容": "訪問看護ステーションとばり【訪問看護】和泉町1-1-14シイナHDビル谷町南館605", "url": "https://www.kaigokensaku.mhlw.go.jp/27/index.php?action_kouhyou_detail_004_kani=true&JigyosyoCd=2769490711-00&ServiceCd=130&Type=search", "url2": null }, "geometry": { "type": "Point", "coordinates": [ 135.515712400000012, 34.6799179 ] } },
{ "type": "Feature", "properties": { "内容": "株式会社SkyWill訪問看護ステーションSORA【訪問看護】大阪府大阪市中央区日本橋2-19-7グレース日本橋504", "url": "https://www.kaigokensaku.mhlw.go.jp/27/index.php?action_kouhyou_detail_004_kani=true&JigyosyoCd=2769490927-00&ServiceCd=130&Type=search", "url2": null }, "geometry": { "type": "Point", "coordinates": [ 135.508879700000023, 34.6631624 ] } },
{ "type": "Feature", "properties": { "内容": "訪問看護ステーションAnzu【訪問看護】大阪府大阪市中央区西心斎橋1-10-12サンハイム心斎橋601", "url": "https://www.kaigokensaku.mhlw.go.jp/27/index.php?action_kouhyou_detail_004_kani=true&JigyosyoCd=2769490885-00&ServiceCd=130&Type=search", "url2": null }, "geometry": { "type": "Point", "coordinates": [ 135.4989189, 34.6736926 ] } },
{ "type": "Feature", "properties": { "内容": "リフォリア訪問看護ステーション【訪問看護】大阪府大阪市中央区博労町４丁目３番１ディアコート船場403号室", "url": "https://www.kaigokensaku.mhlw.go.jp/27/index.php?action_kouhyou_detail_004_kani=true&JigyosyoCd=2769490943-00&ServiceCd=130&Type=search", "url2": "https://www.liforia.biz/" }, "geometry": { "type": "Point", "coordinates": [ 135.4991863, 34.6779626 ] } },
{ "type": "Feature", "properties": { "内容": "みんなのこども訪問看護ステーション【訪問看護】大阪府堺市堺区中瓦町２丁３−１８高砂屋ビル2階", "url": "https://www.kaigokensaku.mhlw.go.jp/27/index.php?action_kouhyou_detail_004_kani=true&JigyosyoCd=2766090746-00&ServiceCd=130&Type=search", "url2": null }, "geometry": { "type": "Point", "coordinates": [ 135.483614699999976, 34.57497070000003 ] } },
{ "type": "Feature", "properties": { "内容": "YADOLI訪問看護ステーション【訪問看護】大阪府堺市堺区向陵中町6丁3-3マンション冨士2号館207号室", "url": "https://www.kaigokensaku.mhlw.go.jp/27/index.php?action_kouhyou_detail_004_kani=true&JigyosyoCd=2766090738-00&ServiceCd=130&Type=search", "url2": "https://www.yadoli-kyukyoku-osekkai.com" }, "geometry": { "type": "Point", "coordinates": [ 135.4956971, 34.565502 ] } },
{ "type": "Feature", "properties": { "内容": "訪問看護ステーション晏〜あん〜【訪問看護】大阪府堺市堺区砂道町1-7-20", "url": "https://www.kaigokensaku.mhlw.go.jp/27/index.php?action_kouhyou_detail_004_kani=true&JigyosyoCd=2766090761-00&ServiceCd=130&Type=search", "url2": null }, "geometry": { "type": "Point", "coordinates": [ 135.4874412, 34.590914 ] } },
{ "type": "Feature", "properties": { "内容": "Lino訪問看護ステーション【訪問看護】大阪府堺市堺区香ヶ丘町2-6-3", "url": "https://www.kaigokensaku.mhlw.go.jp/27/index.php?action_kouhyou_detail_004_kani=true&JigyosyoCd=2766090498-00&ServiceCd=130&Type=search", "url2": "https://www.izumidrug.com/lino.html" }, "geometry": { "type": "Point", "coordinates": [ 135.493801, 34.587707 ] } },
{ "type": "Feature", "properties": { "内容": "医療法人慈友会　堺山口病院【訪問看護】大阪府堺市堺区東湊町６丁３８３", "url": "https://www.kaigokensaku.mhlw.go.jp/27/index.php?action_kouhyou_detail_004_kani=true&JigyosyoCd=2710100187-00&ServiceCd=130&Type=search", "url2": "http://sakaiyamaguchi.info/" }, "geometry": { "type": "Point", "coordinates": [ 135.465721499999972, 34.5630959 ] } },
{ "type": "Feature", "properties": { "内容": "訪問看護ステーションフレンドリー堺【訪問看護】大阪府堺市堺区中安井町1丁1-3メゾンドールDOI501号室", "url": "https://www.kaigokensaku.mhlw.go.jp/27/index.php?action_kouhyou_detail_004_kani=true&JigyosyoCd=2766090613-00&ServiceCd=130&Type=search", "url2": "https://friendly-kango.com/" }, "geometry": { "type": "Point", "coordinates": [ 135.4756679, 34.5723108 ] } },
{ "type": "Feature", "properties": { "内容": "訪問看護ステーションみるもあ【訪問看護】大阪府堺市堺区少林寺町東３丁１番２３号少林寺TKハイツ２０３号", "url": "https://www.kaigokensaku.mhlw.go.jp/27/index.php?action_kouhyou_detail_004_kani=true&JigyosyoCd=2766090472-00&ServiceCd=130&Type=search", "url2": null }, "geometry": { "type": "Point", "coordinates": [ 135.4703869, 34.57134 ] } },
{ "type": "Feature", "properties": { "内容": "訪問看護ステーション　けやき【訪問看護】大阪府堺市堺区昭和通4－61", "url": "https://www.kaigokensaku.mhlw.go.jp/27/index.php?action_kouhyou_detail_004_kani=true&JigyosyoCd=2766090464-00&ServiceCd=130&Type=search", "url2": null }, "geometry": { "type": "Point", "coordinates": [ 135.463679899999988, 34.5635616 ] } },
{ "type": "Feature", "properties": { "内容": "訪問看護ステーション　メディケアジャパン堺北【訪問看護】住吉橋町1丁5番20号住吉橋ＴＫハイツ1Ｆ", "url": "https://www.kaigokensaku.mhlw.go.jp/27/index.php?action_kouhyou_detail_004_kani=true&JigyosyoCd=2766090456-00&ServiceCd=130&Type=search", "url2": "https://www.medicare-j.com/" }, "geometry": { "type": "Point", "coordinates": [ 135.4665991, 34.5788825 ] } },
{ "type": "Feature", "properties": { "内容": "訪問看護ステーション笑楽石津【訪問看護】大阪府堺市堺区石津町3丁14番５４号", "url": "https://www.kaigokensaku.mhlw.go.jp/27/index.php?action_kouhyou_detail_004_kani=true&JigyosyoCd=2766090431-00&ServiceCd=130&Type=search", "url2": null }, "geometry": { "type": "Point", "coordinates": [ 135.462777499999959, 34.552799800000024 ] } },
{ "type": "Feature", "properties": { "内容": "ゆきあい訪問看護ステーション【訪問看護】大阪府堺市堺区南陵町4丁1番10号", "url": "https://www.kaigokensaku.mhlw.go.jp/27/index.php?action_kouhyou_detail_004_kani=true&JigyosyoCd=2766090357-00&ServiceCd=130&Type=search", "url2": null }, "geometry": { "type": "Point", "coordinates": [ 135.473033801839421, 34.552562254376504 ] } },
{ "type": "Feature", "properties": { "内容": "公益財団法人浅香山病院ひまわり訪問看護ステーション【訪問看護】堺市堺区今池町3丁3番16号", "url": "https://www.kaigokensaku.mhlw.go.jp/27/index.php?action_kouhyou_detail_004_kani=true&JigyosyoCd=2760190047-00&ServiceCd=130&Type=search", "url2": "http://www.asakayama.or.jp/top_himawari.htmi" }, "geometry": { "type": "Point", "coordinates": [ 135.492459191015627, 34.585453632848555 ] } },
{ "type": "Feature", "properties": { "内容": "訪問看護ステーション　戎【訪問看護】大阪府堺市堺区宿院町東3丁1-1", "url": "https://www.kaigokensaku.mhlw.go.jp/27/index.php?action_kouhyou_detail_004_kani=true&JigyosyoCd=2766090555-00&ServiceCd=130&Type=search", "url2": "http://www.fountain-valley.net" }, "geometry": { "type": "Point", "coordinates": [ 135.473230626434002, 34.574566378976122 ] } },
{ "type": "Feature", "properties": { "内容": "訪問看護ステーション轍【訪問看護】大阪府堺市堺区向陵東町１丁4番13号プルメリア108号室", "url": "https://www.kaigokensaku.mhlw.go.jp/27/index.php?action_kouhyou_detail_004_kani=true&JigyosyoCd=2766090068-00&ServiceCd=130&Type=search", "url2": "https://www.wideroad-wadachi.com/" }, "geometry": { "type": "Point", "coordinates": [ 135.49890490000007, 34.5651216 ] } },
{ "type": "Feature", "properties": { "内容": "あっと訪問看護ステーション【訪問看護】大阪府堺市堺区桜之町西2丁1番18号", "url": "https://www.kaigokensaku.mhlw.go.jp/27/index.php?action_kouhyou_detail_004_kani=true&JigyosyoCd=2766090126-00&ServiceCd=130&Type=search", "url2": null }, "geometry": { "type": "Point", "coordinates": [ 135.482349175964487, 34.590267236829874 ] } },
{ "type": "Feature", "properties": { "内容": "清恵会訪問看護ステーション【訪問看護】大阪府堺市堺区南安井町1丁1番1号", "url": "https://www.kaigokensaku.mhlw.go.jp/27/index.php?action_kouhyou_detail_004_kani=true&JigyosyoCd=2760190211-00&ServiceCd=130&Type=search", "url2": "http://www.seikeikai.or.jp/" }, "geometry": { "type": "Point", "coordinates": [ 135.474755906068367, 34.570893951855496 ] } },
{ "type": "Feature", "properties": { "内容": "訪問看護ステーション　セレーノ【訪問看護】大阪府堺市堺区南田出井町1丁3番12号", "url": "https://www.kaigokensaku.mhlw.go.jp/27/index.php?action_kouhyou_detail_004_kani=true&JigyosyoCd=2766090316-00&ServiceCd=130&Type=search", "url2": "http://www.alsole.or.jp/" }, "geometry": { "type": "Point", "coordinates": [ 135.4863504, 34.5787977 ] } },
{ "type": "Feature", "properties": { "内容": "ケアプラス訪問看護ステーション【訪問看護】大阪府堺市堺区向陵中町六丁６番１号", "url": "https://www.kaigokensaku.mhlw.go.jp/27/index.php?action_kouhyou_detail_004_kani=true&JigyosyoCd=2766090134-00&ServiceCd=130&Type=search", "url2": "http://www.syoukei-syouji.jp" }, "geometry": { "type": "Point", "coordinates": [ 135.495042645368926, 34.564313073774315 ] } },
{ "type": "Feature", "properties": { "内容": "たいようの家訪問看護ステーション【訪問看護】大阪府堺市堺区今池町1丁1番56号たいよう堺東", "url": "https://www.kaigokensaku.mhlw.go.jp/27/index.php?action_kouhyou_detail_004_kani=true&JigyosyoCd=2766090142-00&ServiceCd=130&Type=search", "url2": "http://www.taiyounoie.com/" }, "geometry": { "type": "Point", "coordinates": [ 135.48813426732022, 34.582075834974049 ] } },
{ "type": "Feature", "properties": { "内容": "訪問看護ステーションドリーム【訪問看護】大阪府堺市堺区向陵中町5丁1-19ステイブル向陵603号室", "url": "https://www.kaigokensaku.mhlw.go.jp/27/index.php?action_kouhyou_detail_004_kani=true&JigyosyoCd=2766090209-00&ServiceCd=130&Type=search", "url2": null }, "geometry": { "type": "Point", "coordinates": [ 135.496613499999967, 34.5665408 ] } },
{ "type": "Feature", "properties": { "内容": "スーパー・コート堺神石訪問看護ステーション【訪問看護】大阪府堺市堺区神石市之町７－６", "url": "https://www.kaigokensaku.mhlw.go.jp/27/index.php?action_kouhyou_detail_004_kani=true&JigyosyoCd=2766090795-00&ServiceCd=130&Type=search", "url2": null }, "geometry": { "type": "Point", "coordinates": [ 135.4635996, 34.54939940000002 ] } },
{ "type": "Feature", "properties": { "内容": "シャローム訪問看護ステーション【訪問看護】大阪府堺市堺区大仙中町6-2", "url": "https://www.kaigokensaku.mhlw.go.jp/27/index.php?action_kouhyou_detail_004_kani=true&JigyosyoCd=2766090043-00&ServiceCd=130&Type=search", "url2": "http://www.kaigo-shalom.co.jp" }, "geometry": { "type": "Point", "coordinates": [ 135.479022494121267, 34.562428218978951 ] } },
{ "type": "Feature", "properties": { "内容": "トラスト訪問看護ステーション【訪問看護】大阪府堺市堺区翁橋町1丁9-1シャルム堺101", "url": "https://www.kaigokensaku.mhlw.go.jp/27/index.php?action_kouhyou_detail_004_kani=true&JigyosyoCd=2766090712-00&ServiceCd=130&Type=search", "url2": "https://trust-care.jp/" }, "geometry": { "type": "Point", "coordinates": [ 135.478664598759281, 34.572810035896381 ] } },
{ "type": "Feature", "properties": { "内容": "かけはし訪問看護ステーション【訪問看護】大阪府堺市堺区緑ヶ丘北町4-2-15", "url": "https://www.kaigokensaku.mhlw.go.jp/27/index.php?action_kouhyou_detail_004_kani=true&JigyosyoCd=2766090597-00&ServiceCd=130&Type=search", "url2": "https://kakehashi-houmonkango.com/" }, "geometry": { "type": "Point", "coordinates": [ 135.4752373, 34.5551558 ] } },
{ "type": "Feature", "properties": { "内容": "訪問看護ステーション　延寿【訪問看護】大阪府堺市堺区宿院町西3丁1-32SHINNIKKENビル2階B号室", "url": "https://www.kaigokensaku.mhlw.go.jp/27/index.php?action_kouhyou_detail_004_kani=true&JigyosyoCd=2766090399-00&ServiceCd=130&Type=search", "url2": "https://enju.gc-planning.com/" }, "geometry": { "type": "Point", "coordinates": [ 135.469376899999958, 34.5770439 ] } },
{ "type": "Feature", "properties": { "内容": "株式会社ジョイライフ【訪問看護】大阪府堺市堺区神保通3-23-1", "url": "https://www.kaigokensaku.mhlw.go.jp/27/index.php?action_kouhyou_detail_004_kani=true&JigyosyoCd=2766090365-00&ServiceCd=130&Type=search", "url2": "https://www.houmon-kango-joy.com/" }, "geometry": { "type": "Point", "coordinates": [ 135.475934500000022, 34.5650789 ] } },
{ "type": "Feature", "properties": { "内容": "訪問看護ステーション　リハビリプラス【訪問看護】大阪府堺市堺区市之町東5丁2番11号堺グリーンプラザ404号", "url": "https://www.kaigokensaku.mhlw.go.jp/27/index.php?action_kouhyou_detail_004_kani=true&JigyosyoCd=2766090175-00&ServiceCd=130&Type=search", "url2": "http://www.rehabili-plus.com" }, "geometry": { "type": "Point", "coordinates": [ 135.478214900000012, 34.5759894 ] } },
{ "type": "Feature", "properties": { "内容": "つくしの会訪問看護ステーション【訪問看護】大阪府堺市堺区翁橋町１丁９番１５号", "url": "https://www.kaigokensaku.mhlw.go.jp/27/index.php?action_kouhyou_detail_004_kani=true&JigyosyoCd=2766090563-00&ServiceCd=130&Type=search", "url2": "https://www.tsukushinokai.com/" }, "geometry": { "type": "Point", "coordinates": [ 135.479026, 34.572917 ] } },
{ "type": "Feature", "properties": { "内容": "訪問看護ステーションサン【訪問看護】大阪府堺市堺区東雲西町１丁６－１６ファイブケイビル２０１", "url": "https://www.kaigokensaku.mhlw.go.jp/27/index.php?action_kouhyou_detail_004_kani=true&JigyosyoCd=2766090605-00&ServiceCd=130&Type=search", "url2": null }, "geometry": { "type": "Point", "coordinates": [ 135.4993017, 34.5792773 ] } },
{ "type": "Feature", "properties": { "内容": "訪問看護ステーションあおぞら【訪問看護】大阪府堺市堺区七条通2-13", "url": "https://www.kaigokensaku.mhlw.go.jp/27/index.php?action_kouhyou_detail_004_kani=true&JigyosyoCd=2766090183-00&ServiceCd=130&Type=search", "url2": null }, "geometry": { "type": "Point", "coordinates": [ 135.481882692275235, 34.566473116844378 ] } },
{ "type": "Feature", "properties": { "内容": "敬愛訪問看護ステーション【訪問看護】大阪府堺市堺区熊野町西2丁1－15", "url": "https://www.kaigokensaku.mhlw.go.jp/27/index.php?action_kouhyou_detail_004_kani=true&JigyosyoCd=2766090217-00&ServiceCd=130&Type=search", "url2": "https://hashizen.jp" }, "geometry": { "type": "Point", "coordinates": [ 135.47378456627041, 34.580307842191395 ] } },
{ "type": "Feature", "properties": { "内容": "N-art訪問看護ステーション【訪問看護】大阪府堺市堺区戎之町3-2-30リスペースワン302", "url": "https://www.kaigokensaku.mhlw.go.jp/27/index.php?action_kouhyou_detail_004_kani=true&JigyosyoCd=2766090423-00&ServiceCd=130&Type=search", "url2": "https://www.n-art.biz/" }, "geometry": { "type": "Point", "coordinates": [ 135.4775567, 34.5781646 ] } },
{ "type": "Feature", "properties": { "内容": "美英訪問看護ステーション【訪問看護】大阪府堺市堺区出島海岸通一丁2番10号", "url": "https://www.kaigokensaku.mhlw.go.jp/27/index.php?action_kouhyou_detail_004_kani=true&JigyosyoCd=2766090654-00&ServiceCd=130&Type=search", "url2": "https://www.biei-houkan.com/company" }, "geometry": { "type": "Point", "coordinates": [ 135.459987, 34.5725668 ] } },
{ "type": "Feature", "properties": { "内容": "ルミナ訪問看護【訪問看護】大阪府堺市堺区大町東3丁2番6号202号室", "url": "https://www.kaigokensaku.mhlw.go.jp/27/index.php?action_kouhyou_detail_004_kani=true&JigyosyoCd=2766090829-00&ServiceCd=130&Type=search", "url2": null }, "geometry": { "type": "Point", "coordinates": [ 135.4744734, 34.5750922 ] } },
{ "type": "Feature", "properties": { "内容": "訪問看護ステーションぐらんで堺【訪問看護】大阪府堺市堺区戎之町医師２丁2-3ロイヤルコート伍番館301", "url": "https://www.kaigokensaku.mhlw.go.jp/27/index.php?action_kouhyou_detail_004_kani=true&JigyosyoCd=2766090753-00&ServiceCd=130&Type=search", "url2": "https://grande-kango.com/" }, "geometry": { "type": "Point", "coordinates": [ 135.4783587, 34.5782997 ] } },
{ "type": "Feature", "properties": { "内容": "ゆい訪問看護・リハビリステーション【訪問看護】大阪府堺市堺区中瓦町1丁2番5号", "url": "https://www.kaigokensaku.mhlw.go.jp/27/index.php?action_kouhyou_detail_004_kani=true&JigyosyoCd=2766090415-00&ServiceCd=130&Type=search", "url2": "https://yuinosono-kaigo.com/" }, "geometry": { "type": "Point", "coordinates": [ 135.480945, 34.575427500000011 ] } },
{ "type": "Feature", "properties": { "内容": "訪問看護チェリーブロッサム【訪問看護】大阪府堺市堺区向陵中町４丁４－３三国ビル２５号室", "url": "https://www.kaigokensaku.mhlw.go.jp/27/index.php?action_kouhyou_detail_004_kani=true&JigyosyoCd=2766090803-00&ServiceCd=130&Type=search", "url2": "https://www.houmonkangocherryblossom.com" }, "geometry": { "type": "Point", "coordinates": [ 135.49431340000001, 34.5655496 ] } },
{ "type": "Feature", "properties": { "内容": "ハッピーケア堺【訪問看護】大阪府堺市堺区東湊町1-751F", "url": "https://www.kaigokensaku.mhlw.go.jp/27/index.php?action_kouhyou_detail_004_kani=true&JigyosyoCd=2766090548-00&ServiceCd=130&Type=search", "url2": null }, "geometry": { "type": "Point", "coordinates": [ 135.466669199999984, 34.56896050000001 ] } },
{ "type": "Feature", "properties": { "内容": "ライト訪問看護ステーション【訪問看護】大阪府堺市堺区南花田口町1丁3番7号りあん堺東ビル2階", "url": "https://www.kaigokensaku.mhlw.go.jp/27/index.php?action_kouhyou_detail_004_kani=true&JigyosyoCd=2766090647-00&ServiceCd=130&Type=search", "url2": "https://light0801.localinfo.jp/" }, "geometry": { "type": "Point", "coordinates": [ 135.482323799999961, 34.576903 ] } },
{ "type": "Feature", "properties": { "内容": "訪問看護ステーション　Ｏ’ｌｕｌｕ【訪問看護】大阪府堺市中区深井沢町3329メゾン深井　203号", "url": "https://www.kaigokensaku.mhlw.go.jp/27/index.php?action_kouhyou_detail_004_kani=true&JigyosyoCd=2766190686-00&ServiceCd=130&Type=search", "url2": null }, "geometry": { "type": "Point", "coordinates": [ 135.4993239, 34.5289148 ] } },
{ "type": "Feature", "properties": { "内容": "IKOI訪問看護ステーション泉北深井Ⅱ【訪問看護】大阪府堺市中区土師町3丁32-13", "url": "https://www.kaigokensaku.mhlw.go.jp/27/index.php?action_kouhyou_detail_004_kani=true&JigyosyoCd=2766190678-00&ServiceCd=130&Type=search", "url2": "https://www.ikoi-group.com/company/group/" }, "geometry": { "type": "Point", "coordinates": [ 135.4983674, 34.5368215 ] } },
{ "type": "Feature", "properties": { "内容": "和つみ訪問看護ステーション【訪問看護】大阪府堺市中区東山659-1　ジューヌ森１０８号ジューヌ森108号", "url": "https://www.kaigokensaku.mhlw.go.jp/27/index.php?action_kouhyou_detail_004_kani=true&JigyosyoCd=2766190660-00&ServiceCd=130&Type=search", "url2": "https://watsumi-care.com/" }, "geometry": { "type": "Point", "coordinates": [ 135.502607498147597, 34.518669780743117 ] } },
{ "type": "Feature", "properties": { "内容": "ビーナス訪問看護ステーション深阪【訪問看護】大阪府堺市中区深阪2-16-59", "url": "https://www.kaigokensaku.mhlw.go.jp/27/index.php?action_kouhyou_detail_004_kani=true&JigyosyoCd=2766190710-00&ServiceCd=130&Type=search", "url2": "http://www.venus-comrade.co.jp/" }, "geometry": { "type": "Point", "coordinates": [ 135.500729799999988, 34.5078257 ] } },
{ "type": "Feature", "properties": { "内容": "ソフィアメディ訪問看護ステーション堺中央【訪問看護】大阪府堺市中区深井沢町3118MSセカンドビル2階", "url": "https://www.kaigokensaku.mhlw.go.jp/27/index.php?action_kouhyou_detail_004_kani=true&JigyosyoCd=2766190462-00&ServiceCd=130&Type=search", "url2": "https://www.sophiamedi.co.jp/station/sakaityuou/" }, "geometry": { "type": "Point", "coordinates": [ 135.4944894, 34.5300959 ] } },
{ "type": "Feature", "properties": { "内容": "医療法人紀章会　山田クリニック【訪問看護】大阪府堺市中区深阪１丁１０番３７－１０１号", "url": "https://www.kaigokensaku.mhlw.go.jp/27/index.php?action_kouhyou_detail_004_kani=true&JigyosyoCd=2710123627-00&ServiceCd=130&Type=search", "url2": "http://yamadacl.jimdo.com/" }, "geometry": { "type": "Point", "coordinates": [ 135.501634500000023, 34.5111563 ] } },
{ "type": "Feature", "properties": { "内容": "ハート訪問看護ステーション【訪問看護】大阪府堺市中区東山62番地1堺平成在宅支援ビル2階", "url": "https://www.kaigokensaku.mhlw.go.jp/27/index.php?action_kouhyou_detail_004_kani=true&JigyosyoCd=2766190264-00&ServiceCd=130&Type=search", "url2": "https://heart.sakaiheisei.jp" }, "geometry": { "type": "Point", "coordinates": [ 135.500983888100791, 34.525009955474914 ] } },
{ "type": "Feature", "properties": { "内容": "医療法人浩仁会　南堺訪問看護ステーション【訪問看護】大阪府堺市中区大野芝町290番地１", "url": "https://www.kaigokensaku.mhlw.go.jp/27/index.php?action_kouhyou_detail_004_kani=true&JigyosyoCd=2766190132-00&ServiceCd=130&Type=search", "url2": null }, "geometry": { "type": "Point", "coordinates": [ 135.519166816396051, 34.535141148326225 ] } },
{ "type": "Feature", "properties": { "内容": "医療法人　中村会　堺なかむら総合クリニック　訪問看護【訪問看護】大阪府堺市中区東八田２４－５", "url": "https://www.kaigokensaku.mhlw.go.jp/27/index.php?action_kouhyou_detail_004_kani=true&JigyosyoCd=2710117777-00&ServiceCd=130&Type=search", "url2": "http://nakamura-shinryosho.jp" }, "geometry": { "type": "Point", "coordinates": [ 135.491697899999963, 34.5249897 ] } },
{ "type": "Feature", "properties": { "内容": "訪問看護ステーション灯【訪問看護】大阪府堺市中区深阪1丁6ｰ17ハイツあかしあ105号室", "url": "https://www.kaigokensaku.mhlw.go.jp/27/index.php?action_kouhyou_detail_004_kani=true&JigyosyoCd=2766190652-00&ServiceCd=130&Type=search", "url2": "https://www.etlcfamily.co.jp" }, "geometry": { "type": "Point", "coordinates": [ 135.5008047, 34.5132478 ] } },
{ "type": "Feature", "properties": { "内容": "居宅支援事業所エル訪問看護ステーション【訪問看護】大阪府堺市中区宮園町2番11号", "url": "https://www.kaigokensaku.mhlw.go.jp/27/index.php?action_kouhyou_detail_004_kani=true&JigyosyoCd=2766190082-00&ServiceCd=130&Type=search", "url2": null }, "geometry": { "type": "Point", "coordinates": [ 135.48901574603272, 34.526306016377966 ] } },
{ "type": "Feature", "properties": { "内容": "シンシア訪問看護ステーション【訪問看護】大阪府堺市中区毛穴町92-1ベニヤビル２階", "url": "https://www.kaigokensaku.mhlw.go.jp/27/index.php?action_kouhyou_detail_004_kani=true&JigyosyoCd=2766190546-00&ServiceCd=130&Type=search", "url2": null }, "geometry": { "type": "Point", "coordinates": [ 135.4697802, 34.5300847 ] } },
{ "type": "Feature", "properties": { "内容": "訪問看護ステーションこころアムール【訪問看護】大阪府堺市中区平井38-7", "url": "https://www.kaigokensaku.mhlw.go.jp/27/index.php?action_kouhyou_detail_004_kani=true&JigyosyoCd=2766190413-00&ServiceCd=130&Type=search", "url2": null }, "geometry": { "type": "Point", "coordinates": [ 135.494006700000028, 34.5209207 ] } },
{ "type": "Feature", "properties": { "内容": "訪問看護ステーション　風香【訪問看護】大阪府堺市中区深井沢町3315グランパス深井403号", "url": "https://www.kaigokensaku.mhlw.go.jp/27/index.php?action_kouhyou_detail_004_kani=true&JigyosyoCd=2766190231-00&ServiceCd=130&Type=search", "url2": null }, "geometry": { "type": "Point", "coordinates": [ 135.497567476057412, 34.529063065041044 ] } },
{ "type": "Feature", "properties": { "内容": "訪問看護ステーション　フィット・大阪【訪問看護】大阪府堺市中区深井沢町3284安田ビル3階Ａ号室", "url": "https://www.kaigokensaku.mhlw.go.jp/27/index.php?action_kouhyou_detail_004_kani=true&JigyosyoCd=2766190488-00&ServiceCd=130&Type=search", "url2": null }, "geometry": { "type": "Point", "coordinates": [ 135.4971333, 34.5297419 ] } },
{ "type": "Feature", "properties": { "内容": "メディケア・リハビリ訪問看護ステーション堺【訪問看護】大阪府堺市中区東山43番地1", "url": "https://www.kaigokensaku.mhlw.go.jp/27/index.php?action_kouhyou_detail_004_kani=true&JigyosyoCd=2766190611-00&ServiceCd=130&Type=search", "url2": "https://www.medi-care.co.jp" }, "geometry": { "type": "Point", "coordinates": [ 135.501073, 34.523436199999985 ] } },
{ "type": "Feature", "properties": { "内容": "IKOI訪問看護ステーション泉北深井【訪問看護】大阪府堺市中区土師町3丁32-34", "url": "https://www.kaigokensaku.mhlw.go.jp/27/index.php?action_kouhyou_detail_004_kani=true&JigyosyoCd=2766190629-00&ServiceCd=130&Type=search", "url2": "https://www.ikoi-group.com/company/group/" }, "geometry": { "type": "Point", "coordinates": [ 135.4985323, 34.5367807 ] } },
{ "type": "Feature", "properties": { "内容": "訪問看護ステーション京(みやこ)【訪問看護】大阪府堺市中区土師町5丁30番15-2号", "url": "https://www.kaigokensaku.mhlw.go.jp/27/index.php?action_kouhyou_detail_004_kani=true&JigyosyoCd=2766190447-00&ServiceCd=130&Type=search", "url2": "https://miyaco-houkan.jp/" }, "geometry": { "type": "Point", "coordinates": [ 135.5036322, 34.537712 ] } },
{ "type": "Feature", "properties": { "内容": "ネツトワークナース訪問看護ステーション【訪問看護】堺市中区深阪２丁９番２号", "url": "https://www.kaigokensaku.mhlw.go.jp/27/index.php?action_kouhyou_detail_004_kani=true&JigyosyoCd=2766190157-00&ServiceCd=130&Type=search", "url2": null }, "geometry": { "type": "Point", "coordinates": [ 135.498731, 34.5107829 ] } },
{ "type": "Feature", "properties": { "内容": "訪問看護ステーション「ふれあい」【訪問看護】大阪府堺市中区八田南之町267番地2", "url": "https://www.kaigokensaku.mhlw.go.jp/27/index.php?action_kouhyou_detail_004_kani=true&JigyosyoCd=2760190401-00&ServiceCd=130&Type=search", "url2": "http://www.hannan.or.jp" }, "geometry": { "type": "Point", "coordinates": [ 135.4871559, 34.5200417 ] } },
{ "type": "Feature", "properties": { "内容": "ベルシャンテ訪問看護ステーション【訪問看護】大阪府堺市中区深阪1丁13番67号ベルシャンテ", "url": "https://www.kaigokensaku.mhlw.go.jp/27/index.php?action_kouhyou_detail_004_kani=true&JigyosyoCd=2766190199-00&ServiceCd=130&Type=search", "url2": "http://www.seichokai.or.jp/" }, "geometry": { "type": "Point", "coordinates": [ 135.500519700000041, 34.5112579 ] } },
{ "type": "Feature", "properties": { "内容": "訪問看護ステーション遊陶里【訪問看護】大阪府堺市中区福田541-1", "url": "https://www.kaigokensaku.mhlw.go.jp/27/index.php?action_kouhyou_detail_004_kani=true&JigyosyoCd=2766190207-00&ServiceCd=130&Type=search", "url2": "http://www.kousetsukai.com" }, "geometry": { "type": "Point", "coordinates": [ 135.523539600000049, 34.5207267 ] } },
{ "type": "Feature", "properties": { "内容": "ひなた訪問看護ステーション【訪問看護】大阪府堺市中区小阪297番地1", "url": "https://www.kaigokensaku.mhlw.go.jp/27/index.php?action_kouhyou_detail_004_kani=true&JigyosyoCd=2766190512-00&ServiceCd=130&Type=search", "url2": null }, "geometry": { "type": "Point", "coordinates": [ 135.4892543, 34.520135 ] } },
{ "type": "Feature", "properties": { "内容": "リハビリ訪問看護ステーションきらら【訪問看護】大阪府堺市中区深井清水町3601-106", "url": "https://www.kaigokensaku.mhlw.go.jp/27/index.php?action_kouhyou_detail_004_kani=true&JigyosyoCd=2766190470-00&ServiceCd=130&Type=search", "url2": "https://kirara.life/" }, "geometry": { "type": "Point", "coordinates": [ 135.494046, 34.5311877 ] } },
{ "type": "Feature", "properties": { "内容": "輝の訪問看護ステーション【訪問看護】大阪府堺市中区深井中町1211番地3", "url": "https://www.kaigokensaku.mhlw.go.jp/27/index.php?action_kouhyou_detail_004_kani=true&JigyosyoCd=2766190280-00&ServiceCd=130&Type=search", "url2": "http://kagayaki39.org" }, "geometry": { "type": "Point", "coordinates": [ 135.487336019068806, 34.537362464725675 ] } },
{ "type": "Feature", "properties": { "内容": "さんば訪問看護ステーション【訪問看護】大阪府堺市中区深阪3丁3‐12", "url": "https://www.kaigokensaku.mhlw.go.jp/27/index.php?action_kouhyou_detail_004_kani=true&JigyosyoCd=2766190645-00&ServiceCd=130&Type=search", "url2": null }, "geometry": { "type": "Point", "coordinates": [ 135.5039769, 34.5106205 ] } },
{ "type": "Feature", "properties": { "内容": "innocent訪問看護ステーション【訪問看護】大阪府堺市中区学園町3-10", "url": "https://www.kaigokensaku.mhlw.go.jp/27/index.php?action_kouhyou_detail_004_kani=true&JigyosyoCd=2766190371-00&ServiceCd=130&Type=search", "url2": null }, "geometry": { "type": "Point", "coordinates": [ 135.507882104831538, 34.540653205000666 ] } },
{ "type": "Feature", "properties": { "内容": "訪問看護ステーションＡｎｅｌａ【訪問看護】深井中町743番12セカンド・ライフ深井中町1階", "url": "https://www.kaigokensaku.mhlw.go.jp/27/index.php?action_kouhyou_detail_004_kani=true&JigyosyoCd=2766190454-00&ServiceCd=130&Type=search", "url2": null }, "geometry": { "type": "Point", "coordinates": [ 135.488647899999961, 34.537501800000015 ] } },
{ "type": "Feature", "properties": { "内容": "深井のどまる訪問看護ステーション【訪問看護】大阪府堺市中区東八田345番1号東八田マンション101号", "url": "https://www.kaigokensaku.mhlw.go.jp/27/index.php?action_kouhyou_detail_004_kani=true&JigyosyoCd=2766190603-00&ServiceCd=130&Type=search", "url2": "http://www.olive-ns-sakai.com" }, "geometry": { "type": "Point", "coordinates": [ 135.494054799999986, 34.523327100000017 ] } },
{ "type": "Feature", "properties": { "内容": "シオン訪問看護ステーション【訪問看護】大阪府堺市中区土塔町3336和興ビル２階", "url": "https://www.kaigokensaku.mhlw.go.jp/27/index.php?action_kouhyou_detail_004_kani=true&JigyosyoCd=2766190108-00&ServiceCd=130&Type=search", "url2": "https://zion-sakaishi.com/" }, "geometry": { "type": "Point", "coordinates": [ 135.5104258, 34.5331703 ] } },
{ "type": "Feature", "properties": { "内容": "めぐむ訪問看護【訪問看護】大阪府堺市中区堀上町220番地ライオンズマンション堺堀上の丘601", "url": "https://www.kaigokensaku.mhlw.go.jp/27/index.php?action_kouhyou_detail_004_kani=true&JigyosyoCd=2766190744-00&ServiceCd=130&Type=search", "url2": null }, "geometry": { "type": "Point", "coordinates": [ 135.4841066, 34.5323779 ] } },
{ "type": "Feature", "properties": { "内容": "かしゅうかい訪問看護ステーション堺【訪問看護】大阪府堺市中区東山961-2コモド泉北　B号室", "url": "https://www.kaigokensaku.mhlw.go.jp/27/index.php?action_kouhyou_detail_004_kani=true&JigyosyoCd=2766190736-00&ServiceCd=130&Type=search", "url2": "https://inabasou.com" }, "geometry": { "type": "Point", "coordinates": [ 135.510111599999988, 34.5161536 ] } },
{ "type": "Feature", "properties": { "内容": "訪問看護ステーション絆【訪問看護】大阪府堺市中区深阪1丁14番52号サニーハイツ泉有106号室", "url": "https://www.kaigokensaku.mhlw.go.jp/27/index.php?action_kouhyou_detail_004_kani=true&JigyosyoCd=2766190256-00&ServiceCd=130&Type=search", "url2": "https://houkankizuna.com/" }, "geometry": { "type": "Point", "coordinates": [ 135.4973908, 34.5127679 ] } },
{ "type": "Feature", "properties": { "内容": "そーと訪問看護ステーション【訪問看護】大阪府堺市中区大野芝町232番地12", "url": "https://www.kaigokensaku.mhlw.go.jp/27/index.php?action_kouhyou_detail_004_kani=true&JigyosyoCd=2766190702-00&ServiceCd=130&Type=search", "url2": "https://www.soatcorp.jp" }, "geometry": { "type": "Point", "coordinates": [ 135.521492200000012, 34.5305133 ] } },
{ "type": "Feature", "properties": { "内容": "訪問看護ステーション和音【訪問看護】大阪府堺市中区東山50-1", "url": "https://www.kaigokensaku.mhlw.go.jp/27/index.php?action_kouhyou_detail_004_kani=true&JigyosyoCd=2766190389-00&ServiceCd=130&Type=search", "url2": "https//www.waon-kango.jp//" }, "geometry": { "type": "Point", "coordinates": [ 135.50146190000001, 34.5242068 ] } },
{ "type": "Feature", "properties": { "内容": "くるみ訪問看護ステーション【訪問看護】東八田339-2", "url": "https://www.kaigokensaku.mhlw.go.jp/27/index.php?action_kouhyou_detail_004_kani=true&JigyosyoCd=2766190025-00&ServiceCd=130&Type=search", "url2": null }, "geometry": { "type": "Point", "coordinates": [ 135.495107, 34.5234276 ] } },
{ "type": "Feature", "properties": { "内容": "すまいるほうもんかんごすてーしょん【訪問看護】大阪府堺市中区八田西町２丁４番８号201号室", "url": "https://www.kaigokensaku.mhlw.go.jp/27/index.php?action_kouhyou_detail_004_kani=true&JigyosyoCd=2766190777-00&ServiceCd=130&Type=search", "url2": null }, "geometry": { "type": "Point", "coordinates": [ 135.478565300000014, 34.5194099 ] } },
{ "type": "Feature", "properties": { "内容": "ピース訪問看護ステーション【訪問看護】大阪府堺市中区陶器北486番3", "url": "https://www.kaigokensaku.mhlw.go.jp/27/index.php?action_kouhyou_detail_004_kani=true&JigyosyoCd=2766190728-00&ServiceCd=130&Type=search", "url2": null }, "geometry": { "type": "Point", "coordinates": [ 135.524148200000013, 34.5182352 ] } },
{ "type": "Feature", "properties": { "内容": "訪問看護ステーション　デューン堺中区【訪問看護】大阪府堺市中区深井沢町3324FUKAIビル2階", "url": "https://www.kaigokensaku.mhlw.go.jp/27/index.php?action_kouhyou_detail_004_kani=true&JigyosyoCd=2766190330-00&ServiceCd=130&Type=search", "url2": "http://www.nfield.co.jp/" }, "geometry": { "type": "Point", "coordinates": [ 135.4989831, 34.528722 ] } },
{ "type": "Feature", "properties": { "内容": "訪問看護ステーション　ゆり【訪問看護】大阪府堺市中区東山175-3レガート堺東山内", "url": "https://www.kaigokensaku.mhlw.go.jp/27/index.php?action_kouhyou_detail_004_kani=true&JigyosyoCd=2766190751-00&ServiceCd=130&Type=search", "url2": null }, "geometry": { "type": "Point", "coordinates": [ 135.5054371, 34.5241402 ] } },
{ "type": "Feature", "properties": { "内容": "リンク訪問看護ステーション草尾【訪問看護】大阪府堺市東区草尾1166-2　２Ｆ", "url": "https://www.kaigokensaku.mhlw.go.jp/27/index.php?action_kouhyou_detail_004_kani=true&JigyosyoCd=2766290106-00&ServiceCd=130&Type=search", "url2": "https://www.healthcare-link.co.jp" }, "geometry": { "type": "Point", "coordinates": [ 135.534730200000013, 34.5205436 ] } },
{ "type": "Feature", "properties": { "内容": "訪問看護ステーションＳｔｏｒｙ【訪問看護】大阪府堺市東区南野田327番地2", "url": "https://www.kaigokensaku.mhlw.go.jp/27/index.php?action_kouhyou_detail_004_kani=true&JigyosyoCd=2766290239-00&ServiceCd=130&Type=search", "url2": "https://www.kenbou2021.com/" }, "geometry": { "type": "Point", "coordinates": [ 135.547140734990336, 34.519639608226491 ] } },
{ "type": "Feature", "properties": { "内容": "訪問看護ステーションケアリング【訪問看護】大阪府堺市東区菩提町一丁26番地6", "url": "https://www.kaigokensaku.mhlw.go.jp/27/index.php?action_kouhyou_detail_004_kani=true&JigyosyoCd=2766290189-00&ServiceCd=130&Type=search", "url2": null }, "geometry": { "type": "Point", "coordinates": [ 135.5286707, 34.549223800000028 ] } },
{ "type": "Feature", "properties": { "内容": "よろこんぶ訪問看護ステーション【訪問看護】大阪府堺市東区日置荘西町2-5-16FioreHATSUSHIBA102号", "url": "https://www.kaigokensaku.mhlw.go.jp/27/index.php?action_kouhyou_detail_004_kani=true&JigyosyoCd=2766290064-00&ServiceCd=130&Type=search", "url2": null }, "geometry": { "type": "Point", "coordinates": [ 135.527666795526329, 34.541854979131003 ] } },
{ "type": "Feature", "properties": { "内容": "訪問看護ステーション仁【訪問看護】大阪府堺市東区南野田３４４－１４", "url": "https://www.kaigokensaku.mhlw.go.jp/27/index.php?action_kouhyou_detail_004_kani=true&JigyosyoCd=2766290031-00&ServiceCd=130&Type=search", "url2": "http://www.eonet.ne.jp/~houmonkango-jin" }, "geometry": { "type": "Point", "coordinates": [ 135.5441515, 34.522438 ] } },
{ "type": "Feature", "properties": { "内容": "みつばち訪問看護ステーション【訪問看護】大阪府堺市東区白鷺町3丁13-1", "url": "https://www.kaigokensaku.mhlw.go.jp/27/index.php?action_kouhyou_detail_004_kani=true&JigyosyoCd=2766290205-00&ServiceCd=130&Type=search", "url2": "https://mitsubachi51.com" }, "geometry": { "type": "Point", "coordinates": [ 135.5213392, 34.5482279 ] } },
{ "type": "Feature", "properties": { "内容": "ここわ訪問看護ステーション【訪問看護】大阪府堺市東区白鷺町3丁2-14", "url": "https://www.kaigokensaku.mhlw.go.jp/27/index.php?action_kouhyou_detail_004_kani=true&JigyosyoCd=2766290304-00&ServiceCd=130&Type=search", "url2": null }, "geometry": { "type": "Point", "coordinates": [ 135.51973670000001, 34.549928800000018 ] } },
{ "type": "Feature", "properties": { "内容": "訪問看護ステーションつくし【訪問看護】大阪府堺市東区菩提町2-99-4", "url": "https://www.kaigokensaku.mhlw.go.jp/27/index.php?action_kouhyou_detail_004_kani=true&JigyosyoCd=2766290098-00&ServiceCd=130&Type=search", "url2": "http://www.kango-tsukushi.jp" }, "geometry": { "type": "Point", "coordinates": [ 135.53428980000001, 34.5479545 ] } },
{ "type": "Feature", "properties": { "内容": "三ツ矢訪問看護ステーション【訪問看護】大阪府堺市東区菩提町3丁5番地1マンションクレール102号", "url": "https://www.kaigokensaku.mhlw.go.jp/27/index.php?action_kouhyou_detail_004_kani=true&JigyosyoCd=2766290296-00&ServiceCd=130&Type=search", "url2": "https://mitsuya.jp.net/" }, "geometry": { "type": "Point", "coordinates": [ 135.535165, 34.5481034 ] } },
{ "type": "Feature", "properties": { "内容": "訪問看護ステーションきらく【訪問看護】大阪府堺市東区白鷺町3丁1816-4", "url": "https://www.kaigokensaku.mhlw.go.jp/27/index.php?action_kouhyou_detail_004_kani=true&JigyosyoCd=2766290148-00&ServiceCd=130&Type=search", "url2": "https://kiraku-kango.com/" }, "geometry": { "type": "Point", "coordinates": [ 135.520465719951602, 34.548211418207686 ] } },
{ "type": "Feature", "properties": { "内容": "ぽると訪問看護ステーション【訪問看護】大阪府堺市東区北野田28番3号グランドール北野田101号", "url": "https://www.kaigokensaku.mhlw.go.jp/27/index.php?action_kouhyou_detail_004_kani=true&JigyosyoCd=2766290114-00&ServiceCd=130&Type=search", "url2": "http://hp.kaipoke.biz/v1p/" }, "geometry": { "type": "Point", "coordinates": [ 135.544098600000012, 34.5241123 ] } },
{ "type": "Feature", "properties": { "内容": "訪問看護ステーションアイリス【訪問看護】大阪府堺市東区菩提町3-9-1アイリス倶楽部初芝", "url": "https://www.kaigokensaku.mhlw.go.jp/27/index.php?action_kouhyou_detail_004_kani=true&JigyosyoCd=2766290254-00&ServiceCd=130&Type=search", "url2": "https://www.c-human.co.jp" }, "geometry": { "type": "Point", "coordinates": [ 135.535690100000011, 34.548352900000019 ] } },
{ "type": "Feature", "properties": { "内容": "訪問看護ステーション　こはる【訪問看護】大阪府堺市東区日置荘北町2丁26番73号", "url": "https://www.kaigokensaku.mhlw.go.jp/27/index.php?action_kouhyou_detail_004_kani=true&JigyosyoCd=2766290171-00&ServiceCd=130&Type=search", "url2": null }, "geometry": { "type": "Point", "coordinates": [ 135.538324, 34.5438961 ] } },
{ "type": "Feature", "properties": { "内容": "メディケア訪問看護ステーション堺【訪問看護】大阪府堺市東区日置荘原寺町46-2堺グランセ401号", "url": "https://www.kaigokensaku.mhlw.go.jp/27/index.php?action_kouhyou_detail_004_kani=true&JigyosyoCd=2766290320-00&ServiceCd=130&Type=search", "url2": "https://medicareport.co.jp/" }, "geometry": { "type": "Point", "coordinates": [ 135.534788099999986, 34.5379654 ] } },
{ "type": "Feature", "properties": { "内容": "訪問看護ステーションなごみ【訪問看護】大阪府堺市東区西野２５４－３", "url": "https://www.kaigokensaku.mhlw.go.jp/27/index.php?action_kouhyou_detail_004_kani=true&JigyosyoCd=2760190476-00&ServiceCd=130&Type=search", "url2": "http://www.ko-syo-kai.or.jp/" }, "geometry": { "type": "Point", "coordinates": [ 135.543480462982188, 34.511031847564283 ] } },
{ "type": "Feature", "properties": { "内容": "コットン訪問看護ステーション【訪問看護】大阪府堺市東区大美野１５８−３大美野レジデンス501号室", "url": "https://www.kaigokensaku.mhlw.go.jp/27/index.php?action_kouhyou_detail_004_kani=true&JigyosyoCd=2766290072-00&ServiceCd=130&Type=search", "url2": "https://hana-ns.co.jp/" }, "geometry": { "type": "Point", "coordinates": [ 135.5251984, 34.5309289 ] } },
{ "type": "Feature", "properties": { "内容": "サンウェルズ初芝訪問看護ステーション【訪問看護】大阪府堺市東区日置荘西町4丁目2番1号", "url": "https://www.kaigokensaku.mhlw.go.jp/27/index.php?action_kouhyou_detail_004_kani=true&JigyosyoCd=2766290353-00&ServiceCd=130&Type=search", "url2": "https://sunwels.jp/pdh/facility/pdhouse-hatsushiba/" }, "geometry": { "type": "Point", "coordinates": [ 135.5236509, 34.5436418 ] } },
{ "type": "Feature", "properties": { "内容": "訪問看護ステーション　あまね【訪問看護】大阪府堺市東区野尻町542-1", "url": "https://www.kaigokensaku.mhlw.go.jp/27/index.php?action_kouhyou_detail_004_kani=true&JigyosyoCd=2766290312-00&ServiceCd=130&Type=search", "url2": "http://amane0801.jp" }, "geometry": { "type": "Point", "coordinates": [ 135.524264499999987, 34.5456694 ] } },
{ "type": "Feature", "properties": { "内容": "A＆Cアムール訪問看護ステーション【訪問看護】大阪府堺市東区西野476₋21西野ハイツ101号室", "url": "https://www.kaigokensaku.mhlw.go.jp/27/index.php?action_kouhyou_detail_004_kani=true&JigyosyoCd=2766290346-00&ServiceCd=130&Type=search", "url2": null }, "geometry": { "type": "Point", "coordinates": [ 135.5413594, 34.5222609 ] } },
{ "type": "Feature", "properties": { "内容": "プラスONE訪問看護ステーション【訪問看護】大阪府堺市西区鳳中町10丁14-3プレセランス101号室", "url": "https://www.kaigokensaku.mhlw.go.jp/27/index.php?action_kouhyou_detail_004_kani=true&JigyosyoCd=2766390641-00&ServiceCd=130&Type=search", "url2": null }, "geometry": { "type": "Point", "coordinates": [ 135.449978533729535, 34.532926819810285 ] } },
{ "type": "Feature", "properties": { "内容": "クムケア訪問看護鳳ステーション【訪問看護】大阪府堺市西区鳳西町1丁72-10", "url": "https://www.kaigokensaku.mhlw.go.jp/27/index.php?action_kouhyou_detail_004_kani=true&JigyosyoCd=2766390658-00&ServiceCd=130&Type=search", "url2": "https://houkan.kumucare.jp/" }, "geometry": { "type": "Point", "coordinates": [ 135.454423, 34.5305581 ] } },
{ "type": "Feature", "properties": { "内容": "ハピネス訪問看護ステーション【訪問看護】大阪府堺市西区上６６６－１", "url": "https://www.kaigokensaku.mhlw.go.jp/27/index.php?action_kouhyou_detail_004_kani=true&JigyosyoCd=2766390666-00&ServiceCd=130&Type=search", "url2": null }, "geometry": { "type": "Point", "coordinates": [ 135.4593554, 34.5221544 ] } },
{ "type": "Feature", "properties": { "内容": "ケアライフ福泉訪問看護ステーション【訪問看護】大阪府堺市西区草部465番地14号", "url": "https://www.kaigokensaku.mhlw.go.jp/27/index.php?action_kouhyou_detail_004_kani=true&JigyosyoCd=2766390203-00&ServiceCd=130&Type=search", "url2": "https://www.carelife-medicalsupply.com/corp/" }, "geometry": { "type": "Point", "coordinates": [ 135.468155799999977, 34.5164819 ] } },
{ "type": "Feature", "properties": { "内容": "こもれび訪問看護ステーション堺【訪問看護】大阪府堺市西区浜寺元町1-13-1", "url": "https://www.kaigokensaku.mhlw.go.jp/27/index.php?action_kouhyou_detail_004_kani=true&JigyosyoCd=2766390393-00&ServiceCd=130&Type=search", "url2": "https://komorebi-sakai.com/" }, "geometry": { "type": "Point", "coordinates": [ 135.452363483467082, 34.544709841625384 ] } },
{ "type": "Feature", "properties": { "内容": "訪問看護ステーションふなお【訪問看護】大阪府堺市西区浜寺船尾町西1丁4の8", "url": "https://www.kaigokensaku.mhlw.go.jp/27/index.php?action_kouhyou_detail_004_kani=true&JigyosyoCd=2766390195-00&ServiceCd=130&Type=search", "url2": null }, "geometry": { "type": "Point", "coordinates": [ 135.454603200000093, 34.5511026 ] } },
{ "type": "Feature", "properties": { "内容": "訪問看護ステーション心<こころ>【訪問看護】大阪府堺市西区上630番地11", "url": "https://www.kaigokensaku.mhlw.go.jp/27/index.php?action_kouhyou_detail_004_kani=true&JigyosyoCd=2766390369-00&ServiceCd=130&Type=search", "url2": "https://houkan-cocolo.main.jp/" }, "geometry": { "type": "Point", "coordinates": [ 135.45818460000001, 34.5211478 ] } },
{ "type": "Feature", "properties": { "内容": "nagomi堺鳳訪問看護ステーション【訪問看護】大阪府堺市西区鳳東町２丁１９８番地", "url": "https://www.kaigokensaku.mhlw.go.jp/27/index.php?action_kouhyou_detail_004_kani=true&JigyosyoCd=2766390419-00&ServiceCd=130&Type=search", "url2": null }, "geometry": { "type": "Point", "coordinates": [ 135.46094081534423, 34.529569355117218 ] } },
{ "type": "Feature", "properties": { "内容": "イーナス訪問看護ステーション【訪問看護】大阪府堺市西区浜寺石津町中１丁6-25清水ハイツ206号", "url": "https://www.kaigokensaku.mhlw.go.jp/27/index.php?action_kouhyou_detail_004_kani=true&JigyosyoCd=2766390500-00&ServiceCd=130&Type=search", "url2": "https://www.honest-ty.com" }, "geometry": { "type": "Point", "coordinates": [ 135.456438628836082, 34.561906442806226 ] } },
{ "type": "Feature", "properties": { "内容": "訪問看護ステーションつむぎ【訪問看護】大阪府堺市西区津久野町２丁３６番８号", "url": "https://www.kaigokensaku.mhlw.go.jp/27/index.php?action_kouhyou_detail_004_kani=true&JigyosyoCd=2766390625-00&ServiceCd=130&Type=search", "url2": "https://tsumugi-home.jp" }, "geometry": { "type": "Point", "coordinates": [ 135.47309580000001, 34.544269 ] } },
{ "type": "Feature", "properties": { "内容": "さくら訪問看護ステーション【訪問看護】大阪府堺市西区上野芝向ヶ丘町6丁1-34パルファン上野芝1階", "url": "https://www.kaigokensaku.mhlw.go.jp/27/index.php?action_kouhyou_detail_004_kani=true&JigyosyoCd=2766390047-00&ServiceCd=130&Type=search", "url2": null }, "geometry": { "type": "Point", "coordinates": [ 135.477042500857436, 34.541031629258008 ] } },
{ "type": "Feature", "properties": { "内容": "訪問看護ステーション楽【訪問看護】大阪府堺市西区上559-1昌和鳳303", "url": "https://www.kaigokensaku.mhlw.go.jp/27/index.php?action_kouhyou_detail_004_kani=true&JigyosyoCd=2766390351-00&ServiceCd=130&Type=search", "url2": null }, "geometry": { "type": "Point", "coordinates": [ 135.4617156, 34.5253166 ] } },
{ "type": "Feature", "properties": { "内容": "訪問看護ステーションすみれの家【訪問看護】大阪府堺市西区３丁目963-3", "url": "https://www.kaigokensaku.mhlw.go.jp/27/index.php?action_kouhyou_detail_004_kani=true&JigyosyoCd=2766390336-00&ServiceCd=130&Type=search", "url2": null }, "geometry": { "type": "Point", "coordinates": [ 135.4215658, 34.567473 ] } },
{ "type": "Feature", "properties": { "内容": "あゆみ訪問看護ステーション【訪問看護】大阪府堺市西区津久野町2丁28番地10号", "url": "https://www.kaigokensaku.mhlw.go.jp/27/index.php?action_kouhyou_detail_004_kani=true&JigyosyoCd=2766390088-00&ServiceCd=130&Type=search", "url2": null }, "geometry": { "type": "Point", "coordinates": [ 135.472468622753325, 34.544799351291225 ] } },
{ "type": "Feature", "properties": { "内容": "訪問看護ステーションここいろ堺【訪問看護】大阪府堺市西区上野芝向ケ丘町1-24-14", "url": "https://www.kaigokensaku.mhlw.go.jp/27/index.php?action_kouhyou_detail_004_kani=true&JigyosyoCd=2766390443-00&ServiceCd=130&Type=search", "url2": "https://www.wagokoro-2018.com" }, "geometry": { "type": "Point", "coordinates": [ 135.483677300000011, 34.5483469 ] } },
{ "type": "Feature", "properties": { "内容": "訪問看護ステーションAILE【訪問看護】大阪府堺市西区鳳北町10丁34-101", "url": "https://www.kaigokensaku.mhlw.go.jp/27/index.php?action_kouhyou_detail_004_kani=true&JigyosyoCd=2766390328-00&ServiceCd=130&Type=search", "url2": "https://www.aile-kango.org/" }, "geometry": { "type": "Point", "coordinates": [ 135.461138114391588, 34.544346620933077 ] } },
{ "type": "Feature", "properties": { "内容": "ペガサス訪問看護ステーション【訪問看護】大阪府堺市西区鳳北町１０－１０アネックスビル　2階", "url": "https://www.kaigokensaku.mhlw.go.jp/27/index.php?action_kouhyou_detail_004_kani=true&JigyosyoCd=2760190088-00&ServiceCd=130&Type=search", "url2": "http://www.pegasus.or.jp/" }, "geometry": { "type": "Point", "coordinates": [ 135.461469500000021, 34.544723 ] } },
{ "type": "Feature", "properties": { "内容": "訪問看護ステーションひまわりの里鳳【訪問看護】大阪府堺市西区鳳南町４丁４７６−２", "url": "https://www.kaigokensaku.mhlw.go.jp/27/index.php?action_kouhyou_detail_004_kani=true&JigyosyoCd=2766390104-00&ServiceCd=130&Type=search", "url2": null }, "geometry": { "type": "Point", "coordinates": [ 135.462103541803003, 34.52722652334657 ] } },
{ "type": "Feature", "properties": { "内容": "IKOI訪問看護ステーション堺【訪問看護】大阪府堺市西区草部827番地1IKOIナーシングホーム堺", "url": "https://www.kaigokensaku.mhlw.go.jp/27/index.php?action_kouhyou_detail_004_kani=true&JigyosyoCd=2766390575-00&ServiceCd=130&Type=search", "url2": "https://www.ikoi-group.com/service/ipd-medicalhome/home-sakai/" }, "geometry": { "type": "Point", "coordinates": [ 135.466288100000014, 34.5190528 ] } },
{ "type": "Feature", "properties": { "内容": "ペガサス訪問看護ステーション石津北【訪問看護】大阪府堺市西区浜寺石津町西一丁２番7号", "url": "https://www.kaigokensaku.mhlw.go.jp/27/index.php?action_kouhyou_detail_004_kani=true&JigyosyoCd=2766390153-00&ServiceCd=130&Type=search", "url2": "http://www.pegasus.or.jp" }, "geometry": { "type": "Point", "coordinates": [ 135.454430699999989, 34.5621901 ] } },
{ "type": "Feature", "properties": { "内容": "たつみ訪問看護ステーション【訪問看護】大阪府堺市西区浜寺石津町東1丁2-21宮本ビル3階", "url": "https://www.kaigokensaku.mhlw.go.jp/27/index.php?action_kouhyou_detail_004_kani=true&JigyosyoCd=2766390252-00&ServiceCd=130&Type=search", "url2": "http://www.tatsumiclinic.com" }, "geometry": { "type": "Point", "coordinates": [ 135.460180276196297, 34.559941877976655 ] } },
{ "type": "Feature", "properties": { "内容": "いずみ訪問看護ステーション【訪問看護】堺市西区北条町1-2-31", "url": "https://www.kaigokensaku.mhlw.go.jp/27/index.php?action_kouhyou_detail_004_kani=true&JigyosyoCd=2766390039-00&ServiceCd=130&Type=search", "url2": "https://daisenkai.jp/daisen-hp" }, "geometry": { "type": "Point", "coordinates": [ 135.4844703, 34.5479844 ] } },
{ "type": "Feature", "properties": { "内容": "小夏訪問看護ステーション【訪問看護】大阪府堺市西区浜寺元町4-471フレグランス元町102号室", "url": "https://www.kaigokensaku.mhlw.go.jp/27/index.php?action_kouhyou_detail_004_kani=true&JigyosyoCd=2766390591-00&ServiceCd=130&Type=search", "url2": "http://www.konatsu-houkan.com/" }, "geometry": { "type": "Point", "coordinates": [ 135.4555732, 34.5404858 ] } },
{ "type": "Feature", "properties": { "内容": "訪問看護ステーション　バッテリー【訪問看護】大阪府堺市西区浜寺船尾町西4丁409-1", "url": "https://www.kaigokensaku.mhlw.go.jp/27/index.php?action_kouhyou_detail_004_kani=true&JigyosyoCd=2766390450-00&ServiceCd=130&Type=search", "url2": null }, "geometry": { "type": "Point", "coordinates": [ 135.453252604341003, 34.545984564049043 ] } },
{ "type": "Feature", "properties": { "内容": "ぷれみあむ訪問看護ステーション【訪問看護】大阪府堺市西区鳳西町２丁18-10アドラブール鳳201号", "url": "https://www.kaigokensaku.mhlw.go.jp/27/index.php?action_kouhyou_detail_004_kani=true&JigyosyoCd=2766390294-00&ServiceCd=130&Type=search", "url2": "https://premiumkango.com/" }, "geometry": { "type": "Point", "coordinates": [ 135.449004800000012, 34.526519100000044 ] } },
{ "type": "Feature", "properties": { "内容": "愛スマイル訪問看護ステーション【訪問看護】大阪府堺市西区鳳西町１丁６７番地９", "url": "https://www.kaigokensaku.mhlw.go.jp/27/index.php?action_kouhyou_detail_004_kani=true&JigyosyoCd=2766390161-00&ServiceCd=130&Type=search", "url2": null }, "geometry": { "type": "Point", "coordinates": [ 135.453353530315752, 34.531266674033361 ] } },
{ "type": "Feature", "properties": { "内容": "ペガサスロイヤルクリニック【訪問看護】堺市西区浜寺船尾町東1丁3番31", "url": "https://www.kaigokensaku.mhlw.go.jp/27/index.php?action_kouhyou_detail_004_kani=true&JigyosyoCd=2716300211-00&ServiceCd=130&Type=search", "url2": "http://www.pegasus.or.jp/" }, "geometry": { "type": "Point", "coordinates": [ 135.4598125, 34.5511371 ] } },
{ "type": "Feature", "properties": { "内容": "AI訪問看護ステーション【訪問看護】大阪府堺市西区北条町一丁30番51号ヒルサイドマンション102号", "url": "https://www.kaigokensaku.mhlw.go.jp/27/index.php?action_kouhyou_detail_004_kani=true&JigyosyoCd=2766390633-00&ServiceCd=130&Type=search", "url2": "https://ai-kango.co" }, "geometry": { "type": "Point", "coordinates": [ 135.488008599306113, 34.543455561894689 ] } },
{ "type": "Feature", "properties": { "内容": "訪問看護ステーション堺下田【訪問看護】大阪府堺市西区下田19-15", "url": "https://www.kaigokensaku.mhlw.go.jp/27/index.php?action_kouhyou_detail_004_kani=true&JigyosyoCd=2766390245-00&ServiceCd=130&Type=search", "url2": "http://www.nursing-hc.co.jp/" }, "geometry": { "type": "Point", "coordinates": [ 135.465865, 34.5425987 ] } },
{ "type": "Feature", "properties": { "内容": "訪問看護ステーションいちごの花【訪問看護】大阪府堺市西区山田２－１８９－８", "url": "https://www.kaigokensaku.mhlw.go.jp/27/index.php?action_kouhyou_detail_004_kani=true&JigyosyoCd=2766390567-00&ServiceCd=130&Type=search", "url2": null }, "geometry": { "type": "Point", "coordinates": [ 135.4666193, 34.5037923 ] } },
{ "type": "Feature", "properties": { "内容": "訪問看護ステーションわ【訪問看護】大阪府堺市西区鳳西町2丁8番2号ハイツウエンディA棟105号", "url": "https://www.kaigokensaku.mhlw.go.jp/27/index.php?action_kouhyou_detail_004_kani=true&JigyosyoCd=2766390377-00&ServiceCd=130&Type=search", "url2": "https://houmonkango-wa.com" }, "geometry": { "type": "Point", "coordinates": [ 135.450156, 34.527066499999982 ] } },
{ "type": "Feature", "properties": { "内容": "サンウェルズおおとり訪問看護ステーション【訪問看護】大阪府堺市西区鳳北町七丁117番地", "url": "https://www.kaigokensaku.mhlw.go.jp/27/index.php?action_kouhyou_detail_004_kani=true&JigyosyoCd=2766390682-00&ServiceCd=130&Type=search", "url2": "https://sunwels.jp/pdh/facility/pdhouse-otori/" }, "geometry": { "type": "Point", "coordinates": [ 135.46281110000001, 34.5399433 ] } },
{ "type": "Feature", "properties": { "内容": "訪問看護ステーションおとのい【訪問看護】大阪府堺市西区浜寺船尾町東4丁64-102", "url": "https://www.kaigokensaku.mhlw.go.jp/27/index.php?action_kouhyou_detail_004_kani=true&JigyosyoCd=2760190567-00&ServiceCd=130&Type=search", "url2": "http://www.houmonkango-otonoi.com/" }, "geometry": { "type": "Point", "coordinates": [ 135.460550099999978, 34.5455812 ] } },
{ "type": "Feature", "properties": { "内容": "ケアサービスはるかぜ　訪問看護ステーション【訪問看護】大阪府堺市西区鳳中町5丁153-1ラウレア鳳101号", "url": "https://www.kaigokensaku.mhlw.go.jp/27/index.php?action_kouhyou_detail_004_kani=true&JigyosyoCd=2766390179-00&ServiceCd=130&Type=search", "url2": "http://harukaze-care.com/" }, "geometry": { "type": "Point", "coordinates": [ 135.457581366270432, 34.533162488549685 ] } },
{ "type": "Feature", "properties": { "内容": "訪問看護ステーション花＊花【訪問看護】大阪府堺市西区津久野町3-32-19", "url": "https://www.kaigokensaku.mhlw.go.jp/27/index.php?action_kouhyou_detail_004_kani=true&JigyosyoCd=2766390542-00&ServiceCd=130&Type=search", "url2": null }, "geometry": { "type": "Point", "coordinates": [ 135.466610300000013, 34.5422651 ] } },
{ "type": "Feature", "properties": { "内容": "訪問看護ステーションこうせん【訪問看護】大阪府堺市西区菱木１丁2336-19-2階", "url": "https://www.kaigokensaku.mhlw.go.jp/27/index.php?action_kouhyou_detail_004_kani=true&JigyosyoCd=2766390708-00&ServiceCd=130&Type=search", "url2": null }, "geometry": { "type": "Point", "coordinates": [ 135.4743876, 34.5135373 ] } },
{ "type": "Feature", "properties": { "内容": "耳原訪問看護ステーション【訪問看護】大阪府堺市西区鳳南町5丁595耳原鳳クリニック内2階", "url": "https://www.kaigokensaku.mhlw.go.jp/27/index.php?action_kouhyou_detail_004_kani=true&JigyosyoCd=2760190013-00&ServiceCd=130&Type=search", "url2": "http://www.mimihara.or.jp" }, "geometry": { "type": "Point", "coordinates": [ 135.462824099999978, 34.5274715 ] } },
{ "type": "Feature", "properties": { "内容": "訪問看護ステーションゴービー【訪問看護】大阪府堺市西区上459－1", "url": "https://www.kaigokensaku.mhlw.go.jp/27/index.php?action_kouhyou_detail_004_kani=true&JigyosyoCd=2766390138-00&ServiceCd=130&Type=search", "url2": "http://www.osakaminami.co.jp" }, "geometry": { "type": "Point", "coordinates": [ 135.462673852405061, 34.523022383602175 ] } },
{ "type": "Feature", "properties": { "内容": "訪問看護ステーション　縁【訪問看護】大阪府堺市西区浜寺石津町東2-2-17コートロッジパートⅡ　106号", "url": "https://www.kaigokensaku.mhlw.go.jp/27/index.php?action_kouhyou_detail_004_kani=true&JigyosyoCd=2766390690-00&ServiceCd=130&Type=search", "url2": "https://nkts0913.jp/" }, "geometry": { "type": "Point", "coordinates": [ 135.458646399999964, 34.5584274 ] } },
{ "type": "Feature", "properties": { "内容": "With訪問看護ステーション【訪問看護】大阪府堺市南区高倉台2丁27-10ソファレB201号", "url": "https://www.kaigokensaku.mhlw.go.jp/27/index.php?action_kouhyou_detail_004_kani=true&JigyosyoCd=2766490375-00&ServiceCd=130&Type=search", "url2": "https://with-nurse-station.com" }, "geometry": { "type": "Point", "coordinates": [ 135.5230367, 34.4973264 ] } },
{ "type": "Feature", "properties": { "内容": "栄友社訪問看護ステーション【訪問看護】大阪府堺市南区若松台２丁１番４－１０８号若松台中央マンション", "url": "https://www.kaigokensaku.mhlw.go.jp/27/index.php?action_kouhyou_detail_004_kani=true&JigyosyoCd=2766490417-00&ServiceCd=130&Type=search", "url2": "http://npoeiyuusha.com/" }, "geometry": { "type": "Point", "coordinates": [ 135.5073333, 34.4908742 ] } },
{ "type": "Feature", "properties": { "内容": "オアシス訪問看護ステーション【訪問看護】大阪府堺市南区高倉台二丁8番15号", "url": "https://www.kaigokensaku.mhlw.go.jp/27/index.php?action_kouhyou_detail_004_kani=true&JigyosyoCd=2766490441-00&ServiceCd=130&Type=search", "url2": null }, "geometry": { "type": "Point", "coordinates": [ 135.52193170000001, 34.4937686 ] } },
{ "type": "Feature", "properties": { "内容": "アール訪問看護ステーションさかい【訪問看護】大阪府堺市南区檜尾１１４番地４", "url": "https://www.kaigokensaku.mhlw.go.jp/27/index.php?action_kouhyou_detail_004_kani=true&JigyosyoCd=2766490185-00&ServiceCd=130&Type=search", "url2": "http://www.cs-ring.co.jp" }, "geometry": { "type": "Point", "coordinates": [ 135.4824327, 34.4868131 ] } },
{ "type": "Feature", "properties": { "内容": "ハートフルサンク訪問看護ステーション【訪問看護】大阪府堺市南区桃山台2丁3ー4ツインビル桃山102号", "url": "https://www.kaigokensaku.mhlw.go.jp/27/index.php?action_kouhyou_detail_004_kani=true&JigyosyoCd=2766490144-00&ServiceCd=130&Type=search", "url2": "https://heartfulthank.co.jp/" }, "geometry": { "type": "Point", "coordinates": [ 135.487970116349146, 34.485220139571062 ] } },
{ "type": "Feature", "properties": { "内容": "マクレ訪問看護ステーション【訪問看護】大阪府堺市南区鴨谷台１丁４１番６号", "url": "https://www.kaigokensaku.mhlw.go.jp/27/index.php?action_kouhyou_detail_004_kani=true&JigyosyoCd=2766490037-00&ServiceCd=130&Type=search", "url2": null }, "geometry": { "type": "Point", "coordinates": [ 135.483001546312948, 34.478738479073051 ] } },
{ "type": "Feature", "properties": { "内容": "桜けあ訪問看護ステーション【訪問看護】大阪府堺市南区三原台3-7-9", "url": "https://www.kaigokensaku.mhlw.go.jp/27/index.php?action_kouhyou_detail_004_kani=true&JigyosyoCd=2766490151-00&ServiceCd=130&Type=search", "url2": null }, "geometry": { "type": "Point", "coordinates": [ 135.517500715579217, 34.502477613679005 ] } },
{ "type": "Feature", "properties": { "内容": "訪問看護ステーション掌【訪問看護】大阪府堺市南区高倉台2丁27番地7号シティハイムソファレA棟101号室", "url": "https://www.kaigokensaku.mhlw.go.jp/27/index.php?action_kouhyou_detail_004_kani=true&JigyosyoCd=2766490409-00&ServiceCd=130&Type=search", "url2": "https://www.rf-tanagokoro.com" }, "geometry": { "type": "Point", "coordinates": [ 135.522889600000013, 34.4972953 ] } },
{ "type": "Feature", "properties": { "内容": "訪問看護ステーションしんかい【訪問看護】大阪府堺市南区高倉台2丁38-13ハイツ恵202", "url": "https://www.kaigokensaku.mhlw.go.jp/27/index.php?action_kouhyou_detail_004_kani=true&JigyosyoCd=2766490334-00&ServiceCd=130&Type=search", "url2": null }, "geometry": { "type": "Point", "coordinates": [ 135.524258035581965, 34.493975678723281 ] } },
{ "type": "Feature", "properties": { "内容": "Seiei訪問看護ステーション【訪問看護】大阪府堺市南区豊田1537-2MYコート102号", "url": "https://www.kaigokensaku.mhlw.go.jp/27/index.php?action_kouhyou_detail_004_kani=true&JigyosyoCd=2766490383-00&ServiceCd=130&Type=search", "url2": null }, "geometry": { "type": "Point", "coordinates": [ 135.4998463, 34.4923706 ] } },
{ "type": "Feature", "properties": { "内容": "せかんど訪問看護ステーション【訪問看護】大阪府堺市南区檜尾3093-7", "url": "https://www.kaigokensaku.mhlw.go.jp/27/index.php?action_kouhyou_detail_004_kani=true&JigyosyoCd=2766490060-00&ServiceCd=130&Type=search", "url2": "http://www.npo-2nd.com/" }, "geometry": { "type": "Point", "coordinates": [ 135.4665536, 34.4855188 ] } },
{ "type": "Feature", "properties": { "内容": "訪問看護ステーション　ふるーと【訪問看護】大阪府堺市南区深阪南111番地の2", "url": "https://www.kaigokensaku.mhlw.go.jp/27/index.php?action_kouhyou_detail_004_kani=true&JigyosyoCd=2760190559-00&ServiceCd=130&Type=search", "url2": null }, "geometry": { "type": "Point", "coordinates": [ 135.50538610000001, 34.5056058 ] } },
{ "type": "Feature", "properties": { "内容": "まごころ訪問看護ステーション【訪問看護】大阪府堺市南区別所２２９番地", "url": "https://www.kaigokensaku.mhlw.go.jp/27/index.php?action_kouhyou_detail_004_kani=true&JigyosyoCd=2760190435-00&ServiceCd=130&Type=search", "url2": "http://hp.kaipoke.biz/cez/" }, "geometry": { "type": "Point", "coordinates": [ 135.503391793254082, 34.453931563798776 ] } },
{ "type": "Feature", "properties": { "内容": "そらいろ訪問看護ステーション【訪問看護】大阪府堺市南区宮山台一丁6番10号山楠宮山台貸店舗D号", "url": "https://www.kaigokensaku.mhlw.go.jp/27/index.php?action_kouhyou_detail_004_kani=true&JigyosyoCd=2766490326-00&ServiceCd=130&Type=search", "url2": "https://cocoro-care.co.jp/" }, "geometry": { "type": "Point", "coordinates": [ 135.503316103249347, 34.504694814579345 ] } },
{ "type": "Feature", "properties": { "内容": "リレイト訪問看護ステーション堺【訪問看護】大阪府堺市南区深阪南152番地やぶうちビル101号室", "url": "https://www.kaigokensaku.mhlw.go.jp/27/index.php?action_kouhyou_detail_004_kani=true&JigyosyoCd=2766490466-00&ServiceCd=130&Type=search", "url2": "https://rearate.com/" }, "geometry": { "type": "Point", "coordinates": [ 135.5061155, 34.5051971 ] } },
{ "type": "Feature", "properties": { "内容": "泉北リハビリ訪問看護ステーション【訪問看護】大阪府堺市南区原山台一丁14番12号114ビルディング２階", "url": "https://www.kaigokensaku.mhlw.go.jp/27/index.php?action_kouhyou_detail_004_kani=true&JigyosyoCd=2766490243-00&ServiceCd=130&Type=search", "url2": "https://senbokuhoukan.wixsite.com/senbokureha" }, "geometry": { "type": "Point", "coordinates": [ 135.497301569912906, 34.488436092123564 ] } },
{ "type": "Feature", "properties": { "内容": "ユニバーサルケア株式会社【訪問看護】大阪府堺市南区桃山台2丁20-7", "url": "https://www.kaigokensaku.mhlw.go.jp/27/index.php?action_kouhyou_detail_004_kani=true&JigyosyoCd=2766490193-00&ServiceCd=130&Type=search", "url2": "http://alpha-kango.com/" }, "geometry": { "type": "Point", "coordinates": [ 135.486153138729833, 34.488302917611165 ] } },
{ "type": "Feature", "properties": { "内容": "株式会社杏あんど訪問看護ステーション【訪問看護】大阪府堺市南区桃山台２丁３番４号ツインビル桃山Ⅱ３０２号室", "url": "https://www.kaigokensaku.mhlw.go.jp/27/index.php?action_kouhyou_detail_004_kani=true&JigyosyoCd=2766490177-00&ServiceCd=130&Type=search", "url2": null }, "geometry": { "type": "Point", "coordinates": [ 135.487965800000012, 34.4851238 ] } },
{ "type": "Feature", "properties": { "内容": "りゅうじん訪問看護ステーション泉北【訪問看護】大阪府堺市南区和田711-145", "url": "https://www.kaigokensaku.mhlw.go.jp/27/index.php?action_kouhyou_detail_004_kani=true&JigyosyoCd=2766490052-00&ServiceCd=130&Type=search", "url2": "http://www.ryujin-ns.com" }, "geometry": { "type": "Point", "coordinates": [ 135.494927764867327, 34.504800800885384 ] } },
{ "type": "Feature", "properties": { "内容": "訪問看護ステーションあかるい手【訪問看護】大阪府堺市南区深阪南105", "url": "https://www.kaigokensaku.mhlw.go.jp/27/index.php?action_kouhyou_detail_004_kani=true&JigyosyoCd=2766490318-00&ServiceCd=130&Type=search", "url2": "https://akarui-te.com/" }, "geometry": { "type": "Point", "coordinates": [ 135.506342092729227, 34.505549299327924 ] } },
{ "type": "Feature", "properties": { "内容": "訪問看護ステーションみらいろ【訪問看護】大阪府堺南区城山台2-2-11　2F", "url": "https://www.kaigokensaku.mhlw.go.jp/27/index.php?action_kouhyou_detail_004_kani=true&JigyosyoCd=2766490474-00&ServiceCd=130&Type=search", "url2": "https://n-mirairo.com/" }, "geometry": { "type": "Point", "coordinates": [ 135.486446442327889, 34.46819738115326 ] } },
{ "type": "Feature", "properties": { "内容": "ハートケア訪問看護ステーション【訪問看護】大阪府堺市南区新檜尾台4丁52－1　103", "url": "https://www.kaigokensaku.mhlw.go.jp/27/index.php?action_kouhyou_detail_004_kani=true&JigyosyoCd=2766490458-00&ServiceCd=130&Type=search", "url2": "https://le-le-coeur.com/" }, "geometry": { "type": "Point", "coordinates": [ 135.4714988, 34.4795747 ] } },
{ "type": "Feature", "properties": { "内容": "こあ＋訪問看護ステーション【訪問看護】大阪府堺市北区東浅香山町2丁231-203F", "url": "https://www.kaigokensaku.mhlw.go.jp/27/index.php?action_kouhyou_detail_004_kani=true&JigyosyoCd=2766590505-00&ServiceCd=130&Type=search", "url2": "https://core-plus.jp" }, "geometry": { "type": "Point", "coordinates": [ 135.5057294, 34.583507 ] } },
{ "type": "Feature", "properties": { "内容": "リンク訪問看護ステーションなかもず【訪問看護】大阪府堺市北区百舌鳥梅町３丁28-17", "url": "https://www.kaigokensaku.mhlw.go.jp/27/index.php?action_kouhyou_detail_004_kani=true&JigyosyoCd=2766590455-00&ServiceCd=130&Type=search", "url2": null }, "geometry": { "type": "Point", "coordinates": [ 135.50156518465576, 34.551121200705126 ] } },
{ "type": "Feature", "properties": { "内容": "タマダ病院【訪問看護】大阪府堺市北区蔵前町2-15-39", "url": "https://www.kaigokensaku.mhlw.go.jp/27/index.php?action_kouhyou_detail_004_kani=true&JigyosyoCd=2716500141-00&ServiceCd=130&Type=search", "url2": null }, "geometry": { "type": "Point", "coordinates": [ 135.514192049073756, 34.575147183031639 ] } },
{ "type": "Feature", "properties": { "内容": "医療法人　西谷内科【訪問看護】大阪府堺市北区百舌鳥梅町２丁４１８", "url": "https://www.kaigokensaku.mhlw.go.jp/27/index.php?action_kouhyou_detail_004_kani=true&JigyosyoCd=2710115839-00&ServiceCd=130&Type=search", "url2": null }, "geometry": { "type": "Point", "coordinates": [ 135.493938899999989, 34.5526757 ] } },
{ "type": "Feature", "properties": { "内容": "訪問看護ステーションほくほく【訪問看護】大阪府堺市北区百舌鳥梅町1-1-6昭和ビル200号室", "url": "https://www.kaigokensaku.mhlw.go.jp/27/index.php?action_kouhyou_detail_004_kani=true&JigyosyoCd=2766590471-00&ServiceCd=130&Type=search", "url2": null }, "geometry": { "type": "Point", "coordinates": [ 135.498341, 34.554984 ] } },
{ "type": "Feature", "properties": { "内容": "アイサポート三国ヶ丘訪問看護ステーション【訪問看護】大阪府堺市北区百舌鳥赤畑町１－６－１ヴィラ三国ヶ丘Ⅱ　１Ａ", "url": "https://www.kaigokensaku.mhlw.go.jp/27/index.php?action_kouhyou_detail_004_kani=true&JigyosyoCd=2766590117-00&ServiceCd=130&Type=search", "url2": null }, "geometry": { "type": "Point", "coordinates": [ 135.4920641, 34.5637438 ] } },
{ "type": "Feature", "properties": { "内容": "訪問看護ステーションみやび【訪問看護】大阪府堺市北区金岡町2302-1パルケアビエルト1階", "url": "https://www.kaigokensaku.mhlw.go.jp/27/index.php?action_kouhyou_detail_004_kani=true&JigyosyoCd=2766590273-00&ServiceCd=130&Type=search", "url2": "http://s-miyabi.net" }, "geometry": { "type": "Point", "coordinates": [ 135.5194697, 34.5590011 ] } },
{ "type": "Feature", "properties": { "内容": "すまいる・ポッケ訪問看護ステーション【訪問看護】大阪府堺市北区長曽根町1667Polaire　2F", "url": "https://www.kaigokensaku.mhlw.go.jp/27/index.php?action_kouhyou_detail_004_kani=true&JigyosyoCd=2766590034-00&ServiceCd=130&Type=search", "url2": null }, "geometry": { "type": "Point", "coordinates": [ 135.5064679, 34.5667422 ] } },
{ "type": "Feature", "properties": { "内容": "アミーナース訪問看護ステーション【訪問看護】大阪府堺市北区新堀町2-106-2", "url": "https://www.kaigokensaku.mhlw.go.jp/27/index.php?action_kouhyou_detail_004_kani=true&JigyosyoCd=2766590364-00&ServiceCd=130&Type=search", "url2": "https://group-cercle.com/ami-nurse" }, "geometry": { "type": "Point", "coordinates": [ 135.514179213491843, 34.577895195431886 ] } },
{ "type": "Feature", "properties": { "内容": "訪問看護ステーションナオビッグ【訪問看護】大阪府堺市北区百舌鳥赤畑町4-330-1", "url": "https://www.kaigokensaku.mhlw.go.jp/27/index.php?action_kouhyou_detail_004_kani=true&JigyosyoCd=2766590315-00&ServiceCd=130&Type=search", "url2": "https://naobig.com" }, "geometry": { "type": "Point", "coordinates": [ 135.491023300000023, 34.556789200000033 ] } },
{ "type": "Feature", "properties": { "内容": "ビーナス訪問看護ステーション【訪問看護】堺市北区中長尾町3-4-23ビーナスウイズ　2F", "url": "https://www.kaigokensaku.mhlw.go.jp/27/index.php?action_kouhyou_detail_004_kani=true&JigyosyoCd=2766590059-00&ServiceCd=130&Type=search", "url2": "http://www.venus-comrade.co.jp/" }, "geometry": { "type": "Point", "coordinates": [ 135.500366158266388, 34.575883916462914 ] } },
{ "type": "Feature", "properties": { "内容": "ライフ訪問看護ステーション【訪問看護】大阪府堺市北区長曽根町２２１３番地１街路ビル", "url": "https://www.kaigokensaku.mhlw.go.jp/27/index.php?action_kouhyou_detail_004_kani=true&JigyosyoCd=2766590083-00&ServiceCd=130&Type=search", "url2": null }, "geometry": { "type": "Point", "coordinates": [ 135.50290267309947, 34.565520726861912 ] } },
{ "type": "Feature", "properties": { "内容": "てげてげ　訪問看護ステーション【訪問看護】大阪府堺市北区百舌鳥本町一丁41番地4", "url": "https://www.kaigokensaku.mhlw.go.jp/27/index.php?action_kouhyou_detail_004_kani=true&JigyosyoCd=2766590612-00&ServiceCd=130&Type=search", "url2": "https://www.tegetege.life/" }, "geometry": { "type": "Point", "coordinates": [ 135.4893763, 34.5565905 ] } },
{ "type": "Feature", "properties": { "内容": "にのしま訪問看護ステーション【訪問看護】大阪府堺市北区東雲東町二丁１番５ジェルメ河善８０３号", "url": "https://www.kaigokensaku.mhlw.go.jp/27/index.php?action_kouhyou_detail_004_kani=true&JigyosyoCd=2766590372-00&ServiceCd=130&Type=search", "url2": "https://ninoshima.co.jp" }, "geometry": { "type": "Point", "coordinates": [ 135.499373835581963, 34.578633186076701 ] } },
{ "type": "Feature", "properties": { "内容": "どこドア訪問看護ステーション【訪問看護】大阪府堺市北区南花田町43-10", "url": "https://www.kaigokensaku.mhlw.go.jp/27/index.php?action_kouhyou_detail_004_kani=true&JigyosyoCd=2766590604-00&ServiceCd=130&Type=search", "url2": "www.dokodoor-houkan.com" }, "geometry": { "type": "Point", "coordinates": [ 135.529794, 34.5763301 ] } },
{ "type": "Feature", "properties": { "内容": "帝人訪問看護ステーションさかい【訪問看護】大阪府堺市北区百舌鳥梅町1-14-19フォーレスト中百舌鳥401号室フォーレスト中百舌鳥401号室", "url": "https://www.kaigokensaku.mhlw.go.jp/27/index.php?action_kouhyou_detail_004_kani=true&JigyosyoCd=2766590513-00&ServiceCd=130&Type=search", "url2": "https://www.teijin-pharma.co.jp/recruit_thh/nurse/company/index.html" }, "geometry": { "type": "Point", "coordinates": [ 135.5006266, 34.553661900000016 ] } },
{ "type": "Feature", "properties": { "内容": "はーとるーぷ訪問看護ステーション【訪問看護】大阪府堺市北区百舌鳥梅町3丁11番地1第1タツミマンション103", "url": "https://www.kaigokensaku.mhlw.go.jp/27/index.php?action_kouhyou_detail_004_kani=true&JigyosyoCd=2766590166-00&ServiceCd=130&Type=search", "url2": "https://heart-loop.jp" }, "geometry": { "type": "Point", "coordinates": [ 135.503135199999946, 34.5516537 ] } },
{ "type": "Feature", "properties": { "内容": "紡訪問看護ステーション【訪問看護】大阪府堺市北区長曽根町1611ｰ1北野マンション101号室", "url": "https://www.kaigokensaku.mhlw.go.jp/27/index.php?action_kouhyou_detail_004_kani=true&JigyosyoCd=2766590521-00&ServiceCd=130&Type=search", "url2": null }, "geometry": { "type": "Point", "coordinates": [ 135.5054413, 34.5684946 ] } },
{ "type": "Feature", "properties": { "内容": "ナースステーションさくら【訪問看護】大阪府堺市北区北長尾町３－５－９ベルハイム201", "url": "https://www.kaigokensaku.mhlw.go.jp/27/index.php?action_kouhyou_detail_004_kani=true&JigyosyoCd=2766590653-00&ServiceCd=130&Type=search", "url2": null }, "geometry": { "type": "Point", "coordinates": [ 135.501029, 34.5768808 ] } },
{ "type": "Feature", "properties": { "内容": "訪問看護ステーション　ナービス堺【訪問看護】堺市北区長曽根町3082-5エンジェルズアイ301号室", "url": "https://www.kaigokensaku.mhlw.go.jp/27/index.php?action_kouhyou_detail_004_kani=true&JigyosyoCd=2766590026-00&ServiceCd=130&Type=search", "url2": "https://joylife.alsok.co.jp/" }, "geometry": { "type": "Point", "coordinates": [ 135.509212310425539, 34.557075442041146 ] } },
{ "type": "Feature", "properties": { "内容": "コーナン訪問看護ステーション【訪問看護】大阪府堺市北区南花田町258ー2金岡研修センター3階", "url": "https://www.kaigokensaku.mhlw.go.jp/27/index.php?action_kouhyou_detail_004_kani=true&JigyosyoCd=2766590596-00&ServiceCd=130&Type=search", "url2": "https://www.hc-kohnan.com/corporate/group_companies/kbi/kohnan_homenursing/" }, "geometry": { "type": "Point", "coordinates": [ 135.520984, 34.5757469 ] } },
{ "type": "Feature", "properties": { "内容": "わかば訪問看護ステーション【訪問看護】大阪府堺市北区長曽根町1467-1メディカルエイトワンビル2階201号", "url": "https://www.kaigokensaku.mhlw.go.jp/27/index.php?action_kouhyou_detail_004_kani=true&JigyosyoCd=2766590265-00&ServiceCd=130&Type=search", "url2": "http://wakaba.dan-hc.jp" }, "geometry": { "type": "Point", "coordinates": [ 135.507417926180977, 34.566687034835361 ] } },
{ "type": "Feature", "properties": { "内容": "ヴィータ訪問看護ステーション【訪問看護】大阪府堺市北区金岡町2283-3", "url": "https://www.kaigokensaku.mhlw.go.jp/27/index.php?action_kouhyou_detail_004_kani=true&JigyosyoCd=2766590422-00&ServiceCd=130&Type=search", "url2": "https://link-heart.studio.site/" }, "geometry": { "type": "Point", "coordinates": [ 135.519509535057068, 34.557126095523174 ] } },
{ "type": "Feature", "properties": { "内容": "シャークハートケア訪問看護【訪問看護】大阪府堺市北区北花田町1丁10-39", "url": "https://www.kaigokensaku.mhlw.go.jp/27/index.php?action_kouhyou_detail_004_kani=true&JigyosyoCd=2766590562-00&ServiceCd=130&Type=search", "url2": null }, "geometry": { "type": "Point", "coordinates": [ 135.51583210000004, 34.581624 ] } },
{ "type": "Feature", "properties": { "内容": "フィールド訪問看護ステーション【訪問看護】大阪府堺市北区北花田町3丁30-21", "url": "https://www.kaigokensaku.mhlw.go.jp/27/index.php?action_kouhyou_detail_004_kani=true&JigyosyoCd=2766590497-00&ServiceCd=130&Type=search", "url2": "http://hp.kaipoke.biz/3ce/" }, "geometry": { "type": "Point", "coordinates": [ 135.5172595, 34.5858532 ] } },
{ "type": "Feature", "properties": { "内容": "訪問看護ステーションひまわりの里蔵前【訪問看護】大阪府堺市北区蔵前町２丁１６番１２号", "url": "https://www.kaigokensaku.mhlw.go.jp/27/index.php?action_kouhyou_detail_004_kani=true&JigyosyoCd=2766590224-00&ServiceCd=130&Type=search", "url2": "http://www.himawarikai-or.jp/" }, "geometry": { "type": "Point", "coordinates": [ 135.5153527, 34.5754348 ] } },
{ "type": "Feature", "properties": { "内容": "りゅうじん訪問看護ステーション　しんかな【訪問看護】大阪府堺市北区奥本町1-43ＨIS北花田205", "url": "https://www.kaigokensaku.mhlw.go.jp/27/index.php?action_kouhyou_detail_004_kani=true&JigyosyoCd=2766590067-00&ServiceCd=130&Type=search", "url2": "http://www.ryujin-ns.com" }, "geometry": { "type": "Point", "coordinates": [ 135.512153949073763, 34.582692400000035 ] } },
{ "type": "Feature", "properties": { "内容": "医療法人　方佑会　植木訪問看護ステーション【訪問看護】大阪府堺市北区中百舌鳥町1-8-1", "url": "https://www.kaigokensaku.mhlw.go.jp/27/index.php?action_kouhyou_detail_004_kani=true&JigyosyoCd=2766590281-00&ServiceCd=130&Type=search", "url2": "https//uekihospital.or.jp/houmonkanngo/" }, "geometry": { "type": "Point", "coordinates": [ 135.502640700000029, 34.5609416 ] } },
{ "type": "Feature", "properties": { "内容": "ここから訪問看護ステーション【訪問看護】大阪府堺市北区長曽根町130-42S-cube316号室", "url": "https://www.kaigokensaku.mhlw.go.jp/27/index.php?action_kouhyou_detail_004_kani=true&JigyosyoCd=2766590620-00&ServiceCd=130&Type=search", "url2": "http://ofo-inc.jp" }, "geometry": { "type": "Point", "coordinates": [ 135.506780674343872, 34.558843802727978 ] } },
{ "type": "Feature", "properties": { "内容": "訪問看護ステーションみつは【訪問看護】大阪府北区中百舌鳥町1-91-19", "url": "https://www.kaigokensaku.mhlw.go.jp/27/index.php?action_kouhyou_detail_004_kani=true&JigyosyoCd=2766590638-00&ServiceCd=130&Type=search", "url2": null }, "geometry": { "type": "Point", "coordinates": [ 135.5017542, 34.5591169 ] } },
{ "type": "Feature", "properties": { "内容": "スギ訪問看護ステーション新金岡【訪問看護】大阪府堺市北区長曽根町720番地1", "url": "https://www.kaigokensaku.mhlw.go.jp/27/index.php?action_kouhyou_detail_004_kani=true&JigyosyoCd=2766590356-00&ServiceCd=130&Type=search", "url2": "https://www.sugi-hd.co.jp/med/" }, "geometry": { "type": "Point", "coordinates": [ 135.510970300000054, 34.5658997 ] } },
{ "type": "Feature", "properties": { "内容": "メディカル訪問看護ステーション【訪問看護】大阪府堺市北区百舌鳥梅町１丁1-6昭和ビル101号室", "url": "https://www.kaigokensaku.mhlw.go.jp/27/index.php?action_kouhyou_detail_004_kani=true&JigyosyoCd=2766590687-00&ServiceCd=130&Type=search", "url2": null }, "geometry": { "type": "Point", "coordinates": [ 135.4983272, 34.5549766 ] } },
{ "type": "Feature", "properties": { "内容": "訪問看護ステーション　サニー【訪問看護】大阪府堺市北区新金岡町3丁1番6-107", "url": "https://www.kaigokensaku.mhlw.go.jp/27/index.php?action_kouhyou_detail_004_kani=true&JigyosyoCd=2766590679-00&ServiceCd=130&Type=search", "url2": null }, "geometry": { "type": "Point", "coordinates": [ 135.516423800000013, 34.5707252 ] } },
{ "type": "Feature", "properties": { "内容": "訪問看護ステーション　コルディアーレ堺【訪問看護】大阪府堺市北区百舌鳥赤畑町3‐138‐1スタシオンもず2階21号室", "url": "https://www.kaigokensaku.mhlw.go.jp/27/index.php?action_kouhyou_detail_004_kani=true&JigyosyoCd=2766590695-00&ServiceCd=130&Type=search", "url2": null }, "geometry": { "type": "Point", "coordinates": [ 135.489745199999987, 34.5588096 ] } },
{ "type": "Feature", "properties": { "内容": "こころね訪問看護ステーション【訪問看護】大阪府堺市北区新金岡町五丁9番116号", "url": "https://www.kaigokensaku.mhlw.go.jp/27/index.php?action_kouhyou_detail_004_kani=true&JigyosyoCd=2766590141-00&ServiceCd=130&Type=search", "url2": null }, "geometry": { "type": "Point", "coordinates": [ 135.521566842835995, 34.56283331956643 ] } },
{ "type": "Feature", "properties": { "内容": "訪問看護ステーションZiP【訪問看護】大阪府堺市北区百舌鳥陵南町2-674-1", "url": "https://www.kaigokensaku.mhlw.go.jp/27/index.php?action_kouhyou_detail_004_kani=true&JigyosyoCd=2766590588-00&ServiceCd=130&Type=search", "url2": "http://www.one-big-family-4155.com/contact.php" }, "geometry": { "type": "Point", "coordinates": [ 135.490193, 34.5458427 ] } },
{ "type": "Feature", "properties": { "内容": "Amuru訪問看護ステーション【訪問看護】大阪府堺市北区百舌鳥陵南町2‐626センターコート・ナカモズBLD　BC‐2", "url": "https://www.kaigokensaku.mhlw.go.jp/27/index.php?action_kouhyou_detail_004_kani=true&JigyosyoCd=2766590489-00&ServiceCd=130&Type=search", "url2": null }, "geometry": { "type": "Point", "coordinates": [ 135.493085799999989, 34.5470805 ] } },
{ "type": "Feature", "properties": { "内容": "訪問看護ステーション　ONE【訪問看護】大阪府堺市北区東浅香山町2－171－2", "url": "https://www.kaigokensaku.mhlw.go.jp/27/index.php?action_kouhyou_detail_004_kani=true&JigyosyoCd=2766590729-00&ServiceCd=130&Type=search", "url2": null }, "geometry": { "type": "Point", "coordinates": [ 135.506229499999989, 34.5849331 ] } },
{ "type": "Feature", "properties": { "内容": "バジル訪問看護ステーション【訪問看護】大阪府堺市北区金岡町2270-4AKマンション103号室", "url": "https://www.kaigokensaku.mhlw.go.jp/27/index.php?action_kouhyou_detail_004_kani=true&JigyosyoCd=2766590703-00&ServiceCd=130&Type=search", "url2": null }, "geometry": { "type": "Point", "coordinates": [ 135.518946800000037, 34.556507699999976 ] } },
{ "type": "Feature", "properties": { "内容": "まある訪問看護ステーション【訪問看護】大阪府堺市美原区今井97番地", "url": "https://www.kaigokensaku.mhlw.go.jp/27/index.php?action_kouhyou_detail_004_kani=true&JigyosyoCd=2766690099-00&ServiceCd=130&Type=search", "url2": null }, "geometry": { "type": "Point", "coordinates": [ 135.551418500000011, 34.55440440000001 ] } },
{ "type": "Feature", "properties": { "内容": "訪問看護ステーション・あかり【訪問看護】大阪府堺市美原区平尾74番地1岸埜マンション201号", "url": "https://www.kaigokensaku.mhlw.go.jp/27/index.php?action_kouhyou_detail_004_kani=true&JigyosyoCd=2766690180-00&ServiceCd=130&Type=search", "url2": "https://nw-akari.co.jp/" }, "geometry": { "type": "Point", "coordinates": [ 135.572066, 34.5348945 ] } },
{ "type": "Feature", "properties": { "内容": "訪問看護ステーションぽかぽか【訪問看護】大阪府堺市美原区今井380", "url": "https://www.kaigokensaku.mhlw.go.jp/27/index.php?action_kouhyou_detail_004_kani=true&JigyosyoCd=2766690016-00&ServiceCd=130&Type=search", "url2": null }, "geometry": { "type": "Point", "coordinates": [ 135.550996199999986, 34.5561012 ] } },
{ "type": "Feature", "properties": { "内容": "訪問看護ステーション　ニコニコ【訪問看護】大阪府堺市美原区北余部40-30", "url": "https://www.kaigokensaku.mhlw.go.jp/27/index.php?action_kouhyou_detail_004_kani=true&JigyosyoCd=2766690115-00&ServiceCd=130&Type=search", "url2": "https://eaglenikoniko.com/" }, "geometry": { "type": "Point", "coordinates": [ 135.543631122090147, 34.537553729666783 ] } },
{ "type": "Feature", "properties": { "内容": "ゆう訪問看護ステーション【訪問看護】大阪府堺市美原区北余部390-2", "url": "https://www.kaigokensaku.mhlw.go.jp/27/index.php?action_kouhyou_detail_004_kani=true&JigyosyoCd=2766690065-00&ServiceCd=130&Type=search", "url2": "http://www.yuu-houkan.co.jp" }, "geometry": { "type": "Point", "coordinates": [ 135.547861159030134, 34.538713092583443 ] } },
{ "type": "Feature", "properties": { "内容": "訪問看護ステーションてんじゅ【訪問看護】大阪府堺市美原区さつき野1-5-1サンプラザショッピングセンター内", "url": "https://www.kaigokensaku.mhlw.go.jp/27/index.php?action_kouhyou_detail_004_kani=true&JigyosyoCd=2766690040-00&ServiceCd=130&Type=search", "url2": "http://www.tenjukai.or.jp/" }, "geometry": { "type": "Point", "coordinates": [ 135.5811701, 34.5331428 ] } },
{ "type": "Feature", "properties": { "内容": "医療法人暁美会田中病院外来訪問看護【訪問看護】大阪府堺市美原区黒山39番地の10", "url": "https://www.kaigokensaku.mhlw.go.jp/27/index.php?action_kouhyou_detail_004_kani=true&JigyosyoCd=2710123379-00&ServiceCd=130&Type=search", "url2": "http:/www.mihara-tanaka.or.jp" }, "geometry": { "type": "Point", "coordinates": [ 135.56204809999997, 34.5420332 ] } },
{ "type": "Feature", "properties": { "内容": "NewGate訪問看護ステーション【訪問看護】大阪府堺市美原区南余部64-1ヴィラ・ビアンカ美原107号", "url": "https://www.kaigokensaku.mhlw.go.jp/27/index.php?action_kouhyou_detail_004_kani=true&JigyosyoCd=2766690164-00&ServiceCd=130&Type=search", "url2": "https://new-gate.jp/" }, "geometry": { "type": "Point", "coordinates": [ 135.548903600000017, 34.534785 ] } },
{ "type": "Feature", "properties": { "内容": "訪問看護ステーションｆｏｒ　ｙｏｕ【訪問看護】大阪府堺市美原区太井687-2", "url": "https://www.kaigokensaku.mhlw.go.jp/27/index.php?action_kouhyou_detail_004_kani=true&JigyosyoCd=2766690024-00&ServiceCd=130&Type=search", "url2": null }, "geometry": { "type": "Point", "coordinates": [ 135.553963165124628, 34.539152539501046 ] } },
{ "type": "Feature", "properties": { "内容": "リニエ訪問看護ステーション美原【訪問看護】大阪府堺市美原区青南台2-13-22", "url": "https://www.kaigokensaku.mhlw.go.jp/27/index.php?action_kouhyou_detail_004_kani=true&JigyosyoCd=2766690172-00&ServiceCd=130&Type=search", "url2": "https://linie-group.jp/" }, "geometry": { "type": "Point", "coordinates": [ 135.5683783, 34.513262 ] } },
{ "type": "Feature", "properties": { "内容": "おひさま訪問看護ステーション北野田【訪問看護】大阪府堺市美原区南余部133番地１", "url": "https://www.kaigokensaku.mhlw.go.jp/27/index.php?action_kouhyou_detail_004_kani=true&JigyosyoCd=2766690198-00&ServiceCd=130&Type=search", "url2": "http://www.syo.or.jp" }, "geometry": { "type": "Point", "coordinates": [ 135.547603400000014, 34.5329706 ] } },
{ "type": "Feature", "properties": { "内容": "りんご訪問看護ステ－ション【訪問看護】大阪府堺市美原区小平尾889-1-2", "url": "https://www.kaigokensaku.mhlw.go.jp/27/index.php?action_kouhyou_detail_004_kani=true&JigyosyoCd=2766690123-00&ServiceCd=130&Type=search", "url2": "https://ribishin-ringo.com/carehome/" }, "geometry": { "type": "Point", "coordinates": [ 135.573331238640435, 34.539240698467935 ] } },
{ "type": "Feature", "properties": { "内容": "Shiki訪問看護ステーション【訪問看護】大阪府　岸和田市　山直中町　641-3", "url": "https://www.kaigokensaku.mhlw.go.jp/27/index.php?action_kouhyou_detail_004_kani=true&JigyosyoCd=2761191028-00&ServiceCd=130&Type=search", "url2": "https://sites.google.com/view/shiki-houmonkango" }, "geometry": { "type": "Point", "coordinates": [ 135.4371222, 34.4424121 ] } },
{ "type": "Feature", "properties": { "内容": "訪問看護ステーションパリアティブケアナース岸和田【訪問看護】大阪府岸和田市磯上町1丁目3番29号", "url": "https://www.kaigokensaku.mhlw.go.jp/27/index.php?action_kouhyou_detail_004_kani=true&JigyosyoCd=2761190699-00&ServiceCd=130&Type=search", "url2": null }, "geometry": { "type": "Point", "coordinates": [ 135.394121850787315, 34.483738308393058 ] } },
{ "type": "Feature", "properties": { "内容": "医療法人葵会　にしだＪクリニック【訪問看護】大阪府岸和田市西之内町39-44", "url": "https://www.kaigokensaku.mhlw.go.jp/27/index.php?action_kouhyou_detail_004_kani=true&JigyosyoCd=2711104170-00&ServiceCd=130&Type=search", "url2": "http://nishidaj.clinic" }, "geometry": { "type": "Point", "coordinates": [ 135.389708963159933, 34.468439816972854 ] } },
{ "type": "Feature", "properties": { "内容": "あまのかわ訪問看護ステーション【訪問看護】大阪府岸和田市春木大国町8番6号", "url": "https://www.kaigokensaku.mhlw.go.jp/27/index.php?action_kouhyou_detail_004_kani=true&JigyosyoCd=2761190616-00&ServiceCd=130&Type=search", "url2": "http://www7a.biglobe.ne.jp/~amanogawa/h-kango.html" }, "geometry": { "type": "Point", "coordinates": [ 135.382729057672123, 34.482947759142824 ] } },
{ "type": "Feature", "properties": { "内容": "医療法人　出水クリニック【訪問看護】大阪府岸和田市藤井町1丁目12番5号エアリーズ上野1階", "url": "https://www.kaigokensaku.mhlw.go.jp/27/index.php?action_kouhyou_detail_004_kani=true&JigyosyoCd=2711103735-00&ServiceCd=130&Type=search", "url2": "http://www.demizu-c.or.jp" }, "geometry": { "type": "Point", "coordinates": [ 135.385223699999983, 34.4667136 ] } },
{ "type": "Feature", "properties": { "内容": "訪問看護ステーション　かつらぎ【訪問看護】大阪府岸和田市土生町2丁目32番5号トーク岸和田オーナービル2F", "url": "https://www.kaigokensaku.mhlw.go.jp/27/index.php?action_kouhyou_detail_004_kani=true&JigyosyoCd=2761190285-00&ServiceCd=130&Type=search", "url2": "http://www.katsuragi-hosp.or.jp" }, "geometry": { "type": "Point", "coordinates": [ 135.3827784, 34.4478305 ] } },
{ "type": "Feature", "properties": { "内容": "医療法人徳洲会　岸和田徳洲会訪問看護ステーション、岸和田徳洲会訪問看護ステーションかいづか支所【訪問看護】大阪府岸和田市三田町142番地大阪府貝塚市加神1-10-8", "url": "https://www.kaigokensaku.mhlw.go.jp/27/index.php?action_kouhyou_detail_004_kani=true&JigyosyoCd=2761190061-00&ServiceCd=130&Type=search", "url2": "https://kishiwada-tokusyuuen.tokushukai.or.jp" }, "geometry": { "type": "Point", "coordinates": [ 135.431142899999941, 34.4606607 ] } },
{ "type": "Feature", "properties": { "内容": "医療法人良秀会　訪問看護ステーション　華【訪問看護】岸和田市西之内町2-13", "url": "https://www.kaigokensaku.mhlw.go.jp/27/index.php?action_kouhyou_detail_004_kani=true&JigyosyoCd=2761190012-00&ServiceCd=130&Type=search", "url2": "http://www.ryoshukai.or.jp/index.html" }, "geometry": { "type": "Point", "coordinates": [ 135.387380300000018, 34.4655313 ] } },
{ "type": "Feature", "properties": { "内容": "いちむじん訪問看護ステーション【訪問看護】大阪府岸和田市加守町2-7-13アークビル101", "url": "https://www.kaigokensaku.mhlw.go.jp/27/index.php?action_kouhyou_detail_004_kani=true&JigyosyoCd=2761190244-00&ServiceCd=130&Type=search", "url2": "http://ichimujin-nk.com/recruit" }, "geometry": { "type": "Point", "coordinates": [ 135.3849414, 34.4724248 ] } },
{ "type": "Feature", "properties": { "内容": "かえで訪問看護ステーション【訪問看護】大阪府岸和田市土生町3丁目3-8-202", "url": "https://www.kaigokensaku.mhlw.go.jp/27/index.php?action_kouhyou_detail_004_kani=true&JigyosyoCd=2761190657-00&ServiceCd=130&Type=search", "url2": "https://kaede-rsk.com" }, "geometry": { "type": "Point", "coordinates": [ 135.3827455, 34.4505929 ] } },
{ "type": "Feature", "properties": { "内容": "訪問看護ステーション「こころ」【訪問看護】大阪府岸和田市荒木町2丁目20番11号", "url": "https://www.kaigokensaku.mhlw.go.jp/27/index.php?action_kouhyou_detail_004_kani=true&JigyosyoCd=2761190335-00&ServiceCd=130&Type=search", "url2": "http://www.cocolo-310.com" }, "geometry": { "type": "Point", "coordinates": [ 135.402607451646503, 34.473128443143501 ] } },
{ "type": "Feature", "properties": { "内容": "訪問看護ステーションはなな【訪問看護】大阪府岸和田市春木若松町13番27号山忠ビル2階B室", "url": "https://www.kaigokensaku.mhlw.go.jp/27/index.php?action_kouhyou_detail_004_kani=true&JigyosyoCd=2761190434-00&ServiceCd=130&Type=search", "url2": null }, "geometry": { "type": "Point", "coordinates": [ 135.391213099999959, 34.477366 ] } },
{ "type": "Feature", "properties": { "内容": "訪問看護ステーションこた福きしわだ【訪問看護】大阪府岸和田市西之内町67-3", "url": "https://www.kaigokensaku.mhlw.go.jp/27/index.php?action_kouhyou_detail_004_kani=true&JigyosyoCd=2761190491-00&ServiceCd=130&Type=search", "url2": "http://www.kotafuku.com/" }, "geometry": { "type": "Point", "coordinates": [ 135.3952893, 34.4629995 ] } },
{ "type": "Feature", "properties": { "内容": "コリオン訪問看護ステーション【訪問看護】大阪府岸和田市南上町2-26-29", "url": "https://www.kaigokensaku.mhlw.go.jp/27/index.php?action_kouhyou_detail_004_kani=true&JigyosyoCd=2761190210-00&ServiceCd=130&Type=search", "url2": "http://korion-ds.com" }, "geometry": { "type": "Point", "coordinates": [ 135.373545599999943, 34.456937400000015 ] } },
{ "type": "Feature", "properties": { "内容": "訪問看護ステーション　だんない【訪問看護】大阪府岸和田市西之内町64番43号", "url": "https://www.kaigokensaku.mhlw.go.jp/27/index.php?action_kouhyou_detail_004_kani=true&JigyosyoCd=2761190574-00&ServiceCd=130&Type=search", "url2": "https://dannai.jp" }, "geometry": { "type": "Point", "coordinates": [ 135.393065136234185, 34.462793804869634 ] } },
{ "type": "Feature", "properties": { "内容": "パル訪問看護ステーション【訪問看護】大阪府岸和田市上松町2-2-28", "url": "https://www.kaigokensaku.mhlw.go.jp/27/index.php?action_kouhyou_detail_004_kani=true&JigyosyoCd=2761190343-00&ServiceCd=130&Type=search", "url2": "http://www.nippaku-system.co.jp/pal/home-care/" }, "geometry": { "type": "Point", "coordinates": [ 135.393391100000031, 34.453069 ] } },
{ "type": "Feature", "properties": { "内容": "訪問看護ステーション　ヤマブキ【訪問看護】大阪府岸和田市春木旭町12-61202", "url": "https://www.kaigokensaku.mhlw.go.jp/27/index.php?action_kouhyou_detail_004_kani=true&JigyosyoCd=2761190939-00&ServiceCd=130&Type=search", "url2": "https://yamabuki.pro/" }, "geometry": { "type": "Point", "coordinates": [ 135.39507530000003, 34.4751358 ] } },
{ "type": "Feature", "properties": { "内容": "てんとうむし訪問看護ステーション【訪問看護】大阪府岸和田市別所町3丁目14-24", "url": "https://www.kaigokensaku.mhlw.go.jp/27/index.php?action_kouhyou_detail_004_kani=true&JigyosyoCd=2761190640-00&ServiceCd=130&Type=search", "url2": "http://tentoumushi-st.com/" }, "geometry": { "type": "Point", "coordinates": [ 135.38480119999997, 34.46657130000002 ] } },
{ "type": "Feature", "properties": { "内容": "訪問看護ステーションジョイント【訪問看護】大阪府岸和田市土生町3丁目15番22号サバービア岸和田1階101号室", "url": "https://www.kaigokensaku.mhlw.go.jp/27/index.php?action_kouhyou_detail_004_kani=true&JigyosyoCd=2761190194-00&ServiceCd=130&Type=search", "url2": "http://www.lifeshare.co.jp/" }, "geometry": { "type": "Point", "coordinates": [ 135.383886299999972, 34.4490578 ] } },
{ "type": "Feature", "properties": { "内容": "リニエ訪問看護ステーション岸和田【訪問看護】大阪府岸和田市西之内町9-672F", "url": "https://www.kaigokensaku.mhlw.go.jp/27/index.php?action_kouhyou_detail_004_kani=true&JigyosyoCd=2761190566-00&ServiceCd=130&Type=search", "url2": "https://kanaerulink.co.jp/houmon/st-kishiwada/" }, "geometry": { "type": "Point", "coordinates": [ 135.392368600000026, 34.4615336 ] } },
{ "type": "Feature", "properties": { "内容": "あいわ園訪問看護ステーション岸和田【訪問看護】大阪府岸和田市下野町2丁目4-20", "url": "https://www.kaigokensaku.mhlw.go.jp/27/index.php?action_kouhyou_detail_004_kani=true&JigyosyoCd=2761190293-00&ServiceCd=130&Type=search", "url2": "http://aiwa-en.com" }, "geometry": { "type": "Point", "coordinates": [ 135.380330956900053, 34.473450271088872 ] } },
{ "type": "Feature", "properties": { "内容": "ひかり訪問看護ステーション【訪問看護】大阪府岸和田市南上町二丁目25番29号林ビル3階", "url": "https://www.kaigokensaku.mhlw.go.jp/27/index.php?action_kouhyou_detail_004_kani=true&JigyosyoCd=2761190863-00&ServiceCd=130&Type=search", "url2": null }, "geometry": { "type": "Point", "coordinates": [ 135.3744964, 34.452395900000035 ] } },
{ "type": "Feature", "properties": { "内容": "訪問看護ステーションNoah（ノア）【訪問看護】大阪府岸和田市土生町7丁目7-2", "url": "https://www.kaigokensaku.mhlw.go.jp/27/index.php?action_kouhyou_detail_004_kani=true&JigyosyoCd=2761190681-00&ServiceCd=130&Type=search", "url2": null }, "geometry": { "type": "Point", "coordinates": [ 135.390283799999963, 34.442617100000014 ] } },
{ "type": "Feature", "properties": { "内容": "寺田萬寿病院【訪問看護】大阪府岸和田市南上町１丁目４８番５号", "url": "https://www.kaigokensaku.mhlw.go.jp/27/index.php?action_kouhyou_detail_004_kani=true&JigyosyoCd=2711100640-00&ServiceCd=130&Type=search", "url2": "https://www.terada-manju.jp/" }, "geometry": { "type": "Point", "coordinates": [ 135.371140400000058, 34.4533545 ] } },
{ "type": "Feature", "properties": { "内容": "訪問看護ステーション愛１０１【訪問看護】大阪府岸和田市沼町21番8号エクセルビル４階", "url": "https://www.kaigokensaku.mhlw.go.jp/27/index.php?action_kouhyou_detail_004_kani=true&JigyosyoCd=2761190830-00&ServiceCd=130&Type=search", "url2": "https://ai101.co.jp/" }, "geometry": { "type": "Point", "coordinates": [ 135.3782498, 34.4644758 ] } },
{ "type": "Feature", "properties": { "内容": "のばな訪問看護ステーション【訪問看護】大阪府岸和田市五軒屋町２番１号", "url": "https://www.kaigokensaku.mhlw.go.jp/27/index.php?action_kouhyou_detail_004_kani=true&JigyosyoCd=2761190301-00&ServiceCd=130&Type=search", "url2": "https://nobana.co.jp/" }, "geometry": { "type": "Point", "coordinates": [ 135.376032278844605, 34.462663361702383 ] } },
{ "type": "Feature", "properties": { "内容": "訪問看護ステーションでいご泉州【訪問看護】大阪府岸和田市春木若松町1番28号", "url": "https://www.kaigokensaku.mhlw.go.jp/27/index.php?action_kouhyou_detail_004_kani=true&JigyosyoCd=2761190897-00&ServiceCd=130&Type=search", "url2": "https://www.getounohana.com/" }, "geometry": { "type": "Point", "coordinates": [ 135.388069738685687, 34.476536255411197 ] } },
{ "type": "Feature", "properties": { "内容": "訪問看護ステーションエニタイム【訪問看護】大阪府岸和田市今木町53－1", "url": "https://www.kaigokensaku.mhlw.go.jp/27/index.php?action_kouhyou_detail_004_kani=true&JigyosyoCd=2761190889-00&ServiceCd=130&Type=search", "url2": null }, "geometry": { "type": "Point", "coordinates": [ 135.423937, 34.465478800000014 ] } },
{ "type": "Feature", "properties": { "内容": "アクア岸和田訪問看護【訪問看護】大阪府岸和田市神須屋町3-9-13", "url": "https://www.kaigokensaku.mhlw.go.jp/27/index.php?action_kouhyou_detail_004_kani=true&JigyosyoCd=2761191010-00&ServiceCd=130&Type=search", "url2": null }, "geometry": { "type": "Point", "coordinates": [ 135.3940991, 34.4407612 ] } },
{ "type": "Feature", "properties": { "内容": "訪問看護ステーション　すいじゅの杜【訪問看護】大阪府岸和田市作才町1丁目6番6号", "url": "https://www.kaigokensaku.mhlw.go.jp/27/index.php?action_kouhyou_detail_004_kani=true&JigyosyoCd=2761191002-00&ServiceCd=130&Type=search", "url2": "https://suijyukai.jp/" }, "geometry": { "type": "Point", "coordinates": [ 135.383929200000011, 34.454897133490263 ] } },
{ "type": "Feature", "properties": { "内容": "あすてら訪問看護ステーション【訪問看護】大阪府岸和田市大町3丁目6番23号1階", "url": "https://www.kaigokensaku.mhlw.go.jp/27/index.php?action_kouhyou_detail_004_kani=true&JigyosyoCd=2761190871-00&ServiceCd=130&Type=search", "url2": "https://www.asutera.info" }, "geometry": { "type": "Point", "coordinates": [ 135.4101172, 34.4662543 ] } },
{ "type": "Feature", "properties": { "内容": "花りぼん　訪問看護ステーション【訪問看護】岸和田市宮前町10-14", "url": "https://www.kaigokensaku.mhlw.go.jp/27/index.php?action_kouhyou_detail_004_kani=true&JigyosyoCd=2761190517-00&ServiceCd=130&Type=search", "url2": "https://hanaribon.net/" }, "geometry": { "type": "Point", "coordinates": [ 135.390394932293702, 34.469073522899414 ] } },
{ "type": "Feature", "properties": { "内容": "訪問看護ステーションはる【訪問看護】大阪府岸和田市大町207番地の５", "url": "https://www.kaigokensaku.mhlw.go.jp/27/index.php?action_kouhyou_detail_004_kani=true&JigyosyoCd=2761190764-00&ServiceCd=130&Type=search", "url2": "https://haru-hokan.com" }, "geometry": { "type": "Point", "coordinates": [ 135.410657130315087, 34.463114611924844 ] } },
{ "type": "Feature", "properties": { "内容": "あん訪問看護ステーション【訪問看護】大阪府岸和田市西大路町169サンシティ西大路106号", "url": "https://www.kaigokensaku.mhlw.go.jp/27/index.php?action_kouhyou_detail_004_kani=true&JigyosyoCd=2761190715-00&ServiceCd=130&Type=search", "url2": "http://www.an-nursing.jp" }, "geometry": { "type": "Point", "coordinates": [ 135.4128259, 34.4722011 ] } },
{ "type": "Feature", "properties": { "内容": "訪問看護ステーション　さくら（桜）【訪問看護】大阪府岸和田市沼町29－18－201", "url": "https://www.kaigokensaku.mhlw.go.jp/27/index.php?action_kouhyou_detail_004_kani=true&JigyosyoCd=2761190814-00&ServiceCd=130&Type=search", "url2": "https://hirono-houkan.com/aboutus/" }, "geometry": { "type": "Point", "coordinates": [ 135.379599168057808, 34.465291484450312 ] } },
{ "type": "Feature", "properties": { "内容": "訪問看護ステーション悠【訪問看護】大阪府岸和田市上松町1588-2", "url": "https://www.kaigokensaku.mhlw.go.jp/27/index.php?action_kouhyou_detail_004_kani=true&JigyosyoCd=2761190368-00&ServiceCd=130&Type=search", "url2": "https://yu-hope.com" }, "geometry": { "type": "Point", "coordinates": [ 135.400152, 34.4446354 ] } },
{ "type": "Feature", "properties": { "内容": "訪問看護ステーション　ふじ【訪問看護】大阪府岸和田市大町407-4　ナガモトビル２階　２０３号室", "url": "https://www.kaigokensaku.mhlw.go.jp/27/index.php?action_kouhyou_detail_004_kani=true&JigyosyoCd=2761190665-00&ServiceCd=130&Type=search", "url2": null }, "geometry": { "type": "Point", "coordinates": [ 135.409519100000011, 34.4692418 ] } },
{ "type": "Feature", "properties": { "内容": "ふるーる訪問看護ステーション岸和田【訪問看護】大阪府岸和田市磯上町4－22－40ケアネット徳洲会岸和田", "url": "https://www.kaigokensaku.mhlw.go.jp/27/index.php?action_kouhyou_detail_004_kani=true&JigyosyoCd=2761190277-00&ServiceCd=130&Type=search", "url2": "http://www.care-net.co.jp/" }, "geometry": { "type": "Point", "coordinates": [ 135.394921900000014, 34.4873136 ] } },
{ "type": "Feature", "properties": { "内容": "ニューエイジ訪問看護ステーション【訪問看護】大阪府岸和田市岡山町36番地-1", "url": "https://www.kaigokensaku.mhlw.go.jp/27/index.php?action_kouhyou_detail_004_kani=true&JigyosyoCd=2761190855-00&ServiceCd=130&Type=search", "url2": "https://www.n-age.jp/" }, "geometry": { "type": "Point", "coordinates": [ 135.419378599999988, 34.4585819 ] } },
{ "type": "Feature", "properties": { "内容": "訪問看護ステーション　ＩｔＯ【訪問看護】大阪府岸和田市上松町3037番地の2", "url": "https://www.kaigokensaku.mhlw.go.jp/27/index.php?action_kouhyou_detail_004_kani=true&JigyosyoCd=2761190798-00&ServiceCd=130&Type=search", "url2": null }, "geometry": { "type": "Point", "coordinates": [ 135.3884746, 34.45282 ] } },
{ "type": "Feature", "properties": { "内容": "訪問看護ステーションひな【訪問看護】大阪府岸和田市並松町17-8", "url": "https://www.kaigokensaku.mhlw.go.jp/27/index.php?action_kouhyou_detail_004_kani=true&JigyosyoCd=2761190467-00&ServiceCd=130&Type=search", "url2": "http://r.goope.jp/hina0824" }, "geometry": { "type": "Point", "coordinates": [ 135.37637860000001, 34.4679535 ] } },
{ "type": "Feature", "properties": { "内容": "訪問看護ステーション　おひさま【訪問看護】大阪府岸和田市土生町4丁目4番30号マンション山中202号", "url": "https://www.kaigokensaku.mhlw.go.jp/27/index.php?action_kouhyou_detail_004_kani=true&JigyosyoCd=2761190954-00&ServiceCd=130&Type=search", "url2": "https://ohisamastation.crayonsite.com/" }, "geometry": { "type": "Point", "coordinates": [ 135.3868259, 34.4485143 ] } },
{ "type": "Feature", "properties": { "内容": "あまみん訪問看護ステーション【訪問看護】大阪府岸和田市上野町西　10-1", "url": "https://www.kaigokensaku.mhlw.go.jp/27/index.php?action_kouhyou_detail_004_kani=true&JigyosyoCd=2761190608-00&ServiceCd=130&Type=search", "url2": null }, "geometry": { "type": "Point", "coordinates": [ 135.3810915, 34.4678541 ] } },
{ "type": "Feature", "properties": { "内容": "訪問看護ステーション　ウィズワン【訪問看護】大阪府岸和田市土生町五丁目3番29号第一フジコーマンション4A-2", "url": "https://www.kaigokensaku.mhlw.go.jp/27/index.php?action_kouhyou_detail_004_kani=true&JigyosyoCd=2761190921-00&ServiceCd=130&Type=search", "url2": "https://with-one.jp/" }, "geometry": { "type": "Point", "coordinates": [ 135.384323599999988, 34.4462145 ] } },
{ "type": "Feature", "properties": { "内容": "MS21訪問看護ステーション【訪問看護】大阪府岸和田市上松町776-4", "url": "https://www.kaigokensaku.mhlw.go.jp/27/index.php?action_kouhyou_detail_004_kani=true&JigyosyoCd=2761190780-00&ServiceCd=130&Type=search", "url2": null }, "geometry": { "type": "Point", "coordinates": [ 135.40314864209418, 34.446030218840995 ] } },
{ "type": "Feature", "properties": { "内容": "訪問看護ほっとステーション【訪問看護】大阪府岸和田市中井町1-15-4", "url": "https://www.kaigokensaku.mhlw.go.jp/27/index.php?action_kouhyou_detail_004_kani=true&JigyosyoCd=2761190624-00&ServiceCd=130&Type=search", "url2": null }, "geometry": { "type": "Point", "coordinates": [ 135.402820259214622, 34.477023889486929 ] } },
{ "type": "Feature", "properties": { "内容": "てとて+訪問看護ステーション【訪問看護】沼町8-19", "url": "https://www.kaigokensaku.mhlw.go.jp/27/index.php?action_kouhyou_detail_004_kani=true&JigyosyoCd=2761190822-00&ServiceCd=130&Type=search", "url2": "https://tetoteplusns.wixsite.com/my-site" }, "geometry": { "type": "Point", "coordinates": [ 135.3774555, 34.4637805 ] } },
{ "type": "Feature", "properties": { "内容": "医療法人利田会　訪問看護ステーションうらら【訪問看護】大阪府岸和田市尾生町2979番地4", "url": "https://www.kaigokensaku.mhlw.go.jp/27/index.php?action_kouhyou_detail_004_kani=true&JigyosyoCd=2761190509-00&ServiceCd=130&Type=search", "url2": "http://www.kumeda-hp.or.jp/contents/kanrenshisetsu.html" }, "geometry": { "type": "Point", "coordinates": [ 135.4181656, 34.4478993 ] } },
{ "type": "Feature", "properties": { "内容": "リーブル訪問看護ステーション【訪問看護】大阪府岸和田市下池田町１－５－２", "url": "https://www.kaigokensaku.mhlw.go.jp/27/index.php?action_kouhyou_detail_004_kani=true&JigyosyoCd=2761190202-00&ServiceCd=130&Type=search", "url2": "http://www.e-lifepartner.co.jp" }, "geometry": { "type": "Point", "coordinates": [ 135.381925599999931, 34.4501524 ] } },
{ "type": "Feature", "properties": { "内容": "訪問看護ステーションティエール【訪問看護】大阪府岸和田市荒木町１丁目18番3号ティエール岸和田", "url": "https://www.kaigokensaku.mhlw.go.jp/27/index.php?action_kouhyou_detail_004_kani=true&JigyosyoCd=2761190806-00&ServiceCd=130&Type=search", "url2": "http://www.sunnyoak.co.jp/" }, "geometry": { "type": "Point", "coordinates": [ 135.397408899999988, 34.4714685 ] } },
{ "type": "Feature", "properties": { "内容": "訪問看護ステーションSolis【訪問看護】大阪府岸和田市岡山町178番地の8岡山ハイツ302号", "url": "https://www.kaigokensaku.mhlw.go.jp/27/index.php?action_kouhyou_detail_004_kani=true&JigyosyoCd=2761191069-00&ServiceCd=130&Type=search", "url2": "http://www.solis-nursingservice.com" }, "geometry": { "type": "Point", "coordinates": [ 135.426355065606657, 34.457004146514215 ] } },
{ "type": "Feature", "properties": { "内容": "むぎの手　訪問看護ステーション【訪問看護】大阪府岸和田市中井町3-1-14", "url": "https://www.kaigokensaku.mhlw.go.jp/27/index.php?action_kouhyou_detail_004_kani=true&JigyosyoCd=2761191077-00&ServiceCd=130&Type=search", "url2": "https://daynakai.com/" }, "geometry": { "type": "Point", "coordinates": [ 135.4039678, 34.4773792 ] } },
{ "type": "Feature", "properties": { "内容": "訪問看護あまね【訪問看護】大阪府豊中市庄内幸町三丁目29番13号ハイツマドレー208号", "url": "https://www.kaigokensaku.mhlw.go.jp/27/index.php?action_kouhyou_detail_004_kani=true&JigyosyoCd=2764091522-00&ServiceCd=130&Type=search", "url2": null }, "geometry": { "type": "Point", "coordinates": [ 135.468966599999987, 34.7474128 ] } },
{ "type": "Feature", "properties": { "内容": "とも訪問看護ステーション【訪問看護】大阪府豊中市春日町3丁目1-50コンラッド豊中106号", "url": "https://www.kaigokensaku.mhlw.go.jp/27/index.php?action_kouhyou_detail_004_kani=true&JigyosyoCd=2764091530-00&ServiceCd=130&Type=search", "url2": "tomo.toyonaka.amebaownd.com" }, "geometry": { "type": "Point", "coordinates": [ 135.467778399999986, 34.8113733 ] } },
{ "type": "Feature", "properties": { "内容": "エムナース訪問看護ステーション【訪問看護】大阪府豊中市上新田1-24千里中央パークヒルズM208", "url": "https://www.kaigokensaku.mhlw.go.jp/27/index.php?action_kouhyou_detail_004_kani=true&JigyosyoCd=2764091563-00&ServiceCd=130&Type=search", "url2": "https://m-nurse.jp/" }, "geometry": { "type": "Point", "coordinates": [ 135.4946268, 34.8019385 ] } },
{ "type": "Feature", "properties": { "内容": "訪問看護事業所フルライフケア豊中【訪問看護】大阪府豊中市宝山町17‐1", "url": "https://www.kaigokensaku.mhlw.go.jp/27/index.php?action_kouhyou_detail_004_kani=true&JigyosyoCd=2764091589-00&ServiceCd=130&Type=search", "url2": null }, "geometry": { "type": "Point", "coordinates": [ 135.45874139999998, 34.7776253 ] } },
{ "type": "Feature", "properties": { "内容": "はちみつ訪問看護ステーション【訪問看護】大阪府豊中市庄内東町一丁目1番5号トゥリオーニ豊中南302号室", "url": "https://www.kaigokensaku.mhlw.go.jp/27/index.php?action_kouhyou_detail_004_kani=true&JigyosyoCd=2764091183-00&ServiceCd=130&Type=search", "url2": "https://r.goope.jp/hachimitsu-v-n/" }, "geometry": { "type": "Point", "coordinates": [ 135.475699524675775, 34.752711137399459 ] } },
{ "type": "Feature", "properties": { "内容": "豊訪問看護リハビリステーション【訪問看護】大阪府豊中市玉井町2丁目13番5号スエヒロエステートイーストレジデンス", "url": "https://www.kaigokensaku.mhlw.go.jp/27/index.php?action_kouhyou_detail_004_kani=true&JigyosyoCd=2764090912-00&ServiceCd=130&Type=search", "url2": "http://hp.kaipoke.biz/c88/" }, "geometry": { "type": "Point", "coordinates": [ 135.457075700000019, 34.7879206 ] } },
{ "type": "Feature", "properties": { "内容": "スギ訪問看護ステーション曽根【訪問看護】大阪府豊中市曽根東町5-10-27ハイツ曽根東1階", "url": "https://www.kaigokensaku.mhlw.go.jp/27/index.php?action_kouhyou_detail_004_kani=true&JigyosyoCd=2764091159-00&ServiceCd=130&Type=search", "url2": "http://www.drug-sugi.co.jp/med/" }, "geometry": { "type": "Point", "coordinates": [ 135.4696884, 34.7687733 ] } },
{ "type": "Feature", "properties": { "内容": "セコム豊中訪問看護ステーション【訪問看護】大阪府豊中市本町1-4-19レグノツウラ102", "url": "https://www.kaigokensaku.mhlw.go.jp/27/index.php?action_kouhyou_detail_004_kani=true&JigyosyoCd=2764090854-00&ServiceCd=130&Type=search", "url2": "http://medical.secom.co.jp/" }, "geometry": { "type": "Point", "coordinates": [ 135.464022399999976, 34.786443 ] } },
{ "type": "Feature", "properties": { "内容": "訪問看護ファミリー・ホスピス豊中【訪問看護】大阪府豊中市穂積2丁目13番1号ファミリー・ホスピス豊中ハウス", "url": "https://www.kaigokensaku.mhlw.go.jp/27/index.php?action_kouhyou_detail_004_kani=true&JigyosyoCd=2764091217-00&ServiceCd=130&Type=search", "url2": "https://family-hospice.co.jp/" }, "geometry": { "type": "Point", "coordinates": [ 135.4699757, 34.7561117 ] } },
{ "type": "Feature", "properties": { "内容": "ももの木訪問看護リハビリステーション【訪問看護】大阪府豊中市新千里南町2丁目12-10", "url": "https://www.kaigokensaku.mhlw.go.jp/27/index.php?action_kouhyou_detail_004_kani=true&JigyosyoCd=2764090730-00&ServiceCd=130&Type=search", "url2": "https://lifeways.co.jp/" }, "geometry": { "type": "Point", "coordinates": [ 135.491548099999989, 34.7987597 ] } },
{ "type": "Feature", "properties": { "内容": "医療法人　啓明会　訪問看護ステーション　‘かぐや姫’【訪問看護】大阪府　豊中市　庄内栄町　1-8-2", "url": "https://www.kaigokensaku.mhlw.go.jp/27/index.php?action_kouhyou_detail_004_kani=true&JigyosyoCd=2764090243-00&ServiceCd=130&Type=search", "url2": "https://www.e-keimeikai.com/kaguya/" }, "geometry": { "type": "Point", "coordinates": [ 135.467768968717195, 34.751895364240006 ] } },
{ "type": "Feature", "properties": { "内容": "訪問看護ステーション　ありがとう【訪問看護】大阪府豊中市北条町四丁目９番１号", "url": "https://www.kaigokensaku.mhlw.go.jp/27/index.php?action_kouhyou_detail_004_kani=true&JigyosyoCd=2764090391-00&ServiceCd=130&Type=search", "url2": "https://sites.google.com/view/houkan-arigatou" }, "geometry": { "type": "Point", "coordinates": [ 135.48710959999994, 34.7679202 ] } },
{ "type": "Feature", "properties": { "内容": "篤友会訪問看護ステーション【訪問看護】大阪府豊中市東寺内町5-28加藤マンション201号", "url": "https://www.kaigokensaku.mhlw.go.jp/27/index.php?action_kouhyou_detail_004_kani=true&JigyosyoCd=2764090722-00&ServiceCd=130&Type=search", "url2": null }, "geometry": { "type": "Point", "coordinates": [ 135.49703142394003, 34.774430261724397 ] } },
{ "type": "Feature", "properties": { "内容": "明石医院訪問看護ステーション【訪問看護】大阪府豊中市庄内幸町３丁目１６－１４", "url": "https://www.kaigokensaku.mhlw.go.jp/27/index.php?action_kouhyou_detail_004_kani=true&JigyosyoCd=2764090797-00&ServiceCd=130&Type=search", "url2": null }, "geometry": { "type": "Point", "coordinates": [ 135.4713362, 34.7483135 ] } },
{ "type": "Feature", "properties": { "内容": "薗はじめクリニック【訪問看護】大阪府豊中市曽根東町1-11-44ビコロ曽根３階", "url": "https://www.kaigokensaku.mhlw.go.jp/27/index.php?action_kouhyou_detail_004_kani=true&JigyosyoCd=2714011471-00&ServiceCd=130&Type=search", "url2": "http://www.sonopink.com/" }, "geometry": { "type": "Point", "coordinates": [ 135.470702699999947, 34.7731863 ] } },
{ "type": "Feature", "properties": { "内容": "訪問看護ステーション　メディケアジャパン豊中【訪問看護】大阪府豊中市寺内2丁目3番15号リアライズ緑地北601号", "url": "https://www.kaigokensaku.mhlw.go.jp/27/index.php?action_kouhyou_detail_004_kani=true&JigyosyoCd=2764090748-00&ServiceCd=130&Type=search", "url2": "https://www.medicare-j.com/" }, "geometry": { "type": "Point", "coordinates": [ 135.49584440000001, 34.7780731 ] } },
{ "type": "Feature", "properties": { "内容": "よつば訪問看護ステーション【訪問看護】大阪府豊中市庄内栄町４丁目７ー１４　２階", "url": "https://www.kaigokensaku.mhlw.go.jp/27/index.php?action_kouhyou_detail_004_kani=true&JigyosyoCd=2764091050-00&ServiceCd=130&Type=search", "url2": "https://yotsuba-hokan.co.jp/" }, "geometry": { "type": "Point", "coordinates": [ 135.467048596295172, 34.745835152277323 ] } },
{ "type": "Feature", "properties": { "内容": "アーチ訪問看護ステーション【訪問看護】大阪府豊中市岡町２－１９ラクーンドッグ101号室", "url": "https://www.kaigokensaku.mhlw.go.jp/27/index.php?action_kouhyou_detail_004_kani=true&JigyosyoCd=2764090656-00&ServiceCd=130&Type=search", "url2": "https://reha-arch.com" }, "geometry": { "type": "Point", "coordinates": [ 135.465053747245776, 34.781136874837863 ] } },
{ "type": "Feature", "properties": { "内容": "えがおリハビリ訪問看護ステーション【訪問看護】大阪府豊中市庄内西町４丁目１０-７　エスポワール末広エスポワール末広1階", "url": "https://www.kaigokensaku.mhlw.go.jp/27/index.php?action_kouhyou_detail_004_kani=true&JigyosyoCd=2764090284-00&ServiceCd=130&Type=search", "url2": "http://www.egao-r.co.jp/" }, "geometry": { "type": "Point", "coordinates": [ 135.473055861903958, 34.746309373085232 ] } },
{ "type": "Feature", "properties": { "内容": "おかもと訪問看護ステーションとよなか【訪問看護】大阪府豊中市岡町南1丁目11番43号アイランド岡町201号室", "url": "https://www.kaigokensaku.mhlw.go.jp/27/index.php?action_kouhyou_detail_004_kani=true&JigyosyoCd=2764091191-00&ServiceCd=130&Type=search", "url2": "https://okamoto-hns.com/" }, "geometry": { "type": "Point", "coordinates": [ 135.465392382209018, 34.777031887571383 ] } },
{ "type": "Feature", "properties": { "内容": "訪問看護ステーションかんのん【訪問看護】大阪府豊中市新千里南町2-7-8-201", "url": "https://www.kaigokensaku.mhlw.go.jp/27/index.php?action_kouhyou_detail_004_kani=true&JigyosyoCd=2764091035-00&ServiceCd=130&Type=search", "url2": "https://kannon-care.jp" }, "geometry": { "type": "Point", "coordinates": [ 135.491241299999984, 34.796478 ] } },
{ "type": "Feature", "properties": { "内容": "訪問看護ステーション　きらり【訪問看護】大阪府豊中市千成町３－４－１－３", "url": "https://www.kaigokensaku.mhlw.go.jp/27/index.php?action_kouhyou_detail_004_kani=true&JigyosyoCd=2764090466-00&ServiceCd=130&Type=search", "url2": null }, "geometry": { "type": "Point", "coordinates": [ 135.469062200000053, 34.7374066 ] } },
{ "type": "Feature", "properties": { "内容": "えいらく訪問看護ステーション【訪問看護】大阪府豊中市春日町2-4-10-202えいらくビル2階", "url": "https://www.kaigokensaku.mhlw.go.jp/27/index.php?action_kouhyou_detail_004_kani=true&JigyosyoCd=2764090987-00&ServiceCd=130&Type=search", "url2": "http://careseeds.com/" }, "geometry": { "type": "Point", "coordinates": [ 135.4665166, 34.8100741 ] } },
{ "type": "Feature", "properties": { "内容": "かなめリハビリ訪問看護ステーション【訪問看護】大阪府豊中市服部南町2丁目5番7号", "url": "https://www.kaigokensaku.mhlw.go.jp/27/index.php?action_kouhyou_detail_004_kani=true&JigyosyoCd=2764090979-00&ServiceCd=130&Type=search", "url2": "https://sites.google.com/view/kanamehoukan?usp=sharing" }, "geometry": { "type": "Point", "coordinates": [ 135.4783167, 34.7620948 ] } },
{ "type": "Feature", "properties": { "内容": "訪問看護ステーションメディケア千里【訪問看護】大阪府豊中市上新田３－２－５第２千里ハイツ　４０２", "url": "https://www.kaigokensaku.mhlw.go.jp/27/index.php?action_kouhyou_detail_004_kani=true&JigyosyoCd=2764090565-00&ServiceCd=130&Type=search", "url2": null }, "geometry": { "type": "Point", "coordinates": [ 135.496372599999972, 34.7970475 ] } },
{ "type": "Feature", "properties": { "内容": "訪問看護ステーションソルア【訪問看護】大阪府豊中市寺内二丁目13番25-102号", "url": "https://www.kaigokensaku.mhlw.go.jp/27/index.php?action_kouhyou_detail_004_kani=true&JigyosyoCd=2764090557-00&ServiceCd=130&Type=search", "url2": "http://www.sorua.co.jp/" }, "geometry": { "type": "Point", "coordinates": [ 135.49506994057441, 34.772754679120993 ] } },
{ "type": "Feature", "properties": { "内容": "巴御前【訪問看護】大阪府豊中市服部西町二丁目5番15号", "url": "https://www.kaigokensaku.mhlw.go.jp/27/index.php?action_kouhyou_detail_004_kani=true&JigyosyoCd=2764090581-00&ServiceCd=130&Type=search", "url2": "http://papyrus1124.com/" }, "geometry": { "type": "Point", "coordinates": [ 135.471639343909573, 34.762862989172604 ] } },
{ "type": "Feature", "properties": { "内容": "訪問看護ステーションフィーロ【訪問看護】大阪府豊中市曽根東町3丁目5番3号阪急曽根ユーリプラザⅡ805号", "url": "https://www.kaigokensaku.mhlw.go.jp/27/index.php?action_kouhyou_detail_004_kani=true&JigyosyoCd=2764091126-00&ServiceCd=130&Type=search", "url2": null }, "geometry": { "type": "Point", "coordinates": [ 135.4692411, 34.7714313 ] } },
{ "type": "Feature", "properties": { "内容": "訪問看護ねこのて【訪問看護】大阪府豊中市稲津町1-1-13増田ビル２階", "url": "https://www.kaigokensaku.mhlw.go.jp/27/index.php?action_kouhyou_detail_004_kani=true&JigyosyoCd=2764091258-00&ServiceCd=130&Type=search", "url2": "https://nekonote2828.com/" }, "geometry": { "type": "Point", "coordinates": [ 135.4764049, 34.7574613 ] } },
{ "type": "Feature", "properties": { "内容": "恵ケア訪問看護リハビリステーション【訪問看護】大阪府豊中市旭丘1－12－105", "url": "https://www.kaigokensaku.mhlw.go.jp/27/index.php?action_kouhyou_detail_004_kani=true&JigyosyoCd=2764090938-00&ServiceCd=130&Type=search", "url2": "https://www.kaigo-megumicare.jp/" }, "geometry": { "type": "Point", "coordinates": [ 135.4783541, 34.7863756 ] } },
{ "type": "Feature", "properties": { "内容": "刀根山訪問看護ステーション【訪問看護】大阪府豊中市刀根山５丁目１番１号", "url": "https://www.kaigokensaku.mhlw.go.jp/27/index.php?action_kouhyou_detail_004_kani=true&JigyosyoCd=2764090045-00&ServiceCd=130&Type=search", "url2": "http://www.jvnf.or.jp" }, "geometry": { "type": "Point", "coordinates": [ 135.451277773927359, 34.793101768308169 ] } },
{ "type": "Feature", "properties": { "内容": "訪問看護ステーションＫＴＳ豊中【訪問看護】大阪府豊中市野田町18番8号", "url": "https://www.kaigokensaku.mhlw.go.jp/27/index.php?action_kouhyou_detail_004_kani=true&JigyosyoCd=2764091415-00&ServiceCd=130&Type=search", "url2": "https://ktstoyonaka.hp.peraichi.com/nokuma?_gl=1*1dyzho9*_gcl_aw*R0NMLjE3MDY3NzM3NTYuQ2p3S0NBaUFfT2V0QmhBdEVpd0FQVGVRWl8wenp4TnpEU1FvSHpYZzM2THIycGhHTDkyY3JSVElyQjR1UnZ6NHJLY09aQ01OUjZoaTZSb0NqMmdRQXZEX0J3RQ..*_gcl_au*MzY4MDUxMjY3LjE3MDY3NzM3NTY.&_ga=2.19" }, "geometry": { "type": "Point", "coordinates": [ 135.4710747, 34.7547042 ] } },
{ "type": "Feature", "properties": { "内容": "なないろ訪問看護ステーション【訪問看護】大阪府豊中市中桜塚5-7-92階", "url": "https://www.kaigokensaku.mhlw.go.jp/27/index.php?action_kouhyou_detail_004_kani=true&JigyosyoCd=2764090920-00&ServiceCd=130&Type=search", "url2": null }, "geometry": { "type": "Point", "coordinates": [ 135.4757280456422, 34.785456764412878 ] } },
{ "type": "Feature", "properties": { "内容": "あいわ訪問看護ステーション【訪問看護】大阪府豊中市寺内1丁目1番10号", "url": "https://www.kaigokensaku.mhlw.go.jp/27/index.php?action_kouhyou_detail_004_kani=true&JigyosyoCd=2764090433-00&ServiceCd=130&Type=search", "url2": "http://www.aijinkai.or.jp/cv_aiwa_houmonkango/" }, "geometry": { "type": "Point", "coordinates": [ 135.491753600000038, 34.7766165 ] } },
{ "type": "Feature", "properties": { "内容": "社会福祉法人豊中市社会福祉協議会訪問看護ステーション【訪問看護】豊中市城山町2-9-3", "url": "https://www.kaigokensaku.mhlw.go.jp/27/index.php?action_kouhyou_detail_004_kani=true&JigyosyoCd=2764090409-00&ServiceCd=130&Type=search", "url2": null }, "geometry": { "type": "Point", "coordinates": [ 135.4748069, 34.7689289 ] } },
{ "type": "Feature", "properties": { "内容": "葵訪問看護ステーション【訪問看護】大阪府豊中市庄内西町３丁目１１番１７-１０１", "url": "https://www.kaigokensaku.mhlw.go.jp/27/index.php?action_kouhyou_detail_004_kani=true&JigyosyoCd=2764091068-00&ServiceCd=130&Type=search", "url2": "https://osaka-medical.co.jp/" }, "geometry": { "type": "Point", "coordinates": [ 135.472223977211399, 34.747435538423545 ] } },
{ "type": "Feature", "properties": { "内容": "訪問看護ステーションはーとふる柴原【訪問看護】大阪府豊中市柴原町2丁目6番25号", "url": "https://www.kaigokensaku.mhlw.go.jp/27/index.php?action_kouhyou_detail_004_kani=true&JigyosyoCd=2764090664-00&ServiceCd=130&Type=search", "url2": "http://www.heartfulcare.com" }, "geometry": { "type": "Point", "coordinates": [ 135.461850969600363, 34.798644088833633 ] } },
{ "type": "Feature", "properties": { "内容": "ビジョン訪問看護ステーション【訪問看護】大阪府豊中市浜3-18-3-1", "url": "https://www.kaigokensaku.mhlw.go.jp/27/index.php?action_kouhyou_detail_004_kani=true&JigyosyoCd=2764090292-00&ServiceCd=130&Type=search", "url2": null }, "geometry": { "type": "Point", "coordinates": [ 135.482105159087155, 34.757807643306563 ] } },
{ "type": "Feature", "properties": { "内容": "医療福祉生活協同組合おおさか　豊中診療所【訪問看護】大阪府豊中市玉井町1-10-6", "url": "https://www.kaigokensaku.mhlw.go.jp/27/index.php?action_kouhyou_detail_004_kani=true&JigyosyoCd=2714009129-00&ServiceCd=130&Type=search", "url2": "https://health-coop.jp/pub/" }, "geometry": { "type": "Point", "coordinates": [ 135.460297699999956, 34.7877206 ] } },
{ "type": "Feature", "properties": { "内容": "訪問看護ステーションリヤンド豊中【訪問看護】大阪府豊中市北桜塚3丁目8-30リンデン北桜塚コーポ203号", "url": "https://www.kaigokensaku.mhlw.go.jp/27/index.php?action_kouhyou_detail_004_kani=true&JigyosyoCd=2764091399-00&ServiceCd=130&Type=search", "url2": null }, "geometry": { "type": "Point", "coordinates": [ 135.472415, 34.7841623 ] } },
{ "type": "Feature", "properties": { "内容": "訪問看護ステーションまこと【訪問看護】大阪府豊中市庄内栄町４丁目１８－３２", "url": "https://www.kaigokensaku.mhlw.go.jp/27/index.php?action_kouhyou_detail_004_kani=true&JigyosyoCd=2764090821-00&ServiceCd=130&Type=search", "url2": null }, "geometry": { "type": "Point", "coordinates": [ 135.466165398008826, 34.746728389367263 ] } },
{ "type": "Feature", "properties": { "内容": "こでまり訪問看護ステーション【訪問看護】大阪府豊中市上新田一丁目12番7号", "url": "https://www.kaigokensaku.mhlw.go.jp/27/index.php?action_kouhyou_detail_004_kani=true&JigyosyoCd=2764091084-00&ServiceCd=130&Type=search", "url2": null }, "geometry": { "type": "Point", "coordinates": [ 135.4960208, 34.8010087 ] } },
{ "type": "Feature", "properties": { "内容": "医療法人協和会　協和訪問看護ステーション【訪問看護】大阪府豊中市新千里東町1丁目4番3号地下1階", "url": "https://www.kaigokensaku.mhlw.go.jp/27/index.php?action_kouhyou_detail_004_kani=true&JigyosyoCd=2764091605-00&ServiceCd=130&Type=search", "url2": "https://www.kyowakai.com" }, "geometry": { "type": "Point", "coordinates": [ 135.496004, 34.8117782 ] } },
{ "type": "Feature", "properties": { "内容": "訪問看護ステーションIYASAKA【訪問看護】大阪府豊中市三和町二丁目2番40号IYASAKA豊中", "url": "https://www.kaigokensaku.mhlw.go.jp/27/index.php?action_kouhyou_detail_004_kani=true&JigyosyoCd=2764090946-00&ServiceCd=130&Type=search", "url2": null }, "geometry": { "type": "Point", "coordinates": [ 135.477316, 34.742107 ] } },
{ "type": "Feature", "properties": { "内容": "とよハナ訪問看護ステーション【訪問看護】大阪府豊中市熊野町２丁目３番２号レクシア熊野町１０２号室", "url": "https://www.kaigokensaku.mhlw.go.jp/27/index.php?action_kouhyou_detail_004_kani=true&JigyosyoCd=2764091555-00&ServiceCd=130&Type=search", "url2": "https://toyohana.osaka/" }, "geometry": { "type": "Point", "coordinates": [ 135.482366399999989, 34.788735 ] } },
{ "type": "Feature", "properties": { "内容": "アップル訪問看護ステーション【訪問看護】大阪府豊中市曽根西町３－１０－１", "url": "https://www.kaigokensaku.mhlw.go.jp/27/index.php?action_kouhyou_detail_004_kani=true&JigyosyoCd=2764091043-00&ServiceCd=130&Type=search", "url2": "https://apple-aoki.com/" }, "geometry": { "type": "Point", "coordinates": [ 135.4658742, 34.7730719 ] } },
{ "type": "Feature", "properties": { "内容": "平成豊中訪問看護ステーション【訪問看護】大阪府豊中市原田中１丁目１６番", "url": "https://www.kaigokensaku.mhlw.go.jp/27/index.php?action_kouhyou_detail_004_kani=true&JigyosyoCd=2764090607-00&ServiceCd=130&Type=search", "url2": null }, "geometry": { "type": "Point", "coordinates": [ 135.458488100000011, 34.7690859 ] } },
{ "type": "Feature", "properties": { "内容": "豊中わかば訪問看護ステーション【訪問看護】大阪府豊中市東豊中町５丁目13-18", "url": "https://www.kaigokensaku.mhlw.go.jp/27/index.php?action_kouhyou_detail_004_kani=true&JigyosyoCd=2764091290-00&ServiceCd=130&Type=search", "url2": "https://toyonaka.wakabakai-hp.com/" }, "geometry": { "type": "Point", "coordinates": [ 135.485440357147212, 34.793482263456518 ] } },
{ "type": "Feature", "properties": { "内容": "LiNK訪問看護ステーション【訪問看護】大阪府豊中市東豊中町5-30-28CriceNikko東豊中302", "url": "https://www.kaigokensaku.mhlw.go.jp/27/index.php?action_kouhyou_detail_004_kani=true&JigyosyoCd=2764091001-00&ServiceCd=130&Type=search", "url2": "https://linkandcompany.co.jp" }, "geometry": { "type": "Point", "coordinates": [ 135.487396648462095, 34.792374280350934 ] } },
{ "type": "Feature", "properties": { "内容": "キラットリハビリ訪問看護ステーション【訪問看護】大阪府豊中市服部元町２－１－３豊中服部ビル２０１、３０１", "url": "https://www.kaigokensaku.mhlw.go.jp/27/index.php?action_kouhyou_detail_004_kani=true&JigyosyoCd=2764090359-00&ServiceCd=130&Type=search", "url2": "http://www.kilatto-rihabiri.com" }, "geometry": { "type": "Point", "coordinates": [ 135.474871900000039, 34.7655732 ] } },
{ "type": "Feature", "properties": { "内容": "訪問看護ステーションココア豊中【訪問看護】大阪府豊中市曽根南町1丁目22-8阪急曽根ユーリプラザ102", "url": "https://www.kaigokensaku.mhlw.go.jp/27/index.php?action_kouhyou_detail_004_kani=true&JigyosyoCd=2764091373-00&ServiceCd=130&Type=search", "url2": "https://www.kango-cocoa.jp/" }, "geometry": { "type": "Point", "coordinates": [ 135.466933399999988, 34.768531300000014 ] } },
{ "type": "Feature", "properties": { "内容": "えいどう訪問看護ステーション【訪問看護】大阪府豊中市東豊中町5-4-5タルイレジデンス505号", "url": "https://www.kaigokensaku.mhlw.go.jp/27/index.php?action_kouhyou_detail_004_kani=true&JigyosyoCd=2764091274-00&ServiceCd=130&Type=search", "url2": null }, "geometry": { "type": "Point", "coordinates": [ 135.48421110000001, 34.7935363 ] } },
{ "type": "Feature", "properties": { "内容": "ニチイ訪問看護ステーション【訪問看護】大阪府豊中市服部元町二丁目６番7号シニアスク－ルポプラ服部天神301", "url": "https://www.kaigokensaku.mhlw.go.jp/27/index.php?action_kouhyou_detail_004_kani=true&JigyosyoCd=2764090649-00&ServiceCd=130&Type=search", "url2": "http://nichiinurse.com/" }, "geometry": { "type": "Point", "coordinates": [ 135.473908017957314, 34.766253220690238 ] } },
{ "type": "Feature", "properties": { "内容": "ハッピーケア豊中【訪問看護】大阪府豊中市寺内2丁目3-15リアライズ緑地北305", "url": "https://www.kaigokensaku.mhlw.go.jp/27/index.php?action_kouhyou_detail_004_kani=true&JigyosyoCd=2764090862-00&ServiceCd=130&Type=search", "url2": "https://lifecare-happylife.com/" }, "geometry": { "type": "Point", "coordinates": [ 135.495885210964843, 34.778183263727435 ] } },
{ "type": "Feature", "properties": { "内容": "緩訪問看護ステーション【訪問看護】大阪府豊中市豊南町南2丁目1番20号アートコート2階", "url": "https://www.kaigokensaku.mhlw.go.jp/27/index.php?action_kouhyou_detail_004_kani=true&JigyosyoCd=2764090995-00&ServiceCd=130&Type=search", "url2": "https://www.recreate-c.com/company" }, "geometry": { "type": "Point", "coordinates": [ 135.4791684, 34.7450899 ] } },
{ "type": "Feature", "properties": { "内容": "訪問看護ステーションアクア【訪問看護】大阪府豊中市末広町2丁目10番6-1号", "url": "https://www.kaigokensaku.mhlw.go.jp/27/index.php?action_kouhyou_detail_004_kani=true&JigyosyoCd=2764090888-00&ServiceCd=130&Type=search", "url2": null }, "geometry": { "type": "Point", "coordinates": [ 135.462949, 34.7822537 ] } },
{ "type": "Feature", "properties": { "内容": "やしのき訪問看護ステーション【訪問看護】大阪府豊中市服部元町1丁目9-14ゆたか3号館301号室", "url": "https://www.kaigokensaku.mhlw.go.jp/27/index.php?action_kouhyou_detail_004_kani=true&JigyosyoCd=2764091498-00&ServiceCd=130&Type=search", "url2": "https://www.xn--w8jta3e3dssya3nc7694fpr8cn7zbijd.com/" }, "geometry": { "type": "Point", "coordinates": [ 135.4761044, 34.7640789 ] } },
{ "type": "Feature", "properties": { "内容": "訪問看護ステーションS-CREW【訪問看護】大阪府豊中市庄内栄町二丁目2番6号2階", "url": "https://www.kaigokensaku.mhlw.go.jp/27/index.php?action_kouhyou_detail_004_kani=true&JigyosyoCd=2764091365-00&ServiceCd=130&Type=search", "url2": "https://screw-toyonaka.jp/" }, "geometry": { "type": "Point", "coordinates": [ 135.467861199999987, 34.7503898 ] } },
{ "type": "Feature", "properties": { "内容": "訪問看護ステーション　エバーケア【訪問看護】大阪府豊中市城山町１丁目９番1号", "url": "https://www.kaigokensaku.mhlw.go.jp/27/index.php?action_kouhyou_detail_004_kani=true&JigyosyoCd=2764090029-00&ServiceCd=130&Type=search", "url2": "http://www.hokuto-kai.com" }, "geometry": { "type": "Point", "coordinates": [ 135.476592099999976, 34.7703508 ] } },
{ "type": "Feature", "properties": { "内容": "ホームクリニックCELAVI【訪問看護】豊中市上野東2-17-49", "url": "https://www.kaigokensaku.mhlw.go.jp/27/index.php?action_kouhyou_detail_004_kani=true&JigyosyoCd=2714014434-00&ServiceCd=130&Type=search", "url2": "https://clinic-celavi.com/" }, "geometry": { "type": "Point", "coordinates": [ 135.476559746627032, 34.793003186597105 ] } },
{ "type": "Feature", "properties": { "内容": "訪問看護ステーションＣＩＬ豊中【訪問看護】豊中市蛍池中町2-3-1-ルシオーレB棟2階", "url": "https://www.kaigokensaku.mhlw.go.jp/27/index.php?action_kouhyou_detail_004_kani=true&JigyosyoCd=2764090326-00&ServiceCd=130&Type=search", "url2": "http://www.ciltoyonaka.com" }, "geometry": { "type": "Point", "coordinates": [ 135.449188141664081, 34.793762622577511 ] } },
{ "type": "Feature", "properties": { "内容": "虹の里　訪問看護ステーション【訪問看護】大阪府豊中市蛍池南町2-11-8セントポリア豊中202号", "url": "https://www.kaigokensaku.mhlw.go.jp/27/index.php?action_kouhyou_detail_004_kani=true&JigyosyoCd=2764090706-00&ServiceCd=130&Type=search", "url2": "http://www.senrinoie.com/" }, "geometry": { "type": "Point", "coordinates": [ 135.450834500000042, 34.788484299999979 ] } },
{ "type": "Feature", "properties": { "内容": "パナソニックエイジフリーケアセンターとよなか・訪問看護【訪問看護】大阪府豊中市本町５－６－３イーグルビル１F", "url": "https://www.kaigokensaku.mhlw.go.jp/27/index.php?action_kouhyou_detail_004_kani=true&JigyosyoCd=2764091431-00&ServiceCd=130&Type=search", "url2": "https://panasonic.co.jp/ls/paf/" }, "geometry": { "type": "Point", "coordinates": [ 135.465188899999987, 34.787381 ] } },
{ "type": "Feature", "properties": { "内容": "訪問看護ステーションRuka－ルカ－【訪問看護】大阪府豊中市上新田4-18-35桃山台岡崎ハイツ106", "url": "https://www.kaigokensaku.mhlw.go.jp/27/index.php?action_kouhyou_detail_004_kani=true&JigyosyoCd=2764091613-00&ServiceCd=130&Type=search", "url2": "https://www.instagram.com/ruka_vns.101/?hl=ja" }, "geometry": { "type": "Point", "coordinates": [ 135.5024599, 34.8002737 ] } },
{ "type": "Feature", "properties": { "内容": "訪問看護ステーションエンホープすみれ【訪問看護】大阪府豊中市宮山町1-1-48サンクレール宮山102号", "url": "https://www.kaigokensaku.mhlw.go.jp/27/index.php?action_kouhyou_detail_004_kani=true&JigyosyoCd=2764091225-00&ServiceCd=130&Type=search", "url2": "http://www.gracesumire.com" }, "geometry": { "type": "Point", "coordinates": [ 135.4638678, 34.8041114 ] } },
{ "type": "Feature", "properties": { "内容": "訪問看護ステーションあいのて【訪問看護】大阪府豊中市末広町1丁目1番7号クオーレ豊中303号", "url": "https://www.kaigokensaku.mhlw.go.jp/27/index.php?action_kouhyou_detail_004_kani=true&JigyosyoCd=2764091654-00&ServiceCd=130&Type=search", "url2": null }, "geometry": { "type": "Point", "coordinates": [ 135.4620337, 34.7865235 ] } },
{ "type": "Feature", "properties": { "内容": "訪問看護ステーションはぐくみの木【訪問看護】大阪府豊中市末広町１丁目４－６久豊荘６号室", "url": "https://www.kaigokensaku.mhlw.go.jp/27/index.php?action_kouhyou_detail_004_kani=true&JigyosyoCd=2764091647-00&ServiceCd=130&Type=search", "url2": null }, "geometry": { "type": "Point", "coordinates": [ 135.461379300000033, 34.7852004 ] } },
{ "type": "Feature", "properties": { "内容": "グッド訪問看護ステーション豊中【訪問看護】大阪府豊中市上新田1丁目16-13　東側号室", "url": "https://www.kaigokensaku.mhlw.go.jp/27/index.php?action_kouhyou_detail_004_kani=true&JigyosyoCd=2764091464-00&ServiceCd=130&Type=search", "url2": "https://good-houmonkango.com/" }, "geometry": { "type": "Point", "coordinates": [ 135.4984533, 34.8023619 ] } },
{ "type": "Feature", "properties": { "内容": "ななーる訪問看護ステーション【訪問看護】大阪府豊中市上新田３丁目6-12セントラルコートⅡ　101", "url": "https://www.kaigokensaku.mhlw.go.jp/27/index.php?action_kouhyou_detail_004_kani=true&JigyosyoCd=2764091340-00&ServiceCd=130&Type=search", "url2": "https://nana-r.jp" }, "geometry": { "type": "Point", "coordinates": [ 135.4978695, 34.7981278 ] } },
{ "type": "Feature", "properties": { "内容": "訪問看護ステーションあ・もい【訪問看護】大阪府豊中市中桜塚２丁目４番４５アリエッタ桜塚３０１号室", "url": "https://www.kaigokensaku.mhlw.go.jp/27/index.php?action_kouhyou_detail_004_kani=true&JigyosyoCd=2764091316-00&ServiceCd=130&Type=search", "url2": "https://www.hp-sp.co.jp" }, "geometry": { "type": "Point", "coordinates": [ 135.4670714, 34.7807017 ] } },
{ "type": "Feature", "properties": { "内容": "絆リハビリ訪問看護ステーション【訪問看護】大阪府豊中市曽根東町5丁目17-25シャトル5曽根101号", "url": "https://www.kaigokensaku.mhlw.go.jp/27/index.php?action_kouhyou_detail_004_kani=true&JigyosyoCd=2764090516-00&ServiceCd=130&Type=search", "url2": "http://www.kizuna-station.jp/" }, "geometry": { "type": "Point", "coordinates": [ 135.47382970000001, 34.7688413 ] } },
{ "type": "Feature", "properties": { "内容": "緑地公園訪問看護ステーション【訪問看護】大阪府豊中市寺内2-11-27グレースフルハイツ２号館101号", "url": "https://www.kaigokensaku.mhlw.go.jp/27/index.php?action_kouhyou_detail_004_kani=true&JigyosyoCd=2764090508-00&ServiceCd=130&Type=search", "url2": "https://www.ryokuchi2012.com" }, "geometry": { "type": "Point", "coordinates": [ 135.493298555207957, 34.772741529865215 ] } },
{ "type": "Feature", "properties": { "内容": "りんごの木訪問看護ステーション【訪問看護】大阪府豊中市春日町4-3-20春日ハイツA棟201", "url": "https://www.kaigokensaku.mhlw.go.jp/27/index.php?action_kouhyou_detail_004_kani=true&JigyosyoCd=2764091696-00&ServiceCd=130&Type=search", "url2": "https://ringono-ki.com/" }, "geometry": { "type": "Point", "coordinates": [ 135.4694833, 34.8135085 ] } },
{ "type": "Feature", "properties": { "内容": "訪問看護ステーションわか【訪問看護】大阪府豊中市東豊中町5丁目11ー1西谷第2ハイツ402号", "url": "https://www.kaigokensaku.mhlw.go.jp/27/index.php?action_kouhyou_detail_004_kani=true&JigyosyoCd=2764091480-00&ServiceCd=130&Type=search", "url2": null }, "geometry": { "type": "Point", "coordinates": [ 135.4848445, 34.7934831 ] } },
{ "type": "Feature", "properties": { "内容": "あったかリハビリ訪問看護ステーション【訪問看護】大阪府豊中市岡上の町3丁目6-12", "url": "https://www.kaigokensaku.mhlw.go.jp/27/index.php?action_kouhyou_detail_004_kani=true&JigyosyoCd=2764090474-00&ServiceCd=130&Type=search", "url2": "http://attaka-0001-toyonaka.biz/" }, "geometry": { "type": "Point", "coordinates": [ 135.464355077849405, 34.785376643231544 ] } },
{ "type": "Feature", "properties": { "内容": "豊中訪問ナースワトソンくん【訪問看護】上野西1丁目8-17エルパティオ203号", "url": "https://www.kaigokensaku.mhlw.go.jp/27/index.php?action_kouhyou_detail_004_kani=true&JigyosyoCd=2764091670-00&ServiceCd=130&Type=search", "url2": "https://watsonkun.net/company/" }, "geometry": { "type": "Point", "coordinates": [ 135.4722663, 34.7928916 ] } },
{ "type": "Feature", "properties": { "内容": "CLASWELL　豊中北桜塚訪問看護ステーション【訪問看護】大阪府豊中市北桜塚2丁目4番10号", "url": "https://www.kaigokensaku.mhlw.go.jp/27/index.php?action_kouhyou_detail_004_kani=true&JigyosyoCd=2764091704-00&ServiceCd=130&Type=search", "url2": null }, "geometry": { "type": "Point", "coordinates": [ 135.4668096, 34.7851379 ] } },
{ "type": "Feature", "properties": { "内容": "にじいろこころ訪問看護ステーション【訪問看護】大阪府豊中市上野坂2-21-1ソシアD2-1C号室", "url": "https://www.kaigokensaku.mhlw.go.jp/27/index.php?action_kouhyou_detail_004_kani=true&JigyosyoCd=2764091639-00&ServiceCd=130&Type=search", "url2": "https://nijicoco.net/" }, "geometry": { "type": "Point", "coordinates": [ 135.473264300000011, 34.8025241 ] } },
{ "type": "Feature", "properties": { "内容": "関西メディカル訪問看護ステーション【訪問看護】大阪府豊中市新千里西町1-1-8第一火災千里中央ビル　1F", "url": "https://www.kaigokensaku.mhlw.go.jp/27/index.php?action_kouhyou_detail_004_kani=true&JigyosyoCd=2764090060-00&ServiceCd=130&Type=search", "url2": "https://kansaimedical-hp.jp/" }, "geometry": { "type": "Point", "coordinates": [ 135.490775891957128, 34.808009648541905 ] } },
{ "type": "Feature", "properties": { "内容": "訪問看護ステーション　コルディアーレ豊中【訪問看護】大阪府豊中市庄内東町2丁目1番2号HeaRthOneBLDG501号室", "url": "https://www.kaigokensaku.mhlw.go.jp/27/index.php?action_kouhyou_detail_004_kani=true&JigyosyoCd=2764091621-00&ServiceCd=130&Type=search", "url2": "https://www.jsh-japan.jp/ir/stock/" }, "geometry": { "type": "Point", "coordinates": [ 135.476086, 34.7494932 ] } },
{ "type": "Feature", "properties": { "内容": "こころ絵訪問看護ステーション【訪問看護】大阪府豊中市庄本町1-3-10", "url": "https://www.kaigokensaku.mhlw.go.jp/27/index.php?action_kouhyou_detail_004_kani=true&JigyosyoCd=2764091688-00&ServiceCd=130&Type=search", "url2": "http://cocoroe-toyonaka.com/station" }, "geometry": { "type": "Point", "coordinates": [ 135.461102800812228, 34.743261559916824 ] } },
{ "type": "Feature", "properties": { "内容": "いまじんナースステーション【訪問看護】大阪府池田市石橋１丁目3番1号", "url": "https://www.kaigokensaku.mhlw.go.jp/27/index.php?action_kouhyou_detail_004_kani=true&JigyosyoCd=2762590293-00&ServiceCd=130&Type=search", "url2": "https://www.imagin0106.com" }, "geometry": { "type": "Point", "coordinates": [ 135.444896300000011, 34.8084478 ] } },
{ "type": "Feature", "properties": { "内容": "株式会社正五会訪問看護ステーション【訪問看護】大阪府池田市東山町612-1", "url": "https://www.kaigokensaku.mhlw.go.jp/27/index.php?action_kouhyou_detail_004_kani=true&JigyosyoCd=2762590301-00&ServiceCd=130&Type=search", "url2": null }, "geometry": { "type": "Point", "coordinates": [ 135.442744800000014, 34.8460254 ] } },
{ "type": "Feature", "properties": { "内容": "巽病院訪問看護ステーション【訪問看護】大阪府池田市天神1-5-22", "url": "https://www.kaigokensaku.mhlw.go.jp/27/index.php?action_kouhyou_detail_004_kani=true&JigyosyoCd=2762590137-00&ServiceCd=130&Type=search", "url2": "http://www.mcsyl.com/" }, "geometry": { "type": "Point", "coordinates": [ 135.442819251589981, 34.809045391966436 ] } },
{ "type": "Feature", "properties": { "内容": "回生病院訪問看護ステーション　さくら【訪問看護】大阪府池田市建石町８番４７号", "url": "https://www.kaigokensaku.mhlw.go.jp/27/index.php?action_kouhyou_detail_004_kani=true&JigyosyoCd=2762590038-00&ServiceCd=130&Type=search", "url2": "http://www.ikedakaisei-hp.com/" }, "geometry": { "type": "Point", "coordinates": [ 135.4297742, 34.8258825 ] } },
{ "type": "Feature", "properties": { "内容": "アットホーム訪問看護ステーション池田【訪問看護】大阪府池田市城南二丁目7番1号-302号", "url": "https://www.kaigokensaku.mhlw.go.jp/27/index.php?action_kouhyou_detail_004_kani=true&JigyosyoCd=2762590111-00&ServiceCd=130&Type=search", "url2": "https://www.athomeweb.net" }, "geometry": { "type": "Point", "coordinates": [ 135.428056451251507, 34.820425739395247 ] } },
{ "type": "Feature", "properties": { "内容": "リライトリハビリ訪問看護ステーション【訪問看護】大阪府池田市満寿美町13-7グリーン池田1階1.2号室", "url": "https://www.kaigokensaku.mhlw.go.jp/27/index.php?action_kouhyou_detail_004_kani=true&JigyosyoCd=2762590145-00&ServiceCd=130&Type=search", "url2": "https//relight-cf.com" }, "geometry": { "type": "Point", "coordinates": [ 135.4264081, 34.8161222 ] } },
{ "type": "Feature", "properties": { "内容": "やわらリハビリ訪問看護ステーション【訪問看護】大阪府池田市石橋2丁目14番11号YAWARAビル2Ｆ", "url": "https://www.kaigokensaku.mhlw.go.jp/27/index.php?action_kouhyou_detail_004_kani=true&JigyosyoCd=2762590186-00&ServiceCd=130&Type=search", "url2": "http://yawara.life" }, "geometry": { "type": "Point", "coordinates": [ 135.447952230624765, 34.808355777363701 ] } },
{ "type": "Feature", "properties": { "内容": "いけだ訪看ふじのはな【訪問看護】大阪府池田市古江町18番地の2", "url": "https://www.kaigokensaku.mhlw.go.jp/27/index.php?action_kouhyou_detail_004_kani=true&JigyosyoCd=2762590210-00&ServiceCd=130&Type=search", "url2": "http://www.nozomi-care.Jp" }, "geometry": { "type": "Point", "coordinates": [ 135.42715050000001, 34.8533226 ] } },
{ "type": "Feature", "properties": { "内容": "訪問看護ステーションＳＡＴＯ【訪問看護】大阪府池田市荘園２丁目５番１４号", "url": "https://www.kaigokensaku.mhlw.go.jp/27/index.php?action_kouhyou_detail_004_kani=true&JigyosyoCd=2762590095-00&ServiceCd=130&Type=search", "url2": "https://ikeda-sinkyu-sato.net/houkan/index.html" }, "geometry": { "type": "Point", "coordinates": [ 135.438331268064417, 34.808201408372206 ] } },
{ "type": "Feature", "properties": { "内容": "利楽心訪問看護ステーション【訪問看護】大阪府池田市室町5-21", "url": "https://www.kaigokensaku.mhlw.go.jp/27/index.php?action_kouhyou_detail_004_kani=true&JigyosyoCd=2762590152-00&ServiceCd=130&Type=search", "url2": "http://www.rirakushin.co.jp" }, "geometry": { "type": "Point", "coordinates": [ 135.421715386842038, 34.820692875116222 ] } },
{ "type": "Feature", "properties": { "内容": "フリーステーション訪問看護ステーション【訪問看護】大阪府池田市新町3番12号", "url": "https://www.kaigokensaku.mhlw.go.jp/27/index.php?action_kouhyou_detail_004_kani=true&JigyosyoCd=2762590129-00&ServiceCd=130&Type=search", "url2": "http://www.free-st.jp" }, "geometry": { "type": "Point", "coordinates": [ 135.424130200000036, 34.8283266 ] } },
{ "type": "Feature", "properties": { "内容": "めぐみ訪問看護ステーション【訪問看護】大阪府池田市畑5-7-23", "url": "https://www.kaigokensaku.mhlw.go.jp/27/index.php?action_kouhyou_detail_004_kani=true&JigyosyoCd=2762590087-00&ServiceCd=130&Type=search", "url2": "megumi-tosun.com/" }, "geometry": { "type": "Point", "coordinates": [ 135.450835899999987, 34.8340482 ] } },
{ "type": "Feature", "properties": { "内容": "アステル訪問看護ステーション【訪問看護】大阪府吹田市千里山東1-7-31アペックスシティーV205", "url": "https://www.kaigokensaku.mhlw.go.jp/27/index.php?action_kouhyou_detail_004_kani=true&JigyosyoCd=2761691225-00&ServiceCd=130&Type=search", "url2": null }, "geometry": { "type": "Point", "coordinates": [ 135.50692140000001, 34.7732483 ] } },
{ "type": "Feature", "properties": { "内容": "訪問看護ステーションGTLナーシングサービス千里ひなたが丘【訪問看護】大阪府吹田市千里丘西15-20", "url": "https://www.kaigokensaku.mhlw.go.jp/27/index.php?action_kouhyou_detail_004_kani=true&JigyosyoCd=2761691159-00&ServiceCd=130&Type=search", "url2": null }, "geometry": { "type": "Point", "coordinates": [ 135.542374700000011, 34.7962135 ] } },
{ "type": "Feature", "properties": { "内容": "クレド訪問看護ステーション吹田【訪問看護】大阪府吹田市千里丘上14－39千里ミノルハイツ202", "url": "https://www.kaigokensaku.mhlw.go.jp/27/index.php?action_kouhyou_detail_004_kani=true&JigyosyoCd=2761691142-00&ServiceCd=130&Type=search", "url2": "https://clefdor1.com/" }, "geometry": { "type": "Point", "coordinates": [ 135.5514738, 34.7950574 ] } },
{ "type": "Feature", "properties": { "内容": "訪問看護ステーションいと【訪問看護】大阪府吹田市竹見台3丁目6番25号", "url": "https://www.kaigokensaku.mhlw.go.jp/27/index.php?action_kouhyou_detail_004_kani=true&JigyosyoCd=2761690698-00&ServiceCd=130&Type=search", "url2": "https://www.ito-t.com/" }, "geometry": { "type": "Point", "coordinates": [ 135.501263900000026, 34.7945949 ] } },
{ "type": "Feature", "properties": { "内容": "あいぜん診療所【訪問看護】大阪府吹田市山田東1-36-1ライオンズマンション105号", "url": "https://www.kaigokensaku.mhlw.go.jp/27/index.php?action_kouhyou_detail_004_kani=true&JigyosyoCd=2711607297-00&ServiceCd=130&Type=search", "url2": "http://www.myclinic.ne.jp/aizen/" }, "geometry": { "type": "Point", "coordinates": [ 135.535183, 34.7979815 ] } },
{ "type": "Feature", "properties": { "内容": "垂水訪問看護ステーション【訪問看護】大阪府吹田市垂水町3－19－5", "url": "https://www.kaigokensaku.mhlw.go.jp/27/index.php?action_kouhyou_detail_004_kani=true&JigyosyoCd=2761690094-00&ServiceCd=130&Type=search", "url2": "http://www.daiwakai.or.jp" }, "geometry": { "type": "Point", "coordinates": [ 135.503625, 34.7609437 ] } },
{ "type": "Feature", "properties": { "内容": "医療法人京優会　北摂三木病院【訪問看護】大阪府吹田市岸部中4丁目25番6号", "url": "https://www.kaigokensaku.mhlw.go.jp/27/index.php?action_kouhyou_detail_004_kani=true&JigyosyoCd=2711608121-00&ServiceCd=130&Type=search", "url2": "https://ortho-g.co.jp/kyoyukai/hokusetumikihospital/" }, "geometry": { "type": "Point", "coordinates": [ 135.537030299999969, 34.7832366 ] } },
{ "type": "Feature", "properties": { "内容": "俊和会さつき訪問看護ステーション【訪問看護】吹田市竹見台3-6-12", "url": "https://www.kaigokensaku.mhlw.go.jp/27/index.php?action_kouhyou_detail_004_kani=true&JigyosyoCd=2761690086-00&ServiceCd=130&Type=search", "url2": "http://syunwa-satsuki.medicoop.ne.jp" }, "geometry": { "type": "Point", "coordinates": [ 135.501208670174009, 34.794186308809913 ] } },
{ "type": "Feature", "properties": { "内容": "整友会訪問看護ステーション【訪問看護】大阪府吹田市岸部北3-1-26", "url": "https://www.kaigokensaku.mhlw.go.jp/27/index.php?action_kouhyou_detail_004_kani=true&JigyosyoCd=2761690623-00&ServiceCd=130&Type=search", "url2": "https://www.seiyukai.jp" }, "geometry": { "type": "Point", "coordinates": [ 135.534005400000069, 34.7802697 ] } },
{ "type": "Feature", "properties": { "内容": "かなでるリハビリ訪問看護ステーション【訪問看護】大阪府吹田市垂水町1丁目60番28号コリーヌ江坂205号", "url": "https://www.kaigokensaku.mhlw.go.jp/27/index.php?action_kouhyou_detail_004_kani=true&JigyosyoCd=2761690540-00&ServiceCd=130&Type=search", "url2": "http://kyoyusha.or.jp/" }, "geometry": { "type": "Point", "coordinates": [ 135.498937299999966, 34.767418 ] } },
{ "type": "Feature", "properties": { "内容": "さくら訪問看護ステーション【訪問看護】大阪府吹田市原町1丁目４番17号2階", "url": "https://www.kaigokensaku.mhlw.go.jp/27/index.php?action_kouhyou_detail_004_kani=true&JigyosyoCd=2761690441-00&ServiceCd=130&Type=search", "url2": null }, "geometry": { "type": "Point", "coordinates": [ 135.529258600000048, 34.7724568 ] } },
{ "type": "Feature", "properties": { "内容": "トライ訪問看護ステーション【訪問看護】大阪府吹田市江の木町5番8号マイダビル502", "url": "https://www.kaigokensaku.mhlw.go.jp/27/index.php?action_kouhyou_detail_004_kani=true&JigyosyoCd=2761690599-00&ServiceCd=130&Type=search", "url2": "http://trynurse.com" }, "geometry": { "type": "Point", "coordinates": [ 135.4946478, 34.7563657 ] } },
{ "type": "Feature", "properties": { "内容": "プリズム千里山訪問看護ステーション【訪問看護】大阪府吹田市千里山月が丘17-11", "url": "https://www.kaigokensaku.mhlw.go.jp/27/index.php?action_kouhyou_detail_004_kani=true&JigyosyoCd=2761691126-00&ServiceCd=130&Type=search", "url2": "https://www.prism-nursing.com/" }, "geometry": { "type": "Point", "coordinates": [ 135.5094274, 34.7826503 ] } },
{ "type": "Feature", "properties": { "内容": "訪問看護ステーションあかつき【訪問看護】大阪府吹田市津雲台4-2-5", "url": "https://www.kaigokensaku.mhlw.go.jp/27/index.php?action_kouhyou_detail_004_kani=true&JigyosyoCd=2761690938-00&ServiceCd=130&Type=search", "url2": "https://www.akatuki-care.com/" }, "geometry": { "type": "Point", "coordinates": [ 135.5080883, 34.8010809 ] } },
{ "type": "Feature", "properties": { "内容": "千里山訪問看護ステーション【訪問看護】大阪府吹田市千里山東１丁目7-20号　岡本ビル２階", "url": "https://www.kaigokensaku.mhlw.go.jp/27/index.php?action_kouhyou_detail_004_kani=true&JigyosyoCd=2761690797-00&ServiceCd=130&Type=search", "url2": "http://kaigo-angel.co.jp/" }, "geometry": { "type": "Point", "coordinates": [ 135.506041631352247, 34.773161517635103 ] } },
{ "type": "Feature", "properties": { "内容": "株式会社ケア21メディカル　訪問看護ステーション　ぴ～す吹田【訪問看護】大阪府吹田市豊津町18-36エタニ第２ビル401号室", "url": "https://www.kaigokensaku.mhlw.go.jp/27/index.php?action_kouhyou_detail_004_kani=true&JigyosyoCd=2761691027-00&ServiceCd=130&Type=search", "url2": "https://medical.care21.co.jp/" }, "geometry": { "type": "Point", "coordinates": [ 135.492562600000014, 34.7585445 ] } },
{ "type": "Feature", "properties": { "内容": "訪問看護ステーション日彩【訪問看護】大阪府吹田市山田東1−14−20　3F", "url": "https://www.kaigokensaku.mhlw.go.jp/27/index.php?action_kouhyou_detail_004_kani=true&JigyosyoCd=2761691167-00&ServiceCd=130&Type=search", "url2": "https://hiiro.sakura.ne.jp" }, "geometry": { "type": "Point", "coordinates": [ 135.530846255819682, 34.796620913756783 ] } },
{ "type": "Feature", "properties": { "内容": "訪問看護ステーションー結びー【訪問看護】大阪府吹田市南金田1-2-20マイトリーハイム405", "url": "https://www.kaigokensaku.mhlw.go.jp/27/index.php?action_kouhyou_detail_004_kani=true&JigyosyoCd=2761690755-00&ServiceCd=130&Type=search", "url2": "https://houmonkangost-musubi.com/" }, "geometry": { "type": "Point", "coordinates": [ 135.506965, 34.7571571 ] } },
{ "type": "Feature", "properties": { "内容": "リード訪問看護ステーション【訪問看護】大阪府吹田市青山台二丁目1番1号2階", "url": "https://www.kaigokensaku.mhlw.go.jp/27/index.php?action_kouhyou_detail_004_kani=true&JigyosyoCd=2761690557-00&ServiceCd=130&Type=search", "url2": "http://care-net.biz/27/jst-lead/" }, "geometry": { "type": "Point", "coordinates": [ 135.505190699999957, 34.8218479 ] } },
{ "type": "Feature", "properties": { "内容": "いま訪問看護リハビリステーション【訪問看護】大阪府吹田市青葉丘南6-9-103パルプラザ青葉丘", "url": "https://www.kaigokensaku.mhlw.go.jp/27/index.php?action_kouhyou_detail_004_kani=true&JigyosyoCd=2761690490-00&ServiceCd=130&Type=search", "url2": "https://nurse-care.jp/" }, "geometry": { "type": "Point", "coordinates": [ 135.5499993, 34.8073647 ] } },
{ "type": "Feature", "properties": { "内容": "訪問看護ステーション　ナーセラ【訪問看護】大阪府吹田市山田北15-5ロイヤル塚脇2号館308号", "url": "https://www.kaigokensaku.mhlw.go.jp/27/index.php?action_kouhyou_detail_004_kani=true&JigyosyoCd=2761690417-00&ServiceCd=130&Type=search", "url2": "http://nurthera.com" }, "geometry": { "type": "Point", "coordinates": [ 135.518230217196702, 34.807565271758946 ] } },
{ "type": "Feature", "properties": { "内容": "ニチイケアセンター北千里訪問看護ステーション【訪問看護】大阪府吹田市古江台四丁目2番25－202号", "url": "https://www.kaigokensaku.mhlw.go.jp/27/index.php?action_kouhyou_detail_004_kani=true&JigyosyoCd=2761690383-00&ServiceCd=130&Type=search", "url2": "https://www.nichiigakkan.co.jp/" }, "geometry": { "type": "Point", "coordinates": [ 135.5101654, 34.8191871 ] } },
{ "type": "Feature", "properties": { "内容": "訪問看護ステーションメディケアジャパン吹田【訪問看護】大阪府吹田市五月が丘西3番24号メイカーサ千里パートⅠ205号", "url": "https://www.kaigokensaku.mhlw.go.jp/27/index.php?action_kouhyou_detail_004_kani=true&JigyosyoCd=2761690854-00&ServiceCd=130&Type=search", "url2": null }, "geometry": { "type": "Point", "coordinates": [ 135.5217721, 34.7875081 ] } },
{ "type": "Feature", "properties": { "内容": "リハビリ本舗あっぷる訪問看護ステーション【訪問看護】大阪府吹田市片山町4－1－2", "url": "https://www.kaigokensaku.mhlw.go.jp/27/index.php?action_kouhyou_detail_004_kani=true&JigyosyoCd=2761690250-00&ServiceCd=130&Type=search", "url2": "http://www.reha-honpo.jp/" }, "geometry": { "type": "Point", "coordinates": [ 135.524538372591451, 34.767335099499704 ] } },
{ "type": "Feature", "properties": { "内容": "まぁぶる訪問看護ステーション【訪問看護】大阪府吹田市日の出町2番1号", "url": "https://www.kaigokensaku.mhlw.go.jp/27/index.php?action_kouhyou_detail_004_kani=true&JigyosyoCd=2761690748-00&ServiceCd=130&Type=search", "url2": "https://www.hemel.co.jp" }, "geometry": { "type": "Point", "coordinates": [ 135.530973499999959, 34.7634698 ] } },
{ "type": "Feature", "properties": { "内容": "ほっとハート訪問看護ステーション【訪問看護】大阪府吹田市岸部北5丁目44番7号", "url": "https://www.kaigokensaku.mhlw.go.jp/27/index.php?action_kouhyou_detail_004_kani=true&JigyosyoCd=2761690342-00&ServiceCd=130&Type=search", "url2": null }, "geometry": { "type": "Point", "coordinates": [ 135.532357312689243, 34.7867018901118 ] } },
{ "type": "Feature", "properties": { "内容": "せせらぎ訪問看護ステーション【訪問看護】大阪府吹田市泉町２丁目25-15", "url": "https://www.kaigokensaku.mhlw.go.jp/27/index.php?action_kouhyou_detail_004_kani=true&JigyosyoCd=2761690516-00&ServiceCd=130&Type=search", "url2": "http://www.medical-ss.co.jp" }, "geometry": { "type": "Point", "coordinates": [ 135.513052, 34.7609773 ] } },
{ "type": "Feature", "properties": { "内容": "吹田いずみ訪問看護ステーション【訪問看護】大阪府吹田市昭和町23-8キープロハイツ103", "url": "https://www.kaigokensaku.mhlw.go.jp/27/index.php?action_kouhyou_detail_004_kani=true&JigyosyoCd=2761691019-00&ServiceCd=130&Type=search", "url2": null }, "geometry": { "type": "Point", "coordinates": [ 135.5270588, 34.7655848 ] } },
{ "type": "Feature", "properties": { "内容": "ライム訪問看護ステーション【訪問看護】大阪府吹田市垂水町２丁目２番９号常陽第一ガーデンハイツ１０１", "url": "https://www.kaigokensaku.mhlw.go.jp/27/index.php?action_kouhyou_detail_004_kani=true&JigyosyoCd=2761690219-00&ServiceCd=130&Type=search", "url2": "http://lime-kango.com/" }, "geometry": { "type": "Point", "coordinates": [ 135.508489147360251, 34.763270966659725 ] } },
{ "type": "Feature", "properties": { "内容": "かがやき訪問看護ステーション【訪問看護】大阪府吹田市朝日町23-14blancビル2F", "url": "https://www.kaigokensaku.mhlw.go.jp/27/index.php?action_kouhyou_detail_004_kani=true&JigyosyoCd=2761690573-00&ServiceCd=130&Type=search", "url2": "https://kagayaki-hd.com" }, "geometry": { "type": "Point", "coordinates": [ 135.5261285, 34.7606862 ] } },
{ "type": "Feature", "properties": { "内容": "美咲訪問看護ステーション【訪問看護】大阪府吹田市千里山霧が丘２２－２千里山駅前山下ビル２F", "url": "https://www.kaigokensaku.mhlw.go.jp/27/index.php?action_kouhyou_detail_004_kani=true&JigyosyoCd=2761690227-00&ServiceCd=130&Type=search", "url2": "https://nurse-misaki.jimdofree.com/" }, "geometry": { "type": "Point", "coordinates": [ 135.505841800000013, 34.77894460000001 ] } },
{ "type": "Feature", "properties": { "内容": "千里津雲台訪問看護ステーション【訪問看護】大阪府吹田市津雲台４丁目１－２３津雲台鍬開ビル２階", "url": "https://www.kaigokensaku.mhlw.go.jp/27/index.php?action_kouhyou_detail_004_kani=true&JigyosyoCd=2761690102-00&ServiceCd=130&Type=search", "url2": null }, "geometry": { "type": "Point", "coordinates": [ 135.508041, 34.8002253 ] } },
{ "type": "Feature", "properties": { "内容": "訪問看護ステーションあいかわ【訪問看護】大阪府吹田市南高浜町32-19", "url": "https://www.kaigokensaku.mhlw.go.jp/27/index.php?action_kouhyou_detail_004_kani=true&JigyosyoCd=2761690813-00&ServiceCd=130&Type=search", "url2": "https://aikawabyouin.com/" }, "geometry": { "type": "Point", "coordinates": [ 135.531309, 34.7591101 ] } },
{ "type": "Feature", "properties": { "内容": "訪問看護ステーションN−Plus千里【訪問看護】大阪府吹田市古江台2−10−1メゾン北千里205号", "url": "https://www.kaigokensaku.mhlw.go.jp/27/index.php?action_kouhyou_detail_004_kani=true&JigyosyoCd=2761690615-00&ServiceCd=130&Type=search", "url2": "http://gwl.co.jp" }, "geometry": { "type": "Point", "coordinates": [ 135.508245779762262, 34.816131326820638 ] } },
{ "type": "Feature", "properties": { "内容": "ＳＯＲＡ訪問看護ステーション【訪問看護】大阪府吹田市千里山西1-25-21ストロングハイツ1階", "url": "https://www.kaigokensaku.mhlw.go.jp/27/index.php?action_kouhyou_detail_004_kani=true&JigyosyoCd=2761690672-00&ServiceCd=130&Type=search", "url2": "https://www.sorakango.com/" }, "geometry": { "type": "Point", "coordinates": [ 135.505458421509445, 34.774184684216934 ] } },
{ "type": "Feature", "properties": { "内容": "どんぐり訪問看護ステーション【訪問看護】大阪府吹田市山田西1丁目26-16亥の子谷岡本マンション301号", "url": "https://www.kaigokensaku.mhlw.go.jp/27/index.php?action_kouhyou_detail_004_kani=true&JigyosyoCd=2761691100-00&ServiceCd=130&Type=search", "url2": null }, "geometry": { "type": "Point", "coordinates": [ 135.5294168, 34.7897927 ] } },
{ "type": "Feature", "properties": { "内容": "きずな訪問看護ステーション【訪問看護】吹田市千里山東４丁目８番２１号グランシャリオ１０２号", "url": "https://www.kaigokensaku.mhlw.go.jp/27/index.php?action_kouhyou_detail_004_kani=true&JigyosyoCd=2761690300-00&ServiceCd=130&Type=search", "url2": null }, "geometry": { "type": "Point", "coordinates": [ 135.515759800000069, 34.7783281 ] } },
{ "type": "Feature", "properties": { "内容": "社会福祉法人恩賜財団済生会支部大阪府済生会吹田訪問看護ステーション【訪問看護】大阪府吹田市山手町1丁目1番1号", "url": "https://www.kaigokensaku.mhlw.go.jp/27/index.php?action_kouhyou_detail_004_kani=true&JigyosyoCd=2761690078-00&ServiceCd=130&Type=search", "url2": "http://www.suita.saiseikai.or.jp/" }, "geometry": { "type": "Point", "coordinates": [ 135.514604909262033, 34.766818312006727 ] } },
{ "type": "Feature", "properties": { "内容": "社会福祉法人恩賜財団済生会支部大阪府済生会千里病院訪問看護ステーション【訪問看護】大阪府吹田市津雲台1丁目1番6号", "url": "https://www.kaigokensaku.mhlw.go.jp/27/index.php?action_kouhyou_detail_004_kani=true&JigyosyoCd=2761690524-00&ServiceCd=130&Type=search", "url2": "https://www.senri.saiseikai.or.jp/" }, "geometry": { "type": "Point", "coordinates": [ 135.50971, 34.794806 ] } },
{ "type": "Feature", "properties": { "内容": "訪問看護ステーション　あす～る吹田【訪問看護】大阪府吹田市岸部中二丁目7番12号", "url": "https://www.kaigokensaku.mhlw.go.jp/27/index.php?action_kouhyou_detail_004_kani=true&JigyosyoCd=2761690714-00&ServiceCd=130&Type=search", "url2": "https://azul.or.jp" }, "geometry": { "type": "Point", "coordinates": [ 135.5333041, 34.7754883 ] } },
{ "type": "Feature", "properties": { "内容": "訪問看護ステーションたなごころ【訪問看護】吹田市青山台2-8-8", "url": "https://www.kaigokensaku.mhlw.go.jp/27/index.php?action_kouhyou_detail_004_kani=true&JigyosyoCd=2761691050-00&ServiceCd=130&Type=search", "url2": "https://tanagocolo.org" }, "geometry": { "type": "Point", "coordinates": [ 135.5021777, 34.8194388 ] } },
{ "type": "Feature", "properties": { "内容": "ハートフル・ケア訪問看護ステーション【訪問看護】大阪府吹田市山田西1丁目3番11号プチハイツ西山田203号", "url": "https://www.kaigokensaku.mhlw.go.jp/27/index.php?action_kouhyou_detail_004_kani=true&JigyosyoCd=2761690474-00&ServiceCd=130&Type=search", "url2": "https://care-ring.jp" }, "geometry": { "type": "Point", "coordinates": [ 135.534222, 34.7931321 ] } },
{ "type": "Feature", "properties": { "内容": "あなぶきケアサービス吹田訪問訪問看護ステーション【訪問看護】大阪府吹田市新芦屋上20-8アルファリビング吹田千里丘", "url": "https://www.kaigokensaku.mhlw.go.jp/27/index.php?action_kouhyou_detail_004_kani=true&JigyosyoCd=2761691092-00&ServiceCd=130&Type=search", "url2": "http://www.a-living.jp/osaka/senrioka/" }, "geometry": { "type": "Point", "coordinates": [ 135.550284853390309, 34.799071208109382 ] } },
{ "type": "Feature", "properties": { "内容": "医療法人高寿会　高津訪問看護ステーション【訪問看護】大阪府吹田市桃山台二丁目5番地18号晋和ビル105号室", "url": "https://www.kaigokensaku.mhlw.go.jp/27/index.php?action_kouhyou_detail_004_kani=true&JigyosyoCd=2761690060-00&ServiceCd=130&Type=search", "url2": "https://www.koujukai-group.com/index.html" }, "geometry": { "type": "Point", "coordinates": [ 135.502161, 34.7925816 ] } },
{ "type": "Feature", "properties": { "内容": "リハビリ訪問看護ステーションａｙｕｍｉ【訪問看護】大阪府吹田市南金田2-14-30", "url": "https://www.kaigokensaku.mhlw.go.jp/27/index.php?action_kouhyou_detail_004_kani=true&JigyosyoCd=2761690771-00&ServiceCd=130&Type=search", "url2": null }, "geometry": { "type": "Point", "coordinates": [ 135.5051229, 34.7566255 ] } },
{ "type": "Feature", "properties": { "内容": "メルヴェイユクリニック訪問看護ステーション【訪問看護】大阪府吹田市岸部南1-4-24", "url": "https://www.kaigokensaku.mhlw.go.jp/27/index.php?action_kouhyou_detail_004_kani=true&JigyosyoCd=2761690680-00&ServiceCd=130&Type=search", "url2": null }, "geometry": { "type": "Point", "coordinates": [ 135.544453512828142, 34.776250381771021 ] } },
{ "type": "Feature", "properties": { "内容": "こもれび訪問看護ステーション【訪問看護】大阪府吹田市江坂町1-6-8三功ビル113", "url": "https://www.kaigokensaku.mhlw.go.jp/27/index.php?action_kouhyou_detail_004_kani=true&JigyosyoCd=2761691076-00&ServiceCd=130&Type=search", "url2": "https://t-komorebi-k.jp/" }, "geometry": { "type": "Point", "coordinates": [ 135.499997755133705, 34.762958307047583 ] } },
{ "type": "Feature", "properties": { "内容": "エベッサ訪問看護ステーション【訪問看護】大阪府吹田市長野西10-16サンライフ千里丘103号室", "url": "https://www.kaigokensaku.mhlw.go.jp/27/index.php?action_kouhyou_detail_004_kani=true&JigyosyoCd=2761691233-00&ServiceCd=130&Type=search", "url2": "https://ebessa-cs.jp/" }, "geometry": { "type": "Point", "coordinates": [ 135.541669135057077, 34.792163097896051 ] } },
{ "type": "Feature", "properties": { "内容": "訪問看護ステーションはぴね江坂【訪問看護】大阪府吹田市江坂町2-18-20住宅型有料老人ホームはぴね江坂", "url": "https://www.kaigokensaku.mhlw.go.jp/27/index.php?action_kouhyou_detail_004_kani=true&JigyosyoCd=2761690367-00&ServiceCd=130&Type=search", "url2": "http://www.greenlife-inc.co.jp/" }, "geometry": { "type": "Point", "coordinates": [ 135.491073300000039, 34.7633125 ] } },
{ "type": "Feature", "properties": { "内容": "吹田徳洲会病院　らしく訪問看護【訪問看護】大阪府吹田市千里丘西21-1吹田徳洲会病院", "url": "https://www.kaigokensaku.mhlw.go.jp/27/index.php?action_kouhyou_detail_004_kani=true&JigyosyoCd=2711608444-00&ServiceCd=130&Type=search", "url2": "https://www.suita.tokushukai.or.jp/" }, "geometry": { "type": "Point", "coordinates": [ 135.5420011, 34.7976809 ] } },
{ "type": "Feature", "properties": { "内容": "吹田市医師会立訪問看護ステーション【訪問看護】大阪府吹田市津雲台4-1-13", "url": "https://www.kaigokensaku.mhlw.go.jp/27/index.php?action_kouhyou_detail_004_kani=true&JigyosyoCd=2761690029-00&ServiceCd=130&Type=search", "url2": "http://www.suita-med.or.jp/houkan/" }, "geometry": { "type": "Point", "coordinates": [ 135.508641, 34.8007096 ] } },
{ "type": "Feature", "properties": { "内容": "吹田あるて訪問看護ステーション【訪問看護】大阪府吹田市片山町４－１７－２５東郷ハイツ１０１号", "url": "https://www.kaigokensaku.mhlw.go.jp/27/index.php?action_kouhyou_detail_004_kani=true&JigyosyoCd=2761691191-00&ServiceCd=130&Type=search", "url2": null }, "geometry": { "type": "Point", "coordinates": [ 135.5262022, 34.7688455 ] } },
{ "type": "Feature", "properties": { "内容": "訪問看護ステーションココア吹田【訪問看護】大阪府吹田市古江台2丁目10-13205号室", "url": "https://www.kaigokensaku.mhlw.go.jp/27/index.php?action_kouhyou_detail_004_kani=true&JigyosyoCd=2761690979-00&ServiceCd=130&Type=search", "url2": "https://www.kango-cocoa.jp/" }, "geometry": { "type": "Point", "coordinates": [ 135.5081251, 34.8167133 ] } },
{ "type": "Feature", "properties": { "内容": "訪問看護ステーションなごみ【訪問看護】大阪府吹田市広芝町7-26EPOCH江坂ビル408", "url": "https://www.kaigokensaku.mhlw.go.jp/27/index.php?action_kouhyou_detail_004_kani=true&JigyosyoCd=2761690888-00&ServiceCd=130&Type=search", "url2": "https://tsunagu2017.link/" }, "geometry": { "type": "Point", "coordinates": [ 135.5009073, 34.7561573 ] } },
{ "type": "Feature", "properties": { "内容": "ふじこし訪問看護ステーション【訪問看護】大阪府吹田市片山町3-34-14", "url": "https://www.kaigokensaku.mhlw.go.jp/27/index.php?action_kouhyou_detail_004_kani=true&JigyosyoCd=2761690318-00&ServiceCd=130&Type=search", "url2": null }, "geometry": { "type": "Point", "coordinates": [ 135.524139, 34.767271500000014 ] } },
{ "type": "Feature", "properties": { "内容": "ひだまり訪問看護ステーション【訪問看護】大阪府吹田市五月が丘北1-15ベストレジデンス南千里301", "url": "https://www.kaigokensaku.mhlw.go.jp/27/index.php?action_kouhyou_detail_004_kani=true&JigyosyoCd=2761690581-00&ServiceCd=130&Type=search", "url2": null }, "geometry": { "type": "Point", "coordinates": [ 135.528336399999944, 34.7890159 ] } },
{ "type": "Feature", "properties": { "内容": "訪問看護ステーションおえかき【訪問看護】大阪府吹田市垂水町3-17-25第一福徳ビル2階中室", "url": "https://www.kaigokensaku.mhlw.go.jp/27/index.php?action_kouhyou_detail_004_kani=true&JigyosyoCd=2761690482-00&ServiceCd=130&Type=search", "url2": "http://houmonkango-oekaki.com/" }, "geometry": { "type": "Point", "coordinates": [ 135.500781563421128, 34.76180805920567 ] } },
{ "type": "Feature", "properties": { "内容": "パナソニックエイジフリーケアセンター北摂・訪問看護【訪問看護】大阪府吹田市江坂町3丁目35番19番", "url": "https://www.kaigokensaku.mhlw.go.jp/27/index.php?action_kouhyou_detail_004_kani=true&JigyosyoCd=2761690722-00&ServiceCd=130&Type=search", "url2": "https://panasonic.co.jp/ls/paf/" }, "geometry": { "type": "Point", "coordinates": [ 135.4903587, 34.7649609 ] } },
{ "type": "Feature", "properties": { "内容": "あまつかぜ訪問看護ステーション【訪問看護】大阪府吹田市岸部中３丁目１３番６SOU２０２号", "url": "https://www.kaigokensaku.mhlw.go.jp/27/index.php?action_kouhyou_detail_004_kani=true&JigyosyoCd=2761691134-00&ServiceCd=130&Type=search", "url2": "https://amatsukaze1208.co.jp/" }, "geometry": { "type": "Point", "coordinates": [ 135.537339516335095, 34.777246829827661 ] } },
{ "type": "Feature", "properties": { "内容": "アプリシェイト訪問看護ステーション【訪問看護】大阪府吹田市春日3丁目16番8号レスカーラ緑地公園101号室", "url": "https://www.kaigokensaku.mhlw.go.jp/27/index.php?action_kouhyou_detail_004_kani=true&JigyosyoCd=2761691241-00&ServiceCd=130&Type=search", "url2": null }, "geometry": { "type": "Point", "coordinates": [ 135.4940619, 34.7857933 ] } },
{ "type": "Feature", "properties": { "内容": "訪問看護ステーション　寄り添うこころ【訪問看護】大阪府吹田市天道町4-16片山ビル１階", "url": "https://www.kaigokensaku.mhlw.go.jp/27/index.php?action_kouhyou_detail_004_kani=true&JigyosyoCd=2761690995-00&ServiceCd=130&Type=search", "url2": "http://yorisoucocoro.com" }, "geometry": { "type": "Point", "coordinates": [ 135.528534, 34.7695399 ] } },
{ "type": "Feature", "properties": { "内容": "ほのか訪問看護ステーション【訪問看護】大阪府吹田市山田東4丁目7‐3‐1", "url": "https://www.kaigokensaku.mhlw.go.jp/27/index.php?action_kouhyou_detail_004_kani=true&JigyosyoCd=2761690961-00&ServiceCd=130&Type=search", "url2": "http://hp.kaipoke.biz/rfm/163998/base_0007.html" }, "geometry": { "type": "Point", "coordinates": [ 135.523448300000013, 34.8014525 ] } },
{ "type": "Feature", "properties": { "内容": "訪問看護ステーションはーとふる健都【訪問看護】大阪府吹田市岸部中2-18-1", "url": "https://www.kaigokensaku.mhlw.go.jp/27/index.php?action_kouhyou_detail_004_kani=true&JigyosyoCd=2761690920-00&ServiceCd=130&Type=search", "url2": null }, "geometry": { "type": "Point", "coordinates": [ 135.5351752, 34.777004600000048 ] } },
{ "type": "Feature", "properties": { "内容": "えのき訪問看護ステーション【訪問看護】大阪府吹田市岸部南1丁目20―23", "url": "https://www.kaigokensaku.mhlw.go.jp/27/index.php?action_kouhyou_detail_004_kani=true&JigyosyoCd=2761690649-00&ServiceCd=130&Type=search", "url2": "http://ichiri.jp/houmonkango/" }, "geometry": { "type": "Point", "coordinates": [ 135.543415753318811, 34.77467755633733 ] } },
{ "type": "Feature", "properties": { "内容": "訪問看護ステーション希望【訪問看護】大阪府泉大津市東豊中町1丁目7-7ブールバール東豊中Ⅰ　202号室", "url": "https://www.kaigokensaku.mhlw.go.jp/27/index.php?action_kouhyou_detail_004_kani=true&JigyosyoCd=2760690285-00&ServiceCd=130&Type=search", "url2": null }, "geometry": { "type": "Point", "coordinates": [ 135.4240221, 34.4906368 ] } },
{ "type": "Feature", "properties": { "内容": "あぐり訪問看護ステーション【訪問看護】大阪府泉大津市森町2丁目18番19号", "url": "https://www.kaigokensaku.mhlw.go.jp/27/index.php?action_kouhyou_detail_004_kani=true&JigyosyoCd=2760690145-00&ServiceCd=130&Type=search", "url2": "http://aguri.co.jp" }, "geometry": { "type": "Point", "coordinates": [ 135.426329773330423, 34.508296629832323 ] } },
{ "type": "Feature", "properties": { "内容": "医療法人　穂仁会　原病院　訪問看護サービス【訪問看護】大阪府泉大津市東助松町1丁目7番1号", "url": "https://www.kaigokensaku.mhlw.go.jp/27/index.php?action_kouhyou_detail_004_kani=true&JigyosyoCd=2710601291-00&ServiceCd=130&Type=search", "url2": "http://www.suijinkai.jp" }, "geometry": { "type": "Point", "coordinates": [ 135.422462799999948, 34.5136897 ] } },
{ "type": "Feature", "properties": { "内容": "ゆい訪問看護ステーション【訪問看護】大阪府泉大津市宮町1-15めぐみ館2階", "url": "https://www.kaigokensaku.mhlw.go.jp/27/index.php?action_kouhyou_detail_004_kani=true&JigyosyoCd=2760690137-00&ServiceCd=130&Type=search", "url2": "https://harvest26.com/" }, "geometry": { "type": "Point", "coordinates": [ 135.418717, 34.5006454 ] } },
{ "type": "Feature", "properties": { "内容": "ドリーム訪問看護ステーション【訪問看護】大阪府泉大津市本町6番7号", "url": "https://www.kaigokensaku.mhlw.go.jp/27/index.php?action_kouhyou_detail_004_kani=true&JigyosyoCd=2760690194-00&ServiceCd=130&Type=search", "url2": null }, "geometry": { "type": "Point", "coordinates": [ 135.4007633, 34.5035234 ] } },
{ "type": "Feature", "properties": { "内容": "訪問看護ステーションパラム【訪問看護】大阪府泉大津市東豊中町1丁目15番‐7コレクション和泉府中203号", "url": "https://www.kaigokensaku.mhlw.go.jp/27/index.php?action_kouhyou_detail_004_kani=true&JigyosyoCd=2760690202-00&ServiceCd=130&Type=search", "url2": "http://hp.kaipoke.biz/rwn/" }, "geometry": { "type": "Point", "coordinates": [ 135.425954, 34.4912904 ] } },
{ "type": "Feature", "properties": { "内容": "ちいきと暮らす訪問看護ステーション【訪問看護】大阪府泉大津市春日町19番18号", "url": "https://www.kaigokensaku.mhlw.go.jp/27/index.php?action_kouhyou_detail_004_kani=true&JigyosyoCd=2760690319-00&ServiceCd=130&Type=search", "url2": "https://www.chiikurahoukan.com/" }, "geometry": { "type": "Point", "coordinates": [ 135.4089127, 34.5079662 ] } },
{ "type": "Feature", "properties": { "内容": "ふわり訪問看護ステーション【訪問看護】大阪府泉大津市条南町4-1-401", "url": "https://www.kaigokensaku.mhlw.go.jp/27/index.php?action_kouhyou_detail_004_kani=true&JigyosyoCd=2760690293-00&ServiceCd=130&Type=search", "url2": "https://balance-lab.jp/" }, "geometry": { "type": "Point", "coordinates": [ 135.4178229, 34.510125 ] } },
{ "type": "Feature", "properties": { "内容": "訪問看護トライケア【訪問看護】大阪府泉大津市千原町2-8-15", "url": "https://www.kaigokensaku.mhlw.go.jp/27/index.php?action_kouhyou_detail_004_kani=true&JigyosyoCd=2760690152-00&ServiceCd=130&Type=search", "url2": null }, "geometry": { "type": "Point", "coordinates": [ 135.4293, 34.507659600000011 ] } },
{ "type": "Feature", "properties": { "内容": "訪問看護ステーション　ハルト【訪問看護】大阪府泉大津市曽根町一丁目11番28号", "url": "https://www.kaigokensaku.mhlw.go.jp/27/index.php?action_kouhyou_detail_004_kani=true&JigyosyoCd=2760690178-00&ServiceCd=130&Type=search", "url2": "https://www.naturalcare-kango.com/" }, "geometry": { "type": "Point", "coordinates": [ 135.425223700000032, 34.506072900000014 ] } },
{ "type": "Feature", "properties": { "内容": "かえるしあわせ訪問看護ステーション【訪問看護】大阪府泉大津市北豊中町3-1-13", "url": "https://www.kaigokensaku.mhlw.go.jp/27/index.php?action_kouhyou_detail_004_kani=true&JigyosyoCd=2760690210-00&ServiceCd=130&Type=search", "url2": "https://www.poltebonheur.com/" }, "geometry": { "type": "Point", "coordinates": [ 135.42697, 34.4954508 ] } },
{ "type": "Feature", "properties": { "内容": "いずみ訪問看護ステーション【訪問看護】大阪府泉大津市虫取町2-9-24", "url": "https://www.kaigokensaku.mhlw.go.jp/27/index.php?action_kouhyou_detail_004_kani=true&JigyosyoCd=2760690129-00&ServiceCd=130&Type=search", "url2": "https://izumi-kango.com/" }, "geometry": { "type": "Point", "coordinates": [ 135.40827010000001, 34.496488 ] } },
{ "type": "Feature", "properties": { "内容": "サニーデイスマイル訪問看護ステーション【訪問看護】大阪府泉大津市二田町１丁目１７－１６有津巳ハイツ１０１号", "url": "https://www.kaigokensaku.mhlw.go.jp/27/index.php?action_kouhyou_detail_004_kani=true&JigyosyoCd=2760690095-00&ServiceCd=130&Type=search", "url2": null }, "geometry": { "type": "Point", "coordinates": [ 135.416952600000059, 34.5084581 ] } },
{ "type": "Feature", "properties": { "内容": "訪問看護ステーション　なな【訪問看護】大阪府泉大津市寿町4-28", "url": "https://www.kaigokensaku.mhlw.go.jp/27/index.php?action_kouhyou_detail_004_kani=true&JigyosyoCd=2760690251-00&ServiceCd=130&Type=search", "url2": null }, "geometry": { "type": "Point", "coordinates": [ 135.416148466112759, 34.502769662790286 ] } },
{ "type": "Feature", "properties": { "内容": "訪問看護ステーション　ふく【訪問看護】大阪府泉大津市昭和町9-21", "url": "https://www.kaigokensaku.mhlw.go.jp/27/index.php?action_kouhyou_detail_004_kani=true&JigyosyoCd=2760690244-00&ServiceCd=130&Type=search", "url2": null }, "geometry": { "type": "Point", "coordinates": [ 135.404781500000013, 34.4996159 ] } },
{ "type": "Feature", "properties": { "内容": "訪問看護ステーションスリーピース【訪問看護】大阪府泉大津市上之町2-4ジーメゾン泉大津ペルフェット201", "url": "https://www.kaigokensaku.mhlw.go.jp/27/index.php?action_kouhyou_detail_004_kani=true&JigyosyoCd=2760690236-00&ServiceCd=130&Type=search", "url2": null }, "geometry": { "type": "Point", "coordinates": [ 135.401158900000013, 34.5014593 ] } },
{ "type": "Feature", "properties": { "内容": "訪問看護ステーション　ココリ【訪問看護】大阪府高槻市北柳川町15-22ペア柳川203号", "url": "https://www.kaigokensaku.mhlw.go.jp/27/index.php?action_kouhyou_detail_004_kani=true&JigyosyoCd=2760990883-00&ServiceCd=130&Type=search", "url2": null }, "geometry": { "type": "Point", "coordinates": [ 135.590752400000014, 34.826790500000016 ] } },
{ "type": "Feature", "properties": { "内容": "れいず訪問看護ステーション【訪問看護】大阪府高槻市城南町3-19-3", "url": "https://www.kaigokensaku.mhlw.go.jp/27/index.php?action_kouhyou_detail_004_kani=true&JigyosyoCd=2760990917-00&ServiceCd=130&Type=search", "url2": "https://eternity-humanity.co.jp/" }, "geometry": { "type": "Point", "coordinates": [ 135.6228508, 34.8367923 ] } },
{ "type": "Feature", "properties": { "内容": "クレド訪問看護ステーション【訪問看護】大阪府高槻市美しが丘2-9-17", "url": "https://www.kaigokensaku.mhlw.go.jp/27/index.php?action_kouhyou_detail_004_kani=true&JigyosyoCd=2760990453-00&ServiceCd=130&Type=search", "url2": "https://clefdor1.com/" }, "geometry": { "type": "Point", "coordinates": [ 135.6174853, 34.866681599999986 ] } },
{ "type": "Feature", "properties": { "内容": "高槻みらい訪問看護ステーション【訪問看護】大阪府高槻市登町24番1号", "url": "https://www.kaigokensaku.mhlw.go.jp/27/index.php?action_kouhyou_detail_004_kani=true&JigyosyoCd=2760990289-00&ServiceCd=130&Type=search", "url2": "https://www.mirai-corporation.net/" }, "geometry": { "type": "Point", "coordinates": [ 135.618462198147597, 34.824801790845861 ] } },
{ "type": "Feature", "properties": { "内容": "らいず高槻訪問看護ステーション【訪問看護】大阪府高槻市宮之川原４丁目２番７号宮之川原ビル２F", "url": "https://www.kaigokensaku.mhlw.go.jp/27/index.php?action_kouhyou_detail_004_kani=true&JigyosyoCd=2760990685-00&ServiceCd=130&Type=search", "url2": "https://atcompany.jp/raizuhoumonkango" }, "geometry": { "type": "Point", "coordinates": [ 135.599151799999987, 34.8645211 ] } },
{ "type": "Feature", "properties": { "内容": "医療法人もみじ会　たざき訪問看護ステーション【訪問看護】大阪府高槻市川西町1-31-12　2階", "url": "https://www.kaigokensaku.mhlw.go.jp/27/index.php?action_kouhyou_detail_004_kani=true&JigyosyoCd=2760990560-00&ServiceCd=130&Type=search", "url2": "https://tazakiclinic.net/" }, "geometry": { "type": "Point", "coordinates": [ 135.604382500000014, 34.849633 ] } },
{ "type": "Feature", "properties": { "内容": "医療法人啓友会高槻うの花訪問看護ステーション【訪問看護】大阪府高槻市安岡寺町1-20-3", "url": "https://www.kaigokensaku.mhlw.go.jp/27/index.php?action_kouhyou_detail_004_kani=true&JigyosyoCd=2760990032-00&ServiceCd=130&Type=search", "url2": "http://www.keiyukai-nakajima.jp/" }, "geometry": { "type": "Point", "coordinates": [ 135.603272699999934, 34.8734666 ] } },
{ "type": "Feature", "properties": { "内容": "健和会訪問看護ステーション【訪問看護】大阪府高槻市登町16番16号", "url": "https://www.kaigokensaku.mhlw.go.jp/27/index.php?action_kouhyou_detail_004_kani=true&JigyosyoCd=2760990081-00&ServiceCd=130&Type=search", "url2": null }, "geometry": { "type": "Point", "coordinates": [ 135.622396477523807, 34.828839883432302 ] } },
{ "type": "Feature", "properties": { "内容": "仁寿会訪問看護ステーション【訪問看護】大阪府高槻市北柳川町2番6号", "url": "https://www.kaigokensaku.mhlw.go.jp/27/index.php?action_kouhyou_detail_004_kani=true&JigyosyoCd=2760990248-00&ServiceCd=130&Type=search", "url2": "https://www.jinjyu-kai.jp/facilities_care/jinjukai_vns.html" }, "geometry": { "type": "Point", "coordinates": [ 135.592868800000019, 34.8269687 ] } },
{ "type": "Feature", "properties": { "内容": "とんだ訪問看護ステーション【訪問看護】大阪府高槻市富田町６丁目１0番1号富田町病院", "url": "https://www.kaigokensaku.mhlw.go.jp/27/index.php?action_kouhyou_detail_004_kani=true&JigyosyoCd=2760990073-00&ServiceCd=130&Type=search", "url2": "http://www.youaikai.or.jp" }, "geometry": { "type": "Point", "coordinates": [ 135.594433814680542, 34.82882103481419 ] } },
{ "type": "Feature", "properties": { "内容": "訪問看護ステーションTenderly【訪問看護】大阪府高槻市野見町5番45号Diamante2020　2階", "url": "https://www.kaigokensaku.mhlw.go.jp/27/index.php?action_kouhyou_detail_004_kani=true&JigyosyoCd=2760990719-00&ServiceCd=130&Type=search", "url2": "https://m-hmc.com/" }, "geometry": { "type": "Point", "coordinates": [ 135.6189666, 34.8449954 ] } },
{ "type": "Feature", "properties": { "内容": "大阪医科薬科大学訪問看護ステーション【訪問看護】大阪府高槻市大学町2番7号", "url": "https://www.kaigokensaku.mhlw.go.jp/27/index.php?action_kouhyou_detail_004_kani=true&JigyosyoCd=2760990339-00&ServiceCd=130&Type=search", "url2": "https://www.omp.ac.jp/SHVN/" }, "geometry": { "type": "Point", "coordinates": [ 135.625935684130837, 34.85218948982196 ] } },
{ "type": "Feature", "properties": { "内容": "ここちリハビリ訪問看護センター高槻【訪問看護】大阪府高槻市宮田町3丁目4番1号ホーミーレジデンス306", "url": "https://www.kaigokensaku.mhlw.go.jp/27/index.php?action_kouhyou_detail_004_kani=true&JigyosyoCd=2760990362-00&ServiceCd=130&Type=search", "url2": "http://www.bloomingsmile.jp" }, "geometry": { "type": "Point", "coordinates": [ 135.591657999861098, 34.84498807914273 ] } },
{ "type": "Feature", "properties": { "内容": "訪問看護ステーションソレイユ【訪問看護】大阪府高槻市寿町3丁目2-23", "url": "https://www.kaigokensaku.mhlw.go.jp/27/index.php?action_kouhyou_detail_004_kani=true&JigyosyoCd=2760990446-00&ServiceCd=130&Type=search", "url2": "https://soreiyu91.com" }, "geometry": { "type": "Point", "coordinates": [ 135.603411761489866, 34.832332441457403 ] } },
{ "type": "Feature", "properties": { "内容": "あおぞら訪問看護ステーション【訪問看護】大阪府高槻市芥川町一丁目13番7号", "url": "https://www.kaigokensaku.mhlw.go.jp/27/index.php?action_kouhyou_detail_004_kani=true&JigyosyoCd=2760990438-00&ServiceCd=130&Type=search", "url2": null }, "geometry": { "type": "Point", "coordinates": [ 135.615960500000028, 34.8535439 ] } },
{ "type": "Feature", "properties": { "内容": "アットホーム訪問看護ステーション高槻【訪問看護】大阪府高槻市辻子一丁目7番28号", "url": "https://www.kaigokensaku.mhlw.go.jp/27/index.php?action_kouhyou_detail_004_kani=true&JigyosyoCd=2760990255-00&ServiceCd=130&Type=search", "url2": "https://www.athomeweb.net" }, "geometry": { "type": "Point", "coordinates": [ 135.632820500599678, 34.834988748249245 ] } },
{ "type": "Feature", "properties": { "内容": "ヒルズ高槻訪問看護ステーション【訪問看護】大阪府高槻市奈佐原元町33番20号ガーデンパレス高槻103号", "url": "https://www.kaigokensaku.mhlw.go.jp/27/index.php?action_kouhyou_detail_004_kani=true&JigyosyoCd=2760990511-00&ServiceCd=130&Type=search", "url2": "https://www.care-kagayaki.com/" }, "geometry": { "type": "Point", "coordinates": [ 135.58376910000004, 34.8616207 ] } },
{ "type": "Feature", "properties": { "内容": "訪問看護ステーションかすたねっと【訪問看護】大阪府高槻市高垣町50‐21", "url": "https://www.kaigokensaku.mhlw.go.jp/27/index.php?action_kouhyou_detail_004_kani=true&JigyosyoCd=2760990727-00&ServiceCd=130&Type=search", "url2": "https://castanet-kango.com/" }, "geometry": { "type": "Point", "coordinates": [ 135.6374971, 34.8570811 ] } },
{ "type": "Feature", "properties": { "内容": "テイク・ケア訪問看護ステーション【訪問看護】大阪府高槻市紺屋町９番７号大一ビル１階", "url": "https://www.kaigokensaku.mhlw.go.jp/27/index.php?action_kouhyou_detail_004_kani=true&JigyosyoCd=2760990230-00&ServiceCd=130&Type=search", "url2": "http://take-care.biz/" }, "geometry": { "type": "Point", "coordinates": [ 135.618611200000032, 34.8486035 ] } },
{ "type": "Feature", "properties": { "内容": "はる訪問看護ステーション【訪問看護】大阪府高槻市城南町三丁目7番26号", "url": "https://www.kaigokensaku.mhlw.go.jp/27/index.php?action_kouhyou_detail_004_kani=true&JigyosyoCd=2760990529-00&ServiceCd=130&Type=search", "url2": null }, "geometry": { "type": "Point", "coordinates": [ 135.6230596, 34.8359708 ] } },
{ "type": "Feature", "properties": { "内容": "高槻ヤマシン訪問看護ステーション【訪問看護】大阪府高槻市須賀町49-20アルカディアPartⅠ-203", "url": "https://www.kaigokensaku.mhlw.go.jp/27/index.php?action_kouhyou_detail_004_kani=true&JigyosyoCd=2760990651-00&ServiceCd=130&Type=search", "url2": "http://www.yamasin.co.jp/" }, "geometry": { "type": "Point", "coordinates": [ 135.6363613, 34.8368006 ] } },
{ "type": "Feature", "properties": { "内容": "ハッピーケア高槻【訪問看護】大阪府高槻市竹の内町63番3号", "url": "https://www.kaigokensaku.mhlw.go.jp/27/index.php?action_kouhyou_detail_004_kani=true&JigyosyoCd=2760990479-00&ServiceCd=130&Type=search", "url2": "https://lifecare-happylife.com/" }, "geometry": { "type": "Point", "coordinates": [ 135.626807, 34.8208941 ] } },
{ "type": "Feature", "properties": { "内容": "訪問看護ステーション央【訪問看護】大阪府高槻市春日町12番13号", "url": "https://www.kaigokensaku.mhlw.go.jp/27/index.php?action_kouhyou_detail_004_kani=true&JigyosyoCd=2760990867-00&ServiceCd=130&Type=search", "url2": null }, "geometry": { "type": "Point", "coordinates": [ 135.628500779098545, 34.837801297033302 ] } },
{ "type": "Feature", "properties": { "内容": "訪問看護ステーション菘【訪問看護】大阪府高槻市西町10番35号", "url": "https://www.kaigokensaku.mhlw.go.jp/27/index.php?action_kouhyou_detail_004_kani=true&JigyosyoCd=2760990859-00&ServiceCd=130&Type=search", "url2": null }, "geometry": { "type": "Point", "coordinates": [ 135.597282799999988, 34.8230452 ] } },
{ "type": "Feature", "properties": { "内容": "訪問看護ステーション　シルエット【訪問看護】大阪府高槻市上牧南駅前町3番39号アビリティーコート202号", "url": "https://www.kaigokensaku.mhlw.go.jp/27/index.php?action_kouhyou_detail_004_kani=true&JigyosyoCd=2760990537-00&ServiceCd=130&Type=search", "url2": "https://silhouette.link" }, "geometry": { "type": "Point", "coordinates": [ 135.6596533, 34.8693641 ] } },
{ "type": "Feature", "properties": { "内容": "北摂総合病院訪問看護ステーション【訪問看護】大阪府高槻市北柳川町１５－１８", "url": "https://www.kaigokensaku.mhlw.go.jp/27/index.php?action_kouhyou_detail_004_kani=true&JigyosyoCd=2760990123-00&ServiceCd=130&Type=search", "url2": "http://www.hokusetsu-hp.jp" }, "geometry": { "type": "Point", "coordinates": [ 135.590413500000068, 34.8267242 ] } },
{ "type": "Feature", "properties": { "内容": "訪問看護ステーション東和会【訪問看護】大阪府高槻市大塚町5丁目29-1", "url": "https://www.kaigokensaku.mhlw.go.jp/27/index.php?action_kouhyou_detail_004_kani=true&JigyosyoCd=2760990065-00&ServiceCd=130&Type=search", "url2": "http://www.towa-med.or.jp" }, "geometry": { "type": "Point", "coordinates": [ 135.631369986894214, 34.821221895158246 ] } },
{ "type": "Feature", "properties": { "内容": "訪問看護ステーションひばり【訪問看護】大阪府高槻市三箇牧二丁目20番3号", "url": "https://www.kaigokensaku.mhlw.go.jp/27/index.php?action_kouhyou_detail_004_kani=true&JigyosyoCd=2760990743-00&ServiceCd=130&Type=search", "url2": null }, "geometry": { "type": "Point", "coordinates": [ 135.601786800000013, 34.7978504 ] } },
{ "type": "Feature", "properties": { "内容": "高槻荘訪問看護ステーション桃園【訪問看護】大阪府高槻市大手町6番14号", "url": "https://www.kaigokensaku.mhlw.go.jp/27/index.php?action_kouhyou_detail_004_kani=true&JigyosyoCd=2760990636-00&ServiceCd=130&Type=search", "url2": "http://www.osj.or.jp/takatsuki/index.html" }, "geometry": { "type": "Point", "coordinates": [ 135.623589660913098, 34.845033076211351 ] } },
{ "type": "Feature", "properties": { "内容": "高槻赤十字訪問看護ステーション【訪問看護】大阪府高槻市阿武野1-1-1", "url": "https://www.kaigokensaku.mhlw.go.jp/27/index.php?action_kouhyou_detail_004_kani=true&JigyosyoCd=2760990024-00&ServiceCd=130&Type=search", "url2": "https://www.takatsuki.jrc.or.jp" }, "geometry": { "type": "Point", "coordinates": [ 135.577408800000057, 34.8555707 ] } },
{ "type": "Feature", "properties": { "内容": "有限会社　万寿【訪問看護】大阪府高槻市上土室３－１３－３上土室吉田ビルA棟２階", "url": "https://www.kaigokensaku.mhlw.go.jp/27/index.php?action_kouhyou_detail_004_kani=true&JigyosyoCd=2760990305-00&ServiceCd=130&Type=search", "url2": null }, "geometry": { "type": "Point", "coordinates": [ 135.580843498919648, 34.855677217430795 ] } },
{ "type": "Feature", "properties": { "内容": "みどりヶ丘訪問看護ステーション【訪問看護】大阪府高槻市西真上1丁目35番17号", "url": "https://www.kaigokensaku.mhlw.go.jp/27/index.php?action_kouhyou_detail_004_kani=true&JigyosyoCd=2760990149-00&ServiceCd=130&Type=search", "url2": "https://midori-yuseikai.or.jp/" }, "geometry": { "type": "Point", "coordinates": [ 135.60538930000007, 34.8590182 ] } },
{ "type": "Feature", "properties": { "内容": "共生の里訪問看護ステーション【訪問看護】大阪府高槻市城西町7-11摂津ビル2F", "url": "https://www.kaigokensaku.mhlw.go.jp/27/index.php?action_kouhyou_detail_004_kani=true&JigyosyoCd=2760990347-00&ServiceCd=130&Type=search", "url2": "https://kyouseinosato.co.jp/" }, "geometry": { "type": "Point", "coordinates": [ 135.617082257672109, 34.840769143118656 ] } },
{ "type": "Feature", "properties": { "内容": "訪問看護ステーション一期一会【訪問看護】大阪府高槻市大塚町5丁目5番8号", "url": "https://www.kaigokensaku.mhlw.go.jp/27/index.php?action_kouhyou_detail_004_kani=true&JigyosyoCd=2760990610-00&ServiceCd=130&Type=search", "url2": "http://ichigoichie1515.com" }, "geometry": { "type": "Point", "coordinates": [ 135.6315054, 34.8226927 ] } },
{ "type": "Feature", "properties": { "内容": "訪問看護ステーション　あらたま【訪問看護】大阪府高槻市芝生町　１ー６２ー３エルブクール202号", "url": "https://www.kaigokensaku.mhlw.go.jp/27/index.php?action_kouhyou_detail_004_kani=true&JigyosyoCd=2760990842-00&ServiceCd=130&Type=search", "url2": "https://aratama2024.com" }, "geometry": { "type": "Point", "coordinates": [ 135.614234700000054, 34.8236564 ] } },
{ "type": "Feature", "properties": { "内容": "訪問看護ステーション奏【訪問看護】大阪府高槻市高槻町15-18井上ビル302号", "url": "https://www.kaigokensaku.mhlw.go.jp/27/index.php?action_kouhyou_detail_004_kani=true&JigyosyoCd=2760990669-00&ServiceCd=130&Type=search", "url2": null }, "geometry": { "type": "Point", "coordinates": [ 135.6211399, 34.849434 ] } },
{ "type": "Feature", "properties": { "内容": "ゆい訪問看護ステーション【訪問看護】大阪府高槻市南平台五丁目22番2号", "url": "https://www.kaigokensaku.mhlw.go.jp/27/index.php?action_kouhyou_detail_004_kani=true&JigyosyoCd=2760990271-00&ServiceCd=130&Type=search", "url2": "http://www.yui-homon.co.jp/" }, "geometry": { "type": "Point", "coordinates": [ 135.588994076206518, 34.862390275749057 ] } },
{ "type": "Feature", "properties": { "内容": "訪問看護ステーションさくらんぼ【訪問看護】大阪府高槻市竹の内町72－1グレイス竹の内１０４", "url": "https://www.kaigokensaku.mhlw.go.jp/27/index.php?action_kouhyou_detail_004_kani=true&JigyosyoCd=2760990800-00&ServiceCd=130&Type=search", "url2": "https://sakuranbo-kango.com/" }, "geometry": { "type": "Point", "coordinates": [ 135.628656, 34.820491 ] } },
{ "type": "Feature", "properties": { "内容": "しあわせ訪問看護ステーション【訪問看護】大阪府高槻市中川町5-3", "url": "https://www.kaigokensaku.mhlw.go.jp/27/index.php?action_kouhyou_detail_004_kani=true&JigyosyoCd=2760990628-00&ServiceCd=130&Type=search", "url2": "https://shiawasekango.com/" }, "geometry": { "type": "Point", "coordinates": [ 135.613696069346247, 34.842216100682677 ] } },
{ "type": "Feature", "properties": { "内容": "さくら訪問看護ステーション【訪問看護】大阪府高槻市宮田町1丁目32番11号パナハイツ吉田102号", "url": "https://www.kaigokensaku.mhlw.go.jp/27/index.php?action_kouhyou_detail_004_kani=true&JigyosyoCd=2760990644-00&ServiceCd=130&Type=search", "url2": null }, "geometry": { "type": "Point", "coordinates": [ 135.584516432580358, 34.842901832818463 ] } },
{ "type": "Feature", "properties": { "内容": "SmiLoop訪問看護ステーション　大阪高槻ステーション【訪問看護】大阪府高槻市城北町2-3-13ナスカ高槻2階", "url": "https://www.kaigokensaku.mhlw.go.jp/27/index.php?action_kouhyou_detail_004_kani=true&JigyosyoCd=2760990925-00&ServiceCd=130&Type=search", "url2": null }, "geometry": { "type": "Point", "coordinates": [ 135.6236563, 34.8491505 ] } },
{ "type": "Feature", "properties": { "内容": "訪問看護ステーション　リエール【訪問看護】大阪府高槻市奈佐原4-10-1新阿武山病院内", "url": "https://www.kaigokensaku.mhlw.go.jp/27/index.php?action_kouhyou_detail_004_kani=true&JigyosyoCd=2760990776-00&ServiceCd=130&Type=search", "url2": "https://lierre-vns.jp/" }, "geometry": { "type": "Point", "coordinates": [ 135.574306400000012, 34.8658598 ] } },
{ "type": "Feature", "properties": { "内容": "なないろ高槻訪問看護ステーション【訪問看護】大阪府高槻市野見町5-18", "url": "https://www.kaigokensaku.mhlw.go.jp/27/index.php?action_kouhyou_detail_004_kani=true&JigyosyoCd=2760990834-00&ServiceCd=130&Type=search", "url2": "https://nanairotakatsuki.com/" }, "geometry": { "type": "Point", "coordinates": [ 135.61907941299296, 34.844604344240523 ] } },
{ "type": "Feature", "properties": { "内容": "株式会社me【訪問看護】塚原2丁目20-15", "url": "https://www.kaigokensaku.mhlw.go.jp/27/index.php?action_kouhyou_detail_004_kani=true&JigyosyoCd=2760990420-00&ServiceCd=130&Type=search", "url2": null }, "geometry": { "type": "Point", "coordinates": [ 135.5684521, 34.8562623 ] } },
{ "type": "Feature", "properties": { "内容": "スターライト訪問看護ステーション【訪問看護】大阪府高槻市上田辺町2-14白石ビル3階", "url": "https://www.kaigokensaku.mhlw.go.jp/27/index.php?action_kouhyou_detail_004_kani=true&JigyosyoCd=2760990826-00&ServiceCd=130&Type=search", "url2": "https://starlight-healthcare.com/" }, "geometry": { "type": "Point", "coordinates": [ 135.6155269, 34.84994 ] } },
{ "type": "Feature", "properties": { "内容": "ラ・メゾン高槻訪問看護ステーション【訪問看護】大阪府高槻市唐崎西2-2-9", "url": "https://www.kaigokensaku.mhlw.go.jp/27/index.php?action_kouhyou_detail_004_kani=true&JigyosyoCd=2760990594-00&ServiceCd=130&Type=search", "url2": null }, "geometry": { "type": "Point", "coordinates": [ 135.608239200000043, 34.815189900000014 ] } },
{ "type": "Feature", "properties": { "内容": "みのり高槻訪問看護ステーション【訪問看護】高槻市南芥川町2-14ハイネスゴールド202号", "url": "https://www.kaigokensaku.mhlw.go.jp/27/index.php?action_kouhyou_detail_004_kani=true&JigyosyoCd=2760990750-00&ServiceCd=130&Type=search", "url2": null }, "geometry": { "type": "Point", "coordinates": [ 135.610749, 34.849544 ] } },
{ "type": "Feature", "properties": { "内容": "訪問看護ステーション愛仁会高槻【訪問看護】大阪府高槻市白梅町5番7号", "url": "https://www.kaigokensaku.mhlw.go.jp/27/index.php?action_kouhyou_detail_004_kani=true&JigyosyoCd=2760990057-00&ServiceCd=130&Type=search", "url2": "http://www.aijinkai.or.jp" }, "geometry": { "type": "Point", "coordinates": [ 135.620859900000028, 34.8548911 ] } },
{ "type": "Feature", "properties": { "内容": "いち訪問看護ステーション【訪問看護】大阪府高槻市郡家新町67番3号ヴィラージュ今城B棟203号室", "url": "https://www.kaigokensaku.mhlw.go.jp/27/index.php?action_kouhyou_detail_004_kani=true&JigyosyoCd=2760990784-00&ServiceCd=130&Type=search", "url2": "https://www.ichihoukan.com" }, "geometry": { "type": "Point", "coordinates": [ 135.599564099999981, 34.851292300000011 ] } },
{ "type": "Feature", "properties": { "内容": "かなえ訪問看護ステーション【訪問看護】大阪府高槻市栄町4丁目15番1号ロイヤル暁402号", "url": "https://www.kaigokensaku.mhlw.go.jp/27/index.php?action_kouhyou_detail_004_kani=true&JigyosyoCd=2760990958-00&ServiceCd=130&Type=search", "url2": null }, "geometry": { "type": "Point", "coordinates": [ 135.6051353, 34.828496600000015 ] } },
{ "type": "Feature", "properties": { "内容": "訪問看護ステーションコスタ【訪問看護】大阪府貝塚市水間258-6サンメディカルビル3F", "url": "https://www.kaigokensaku.mhlw.go.jp/27/index.php?action_kouhyou_detail_004_kani=true&JigyosyoCd=2761390380-00&ServiceCd=130&Type=search", "url2": "http://cocos-bigisland.com/" }, "geometry": { "type": "Point", "coordinates": [ 135.3859032, 34.4031734 ] } },
{ "type": "Feature", "properties": { "内容": "とりーと訪問看護ステーション【訪問看護】大阪府貝塚市堤３７１番地タケモトビル3B", "url": "https://www.kaigokensaku.mhlw.go.jp/27/index.php?action_kouhyou_detail_004_kani=true&JigyosyoCd=2761390422-00&ServiceCd=130&Type=search", "url2": "https://eternity-humanity.co.jp/" }, "geometry": { "type": "Point", "coordinates": [ 135.353056127710857, 34.429947183048675 ] } },
{ "type": "Feature", "properties": { "内容": "訪問看護ステーションそら【訪問看護】大阪府貝塚市畠中１丁目7-45-405ハイネスピヴァット４０５号", "url": "https://www.kaigokensaku.mhlw.go.jp/27/index.php?action_kouhyou_detail_004_kani=true&JigyosyoCd=2761390315-00&ServiceCd=130&Type=search", "url2": null }, "geometry": { "type": "Point", "coordinates": [ 135.356164148657797, 34.437224220762523 ] } },
{ "type": "Feature", "properties": { "内容": "訪問看護ステーションKijiN【訪問看護】大阪府貝塚市畠中1丁目2-19", "url": "https://www.kaigokensaku.mhlw.go.jp/27/index.php?action_kouhyou_detail_004_kani=true&JigyosyoCd=2761390307-00&ServiceCd=130&Type=search", "url2": "https://kijin-rehabili.com/" }, "geometry": { "type": "Point", "coordinates": [ 135.3581049, 34.4390461 ] } },
{ "type": "Feature", "properties": { "内容": "く・み・な訪問看護ステーション【訪問看護】大阪府貝塚市澤２４５番地１ミュゲ貝塚", "url": "https://www.kaigokensaku.mhlw.go.jp/27/index.php?action_kouhyou_detail_004_kani=true&JigyosyoCd=2761390364-00&ServiceCd=130&Type=search", "url2": "https://kumina.jp/" }, "geometry": { "type": "Point", "coordinates": [ 135.3403399, 34.4312456 ] } },
{ "type": "Feature", "properties": { "内容": "アウル訪問看護ステーション【訪問看護】大阪府貝塚市畠中1-7-45ハイネスピヴァット302", "url": "https://www.kaigokensaku.mhlw.go.jp/27/index.php?action_kouhyou_detail_004_kani=true&JigyosyoCd=2761390216-00&ServiceCd=130&Type=search", "url2": null }, "geometry": { "type": "Point", "coordinates": [ 135.356145, 34.4370837 ] } },
{ "type": "Feature", "properties": { "内容": "訪問看護ステーションパートナー惠【訪問看護】大阪府貝塚市澤１372番地", "url": "https://www.kaigokensaku.mhlw.go.jp/27/index.php?action_kouhyou_detail_004_kani=true&JigyosyoCd=2761390083-00&ServiceCd=130&Type=search", "url2": "http://kei-care.com" }, "geometry": { "type": "Point", "coordinates": [ 135.349334038553593, 34.434080245117805 ] } },
{ "type": "Feature", "properties": { "内容": "訪問看護ステーションぐらんで南大阪【訪問看護】大阪府貝塚市脇浜1丁目11-29", "url": "https://www.kaigokensaku.mhlw.go.jp/27/index.php?action_kouhyou_detail_004_kani=true&JigyosyoCd=2761390265-00&ServiceCd=130&Type=search", "url2": "https://biscuss.co.jp/" }, "geometry": { "type": "Point", "coordinates": [ 135.3499899, 34.4418554 ] } },
{ "type": "Feature", "properties": { "内容": "プライマリーリハビリ訪問看護ステーション貝塚【訪問看護】大阪府貝塚市近木町3番6号シェルピアコート1階102号", "url": "https://www.kaigokensaku.mhlw.go.jp/27/index.php?action_kouhyou_detail_004_kani=true&JigyosyoCd=2761390331-00&ServiceCd=130&Type=search", "url2": null }, "geometry": { "type": "Point", "coordinates": [ 135.356608227256658, 34.445272692317978 ] } },
{ "type": "Feature", "properties": { "内容": "けあふる訪問看護ステーション【訪問看護】大阪府貝塚市東山１丁目２４番６号", "url": "https://www.kaigokensaku.mhlw.go.jp/27/index.php?action_kouhyou_detail_004_kani=true&JigyosyoCd=2761390430-00&ServiceCd=130&Type=search", "url2": "https://www.keafuru0716.com/" }, "geometry": { "type": "Point", "coordinates": [ 135.38936680740963, 34.416476586399838 ] } },
{ "type": "Feature", "properties": { "内容": "訪問看護ステーションRITA【訪問看護】大阪府貝塚市半田3ｰ6-10シルク阪口2階", "url": "https://www.kaigokensaku.mhlw.go.jp/27/index.php?action_kouhyou_detail_004_kani=true&JigyosyoCd=2761390349-00&ServiceCd=130&Type=search", "url2": null }, "geometry": { "type": "Point", "coordinates": [ 135.3715039, 34.4397677 ] } },
{ "type": "Feature", "properties": { "内容": "らな訪問看護ステーション【訪問看護】大阪府貝塚市麻生中477-5", "url": "https://www.kaigokensaku.mhlw.go.jp/27/index.php?action_kouhyou_detail_004_kani=true&JigyosyoCd=2761390232-00&ServiceCd=130&Type=search", "url2": "https://lana-houmon.jp" }, "geometry": { "type": "Point", "coordinates": [ 135.365138600000023, 34.4299405 ] } },
{ "type": "Feature", "properties": { "内容": "サンケア訪問看護ステーション【訪問看護】大阪府貝塚市新井６６番地３サンケアレーベン貝塚", "url": "https://www.kaigokensaku.mhlw.go.jp/27/index.php?action_kouhyou_detail_004_kani=true&JigyosyoCd=2761390414-00&ServiceCd=130&Type=search", "url2": null }, "geometry": { "type": "Point", "coordinates": [ 135.368591, 34.440670200000021 ] } },
{ "type": "Feature", "properties": { "内容": "訪問看護ステーション　えにし【訪問看護】大阪府貝塚市東山7-6-21", "url": "https://www.kaigokensaku.mhlw.go.jp/27/index.php?action_kouhyou_detail_004_kani=true&JigyosyoCd=2761390182-00&ServiceCd=130&Type=search", "url2": "http://www.kango-enishi.jp" }, "geometry": { "type": "Point", "coordinates": [ 135.38811218933364, 34.408416906662978 ] } },
{ "type": "Feature", "properties": { "内容": "社会医療法人慈薫会訪問看護ステーション【訪問看護】大阪府貝塚市水間244番地", "url": "https://www.kaigokensaku.mhlw.go.jp/27/index.php?action_kouhyou_detail_004_kani=true&JigyosyoCd=2761390018-00&ServiceCd=130&Type=search", "url2": "http://www.jikunnkai.or.jp/" }, "geometry": { "type": "Point", "coordinates": [ 135.3862924, 34.40307760000001 ] } },
{ "type": "Feature", "properties": { "内容": "あんハート訪問看護ステーション【訪問看護】大阪府貝塚市麻生中1005-1コスモスハイツA-106", "url": "https://www.kaigokensaku.mhlw.go.jp/27/index.php?action_kouhyou_detail_004_kani=true&JigyosyoCd=2761390463-00&ServiceCd=130&Type=search", "url2": "https://www.an-heart.com/" }, "geometry": { "type": "Point", "coordinates": [ 135.373471781614683, 34.434478490896417 ] } },
{ "type": "Feature", "properties": { "内容": "訪問看護ステーション　しょうき【訪問看護】大阪府貝塚市清児７３２番地12", "url": "https://www.kaigokensaku.mhlw.go.jp/27/index.php?action_kouhyou_detail_004_kani=true&JigyosyoCd=2761390372-00&ServiceCd=130&Type=search", "url2": "https://syoukikai-npo.or.jp" }, "geometry": { "type": "Point", "coordinates": [ 135.370222899999987, 34.4242437 ] } },
{ "type": "Feature", "properties": { "内容": "LaLa訪問看護ステーション【訪問看護】大阪府貝塚市新井２３３番地１エクセル赤松３０２号", "url": "https://www.kaigokensaku.mhlw.go.jp/27/index.php?action_kouhyou_detail_004_kani=true&JigyosyoCd=2761390398-00&ServiceCd=130&Type=search", "url2": "http://lala-ns-station.com" }, "geometry": { "type": "Point", "coordinates": [ 135.367806699999988, 34.4407929 ] } },
{ "type": "Feature", "properties": { "内容": "訪問看護ステーション花【訪問看護】畠中１丁目７番４５号ハイネスピヴァット４０３ハイネスピヴァット４０３", "url": "https://www.kaigokensaku.mhlw.go.jp/27/index.php?action_kouhyou_detail_004_kani=true&JigyosyoCd=2761390240-00&ServiceCd=130&Type=search", "url2": null }, "geometry": { "type": "Point", "coordinates": [ 135.3562359, 34.437063 ] } },
{ "type": "Feature", "properties": { "内容": "にじいろ訪問看護ステーション【訪問看護】大阪府貝塚市加神１丁目3-14", "url": "https://www.kaigokensaku.mhlw.go.jp/27/index.php?action_kouhyou_detail_004_kani=true&JigyosyoCd=2761390273-00&ServiceCd=130&Type=search", "url2": "https://nijiiro-kango.com" }, "geometry": { "type": "Point", "coordinates": [ 135.356647052778612, 34.442253267610766 ] } },
{ "type": "Feature", "properties": { "内容": "ハル訪問看護ステーション【訪問看護】大阪府貝塚市畠中1-7-45ハイネスピヴァット301号", "url": "https://www.kaigokensaku.mhlw.go.jp/27/index.php?action_kouhyou_detail_004_kani=true&JigyosyoCd=2761390323-00&ServiceCd=130&Type=search", "url2": null }, "geometry": { "type": "Point", "coordinates": [ 135.3562359, 34.437063 ] } },
{ "type": "Feature", "properties": { "内容": "訪問看護ステーション8【訪問看護】大阪府貝塚市北町12番3号3号室", "url": "https://www.kaigokensaku.mhlw.go.jp/27/index.php?action_kouhyou_detail_004_kani=true&JigyosyoCd=2761390489-00&ServiceCd=130&Type=search", "url2": null }, "geometry": { "type": "Point", "coordinates": [ 135.3581615, 34.4497974 ] } },
{ "type": "Feature", "properties": { "内容": "訪問看護ステーション　ナンバーワン貝塚【訪問看護】大阪府貝塚市堤356-1", "url": "https://www.kaigokensaku.mhlw.go.jp/27/index.php?action_kouhyou_detail_004_kani=true&JigyosyoCd=2761390356-00&ServiceCd=130&Type=search", "url2": "https://kinjito.jp" }, "geometry": { "type": "Point", "coordinates": [ 135.3557089, 34.43199 ] } },
{ "type": "Feature", "properties": { "内容": "MAHALO訪問看護ステーション【訪問看護】大阪府守口市八雲西町4-20-14ジュネス２０２号", "url": "https://www.kaigokensaku.mhlw.go.jp/27/index.php?action_kouhyou_detail_004_kani=true&JigyosyoCd=2763290588-00&ServiceCd=130&Type=search", "url2": null }, "geometry": { "type": "Point", "coordinates": [ 135.5655293, 34.7486646 ] } },
{ "type": "Feature", "properties": { "内容": "訪問看護ステーション　みずまり【訪問看護】大阪府守口市佐太東町1丁目40番3エステ・スクエアアクロス大日205", "url": "https://www.kaigokensaku.mhlw.go.jp/27/index.php?action_kouhyou_detail_004_kani=true&JigyosyoCd=2763290596-00&ServiceCd=130&Type=search", "url2": "https://mizumari-hokan.jp/" }, "geometry": { "type": "Point", "coordinates": [ 135.587519500000013, 34.7552125 ] } },
{ "type": "Feature", "properties": { "内容": "aise株式会社　げんきvillage訪問看護【訪問看護】大阪府守口市大久保町３丁目１３−４げんきvillage", "url": "https://www.kaigokensaku.mhlw.go.jp/27/index.php?action_kouhyou_detail_004_kani=true&JigyosyoCd=2763290281-00&ServiceCd=130&Type=search", "url2": "https://www.genki-village.com" }, "geometry": { "type": "Point", "coordinates": [ 135.593738199999962, 34.7534202 ] } },
{ "type": "Feature", "properties": { "内容": "スギ訪問看護ステーション西三荘【訪問看護】大阪府守口市橋波東之町3-4-4", "url": "https://www.kaigokensaku.mhlw.go.jp/27/index.php?action_kouhyou_detail_004_kani=true&JigyosyoCd=2763290380-00&ServiceCd=130&Type=search", "url2": null }, "geometry": { "type": "Point", "coordinates": [ 135.5742205, 34.7374484 ] } },
{ "type": "Feature", "properties": { "内容": "医療法人愛泉会訪問看護ステーション【訪問看護】大阪府守口市藤田町4丁目3番7号ｼﾙﾋﾞｱいずみ1階", "url": "https://www.kaigokensaku.mhlw.go.jp/27/index.php?action_kouhyou_detail_004_kani=true&JigyosyoCd=2763290265-00&ServiceCd=130&Type=search", "url2": "https://ai-sen-kai.or.jp/" }, "geometry": { "type": "Point", "coordinates": [ 135.6008031, 34.7479661 ] } },
{ "type": "Feature", "properties": { "内容": "関医訪問看護ステーション・滝井【訪問看護】大阪府守口市滝井西町3－4－10", "url": "https://www.kaigokensaku.mhlw.go.jp/27/index.php?action_kouhyou_detail_004_kani=true&JigyosyoCd=2763290257-00&ServiceCd=130&Type=search", "url2": "http://www.kmu.ac.jp/takii/hospital/kango.html" }, "geometry": { "type": "Point", "coordinates": [ 135.55484679999995, 34.7272239 ] } },
{ "type": "Feature", "properties": { "内容": "訪問看護ステーションROCOCO【訪問看護】大阪府守口市佐太中町二丁目２２番１１号", "url": "https://www.kaigokensaku.mhlw.go.jp/27/index.php?action_kouhyou_detail_004_kani=true&JigyosyoCd=2763290414-00&ServiceCd=130&Type=search", "url2": "https://www.capuco.jp" }, "geometry": { "type": "Point", "coordinates": [ 135.582503800000012, 34.7567386 ] } },
{ "type": "Feature", "properties": { "内容": "フォーユー訪問看護リハビリステーション【訪問看護】大阪府守口市藤田町1-2-27-120シティハイツ古川橋", "url": "https://www.kaigokensaku.mhlw.go.jp/27/index.php?action_kouhyou_detail_004_kani=true&JigyosyoCd=2763290463-00&ServiceCd=130&Type=search", "url2": null }, "geometry": { "type": "Point", "coordinates": [ 135.595092314738309, 34.745919838277473 ] } },
{ "type": "Feature", "properties": { "内容": "Ai訪問看護ステーション【訪問看護】大阪府守口市長池町６－３101", "url": "https://www.kaigokensaku.mhlw.go.jp/27/index.php?action_kouhyou_detail_004_kani=true&JigyosyoCd=2763290497-00&ServiceCd=130&Type=search", "url2": null }, "geometry": { "type": "Point", "coordinates": [ 135.559835300000032, 34.7276095 ] } },
{ "type": "Feature", "properties": { "内容": "はーとふる訪問看護ステーション【訪問看護】大阪府守口市大久保町1丁目45-11", "url": "https://www.kaigokensaku.mhlw.go.jp/27/index.php?action_kouhyou_detail_004_kani=true&JigyosyoCd=2763290349-00&ServiceCd=130&Type=search", "url2": "http://yui-group.jp/" }, "geometry": { "type": "Point", "coordinates": [ 135.596389268498626, 34.752822409047873 ] } },
{ "type": "Feature", "properties": { "内容": "ユミト訪問看護ステーション【訪問看護】大阪府守口市金下町2丁目3-29淀川第二ビル2階、3階", "url": "https://www.kaigokensaku.mhlw.go.jp/27/index.php?action_kouhyou_detail_004_kani=true&JigyosyoCd=2763290232-00&ServiceCd=130&Type=search", "url2": "https://www.umithoumon.com" }, "geometry": { "type": "Point", "coordinates": [ 135.5635604, 34.736061300000017 ] } },
{ "type": "Feature", "properties": { "内容": "弘道会訪問看護ステーションラガール【訪問看護】大阪府守口市金田町４丁目５番１６号守口金田ケアセンターラガール1階", "url": "https://www.kaigokensaku.mhlw.go.jp/27/index.php?action_kouhyou_detail_004_kani=true&JigyosyoCd=2763290398-00&ServiceCd=130&Type=search", "url2": "https://nurse.koudoukai.or.jp/facility/kango/" }, "geometry": { "type": "Point", "coordinates": [ 135.5921306, 34.7601945 ] } },
{ "type": "Feature", "properties": { "内容": "ロイヤル・ケア訪問看護ステーション【訪問看護】守口市八雲西町１－１５－２", "url": "https://www.kaigokensaku.mhlw.go.jp/27/index.php?action_kouhyou_detail_004_kani=true&JigyosyoCd=2763290067-00&ServiceCd=130&Type=search", "url2": null }, "geometry": { "type": "Point", "coordinates": [ 135.563436799999977, 34.7448387 ] } },
{ "type": "Feature", "properties": { "内容": "橋本在宅クリニック訪問看護【訪問看護】大阪府守口市日吉町1丁目3-12", "url": "https://www.kaigokensaku.mhlw.go.jp/27/index.php?action_kouhyou_detail_004_kani=true&JigyosyoCd=2713205322-00&ServiceCd=130&Type=search", "url2": "https://www.hashimoto.or.jp/" }, "geometry": { "type": "Point", "coordinates": [ 135.5581407, 34.7323623 ] } },
{ "type": "Feature", "properties": { "内容": "訪問看護ステーション　トゥーハートケア【訪問看護】大阪府守口市東光町1-20-16", "url": "https://www.kaigokensaku.mhlw.go.jp/27/index.php?action_kouhyou_detail_004_kani=true&JigyosyoCd=2763290562-00&ServiceCd=130&Type=search", "url2": null }, "geometry": { "type": "Point", "coordinates": [ 135.5705544, 34.7320805 ] } },
{ "type": "Feature", "properties": { "内容": "ドクターサンゴ訪問看護ステーション【訪問看護】大阪府守口市佐太東町1丁目17ー9", "url": "https://www.kaigokensaku.mhlw.go.jp/27/index.php?action_kouhyou_detail_004_kani=true&JigyosyoCd=2763290620-00&ServiceCd=130&Type=search", "url2": null }, "geometry": { "type": "Point", "coordinates": [ 135.586137, 34.7536654 ] } },
{ "type": "Feature", "properties": { "内容": "Kiitos訪問看護ステーション【訪問看護】大阪府守口市高瀬町3丁目9番35号コムズスクエア高瀬104号", "url": "https://www.kaigokensaku.mhlw.go.jp/27/index.php?action_kouhyou_detail_004_kani=true&JigyosyoCd=2763290612-00&ServiceCd=130&Type=search", "url2": null }, "geometry": { "type": "Point", "coordinates": [ 135.5648506, 34.7269939 ] } },
{ "type": "Feature", "properties": { "内容": "訪問看護ステーションユーアンドアイ【訪問看護】大阪府守口市東町２丁目７番１号", "url": "https://www.kaigokensaku.mhlw.go.jp/27/index.php?action_kouhyou_detail_004_kani=true&JigyosyoCd=2763290406-00&ServiceCd=130&Type=search", "url2": null }, "geometry": { "type": "Point", "coordinates": [ 135.6051299, 34.7488989 ] } },
{ "type": "Feature", "properties": { "内容": "訪問看護リハビリステーションみらいけあ【訪問看護】大阪府守口市西郷通1－11－25フジハイツ301", "url": "https://www.kaigokensaku.mhlw.go.jp/27/index.php?action_kouhyou_detail_004_kani=true&JigyosyoCd=2763290315-00&ServiceCd=130&Type=search", "url2": null }, "geometry": { "type": "Point", "coordinates": [ 135.571586599999989, 34.7325808 ] } },
{ "type": "Feature", "properties": { "内容": "を多福訪問看護ステーション【訪問看護】大阪府守口市八雲西町２丁目24-7エイトアベニュー205号室", "url": "https://www.kaigokensaku.mhlw.go.jp/27/index.php?action_kouhyou_detail_004_kani=true&JigyosyoCd=2763290471-00&ServiceCd=130&Type=search", "url2": "https://www.otafukukango.com" }, "geometry": { "type": "Point", "coordinates": [ 135.566917252778637, 34.74590828665022 ] } },
{ "type": "Feature", "properties": { "内容": "メリーリハビリ訪問看護ステーション【訪問看護】大阪府守口市竹町８番１８号", "url": "https://www.kaigokensaku.mhlw.go.jp/27/index.php?action_kouhyou_detail_004_kani=true&JigyosyoCd=2763290182-00&ServiceCd=130&Type=search", "url2": "http://merry.glo-medi.com" }, "geometry": { "type": "Point", "coordinates": [ 135.562076, 34.738684 ] } },
{ "type": "Feature", "properties": { "内容": "ユルベール訪問看護ステーション【訪問看護】大阪府守口市南寺方東通1-13-21クジラール東通り", "url": "https://www.kaigokensaku.mhlw.go.jp/27/index.php?action_kouhyou_detail_004_kani=true&JigyosyoCd=2763290299-00&ServiceCd=130&Type=search", "url2": "https://yb-t．com" }, "geometry": { "type": "Point", "coordinates": [ 135.5696026, 34.7175474 ] } },
{ "type": "Feature", "properties": { "内容": "やしのきリハビリ訪問看護ステーション【訪問看護】大阪府守口市金田町2丁目57-6Kプラザ守口101号室", "url": "https://www.kaigokensaku.mhlw.go.jp/27/index.php?action_kouhyou_detail_004_kani=true&JigyosyoCd=2763290307-00&ServiceCd=130&Type=search", "url2": "https://www.xn--w8jta3e3dssya3nc7694fpr8cn7zbijd.com/recruit" }, "geometry": { "type": "Point", "coordinates": [ 135.5911554, 34.7598571 ] } },
{ "type": "Feature", "properties": { "内容": "訪問看護ステーションはるる【訪問看護】大阪府守口市大日町１丁目１５－２６レインボービル２０２", "url": "https://www.kaigokensaku.mhlw.go.jp/27/index.php?action_kouhyou_detail_004_kani=true&JigyosyoCd=2763290224-00&ServiceCd=130&Type=search", "url2": null }, "geometry": { "type": "Point", "coordinates": [ 135.5753483, 34.7533153 ] } },
{ "type": "Feature", "properties": { "内容": "オールケア守口訪問看護ステーション【訪問看護】大阪府守口市大久保町１丁目24番７号", "url": "https://www.kaigokensaku.mhlw.go.jp/27/index.php?action_kouhyou_detail_004_kani=true&JigyosyoCd=2763290604-00&ServiceCd=130&Type=search", "url2": null }, "geometry": { "type": "Point", "coordinates": [ 135.5939788, 34.7513278 ] } },
{ "type": "Feature", "properties": { "内容": "きみこ訪問看護ステーション【訪問看護】大阪府守口市早苗町6-17ダイヤモンドJ2F", "url": "https://www.kaigokensaku.mhlw.go.jp/27/index.php?action_kouhyou_detail_004_kani=true&JigyosyoCd=2763290356-00&ServiceCd=130&Type=search", "url2": "https://www.keihankaigo.co.jp/" }, "geometry": { "type": "Point", "coordinates": [ 135.5622665, 34.729458 ] } },
{ "type": "Feature", "properties": { "内容": "わがまま訪問看護ステーション【訪問看護】大阪府守口市大日町１丁目１５－２６レインボービル２０３号室", "url": "https://www.kaigokensaku.mhlw.go.jp/27/index.php?action_kouhyou_detail_004_kani=true&JigyosyoCd=2763290646-00&ServiceCd=130&Type=search", "url2": null }, "geometry": { "type": "Point", "coordinates": [ 135.5753243, 34.75332 ] } },
{ "type": "Feature", "properties": { "内容": "訪問看護ステーションあおい【訪問看護】大阪府守口市菊水通2-19-1菊水第二ビル202", "url": "https://www.kaigokensaku.mhlw.go.jp/27/index.php?action_kouhyou_detail_004_kani=true&JigyosyoCd=2763290539-00&ServiceCd=130&Type=search", "url2": "http://hp.kaipoke.biz/fkp/" }, "geometry": { "type": "Point", "coordinates": [ 135.5790734, 34.7307341 ] } },
{ "type": "Feature", "properties": { "内容": "訪問看護ステーションやすら木【訪問看護】大阪府守口市早苗町6－17ダイヤモンドJ3階", "url": "https://www.kaigokensaku.mhlw.go.jp/27/index.php?action_kouhyou_detail_004_kani=true&JigyosyoCd=2763290653-00&ServiceCd=130&Type=search", "url2": null }, "geometry": { "type": "Point", "coordinates": [ 135.5619079, 34.7328611 ] } },
{ "type": "Feature", "properties": { "内容": "IKOI訪問看護ステーション守口【訪問看護】大阪府守口市南寺方東通3-3-20", "url": "https://www.kaigokensaku.mhlw.go.jp/27/index.php?action_kouhyou_detail_004_kani=true&JigyosyoCd=2763290422-00&ServiceCd=130&Type=search", "url2": "http://www.ikoi-group.com/" }, "geometry": { "type": "Point", "coordinates": [ 135.57357250000004, 34.721975700000037 ] } },
{ "type": "Feature", "properties": { "内容": "訪問看護ステーションクオーレ【訪問看護】大阪府守口市東光町3丁目4番23号", "url": "https://www.kaigokensaku.mhlw.go.jp/27/index.php?action_kouhyou_detail_004_kani=true&JigyosyoCd=2763290661-00&ServiceCd=130&Type=search", "url2": null }, "geometry": { "type": "Point", "coordinates": [ 135.570246200000014, 34.7301006 ] } },
{ "type": "Feature", "properties": { "内容": "訪問看護ステーションかあむ【訪問看護】大阪府枚方市中宮西之町５番10号和光ハイツ302", "url": "https://www.kaigokensaku.mhlw.go.jp/27/index.php?action_kouhyou_detail_004_kani=true&JigyosyoCd=2762491328-00&ServiceCd=130&Type=search", "url2": null }, "geometry": { "type": "Point", "coordinates": [ 135.662597299999987, 34.8163537 ] } },
{ "type": "Feature", "properties": { "内容": "まみーるーむ訪問看護ステーションひらかた【訪問看護】大阪府枚方市長尾元町7丁目21-6共栄ハイツ第5　106号室", "url": "https://www.kaigokensaku.mhlw.go.jp/27/index.php?action_kouhyou_detail_004_kani=true&JigyosyoCd=2762491336-00&ServiceCd=130&Type=search", "url2": "https://www.instagram.com/mami_room_smile1115?igsh=MWgzangzdXRiYmVoaA%3D%3D" }, "geometry": { "type": "Point", "coordinates": [ 135.710378100000042, 34.8327381 ] } },
{ "type": "Feature", "properties": { "内容": "ＫＹＫ訪問看護ステーション【訪問看護】大阪府枚方市楠葉朝日1丁目21-8ケアスペース朝日201", "url": "https://www.kaigokensaku.mhlw.go.jp/27/index.php?action_kouhyou_detail_004_kani=true&JigyosyoCd=2762491385-00&ServiceCd=130&Type=search", "url2": null }, "geometry": { "type": "Point", "coordinates": [ 135.686490900000024, 34.8558014 ] } },
{ "type": "Feature", "properties": { "内容": "訪問看護ステーション　ナービスくずは【訪問看護】大阪府枚方市楠葉花園町１４－１", "url": "https://www.kaigokensaku.mhlw.go.jp/27/index.php?action_kouhyou_detail_004_kani=true&JigyosyoCd=2762490262-00&ServiceCd=130&Type=search", "url2": "https://joylife.alsok.co.jp" }, "geometry": { "type": "Point", "coordinates": [ 135.675723877315477, 34.861569101580443 ] } },
{ "type": "Feature", "properties": { "内容": "スターク訪問看護ステーション枚方禁野【訪問看護】大阪府枚方市禁野本町1-8-11サンドール十番館1F", "url": "https://www.kaigokensaku.mhlw.go.jp/27/index.php?action_kouhyou_detail_004_kani=true&JigyosyoCd=2762490932-00&ServiceCd=130&Type=search", "url2": "https://star-q.jp/" }, "geometry": { "type": "Point", "coordinates": [ 135.6574443, 34.8193333 ] } },
{ "type": "Feature", "properties": { "内容": "訪問看護ステーション彩Saiひらかた【訪問看護】大阪府枚方市北中振４丁目８－１５友田ビル３０２号室", "url": "https://www.kaigokensaku.mhlw.go.jp/27/index.php?action_kouhyou_detail_004_kani=true&JigyosyoCd=2762490858-00&ServiceCd=130&Type=search", "url2": "https://sunlink.co.jp/" }, "geometry": { "type": "Point", "coordinates": [ 135.627584800000022, 34.7987451 ] } },
{ "type": "Feature", "properties": { "内容": "アーチ訪問看護ステーション【訪問看護】大阪府枚方市楠葉野田一丁目29番16号202", "url": "https://www.kaigokensaku.mhlw.go.jp/27/index.php?action_kouhyou_detail_004_kani=true&JigyosyoCd=2762491104-00&ServiceCd=130&Type=search", "url2": "https://arch294.com" }, "geometry": { "type": "Point", "coordinates": [ 135.681890353390202, 34.866263564670568 ] } },
{ "type": "Feature", "properties": { "内容": "あきず訪問看護ステーション【訪問看護】大阪府枚方市招提南町3丁目2-20", "url": "https://www.kaigokensaku.mhlw.go.jp/27/index.php?action_kouhyou_detail_004_kani=true&JigyosyoCd=2762490809-00&ServiceCd=130&Type=search", "url2": "http://www.isupport-group.com" }, "geometry": { "type": "Point", "coordinates": [ 135.685066339286777, 34.830842680143185 ] } },
{ "type": "Feature", "properties": { "内容": "訪問看護ステーションぐっどケアにじ【訪問看護】大阪府枚方市津田元町2-54-5", "url": "https://www.kaigokensaku.mhlw.go.jp/27/index.php?action_kouhyou_detail_004_kani=true&JigyosyoCd=2762490585-00&ServiceCd=130&Type=search", "url2": "http://goodcare-2005.com/" }, "geometry": { "type": "Point", "coordinates": [ 135.705449680212496, 34.810116410448238 ] } },
{ "type": "Feature", "properties": { "内容": "医療法人よつば会すわ診療所【訪問看護】大阪府枚方市渚南町26-5", "url": "https://www.kaigokensaku.mhlw.go.jp/27/index.php?action_kouhyou_detail_004_kani=true&JigyosyoCd=2712408802-00&ServiceCd=130&Type=search", "url2": "https://suwashinryousho.com/" }, "geometry": { "type": "Point", "coordinates": [ 135.6537629, 34.826927900000015 ] } },
{ "type": "Feature", "properties": { "内容": "医療法人りんどう会　向山病院訪問看護ステーション【訪問看護】大阪府枚方市招提元町１－４３－６", "url": "https://www.kaigokensaku.mhlw.go.jp/27/index.php?action_kouhyou_detail_004_kani=true&JigyosyoCd=2762490171-00&ServiceCd=130&Type=search", "url2": "http://www.mukaiyama.or.jp/" }, "geometry": { "type": "Point", "coordinates": [ 135.688969451589998, 34.839510118088903 ] } },
{ "type": "Feature", "properties": { "内容": "桃寿苑訪問看護ステーション【訪問看護】大阪府枚方市岡本町10番25号桃寿苑枚方", "url": "https://www.kaigokensaku.mhlw.go.jp/27/index.php?action_kouhyou_detail_004_kani=true&JigyosyoCd=2762491195-00&ServiceCd=130&Type=search", "url2": null }, "geometry": { "type": "Point", "coordinates": [ 135.64501150000001, 34.8151998 ] } },
{ "type": "Feature", "properties": { "内容": "さかの訪問看護ステ－ション【訪問看護】大阪府枚方市中宮本町９番３号", "url": "https://www.kaigokensaku.mhlw.go.jp/27/index.php?action_kouhyou_detail_004_kani=true&JigyosyoCd=2762490569-00&ServiceCd=130&Type=search", "url2": null }, "geometry": { "type": "Point", "coordinates": [ 135.662102029921442, 34.819651860901054 ] } },
{ "type": "Feature", "properties": { "内容": "天の川訪問看護ステーション【訪問看護】大阪府枚方市宮之阪2丁目3-9", "url": "https://www.kaigokensaku.mhlw.go.jp/27/index.php?action_kouhyou_detail_004_kani=true&JigyosyoCd=2762491062-00&ServiceCd=130&Type=search", "url2": null }, "geometry": { "type": "Point", "coordinates": [ 135.65680333029718, 34.81513076473567 ] } },
{ "type": "Feature", "properties": { "内容": "関医訪問看護ステ－ション・くずは【訪問看護】大阪府枚方市楠葉花園町4-10", "url": "https://www.kaigokensaku.mhlw.go.jp/27/index.php?action_kouhyou_detail_004_kani=true&JigyosyoCd=2762490817-00&ServiceCd=130&Type=search", "url2": null }, "geometry": { "type": "Point", "coordinates": [ 135.6765938, 34.856976300000021 ] } },
{ "type": "Feature", "properties": { "内容": "関医訪問看護ステーション・枚方【訪問看護】大阪府枚方市新町一丁目9番11号", "url": "https://www.kaigokensaku.mhlw.go.jp/27/index.php?action_kouhyou_detail_004_kani=true&JigyosyoCd=2762490940-00&ServiceCd=130&Type=search", "url2": "https://hp.kmu.ac.jp/about/nursingcare/kum_home_nursing/" }, "geometry": { "type": "Point", "coordinates": [ 135.647233300000039, 34.8167086 ] } },
{ "type": "Feature", "properties": { "内容": "あむーる訪問看護ステーション【訪問看護】大阪府枚方市東田宮1丁目11-30田中ビル201号", "url": "https://www.kaigokensaku.mhlw.go.jp/27/index.php?action_kouhyou_detail_004_kani=true&JigyosyoCd=2762491286-00&ServiceCd=130&Type=search", "url2": "http://amour-hokan.com" }, "geometry": { "type": "Point", "coordinates": [ 135.652429399999988, 34.808021 ] } },
{ "type": "Feature", "properties": { "内容": "MYY訪問看護ステーション【訪問看護】大阪府枚方市招提元町1丁目2番31号サンシャインⅡ101号", "url": "https://www.kaigokensaku.mhlw.go.jp/27/index.php?action_kouhyou_detail_004_kani=true&JigyosyoCd=2762490791-00&ServiceCd=130&Type=search", "url2": null }, "geometry": { "type": "Point", "coordinates": [ 135.683053, 34.8402915 ] } },
{ "type": "Feature", "properties": { "内容": "ACE訪問看護ステーション【訪問看護】大阪府枚方市西禁野2-5-18", "url": "https://www.kaigokensaku.mhlw.go.jp/27/index.php?action_kouhyou_detail_004_kani=true&JigyosyoCd=2762491112-00&ServiceCd=130&Type=search", "url2": "https://ace-nursing-station.studio.site/" }, "geometry": { "type": "Point", "coordinates": [ 135.6527882, 34.8200699 ] } },
{ "type": "Feature", "properties": { "内容": "訪問看護ステーションGRACIL枚方【訪問看護】大阪府枚方市宇山東7-7", "url": "https://www.kaigokensaku.mhlw.go.jp/27/index.php?action_kouhyou_detail_004_kani=true&JigyosyoCd=2762491278-00&ServiceCd=130&Type=search", "url2": "https://akarihome.com/" }, "geometry": { "type": "Point", "coordinates": [ 135.6716758, 34.8437182 ] } },
{ "type": "Feature", "properties": { "内容": "おかもと訪問看護ステーション枚方【訪問看護】大阪府枚方市津田元町1丁目3-12岡本ビル3階", "url": "https://www.kaigokensaku.mhlw.go.jp/27/index.php?action_kouhyou_detail_004_kani=true&JigyosyoCd=2762490635-00&ServiceCd=130&Type=search", "url2": "https://okamoto-hns.com" }, "geometry": { "type": "Point", "coordinates": [ 135.701498937634284, 34.808548599211626 ] } },
{ "type": "Feature", "properties": { "内容": "シャインツリー訪問看護ステーション【訪問看護】大阪府枚方市走谷二丁目36番4号", "url": "https://www.kaigokensaku.mhlw.go.jp/27/index.php?action_kouhyou_detail_004_kani=true&JigyosyoCd=2762491252-00&ServiceCd=130&Type=search", "url2": null }, "geometry": { "type": "Point", "coordinates": [ 135.63196640000001, 34.8023687 ] } },
{ "type": "Feature", "properties": { "内容": "益ちる訪問看護ステーション【訪問看護】大阪府枚方市香里ケ丘10丁目3468-11CASA　K.A.A棟101号", "url": "https://www.kaigokensaku.mhlw.go.jp/27/index.php?action_kouhyou_detail_004_kani=true&JigyosyoCd=2762490759-00&ServiceCd=130&Type=search", "url2": null }, "geometry": { "type": "Point", "coordinates": [ 135.6444981, 34.784353 ] } },
{ "type": "Feature", "properties": { "内容": "ケアライフ訪問看護ステーション【訪問看護】大阪府枚方市三矢町2番10号", "url": "https://www.kaigokensaku.mhlw.go.jp/27/index.php?action_kouhyou_detail_004_kani=true&JigyosyoCd=2762490205-00&ServiceCd=130&Type=search", "url2": "http://www.care-life.jp" }, "geometry": { "type": "Point", "coordinates": [ 135.643494899999951, 34.8149567 ] } },
{ "type": "Feature", "properties": { "内容": "看護クラーク御殿山訪問看護ステーション【訪問看護】大阪府枚方市御殿山町14-21ReHOPE御殿山南館内", "url": "https://www.kaigokensaku.mhlw.go.jp/27/index.php?action_kouhyou_detail_004_kani=true&JigyosyoCd=2762491013-00&ServiceCd=130&Type=search", "url2": null }, "geometry": { "type": "Point", "coordinates": [ 135.656981300000012, 34.8272558 ] } },
{ "type": "Feature", "properties": { "内容": "アイ・エスひらかた訪問看護ステーション【訪問看護】大阪府枚方市走谷２－３１－１", "url": "https://www.kaigokensaku.mhlw.go.jp/27/index.php?action_kouhyou_detail_004_kani=true&JigyosyoCd=2762490536-00&ServiceCd=130&Type=search", "url2": "http://www.is-kango.jp" }, "geometry": { "type": "Point", "coordinates": [ 135.631765299999984, 34.8014525 ] } },
{ "type": "Feature", "properties": { "内容": "IKOI訪問看護ステーション東香里【訪問看護】大阪府枚方市東香里南町8⁻15IKOIナーシングホーム東香里", "url": "https://www.kaigokensaku.mhlw.go.jp/27/index.php?action_kouhyou_detail_004_kani=true&JigyosyoCd=2762491294-00&ServiceCd=130&Type=search", "url2": "https://www.ikoi-group.com/" }, "geometry": { "type": "Point", "coordinates": [ 135.653730200000012, 34.7748799 ] } },
{ "type": "Feature", "properties": { "内容": "ひかり訪問看護ステーション【訪問看護】須山町39番6号", "url": "https://www.kaigokensaku.mhlw.go.jp/27/index.php?action_kouhyou_detail_004_kani=true&JigyosyoCd=2762491039-00&ServiceCd=130&Type=search", "url2": "https://hikari-houmonkango.com/" }, "geometry": { "type": "Point", "coordinates": [ 135.673156600000027, 34.8223667 ] } },
{ "type": "Feature", "properties": { "内容": "訪問看護ステーション　ミストラルくずは【訪問看護】大阪府枚方市楠葉朝日１丁目3-15", "url": "https://www.kaigokensaku.mhlw.go.jp/27/index.php?action_kouhyou_detail_004_kani=true&JigyosyoCd=2762491146-00&ServiceCd=130&Type=search", "url2": "http://mistralservice.co.jp/" }, "geometry": { "type": "Point", "coordinates": [ 135.683786384655775, 34.856102380134445 ] } },
{ "type": "Feature", "properties": { "内容": "訪問看護ステーション　コネクトひらかた【訪問看護】大阪府枚方市新町一丁目6番21号モリビル枚方101号室", "url": "https://www.kaigokensaku.mhlw.go.jp/27/index.php?action_kouhyou_detail_004_kani=true&JigyosyoCd=2762490957-00&ServiceCd=130&Type=search", "url2": "https://www.region-connect.com/" }, "geometry": { "type": "Point", "coordinates": [ 135.648948499999989, 34.818968199999986 ] } },
{ "type": "Feature", "properties": { "内容": "リニエ訪問看護ステーション枚方【訪問看護】大阪府枚方市西禁野2-2-28第一黒川ビル2F", "url": "https://www.kaigokensaku.mhlw.go.jp/27/index.php?action_kouhyou_detail_004_kani=true&JigyosyoCd=2762491211-00&ServiceCd=130&Type=search", "url2": "https://linie-group.jp/office/houmonkango-hirakata/" }, "geometry": { "type": "Point", "coordinates": [ 135.6529903, 34.8183742 ] } },
{ "type": "Feature", "properties": { "内容": "訪問看護ステーション　関西リハ【訪問看護】大阪府枚方市東香里3丁目44-41", "url": "https://www.kaigokensaku.mhlw.go.jp/27/index.php?action_kouhyou_detail_004_kani=true&JigyosyoCd=2762490353-00&ServiceCd=130&Type=search", "url2": "http://kansaireha.com/" }, "geometry": { "type": "Point", "coordinates": [ 135.650964651540789, 34.783469249632354 ] } },
{ "type": "Feature", "properties": { "内容": "喜笑家訪問看護ステーション【訪問看護】大阪府枚方市藤阪元町1丁目１１番3号", "url": "https://www.kaigokensaku.mhlw.go.jp/27/index.php?action_kouhyou_detail_004_kani=true&JigyosyoCd=2762491161-00&ServiceCd=130&Type=search", "url2": "https://kishouya-nurse.com/" }, "geometry": { "type": "Point", "coordinates": [ 135.701724099999979, 34.8175148 ] } },
{ "type": "Feature", "properties": { "内容": "東香里病院訪問看護ステーション【訪問看護】大阪府枚方市東香里1-24-34", "url": "https://www.kaigokensaku.mhlw.go.jp/27/index.php?action_kouhyou_detail_004_kani=true&JigyosyoCd=2762490114-00&ServiceCd=130&Type=search", "url2": "https://higashikouri-hp.com/courses/visit/" }, "geometry": { "type": "Point", "coordinates": [ 135.656914542327854, 34.779916758772181 ] } },
{ "type": "Feature", "properties": { "内容": "独立行政法人地域医療機能推進機構　星ヶ丘医療センター訪問看護ステーション【訪問看護】大阪府枚方市星丘４丁目８番6号星ヶ丘医療センター附属訪問看護ステーション", "url": "https://www.kaigokensaku.mhlw.go.jp/27/index.php?action_kouhyou_detail_004_kani=true&JigyosyoCd=2762490544-00&ServiceCd=130&Type=search", "url2": "http://hoshigaoka.jcho.go.jp" }, "geometry": { "type": "Point", "coordinates": [ 135.669763867130087, 34.810476272746889 ] } },
{ "type": "Feature", "properties": { "内容": "訪問看護ステーションWish【訪問看護】大阪府枚方市町楠葉1丁目9番20号第2ハイツ桑田303号室", "url": "https://www.kaigokensaku.mhlw.go.jp/27/index.php?action_kouhyou_detail_004_kani=true&JigyosyoCd=2762490593-00&ServiceCd=130&Type=search", "url2": "https://risoel.jp/index.htm" }, "geometry": { "type": "Point", "coordinates": [ 135.678207842327879, 34.863057664515445 ] } },
{ "type": "Feature", "properties": { "内容": "クローバー訪問看護ステーション【訪問看護】大阪府枚方市招提平野町５－１１一の谷別館102", "url": "https://www.kaigokensaku.mhlw.go.jp/27/index.php?action_kouhyou_detail_004_kani=true&JigyosyoCd=2762490767-00&ServiceCd=130&Type=search", "url2": "https://www.big-advance.site/c/161/1907" }, "geometry": { "type": "Point", "coordinates": [ 135.678776631117643, 34.840468346203416 ] } },
{ "type": "Feature", "properties": { "内容": "訪問看護ステーションまいか【訪問看護】大阪府枚方市三矢町3番9-201号", "url": "https://www.kaigokensaku.mhlw.go.jp/27/index.php?action_kouhyou_detail_004_kani=true&JigyosyoCd=2762490650-00&ServiceCd=130&Type=search", "url2": "https://vn-maica.net" }, "geometry": { "type": "Point", "coordinates": [ 135.641021668412378, 34.814042871298646 ] } },
{ "type": "Feature", "properties": { "内容": "訪問看護ステーションはなまるナース【訪問看護】大阪府枚方市山之上北町5番2号サンエース山之上ビル202", "url": "https://www.kaigokensaku.mhlw.go.jp/27/index.php?action_kouhyou_detail_004_kani=true&JigyosyoCd=2762490577-00&ServiceCd=130&Type=search", "url2": "http://www.hanamaru-day.com" }, "geometry": { "type": "Point", "coordinates": [ 135.653843601470953, 34.804987437889757 ] } },
{ "type": "Feature", "properties": { "内容": "あすか訪問看護ステーション【訪問看護】大阪府枚方市津田元町1丁目15番8号201号室", "url": "https://www.kaigokensaku.mhlw.go.jp/27/index.php?action_kouhyou_detail_004_kani=true&JigyosyoCd=2762490288-00&ServiceCd=130&Type=search", "url2": null }, "geometry": { "type": "Point", "coordinates": [ 135.701298799999961, 34.808088500000011 ] } },
{ "type": "Feature", "properties": { "内容": "ライフサービス春日訪問看護ステーション【訪問看護】大阪府枚方市茄子作北町30番8-201号", "url": "https://www.kaigokensaku.mhlw.go.jp/27/index.php?action_kouhyou_detail_004_kani=true&JigyosyoCd=2762490270-00&ServiceCd=130&Type=search", "url2": "https://kasuga-dayservice.studio.site/" }, "geometry": { "type": "Point", "coordinates": [ 135.662567113639057, 34.788266442236015 ] } },
{ "type": "Feature", "properties": { "内容": "訪問看護ステーションみらい【訪問看護】大阪府枚方市禁野本町2丁目7-2301号", "url": "https://www.kaigokensaku.mhlw.go.jp/27/index.php?action_kouhyou_detail_004_kani=true&JigyosyoCd=2762490239-00&ServiceCd=130&Type=search", "url2": "https://kibou-mirai.jimdo.com/" }, "geometry": { "type": "Point", "coordinates": [ 135.656061854106127, 34.819594697630691 ] } },
{ "type": "Feature", "properties": { "内容": "有限会社悠久　悠久訪問看護ステーション【訪問看護】大阪府枚方市西禁野一丁目1-24天の川マルビル5階", "url": "https://www.kaigokensaku.mhlw.go.jp/27/index.php?action_kouhyou_detail_004_kani=true&JigyosyoCd=2762490254-00&ServiceCd=130&Type=search", "url2": "https://yuukyu.co.jp/" }, "geometry": { "type": "Point", "coordinates": [ 135.652160200000026, 34.8186353 ] } },
{ "type": "Feature", "properties": { "内容": "IKOI訪問看護ステーション藤阪【訪問看護】大阪府枚方市藤阪元町２－２５－１IKOIナーシングホーム藤阪", "url": "https://www.kaigokensaku.mhlw.go.jp/27/index.php?action_kouhyou_detail_004_kani=true&JigyosyoCd=2762490783-00&ServiceCd=130&Type=search", "url2": null }, "geometry": { "type": "Point", "coordinates": [ 135.6977372, 34.8201267 ] } },
{ "type": "Feature", "properties": { "内容": "美杉会訪問看護ステーションまきの【訪問看護】大阪府枚方市養父東町６５番１号", "url": "https://www.kaigokensaku.mhlw.go.jp/27/index.php?action_kouhyou_detail_004_kani=true&JigyosyoCd=2762490031-00&ServiceCd=130&Type=search", "url2": "https://www.misugikai.jp/care_station" }, "geometry": { "type": "Point", "coordinates": [ 135.680251875600106, 34.844461175213006 ] } },
{ "type": "Feature", "properties": { "内容": "ひらかた聖徳園訪問看護ステーション【訪問看護】大阪府枚方市香里ヶ丘8丁目1", "url": "https://www.kaigokensaku.mhlw.go.jp/27/index.php?action_kouhyou_detail_004_kani=true&JigyosyoCd=2762490023-00&ServiceCd=130&Type=search", "url2": "http://www.shotokuen.or.jp/" }, "geometry": { "type": "Point", "coordinates": [ 135.641700838068374, 34.796216868924795 ] } },
{ "type": "Feature", "properties": { "内容": "訪問看護ステーションつなぐ【訪問看護】大阪府枚方市田口山１丁目３５－１０－２０５", "url": "https://www.kaigokensaku.mhlw.go.jp/27/index.php?action_kouhyou_detail_004_kani=true&JigyosyoCd=2762491369-00&ServiceCd=130&Type=search", "url2": null }, "geometry": { "type": "Point", "coordinates": [ 135.690696300000013, 34.8291844 ] } },
{ "type": "Feature", "properties": { "内容": "訪問看護ステーション　あまね【訪問看護】大阪府枚方市藤阪中町4-8コーポ忠栄103号", "url": "https://www.kaigokensaku.mhlw.go.jp/27/index.php?action_kouhyou_detail_004_kani=true&JigyosyoCd=2762491351-00&ServiceCd=130&Type=search", "url2": null }, "geometry": { "type": "Point", "coordinates": [ 135.7071157, 34.820552399999983 ] } },
{ "type": "Feature", "properties": { "内容": "訪問看護ステーション　白うさぎ【訪問看護】大阪府枚方市北中振４丁目9-35", "url": "https://www.kaigokensaku.mhlw.go.jp/27/index.php?action_kouhyou_detail_004_kani=true&JigyosyoCd=2762491187-00&ServiceCd=130&Type=search", "url2": "https://shiro-usagi.jp/" }, "geometry": { "type": "Point", "coordinates": [ 135.627247056395817, 34.797597571328524 ] } },
{ "type": "Feature", "properties": { "内容": "ゆうき訪問看護ステーション【訪問看護】大阪府枚方市宮之阪2-18-1102", "url": "https://www.kaigokensaku.mhlw.go.jp/27/index.php?action_kouhyou_detail_004_kani=true&JigyosyoCd=2762491153-00&ServiceCd=130&Type=search", "url2": null }, "geometry": { "type": "Point", "coordinates": [ 135.6552552, 34.8165344 ] } },
{ "type": "Feature", "properties": { "内容": "BeL訪問看護リハビリステーション【訪問看護】大阪府枚方市藤阪東町2-18-17", "url": "https://www.kaigokensaku.mhlw.go.jp/27/index.php?action_kouhyou_detail_004_kani=true&JigyosyoCd=2762490734-00&ServiceCd=130&Type=search", "url2": "https://belhoumonkangoinfo.wixsite.com/my-site-2" }, "geometry": { "type": "Point", "coordinates": [ 135.712605100000019, 34.8195497 ] } },
{ "type": "Feature", "properties": { "内容": "訪問看護ステーションフローレンス【訪問看護】大阪府枚方市長尾元町一丁目33番地67号2階", "url": "https://www.kaigokensaku.mhlw.go.jp/27/index.php?action_kouhyou_detail_004_kani=true&JigyosyoCd=2762491310-00&ServiceCd=130&Type=search", "url2": null }, "geometry": { "type": "Point", "coordinates": [ 135.708852773224635, 34.824721335660875 ] } },
{ "type": "Feature", "properties": { "内容": "アウル訪問看護ステーション【訪問看護】大阪府枚方市渚西1丁目17-5", "url": "https://www.kaigokensaku.mhlw.go.jp/27/index.php?action_kouhyou_detail_004_kani=true&JigyosyoCd=2762491096-00&ServiceCd=130&Type=search", "url2": "https://www.owl.email/" }, "geometry": { "type": "Point", "coordinates": [ 135.6526898, 34.8282083 ] } },
{ "type": "Feature", "properties": { "内容": "訪問看護ステーションメディカルレイズ【訪問看護】大阪府枚方市禁野本町1丁目18番9号玉井ビル３F", "url": "https://www.kaigokensaku.mhlw.go.jp/27/index.php?action_kouhyou_detail_004_kani=true&JigyosyoCd=2762490924-00&ServiceCd=130&Type=search", "url2": "http://izen.co.jp" }, "geometry": { "type": "Point", "coordinates": [ 135.6537578, 34.8183915 ] } },
{ "type": "Feature", "properties": { "内容": "イチタス訪問看護ステーション【訪問看護】大阪府枚方市宮之阪4-11-1", "url": "https://www.kaigokensaku.mhlw.go.jp/27/index.php?action_kouhyou_detail_004_kani=true&JigyosyoCd=2762490445-00&ServiceCd=130&Type=search", "url2": null }, "geometry": { "type": "Point", "coordinates": [ 135.659253400000011, 34.8117368 ] } },
{ "type": "Feature", "properties": { "内容": "訪問看護ステーションいこいの森【訪問看護】大阪府枚方市香里ケ丘10丁目3732-174F", "url": "https://www.kaigokensaku.mhlw.go.jp/27/index.php?action_kouhyou_detail_004_kani=true&JigyosyoCd=2762491005-00&ServiceCd=130&Type=search", "url2": "https://www.nagomi-lifestyle.com/" }, "geometry": { "type": "Point", "coordinates": [ 135.6449007, 34.785148691081325 ] } },
{ "type": "Feature", "properties": { "内容": "スイート訪問看護ステーション【訪問看護】大阪府枚方市招提大谷2丁目40番10号", "url": "https://www.kaigokensaku.mhlw.go.jp/27/index.php?action_kouhyou_detail_004_kani=true&JigyosyoCd=2762490742-00&ServiceCd=130&Type=search", "url2": "https://sweetgarden.net/" }, "geometry": { "type": "Point", "coordinates": [ 135.69725420489354, 34.830687473229681 ] } },
{ "type": "Feature", "properties": { "内容": "訪問看護ステーション笑楽　星ヶ丘【訪問看護】大阪府枚方市星ヶ丘3丁目1-15プラ・ディオ星丘ビル4階", "url": "https://www.kaigokensaku.mhlw.go.jp/27/index.php?action_kouhyou_detail_004_kani=true&JigyosyoCd=2762490825-00&ServiceCd=130&Type=search", "url2": "http://わらく.COM" }, "geometry": { "type": "Point", "coordinates": [ 135.660879099999988, 34.8067812 ] } },
{ "type": "Feature", "properties": { "内容": "訪問看護ステーション　リンクステーション【訪問看護】大阪府枚方市津田北町2-34-1津田北マンション202号室", "url": "https://www.kaigokensaku.mhlw.go.jp/27/index.php?action_kouhyou_detail_004_kani=true&JigyosyoCd=2762490999-00&ServiceCd=130&Type=search", "url2": "https://linkstation-osaka.com/" }, "geometry": { "type": "Point", "coordinates": [ 135.7071234, 34.8112564 ] } },
{ "type": "Feature", "properties": { "内容": "木蓮訪問看護ステーション【訪問看護】長尾家具町４丁目23-10", "url": "https://www.kaigokensaku.mhlw.go.jp/27/index.php?action_kouhyou_detail_004_kani=true&JigyosyoCd=2762491047-00&ServiceCd=130&Type=search", "url2": null }, "geometry": { "type": "Point", "coordinates": [ 135.7051945, 34.8386644 ] } },
{ "type": "Feature", "properties": { "内容": "フクダ訪問看護ステーション・御殿山【訪問看護】大阪府枚方市渚西一丁目４０番１１号ベル・サンセベリア　１０５号室", "url": "https://www.kaigokensaku.mhlw.go.jp/27/index.php?action_kouhyou_detail_004_kani=true&JigyosyoCd=2762490551-00&ServiceCd=130&Type=search", "url2": null }, "geometry": { "type": "Point", "coordinates": [ 135.6537672, 34.82977910000001 ] } },
{ "type": "Feature", "properties": { "内容": "アプリシェイト訪問看護ステーション【訪問看護】大阪府枚方市山田池東町２１番１号フロリア―ト枚方102号室", "url": "https://www.kaigokensaku.mhlw.go.jp/27/index.php?action_kouhyou_detail_004_kani=true&JigyosyoCd=2762491393-00&ServiceCd=130&Type=search", "url2": null }, "geometry": { "type": "Point", "coordinates": [ 135.697613600000011, 34.8253285 ] } },
{ "type": "Feature", "properties": { "内容": "医療法人悠悠堂高木診療所【訪問看護】大阪府枚方市東香里南町7-3", "url": "https://www.kaigokensaku.mhlw.go.jp/27/index.php?action_kouhyou_detail_004_kani=true&JigyosyoCd=2712403472-00&ServiceCd=130&Type=search", "url2": "https://takagishinryosho.com" }, "geometry": { "type": "Point", "coordinates": [ 135.6532096, 34.7743428 ] } },
{ "type": "Feature", "properties": { "内容": "岡本商店訪問看護ステーション【訪問看護】大阪府枚方市長尾元町２丁目１３番２８号プレミアム長尾元町１０５号室", "url": "https://www.kaigokensaku.mhlw.go.jp/27/index.php?action_kouhyou_detail_004_kani=true&JigyosyoCd=2762491070-00&ServiceCd=130&Type=search", "url2": "okamoto-syoten.com" }, "geometry": { "type": "Point", "coordinates": [ 135.7061248, 34.8259253 ] } },
{ "type": "Feature", "properties": { "内容": "FITリハ訪問看護ステーション【訪問看護】大阪府枚方市東香里元町6-1", "url": "https://www.kaigokensaku.mhlw.go.jp/27/index.php?action_kouhyou_detail_004_kani=true&JigyosyoCd=2762490890-00&ServiceCd=130&Type=search", "url2": null }, "geometry": { "type": "Point", "coordinates": [ 135.657982387497611, 34.781444966529513 ] } },
{ "type": "Feature", "properties": { "内容": "訪問看護ステーションReafひらかた【訪問看護】大阪府枚方市津田駅前1丁目13-1プレッソ津田駅前202号", "url": "https://www.kaigokensaku.mhlw.go.jp/27/index.php?action_kouhyou_detail_004_kani=true&JigyosyoCd=2762491435-00&ServiceCd=130&Type=search", "url2": "https://reaf.care-rapport.jp/hirakata/" }, "geometry": { "type": "Point", "coordinates": [ 135.697367820237702, 34.801493005953084 ] } },
{ "type": "Feature", "properties": { "内容": "くじらの訪問看護ステーション【訪問看護】大阪府枚方市星丘4丁目18－9", "url": "https://www.kaigokensaku.mhlw.go.jp/27/index.php?action_kouhyou_detail_004_kani=true&JigyosyoCd=2762491245-00&ServiceCd=130&Type=search", "url2": null }, "geometry": { "type": "Point", "coordinates": [ 135.6701897, 34.8088857 ] } },
{ "type": "Feature", "properties": { "内容": "訪問看護ステーションこころ枚方【訪問看護】大阪府枚方市御殿山町１５番１５号SUNSUMAI御殿山２０３号室", "url": "https://www.kaigokensaku.mhlw.go.jp/27/index.php?action_kouhyou_detail_004_kani=true&JigyosyoCd=2762491468-00&ServiceCd=130&Type=search", "url2": "http://www.houmonkango-cocoro.net" }, "geometry": { "type": "Point", "coordinates": [ 135.657523, 34.8277163 ] } },
{ "type": "Feature", "properties": { "内容": "訪問看護ステーションはなえみ枚方【訪問看護】大阪府枚方市津田駅前2丁目26-1", "url": "https://www.kaigokensaku.mhlw.go.jp/27/index.php?action_kouhyou_detail_004_kani=true&JigyosyoCd=2762491450-00&ServiceCd=130&Type=search", "url2": "https://hanaemi2525.com/" }, "geometry": { "type": "Point", "coordinates": [ 135.700649199999987, 34.8004079 ] } },
{ "type": "Feature", "properties": { "内容": "えむ訪問看護ステーション【訪問看護】大阪府枚方市走谷2丁目7番12ジーメゾン走谷ルクシエ　202号", "url": "https://www.kaigokensaku.mhlw.go.jp/27/index.php?action_kouhyou_detail_004_kani=true&JigyosyoCd=2762491443-00&ServiceCd=130&Type=search", "url2": "https://www.hopech.jp" }, "geometry": { "type": "Point", "coordinates": [ 135.634598, 34.8038624 ] } },
{ "type": "Feature", "properties": { "内容": "訪問看護ステーションリボーン大阪【訪問看護】大阪府枚方市枚方元町７番地の16ハヤロク公園ビル302号", "url": "https://www.kaigokensaku.mhlw.go.jp/27/index.php?action_kouhyou_detail_004_kani=true&JigyosyoCd=2762491229-00&ServiceCd=130&Type=search", "url2": null }, "geometry": { "type": "Point", "coordinates": [ 135.640068397375558, 34.811261937350551 ] } },
{ "type": "Feature", "properties": { "内容": "アミスタ訪問看護ステーション【訪問看護】大阪府茨木市鮎川４丁目４番１２号A-2-6号室", "url": "https://www.kaigokensaku.mhlw.go.jp/27/index.php?action_kouhyou_detail_004_kani=true&JigyosyoCd=2764290868-00&ServiceCd=130&Type=search", "url2": null }, "geometry": { "type": "Point", "coordinates": [ 135.5951566, 34.8171495 ] } },
{ "type": "Feature", "properties": { "内容": "訪問看護ステーションペルル【訪問看護】大阪府茨木市三島丘2-6-3ペルル三島丘2F", "url": "https://www.kaigokensaku.mhlw.go.jp/27/index.php?action_kouhyou_detail_004_kani=true&JigyosyoCd=2764290835-00&ServiceCd=130&Type=search", "url2": "https://perle.or.jp" }, "geometry": { "type": "Point", "coordinates": [ 135.5819136, 34.8321179 ] } },
{ "type": "Feature", "properties": { "内容": "訪問看護事業所フルライフケア茨木【訪問看護】大阪府茨木市太田3丁目6-26クリエオーレ太田Ⅱ202号室", "url": "https://www.kaigokensaku.mhlw.go.jp/27/index.php?action_kouhyou_detail_004_kani=true&JigyosyoCd=2764290884-00&ServiceCd=130&Type=search", "url2": null }, "geometry": { "type": "Point", "coordinates": [ 135.578457100000037, 34.8425332 ] } },
{ "type": "Feature", "properties": { "内容": "SmiLoop訪問看護ステーション　大阪茨木ステーション【訪問看護】大阪府茨木市天王2-7-17サンエイビル205", "url": "https://www.kaigokensaku.mhlw.go.jp/27/index.php?action_kouhyou_detail_004_kani=true&JigyosyoCd=2764290876-00&ServiceCd=130&Type=search", "url2": "https://osaka-ibaraki.smiloop-kango.com/" }, "geometry": { "type": "Point", "coordinates": [ 135.5635192, 34.8013487 ] } },
{ "type": "Feature", "properties": { "内容": "訪問看護ステーションパリアティブケアナース彩都【訪問看護】大阪府茨木市彩都あさぎ5-10-10", "url": "https://www.kaigokensaku.mhlw.go.jp/27/index.php?action_kouhyou_detail_004_kani=true&JigyosyoCd=2764290470-00&ServiceCd=130&Type=search", "url2": "https://opsol.co.jp" }, "geometry": { "type": "Point", "coordinates": [ 135.526772221555916, 34.851261542978314 ] } },
{ "type": "Feature", "properties": { "内容": "SOMPOケア　茨木訪問看護【訪問看護】大阪府茨木市双葉町2-27茨木シティライフビル3階", "url": "https://www.kaigokensaku.mhlw.go.jp/27/index.php?action_kouhyou_detail_004_kani=true&JigyosyoCd=2764290678-00&ServiceCd=130&Type=search", "url2": "https://www.sompocare.com/service/zaitaku/kango/Z000862" }, "geometry": { "type": "Point", "coordinates": [ 135.577183199999979, 34.817141 ] } },
{ "type": "Feature", "properties": { "内容": "ルアナナースステーション【訪問看護】大阪府茨木市彩都あさぎ4-4-20住宅型有料老人ホームぽのぽの彩都", "url": "https://www.kaigokensaku.mhlw.go.jp/27/index.php?action_kouhyou_detail_004_kani=true&JigyosyoCd=2764290496-00&ServiceCd=130&Type=search", "url2": null }, "geometry": { "type": "Point", "coordinates": [ 135.5269298, 34.8476293 ] } },
{ "type": "Feature", "properties": { "内容": "ケアーズリハビリ訪問看護ステーション茨木【訪問看護】大阪府茨木市大手町1-26アンフィニィ大手町５Ｆ", "url": "https://www.kaigokensaku.mhlw.go.jp/27/index.php?action_kouhyou_detail_004_kani=true&JigyosyoCd=2764290223-00&ServiceCd=130&Type=search", "url2": "http://www.bemind.co.jp/cares/" }, "geometry": { "type": "Point", "coordinates": [ 135.572909799999934, 34.816794099999989 ] } },
{ "type": "Feature", "properties": { "内容": "ほほむ訪問看護ステーション【訪問看護】大阪府茨木市真砂2丁目14-18サニーコート103", "url": "https://www.kaigokensaku.mhlw.go.jp/27/index.php?action_kouhyou_detail_004_kani=true&JigyosyoCd=2764290603-00&ServiceCd=130&Type=search", "url2": "http://hohomu.com" }, "geometry": { "type": "Point", "coordinates": [ 135.5794933544922, 34.798919358093634 ] } },
{ "type": "Feature", "properties": { "内容": "訪問看護ステーションはーと＆はあと【訪問看護】大阪府茨木市奈良町14-18ドミール誠風A棟101号", "url": "https://www.kaigokensaku.mhlw.go.jp/27/index.php?action_kouhyou_detail_004_kani=true&JigyosyoCd=2764290389-00&ServiceCd=130&Type=search", "url2": "https://www.810810.co.jp/houkan/" }, "geometry": { "type": "Point", "coordinates": [ 135.5649608, 34.8058087 ] } },
{ "type": "Feature", "properties": { "内容": "訪問看護ステーション　アルク【訪問看護】大阪府茨木市東太田一丁目1ローレルハイツ総持寺108号", "url": "https://www.kaigokensaku.mhlw.go.jp/27/index.php?action_kouhyou_detail_004_kani=true&JigyosyoCd=2764290397-00&ServiceCd=130&Type=search", "url2": null }, "geometry": { "type": "Point", "coordinates": [ 135.577014400000053, 34.8353564 ] } },
{ "type": "Feature", "properties": { "内容": "株式会社フルフィル　訪問看護ステーションふるる【訪問看護】大阪府茨木市総持寺駅前町6番6号", "url": "https://www.kaigokensaku.mhlw.go.jp/27/index.php?action_kouhyou_detail_004_kani=true&JigyosyoCd=2764290728-00&ServiceCd=130&Type=search", "url2": "http://hp.kaipoke.biz/t2n/info.html" }, "geometry": { "type": "Point", "coordinates": [ 135.584117600000013, 34.8272191 ] } },
{ "type": "Feature", "properties": { "内容": "訪問看護ステーションほたる【訪問看護】大阪府茨木市五日市緑町3-8　Luciole103", "url": "https://www.kaigokensaku.mhlw.go.jp/27/index.php?action_kouhyou_detail_004_kani=true&JigyosyoCd=2764290454-00&ServiceCd=130&Type=search", "url2": null }, "geometry": { "type": "Point", "coordinates": [ 135.562258136909435, 34.830778239836974 ] } },
{ "type": "Feature", "properties": { "内容": "茨木訪問看ステーション「さくら」【訪問看護】大阪府茨木市元町4-16", "url": "https://www.kaigokensaku.mhlw.go.jp/27/index.php?action_kouhyou_detail_004_kani=true&JigyosyoCd=2764290561-00&ServiceCd=130&Type=search", "url2": null }, "geometry": { "type": "Point", "coordinates": [ 135.57070831630574, 34.817690259949806 ] } },
{ "type": "Feature", "properties": { "内容": "訪問看護ステーションひだまり【訪問看護】大阪府茨木市大字車作313番地1", "url": "https://www.kaigokensaku.mhlw.go.jp/27/index.php?action_kouhyou_detail_004_kani=true&JigyosyoCd=2764290595-00&ServiceCd=130&Type=search", "url2": "https://www.hidamari-mirai.info/" }, "geometry": { "type": "Point", "coordinates": [ 135.555965764765205, 34.888377756396757 ] } },
{ "type": "Feature", "properties": { "内容": "訪問看護ステーションアイ【訪問看護】大阪府茨木市耳原2-4-25", "url": "https://www.kaigokensaku.mhlw.go.jp/27/index.php?action_kouhyou_detail_004_kani=true&JigyosyoCd=2764290074-00&ServiceCd=130&Type=search", "url2": "http://www.towa-med.or.jp/facilities/ai.html" }, "geometry": { "type": "Point", "coordinates": [ 135.567637500000046, 34.8397362 ] } },
{ "type": "Feature", "properties": { "内容": "社会福祉法人恩賜財団済生会支部大阪府済生会茨木訪問看護ステーション【訪問看護】大阪府茨木市上穂積1丁目２－２７済生会茨木医療福祉センター１Ｆ", "url": "https://www.kaigokensaku.mhlw.go.jp/27/index.php?action_kouhyou_detail_004_kani=true&JigyosyoCd=2764290124-00&ServiceCd=130&Type=search", "url2": "https://www.ibaraki.saiseikai.or.jp/hokan/index.html" }, "geometry": { "type": "Point", "coordinates": [ 135.556780262565553, 34.821145311573801 ] } },
{ "type": "Feature", "properties": { "内容": "アクティブネットワーク訪問看護ステーション【訪問看護】大阪府茨木市片桐町11番16号", "url": "https://www.kaigokensaku.mhlw.go.jp/27/index.php?action_kouhyou_detail_004_kani=true&JigyosyoCd=2764290066-00&ServiceCd=130&Type=search", "url2": "http://www.activenetwork.or.jp" }, "geometry": { "type": "Point", "coordinates": [ 135.572629857919338, 34.821634214162955 ] } },
{ "type": "Feature", "properties": { "内容": "リハビリあき訪問看護ステーション【訪問看護】大阪府茨木市山手台3丁目30番30号", "url": "https://www.kaigokensaku.mhlw.go.jp/27/index.php?action_kouhyou_detail_004_kani=true&JigyosyoCd=2764290108-00&ServiceCd=130&Type=search", "url2": "https://care-aki.com/" }, "geometry": { "type": "Point", "coordinates": [ 135.552427599999987, 34.8620108 ] } },
{ "type": "Feature", "properties": { "内容": "訪問看護ステーション　サンソラシア【訪問看護】大阪府茨木市小柳町9-22サンライズ山野A201", "url": "https://www.kaigokensaku.mhlw.go.jp/27/index.php?action_kouhyou_detail_004_kani=true&JigyosyoCd=2764290587-00&ServiceCd=130&Type=search", "url2": null }, "geometry": { "type": "Point", "coordinates": [ 135.580418693236766, 34.795702487178843 ] } },
{ "type": "Feature", "properties": { "内容": "ヘルパーハウス訪問看護ステーション【訪問看護】大阪府茨木市東奈良1丁目5番9号　ヴィラ　リバージュ", "url": "https://www.kaigokensaku.mhlw.go.jp/27/index.php?action_kouhyou_detail_004_kani=true&JigyosyoCd=2764290165-00&ServiceCd=130&Type=search", "url2": "http://www.helper-house.co.jp" }, "geometry": { "type": "Point", "coordinates": [ 135.569853299999977, 34.806056 ] } },
{ "type": "Feature", "properties": { "内容": "医療法人恒昭会あいの訪問看護ステーション【訪問看護】大阪府茨木市花園二丁目2番26号藍野花園病院精神科デイ・ケア5階", "url": "https://www.kaigokensaku.mhlw.go.jp/27/index.php?action_kouhyou_detail_004_kani=true&JigyosyoCd=2764290231-00&ServiceCd=130&Type=search", "url2": "http://www.koshokai.or.jp/aino_houmon/" }, "geometry": { "type": "Point", "coordinates": [ 135.576869559702374, 34.846747350944298 ] } },
{ "type": "Feature", "properties": { "内容": "訪問看護ステーションりのは【訪問看護】大阪府茨木市永代町５番阪急駅前茨木ビル403号室", "url": "https://www.kaigokensaku.mhlw.go.jp/27/index.php?action_kouhyou_detail_004_kani=true&JigyosyoCd=2764290702-00&ServiceCd=130&Type=search", "url2": "https://www.linoha.jp/" }, "geometry": { "type": "Point", "coordinates": [ 135.575481441069826, 34.817337037082289 ] } },
{ "type": "Feature", "properties": { "内容": "訪問看護ステーションぱれっと【訪問看護】大阪府茨木市西河原2丁目16-18グランデージ英201", "url": "https://www.kaigokensaku.mhlw.go.jp/27/index.php?action_kouhyou_detail_004_kani=true&JigyosyoCd=2764290744-00&ServiceCd=130&Type=search", "url2": "https://palette-kango.com" }, "geometry": { "type": "Point", "coordinates": [ 135.5767535, 34.8319739 ] } },
{ "type": "Feature", "properties": { "内容": "訪問看護ステーションハッピーライフ【訪問看護】大阪府茨木市中津町18-23プラザタツミ２C", "url": "https://www.kaigokensaku.mhlw.go.jp/27/index.php?action_kouhyou_detail_004_kani=true&JigyosyoCd=2764290264-00&ServiceCd=130&Type=search", "url2": "http://www.houkan-happylife.co.jp/" }, "geometry": { "type": "Point", "coordinates": [ 135.580570299999977, 34.8150611 ] } },
{ "type": "Feature", "properties": { "内容": "すずね訪問看護リハビリステーション【訪問看護】茨木市下穂積3-7-6", "url": "https://www.kaigokensaku.mhlw.go.jp/27/index.php?action_kouhyou_detail_004_kani=true&JigyosyoCd=2764290280-00&ServiceCd=130&Type=search", "url2": "http://www.suzune-group.net/" }, "geometry": { "type": "Point", "coordinates": [ 135.553725500000041, 34.8142965 ] } },
{ "type": "Feature", "properties": { "内容": "訪問看護ステーション樹【訪問看護】茨木市西福井1丁目11番25号", "url": "https://www.kaigokensaku.mhlw.go.jp/27/index.php?action_kouhyou_detail_004_kani=true&JigyosyoCd=2764290322-00&ServiceCd=130&Type=search", "url2": null }, "geometry": { "type": "Point", "coordinates": [ 135.553653, 34.8412536 ] } },
{ "type": "Feature", "properties": { "内容": "春のはじまり訪問看護ステーション【訪問看護】大阪府茨木市西田中町7-24", "url": "https://www.kaigokensaku.mhlw.go.jp/27/index.php?action_kouhyou_detail_004_kani=true&JigyosyoCd=2764290918-00&ServiceCd=130&Type=search", "url2": null }, "geometry": { "type": "Point", "coordinates": [ 135.569135599999981, 34.8248223 ] } },
{ "type": "Feature", "properties": { "内容": "NEXTFLOW訪問看護いばらき【訪問看護】大阪府茨木市下穂積2ｰ1ｰ10ラビアンヌレポー101", "url": "https://www.kaigokensaku.mhlw.go.jp/27/index.php?action_kouhyou_detail_004_kani=true&JigyosyoCd=2764290710-00&ServiceCd=130&Type=search", "url2": "https://next-flow.jp/franchise/o-saka" }, "geometry": { "type": "Point", "coordinates": [ 135.5562348, 34.8129232 ] } },
{ "type": "Feature", "properties": { "内容": "アスナル茨木訪問看護ステーション【訪問看護】大阪府茨木市蔵垣内3丁目18-12", "url": "https://www.kaigokensaku.mhlw.go.jp/27/index.php?action_kouhyou_detail_004_kani=true&JigyosyoCd=2764290363-00&ServiceCd=130&Type=search", "url2": null }, "geometry": { "type": "Point", "coordinates": [ 135.555511799999977, 34.7934793 ] } },
{ "type": "Feature", "properties": { "内容": "オールハッピー訪問看護ステーション【訪問看護】大阪府茨木市大池1丁目14番39号オーソライズ茨木101号室", "url": "https://www.kaigokensaku.mhlw.go.jp/27/index.php?action_kouhyou_detail_004_kani=true&JigyosyoCd=2764290413-00&ServiceCd=130&Type=search", "url2": "http://all-happy.jp" }, "geometry": { "type": "Point", "coordinates": [ 135.577981411433541, 34.809815255853444 ] } },
{ "type": "Feature", "properties": { "内容": "株式会社サンクチュアリ【訪問看護】大阪府茨木市宿川原町１７番３号", "url": "https://www.kaigokensaku.mhlw.go.jp/27/index.php?action_kouhyou_detail_004_kani=true&JigyosyoCd=2764290801-00&ServiceCd=130&Type=search", "url2": "http://cnt19.co.jp/" }, "geometry": { "type": "Point", "coordinates": [ 135.541363600000011, 34.8339046 ] } },
{ "type": "Feature", "properties": { "内容": "あかり訪問看護ステーション【訪問看護】大阪府茨木市春日５丁目３−２９", "url": "https://www.kaigokensaku.mhlw.go.jp/27/index.php?action_kouhyou_detail_004_kani=true&JigyosyoCd=2764290371-00&ServiceCd=130&Type=search", "url2": "http://npo-ibaraki.org/" }, "geometry": { "type": "Point", "coordinates": [ 135.5622305, 34.8238463 ] } },
{ "type": "Feature", "properties": { "内容": "ツインズリハビリ訪問看護ステーション【訪問看護】大阪府茨木市沢良宜西1-7-6ロイヤルミサワ1Ｆ", "url": "https://www.kaigokensaku.mhlw.go.jp/27/index.php?action_kouhyou_detail_004_kani=true&JigyosyoCd=2764290272-00&ServiceCd=130&Type=search", "url2": "http://www.twins-family.com" }, "geometry": { "type": "Point", "coordinates": [ 135.561852899999963, 34.8024228 ] } },
{ "type": "Feature", "properties": { "内容": "リガレッセ訪問看護ステーション茨木【訪問看護】大阪府茨木市耳原一丁目6番29号エトワール202", "url": "https://www.kaigokensaku.mhlw.go.jp/27/index.php?action_kouhyou_detail_004_kani=true&JigyosyoCd=2764290686-00&ServiceCd=130&Type=search", "url2": "https://rigaresse.or.jp/" }, "geometry": { "type": "Point", "coordinates": [ 135.564722, 34.8372376 ] } },
{ "type": "Feature", "properties": { "内容": "訪問看護ステーション23【訪問看護】大阪府茨木市十日市町8-2吉見ハイツ201", "url": "https://www.kaigokensaku.mhlw.go.jp/27/index.php?action_kouhyou_detail_004_kani=true&JigyosyoCd=2764290926-00&ServiceCd=130&Type=search", "url2": "https://sites.google.com/view/visitingnursestation23" }, "geometry": { "type": "Point", "coordinates": [ 135.5680074, 34.8418732 ] } },
{ "type": "Feature", "properties": { "内容": "訪問看護ステーション　ペガサス【訪問看護】大阪府八尾市宮町1-6-5", "url": "https://www.kaigokensaku.mhlw.go.jp/27/index.php?action_kouhyou_detail_004_kani=true&JigyosyoCd=2765590977-00&ServiceCd=130&Type=search", "url2": null }, "geometry": { "type": "Point", "coordinates": [ 135.5966154, 34.6327875 ] } },
{ "type": "Feature", "properties": { "内容": "医療法人光誠会　しろばと訪問看護ステーション【訪問看護】大阪府八尾市光町1丁目28ルミエール八尾1階", "url": "https://www.kaigokensaku.mhlw.go.jp/27/index.php?action_kouhyou_detail_004_kani=true&JigyosyoCd=2765590241-00&ServiceCd=130&Type=search", "url2": "http://www.shirobato.com/homenursing/" }, "geometry": { "type": "Point", "coordinates": [ 135.604193226983654, 34.632811051920704 ] } },
{ "type": "Feature", "properties": { "内容": "訪問看護ステーション中谷【訪問看護】大阪府八尾市八尾木北3-123", "url": "https://www.kaigokensaku.mhlw.go.jp/27/index.php?action_kouhyou_detail_004_kani=true&JigyosyoCd=2765590415-00&ServiceCd=130&Type=search", "url2": "http://nakataniclinic.or.jp/index.html" }, "geometry": { "type": "Point", "coordinates": [ 135.615648400000026, 34.615182 ] } },
{ "type": "Feature", "properties": { "内容": "さかもと訪問看護ステーション【訪問看護】大阪府八尾市大字山畑１番地", "url": "https://www.kaigokensaku.mhlw.go.jp/27/index.php?action_kouhyou_detail_004_kani=true&JigyosyoCd=2765590092-00&ServiceCd=130&Type=search", "url2": "http://www.sakamotoiin-yao.or.jp" }, "geometry": { "type": "Point", "coordinates": [ 135.63891, 34.6293249 ] } },
{ "type": "Feature", "properties": { "内容": "医療法人山田医院　訪問看護ステーションオルカ【訪問看護】八尾市西山本町7-6-5", "url": "https://www.kaigokensaku.mhlw.go.jp/27/index.php?action_kouhyou_detail_004_kani=true&JigyosyoCd=2765590035-00&ServiceCd=130&Type=search", "url2": null }, "geometry": { "type": "Point", "coordinates": [ 135.618048, 34.6317579 ] } },
{ "type": "Feature", "properties": { "内容": "医療法人徳洲会　よろこび訪問看護ステーション【訪問看護】大阪府八尾市荘内町1-2-35", "url": "https://www.kaigokensaku.mhlw.go.jp/27/index.php?action_kouhyou_detail_004_kani=true&JigyosyoCd=2765590100-00&ServiceCd=130&Type=search", "url2": "https://www.yao.tokushukai.or.jp/kanren/yorokobi-station.html" }, "geometry": { "type": "Point", "coordinates": [ 135.607918045960758, 34.627672947619686 ] } },
{ "type": "Feature", "properties": { "内容": "ケアクリ看護センター【訪問看護】大阪府八尾市天王寺屋七丁目19番地志紀マンション105", "url": "https://www.kaigokensaku.mhlw.go.jp/27/index.php?action_kouhyou_detail_004_kani=true&JigyosyoCd=2765590654-00&ServiceCd=130&Type=search", "url2": "https://care-creation.co.jp/" }, "geometry": { "type": "Point", "coordinates": [ 135.616527906745915, 34.600404206707886 ] } },
{ "type": "Feature", "properties": { "内容": "エール訪問看護ステーション【訪問看護】大阪府八尾市恩智中町2丁目244番地畑中マンション201号室", "url": "https://www.kaigokensaku.mhlw.go.jp/27/index.php?action_kouhyou_detail_004_kani=true&JigyosyoCd=2765590910-00&ServiceCd=130&Type=search", "url2": "https://chainon24.com" }, "geometry": { "type": "Point", "coordinates": [ 135.6286715, 34.6087068 ] } },
{ "type": "Feature", "properties": { "内容": "訪問看護ステーション彩【訪問看護】大阪府八尾市光南町一丁目３番２６号", "url": "https://www.kaigokensaku.mhlw.go.jp/27/index.php?action_kouhyou_detail_004_kani=true&JigyosyoCd=2765590340-00&ServiceCd=130&Type=search", "url2": "https://www.col-irodori.com/" }, "geometry": { "type": "Point", "coordinates": [ 135.598490520995057, 34.625468812488087 ] } },
{ "type": "Feature", "properties": { "内容": "Lit訪問看護ステーション【訪問看護】大阪府八尾市萱振町二丁目126番地の1", "url": "https://www.kaigokensaku.mhlw.go.jp/27/index.php?action_kouhyou_detail_004_kani=true&JigyosyoCd=2765590662-00&ServiceCd=130&Type=search", "url2": "http://www.hack-office.com" }, "geometry": { "type": "Point", "coordinates": [ 135.606915786989532, 34.636787664182869 ] } },
{ "type": "Feature", "properties": { "内容": "ひとつむぎ訪問看護リハビリステーション【訪問看護】大阪府八尾市東町6丁目143番", "url": "https://www.kaigokensaku.mhlw.go.jp/27/index.php?action_kouhyou_detail_004_kani=true&JigyosyoCd=2765590597-00&ServiceCd=130&Type=search", "url2": "https://hitotsumugi-hc.amebaownd.com" }, "geometry": { "type": "Point", "coordinates": [ 135.629696200000012, 34.6333447 ] } },
{ "type": "Feature", "properties": { "内容": "こもれび訪問看護ステーション【訪問看護】大阪府八尾市南本町4-1-11", "url": "https://www.kaigokensaku.mhlw.go.jp/27/index.php?action_kouhyou_detail_004_kani=true&JigyosyoCd=2765590464-00&ServiceCd=130&Type=search", "url2": "http://www.matsumoto-cli.com" }, "geometry": { "type": "Point", "coordinates": [ 135.60552794180299, 34.621805115911393 ] } },
{ "type": "Feature", "properties": { "内容": "訪問看護ステーション　クオーレ【訪問看護】大阪府八尾市天王寺屋7丁目89番1", "url": "https://www.kaigokensaku.mhlw.go.jp/27/index.php?action_kouhyou_detail_004_kani=true&JigyosyoCd=2765590449-00&ServiceCd=130&Type=search", "url2": "http://cuore-japan.com/" }, "geometry": { "type": "Point", "coordinates": [ 135.614810779098519, 34.602257556679568 ] } },
{ "type": "Feature", "properties": { "内容": "訪問看護ステーションwith【訪問看護】大阪府八尾市恩智中町2丁目213", "url": "https://www.kaigokensaku.mhlw.go.jp/27/index.php?action_kouhyou_detail_004_kani=true&JigyosyoCd=2765590738-00&ServiceCd=130&Type=search", "url2": "https://www.kurehaplan.com/" }, "geometry": { "type": "Point", "coordinates": [ 135.62989085831029, 34.608537218420977 ] } },
{ "type": "Feature", "properties": { "内容": "訪問看護ステーションこた福【訪問看護】大阪府八尾市新家町8-20-5号", "url": "https://www.kaigokensaku.mhlw.go.jp/27/index.php?action_kouhyou_detail_004_kani=true&JigyosyoCd=2765590233-00&ServiceCd=130&Type=search", "url2": "http://kotafuku.com" }, "geometry": { "type": "Point", "coordinates": [ 135.594466358210497, 34.649446287657206 ] } },
{ "type": "Feature", "properties": { "内容": "訪問看護ステーションつぼみ【訪問看護】大阪府八尾市志紀町1-142ハイグレード志紀202", "url": "https://www.kaigokensaku.mhlw.go.jp/27/index.php?action_kouhyou_detail_004_kani=true&JigyosyoCd=2765590621-00&ServiceCd=130&Type=search", "url2": null }, "geometry": { "type": "Point", "coordinates": [ 135.611536300000012, 34.602501 ] } },
{ "type": "Feature", "properties": { "内容": "トータルケア八尾訪問看護ステーション【訪問看護】大阪府八尾市緑ヶ丘5丁目78番地の2陽光マンション101号", "url": "https://www.kaigokensaku.mhlw.go.jp/27/index.php?action_kouhyou_detail_004_kani=true&JigyosyoCd=2765590944-00&ServiceCd=130&Type=search", "url2": null }, "geometry": { "type": "Point", "coordinates": [ 135.612572199999988, 34.6354638 ] } },
{ "type": "Feature", "properties": { "内容": "訪問看護ステーション　あんず【訪問看護】大阪府八尾市太田3-179カサベルデ大正103号", "url": "https://www.kaigokensaku.mhlw.go.jp/27/index.php?action_kouhyou_detail_004_kani=true&JigyosyoCd=2765590456-00&ServiceCd=130&Type=search", "url2": "http://www.houkan-anzu-yao.com" }, "geometry": { "type": "Point", "coordinates": [ 135.587336199999982, 34.5924027 ] } },
{ "type": "Feature", "properties": { "内容": "訪問看護ステーション　「訪夢ナース24」【訪問看護】大阪府八尾市南木の本6－40－1ソレアードＢ棟106号室", "url": "https://www.kaigokensaku.mhlw.go.jp/27/index.php?action_kouhyou_detail_004_kani=true&JigyosyoCd=2765590225-00&ServiceCd=130&Type=search", "url2": "http://訪夢ナース24.com" }, "geometry": { "type": "Point", "coordinates": [ 135.590887599999974, 34.5988442 ] } },
{ "type": "Feature", "properties": { "内容": "訪問看護ステーション楓【訪問看護】大阪府八尾市佐堂町3丁目1番68号", "url": "https://www.kaigokensaku.mhlw.go.jp/27/index.php?action_kouhyou_detail_004_kani=true&JigyosyoCd=2765590530-00&ServiceCd=130&Type=search", "url2": "https://www.magokoro-care.com" }, "geometry": { "type": "Point", "coordinates": [ 135.591437500000012, 34.6341451 ] } },
{ "type": "Feature", "properties": { "内容": "エブリー訪問看護ステーション【訪問看護】大阪府八尾市本町2-9-19", "url": "https://www.kaigokensaku.mhlw.go.jp/27/index.php?action_kouhyou_detail_004_kani=true&JigyosyoCd=2765590480-00&ServiceCd=130&Type=search", "url2": "http://.genkinakaigo.co.jp/" }, "geometry": { "type": "Point", "coordinates": [ 135.597761200000036, 34.627627199999985 ] } },
{ "type": "Feature", "properties": { "内容": "みずき訪問看護ステーション【訪問看護】大阪府八尾市桜ヶ丘2-220桜ハイツ204", "url": "https://www.kaigokensaku.mhlw.go.jp/27/index.php?action_kouhyou_detail_004_kani=true&JigyosyoCd=2765590795-00&ServiceCd=130&Type=search", "url2": "https://www.mizuki-station.com/" }, "geometry": { "type": "Point", "coordinates": [ 135.609026199999988, 34.6304658 ] } },
{ "type": "Feature", "properties": { "内容": "訪問看護ステーションらいむ【訪問看護】大阪府八尾市青山町2-3-3サニーコート青山301", "url": "https://www.kaigokensaku.mhlw.go.jp/27/index.php?action_kouhyou_detail_004_kani=true&JigyosyoCd=2765590647-00&ServiceCd=130&Type=search", "url2": "https://www.powerofraimu.com/" }, "geometry": { "type": "Point", "coordinates": [ 135.610688906745878, 34.624980028591715 ] } },
{ "type": "Feature", "properties": { "内容": "ナースステーションかけはし訪問看護ステーション【訪問看護】大阪府八尾市南木の本７丁目２３２番地柏木ハイツ205", "url": "https://www.kaigokensaku.mhlw.go.jp/27/index.php?action_kouhyou_detail_004_kani=true&JigyosyoCd=2765590852-00&ServiceCd=130&Type=search", "url2": "https://ns-kakehashi.com/" }, "geometry": { "type": "Point", "coordinates": [ 135.58909273439329, 34.598414394395469 ] } },
{ "type": "Feature", "properties": { "内容": "室家あったかクリニック【訪問看護】大阪府八尾市山本町南4-3-21", "url": "https://www.kaigokensaku.mhlw.go.jp/27/index.php?action_kouhyou_detail_004_kani=true&JigyosyoCd=2715507170-00&ServiceCd=130&Type=search", "url2": "http://attaka-clinic.com" }, "geometry": { "type": "Point", "coordinates": [ 135.6211768, 34.6259576 ] } },
{ "type": "Feature", "properties": { "内容": "ふれあい訪問看護ステーション【訪問看護】大阪府八尾市沼１丁目６８番地６５朝日プラザシティ八尾南２番館１０４号", "url": "https://www.kaigokensaku.mhlw.go.jp/27/index.php?action_kouhyou_detail_004_kani=true&JigyosyoCd=2765590043-00&ServiceCd=130&Type=search", "url2": "http://www.ishinkai.or.jp/" }, "geometry": { "type": "Point", "coordinates": [ 135.600559331981231, 34.588332990467734 ] } },
{ "type": "Feature", "properties": { "内容": "訪問看護ステーションさとやま【訪問看護】大阪府八尾市安中町9丁目1-12", "url": "https://www.kaigokensaku.mhlw.go.jp/27/index.php?action_kouhyou_detail_004_kani=true&JigyosyoCd=2765590381-00&ServiceCd=130&Type=search", "url2": "http://www.ishinkai.or.jp/" }, "geometry": { "type": "Point", "coordinates": [ 135.602297600000043, 34.6147938 ] } },
{ "type": "Feature", "properties": { "内容": "サンライズ訪問看護ステーション【訪問看護】大阪府八尾市南太子堂四丁目1番14号303", "url": "https://www.kaigokensaku.mhlw.go.jp/27/index.php?action_kouhyou_detail_004_kani=true&JigyosyoCd=2765590308-00&ServiceCd=130&Type=search", "url2": null }, "geometry": { "type": "Point", "coordinates": [ 135.5861516, 34.612009300000032 ] } },
{ "type": "Feature", "properties": { "内容": "医療法人貴島会　貴島会訪問看護ステーション【訪問看護】大阪府八尾市幸町３丁目１０８番１", "url": "https://www.kaigokensaku.mhlw.go.jp/27/index.php?action_kouhyou_detail_004_kani=true&JigyosyoCd=2765590084-00&ServiceCd=130&Type=search", "url2": "http://www.noble.or.jp" }, "geometry": { "type": "Point", "coordinates": [ 135.605759900000066, 34.6478474 ] } },
{ "type": "Feature", "properties": { "内容": "訪問看護リハビリステーション心咲－こころー【訪問看護】大阪府八尾市山本町南一丁目７番２６号オークヒルズⅠ　203号室", "url": "https://www.kaigokensaku.mhlw.go.jp/27/index.php?action_kouhyou_detail_004_kani=true&JigyosyoCd=2765590431-00&ServiceCd=130&Type=search", "url2": null }, "geometry": { "type": "Point", "coordinates": [ 135.618650542242449, 34.626802414506791 ] } },
{ "type": "Feature", "properties": { "内容": "エスプリ訪問看護ステーション【訪問看護】大阪府八尾市教興寺2-40", "url": "https://www.kaigokensaku.mhlw.go.jp/27/index.php?action_kouhyou_detail_004_kani=true&JigyosyoCd=2765590332-00&ServiceCd=130&Type=search", "url2": "https://www.espri-kaigo.com" }, "geometry": { "type": "Point", "coordinates": [ 135.63260475790122, 34.619659840878391 ] } },
{ "type": "Feature", "properties": { "内容": "総合リハビリ訪問看護ステーション　たっち【訪問看護】大阪府八尾市佐堂町3-4-28佐堂コーポ　302号室", "url": "https://www.kaigokensaku.mhlw.go.jp/27/index.php?action_kouhyou_detail_004_kani=true&JigyosyoCd=2765590555-00&ServiceCd=130&Type=search", "url2": null }, "geometry": { "type": "Point", "coordinates": [ 135.591117700000041, 34.6360721 ] } },
{ "type": "Feature", "properties": { "内容": "訪問看護ステーションおと【訪問看護】大阪府八尾市桜ケ丘4丁目57番地堀川コーポラス202", "url": "https://www.kaigokensaku.mhlw.go.jp/27/index.php?action_kouhyou_detail_004_kani=true&JigyosyoCd=2765590639-00&ServiceCd=130&Type=search", "url2": null }, "geometry": { "type": "Point", "coordinates": [ 135.6090381, 34.6320315 ] } },
{ "type": "Feature", "properties": { "内容": "光訪問看護ステーション【訪問看護】大阪府八尾市本町2-8-3", "url": "https://www.kaigokensaku.mhlw.go.jp/27/index.php?action_kouhyou_detail_004_kani=true&JigyosyoCd=2765590191-00&ServiceCd=130&Type=search", "url2": "http://www.rin-houkan.co.jp" }, "geometry": { "type": "Point", "coordinates": [ 135.599842026087856, 34.627659194090391 ] } },
{ "type": "Feature", "properties": { "内容": "桃李訪問看護ステーション【訪問看護】大阪府八尾市山本町南5-3-4", "url": "https://www.kaigokensaku.mhlw.go.jp/27/index.php?action_kouhyou_detail_004_kani=true&JigyosyoCd=2765590316-00&ServiceCd=130&Type=search", "url2": "http://touri-houmonkango.com" }, "geometry": { "type": "Point", "coordinates": [ 135.621913445388827, 34.623583322864164 ] } },
{ "type": "Feature", "properties": { "内容": "訪問看護ステーションパーソナルライフ【訪問看護】大阪府八尾市本町２丁目３番６号イースタンビル201号室", "url": "https://www.kaigokensaku.mhlw.go.jp/27/index.php?action_kouhyou_detail_004_kani=true&JigyosyoCd=2765590613-00&ServiceCd=130&Type=search", "url2": "https://www.personal-life.jp/contact.php" }, "geometry": { "type": "Point", "coordinates": [ 135.600161294601122, 34.625857863663072 ] } },
{ "type": "Feature", "properties": { "内容": "華陽訪問看護ステーション【訪問看護】大阪府八尾市山本町北７-4-20", "url": "https://www.kaigokensaku.mhlw.go.jp/27/index.php?action_kouhyou_detail_004_kani=true&JigyosyoCd=2765590886-00&ServiceCd=130&Type=search", "url2": null }, "geometry": { "type": "Point", "coordinates": [ 135.6163594, 34.6454883 ] } },
{ "type": "Feature", "properties": { "内容": "ひなぎく訪問看護ステーション【訪問看護】大阪府八尾市西山本町1-6-6", "url": "https://www.kaigokensaku.mhlw.go.jp/27/index.php?action_kouhyou_detail_004_kani=true&JigyosyoCd=2765590837-00&ServiceCd=130&Type=search", "url2": "https://sites.google.com/view/hinagiku-houmonn/%E3%83%9B%E3%83%BC%E3%83%A0" }, "geometry": { "type": "Point", "coordinates": [ 135.615492499999988, 34.6285388 ] } },
{ "type": "Feature", "properties": { "内容": "新井クリニック【訪問看護】大阪府八尾市美園町4丁目109-3", "url": "https://www.kaigokensaku.mhlw.go.jp/27/index.php?action_kouhyou_detail_004_kani=true&JigyosyoCd=2715506610-00&ServiceCd=130&Type=search", "url2": "https://eikoukai.or.jp/" }, "geometry": { "type": "Point", "coordinates": [ 135.591191400000014, 34.6389044 ] } },
{ "type": "Feature", "properties": { "内容": "訪問看護ステーションありく八尾【訪問看護】大阪府八尾市春日町3-2-10", "url": "https://www.kaigokensaku.mhlw.go.jp/27/index.php?action_kouhyou_detail_004_kani=true&JigyosyoCd=2765590720-00&ServiceCd=130&Type=search", "url2": "http://www.fkmedica.co.jp" }, "geometry": { "type": "Point", "coordinates": [ 135.5912467, 34.61793 ] } },
{ "type": "Feature", "properties": { "内容": "トラストリハビリ訪問看護ステーション【訪問看護】大阪府八尾市太田新町1-340ローレル八尾南201", "url": "https://www.kaigokensaku.mhlw.go.jp/27/index.php?action_kouhyou_detail_004_kani=true&JigyosyoCd=2765590357-00&ServiceCd=130&Type=search", "url2": null }, "geometry": { "type": "Point", "coordinates": [ 135.5858297, 34.5944766 ] } },
{ "type": "Feature", "properties": { "内容": "訪問看護ステーション　ステラ【訪問看護】大阪府八尾市太田新町八丁目181番地", "url": "https://www.kaigokensaku.mhlw.go.jp/27/index.php?action_kouhyou_detail_004_kani=true&JigyosyoCd=2765590951-00&ServiceCd=130&Type=search", "url2": null }, "geometry": { "type": "Point", "coordinates": [ 135.60182180000001, 34.5953667 ] } },
{ "type": "Feature", "properties": { "内容": "実のなる家訪問看護ステーション【訪問看護】大阪府八尾市竹渕西4‐54", "url": "https://www.kaigokensaku.mhlw.go.jp/27/index.php?action_kouhyou_detail_004_kani=true&JigyosyoCd=2765590803-00&ServiceCd=130&Type=search", "url2": "https://www.minonaruie.com/" }, "geometry": { "type": "Point", "coordinates": [ 135.5636216, 34.6188771 ] } },
{ "type": "Feature", "properties": { "内容": "訪問看護ステーションuni【訪問看護】大阪府八尾市八尾木3-26-12メゾンノースフィールド202号", "url": "https://www.kaigokensaku.mhlw.go.jp/27/index.php?action_kouhyou_detail_004_kani=true&JigyosyoCd=2765590829-00&ServiceCd=130&Type=search", "url2": "https://uni-kango.co.jp/" }, "geometry": { "type": "Point", "coordinates": [ 135.6143716, 34.6078158 ] } },
{ "type": "Feature", "properties": { "内容": "訪問看護ステーション　ピースマインド【訪問看護】大阪府八尾市本町1-1-19YHSビル4階", "url": "https://www.kaigokensaku.mhlw.go.jp/27/index.php?action_kouhyou_detail_004_kani=true&JigyosyoCd=2765590571-00&ServiceCd=130&Type=search", "url2": "https://peacemind-yao.com" }, "geometry": { "type": "Point", "coordinates": [ 135.600729300000012, 34.62728360000002 ] } },
{ "type": "Feature", "properties": { "内容": "サンウェルズ八尾訪問看護ステーション【訪問看護】大阪府八尾市東本町4丁目2番８", "url": "https://www.kaigokensaku.mhlw.go.jp/27/index.php?action_kouhyou_detail_004_kani=true&JigyosyoCd=2765591033-00&ServiceCd=130&Type=search", "url2": "https://sunwels.jp/pdh/facility/pdhouse-yao/" }, "geometry": { "type": "Point", "coordinates": [ 135.6052024, 34.6265036 ] } },
{ "type": "Feature", "properties": { "内容": "フィルハート訪問看護ステーション【訪問看護】大阪府八尾市垣内一丁目56番地グランハイツヤマダ310", "url": "https://www.kaigokensaku.mhlw.go.jp/27/index.php?action_kouhyou_detail_004_kani=true&JigyosyoCd=2765590936-00&ServiceCd=130&Type=search", "url2": "https://fillheart-kango.com/" }, "geometry": { "type": "Point", "coordinates": [ 135.629769900000014, 34.615127 ] } },
{ "type": "Feature", "properties": { "内容": "ベーグル訪問看護ステーション【訪問看護】大阪府八尾市南木の本6-35-10", "url": "https://www.kaigokensaku.mhlw.go.jp/27/index.php?action_kouhyou_detail_004_kani=true&JigyosyoCd=2765590522-00&ServiceCd=130&Type=search", "url2": "https://bagel-corp.com" }, "geometry": { "type": "Point", "coordinates": [ 135.5914957, 34.5996589 ] } },
{ "type": "Feature", "properties": { "内容": "訪問看護ステーションCLOVERYAO【訪問看護】大阪府八尾市山城町2-4-4ホワイトハイツ201", "url": "https://www.kaigokensaku.mhlw.go.jp/27/index.php?action_kouhyou_detail_004_kani=true&JigyosyoCd=2765590589-00&ServiceCd=130&Type=search", "url2": "https://clover-yao.com/" }, "geometry": { "type": "Point", "coordinates": [ 135.600979600000016, 34.6334557 ] } },
{ "type": "Feature", "properties": { "内容": "れいんぼー訪問看護ステーション【訪問看護】大阪府八尾市安中町6丁目9-4", "url": "https://www.kaigokensaku.mhlw.go.jp/27/index.php?action_kouhyou_detail_004_kani=true&JigyosyoCd=2765590993-00&ServiceCd=130&Type=search", "url2": "https://rainbow-yao.com/" }, "geometry": { "type": "Point", "coordinates": [ 135.6022633, 34.6170526 ] } },
{ "type": "Feature", "properties": { "内容": "リレア訪問看護ステーション【訪問看護】大阪府八尾市南本町8丁目2-19　ヴィランディ101号", "url": "https://www.kaigokensaku.mhlw.go.jp/27/index.php?action_kouhyou_detail_004_kani=true&JigyosyoCd=2765590670-00&ServiceCd=130&Type=search", "url2": null }, "geometry": { "type": "Point", "coordinates": [ 135.606218677344202, 34.614094029065249 ] } },
{ "type": "Feature", "properties": { "内容": "訪問看護ステーション　福老【訪問看護】大阪府八尾市東山本町6-9-16", "url": "https://www.kaigokensaku.mhlw.go.jp/27/index.php?action_kouhyou_detail_004_kani=true&JigyosyoCd=2765591025-00&ServiceCd=130&Type=search", "url2": null }, "geometry": { "type": "Point", "coordinates": [ 135.6283613, 34.6282071 ] } },
{ "type": "Feature", "properties": { "内容": "ゆいみらい訪問看護ステーション【訪問看護】大阪府八尾市本町2-6-21萩埜ビル203", "url": "https://www.kaigokensaku.mhlw.go.jp/27/index.php?action_kouhyou_detail_004_kani=true&JigyosyoCd=2765591017-00&ServiceCd=130&Type=search", "url2": null }, "geometry": { "type": "Point", "coordinates": [ 135.5991215, 34.626982 ] } },
{ "type": "Feature", "properties": { "内容": "訪問看護ステーションスリーピース【訪問看護】大阪府八尾市東本町3-9-36板倉第一ビル309号", "url": "https://www.kaigokensaku.mhlw.go.jp/27/index.php?action_kouhyou_detail_004_kani=true&JigyosyoCd=2765590985-00&ServiceCd=130&Type=search", "url2": "https://threepeacecare.com/" }, "geometry": { "type": "Point", "coordinates": [ 135.6047747, 34.6289742 ] } },
{ "type": "Feature", "properties": { "内容": "いいね訪問看護ステーション【訪問看護】大阪府泉佐野市日根野6102番地の3", "url": "https://www.kaigokensaku.mhlw.go.jp/27/index.php?action_kouhyou_detail_004_kani=true&JigyosyoCd=2764590614-00&ServiceCd=130&Type=search", "url2": null }, "geometry": { "type": "Point", "coordinates": [ 135.323675, 34.397411 ] } },
{ "type": "Feature", "properties": { "内容": "訪問看護ステーション轍【訪問看護】大阪府泉佐野市羽倉崎二丁目１番８号", "url": "https://www.kaigokensaku.mhlw.go.jp/27/index.php?action_kouhyou_detail_004_kani=true&JigyosyoCd=2764590622-00&ServiceCd=130&Type=search", "url2": "https://wdc-ntt-kango.com/" }, "geometry": { "type": "Point", "coordinates": [ 135.296111499999967, 34.3983127 ] } },
{ "type": "Feature", "properties": { "内容": "訪問看護ステーションピース【訪問看護】大阪府泉佐野市高松南3丁目1-41テルーナ第一ビル501号室", "url": "https://www.kaigokensaku.mhlw.go.jp/27/index.php?action_kouhyou_detail_004_kani=true&JigyosyoCd=2764590630-00&ServiceCd=130&Type=search", "url2": null }, "geometry": { "type": "Point", "coordinates": [ 135.3108387, 34.4003967 ] } },
{ "type": "Feature", "properties": { "内容": "訪問看護ステーション華こころ【訪問看護】大阪府泉佐野市上町2－5－10シャーメゾンうえまち102", "url": "https://www.kaigokensaku.mhlw.go.jp/27/index.php?action_kouhyou_detail_004_kani=true&JigyosyoCd=2764590283-00&ServiceCd=130&Type=search", "url2": "https://www.instagram.com/houmonkango.hanakokoro/" }, "geometry": { "type": "Point", "coordinates": [ 135.320388093447917, 34.411285258210725 ] } },
{ "type": "Feature", "properties": { "内容": "医療法人桂信会　訪問看護ステーション杏（あんず）【訪問看護】大阪府泉佐野市羽倉崎1丁目1番4号", "url": "https://www.kaigokensaku.mhlw.go.jp/27/index.php?action_kouhyou_detail_004_kani=true&JigyosyoCd=2764590135-00&ServiceCd=130&Type=search", "url2": "http://www.habarahp.jp" }, "geometry": { "type": "Point", "coordinates": [ 135.300333799999947, 34.4002538 ] } },
{ "type": "Feature", "properties": { "内容": "訪問ステーションてとてと　泉佐野【訪問看護】大阪府泉佐野市下瓦屋三丁目1番1号有本ビル2階", "url": "https://www.kaigokensaku.mhlw.go.jp/27/index.php?action_kouhyou_detail_004_kani=true&JigyosyoCd=2764590457-00&ServiceCd=130&Type=search", "url2": "https://tetote.to" }, "geometry": { "type": "Point", "coordinates": [ 135.3301763, 34.4216217 ] } },
{ "type": "Feature", "properties": { "内容": "訪問看護ステーション　フィールアットホーム【訪問看護】大阪府泉佐野市上町一丁目7-5オーツカヤ第３ビル202号室", "url": "https://www.kaigokensaku.mhlw.go.jp/27/index.php?action_kouhyou_detail_004_kani=true&JigyosyoCd=2764590218-00&ServiceCd=130&Type=search", "url2": "http://www.aky-company.co.jp" }, "geometry": { "type": "Point", "coordinates": [ 135.322178799999961, 34.4101461 ] } },
{ "type": "Feature", "properties": { "内容": "Color　訪問看護ステーション【訪問看護】大阪府泉佐野市羽倉崎1丁目2-15", "url": "https://www.kaigokensaku.mhlw.go.jp/27/index.php?action_kouhyou_detail_004_kani=true&JigyosyoCd=2764590416-00&ServiceCd=130&Type=search", "url2": "https://color-ito.com" }, "geometry": { "type": "Point", "coordinates": [ 135.298443480889887, 34.400576323620811 ] } },
{ "type": "Feature", "properties": { "内容": "訪問看護ステーションリリーフ【訪問看護】大阪府泉佐野市上瓦屋889番地の5", "url": "https://www.kaigokensaku.mhlw.go.jp/27/index.php?action_kouhyou_detail_004_kani=true&JigyosyoCd=2764590390-00&ServiceCd=130&Type=search", "url2": null }, "geometry": { "type": "Point", "coordinates": [ 135.3361275, 34.4208728 ] } },
{ "type": "Feature", "properties": { "内容": "訪問看護ステーションあん【訪問看護】大阪府泉佐野市鶴原1578-3", "url": "https://www.kaigokensaku.mhlw.go.jp/27/index.php?action_kouhyou_detail_004_kani=true&JigyosyoCd=2764590366-00&ServiceCd=130&Type=search", "url2": null }, "geometry": { "type": "Point", "coordinates": [ 135.3376247, 34.4220294 ] } },
{ "type": "Feature", "properties": { "内容": "泉佐野訪問看護ステーション【訪問看護】大阪府泉佐野市高松北一丁目8-82稲垣ビル3階", "url": "https://www.kaigokensaku.mhlw.go.jp/27/index.php?action_kouhyou_detail_004_kani=true&JigyosyoCd=2764590267-00&ServiceCd=130&Type=search", "url2": "http://www.care-kagayaki.com/" }, "geometry": { "type": "Point", "coordinates": [ 135.314916300000021, 34.4077712 ] } },
{ "type": "Feature", "properties": { "内容": "訪問看護ステーション　ひより【訪問看護】大阪府泉佐野市日根野3735番地1号サンモリッツ日根野104号", "url": "https://www.kaigokensaku.mhlw.go.jp/27/index.php?action_kouhyou_detail_004_kani=true&JigyosyoCd=2764590515-00&ServiceCd=130&Type=search", "url2": "https://www.sowan-lien.net/" }, "geometry": { "type": "Point", "coordinates": [ 135.331249899999989, 34.386364 ] } },
{ "type": "Feature", "properties": { "内容": "リニエ訪問看護ステーション泉佐野【訪問看護】大阪府泉佐野市日根野5954-22F", "url": "https://www.kaigokensaku.mhlw.go.jp/27/index.php?action_kouhyou_detail_004_kani=true&JigyosyoCd=2764590572-00&ServiceCd=130&Type=search", "url2": "https://linie-group.jp/office/houmonkango-izumisano/" }, "geometry": { "type": "Point", "coordinates": [ 135.3236445, 34.3950754 ] } },
{ "type": "Feature", "properties": { "内容": "訪問看護ステーションここな【訪問看護】大阪府泉佐野市下瓦屋342番地の9", "url": "https://www.kaigokensaku.mhlw.go.jp/27/index.php?action_kouhyou_detail_004_kani=true&JigyosyoCd=2764590184-00&ServiceCd=130&Type=search", "url2": "http://yuto-cocona.com/" }, "geometry": { "type": "Point", "coordinates": [ 135.338113116593945, 34.418860636718442 ] } },
{ "type": "Feature", "properties": { "内容": "訪問看護ステーション　ナース栄公【訪問看護】大阪府泉佐野市中町３丁目４番５号　栄公泉佐野", "url": "https://www.kaigokensaku.mhlw.go.jp/27/index.php?action_kouhyou_detail_004_kani=true&JigyosyoCd=2764590010-00&ServiceCd=130&Type=search", "url2": "http://www.sanokinen.jp" }, "geometry": { "type": "Point", "coordinates": [ 135.315935599999989, 34.3996762 ] } },
{ "type": "Feature", "properties": { "内容": "ホライズン訪問看護ステーション【訪問看護】大阪府泉佐野市鶴原1065-3-401", "url": "https://www.kaigokensaku.mhlw.go.jp/27/index.php?action_kouhyou_detail_004_kani=true&JigyosyoCd=2764590465-00&ServiceCd=130&Type=search", "url2": "https://www.horizon.or.jp/" }, "geometry": { "type": "Point", "coordinates": [ 135.3437523362457, 34.417358229658909 ] } },
{ "type": "Feature", "properties": { "内容": "関西メディカルサポート訪問看護ステーション【訪問看護】大阪府泉佐野市中町１丁目４番３２号", "url": "https://www.kaigokensaku.mhlw.go.jp/27/index.php?action_kouhyou_detail_004_kani=true&JigyosyoCd=2764590069-00&ServiceCd=130&Type=search", "url2": "http://www.office-kan.co.jp" }, "geometry": { "type": "Point", "coordinates": [ 135.317661699999974, 34.4017829 ] } },
{ "type": "Feature", "properties": { "内容": "天寿　訪問看護ステーション【訪問看護】大阪府泉佐野市大宮町6番4号Casa　Oomiya　101号室", "url": "https://www.kaigokensaku.mhlw.go.jp/27/index.php?action_kouhyou_detail_004_kani=true&JigyosyoCd=2764590531-00&ServiceCd=130&Type=search", "url2": null }, "geometry": { "type": "Point", "coordinates": [ 135.3189065, 34.4125126 ] } },
{ "type": "Feature", "properties": { "内容": "訪問看護ステーションえみ【訪問看護】大阪府泉佐野市高松西1丁目2089-1", "url": "https://www.kaigokensaku.mhlw.go.jp/27/index.php?action_kouhyou_detail_004_kani=true&JigyosyoCd=2764590440-00&ServiceCd=130&Type=search", "url2": null }, "geometry": { "type": "Point", "coordinates": [ 135.3114784, 34.4049958 ] } },
{ "type": "Feature", "properties": { "内容": "りあん訪問看護ステーション【訪問看護】大阪府泉佐野市下瓦屋４丁目２番３０号ラヴィアン井原　１階右側", "url": "https://www.kaigokensaku.mhlw.go.jp/27/index.php?action_kouhyou_detail_004_kani=true&JigyosyoCd=2764590507-00&ServiceCd=130&Type=search", "url2": "https://www.lian-houkan.com/" }, "geometry": { "type": "Point", "coordinates": [ 135.3320108, 34.4224325 ] } },
{ "type": "Feature", "properties": { "内容": "いちむじん訪問看護ステーションりんくう【訪問看護】大阪府泉佐野市湊二丁目1番32号", "url": "https://www.kaigokensaku.mhlw.go.jp/27/index.php?action_kouhyou_detail_004_kani=true&JigyosyoCd=2764590432-00&ServiceCd=130&Type=search", "url2": null }, "geometry": { "type": "Point", "coordinates": [ 135.321885400000014, 34.416582499999983 ] } },
{ "type": "Feature", "properties": { "内容": "ルポン訪問看護ステーション【訪問看護】上之郷1615", "url": "https://www.kaigokensaku.mhlw.go.jp/27/index.php?action_kouhyou_detail_004_kani=true&JigyosyoCd=2764590499-00&ServiceCd=130&Type=search", "url2": "https://lepontreve.jp" }, "geometry": { "type": "Point", "coordinates": [ 135.3277824, 34.376358 ] } },
{ "type": "Feature", "properties": { "内容": "歩（アユミ）訪問看護ステーション【訪問看護】大阪府泉佐野市市場西2丁目2番22号", "url": "https://www.kaigokensaku.mhlw.go.jp/27/index.php?action_kouhyou_detail_004_kani=true&JigyosyoCd=2764590200-00&ServiceCd=130&Type=search", "url2": "https://ayumi.lovepop.jp/" }, "geometry": { "type": "Point", "coordinates": [ 135.321317177857992, 34.406485583049083 ] } },
{ "type": "Feature", "properties": { "内容": "訪問看護ステーションFANlife【訪問看護】大阪府泉佐野市高松南一丁目2番地の8オリーブ高松南402", "url": "https://www.kaigokensaku.mhlw.go.jp/27/index.php?action_kouhyou_detail_004_kani=true&JigyosyoCd=2764590580-00&ServiceCd=130&Type=search", "url2": "https://www.gl-fanlife.com/" }, "geometry": { "type": "Point", "coordinates": [ 135.3130641, 34.4028663 ] } },
{ "type": "Feature", "properties": { "内容": "いなほ訪問看護ステーション【訪問看護】大阪府泉佐野市大西1丁目5‐13", "url": "https://www.kaigokensaku.mhlw.go.jp/27/index.php?action_kouhyou_detail_004_kani=true&JigyosyoCd=2764590549-00&ServiceCd=130&Type=search", "url2": "https://www.inaho-houmonkango.com/" }, "geometry": { "type": "Point", "coordinates": [ 135.313852600000018, 34.410862 ] } },
{ "type": "Feature", "properties": { "内容": "訪問看護ステーション　音色【訪問看護】大阪府泉佐野市羽倉崎2丁目1番57号", "url": "https://www.kaigokensaku.mhlw.go.jp/27/index.php?action_kouhyou_detail_004_kani=true&JigyosyoCd=2764590424-00&ServiceCd=130&Type=search", "url2": null }, "geometry": { "type": "Point", "coordinates": [ 135.297171474834073, 34.398824735598325 ] } },
{ "type": "Feature", "properties": { "内容": "セカンドピース訪問看護ステーション【訪問看護】鶴原5丁目4番3号", "url": "https://www.kaigokensaku.mhlw.go.jp/27/index.php?action_kouhyou_detail_004_kani=true&JigyosyoCd=2764590143-00&ServiceCd=130&Type=search", "url2": null }, "geometry": { "type": "Point", "coordinates": [ 135.339537799999988, 34.4289045 ] } },
{ "type": "Feature", "properties": { "内容": "みらいえ訪問看護ステーション【訪問看護】大阪府泉佐野市上之郷1730番地の10", "url": "https://www.kaigokensaku.mhlw.go.jp/27/index.php?action_kouhyou_detail_004_kani=true&JigyosyoCd=2764590556-00&ServiceCd=130&Type=search", "url2": null }, "geometry": { "type": "Point", "coordinates": [ 135.3290757, 34.3736055 ] } },
{ "type": "Feature", "properties": { "内容": "訪問看護ステーショングランド泉佐野【訪問看護】大阪府泉佐野市泉ヶ丘2-4-10", "url": "https://www.kaigokensaku.mhlw.go.jp/27/index.php?action_kouhyou_detail_004_kani=true&JigyosyoCd=2764590663-00&ServiceCd=130&Type=search", "url2": null }, "geometry": { "type": "Point", "coordinates": [ 135.353686399999987, 34.4077541 ] } },
{ "type": "Feature", "properties": { "内容": "リンク訪問看護ステーション富田林【訪問看護】富田林市若松町西一丁目1884番地の1徳田ﾋﾞﾙ302号", "url": "https://www.kaigokensaku.mhlw.go.jp/27/index.php?action_kouhyou_detail_004_kani=true&JigyosyoCd=2764990319-00&ServiceCd=130&Type=search", "url2": "https://www.healthcare-link.co.jp" }, "geometry": { "type": "Point", "coordinates": [ 135.599566900000013, 34.5056582 ] } },
{ "type": "Feature", "properties": { "内容": "医療法人今城クリニック訪問看護ステーション和が家【訪問看護】大阪府富田林市山中田町2-8-5", "url": "https://www.kaigokensaku.mhlw.go.jp/27/index.php?action_kouhyou_detail_004_kani=true&JigyosyoCd=2764990137-00&ServiceCd=130&Type=search", "url2": "https://imajo.org/" }, "geometry": { "type": "Point", "coordinates": [ 135.612158300000033, 34.4967352 ] } },
{ "type": "Feature", "properties": { "内容": "富田林医師会訪問看護ステーション【訪問看護】大阪府富田林市向陽台2丁目16番35号2階", "url": "https://www.kaigokensaku.mhlw.go.jp/27/index.php?action_kouhyou_detail_004_kani=true&JigyosyoCd=2764990012-00&ServiceCd=130&Type=search", "url2": "http://tondabayashiishikai.jp/kango/" }, "geometry": { "type": "Point", "coordinates": [ 135.582264, 34.504678900000023 ] } },
{ "type": "Feature", "properties": { "内容": "希望や訪問看護ステーション【訪問看護】大阪府富田林市若松町西一丁目１８４１番地１アジア商事ビル205号室", "url": "https://www.kaigokensaku.mhlw.go.jp/27/index.php?action_kouhyou_detail_004_kani=true&JigyosyoCd=2764990145-00&ServiceCd=130&Type=search", "url2": "http://www.hopemillion.com" }, "geometry": { "type": "Point", "coordinates": [ 135.602242299999943, 34.506306299999984 ] } },
{ "type": "Feature", "properties": { "内容": "訪問看護ステーション　デューン富田林【訪問看護】大阪府富田林市若松町西1丁目1839-1コテラビル4階", "url": "https://www.kaigokensaku.mhlw.go.jp/27/index.php?action_kouhyou_detail_004_kani=true&JigyosyoCd=2764990194-00&ServiceCd=130&Type=search", "url2": "http://www.nfield.co.jp" }, "geometry": { "type": "Point", "coordinates": [ 135.6017443, 34.5059128 ] } },
{ "type": "Feature", "properties": { "内容": "ビッグファミリー訪問看護ステーション２４【訪問看護】大阪府富田林市藤沢台六丁目１４番２８号", "url": "https://www.kaigokensaku.mhlw.go.jp/27/index.php?action_kouhyou_detail_004_kani=true&JigyosyoCd=2764990095-00&ServiceCd=130&Type=search", "url2": null }, "geometry": { "type": "Point", "coordinates": [ 135.573581392459801, 34.507435143127687 ] } },
{ "type": "Feature", "properties": { "内容": "つつじ訪問看護ステーション【訪問看護】大阪府富田林市山中田町二丁目13番4号ハーモニー富田林", "url": "https://www.kaigokensaku.mhlw.go.jp/27/index.php?action_kouhyou_detail_004_kani=true&JigyosyoCd=2764990301-00&ServiceCd=130&Type=search", "url2": "https://waffle2019.com/" }, "geometry": { "type": "Point", "coordinates": [ 135.614440650926213, 34.496398351914245 ] } },
{ "type": "Feature", "properties": { "内容": "Airy訪問看護ステーション【訪問看護】大阪府富田林市若松町五丁目15番1102号", "url": "https://www.kaigokensaku.mhlw.go.jp/27/index.php?action_kouhyou_detail_004_kani=true&JigyosyoCd=2764990244-00&ServiceCd=130&Type=search", "url2": "https://airy-heart.co.jp/" }, "geometry": { "type": "Point", "coordinates": [ 135.6072981, 34.5105337 ] } },
{ "type": "Feature", "properties": { "内容": "訪問看護ステーション　ともに【訪問看護】富田林市若松町西1-1882-1麻野ビル206号室", "url": "https://www.kaigokensaku.mhlw.go.jp/27/index.php?action_kouhyou_detail_004_kani=true&JigyosyoCd=2764990111-00&ServiceCd=130&Type=search", "url2": null }, "geometry": { "type": "Point", "coordinates": [ 135.599907893432345, 34.505406146621375 ] } },
{ "type": "Feature", "properties": { "内容": "トリニティ訪問看護ステーション【訪問看護】大阪府富田林市若松町西２丁目1738-3", "url": "https://www.kaigokensaku.mhlw.go.jp/27/index.php?action_kouhyou_detail_004_kani=true&JigyosyoCd=2764990160-00&ServiceCd=130&Type=search", "url2": "https://sites.google.com/view/trinity-homenursing-station/" }, "geometry": { "type": "Point", "coordinates": [ 135.601172100000014, 34.507419900000023 ] } },
{ "type": "Feature", "properties": { "内容": "椿訪問看護ステーション【訪問看護】大阪府富田林市向陽台2-16-31サニーガーデン101", "url": "https://www.kaigokensaku.mhlw.go.jp/27/index.php?action_kouhyou_detail_004_kani=true&JigyosyoCd=2764990285-00&ServiceCd=130&Type=search", "url2": null }, "geometry": { "type": "Point", "coordinates": [ 135.5823562, 34.5049824 ] } },
{ "type": "Feature", "properties": { "内容": "社会福祉法人恩賜財団済生会支部大阪府済生会　富田林訪問看護ステーション【訪問看護】大阪府富田林市向陽台１丁目３番３６号", "url": "https://www.kaigokensaku.mhlw.go.jp/27/index.php?action_kouhyou_detail_004_kani=true&JigyosyoCd=2764990061-00&ServiceCd=130&Type=search", "url2": "http://www.tonbyo.org/" }, "geometry": { "type": "Point", "coordinates": [ 135.58362360000001, 34.5032185 ] } },
{ "type": "Feature", "properties": { "内容": "ケアビレッジゆう訪問看護ステーション【訪問看護】大阪府富田林市廿山1丁目2番18号", "url": "https://www.kaigokensaku.mhlw.go.jp/27/index.php?action_kouhyou_detail_004_kani=true&JigyosyoCd=2764990129-00&ServiceCd=130&Type=search", "url2": "http://www.khaus.org/" }, "geometry": { "type": "Point", "coordinates": [ 135.579160099999967, 34.4899255 ] } },
{ "type": "Feature", "properties": { "内容": "訪問看護ステーション　リリーブ【訪問看護】大阪府富田林市寿町３丁目１－８", "url": "https://www.kaigokensaku.mhlw.go.jp/27/index.php?action_kouhyou_detail_004_kani=true&JigyosyoCd=2764990053-00&ServiceCd=130&Type=search", "url2": null }, "geometry": { "type": "Point", "coordinates": [ 135.5929893, 34.5014467 ] } },
{ "type": "Feature", "properties": { "内容": "サンケア訪問看護ステーション【訪問看護】大阪府富田林市藤沢台3-1-2", "url": "https://www.kaigokensaku.mhlw.go.jp/27/index.php?action_kouhyou_detail_004_kani=true&JigyosyoCd=2764990335-00&ServiceCd=130&Type=search", "url2": null }, "geometry": { "type": "Point", "coordinates": [ 135.5742244, 34.5009334 ] } },
{ "type": "Feature", "properties": { "内容": "医療法人昭仁会　おがわ訪問看護ステーションたんぽぽ【訪問看護】大阪府富田林市甲田三丁目10番2号", "url": "https://www.kaigokensaku.mhlw.go.jp/27/index.php?action_kouhyou_detail_004_kani=true&JigyosyoCd=2764990236-00&ServiceCd=130&Type=search", "url2": "https://ogawa-hp.com" }, "geometry": { "type": "Point", "coordinates": [ 135.5900815, 34.4902214 ] } },
{ "type": "Feature", "properties": { "内容": "フォーライフ訪問看護ステーション【訪問看護】大阪府富田林市寿町４－１０－７グランプラース201号", "url": "https://www.kaigokensaku.mhlw.go.jp/27/index.php?action_kouhyou_detail_004_kani=true&JigyosyoCd=2764990087-00&ServiceCd=130&Type=search", "url2": "https://www.seiseikai-hp.jp" }, "geometry": { "type": "Point", "coordinates": [ 135.591488543902642, 34.497328913049301 ] } },
{ "type": "Feature", "properties": { "内容": "アイミル訪問看護ステーション【訪問看護】大阪府富田林市津々山台5丁目5-5", "url": "https://www.kaigokensaku.mhlw.go.jp/27/index.php?action_kouhyou_detail_004_kani=true&JigyosyoCd=2764990269-00&ServiceCd=130&Type=search", "url2": "https://aimiru.com" }, "geometry": { "type": "Point", "coordinates": [ 135.576639099999966, 34.4942499 ] } },
{ "type": "Feature", "properties": { "内容": "喜志訪問看護ステーション【訪問看護】大阪府富田林市桜井町１－４－３", "url": "https://www.kaigokensaku.mhlw.go.jp/27/index.php?action_kouhyou_detail_004_kani=true&JigyosyoCd=2764990202-00&ServiceCd=130&Type=search", "url2": "https://www.teijin-pharma.co.jp/recruit_thh/nurse/" }, "geometry": { "type": "Point", "coordinates": [ 135.609930788570381, 34.518699255167263 ] } },
{ "type": "Feature", "properties": { "内容": "訪問看護ステーション　らいおん【訪問看護】大阪府寝屋川市香里北之町17-6コーポ西森香里園105", "url": "https://www.kaigokensaku.mhlw.go.jp/27/index.php?action_kouhyou_detail_004_kani=true&JigyosyoCd=2760390720-00&ServiceCd=130&Type=search", "url2": "https://fresa-kangofukushi.com" }, "geometry": { "type": "Point", "coordinates": [ 135.6298641, 34.7888927 ] } },
{ "type": "Feature", "properties": { "内容": "りんぐ訪問看護ステーション【訪問看護】大阪府寝屋川市北大利町17-12F", "url": "https://www.kaigokensaku.mhlw.go.jp/27/index.php?action_kouhyou_detail_004_kani=true&JigyosyoCd=2760390738-00&ServiceCd=130&Type=search", "url2": "http://ring-houkan.com" }, "geometry": { "type": "Point", "coordinates": [ 135.618698099999989, 34.7675401 ] } },
{ "type": "Feature", "properties": { "内容": "藤本病院訪問看護ステーション【訪問看護】大阪府寝屋川市八坂町１３番１８号", "url": "https://www.kaigokensaku.mhlw.go.jp/27/index.php?action_kouhyou_detail_004_kani=true&JigyosyoCd=2760390258-00&ServiceCd=130&Type=search", "url2": "http://www.fujimoto-hp.com/" }, "geometry": { "type": "Point", "coordinates": [ 135.6233863, 34.7653624 ] } },
{ "type": "Feature", "properties": { "内容": "医療法人毅峰会訪問看護ステーション【訪問看護】大阪府寝屋川市緑町47-9", "url": "https://www.kaigokensaku.mhlw.go.jp/27/index.php?action_kouhyou_detail_004_kani=true&JigyosyoCd=2760390092-00&ServiceCd=130&Type=search", "url2": "http://www.seijyukai.or.jp" }, "geometry": { "type": "Point", "coordinates": [ 135.630946600000044, 34.7738836 ] } },
{ "type": "Feature", "properties": { "内容": "関医訪問看護ステーション・香里【訪問看護】大阪府寝屋川市香里本通町9-7", "url": "https://www.kaigokensaku.mhlw.go.jp/27/index.php?action_kouhyou_detail_004_kani=true&JigyosyoCd=2760390282-00&ServiceCd=130&Type=search", "url2": "http://www.kmu.ac.jp/kori/hospital/kango.html" }, "geometry": { "type": "Point", "coordinates": [ 135.632997292520031, 34.784315300089418 ] } },
{ "type": "Feature", "properties": { "内容": "アシスト訪問看護ステーション【訪問看護】大阪府寝屋川市八坂町15番36号今井ビル303号", "url": "https://www.kaigokensaku.mhlw.go.jp/27/index.php?action_kouhyou_detail_004_kani=true&JigyosyoCd=2760390530-00&ServiceCd=130&Type=search", "url2": "http://assist-reha.jp" }, "geometry": { "type": "Point", "coordinates": [ 135.622389, 34.7651138 ] } },
{ "type": "Feature", "properties": { "内容": "訪問看護ステーション　ラビアン【訪問看護】大阪府寝屋川市高柳栄町7-14パークサイドラビアン", "url": "https://www.kaigokensaku.mhlw.go.jp/27/index.php?action_kouhyou_detail_004_kani=true&JigyosyoCd=2760390399-00&ServiceCd=130&Type=search", "url2": null }, "geometry": { "type": "Point", "coordinates": [ 135.610127414155613, 34.767515776472074 ] } },
{ "type": "Feature", "properties": { "内容": "訪問看護ステーション　フレンドリー寝屋川【訪問看護】大阪府寝屋川市石津元町１０－２３リバーヒル石津１０２号室", "url": "https://www.kaigokensaku.mhlw.go.jp/27/index.php?action_kouhyou_detail_004_kani=true&JigyosyoCd=2760390639-00&ServiceCd=130&Type=search", "url2": null }, "geometry": { "type": "Point", "coordinates": [ 135.6209499, 34.775968 ] } },
{ "type": "Feature", "properties": { "内容": "デイル訪問看護ステーション【訪問看護】大阪府寝屋川市萱島南町8丁目23番201号", "url": "https://www.kaigokensaku.mhlw.go.jp/27/index.php?action_kouhyou_detail_004_kani=true&JigyosyoCd=2760390670-00&ServiceCd=130&Type=search", "url2": "http://santeriant-dale.com/" }, "geometry": { "type": "Point", "coordinates": [ 135.6159165, 34.7455968 ] } },
{ "type": "Feature", "properties": { "内容": "アズワン訪問看護ステーション【訪問看護】大阪府寝屋川市香里本通町11-18ヨシデンビル3階", "url": "https://www.kaigokensaku.mhlw.go.jp/27/index.php?action_kouhyou_detail_004_kani=true&JigyosyoCd=2760390159-00&ServiceCd=130&Type=search", "url2": null }, "geometry": { "type": "Point", "coordinates": [ 135.634440499999982, 34.7848462 ] } },
{ "type": "Feature", "properties": { "内容": "訪問看護ステーションそわん【訪問看護】大阪府寝屋川市点野5-11-14", "url": "https://www.kaigokensaku.mhlw.go.jp/27/index.php?action_kouhyou_detail_004_kani=true&JigyosyoCd=2760390688-00&ServiceCd=130&Type=search", "url2": "https://hp.kaipoke.biz/upc/index.html" }, "geometry": { "type": "Point", "coordinates": [ 135.601679499999989, 34.7747542 ] } },
{ "type": "Feature", "properties": { "内容": "訪問看護ステーションウォーム【訪問看護】大阪府寝屋川市川勝町4-18リバーサイドマンション305", "url": "https://www.kaigokensaku.mhlw.go.jp/27/index.php?action_kouhyou_detail_004_kani=true&JigyosyoCd=2760390704-00&ServiceCd=130&Type=search", "url2": null }, "geometry": { "type": "Point", "coordinates": [ 135.634895900000032, 34.7678907 ] } },
{ "type": "Feature", "properties": { "内容": "おかもと訪問看護ステーション【訪問看護】大阪府寝屋川市池田旭町２４番２２号サンライズ柴田１０３号", "url": "https://www.kaigokensaku.mhlw.go.jp/27/index.php?action_kouhyou_detail_004_kani=true&JigyosyoCd=2760390183-00&ServiceCd=130&Type=search", "url2": "https://okamoto-hns.com" }, "geometry": { "type": "Point", "coordinates": [ 135.611737299999959, 34.7681757 ] } },
{ "type": "Feature", "properties": { "内容": "訪問看護ステーションこころ【訪問看護】大阪府寝屋川市打上中町11-13-602", "url": "https://www.kaigokensaku.mhlw.go.jp/27/index.php?action_kouhyou_detail_004_kani=true&JigyosyoCd=2760390209-00&ServiceCd=130&Type=search", "url2": null }, "geometry": { "type": "Point", "coordinates": [ 135.654294707253285, 34.758727538892863 ] } },
{ "type": "Feature", "properties": { "内容": "スマイルらいふ寝屋川訪問看護ステーション【訪問看護】大阪府寝屋川市東神田町32-31", "url": "https://www.kaigokensaku.mhlw.go.jp/27/index.php?action_kouhyou_detail_004_kani=true&JigyosyoCd=2760390365-00&ServiceCd=130&Type=search", "url2": "http://smile-lifecare.jp/" }, "geometry": { "type": "Point", "coordinates": [ 135.613722664417992, 34.75390304041278 ] } },
{ "type": "Feature", "properties": { "内容": "訪問看護ステーション　ステラ【訪問看護】大阪府寝屋川市豊野町12-10", "url": "https://www.kaigokensaku.mhlw.go.jp/27/index.php?action_kouhyou_detail_004_kani=true&JigyosyoCd=2760390290-00&ServiceCd=130&Type=search", "url2": "https://bighappy-stella.com/" }, "geometry": { "type": "Point", "coordinates": [ 135.626680399999941, 34.7673622 ] } },
{ "type": "Feature", "properties": { "内容": "ぽぷら訪問看護ステーション【訪問看護】大阪府寝屋川市成田町10番45号ぽぷらナーシングホームなりた", "url": "https://www.kaigokensaku.mhlw.go.jp/27/index.php?action_kouhyou_detail_004_kani=true&JigyosyoCd=2760390381-00&ServiceCd=130&Type=search", "url2": "http://www.popura.jp" }, "geometry": { "type": "Point", "coordinates": [ 135.639943864140378, 34.778984911745496 ] } },
{ "type": "Feature", "properties": { "内容": "あん訪問看護ステーション【訪問看護】大阪府寝屋川市黒原橘町27-5黒原BASE01", "url": "https://www.kaigokensaku.mhlw.go.jp/27/index.php?action_kouhyou_detail_004_kani=true&JigyosyoCd=2760390480-00&ServiceCd=130&Type=search", "url2": "https://miru-fukusi-osaka.com/44/" }, "geometry": { "type": "Point", "coordinates": [ 135.601902090815742, 34.755443575406304 ] } },
{ "type": "Feature", "properties": { "内容": "訪問看護ステーションハイジ【訪問看護】大阪府寝屋川市成美町27番10号", "url": "https://www.kaigokensaku.mhlw.go.jp/27/index.php?action_kouhyou_detail_004_kani=true&JigyosyoCd=2760390308-00&ServiceCd=130&Type=search", "url2": "http://heidi-main.com" }, "geometry": { "type": "Point", "coordinates": [ 135.613184700000033, 34.7597434 ] } },
{ "type": "Feature", "properties": { "内容": "訪問看護ステーション　コネクトねやがわ【訪問看護】大阪府寝屋川市八坂町20-13八坂一番館305号室", "url": "https://www.kaigokensaku.mhlw.go.jp/27/index.php?action_kouhyou_detail_004_kani=true&JigyosyoCd=2760390555-00&ServiceCd=130&Type=search", "url2": "https://www.region-connect.com/" }, "geometry": { "type": "Point", "coordinates": [ 135.622234335581965, 34.765628665885806 ] } },
{ "type": "Feature", "properties": { "内容": "訪問看護ステーションブルースター【訪問看護】大阪府寝屋川市緑町24-4", "url": "https://www.kaigokensaku.mhlw.go.jp/27/index.php?action_kouhyou_detail_004_kani=true&JigyosyoCd=2760390449-00&ServiceCd=130&Type=search", "url2": "https://www.wisesucceed.com" }, "geometry": { "type": "Point", "coordinates": [ 135.62929, 34.7732349 ] } },
{ "type": "Feature", "properties": { "内容": "ONENESS訪問看護ステーション【訪問看護】大阪府寝屋川市美井元町27-1メナール香里園・404", "url": "https://www.kaigokensaku.mhlw.go.jp/27/index.php?action_kouhyou_detail_004_kani=true&JigyosyoCd=2760390571-00&ServiceCd=130&Type=search", "url2": null }, "geometry": { "type": "Point", "coordinates": [ 135.634712562565625, 34.777568600000016 ] } },
{ "type": "Feature", "properties": { "内容": "あすも訪問看護ステーション【訪問看護】大阪府寝屋川市萱島東一丁目8番15号サンヒルズ萱島1階", "url": "https://www.kaigokensaku.mhlw.go.jp/27/index.php?action_kouhyou_detail_004_kani=true&JigyosyoCd=2760390407-00&ServiceCd=130&Type=search", "url2": "http://www.asumo-ns.com" }, "geometry": { "type": "Point", "coordinates": [ 135.616509700000051, 34.7494836 ] } },
{ "type": "Feature", "properties": { "内容": "IKOI訪問看護ステーション寝屋川【訪問看護】大阪府寝屋川市高宮新町3－4", "url": "https://www.kaigokensaku.mhlw.go.jp/27/index.php?action_kouhyou_detail_004_kani=true&JigyosyoCd=2760390647-00&ServiceCd=130&Type=search", "url2": null }, "geometry": { "type": "Point", "coordinates": [ 135.630672595901416, 34.762153452474884 ] } },
{ "type": "Feature", "properties": { "内容": "訪問看護ステーション　デューン京阪【訪問看護】大阪府寝屋川市八坂町15番22号共豊ビル４階", "url": "https://www.kaigokensaku.mhlw.go.jp/27/index.php?action_kouhyou_detail_004_kani=true&JigyosyoCd=2760390787-00&ServiceCd=130&Type=search", "url2": "https://www.nfield.co.jp/" }, "geometry": { "type": "Point", "coordinates": [ 135.622506600000037, 34.7652898 ] } },
{ "type": "Feature", "properties": { "内容": "とも訪問看護ステーション【訪問看護】大阪府寝屋川市石津東町２９番５－２階Ｃ号", "url": "https://www.kaigokensaku.mhlw.go.jp/27/index.php?action_kouhyou_detail_004_kani=true&JigyosyoCd=2760390746-00&ServiceCd=130&Type=search", "url2": "https://style-tomo.com/" }, "geometry": { "type": "Point", "coordinates": [ 135.6234196, 34.7803628 ] } },
{ "type": "Feature", "properties": { "内容": "医療法人協仁会訪問看護ステーションこまつ【訪問看護】大阪府寝屋川市川勝町９－１", "url": "https://www.kaigokensaku.mhlw.go.jp/27/index.php?action_kouhyou_detail_004_kani=true&JigyosyoCd=2760390068-00&ServiceCd=130&Type=search", "url2": "http://www.komatsu.or.jp" }, "geometry": { "type": "Point", "coordinates": [ 135.631877199999963, 34.768051 ] } },
{ "type": "Feature", "properties": { "内容": "一般財団法人大阪府結核予防会大阪複十字病院【訪問看護】大阪府寝屋川市打上高塚町3番10号", "url": "https://www.kaigokensaku.mhlw.go.jp/27/index.php?action_kouhyou_detail_004_kani=true&JigyosyoCd=2710306479-00&ServiceCd=130&Type=search", "url2": "https://www.osaka-hospital.org/" }, "geometry": { "type": "Point", "coordinates": [ 135.649764678573604, 34.756050601912882 ] } },
{ "type": "Feature", "properties": { "内容": "訪問看護ステーション　カウリ【訪問看護】大阪府寝屋川市東香里園町29番10号香里カーサヒル205号室", "url": "https://www.kaigokensaku.mhlw.go.jp/27/index.php?action_kouhyou_detail_004_kani=true&JigyosyoCd=2760390563-00&ServiceCd=130&Type=search", "url2": "http://cnj-kauri.com/" }, "geometry": { "type": "Point", "coordinates": [ 135.6353696, 34.7848844 ] } },
{ "type": "Feature", "properties": { "内容": "訪問看護ステーションサポートケア【訪問看護】大阪府寝屋川市堀溝１－３５－８ヴェルドミール堀溝101号室", "url": "https://www.kaigokensaku.mhlw.go.jp/27/index.php?action_kouhyou_detail_004_kani=true&JigyosyoCd=2760390605-00&ServiceCd=130&Type=search", "url2": null }, "geometry": { "type": "Point", "coordinates": [ 135.6233306, 34.74271 ] } },
{ "type": "Feature", "properties": { "内容": "訪問看護ステーション一歩【訪問看護】大阪府寝屋川市国松町23-1-306", "url": "https://www.kaigokensaku.mhlw.go.jp/27/index.php?action_kouhyou_detail_004_kani=true&JigyosyoCd=2760390373-00&ServiceCd=130&Type=search", "url2": "https://ippo-kaigokango.com/" }, "geometry": { "type": "Point", "coordinates": [ 135.631509795960426, 34.77007642070334 ] } },
{ "type": "Feature", "properties": { "内容": "訪問看護ハイジ【訪問看護】大阪府寝屋川市黒原城内町15番22号", "url": "https://www.kaigokensaku.mhlw.go.jp/27/index.php?action_kouhyou_detail_004_kani=true&JigyosyoCd=2760390795-00&ServiceCd=130&Type=search", "url2": null }, "geometry": { "type": "Point", "coordinates": [ 135.5993752, 34.7613005 ] } },
{ "type": "Feature", "properties": { "内容": "SunnySmile訪問看護ステーション【訪問看護】大阪府寝屋川市田井町5-15", "url": "https://www.kaigokensaku.mhlw.go.jp/27/index.php?action_kouhyou_detail_004_kani=true&JigyosyoCd=2760390753-00&ServiceCd=130&Type=search", "url2": null }, "geometry": { "type": "Point", "coordinates": [ 135.6306476, 34.7781143 ] } },
{ "type": "Feature", "properties": { "内容": "訪問看護リハビリステーション　ケア・ワン【訪問看護】大阪府寝屋川市出雲町1-13メゾン・スイートピュア402", "url": "https://www.kaigokensaku.mhlw.go.jp/27/index.php?action_kouhyou_detail_004_kani=true&JigyosyoCd=2760390761-00&ServiceCd=130&Type=search", "url2": "https://careone.jp/" }, "geometry": { "type": "Point", "coordinates": [ 135.6227452, 34.7591852 ] } },
{ "type": "Feature", "properties": { "内容": "医療法人　和敬会　訪問看護ステーションみなみ【訪問看護】大阪府寝屋川市大利元町８－１４ソレイユ・ルボン１０１号室", "url": "https://www.kaigokensaku.mhlw.go.jp/27/index.php?action_kouhyou_detail_004_kani=true&JigyosyoCd=2760390043-00&ServiceCd=130&Type=search", "url2": "http://www.wakeikai.or.jp" }, "geometry": { "type": "Point", "coordinates": [ 135.614596729777531, 34.76456378082279 ] } },
{ "type": "Feature", "properties": { "内容": "社会福祉法人恩徳福祉会青山第二病院訪問看護ステーション【訪問看護】大阪府河内長野市喜多町189-1", "url": "https://www.kaigokensaku.mhlw.go.jp/27/index.php?action_kouhyou_detail_004_kani=true&JigyosyoCd=2760790374-00&ServiceCd=130&Type=search", "url2": "https://www.ontoku.or.jp/aoyama-hospital2/" }, "geometry": { "type": "Point", "coordinates": [ 135.568737, 34.4449096 ] } },
{ "type": "Feature", "properties": { "内容": "ケア南海株式会社訪問看護ステーション【訪問看護】大阪府河内長野市市町765-1", "url": "https://www.kaigokensaku.mhlw.go.jp/27/index.php?action_kouhyou_detail_004_kani=true&JigyosyoCd=2760790069-00&ServiceCd=130&Type=search", "url2": null }, "geometry": { "type": "Point", "coordinates": [ 135.574967906004304, 34.465684423774334 ] } },
{ "type": "Feature", "properties": { "内容": "リンク訪問看護ステーション河内長野【訪問看護】大阪府河内長野市西之山町10番28号サンライズビル303号", "url": "https://www.kaigokensaku.mhlw.go.jp/27/index.php?action_kouhyou_detail_004_kani=true&JigyosyoCd=2760790309-00&ServiceCd=130&Type=search", "url2": "http://www.healthcare-link.co.jp/" }, "geometry": { "type": "Point", "coordinates": [ 135.5638612, 34.457203 ] } },
{ "type": "Feature", "properties": { "内容": "医療法人　健真会　はぶ医院【訪問看護】大阪府河内長野市本多町1-45シェーネスハイム日野谷101号", "url": "https://www.kaigokensaku.mhlw.go.jp/27/index.php?action_kouhyou_detail_004_kani=true&JigyosyoCd=2710701802-00&ServiceCd=130&Type=search", "url2": "http://www.habuiin.jp/" }, "geometry": { "type": "Point", "coordinates": [ 135.569083799999987, 34.4547321 ] } },
{ "type": "Feature", "properties": { "内容": "河内長野市医師会訪問看護ステーション【訪問看護】大阪府河内長野市菊水町2-13", "url": "https://www.kaigokensaku.mhlw.go.jp/27/index.php?action_kouhyou_detail_004_kani=true&JigyosyoCd=2760790010-00&ServiceCd=130&Type=search", "url2": "http://www.kawachinagano-med.or.jp/" }, "geometry": { "type": "Point", "coordinates": [ 135.573647199999982, 34.451513 ] } },
{ "type": "Feature", "properties": { "内容": "訪問看護ステーション　デューン河内長野【訪問看護】大阪府河内長野市木戸西町2丁目1-14大北店舗2階", "url": "https://www.kaigokensaku.mhlw.go.jp/27/index.php?action_kouhyou_detail_004_kani=true&JigyosyoCd=2760790085-00&ServiceCd=130&Type=search", "url2": "https://www.nfield.co.jp/office-search/result/?pref=27" }, "geometry": { "type": "Point", "coordinates": [ 135.5642115, 34.4672071 ] } },
{ "type": "Feature", "properties": { "内容": "訪問看護ステーションあさひ【訪問看護】大阪府河内長野市本多町1-41大北マンション206号・207号", "url": "https://www.kaigokensaku.mhlw.go.jp/27/index.php?action_kouhyou_detail_004_kani=true&JigyosyoCd=2760790275-00&ServiceCd=130&Type=search", "url2": null }, "geometry": { "type": "Point", "coordinates": [ 135.5691613, 34.4551055 ] } },
{ "type": "Feature", "properties": { "内容": "訪問看護ステーションみかん【訪問看護】大阪府河内長野市喜多町197ｰ5", "url": "https://www.kaigokensaku.mhlw.go.jp/27/index.php?action_kouhyou_detail_004_kani=true&JigyosyoCd=2760790333-00&ServiceCd=130&Type=search", "url2": null }, "geometry": { "type": "Point", "coordinates": [ 135.569292047964183, 34.446425860573726 ] } },
{ "type": "Feature", "properties": { "内容": "訪問看護ステーション喜仙【訪問看護】大阪府河内長野市昭栄町9-3　2階", "url": "https://www.kaigokensaku.mhlw.go.jp/27/index.php?action_kouhyou_detail_004_kani=true&JigyosyoCd=2760790291-00&ServiceCd=130&Type=search", "url2": null }, "geometry": { "type": "Point", "coordinates": [ 135.5590128, 34.454201 ] } },
{ "type": "Feature", "properties": { "内容": "訪問看護ステーションなのはな【訪問看護】大阪府河内長野市木戸1丁目36-6", "url": "https://www.kaigokensaku.mhlw.go.jp/27/index.php?action_kouhyou_detail_004_kani=true&JigyosyoCd=2760790119-00&ServiceCd=130&Type=search", "url2": null }, "geometry": { "type": "Point", "coordinates": [ 135.568549257008414, 34.471437100215539 ] } },
{ "type": "Feature", "properties": { "内容": "河内長野ヤマシン訪問看護ステーション【訪問看護】大阪府河内長野市清見台1丁目15番3号フィオレシニアレジデンス河内長野内", "url": "https://www.kaigokensaku.mhlw.go.jp/27/index.php?action_kouhyou_detail_004_kani=true&JigyosyoCd=2760790192-00&ServiceCd=130&Type=search", "url2": "http://www.yamasin.co.jp/kango/" }, "geometry": { "type": "Point", "coordinates": [ 135.5781528, 34.435617399999984 ] } },
{ "type": "Feature", "properties": { "内容": "さざんかリハビリ訪問看護ステーション【訪問看護】大阪府河内長野市汐の宮町２－１９", "url": "https://www.kaigokensaku.mhlw.go.jp/27/index.php?action_kouhyou_detail_004_kani=true&JigyosyoCd=2760790101-00&ServiceCd=130&Type=search", "url2": null }, "geometry": { "type": "Point", "coordinates": [ 135.579340699999989, 34.4683975 ] } },
{ "type": "Feature", "properties": { "内容": "訪問看護ステーション寿里苑こはる【訪問看護】大阪府河内長野市本多町4-3", "url": "https://www.kaigokensaku.mhlw.go.jp/27/index.php?action_kouhyou_detail_004_kani=true&JigyosyoCd=2760790044-00&ServiceCd=130&Type=search", "url2": "http://www.julien.or.jp" }, "geometry": { "type": "Point", "coordinates": [ 135.56562768236995, 34.454448524075886 ] } },
{ "type": "Feature", "properties": { "内容": "訪問看護ステーション　そら【訪問看護】大阪府河内長野市市町501番地4", "url": "https://www.kaigokensaku.mhlw.go.jp/27/index.php?action_kouhyou_detail_004_kani=true&JigyosyoCd=2760790234-00&ServiceCd=130&Type=search", "url2": "https://sora-home-nursingcare.com" }, "geometry": { "type": "Point", "coordinates": [ 135.57719236384375, 34.472098459987158 ] } },
{ "type": "Feature", "properties": { "内容": "青空の杜訪問看護ステーション【訪問看護】大阪府河内長野市上原町495番1の2", "url": "https://www.kaigokensaku.mhlw.go.jp/27/index.php?action_kouhyou_detail_004_kani=true&JigyosyoCd=2760790168-00&ServiceCd=130&Type=search", "url2": "https://kea-aozora.jimdo.com" }, "geometry": { "type": "Point", "coordinates": [ 135.555381399999987, 34.4443332 ] } },
{ "type": "Feature", "properties": { "内容": "訪問看護ステーションエターナル【訪問看護】大阪府河内長野市楠ケ丘26-9", "url": "https://www.kaigokensaku.mhlw.go.jp/27/index.php?action_kouhyou_detail_004_kani=true&JigyosyoCd=2760790226-00&ServiceCd=130&Type=search", "url2": "https://www.akushu.oosaka.com/" }, "geometry": { "type": "Point", "coordinates": [ 135.558422900000039, 34.4365415 ] } },
{ "type": "Feature", "properties": { "内容": "訪問看護ステーション　Armeria【訪問看護】大阪府河内長野市栄町26番11―202", "url": "https://www.kaigokensaku.mhlw.go.jp/27/index.php?action_kouhyou_detail_004_kani=true&JigyosyoCd=2760790358-00&ServiceCd=130&Type=search", "url2": "https://l-and-c-armeria.com/" }, "geometry": { "type": "Point", "coordinates": [ 135.5620338, 34.4474622 ] } },
{ "type": "Feature", "properties": { "内容": "リニエ訪問看護ステーション河内長野【訪問看護】大阪府河内長野市上原西町25-1", "url": "https://www.kaigokensaku.mhlw.go.jp/27/index.php?action_kouhyou_detail_004_kani=true&JigyosyoCd=2760790218-00&ServiceCd=130&Type=search", "url2": "https://linie-group.jp/" }, "geometry": { "type": "Point", "coordinates": [ 135.5498527, 34.4431373 ] } },
{ "type": "Feature", "properties": { "内容": "南河内おか病院【訪問看護】大阪府河内長野市木戸東町1番1号", "url": "https://www.kaigokensaku.mhlw.go.jp/27/index.php?action_kouhyou_detail_004_kani=true&JigyosyoCd=2710702529-00&ServiceCd=130&Type=search", "url2": "http://www.minamikawachioka.com/" }, "geometry": { "type": "Point", "coordinates": [ 135.5731008, 34.4705709 ] } },
{ "type": "Feature", "properties": { "内容": "訪問看護ステーション寿里苑翡翠【訪問看護】大阪府河内長野市西之山町11-18", "url": "https://www.kaigokensaku.mhlw.go.jp/27/index.php?action_kouhyou_detail_004_kani=true&JigyosyoCd=2760790382-00&ServiceCd=130&Type=search", "url2": "http://www.julien.or.jp" }, "geometry": { "type": "Point", "coordinates": [ 135.563341799999989, 34.4577548 ] } },
{ "type": "Feature", "properties": { "内容": "ミネラル訪問看護ステーション【訪問看護】大阪府松原市上田1丁目7番36号ふぁみ～ゆ上田Ⅱ303号室", "url": "https://www.kaigokensaku.mhlw.go.jp/27/index.php?action_kouhyou_detail_004_kani=true&JigyosyoCd=2764890519-00&ServiceCd=130&Type=search", "url2": null }, "geometry": { "type": "Point", "coordinates": [ 135.553941499999979, 34.576726200000017 ] } },
{ "type": "Feature", "properties": { "内容": "訪問看護ステーションひつじ【訪問看護】大阪府松原市天美北3丁目14-3アヴニール201号", "url": "https://www.kaigokensaku.mhlw.go.jp/27/index.php?action_kouhyou_detail_004_kani=true&JigyosyoCd=2764890543-00&ServiceCd=130&Type=search", "url2": null }, "geometry": { "type": "Point", "coordinates": [ 135.5379046, 34.5951839 ] } },
{ "type": "Feature", "properties": { "内容": "訪問看護ステーションいしずえ松原【訪問看護】大阪府松原市若林1丁目1-23", "url": "https://www.kaigokensaku.mhlw.go.jp/27/index.php?action_kouhyou_detail_004_kani=true&JigyosyoCd=2764890550-00&ServiceCd=130&Type=search", "url2": "https://matsubara.kango-ishizue.jp/" }, "geometry": { "type": "Point", "coordinates": [ 135.578806748880993, 34.589099444977805 ] } },
{ "type": "Feature", "properties": { "内容": "池下整形外科訪問看護ステーション【訪問看護】大阪府松原市上田7-9-20", "url": "https://www.kaigokensaku.mhlw.go.jp/27/index.php?action_kouhyou_detail_004_kani=true&JigyosyoCd=2764890360-00&ServiceCd=130&Type=search", "url2": null }, "geometry": { "type": "Point", "coordinates": [ 135.558855222090159, 34.571961482862406 ] } },
{ "type": "Feature", "properties": { "内容": "たなか内科リハビリ訪問看護ステーション【訪問看護】大阪府松原市上田3丁目8-18", "url": "https://www.kaigokensaku.mhlw.go.jp/27/index.php?action_kouhyou_detail_004_kani=true&JigyosyoCd=2764890253-00&ServiceCd=130&Type=search", "url2": null }, "geometry": { "type": "Point", "coordinates": [ 135.551508499999954, 34.5751822 ] } },
{ "type": "Feature", "properties": { "内容": "あきづ訪問看護ステーション【訪問看護】大阪府松原市田井城四丁目40-30", "url": "https://www.kaigokensaku.mhlw.go.jp/27/index.php?action_kouhyou_detail_004_kani=true&JigyosyoCd=2764890394-00&ServiceCd=130&Type=search", "url2": "https://peraichi.com/landing_pages/view/akidup2" }, "geometry": { "type": "Point", "coordinates": [ 135.5450049, 34.5774624 ] } },
{ "type": "Feature", "properties": { "内容": "アイルナーシング訪問看護ステーション【訪問看護】大阪府松原市阿保5-6-4グリ－ンハイツ松原1-104", "url": "https://www.kaigokensaku.mhlw.go.jp/27/index.php?action_kouhyou_detail_004_kani=true&JigyosyoCd=2764890378-00&ServiceCd=130&Type=search", "url2": "https://ailnurse-kanngo.jimdofree.com" }, "geometry": { "type": "Point", "coordinates": [ 135.555602599999986, 34.5817809 ] } },
{ "type": "Feature", "properties": { "内容": "訪問看護ステーション　デューン松原【訪問看護】大阪府松原市上田4-4-5BeeBeeGrande202号室", "url": "https://www.kaigokensaku.mhlw.go.jp/27/index.php?action_kouhyou_detail_004_kani=true&JigyosyoCd=2764890261-00&ServiceCd=130&Type=search", "url2": "http://www.nfield.co.jp/" }, "geometry": { "type": "Point", "coordinates": [ 135.554037099999988, 34.5745597 ] } },
{ "type": "Feature", "properties": { "内容": "訪問看護リハビリステーション　ぼっちり【訪問看護】大阪府松原市北新町3丁目3番17号パレボンシャンス402号", "url": "https://www.kaigokensaku.mhlw.go.jp/27/index.php?action_kouhyou_detail_004_kani=true&JigyosyoCd=2764890287-00&ServiceCd=130&Type=search", "url2": "https://www.preventive-bochili.com/" }, "geometry": { "type": "Point", "coordinates": [ 135.532235600000035, 34.5796269 ] } },
{ "type": "Feature", "properties": { "内容": "アクティブ訪問看護ステーション【訪問看護】大阪府松原市東新町４－１３－１２", "url": "https://www.kaigokensaku.mhlw.go.jp/27/index.php?action_kouhyou_detail_004_kani=true&JigyosyoCd=2764890105-00&ServiceCd=130&Type=search", "url2": "http://active-nopsj.com" }, "geometry": { "type": "Point", "coordinates": [ 135.5406425, 34.5751073 ] } },
{ "type": "Feature", "properties": { "内容": "エテリア訪問看護ステーション【訪問看護】大阪府松原市高見の里3丁目2番13号サンハイツ202", "url": "https://www.kaigokensaku.mhlw.go.jp/27/index.php?action_kouhyou_detail_004_kani=true&JigyosyoCd=2764890279-00&ServiceCd=130&Type=search", "url2": null }, "geometry": { "type": "Point", "coordinates": [ 135.544068599999946, 34.5750923 ] } },
{ "type": "Feature", "properties": { "内容": "こころニフレ訪問看護ステーション【訪問看護】大阪府松原市田井城5-4-15", "url": "https://www.kaigokensaku.mhlw.go.jp/27/index.php?action_kouhyou_detail_004_kani=true&JigyosyoCd=2764890238-00&ServiceCd=130&Type=search", "url2": null }, "geometry": { "type": "Point", "coordinates": [ 135.5470786, 34.58263 ] } },
{ "type": "Feature", "properties": { "内容": "カノン訪問看護ステーション【訪問看護】大阪府松原市天美南4丁目9-15", "url": "https://www.kaigokensaku.mhlw.go.jp/27/index.php?action_kouhyou_detail_004_kani=true&JigyosyoCd=2764890154-00&ServiceCd=130&Type=search", "url2": "https://kanon-1029.jp/" }, "geometry": { "type": "Point", "coordinates": [ 135.535570300000018, 34.5837562 ] } },
{ "type": "Feature", "properties": { "内容": "エンゼル訪問看護ステーション【訪問看護】大阪府松原市三宅西１丁目358番地3", "url": "https://www.kaigokensaku.mhlw.go.jp/27/index.php?action_kouhyou_detail_004_kani=true&JigyosyoCd=2764890048-00&ServiceCd=130&Type=search", "url2": null }, "geometry": { "type": "Point", "coordinates": [ 135.550044220593236, 34.584739999596302 ] } },
{ "type": "Feature", "properties": { "内容": "訪問看護ステーションPLUS【訪問看護】大阪府松原市西大塚2－7－4", "url": "https://www.kaigokensaku.mhlw.go.jp/27/index.php?action_kouhyou_detail_004_kani=true&JigyosyoCd=2764890295-00&ServiceCd=130&Type=search", "url2": "https://www.tomoeplus0903.com" }, "geometry": { "type": "Point", "coordinates": [ 135.5681294, 34.5686129 ] } },
{ "type": "Feature", "properties": { "内容": "訪問看護ステーションユニール【訪問看護】大阪府松原市新堂3丁目13番21号", "url": "https://www.kaigokensaku.mhlw.go.jp/27/index.php?action_kouhyou_detail_004_kani=true&JigyosyoCd=2764890469-00&ServiceCd=130&Type=search", "url2": "https://unir-kaigo.com" }, "geometry": { "type": "Point", "coordinates": [ 135.555902, 34.565823600000023 ] } },
{ "type": "Feature", "properties": { "内容": "医療法人徳洲会　松原徳洲会訪問看護ステーション【訪問看護】大阪府松原市天美東７丁目１０３番地", "url": "https://www.kaigokensaku.mhlw.go.jp/27/index.php?action_kouhyou_detail_004_kani=true&JigyosyoCd=2764890345-00&ServiceCd=130&Type=search", "url2": "https://www.matubara.tokushukai.or.jp/about/facilities/post_4/" }, "geometry": { "type": "Point", "coordinates": [ 135.538111870253033, 34.588348004813291 ] } },
{ "type": "Feature", "properties": { "内容": "あんじ訪問看護ステーション【訪問看護】大阪府松原市天美我堂７－５５２－１メゾン三恵　　２０２", "url": "https://www.kaigokensaku.mhlw.go.jp/27/index.php?action_kouhyou_detail_004_kani=true&JigyosyoCd=2764890196-00&ServiceCd=130&Type=search", "url2": "https://www.shukuran.com/" }, "geometry": { "type": "Point", "coordinates": [ 135.523459900000034, 34.5851227 ] } },
{ "type": "Feature", "properties": { "内容": "白樺訪問看護ステーション【訪問看護】大阪府松原市天美南二丁目187番地の36", "url": "https://www.kaigokensaku.mhlw.go.jp/27/index.php?action_kouhyou_detail_004_kani=true&JigyosyoCd=2764890147-00&ServiceCd=130&Type=search", "url2": null }, "geometry": { "type": "Point", "coordinates": [ 135.538737845445411, 34.584158745302624 ] } },
{ "type": "Feature", "properties": { "内容": "訪問看護ステーションやすらぎ【訪問看護】大阪府松原市南新町３丁目３番２８号", "url": "https://www.kaigokensaku.mhlw.go.jp/27/index.php?action_kouhyou_detail_004_kani=true&JigyosyoCd=2764890089-00&ServiceCd=130&Type=search", "url2": "http://www.hannan-chuo-hsp.or.jp/" }, "geometry": { "type": "Point", "coordinates": [ 135.53643169999998, 34.5745351 ] } },
{ "type": "Feature", "properties": { "内容": "リハアル訪問看護ステーション【訪問看護】大阪府松原市阿保三丁目5番18号　ヒダカビル3階", "url": "https://www.kaigokensaku.mhlw.go.jp/27/index.php?action_kouhyou_detail_004_kani=true&JigyosyoCd=2764890097-00&ServiceCd=130&Type=search", "url2": null }, "geometry": { "type": "Point", "coordinates": [ 135.555731599999945, 34.5774726 ] } },
{ "type": "Feature", "properties": { "内容": "ソワンホームナース【訪問看護】大阪府松原市阿保5-6-4ｸﾞﾘｰﾝﾊｲﾂ松原１号棟103号室", "url": "https://www.kaigokensaku.mhlw.go.jp/27/index.php?action_kouhyou_detail_004_kani=true&JigyosyoCd=2764890535-00&ServiceCd=130&Type=search", "url2": "https://soin20241202.studio.site" }, "geometry": { "type": "Point", "coordinates": [ 135.5556741, 34.581780400000021 ] } },
{ "type": "Feature", "properties": { "内容": "Mate訪問看護ステーション【訪問看護】大阪府松原市天美我堂1-7F号301号", "url": "https://www.kaigokensaku.mhlw.go.jp/27/index.php?action_kouhyou_detail_004_kani=true&JigyosyoCd=2764890451-00&ServiceCd=130&Type=search", "url2": null }, "geometry": { "type": "Point", "coordinates": [ 135.527130831877145, 34.578147197621036 ] } },
{ "type": "Feature", "properties": { "内容": "えにし訪問看護ステーション【訪問看護】大阪府松原市高見の里6丁目26番12号住宅型有料老人ホーム縁", "url": "https://www.kaigokensaku.mhlw.go.jp/27/index.php?action_kouhyou_detail_004_kani=true&JigyosyoCd=2764890402-00&ServiceCd=130&Type=search", "url2": null }, "geometry": { "type": "Point", "coordinates": [ 135.550533800000011, 34.56941770000001 ] } },
{ "type": "Feature", "properties": { "内容": "訪問看護みやび【訪問看護】大阪府松原市天美北３－５－１５", "url": "https://www.kaigokensaku.mhlw.go.jp/27/index.php?action_kouhyou_detail_004_kani=true&JigyosyoCd=2764890477-00&ServiceCd=130&Type=search", "url2": null }, "geometry": { "type": "Point", "coordinates": [ 135.5386057, 34.5959333 ] } },
{ "type": "Feature", "properties": { "内容": "訪問看護ステーションとまり木【訪問看護】大阪府松原市田井城1丁目7-26309プラザ101ｺ号", "url": "https://www.kaigokensaku.mhlw.go.jp/27/index.php?action_kouhyou_detail_004_kani=true&JigyosyoCd=2764890568-00&ServiceCd=130&Type=search", "url2": null }, "geometry": { "type": "Point", "coordinates": [ 135.550604399999969, 34.5799048 ] } },
{ "type": "Feature", "properties": { "内容": "訪問看護ステーション　もえな【訪問看護】大阪府松原市別所2丁目3-30メゾン松原602号室", "url": "https://www.kaigokensaku.mhlw.go.jp/27/index.php?action_kouhyou_detail_004_kani=true&JigyosyoCd=2764890576-00&ServiceCd=130&Type=search", "url2": null }, "geometry": { "type": "Point", "coordinates": [ 135.5698902, 34.5827419 ] } },
{ "type": "Feature", "properties": { "内容": "訪問看護ステーション　おりづる　大阪【訪問看護】大阪府松原市西大塚1丁目11番5号", "url": "https://www.kaigokensaku.mhlw.go.jp/27/index.php?action_kouhyou_detail_004_kani=true&JigyosyoCd=2764890584-00&ServiceCd=130&Type=search", "url2": null }, "geometry": { "type": "Point", "coordinates": [ 135.564654, 34.573625599999986 ] } },
{ "type": "Feature", "properties": { "内容": "帝人訪問看護ステーション松原【訪問看護】大阪府松原市上田6丁目7‐30", "url": "https://www.kaigokensaku.mhlw.go.jp/27/index.php?action_kouhyou_detail_004_kani=true&JigyosyoCd=2764890592-00&ServiceCd=130&Type=search", "url2": "https://www.teijin-pharma.co.jp/recruit_thh/nurse/company/index.html" }, "geometry": { "type": "Point", "coordinates": [ 135.559990487696837, 34.573687837609569 ] } },
{ "type": "Feature", "properties": { "内容": "らくゆう会訪問看護ステーション【訪問看護】大阪府松原市三宅西２丁目１１－２０メープルコートあまみ内", "url": "https://www.kaigokensaku.mhlw.go.jp/27/index.php?action_kouhyou_detail_004_kani=true&JigyosyoCd=2764890600-00&ServiceCd=130&Type=search", "url2": "https://greencare.co.jp/" }, "geometry": { "type": "Point", "coordinates": [ 135.5428861, 34.586629100000017 ] } },
{ "type": "Feature", "properties": { "内容": "訪問看護ステーションCarta（カルタ）【訪問看護】大阪府松原市上田4丁目1番35号上田4丁目タウンハウスA-3", "url": "https://www.kaigokensaku.mhlw.go.jp/27/index.php?action_kouhyou_detail_004_kani=true&JigyosyoCd=2764890527-00&ServiceCd=130&Type=search", "url2": "https:/carta-houmon.com" }, "geometry": { "type": "Point", "coordinates": [ 135.5514507, 34.5754169 ] } },
{ "type": "Feature", "properties": { "内容": "Aiｽﾛｰﾗｲﾌ訪問看護ｽﾃｰｼｮﾝ【訪問看護】大阪府松原市高見の里3丁目17番5号　ｵﾚﾝｼﾞｺｰﾎﾟ２　１階", "url": "https://www.kaigokensaku.mhlw.go.jp/27/index.php?action_kouhyou_detail_004_kani=true&JigyosyoCd=2764890121-00&ServiceCd=130&Type=search", "url2": "https://ai-slow-life.com/" }, "geometry": { "type": "Point", "coordinates": [ 135.546786050926244, 34.570100499959864 ] } },
{ "type": "Feature", "properties": { "内容": "ふるーる訪問看護ステーション天美【訪問看護】大阪府松原市天美北６丁目４９９番地１シニアコート徳洲会天美", "url": "https://www.kaigokensaku.mhlw.go.jp/27/index.php?action_kouhyou_detail_004_kani=true&JigyosyoCd=2764890444-00&ServiceCd=130&Type=search", "url2": null }, "geometry": { "type": "Point", "coordinates": [ 135.533927799999987, 34.59352830000001 ] } },
{ "type": "Feature", "properties": { "内容": "在宅サービスコープスマイルホーム松原　訪問看護【訪問看護】大阪府松原市岡7丁目229-1", "url": "https://www.kaigokensaku.mhlw.go.jp/27/index.php?action_kouhyou_detail_004_kani=true&JigyosyoCd=2764890352-00&ServiceCd=130&Type=search", "url2": "https://www.izumi.coop/" }, "geometry": { "type": "Point", "coordinates": [ 135.5497782, 34.5615711 ] } },
{ "type": "Feature", "properties": { "内容": "クローバーハウス訪問看護ステーション【訪問看護】大阪府松原市田井城2丁目2-2サンシティ松原122", "url": "https://www.kaigokensaku.mhlw.go.jp/27/index.php?action_kouhyou_detail_004_kani=true&JigyosyoCd=2764890162-00&ServiceCd=130&Type=search", "url2": null }, "geometry": { "type": "Point", "coordinates": [ 135.549125099999941, 34.5812426 ] } },
{ "type": "Feature", "properties": { "内容": "スギ訪問看護ステーション大東【訪問看護】大阪府大東市大野２丁目４番２３号白芳荘３０号館１０１号室", "url": "https://www.kaigokensaku.mhlw.go.jp/27/index.php?action_kouhyou_detail_004_kani=true&JigyosyoCd=2761990379-00&ServiceCd=130&Type=search", "url2": "https://www.sugi-nursingcare.co.jp/" }, "geometry": { "type": "Point", "coordinates": [ 135.617238629499809, 34.702403706314698 ] } },
{ "type": "Feature", "properties": { "内容": "訪問看護ステーション　うぉ～く【訪問看護】大阪府大東市諸福1丁目６－２", "url": "https://www.kaigokensaku.mhlw.go.jp/27/index.php?action_kouhyou_detail_004_kani=true&JigyosyoCd=2761990387-00&ServiceCd=130&Type=search", "url2": null }, "geometry": { "type": "Point", "coordinates": [ 135.607224300000013, 34.7032098 ] } },
{ "type": "Feature", "properties": { "内容": "慶生会大東訪問看護ステーション【訪問看護】大阪府大東市三住町2-7シティワース201", "url": "https://www.kaigokensaku.mhlw.go.jp/27/index.php?action_kouhyou_detail_004_kani=true&JigyosyoCd=2761990395-00&ServiceCd=130&Type=search", "url2": "https://kyouseikai.org/" }, "geometry": { "type": "Point", "coordinates": [ 135.62359, 34.7104173 ] } },
{ "type": "Feature", "properties": { "内容": "阪奈訪問看護ステーション【訪問看護】大阪府大東市寺川１丁目１番９号", "url": "https://www.kaigokensaku.mhlw.go.jp/27/index.php?action_kouhyou_detail_004_kani=true&JigyosyoCd=2761990023-00&ServiceCd=130&Type=search", "url2": "http://www.jinsen.jp/~homon/" }, "geometry": { "type": "Point", "coordinates": [ 135.639094600000021, 34.7090716 ] } },
{ "type": "Feature", "properties": { "内容": "医療法人　徳洲会　野崎訪問看護ステーション【訪問看護】大東市谷川二丁目10番50号", "url": "https://www.kaigokensaku.mhlw.go.jp/27/index.php?action_kouhyou_detail_004_kani=true&JigyosyoCd=2761990031-00&ServiceCd=130&Type=search", "url2": "http://www.tokushukai.or.jp/nozakihp/index.html" }, "geometry": { "type": "Point", "coordinates": [ 135.633930438334403, 34.711234798062115 ] } },
{ "type": "Feature", "properties": { "内容": "訪問看護ステーションるしえる【訪問看護】大阪府大東市平野屋1-6-20", "url": "https://www.kaigokensaku.mhlw.go.jp/27/index.php?action_kouhyou_detail_004_kani=true&JigyosyoCd=2761990296-00&ServiceCd=130&Type=search", "url2": null }, "geometry": { "type": "Point", "coordinates": [ 135.6368506, 34.7084142 ] } },
{ "type": "Feature", "properties": { "内容": "リハビリ訪問看護ステーションファミリア【訪問看護】大阪府大東市氷野3丁目3-17アスカハイツ405号室", "url": "https://www.kaigokensaku.mhlw.go.jp/27/index.php?action_kouhyou_detail_004_kani=true&JigyosyoCd=2761990106-00&ServiceCd=130&Type=search", "url2": "https://www.familiar-ns.com" }, "geometry": { "type": "Point", "coordinates": [ 135.618225615205375, 34.712670936568038 ] } },
{ "type": "Feature", "properties": { "内容": "メディケア・リハビリ訪問看護ステーション大東【訪問看護】大東市三住町4番13号3階", "url": "https://www.kaigokensaku.mhlw.go.jp/27/index.php?action_kouhyou_detail_004_kani=true&JigyosyoCd=2761990213-00&ServiceCd=130&Type=search", "url2": "https://kango.medi-care.co.jp/" }, "geometry": { "type": "Point", "coordinates": [ 135.624546297958744, 34.709997047383006 ] } },
{ "type": "Feature", "properties": { "内容": "医療法人　仁泉会　仁泉会病院【訪問看護】大阪府大東市諸福8丁目2-22", "url": "https://www.kaigokensaku.mhlw.go.jp/27/index.php?action_kouhyou_detail_004_kani=true&JigyosyoCd=2711901740-00&ServiceCd=130&Type=search", "url2": "http://www.jinsen-hosp.jp/" }, "geometry": { "type": "Point", "coordinates": [ 135.5950432, 34.7063836 ] } },
{ "type": "Feature", "properties": { "内容": "訪問看護ステーションソレイユ【訪問看護】大阪府大東市野崎1丁目1-22野崎コーポ105", "url": "https://www.kaigokensaku.mhlw.go.jp/27/index.php?action_kouhyou_detail_004_kani=true&JigyosyoCd=2761990320-00&ServiceCd=130&Type=search", "url2": "https://qr.paps.jp/yiwQ" }, "geometry": { "type": "Point", "coordinates": [ 135.63705757892123, 34.718141643551334 ] } },
{ "type": "Feature", "properties": { "内容": "訪問看護ステーションFamily【訪問看護】大阪府大東市新町2−16メゾンベル401", "url": "https://www.kaigokensaku.mhlw.go.jp/27/index.php?action_kouhyou_detail_004_kani=true&JigyosyoCd=2761990346-00&ServiceCd=130&Type=search", "url2": "https://houmonkangofamily.hp.peraichi.com/" }, "geometry": { "type": "Point", "coordinates": [ 135.6227633, 34.70610090000001 ] } },
{ "type": "Feature", "properties": { "内容": "社会医療法人若弘会　わかくさ大東訪問看護ステーション【訪問看護】大阪府大東市谷川２丁目７番１０号", "url": "https://www.kaigokensaku.mhlw.go.jp/27/index.php?action_kouhyou_detail_004_kani=true&JigyosyoCd=2761990015-00&ServiceCd=130&Type=search", "url2": "http://www.wakakoukai.or.jp" }, "geometry": { "type": "Point", "coordinates": [ 135.628289699999982, 34.7106767 ] } },
{ "type": "Feature", "properties": { "内容": "訪問看護ステーションAnela【訪問看護】大阪府大東市野崎4丁目1-15Lanahale101号室", "url": "https://www.kaigokensaku.mhlw.go.jp/27/index.php?action_kouhyou_detail_004_kani=true&JigyosyoCd=2761990221-00&ServiceCd=130&Type=search", "url2": "https://anela.jp.net" }, "geometry": { "type": "Point", "coordinates": [ 135.640433958456526, 34.716689258564251 ] } },
{ "type": "Feature", "properties": { "内容": "訪問看護ステーション　みらい【訪問看護】大阪府大東市諸福２丁目8-101階", "url": "https://www.kaigokensaku.mhlw.go.jp/27/index.php?action_kouhyou_detail_004_kani=true&JigyosyoCd=2761990361-00&ServiceCd=130&Type=search", "url2": "https://st-mirai.jp" }, "geometry": { "type": "Point", "coordinates": [ 135.604846, 34.7011466 ] } },
{ "type": "Feature", "properties": { "内容": "若水ナースステーション【訪問看護】大阪府大東市末広町１５番２５号アーバニティ若水", "url": "https://www.kaigokensaku.mhlw.go.jp/27/index.php?action_kouhyou_detail_004_kani=true&JigyosyoCd=2761990114-00&ServiceCd=130&Type=search", "url2": "http://www.wakamizu-kaigo.jp" }, "geometry": { "type": "Point", "coordinates": [ 135.620240299999978, 34.7040549 ] } },
{ "type": "Feature", "properties": { "内容": "ふくろく訪問看護ステーション【訪問看護】大阪府大東市諸福６丁目１－７第１福徳荘２階２０６号室", "url": "https://www.kaigokensaku.mhlw.go.jp/27/index.php?action_kouhyou_detail_004_kani=true&JigyosyoCd=2761990403-00&ServiceCd=130&Type=search", "url2": "https://t-connect1.com/?utm_source=chatgpt.com" }, "geometry": { "type": "Point", "coordinates": [ 135.595473199999986, 34.7033585 ] } },
{ "type": "Feature", "properties": { "内容": "つなぐ訪問看護ステーション【訪問看護】大阪府大東市諸福1丁目１２番１２号FromEarthkidsビル２階", "url": "https://www.kaigokensaku.mhlw.go.jp/27/index.php?action_kouhyou_detail_004_kani=true&JigyosyoCd=2761990262-00&ServiceCd=130&Type=search", "url2": "https://tsunagu-ns.com/" }, "geometry": { "type": "Point", "coordinates": [ 135.6052266, 34.7050064 ] } },
{ "type": "Feature", "properties": { "内容": "訪問看護ステーション　シスター【訪問看護】大阪府和泉市光明台1-8-8", "url": "https://www.kaigokensaku.mhlw.go.jp/27/index.php?action_kouhyou_detail_004_kani=true&JigyosyoCd=2760590832-00&ServiceCd=130&Type=search", "url2": null }, "geometry": { "type": "Point", "coordinates": [ 135.4868473, 34.4600291 ] } },
{ "type": "Feature", "properties": { "内容": "訪問看護ステーションのぞみ【訪問看護】大阪府和泉市黒鳥町1-5-49", "url": "https://www.kaigokensaku.mhlw.go.jp/27/index.php?action_kouhyou_detail_004_kani=true&JigyosyoCd=2760590840-00&ServiceCd=130&Type=search", "url2": null }, "geometry": { "type": "Point", "coordinates": [ 135.4365937, 34.4907751 ] } },
{ "type": "Feature", "properties": { "内容": "訪問看護ステーションよこやま【訪問看護】大阪府和泉市仏並町２８７番地", "url": "https://www.kaigokensaku.mhlw.go.jp/27/index.php?action_kouhyou_detail_004_kani=true&JigyosyoCd=2760590055-00&ServiceCd=130&Type=search", "url2": "http://www.tachibana-med.or.jp/yokoyama/" }, "geometry": { "type": "Point", "coordinates": [ 135.4874443, 34.4241123 ] } },
{ "type": "Feature", "properties": { "内容": "アネモネクリニック【訪問看護】大阪府和泉市伏屋町3-22-30サービス付き高齢者向け住宅アネモネ", "url": "https://www.kaigokensaku.mhlw.go.jp/27/index.php?action_kouhyou_detail_004_kani=true&JigyosyoCd=2710503646-00&ServiceCd=130&Type=search", "url2": "http://www.moritakai.jp" }, "geometry": { "type": "Point", "coordinates": [ 135.4701241, 34.4812163 ] } },
{ "type": "Feature", "properties": { "内容": "医療法人利田会　訪問看護ステーション　うらら和泉【訪問看護】大阪府和泉市伯太町一丁目4-32", "url": "https://www.kaigokensaku.mhlw.go.jp/27/index.php?action_kouhyou_detail_004_kani=true&JigyosyoCd=2760590766-00&ServiceCd=130&Type=search", "url2": "https://www.kumeda-hp.or.jp/" }, "geometry": { "type": "Point", "coordinates": [ 135.4306513, 34.4924676 ] } },
{ "type": "Feature", "properties": { "内容": "訪問看護ベストケア【訪問看護】大阪府和泉市池上町4-20-11セジュールエクレアA101", "url": "https://www.kaigokensaku.mhlw.go.jp/27/index.php?action_kouhyou_detail_004_kani=true&JigyosyoCd=2760590642-00&ServiceCd=130&Type=search", "url2": null }, "geometry": { "type": "Point", "coordinates": [ 135.429451699999987, 34.5058959 ] } },
{ "type": "Feature", "properties": { "内容": "訪問看護　看護ステーションヒマリ【訪問看護】大阪府和泉市王子町二丁目４番２０号", "url": "https://www.kaigokensaku.mhlw.go.jp/27/index.php?action_kouhyou_detail_004_kani=true&JigyosyoCd=2760590725-00&ServiceCd=130&Type=search", "url2": "http://www.himari1211.com/" }, "geometry": { "type": "Point", "coordinates": [ 135.440050899999989, 34.503091200000021 ] } },
{ "type": "Feature", "properties": { "内容": "訪問看護ステーションデューン和泉府中【訪問看護】大阪府和泉市府中町7丁目2番5号ロイヤルフラット和泉2-B", "url": "https://www.kaigokensaku.mhlw.go.jp/27/index.php?action_kouhyou_detail_004_kani=true&JigyosyoCd=2760590295-00&ServiceCd=130&Type=search", "url2": null }, "geometry": { "type": "Point", "coordinates": [ 135.4256464, 34.4893464 ] } },
{ "type": "Feature", "properties": { "内容": "訪問看護ステーション　デューン光明池【訪問看護】大阪府和泉市室堂町1723番地槌屋ビル601号室", "url": "https://www.kaigokensaku.mhlw.go.jp/27/index.php?action_kouhyou_detail_004_kani=true&JigyosyoCd=2760590675-00&ServiceCd=130&Type=search", "url2": "https://www.nfield.co.jp/" }, "geometry": { "type": "Point", "coordinates": [ 135.4739831, 34.4729945 ] } },
{ "type": "Feature", "properties": { "内容": "サンセット訪問看護ステーション【訪問看護】大阪府和泉市伯太町六丁目10番20ロフティ・ロット201号", "url": "https://www.kaigokensaku.mhlw.go.jp/27/index.php?action_kouhyou_detail_004_kani=true&JigyosyoCd=2760590824-00&ServiceCd=130&Type=search", "url2": null }, "geometry": { "type": "Point", "coordinates": [ 135.434117, 34.4992777 ] } },
{ "type": "Feature", "properties": { "内容": "ハート訪問看護ステーション【訪問看護】大阪府和泉市桑原町２７９番地の２第１泉洋ビル３０４", "url": "https://www.kaigokensaku.mhlw.go.jp/27/index.php?action_kouhyou_detail_004_kani=true&JigyosyoCd=2760590774-00&ServiceCd=130&Type=search", "url2": "https://www.heartkango.com" }, "geometry": { "type": "Point", "coordinates": [ 135.4310882, 34.4792347 ] } },
{ "type": "Feature", "properties": { "内容": "和泉リハビリ訪問看護ステーション【訪問看護】大阪府和泉市浦田町20-1", "url": "https://www.kaigokensaku.mhlw.go.jp/27/index.php?action_kouhyou_detail_004_kani=true&JigyosyoCd=2760590246-00&ServiceCd=130&Type=search", "url2": "http://izumiwagokoro.com" }, "geometry": { "type": "Point", "coordinates": [ 135.465491179762239, 34.456341700000046 ] } },
{ "type": "Feature", "properties": { "内容": "訪問看護ステーション　介輪【訪問看護】大阪府和泉市はつが野2丁目3-2", "url": "https://www.kaigokensaku.mhlw.go.jp/27/index.php?action_kouhyou_detail_004_kani=true&JigyosyoCd=2760590279-00&ServiceCd=130&Type=search", "url2": null }, "geometry": { "type": "Point", "coordinates": [ 135.463646, 34.4521395 ] } },
{ "type": "Feature", "properties": { "内容": "Lagom訪問看護ステーション【訪問看護】大阪府和泉市伯太町6-10-20-502", "url": "https://www.kaigokensaku.mhlw.go.jp/27/index.php?action_kouhyou_detail_004_kani=true&JigyosyoCd=2760590592-00&ServiceCd=130&Type=search", "url2": "https://sisu-lagom.com/" }, "geometry": { "type": "Point", "coordinates": [ 135.4392143, 34.4943667 ] } },
{ "type": "Feature", "properties": { "内容": "咲花訪問看護ステーション【訪問看護】大阪府和泉市のぞみ野　２丁目１番11号", "url": "https://www.kaigokensaku.mhlw.go.jp/27/index.php?action_kouhyou_detail_004_kani=true&JigyosyoCd=2760590030-00&ServiceCd=130&Type=search", "url2": "http://www.sakibana.or.jp/" }, "geometry": { "type": "Point", "coordinates": [ 135.458069711639382, 34.45542316411732 ] } },
{ "type": "Feature", "properties": { "内容": "ふちゅう訪問看護ステーション【訪問看護】大阪府和泉市小田町2丁目1番44号", "url": "https://www.kaigokensaku.mhlw.go.jp/27/index.php?action_kouhyou_detail_004_kani=true&JigyosyoCd=2760590014-00&ServiceCd=130&Type=search", "url2": "http://www.seichokai.or.jp/" }, "geometry": { "type": "Point", "coordinates": [ 135.421382083581307, 34.477627854238285 ] } },
{ "type": "Feature", "properties": { "内容": "光明荘訪問看護ステーション【訪問看護】大阪府和泉市伏屋町三丁目８番１号", "url": "https://www.kaigokensaku.mhlw.go.jp/27/index.php?action_kouhyou_detail_004_kani=true&JigyosyoCd=2760590410-00&ServiceCd=130&Type=search", "url2": "http://www.komyoso.jp/" }, "geometry": { "type": "Point", "coordinates": [ 135.470463399999971, 34.4765709 ] } },
{ "type": "Feature", "properties": { "内容": "サンガーデン訪問看護ステーション【訪問看護】大阪府和泉市山荘町2丁目1番11号サンガーデンテラス１階", "url": "https://www.kaigokensaku.mhlw.go.jp/27/index.php?action_kouhyou_detail_004_kani=true&JigyosyoCd=2760590493-00&ServiceCd=130&Type=search", "url2": "https://www.seichokai.or.jp/" }, "geometry": { "type": "Point", "coordinates": [ 135.4515721, 34.4861292 ] } },
{ "type": "Feature", "properties": { "内容": "訪問看護ステーションおり姫【訪問看護】大阪府和泉市伯太町4丁目15番82号", "url": "https://www.kaigokensaku.mhlw.go.jp/27/index.php?action_kouhyou_detail_004_kani=true&JigyosyoCd=2760590576-00&ServiceCd=130&Type=search", "url2": null }, "geometry": { "type": "Point", "coordinates": [ 135.4454756, 34.4965922 ] } },
{ "type": "Feature", "properties": { "内容": "リハビリ専科グリーンデイ訪問看護ステーション【訪問看護】大阪府和泉市尾井町３４３", "url": "https://www.kaigokensaku.mhlw.go.jp/27/index.php?action_kouhyou_detail_004_kani=true&JigyosyoCd=2760590196-00&ServiceCd=130&Type=search", "url2": null }, "geometry": { "type": "Point", "coordinates": [ 135.456003085319452, 34.492097630299291 ] } },
{ "type": "Feature", "properties": { "内容": "ロイヤル訪問看護ステーション【訪問看護】大阪府和泉市和田町153-3", "url": "https://www.kaigokensaku.mhlw.go.jp/27/index.php?action_kouhyou_detail_004_kani=true&JigyosyoCd=2760590097-00&ServiceCd=130&Type=search", "url2": null }, "geometry": { "type": "Point", "coordinates": [ 135.473858800000016, 34.4579443 ] } },
{ "type": "Feature", "properties": { "内容": "訪問看護ステーション輝星【訪問看護】大阪府和泉市肥子町2丁目2-60", "url": "https://www.kaigokensaku.mhlw.go.jp/27/index.php?action_kouhyou_detail_004_kani=true&JigyosyoCd=2760590683-00&ServiceCd=130&Type=search", "url2": "http://sunnyhappiness.com" }, "geometry": { "type": "Point", "coordinates": [ 135.420205721630879, 34.487160544015104 ] } },
{ "type": "Feature", "properties": { "内容": "訪問看護ステーション　ソイラテ【訪問看護】大阪府和泉市箕形町４丁目５番４９号メゾンドタカ305", "url": "https://www.kaigokensaku.mhlw.go.jp/27/index.php?action_kouhyou_detail_004_kani=true&JigyosyoCd=2760590873-00&ServiceCd=130&Type=search", "url2": null }, "geometry": { "type": "Point", "coordinates": [ 135.445481199999989, 34.4626801 ] } },
{ "type": "Feature", "properties": { "内容": "訪問看護ステーションCHAT【訪問看護】大阪府和泉市和田町95-4-105", "url": "https://www.kaigokensaku.mhlw.go.jp/27/index.php?action_kouhyou_detail_004_kani=true&JigyosyoCd=2760590360-00&ServiceCd=130&Type=search", "url2": null }, "geometry": { "type": "Point", "coordinates": [ 135.473428899999959, 34.456752 ] } },
{ "type": "Feature", "properties": { "内容": "ファミリア訪問看護ステーション【訪問看護】大阪府和泉市光明台2丁目19番2号", "url": "https://www.kaigokensaku.mhlw.go.jp/27/index.php?action_kouhyou_detail_004_kani=true&JigyosyoCd=2760590477-00&ServiceCd=130&Type=search", "url2": null }, "geometry": { "type": "Point", "coordinates": [ 135.4922748, 34.4514334 ] } },
{ "type": "Feature", "properties": { "内容": "和郷訪問看護ステーション【訪問看護】大阪府和泉府中町1丁目22番21-102", "url": "https://www.kaigokensaku.mhlw.go.jp/27/index.php?action_kouhyou_detail_004_kani=true&JigyosyoCd=2760590527-00&ServiceCd=130&Type=search", "url2": "https://kondouyu0219.wixsite.com/wagou850" }, "geometry": { "type": "Point", "coordinates": [ 135.423820400000011, 34.4861804 ] } },
{ "type": "Feature", "properties": { "内容": "訪問看護ステーションいろどり【訪問看護】大阪府和泉市王子町1丁目3-11-201", "url": "https://www.kaigokensaku.mhlw.go.jp/27/index.php?action_kouhyou_detail_004_kani=true&JigyosyoCd=2760590428-00&ServiceCd=130&Type=search", "url2": "https://irodori-houmon.com/" }, "geometry": { "type": "Point", "coordinates": [ 135.439336572217286, 34.50525227294856 ] } },
{ "type": "Feature", "properties": { "内容": "ココイロ看護ステーション【訪問看護】大阪府和泉市池田下町236-1", "url": "https://www.kaigokensaku.mhlw.go.jp/27/index.php?action_kouhyou_detail_004_kani=true&JigyosyoCd=2760590501-00&ServiceCd=130&Type=search", "url2": "https://konotorikaigo.com/home/" }, "geometry": { "type": "Point", "coordinates": [ 135.456972700000023, 34.4700144 ] } },
{ "type": "Feature", "properties": { "内容": "訪問看護ステーションソフィア【訪問看護】大阪府和泉市伏屋町３－４－３４泉北第２ビル５階", "url": "https://www.kaigokensaku.mhlw.go.jp/27/index.php?action_kouhyou_detail_004_kani=true&JigyosyoCd=2760590147-00&ServiceCd=130&Type=search", "url2": "http://www.kunito.com" }, "geometry": { "type": "Point", "coordinates": [ 135.4700699, 34.4758005 ] } },
{ "type": "Feature", "properties": { "内容": "訪問看護ステーションれんげ庵【訪問看護】大阪府和泉市伯太町３丁目１−４７", "url": "https://www.kaigokensaku.mhlw.go.jp/27/index.php?action_kouhyou_detail_004_kani=true&JigyosyoCd=2760590386-00&ServiceCd=130&Type=search", "url2": "https://rengean.net/" }, "geometry": { "type": "Point", "coordinates": [ 135.439507899999967, 34.4937705 ] } },
{ "type": "Feature", "properties": { "内容": "訪問看護ステーションなないろ【訪問看護】大阪府和泉市池上町1丁目2-4グランアヴニール103号", "url": "https://www.kaigokensaku.mhlw.go.jp/27/index.php?action_kouhyou_detail_004_kani=true&JigyosyoCd=2760590345-00&ServiceCd=130&Type=search", "url2": null }, "geometry": { "type": "Point", "coordinates": [ 135.4330048, 34.4985434 ] } },
{ "type": "Feature", "properties": { "内容": "訪問看護ステーション　コンパス【訪問看護】大阪府和泉市和気町三丁目5番55号", "url": "https://www.kaigokensaku.mhlw.go.jp/27/index.php?action_kouhyou_detail_004_kani=true&JigyosyoCd=2760590584-00&ServiceCd=130&Type=search", "url2": null }, "geometry": { "type": "Point", "coordinates": [ 135.4248285, 34.4798305 ] } },
{ "type": "Feature", "properties": { "内容": "訪問看護ステーションPono【訪問看護】大阪府和泉市伯太町四丁目8番31号", "url": "https://www.kaigokensaku.mhlw.go.jp/27/index.php?action_kouhyou_detail_004_kani=true&JigyosyoCd=2760590758-00&ServiceCd=130&Type=search", "url2": null }, "geometry": { "type": "Point", "coordinates": [ 135.442876399999989, 34.4975672 ] } },
{ "type": "Feature", "properties": { "内容": "かしゅうかい訪問看護ステーション【訪問看護】大阪府和泉市あゆみ野1丁目4-1", "url": "https://www.kaigokensaku.mhlw.go.jp/27/index.php?action_kouhyou_detail_004_kani=true&JigyosyoCd=2760590808-00&ServiceCd=130&Type=search", "url2": "https://inabasou.com/facility/ins_f15/" }, "geometry": { "type": "Point", "coordinates": [ 135.447668, 34.4521303 ] } },
{ "type": "Feature", "properties": { "内容": "訪問看護ステーションれぽ【訪問看護】大阪府和泉市肥子町2-3-5プレアール和泉府中1階", "url": "https://www.kaigokensaku.mhlw.go.jp/27/index.php?action_kouhyou_detail_004_kani=true&JigyosyoCd=2760590436-00&ServiceCd=130&Type=search", "url2": "http://aozora-lepo.com" }, "geometry": { "type": "Point", "coordinates": [ 135.4200006, 34.4875345 ] } },
{ "type": "Feature", "properties": { "内容": "つむぎ訪問看護ステーション【訪問看護】大阪府和泉市箕形町6-2-5ソファレタカクス106号", "url": "https://www.kaigokensaku.mhlw.go.jp/27/index.php?action_kouhyou_detail_004_kani=true&JigyosyoCd=2760590626-00&ServiceCd=130&Type=search", "url2": null }, "geometry": { "type": "Point", "coordinates": [ 135.444096300000012, 34.46097240000001 ] } },
{ "type": "Feature", "properties": { "内容": "ぶらいと訪問看護ステーション【訪問看護】大阪府和泉市府中町1丁目10-2ユウハウジングビルⅡ　301", "url": "https://www.kaigokensaku.mhlw.go.jp/27/index.php?action_kouhyou_detail_004_kani=true&JigyosyoCd=2760590915-00&ServiceCd=130&Type=search", "url2": "https://fbright-care.com/" }, "geometry": { "type": "Point", "coordinates": [ 135.42533057976226, 34.487482527038786 ] } },
{ "type": "Feature", "properties": { "内容": "訪問看護nico【訪問看護】大阪府和泉市王子町662-4", "url": "https://www.kaigokensaku.mhlw.go.jp/27/index.php?action_kouhyou_detail_004_kani=true&JigyosyoCd=2760590899-00&ServiceCd=130&Type=search", "url2": "https://mer-nico.co.jp/" }, "geometry": { "type": "Point", "coordinates": [ 135.4474234, 34.498968 ] } },
{ "type": "Feature", "properties": { "内容": "next.K訪問看護ステーション【訪問看護】大阪府和泉市桑原町279-2第1泉洋ビル306", "url": "https://www.kaigokensaku.mhlw.go.jp/27/index.php?action_kouhyou_detail_004_kani=true&JigyosyoCd=2760590782-00&ServiceCd=130&Type=search", "url2": "https://www.nextk-kango.com/" }, "geometry": { "type": "Point", "coordinates": [ 135.4310882, 34.4792347 ] } },
{ "type": "Feature", "properties": { "内容": "訪問看護ステーション結【訪問看護】大阪府和泉市唐国町2丁目13-31トリヴェール唐国203号", "url": "https://www.kaigokensaku.mhlw.go.jp/27/index.php?action_kouhyou_detail_004_kani=true&JigyosyoCd=2760590865-00&ServiceCd=130&Type=search", "url2": "https://www.yui-cocomate.com/" }, "geometry": { "type": "Point", "coordinates": [ 135.453594399999986, 34.454303199999984 ] } },
{ "type": "Feature", "properties": { "内容": "訪問看護ステーション　クーネル【訪問看護】大阪府和泉市桑原町247番地1露口第2ビル2D", "url": "https://www.kaigokensaku.mhlw.go.jp/27/index.php?action_kouhyou_detail_004_kani=true&JigyosyoCd=2760590519-00&ServiceCd=130&Type=search", "url2": null }, "geometry": { "type": "Point", "coordinates": [ 135.431106199999988, 34.4798379 ] } },
{ "type": "Feature", "properties": { "内容": "てまり訪問看護ステーション【訪問看護】大阪府和泉市青葉台２丁目１６番７号", "url": "https://www.kaigokensaku.mhlw.go.jp/27/index.php?action_kouhyou_detail_004_kani=true&JigyosyoCd=2760590204-00&ServiceCd=130&Type=search", "url2": null }, "geometry": { "type": "Point", "coordinates": [ 135.4666377, 34.4423528 ] } },
{ "type": "Feature", "properties": { "内容": "サンキューオール訪問看護ステーション【訪問看護】大阪府和泉市唐国町2丁目13番31-206号", "url": "https://www.kaigokensaku.mhlw.go.jp/27/index.php?action_kouhyou_detail_004_kani=true&JigyosyoCd=2760590881-00&ServiceCd=130&Type=search", "url2": null }, "geometry": { "type": "Point", "coordinates": [ 135.453594399999986, 34.4543032 ] } },
{ "type": "Feature", "properties": { "内容": "link.S訪問看護ステーション【訪問看護】大阪府和泉市観音寺656興和ビル2階101号室", "url": "https://www.kaigokensaku.mhlw.go.jp/27/index.php?action_kouhyou_detail_004_kani=true&JigyosyoCd=2760590568-00&ServiceCd=130&Type=search", "url2": "http://links-houmon.com/" }, "geometry": { "type": "Point", "coordinates": [ 135.432223969905863, 34.478807564367322 ] } },
{ "type": "Feature", "properties": { "内容": "訪問看護ステーションるるっと【訪問看護】大阪府和泉市寺田町2丁目2-12", "url": "https://www.kaigokensaku.mhlw.go.jp/27/index.php?action_kouhyou_detail_004_kani=true&JigyosyoCd=2760590956-00&ServiceCd=130&Type=search", "url2": "https://lulut123.com/" }, "geometry": { "type": "Point", "coordinates": [ 135.4345681, 34.4705866 ] } },
{ "type": "Feature", "properties": { "内容": "訪問看護ステーション　メビウス【訪問看護】大阪府和泉市唐国町2丁目12-55", "url": "https://www.kaigokensaku.mhlw.go.jp/27/index.php?action_kouhyou_detail_004_kani=true&JigyosyoCd=2760590923-00&ServiceCd=130&Type=search", "url2": "https://www.lifefield8.co.jp/company" }, "geometry": { "type": "Point", "coordinates": [ 135.451458491401667, 34.45530263327548 ] } },
{ "type": "Feature", "properties": { "内容": "hip訪問看護ステーション【訪問看護】大阪府和泉市和気町一丁目30番6103号", "url": "https://www.kaigokensaku.mhlw.go.jp/27/index.php?action_kouhyou_detail_004_kani=true&JigyosyoCd=2760590949-00&ServiceCd=130&Type=search", "url2": "hipshinkyuin.wixsite.com" }, "geometry": { "type": "Point", "coordinates": [ 135.427487699999972, 34.475765 ] } },
{ "type": "Feature", "properties": { "内容": "SOU訪問看護ステーション箕面【訪問看護】大阪府箕面市粟生間谷東1丁目14番8号", "url": "https://www.kaigokensaku.mhlw.go.jp/27/index.php?action_kouhyou_detail_004_kani=true&JigyosyoCd=2761490396-00&ServiceCd=130&Type=search", "url2": null }, "geometry": { "type": "Point", "coordinates": [ 135.516626642327878, 34.843051816119925 ] } },
{ "type": "Feature", "properties": { "内容": "ファミリーナース箕面【訪問看護】大阪府箕面市粟生外院5丁目2番3号の5", "url": "https://www.kaigokensaku.mhlw.go.jp/27/index.php?action_kouhyou_detail_004_kani=true&JigyosyoCd=2761490354-00&ServiceCd=130&Type=search", "url2": "https://www.familynurseminoh.com/" }, "geometry": { "type": "Point", "coordinates": [ 135.505483106168924, 34.842702797971619 ] } },
{ "type": "Feature", "properties": { "内容": "愛とまごころ訪問看護ステーション【訪問看護】大阪府箕面市西小路3-1-11102号", "url": "https://www.kaigokensaku.mhlw.go.jp/27/index.php?action_kouhyou_detail_004_kani=true&JigyosyoCd=2761490081-00&ServiceCd=130&Type=search", "url2": "http://www.ailife-service.com/nurse/" }, "geometry": { "type": "Point", "coordinates": [ 135.471120332710967, 34.827682093655191 ] } },
{ "type": "Feature", "properties": { "内容": "ガラシア訪問看護ステーション【訪問看護】箕面市粟生間谷西6-14-1", "url": "https://www.kaigokensaku.mhlw.go.jp/27/index.php?action_kouhyou_detail_004_kani=true&JigyosyoCd=2761490024-00&ServiceCd=130&Type=search", "url2": "http://www.gratia.or.jp/houmonkango/index.html" }, "geometry": { "type": "Point", "coordinates": [ 135.50705041943516, 34.851182208313126 ] } },
{ "type": "Feature", "properties": { "内容": "訪問看護ステーションなのはな【訪問看護】大阪府箕面市外院２－１５－１COA外院３１１号室", "url": "https://www.kaigokensaku.mhlw.go.jp/27/index.php?action_kouhyou_detail_004_kani=true&JigyosyoCd=2761490255-00&ServiceCd=130&Type=search", "url2": null }, "geometry": { "type": "Point", "coordinates": [ 135.5000604, 34.841931500000015 ] } },
{ "type": "Feature", "properties": { "内容": "指定訪問看護ステーションナーストラスト【訪問看護】大阪府箕面市白島1-1-33ラプライズガーデン２F", "url": "https://www.kaigokensaku.mhlw.go.jp/27/index.php?action_kouhyou_detail_004_kani=true&JigyosyoCd=2761490164-00&ServiceCd=130&Type=search", "url2": null }, "geometry": { "type": "Point", "coordinates": [ 135.4890418, 34.8341827 ] } },
{ "type": "Feature", "properties": { "内容": "アットホーム訪問看護ステーション箕面桜【訪問看護】大阪府箕面市桜三丁目3番46号", "url": "https://www.kaigokensaku.mhlw.go.jp/27/index.php?action_kouhyou_detail_004_kani=true&JigyosyoCd=2761490180-00&ServiceCd=130&Type=search", "url2": null }, "geometry": { "type": "Point", "coordinates": [ 135.460502099999985, 34.8262356 ] } },
{ "type": "Feature", "properties": { "内容": "スーパー・コート箕面小野原訪問看護ステーション【訪問看護】大阪府箕面市小野原東5丁目8番44号コーポSASAGAWA102", "url": "https://www.kaigokensaku.mhlw.go.jp/27/index.php?action_kouhyou_detail_004_kani=true&JigyosyoCd=2761490123-00&ServiceCd=130&Type=search", "url2": null }, "geometry": { "type": "Point", "coordinates": [ 135.519617, 34.8298811 ] } },
{ "type": "Feature", "properties": { "内容": "みんなのかかりつけ訪問看護ステーション箕面【訪問看護】大阪府箕面市西宿3丁目１６－１西宿ファミリーハイツ403号室", "url": "https://www.kaigokensaku.mhlw.go.jp/27/index.php?action_kouhyou_detail_004_kani=true&JigyosyoCd=2761490362-00&ServiceCd=130&Type=search", "url2": "https://kakaritsuke.co.jp/" }, "geometry": { "type": "Point", "coordinates": [ 135.496800400000012, 34.827926 ] } },
{ "type": "Feature", "properties": { "内容": "いま訪問看護リハビリステーション箕面【訪問看護】大阪府箕面市箕面6-4-24サンクスみのお1番館302号", "url": "https://www.kaigokensaku.mhlw.go.jp/27/index.php?action_kouhyou_detail_004_kani=true&JigyosyoCd=2761490206-00&ServiceCd=130&Type=search", "url2": "http://nurse-care.jp/" }, "geometry": { "type": "Point", "coordinates": [ 135.4701119, 34.8327308 ] } },
{ "type": "Feature", "properties": { "内容": "きららリハビリ訪問看護ステーション【訪問看護】大阪府箕面市船場東1丁目16-9-3階", "url": "https://www.kaigokensaku.mhlw.go.jp/27/index.php?action_kouhyou_detail_004_kani=true&JigyosyoCd=2761490214-00&ServiceCd=130&Type=search", "url2": "http://kirarahoukan.com" }, "geometry": { "type": "Point", "coordinates": [ 135.4948319, 34.8270694 ] } },
{ "type": "Feature", "properties": { "内容": "ファミフル訪問看護ステーション【訪問看護】大阪府箕面市西宿2-19-1コスモハイツ２０２号", "url": "https://www.kaigokensaku.mhlw.go.jp/27/index.php?action_kouhyou_detail_004_kani=true&JigyosyoCd=2761490115-00&ServiceCd=130&Type=search", "url2": "http://famiful.jp/" }, "geometry": { "type": "Point", "coordinates": [ 135.490025200000019, 34.8291748 ] } },
{ "type": "Feature", "properties": { "内容": "訪問看護ステーションＨＡＰＰＹ【訪問看護】大阪府箕面市粟生外院2-4-3イエローステージ箕面102", "url": "https://www.kaigokensaku.mhlw.go.jp/27/index.php?action_kouhyou_detail_004_kani=true&JigyosyoCd=2761490248-00&ServiceCd=130&Type=search", "url2": "https://happy-homonkango.com/" }, "geometry": { "type": "Point", "coordinates": [ 135.504227100000037, 34.8391735 ] } },
{ "type": "Feature", "properties": { "内容": "Enjoy訪問看護ステーション【訪問看護】大阪府箕面市箕面6丁目7-47マンションもみじや201号", "url": "https://www.kaigokensaku.mhlw.go.jp/27/index.php?action_kouhyou_detail_004_kani=true&JigyosyoCd=2761490305-00&ServiceCd=130&Type=search", "url2": "https://we-etp.video-c.jp/" }, "geometry": { "type": "Point", "coordinates": [ 135.4675852, 34.8325004 ] } },
{ "type": "Feature", "properties": { "内容": "あん訪問看護ステーション【訪問看護】大阪府箕面市桜1-2-50", "url": "https://www.kaigokensaku.mhlw.go.jp/27/index.php?action_kouhyou_detail_004_kani=true&JigyosyoCd=2761490297-00&ServiceCd=130&Type=search", "url2": "http://anne-grace.com" }, "geometry": { "type": "Point", "coordinates": [ 135.4646875, 34.82552 ] } },
{ "type": "Feature", "properties": { "内容": "リハビリ訪問看護ステーションココア【訪問看護】大阪府箕面市桜井1-2-29XENOビルヂング2F", "url": "https://www.kaigokensaku.mhlw.go.jp/27/index.php?action_kouhyou_detail_004_kani=true&JigyosyoCd=2761490099-00&ServiceCd=130&Type=search", "url2": "https://www.kango-cocoa.jp/" }, "geometry": { "type": "Point", "coordinates": [ 135.459933466995267, 34.818066728504128 ] } },
{ "type": "Feature", "properties": { "内容": "みのおリハビリ訪問看護ステーション【訪問看護】大阪府箕面市箕面4-2-51", "url": "https://www.kaigokensaku.mhlw.go.jp/27/index.php?action_kouhyou_detail_004_kani=true&JigyosyoCd=2761490073-00&ServiceCd=130&Type=search", "url2": "https://minorehabili.co/" }, "geometry": { "type": "Point", "coordinates": [ 135.476484300000038, 34.8337268 ] } },
{ "type": "Feature", "properties": { "内容": "訪問看護ステーションはぐみ【訪問看護】大阪府箕面市小野原東6丁目21-18カーサー・レフィナード　102号室", "url": "https://www.kaigokensaku.mhlw.go.jp/27/index.php?action_kouhyou_detail_004_kani=true&JigyosyoCd=2761490271-00&ServiceCd=130&Type=search", "url2": "https://hagumi.net/" }, "geometry": { "type": "Point", "coordinates": [ 135.523189409038366, 34.827974354658615 ] } },
{ "type": "Feature", "properties": { "内容": "訪問看護ステーションゆずき【訪問看護】大阪府箕面市桜1丁目2番10-102", "url": "https://www.kaigokensaku.mhlw.go.jp/27/index.php?action_kouhyou_detail_004_kani=true&JigyosyoCd=2761490347-00&ServiceCd=130&Type=search", "url2": "https://yuzuki-kango.com/" }, "geometry": { "type": "Point", "coordinates": [ 135.463881816833378, 34.825050058984061 ] } },
{ "type": "Feature", "properties": { "内容": "訪問看護ステーション　Ａrtdevivre【訪問看護】大阪府箕面市船場東２丁目５−４７ＣＯＭ３号館８階", "url": "https://www.kaigokensaku.mhlw.go.jp/27/index.php?action_kouhyou_detail_004_kani=true&JigyosyoCd=2761490057-00&ServiceCd=130&Type=search", "url2": "https://www.art-de-vivre-angel.com/" }, "geometry": { "type": "Point", "coordinates": [ 135.491566200000022, 34.8235084 ] } },
{ "type": "Feature", "properties": { "内容": "在宅看護センター養生訪問看護ステーション【訪問看護】大阪府箕面市小野原西５丁目１１－１１", "url": "https://www.kaigokensaku.mhlw.go.jp/27/index.php?action_kouhyou_detail_004_kani=true&JigyosyoCd=2761490131-00&ServiceCd=130&Type=search", "url2": "https://youjyou.or.jp/" }, "geometry": { "type": "Point", "coordinates": [ 135.5154177, 34.8322847 ] } },
{ "type": "Feature", "properties": { "内容": "みそら訪問看護ステーション【訪問看護】大阪府箕面市船場東3-2-11進和ビル303", "url": "https://www.kaigokensaku.mhlw.go.jp/27/index.php?action_kouhyou_detail_004_kani=true&JigyosyoCd=2761490370-00&ServiceCd=130&Type=search", "url2": "https://misora-home-nursing.jp/" }, "geometry": { "type": "Point", "coordinates": [ 135.491054157672124, 34.820796419383434 ] } },
{ "type": "Feature", "properties": { "内容": "エルナ訪問看護ステーション【訪問看護】大阪府箕面市白島2丁目2番34号SIDE221F", "url": "https://www.kaigokensaku.mhlw.go.jp/27/index.php?action_kouhyou_detail_004_kani=true&JigyosyoCd=2761490404-00&ServiceCd=130&Type=search", "url2": null }, "geometry": { "type": "Point", "coordinates": [ 135.4903817, 34.8356317 ] } },
{ "type": "Feature", "properties": { "内容": "訪問看護ステーションハロー【訪問看護】大阪府柏原市太平寺1-8ｰ3グランホームハロー内", "url": "https://www.kaigokensaku.mhlw.go.jp/27/index.php?action_kouhyou_detail_004_kani=true&JigyosyoCd=2764690190-00&ServiceCd=130&Type=search", "url2": "https://hello-86.jp/" }, "geometry": { "type": "Point", "coordinates": [ 135.628098099999988, 34.5846252 ] } },
{ "type": "Feature", "properties": { "内容": "訪問看護ステーションなごみ【訪問看護】大阪府柏原市上市1丁目2-2アゼリア柏原416", "url": "https://www.kaigokensaku.mhlw.go.jp/27/index.php?action_kouhyou_detail_004_kani=true&JigyosyoCd=2764690133-00&ServiceCd=130&Type=search", "url2": "http://sakai-pain.com/" }, "geometry": { "type": "Point", "coordinates": [ 135.622413599999987, 34.5860147 ] } },
{ "type": "Feature", "properties": { "内容": "訪問看護ステーションかしわら【訪問看護】柏原市大県4丁目15番35号柏原市健康福祉センター内", "url": "https://www.kaigokensaku.mhlw.go.jp/27/index.php?action_kouhyou_detail_004_kani=true&JigyosyoCd=2764690018-00&ServiceCd=130&Type=search", "url2": "http://www.kashiwara-shakyo.jp/" }, "geometry": { "type": "Point", "coordinates": [ 135.63322406406246, 34.587409135943922 ] } },
{ "type": "Feature", "properties": { "内容": "まりひめ訪問看護ステーション【訪問看護】大阪府柏原市本郷3-7-5", "url": "https://www.kaigokensaku.mhlw.go.jp/27/index.php?action_kouhyou_detail_004_kani=true&JigyosyoCd=2764690174-00&ServiceCd=130&Type=search", "url2": "https://www.mahoroba-kashiwara.com" }, "geometry": { "type": "Point", "coordinates": [ 135.6176351, 34.591667 ] } },
{ "type": "Feature", "properties": { "内容": "リハビリ訪問看護ステーションみらい【訪問看護】大阪府柏原市法善寺3丁目7-1プチメゾンHOZENJI102", "url": "https://www.kaigokensaku.mhlw.go.jp/27/index.php?action_kouhyou_detail_004_kani=true&JigyosyoCd=2764690182-00&ServiceCd=130&Type=search", "url2": "https://mirai-station.co.jp" }, "geometry": { "type": "Point", "coordinates": [ 135.626140208598315, 34.595130665910233 ] } },
{ "type": "Feature", "properties": { "内容": "リハビリ訪問看護ステーションしおん【訪問看護】大阪府柏原市田辺1-1-29", "url": "https://www.kaigokensaku.mhlw.go.jp/27/index.php?action_kouhyou_detail_004_kani=true&JigyosyoCd=2764690083-00&ServiceCd=130&Type=search", "url2": "http://houkanshion.web.fc2.com/" }, "geometry": { "type": "Point", "coordinates": [ 135.634800499999983, 34.5621487 ] } },
{ "type": "Feature", "properties": { "内容": "市立柏原病院訪問看護ステーション【訪問看護】大阪府柏原市法善寺1－7－9", "url": "https://www.kaigokensaku.mhlw.go.jp/27/index.php?action_kouhyou_detail_004_kani=true&JigyosyoCd=2764690166-00&ServiceCd=130&Type=search", "url2": "https://hospital-kashiwara-osaka.jp/" }, "geometry": { "type": "Point", "coordinates": [ 135.6248484, 34.5926228 ] } },
{ "type": "Feature", "properties": { "内容": "訪問看護ステーションＨＣＬ【訪問看護】大阪府羽曳野市はびきの一丁目４番８号", "url": "https://www.kaigokensaku.mhlw.go.jp/27/index.php?action_kouhyou_detail_004_kani=true&JigyosyoCd=2763890502-00&ServiceCd=130&Type=search", "url2": "https://kaigo-hcl.com/" }, "geometry": { "type": "Point", "coordinates": [ 135.5928198, 34.5527347 ] } },
{ "type": "Feature", "properties": { "内容": "しろくま訪問看護リハビリステーション【訪問看護】大阪府羽曳野市誉田3-14-20メゾン白鳥305号室", "url": "https://www.kaigokensaku.mhlw.go.jp/27/index.php?action_kouhyou_detail_004_kani=true&JigyosyoCd=2763890395-00&ServiceCd=130&Type=search", "url2": "http://ys-kango.com/" }, "geometry": { "type": "Point", "coordinates": [ 135.608314299999989, 34.5564334 ] } },
{ "type": "Feature", "properties": { "内容": "訪問看護ステーションつながり【訪問看護】大阪府羽曳野市はびきの6丁目410-35", "url": "https://www.kaigokensaku.mhlw.go.jp/27/index.php?action_kouhyou_detail_004_kani=true&JigyosyoCd=2763890254-00&ServiceCd=130&Type=search", "url2": "http://www.houkan-tsunagari.jp" }, "geometry": { "type": "Point", "coordinates": [ 135.585207290880305, 34.552644977848395 ] } },
{ "type": "Feature", "properties": { "内容": "訪問看護ステーション　ハートパークはびきの【訪問看護】大阪府羽曳野市樫山１００－１", "url": "https://www.kaigokensaku.mhlw.go.jp/27/index.php?action_kouhyou_detail_004_kani=true&JigyosyoCd=2763890015-00&ServiceCd=130&Type=search", "url2": "http://www.heartful-health.or.jp" }, "geometry": { "type": "Point", "coordinates": [ 135.579311169718494, 34.558584291330199 ] } },
{ "type": "Feature", "properties": { "内容": "医療法人颯仁会　訪問看護ステーションまほろば【訪問看護】大阪府羽曳野市誉田三丁目１５番６号", "url": "https://www.kaigokensaku.mhlw.go.jp/27/index.php?action_kouhyou_detail_004_kani=true&JigyosyoCd=2763890031-00&ServiceCd=130&Type=search", "url2": "https://soujinkai-m.jp" }, "geometry": { "type": "Point", "coordinates": [ 135.607775599999968, 34.558026500000011 ] } },
{ "type": "Feature", "properties": { "内容": "医療法人春秋会　城山病院訪問看護ステーション【訪問看護】大阪府羽曳野市はびきの二丁目8番3号", "url": "https://www.kaigokensaku.mhlw.go.jp/27/index.php?action_kouhyou_detail_004_kani=true&JigyosyoCd=2763890270-00&ServiceCd=130&Type=search", "url2": "http://www.shiroyama-hsp.or.jp/houkan/" }, "geometry": { "type": "Point", "coordinates": [ 135.5926412, 34.54823 ] } },
{ "type": "Feature", "properties": { "内容": "きのうクリニック訪問看護ステーション【訪問看護】大阪府羽曳野市羽曳が丘西2-2-9", "url": "https://www.kaigokensaku.mhlw.go.jp/27/index.php?action_kouhyou_detail_004_kani=true&JigyosyoCd=2763890361-00&ServiceCd=130&Type=search", "url2": "https://kino-clinic.com/visiting-nurse/" }, "geometry": { "type": "Point", "coordinates": [ 135.591931663754252, 34.541659680745283 ] } },
{ "type": "Feature", "properties": { "内容": "アクシス訪問看護ステーションはびきの【訪問看護】大阪府羽曳野市伊賀1-7-10ADD　TO　301号", "url": "https://www.kaigokensaku.mhlw.go.jp/27/index.php?action_kouhyou_detail_004_kani=true&JigyosyoCd=2763890239-00&ServiceCd=130&Type=search", "url2": null }, "geometry": { "type": "Point", "coordinates": [ 135.585216899999978, 34.5625754 ] } },
{ "type": "Feature", "properties": { "内容": "おかもと訪問看護ステーションはびきの【訪問看護】大阪府羽曳野市軽里1丁目3-7新栄プロパティー軽里203号室", "url": "https://www.kaigokensaku.mhlw.go.jp/27/index.php?action_kouhyou_detail_004_kani=true&JigyosyoCd=2763890346-00&ServiceCd=130&Type=search", "url2": "https://okamoto-hns.com" }, "geometry": { "type": "Point", "coordinates": [ 135.5963215112711, 34.553675097420445 ] } },
{ "type": "Feature", "properties": { "内容": "メディケア・リハビリ訪問看護ステーション羽曳野【訪問看護】羽曳野市羽曳が丘四丁目18番3号", "url": "https://www.kaigokensaku.mhlw.go.jp/27/index.php?action_kouhyou_detail_004_kani=true&JigyosyoCd=2763890312-00&ServiceCd=130&Type=search", "url2": "https://kango.medi-care.co.jp/" }, "geometry": { "type": "Point", "coordinates": [ 135.593010600000071, 34.5439945 ] } },
{ "type": "Feature", "properties": { "内容": "羽曳野ヤマシン訪問看護ステーション【訪問看護】大阪府羽曳野市島泉６丁目２番７号フィオレシニアレジデンス羽曳野212号室", "url": "https://www.kaigokensaku.mhlw.go.jp/27/index.php?action_kouhyou_detail_004_kani=true&JigyosyoCd=2763890437-00&ServiceCd=130&Type=search", "url2": "https://www.yamasin.co.jp/" }, "geometry": { "type": "Point", "coordinates": [ 135.582219457672124, 34.577264468571457 ] } },
{ "type": "Feature", "properties": { "内容": "セレッソ地域看護センター【訪問看護】大阪府羽曳野市誉田2-4-5", "url": "https://www.kaigokensaku.mhlw.go.jp/27/index.php?action_kouhyou_detail_004_kani=true&JigyosyoCd=2763890262-00&ServiceCd=130&Type=search", "url2": "http://www.cerezo-kango.jp/" }, "geometry": { "type": "Point", "coordinates": [ 135.611752902516173, 34.556930566418714 ] } },
{ "type": "Feature", "properties": { "内容": "青山訪問看護ステーション羽曳野【訪問看護】大阪府羽曳野市伊賀四丁目7番3号", "url": "https://www.kaigokensaku.mhlw.go.jp/27/index.php?action_kouhyou_detail_004_kani=true&JigyosyoCd=2763890304-00&ServiceCd=130&Type=search", "url2": "https://www.aoyama-care.jp/" }, "geometry": { "type": "Point", "coordinates": [ 135.58255042698363, 34.557338237324842 ] } },
{ "type": "Feature", "properties": { "内容": "HANK訪問看護ステーション【訪問看護】大阪府羽曳野市羽曳が丘７－１８－２０", "url": "https://www.kaigokensaku.mhlw.go.jp/27/index.php?action_kouhyou_detail_004_kani=true&JigyosyoCd=2763890247-00&ServiceCd=130&Type=search", "url2": null }, "geometry": { "type": "Point", "coordinates": [ 135.597767740615581, 34.537823547460079 ] } },
{ "type": "Feature", "properties": { "内容": "四天王寺悲田院訪問看護ステーション【訪問看護】羽曳野市学園前6-1-1", "url": "https://www.kaigokensaku.mhlw.go.jp/27/index.php?action_kouhyou_detail_004_kani=true&JigyosyoCd=2763890023-00&ServiceCd=130&Type=search", "url2": "http://www.shitennoji-fukushi.jp/" }, "geometry": { "type": "Point", "coordinates": [ 135.584641899999951, 34.5482521 ] } },
{ "type": "Feature", "properties": { "内容": "訪問看護ステーションきずな【訪問看護】大阪府羽曳野市南恵我之荘４－５－１コープ診療所３階", "url": "https://www.kaigokensaku.mhlw.go.jp/27/index.php?action_kouhyou_detail_004_kani=true&JigyosyoCd=2763890049-00&ServiceCd=130&Type=search", "url2": "http://www.habikino-coop.or.jp" }, "geometry": { "type": "Point", "coordinates": [ 135.573049864594367, 34.565871402066691 ] } },
{ "type": "Feature", "properties": { "内容": "さくらの詩訪問看護ステーション【訪問看護】大阪府羽曳野市はびきの一丁目4番1号", "url": "https://www.kaigokensaku.mhlw.go.jp/27/index.php?action_kouhyou_detail_004_kani=true&JigyosyoCd=2763890122-00&ServiceCd=130&Type=search", "url2": null }, "geometry": { "type": "Point", "coordinates": [ 135.59375959961389, 34.552814009464768 ] } },
{ "type": "Feature", "properties": { "内容": "せいこう会訪問看護ステーション【訪問看護】大阪府羽曳野市野々上3-4-30", "url": "https://www.kaigokensaku.mhlw.go.jp/27/index.php?action_kouhyou_detail_004_kani=true&JigyosyoCd=2763890171-00&ServiceCd=130&Type=search", "url2": "http://www.yasucli.jp/" }, "geometry": { "type": "Point", "coordinates": [ 135.592913299999964, 34.5573178 ] } },
{ "type": "Feature", "properties": { "内容": "ナースぷらすえん訪問看護ステーション【訪問看護】大阪府羽曳野市河原城6-1", "url": "https://www.kaigokensaku.mhlw.go.jp/27/index.php?action_kouhyou_detail_004_kani=true&JigyosyoCd=2763890353-00&ServiceCd=130&Type=search", "url2": "https://nursing-agency-2442.business.site/?utm_source=gmb&utm_medium=referral" }, "geometry": { "type": "Point", "coordinates": [ 135.579451163186718, 34.554960128216159 ] } },
{ "type": "Feature", "properties": { "内容": "地域訪問看護・リハビリセンター未来地図【訪問看護】大阪府羽曳野市南恵我之荘5丁目1番4号", "url": "https://www.kaigokensaku.mhlw.go.jp/27/index.php?action_kouhyou_detail_004_kani=true&JigyosyoCd=2763890445-00&ServiceCd=130&Type=search", "url2": "https://mirai-chizu.net" }, "geometry": { "type": "Point", "coordinates": [ 135.5729483, 34.568389 ] } },
{ "type": "Feature", "properties": { "内容": "スワン訪問看護ステーション【訪問看護】大阪府羽曳野市高鷲10-7-16ハーモニー羽曳野103号室", "url": "https://www.kaigokensaku.mhlw.go.jp/27/index.php?action_kouhyou_detail_004_kani=true&JigyosyoCd=2763890296-00&ServiceCd=130&Type=search", "url2": "https://citrus-ltd.co.jp/" }, "geometry": { "type": "Point", "coordinates": [ 135.5783726, 34.5708933 ] } },
{ "type": "Feature", "properties": { "内容": "訪問看護ステーション縁【訪問看護】大阪府羽曳野市南恵我之荘３－４－５", "url": "https://www.kaigokensaku.mhlw.go.jp/27/index.php?action_kouhyou_detail_004_kani=true&JigyosyoCd=2763890510-00&ServiceCd=130&Type=search", "url2": null }, "geometry": { "type": "Point", "coordinates": [ 135.5736851, 34.5681176 ] } },
{ "type": "Feature", "properties": { "内容": "訪問看護ステーションekuboPanda【訪問看護】大阪府羽曳野市島泉9₋18₋5", "url": "https://www.kaigokensaku.mhlw.go.jp/27/index.php?action_kouhyou_detail_004_kani=true&JigyosyoCd=2763890528-00&ServiceCd=130&Type=search", "url2": "https://ekubo-fukushi.com/Panda/" }, "geometry": { "type": "Point", "coordinates": [ 135.5825591, 34.5747423 ] } },
{ "type": "Feature", "properties": { "内容": "合同会社福麗園【訪問看護】大阪府羽曳野市西浦3−12−3フローレンス本所　602", "url": "https://www.kaigokensaku.mhlw.go.jp/27/index.php?action_kouhyou_detail_004_kani=true&JigyosyoCd=2763890478-00&ServiceCd=130&Type=search", "url2": "https://fukulien.com" }, "geometry": { "type": "Point", "coordinates": [ 135.601922842546514, 34.548139785865729 ] } },
{ "type": "Feature", "properties": { "内容": "訪問看護ステーションにじいろ【訪問看護】大阪府羽曳野市向野1丁目9-22エスパース羽曳野105", "url": "https://www.kaigokensaku.mhlw.go.jp/27/index.php?action_kouhyou_detail_004_kani=true&JigyosyoCd=2763890460-00&ServiceCd=130&Type=search", "url2": "https://houkannijiiro.com" }, "geometry": { "type": "Point", "coordinates": [ 135.5753014, 34.559214300000029 ] } },
{ "type": "Feature", "properties": { "内容": "みやびリハビリ訪問看護ステーション【訪問看護】大阪府門真市深田町1-6GMビル第3203号室", "url": "https://www.kaigokensaku.mhlw.go.jp/27/index.php?action_kouhyou_detail_004_kani=true&JigyosyoCd=2762690473-00&ServiceCd=130&Type=search", "url2": "https://miyabi-kango.com/" }, "geometry": { "type": "Point", "coordinates": [ 135.5892361, 34.7337455 ] } },
{ "type": "Feature", "properties": { "内容": "けいはん医療生活協同組合　訪問看護ステーションすこやか【訪問看護】門真市上島町38-8", "url": "https://www.kaigokensaku.mhlw.go.jp/27/index.php?action_kouhyou_detail_004_kani=true&JigyosyoCd=2762690051-00&ServiceCd=130&Type=search", "url2": "http://www.keihan-healthcoop.net" }, "geometry": { "type": "Point", "coordinates": [ 135.607657761238102, 34.748080134456323 ] } },
{ "type": "Feature", "properties": { "内容": "スギ訪問看護ステーション古川橋【訪問看護】大阪府門真市末広町16-24", "url": "https://www.kaigokensaku.mhlw.go.jp/27/index.php?action_kouhyou_detail_004_kani=true&JigyosyoCd=2762690416-00&ServiceCd=130&Type=search", "url2": "https://www.sugi-hd.co.jp/med/" }, "geometry": { "type": "Point", "coordinates": [ 135.5937663, 34.7385826 ] } },
{ "type": "Feature", "properties": { "内容": "訪問看護ステーションふるーる【訪問看護】大阪府門真市三ツ島二丁目8番15号", "url": "https://www.kaigokensaku.mhlw.go.jp/27/index.php?action_kouhyou_detail_004_kani=true&JigyosyoCd=2762690218-00&ServiceCd=130&Type=search", "url2": null }, "geometry": { "type": "Point", "coordinates": [ 135.595779, 34.719578100000014 ] } },
{ "type": "Feature", "properties": { "内容": "える訪問看護ステーション門真【訪問看護】大阪府門真市元町8‐4アンシャンテ高宮1階", "url": "https://www.kaigokensaku.mhlw.go.jp/27/index.php?action_kouhyou_detail_004_kani=true&JigyosyoCd=2762690440-00&ServiceCd=130&Type=search", "url2": "https://el-homemedi.co.jp/" }, "geometry": { "type": "Point", "coordinates": [ 135.579828849073806, 34.738203134932633 ] } },
{ "type": "Feature", "properties": { "内容": "クオレ訪問看護ステーション古川橋【訪問看護】門真市寿町１０－２", "url": "https://www.kaigokensaku.mhlw.go.jp/27/index.php?action_kouhyou_detail_004_kani=true&JigyosyoCd=2762690135-00&ServiceCd=130&Type=search", "url2": "http://www.cuores.com" }, "geometry": { "type": "Point", "coordinates": [ 135.594717599999967, 34.7365206 ] } },
{ "type": "Feature", "properties": { "内容": "ケア21メディカル訪問看護・リハビリステーションぴ～す門真【訪問看護】大阪府門真市速見町8-29グランデージハヤミ502号", "url": "https://www.kaigokensaku.mhlw.go.jp/27/index.php?action_kouhyou_detail_004_kani=true&JigyosyoCd=2762690226-00&ServiceCd=130&Type=search", "url2": "http://medical.care21.co.jp/" }, "geometry": { "type": "Point", "coordinates": [ 135.5935955, 34.7357846 ] } },
{ "type": "Feature", "properties": { "内容": "門真ヤマシン訪問看護ステーション【訪問看護】大阪府門真市柳田町4-30コーポエトワール210号室", "url": "https://www.kaigokensaku.mhlw.go.jp/27/index.php?action_kouhyou_detail_004_kani=true&JigyosyoCd=2762690275-00&ServiceCd=130&Type=search", "url2": "http://www.yamasin.co.jp/kango/" }, "geometry": { "type": "Point", "coordinates": [ 135.591887400000019, 34.7327432 ] } },
{ "type": "Feature", "properties": { "内容": "さつき訪問看護ステーション【訪問看護】大阪府門真市上野口町59-16ハーモニー門真", "url": "https://www.kaigokensaku.mhlw.go.jp/27/index.php?action_kouhyou_detail_004_kani=true&JigyosyoCd=2762690481-00&ServiceCd=130&Type=search", "url2": "https://waffle2019.com/" }, "geometry": { "type": "Point", "coordinates": [ 135.606587058999622, 34.737234379592394 ] } },
{ "type": "Feature", "properties": { "内容": "青蓮荘訪問看護ステーション【訪問看護】大阪府門真市三ツ島3-13-25", "url": "https://www.kaigokensaku.mhlw.go.jp/27/index.php?action_kouhyou_detail_004_kani=true&JigyosyoCd=2762690259-00&ServiceCd=130&Type=search", "url2": "https://www.medi-care.co.jp" }, "geometry": { "type": "Point", "coordinates": [ 135.59496809999996, 34.7138816 ] } },
{ "type": "Feature", "properties": { "内容": "AI訪問看護ステーション【訪問看護】大阪府門真市宮前町21-1赤井マンション205", "url": "https://www.kaigokensaku.mhlw.go.jp/27/index.php?action_kouhyou_detail_004_kani=true&JigyosyoCd=2762690358-00&ServiceCd=130&Type=search", "url2": null }, "geometry": { "type": "Point", "coordinates": [ 135.614846, 34.7404824 ] } },
{ "type": "Feature", "properties": { "内容": "ちどり訪問看護ステーション【訪問看護】大阪府門真市北島町１２番２０号", "url": "https://www.kaigokensaku.mhlw.go.jp/27/index.php?action_kouhyou_detail_004_kani=true&JigyosyoCd=2762690010-00&ServiceCd=130&Type=search", "url2": "https://www.chidori.or.jp" }, "geometry": { "type": "Point", "coordinates": [ 135.594356800000014, 34.7236749 ] } },
{ "type": "Feature", "properties": { "内容": "ブドウ訪問看護ステーション【訪問看護】大阪府門真市島頭4-11-11", "url": "https://www.kaigokensaku.mhlw.go.jp/27/index.php?action_kouhyou_detail_004_kani=true&JigyosyoCd=2762690093-00&ServiceCd=130&Type=search", "url2": "http://www.osaka-christ.or.jp" }, "geometry": { "type": "Point", "coordinates": [ 135.607783199999972, 34.7282052 ] } },
{ "type": "Feature", "properties": { "内容": "アロー訪問看護ステーション【訪問看護】大阪府門真市速見町5-11ワールドライフ’84-101", "url": "https://www.kaigokensaku.mhlw.go.jp/27/index.php?action_kouhyou_detail_004_kani=true&JigyosyoCd=2762690150-00&ServiceCd=130&Type=search", "url2": "http://www.arrow-nurse.co.jp" }, "geometry": { "type": "Point", "coordinates": [ 135.592109714953722, 34.736546312999593 ] } },
{ "type": "Feature", "properties": { "内容": "訪問看護ステーションエールⅠ【訪問看護】大阪府門真市柳田町23-3ベルヴィルD-102号室", "url": "https://www.kaigokensaku.mhlw.go.jp/27/index.php?action_kouhyou_detail_004_kani=true&JigyosyoCd=2762690408-00&ServiceCd=130&Type=search", "url2": null }, "geometry": { "type": "Point", "coordinates": [ 135.5917289, 34.730625 ] } },
{ "type": "Feature", "properties": { "内容": "げんきsmile訪問看護ステーション【訪問看護】大阪府門真市上野口町9-9", "url": "https://www.kaigokensaku.mhlw.go.jp/27/index.php?action_kouhyou_detail_004_kani=true&JigyosyoCd=2762690366-00&ServiceCd=130&Type=search", "url2": "https://genkiya-hd.co.jp/" }, "geometry": { "type": "Point", "coordinates": [ 135.6061909, 34.7427201 ] } },
{ "type": "Feature", "properties": { "内容": "柏友会訪問看護ステーション【訪問看護】大阪府門真市北岸和田一丁目２番２３号", "url": "https://www.kaigokensaku.mhlw.go.jp/27/index.php?action_kouhyou_detail_004_kani=true&JigyosyoCd=2762690341-00&ServiceCd=130&Type=search", "url2": "http://www.hikari-hmc.com" }, "geometry": { "type": "Point", "coordinates": [ 135.6187588, 34.7388685 ] } },
{ "type": "Feature", "properties": { "内容": "訪問看護ステーションゆず【訪問看護】大阪府門真市石原町43-4", "url": "https://www.kaigokensaku.mhlw.go.jp/27/index.php?action_kouhyou_detail_004_kani=true&JigyosyoCd=2762690549-00&ServiceCd=130&Type=search", "url2": null }, "geometry": { "type": "Point", "coordinates": [ 135.588756500000017, 34.7462114 ] } },
{ "type": "Feature", "properties": { "内容": "蒼生病院　訪問看護ステーション【訪問看護】大阪府門真市大字横地596番地社会医療法人蒼生会　蒼生病院　1階", "url": "https://www.kaigokensaku.mhlw.go.jp/27/index.php?action_kouhyou_detail_004_kani=true&JigyosyoCd=2762690234-00&ServiceCd=130&Type=search", "url2": "http://www.sousei-hp.jp/home_nursing/" }, "geometry": { "type": "Point", "coordinates": [ 135.605846986369329, 34.72888589644689 ] } },
{ "type": "Feature", "properties": { "内容": "合同会社Rapport　訪問看護ステーション蓮【訪問看護】大阪府門真市上野口町17番3号", "url": "https://www.kaigokensaku.mhlw.go.jp/27/index.php?action_kouhyou_detail_004_kani=true&JigyosyoCd=2762690606-00&ServiceCd=130&Type=search", "url2": null }, "geometry": { "type": "Point", "coordinates": [ 135.607003600000013, 34.7415513 ] } },
{ "type": "Feature", "properties": { "内容": "訪問看護ステーションいちご門真【訪問看護】大阪府門真市一番町18-14コーポグランディール203号", "url": "https://www.kaigokensaku.mhlw.go.jp/27/index.php?action_kouhyou_detail_004_kani=true&JigyosyoCd=2762690531-00&ServiceCd=130&Type=search", "url2": null }, "geometry": { "type": "Point", "coordinates": [ 135.5944137, 34.7303536 ] } },
{ "type": "Feature", "properties": { "内容": "アシストリハビリ訪問看護ステーション【訪問看護】大阪府門真市三ツ島1丁目3番4号", "url": "https://www.kaigokensaku.mhlw.go.jp/27/index.php?action_kouhyou_detail_004_kani=true&JigyosyoCd=2762690143-00&ServiceCd=130&Type=search", "url2": "http://assist-reha.jp" }, "geometry": { "type": "Point", "coordinates": [ 135.593164300000012, 34.7219749 ] } },
{ "type": "Feature", "properties": { "内容": "訪問看護えい【訪問看護】大阪府門真市末広町32-5ポポロタカヒロ701号", "url": "https://www.kaigokensaku.mhlw.go.jp/27/index.php?action_kouhyou_detail_004_kani=true&JigyosyoCd=2762690564-00&ServiceCd=130&Type=search", "url2": null }, "geometry": { "type": "Point", "coordinates": [ 135.5913189, 34.7375879 ] } },
{ "type": "Feature", "properties": { "内容": "アンク訪問看護ステーション【訪問看護】大阪府門真市三ツ島３丁目５番４５号", "url": "https://www.kaigokensaku.mhlw.go.jp/27/index.php?action_kouhyou_detail_004_kani=true&JigyosyoCd=2762690325-00&ServiceCd=130&Type=search", "url2": "https://www.ank2019.jp/" }, "geometry": { "type": "Point", "coordinates": [ 135.593691, 34.71699090000002 ] } },
{ "type": "Feature", "properties": { "内容": "アンカー訪問看護ステーション門真【訪問看護】大阪府門真市柳町1-18", "url": "https://www.kaigokensaku.mhlw.go.jp/27/index.php?action_kouhyou_detail_004_kani=true&JigyosyoCd=2762690424-00&ServiceCd=130&Type=search", "url2": null }, "geometry": { "type": "Point", "coordinates": [ 135.5888069, 34.7377566 ] } },
{ "type": "Feature", "properties": { "内容": "訪問看護ステーションharustyle西三荘【訪問看護】大阪府門真市本町19-17アットハイツジョイA102号室", "url": "https://www.kaigokensaku.mhlw.go.jp/27/index.php?action_kouhyou_detail_004_kani=true&JigyosyoCd=2762690515-00&ServiceCd=130&Type=search", "url2": "https://nishisanso.haru-style.jp/" }, "geometry": { "type": "Point", "coordinates": [ 135.5770195, 34.7362258 ] } },
{ "type": "Feature", "properties": { "内容": "LOVEエンパワードRadio訪問看護【訪問看護】大阪府門真市小路町1番28号アドバンス小路102", "url": "https://www.kaigokensaku.mhlw.go.jp/27/index.php?action_kouhyou_detail_004_kani=true&JigyosyoCd=2762690614-00&ServiceCd=130&Type=search", "url2": "https://yu-hayami.site/" }, "geometry": { "type": "Point", "coordinates": [ 135.581802900000014, 34.7396672 ] } },
{ "type": "Feature", "properties": { "内容": "アプスル訪問看護ステーション【訪問看護】大阪府摂津市鳥飼下1-18-4オレンジベース鳥飼下Ⅲ号室", "url": "https://www.kaigokensaku.mhlw.go.jp/27/index.php?action_kouhyou_detail_004_kani=true&JigyosyoCd=2763790181-00&ServiceCd=130&Type=search", "url2": "https://upsul-st.com" }, "geometry": { "type": "Point", "coordinates": [ 135.588631795037088, 34.775420982815604 ] } },
{ "type": "Feature", "properties": { "内容": "摂津市保健センター訪問看護ステーション【訪問看護】大阪府摂津市南千里丘5-30", "url": "https://www.kaigokensaku.mhlw.go.jp/27/index.php?action_kouhyou_detail_004_kani=true&JigyosyoCd=2763790025-00&ServiceCd=130&Type=search", "url2": "http://www.settsu-hoken-c.or.jp" }, "geometry": { "type": "Point", "coordinates": [ 135.554439600000023, 34.785883 ] } },
{ "type": "Feature", "properties": { "内容": "訪問看護ステーション　ゆらら【訪問看護】大阪府摂津市三島3-14-45サクセスハイツ西尾1階", "url": "https://www.kaigokensaku.mhlw.go.jp/27/index.php?action_kouhyou_detail_004_kani=true&JigyosyoCd=2763790090-00&ServiceCd=130&Type=search", "url2": "https://yurara-kaigo.com/" }, "geometry": { "type": "Point", "coordinates": [ 135.554554529253892, 34.782212322100797 ] } },
{ "type": "Feature", "properties": { "内容": "訪問看護ステーションひなた【訪問看護】大阪府摂津市三島2-12-7三島ハイツ205号", "url": "https://www.kaigokensaku.mhlw.go.jp/27/index.php?action_kouhyou_detail_004_kani=true&JigyosyoCd=2763790157-00&ServiceCd=130&Type=search", "url2": "https://www.hinata2019.co.jp" }, "geometry": { "type": "Point", "coordinates": [ 135.555912588360599, 34.777126644836329 ] } },
{ "type": "Feature", "properties": { "内容": "訪問看護ステーションとりかい白鷺園【訪問看護】大阪府摂津市鳥飼中1丁目19－9複合福祉施設拠点　まことそら", "url": "https://www.kaigokensaku.mhlw.go.jp/27/index.php?action_kouhyou_detail_004_kani=true&JigyosyoCd=2763790140-00&ServiceCd=130&Type=search", "url2": null }, "geometry": { "type": "Point", "coordinates": [ 135.591320500000023, 34.7798253 ] } },
{ "type": "Feature", "properties": { "内容": "あおば訪問看護ステーション【訪問看護】大阪府摂津市東一津屋13-3Nステーションビル3F", "url": "https://www.kaigokensaku.mhlw.go.jp/27/index.php?action_kouhyou_detail_004_kani=true&JigyosyoCd=2763790108-00&ServiceCd=130&Type=search", "url2": "https://www.aobahoukan.com/" }, "geometry": { "type": "Point", "coordinates": [ 135.569238400000017, 34.7652804 ] } },
{ "type": "Feature", "properties": { "内容": "訪問看護ステーション　そらまめ【訪問看護】大阪府摂津市千里丘２丁目４番２０号", "url": "https://www.kaigokensaku.mhlw.go.jp/27/index.php?action_kouhyou_detail_004_kani=true&JigyosyoCd=2763790165-00&ServiceCd=130&Type=search", "url2": null }, "geometry": { "type": "Point", "coordinates": [ 135.5490041, 34.7897206 ] } },
{ "type": "Feature", "properties": { "内容": "摂津ひかり病院【訪問看護】大阪府摂津市鳥飼八防2-3-8", "url": "https://www.kaigokensaku.mhlw.go.jp/27/index.php?action_kouhyou_detail_004_kani=true&JigyosyoCd=2713701072-00&ServiceCd=130&Type=search", "url2": "http://www.hikari.or.jp" }, "geometry": { "type": "Point", "coordinates": [ 135.574823899999984, 34.771302 ] } },
{ "type": "Feature", "properties": { "内容": "エイト訪問看護ステーション摂津【訪問看護】大阪府摂津市一津屋2-14-25住宅型有料老人ホームOMOVILLAGE摂津1F", "url": "https://www.kaigokensaku.mhlw.go.jp/27/index.php?action_kouhyou_detail_004_kani=true&JigyosyoCd=2763790199-00&ServiceCd=130&Type=search", "url2": "https://eight-hospitality.com/" }, "geometry": { "type": "Point", "coordinates": [ 135.563237060713192, 34.759139986494816 ] } },
{ "type": "Feature", "properties": { "内容": "訪問看護ステーションみぃ【訪問看護】大阪府摂津市鳥飼下2丁目2番地7号T.R.ETSUJIBLDG.402号", "url": "https://www.kaigokensaku.mhlw.go.jp/27/index.php?action_kouhyou_detail_004_kani=true&JigyosyoCd=2763790207-00&ServiceCd=130&Type=search", "url2": null }, "geometry": { "type": "Point", "coordinates": [ 135.5842638, 34.7761603 ] } },
{ "type": "Feature", "properties": { "内容": "訪問看護ステーション　ことぶき【訪問看護】大阪府高石市西取石３－６－１７", "url": "https://www.kaigokensaku.mhlw.go.jp/27/index.php?action_kouhyou_detail_004_kani=true&JigyosyoCd=2765390014-00&ServiceCd=130&Type=search", "url2": "http://www.takaishikamo-hp.jp/" }, "geometry": { "type": "Point", "coordinates": [ 135.444684106221047, 34.523326848176033 ] } },
{ "type": "Feature", "properties": { "内容": "高石市訪問看護ステーション【訪問看護】大阪府高石市羽衣四丁目4番26号高石市立老人保健施設きゃらの郷", "url": "https://www.kaigokensaku.mhlw.go.jp/27/index.php?action_kouhyou_detail_004_kani=true&JigyosyoCd=2765390022-00&ServiceCd=130&Type=search", "url2": "https://www.eonet.ne.jp/~ztakaishi/" }, "geometry": { "type": "Point", "coordinates": [ 135.435133299999961, 34.5320492 ] } },
{ "type": "Feature", "properties": { "内容": "訪問看護ステーション　花【訪問看護】大阪府高石市西取石5-6-16大歳ハイツ101", "url": "https://www.kaigokensaku.mhlw.go.jp/27/index.php?action_kouhyou_detail_004_kani=true&JigyosyoCd=2765390188-00&ServiceCd=130&Type=search", "url2": null }, "geometry": { "type": "Point", "coordinates": [ 135.446183600000012, 34.5167539 ] } },
{ "type": "Feature", "properties": { "内容": "訪問看護ステーション　あおぞら【訪問看護】大阪府高石市高師浜1丁目8-10鴨川マンション2階16号", "url": "https://www.kaigokensaku.mhlw.go.jp/27/index.php?action_kouhyou_detail_004_kani=true&JigyosyoCd=2765390147-00&ServiceCd=130&Type=search", "url2": "https://lien.recruitment.jp/profile/" }, "geometry": { "type": "Point", "coordinates": [ 135.437430699999965, 34.5269539 ] } },
{ "type": "Feature", "properties": { "内容": "訪問看護ステーション　はこぶね【訪問看護】大阪府高石市取石１丁目12-11メゾンヴィオラ203号", "url": "https://www.kaigokensaku.mhlw.go.jp/27/index.php?action_kouhyou_detail_004_kani=true&JigyosyoCd=2765390162-00&ServiceCd=130&Type=search", "url2": "https://www.st-p-77.com/" }, "geometry": { "type": "Point", "coordinates": [ 135.4527309, 34.522685 ] } },
{ "type": "Feature", "properties": { "内容": "訪問看護　心【訪問看護】大阪府高石市羽衣5丁目14-16-2F", "url": "https://www.kaigokensaku.mhlw.go.jp/27/index.php?action_kouhyou_detail_004_kani=true&JigyosyoCd=2765390212-00&ServiceCd=130&Type=search", "url2": null }, "geometry": { "type": "Point", "coordinates": [ 135.43612490000001, 34.5287974 ] } },
{ "type": "Feature", "properties": { "内容": "クララ訪問看護ステーション【訪問看護】大阪府高石市西取石7丁目7番38号グレイスコート303号室", "url": "https://www.kaigokensaku.mhlw.go.jp/27/index.php?action_kouhyou_detail_004_kani=true&JigyosyoCd=2765390139-00&ServiceCd=130&Type=search", "url2": null }, "geometry": { "type": "Point", "coordinates": [ 135.442799900000011, 34.513355 ] } },
{ "type": "Feature", "properties": { "内容": "ゆうき訪問看護ステーション【訪問看護】大阪府藤井寺市林2-6-30シャトー林101", "url": "https://www.kaigokensaku.mhlw.go.jp/27/index.php?action_kouhyou_detail_004_kani=true&JigyosyoCd=2763490220-00&ServiceCd=130&Type=search", "url2": null }, "geometry": { "type": "Point", "coordinates": [ 135.609147299999989, 34.5768871 ] } },
{ "type": "Feature", "properties": { "内容": "医療法人真世会　訪問看護ステーション　まごのて【訪問看護】大阪府藤井寺市北岡二丁目13番6号", "url": "https://www.kaigokensaku.mhlw.go.jp/27/index.php?action_kouhyou_detail_004_kani=true&JigyosyoCd=2763490139-00&ServiceCd=130&Type=search", "url2": "http://www.sai.or.jp/magonote/" }, "geometry": { "type": "Point", "coordinates": [ 135.590997037434363, 34.574573535651183 ] } },
{ "type": "Feature", "properties": { "内容": "おたふくナース【訪問看護】大阪府藤井寺市春日丘２-19-2", "url": "https://www.kaigokensaku.mhlw.go.jp/27/index.php?action_kouhyou_detail_004_kani=true&JigyosyoCd=2763490162-00&ServiceCd=130&Type=search", "url2": "https://otafuku-care.com" }, "geometry": { "type": "Point", "coordinates": [ 135.591398199999986, 34.5662164 ] } },
{ "type": "Feature", "properties": { "内容": "訪問看護ステーション　優羽【訪問看護】大阪府藤井寺市野中1丁目97-1セイワ第3ビル1-2A", "url": "https://www.kaigokensaku.mhlw.go.jp/27/index.php?action_kouhyou_detail_004_kani=true&JigyosyoCd=2763490212-00&ServiceCd=130&Type=search", "url2": "https://www.osaka-rehabilitation.com/" }, "geometry": { "type": "Point", "coordinates": [ 135.6047929, 34.5617618 ] } },
{ "type": "Feature", "properties": { "内容": "あいせる訪問看護ステーション【訪問看護】大阪府藤井寺市岡1-5-36ローザンヌ丘20C", "url": "https://www.kaigokensaku.mhlw.go.jp/27/index.php?action_kouhyou_detail_004_kani=true&JigyosyoCd=2763490154-00&ServiceCd=130&Type=search", "url2": "https://pos-reha.com" }, "geometry": { "type": "Point", "coordinates": [ 135.5980366, 34.5713707 ] } },
{ "type": "Feature", "properties": { "内容": "メディケア・リハビリ訪問看護ステーション【訪問看護】大阪府藤井寺市藤井寺2-5-4ＮＴＴ藤井寺ビル1Ｆ", "url": "https://www.kaigokensaku.mhlw.go.jp/27/index.php?action_kouhyou_detail_004_kani=true&JigyosyoCd=2763490030-00&ServiceCd=130&Type=search", "url2": "https://kango.medi-care.co.jp/" }, "geometry": { "type": "Point", "coordinates": [ 135.599493100000046, 34.568879600000024 ] } },
{ "type": "Feature", "properties": { "内容": "藤井寺市訪問看護ステーション【訪問看護】藤井寺市小山9丁目4-33藤井寺市立保健センター　１階", "url": "https://www.kaigokensaku.mhlw.go.jp/27/index.php?action_kouhyou_detail_004_kani=true&JigyosyoCd=2763490022-00&ServiceCd=130&Type=search", "url2": "https://www.city.fujiidera.lg.jp/soshiki/houmonkango/index.html" }, "geometry": { "type": "Point", "coordinates": [ 135.600698299999976, 34.5756577 ] } },
{ "type": "Feature", "properties": { "内容": "医療法人浩清会ナワタクリニック訪問看護ステーション【訪問看護】大阪府藤井寺市藤ヶ丘2丁目10番13号藤ヶ丘メディカルビル3階", "url": "https://www.kaigokensaku.mhlw.go.jp/27/index.php?action_kouhyou_detail_004_kani=true&JigyosyoCd=2763490097-00&ServiceCd=130&Type=search", "url2": "http://www.nawata.info/" }, "geometry": { "type": "Point", "coordinates": [ 135.601420700000062, 34.5633091 ] } },
{ "type": "Feature", "properties": { "内容": "訪問看護ステーションやまどり【訪問看護】大阪府藤井寺市西古室2-1-8", "url": "https://www.kaigokensaku.mhlw.go.jp/27/index.php?action_kouhyou_detail_004_kani=true&JigyosyoCd=2763490147-00&ServiceCd=130&Type=search", "url2": "https://yamadori-kantaki.com/home_care/" }, "geometry": { "type": "Point", "coordinates": [ 135.6029218, 34.568001 ] } },
{ "type": "Feature", "properties": { "内容": "サエラ訪問看護ステーション藤井寺【訪問看護】大阪府藤井寺市林5丁目8-18", "url": "https://www.kaigokensaku.mhlw.go.jp/27/index.php?action_kouhyou_detail_004_kani=true&JigyosyoCd=2763490188-00&ServiceCd=130&Type=search", "url2": "https://saera-ns.jp/" }, "geometry": { "type": "Point", "coordinates": [ 135.614913, 34.5735766 ] } },
{ "type": "Feature", "properties": { "内容": "Musubu訪問看護ステーション【訪問看護】大阪府藤井寺市道明寺5丁目3－24シャトールーブル210号", "url": "https://www.kaigokensaku.mhlw.go.jp/27/index.php?action_kouhyou_detail_004_kani=true&JigyosyoCd=2763490261-00&ServiceCd=130&Type=search", "url2": "http://musubu-houmon.com/" }, "geometry": { "type": "Point", "coordinates": [ 135.6139353, 34.565179 ] } },
{ "type": "Feature", "properties": { "内容": "数尾診療所【訪問看護】大阪府藤井寺市小山２－１－１", "url": "https://www.kaigokensaku.mhlw.go.jp/27/index.php?action_kouhyou_detail_004_kani=true&JigyosyoCd=2713402051-00&ServiceCd=130&Type=search", "url2": "https://kazuo.sakuraweb.com//" }, "geometry": { "type": "Point", "coordinates": [ 135.5911453, 34.5772021 ] } },
{ "type": "Feature", "properties": { "内容": "訪問看護ステーション　るみな【訪問看護】大阪府東大阪市下小阪1-5-8ライラック小阪205", "url": "https://www.kaigokensaku.mhlw.go.jp/27/index.php?action_kouhyou_detail_004_kani=true&JigyosyoCd=2765092040-00&ServiceCd=130&Type=search", "url2": "https://ruminanurse.studio.site/" }, "geometry": { "type": "Point", "coordinates": [ 135.582729699999987, 34.6633914 ] } },
{ "type": "Feature", "properties": { "内容": "訪問看護ステーションＡｕｄｒｅｙ【訪問看護】大阪府東大阪市下六万寺町１丁目１１番１号", "url": "https://www.kaigokensaku.mhlw.go.jp/27/index.php?action_kouhyou_detail_004_kani=true&JigyosyoCd=2765092016-00&ServiceCd=130&Type=search", "url2": "https://www.rjsboss.com/" }, "geometry": { "type": "Point", "coordinates": [ 135.6373307, 34.6520219 ] } },
{ "type": "Feature", "properties": { "内容": "株式会社在宅会ヘルスケア関西訪問看護ステーション穂乃香【訪問看護】大阪府東大阪市荒川1丁目14‐21", "url": "https://www.kaigokensaku.mhlw.go.jp/27/index.php?action_kouhyou_detail_004_kani=true&JigyosyoCd=2765092057-00&ServiceCd=130&Type=search", "url2": null }, "geometry": { "type": "Point", "coordinates": [ 135.5676039, 34.6610166 ] } },
{ "type": "Feature", "properties": { "内容": "訪問看護ステーションぴあぴあ【訪問看護】大阪府東大阪市小若江4丁目5番16号", "url": "https://www.kaigokensaku.mhlw.go.jp/27/index.php?action_kouhyou_detail_004_kani=true&JigyosyoCd=2765092123-00&ServiceCd=130&Type=search", "url2": "https://peer-clinic.com" }, "geometry": { "type": "Point", "coordinates": [ 135.584203400000035, 34.6519939 ] } },
{ "type": "Feature", "properties": { "内容": "訪問看護ステーションあさひ【訪問看護】大阪府東大阪市衣摺５丁目１９番３７号４０３号室", "url": "https://www.kaigokensaku.mhlw.go.jp/27/index.php?action_kouhyou_detail_004_kani=true&JigyosyoCd=2765092131-00&ServiceCd=130&Type=search", "url2": null }, "geometry": { "type": "Point", "coordinates": [ 135.570538199999987, 34.6393957 ] } },
{ "type": "Feature", "properties": { "内容": "スーパー・コート東大阪訪問看護ステーション【訪問看護】大阪府東大阪市森河内西1-29-23", "url": "https://www.kaigokensaku.mhlw.go.jp/27/index.php?action_kouhyou_detail_004_kani=true&JigyosyoCd=2765092149-00&ServiceCd=130&Type=search", "url2": null }, "geometry": { "type": "Point", "coordinates": [ 135.56660260000001, 34.6844946 ] } },
{ "type": "Feature", "properties": { "内容": "訪問看護ステーションパリアティブケアナース楠根【訪問看護】大阪府東大阪市楠根3丁目2-41", "url": "https://www.kaigokensaku.mhlw.go.jp/27/index.php?action_kouhyou_detail_004_kani=true&JigyosyoCd=2765091091-00&ServiceCd=130&Type=search", "url2": null }, "geometry": { "type": "Point", "coordinates": [ 135.588385799999969, 34.6876041 ] } },
{ "type": "Feature", "properties": { "内容": "みのり訪問看護ステーション【訪問看護】大阪府東大阪市横沼町1丁目14-5中西ビル2階", "url": "https://www.kaigokensaku.mhlw.go.jp/27/index.php?action_kouhyou_detail_004_kani=true&JigyosyoCd=2765091612-00&ServiceCd=130&Type=search", "url2": null }, "geometry": { "type": "Point", "coordinates": [ 135.576860399999987, 34.6519402 ] } },
{ "type": "Feature", "properties": { "内容": "訪問看護ステーション　ポシブル八戸ノ里【訪問看護】大阪府東大阪市御厨東2-1-6", "url": "https://www.kaigokensaku.mhlw.go.jp/27/index.php?action_kouhyou_detail_004_kani=true&JigyosyoCd=2765090846-00&ServiceCd=130&Type=search", "url2": null }, "geometry": { "type": "Point", "coordinates": [ 135.5949465, 34.66549 ] } },
{ "type": "Feature", "properties": { "内容": "けあきの森訪問看護ステーション【訪問看護】大阪府東大阪市中石切町2-4-29", "url": "https://www.kaigokensaku.mhlw.go.jp/27/index.php?action_kouhyou_detail_004_kani=true&JigyosyoCd=2765091216-00&ServiceCd=130&Type=search", "url2": "https://careki.net" }, "geometry": { "type": "Point", "coordinates": [ 135.645474400000012, 34.6867724 ] } },
{ "type": "Feature", "properties": { "内容": "訪問看護ステーション　わらわら【訪問看護】大阪府東大阪市稲田上町1－2－21", "url": "https://www.kaigokensaku.mhlw.go.jp/27/index.php?action_kouhyou_detail_004_kani=true&JigyosyoCd=2765091604-00&ServiceCd=130&Type=search", "url2": null }, "geometry": { "type": "Point", "coordinates": [ 135.5823562, 34.6926448 ] } },
{ "type": "Feature", "properties": { "内容": "医療法人　興世会　石きり訪問看護ステーション【訪問看護】大阪府東大阪市東石切町1丁目7番23号", "url": "https://www.kaigokensaku.mhlw.go.jp/27/index.php?action_kouhyou_detail_004_kani=true&JigyosyoCd=2765090366-00&ServiceCd=130&Type=search", "url2": "http://www.ishikiri.net/" }, "geometry": { "type": "Point", "coordinates": [ 135.647119299999986, 34.6808612 ] } },
{ "type": "Feature", "properties": { "内容": "訪問看護ステーション　シルバー【訪問看護】大阪府東大阪市若江東町4-2-5", "url": "https://www.kaigokensaku.mhlw.go.jp/27/index.php?action_kouhyou_detail_004_kani=true&JigyosyoCd=2765090424-00&ServiceCd=130&Type=search", "url2": "http://www.dr-tumori.net/" }, "geometry": { "type": "Point", "coordinates": [ 135.6104315, 34.6547023 ] } },
{ "type": "Feature", "properties": { "内容": "医療法人　佐々木整形外科【訪問看護】大阪府東大阪市四条町１－１４　フォーチュンコート２F", "url": "https://www.kaigokensaku.mhlw.go.jp/27/index.php?action_kouhyou_detail_004_kani=true&JigyosyoCd=2715008476-00&ServiceCd=130&Type=search", "url2": null }, "geometry": { "type": "Point", "coordinates": [ 135.640174399999978, 34.6591351 ] } },
{ "type": "Feature", "properties": { "内容": "医療法人三恵会訪問看護ステーションシンフォニー【訪問看護】大阪府東大阪市稲田本町3-4-18", "url": "https://www.kaigokensaku.mhlw.go.jp/27/index.php?action_kouhyou_detail_004_kani=true&JigyosyoCd=2765091174-00&ServiceCd=130&Type=search", "url2": "https://www.saneikai-symphony.jp/" }, "geometry": { "type": "Point", "coordinates": [ 135.57828040000004, 34.687316 ] } },
{ "type": "Feature", "properties": { "内容": "医療法人社団丸山会　八戸の里病院【訪問看護】大阪府東大阪市下小阪3丁目16番14号", "url": "https://www.kaigokensaku.mhlw.go.jp/27/index.php?action_kouhyou_detail_004_kani=true&JigyosyoCd=2715003675-00&ServiceCd=130&Type=search", "url2": "http://www.yaenosatohp.or.jp/" }, "geometry": { "type": "Point", "coordinates": [ 135.58841110000003, 34.6606376 ] } },
{ "type": "Feature", "properties": { "内容": "訪問看護リハビリステーションフィットケア【訪問看護】大阪府東大阪市旭町20-28", "url": "https://www.kaigokensaku.mhlw.go.jp/27/index.php?action_kouhyou_detail_004_kani=true&JigyosyoCd=2765090747-00&ServiceCd=130&Type=search", "url2": "http://aiju-fitcare.com/" }, "geometry": { "type": "Point", "coordinates": [ 135.639065594260728, 34.667600252304254 ] } },
{ "type": "Feature", "properties": { "内容": "医療法人　寿山会　喜馬病院　訪問看護ステーション翔（はばたき）【訪問看護】東大阪市岩田1丁目1-35", "url": "https://www.kaigokensaku.mhlw.go.jp/27/index.php?action_kouhyou_detail_004_kani=true&JigyosyoCd=2765090168-00&ServiceCd=130&Type=search", "url2": "https://juzankai.com/zaitaku" }, "geometry": { "type": "Point", "coordinates": [ 135.610015546032741, 34.664840107391768 ] } },
{ "type": "Feature", "properties": { "内容": "まつうら訪問看護ステーション【訪問看護】大阪府東大阪市喜里川町1番29号2階", "url": "https://www.kaigokensaku.mhlw.go.jp/27/index.php?action_kouhyou_detail_004_kani=true&JigyosyoCd=2765090333-00&ServiceCd=130&Type=search", "url2": "http://www.matuura-cosmos.or.jp/" }, "geometry": { "type": "Point", "coordinates": [ 135.640415499999989, 34.667096 ] } },
{ "type": "Feature", "properties": { "内容": "訪問看護ステーション正和「セイワ」【訪問看護】大阪府東大阪市長堂１丁目１１番１２号", "url": "https://www.kaigokensaku.mhlw.go.jp/27/index.php?action_kouhyou_detail_004_kani=true&JigyosyoCd=2765090044-00&ServiceCd=130&Type=search", "url2": "http://www.ando-iin.com/" }, "geometry": { "type": "Point", "coordinates": [ 135.562441, 34.6669974 ] } },
{ "type": "Feature", "properties": { "内容": "ハロー訪問看護ステーション【訪問看護】大阪府東大阪市高井田元町1-3-1渋川ビル2階", "url": "https://www.kaigokensaku.mhlw.go.jp/27/index.php?action_kouhyou_detail_004_kani=true&JigyosyoCd=2765091034-00&ServiceCd=130&Type=search", "url2": null }, "geometry": { "type": "Point", "coordinates": [ 135.572619199999963, 34.6647423 ] } },
{ "type": "Feature", "properties": { "内容": "医療法人藤井会　藤井会訪問看護ステーション【訪問看護】大阪府東大阪市弥生町20番20号", "url": "https://www.kaigokensaku.mhlw.go.jp/27/index.php?action_kouhyou_detail_004_kani=true&JigyosyoCd=2765090762-00&ServiceCd=130&Type=search", "url2": "http://www.houmonkango.fujiikai.jp/" }, "geometry": { "type": "Point", "coordinates": [ 135.633862370635853, 34.679603659065315 ] } },
{ "type": "Feature", "properties": { "内容": "医療法人宝持会　ハリ・訪問看護ステーション【訪問看護】大阪府東大阪市永和2-1-30", "url": "https://www.kaigokensaku.mhlw.go.jp/27/index.php?action_kouhyou_detail_004_kani=true&JigyosyoCd=2765090127-00&ServiceCd=130&Type=search", "url2": "http://ikeda-hospital.com" }, "geometry": { "type": "Point", "coordinates": [ 135.574540691748325, 34.6633907045724 ] } },
{ "type": "Feature", "properties": { "内容": "河内医師会訪問看護ステーション【訪問看護】大阪府東大阪市岩田町4丁目3番１４－２０４号", "url": "https://www.kaigokensaku.mhlw.go.jp/27/index.php?action_kouhyou_detail_004_kani=true&JigyosyoCd=2765090036-00&ServiceCd=130&Type=search", "url2": "http://www.kawachi-med.or.jp" }, "geometry": { "type": "Point", "coordinates": [ 135.608841961376925, 34.663960779640426 ] } },
{ "type": "Feature", "properties": { "内容": "HERO訪問看護ステーション【訪問看護】大阪府東大阪市森河内東1-28-14", "url": "https://www.kaigokensaku.mhlw.go.jp/27/index.php?action_kouhyou_detail_004_kani=true&JigyosyoCd=2765091422-00&ServiceCd=130&Type=search", "url2": "https://iwasakiclinic.net/hero-visit/" }, "geometry": { "type": "Point", "coordinates": [ 135.567470899999989, 34.682189 ] } },
{ "type": "Feature", "properties": { "内容": "訪問看護ステーション　ユースフル【訪問看護】大阪府東大阪市吉田3丁目5番8号", "url": "https://www.kaigokensaku.mhlw.go.jp/27/index.php?action_kouhyou_detail_004_kani=true&JigyosyoCd=2765091315-00&ServiceCd=130&Type=search", "url2": "https://lifecare-ikkyu.net/" }, "geometry": { "type": "Point", "coordinates": [ 135.621392241139233, 34.667812855036154 ] } },
{ "type": "Feature", "properties": { "内容": "アンフィル訪問看護ステーション【訪問看護】大阪府東大阪市楠根一丁目６番３０号", "url": "https://www.kaigokensaku.mhlw.go.jp/27/index.php?action_kouhyou_detail_004_kani=true&JigyosyoCd=2765090754-00&ServiceCd=130&Type=search", "url2": null }, "geometry": { "type": "Point", "coordinates": [ 135.5855286, 34.6838414 ] } },
{ "type": "Feature", "properties": { "内容": "おかもと訪問看護ステーション東大阪【訪問看護】大阪府東大阪市長田中1-4-35ステーションコート長田607号室", "url": "https://www.kaigokensaku.mhlw.go.jp/27/index.php?action_kouhyou_detail_004_kani=true&JigyosyoCd=2765091257-00&ServiceCd=130&Type=search", "url2": "https://okamoto-hns.com/" }, "geometry": { "type": "Point", "coordinates": [ 135.590920800000049, 34.6781926 ] } },
{ "type": "Feature", "properties": { "内容": "テンダーケア訪問看護ステーション【訪問看護】大阪府東大阪市長田中1-4-35ステーションコート長田304", "url": "https://www.kaigokensaku.mhlw.go.jp/27/index.php?action_kouhyou_detail_004_kani=true&JigyosyoCd=2765091299-00&ServiceCd=130&Type=search", "url2": "https://tender-care.jp/" }, "geometry": { "type": "Point", "coordinates": [ 135.5909208, 34.6781926 ] } },
{ "type": "Feature", "properties": { "内容": "はないろ訪問看護ステーション【訪問看護】大阪府東大阪市西堤本通東1-1-1東大阪大発ビル605号", "url": "https://www.kaigokensaku.mhlw.go.jp/27/index.php?action_kouhyou_detail_004_kani=true&JigyosyoCd=2765091018-00&ServiceCd=130&Type=search", "url2": "https://www.colore-group.com/company/" }, "geometry": { "type": "Point", "coordinates": [ 135.579826149073824, 34.669972597323131 ] } },
{ "type": "Feature", "properties": { "内容": "訪問看護ステーションmusubi【訪問看護】大阪府東大阪市西鴻池町二丁目1番43号2F", "url": "https://www.kaigokensaku.mhlw.go.jp/27/index.php?action_kouhyou_detail_004_kani=true&JigyosyoCd=2765090515-00&ServiceCd=130&Type=search", "url2": "http://www.musubi-ss.com/" }, "geometry": { "type": "Point", "coordinates": [ 135.597418100000027, 34.69864170000001 ] } },
{ "type": "Feature", "properties": { "内容": "ツクイ東大阪石切訪問看護ステーション【訪問看護】大阪府東大阪市中石切町2-9-3PLAZA21-2D", "url": "https://www.kaigokensaku.mhlw.go.jp/27/index.php?action_kouhyou_detail_004_kani=true&JigyosyoCd=2765091935-00&ServiceCd=130&Type=search", "url2": "https://www.tsukui.net/" }, "geometry": { "type": "Point", "coordinates": [ 135.645196084547422, 34.686864884189902 ] } },
{ "type": "Feature", "properties": { "内容": "訪問看護ステーションととのい【訪問看護】大阪府東大阪市吉田本町3-4-43-101", "url": "https://www.kaigokensaku.mhlw.go.jp/27/index.php?action_kouhyou_detail_004_kani=true&JigyosyoCd=2765091919-00&ServiceCd=130&Type=search", "url2": null }, "geometry": { "type": "Point", "coordinates": [ 135.623804, 34.677174 ] } },
{ "type": "Feature", "properties": { "内容": "訪問看護ステーションHaRE【訪問看護】大阪府東大阪市菱屋西1-2-4", "url": "https://www.kaigokensaku.mhlw.go.jp/27/index.php?action_kouhyou_detail_004_kani=true&JigyosyoCd=2765091521-00&ServiceCd=130&Type=search", "url2": null }, "geometry": { "type": "Point", "coordinates": [ 135.580594900000023, 34.6565651 ] } },
{ "type": "Feature", "properties": { "内容": "メディケア・リハビリ訪問看護ステーション東大阪【訪問看護】大阪府東大阪市永和１丁目23-273階", "url": "https://www.kaigokensaku.mhlw.go.jp/27/index.php?action_kouhyou_detail_004_kani=true&JigyosyoCd=2765091406-00&ServiceCd=130&Type=search", "url2": "http://kango.medi-care.co.jp/" }, "geometry": { "type": "Point", "coordinates": [ 135.5731355, 34.658510400000033 ] } },
{ "type": "Feature", "properties": { "内容": "東大阪ヤマシン訪問看護ステーション【訪問看護】大阪府東大阪市吉松2-11-40メゾンドファミール岡村203号室", "url": "https://www.kaigokensaku.mhlw.go.jp/27/index.php?action_kouhyou_detail_004_kani=true&JigyosyoCd=2765091075-00&ServiceCd=130&Type=search", "url2": "http://yamasin.co.cp/" }, "geometry": { "type": "Point", "coordinates": [ 135.5754905, 34.6460083 ] } },
{ "type": "Feature", "properties": { "内容": "ケアパーク訪問看護ステーション【訪問看護】大阪府東大阪市岩田町3丁目9番12号", "url": "https://www.kaigokensaku.mhlw.go.jp/27/index.php?action_kouhyou_detail_004_kani=true&JigyosyoCd=2765091232-00&ServiceCd=130&Type=search", "url2": null }, "geometry": { "type": "Point", "coordinates": [ 135.60691673550906, 34.66045378551209 ] } },
{ "type": "Feature", "properties": { "内容": "きらめき訪問看護ステーション東花園【訪問看護】大阪府東大阪市花園本町2-11-37グレースマンション401", "url": "https://www.kaigokensaku.mhlw.go.jp/27/index.php?action_kouhyou_detail_004_kani=true&JigyosyoCd=2765091380-00&ServiceCd=130&Type=search", "url2": "https://www.kiramekikango.info" }, "geometry": { "type": "Point", "coordinates": [ 135.6174115, 34.6579578 ] } },
{ "type": "Feature", "properties": { "内容": "リハビリ訪問看護ステーションルピナスひょうたん山【訪問看護】東大阪市本町2番3号", "url": "https://www.kaigokensaku.mhlw.go.jp/27/index.php?action_kouhyou_detail_004_kani=true&JigyosyoCd=2765090564-00&ServiceCd=130&Type=search", "url2": "http://www.rupinasu-inc.co.jp/" }, "geometry": { "type": "Point", "coordinates": [ 135.642676509123248, 34.665312082331042 ] } },
{ "type": "Feature", "properties": { "内容": "瓢訪問看護ステーション【訪問看護】大阪府東大阪市瓢箪山町10-7", "url": "https://www.kaigokensaku.mhlw.go.jp/27/index.php?action_kouhyou_detail_004_kani=true&JigyosyoCd=2765091570-00&ServiceCd=130&Type=search", "url2": "https://www.hisago-kango.com/" }, "geometry": { "type": "Point", "coordinates": [ 135.643406, 34.6605611 ] } },
{ "type": "Feature", "properties": { "内容": "訪問看護ステーションGIFT【訪問看護】大阪府東大阪市長栄寺4番2号211号室", "url": "https://www.kaigokensaku.mhlw.go.jp/27/index.php?action_kouhyou_detail_004_kani=true&JigyosyoCd=2765090994-00&ServiceCd=130&Type=search", "url2": null }, "geometry": { "type": "Point", "coordinates": [ 135.5696868, 34.665039900000018 ] } },
{ "type": "Feature", "properties": { "内容": "とも訪問看護ステーション【訪問看護】大阪府東大阪市中小阪3丁目12番19号", "url": "https://www.kaigokensaku.mhlw.go.jp/27/index.php?action_kouhyou_detail_004_kani=true&JigyosyoCd=2765090614-00&ServiceCd=130&Type=search", "url2": "https://tomonurse.jp" }, "geometry": { "type": "Point", "coordinates": [ 135.58556139999996, 34.6578683 ] } },
{ "type": "Feature", "properties": { "内容": "訪問看護ステーションHINATA【訪問看護】大阪府東大阪市小阪1丁目4-24-201", "url": "https://www.kaigokensaku.mhlw.go.jp/27/index.php?action_kouhyou_detail_004_kani=true&JigyosyoCd=2765091265-00&ServiceCd=130&Type=search", "url2": "http://www.soleluna2019.com" }, "geometry": { "type": "Point", "coordinates": [ 135.5802629, 34.6656125 ] } },
{ "type": "Feature", "properties": { "内容": "さんらいず訪問看護ステーション【訪問看護】大阪府東大阪市稲田新町2-9-31コーポ大喜102号", "url": "https://www.kaigokensaku.mhlw.go.jp/27/index.php?action_kouhyou_detail_004_kani=true&JigyosyoCd=2765091661-00&ServiceCd=130&Type=search", "url2": null }, "geometry": { "type": "Point", "coordinates": [ 135.58870330000002, 34.691099600000015 ] } },
{ "type": "Feature", "properties": { "内容": "訪問看護ステーション　五十忠【訪問看護】大阪府東大阪市御幸町3-34", "url": "https://www.kaigokensaku.mhlw.go.jp/27/index.php?action_kouhyou_detail_004_kani=true&JigyosyoCd=2765091471-00&ServiceCd=130&Type=search", "url2": "https://hohoemi-fukushi.jp/itochuu/" }, "geometry": { "type": "Point", "coordinates": [ 135.639170299999989, 34.6582475 ] } },
{ "type": "Feature", "properties": { "内容": "社会福祉法人玉美福祉会　訪問看護ステーション向日葵【訪問看護】大阪府東大阪市玉串町東1-10-20", "url": "https://www.kaigokensaku.mhlw.go.jp/27/index.php?action_kouhyou_detail_004_kani=true&JigyosyoCd=2765090598-00&ServiceCd=130&Type=search", "url2": "http://www.tamami.or.jp" }, "geometry": { "type": "Point", "coordinates": [ 135.621538800000053, 34.6560079 ] } },
{ "type": "Feature", "properties": { "内容": "社会福祉法人天心会　訪問看護ステーション　クローバー【訪問看護】大阪府東大阪市永和2-8-3EIWAFIRST　ビル2階", "url": "https://www.kaigokensaku.mhlw.go.jp/27/index.php?action_kouhyou_detail_004_kani=true&JigyosyoCd=2765090077-00&ServiceCd=130&Type=search", "url2": null }, "geometry": { "type": "Point", "coordinates": [ 135.574343300000038, 34.66173340000001 ] } },
{ "type": "Feature", "properties": { "内容": "訪問ステーションてとてと東大阪【訪問看護】大阪府東大阪市荒川2丁目24-8俊徳道駅前ビル202号", "url": "https://www.kaigokensaku.mhlw.go.jp/27/index.php?action_kouhyou_detail_004_kani=true&JigyosyoCd=2765090945-00&ServiceCd=130&Type=search", "url2": "http://tetote.to/office/higashiosaka/" }, "geometry": { "type": "Point", "coordinates": [ 135.571043300000042, 34.658693 ] } },
{ "type": "Feature", "properties": { "内容": "東大阪市荒本平和診療所【訪問看護】東大阪市荒本2丁目6番21号", "url": "https://www.kaigokensaku.mhlw.go.jp/27/index.php?action_kouhyou_detail_004_kani=true&JigyosyoCd=2715005357-00&ServiceCd=130&Type=search", "url2": "http://aramotoheiwa.com" }, "geometry": { "type": "Point", "coordinates": [ 135.602117799999974, 34.6745029 ] } },
{ "type": "Feature", "properties": { "内容": "アニモ訪問看護ステーション【訪問看護】大阪府東大阪市瓜生堂一丁目１６番３１号", "url": "https://www.kaigokensaku.mhlw.go.jp/27/index.php?action_kouhyou_detail_004_kani=true&JigyosyoCd=2765091497-00&ServiceCd=130&Type=search", "url2": null }, "geometry": { "type": "Point", "coordinates": [ 135.6020393, 34.6630086 ] } },
{ "type": "Feature", "properties": { "内容": "医療法人純輝会　酒井医院【訪問看護】大阪府東大阪市菱屋西２丁目7-16", "url": "https://www.kaigokensaku.mhlw.go.jp/27/index.php?action_kouhyou_detail_004_kani=true&JigyosyoCd=2715010605-00&ServiceCd=130&Type=search", "url2": "http://www.sakai-medical-clinic.com" }, "geometry": { "type": "Point", "coordinates": [ 135.5780595, 34.6520216 ] } },
{ "type": "Feature", "properties": { "内容": "訪問看護ステーションみらい東大阪【訪問看護】大阪府東大阪市御厨東2-11-38", "url": "https://www.kaigokensaku.mhlw.go.jp/27/index.php?action_kouhyou_detail_004_kani=true&JigyosyoCd=2765091240-00&ServiceCd=130&Type=search", "url2": null }, "geometry": { "type": "Point", "coordinates": [ 135.595498899999939, 34.6690131 ] } },
{ "type": "Feature", "properties": { "内容": "コンパス訪問看護花園ステーション【訪問看護】大阪府東大阪市玉串町西3－1第7号棟101号室", "url": "https://www.kaigokensaku.mhlw.go.jp/27/index.php?action_kouhyou_detail_004_kani=true&JigyosyoCd=2765091695-00&ServiceCd=130&Type=search", "url2": "https://keigo-group.co.jp/shop/osakafu/2891_02/" }, "geometry": { "type": "Point", "coordinates": [ 135.615204672056223, 34.651352115798687 ] } },
{ "type": "Feature", "properties": { "内容": "訪問看護ステーションありく布施【訪問看護】大阪府東大阪市荒川1丁目16-10リバーライズ布施Ⅱ104号", "url": "https://www.kaigokensaku.mhlw.go.jp/27/index.php?action_kouhyou_detail_004_kani=true&JigyosyoCd=2765091547-00&ServiceCd=130&Type=search", "url2": "http://www.fkmedica.co.jp/office/" }, "geometry": { "type": "Point", "coordinates": [ 135.56955830000004, 34.6608348 ] } },
{ "type": "Feature", "properties": { "内容": "ここよか訪問看護ステーション【訪問看護】大阪府東大阪市桜町4番3号", "url": "https://www.kaigokensaku.mhlw.go.jp/27/index.php?action_kouhyou_detail_004_kani=true&JigyosyoCd=2765091455-00&ServiceCd=130&Type=search", "url2": "https://www.cocoyocahoukan.com/" }, "geometry": { "type": "Point", "coordinates": [ 135.634121551750127, 34.665391355491046 ] } },
{ "type": "Feature", "properties": { "内容": "IKOI訪問看護ステーション東大阪【訪問看護】大阪府東大阪市柏田東町2-34", "url": "https://www.kaigokensaku.mhlw.go.jp/27/index.php?action_kouhyou_detail_004_kani=true&JigyosyoCd=2765091760-00&ServiceCd=130&Type=search", "url2": null }, "geometry": { "type": "Point", "coordinates": [ 135.574071064418035, 34.64800934651057 ] } },
{ "type": "Feature", "properties": { "内容": "りゅうじん訪問看護ステーション東大阪【訪問看護】大阪府東大阪市小阪本町1丁目7番23号コーポラス小阪202号室", "url": "https://www.kaigokensaku.mhlw.go.jp/27/index.php?action_kouhyou_detail_004_kani=true&JigyosyoCd=2765091398-00&ServiceCd=130&Type=search", "url2": "https://www.ryujin-ns.com" }, "geometry": { "type": "Point", "coordinates": [ 135.5843197, 34.6627957 ] } },
{ "type": "Feature", "properties": { "内容": "ウィズユー訪問看護ステーション【訪問看護】大阪府東大阪市川俣1-1-8藤田ビル2Ｆ", "url": "https://www.kaigokensaku.mhlw.go.jp/27/index.php?action_kouhyou_detail_004_kani=true&JigyosyoCd=2765090408-00&ServiceCd=130&Type=search", "url2": null }, "geometry": { "type": "Point", "coordinates": [ 135.575537, 34.6814794 ] } },
{ "type": "Feature", "properties": { "内容": "ココロヘ株式会社訪問看護ステーションこころへ【訪問看護】大阪府東大阪市永和1丁目4-1レジデンス永和104", "url": "https://www.kaigokensaku.mhlw.go.jp/27/index.php?action_kouhyou_detail_004_kani=true&JigyosyoCd=2765092065-00&ServiceCd=130&Type=search", "url2": "https://www.kokorohe-visit-nursing.jp/" }, "geometry": { "type": "Point", "coordinates": [ 135.572733719049069, 34.663529607567106 ] } },
{ "type": "Feature", "properties": { "内容": "ユニケア訪問看護ステーション東大阪【訪問看護】大阪府東大阪市荒本新町3番4号セイコービル202号", "url": "https://www.kaigokensaku.mhlw.go.jp/27/index.php?action_kouhyou_detail_004_kani=true&JigyosyoCd=2765092115-00&ServiceCd=130&Type=search", "url2": "https://unit-care.co.jp/index.html" }, "geometry": { "type": "Point", "coordinates": [ 135.6060474, 34.6775205 ] } },
{ "type": "Feature", "properties": { "内容": "アーネスト訪問看護ステーション【訪問看護】大阪府東大阪市吉田7-8-43シャトー西村211", "url": "https://www.kaigokensaku.mhlw.go.jp/27/index.php?action_kouhyou_detail_004_kani=true&JigyosyoCd=2765092099-00&ServiceCd=130&Type=search", "url2": null }, "geometry": { "type": "Point", "coordinates": [ 135.629156, 34.665875 ] } },
{ "type": "Feature", "properties": { "内容": "訪問看護ステーショントレイル【訪問看護】大阪府東大阪市新家2-10-21", "url": "https://www.kaigokensaku.mhlw.go.jp/27/index.php?action_kouhyou_detail_004_kani=true&JigyosyoCd=2765091307-00&ServiceCd=130&Type=search", "url2": "https://www.trailhome-jonoclinic.com/" }, "geometry": { "type": "Point", "coordinates": [ 135.593478800000014, 34.6727222 ] } },
{ "type": "Feature", "properties": { "内容": "医療法人中道会　訪問看護ステーションひかり【訪問看護】大阪府東大阪市稲葉3-11-10ピアザ花園4階", "url": "https://www.kaigokensaku.mhlw.go.jp/27/index.php?action_kouhyou_detail_004_kani=true&JigyosyoCd=2765091778-00&ServiceCd=130&Type=search", "url2": null }, "geometry": { "type": "Point", "coordinates": [ 135.6167001, 34.6637612 ] } },
{ "type": "Feature", "properties": { "内容": "ＭＥＲＵ訪問看護ステーション【訪問看護】大阪府東大阪市足代３ー１１－１３シャーメゾン足代３０２", "url": "https://www.kaigokensaku.mhlw.go.jp/27/index.php?action_kouhyou_detail_004_kani=true&JigyosyoCd=2765091836-00&ServiceCd=130&Type=search", "url2": "https://meru-houkan.com/" }, "geometry": { "type": "Point", "coordinates": [ 135.566150791315778, 34.661419192322512 ] } },
{ "type": "Feature", "properties": { "内容": "訪問看護ステーションなごみ【訪問看護】大阪府東大阪市中小阪1-15-5", "url": "https://www.kaigokensaku.mhlw.go.jp/27/index.php?action_kouhyou_detail_004_kani=true&JigyosyoCd=2765091158-00&ServiceCd=130&Type=search", "url2": "https://websitedev-nh.github.io/nagomi/" }, "geometry": { "type": "Point", "coordinates": [ 135.5842375, 34.659356500000023 ] } },
{ "type": "Feature", "properties": { "内容": "リリィ訪問看護ステーション【訪問看護】大阪府東大阪市御幸町7番9号コートヴィレッジ清水202号", "url": "https://www.kaigokensaku.mhlw.go.jp/27/index.php?action_kouhyou_detail_004_kani=true&JigyosyoCd=2765091364-00&ServiceCd=130&Type=search", "url2": null }, "geometry": { "type": "Point", "coordinates": [ 135.637399499999987, 34.6581887 ] } },
{ "type": "Feature", "properties": { "内容": "そらいろ訪問看護ステーション【訪問看護】大阪府東大阪市太平寺1丁目3番4号", "url": "https://www.kaigokensaku.mhlw.go.jp/27/index.php?action_kouhyou_detail_004_kani=true&JigyosyoCd=2765091646-00&ServiceCd=130&Type=search", "url2": null }, "geometry": { "type": "Point", "coordinates": [ 135.568971003704831, 34.656333947386031 ] } },
{ "type": "Feature", "properties": { "内容": "訪問看護ステーション　スマイルケア【訪問看護】大阪府東大阪市下小阪五丁目1番21号", "url": "https://www.kaigokensaku.mhlw.go.jp/27/index.php?action_kouhyou_detail_004_kani=true&JigyosyoCd=2765091141-00&ServiceCd=130&Type=search", "url2": null }, "geometry": { "type": "Point", "coordinates": [ 135.590004099999987, 34.6632652 ] } },
{ "type": "Feature", "properties": { "内容": "訪問看護ステーションさくらの樹　東大阪【訪問看護】大阪府東大阪市鴻池本町1番31号鴻池ビル3階11号室", "url": "https://www.kaigokensaku.mhlw.go.jp/27/index.php?action_kouhyou_detail_004_kani=true&JigyosyoCd=2765091752-00&ServiceCd=130&Type=search", "url2": "https://plusd.jp/company" }, "geometry": { "type": "Point", "coordinates": [ 135.598542942327896, 34.699135955581966 ] } },
{ "type": "Feature", "properties": { "内容": "訪問看護ステーションれんげ【訪問看護】大阪府東大阪市瓜生堂1丁目20番13号エステートピア安田Ⅰー103", "url": "https://www.kaigokensaku.mhlw.go.jp/27/index.php?action_kouhyou_detail_004_kani=true&JigyosyoCd=2765091596-00&ServiceCd=130&Type=search", "url2": "http://furestep.com" }, "geometry": { "type": "Point", "coordinates": [ 135.60495610000001, 34.6627065 ] } },
{ "type": "Feature", "properties": { "内容": "訪問看護ステーション　ナーシングサポート　やまと【訪問看護】大阪府東大阪市瓜生堂1丁目5-28ＹＳビル　2Ｆ", "url": "https://www.kaigokensaku.mhlw.go.jp/27/index.php?action_kouhyou_detail_004_kani=true&JigyosyoCd=2765091828-00&ServiceCd=130&Type=search", "url2": "http://www.n-yamato.info/" }, "geometry": { "type": "Point", "coordinates": [ 135.605046900000019, 34.6624902 ] } },
{ "type": "Feature", "properties": { "内容": "訪問看護ステーションShin【訪問看護】大阪府東大阪市衣摺5-19-374階", "url": "https://www.kaigokensaku.mhlw.go.jp/27/index.php?action_kouhyou_detail_004_kani=true&JigyosyoCd=2765091687-00&ServiceCd=130&Type=search", "url2": null }, "geometry": { "type": "Point", "coordinates": [ 135.5705255, 34.6394006 ] } },
{ "type": "Feature", "properties": { "内容": "訪問看護ステーション　ゆいまーる【訪問看護】俊徳町4丁目6番5号", "url": "https://www.kaigokensaku.mhlw.go.jp/27/index.php?action_kouhyou_detail_004_kani=true&JigyosyoCd=2765091810-00&ServiceCd=130&Type=search", "url2": null }, "geometry": { "type": "Point", "coordinates": [ 135.5721625, 34.6543453 ] } },
{ "type": "Feature", "properties": { "内容": "訪問看護ステーションリール【訪問看護】大阪府東大阪市南上小阪1-42リバティーベル1F", "url": "https://www.kaigokensaku.mhlw.go.jp/27/index.php?action_kouhyou_detail_004_kani=true&JigyosyoCd=2765090887-00&ServiceCd=130&Type=search", "url2": "http://www.houkan-ri-ru.com" }, "geometry": { "type": "Point", "coordinates": [ 135.590574246806682, 34.647698356914098 ] } },
{ "type": "Feature", "properties": { "内容": "訪問看護ステーションにこ【訪問看護】大阪府東大阪市金岡３丁目24-11", "url": "https://www.kaigokensaku.mhlw.go.jp/27/index.php?action_kouhyou_detail_004_kani=true&JigyosyoCd=2765090556-00&ServiceCd=130&Type=search", "url2": "https://nico-kangost.com" }, "geometry": { "type": "Point", "coordinates": [ 135.584506961763026, 34.636584630147915 ] } },
{ "type": "Feature", "properties": { "内容": "リハビリ訪問看護ステーション東大阪【訪問看護】大阪府東大阪市長田東３－５－１９永井ビル４０２号室", "url": "https://www.kaigokensaku.mhlw.go.jp/27/index.php?action_kouhyou_detail_004_kani=true&JigyosyoCd=2765090481-00&ServiceCd=130&Type=search", "url2": "http://rehaplanning.com/" }, "geometry": { "type": "Point", "coordinates": [ 135.595565599999986, 34.6809854 ] } },
{ "type": "Feature", "properties": { "内容": "訪問看護ステーション　優しい笑顔【訪問看護】大阪府東大阪市衣摺4丁目5番3号", "url": "https://www.kaigokensaku.mhlw.go.jp/27/index.php?action_kouhyou_detail_004_kani=true&JigyosyoCd=2765091802-00&ServiceCd=130&Type=search", "url2": "https://r.goope.jp/houmonkango/" }, "geometry": { "type": "Point", "coordinates": [ 135.582965900000033, 34.6404964 ] } },
{ "type": "Feature", "properties": { "内容": "カエデ訪問看護ステーション【訪問看護】大阪府東大阪市高井田西6丁目5番26号タカイダ西ハイツ103", "url": "https://www.kaigokensaku.mhlw.go.jp/27/index.php?action_kouhyou_detail_004_kani=true&JigyosyoCd=2765091679-00&ServiceCd=130&Type=search", "url2": "http://kaede-nurse-station.com" }, "geometry": { "type": "Point", "coordinates": [ 135.566460799999987, 34.679582500000024 ] } },
{ "type": "Feature", "properties": { "内容": "レーベンズポルト診療所【訪問看護】大阪府東大阪市長栄寺21-24", "url": "https://www.kaigokensaku.mhlw.go.jp/27/index.php?action_kouhyou_detail_004_kani=true&JigyosyoCd=2715009698-00&ServiceCd=130&Type=search", "url2": "https://www.jueikai.or.jp/" }, "geometry": { "type": "Point", "coordinates": [ 135.571698500000025, 34.6684559 ] } },
{ "type": "Feature", "properties": { "内容": "訪問看護ステーションふろーる【訪問看護】大阪府東大阪市足代3丁目１－７布施南ビル3階", "url": "https://www.kaigokensaku.mhlw.go.jp/27/index.php?action_kouhyou_detail_004_kani=true&JigyosyoCd=2765090382-00&ServiceCd=130&Type=search", "url2": "http://oracion-osaka.com/wp/" }, "geometry": { "type": "Point", "coordinates": [ 135.5657658, 34.6636645 ] } },
{ "type": "Feature", "properties": { "内容": "訪問看護ステーションフェリシア【訪問看護】大阪府東大阪市長堂3-20-10サンパレス布施１階", "url": "https://www.kaigokensaku.mhlw.go.jp/27/index.php?action_kouhyou_detail_004_kani=true&JigyosyoCd=2765092206-00&ServiceCd=130&Type=search", "url2": null }, "geometry": { "type": "Point", "coordinates": [ 135.5669316, 34.6681798 ] } },
{ "type": "Feature", "properties": { "内容": "訪問看護ステーションMAHALO【訪問看護】大阪府東大阪市吉田7－6－2絹笠ハイツ103号", "url": "https://www.kaigokensaku.mhlw.go.jp/27/index.php?action_kouhyou_detail_004_kani=true&JigyosyoCd=2765092180-00&ServiceCd=130&Type=search", "url2": "http://honu.monster/mahalo/" }, "geometry": { "type": "Point", "coordinates": [ 135.627102400000012, 34.6650556 ] } },
{ "type": "Feature", "properties": { "内容": "トライズ訪問看護ステーション【訪問看護】大阪府東大阪市菱屋東2-4-21相栄ロイヤルビル604号", "url": "https://www.kaigokensaku.mhlw.go.jp/27/index.php?action_kouhyou_detail_004_kani=true&JigyosyoCd=2765092172-00&ServiceCd=130&Type=search", "url2": "https://www.ts-tryz.jp/" }, "geometry": { "type": "Point", "coordinates": [ 135.6094584, 34.669217800000034 ] } },
{ "type": "Feature", "properties": { "内容": "ナーシングケアまんぷく訪問看護ステーション【訪問看護】大阪府東大阪市西堤本通東1丁目1-1東大阪大発ビル515", "url": "https://www.kaigokensaku.mhlw.go.jp/27/index.php?action_kouhyou_detail_004_kani=true&JigyosyoCd=2765092214-00&ServiceCd=130&Type=search", "url2": null }, "geometry": { "type": "Point", "coordinates": [ 135.579889799999989, 34.670014 ] } },
{ "type": "Feature", "properties": { "内容": "サンウェルズ東大阪訪問看護ステーション【訪問看護】大阪府東大阪市西堤本通西1丁目3番42号", "url": "https://www.kaigokensaku.mhlw.go.jp/27/index.php?action_kouhyou_detail_004_kani=true&JigyosyoCd=2765092248-00&ServiceCd=130&Type=search", "url2": "https://sunwels.jp/pdh/facility/pdhouse-higashiosaka/" }, "geometry": { "type": "Point", "coordinates": [ 135.5785124, 34.6702689 ] } },
{ "type": "Feature", "properties": { "内容": "サンウェルズ東大阪２号館訪問看護ステーション【訪問看護】大阪府東大阪市衣摺四丁目10番30号", "url": "https://www.kaigokensaku.mhlw.go.jp/27/index.php?action_kouhyou_detail_004_kani=true&JigyosyoCd=2765092255-00&ServiceCd=130&Type=search", "url2": "https://sunwels.jp/" }, "geometry": { "type": "Point", "coordinates": [ 135.575293, 34.6388209 ] } },
{ "type": "Feature", "properties": { "内容": "訪問看護ステーションオレンジツリー【訪問看護】大阪府東大阪市荒本北2-2-37ハイムリップルパートⅤ５０３号", "url": "https://www.kaigokensaku.mhlw.go.jp/27/index.php?action_kouhyou_detail_004_kani=true&JigyosyoCd=2765091562-00&ServiceCd=130&Type=search", "url2": "https://houkan-orange.com/" }, "geometry": { "type": "Point", "coordinates": [ 135.603183300000012, 34.680195 ] } },
{ "type": "Feature", "properties": { "内容": "社会医療法人若弘会　わかくさ老人訪問看護ステーション【訪問看護】大阪府東大阪市神田町15番18号", "url": "https://www.kaigokensaku.mhlw.go.jp/27/index.php?action_kouhyou_detail_004_kani=true&JigyosyoCd=2765090010-00&ServiceCd=130&Type=search", "url2": "http://www.wakakoukai.or.jp" }, "geometry": { "type": "Point", "coordinates": [ 135.635640435929076, 34.661796739434422 ] } },
{ "type": "Feature", "properties": { "内容": "訪問看護ステーション　和らく【訪問看護】大阪府東大阪市吉田6-1-6東花園ＰＪ　202", "url": "https://www.kaigokensaku.mhlw.go.jp/27/index.php?action_kouhyou_detail_004_kani=true&JigyosyoCd=2765091877-00&ServiceCd=130&Type=search", "url2": null }, "geometry": { "type": "Point", "coordinates": [ 135.624864635581929, 34.662949667500094 ] } },
{ "type": "Feature", "properties": { "内容": "訪問看護ステーションsun【訪問看護】大阪府東大阪市西堤楠町3-6-6", "url": "https://www.kaigokensaku.mhlw.go.jp/27/index.php?action_kouhyou_detail_004_kani=true&JigyosyoCd=2765091885-00&ServiceCd=130&Type=search", "url2": null }, "geometry": { "type": "Point", "coordinates": [ 135.574917, 34.6767916 ] } },
{ "type": "Feature", "properties": { "内容": "カリタス訪問看護ステーション【訪問看護】東大阪市六万寺町2－4－10", "url": "https://www.kaigokensaku.mhlw.go.jp/27/index.php?action_kouhyou_detail_004_kani=true&JigyosyoCd=2765090473-00&ServiceCd=130&Type=search", "url2": null }, "geometry": { "type": "Point", "coordinates": [ 135.640973300000041, 34.6526141 ] } },
{ "type": "Feature", "properties": { "内容": "訪問看護ステーションふたば【訪問看護】大阪府東大阪市瓜生堂２丁目２３ー２甲南メゾンベール1階北", "url": "https://www.kaigokensaku.mhlw.go.jp/27/index.php?action_kouhyou_detail_004_kani=true&JigyosyoCd=2765091703-00&ServiceCd=130&Type=search", "url2": "http://www.houkan-futaba.com" }, "geometry": { "type": "Point", "coordinates": [ 135.605164596061257, 34.66149966517559 ] } },
{ "type": "Feature", "properties": { "内容": "ふるら訪問看護ステーション【訪問看護】大阪府東大阪市水走３丁目６番１号１階B号室", "url": "https://www.kaigokensaku.mhlw.go.jp/27/index.php?action_kouhyou_detail_004_kani=true&JigyosyoCd=2765091182-00&ServiceCd=130&Type=search", "url2": "http://fluitful-life-nursing.com" }, "geometry": { "type": "Point", "coordinates": [ 135.628894700000046, 34.6813333 ] } },
{ "type": "Feature", "properties": { "内容": "訪問看護ステーション都【訪問看護】大阪府東大阪市東山町4-13OHSBuild新石切2F", "url": "https://www.kaigokensaku.mhlw.go.jp/27/index.php?action_kouhyou_detail_004_kani=true&JigyosyoCd=2765091984-00&ServiceCd=130&Type=search", "url2": null }, "geometry": { "type": "Point", "coordinates": [ 135.642225323278808, 34.679637771166568 ] } },
{ "type": "Feature", "properties": { "内容": "らいふる訪問看護ステーション東大阪【訪問看護】大阪府東大阪市西堤本通西3丁目1番26号ラ・フォーレ西堤　1階北", "url": "https://www.kaigokensaku.mhlw.go.jp/27/index.php?action_kouhyou_detail_004_kani=true&JigyosyoCd=2765091893-00&ServiceCd=130&Type=search", "url2": "https://lifull-houkan.com/" }, "geometry": { "type": "Point", "coordinates": [ 135.578833099999969, 34.674762800000018 ] } },
{ "type": "Feature", "properties": { "内容": "医療福祉生協おおさか　訪問看護ステーションかわち野【訪問看護】大阪府東大阪市長瀬町1丁目6番15号", "url": "https://www.kaigokensaku.mhlw.go.jp/27/index.php?action_kouhyou_detail_004_kani=true&JigyosyoCd=2765090135-00&ServiceCd=130&Type=search", "url2": "https://higasiosaka-hp.com/higasiosaka/care/station" }, "geometry": { "type": "Point", "coordinates": [ 135.57595048266441, 34.651147175114886 ] } },
{ "type": "Feature", "properties": { "内容": "訪問看護ステーションかんな【訪問看護】大阪府東大阪市新鴻池町15-17", "url": "https://www.kaigokensaku.mhlw.go.jp/27/index.php?action_kouhyou_detail_004_kani=true&JigyosyoCd=2765092263-00&ServiceCd=130&Type=search", "url2": "https://www.neolinks.co.jp/" }, "geometry": { "type": "Point", "coordinates": [ 135.611227498147571, 34.691290445351818 ] } },
{ "type": "Feature", "properties": { "内容": "合同会社グロウス　アシストリンク訪問看護ステーション【訪問看護】大阪府東大阪市俊徳町4-10-21-105", "url": "https://www.kaigokensaku.mhlw.go.jp/27/index.php?action_kouhyou_detail_004_kani=true&JigyosyoCd=2765092198-00&ServiceCd=130&Type=search", "url2": null }, "geometry": { "type": "Point", "coordinates": [ 135.571199299999989, 34.6551359 ] } },
{ "type": "Feature", "properties": { "内容": "訪問看護ステーションちいむ【訪問看護】大阪府東大阪市菱屋西１－９－５", "url": "https://www.kaigokensaku.mhlw.go.jp/27/index.php?action_kouhyou_detail_004_kani=true&JigyosyoCd=2765092289-00&ServiceCd=130&Type=search", "url2": null }, "geometry": { "type": "Point", "coordinates": [ 135.5800372, 34.654345900000017 ] } },
{ "type": "Feature", "properties": { "内容": "訪問看護ステーションみやび【訪問看護】大阪府東大阪市小若江2-14-10岡本文化104", "url": "https://www.kaigokensaku.mhlw.go.jp/27/index.php?action_kouhyou_detail_004_kani=true&JigyosyoCd=2765092222-00&ServiceCd=130&Type=search", "url2": null }, "geometry": { "type": "Point", "coordinates": [ 135.584952200000032, 34.6481189 ] } },
{ "type": "Feature", "properties": { "内容": "ONE'S訪問看護ステーション【訪問看護】大阪府東大阪市菱屋東1-8-2B号", "url": "https://www.kaigokensaku.mhlw.go.jp/27/index.php?action_kouhyou_detail_004_kani=true&JigyosyoCd=2765092271-00&ServiceCd=130&Type=search", "url2": "https://ones-kango.com" }, "geometry": { "type": "Point", "coordinates": [ 135.6132595, 34.6657877 ] } },
{ "type": "Feature", "properties": { "内容": "訪問看護ステーション　まつ【訪問看護】大阪府東大阪市西石切町5-5-15", "url": "https://www.kaigokensaku.mhlw.go.jp/27/index.php?action_kouhyou_detail_004_kani=true&JigyosyoCd=2765091950-00&ServiceCd=130&Type=search", "url2": null }, "geometry": { "type": "Point", "coordinates": [ 135.6378762, 34.6804689 ] } },
{ "type": "Feature", "properties": { "内容": "訪問看護ステーションACCORD泉南【訪問看護】大阪府泉南市信達大苗代22マンションぴゅあ205", "url": "https://www.kaigokensaku.mhlw.go.jp/27/index.php?action_kouhyou_detail_004_kani=true&JigyosyoCd=2765690165-00&ServiceCd=130&Type=search", "url2": null }, "geometry": { "type": "Point", "coordinates": [ 135.292834, 34.3685729 ] } },
{ "type": "Feature", "properties": { "内容": "訪問看護ステーションnet【訪問看護】大阪府泉南市樽井2－22－13コンコルドビル302", "url": "https://www.kaigokensaku.mhlw.go.jp/27/index.php?action_kouhyou_detail_004_kani=true&JigyosyoCd=2765690173-00&ServiceCd=130&Type=search", "url2": null }, "geometry": { "type": "Point", "coordinates": [ 135.2711447, 34.3659163 ] } },
{ "type": "Feature", "properties": { "内容": "訪問看護ステーション晴愛【訪問看護】大阪府泉南市新家3469番地6", "url": "https://www.kaigokensaku.mhlw.go.jp/27/index.php?action_kouhyou_detail_004_kani=true&JigyosyoCd=2765690090-00&ServiceCd=130&Type=search", "url2": null }, "geometry": { "type": "Point", "coordinates": [ 135.298236666479653, 34.374892019873535 ] } },
{ "type": "Feature", "properties": { "内容": "訪問看護　ふくはち【訪問看護】大阪府泉南市信達大苗代765番地", "url": "https://www.kaigokensaku.mhlw.go.jp/27/index.php?action_kouhyou_detail_004_kani=true&JigyosyoCd=2765690157-00&ServiceCd=130&Type=search", "url2": "https://huku-8.net/" }, "geometry": { "type": "Point", "coordinates": [ 135.282936299999989, 34.3729641 ] } },
{ "type": "Feature", "properties": { "内容": "みどり訪問看護ステーション【訪問看護】大阪府泉南市男里7丁目11番8号", "url": "https://www.kaigokensaku.mhlw.go.jp/27/index.php?action_kouhyou_detail_004_kani=true&JigyosyoCd=2765690082-00&ServiceCd=130&Type=search", "url2": "https://hospitality-midori.jp/" }, "geometry": { "type": "Point", "coordinates": [ 135.256151231069452, 34.37336322674664 ] } },
{ "type": "Feature", "properties": { "内容": "訪問看護ステーション希望【訪問看護】大阪府泉南市樽井１－６－３", "url": "https://www.kaigokensaku.mhlw.go.jp/27/index.php?action_kouhyou_detail_004_kani=true&JigyosyoCd=2765690025-00&ServiceCd=130&Type=search", "url2": "http://www.nogami.or.jp" }, "geometry": { "type": "Point", "coordinates": [ 135.271631750595134, 34.367919734846922 ] } },
{ "type": "Feature", "properties": { "内容": "大阪府済生会泉南訪問看護ステーション【訪問看護】大阪府泉南市りんくう南浜3番7", "url": "https://www.kaigokensaku.mhlw.go.jp/27/index.php?action_kouhyou_detail_004_kani=true&JigyosyoCd=2765690041-00&ServiceCd=130&Type=search", "url2": "http://www.saiseikaisennan.jp" }, "geometry": { "type": "Point", "coordinates": [ 135.26463960000001, 34.3794086 ] } },
{ "type": "Feature", "properties": { "内容": "みらい訪問看護ステーション【訪問看護】大阪府泉南市樽井5丁目39番地3号", "url": "https://www.kaigokensaku.mhlw.go.jp/27/index.php?action_kouhyou_detail_004_kani=true&JigyosyoCd=2765690066-00&ServiceCd=130&Type=search", "url2": "http://help-mirai.jp/" }, "geometry": { "type": "Point", "coordinates": [ 135.260643442327847, 34.373319521323793 ] } },
{ "type": "Feature", "properties": { "内容": "訪問看護ステーションキャロット【訪問看護】大阪府泉南市新家２７７６番地", "url": "https://www.kaigokensaku.mhlw.go.jp/27/index.php?action_kouhyou_detail_004_kani=true&JigyosyoCd=2765690017-00&ServiceCd=130&Type=search", "url2": null }, "geometry": { "type": "Point", "coordinates": [ 135.3077227, 34.3673305 ] } },
{ "type": "Feature", "properties": { "内容": "ぴゅあはーと訪問看護ステーション【訪問看護】大阪府泉南市信達市場1589番地の6", "url": "https://www.kaigokensaku.mhlw.go.jp/27/index.php?action_kouhyou_detail_004_kani=true&JigyosyoCd=2765690132-00&ServiceCd=130&Type=search", "url2": "http://hp.kaipoke.biz/muv/index.html" }, "geometry": { "type": "Point", "coordinates": [ 135.2760184, 34.367470300000015 ] } },
{ "type": "Feature", "properties": { "内容": "あさひ訪問看護リハビリテーション【訪問看護】大阪府泉南市樽井4丁目6-46", "url": "https://www.kaigokensaku.mhlw.go.jp/27/index.php?action_kouhyou_detail_004_kani=true&JigyosyoCd=2765690124-00&ServiceCd=130&Type=search", "url2": "https://www.asahi-hanamaru.com" }, "geometry": { "type": "Point", "coordinates": [ 135.2590727, 34.3661666 ] } },
{ "type": "Feature", "properties": { "内容": "訪問看護ステーション　キラボシ【訪問看護】大阪府阪南市黒田21-2グローバルNADA　101号", "url": "https://www.kaigokensaku.mhlw.go.jp/27/index.php?action_kouhyou_detail_004_kani=true&JigyosyoCd=2769590213-00&ServiceCd=130&Type=search", "url2": "https://kiraboshi-tric.com/" }, "geometry": { "type": "Point", "coordinates": [ 135.239729399999987, 34.3570606 ] } },
{ "type": "Feature", "properties": { "内容": "訪問看護ステーション太陽【訪問看護】大阪府泉南市信達大苗代660-1グランドソレーユ泉南2FA号", "url": "https://www.kaigokensaku.mhlw.go.jp/27/index.php?action_kouhyou_detail_004_kani=true&JigyosyoCd=2765690140-00&ServiceCd=130&Type=search", "url2": "https://hinata-shiawase.jp/" }, "geometry": { "type": "Point", "coordinates": [ 135.284615699999989, 34.3767901 ] } },
{ "type": "Feature", "properties": { "内容": "笑みくる訪問看護ステーション【訪問看護】大阪府泉南市樽井2丁目２２－３６サニーガーデン２０１", "url": "https://www.kaigokensaku.mhlw.go.jp/27/index.php?action_kouhyou_detail_004_kani=true&JigyosyoCd=2765690108-00&ServiceCd=130&Type=search", "url2": "https://e-mycrew.com/" }, "geometry": { "type": "Point", "coordinates": [ 135.27172122209015, 34.366570353465704 ] } },
{ "type": "Feature", "properties": { "内容": "四條畷バーム訪問看護ステーション【訪問看護】大阪府四條畷市南野五丁目３番２９号", "url": "https://www.kaigokensaku.mhlw.go.jp/27/index.php?action_kouhyou_detail_004_kani=true&JigyosyoCd=2765790114-00&ServiceCd=130&Type=search", "url2": "https://k-houmonkango.com/" }, "geometry": { "type": "Point", "coordinates": [ 135.642726716624651, 34.736608421600792 ] } },
{ "type": "Feature", "properties": { "内容": "訪問看護ステーション　カインドナース【訪問看護】大阪府四条畷市二丁通町19-27", "url": "https://www.kaigokensaku.mhlw.go.jp/27/index.php?action_kouhyou_detail_004_kani=true&JigyosyoCd=2765790148-00&ServiceCd=130&Type=search", "url2": null }, "geometry": { "type": "Point", "coordinates": [ 135.6271762, 34.73591039999998 ] } },
{ "type": "Feature", "properties": { "内容": "そらつき訪問看護ステーション【訪問看護】大阪府四條畷市南野1丁目6番29号レオコーポ畷102", "url": "https://www.kaigokensaku.mhlw.go.jp/27/index.php?action_kouhyou_detail_004_kani=true&JigyosyoCd=2765790122-00&ServiceCd=130&Type=search", "url2": "https://www.soratukihoumonkango.com" }, "geometry": { "type": "Point", "coordinates": [ 135.641918522090151, 34.733085568068915 ] } },
{ "type": "Feature", "properties": { "内容": "訪問看護ステーションひだまり【訪問看護】大阪府四條畷市清瀧49-2", "url": "https://www.kaigokensaku.mhlw.go.jp/27/index.php?action_kouhyou_detail_004_kani=true&JigyosyoCd=2765790064-00&ServiceCd=130&Type=search", "url2": "http://peraichi.com/landing_pages/view/houkanhidamari" }, "geometry": { "type": "Point", "coordinates": [ 135.6482723, 34.742694 ] } },
{ "type": "Feature", "properties": { "内容": "訪問看護ステーション輝き【訪問看護】大阪府四條畷市米崎町２０番３３号", "url": "https://www.kaigokensaku.mhlw.go.jp/27/index.php?action_kouhyou_detail_004_kani=true&JigyosyoCd=2765790049-00&ServiceCd=130&Type=search", "url2": "http://hp.kaipoke.biz/7n8/" }, "geometry": { "type": "Point", "coordinates": [ 135.639588639864542, 34.735340730953574 ] } },
{ "type": "Feature", "properties": { "内容": "社会医療法人信愛会　畷生会ふれあい訪問看護ステーション【訪問看護】大阪府四條畷市米崎町17－34", "url": "https://www.kaigokensaku.mhlw.go.jp/27/index.php?action_kouhyou_detail_004_kani=true&JigyosyoCd=2765790031-00&ServiceCd=130&Type=search", "url2": "http://www.tesseikai.jp/annai/houmonkango/" }, "geometry": { "type": "Point", "coordinates": [ 135.637585899999976, 34.7354688 ] } },
{ "type": "Feature", "properties": { "内容": "愛訪問看護ステーション【訪問看護】大阪府四條畷市北出町22-16", "url": "https://www.kaigokensaku.mhlw.go.jp/27/index.php?action_kouhyou_detail_004_kani=true&JigyosyoCd=2765790098-00&ServiceCd=130&Type=search", "url2": "https://www.nawatecare.jp/nurse/" }, "geometry": { "type": "Point", "coordinates": [ 135.62798380000001, 34.7362277 ] } },
{ "type": "Feature", "properties": { "内容": "訪問看護ステーションしん　畷【訪問看護】大阪府四條畷市岡山1丁目1番11号忍ケ丘駅前ビル101号", "url": "https://www.kaigokensaku.mhlw.go.jp/27/index.php?action_kouhyou_detail_004_kani=true&JigyosyoCd=2765790106-00&ServiceCd=130&Type=search", "url2": "https://nawate.shin3.co.jp/" }, "geometry": { "type": "Point", "coordinates": [ 135.643823800000064, 34.745029 ] } },
{ "type": "Feature", "properties": { "内容": "こぐま訪問看護ステーション【訪問看護】大阪府四條畷市南野1-1-26前川ハイツ204号室", "url": "https://www.kaigokensaku.mhlw.go.jp/27/index.php?action_kouhyou_detail_004_kani=true&JigyosyoCd=2765790171-00&ServiceCd=130&Type=search", "url2": "https://www.sogo-care.co.jp/company/" }, "geometry": { "type": "Point", "coordinates": [ 135.64202543617634, 34.734224959501198 ] } },
{ "type": "Feature", "properties": { "内容": "かなめ訪問看護ステーション【訪問看護】大阪府四條畷市田原台1丁目15番3号エトワール102号室", "url": "https://www.kaigokensaku.mhlw.go.jp/27/index.php?action_kouhyou_detail_004_kani=true&JigyosyoCd=2765790197-00&ServiceCd=130&Type=search", "url2": "https://www.kaname-ns.com" }, "geometry": { "type": "Point", "coordinates": [ 135.693224, 34.7313733 ] } },
{ "type": "Feature", "properties": { "内容": "BeYourself訪問看護ステーション【訪問看護】大阪府交野市私部西2-16-13第五カナモリマンション310号", "url": "https://www.kaigokensaku.mhlw.go.jp/27/index.php?action_kouhyou_detail_004_kani=true&JigyosyoCd=2763690134-00&ServiceCd=130&Type=search", "url2": "https://www.beyourselfhvn.com" }, "geometry": { "type": "Point", "coordinates": [ 135.675839700000012, 34.783572 ] } },
{ "type": "Feature", "properties": { "内容": "交野市医師会　訪問看護ステーション【訪問看護】大阪府交野市天野が原町五丁目5番1号交野市立健康増進センター3階", "url": "https://www.kaigokensaku.mhlw.go.jp/27/index.php?action_kouhyou_detail_004_kani=true&JigyosyoCd=2763690019-00&ServiceCd=130&Type=search", "url2": "http://www.katano-med.or.jp/" }, "geometry": { "type": "Point", "coordinates": [ 135.682092, 34.7757231 ] } },
{ "type": "Feature", "properties": { "内容": "フリージア訪問看護リハビリステーション【訪問看護】大阪府交野市星田1-27-1ルシール森田201", "url": "https://www.kaigokensaku.mhlw.go.jp/27/index.php?action_kouhyou_detail_004_kani=true&JigyosyoCd=2763690118-00&ServiceCd=130&Type=search", "url2": "https://arc-forlife.com/" }, "geometry": { "type": "Point", "coordinates": [ 135.670542, 34.76898 ] } },
{ "type": "Feature", "properties": { "内容": "訪問看護ステーションしん【訪問看護】大阪府交野市私部西一丁目11番地5号HIKO壱番館208号室", "url": "https://www.kaigokensaku.mhlw.go.jp/27/index.php?action_kouhyou_detail_004_kani=true&JigyosyoCd=2763690050-00&ServiceCd=130&Type=search", "url2": "https://shin3.co.jp/" }, "geometry": { "type": "Point", "coordinates": [ 135.674181492694487, 34.787742821843096 ] } },
{ "type": "Feature", "properties": { "内容": "社会医療法人信愛会　交野ふれあい訪問看護ステーション【訪問看護】大阪府交野市私部2丁目6番1号", "url": "https://www.kaigokensaku.mhlw.go.jp/27/index.php?action_kouhyou_detail_004_kani=true&JigyosyoCd=2763690027-00&ServiceCd=130&Type=search", "url2": "http://www.katano-hp.or.jp/" }, "geometry": { "type": "Point", "coordinates": [ 135.677175376219566, 34.787294432462403 ] } },
{ "type": "Feature", "properties": { "内容": "訪問看護ステーションつむぎ【訪問看護】大阪府交野市星田4-7-8センターアイランドN　301", "url": "https://www.kaigokensaku.mhlw.go.jp/27/index.php?action_kouhyou_detail_004_kani=true&JigyosyoCd=2763690092-00&ServiceCd=130&Type=search", "url2": "http://tumugi-houkan.com/" }, "geometry": { "type": "Point", "coordinates": [ 135.6668114, 34.765322599999983 ] } },
{ "type": "Feature", "properties": { "内容": "あおぞら訪問看護ステーション【訪問看護】大阪府交野市星田3丁目9-16", "url": "https://www.kaigokensaku.mhlw.go.jp/27/index.php?action_kouhyou_detail_004_kani=true&JigyosyoCd=2763690076-00&ServiceCd=130&Type=search", "url2": "http://aozora-houkan.com" }, "geometry": { "type": "Point", "coordinates": [ 135.671416739224526, 34.7640278000328 ] } },
{ "type": "Feature", "properties": { "内容": "リンク訪問看護ステーション狭山【訪問看護】大阪府大阪狭山市半田3丁目471-1", "url": "https://www.kaigokensaku.mhlw.go.jp/27/index.php?action_kouhyou_detail_004_kani=true&JigyosyoCd=2769390051-00&ServiceCd=130&Type=search", "url2": "https://www.healthcare-link.co.jp" }, "geometry": { "type": "Point", "coordinates": [ 135.553543058058153, 34.49134771912135 ] } },
{ "type": "Feature", "properties": { "内容": "子りす訪問看護ステーション【訪問看護】大阪府大阪狭山市東茱萸木四丁目１１２６", "url": "https://www.kaigokensaku.mhlw.go.jp/27/index.php?action_kouhyou_detail_004_kani=true&JigyosyoCd=2769390028-00&ServiceCd=130&Type=search", "url2": "http://www.hospital.kashimoto.or.jp" }, "geometry": { "type": "Point", "coordinates": [ 135.556117699999959, 34.483239500000018 ] } },
{ "type": "Feature", "properties": { "内容": "あおば訪問看護ステーション【訪問看護】大阪狭山市東池尻1丁目２１９８－１", "url": "https://www.kaigokensaku.mhlw.go.jp/27/index.php?action_kouhyou_detail_004_kani=true&JigyosyoCd=2769390077-00&ServiceCd=130&Type=search", "url2": "http://www.koshokai.or.jp/aobaoka/" }, "geometry": { "type": "Point", "coordinates": [ 135.558381300000065, 34.5073674 ] } },
{ "type": "Feature", "properties": { "内容": "医療法人正雅会つじもと訪問看護ステーション【訪問看護】大阪府大阪狭山市池之原2丁目1128番地の2", "url": "https://www.kaigokensaku.mhlw.go.jp/27/index.php?action_kouhyou_detail_004_kani=true&JigyosyoCd=2769390150-00&ServiceCd=130&Type=search", "url2": "https://www.seigakai.or.jp" }, "geometry": { "type": "Point", "coordinates": [ 135.546482207491437, 34.502473466274914 ] } },
{ "type": "Feature", "properties": { "内容": "歩夢訪問看護ステーション【訪問看護】大阪府大阪狭山市狭山２丁目９１６番", "url": "https://www.kaigokensaku.mhlw.go.jp/27/index.php?action_kouhyou_detail_004_kani=true&JigyosyoCd=2769390119-00&ServiceCd=130&Type=search", "url2": null }, "geometry": { "type": "Point", "coordinates": [ 135.5549943, 34.504686400000011 ] } },
{ "type": "Feature", "properties": { "内容": "スマイルさくら訪問看護ステーション【訪問看護】大阪府大阪狭山市半田５丁目1229番地の1", "url": "https://www.kaigokensaku.mhlw.go.jp/27/index.php?action_kouhyou_detail_004_kani=true&JigyosyoCd=2769390226-00&ServiceCd=130&Type=search", "url2": null }, "geometry": { "type": "Point", "coordinates": [ 135.553312286508202, 34.498061873569199 ] } },
{ "type": "Feature", "properties": { "内容": "訪問看護ステーション　ハート守【訪問看護】大阪府大阪狭山市池尻中1丁目18番27号（201号）（202号）", "url": "https://www.kaigokensaku.mhlw.go.jp/27/index.php?action_kouhyou_detail_004_kani=true&JigyosyoCd=2769390093-00&ServiceCd=130&Type=search", "url2": null }, "geometry": { "type": "Point", "coordinates": [ 135.548176414108298, 34.515551017670759 ] } },
{ "type": "Feature", "properties": { "内容": "さやまリハビリ訪問看護ステーション【訪問看護】大阪狭山市西山台３丁目５番１８号井上ビル2階", "url": "https://www.kaigokensaku.mhlw.go.jp/27/index.php?action_kouhyou_detail_004_kani=true&JigyosyoCd=2769390069-00&ServiceCd=130&Type=search", "url2": "http://sogoiryo-kikaku.com/" }, "geometry": { "type": "Point", "coordinates": [ 135.543641200000025, 34.4856263 ] } },
{ "type": "Feature", "properties": { "内容": "訪問看護ステーションビリーブ【訪問看護】大阪狭山市茱萸木6丁目808エムケイハイツ307", "url": "https://www.kaigokensaku.mhlw.go.jp/27/index.php?action_kouhyou_detail_004_kani=true&JigyosyoCd=2769390143-00&ServiceCd=130&Type=search", "url2": null }, "geometry": { "type": "Point", "coordinates": [ 135.551443100000029, 34.4857836 ] } },
{ "type": "Feature", "properties": { "内容": "訪問看護ステーション　パスレル【訪問看護】大阪府大阪狭山市半田一丁目649-1野村ビル201号室", "url": "https://www.kaigokensaku.mhlw.go.jp/27/index.php?action_kouhyou_detail_004_kani=true&JigyosyoCd=2769390242-00&ServiceCd=130&Type=search", "url2": "https://www.houmonnkanngo-pasureru.info/" }, "geometry": { "type": "Point", "coordinates": [ 135.5584483, 34.4967288 ] } },
{ "type": "Feature", "properties": { "内容": "訪問看護ステーションあらい【訪問看護】大阪府大阪狭山市茱萸木6-1933-2209号室", "url": "https://www.kaigokensaku.mhlw.go.jp/27/index.php?action_kouhyou_detail_004_kani=true&JigyosyoCd=2769390127-00&ServiceCd=130&Type=search", "url2": "https://www4.hp-ez.com/hp/nursearai" }, "geometry": { "type": "Point", "coordinates": [ 135.553973499999984, 34.4840366 ] } },
{ "type": "Feature", "properties": { "内容": "やすらぎの村　訪問看護ステーション狭山【訪問看護】大阪府大阪狭山市半田1-622-6キタバ薬局金剛西口店　3F", "url": "https://www.kaigokensaku.mhlw.go.jp/27/index.php?action_kouhyou_detail_004_kani=true&JigyosyoCd=2769390168-00&ServiceCd=130&Type=search", "url2": "http://www.inforlive.com" }, "geometry": { "type": "Point", "coordinates": [ 135.5590674, 34.4955715 ] } },
{ "type": "Feature", "properties": { "内容": "訪問看護ステーションこんごう【訪問看護】大阪府大阪狭山市大野西1237-1青地の館　看護室", "url": "https://www.kaigokensaku.mhlw.go.jp/27/index.php?action_kouhyou_detail_004_kani=true&JigyosyoCd=2769390200-00&ServiceCd=130&Type=search", "url2": null }, "geometry": { "type": "Point", "coordinates": [ 135.539121599999987, 34.4754831 ] } },
{ "type": "Feature", "properties": { "内容": "訪問看護ステーションりあん【訪問看護】大阪府大阪狭山市東池尻5丁目1486-2B101号", "url": "https://www.kaigokensaku.mhlw.go.jp/27/index.php?action_kouhyou_detail_004_kani=true&JigyosyoCd=2769390135-00&ServiceCd=130&Type=search", "url2": null }, "geometry": { "type": "Point", "coordinates": [ 135.5565919, 34.517939900000016 ] } },
{ "type": "Feature", "properties": { "内容": "訪問看護ステーションさくら総合医療【訪問看護】大阪府阪南市桃の木台1-2-1", "url": "https://www.kaigokensaku.mhlw.go.jp/27/index.php?action_kouhyou_detail_004_kani=true&JigyosyoCd=2769590056-00&ServiceCd=130&Type=search", "url2": "http://www.sakura-h.or.jp/" }, "geometry": { "type": "Point", "coordinates": [ 135.220797296796036, 34.332843275631397 ] } },
{ "type": "Feature", "properties": { "内容": "プライマリー訪問看護ステーション阪南【訪問看護】大阪府阪南市新町119-1サニーアベニュー101号室", "url": "https://www.kaigokensaku.mhlw.go.jp/27/index.php?action_kouhyou_detail_004_kani=true&JigyosyoCd=2769590163-00&ServiceCd=130&Type=search", "url2": "https://primas.jp/" }, "geometry": { "type": "Point", "coordinates": [ 135.237580188306424, 34.352042416173994 ] } },
{ "type": "Feature", "properties": { "内容": "訪問看護ステーションゆいの希【訪問看護】大阪府阪南市下出５１３番地の１", "url": "https://www.kaigokensaku.mhlw.go.jp/27/index.php?action_kouhyou_detail_004_kani=true&JigyosyoCd=2769590148-00&ServiceCd=130&Type=search", "url2": null }, "geometry": { "type": "Point", "coordinates": [ 135.249073, 34.3573423 ] } },
{ "type": "Feature", "properties": { "内容": "ケアチームひのき　訪問看護ステーション【訪問看護】大阪府阪南市黒田５３番地の１３", "url": "https://www.kaigokensaku.mhlw.go.jp/27/index.php?action_kouhyou_detail_004_kani=true&JigyosyoCd=2769590106-00&ServiceCd=130&Type=search", "url2": null }, "geometry": { "type": "Point", "coordinates": [ 135.238689300000033, 34.3592799 ] } },
{ "type": "Feature", "properties": { "内容": "はな訪問看護ステーション【訪問看護】大阪府阪南市鳥取中481番地7ヤマサビル202", "url": "https://www.kaigokensaku.mhlw.go.jp/27/index.php?action_kouhyou_detail_004_kani=true&JigyosyoCd=2769590197-00&ServiceCd=130&Type=search", "url2": "https://hanakango.instrtry.org/" }, "geometry": { "type": "Point", "coordinates": [ 135.2515658, 34.3534173 ] } },
{ "type": "Feature", "properties": { "内容": "オハナ訪問看護ステーション【訪問看護】大阪府阪南市自然田1485番地3", "url": "https://www.kaigokensaku.mhlw.go.jp/27/index.php?action_kouhyou_detail_004_kani=true&JigyosyoCd=2769590114-00&ServiceCd=130&Type=search", "url2": null }, "geometry": { "type": "Point", "coordinates": [ 135.252668181587978, 34.34894129283699 ] } },
{ "type": "Feature", "properties": { "内容": "たまき訪問看護ステーション【訪問看護】大阪府阪南市舞4丁目9-3", "url": "https://www.kaigokensaku.mhlw.go.jp/27/index.php?action_kouhyou_detail_004_kani=true&JigyosyoCd=2769590122-00&ServiceCd=130&Type=search", "url2": null }, "geometry": { "type": "Point", "coordinates": [ 135.231139399999961, 34.3415577 ] } },
{ "type": "Feature", "properties": { "内容": "社会医療法人生長会　阪南市民病院　訪問看護室【訪問看護】大阪府阪南市下出１７阪南市民病院", "url": "https://www.kaigokensaku.mhlw.go.jp/27/index.php?action_kouhyou_detail_004_kani=true&JigyosyoCd=2719801223-00&ServiceCd=130&Type=search", "url2": "https://www.seichokai.or.jp/hannan/" }, "geometry": { "type": "Point", "coordinates": [ 135.242325, 34.360785300000018 ] } },
{ "type": "Feature", "properties": { "内容": "なないろ訪問看護ステーション【訪問看護】大阪府阪南市尾崎町４丁目２６－５", "url": "https://www.kaigokensaku.mhlw.go.jp/27/index.php?action_kouhyou_detail_004_kani=true&JigyosyoCd=2769590189-00&ServiceCd=130&Type=search", "url2": null }, "geometry": { "type": "Point", "coordinates": [ 135.2464105, 34.3653872 ] } },
{ "type": "Feature", "properties": { "内容": "訪問看護ステーションデューン阪南【訪問看護】大阪府阪南市尾崎町112-11第2九鬼ビル4階", "url": "https://www.kaigokensaku.mhlw.go.jp/27/index.php?action_kouhyou_detail_004_kani=true&JigyosyoCd=2769590155-00&ServiceCd=130&Type=search", "url2": null }, "geometry": { "type": "Point", "coordinates": [ 135.242169700000034, 34.3622006 ] } },
{ "type": "Feature", "properties": { "内容": "アルプス訪問看護ステーション【訪問看護】大阪府阪南市山中渓131-8", "url": "https://www.kaigokensaku.mhlw.go.jp/27/index.php?action_kouhyou_detail_004_kani=true&JigyosyoCd=2769590221-00&ServiceCd=130&Type=search", "url2": null }, "geometry": { "type": "Point", "coordinates": [ 135.270244100000014, 34.3258986 ] } },
{ "type": "Feature", "properties": { "内容": "訪問看護ステーション　ハル【訪問看護】大阪府阪南市自然田816番地5", "url": "https://www.kaigokensaku.mhlw.go.jp/27/index.php?action_kouhyou_detail_004_kani=true&JigyosyoCd=2769590080-00&ServiceCd=130&Type=search", "url2": null }, "geometry": { "type": "Point", "coordinates": [ 135.258438100000035, 34.343276400000022 ] } },
{ "type": "Feature", "properties": { "内容": "ライフサポートステーション　こねくと【訪問看護】広瀬3丁目13-27門之内マンション1-313", "url": "https://www.kaigokensaku.mhlw.go.jp/27/index.php?action_kouhyou_detail_004_kani=true&JigyosyoCd=2763990062-00&ServiceCd=130&Type=search", "url2": null }, "geometry": { "type": "Point", "coordinates": [ 135.6737223, 34.8842075 ] } },
{ "type": "Feature", "properties": { "内容": "水無瀬訪問看護ステーション【訪問看護】大阪府三島郡島本町水無瀬1-18-3　水無瀬ケアセンター内1F", "url": "https://www.kaigokensaku.mhlw.go.jp/27/index.php?action_kouhyou_detail_004_kani=true&JigyosyoCd=2763990021-00&ServiceCd=130&Type=search", "url2": "http://www.minasehp.jp/" }, "geometry": { "type": "Point", "coordinates": [ 135.667302209014906, 34.878674104514701 ] } },
{ "type": "Feature", "properties": { "内容": "訪問看護ステーション島本【訪問看護】大阪府三島郡島本町桜井2丁目6-17レジデンスTOWA", "url": "https://www.kaigokensaku.mhlw.go.jp/27/index.php?action_kouhyou_detail_004_kani=true&JigyosyoCd=2763990047-00&ServiceCd=130&Type=search", "url2": "http://www.r-towa.com" }, "geometry": { "type": "Point", "coordinates": [ 135.6617104, 34.8819512 ] } },
{ "type": "Feature", "properties": { "内容": "訪問看護ステーション祥雲館【訪問看護】大阪府豊能郡豊能町吉川187番地の1", "url": "https://www.kaigokensaku.mhlw.go.jp/27/index.php?action_kouhyou_detail_004_kani=true&JigyosyoCd=2764790073-00&ServiceCd=130&Type=search", "url2": "http://syownkan.jp" }, "geometry": { "type": "Point", "coordinates": [ 135.447097100000065, 34.9118449 ] } },
{ "type": "Feature", "properties": { "内容": "ブルーム訪問看護ステーション【訪問看護】大阪府豊能郡豊能町ときわ台1-11-16", "url": "https://www.kaigokensaku.mhlw.go.jp/27/index.php?action_kouhyou_detail_004_kani=true&JigyosyoCd=2764790115-00&ServiceCd=130&Type=search", "url2": "https://www.1090labo.com" }, "geometry": { "type": "Point", "coordinates": [ 135.4382055, 34.9057039 ] } },
{ "type": "Feature", "properties": { "内容": "きせんライフサポート訪問看護ステーション【訪問看護】大阪府豊能郡豊能町東ときわ台3-2-2", "url": "https://www.kaigokensaku.mhlw.go.jp/27/index.php?action_kouhyou_detail_004_kani=true&JigyosyoCd=2764790099-00&ServiceCd=130&Type=search", "url2": null }, "geometry": { "type": "Point", "coordinates": [ 135.444630284139066, 34.902901662747766 ] } },
{ "type": "Feature", "properties": { "内容": "訪問看護ステーション　さつき通り【訪問看護】大阪府忠岡町忠岡東一丁目-15-31勝仁ビル301号", "url": "https://www.kaigokensaku.mhlw.go.jp/27/index.php?action_kouhyou_detail_004_kani=true&JigyosyoCd=2765490095-00&ServiceCd=130&Type=search", "url2": "https://emifull-tadaoka.jp/" }, "geometry": { "type": "Point", "coordinates": [ 135.397806300000013, 34.4880872 ] } },
{ "type": "Feature", "properties": { "内容": "リハビリ訪問看護ステーションルピナス忠岡【訪問看護】大阪府泉北郡忠岡町馬瀬3-2-5下久ビル202号室", "url": "https://www.kaigokensaku.mhlw.go.jp/27/index.php?action_kouhyou_detail_004_kani=true&JigyosyoCd=2765490053-00&ServiceCd=130&Type=search", "url2": "http://www.rupinasu-inc.co.jp/" }, "geometry": { "type": "Point", "coordinates": [ 135.404634437434424, 34.486764931828674 ] } },
{ "type": "Feature", "properties": { "内容": "ルミナスの和訪問看護ステーション大阪【訪問看護】大阪府泉北郡忠岡町忠岡東1-1-7", "url": "https://www.kaigokensaku.mhlw.go.jp/27/index.php?action_kouhyou_detail_004_kani=true&JigyosyoCd=2765490079-00&ServiceCd=130&Type=search", "url2": "https://luminousnowa.com/" }, "geometry": { "type": "Point", "coordinates": [ 135.3994336, 34.4853714 ] } },
{ "type": "Feature", "properties": { "内容": "ケアーズ・訪問看護ステーション【訪問看護】大阪府泉南郡熊取町大久保北３丁目419-1202号", "url": "https://www.kaigokensaku.mhlw.go.jp/27/index.php?action_kouhyou_detail_004_kani=true&JigyosyoCd=2761290317-00&ServiceCd=130&Type=search", "url2": "https://cares-osaka.com/visit/" }, "geometry": { "type": "Point", "coordinates": [ 135.342518233481798, 34.407314502959395 ] } },
{ "type": "Feature", "properties": { "内容": "つながる訪問看護ステーション【訪問看護】大阪府泉南郡熊取町大久保東2-6-17中林ビル３階", "url": "https://www.kaigokensaku.mhlw.go.jp/27/index.php?action_kouhyou_detail_004_kani=true&JigyosyoCd=2761290226-00&ServiceCd=130&Type=search", "url2": "https://team-mnn.com/" }, "geometry": { "type": "Point", "coordinates": [ 135.3456261, 34.3979664 ] } },
{ "type": "Feature", "properties": { "内容": "訪問看護ステーション悠和【訪問看護】大阪府泉南郡熊取町野田2丁目9-1みのりビル2Ｆ", "url": "https://www.kaigokensaku.mhlw.go.jp/27/index.php?action_kouhyou_detail_004_kani=true&JigyosyoCd=2761290127-00&ServiceCd=130&Type=search", "url2": "https://www.yuuwa126.com" }, "geometry": { "type": "Point", "coordinates": [ 135.353552900000068, 34.4018204 ] } },
{ "type": "Feature", "properties": { "内容": "ぷらす訪問看護ステーション【訪問看護】大阪府泉南郡熊取町大久保北2-17-13", "url": "https://www.kaigokensaku.mhlw.go.jp/27/index.php?action_kouhyou_detail_004_kani=true&JigyosyoCd=2761290119-00&ServiceCd=130&Type=search", "url2": null }, "geometry": { "type": "Point", "coordinates": [ 135.34708, 34.4095063 ] } },
{ "type": "Feature", "properties": { "内容": "訪問看護ステーションにこっと【訪問看護】大阪府泉南郡熊取町野田1丁目2-12", "url": "https://www.kaigokensaku.mhlw.go.jp/27/index.php?action_kouhyou_detail_004_kani=true&JigyosyoCd=2761290291-00&ServiceCd=130&Type=search", "url2": "https://viento-inc.jp/" }, "geometry": { "type": "Point", "coordinates": [ 135.355745401358035, 34.401693114940464 ] } },
{ "type": "Feature", "properties": { "内容": "看護ステーション　みどり【訪問看護】大阪府泉南郡熊取町小谷南3丁目13番8号", "url": "https://www.kaigokensaku.mhlw.go.jp/27/index.php?action_kouhyou_detail_004_kani=true&JigyosyoCd=2761290275-00&ServiceCd=130&Type=search", "url2": null }, "geometry": { "type": "Point", "coordinates": [ 135.377528899999987, 34.3955631 ] } },
{ "type": "Feature", "properties": { "内容": "株式会社マナ【訪問看護】大阪府泉南郡田尻町吉見507番地6", "url": "https://www.kaigokensaku.mhlw.go.jp/27/index.php?action_kouhyou_detail_004_kani=true&JigyosyoCd=2761290259-00&ServiceCd=130&Type=search", "url2": "http://www.mana2016.com/" }, "geometry": { "type": "Point", "coordinates": [ 135.286293969311515, 34.388694644507005 ] } },
{ "type": "Feature", "properties": { "内容": "医療法人誠人会　訪問看護ステーション　花水木【訪問看護】大阪府泉南郡岬町多奈川谷川1849-11", "url": "https://www.kaigokensaku.mhlw.go.jp/27/index.php?action_kouhyou_detail_004_kani=true&JigyosyoCd=2761290135-00&ServiceCd=130&Type=search", "url2": null }, "geometry": { "type": "Point", "coordinates": [ 135.124209400000041, 34.3135386 ] } },
{ "type": "Feature", "properties": { "内容": "うる訪問看護ステーション【訪問看護】大阪府泉南郡淡輪566番地の5", "url": "https://www.kaigokensaku.mhlw.go.jp/27/index.php?action_kouhyou_detail_004_kani=true&JigyosyoCd=2761290242-00&ServiceCd=130&Type=search", "url2": "https://ulucoltd.wixsite.com/-site-1" }, "geometry": { "type": "Point", "coordinates": [ 135.183839439810328, 34.331266989614015 ] } },
{ "type": "Feature", "properties": { "内容": "オオサコ訪問看護ステーション【訪問看護】大阪府泉南郡岬町淡輪1347番地", "url": "https://www.kaigokensaku.mhlw.go.jp/27/index.php?action_kouhyou_detail_004_kani=true&JigyosyoCd=2761290069-00&ServiceCd=130&Type=search", "url2": null }, "geometry": { "type": "Point", "coordinates": [ 135.175374309617609, 34.33690489336206 ] } },
{ "type": "Feature", "properties": { "内容": "さざ波訪問看護ステーション【訪問看護】大阪府泉南郡岬町多奈川谷川1847番地の40", "url": "https://www.kaigokensaku.mhlw.go.jp/27/index.php?action_kouhyou_detail_004_kani=true&JigyosyoCd=2761290341-00&ServiceCd=130&Type=search", "url2": null }, "geometry": { "type": "Point", "coordinates": [ 135.1232647, 34.3136469 ] } },
{ "type": "Feature", "properties": { "内容": "訪問看護ステーション　カナン【訪問看護】大阪府南河内郡河南町大字寛弘寺１０１番地", "url": "https://www.kaigokensaku.mhlw.go.jp/27/index.php?action_kouhyou_detail_004_kani=true&JigyosyoCd=2763590052-00&ServiceCd=130&Type=search", "url2": "http://www.jyunshin.or.jp/anri/" }, "geometry": { "type": "Point", "coordinates": [ 135.624339, 34.4824684 ] } }
]
}
