{
"type": "FeatureCollection",
"name": "geo_27_地域密着型通所介護",
"crs": { "type": "name", "properties": { "name": "urn:ogc:def:crs:OGC:1.3:CRS84" } },
"features": [
{ "type": "Feature", "properties": { "内容": "ふろ家「なかまのゆ」【地域密着型通所介護】大阪府大阪市都島区内代町１丁目１１番１８号河合マンション　１階", "url": "https://www.kaigokensaku.mhlw.go.jp/27/index.php?action_kouhyou_detail_004_kani=true&JigyosyoCd=2795200217-00&ServiceCd=780&Type=search", "url2": null }, "geometry": { "type": "Point", "coordinates": [ 135.536206, 34.7102965 ] } },
{ "type": "Feature", "properties": { "内容": "デイサービスふわり。【地域密着型通所介護】大阪府大阪市都島区毛馬町2丁目11-33リバーサイドしろきた107号", "url": "https://www.kaigokensaku.mhlw.go.jp/27/index.php?action_kouhyou_detail_004_kani=true&JigyosyoCd=2795200225-00&ServiceCd=780&Type=search", "url2": null }, "geometry": { "type": "Point", "coordinates": [ 135.523613399999988, 34.7223063 ] } },
{ "type": "Feature", "properties": { "内容": "ゆうデイサービス都島【地域密着型通所介護】大阪府大阪市都島区高倉町３－８－７", "url": "https://www.kaigokensaku.mhlw.go.jp/27/index.php?action_kouhyou_detail_004_kani=true&JigyosyoCd=2795200258-00&ServiceCd=780&Type=search", "url2": "http://hp.kaipoke.biz/3z5/" }, "geometry": { "type": "Point", "coordinates": [ 135.5334111, 34.7192732 ] } },
{ "type": "Feature", "properties": { "内容": "デイサービス庵こばやし【地域密着型通所介護】大阪府大阪市都島区都島本通5丁目１０番２４号アクティ都島１F", "url": "https://www.kaigokensaku.mhlw.go.jp/27/index.php?action_kouhyou_detail_004_kani=true&JigyosyoCd=2775201516-00&ServiceCd=780&Type=search", "url2": "http://kosumosukaigr.jp" }, "geometry": { "type": "Point", "coordinates": [ 135.5360337, 34.7077857 ] } },
{ "type": "Feature", "properties": { "内容": "社会医療法人　明生会　デイサービス片町苑【地域密着型通所介護】大阪府大阪市都島区片町2丁目9番25号片町苑　1Ｆ", "url": "https://www.kaigokensaku.mhlw.go.jp/27/index.php?action_kouhyou_detail_004_kani=true&JigyosyoCd=2775201219-00&ServiceCd=780&Type=search", "url2": null }, "geometry": { "type": "Point", "coordinates": [ 135.5292694, 34.6949043 ] } },
{ "type": "Feature", "properties": { "内容": "社会福祉法人　治栄会　からまつ苑　デイサービスセンター【地域密着型通所介護】大阪市都島区中野町５丁目１０番７０号", "url": "https://www.kaigokensaku.mhlw.go.jp/27/index.php?action_kouhyou_detail_004_kani=true&JigyosyoCd=2775200237-00&ServiceCd=780&Type=search", "url2": "http://www.jieikai.or.jp/" }, "geometry": { "type": "Point", "coordinates": [ 135.5240351, 34.7065203 ] } },
{ "type": "Feature", "properties": { "内容": "デイサービスセンターわかば【地域密着型通所介護】大阪市都島区都島中通3丁目14番20号", "url": "https://www.kaigokensaku.mhlw.go.jp/27/index.php?action_kouhyou_detail_004_kani=true&JigyosyoCd=2775201284-00&ServiceCd=780&Type=search", "url2": "http://www.seitoso.jp" }, "geometry": { "type": "Point", "coordinates": [ 135.5359549, 34.7048494 ] } },
{ "type": "Feature", "properties": { "内容": "ディサービスはっぴいスマイル【地域密着型通所介護】大阪府大阪市都島区友渕町２丁目７番11号", "url": "https://www.kaigokensaku.mhlw.go.jp/27/index.php?action_kouhyou_detail_004_kani=true&JigyosyoCd=2775202126-00&ServiceCd=780&Type=search", "url2": null }, "geometry": { "type": "Point", "coordinates": [ 135.5282741, 34.713846100000019 ] } },
{ "type": "Feature", "properties": { "内容": "デイサービス　花の都島【地域密着型通所介護】大阪府大阪市都島区都島中通三丁目5番17号", "url": "https://www.kaigokensaku.mhlw.go.jp/27/index.php?action_kouhyou_detail_004_kani=true&JigyosyoCd=2795200266-00&ServiceCd=780&Type=search", "url2": null }, "geometry": { "type": "Point", "coordinates": [ 135.536206, 34.7035901 ] } },
{ "type": "Feature", "properties": { "内容": "ラフィール都島【地域密着型通所介護】大阪府大阪市都島区都島北通1-8-21宮下ビル1階", "url": "https://www.kaigokensaku.mhlw.go.jp/27/index.php?action_kouhyou_detail_004_kani=true&JigyosyoCd=2795200159-00&ServiceCd=780&Type=search", "url2": "http://rafeel-day.com/" }, "geometry": { "type": "Point", "coordinates": [ 135.528273464418021, 34.7094698153332 ] } },
{ "type": "Feature", "properties": { "内容": "ライトナウ日和【地域密着型通所介護】大阪府大阪市都島区御幸町1丁目6番22ECビル1F", "url": "https://www.kaigokensaku.mhlw.go.jp/27/index.php?action_kouhyou_detail_004_kani=true&JigyosyoCd=2795200233-00&ServiceCd=780&Type=search", "url2": null }, "geometry": { "type": "Point", "coordinates": [ 135.5347341, 34.7133674 ] } },
{ "type": "Feature", "properties": { "内容": "デイサービスフレッシュケアー【地域密着型通所介護】大阪府大阪市都島区都島中通三丁目５番１４号", "url": "https://www.kaigokensaku.mhlw.go.jp/27/index.php?action_kouhyou_detail_004_kani=true&JigyosyoCd=2775201268-00&ServiceCd=780&Type=search", "url2": null }, "geometry": { "type": "Point", "coordinates": [ 135.535874400000012, 34.7035246 ] } },
{ "type": "Feature", "properties": { "内容": "はんしんいきいきデイサービス大阪野田店【地域密着型通所介護】大阪府大阪市福島区吉野3丁目2番43号大拓ハイツ3　1階", "url": "https://www.kaigokensaku.mhlw.go.jp/27/index.php?action_kouhyou_detail_004_kani=true&JigyosyoCd=2790200089-00&ServiceCd=780&Type=search", "url2": "https://hankyuhanshin-dayservice.com/" }, "geometry": { "type": "Point", "coordinates": [ 135.472895600000015, 34.6884543 ] } },
{ "type": "Feature", "properties": { "内容": "ふくらはぎ健康法タオ福島【地域密着型通所介護】大阪府大阪市福島区吉野五丁目14番17号", "url": "https://www.kaigokensaku.mhlw.go.jp/27/index.php?action_kouhyou_detail_004_kani=true&JigyosyoCd=2790200246-00&ServiceCd=780&Type=search", "url2": "https://fukurahagi-tao.com" }, "geometry": { "type": "Point", "coordinates": [ 135.468666, 34.6891835 ] } },
{ "type": "Feature", "properties": { "内容": "デイサービスAsesRepos海老江【地域密着型通所介護】大阪府大阪市福島区海老江1丁目11-2グリーンシティOSAKA2号棟103", "url": "https://www.kaigokensaku.mhlw.go.jp/27/index.php?action_kouhyou_detail_004_kani=true&JigyosyoCd=2790200220-00&ServiceCd=780&Type=search", "url2": "https://asesgroup.jp/repos.top" }, "geometry": { "type": "Point", "coordinates": [ 135.4771993, 34.700730399999983 ] } },
{ "type": "Feature", "properties": { "内容": "みんなのいえ大阪福島【地域密着型通所介護】大阪府大阪市福島区野田4-2-75", "url": "https://www.kaigokensaku.mhlw.go.jp/27/index.php?action_kouhyou_detail_004_kani=true&JigyosyoCd=2790200121-00&ServiceCd=780&Type=search", "url2": "https://www.minnano-kaigo.com" }, "geometry": { "type": "Point", "coordinates": [ 135.4741735, 34.6833938 ] } },
{ "type": "Feature", "properties": { "内容": "リハビリスパ小蝶3【地域密着型通所介護】大阪府大阪市福島区大開1丁目13番6号", "url": "https://www.kaigokensaku.mhlw.go.jp/27/index.php?action_kouhyou_detail_004_kani=true&JigyosyoCd=2770201339-00&ServiceCd=780&Type=search", "url2": null }, "geometry": { "type": "Point", "coordinates": [ 135.473459300000059, 34.6937176 ] } },
{ "type": "Feature", "properties": { "内容": "デイサービスゆり福島【地域密着型通所介護】大阪府大阪市福島区玉川2丁目3番１６号", "url": "https://www.kaigokensaku.mhlw.go.jp/27/index.php?action_kouhyou_detail_004_kani=true&JigyosyoCd=2770200554-00&ServiceCd=780&Type=search", "url2": null }, "geometry": { "type": "Point", "coordinates": [ 135.481114299999945, 34.6906959 ] } },
{ "type": "Feature", "properties": { "内容": "デイサービスセンター　さくらんぼ【地域密着型通所介護】大阪府大阪市福島区海老江五丁目7番5号", "url": "https://www.kaigokensaku.mhlw.go.jp/27/index.php?action_kouhyou_detail_004_kani=true&JigyosyoCd=2790200204-00&ServiceCd=780&Type=search", "url2": "https://kmh-fukushi.jimdofree.com/" }, "geometry": { "type": "Point", "coordinates": [ 135.4720102, 34.6968136 ] } },
{ "type": "Feature", "properties": { "内容": "機能訓練特化型施設シリウス【地域密着型通所介護】大阪府大阪市福島区玉川4丁目13-22ＭＩＣロイヤルハイツ1Ｆ", "url": "https://www.kaigokensaku.mhlw.go.jp/27/index.php?action_kouhyou_detail_004_kani=true&JigyosyoCd=2790200162-00&ServiceCd=780&Type=search", "url2": "https://aikou-sirius.com/" }, "geometry": { "type": "Point", "coordinates": [ 135.477579900000023, 34.6903935 ] } },
{ "type": "Feature", "properties": { "内容": "デイサービスセンターのだてらす【地域密着型通所介護】大阪市福島区野田2丁目17-14", "url": "https://www.kaigokensaku.mhlw.go.jp/27/index.php?action_kouhyou_detail_004_kani=true&JigyosyoCd=2790200170-00&ServiceCd=780&Type=search", "url2": null }, "geometry": { "type": "Point", "coordinates": [ 135.4746231, 34.6854787 ] } },
{ "type": "Feature", "properties": { "内容": "デイサービスセンター千寿てらす【地域密着型通所介護】大阪府大阪市福島区大開四丁目1番UR大開団地11号棟105号", "url": "https://www.kaigokensaku.mhlw.go.jp/27/index.php?action_kouhyou_detail_004_kani=true&JigyosyoCd=2790200113-00&ServiceCd=780&Type=search", "url2": null }, "geometry": { "type": "Point", "coordinates": [ 135.465584700000022, 34.6875187 ] } },
{ "type": "Feature", "properties": { "内容": "デイサービスセンターさんてらす千寿【地域密着型通所介護】大阪府大阪市福島区大開四丁目１番UR大開団地11号棟103号", "url": "https://www.kaigokensaku.mhlw.go.jp/27/index.php?action_kouhyou_detail_004_kani=true&JigyosyoCd=2790200196-00&ServiceCd=780&Type=search", "url2": null }, "geometry": { "type": "Point", "coordinates": [ 135.4663295, 34.6881339 ] } },
{ "type": "Feature", "properties": { "内容": "サニーガーデン福島【地域密着型通所介護】大阪府大阪市福島区玉川2‐4‐30エナブル福島　１F", "url": "https://www.kaigokensaku.mhlw.go.jp/27/index.php?action_kouhyou_detail_004_kani=true&JigyosyoCd=2790200238-00&ServiceCd=780&Type=search", "url2": null }, "geometry": { "type": "Point", "coordinates": [ 135.480669, 34.6902292 ] } },
{ "type": "Feature", "properties": { "内容": "デイサービスらっき～【地域密着型通所介護】大阪府大阪市此花区四貫島2-2-5", "url": "https://www.kaigokensaku.mhlw.go.jp/27/index.php?action_kouhyou_detail_004_kani=true&JigyosyoCd=2792800118-00&ServiceCd=780&Type=search", "url2": "https://sekaiegao.com" }, "geometry": { "type": "Point", "coordinates": [ 135.455215500000037, 34.6838568 ] } },
{ "type": "Feature", "properties": { "内容": "ふくらはぎ健康法タオ　梅香【地域密着型通所介護】大阪府大阪市此花区梅香3-10-19プレアール梅香", "url": "https://www.kaigokensaku.mhlw.go.jp/27/index.php?action_kouhyou_detail_004_kani=true&JigyosyoCd=2772800971-00&ServiceCd=780&Type=search", "url2": "http://www.tao-co.jp/" }, "geometry": { "type": "Point", "coordinates": [ 135.45751329999996, 34.6825042 ] } },
{ "type": "Feature", "properties": { "内容": "リハビリデイサービス小蝶2【地域密着型通所介護】大阪府大阪市此花区西九条1-34-6", "url": "https://www.kaigokensaku.mhlw.go.jp/27/index.php?action_kouhyou_detail_004_kani=true&JigyosyoCd=2772800989-00&ServiceCd=780&Type=search", "url2": "http://www.judo-shinbukan.com/kocyouriyouannai.html." }, "geometry": { "type": "Point", "coordinates": [ 135.466932499999984, 34.6813605 ] } },
{ "type": "Feature", "properties": { "内容": "ゆめゆめらいふ此花四貫島デイサービスセンター【地域密着型通所介護】大阪市此花区四貫島1丁目5-23カインド四貫島　1階", "url": "https://www.kaigokensaku.mhlw.go.jp/27/index.php?action_kouhyou_detail_004_kani=true&JigyosyoCd=2792800142-00&ServiceCd=780&Type=search", "url2": null }, "geometry": { "type": "Point", "coordinates": [ 135.4557048, 34.6854311 ] } },
{ "type": "Feature", "properties": { "内容": "此花区在宅デイサービスセンター【地域密着型通所介護】大阪府大阪市此花区伝法３丁目２番２７号此花ふれあいセンター", "url": "https://www.kaigokensaku.mhlw.go.jp/27/index.php?action_kouhyou_detail_004_kani=true&JigyosyoCd=2772800187-00&ServiceCd=780&Type=search", "url2": "http://www.konohana-kushakyo.or.jp" }, "geometry": { "type": "Point", "coordinates": [ 135.454600699999986, 34.6903321 ] } },
{ "type": "Feature", "properties": { "内容": "げんき道リハビリデイサービス【地域密着型通所介護】大阪市此花区春日出北２－７－３　たなべビル1階", "url": "https://www.kaigokensaku.mhlw.go.jp/27/index.php?action_kouhyou_detail_004_kani=true&JigyosyoCd=2772801011-00&ServiceCd=780&Type=search", "url2": null }, "geometry": { "type": "Point", "coordinates": [ 135.449535, 34.6821173 ] } },
{ "type": "Feature", "properties": { "内容": "リハプライド・此花【地域密着型通所介護】大阪府大阪市此花区梅香3-20-9プラムワン3階", "url": "https://www.kaigokensaku.mhlw.go.jp/27/index.php?action_kouhyou_detail_004_kani=true&JigyosyoCd=2772801052-00&ServiceCd=780&Type=search", "url2": "http://www.rehapride.co.jp/konohana" }, "geometry": { "type": "Point", "coordinates": [ 135.456522299999961, 34.6832544 ] } },
{ "type": "Feature", "properties": { "内容": "医療法人佐々木会キャリアデイクラブ【地域密着型通所介護】大阪府大阪市西区千代崎二丁目3番7号昌産ﾋﾞﾙ　201号室", "url": "https://www.kaigokensaku.mhlw.go.jp/27/index.php?action_kouhyou_detail_004_kani=true&JigyosyoCd=2791800119-00&ServiceCd=780&Type=search", "url2": "http://www.sasaki-medical-clinic.info" }, "geometry": { "type": "Point", "coordinates": [ 135.479586299999937, 34.6734249 ] } },
{ "type": "Feature", "properties": { "内容": "株式会社マーキュリーコーポレーション　ローズデイサービスセンター【地域密着型通所介護】大阪市西区九条1丁目19番7号A", "url": "https://www.kaigokensaku.mhlw.go.jp/27/index.php?action_kouhyou_detail_004_kani=true&JigyosyoCd=2771801426-00&ServiceCd=780&Type=search", "url2": null }, "geometry": { "type": "Point", "coordinates": [ 135.475706899999977, 34.6738256 ] } },
{ "type": "Feature", "properties": { "内容": "ＬＥＶＥＬＵＰらいおんリハビリデイサービス【地域密着型通所介護】大阪府大阪市西区境川１丁目３番２号", "url": "https://www.kaigokensaku.mhlw.go.jp/27/index.php?action_kouhyou_detail_004_kani=true&JigyosyoCd=2791800143-00&ServiceCd=780&Type=search", "url2": null }, "geometry": { "type": "Point", "coordinates": [ 135.4718446, 34.6693855 ] } },
{ "type": "Feature", "properties": { "内容": "デイサービス　めぐる【地域密着型通所介護】大阪府大阪市港区弁天3-23-11", "url": "https://www.kaigokensaku.mhlw.go.jp/27/index.php?action_kouhyou_detail_004_kani=true&JigyosyoCd=2790400176-00&ServiceCd=780&Type=search", "url2": null }, "geometry": { "type": "Point", "coordinates": [ 135.450998, 34.666968 ] } },
{ "type": "Feature", "properties": { "内容": "短時間デイサービス　すまいるリハビリ倶楽部【地域密着型通所介護】大阪府大阪市港区三先1-10-24アバンス三先1階", "url": "https://www.kaigokensaku.mhlw.go.jp/27/index.php?action_kouhyou_detail_004_kani=true&JigyosyoCd=2790400093-00&ServiceCd=780&Type=search", "url2": "http://www.kawamura-hp.jp/rehabiliday/" }, "geometry": { "type": "Point", "coordinates": [ 135.454031500000042, 34.6612598 ] } },
{ "type": "Feature", "properties": { "内容": "デイサービスまんまるいざなみ【地域密着型通所介護】大阪市港区市岡2丁目13番57号まんまるはうす", "url": "https://www.kaigokensaku.mhlw.go.jp/27/index.php?action_kouhyou_detail_004_kani=true&JigyosyoCd=2790400143-00&ServiceCd=780&Type=search", "url2": "http://hp.kaipoke.biz/ycz/137616/index_0004.html" }, "geometry": { "type": "Point", "coordinates": [ 135.4590801, 34.6617507 ] } },
{ "type": "Feature", "properties": { "内容": "港晴２丁目きんたろうデイサービス【地域密着型通所介護】大阪府大阪市港区港晴2-6-20港晴しょみんハイツ１階", "url": "https://www.kaigokensaku.mhlw.go.jp/27/index.php?action_kouhyou_detail_004_kani=true&JigyosyoCd=2770401681-00&ServiceCd=780&Type=search", "url2": null }, "geometry": { "type": "Point", "coordinates": [ 135.443670791401701, 34.654559638235746 ] } },
{ "type": "Feature", "properties": { "内容": "リハビリデイサービス・ピースフル【地域密着型通所介護】大阪市港区南市岡2-7-2", "url": "https://www.kaigokensaku.mhlw.go.jp/27/index.php?action_kouhyou_detail_004_kani=true&JigyosyoCd=2770401731-00&ServiceCd=780&Type=search", "url2": null }, "geometry": { "type": "Point", "coordinates": [ 135.468844746410696, 34.666394034553818 ] } },
{ "type": "Feature", "properties": { "内容": "ぽーといちおかデーサービス【地域密着型通所介護】大阪府大阪市港区市岡元町1-3-10ハーバーライフ市岡１階", "url": "https://www.kaigokensaku.mhlw.go.jp/27/index.php?action_kouhyou_detail_004_kani=true&JigyosyoCd=2770401558-00&ServiceCd=780&Type=search", "url2": "http://accesshl-kaigo.com/" }, "geometry": { "type": "Point", "coordinates": [ 135.467989706637582, 34.670882553351539 ] } },
{ "type": "Feature", "properties": { "内容": "らいおん介護デイサービス【地域密着型通所介護】大阪府大阪市港区夕凪2-18-4西森ビル6Ｆ", "url": "https://www.kaigokensaku.mhlw.go.jp/27/index.php?action_kouhyou_detail_004_kani=true&JigyosyoCd=2770401103-00&ServiceCd=780&Type=search", "url2": "http://lionkaigo.jp/" }, "geometry": { "type": "Point", "coordinates": [ 135.450598500000069, 34.6605931 ] } },
{ "type": "Feature", "properties": { "内容": "らいおん介護デイサービス2【地域密着型通所介護】大阪府大阪市港区田中1-15-2プラザビル3Ｆ", "url": "https://www.kaigokensaku.mhlw.go.jp/27/index.php?action_kouhyou_detail_004_kani=true&JigyosyoCd=2770401368-00&ServiceCd=780&Type=search", "url2": "http://lionkaigo.jp/" }, "geometry": { "type": "Point", "coordinates": [ 135.4509928, 34.6650453 ] } },
{ "type": "Feature", "properties": { "内容": "デイサービスだいきち市岡店【地域密着型通所介護】大阪府大阪市港区市岡1-1-181Ｆ", "url": "https://www.kaigokensaku.mhlw.go.jp/27/index.php?action_kouhyou_detail_004_kani=true&JigyosyoCd=2770401582-00&ServiceCd=780&Type=search", "url2": null }, "geometry": { "type": "Point", "coordinates": [ 135.4634972, 34.664631300000018 ] } },
{ "type": "Feature", "properties": { "内容": "あいランドデイサービス【地域密着型通所介護】大阪府大阪市港区市岡1-28-14", "url": "https://www.kaigokensaku.mhlw.go.jp/27/index.php?action_kouhyou_detail_004_kani=true&JigyosyoCd=2790400101-00&ServiceCd=780&Type=search", "url2": null }, "geometry": { "type": "Point", "coordinates": [ 135.45987690000004, 34.6633126 ] } },
{ "type": "Feature", "properties": { "内容": "デイサービス風の詩夕凪【地域密着型通所介護】大阪府大阪市港区夕凪二丁目１番１号2F", "url": "https://www.kaigokensaku.mhlw.go.jp/27/index.php?action_kouhyou_detail_004_kani=true&JigyosyoCd=2770401673-00&ServiceCd=780&Type=search", "url2": null }, "geometry": { "type": "Point", "coordinates": [ 135.453149399999973, 34.66157230000001 ] } },
{ "type": "Feature", "properties": { "内容": "港区在宅デイサービスセンターひまわり【地域密着型通所介護】大阪府大阪市港区弁天２丁目１５番１号", "url": "https://www.kaigokensaku.mhlw.go.jp/27/index.php?action_kouhyou_detail_004_kani=true&JigyosyoCd=2770400188-00&ServiceCd=780&Type=search", "url2": "http://minatoku-shakyo.com" }, "geometry": { "type": "Point", "coordinates": [ 135.4545812, 34.6681756 ] } },
{ "type": "Feature", "properties": { "内容": "あいケアデイサービス【地域密着型通所介護】大阪府大阪市港区市岡2-1-1ベルハイツ６　１階", "url": "https://www.kaigokensaku.mhlw.go.jp/27/index.php?action_kouhyou_detail_004_kani=true&JigyosyoCd=2770401418-00&ServiceCd=780&Type=search", "url2": null }, "geometry": { "type": "Point", "coordinates": [ 135.463333299999931, 34.6655762 ] } },
{ "type": "Feature", "properties": { "内容": "リハRAKUデイサービスセンター幸楽園【地域密着型通所介護】大阪府大阪市大正区鶴町2-18-24", "url": "https://www.kaigokensaku.mhlw.go.jp/27/index.php?action_kouhyou_detail_004_kani=true&JigyosyoCd=2792700284-00&ServiceCd=780&Type=search", "url2": null }, "geometry": { "type": "Point", "coordinates": [ 135.454432200000014, 34.6389905 ] } },
{ "type": "Feature", "properties": { "内容": "さんにしデイサービス【地域密着型通所介護】大阪市大正区三軒家西２丁目１４－２０メゾンエスポアールK.S　１０１号", "url": "https://www.kaigokensaku.mhlw.go.jp/27/index.php?action_kouhyou_detail_004_kani=true&JigyosyoCd=2792700219-00&ServiceCd=780&Type=search", "url2": "http://www.expert-nurse.jp/" }, "geometry": { "type": "Point", "coordinates": [ 135.4743962, 34.6642017 ] } },
{ "type": "Feature", "properties": { "内容": "安房リハビリデイサービス【地域密着型通所介護】大阪府大阪市大正区平尾五丁目３番１４号", "url": "https://www.kaigokensaku.mhlw.go.jp/27/index.php?action_kouhyou_detail_004_kani=true&JigyosyoCd=2792700136-00&ServiceCd=780&Type=search", "url2": "http://anbo-rihabiri.com" }, "geometry": { "type": "Point", "coordinates": [ 135.471736100000044, 34.639699 ] } },
{ "type": "Feature", "properties": { "内容": "SPA　一寸法師【地域密着型通所介護】大阪府大阪市大正区南恩加島二丁目3番21号福助ハイツ1F", "url": "https://www.kaigokensaku.mhlw.go.jp/27/index.php?action_kouhyou_detail_004_kani=true&JigyosyoCd=2792700235-00&ServiceCd=780&Type=search", "url2": "http://ooo123.wp.xdomain.jp/" }, "geometry": { "type": "Point", "coordinates": [ 135.471217300000035, 34.6386105 ] } },
{ "type": "Feature", "properties": { "内容": "リハビリデイサービスサンあっぷ【地域密着型通所介護】大阪府大阪市大正区泉尾4-12-17", "url": "https://www.kaigokensaku.mhlw.go.jp/27/index.php?action_kouhyou_detail_004_kani=true&JigyosyoCd=2792700201-00&ServiceCd=780&Type=search", "url2": "http://santel.jp/" }, "geometry": { "type": "Point", "coordinates": [ 135.471549500000037, 34.6567108 ] } },
{ "type": "Feature", "properties": { "内容": "ＤＳちどり【地域密着型通所介護】大阪府大阪市大正区鶴町３－１６－２３", "url": "https://www.kaigokensaku.mhlw.go.jp/27/index.php?action_kouhyou_detail_004_kani=true&JigyosyoCd=2792700268-00&ServiceCd=780&Type=search", "url2": null }, "geometry": { "type": "Point", "coordinates": [ 135.454137335581947, 34.639881896134938 ] } },
{ "type": "Feature", "properties": { "内容": "アクティブデイサービス大正【地域密着型通所介護】大阪府大阪市大正区三軒家東6－8－22102", "url": "https://www.kaigokensaku.mhlw.go.jp/27/index.php?action_kouhyou_detail_004_kani=true&JigyosyoCd=2772701765-00&ServiceCd=780&Type=search", "url2": "http://www.active-nopsj.com/" }, "geometry": { "type": "Point", "coordinates": [ 135.474671400000034, 34.6575247 ] } },
{ "type": "Feature", "properties": { "内容": "ジールデイサービス【地域密着型通所介護】大阪府大阪市大正区泉尾3丁目13番5号ガリレビル　３Ｆ", "url": "https://www.kaigokensaku.mhlw.go.jp/27/index.php?action_kouhyou_detail_004_kani=true&JigyosyoCd=2772701658-00&ServiceCd=780&Type=search", "url2": null }, "geometry": { "type": "Point", "coordinates": [ 135.472094777909888, 34.658642124280078 ] } },
{ "type": "Feature", "properties": { "内容": "株式会社ホット・デイサービス【地域密着型通所介護】大阪市大正区南恩加島２－１２－４", "url": "https://www.kaigokensaku.mhlw.go.jp/27/index.php?action_kouhyou_detail_004_kani=true&JigyosyoCd=2772701112-00&ServiceCd=780&Type=search", "url2": null }, "geometry": { "type": "Point", "coordinates": [ 135.470789100000047, 34.6366577 ] } },
{ "type": "Feature", "properties": { "内容": "デイサービス　ウェルかめ【地域密着型通所介護】大阪府大阪市大正区千島3-10-16", "url": "https://www.kaigokensaku.mhlw.go.jp/27/index.php?action_kouhyou_detail_004_kani=true&JigyosyoCd=2772701468-00&ServiceCd=780&Type=search", "url2": null }, "geometry": { "type": "Point", "coordinates": [ 135.470830299999989, 34.650594900000023 ] } },
{ "type": "Feature", "properties": { "内容": "社会福祉法人恩賜財団済生会支部大阪府済生会　大正デイ・サービスセンター【地域密着型通所介護】大阪市大正区北村3-4-3", "url": "https://www.kaigokensaku.mhlw.go.jp/27/index.php?action_kouhyou_detail_004_kani=true&JigyosyoCd=2772700247-00&ServiceCd=780&Type=search", "url2": "https://izuo-taishyoen.jp/" }, "geometry": { "type": "Point", "coordinates": [ 135.467289, 34.6497254 ] } },
{ "type": "Feature", "properties": { "内容": "デイサービスセンター幸楽園【地域密着型通所介護】大阪府大阪市大正区鶴町2丁目19-28", "url": "https://www.kaigokensaku.mhlw.go.jp/27/index.php?action_kouhyou_detail_004_kani=true&JigyosyoCd=2772701807-00&ServiceCd=780&Type=search", "url2": "http://kourakuen.osakakoufuukai.com/" }, "geometry": { "type": "Point", "coordinates": [ 135.454609900000037, 34.639301299999985 ] } },
{ "type": "Feature", "properties": { "内容": "大正東在宅サービスステーションいずみの家【地域密着型通所介護】大阪府大阪市大正区泉尾２丁目１３番５号", "url": "https://www.kaigokensaku.mhlw.go.jp/27/index.php?action_kouhyou_detail_004_kani=true&JigyosyoCd=2792700185-00&ServiceCd=780&Type=search", "url2": "http://www.sho-jinkai.or.jp/" }, "geometry": { "type": "Point", "coordinates": [ 135.4732381, 34.6602577 ] } },
{ "type": "Feature", "properties": { "内容": "ビーナスプラス泉尾【地域密着型通所介護】大阪府大阪市大正区泉尾2-14-7", "url": "https://www.kaigokensaku.mhlw.go.jp/27/index.php?action_kouhyou_detail_004_kani=true&JigyosyoCd=2772701716-00&ServiceCd=780&Type=search", "url2": "http://www.venus-comrade.co.jp/service/v_plus.html" }, "geometry": { "type": "Point", "coordinates": [ 135.472709399999985, 34.660317 ] } },
{ "type": "Feature", "properties": { "内容": "デイサービス大黒天【地域密着型通所介護】大阪府大阪市大正区泉尾1－40－17", "url": "https://www.kaigokensaku.mhlw.go.jp/27/index.php?action_kouhyou_detail_004_kani=true&JigyosyoCd=2772701534-00&ServiceCd=780&Type=search", "url2": null }, "geometry": { "type": "Point", "coordinates": [ 135.47003, 34.661838 ] } },
{ "type": "Feature", "properties": { "内容": "レコードブック天王寺【地域密着型通所介護】大阪府大阪市天王寺区堀越町1-18", "url": "https://www.kaigokensaku.mhlw.go.jp/27/index.php?action_kouhyou_detail_004_kani=true&JigyosyoCd=2791700111-00&ServiceCd=780&Type=search", "url2": "https://shoyafood.com/recordbook-tennoji/" }, "geometry": { "type": "Point", "coordinates": [ 135.5157795, 34.6510619 ] } },
{ "type": "Feature", "properties": { "内容": "機能訓練特化型デイサービス　ジョイフル玉造【地域密着型通所介護】大阪府大阪市天王寺区玉造元町3-12八光ビル４F", "url": "https://www.kaigokensaku.mhlw.go.jp/27/index.php?action_kouhyou_detail_004_kani=true&JigyosyoCd=2771702046-00&ServiceCd=780&Type=search", "url2": null }, "geometry": { "type": "Point", "coordinates": [ 135.532189993848419, 34.672805258677087 ] } },
{ "type": "Feature", "properties": { "内容": "クーラコモンズ・ライフサポートデイサービス【地域密着型通所介護】大阪市天王寺区大道3-4-3-101おほちの杜", "url": "https://www.kaigokensaku.mhlw.go.jp/27/index.php?action_kouhyou_detail_004_kani=true&JigyosyoCd=2771701675-00&ServiceCd=780&Type=search", "url2": "http://curacommons.jp" }, "geometry": { "type": "Point", "coordinates": [ 135.52007020066381, 34.649507786986391 ] } },
{ "type": "Feature", "properties": { "内容": "デイサービス多宝寿【地域密着型通所介護】大阪府大阪市天王寺区清水谷町２０番７号ハイツヒルトンパートⅣ１階東号室", "url": "https://www.kaigokensaku.mhlw.go.jp/27/index.php?action_kouhyou_detail_004_kani=true&JigyosyoCd=2771702103-00&ServiceCd=780&Type=search", "url2": null }, "geometry": { "type": "Point", "coordinates": [ 135.52284439999994, 34.6731289 ] } },
{ "type": "Feature", "properties": { "内容": "デイサービス　りんごの木【地域密着型通所介護】大阪府大阪市天王寺区上汐四丁目5番4号", "url": "https://www.kaigokensaku.mhlw.go.jp/27/index.php?action_kouhyou_detail_004_kani=true&JigyosyoCd=2771700891-00&ServiceCd=780&Type=search", "url2": "http://www.club-ringo.com/" }, "geometry": { "type": "Point", "coordinates": [ 135.516284199999973, 34.6632161 ] } },
{ "type": "Feature", "properties": { "内容": "わくわくデイサービス夕陽丘【地域密着型通所介護】大阪府大阪市天王寺区真法院町6-12JNビル１F", "url": "https://www.kaigokensaku.mhlw.go.jp/27/index.php?action_kouhyou_detail_004_kani=true&JigyosyoCd=2771701584-00&ServiceCd=780&Type=search", "url2": "http://www.hog.co.jp/" }, "geometry": { "type": "Point", "coordinates": [ 135.522228500000011, 34.6579809 ] } },
{ "type": "Feature", "properties": { "内容": "マルカート【地域密着型通所介護】大阪府大阪市浪速区立葉1-4-7グランファミール桜川", "url": "https://www.kaigokensaku.mhlw.go.jp/27/index.php?action_kouhyou_detail_004_kani=true&JigyosyoCd=2794300166-00&ServiceCd=780&Type=search", "url2": null }, "geometry": { "type": "Point", "coordinates": [ 135.487673399999977, 34.6638788 ] } },
{ "type": "Feature", "properties": { "内容": "はんしんいきいきデイサービス大阪難波店【地域密着型通所介護】大阪府大阪市浪速区桜川2-14-9", "url": "https://www.kaigokensaku.mhlw.go.jp/27/index.php?action_kouhyou_detail_004_kani=true&JigyosyoCd=2794300091-00&ServiceCd=780&Type=search", "url2": null }, "geometry": { "type": "Point", "coordinates": [ 135.489211899999987, 34.66365 ] } },
{ "type": "Feature", "properties": { "内容": "デイサービスぼのほーむ塩草三丁目店【地域密着型通所介護】大阪府大阪市浪速区塩草三丁目9番14号増井ビル１階", "url": "https://www.kaigokensaku.mhlw.go.jp/27/index.php?action_kouhyou_detail_004_kani=true&JigyosyoCd=2794300083-00&ServiceCd=780&Type=search", "url2": null }, "geometry": { "type": "Point", "coordinates": [ 135.488428399999975, 34.6605581 ] } },
{ "type": "Feature", "properties": { "内容": "デイサービス　バク【地域密着型通所介護】大阪府大阪市浪速区大国3-9-15パークヒルズ難波南ルミエール1Ｆ", "url": "https://www.kaigokensaku.mhlw.go.jp/27/index.php?action_kouhyou_detail_004_kani=true&JigyosyoCd=2774301986-00&ServiceCd=780&Type=search", "url2": null }, "geometry": { "type": "Point", "coordinates": [ 135.49339759999998, 34.6542478 ] } },
{ "type": "Feature", "properties": { "内容": "デイサービスぼのほーむ【地域密着型通所介護】大阪府大阪市浪速区塩草二丁目7番２１号", "url": "https://www.kaigokensaku.mhlw.go.jp/27/index.php?action_kouhyou_detail_004_kani=true&JigyosyoCd=2774301911-00&ServiceCd=780&Type=search", "url2": "https://bonohome.jp/" }, "geometry": { "type": "Point", "coordinates": [ 135.491297536193656, 34.659673047534014 ] } },
{ "type": "Feature", "properties": { "内容": "ひるずケアサポート【地域密着型通所介護】大阪府大阪市浪速区敷津西2-2-17ローズコート1階", "url": "https://www.kaigokensaku.mhlw.go.jp/27/index.php?action_kouhyou_detail_004_kani=true&JigyosyoCd=2794300117-00&ServiceCd=780&Type=search", "url2": null }, "geometry": { "type": "Point", "coordinates": [ 135.497168700000032, 34.6559338 ] } },
{ "type": "Feature", "properties": { "内容": "デイサービスグリップ【地域密着型通所介護】大阪府大阪市浪速区日本橋東1-1-3ビリーブ夕陽ヶ丘102", "url": "https://www.kaigokensaku.mhlw.go.jp/27/index.php?action_kouhyou_detail_004_kani=true&JigyosyoCd=2794300190-00&ServiceCd=780&Type=search", "url2": "https://na-re.co.jp/" }, "geometry": { "type": "Point", "coordinates": [ 135.50958510000001, 34.6622717 ] } },
{ "type": "Feature", "properties": { "内容": "ケアサポートだいこく【地域密着型通所介護】大阪府大阪市浪速区敷津西2-1-30", "url": "https://www.kaigokensaku.mhlw.go.jp/27/index.php?action_kouhyou_detail_004_kani=true&JigyosyoCd=2794300141-00&ServiceCd=780&Type=search", "url2": null }, "geometry": { "type": "Point", "coordinates": [ 135.4970042, 34.6569669 ] } },
{ "type": "Feature", "properties": { "内容": "デイルーム　なごみ【地域密着型通所介護】大阪府大阪市浪速区久保吉二丁目2番6号1階", "url": "https://www.kaigokensaku.mhlw.go.jp/27/index.php?action_kouhyou_detail_004_kani=true&JigyosyoCd=2774302208-00&ServiceCd=780&Type=search", "url2": null }, "geometry": { "type": "Point", "coordinates": [ 135.484489899999971, 34.660585799999986 ] } },
{ "type": "Feature", "properties": { "内容": "湯と憩山茶花・姫島【地域密着型通所介護】大阪府大阪市西淀川区姫島4-9-12C＆C姫島マンション1階", "url": "https://www.kaigokensaku.mhlw.go.jp/27/index.php?action_kouhyou_detail_004_kani=true&JigyosyoCd=2791000306-00&ServiceCd=780&Type=search", "url2": "http://www.trc-sazanka.llc/" }, "geometry": { "type": "Point", "coordinates": [ 135.4537842, 34.7044836 ] } },
{ "type": "Feature", "properties": { "内容": "いちごいちえ中島【地域密着型通所介護】大阪府大阪市西淀川区中島1-18-8", "url": "https://www.kaigokensaku.mhlw.go.jp/27/index.php?action_kouhyou_detail_004_kani=true&JigyosyoCd=2791000199-00&ServiceCd=780&Type=search", "url2": "https://ichigoichie.net/" }, "geometry": { "type": "Point", "coordinates": [ 135.4282476, 34.7025421 ] } },
{ "type": "Feature", "properties": { "内容": "ふじいろ【地域密着型通所介護】大阪府大阪市西淀川区佃1-19-14", "url": "https://www.kaigokensaku.mhlw.go.jp/27/index.php?action_kouhyou_detail_004_kani=true&JigyosyoCd=2791000181-00&ServiceCd=780&Type=search", "url2": null }, "geometry": { "type": "Point", "coordinates": [ 135.4474985, 34.717786 ] } },
{ "type": "Feature", "properties": { "内容": "デイサービスタノシア姫島【地域密着型通所介護】大阪府大阪市西淀川区姫島4丁目8番3号レジスタンス姫島１階", "url": "https://www.kaigokensaku.mhlw.go.jp/27/index.php?action_kouhyou_detail_004_kani=true&JigyosyoCd=2791000165-00&ServiceCd=780&Type=search", "url2": "https://tanosia.jp/" }, "geometry": { "type": "Point", "coordinates": [ 135.454550324536882, 34.703929772881089 ] } },
{ "type": "Feature", "properties": { "内容": "湯と憩山茶花【地域密着型通所介護】大阪府大阪市西淀川区御幣島１－１６－３立知ビル１階", "url": "https://www.kaigokensaku.mhlw.go.jp/27/index.php?action_kouhyou_detail_004_kani=true&JigyosyoCd=2791000231-00&ServiceCd=780&Type=search", "url2": "http://www.trc-sazanka.llc" }, "geometry": { "type": "Point", "coordinates": [ 135.4578763, 34.7147388 ] } },
{ "type": "Feature", "properties": { "内容": "あおぞら苑【地域密着型通所介護】大阪府大阪市西淀川区大和田五丁目７番１４号", "url": "https://www.kaigokensaku.mhlw.go.jp/27/index.php?action_kouhyou_detail_004_kani=true&JigyosyoCd=2791000090-00&ServiceCd=780&Type=search", "url2": null }, "geometry": { "type": "Point", "coordinates": [ 135.440678599999956, 34.707406700000014 ] } },
{ "type": "Feature", "properties": { "内容": "デイサービスはっぴ～【地域密着型通所介護】大阪府大阪市西淀川区柏里3-12-29", "url": "https://www.kaigokensaku.mhlw.go.jp/27/index.php?action_kouhyou_detail_004_kani=true&JigyosyoCd=2791000124-00&ServiceCd=780&Type=search", "url2": "https://sekaiegao.com" }, "geometry": { "type": "Point", "coordinates": [ 135.46799390000001, 34.712899 ] } },
{ "type": "Feature", "properties": { "内容": "デイサービス　にこにこの郷【地域密着型通所介護】大阪府大阪市西淀川区野里１－７－４０エバーヒルズ１F", "url": "https://www.kaigokensaku.mhlw.go.jp/27/index.php?action_kouhyou_detail_004_kani=true&JigyosyoCd=2771001506-00&ServiceCd=780&Type=search", "url2": "http://www.nikox2-life.com/" }, "geometry": { "type": "Point", "coordinates": [ 135.462287800000013, 34.7075656 ] } },
{ "type": "Feature", "properties": { "内容": "医療法人　康和会　苗加病院デイサービスセンター　ゆいのもり【地域密着型通所介護】大阪市西淀川区姫里二丁目１６番２４号", "url": "https://www.kaigokensaku.mhlw.go.jp/27/index.php?action_kouhyou_detail_004_kani=true&JigyosyoCd=2771001464-00&ServiceCd=780&Type=search", "url2": "http://www.nouka-hp.jp/yuino-mori/" }, "geometry": { "type": "Point", "coordinates": [ 135.4588215, 34.7077432 ] } },
{ "type": "Feature", "properties": { "内容": "ひなたぼっこ【地域密着型通所介護】大阪市西淀川区御幣島2-19-33", "url": "https://www.kaigokensaku.mhlw.go.jp/27/index.php?action_kouhyou_detail_004_kani=true&JigyosyoCd=2771001753-00&ServiceCd=780&Type=search", "url2": "https://hinatabokko-day.com/contact" }, "geometry": { "type": "Point", "coordinates": [ 135.454133, 34.7151644 ] } },
{ "type": "Feature", "properties": { "内容": "ぽーとよどがわデイサービス【地域密着型通所介護】大阪府大阪市西淀川区大和田6-3-4", "url": "https://www.kaigokensaku.mhlw.go.jp/27/index.php?action_kouhyou_detail_004_kani=true&JigyosyoCd=2771001480-00&ServiceCd=780&Type=search", "url2": "http://www.accesshl-kaigo.com" }, "geometry": { "type": "Point", "coordinates": [ 135.442800700000021, 34.704682 ] } },
{ "type": "Feature", "properties": { "内容": "デイサービス～ここに幸あり～【地域密着型通所介護】大阪市西淀川区出来島2丁目6-16", "url": "https://www.kaigokensaku.mhlw.go.jp/27/index.php?action_kouhyou_detail_004_kani=true&JigyosyoCd=2771001274-00&ServiceCd=780&Type=search", "url2": null }, "geometry": { "type": "Point", "coordinates": [ 135.4369762, 34.7057317 ] } },
{ "type": "Feature", "properties": { "内容": "デイサービスとびっきり西淀川【地域密着型通所介護】大阪市西淀川区竹島3丁目4-27竹島プラザ　１階", "url": "https://www.kaigokensaku.mhlw.go.jp/27/index.php?action_kouhyou_detail_004_kani=true&JigyosyoCd=2771001811-00&ServiceCd=780&Type=search", "url2": "https://tobikkiri-group.com/" }, "geometry": { "type": "Point", "coordinates": [ 135.452888600000051, 34.7253243 ] } },
{ "type": "Feature", "properties": { "内容": "デイサービス　タノシア【地域密着型通所介護】大阪府大阪市西淀川区野里1-22-16メゾン阪神　1F", "url": "https://www.kaigokensaku.mhlw.go.jp/27/index.php?action_kouhyou_detail_004_kani=true&JigyosyoCd=2771001522-00&ServiceCd=780&Type=search", "url2": "http://tanosia.jp" }, "geometry": { "type": "Point", "coordinates": [ 135.464298352743981, 34.71170610618524 ] } },
{ "type": "Feature", "properties": { "内容": "デイサービスタノシア姫里【地域密着型通所介護】大阪府大阪市西淀川区姫里1-24-16メイウール姫里　1Ｆ", "url": "https://www.kaigokensaku.mhlw.go.jp/27/index.php?action_kouhyou_detail_004_kani=true&JigyosyoCd=2771001803-00&ServiceCd=780&Type=search", "url2": "http://tanosia.jp/" }, "geometry": { "type": "Point", "coordinates": [ 135.459513099999981, 34.7053463 ] } },
{ "type": "Feature", "properties": { "内容": "リハビリデイサービス　たいいくのじかん【地域密着型通所介護】大阪府大阪市西淀川区竹島3-4-3", "url": "https://www.kaigokensaku.mhlw.go.jp/27/index.php?action_kouhyou_detail_004_kani=true&JigyosyoCd=2771001738-00&ServiceCd=780&Type=search", "url2": "http://hp.kaipoke.biz/5yz/" }, "geometry": { "type": "Point", "coordinates": [ 135.452989716008034, 34.725064075374043 ] } },
{ "type": "Feature", "properties": { "内容": "デイサービスばじる【地域密着型通所介護】大阪府大阪市西淀川区出来島1-10-10エスペランサ出来島１F", "url": "https://www.kaigokensaku.mhlw.go.jp/27/index.php?action_kouhyou_detail_004_kani=true&JigyosyoCd=2791000256-00&ServiceCd=780&Type=search", "url2": null }, "geometry": { "type": "Point", "coordinates": [ 135.440569786508178, 34.708431975598977 ] } },
{ "type": "Feature", "properties": { "内容": "ビーナスプラス歌島【地域密着型通所介護】大阪府大阪市西淀川区歌島2丁目12-25", "url": "https://www.kaigokensaku.mhlw.go.jp/27/index.php?action_kouhyou_detail_004_kani=true&JigyosyoCd=2771001902-00&ServiceCd=780&Type=search", "url2": "http://www.venus-comrade.co.jp/" }, "geometry": { "type": "Point", "coordinates": [ 135.461371200000031, 34.7164089 ] } },
{ "type": "Feature", "properties": { "内容": "デイサービスおひさま【地域密着型通所介護】大阪府大阪市西淀川区佃3-15-4おひさまハウス", "url": "https://www.kaigokensaku.mhlw.go.jp/27/index.php?action_kouhyou_detail_004_kani=true&JigyosyoCd=2791000207-00&ServiceCd=780&Type=search", "url2": "https://www.npo-ohisama.com/" }, "geometry": { "type": "Point", "coordinates": [ 135.441521900000026, 34.7122544 ] } },
{ "type": "Feature", "properties": { "内容": "機能訓練・美容特化型デイサロン　ふれあ姫島【地域密着型通所介護】大阪府大阪市西淀川区姫島3-13-43グレイスケヤムラ１階", "url": "https://www.kaigokensaku.mhlw.go.jp/27/index.php?action_kouhyou_detail_004_kani=true&JigyosyoCd=2791000272-00&ServiceCd=780&Type=search", "url2": "https://naris-furea.com/" }, "geometry": { "type": "Point", "coordinates": [ 135.448864689518587, 34.701052210634998 ] } },
{ "type": "Feature", "properties": { "内容": "デイサービスにぎわい【地域密着型通所介護】大阪府大阪市東淀川区西淡路5-2-15ブルージュⅠ　1階", "url": "https://www.kaigokensaku.mhlw.go.jp/27/index.php?action_kouhyou_detail_004_kani=true&JigyosyoCd=2793000338-00&ServiceCd=780&Type=search", "url2": "https://tobikkiri-group.com/" }, "geometry": { "type": "Point", "coordinates": [ 135.510113899999965, 34.7419268 ] } },
{ "type": "Feature", "properties": { "内容": "ビーナスプラス瑞光【地域密着型通所介護】大阪府大阪市東淀川区南江口2-7-25シャトラン南江口1F", "url": "https://www.kaigokensaku.mhlw.go.jp/27/index.php?action_kouhyou_detail_004_kani=true&JigyosyoCd=2793000411-00&ServiceCd=780&Type=search", "url2": "https://www.venus-comrade.co.jp/" }, "geometry": { "type": "Point", "coordinates": [ 135.550155600000011, 34.754699900000041 ] } },
{ "type": "Feature", "properties": { "内容": "ビーナスプラス淡路【地域密着型通所介護】大阪府大阪市東淀川区淡路3-3-10", "url": "https://www.kaigokensaku.mhlw.go.jp/27/index.php?action_kouhyou_detail_004_kani=true&JigyosyoCd=2793000262-00&ServiceCd=780&Type=search", "url2": "http://www.venus-comrade.co.jp/" }, "geometry": { "type": "Point", "coordinates": [ 135.513838102971704, 34.737330933338328 ] } },
{ "type": "Feature", "properties": { "内容": "成仁会デイサービス【地域密着型通所介護】大阪府大阪市東淀川区豊里7-30-26シンフォニア豊里", "url": "https://www.kaigokensaku.mhlw.go.jp/27/index.php?action_kouhyou_detail_004_kani=true&JigyosyoCd=2793000403-00&ServiceCd=780&Type=search", "url2": "https://www.seijinkai-gr.jp/sinfonia/" }, "geometry": { "type": "Point", "coordinates": [ 135.541110319712828, 34.745534584350565 ] } },
{ "type": "Feature", "properties": { "内容": "デイサービスエクランおおぎり【地域密着型通所介護】大阪府大阪市東淀川区大桐1-1-12大桐地域在宅サービスステーション", "url": "https://www.kaigokensaku.mhlw.go.jp/27/index.php?action_kouhyou_detail_004_kani=true&JigyosyoCd=2793000502-00&ServiceCd=780&Type=search", "url2": "https://honobonoso.jp/" }, "geometry": { "type": "Point", "coordinates": [ 135.5450166, 34.743902 ] } },
{ "type": "Feature", "properties": { "内容": "まごころデイ【地域密着型通所介護】大阪府大阪市東淀川区大道南2丁目6番9号", "url": "https://www.kaigokensaku.mhlw.go.jp/27/index.php?action_kouhyou_detail_004_kani=true&JigyosyoCd=2793000569-00&ServiceCd=780&Type=search", "url2": null }, "geometry": { "type": "Point", "coordinates": [ 135.5511501, 34.7442688 ] } },
{ "type": "Feature", "properties": { "内容": "デイサービス歩【地域密着型通所介護】大阪府大阪市東淀川区菅原3-1-3淡路第2ダイアモンドハイム　104号", "url": "https://www.kaigokensaku.mhlw.go.jp/27/index.php?action_kouhyou_detail_004_kani=true&JigyosyoCd=2793000320-00&ServiceCd=780&Type=search", "url2": null }, "geometry": { "type": "Point", "coordinates": [ 135.523812326983574, 34.737830717303218 ] } },
{ "type": "Feature", "properties": { "内容": "ラフおおすみ【地域密着型通所介護】大阪府大阪市東淀川区大隅二丁目６番８号サングレード大隅１０１号室", "url": "https://www.kaigokensaku.mhlw.go.jp/27/index.php?action_kouhyou_detail_004_kani=true&JigyosyoCd=2773002460-00&ServiceCd=780&Type=search", "url2": "http://www.laugh-osumi.com/" }, "geometry": { "type": "Point", "coordinates": [ 135.5476241, 34.7513292 ] } },
{ "type": "Feature", "properties": { "内容": "アクシスデイサービス淡路【地域密着型通所介護】大阪府大阪市東淀川区淡路4丁目34-26", "url": "https://www.kaigokensaku.mhlw.go.jp/27/index.php?action_kouhyou_detail_004_kani=true&JigyosyoCd=2773003849-00&ServiceCd=780&Type=search", "url2": null }, "geometry": { "type": "Point", "coordinates": [ 135.516993899999989, 34.740571599999981 ] } },
{ "type": "Feature", "properties": { "内容": "ほねつぎデイサービス東淀川【地域密着型通所介護】大阪市東淀川区菅原７－２－２１エレシュトローム１階", "url": "https://www.kaigokensaku.mhlw.go.jp/27/index.php?action_kouhyou_detail_004_kani=true&JigyosyoCd=2773002536-00&ServiceCd=780&Type=search", "url2": null }, "geometry": { "type": "Point", "coordinates": [ 135.522682199999963, 34.7411022 ] } },
{ "type": "Feature", "properties": { "内容": "デイサービス　和かば。【地域密着型通所介護】大阪府大阪市東淀川区淡路三丁目3番13号アーバンエイト1階", "url": "https://www.kaigokensaku.mhlw.go.jp/27/index.php?action_kouhyou_detail_004_kani=true&JigyosyoCd=2773002957-00&ServiceCd=780&Type=search", "url2": "http://hp.kaipoke.biz/a4e/" }, "geometry": { "type": "Point", "coordinates": [ 135.51446, 34.7378088 ] } },
{ "type": "Feature", "properties": { "内容": "デイサービス２５２５ハウス【地域密着型通所介護】大阪市東淀川区淡路１丁目２４番３号", "url": "https://www.kaigokensaku.mhlw.go.jp/27/index.php?action_kouhyou_detail_004_kani=true&JigyosyoCd=2773002494-00&ServiceCd=780&Type=search", "url2": null }, "geometry": { "type": "Point", "coordinates": [ 135.508966900000019, 34.7370329 ] } },
{ "type": "Feature", "properties": { "内容": "リラクセーションデイ～癒し〜【地域密着型通所介護】大阪市東淀川区菅原２－１０－１７", "url": "https://www.kaigokensaku.mhlw.go.jp/27/index.php?action_kouhyou_detail_004_kani=true&JigyosyoCd=2773003252-00&ServiceCd=780&Type=search", "url2": "http://www.yours-clear.com" }, "geometry": { "type": "Point", "coordinates": [ 135.53174260000003, 34.7397193 ] } },
{ "type": "Feature", "properties": { "内容": "デイサービスセンター　こすも【地域密着型通所介護】大阪市東淀川区小松２丁目６番２４号", "url": "https://www.kaigokensaku.mhlw.go.jp/27/index.php?action_kouhyou_detail_004_kani=true&JigyosyoCd=2773002163-00&ServiceCd=780&Type=search", "url2": null }, "geometry": { "type": "Point", "coordinates": [ 135.537075100000038, 34.7522983 ] } },
{ "type": "Feature", "properties": { "内容": "けあらーず上新庄指定通所介護事業所【地域密着型通所介護】大阪府大阪市東淀川区小松4丁目13番21号", "url": "https://www.kaigokensaku.mhlw.go.jp/27/index.php?action_kouhyou_detail_004_kani=true&JigyosyoCd=2773002445-00&ServiceCd=780&Type=search", "url2": "http://www.seramu.com/html/kaigo/kaigo.htm" }, "geometry": { "type": "Point", "coordinates": [ 135.542775748063178, 34.754107669226421 ] } },
{ "type": "Feature", "properties": { "内容": "タオ　上新庄【地域密着型通所介護】大阪府大阪市東淀川区豊新3-9-5ウッズフィールドハイツ1Ｆ", "url": "https://www.kaigokensaku.mhlw.go.jp/27/index.php?action_kouhyou_detail_004_kani=true&JigyosyoCd=2773002973-00&ServiceCd=780&Type=search", "url2": "http://fukurahagi-tao.com" }, "geometry": { "type": "Point", "coordinates": [ 135.531809100000032, 34.745499100000011 ] } },
{ "type": "Feature", "properties": { "内容": "タオ下新庄【地域密着型通所介護】大阪府大阪市東淀川区下新庄5‐2‐18", "url": "https://www.kaigokensaku.mhlw.go.jp/27/index.php?action_kouhyou_detail_004_kani=true&JigyosyoCd=2773002692-00&ServiceCd=780&Type=search", "url2": "http://fukurahagi-tao.com" }, "geometry": { "type": "Point", "coordinates": [ 135.520298884378008, 34.746727628202258 ] } },
{ "type": "Feature", "properties": { "内容": "ライフケア淡路【地域密着型通所介護】大阪市東淀川区東淡路４丁目１番10-101", "url": "https://www.kaigokensaku.mhlw.go.jp/27/index.php?action_kouhyou_detail_004_kani=true&JigyosyoCd=2773002825-00&ServiceCd=780&Type=search", "url2": null }, "geometry": { "type": "Point", "coordinates": [ 135.517756800000029, 34.7370154 ] } },
{ "type": "Feature", "properties": { "内容": "ポシブル淡路【地域密着型通所介護】大阪府大阪市東淀川区淡路5-1-5ウエリントン2　１F", "url": "https://www.kaigokensaku.mhlw.go.jp/27/index.php?action_kouhyou_detail_004_kani=true&JigyosyoCd=2773003948-00&ServiceCd=780&Type=search", "url2": "https://www.possible-plus.co.jp/" }, "geometry": { "type": "Point", "coordinates": [ 135.5175855, 34.7409577 ] } },
{ "type": "Feature", "properties": { "内容": "飛鳥ともしび苑【地域密着型通所介護】大阪府大阪市東淀川区3-14-24", "url": "https://www.kaigokensaku.mhlw.go.jp/27/index.php?action_kouhyou_detail_004_kani=true&JigyosyoCd=2773000126-00&ServiceCd=780&Type=search", "url2": "https://www.tomoshibifukushikai.jp" }, "geometry": { "type": "Point", "coordinates": [ 135.539347600000013, 34.7417309 ] } },
{ "type": "Feature", "properties": { "内容": "ビハーラこのみ園【地域密着型通所介護】大阪市東淀川区菅原７－１５－１４", "url": "https://www.kaigokensaku.mhlw.go.jp/27/index.php?action_kouhyou_detail_004_kani=true&JigyosyoCd=2773000100-00&ServiceCd=780&Type=search", "url2": "http://vihara-sisinkai.jp" }, "geometry": { "type": "Point", "coordinates": [ 135.5256637, 34.7431577 ] } },
{ "type": "Feature", "properties": { "内容": "ヒマワリ【地域密着型通所介護】大阪府大阪市東淀川区東中島5-24-10", "url": "https://www.kaigokensaku.mhlw.go.jp/27/index.php?action_kouhyou_detail_004_kani=true&JigyosyoCd=2773002775-00&ServiceCd=780&Type=search", "url2": null }, "geometry": { "type": "Point", "coordinates": [ 135.5099169, 34.7339277 ] } },
{ "type": "Feature", "properties": { "内容": "医整会リハビリセンターデイサービス【地域密着型通所介護】大阪府大阪市東淀川区西淡路1丁目16番13号新大阪ＭＦＤビル1階", "url": "https://www.kaigokensaku.mhlw.go.jp/27/index.php?action_kouhyou_detail_004_kani=true&JigyosyoCd=2773003344-00&ServiceCd=780&Type=search", "url2": "http://hp.kaipoke.biz/dap/" }, "geometry": { "type": "Point", "coordinates": [ 135.5063338, 34.7394908 ] } },
{ "type": "Feature", "properties": { "内容": "デイサービス　えんがわ【地域密着型通所介護】大阪府大阪市東淀川区下新庄5丁目26－10セントポリアビィゾン1番館118号", "url": "https://www.kaigokensaku.mhlw.go.jp/27/index.php?action_kouhyou_detail_004_kani=true&JigyosyoCd=2773001553-00&ServiceCd=780&Type=search", "url2": null }, "geometry": { "type": "Point", "coordinates": [ 135.5211349, 34.7490596 ] } },
{ "type": "Feature", "properties": { "内容": "デイサービス　ほたる【地域密着型通所介護】大阪府大阪市東淀川区豊里４－３－１", "url": "https://www.kaigokensaku.mhlw.go.jp/27/index.php?action_kouhyou_detail_004_kani=true&JigyosyoCd=2773003286-00&ServiceCd=780&Type=search", "url2": "http://www.kaigo-hotaru.com" }, "geometry": { "type": "Point", "coordinates": [ 135.541461199999958, 34.7383198 ] } },
{ "type": "Feature", "properties": { "内容": "アスワンケアステーション大桐【地域密着型通所介護】大阪府大阪市東淀川区大桐2-5-8ニシノ整骨院　2F", "url": "https://www.kaigokensaku.mhlw.go.jp/27/index.php?action_kouhyou_detail_004_kani=true&JigyosyoCd=2773003468-00&ServiceCd=780&Type=search", "url2": "http://asone-gp.co.jp/kare_station/" }, "geometry": { "type": "Point", "coordinates": [ 135.541938699999946, 34.7461631 ] } },
{ "type": "Feature", "properties": { "内容": "フローライフ新館【地域密着型通所介護】大阪府大阪市東淀川区北江口四丁目１番７号パルドミール１階", "url": "https://www.kaigokensaku.mhlw.go.jp/27/index.php?action_kouhyou_detail_004_kani=true&JigyosyoCd=2773001231-00&ServiceCd=780&Type=search", "url2": "https://meijicare.com/" }, "geometry": { "type": "Point", "coordinates": [ 135.547491799999989, 34.7583822 ] } },
{ "type": "Feature", "properties": { "内容": "リハビリテーションセンタープラズかみしん【地域密着型通所介護】大阪市東淀川区下新庄二丁目７番１８号　淡路マンション１０３", "url": "https://www.kaigokensaku.mhlw.go.jp/27/index.php?action_kouhyou_detail_004_kani=true&JigyosyoCd=2793000247-00&ServiceCd=780&Type=search", "url2": null }, "geometry": { "type": "Point", "coordinates": [ 135.521420964417985, 34.742984235071255 ] } },
{ "type": "Feature", "properties": { "内容": "認知機能訓練特化型デイサービス　にんリハ淡路【地域密着型通所介護】大阪府大阪市東淀川区東淡路四丁目30番2号イーズメディテラスⅡ6F-A", "url": "https://www.kaigokensaku.mhlw.go.jp/27/index.php?action_kouhyou_detail_004_kani=true&JigyosyoCd=2793000551-00&ServiceCd=780&Type=search", "url2": "https://www.nougenki.jp" }, "geometry": { "type": "Point", "coordinates": [ 135.5185534, 34.7393041 ] } },
{ "type": "Feature", "properties": { "内容": "はんしんいきいきデイサービス大阪淡路店【地域密着型通所介護】大阪府大阪市東淀川区淡路2-3-6", "url": "https://www.kaigokensaku.mhlw.go.jp/27/index.php?action_kouhyou_detail_004_kani=true&JigyosyoCd=2793000361-00&ServiceCd=780&Type=search", "url2": "https://hankyuhanshin-dayservice.com/" }, "geometry": { "type": "Point", "coordinates": [ 135.512432300000029, 34.7353466 ] } },
{ "type": "Feature", "properties": { "内容": "水仙の家【地域密着型通所介護】大阪市東淀川区小松1丁目１２番１０号", "url": "https://www.kaigokensaku.mhlw.go.jp/27/index.php?action_kouhyou_detail_004_kani=true&JigyosyoCd=2793000395-00&ServiceCd=780&Type=search", "url2": "http://www.suisen.or.jp/suisen_ie/" }, "geometry": { "type": "Point", "coordinates": [ 135.533527400000025, 34.7521369 ] } },
{ "type": "Feature", "properties": { "内容": "マスイデイサービス【地域密着型通所介護】大阪府大阪市東淀川区豊里5丁目20-9メゾン豊里101号", "url": "https://www.kaigokensaku.mhlw.go.jp/27/index.php?action_kouhyou_detail_004_kani=true&JigyosyoCd=2793000460-00&ServiceCd=780&Type=search", "url2": "https://masui-dayservice.co.jp/" }, "geometry": { "type": "Point", "coordinates": [ 135.5456676, 34.740882200000023 ] } },
{ "type": "Feature", "properties": { "内容": "リハビリテーションサービスしもしん【地域密着型通所介護】大阪府大阪市東淀川区西淡路4-15-23STRビル102", "url": "https://www.kaigokensaku.mhlw.go.jp/27/index.php?action_kouhyou_detail_004_kani=true&JigyosyoCd=2773002841-00&ServiceCd=780&Type=search", "url2": null }, "geometry": { "type": "Point", "coordinates": [ 135.506380900000067, 34.7433237 ] } },
{ "type": "Feature", "properties": { "内容": "淡路さくら荘【地域密着型通所介護】大阪府大阪市東淀川区淡路３－３－２１", "url": "https://www.kaigokensaku.mhlw.go.jp/27/index.php?action_kouhyou_detail_004_kani=true&JigyosyoCd=2773003799-00&ServiceCd=780&Type=search", "url2": "https://www.sakura-cp.jp/" }, "geometry": { "type": "Point", "coordinates": [ 135.5151027, 34.7377602 ] } },
{ "type": "Feature", "properties": { "内容": "デイサービス米口【地域密着型通所介護】大阪府大阪市東淀川区北江口4-18-8101", "url": "https://www.kaigokensaku.mhlw.go.jp/27/index.php?action_kouhyou_detail_004_kani=true&JigyosyoCd=2773001959-00&ServiceCd=780&Type=search", "url2": null }, "geometry": { "type": "Point", "coordinates": [ 135.548421, 34.7608806 ] } },
{ "type": "Feature", "properties": { "内容": "リハビリデイサービス米口【地域密着型通所介護】大阪府大阪市東淀川区北江口4-18-8102", "url": "https://www.kaigokensaku.mhlw.go.jp/27/index.php?action_kouhyou_detail_004_kani=true&JigyosyoCd=2773003591-00&ServiceCd=780&Type=search", "url2": null }, "geometry": { "type": "Point", "coordinates": [ 135.548421, 34.7608806 ] } },
{ "type": "Feature", "properties": { "内容": "あうん下新庄デイサービス【地域密着型通所介護】大阪府大阪市東淀川区下新庄4-15-13あうん下新庄", "url": "https://www.kaigokensaku.mhlw.go.jp/27/index.php?action_kouhyou_detail_004_kani=true&JigyosyoCd=2793000387-00&ServiceCd=780&Type=search", "url2": "https://allrightassociation.com/" }, "geometry": { "type": "Point", "coordinates": [ 135.5170061, 34.7459733 ] } },
{ "type": "Feature", "properties": { "内容": "リハビリテーション颯　大阪北【地域密着型通所介護】大阪市東淀川区井高野3-3-41マンションひのうえ１階東側", "url": "https://www.kaigokensaku.mhlw.go.jp/27/index.php?action_kouhyou_detail_004_kani=true&JigyosyoCd=2773004078-00&ServiceCd=780&Type=search", "url2": "http://meiji-kaigo.com/sou" }, "geometry": { "type": "Point", "coordinates": [ 135.545729400000027, 34.7661826 ] } },
{ "type": "Feature", "properties": { "内容": "リハビリテーションセンター　アビリティ上新庄【地域密着型通所介護】大阪府大阪市東淀川区小松2-4-31ドミノコントレール1F", "url": "https://www.kaigokensaku.mhlw.go.jp/27/index.php?action_kouhyou_detail_004_kani=true&JigyosyoCd=2773003633-00&ServiceCd=780&Type=search", "url2": null }, "geometry": { "type": "Point", "coordinates": [ 135.53672, 34.7514106 ] } },
{ "type": "Feature", "properties": { "内容": "ふくらはぎ健康法　タオ相川【地域密着型通所介護】大阪府大阪市東淀川区相川2-9-5", "url": "https://www.kaigokensaku.mhlw.go.jp/27/index.php?action_kouhyou_detail_004_kani=true&JigyosyoCd=2773003807-00&ServiceCd=780&Type=search", "url2": "http://fukurahagi-tao.com/" }, "geometry": { "type": "Point", "coordinates": [ 135.534683399999921, 34.758022500000031 ] } },
{ "type": "Feature", "properties": { "内容": "宝塚医療大学附属介護ステーション【地域密着型通所介護】大阪府大阪市東淀川区西淡路3丁目15-31フリーフラット淡路1F", "url": "https://www.kaigokensaku.mhlw.go.jp/27/index.php?action_kouhyou_detail_004_kani=true&JigyosyoCd=2793000296-00&ServiceCd=780&Type=search", "url2": null }, "geometry": { "type": "Point", "coordinates": [ 135.512044300000071, 34.740727 ] } },
{ "type": "Feature", "properties": { "内容": "愛万デイサービスセンター【地域密着型通所介護】大阪府大阪市東成区大今里2-36-18", "url": "https://www.kaigokensaku.mhlw.go.jp/27/index.php?action_kouhyou_detail_004_kani=true&JigyosyoCd=2791500297-00&ServiceCd=780&Type=search", "url2": "https://ema-dsc.com/" }, "geometry": { "type": "Point", "coordinates": [ 135.5512711, 34.6704573 ] } },
{ "type": "Feature", "properties": { "内容": "デイサービスじん2【地域密着型通所介護】大阪府大阪市東成区大今里西1-11-22", "url": "https://www.kaigokensaku.mhlw.go.jp/27/index.php?action_kouhyou_detail_004_kani=true&JigyosyoCd=2791500214-00&ServiceCd=780&Type=search", "url2": null }, "geometry": { "type": "Point", "coordinates": [ 135.5429441, 34.674046798086394 ] } },
{ "type": "Feature", "properties": { "内容": "まごのて深江橋【地域密着型通所介護】大阪府大阪市東成区東今里2丁目12番3号山津ハイツ1F", "url": "https://www.kaigokensaku.mhlw.go.jp/27/index.php?action_kouhyou_detail_004_kani=true&JigyosyoCd=2791500123-00&ServiceCd=780&Type=search", "url2": "https://asakaradei-aioi-kaigo.amebaownd.com" }, "geometry": { "type": "Point", "coordinates": [ 135.550766899999985, 34.6781597 ] } },
{ "type": "Feature", "properties": { "内容": "デイサービスめぐみ【地域密着型通所介護】大阪府大阪市東成区大今里2-18-10", "url": "https://www.kaigokensaku.mhlw.go.jp/27/index.php?action_kouhyou_detail_004_kani=true&JigyosyoCd=2791500206-00&ServiceCd=780&Type=search", "url2": null }, "geometry": { "type": "Point", "coordinates": [ 135.5507738, 34.6724557 ] } },
{ "type": "Feature", "properties": { "内容": "デイサービスぼのほーむ玉造店【地域密着型通所介護】大阪府大阪市東成区東小橋1-13-4ラシーヌ玉造1F", "url": "https://www.kaigokensaku.mhlw.go.jp/27/index.php?action_kouhyou_detail_004_kani=true&JigyosyoCd=2791500222-00&ServiceCd=780&Type=search", "url2": "https://bonohome.jp/" }, "geometry": { "type": "Point", "coordinates": [ 135.5359, 34.6727149 ] } },
{ "type": "Feature", "properties": { "内容": "リハビリデイサービス津田【地域密着型通所介護】大阪府大阪市東成区深江北2-12-18", "url": "https://www.kaigokensaku.mhlw.go.jp/27/index.php?action_kouhyou_detail_004_kani=true&JigyosyoCd=2791500313-00&ServiceCd=780&Type=search", "url2": null }, "geometry": { "type": "Point", "coordinates": [ 135.5597664, 34.6746001 ] } },
{ "type": "Feature", "properties": { "内容": "ゆんたくデイサービスセンター玉津【地域密着型通所介護】大阪市東成区玉津2丁目17番22号", "url": "https://www.kaigokensaku.mhlw.go.jp/27/index.php?action_kouhyou_detail_004_kani=true&JigyosyoCd=2771501802-00&ServiceCd=780&Type=search", "url2": null }, "geometry": { "type": "Point", "coordinates": [ 135.537168299999962, 34.6676188 ] } },
{ "type": "Feature", "properties": { "内容": "デイサービスげんき【地域密着型通所介護】大阪府大阪市東成区深江南2-2-７南側デイサービスげんき", "url": "https://www.kaigokensaku.mhlw.go.jp/27/index.php?action_kouhyou_detail_004_kani=true&JigyosyoCd=2771502438-00&ServiceCd=780&Type=search", "url2": null }, "geometry": { "type": "Point", "coordinates": [ 135.558836340475409, 34.67286372354355 ] } },
{ "type": "Feature", "properties": { "内容": "株式会社トーヨーケアセンター大阪【地域密着型通所介護】大阪府大阪市東成区玉津2丁目3番31号株式会社トーヨーケアセンター大阪", "url": "https://www.kaigokensaku.mhlw.go.jp/27/index.php?action_kouhyou_detail_004_kani=true&JigyosyoCd=2771500242-00&ServiceCd=780&Type=search", "url2": "http://www.toyocare-c.com" }, "geometry": { "type": "Point", "coordinates": [ 135.5365873, 34.6700412 ] } },
{ "type": "Feature", "properties": { "内容": "茶話本舗デイサービス今里の家【地域密着型通所介護】大阪府大阪市東成区大今里南2-7-22ブランデール今里", "url": "https://www.kaigokensaku.mhlw.go.jp/27/index.php?action_kouhyou_detail_004_kani=true&JigyosyoCd=2771501406-00&ServiceCd=780&Type=search", "url2": "http://www.sawahonpo.com/detail/10262/" }, "geometry": { "type": "Point", "coordinates": [ 135.546806132540922, 34.666740730675031 ] } },
{ "type": "Feature", "properties": { "内容": "ふくふく庵ガーデン【地域密着型通所介護】大阪府大阪市東成区東小橋１－３－１１マンション一心堂１階", "url": "https://www.kaigokensaku.mhlw.go.jp/27/index.php?action_kouhyou_detail_004_kani=true&JigyosyoCd=2771501117-00&ServiceCd=780&Type=search", "url2": "http://www.forestcareservice.co.jp/" }, "geometry": { "type": "Point", "coordinates": [ 135.535329400000023, 34.674115300000011 ] } },
{ "type": "Feature", "properties": { "内容": "みんなの家　まんま中本【地域密着型通所介護】大阪市東成区中本4丁目12-6", "url": "https://www.kaigokensaku.mhlw.go.jp/27/index.php?action_kouhyou_detail_004_kani=true&JigyosyoCd=2771501190-00&ServiceCd=780&Type=search", "url2": "http://manma.html.xdomain.jp/" }, "geometry": { "type": "Point", "coordinates": [ 135.539763910416013, 34.67487664347216 ] } },
{ "type": "Feature", "properties": { "内容": "リハスタジオみおつくし森ノ宮【地域密着型通所介護】大阪府大阪市東成区中本１丁目３番６号ベルビュー森ノ宮１F", "url": "https://www.kaigokensaku.mhlw.go.jp/27/index.php?action_kouhyou_detail_004_kani=true&JigyosyoCd=2771502602-00&ServiceCd=780&Type=search", "url2": "http://miotsukushi.org/" }, "geometry": { "type": "Point", "coordinates": [ 135.54087329999993, 34.681934 ] } },
{ "type": "Feature", "properties": { "内容": "ビーナスプラス鶴橋【地域密着型通所介護】大阪府大阪市東成区東小橋2丁目5-34", "url": "https://www.kaigokensaku.mhlw.go.jp/27/index.php?action_kouhyou_detail_004_kani=true&JigyosyoCd=2791500172-00&ServiceCd=780&Type=search", "url2": "https://www.venus-comrade.co.jp/office/plus_tsuruhashi/" }, "geometry": { "type": "Point", "coordinates": [ 135.534951699999965, 34.6691464 ] } },
{ "type": "Feature", "properties": { "内容": "トレーニングデイグレイス【地域密着型通所介護】大阪府大阪市東成区大今里南1-11-14オリエンタル大今里102", "url": "https://www.kaigokensaku.mhlw.go.jp/27/index.php?action_kouhyou_detail_004_kani=true&JigyosyoCd=2791500289-00&ServiceCd=780&Type=search", "url2": null }, "geometry": { "type": "Point", "coordinates": [ 135.5431436, 34.6675439 ] } },
{ "type": "Feature", "properties": { "内容": "リハプライド今里【地域密着型通所介護】大阪府大阪市東成区大今里2-6-1", "url": "https://www.kaigokensaku.mhlw.go.jp/27/index.php?action_kouhyou_detail_004_kani=true&JigyosyoCd=2791500230-00&ServiceCd=780&Type=search", "url2": "https://www.rehapride.co.jp/imazato/" }, "geometry": { "type": "Point", "coordinates": [ 135.5496276, 34.674122 ] } },
{ "type": "Feature", "properties": { "内容": "アクティブデイサービスリハカフェ東成【地域密着型通所介護】大阪府大阪市東成区大今里南1丁目26番1号メゾンクリスタル", "url": "https://www.kaigokensaku.mhlw.go.jp/27/index.php?action_kouhyou_detail_004_kani=true&JigyosyoCd=2771502271-00&ServiceCd=780&Type=search", "url2": "http://active-nopsj.com" }, "geometry": { "type": "Point", "coordinates": [ 135.545967499999961, 34.668069 ] } },
{ "type": "Feature", "properties": { "内容": "健ちゃんデイサービス【地域密着型通所介護】大阪市東成区大今里南4-2-10", "url": "https://www.kaigokensaku.mhlw.go.jp/27/index.php?action_kouhyou_detail_004_kani=true&JigyosyoCd=2771501752-00&ServiceCd=780&Type=search", "url2": "https://kentyan.crayonsite.info/" }, "geometry": { "type": "Point", "coordinates": [ 135.5531085, 34.6677832 ] } },
{ "type": "Feature", "properties": { "内容": "デイサービス奈奈【地域密着型通所介護】大阪府大阪市東成区東小橋1-15-5アヴァンティ玉造101", "url": "https://www.kaigokensaku.mhlw.go.jp/27/index.php?action_kouhyou_detail_004_kani=true&JigyosyoCd=2771503998-00&ServiceCd=780&Type=search", "url2": null }, "geometry": { "type": "Point", "coordinates": [ 135.5350176, 34.6718258 ] } },
{ "type": "Feature", "properties": { "内容": "デイサービスコジー【地域密着型通所介護】大阪市東成区大今里西1−18−5スマイルハイツ大今里西101号", "url": "https://www.kaigokensaku.mhlw.go.jp/27/index.php?action_kouhyou_detail_004_kani=true&JigyosyoCd=2791500305-00&ServiceCd=780&Type=search", "url2": null }, "geometry": { "type": "Point", "coordinates": [ 135.541964299999989, 34.672078 ] } },
{ "type": "Feature", "properties": { "内容": "自立支援特化型デイサービスたびのすけ【地域密着型通所介護】大阪府大阪市東成区東中本3丁目3番6号", "url": "https://www.kaigokensaku.mhlw.go.jp/27/index.php?action_kouhyou_detail_004_kani=true&JigyosyoCd=2791500263-00&ServiceCd=780&Type=search", "url2": "https://www.tabinosuke.net/" }, "geometry": { "type": "Point", "coordinates": [ 135.546958499999988, 34.6774832 ] } },
{ "type": "Feature", "properties": { "内容": "にぎわいデイサービス【地域密着型通所介護】大阪府大阪市東成区東今里３－１４－６", "url": "https://www.kaigokensaku.mhlw.go.jp/27/index.php?action_kouhyou_detail_004_kani=true&JigyosyoCd=2771502289-00&ServiceCd=780&Type=search", "url2": null }, "geometry": { "type": "Point", "coordinates": [ 135.550311400000027, 34.675796 ] } },
{ "type": "Feature", "properties": { "内容": "パナソニックエイジフリーケアセンター今里・デイサービス【地域密着型通所介護】大阪府大阪市東成区大今里南２－４－６エレガンス川上１F", "url": "https://www.kaigokensaku.mhlw.go.jp/27/index.php?action_kouhyou_detail_004_kani=true&JigyosyoCd=2771502156-00&ServiceCd=780&Type=search", "url2": null }, "geometry": { "type": "Point", "coordinates": [ 135.54853329325411, 34.66738082412531 ] } },
{ "type": "Feature", "properties": { "内容": "深江南デイサービスセンター【地域密着型通所介護】大阪府大阪市東成区深江南３丁目１４番６号", "url": "https://www.kaigokensaku.mhlw.go.jp/27/index.php?action_kouhyou_detail_004_kani=true&JigyosyoCd=2771500291-00&ServiceCd=780&Type=search", "url2": "http://houkenkai.com" }, "geometry": { "type": "Point", "coordinates": [ 135.561638200000061, 34.670191500000037 ] } },
{ "type": "Feature", "properties": { "内容": "Nextデイサービス【地域密着型通所介護】大阪府大阪市東成区東小橋二丁目10番26号リバーライズ東小橋Ⅱ1階", "url": "https://www.kaigokensaku.mhlw.go.jp/27/index.php?action_kouhyou_detail_004_kani=true&JigyosyoCd=2791500180-00&ServiceCd=780&Type=search", "url2": "https://www.yuuznext.jp" }, "geometry": { "type": "Point", "coordinates": [ 135.53210480000007, 34.6693074 ] } },
{ "type": "Feature", "properties": { "内容": "ベルラック桃谷【地域密着型通所介護】大阪府大阪市生野区桃谷一丁目９-２１クレイン桃谷ビル１階", "url": "https://www.kaigokensaku.mhlw.go.jp/27/index.php?action_kouhyou_detail_004_kani=true&JigyosyoCd=2792200467-00&ServiceCd=780&Type=search", "url2": "http://bellelac.com" }, "geometry": { "type": "Point", "coordinates": [ 135.5297835, 34.658464 ] } },
{ "type": "Feature", "properties": { "内容": "よりあい処菜の花【地域密着型通所介護】大阪府大阪市生野区勝山北2-11-22", "url": "https://www.kaigokensaku.mhlw.go.jp/27/index.php?action_kouhyou_detail_004_kani=true&JigyosyoCd=2792200632-00&ServiceCd=780&Type=search", "url2": "https://www.nanohana-osaka.com" }, "geometry": { "type": "Point", "coordinates": [ 135.5307709, 34.655614499999984 ] } },
{ "type": "Feature", "properties": { "内容": "デイサービスじん【地域密着型通所介護】大阪府大阪市生野区鶴橋3-6-34", "url": "https://www.kaigokensaku.mhlw.go.jp/27/index.php?action_kouhyou_detail_004_kani=true&JigyosyoCd=2792200517-00&ServiceCd=780&Type=search", "url2": null }, "geometry": { "type": "Point", "coordinates": [ 135.5343734, 34.6631084 ] } },
{ "type": "Feature", "properties": { "内容": "リハ＆デイ　いちにの３【地域密着型通所介護】大阪府大阪市生野区巽北3丁目20-15", "url": "https://www.kaigokensaku.mhlw.go.jp/27/index.php?action_kouhyou_detail_004_kani=true&JigyosyoCd=2792200715-00&ServiceCd=780&Type=search", "url2": null }, "geometry": { "type": "Point", "coordinates": [ 135.5555565, 34.6550993 ] } },
{ "type": "Feature", "properties": { "内容": "デイサービス　レガーヴル【地域密着型通所介護】大阪府大阪市生野区巽西3丁目16番16号メルヘン21　1階", "url": "https://www.kaigokensaku.mhlw.go.jp/27/index.php?action_kouhyou_detail_004_kani=true&JigyosyoCd=2792200350-00&ServiceCd=780&Type=search", "url2": "https://www.legarvre.com/" }, "geometry": { "type": "Point", "coordinates": [ 135.547964725794941, 34.645636766102449 ] } },
{ "type": "Feature", "properties": { "内容": "ビーナスプラス田島【地域密着型通所介護】大阪府大阪市生野区田島6-1-30", "url": "https://www.kaigokensaku.mhlw.go.jp/27/index.php?action_kouhyou_detail_004_kani=true&JigyosyoCd=2792200459-00&ServiceCd=780&Type=search", "url2": "https://www.venus-comrade.co.jp/office/plus_tajima/" }, "geometry": { "type": "Point", "coordinates": [ 135.539356600000019, 34.6431415 ] } },
{ "type": "Feature", "properties": { "内容": "ふうびデイサービス【地域密着型通所介護】大阪市生野区田島3-1-17", "url": "https://www.kaigokensaku.mhlw.go.jp/27/index.php?action_kouhyou_detail_004_kani=true&JigyosyoCd=2792200574-00&ServiceCd=780&Type=search", "url2": null }, "geometry": { "type": "Point", "coordinates": [ 135.5415681, 34.648837 ] } },
{ "type": "Feature", "properties": { "内容": "ハッピーアンドハッピー生野【地域密着型通所介護】大阪府大阪市生野区勝山北１−８−１１", "url": "https://www.kaigokensaku.mhlw.go.jp/27/index.php?action_kouhyou_detail_004_kani=true&JigyosyoCd=2792200665-00&ServiceCd=780&Type=search", "url2": "https://www.happy-ikuno.com/" }, "geometry": { "type": "Point", "coordinates": [ 135.5304945, 34.6562698 ] } },
{ "type": "Feature", "properties": { "内容": "Salondespa月光園【地域密着型通所介護】大阪市生野区新今里4-5-12サンプラザ今里1番館", "url": "https://www.kaigokensaku.mhlw.go.jp/27/index.php?action_kouhyou_detail_004_kani=true&JigyosyoCd=2792200681-00&ServiceCd=780&Type=search", "url2": "https://gekkouen.jp" }, "geometry": { "type": "Point", "coordinates": [ 135.5503917, 34.6638108 ] } },
{ "type": "Feature", "properties": { "内容": "サン・アクエリア地域密着型通所介護事業所【地域密着型通所介護】大阪府大阪市生野区新今里4-11-17", "url": "https://www.kaigokensaku.mhlw.go.jp/27/index.php?action_kouhyou_detail_004_kani=true&JigyosyoCd=2792200723-00&ServiceCd=780&Type=search", "url2": "https://www.san-akuaria.com" }, "geometry": { "type": "Point", "coordinates": [ 135.548931900000014, 34.6624779 ] } },
{ "type": "Feature", "properties": { "内容": "リハビリデイサービス生活館【地域密着型通所介護】大阪府大阪市生野区小路東5-9-11", "url": "https://www.kaigokensaku.mhlw.go.jp/27/index.php?action_kouhyou_detail_004_kani=true&JigyosyoCd=2792200277-00&ServiceCd=780&Type=search", "url2": "https://www.nposeikatukan.jp/" }, "geometry": { "type": "Point", "coordinates": [ 135.560745824178895, 34.655817412049643 ] } },
{ "type": "Feature", "properties": { "内容": "宅老所あでらんて「二条通りの家」【地域密着型通所介護】大阪府大阪市生野区田島一丁目６番14号", "url": "https://www.kaigokensaku.mhlw.go.jp/27/index.php?action_kouhyou_detail_004_kani=true&JigyosyoCd=2772203333-00&ServiceCd=780&Type=search", "url2": "http://www.afpev320.wix.com/adelante2007" }, "geometry": { "type": "Point", "coordinates": [ 135.541796100000056, 34.6511959 ] } },
{ "type": "Feature", "properties": { "内容": "宅老所あでらんて「林寺生野本通りの家」【地域密着型通所介護】大阪府大阪市生野区林寺2-5-1", "url": "https://www.kaigokensaku.mhlw.go.jp/27/index.php?action_kouhyou_detail_004_kani=true&JigyosyoCd=2772204448-00&ServiceCd=780&Type=search", "url2": "http://www.adelante2007.co.jp/" }, "geometry": { "type": "Point", "coordinates": [ 135.53100280000001, 34.6460768 ] } },
{ "type": "Feature", "properties": { "内容": "デイサービスサロン”ひとと樹”【地域密着型通所介護】大阪府大阪市生野区田島四丁目９番２４号", "url": "https://www.kaigokensaku.mhlw.go.jp/27/index.php?action_kouhyou_detail_004_kani=true&JigyosyoCd=2772204455-00&ServiceCd=780&Type=search", "url2": "http://ikuno-hitotoki.com" }, "geometry": { "type": "Point", "coordinates": [ 135.541743499999939, 34.6464937 ] } },
{ "type": "Feature", "properties": { "内容": "HOSPO【地域密着型通所介護】大阪府大阪市生野区巽中2-22-3", "url": "https://www.kaigokensaku.mhlw.go.jp/27/index.php?action_kouhyou_detail_004_kani=true&JigyosyoCd=2772206468-00&ServiceCd=780&Type=search", "url2": null }, "geometry": { "type": "Point", "coordinates": [ 135.553445099999976, 34.6489854 ] } },
{ "type": "Feature", "properties": { "内容": "株式会社げんき【地域密着型通所介護】大阪府大阪市生野区田島5丁目17番15号-A", "url": "https://www.kaigokensaku.mhlw.go.jp/27/index.php?action_kouhyou_detail_004_kani=true&JigyosyoCd=2772204240-00&ServiceCd=780&Type=search", "url2": null }, "geometry": { "type": "Point", "coordinates": [ 135.544517899999988, 34.6453575 ] } },
{ "type": "Feature", "properties": { "内容": "筋トレデイサービスすまい【地域密着型通所介護】大阪府大阪市生野区巽北1-14-11サンパレス巽北1階", "url": "https://www.kaigokensaku.mhlw.go.jp/27/index.php?action_kouhyou_detail_004_kani=true&JigyosyoCd=2772205015-00&ServiceCd=780&Type=search", "url2": null }, "geometry": { "type": "Point", "coordinates": [ 135.545140100000026, 34.6562788 ] } },
{ "type": "Feature", "properties": { "内容": "いこいデイサービス【地域密着型通所介護】大阪府大阪市生野区生野東３丁目8-14", "url": "https://www.kaigokensaku.mhlw.go.jp/27/index.php?action_kouhyou_detail_004_kani=true&JigyosyoCd=2772204729-00&ServiceCd=780&Type=search", "url2": null }, "geometry": { "type": "Point", "coordinates": [ 135.535417415344227, 34.649664717946585 ] } },
{ "type": "Feature", "properties": { "内容": "リハビリデイ　あ・うん【地域密着型通所介護】大阪府大阪市生野区林寺３－４－４", "url": "https://www.kaigokensaku.mhlw.go.jp/27/index.php?action_kouhyou_detail_004_kani=true&JigyosyoCd=2772205627-00&ServiceCd=780&Type=search", "url2": null }, "geometry": { "type": "Point", "coordinates": [ 135.535110799999984, 34.6459408 ] } },
{ "type": "Feature", "properties": { "内容": "心の虹デイサービスおはな【地域密着型通所介護】大阪市生野区林寺５丁目10-25", "url": "https://www.kaigokensaku.mhlw.go.jp/27/index.php?action_kouhyou_detail_004_kani=true&JigyosyoCd=2772204687-00&ServiceCd=780&Type=search", "url2": "http://hp.kaipoke.biz/bdp/" }, "geometry": { "type": "Point", "coordinates": [ 135.538238299999989, 34.6447272 ] } },
{ "type": "Feature", "properties": { "内容": "デイサービス　パティーナ【地域密着型通所介護】大阪市生野区鶴橋5丁目21-19", "url": "https://www.kaigokensaku.mhlw.go.jp/27/index.php?action_kouhyou_detail_004_kani=true&JigyosyoCd=2772204836-00&ServiceCd=780&Type=search", "url2": null }, "geometry": { "type": "Point", "coordinates": [ 135.538523899999973, 34.6620751 ] } },
{ "type": "Feature", "properties": { "内容": "リハビリデイサービスまごころ【地域密着型通所介護】大阪府大阪市生野区巽南１－１－９", "url": "https://www.kaigokensaku.mhlw.go.jp/27/index.php?action_kouhyou_detail_004_kani=true&JigyosyoCd=2772204794-00&ServiceCd=780&Type=search", "url2": null }, "geometry": { "type": "Point", "coordinates": [ 135.5451253, 34.6424061 ] } },
{ "type": "Feature", "properties": { "内容": "リハ&トレ　デイサービス生野南いらか【地域密着型通所介護】大阪府大阪市生野区田島6丁目１３－４", "url": "https://www.kaigokensaku.mhlw.go.jp/27/index.php?action_kouhyou_detail_004_kani=true&JigyosyoCd=2772204844-00&ServiceCd=780&Type=search", "url2": "http://www.sansyukai.jp" }, "geometry": { "type": "Point", "coordinates": [ 135.5423075, 34.6417638 ] } },
{ "type": "Feature", "properties": { "内容": "長屋デイサービスつなぐ【地域密着型通所介護】大阪府大阪市生野区小路東1-16-28", "url": "https://www.kaigokensaku.mhlw.go.jp/27/index.php?action_kouhyou_detail_004_kani=true&JigyosyoCd=2772204877-00&ServiceCd=780&Type=search", "url2": null }, "geometry": { "type": "Point", "coordinates": [ 135.559055299999955, 34.6619896 ] } },
{ "type": "Feature", "properties": { "内容": "デイサービスはるかぜ【地域密着型通所介護】大阪府大阪市生野区中川４－１１－１２", "url": "https://www.kaigokensaku.mhlw.go.jp/27/index.php?action_kouhyou_detail_004_kani=true&JigyosyoCd=2772204828-00&ServiceCd=780&Type=search", "url2": "https://athome-cs.com/" }, "geometry": { "type": "Point", "coordinates": [ 135.5429014, 34.6573619 ] } },
{ "type": "Feature", "properties": { "内容": "宅老所あおぞら【地域密着型通所介護】大阪府大阪市生野区小路１丁目５番１６号", "url": "https://www.kaigokensaku.mhlw.go.jp/27/index.php?action_kouhyou_detail_004_kani=true&JigyosyoCd=2772205023-00&ServiceCd=780&Type=search", "url2": "https://0fs7xc2d321559y.wixsite.com/takurousyo-aozora" }, "geometry": { "type": "Point", "coordinates": [ 135.552778100000069, 34.6619783 ] } },
{ "type": "Feature", "properties": { "内容": "歩行リハビリデイサービスセンター　リライフ【地域密着型通所介護】大阪府大阪市生野区勝山北5-21-13よしとみビル3F", "url": "https://www.kaigokensaku.mhlw.go.jp/27/index.php?action_kouhyou_detail_004_kani=true&JigyosyoCd=2792200285-00&ServiceCd=780&Type=search", "url2": null }, "geometry": { "type": "Point", "coordinates": [ 135.538913, 34.6539094 ] } },
{ "type": "Feature", "properties": { "内容": "デイサービスこく輪巽西【地域密着型通所介護】大阪府大阪市生野区巽西４－７－２", "url": "https://www.kaigokensaku.mhlw.go.jp/27/index.php?action_kouhyou_detail_004_kani=true&JigyosyoCd=2772204943-00&ServiceCd=780&Type=search", "url2": null }, "geometry": { "type": "Point", "coordinates": [ 135.546843718359952, 34.644931729468198 ] } },
{ "type": "Feature", "properties": { "内容": "小路の湯【地域密着型通所介護】大阪府大阪市生野区小路東2丁目12-15-1階", "url": "https://www.kaigokensaku.mhlw.go.jp/27/index.php?action_kouhyou_detail_004_kani=true&JigyosyoCd=2792200475-00&ServiceCd=780&Type=search", "url2": null }, "geometry": { "type": "Point", "coordinates": [ 135.556979100000035, 34.661482100000015 ] } },
{ "type": "Feature", "properties": { "内容": "歩行リハビリデイサービスセンター　リライフプラス【地域密着型通所介護】大阪府大阪市生野区勝山北5-21-13よしとみビル2F", "url": "https://www.kaigokensaku.mhlw.go.jp/27/index.php?action_kouhyou_detail_004_kani=true&JigyosyoCd=2792200434-00&ServiceCd=780&Type=search", "url2": null }, "geometry": { "type": "Point", "coordinates": [ 135.5389166, 34.6539077 ] } },
{ "type": "Feature", "properties": { "内容": "デイサービスコサージュ【地域密着型通所介護】大阪府大阪市生野区巽西2-4-14マンションサンパール　１階", "url": "https://www.kaigokensaku.mhlw.go.jp/27/index.php?action_kouhyou_detail_004_kani=true&JigyosyoCd=2772205270-00&ServiceCd=780&Type=search", "url2": "https://corsage-day.jimdo.com/" }, "geometry": { "type": "Point", "coordinates": [ 135.545329199999969, 34.6482158 ] } },
{ "type": "Feature", "properties": { "内容": "デイサービス寿福の家巽【地域密着型通所介護】大阪府大阪市生野区巽西4-7-26", "url": "https://www.kaigokensaku.mhlw.go.jp/27/index.php?action_kouhyou_detail_004_kani=true&JigyosyoCd=2792200566-00&ServiceCd=780&Type=search", "url2": "https://www.kent-medical.com" }, "geometry": { "type": "Point", "coordinates": [ 135.5476587, 34.6442515 ] } },
{ "type": "Feature", "properties": { "内容": "リハビリセンターレガーヴル田島店【地域密着型通所介護】大阪府大阪市生野区田島1-13-16-1F", "url": "https://www.kaigokensaku.mhlw.go.jp/27/index.php?action_kouhyou_detail_004_kani=true&JigyosyoCd=2792200756-00&ServiceCd=780&Type=search", "url2": "https://www.legarvre.com/" }, "geometry": { "type": "Point", "coordinates": [ 135.5428861, 34.6514848 ] } },
{ "type": "Feature", "properties": { "内容": "デイサービスSORA【地域密着型通所介護】大阪府大阪市生野区林寺6丁目3-14", "url": "https://www.kaigokensaku.mhlw.go.jp/27/index.php?action_kouhyou_detail_004_kani=true&JigyosyoCd=2792200731-00&ServiceCd=780&Type=search", "url2": null }, "geometry": { "type": "Point", "coordinates": [ 135.5387921, 34.6428285 ] } },
{ "type": "Feature", "properties": { "内容": "竹の子リハトレセンター【地域密着型通所介護】大阪府大阪市生野区田島五丁目7番31号", "url": "https://www.kaigokensaku.mhlw.go.jp/27/index.php?action_kouhyou_detail_004_kani=true&JigyosyoCd=2792200400-00&ServiceCd=780&Type=search", "url2": "http://gaisera.com/" }, "geometry": { "type": "Point", "coordinates": [ 135.5408693, 34.6433166 ] } },
{ "type": "Feature", "properties": { "内容": "ナチュラル林寺デイサービス【地域密着型通所介護】大阪府大阪市生野区林寺6丁目2番15号", "url": "https://www.kaigokensaku.mhlw.go.jp/27/index.php?action_kouhyou_detail_004_kani=true&JigyosyoCd=2792200590-00&ServiceCd=780&Type=search", "url2": "https://www.natureheals.net/" }, "geometry": { "type": "Point", "coordinates": [ 135.5388489, 34.643125 ] } },
{ "type": "Feature", "properties": { "内容": "CHrデイサービスセンターリライフアップ【地域密着型通所介護】大阪府大阪市生野区勝山北5-21-13よしとみビル4F", "url": "https://www.kaigokensaku.mhlw.go.jp/27/index.php?action_kouhyou_detail_004_kani=true&JigyosyoCd=2792200657-00&ServiceCd=780&Type=search", "url2": null }, "geometry": { "type": "Point", "coordinates": [ 135.5389166, 34.6539077 ] } },
{ "type": "Feature", "properties": { "内容": "デイサービス寿康【地域密着型通所介護】大阪府大阪市生野区小路東2-12-13", "url": "https://www.kaigokensaku.mhlw.go.jp/27/index.php?action_kouhyou_detail_004_kani=true&JigyosyoCd=2792200483-00&ServiceCd=780&Type=search", "url2": null }, "geometry": { "type": "Point", "coordinates": [ 135.5569782, 34.6613192 ] } },
{ "type": "Feature", "properties": { "内容": "筋トレデイサービスくろーばー【地域密着型通所介護】大阪市生野区鶴橋2-11-25", "url": "https://www.kaigokensaku.mhlw.go.jp/27/index.php?action_kouhyou_detail_004_kani=true&JigyosyoCd=2772203499-00&ServiceCd=780&Type=search", "url2": null }, "geometry": { "type": "Point", "coordinates": [ 135.53163, 34.6641024 ] } },
{ "type": "Feature", "properties": { "内容": "社会福祉法人藤光会【地域密着型通所介護】大阪府大阪市生野区巽南3-5-25", "url": "https://www.kaigokensaku.mhlw.go.jp/27/index.php?action_kouhyou_detail_004_kani=true&JigyosyoCd=2772200537-00&ServiceCd=780&Type=search", "url2": "http://toukoukai.net/" }, "geometry": { "type": "Point", "coordinates": [ 135.5500207, 34.6410863 ] } },
{ "type": "Feature", "properties": { "内容": "いきいき今里【地域密着型通所介護】大阪府大阪市生野区中川二丁目1番3号ライオンズマンション今里１Ｆ", "url": "https://www.kaigokensaku.mhlw.go.jp/27/index.php?action_kouhyou_detail_004_kani=true&JigyosyoCd=2772204489-00&ServiceCd=780&Type=search", "url2": "http://iki-iki.info/imazato/" }, "geometry": { "type": "Point", "coordinates": [ 135.542693900017383, 34.661928131497461 ] } },
{ "type": "Feature", "properties": { "内容": "かざみどり【地域密着型通所介護】大阪府大阪市生野区小路東2-5-10", "url": "https://www.kaigokensaku.mhlw.go.jp/27/index.php?action_kouhyou_detail_004_kani=true&JigyosyoCd=2792200764-00&ServiceCd=780&Type=search", "url2": null }, "geometry": { "type": "Point", "coordinates": [ 135.557407849073797, 34.659010050112244 ] } },
{ "type": "Feature", "properties": { "内容": "さくらデイサービス【地域密着型通所介護】大阪府大阪市生野区生野区田島四丁目１５番１１号", "url": "https://www.kaigokensaku.mhlw.go.jp/27/index.php?action_kouhyou_detail_004_kani=true&JigyosyoCd=2792200533-00&ServiceCd=780&Type=search", "url2": "https://sakuradayservice.jp/" }, "geometry": { "type": "Point", "coordinates": [ 135.543312586508165, 34.645570413223538 ] } },
{ "type": "Feature", "properties": { "内容": "コクーン【地域密着型通所介護】大阪府大阪市旭区大宮2丁目20-3コクーン", "url": "https://www.kaigokensaku.mhlw.go.jp/27/index.php?action_kouhyou_detail_004_kani=true&JigyosyoCd=2793100278-00&ServiceCd=780&Type=search", "url2": null }, "geometry": { "type": "Point", "coordinates": [ 135.546924100000012, 34.722433699999989 ] } },
{ "type": "Feature", "properties": { "内容": "ビーナスプラス高殿【地域密着型通所介護】大阪府大阪市旭区高殿1丁目4-14", "url": "https://www.kaigokensaku.mhlw.go.jp/27/index.php?action_kouhyou_detail_004_kani=true&JigyosyoCd=2793100195-00&ServiceCd=780&Type=search", "url2": null }, "geometry": { "type": "Point", "coordinates": [ 135.533825400000069, 34.7199142 ] } },
{ "type": "Feature", "properties": { "内容": "リハビリデイサービス　げんき倶楽部【地域密着型通所介護】大阪府大阪市旭区高殿2-9-13エクソン高殿1階", "url": "https://www.kaigokensaku.mhlw.go.jp/27/index.php?action_kouhyou_detail_004_kani=true&JigyosyoCd=2793100179-00&ServiceCd=780&Type=search", "url2": null }, "geometry": { "type": "Point", "coordinates": [ 135.537886800000024, 34.718033 ] } },
{ "type": "Feature", "properties": { "内容": "株式会社やすら木　やすらぎDayあさひ【地域密着型通所介護】大阪府大阪市旭区中宮5丁目4-30ライオンズマンション102", "url": "https://www.kaigokensaku.mhlw.go.jp/27/index.php?action_kouhyou_detail_004_kani=true&JigyosyoCd=2793100153-00&ServiceCd=780&Type=search", "url2": null }, "geometry": { "type": "Point", "coordinates": [ 135.544969400000014, 34.7290125 ] } },
{ "type": "Feature", "properties": { "内容": "ユーフィット高殿【地域密着型通所介護】大阪府大阪市旭区高殿6-3-15ハイツアドニス", "url": "https://www.kaigokensaku.mhlw.go.jp/27/index.php?action_kouhyou_detail_004_kani=true&JigyosyoCd=2793100187-00&ServiceCd=780&Type=search", "url2": "http://hanamaru-day.com" }, "geometry": { "type": "Point", "coordinates": [ 135.546455, 34.7161049 ] } },
{ "type": "Feature", "properties": { "内容": "つるかめはうす【地域密着型通所介護】大阪府大阪市旭区森小路２－１６－１６", "url": "https://www.kaigokensaku.mhlw.go.jp/27/index.php?action_kouhyou_detail_004_kani=true&JigyosyoCd=2773102757-00&ServiceCd=780&Type=search", "url2": "https://turukame-group.com/" }, "geometry": { "type": "Point", "coordinates": [ 135.550941400000056, 34.7203635 ] } },
{ "type": "Feature", "properties": { "内容": "ほまれデイサービスセンター【地域密着型通所介護】大阪府大阪市旭区高殿７丁目１５番６号", "url": "https://www.kaigokensaku.mhlw.go.jp/27/index.php?action_kouhyou_detail_004_kani=true&JigyosyoCd=2773102526-00&ServiceCd=780&Type=search", "url2": "http://www.asahi-care.com/" }, "geometry": { "type": "Point", "coordinates": [ 135.548563800000011, 34.7177526 ] } },
{ "type": "Feature", "properties": { "内容": "ポラリスデイサービスセンター生江【地域密着型通所介護】大阪府大阪市旭区生江二丁目7番19号", "url": "https://www.kaigokensaku.mhlw.go.jp/27/index.php?action_kouhyou_detail_004_kani=true&JigyosyoCd=2773102864-00&ServiceCd=780&Type=search", "url2": null }, "geometry": { "type": "Point", "coordinates": [ 135.53652961349178, 34.724520883661405 ] } },
{ "type": "Feature", "properties": { "内容": "オーケーデイサービス新森公園【地域密着型通所介護】大阪府大阪市旭区新森５－１３－１－１Ｆ", "url": "https://www.kaigokensaku.mhlw.go.jp/27/index.php?action_kouhyou_detail_004_kani=true&JigyosyoCd=2773101692-00&ServiceCd=780&Type=search", "url2": "http://www.occn.zaq.ne.jp/cuwaw203/" }, "geometry": { "type": "Point", "coordinates": [ 135.556246500000043, 34.7198247 ] } },
{ "type": "Feature", "properties": { "内容": "樹楽団らんの家高殿【地域密着型通所介護】大阪府大阪市旭区高殿4-18-21", "url": "https://www.kaigokensaku.mhlw.go.jp/27/index.php?action_kouhyou_detail_004_kani=true&JigyosyoCd=2773101999-00&ServiceCd=780&Type=search", "url2": null }, "geometry": { "type": "Point", "coordinates": [ 135.542247699999962, 34.7162249 ] } },
{ "type": "Feature", "properties": { "内容": "リハビリテーションセンター　アビリティ森小路【地域密着型通所介護】大阪府大阪市旭区新森3-3-22", "url": "https://www.kaigokensaku.mhlw.go.jp/27/index.php?action_kouhyou_detail_004_kani=true&JigyosyoCd=2773102625-00&ServiceCd=780&Type=search", "url2": null }, "geometry": { "type": "Point", "coordinates": [ 135.5530866, 34.7200167 ] } },
{ "type": "Feature", "properties": { "内容": "デイサービスにしき【地域密着型通所介護】大阪市旭区中宮一丁目9番23号", "url": "https://www.kaigokensaku.mhlw.go.jp/27/index.php?action_kouhyou_detail_004_kani=true&JigyosyoCd=2773102971-00&ServiceCd=780&Type=search", "url2": "https://asahi-marble.com" }, "geometry": { "type": "Point", "coordinates": [ 135.541303199999987, 34.7220104 ] } },
{ "type": "Feature", "properties": { "内容": "笑和デイサービス【地域密着型通所介護】大阪府大阪市旭区森小路一丁目11-8", "url": "https://www.kaigokensaku.mhlw.go.jp/27/index.php?action_kouhyou_detail_004_kani=true&JigyosyoCd=2773102021-00&ServiceCd=780&Type=search", "url2": "http://syouwa-raku.co.jp/" }, "geometry": { "type": "Point", "coordinates": [ 135.548658199999977, 34.72168 ] } },
{ "type": "Feature", "properties": { "内容": "笑和健康リハビリデイサービス関目【地域密着型通所介護】大阪府大阪市旭区高殿７－１－２５", "url": "https://www.kaigokensaku.mhlw.go.jp/27/index.php?action_kouhyou_detail_004_kani=true&JigyosyoCd=2773102302-00&ServiceCd=780&Type=search", "url2": "http://syouwa-raku.co.jp/" }, "geometry": { "type": "Point", "coordinates": [ 135.547580599999947, 34.7157639 ] } },
{ "type": "Feature", "properties": { "内容": "デイサービスしろきた【地域密着型通所介護】大阪府大阪市旭区生江3丁目21番25号", "url": "https://www.kaigokensaku.mhlw.go.jp/27/index.php?action_kouhyou_detail_004_kani=true&JigyosyoCd=2773100637-00&ServiceCd=780&Type=search", "url2": null }, "geometry": { "type": "Point", "coordinates": [ 135.5336148, 34.7280124 ] } },
{ "type": "Feature", "properties": { "内容": "大福デイサービス【地域密着型通所介護】大阪府大阪市旭区大宮４－６－１１", "url": "https://www.kaigokensaku.mhlw.go.jp/27/index.php?action_kouhyou_detail_004_kani=true&JigyosyoCd=2793100252-00&ServiceCd=780&Type=search", "url2": null }, "geometry": { "type": "Point", "coordinates": [ 135.546442399999961, 34.728819 ] } },
{ "type": "Feature", "properties": { "内容": "デイサービスつむぎ【地域密着型通所介護】太子橋２丁目８番３１号", "url": "https://www.kaigokensaku.mhlw.go.jp/27/index.php?action_kouhyou_detail_004_kani=true&JigyosyoCd=2793100211-00&ServiceCd=780&Type=search", "url2": null }, "geometry": { "type": "Point", "coordinates": [ 135.557648699999987, 34.7356684 ] } },
{ "type": "Feature", "properties": { "内容": "レコードブック千林大宮【地域密着型通所介護】大阪府大阪市旭区大宮２－２１－１９高木ビル１階", "url": "https://www.kaigokensaku.mhlw.go.jp/27/index.php?action_kouhyou_detail_004_kani=true&JigyosyoCd=2793100161-00&ServiceCd=780&Type=search", "url2": "http://www.recordbook.jp/" }, "geometry": { "type": "Point", "coordinates": [ 135.547361, 34.7222688 ] } },
{ "type": "Feature", "properties": { "内容": "絆ひだまりの会　新森の家【地域密着型通所介護】大阪府大阪市旭区新森五丁目15番11号", "url": "https://www.kaigokensaku.mhlw.go.jp/27/index.php?action_kouhyou_detail_004_kani=true&JigyosyoCd=2793100328-00&ServiceCd=780&Type=search", "url2": null }, "geometry": { "type": "Point", "coordinates": [ 135.5582817, 34.7203203 ] } },
{ "type": "Feature", "properties": { "内容": "アーカスケアセンター野江【地域密着型通所介護】大阪府大阪市城東区野江二丁目20番18号アーカス野江2階", "url": "https://www.kaigokensaku.mhlw.go.jp/27/index.php?action_kouhyou_detail_004_kani=true&JigyosyoCd=2794400305-00&ServiceCd=780&Type=search", "url2": "http://www.acus-carelife.com/" }, "geometry": { "type": "Point", "coordinates": [ 135.540766100000042, 34.705161 ] } },
{ "type": "Feature", "properties": { "内容": "運動機能向上型デイサービストウヨウ【地域密着型通所介護】大阪府大阪市城東区今福東2−５−２６", "url": "https://www.kaigokensaku.mhlw.go.jp/27/index.php?action_kouhyou_detail_004_kani=true&JigyosyoCd=2794400354-00&ServiceCd=780&Type=search", "url2": "https://www.aspinal.net/dayservice-toyo/index.html" }, "geometry": { "type": "Point", "coordinates": [ 135.556196603102649, 34.702020299515766 ] } },
{ "type": "Feature", "properties": { "内容": "ウェルフェア城東鴫野【地域密着型通所介護】大阪府大阪市城東区鴫野西5-20-11Welfare城東鴫野", "url": "https://www.kaigokensaku.mhlw.go.jp/27/index.php?action_kouhyou_detail_004_kani=true&JigyosyoCd=2794400370-00&ServiceCd=780&Type=search", "url2": "https://welfare.a-style55.co.jp/" }, "geometry": { "type": "Point", "coordinates": [ 135.544101899999987, 34.689118599999986 ] } },
{ "type": "Feature", "properties": { "内容": "ウェルライフ城東鴫野【地域密着型通所介護】大阪府大阪市城東区鴫野西5丁目20番12号", "url": "https://www.kaigokensaku.mhlw.go.jp/27/index.php?action_kouhyou_detail_004_kani=true&JigyosyoCd=2794400339-00&ServiceCd=780&Type=search", "url2": "https://www.a-style55.co.jp/" }, "geometry": { "type": "Point", "coordinates": [ 135.544356842327886, 34.689329063421432 ] } },
{ "type": "Feature", "properties": { "内容": "アーカスケアセンター野江内代【地域密着型通所介護】大阪府大阪市城東区野江二丁目20番18号アーカス野江　203", "url": "https://www.kaigokensaku.mhlw.go.jp/27/index.php?action_kouhyou_detail_004_kani=true&JigyosyoCd=2794400313-00&ServiceCd=780&Type=search", "url2": "http://www.acus-carelife.com/" }, "geometry": { "type": "Point", "coordinates": [ 135.540766100000042, 34.705161 ] } },
{ "type": "Feature", "properties": { "内容": "リハビリデイサービスみどり【地域密着型通所介護】大阪市城東区中浜３－２４－１５　サンコート緑橋１F", "url": "https://www.kaigokensaku.mhlw.go.jp/27/index.php?action_kouhyou_detail_004_kani=true&JigyosyoCd=2774402461-00&ServiceCd=780&Type=search", "url2": "http://mizobuchi-medical.net/midori-green/index.html" }, "geometry": { "type": "Point", "coordinates": [ 135.544267799999943, 34.6827818 ] } },
{ "type": "Feature", "properties": { "内容": "リハビリデイサービスグリーン【地域密着型通所介護】大阪府大阪市城東区中浜３－２５－７クレバーコート中浜１－１", "url": "https://www.kaigokensaku.mhlw.go.jp/27/index.php?action_kouhyou_detail_004_kani=true&JigyosyoCd=2774403246-00&ServiceCd=780&Type=search", "url2": "http://mizobuchi-medical.net/midori-green/index.html" }, "geometry": { "type": "Point", "coordinates": [ 135.544488900000033, 34.6826052 ] } },
{ "type": "Feature", "properties": { "内容": "リハビリデイルーム　ぴっこら【地域密着型通所介護】大阪市城東区今福西4丁目4番23号", "url": "https://www.kaigokensaku.mhlw.go.jp/27/index.php?action_kouhyou_detail_004_kani=true&JigyosyoCd=2774403360-00&ServiceCd=780&Type=search", "url2": null }, "geometry": { "type": "Point", "coordinates": [ 135.552425099999937, 34.7020763 ] } },
{ "type": "Feature", "properties": { "内容": "GENKINEXT大阪関目【地域密着型通所介護】大阪府大阪市城東区関目1-23-13アーバン三光101", "url": "https://www.kaigokensaku.mhlw.go.jp/27/index.php?action_kouhyou_detail_004_kani=true&JigyosyoCd=2774402776-00&ServiceCd=780&Type=search", "url2": null }, "geometry": { "type": "Point", "coordinates": [ 135.5494694, 34.7086769 ] } },
{ "type": "Feature", "properties": { "内容": "野江特別養護老人ホーム　城東園　野江デイ・サービスセンター【地域密着型通所介護】大阪府大阪市城東区今福東二丁目２番２５号", "url": "https://www.kaigokensaku.mhlw.go.jp/27/index.php?action_kouhyou_detail_004_kani=true&JigyosyoCd=2774400465-00&ServiceCd=780&Type=search", "url2": "http://www.noe.saiseikai.or.jp/jotoen/index.html" }, "geometry": { "type": "Point", "coordinates": [ 135.55507769999997, 34.7033762 ] } },
{ "type": "Feature", "properties": { "内容": "デイサービスセンター和光【地域密着型通所介護】大阪府大阪市城東区成育５丁目２２－１６", "url": "https://www.kaigokensaku.mhlw.go.jp/27/index.php?action_kouhyou_detail_004_kani=true&JigyosyoCd=2774400341-00&ServiceCd=780&Type=search", "url2": "http://tamami.or.jp/" }, "geometry": { "type": "Point", "coordinates": [ 135.545564934358623, 34.714607145344431 ] } },
{ "type": "Feature", "properties": { "内容": "有限会社　ウィズ　東中浜デイサービスセンター　ゆう【地域密着型通所介護】大阪市城東区東中浜六丁目１３番７号", "url": "https://www.kaigokensaku.mhlw.go.jp/27/index.php?action_kouhyou_detail_004_kani=true&JigyosyoCd=2774401521-00&ServiceCd=780&Type=search", "url2": null }, "geometry": { "type": "Point", "coordinates": [ 135.55064189999996, 34.6818648 ] } },
{ "type": "Feature", "properties": { "内容": "池岡ハローデイサービス【地域密着型通所介護】大阪市城東区関目２丁目２－８", "url": "https://www.kaigokensaku.mhlw.go.jp/27/index.php?action_kouhyou_detail_004_kani=true&JigyosyoCd=2794400297-00&ServiceCd=780&Type=search", "url2": "http://ikeoka.net" }, "geometry": { "type": "Point", "coordinates": [ 135.5503251, 34.706287 ] } },
{ "type": "Feature", "properties": { "内容": "エールステージ【地域密着型通所介護】関目5-6-15ビバ小山1階", "url": "https://www.kaigokensaku.mhlw.go.jp/27/index.php?action_kouhyou_detail_004_kani=true&JigyosyoCd=2794400388-00&ServiceCd=780&Type=search", "url2": "https://one-v.jp/homecare/yellstage/" }, "geometry": { "type": "Point", "coordinates": [ 135.5484477, 34.7152928 ] } },
{ "type": "Feature", "properties": { "内容": "デイハウス　深江橋【地域密着型通所介護】大阪府大阪市城東区東中浜9-12-21", "url": "https://www.kaigokensaku.mhlw.go.jp/27/index.php?action_kouhyou_detail_004_kani=true&JigyosyoCd=2774401810-00&ServiceCd=780&Type=search", "url2": "http://www.ihouse.co.jp/day/" }, "geometry": { "type": "Point", "coordinates": [ 135.552777900000024, 34.6831675 ] } },
{ "type": "Feature", "properties": { "内容": "茶話本舗デイサービス鴫野ゆうゆう亭【地域密着型通所介護】大阪府大阪市城東区鴫野東3-6-19茶話本舗デイサービス鴫野ゆうゆう亭", "url": "https://www.kaigokensaku.mhlw.go.jp/27/index.php?action_kouhyou_detail_004_kani=true&JigyosyoCd=2774403170-00&ServiceCd=780&Type=search", "url2": "http://www.youyoutei.co.jp/" }, "geometry": { "type": "Point", "coordinates": [ 135.547042199999964, 34.6887334 ] } },
{ "type": "Feature", "properties": { "内容": "茶話本舗デイサービス蒲生ゆうゆう亭【地域密着型通所介護】大阪府大阪市城東区蒲生3-14-9茶話本舗デイサービス蒲生ゆうゆう亭", "url": "https://www.kaigokensaku.mhlw.go.jp/27/index.php?action_kouhyou_detail_004_kani=true&JigyosyoCd=2774402875-00&ServiceCd=780&Type=search", "url2": null }, "geometry": { "type": "Point", "coordinates": [ 135.543438499999979, 34.6995186 ] } },
{ "type": "Feature", "properties": { "内容": "デイサービスセンター仁【地域密着型通所介護】大阪府大阪市城東区鴫野東3丁目12番1号", "url": "https://www.kaigokensaku.mhlw.go.jp/27/index.php?action_kouhyou_detail_004_kani=true&JigyosyoCd=2774402784-00&ServiceCd=780&Type=search", "url2": "http://www.jin-glc.com" }, "geometry": { "type": "Point", "coordinates": [ 135.547858593254062, 34.690668040701304 ] } },
{ "type": "Feature", "properties": { "内容": "城東老人ホーム　デイサービスセンター【地域密着型通所介護】大阪市城東区古市1-20-17", "url": "https://www.kaigokensaku.mhlw.go.jp/27/index.php?action_kouhyou_detail_004_kani=true&JigyosyoCd=2774400457-00&ServiceCd=780&Type=search", "url2": "https://joto-tokuyou.com/" }, "geometry": { "type": "Point", "coordinates": [ 135.557494, 34.7088285 ] } },
{ "type": "Feature", "properties": { "内容": "リハビリデイサービスリトライ【地域密着型通所介護】大阪府大阪市城東区放出西2丁目19番10号日宝ライフ放出西", "url": "https://www.kaigokensaku.mhlw.go.jp/27/index.php?action_kouhyou_detail_004_kani=true&JigyosyoCd=2774402701-00&ServiceCd=780&Type=search", "url2": "http://retry-day.com/" }, "geometry": { "type": "Point", "coordinates": [ 135.559244, 34.6936941 ] } },
{ "type": "Feature", "properties": { "内容": "パナソニックエイジフリー関目・デイサービス【地域密着型通所介護】大阪市城東区関目6-6-24アーバンパーク関目1F", "url": "https://www.kaigokensaku.mhlw.go.jp/27/index.php?action_kouhyou_detail_004_kani=true&JigyosyoCd=2774402271-00&ServiceCd=780&Type=search", "url2": "https://sumai.panasonic.jp/agefree/map/detail.php?id=66" }, "geometry": { "type": "Point", "coordinates": [ 135.5512526, 34.7151313 ] } },
{ "type": "Feature", "properties": { "内容": "With夢【地域密着型通所介護】大阪府大阪市城東区鴫野東2-6-7コーポ・ラ・べリエール101号", "url": "https://www.kaigokensaku.mhlw.go.jp/27/index.php?action_kouhyou_detail_004_kani=true&JigyosyoCd=2794400396-00&ServiceCd=780&Type=search", "url2": "https://www.withyume.com" }, "geometry": { "type": "Point", "coordinates": [ 135.548919, 34.6934932 ] } },
{ "type": "Feature", "properties": { "内容": "カームの家北畠【地域密着型通所介護】大阪府大阪市阿倍野区相生通１丁目１０番２１号", "url": "https://www.kaigokensaku.mhlw.go.jp/27/index.php?action_kouhyou_detail_004_kani=true&JigyosyoCd=2792300259-00&ServiceCd=780&Type=search", "url2": null }, "geometry": { "type": "Point", "coordinates": [ 135.5042105, 34.6287913 ] } },
{ "type": "Feature", "properties": { "内容": "ビーナスプラス阿倍野【地域密着型通所介護】大阪府大阪市阿倍野区播磨町3丁目8-11", "url": "https://www.kaigokensaku.mhlw.go.jp/27/index.php?action_kouhyou_detail_004_kani=true&JigyosyoCd=2792300143-00&ServiceCd=780&Type=search", "url2": "http://www.venus-comrade.co.jp/" }, "geometry": { "type": "Point", "coordinates": [ 135.510432900000069, 34.6169272 ] } },
{ "type": "Feature", "properties": { "内容": "未来倶楽部【地域密着型通所介護】大阪市阿倍野区松虫通3-7-18", "url": "https://www.kaigokensaku.mhlw.go.jp/27/index.php?action_kouhyou_detail_004_kani=true&JigyosyoCd=2792300192-00&ServiceCd=780&Type=search", "url2": null }, "geometry": { "type": "Point", "coordinates": [ 135.5040457, 34.6343839 ] } },
{ "type": "Feature", "properties": { "内容": "ドレミ舎らっこ組【地域密着型通所介護】大阪府大阪市阿倍野区阪南町1-24-8", "url": "https://www.kaigokensaku.mhlw.go.jp/27/index.php?action_kouhyou_detail_004_kani=true&JigyosyoCd=2792300200-00&ServiceCd=780&Type=search", "url2": null }, "geometry": { "type": "Point", "coordinates": [ 135.5168911, 34.6363167 ] } },
{ "type": "Feature", "properties": { "内容": "デイサービスリボン【地域密着型通所介護】大阪府大阪市阿倍野区西田辺町2-2-15ﾒｿﾞﾝ鶴ヶ丘101", "url": "https://www.kaigokensaku.mhlw.go.jp/27/index.php?action_kouhyou_detail_004_kani=true&JigyosyoCd=2772302853-00&ServiceCd=780&Type=search", "url2": null }, "geometry": { "type": "Point", "coordinates": [ 135.515996200000018, 34.6176605 ] } },
{ "type": "Feature", "properties": { "内容": "デイサービスセカンド・昭和町【地域密着型通所介護】大阪府大阪市阿倍野区昭和町1-10-18", "url": "https://www.kaigokensaku.mhlw.go.jp/27/index.php?action_kouhyou_detail_004_kani=true&JigyosyoCd=2772302887-00&ServiceCd=780&Type=search", "url2": null }, "geometry": { "type": "Point", "coordinates": [ 135.519179200000053, 34.6336502 ] } },
{ "type": "Feature", "properties": { "内容": "デイサービスセンター愛のために【地域密着型通所介護】大阪府大阪市阿倍野区昭和町1-17-1メゾン・ド・カー・ベー・セ1階", "url": "https://www.kaigokensaku.mhlw.go.jp/27/index.php?action_kouhyou_detail_004_kani=true&JigyosyoCd=2772304412-00&ServiceCd=780&Type=search", "url2": "https://www.mone2012.co.jp/about/dayservisainotameni/" }, "geometry": { "type": "Point", "coordinates": [ 135.518788199999989, 34.6329637 ] } },
{ "type": "Feature", "properties": { "内容": "機能訓練特化型デイサービス島ノ内【地域密着型通所介護】大阪府大阪市阿倍野区帝塚山一丁目12番14号グリーンレジデンス1F", "url": "https://www.kaigokensaku.mhlw.go.jp/27/index.php?action_kouhyou_detail_004_kani=true&JigyosyoCd=2772303026-00&ServiceCd=780&Type=search", "url2": null }, "geometry": { "type": "Point", "coordinates": [ 135.501744899999949, 34.62186 ] } },
{ "type": "Feature", "properties": { "内容": "デイサービスありがとう【地域密着型通所介護】大阪府大阪市阿倍野区西田辺町1-21-11小柳ビル１F", "url": "https://www.kaigokensaku.mhlw.go.jp/27/index.php?action_kouhyou_detail_004_kani=true&JigyosyoCd=2772302929-00&ServiceCd=780&Type=search", "url2": null }, "geometry": { "type": "Point", "coordinates": [ 135.514646299999981, 34.619271400000017 ] } },
{ "type": "Feature", "properties": { "内容": "デイサービス大きなかぶ【地域密着型通所介護】大阪市阿倍野区西田辺町1丁目13番31号", "url": "https://www.kaigokensaku.mhlw.go.jp/27/index.php?action_kouhyou_detail_004_kani=true&JigyosyoCd=2772301558-00&ServiceCd=780&Type=search", "url2": "https://atcompany.jp/ookinakabu/" }, "geometry": { "type": "Point", "coordinates": [ 135.515699, 34.6192908 ] } },
{ "type": "Feature", "properties": { "内容": "Ｊパレット南田辺【地域密着型通所介護】大阪市阿倍野区長池町4-10", "url": "https://www.kaigokensaku.mhlw.go.jp/27/index.php?action_kouhyou_detail_004_kani=true&JigyosyoCd=2792300184-00&ServiceCd=780&Type=search", "url2": null }, "geometry": { "type": "Point", "coordinates": [ 135.520622190213004, 34.625578400357263 ] } },
{ "type": "Feature", "properties": { "内容": "みなっきーデイサービス【地域密着型通所介護】大阪府大阪市阿倍野区晴明通9-5", "url": "https://www.kaigokensaku.mhlw.go.jp/27/index.php?action_kouhyou_detail_004_kani=true&JigyosyoCd=2792300226-00&ServiceCd=780&Type=search", "url2": "https://kitlab.co.jp/company/minakky_day/" }, "geometry": { "type": "Point", "coordinates": [ 135.5052157, 34.6336998 ] } },
{ "type": "Feature", "properties": { "内容": "リハビリデイHARiha【地域密着型通所介護】大阪府大阪市阿倍野区松虫通1-12-7　3F", "url": "https://www.kaigokensaku.mhlw.go.jp/27/index.php?action_kouhyou_detail_004_kani=true&JigyosyoCd=2792300218-00&ServiceCd=780&Type=search", "url2": null }, "geometry": { "type": "Point", "coordinates": [ 135.508724711639417, 34.634063306321714 ] } },
{ "type": "Feature", "properties": { "内容": "パワーリハ昭和町【地域密着型通所介護】大阪市阿倍野区昭和町2-3-1-101", "url": "https://www.kaigokensaku.mhlw.go.jp/27/index.php?action_kouhyou_detail_004_kani=true&JigyosyoCd=2772302242-00&ServiceCd=780&Type=search", "url2": "http://hana.grupo.jp/" }, "geometry": { "type": "Point", "coordinates": [ 135.519454099999962, 34.6321532 ] } },
{ "type": "Feature", "properties": { "内容": "デイサービス昭和町【地域密着型通所介護】大阪府大阪市阿倍野区昭和町1-13-4", "url": "https://www.kaigokensaku.mhlw.go.jp/27/index.php?action_kouhyou_detail_004_kani=true&JigyosyoCd=2772302804-00&ServiceCd=780&Type=search", "url2": "http://hana.grupo.jp/" }, "geometry": { "type": "Point", "coordinates": [ 135.5199596, 34.633294700000015 ] } },
{ "type": "Feature", "properties": { "内容": "テルベケアセンター【地域密着型通所介護】大阪府大阪市阿倍野区阪南町5-19-24", "url": "https://www.kaigokensaku.mhlw.go.jp/27/index.php?action_kouhyou_detail_004_kani=true&JigyosyoCd=2772302549-00&ServiceCd=780&Type=search", "url2": "http://livingeye.co.jp" }, "geometry": { "type": "Point", "coordinates": [ 135.5120006, 34.6224666 ] } },
{ "type": "Feature", "properties": { "内容": "デイサービスセンター澄【地域密着型通所介護】大阪府大阪市住吉区山之内２丁目９番４号", "url": "https://www.kaigokensaku.mhlw.go.jp/27/index.php?action_kouhyou_detail_004_kani=true&JigyosyoCd=2772003667-00&ServiceCd=780&Type=search", "url2": "http://spirit-sumi.co.jp" }, "geometry": { "type": "Point", "coordinates": [ 135.5025786, 34.5967129 ] } },
{ "type": "Feature", "properties": { "内容": "ほねつぎデイサービスあびこまえ【地域密着型通所介護】大阪府大阪市住吉区遠里小野5-2-1", "url": "https://www.kaigokensaku.mhlw.go.jp/27/index.php?action_kouhyou_detail_004_kani=true&JigyosyoCd=2792000545-00&ServiceCd=780&Type=search", "url2": null }, "geometry": { "type": "Point", "coordinates": [ 135.4965574, 34.6007097 ] } },
{ "type": "Feature", "properties": { "内容": "のんびれっ家【地域密着型通所介護】大阪府大阪市住吉区長居二丁目5番21号サンセンビル１F", "url": "https://www.kaigokensaku.mhlw.go.jp/27/index.php?action_kouhyou_detail_004_kani=true&JigyosyoCd=2792000420-00&ServiceCd=780&Type=search", "url2": "http://www.mitouph.com/" }, "geometry": { "type": "Point", "coordinates": [ 135.511660600000027, 34.6132138 ] } },
{ "type": "Feature", "properties": { "内容": "Relaxar【地域密着型通所介護】大阪府大阪市住吉区帝塚山中4-6-5フェリス帝塚山101号", "url": "https://www.kaigokensaku.mhlw.go.jp/27/index.php?action_kouhyou_detail_004_kani=true&JigyosyoCd=2792000560-00&ServiceCd=780&Type=search", "url2": "https://www.anykidsplace.com/" }, "geometry": { "type": "Point", "coordinates": [ 135.499360700000011, 34.6185642 ] } },
{ "type": "Feature", "properties": { "内容": "デイサービスかけはし【地域密着型通所介護】大阪府大阪市住吉区山之内１丁目２５－１５プロスド住吉１階", "url": "https://www.kaigokensaku.mhlw.go.jp/27/index.php?action_kouhyou_detail_004_kani=true&JigyosyoCd=2792000339-00&ServiceCd=780&Type=search", "url2": null }, "geometry": { "type": "Point", "coordinates": [ 135.500101099999938, 34.599582 ] } },
{ "type": "Feature", "properties": { "内容": "リハビリデイサービスnagomi帝塚山店【地域密着型通所介護】大阪府大阪市住吉区万代3-1-24", "url": "https://www.kaigokensaku.mhlw.go.jp/27/index.php?action_kouhyou_detail_004_kani=true&JigyosyoCd=2792000495-00&ServiceCd=780&Type=search", "url2": null }, "geometry": { "type": "Point", "coordinates": [ 135.505556399999989, 34.6204631 ] } },
{ "type": "Feature", "properties": { "内容": "デイサービス小蝶【地域密着型通所介護】大阪府大阪市住吉区万代5-13-4", "url": "https://www.kaigokensaku.mhlw.go.jp/27/index.php?action_kouhyou_detail_004_kani=true&JigyosyoCd=2792000438-00&ServiceCd=780&Type=search", "url2": null }, "geometry": { "type": "Point", "coordinates": [ 135.5027254, 34.6152747 ] } },
{ "type": "Feature", "properties": { "内容": "みとうデイサービスレッツゴー【地域密着型通所介護】大阪府大阪市住吉区長居西3丁目3番16号", "url": "https://www.kaigokensaku.mhlw.go.jp/27/index.php?action_kouhyou_detail_004_kani=true&JigyosyoCd=2772002560-00&ServiceCd=780&Type=search", "url2": "http://www.mitouph.com/" }, "geometry": { "type": "Point", "coordinates": [ 135.507705499999929, 34.608047699999979 ] } },
{ "type": "Feature", "properties": { "内容": "三橋医院リハビリテーションセンター【地域密着型通所介護】大阪市住吉区苅田6-4-18", "url": "https://www.kaigokensaku.mhlw.go.jp/27/index.php?action_kouhyou_detail_004_kani=true&JigyosyoCd=2772003451-00&ServiceCd=780&Type=search", "url2": "https://www.mitsuhashi-cl.jp/rehabilitation_center" }, "geometry": { "type": "Point", "coordinates": [ 135.521000725131216, 34.598760908629174 ] } },
{ "type": "Feature", "properties": { "内容": "デイサービスあおい空【地域密着型通所介護】大阪府大阪市住吉区万代３－１２－２３", "url": "https://www.kaigokensaku.mhlw.go.jp/27/index.php?action_kouhyou_detail_004_kani=true&JigyosyoCd=2772002735-00&ServiceCd=780&Type=search", "url2": "https://aoisora-day.com" }, "geometry": { "type": "Point", "coordinates": [ 135.504344700000047, 34.6188437 ] } },
{ "type": "Feature", "properties": { "内容": "デイサービスあおい空万代【地域密着型通所介護】大阪府大阪市住吉区万代５－１７－４", "url": "https://www.kaigokensaku.mhlw.go.jp/27/index.php?action_kouhyou_detail_004_kani=true&JigyosyoCd=2772003824-00&ServiceCd=780&Type=search", "url2": "https://aoisora-day.com" }, "geometry": { "type": "Point", "coordinates": [ 135.501632890876749, 34.614975979675791 ] } },
{ "type": "Feature", "properties": { "内容": "リハビリデイサービス大きな手【地域密着型通所介護】大阪府大阪市住吉区万代2丁目6番6号新和マンション１階", "url": "https://www.kaigokensaku.mhlw.go.jp/27/index.php?action_kouhyou_detail_004_kani=true&JigyosyoCd=2772003394-00&ServiceCd=780&Type=search", "url2": "http://tokaiiryou-group.jp/sumiyoshi.html" }, "geometry": { "type": "Point", "coordinates": [ 135.50636990000001, 34.62134 ] } },
{ "type": "Feature", "properties": { "内容": "長居西地域在宅サービスステーションながいの里【地域密着型通所介護】大阪市住吉区長居西3-1-6", "url": "https://www.kaigokensaku.mhlw.go.jp/27/index.php?action_kouhyou_detail_004_kani=true&JigyosyoCd=2772000630-00&ServiceCd=780&Type=search", "url2": "http://www.kakinoki.or.jp/nagainosato.htm" }, "geometry": { "type": "Point", "coordinates": [ 135.508461, 34.6087865 ] } },
{ "type": "Feature", "properties": { "内容": "（有）ケアエフォート・和らく【地域密着型通所介護】大阪市住吉区墨江３－９－７", "url": "https://www.kaigokensaku.mhlw.go.jp/27/index.php?action_kouhyou_detail_004_kani=true&JigyosyoCd=2772002222-00&ServiceCd=780&Type=search", "url2": null }, "geometry": { "type": "Point", "coordinates": [ 135.49261290000004, 34.6071812 ] } },
{ "type": "Feature", "properties": { "内容": "ハートケアデイサービス帝塚山【地域密着型通所介護】大阪府大阪市住吉区万代二丁目２番２７号地ロア帝塚山　１階", "url": "https://www.kaigokensaku.mhlw.go.jp/27/index.php?action_kouhyou_detail_004_kani=true&JigyosyoCd=2772002651-00&ServiceCd=780&Type=search", "url2": null }, "geometry": { "type": "Point", "coordinates": [ 135.505557100000033, 34.62265570000001 ] } },
{ "type": "Feature", "properties": { "内容": "チャンプホーム　リハビリデイサービス【地域密着型通所介護】大阪市住吉区我孫子３丁目４番２５号", "url": "https://www.kaigokensaku.mhlw.go.jp/27/index.php?action_kouhyou_detail_004_kani=true&JigyosyoCd=2772002636-00&ServiceCd=780&Type=search", "url2": null }, "geometry": { "type": "Point", "coordinates": [ 135.508441700000049, 34.6007264 ] } },
{ "type": "Feature", "properties": { "内容": "エントレリハ杉本町【地域密着型通所介護】大阪府大阪市住吉区山之内3-3-29", "url": "https://www.kaigokensaku.mhlw.go.jp/27/index.php?action_kouhyou_detail_004_kani=true&JigyosyoCd=2792000511-00&ServiceCd=780&Type=search", "url2": "http://www.entore.com/" }, "geometry": { "type": "Point", "coordinates": [ 135.502535171163942, 34.593117600186496 ] } },
{ "type": "Feature", "properties": { "内容": "ビーナスプラス我孫子【地域密着型通所介護】大阪府大阪市住吉区我孫子3丁目11番7号", "url": "https://www.kaigokensaku.mhlw.go.jp/27/index.php?action_kouhyou_detail_004_kani=true&JigyosyoCd=2792000503-00&ServiceCd=780&Type=search", "url2": "https://www.venus-comrade.co.jp/" }, "geometry": { "type": "Point", "coordinates": [ 135.506431, 34.6008801 ] } },
{ "type": "Feature", "properties": { "内容": "Jケアデイサービスセンター【地域密着型通所介護】大阪府大阪市住吉区苅田3-15-15", "url": "https://www.kaigokensaku.mhlw.go.jp/27/index.php?action_kouhyou_detail_004_kani=true&JigyosyoCd=2792000446-00&ServiceCd=780&Type=search", "url2": "https://jcare-inc.com/" }, "geometry": { "type": "Point", "coordinates": [ 135.5140226, 34.6030991 ] } },
{ "type": "Feature", "properties": { "内容": "Confortdeuxday【地域密着型通所介護】大阪府大阪市住吉区苅田９丁目１番７号", "url": "https://www.kaigokensaku.mhlw.go.jp/27/index.php?action_kouhyou_detail_004_kani=true&JigyosyoCd=2792000578-00&ServiceCd=780&Type=search", "url2": null }, "geometry": { "type": "Point", "coordinates": [ 135.516561200000012, 34.5976819 ] } },
{ "type": "Feature", "properties": { "内容": "デイサービス　がじゅまる【地域密着型通所介護】大阪府大阪市住吉区我孫子西2-7-7　2F", "url": "https://www.kaigokensaku.mhlw.go.jp/27/index.php?action_kouhyou_detail_004_kani=true&JigyosyoCd=2792000529-00&ServiceCd=780&Type=search", "url2": "https://www.getounohana.com/company" }, "geometry": { "type": "Point", "coordinates": [ 135.5062194, 34.6029527 ] } },
{ "type": "Feature", "properties": { "内容": "ムーンリハビリ型デイサービス【地域密着型通所介護】大阪府大阪市住吉区我孫子西2丁目6-20", "url": "https://www.kaigokensaku.mhlw.go.jp/27/index.php?action_kouhyou_detail_004_kani=true&JigyosyoCd=2792000479-00&ServiceCd=780&Type=search", "url2": null }, "geometry": { "type": "Point", "coordinates": [ 135.505554499999988, 34.6028263 ] } },
{ "type": "Feature", "properties": { "内容": "フィットネスデイサービスコネクション【地域密着型通所介護】大阪府大阪市住吉区長居2丁目11番19号エセンシア1階", "url": "https://www.kaigokensaku.mhlw.go.jp/27/index.php?action_kouhyou_detail_004_kani=true&JigyosyoCd=2792000610-00&ServiceCd=780&Type=search", "url2": "https://connection0301.wisite.com" }, "geometry": { "type": "Point", "coordinates": [ 135.5118596, 34.6122654 ] } },
{ "type": "Feature", "properties": { "内容": "デイサービスコスモスの花住吉【地域密着型通所介護】大阪府大阪市住吉区千躰2-2-14", "url": "https://www.kaigokensaku.mhlw.go.jp/27/index.php?action_kouhyou_detail_004_kani=true&JigyosyoCd=2792000594-00&ServiceCd=780&Type=search", "url2": null }, "geometry": { "type": "Point", "coordinates": [ 135.498944179762276, 34.607400180087289 ] } },
{ "type": "Feature", "properties": { "内容": "レコードブック長居【地域密着型通所介護】大阪府大阪市住吉区長居西1-13-2仲谷マンション", "url": "https://www.kaigokensaku.mhlw.go.jp/27/index.php?action_kouhyou_detail_004_kani=true&JigyosyoCd=2792000586-00&ServiceCd=780&Type=search", "url2": "http://shoya-group.jp/" }, "geometry": { "type": "Point", "coordinates": [ 135.510003399999988, 34.612744 ] } },
{ "type": "Feature", "properties": { "内容": "デイサービスあたまとからだ【地域密着型通所介護】大阪府大阪市住吉区我孫子１丁目５－２６", "url": "https://www.kaigokensaku.mhlw.go.jp/27/index.php?action_kouhyou_detail_004_kani=true&JigyosyoCd=2772004178-00&ServiceCd=780&Type=search", "url2": null }, "geometry": { "type": "Point", "coordinates": [ 135.509847, 34.6045037 ] } },
{ "type": "Feature", "properties": { "内容": "ポラリスデイサービスセンター万領【地域密着型通所介護】大阪府大阪市住吉区大領2-6-25", "url": "https://www.kaigokensaku.mhlw.go.jp/27/index.php?action_kouhyou_detail_004_kani=true&JigyosyoCd=2772003659-00&ServiceCd=780&Type=search", "url2": "https://www.polaris.care/" }, "geometry": { "type": "Point", "coordinates": [ 135.506655466270445, 34.61811019656794 ] } },
{ "type": "Feature", "properties": { "内容": "デイサービスセンターサルビア【地域密着型通所介護】大阪府大阪市住吉区我孫子５－１０－１０", "url": "https://www.kaigokensaku.mhlw.go.jp/27/index.php?action_kouhyou_detail_004_kani=true&JigyosyoCd=2772002925-00&ServiceCd=780&Type=search", "url2": null }, "geometry": { "type": "Point", "coordinates": [ 135.505992200000037, 34.5995173 ] } },
{ "type": "Feature", "properties": { "内容": "アップリケアデイサービスセンター【地域密着型通所介護】大阪府大阪市住吉区浅香１丁目8番38号", "url": "https://www.kaigokensaku.mhlw.go.jp/27/index.php?action_kouhyou_detail_004_kani=true&JigyosyoCd=2772002610-00&ServiceCd=780&Type=search", "url2": "http://www.apricare.com/" }, "geometry": { "type": "Point", "coordinates": [ 135.510911170638991, 34.591919525568379 ] } },
{ "type": "Feature", "properties": { "内容": "デイサービスラマナ【地域密着型通所介護】大阪府大阪市住吉区万代5-14-15", "url": "https://www.kaigokensaku.mhlw.go.jp/27/index.php?action_kouhyou_detail_004_kani=true&JigyosyoCd=2792000602-00&ServiceCd=780&Type=search", "url2": null }, "geometry": { "type": "Point", "coordinates": [ 135.5023802, 34.614910100000031 ] } },
{ "type": "Feature", "properties": { "内容": "アジアンリゾートスパ花楽園　住吉【地域密着型通所介護】大阪府大阪市住吉区千躰二丁目2番5号1階サービス付き高齢者向け住宅　花楽園住吉", "url": "https://www.kaigokensaku.mhlw.go.jp/27/index.php?action_kouhyou_detail_004_kani=true&JigyosyoCd=2792000321-00&ServiceCd=780&Type=search", "url2": "http://karakuen.co.jp" }, "geometry": { "type": "Point", "coordinates": [ 135.499250299999972, 34.6081526 ] } },
{ "type": "Feature", "properties": { "内容": "おさんぽ日和【地域密着型通所介護】大阪府大阪市東住吉区南田辺3-21-10エクシード南田辺", "url": "https://www.kaigokensaku.mhlw.go.jp/27/index.php?action_kouhyou_detail_004_kani=true&JigyosyoCd=2790800730-00&ServiceCd=780&Type=search", "url2": null }, "geometry": { "type": "Point", "coordinates": [ 135.5243604, 34.6192365 ] } },
{ "type": "Feature", "properties": { "内容": "桜守デイサービス【地域密着型通所介護】大阪府大阪市東住吉区中野３丁目９－１９ビーバーハイツ103号", "url": "https://www.kaigokensaku.mhlw.go.jp/27/index.php?action_kouhyou_detail_004_kani=true&JigyosyoCd=2790800516-00&ServiceCd=780&Type=search", "url2": null }, "geometry": { "type": "Point", "coordinates": [ 135.537394500000033, 34.6189363 ] } },
{ "type": "Feature", "properties": { "内容": "リハビリデイサービスライク【地域密着型通所介護】大阪府大阪市東住吉区公園南矢田1－４－１４", "url": "https://www.kaigokensaku.mhlw.go.jp/27/index.php?action_kouhyou_detail_004_kani=true&JigyosyoCd=2790800318-00&ServiceCd=780&Type=search", "url2": null }, "geometry": { "type": "Point", "coordinates": [ 135.532594600000039, 34.6333533 ] } },
{ "type": "Feature", "properties": { "内容": "デイサービスセンターやぎ【地域密着型通所介護】大阪市東住吉区南田辺1丁目9番43号1階", "url": "https://www.kaigokensaku.mhlw.go.jp/27/index.php?action_kouhyou_detail_004_kani=true&JigyosyoCd=2790800276-00&ServiceCd=780&Type=search", "url2": null }, "geometry": { "type": "Point", "coordinates": [ 135.524284299999977, 34.6215073 ] } },
{ "type": "Feature", "properties": { "内容": "あかつきデイサービスセンターpage参【地域密着型通所介護】大阪府大阪市東住吉区桑津3-28-9", "url": "https://www.kaigokensaku.mhlw.go.jp/27/index.php?action_kouhyou_detail_004_kani=true&JigyosyoCd=2790800672-00&ServiceCd=780&Type=search", "url2": null }, "geometry": { "type": "Point", "coordinates": [ 135.532257, 34.6396146 ] } },
{ "type": "Feature", "properties": { "内容": "リハビリセンターレガーヴル東田辺店【地域密着型通所介護】大阪府大阪市東住吉区東田辺一丁目19番14号エクセルナカノ1F", "url": "https://www.kaigokensaku.mhlw.go.jp/27/index.php?action_kouhyou_detail_004_kani=true&JigyosyoCd=2790800714-00&ServiceCd=780&Type=search", "url2": "https://www.legarvre.com/" }, "geometry": { "type": "Point", "coordinates": [ 135.5296631, 34.621753 ] } },
{ "type": "Feature", "properties": { "内容": "リハビリセンターレガーヴル桑津店【地域密着型通所介護】大阪府大阪市東住吉区桑津5-10-21", "url": "https://www.kaigokensaku.mhlw.go.jp/27/index.php?action_kouhyou_detail_004_kani=true&JigyosyoCd=2790800698-00&ServiceCd=780&Type=search", "url2": "https://www.legarvre.com/" }, "geometry": { "type": "Point", "coordinates": [ 135.529406599999987, 34.6360943 ] } },
{ "type": "Feature", "properties": { "内容": "サポートデイズ凛【地域密着型通所介護】大阪府大阪市東住吉区駒川四丁目13番7号センチュリープラザ105号", "url": "https://www.kaigokensaku.mhlw.go.jp/27/index.php?action_kouhyou_detail_004_kani=true&JigyosyoCd=2790800458-00&ServiceCd=780&Type=search", "url2": "https://humansupport-rin.wixsite.com/rin-rin" }, "geometry": { "type": "Point", "coordinates": [ 135.531055426983613, 34.619771424863018 ] } },
{ "type": "Feature", "properties": { "内容": "ナイトデイサービス　ちゃ～り～【地域密着型通所介護】大阪府大阪市東住吉区杭全4-12-23リリーフ明日香１F", "url": "https://www.kaigokensaku.mhlw.go.jp/27/index.php?action_kouhyou_detail_004_kani=true&JigyosyoCd=2790800409-00&ServiceCd=780&Type=search", "url2": null }, "geometry": { "type": "Point", "coordinates": [ 135.5378853, 34.6340091 ] } },
{ "type": "Feature", "properties": { "内容": "リハビリ型デイサービス結【地域密着型通所介護】大阪府大阪市東住吉区照ヶ丘矢田1-3-13", "url": "https://www.kaigokensaku.mhlw.go.jp/27/index.php?action_kouhyou_detail_004_kani=true&JigyosyoCd=2790800706-00&ServiceCd=780&Type=search", "url2": null }, "geometry": { "type": "Point", "coordinates": [ 135.5332947, 34.6076974 ] } },
{ "type": "Feature", "properties": { "内容": "トワイライト【地域密着型通所介護】大阪府大阪市東住吉区駒川１-１-２７クリスタルハイツ１０１号", "url": "https://www.kaigokensaku.mhlw.go.jp/27/index.php?action_kouhyou_detail_004_kani=true&JigyosyoCd=2790800359-00&ServiceCd=780&Type=search", "url2": "https://twilight201711.jimdofree.com/" }, "geometry": { "type": "Point", "coordinates": [ 135.528244199999989, 34.6347043 ] } },
{ "type": "Feature", "properties": { "内容": "ふじの里【地域密着型通所介護】大阪府大阪市東住吉区公園南矢田3丁目4番19号", "url": "https://www.kaigokensaku.mhlw.go.jp/27/index.php?action_kouhyou_detail_004_kani=true&JigyosyoCd=2790800300-00&ServiceCd=780&Type=search", "url2": "https://fujikaigo.jp/" }, "geometry": { "type": "Point", "coordinates": [ 135.522906899999953, 34.6001781 ] } },
{ "type": "Feature", "properties": { "内容": "リハビリデイサービスゆうゆう【地域密着型通所介護】大阪府大阪市東住吉区中野2丁目3-1", "url": "https://www.kaigokensaku.mhlw.go.jp/27/index.php?action_kouhyou_detail_004_kani=true&JigyosyoCd=2790800649-00&ServiceCd=780&Type=search", "url2": null }, "geometry": { "type": "Point", "coordinates": [ 135.53927920000001, 34.6235727 ] } },
{ "type": "Feature", "properties": { "内容": "デイサービスセンターはなみずき【地域密着型通所介護】大阪府大阪市東住吉区矢田６－8－7社会福祉法人ふれあい共生会花嵐１階", "url": "https://www.kaigokensaku.mhlw.go.jp/27/index.php?action_kouhyou_detail_004_kani=true&JigyosyoCd=2790800615-00&ServiceCd=780&Type=search", "url2": "http://www.karan.or.jp/" }, "geometry": { "type": "Point", "coordinates": [ 135.532083102130088, 34.601573292521003 ] } },
{ "type": "Feature", "properties": { "内容": "グッドケアびっぐすまいる【地域密着型通所介護】大阪府大阪市東住吉区杭全8丁目11番17号", "url": "https://www.kaigokensaku.mhlw.go.jp/27/index.php?action_kouhyou_detail_004_kani=true&JigyosyoCd=2770804454-00&ServiceCd=780&Type=search", "url2": "http://www.bigsmile.jp" }, "geometry": { "type": "Point", "coordinates": [ 135.541935500000022, 34.6316621 ] } },
{ "type": "Feature", "properties": { "内容": "あかつきデイサービスセンターpage弐【地域密着型通所介護】大阪府大阪市東住吉区杭全1-9-13", "url": "https://www.kaigokensaku.mhlw.go.jp/27/index.php?action_kouhyou_detail_004_kani=true&JigyosyoCd=2770803928-00&ServiceCd=780&Type=search", "url2": "https://yama-akatsuki.com/" }, "geometry": { "type": "Point", "coordinates": [ 135.5364386, 34.639075 ] } },
{ "type": "Feature", "properties": { "内容": "デイサービスはな【地域密着型通所介護】大阪府大阪市東住吉区今川2-2-10", "url": "https://www.kaigokensaku.mhlw.go.jp/27/index.php?action_kouhyou_detail_004_kani=true&JigyosyoCd=2770803886-00&ServiceCd=780&Type=search", "url2": null }, "geometry": { "type": "Point", "coordinates": [ 135.539063599999963, 34.630976 ] } },
{ "type": "Feature", "properties": { "内容": "デイサービス　ライフ【地域密着型通所介護】大阪府大阪市東住吉区住道矢田9-10-8", "url": "https://www.kaigokensaku.mhlw.go.jp/27/index.php?action_kouhyou_detail_004_kani=true&JigyosyoCd=2770803597-00&ServiceCd=780&Type=search", "url2": "https://soccersyuuto.wixsite.com/website" }, "geometry": { "type": "Point", "coordinates": [ 135.542975399999932, 34.6010472 ] } },
{ "type": "Feature", "properties": { "内容": "デイサービスくつろぎ【地域密着型通所介護】大阪府大阪市東住吉区公園南矢田1－5－8", "url": "https://www.kaigokensaku.mhlw.go.jp/27/index.php?action_kouhyou_detail_004_kani=true&JigyosyoCd=2770804660-00&ServiceCd=780&Type=search", "url2": null }, "geometry": { "type": "Point", "coordinates": [ 135.523411399999958, 34.6067632 ] } },
{ "type": "Feature", "properties": { "内容": "デイサービスなかよしぷらす【地域密着型通所介護】大阪府大阪市東住吉区今川2-7-12-１F", "url": "https://www.kaigokensaku.mhlw.go.jp/27/index.php?action_kouhyou_detail_004_kani=true&JigyosyoCd=2770803548-00&ServiceCd=780&Type=search", "url2": "https://www.raporl.com/" }, "geometry": { "type": "Point", "coordinates": [ 135.539965819031721, 34.630230457962043 ] } },
{ "type": "Feature", "properties": { "内容": "リリースリハトレセンター【地域密着型通所介護】大阪市東住吉区桑津2-16-2ロワール美章園", "url": "https://www.kaigokensaku.mhlw.go.jp/27/index.php?action_kouhyou_detail_004_kani=true&JigyosyoCd=2770803498-00&ServiceCd=780&Type=search", "url2": null }, "geometry": { "type": "Point", "coordinates": [ 135.527175599999964, 34.638061 ] } },
{ "type": "Feature", "properties": { "内容": "デイサービスつぼみ【地域密着型通所介護】大阪府大阪市東住吉区北田辺３丁目５番１０号ファースト北田辺１階", "url": "https://www.kaigokensaku.mhlw.go.jp/27/index.php?action_kouhyou_detail_004_kani=true&JigyosyoCd=2770802417-00&ServiceCd=780&Type=search", "url2": null }, "geometry": { "type": "Point", "coordinates": [ 135.5248666, 34.6341207 ] } },
{ "type": "Feature", "properties": { "内容": "あかつきデイサービスセンター壱【地域密着型通所介護】大阪市東住吉区桑津2-9-13", "url": "https://www.kaigokensaku.mhlw.go.jp/27/index.php?action_kouhyou_detail_004_kani=true&JigyosyoCd=2770803027-00&ServiceCd=780&Type=search", "url2": "https://yama-akatsuki.com/" }, "geometry": { "type": "Point", "coordinates": [ 135.528433800000016, 34.6403496 ] } },
{ "type": "Feature", "properties": { "内容": "リフレッシュくらぶ【地域密着型通所介護】大阪府大阪市東住吉区駒川３丁目２８番４号メゾン駒川１階", "url": "https://www.kaigokensaku.mhlw.go.jp/27/index.php?action_kouhyou_detail_004_kani=true&JigyosyoCd=2770803118-00&ServiceCd=780&Type=search", "url2": "http://refreshclub.yu-nagi.com/" }, "geometry": { "type": "Point", "coordinates": [ 135.530194899999969, 34.6224489 ] } },
{ "type": "Feature", "properties": { "内容": "デイサービスセンター　城南ホーム【地域密着型通所介護】大阪府大阪市東住吉区住道矢田４－２０－１７", "url": "https://www.kaigokensaku.mhlw.go.jp/27/index.php?action_kouhyou_detail_004_kani=true&JigyosyoCd=2770800585-00&ServiceCd=780&Type=search", "url2": "http://www.jonanhome.jp/" }, "geometry": { "type": "Point", "coordinates": [ 135.539855699999947, 34.6000182 ] } },
{ "type": "Feature", "properties": { "内容": "デイサービス　りんごの木　大阪本店【地域密着型通所介護】大阪市東住吉区南田辺１丁目9番7号", "url": "https://www.kaigokensaku.mhlw.go.jp/27/index.php?action_kouhyou_detail_004_kani=true&JigyosyoCd=2770802631-00&ServiceCd=780&Type=search", "url2": "http://www.club-ringo.com/" }, "geometry": { "type": "Point", "coordinates": [ 135.524822357672065, 34.621616048021835 ] } },
{ "type": "Feature", "properties": { "内容": "デイサービスセンターはるか・かのん【地域密着型通所介護】大阪府大阪市東住吉区田辺4-2-15", "url": "https://www.kaigokensaku.mhlw.go.jp/27/index.php?action_kouhyou_detail_004_kani=true&JigyosyoCd=2770803704-00&ServiceCd=780&Type=search", "url2": null }, "geometry": { "type": "Point", "coordinates": [ 135.5262841, 34.6343475 ] } },
{ "type": "Feature", "properties": { "内容": "デイサービスきたえるーむ大阪美章園【地域密着型通所介護】大阪府大阪市東住吉区北田辺2-2-20", "url": "https://www.kaigokensaku.mhlw.go.jp/27/index.php?action_kouhyou_detail_004_kani=true&JigyosyoCd=2790800581-00&ServiceCd=780&Type=search", "url2": null }, "geometry": { "type": "Point", "coordinates": [ 135.5261265, 34.6375003 ] } },
{ "type": "Feature", "properties": { "内容": "パスタイム【地域密着型通所介護】大阪市東住吉区駒川2-2-17パークサイド駒川102", "url": "https://www.kaigokensaku.mhlw.go.jp/27/index.php?action_kouhyou_detail_004_kani=true&JigyosyoCd=2790800607-00&ServiceCd=780&Type=search", "url2": null }, "geometry": { "type": "Point", "coordinates": [ 135.5308354, 34.6297673 ] } },
{ "type": "Feature", "properties": { "内容": "リ・ライブ杭全【地域密着型通所介護】大阪府大阪市東住吉区杭全4-12-8公洋ビル2F", "url": "https://www.kaigokensaku.mhlw.go.jp/27/index.php?action_kouhyou_detail_004_kani=true&JigyosyoCd=2790800508-00&ServiceCd=780&Type=search", "url2": "https://grand-re-live.com/" }, "geometry": { "type": "Point", "coordinates": [ 135.5381961, 34.6339029 ] } },
{ "type": "Feature", "properties": { "内容": "リハビリデイサービスひかり【地域密着型通所介護】大阪府大阪市東住吉区西今川4丁目16-10セランハイツ102", "url": "https://www.kaigokensaku.mhlw.go.jp/27/index.php?action_kouhyou_detail_004_kani=true&JigyosyoCd=2790800425-00&ServiceCd=780&Type=search", "url2": "http://r.goope.jp/day-hkr" }, "geometry": { "type": "Point", "coordinates": [ 135.533693, 34.6233439 ] } },
{ "type": "Feature", "properties": { "内容": "北田辺なごみデイサービス【地域密着型通所介護】大阪府大阪市東住吉区北田辺5-8-3北田辺なごみ", "url": "https://www.kaigokensaku.mhlw.go.jp/27/index.php?action_kouhyou_detail_004_kani=true&JigyosyoCd=2790800375-00&ServiceCd=780&Type=search", "url2": "https://mild-nagomi.co.jp" }, "geometry": { "type": "Point", "coordinates": [ 135.524632800000063, 34.6304623 ] } },
{ "type": "Feature", "properties": { "内容": "ライクスリハビリデイサービス【地域密着型通所介護】大阪府大阪市東住吉区桑津5丁目20-5", "url": "https://www.kaigokensaku.mhlw.go.jp/27/index.php?action_kouhyou_detail_004_kani=true&JigyosyoCd=2790800623-00&ServiceCd=780&Type=search", "url2": null }, "geometry": { "type": "Point", "coordinates": [ 135.5336634, 34.6355946 ] } },
{ "type": "Feature", "properties": { "内容": "ライフ・スタイル東住吉店【地域密着型通所介護】大阪府大阪市東住吉区鷹合4-17-4メゾンクレアシオン1階", "url": "https://www.kaigokensaku.mhlw.go.jp/27/index.php?action_kouhyou_detail_004_kani=true&JigyosyoCd=2790800755-00&ServiceCd=780&Type=search", "url2": "https://lifestyle-ark.com/" }, "geometry": { "type": "Point", "coordinates": [ 135.5332206, 34.6127239 ] } },
{ "type": "Feature", "properties": { "内容": "デイサービスりあん【地域密着型通所介護】大阪府大阪市東住吉区湯里5丁目15-7Linxビル2Ｆ", "url": "https://www.kaigokensaku.mhlw.go.jp/27/index.php?action_kouhyou_detail_004_kani=true&JigyosyoCd=2790800763-00&ServiceCd=780&Type=search", "url2": null }, "geometry": { "type": "Point", "coordinates": [ 135.5373998, 34.6122754 ] } },
{ "type": "Feature", "properties": { "内容": "デイサービス　シンシア【地域密着型通所介護】大阪市東住吉区山坂４丁目１４－２２", "url": "https://www.kaigokensaku.mhlw.go.jp/27/index.php?action_kouhyou_detail_004_kani=true&JigyosyoCd=2770801385-00&ServiceCd=780&Type=search", "url2": "http://cynthiasince2005.sakura.ne.jp/" }, "geometry": { "type": "Point", "coordinates": [ 135.5204096, 34.6198019 ] } },
{ "type": "Feature", "properties": { "内容": "ぺルメールケア東住吉【地域密着型通所介護】大阪府大阪市東住吉区東田辺3丁16-18", "url": "https://www.kaigokensaku.mhlw.go.jp/27/index.php?action_kouhyou_detail_004_kani=true&JigyosyoCd=2770803860-00&ServiceCd=780&Type=search", "url2": "https://www.peremerecare-higashisumiyoshi.com/" }, "geometry": { "type": "Point", "coordinates": [ 135.52820070000007, 34.6173023 ] } },
{ "type": "Feature", "properties": { "内容": "わいわいデイサービス【地域密着型通所介護】大阪府大阪市東住吉区北田辺四丁目２３番１６号", "url": "https://www.kaigokensaku.mhlw.go.jp/27/index.php?action_kouhyou_detail_004_kani=true&JigyosyoCd=2790800771-00&ServiceCd=780&Type=search", "url2": null }, "geometry": { "type": "Point", "coordinates": [ 135.5288016, 34.631376600000017 ] } },
{ "type": "Feature", "properties": { "内容": "リハトレデイルーム　エスポワール【地域密着型通所介護】大阪府大阪市東住吉区住道矢田6-18-12", "url": "https://www.kaigokensaku.mhlw.go.jp/27/index.php?action_kouhyou_detail_004_kani=true&JigyosyoCd=2770803878-00&ServiceCd=780&Type=search", "url2": "http://u-espoir.com/" }, "geometry": { "type": "Point", "coordinates": [ 135.544080300000019, 34.6058703 ] } },
{ "type": "Feature", "properties": { "内容": "リハビリセンターレガーヴル東住吉店【地域密着型通所介護】大阪府大阪市東住吉区西今川3丁目12-26イルマーレ1階", "url": "https://www.kaigokensaku.mhlw.go.jp/27/index.php?action_kouhyou_detail_004_kani=true&JigyosyoCd=2790800573-00&ServiceCd=780&Type=search", "url2": "https://www.legarvre.com/" }, "geometry": { "type": "Point", "coordinates": [ 135.532543435581971, 34.627077584196861 ] } },
{ "type": "Feature", "properties": { "内容": "デイサービスエスポワール【地域密着型通所介護】大阪府大阪市東住吉区矢田4-15-5ｶｰｻﾏﾆｴﾗ１階", "url": "https://www.kaigokensaku.mhlw.go.jp/27/index.php?action_kouhyou_detail_004_kani=true&JigyosyoCd=2790800334-00&ServiceCd=780&Type=search", "url2": null }, "geometry": { "type": "Point", "coordinates": [ 135.531680400000027, 34.6054008 ] } },
{ "type": "Feature", "properties": { "内容": "いっきゅうデイサービス【地域密着型通所介護】大阪府大阪市東住吉区北田辺二丁目13番25号", "url": "https://www.kaigokensaku.mhlw.go.jp/27/index.php?action_kouhyou_detail_004_kani=true&JigyosyoCd=2790800680-00&ServiceCd=780&Type=search", "url2": "https://ikyu2023.com/" }, "geometry": { "type": "Point", "coordinates": [ 135.525926055819696, 34.635606210037174 ] } },
{ "type": "Feature", "properties": { "内容": "デイサービスボヌール【地域密着型通所介護】大阪市西成区南津守2-2-27コーポハラ102", "url": "https://www.kaigokensaku.mhlw.go.jp/27/index.php?action_kouhyou_detail_004_kani=true&JigyosyoCd=2793300266-00&ServiceCd=780&Type=search", "url2": null }, "geometry": { "type": "Point", "coordinates": [ 135.4820892, 34.6318647 ] } },
{ "type": "Feature", "properties": { "内容": "デイサービスセンター　新しい人【地域密着型通所介護】大阪府大阪市西成区玉出東2-2-6マーブロイ帝塚山1階", "url": "https://www.kaigokensaku.mhlw.go.jp/27/index.php?action_kouhyou_detail_004_kani=true&JigyosyoCd=2793300258-00&ServiceCd=780&Type=search", "url2": "https://www.mone2012.co.jp/" }, "geometry": { "type": "Point", "coordinates": [ 135.4952343, 34.62604 ] } },
{ "type": "Feature", "properties": { "内容": "デイサービス　らんの花【地域密着型通所介護】大阪府大阪市西成区松三丁目2番9号", "url": "https://www.kaigokensaku.mhlw.go.jp/27/index.php?action_kouhyou_detail_004_kani=true&JigyosyoCd=2793300605-00&ServiceCd=780&Type=search", "url2": null }, "geometry": { "type": "Point", "coordinates": [ 135.4898729, 34.640177 ] } },
{ "type": "Feature", "properties": { "内容": "梅南デイサービスめぐみ【地域密着型通所介護】大阪府大阪市西成区梅南1-5-8愛寿企画ビル2階", "url": "https://www.kaigokensaku.mhlw.go.jp/27/index.php?action_kouhyou_detail_004_kani=true&JigyosyoCd=2793300399-00&ServiceCd=780&Type=search", "url2": "http://moremind.jp" }, "geometry": { "type": "Point", "coordinates": [ 135.49442, 34.6423005 ] } },
{ "type": "Feature", "properties": { "内容": "デイサービス　えんじょい【地域密着型通所介護】大阪府大阪市西成区南津守4-1-3", "url": "https://www.kaigokensaku.mhlw.go.jp/27/index.php?action_kouhyou_detail_004_kani=true&JigyosyoCd=2793300506-00&ServiceCd=780&Type=search", "url2": null }, "geometry": { "type": "Point", "coordinates": [ 135.486151200000023, 34.6302928 ] } },
{ "type": "Feature", "properties": { "内容": "デイサービスユウキ【地域密着型通所介護】大阪府大阪市西成区鶴見橋二丁目６番１９号", "url": "https://www.kaigokensaku.mhlw.go.jp/27/index.php?action_kouhyou_detail_004_kani=true&JigyosyoCd=2793300571-00&ServiceCd=780&Type=search", "url2": null }, "geometry": { "type": "Point", "coordinates": [ 135.492592700629046, 34.646121399999977 ] } },
{ "type": "Feature", "properties": { "内容": "デイサービス　ひろゴンの実家【地域密着型通所介護】大阪府大阪市西成区天下茶屋３－２６－１６オルソビルディング3階", "url": "https://www.kaigokensaku.mhlw.go.jp/27/index.php?action_kouhyou_detail_004_kani=true&JigyosyoCd=2773304726-00&ServiceCd=780&Type=search", "url2": "http://www.ortho-g.co.jp/ortho/dayservice/" }, "geometry": { "type": "Point", "coordinates": [ 135.496822814927668, 34.635335005561146 ] } },
{ "type": "Feature", "properties": { "内容": "デイサービスひろゴンの巣【地域密着型通所介護】大阪市西成区千本中２－５－２４セントレージアーク１階", "url": "https://www.kaigokensaku.mhlw.go.jp/27/index.php?action_kouhyou_detail_004_kani=true&JigyosyoCd=2773303702-00&ServiceCd=780&Type=search", "url2": "http://ortho-g.co.jp/ortho/dayservice/" }, "geometry": { "type": "Point", "coordinates": [ 135.486474899999962, 34.632838 ] } },
{ "type": "Feature", "properties": { "内容": "デイサービス　ダンロ【地域密着型通所介護】大阪市西成区玉出西1-8-2パークサイドマンション1F", "url": "https://www.kaigokensaku.mhlw.go.jp/27/index.php?action_kouhyou_detail_004_kani=true&JigyosyoCd=2773306093-00&ServiceCd=780&Type=search", "url2": null }, "geometry": { "type": "Point", "coordinates": [ 135.489490499999988, 34.6263983 ] } },
{ "type": "Feature", "properties": { "内容": "ベルカインズデイサービス【地域密着型通所介護】大阪市西成区潮路２丁目１７番６号", "url": "https://www.kaigokensaku.mhlw.go.jp/27/index.php?action_kouhyou_detail_004_kani=true&JigyosyoCd=2773304056-00&ServiceCd=780&Type=search", "url2": null }, "geometry": { "type": "Point", "coordinates": [ 135.49250990674588, 34.634688306785769 ] } },
{ "type": "Feature", "properties": { "内容": "アルトリハクラブ【地域密着型通所介護】大阪府大阪市西成区南津守一丁目5番25号", "url": "https://www.kaigokensaku.mhlw.go.jp/27/index.php?action_kouhyou_detail_004_kani=true&JigyosyoCd=2773305814-00&ServiceCd=780&Type=search", "url2": "http://www.1049.cc/web/altcare-c/" }, "geometry": { "type": "Point", "coordinates": [ 135.48567586018828, 34.635413826406207 ] } },
{ "type": "Feature", "properties": { "内容": "りんどうデイサービス【地域密着型通所介護】大阪府大阪市西成区梅南一丁目4番3号", "url": "https://www.kaigokensaku.mhlw.go.jp/27/index.php?action_kouhyou_detail_004_kani=true&JigyosyoCd=2773306424-00&ServiceCd=780&Type=search", "url2": null }, "geometry": { "type": "Point", "coordinates": [ 135.494995, 34.643363 ] } },
{ "type": "Feature", "properties": { "内容": "デイサビスセンター愛寿【地域密着型通所介護】大阪府大阪市西成区千本北1丁目20番11号", "url": "https://www.kaigokensaku.mhlw.go.jp/27/index.php?action_kouhyou_detail_004_kani=true&JigyosyoCd=2773305699-00&ServiceCd=780&Type=search", "url2": "http://www.ohb-amg.co.jp/osakahealthbank.html" }, "geometry": { "type": "Point", "coordinates": [ 135.499167100000022, 34.6366888 ] } },
{ "type": "Feature", "properties": { "内容": "在宅介護サポートサービス(株)和田【地域密着型通所介護】大阪府大阪市西成区玉出中２丁目１番２５号", "url": "https://www.kaigokensaku.mhlw.go.jp/27/index.php?action_kouhyou_detail_004_kani=true&JigyosyoCd=2773300260-00&ServiceCd=780&Type=search", "url2": null }, "geometry": { "type": "Point", "coordinates": [ 135.4933373, 34.626323300000017 ] } },
{ "type": "Feature", "properties": { "内容": "在宅介護サポートサービス(株)和田　新館【地域密着型通所介護】大阪市西成区玉出西1丁目10番6号", "url": "https://www.kaigokensaku.mhlw.go.jp/27/index.php?action_kouhyou_detail_004_kani=true&JigyosyoCd=2773302456-00&ServiceCd=780&Type=search", "url2": null }, "geometry": { "type": "Point", "coordinates": [ 135.489538839252106, 34.627440668769424 ] } },
{ "type": "Feature", "properties": { "内容": "天下茶屋デイサービスセンターつれづれの里【地域密着型通所介護】大阪府大阪市西成区聖天下１－１０－２６", "url": "https://www.kaigokensaku.mhlw.go.jp/27/index.php?action_kouhyou_detail_004_kani=true&JigyosyoCd=2773304825-00&ServiceCd=780&Type=search", "url2": "http://www.osaka-kizugawa.coop" }, "geometry": { "type": "Point", "coordinates": [ 135.50074189999998, 34.6377692 ] } },
{ "type": "Feature", "properties": { "内容": "デイサービス楽しいDay【地域密着型通所介護】大阪府大阪市西成区天下茶屋1-28-11", "url": "https://www.kaigokensaku.mhlw.go.jp/27/index.php?action_kouhyou_detail_004_kani=true&JigyosyoCd=2773303504-00&ServiceCd=780&Type=search", "url2": null }, "geometry": { "type": "Point", "coordinates": [ 135.4982329, 34.6412658 ] } },
{ "type": "Feature", "properties": { "内容": "デイサービスひいらぎ【地域密着型通所介護】大阪府大阪市西成区山王二丁目5番14号", "url": "https://www.kaigokensaku.mhlw.go.jp/27/index.php?action_kouhyou_detail_004_kani=true&JigyosyoCd=2773302761-00&ServiceCd=780&Type=search", "url2": null }, "geometry": { "type": "Point", "coordinates": [ 135.505509975397217, 34.644625750824886 ] } },
{ "type": "Feature", "properties": { "内容": "リハビリ特化型デイサービス　げんきあん【地域密着型通所介護】大阪府大阪市西成区千本北2-1-3", "url": "https://www.kaigokensaku.mhlw.go.jp/27/index.php?action_kouhyou_detail_004_kani=true&JigyosyoCd=2793300555-00&ServiceCd=780&Type=search", "url2": null }, "geometry": { "type": "Point", "coordinates": [ 135.489040499999987, 34.6377003 ] } },
{ "type": "Feature", "properties": { "内容": "ハルデイサービス千本【地域密着型通所介護】大阪府大阪市西成区千本北2-1-3", "url": "https://www.kaigokensaku.mhlw.go.jp/27/index.php?action_kouhyou_detail_004_kani=true&JigyosyoCd=2773306739-00&ServiceCd=780&Type=search", "url2": "https://carejp.net/" }, "geometry": { "type": "Point", "coordinates": [ 135.488967900000034, 34.6376636 ] } },
{ "type": "Feature", "properties": { "内容": "らぶりーデイサービス【地域密着型通所介護】大阪府大阪市西成区鶴見橋3-5-251階矢野ビル１Ｆ", "url": "https://www.kaigokensaku.mhlw.go.jp/27/index.php?action_kouhyou_detail_004_kani=true&JigyosyoCd=2773306432-00&ServiceCd=780&Type=search", "url2": "https://lovely.co.jp/" }, "geometry": { "type": "Point", "coordinates": [ 135.4881695, 34.6460658 ] } },
{ "type": "Feature", "properties": { "内容": "デイサービスぶどう苑【地域密着型通所介護】大阪府大阪市西成区天下茶屋東1丁目20番5号", "url": "https://www.kaigokensaku.mhlw.go.jp/27/index.php?action_kouhyou_detail_004_kani=true&JigyosyoCd=2793300373-00&ServiceCd=780&Type=search", "url2": null }, "geometry": { "type": "Point", "coordinates": [ 135.5020534, 34.6416278 ] } },
{ "type": "Feature", "properties": { "内容": "リハビリ特化型デイサービス恵【地域密着型通所介護】大阪府大阪市西成区千本北2丁目32-39", "url": "https://www.kaigokensaku.mhlw.go.jp/27/index.php?action_kouhyou_detail_004_kani=true&JigyosyoCd=2793300530-00&ServiceCd=780&Type=search", "url2": null }, "geometry": { "type": "Point", "coordinates": [ 135.4861804, 34.635413500000034 ] } },
{ "type": "Feature", "properties": { "内容": "バランスリハデイサービス【地域密着型通所介護】大阪府大阪市西成区玉出西1-8-9品一ビル101", "url": "https://www.kaigokensaku.mhlw.go.jp/27/index.php?action_kouhyou_detail_004_kani=true&JigyosyoCd=2793300365-00&ServiceCd=780&Type=search", "url2": "https://balance-lab.jp/" }, "geometry": { "type": "Point", "coordinates": [ 135.488941399999987, 34.6262556 ] } },
{ "type": "Feature", "properties": { "内容": "バランスリハ+デイサービス【地域密着型通所介護】大阪府大阪市西成区岸里東2-3-22コットンビル502号", "url": "https://www.kaigokensaku.mhlw.go.jp/27/index.php?action_kouhyou_detail_004_kani=true&JigyosyoCd=2793300548-00&ServiceCd=780&Type=search", "url2": "https://balance-lab.jp/" }, "geometry": { "type": "Point", "coordinates": [ 135.497571609787002, 34.630144347192569 ] } },
{ "type": "Feature", "properties": { "内容": "デイサービスセンター介【地域密着型通所介護】大阪府大阪市西成区天神ノ森1-4-4ｼｬﾝﾌﾞﾙ天神ノ森　101号", "url": "https://www.kaigokensaku.mhlw.go.jp/27/index.php?action_kouhyou_detail_004_kani=true&JigyosyoCd=2793300340-00&ServiceCd=780&Type=search", "url2": null }, "geometry": { "type": "Point", "coordinates": [ 135.500684, 34.6342339 ] } },
{ "type": "Feature", "properties": { "内容": "デイサービス輪笑【地域密着型通所介護】大阪市西成区南津守3-6-31", "url": "https://www.kaigokensaku.mhlw.go.jp/27/index.php?action_kouhyou_detail_004_kani=true&JigyosyoCd=2793300480-00&ServiceCd=780&Type=search", "url2": null }, "geometry": { "type": "Point", "coordinates": [ 135.483596799999987, 34.6323541 ] } },
{ "type": "Feature", "properties": { "内容": "西天下茶屋デイサービスセンター【地域密着型通所介護】大阪府大阪市西成区橘3-7-231F", "url": "https://www.kaigokensaku.mhlw.go.jp/27/index.php?action_kouhyou_detail_004_kani=true&JigyosyoCd=2793300324-00&ServiceCd=780&Type=search", "url2": null }, "geometry": { "type": "Point", "coordinates": [ 135.4887573, 34.6399347 ] } },
{ "type": "Feature", "properties": { "内容": "(有限会社)フローレンス【地域密着型通所介護】大阪府大阪市西成区太子1-5-3", "url": "https://www.kaigokensaku.mhlw.go.jp/27/index.php?action_kouhyou_detail_004_kani=true&JigyosyoCd=2773302209-00&ServiceCd=780&Type=search", "url2": null }, "geometry": { "type": "Point", "coordinates": [ 135.5030569, 34.6480933 ] } },
{ "type": "Feature", "properties": { "内容": "らぶりーランド【地域密着型通所介護】大阪府大阪市西成区鶴見橋3-6-15ＬＯＶＥＬＹ鶴見橋ビル-1階", "url": "https://www.kaigokensaku.mhlw.go.jp/27/index.php?action_kouhyou_detail_004_kani=true&JigyosyoCd=2793300654-00&ServiceCd=780&Type=search", "url2": null }, "geometry": { "type": "Point", "coordinates": [ 135.4880652, 34.6463029 ] } },
{ "type": "Feature", "properties": { "内容": "リハビリディサービスにっこり【地域密着型通所介護】大阪府大阪市西成区太子2-3-16", "url": "https://www.kaigokensaku.mhlw.go.jp/27/index.php?action_kouhyou_detail_004_kani=true&JigyosyoCd=2773306408-00&ServiceCd=780&Type=search", "url2": null }, "geometry": { "type": "Point", "coordinates": [ 135.503555, 34.6456098 ] } },
{ "type": "Feature", "properties": { "内容": "陽だまりデイサービス【地域密着型通所介護】大阪府大阪市西成区長橋2丁目1番4号経洸(つねひろ)マンション1階", "url": "https://www.kaigokensaku.mhlw.go.jp/27/index.php?action_kouhyou_detail_004_kani=true&JigyosyoCd=2793300563-00&ServiceCd=780&Type=search", "url2": "http://happy-home.co.jp/" }, "geometry": { "type": "Point", "coordinates": [ 135.493004364418056, 34.649183829109518 ] } },
{ "type": "Feature", "properties": { "内容": "デイサービスひろゴンのオアシス【地域密着型通所介護】大阪府大阪市西成区天下茶屋3-28-5TMビル４階", "url": "https://www.kaigokensaku.mhlw.go.jp/27/index.php?action_kouhyou_detail_004_kani=true&JigyosyoCd=2773306176-00&ServiceCd=780&Type=search", "url2": "http://ortho-g.co.jp/ortho/oasis/" }, "geometry": { "type": "Point", "coordinates": [ 135.496647899999971, 34.6356555 ] } },
{ "type": "Feature", "properties": { "内容": "シーサーデイサービス【地域密着型通所介護】大阪府大阪市西成区岸里3-7-3佐伯マンション1階", "url": "https://www.kaigokensaku.mhlw.go.jp/27/index.php?action_kouhyou_detail_004_kani=true&JigyosyoCd=2773306374-00&ServiceCd=780&Type=search", "url2": null }, "geometry": { "type": "Point", "coordinates": [ 135.494206, 34.630622 ] } },
{ "type": "Feature", "properties": { "内容": "アイナデイサービス【地域密着型通所介護】大阪府大阪市西成区玉出中2-3-31玉出プラザ１階A号", "url": "https://www.kaigokensaku.mhlw.go.jp/27/index.php?action_kouhyou_detail_004_kani=true&JigyosyoCd=2793300431-00&ServiceCd=780&Type=search", "url2": "http://anterious.com" }, "geometry": { "type": "Point", "coordinates": [ 135.492162699999966, 34.6261894 ] } },
{ "type": "Feature", "properties": { "内容": "アシエンデイサービス新大阪【地域密着型通所介護】大阪府大阪市淀川区西宮原一丁目6番36号新大阪コミュニケーションプラザ", "url": "https://www.kaigokensaku.mhlw.go.jp/27/index.php?action_kouhyou_detail_004_kani=true&JigyosyoCd=2799100256-00&ServiceCd=780&Type=search", "url2": "http://asien.jp/" }, "geometry": { "type": "Point", "coordinates": [ 135.4901853, 34.732619 ] } },
{ "type": "Feature", "properties": { "内容": "介護予防卓球サロンピンポン【地域密着型通所介護】大阪府大阪市淀川区三国本町3-22-10", "url": "https://www.kaigokensaku.mhlw.go.jp/27/index.php?action_kouhyou_detail_004_kani=true&JigyosyoCd=2799100371-00&ServiceCd=780&Type=search", "url2": null }, "geometry": { "type": "Point", "coordinates": [ 135.4851026, 34.7375025 ] } },
{ "type": "Feature", "properties": { "内容": "機能訓練特化型デイサービスステップ【地域密着型通所介護】大阪府大阪市淀川区十三本町2-8-8", "url": "https://www.kaigokensaku.mhlw.go.jp/27/index.php?action_kouhyou_detail_004_kani=true&JigyosyoCd=2799100397-00&ServiceCd=780&Type=search", "url2": null }, "geometry": { "type": "Point", "coordinates": [ 135.4801723, 34.7204175 ] } },
{ "type": "Feature", "properties": { "内容": "ポシブル淀川【地域密着型通所介護】大阪府大阪市淀川区木川西四丁目1番38号グリーンコーポ西中島", "url": "https://www.kaigokensaku.mhlw.go.jp/27/index.php?action_kouhyou_detail_004_kani=true&JigyosyoCd=2799100504-00&ServiceCd=780&Type=search", "url2": "https://www.possible-plus.co.jp/" }, "geometry": { "type": "Point", "coordinates": [ 135.489102465012365, 34.727322862581822 ] } },
{ "type": "Feature", "properties": { "内容": "リハビリテーション颯　新北野【地域密着型通所介護】大阪府大阪市淀川区新北野2-12-14成小路ハイツ1階", "url": "https://www.kaigokensaku.mhlw.go.jp/27/index.php?action_kouhyou_detail_004_kani=true&JigyosyoCd=2799100280-00&ServiceCd=780&Type=search", "url2": "http://rehabiliday.com/facility/shinkitano.shtml" }, "geometry": { "type": "Point", "coordinates": [ 135.475956, 34.7144901 ] } },
{ "type": "Feature", "properties": { "内容": "ミードデイサービスあかり【地域密着型通所介護】大阪府大阪市淀川区十三元今里１丁目１番５２号キリスト教ミード社会舘", "url": "https://www.kaigokensaku.mhlw.go.jp/27/index.php?action_kouhyou_detail_004_kani=true&JigyosyoCd=2799100439-00&ServiceCd=780&Type=search", "url2": "https://www.mead-jp.com/" }, "geometry": { "type": "Point", "coordinates": [ 135.47692330000001, 34.7178443 ] } },
{ "type": "Feature", "properties": { "内容": "アイフィット淀川デイサービス【地域密着型通所介護】大阪市淀川区十三東1-17-6Villa淀川", "url": "https://www.kaigokensaku.mhlw.go.jp/27/index.php?action_kouhyou_detail_004_kani=true&JigyosyoCd=2799100231-00&ServiceCd=780&Type=search", "url2": "http://www.hanamaru-day.com" }, "geometry": { "type": "Point", "coordinates": [ 135.485005199999932, 34.7194787 ] } },
{ "type": "Feature", "properties": { "内容": "のんびり広場【地域密着型通所介護】大阪市淀川区東三国2-10アーベイン東三国　第4号棟　114号室", "url": "https://www.kaigokensaku.mhlw.go.jp/27/index.php?action_kouhyou_detail_004_kani=true&JigyosyoCd=2799100348-00&ServiceCd=780&Type=search", "url2": "https://www.kikyo2007.com" }, "geometry": { "type": "Point", "coordinates": [ 135.504094033062103, 34.743528061551018 ] } },
{ "type": "Feature", "properties": { "内容": "ｍｉｒａｉｍｏ【地域密着型通所介護】大阪府大阪市淀川区三津屋北１丁目５番２０号神崎川クリニックビル２階", "url": "https://www.kaigokensaku.mhlw.go.jp/27/index.php?action_kouhyou_detail_004_kani=true&JigyosyoCd=2799100389-00&ServiceCd=780&Type=search", "url2": "https://onishi-clinic.or.jp/anshindo/" }, "geometry": { "type": "Point", "coordinates": [ 135.473206800000014, 34.7316393 ] } },
{ "type": "Feature", "properties": { "内容": "ナイト&デイサービス　縁【地域密着型通所介護】大阪府大阪市淀川区東三国6-22-8-1F", "url": "https://www.kaigokensaku.mhlw.go.jp/27/index.php?action_kouhyou_detail_004_kani=true&JigyosyoCd=2779103916-00&ServiceCd=780&Type=search", "url2": null }, "geometry": { "type": "Point", "coordinates": [ 135.4930463, 34.7433908 ] } },
{ "type": "Feature", "properties": { "内容": "いりおリハビリセンター【地域密着型通所介護】大阪府大阪市淀川区木川東4-16-20", "url": "https://www.kaigokensaku.mhlw.go.jp/27/index.php?action_kouhyou_detail_004_kani=true&JigyosyoCd=2779103833-00&ServiceCd=780&Type=search", "url2": null }, "geometry": { "type": "Point", "coordinates": [ 135.489563099999941, 34.7281861 ] } },
{ "type": "Feature", "properties": { "内容": "リハビリデイサービスほほえみ【地域密着型通所介護】大阪府大阪市淀川区新高6-11-8", "url": "https://www.kaigokensaku.mhlw.go.jp/27/index.php?action_kouhyou_detail_004_kani=true&JigyosyoCd=2779103312-00&ServiceCd=780&Type=search", "url2": null }, "geometry": { "type": "Point", "coordinates": [ 135.473917300000039, 34.7319352 ] } },
{ "type": "Feature", "properties": { "内容": "湯遊庵デイサービスセンター【地域密着型通所介護】大阪市淀川区木川東4-9-27新大阪第一ハイツビル108", "url": "https://www.kaigokensaku.mhlw.go.jp/27/index.php?action_kouhyou_detail_004_kani=true&JigyosyoCd=2779101100-00&ServiceCd=780&Type=search", "url2": "http://www.yuyuyu.co.jp/" }, "geometry": { "type": "Point", "coordinates": [ 135.4919602, 34.7284195 ] } },
{ "type": "Feature", "properties": { "内容": "庵デイサービス【地域密着型通所介護】大阪府大阪市淀川区新北野3-13-27レアレア塚本50番館１Ｆ", "url": "https://www.kaigokensaku.mhlw.go.jp/27/index.php?action_kouhyou_detail_004_kani=true&JigyosyoCd=2779102819-00&ServiceCd=780&Type=search", "url2": null }, "geometry": { "type": "Point", "coordinates": [ 135.473839600000019, 34.713668 ] } },
{ "type": "Feature", "properties": { "内容": "デイサービスセンター　よろこび【地域密着型通所介護】大阪府大阪市淀川区宮原二丁目11番11号", "url": "https://www.kaigokensaku.mhlw.go.jp/27/index.php?action_kouhyou_detail_004_kani=true&JigyosyoCd=2779102355-00&ServiceCd=780&Type=search", "url2": "http://yorokobi-group.com/day-service.html" }, "geometry": { "type": "Point", "coordinates": [ 135.499726099999947, 34.7388407 ] } },
{ "type": "Feature", "properties": { "内容": "デイサービスセンターよろこび２【地域密着型通所介護】大阪市淀川区宮原2-1-211Ｆ店舗", "url": "https://www.kaigokensaku.mhlw.go.jp/27/index.php?action_kouhyou_detail_004_kani=true&JigyosyoCd=2779102785-00&ServiceCd=780&Type=search", "url2": "http://yorokobi-group.com/day-service.html" }, "geometry": { "type": "Point", "coordinates": [ 135.501292599999942, 34.7385408 ] } },
{ "type": "Feature", "properties": { "内容": "デイサービスはくあい【地域密着型通所介護】大阪府大阪市淀川区十三元今里3-1-72サテライト特養　清心館", "url": "https://www.kaigokensaku.mhlw.go.jp/27/index.php?action_kouhyou_detail_004_kani=true&JigyosyoCd=2779103411-00&ServiceCd=780&Type=search", "url2": "https://www.hakuaisha-welfare.net/elder_day-hakuai/" }, "geometry": { "type": "Point", "coordinates": [ 135.47636544536897, 34.721730440673944 ] } },
{ "type": "Feature", "properties": { "内容": "デイサービスあいあい三国【地域密着型通所介護】大阪府大阪市淀川区西三国3丁目5番1号", "url": "https://www.kaigokensaku.mhlw.go.jp/27/index.php?action_kouhyou_detail_004_kani=true&JigyosyoCd=2779101761-00&ServiceCd=780&Type=search", "url2": "http://npo-aiai.jp/" }, "geometry": { "type": "Point", "coordinates": [ 135.484183, 34.7387292 ] } },
{ "type": "Feature", "properties": { "内容": "ききょうデイサービス【地域密着型通所介護】大阪市淀川区東三国1-5-5エルハイツ　1階", "url": "https://www.kaigokensaku.mhlw.go.jp/27/index.php?action_kouhyou_detail_004_kani=true&JigyosyoCd=2779102264-00&ServiceCd=780&Type=search", "url2": "https://www.2007kikyo.com/" }, "geometry": { "type": "Point", "coordinates": [ 135.5040368, 34.74194270000001 ] } },
{ "type": "Feature", "properties": { "内容": "大西安心堂デイサービス三津屋の家【地域密着型通所介護】大阪市淀川区三津屋中２－７－９", "url": "https://www.kaigokensaku.mhlw.go.jp/27/index.php?action_kouhyou_detail_004_kani=true&JigyosyoCd=2779101365-00&ServiceCd=780&Type=search", "url2": null }, "geometry": { "type": "Point", "coordinates": [ 135.468837200000053, 34.727019 ] } },
{ "type": "Feature", "properties": { "内容": "デイサービスELIFEHOME【地域密着型通所介護】大阪府大阪市淀川区加島4-16-7", "url": "https://www.kaigokensaku.mhlw.go.jp/27/index.php?action_kouhyou_detail_004_kani=true&JigyosyoCd=2799100454-00&ServiceCd=780&Type=search", "url2": "https://www.nnrc.jp" }, "geometry": { "type": "Point", "coordinates": [ 135.451756100000011, 34.7313082 ] } },
{ "type": "Feature", "properties": { "内容": "レコードブック三国本町【地域密着型通所介護】大阪府大阪市淀川区三国本町3-36-6メゾンドゥカクール１階Ａ", "url": "https://www.kaigokensaku.mhlw.go.jp/27/index.php?action_kouhyou_detail_004_kani=true&JigyosyoCd=2799100322-00&ServiceCd=780&Type=search", "url2": "https://www.recordbook.jp/facility/mikunihonmachi/" }, "geometry": { "type": "Point", "coordinates": [ 135.483645174239768, 34.736423453563312 ] } },
{ "type": "Feature", "properties": { "内容": "デイサービスセンターステイフィット【地域密着型通所介護】大阪府大阪市淀川区木川東4-12-25新大阪フロンティアビル1階", "url": "https://www.kaigokensaku.mhlw.go.jp/27/index.php?action_kouhyou_detail_004_kani=true&JigyosyoCd=2799100306-00&ServiceCd=780&Type=search", "url2": null }, "geometry": { "type": "Point", "coordinates": [ 135.490863, 34.7274363 ] } },
{ "type": "Feature", "properties": { "内容": "リバーデイセンター【地域密着型通所介護】大阪府大阪市淀川区三国本町2-19-14", "url": "https://www.kaigokensaku.mhlw.go.jp/27/index.php?action_kouhyou_detail_004_kani=true&JigyosyoCd=2779103197-00&ServiceCd=780&Type=search", "url2": "http://day-woodcare.riverwood.site/index.html" }, "geometry": { "type": "Point", "coordinates": [ 135.484197473016394, 34.733615382936769 ] } },
{ "type": "Feature", "properties": { "内容": "リカバリーのデイサービス元気！【地域密着型通所介護】大阪府大阪市淀川区宮原１丁目１７番１２号R-CUBE　１01", "url": "https://www.kaigokensaku.mhlw.go.jp/27/index.php?action_kouhyou_detail_004_kani=true&JigyosyoCd=2779103171-00&ServiceCd=780&Type=search", "url2": "https://ri-kavari.co.jp" }, "geometry": { "type": "Point", "coordinates": [ 135.499701100000038, 34.7371631 ] } },
{ "type": "Feature", "properties": { "内容": "サクラヤデイサービスセンター【地域密着型通所介護】大阪府大阪市淀川区野中南1-12-1", "url": "https://www.kaigokensaku.mhlw.go.jp/27/index.php?action_kouhyou_detail_004_kani=true&JigyosyoCd=2799100538-00&ServiceCd=780&Type=search", "url2": null }, "geometry": { "type": "Point", "coordinates": [ 135.485051199227911, 34.728378307233697 ] } },
{ "type": "Feature", "properties": { "内容": "デイサービス　ジェルメ【地域密着型通所介護】大阪府大阪市淀川区十八条二丁目5番2号", "url": "https://www.kaigokensaku.mhlw.go.jp/27/index.php?action_kouhyou_detail_004_kani=true&JigyosyoCd=2799100421-00&ServiceCd=780&Type=search", "url2": null }, "geometry": { "type": "Point", "coordinates": [ 135.4931659, 34.745763300000014 ] } },
{ "type": "Feature", "properties": { "内容": "ききょうデイサービスWEST【地域密着型通所介護】大阪府大阪市淀川区東三国5-15-2セントローリエ東三国1階", "url": "https://www.kaigokensaku.mhlw.go.jp/27/index.php?action_kouhyou_detail_004_kani=true&JigyosyoCd=2779103379-00&ServiceCd=780&Type=search", "url2": "https://www.2007kikyo.com/" }, "geometry": { "type": "Point", "coordinates": [ 135.494026399999939, 34.7426929 ] } },
{ "type": "Feature", "properties": { "内容": "ありすデイサービス【地域密着型通所介護】大阪府大阪市鶴見区緑1-7-20", "url": "https://www.kaigokensaku.mhlw.go.jp/27/index.php?action_kouhyou_detail_004_kani=true&JigyosyoCd=2779201496-00&ServiceCd=780&Type=search", "url2": "https://www3.hp-ez.com/hp/alice-dayservice/top" }, "geometry": { "type": "Point", "coordinates": [ 135.562328100000059, 34.7116388 ] } },
{ "type": "Feature", "properties": { "内容": "デイサービスまる家【地域密着型通所介護】大阪府大阪市鶴見区放出東3丁目9番24号", "url": "https://www.kaigokensaku.mhlw.go.jp/27/index.php?action_kouhyou_detail_004_kani=true&JigyosyoCd=2779201934-00&ServiceCd=780&Type=search", "url2": null }, "geometry": { "type": "Point", "coordinates": [ 135.561360499999978, 34.6891642 ] } },
{ "type": "Feature", "properties": { "内容": "デイサービスだるま園【地域密着型通所介護】大阪市鶴見区諸口４丁目１番３号", "url": "https://www.kaigokensaku.mhlw.go.jp/27/index.php?action_kouhyou_detail_004_kani=true&JigyosyoCd=2779201264-00&ServiceCd=780&Type=search", "url2": null }, "geometry": { "type": "Point", "coordinates": [ 135.578495167459096, 34.70202702635769 ] } },
{ "type": "Feature", "properties": { "内容": "デイサービス　ゆとり【地域密着型通所介護】大阪府大阪市鶴見区放出東1-12-14", "url": "https://www.kaigokensaku.mhlw.go.jp/27/index.php?action_kouhyou_detail_004_kani=true&JigyosyoCd=2779201918-00&ServiceCd=780&Type=search", "url2": "http://www.yutori-day.com/" }, "geometry": { "type": "Point", "coordinates": [ 135.56212979999998, 34.6933498 ] } },
{ "type": "Feature", "properties": { "内容": "デイサロン　TAMAM【地域密着型通所介護】大阪府大阪市鶴見区今津中3-6-27シャトー三愛１０８", "url": "https://www.kaigokensaku.mhlw.go.jp/27/index.php?action_kouhyou_detail_004_kani=true&JigyosyoCd=2779202080-00&ServiceCd=780&Type=search", "url2": "https://www.tamam.jp" }, "geometry": { "type": "Point", "coordinates": [ 135.575418646557665, 34.692157759764704 ] } },
{ "type": "Feature", "properties": { "内容": "バス・リハデイサービスぽっぽ【地域密着型通所介護】大阪府大阪市鶴見区鶴見５－７－１２", "url": "https://www.kaigokensaku.mhlw.go.jp/27/index.php?action_kouhyou_detail_004_kani=true&JigyosyoCd=2799200213-00&ServiceCd=780&Type=search", "url2": null }, "geometry": { "type": "Point", "coordinates": [ 135.5648383, 34.7069621 ] } },
{ "type": "Feature", "properties": { "内容": "イチローデイサービスつるみ・みどり【地域密着型通所介護】大阪府大阪市鶴見区緑2丁目6-30", "url": "https://www.kaigokensaku.mhlw.go.jp/27/index.php?action_kouhyou_detail_004_kani=true&JigyosyoCd=2779201983-00&ServiceCd=780&Type=search", "url2": "http://www.ichiro-day-turumi.jp" }, "geometry": { "type": "Point", "coordinates": [ 135.564804399999957, 34.7095064 ] } },
{ "type": "Feature", "properties": { "内容": "介護サロン　花つるみ【地域密着型通所介護】大阪府大阪市鶴見区鶴見3丁目13番9号", "url": "https://www.kaigokensaku.mhlw.go.jp/27/index.php?action_kouhyou_detail_004_kani=true&JigyosyoCd=2779200662-00&ServiceCd=780&Type=search", "url2": null }, "geometry": { "type": "Point", "coordinates": [ 135.565424, 34.7014684 ] } },
{ "type": "Feature", "properties": { "内容": "リハビリデイサービス　スローステップ【地域密着型通所介護】大阪府大阪市鶴見区今津北4－12－13ヴィラージュ今津1階", "url": "https://www.kaigokensaku.mhlw.go.jp/27/index.php?action_kouhyou_detail_004_kani=true&JigyosyoCd=2779201801-00&ServiceCd=780&Type=search", "url2": "https://www.hola-step.com" }, "geometry": { "type": "Point", "coordinates": [ 135.578192299999955, 34.6941308 ] } },
{ "type": "Feature", "properties": { "内容": "オンリー湯デイサービス【地域密着型通所介護】大阪府大阪市鶴見区今津北4-15-14シャルムK1階", "url": "https://www.kaigokensaku.mhlw.go.jp/27/index.php?action_kouhyou_detail_004_kani=true&JigyosyoCd=2799200239-00&ServiceCd=780&Type=search", "url2": "https://only-kaigo.com" }, "geometry": { "type": "Point", "coordinates": [ 135.5795589, 34.6935403 ] } },
{ "type": "Feature", "properties": { "内容": "リハプライド鶴見横堤【地域密着型通所介護】大阪市鶴見区横堤3-3-17", "url": "https://www.kaigokensaku.mhlw.go.jp/27/index.php?action_kouhyou_detail_004_kani=true&JigyosyoCd=2799200171-00&ServiceCd=780&Type=search", "url2": "https://www.rehapride.co.jp/tsurumiyokozutsumi/" }, "geometry": { "type": "Point", "coordinates": [ 135.5745372, 34.6993691 ] } },
{ "type": "Feature", "properties": { "内容": "今津地域デイサービスセンター【地域密着型通所介護】大阪市鶴見区今津南1丁目1番4号", "url": "https://www.kaigokensaku.mhlw.go.jp/27/index.php?action_kouhyou_detail_004_kani=true&JigyosyoCd=2779200233-00&ServiceCd=780&Type=search", "url2": "https://www.ans.co.jp/u/enomoto/" }, "geometry": { "type": "Point", "coordinates": [ 135.56659609999997, 34.6902503 ] } },
{ "type": "Feature", "properties": { "内容": "あうるデイサービス【地域密着型通所介護】大阪府大阪市鶴見区今津中１丁目7-3アベニュー鶴見101", "url": "https://www.kaigokensaku.mhlw.go.jp/27/index.php?action_kouhyou_detail_004_kani=true&JigyosyoCd=2799200247-00&ServiceCd=780&Type=search", "url2": null }, "geometry": { "type": "Point", "coordinates": [ 135.568124399999988, 34.6917561 ] } },
{ "type": "Feature", "properties": { "内容": "コープおおさかデイサービス【地域密着型通所介護】大阪市鶴見区諸口６丁目１-17", "url": "https://www.kaigokensaku.mhlw.go.jp/27/index.php?action_kouhyou_detail_004_kani=true&JigyosyoCd=2779200985-00&ServiceCd=780&Type=search", "url2": "health-coop.jp" }, "geometry": { "type": "Point", "coordinates": [ 135.574676970968028, 34.705549712192592 ] } },
{ "type": "Feature", "properties": { "内容": "リハデイ狸【地域密着型通所介護】大阪府大阪市住之江区御崎4-11-10パークハイム住之江102号", "url": "https://www.kaigokensaku.mhlw.go.jp/27/index.php?action_kouhyou_detail_004_kani=true&JigyosyoCd=2795900212-00&ServiceCd=780&Type=search", "url2": "http://deitanuki.starfree.jp" }, "geometry": { "type": "Point", "coordinates": [ 135.47712690000003, 34.6090687 ] } },
{ "type": "Feature", "properties": { "内容": "リハビリデイサービス　りらいふ粉浜【地域密着型通所介護】大阪府大阪市住之江区粉浜1-23-1-2階", "url": "https://www.kaigokensaku.mhlw.go.jp/27/index.php?action_kouhyou_detail_004_kani=true&JigyosyoCd=2795900378-00&ServiceCd=780&Type=search", "url2": null }, "geometry": { "type": "Point", "coordinates": [ 135.4918221, 34.6195586 ] } },
{ "type": "Feature", "properties": { "内容": "SPAKUL【地域密着型通所介護】大阪府大阪市住之江区中加賀屋2-3-14", "url": "https://www.kaigokensaku.mhlw.go.jp/27/index.php?action_kouhyou_detail_004_kani=true&JigyosyoCd=2775902352-00&ServiceCd=780&Type=search", "url2": null }, "geometry": { "type": "Point", "coordinates": [ 135.480949799999962, 34.618093500000015 ] } },
{ "type": "Feature", "properties": { "内容": "デイサービスセンターびわの木【地域密着型通所介護】大阪府大阪市住之江区粉浜西2-1-5", "url": "https://www.kaigokensaku.mhlw.go.jp/27/index.php?action_kouhyou_detail_004_kani=true&JigyosyoCd=2775901693-00&ServiceCd=780&Type=search", "url2": "http://www.eonet.ne.jp/~biwanoki/" }, "geometry": { "type": "Point", "coordinates": [ 135.488793500000043, 34.6194853 ] } },
{ "type": "Feature", "properties": { "内容": "デイサービス　わか【地域密着型通所介護】大阪府大阪市住之江区安立１丁目６番１５号　ネオハイツ住吉１階", "url": "https://www.kaigokensaku.mhlw.go.jp/27/index.php?action_kouhyou_detail_004_kani=true&JigyosyoCd=2775900851-00&ServiceCd=780&Type=search", "url2": "https://nico-group.co.jp/" }, "geometry": { "type": "Point", "coordinates": [ 135.490487600000051, 34.6090635 ] } },
{ "type": "Feature", "properties": { "内容": "デイサービス御崎【地域密着型通所介護】大阪市住之江区御崎５丁目1-24ラシーヌ御崎１F", "url": "https://www.kaigokensaku.mhlw.go.jp/27/index.php?action_kouhyou_detail_004_kani=true&JigyosyoCd=2775901487-00&ServiceCd=780&Type=search", "url2": null }, "geometry": { "type": "Point", "coordinates": [ 135.482738700000027, 34.608857 ] } },
{ "type": "Feature", "properties": { "内容": "リハビリ特化型デイサービス宮田【地域密着型通所介護】大阪府大阪市住之江区浜口東3-11-23モンシャトレ103号室", "url": "https://www.kaigokensaku.mhlw.go.jp/27/index.php?action_kouhyou_detail_004_kani=true&JigyosyoCd=2775902238-00&ServiceCd=780&Type=search", "url2": null }, "geometry": { "type": "Point", "coordinates": [ 135.486671800000067, 34.607781 ] } },
{ "type": "Feature", "properties": { "内容": "デイサービス鯉【地域密着型通所介護】大阪市住之江区南港中２丁目２番地南港わかぎの団地４３棟１０２号", "url": "https://www.kaigokensaku.mhlw.go.jp/27/index.php?action_kouhyou_detail_004_kani=true&JigyosyoCd=2775902766-00&ServiceCd=780&Type=search", "url2": "http://sites.google.com/view/dei-koi" }, "geometry": { "type": "Point", "coordinates": [ 135.427151500000036, 34.6298377 ] } },
{ "type": "Feature", "properties": { "内容": "リハビリデイサービス一歩【地域密着型通所介護】大阪府大阪市住之江区北加賀屋1-3-15", "url": "https://www.kaigokensaku.mhlw.go.jp/27/index.php?action_kouhyou_detail_004_kani=true&JigyosyoCd=2775902071-00&ServiceCd=780&Type=search", "url2": null }, "geometry": { "type": "Point", "coordinates": [ 135.481671400000039, 34.622482700000035 ] } },
{ "type": "Feature", "properties": { "内容": "デイサービスはなみずき【地域密着型通所介護】大阪府大阪市住之江区御崎7丁目5番5号御崎久宝庵1階", "url": "https://www.kaigokensaku.mhlw.go.jp/27/index.php?action_kouhyou_detail_004_kani=true&JigyosyoCd=2775902014-00&ServiceCd=780&Type=search", "url2": null }, "geometry": { "type": "Point", "coordinates": [ 135.480425200000013, 34.605325599999986 ] } },
{ "type": "Feature", "properties": { "内容": "デイサービスセンター・えむず【地域密着型通所介護】大阪府大阪市住之江区西加賀屋３－１２－１６", "url": "https://www.kaigokensaku.mhlw.go.jp/27/index.php?action_kouhyou_detail_004_kani=true&JigyosyoCd=2795900345-00&ServiceCd=780&Type=search", "url2": null }, "geometry": { "type": "Point", "coordinates": [ 135.4761179, 34.6174913 ] } },
{ "type": "Feature", "properties": { "内容": "リハビリデイサービス　りらいふ御崎【地域密着型通所介護】大阪府大阪市住之江区御崎1-6-7", "url": "https://www.kaigokensaku.mhlw.go.jp/27/index.php?action_kouhyou_detail_004_kani=true&JigyosyoCd=2795900279-00&ServiceCd=780&Type=search", "url2": null }, "geometry": { "type": "Point", "coordinates": [ 135.4815778, 34.6118743 ] } },
{ "type": "Feature", "properties": { "内容": "リハステージブルーム【地域密着型通所介護】大阪府大阪市住之江区緑木1-4-35アノパーク加賀屋104", "url": "https://www.kaigokensaku.mhlw.go.jp/27/index.php?action_kouhyou_detail_004_kani=true&JigyosyoCd=2795900386-00&ServiceCd=780&Type=search", "url2": "https://bloom-nest.co.jp/contact/" }, "geometry": { "type": "Point", "coordinates": [ 135.4731624, 34.6176097 ] } },
{ "type": "Feature", "properties": { "内容": "デイサービス小蝶住之江【地域密着型通所介護】大阪市住之江区新北島１－１－１９", "url": "https://www.kaigokensaku.mhlw.go.jp/27/index.php?action_kouhyou_detail_004_kani=true&JigyosyoCd=2775901677-00&ServiceCd=780&Type=search", "url2": null }, "geometry": { "type": "Point", "coordinates": [ 135.47253139999998, 34.6082695 ] } },
{ "type": "Feature", "properties": { "内容": "デイセンター健祥会マヌエル【地域密着型通所介護】大阪府大阪市住之江区南港北二丁目7番48号", "url": "https://www.kaigokensaku.mhlw.go.jp/27/index.php?action_kouhyou_detail_004_kani=true&JigyosyoCd=2795900238-00&ServiceCd=780&Type=search", "url2": "http://www.kenshokai.group" }, "geometry": { "type": "Point", "coordinates": [ 135.408382299999971, 34.639997 ] } },
{ "type": "Feature", "properties": { "内容": "リ・ライフ瓜破【地域密着型通所介護】大阪府大阪市平野区瓜破1-2-18", "url": "https://www.kaigokensaku.mhlw.go.jp/27/index.php?action_kouhyou_detail_004_kani=true&JigyosyoCd=2795800578-00&ServiceCd=780&Type=search", "url2": null }, "geometry": { "type": "Point", "coordinates": [ 135.5505243, 34.6077812 ] } },
{ "type": "Feature", "properties": { "内容": "おかえりやす【地域密着型通所介護】大阪府大阪市平野区長吉六反四丁目8番67号", "url": "https://www.kaigokensaku.mhlw.go.jp/27/index.php?action_kouhyou_detail_004_kani=true&JigyosyoCd=2795800305-00&ServiceCd=780&Type=search", "url2": null }, "geometry": { "type": "Point", "coordinates": [ 135.5850074, 34.6079209 ] } },
{ "type": "Feature", "properties": { "内容": "リハビリセンター　レガーヴル【地域密着型通所介護】大阪府大阪市平野区西脇1丁目7番1号日宝メゾン・ド・ショウ101号", "url": "https://www.kaigokensaku.mhlw.go.jp/27/index.php?action_kouhyou_detail_004_kani=true&JigyosyoCd=2795800511-00&ServiceCd=780&Type=search", "url2": "https://www.legarvre.com/" }, "geometry": { "type": "Point", "coordinates": [ 135.543757599999907, 34.6304956 ] } },
{ "type": "Feature", "properties": { "内容": "リハビリデイサービスアルカナ【地域密着型通所介護】大阪府大阪市平野区平野本町3丁目2番11号", "url": "https://www.kaigokensaku.mhlw.go.jp/27/index.php?action_kouhyou_detail_004_kani=true&JigyosyoCd=2795800768-00&ServiceCd=780&Type=search", "url2": "http://www.flawless0301.com/" }, "geometry": { "type": "Point", "coordinates": [ 135.5524613, 34.6242124 ] } },
{ "type": "Feature", "properties": { "内容": "中野みかデイサービスセンターⅡ【地域密着型通所介護】大阪府大阪市平野区平野上町1-1-8", "url": "https://www.kaigokensaku.mhlw.go.jp/27/index.php?action_kouhyou_detail_004_kani=true&JigyosyoCd=2795800503-00&ServiceCd=780&Type=search", "url2": "https://www.nakanomika.jp" }, "geometry": { "type": "Point", "coordinates": [ 135.549826400000029, 34.6288376 ] } },
{ "type": "Feature", "properties": { "内容": "アースサポート大阪平野【地域密着型通所介護】大阪府大阪市平野区長吉長原西2丁目8番22号", "url": "https://www.kaigokensaku.mhlw.go.jp/27/index.php?action_kouhyou_detail_004_kani=true&JigyosyoCd=2775800978-00&ServiceCd=780&Type=search", "url2": "http://www.earthsupport.co.jp" }, "geometry": { "type": "Point", "coordinates": [ 135.566829500000011, 34.6040643 ] } },
{ "type": "Feature", "properties": { "内容": "リハビリデイサービス　リ・ライフ【地域密着型通所介護】大阪府大阪市平野本町2-8-31", "url": "https://www.kaigokensaku.mhlw.go.jp/27/index.php?action_kouhyou_detail_004_kani=true&JigyosyoCd=2775805753-00&ServiceCd=780&Type=search", "url2": null }, "geometry": { "type": "Point", "coordinates": [ 135.549770851616103, 34.622186280544724 ] } },
{ "type": "Feature", "properties": { "内容": "デイサービスセンターらぶりぃ【地域密着型通所介護】大阪府大阪市平野区加美西２丁目３番５号", "url": "https://www.kaigokensaku.mhlw.go.jp/27/index.php?action_kouhyou_detail_004_kani=true&JigyosyoCd=2775801505-00&ServiceCd=780&Type=search", "url2": "http://www.shoujinkai.or.jp" }, "geometry": { "type": "Point", "coordinates": [ 135.562292299999967, 34.6250575 ] } },
{ "type": "Feature", "properties": { "内容": "リハビリデイたすく【地域密着型通所介護】大阪府大阪市平野区加美北8-8-10", "url": "https://www.kaigokensaku.mhlw.go.jp/27/index.php?action_kouhyou_detail_004_kani=true&JigyosyoCd=2775804574-00&ServiceCd=780&Type=search", "url2": "https://syuroubgatacoco.wixsite.com/my-site-1?fbclid=PAZXh0bgNhZW0CMTEAAacwwSn8VDcRxN1V9T3JV84rlfQKGKU_rhxw4nhe2vhpIY1lTXM8v_wnsBm6qA_aem_ZhuwrAl_k3UNb7B8OvoJSw" }, "geometry": { "type": "Point", "coordinates": [ 135.564866438168991, 34.635676985103395 ] } },
{ "type": "Feature", "properties": { "内容": "あいサポート　リハビリデイサービス【地域密着型通所介護】大阪府大阪市平野区喜連西五丁目３番４０号竹田ビル１０１号", "url": "https://www.kaigokensaku.mhlw.go.jp/27/index.php?action_kouhyou_detail_004_kani=true&JigyosyoCd=2775804350-00&ServiceCd=780&Type=search", "url2": "http://hp.kaipoke.biz/rnt/" }, "geometry": { "type": "Point", "coordinates": [ 135.546781665883174, 34.614642204395437 ] } },
{ "type": "Feature", "properties": { "内容": "運動デイサービス沙羅【地域密着型通所介護】大阪市平野区平野北2-2-34アエラス平野2階", "url": "https://www.kaigokensaku.mhlw.go.jp/27/index.php?action_kouhyou_detail_004_kani=true&JigyosyoCd=2775807668-00&ServiceCd=780&Type=search", "url2": "https://d-service-sara.com" }, "geometry": { "type": "Point", "coordinates": [ 135.554893, 34.6309896 ] } },
{ "type": "Feature", "properties": { "内容": "まどかリハビリデイサービス【地域密着型通所介護】大阪府大阪市平野区長吉出戸8-5-1", "url": "https://www.kaigokensaku.mhlw.go.jp/27/index.php?action_kouhyou_detail_004_kani=true&JigyosyoCd=2775806306-00&ServiceCd=780&Type=search", "url2": null }, "geometry": { "type": "Point", "coordinates": [ 135.574140400000033, 34.6074927 ] } },
{ "type": "Feature", "properties": { "内容": "デイサービスセンター　笑福【地域密着型通所介護】大阪市平野区平野本町２丁目６－１７", "url": "https://www.kaigokensaku.mhlw.go.jp/27/index.php?action_kouhyou_detail_004_kani=true&JigyosyoCd=2775804095-00&ServiceCd=780&Type=search", "url2": null }, "geometry": { "type": "Point", "coordinates": [ 135.551432200000022, 34.6220993 ] } },
{ "type": "Feature", "properties": { "内容": "ビーナスプラス平野南【地域密着型通所介護】大阪府大阪市平野区平野南1-1-5", "url": "https://www.kaigokensaku.mhlw.go.jp/27/index.php?action_kouhyou_detail_004_kani=true&JigyosyoCd=2775805613-00&ServiceCd=780&Type=search", "url2": null }, "geometry": { "type": "Point", "coordinates": [ 135.5564049, 34.6205406 ] } },
{ "type": "Feature", "properties": { "内容": "リハビリデイサービスラクリ【地域密着型通所介護】大阪市平野区平野南2-7-2", "url": "https://www.kaigokensaku.mhlw.go.jp/27/index.php?action_kouhyou_detail_004_kani=true&JigyosyoCd=2775803147-00&ServiceCd=780&Type=search", "url2": "http://www.4976.jp/rakuri/" }, "geometry": { "type": "Point", "coordinates": [ 135.557659599999965, 34.6170499 ] } },
{ "type": "Feature", "properties": { "内容": "まごころデイサービス【地域密着型通所介護】大阪府大阪市平野区喜連東４丁目１－１９", "url": "https://www.kaigokensaku.mhlw.go.jp/27/index.php?action_kouhyou_detail_004_kani=true&JigyosyoCd=2775804988-00&ServiceCd=780&Type=search", "url2": "http://magokoro.care/" }, "geometry": { "type": "Point", "coordinates": [ 135.562775621847067, 34.614752828539118 ] } },
{ "type": "Feature", "properties": { "内容": "リハビリデイサービス　てくてく【地域密着型通所介護】大阪府大阪市平野区平野宮町1-5-5メガロコーポ５番街178", "url": "https://www.kaigokensaku.mhlw.go.jp/27/index.php?action_kouhyou_detail_004_kani=true&JigyosyoCd=2775804459-00&ServiceCd=780&Type=search", "url2": "https://saharagroup.co.jp/" }, "geometry": { "type": "Point", "coordinates": [ 135.5526208, 34.62833490000002 ] } },
{ "type": "Feature", "properties": { "内容": "生活協同組合おおさかパルコープ　平野郷デイサービス【地域密着型通所介護】大阪市平野区平野本町３-１３－１３", "url": "https://www.kaigokensaku.mhlw.go.jp/27/index.php?action_kouhyou_detail_004_kani=true&JigyosyoCd=2775802974-00&ServiceCd=780&Type=search", "url2": "http://www.palcoop.or.jp" }, "geometry": { "type": "Point", "coordinates": [ 135.5559429, 34.6245297 ] } },
{ "type": "Feature", "properties": { "内容": "デイサービス　わたの花【地域密着型通所介護】大阪市平野区加美北７－１０－２４", "url": "https://www.kaigokensaku.mhlw.go.jp/27/index.php?action_kouhyou_detail_004_kani=true&JigyosyoCd=2775801364-00&ServiceCd=780&Type=search", "url2": "http://www.o-kskk.jp/" }, "geometry": { "type": "Point", "coordinates": [ 135.561103199999934, 34.6338011 ] } },
{ "type": "Feature", "properties": { "内容": "デイサービスセンターゆりのはな【地域密着型通所介護】大阪市平野区長吉長原西四丁目６番３号", "url": "https://www.kaigokensaku.mhlw.go.jp/27/index.php?action_kouhyou_detail_004_kani=true&JigyosyoCd=2775803782-00&ServiceCd=780&Type=search", "url2": "https://www.shirayuri-group-2004.com/" }, "geometry": { "type": "Point", "coordinates": [ 135.5682342, 34.5981465 ] } },
{ "type": "Feature", "properties": { "内容": "医療法人鴻尚会「デイサービスセンターももの香プラス」【地域密着型通所介護】大阪市平野区背戸口1－7－27", "url": "https://www.kaigokensaku.mhlw.go.jp/27/index.php?action_kouhyou_detail_004_kani=true&JigyosyoCd=2775803337-00&ServiceCd=780&Type=search", "url2": "http://koushoukai.com/" }, "geometry": { "type": "Point", "coordinates": [ 135.542249500000025, 34.6242851 ] } },
{ "type": "Feature", "properties": { "内容": "デイサービスにこにこ庵【地域密着型通所介護】大阪府大阪市平野区平野南2-1-7ロイヤルグレイブ平野102号", "url": "https://www.kaigokensaku.mhlw.go.jp/27/index.php?action_kouhyou_detail_004_kani=true&JigyosyoCd=2775804442-00&ServiceCd=780&Type=search", "url2": "https://www.cloverkaigo.com/" }, "geometry": { "type": "Point", "coordinates": [ 135.556709, 34.618242900000034 ] } },
{ "type": "Feature", "properties": { "内容": "だんらんの家　平野本町【地域密着型通所介護】大阪府大阪市平野区平野本町3-8-17", "url": "https://www.kaigokensaku.mhlw.go.jp/27/index.php?action_kouhyou_detail_004_kani=true&JigyosyoCd=2795800842-00&ServiceCd=780&Type=search", "url2": "https://danwaclub.com/danran" }, "geometry": { "type": "Point", "coordinates": [ 135.5546335, 34.6248415 ] } },
{ "type": "Feature", "properties": { "内容": "レコードブック長吉長原【地域密着型通所介護】大阪府大阪市平野区長吉長原東３丁目２番３４号グランドールｆ　103，105", "url": "https://www.kaigokensaku.mhlw.go.jp/27/index.php?action_kouhyou_detail_004_kani=true&JigyosyoCd=2795800826-00&ServiceCd=780&Type=search", "url2": "https://www.recordbook.jp/" }, "geometry": { "type": "Point", "coordinates": [ 135.57629891111452, 34.599830202566906 ] } },
{ "type": "Feature", "properties": { "内容": "スマイルガーデン喜連東【地域密着型通所介護】大阪府大阪市平野区喜連東1-2-24", "url": "https://www.kaigokensaku.mhlw.go.jp/27/index.php?action_kouhyou_detail_004_kani=true&JigyosyoCd=2795800339-00&ServiceCd=780&Type=search", "url2": "http://yotsuba-group.biz" }, "geometry": { "type": "Point", "coordinates": [ 135.551510300000018, 34.6099866 ] } },
{ "type": "Feature", "properties": { "内容": "デイサービスすみれ【地域密着型通所介護】大阪府大阪市平野区喜連西四丁目6番71号サンシティ摂陽1F 東店舗", "url": "https://www.kaigokensaku.mhlw.go.jp/27/index.php?action_kouhyou_detail_004_kani=true&JigyosyoCd=2795800438-00&ServiceCd=780&Type=search", "url2": "http://dayservice-sumile.com" }, "geometry": { "type": "Point", "coordinates": [ 135.542902499999968, 34.6094421 ] } },
{ "type": "Feature", "properties": { "内容": "ルーチェ平野デイサービスセンター【地域密着型通所介護】加美西2-3-10", "url": "https://www.kaigokensaku.mhlw.go.jp/27/index.php?action_kouhyou_detail_004_kani=true&JigyosyoCd=2795800701-00&ServiceCd=780&Type=search", "url2": "https://japan-estate.jp/luce_hirano/" }, "geometry": { "type": "Point", "coordinates": [ 135.562785600000012, 34.6251574 ] } },
{ "type": "Feature", "properties": { "内容": "ライフ・スタイル平野本店【地域密着型通所介護】大阪府大阪市平野区喜連2-1-21サンエクスプレス1階", "url": "https://www.kaigokensaku.mhlw.go.jp/27/index.php?action_kouhyou_detail_004_kani=true&JigyosyoCd=2795800800-00&ServiceCd=780&Type=search", "url2": "https://lifestyle-ark.com/" }, "geometry": { "type": "Point", "coordinates": [ 135.5494833, 34.6118901 ] } },
{ "type": "Feature", "properties": { "内容": "デイサービスセンター響【地域密着型通所介護】大阪市平野区加美西2-6-5", "url": "https://www.kaigokensaku.mhlw.go.jp/27/index.php?action_kouhyou_detail_004_kani=true&JigyosyoCd=2775802297-00&ServiceCd=780&Type=search", "url2": null }, "geometry": { "type": "Point", "coordinates": [ 135.563739400000031, 34.6246437 ] } },
{ "type": "Feature", "properties": { "内容": "ペルメールケア平野【地域密着型通所介護】大阪府大阪市平野区背戸口2-16-1", "url": "https://www.kaigokensaku.mhlw.go.jp/27/index.php?action_kouhyou_detail_004_kani=true&JigyosyoCd=2795800735-00&ServiceCd=780&Type=search", "url2": "https://www.shoken-h.com/peremere/index.html" }, "geometry": { "type": "Point", "coordinates": [ 135.544727799999976, 34.6228486 ] } },
{ "type": "Feature", "properties": { "内容": "デイサービスセンタードリーム10【地域密着型通所介護】大阪府大阪市平野区加美北6-17-9美光マンション１Ｆ", "url": "https://www.kaigokensaku.mhlw.go.jp/27/index.php?action_kouhyou_detail_004_kani=true&JigyosyoCd=2775804665-00&ServiceCd=780&Type=search", "url2": null }, "geometry": { "type": "Point", "coordinates": [ 135.554237199999989, 34.63364559999998 ] } },
{ "type": "Feature", "properties": { "内容": "リハビリデイサービスいろは【地域密着型通所介護】大阪府大阪市平野区加美鞍作１丁目４番１７号", "url": "https://www.kaigokensaku.mhlw.go.jp/27/index.php?action_kouhyou_detail_004_kani=true&JigyosyoCd=2795800479-00&ServiceCd=780&Type=search", "url2": null }, "geometry": { "type": "Point", "coordinates": [ 135.566792599999985, 34.6263493 ] } },
{ "type": "Feature", "properties": { "内容": "ステップ・One【地域密着型通所介護】大阪府大阪市平野区西脇３丁目１番１号オーナーズマンション西脇１階A", "url": "https://www.kaigokensaku.mhlw.go.jp/27/index.php?action_kouhyou_detail_004_kani=true&JigyosyoCd=2795800743-00&ServiceCd=780&Type=search", "url2": null }, "geometry": { "type": "Point", "coordinates": [ 135.5467721, 34.6308906 ] } },
{ "type": "Feature", "properties": { "内容": "ふれ逢いデイサービス【地域密着型通所介護】大阪府大阪市平野区喜連西三丁目13番21号", "url": "https://www.kaigokensaku.mhlw.go.jp/27/index.php?action_kouhyou_detail_004_kani=true&JigyosyoCd=2775805928-00&ServiceCd=780&Type=search", "url2": null }, "geometry": { "type": "Point", "coordinates": [ 135.5432941, 34.6121112 ] } },
{ "type": "Feature", "properties": { "内容": "ほし【地域密着型通所介護】大阪府大阪市平野区平野本町4-7-27", "url": "https://www.kaigokensaku.mhlw.go.jp/27/index.php?action_kouhyou_detail_004_kani=true&JigyosyoCd=2795800495-00&ServiceCd=780&Type=search", "url2": null }, "geometry": { "type": "Point", "coordinates": [ 135.553332800000021, 34.6234988 ] } },
{ "type": "Feature", "properties": { "内容": "リハビリスタジオかみきた【地域密着型通所介護】大阪府大阪市平野区加美北3-8-28トラスティ加美1階", "url": "https://www.kaigokensaku.mhlw.go.jp/27/index.php?action_kouhyou_detail_004_kani=true&JigyosyoCd=2795800594-00&ServiceCd=780&Type=search", "url2": "https://atcompany.jp/ondinakamachi/" }, "geometry": { "type": "Point", "coordinates": [ 135.55405369999994, 34.6378726 ] } },
{ "type": "Feature", "properties": { "内容": "ちあふるデイサービス平野の家【地域密着型通所介護】大阪府大阪市平野区喜連西5-4-4ハンプトンコート102", "url": "https://www.kaigokensaku.mhlw.go.jp/27/index.php?action_kouhyou_detail_004_kani=true&JigyosyoCd=2795800313-00&ServiceCd=780&Type=search", "url2": "http://cheerfulhouse.net" }, "geometry": { "type": "Point", "coordinates": [ 135.547263199999946, 34.6142361 ] } },
{ "type": "Feature", "properties": { "内容": "ちあふる平野南【地域密着型通所介護】大阪府大阪市平野区平野南3-3-5フローラーイマイ１階", "url": "https://www.kaigokensaku.mhlw.go.jp/27/index.php?action_kouhyou_detail_004_kani=true&JigyosyoCd=2795800776-00&ServiceCd=780&Type=search", "url2": "https://www.cheerfulhouse.net/" }, "geometry": { "type": "Point", "coordinates": [ 135.559882099999982, 34.619273 ] } },
{ "type": "Feature", "properties": { "内容": "ユアーズ～癒し～　天神橋【地域密着型通所介護】大阪府大阪市北区天神橋七丁目3番2号大山ビル3階", "url": "https://www.kaigokensaku.mhlw.go.jp/27/index.php?action_kouhyou_detail_004_kani=true&JigyosyoCd=2794100210-00&ServiceCd=780&Type=search", "url2": "https://yours-clear.com/" }, "geometry": { "type": "Point", "coordinates": [ 135.5110899, 34.7116854 ] } },
{ "type": "Feature", "properties": { "内容": "ビーナスプラス天神橋【地域密着型通所介護】大阪府大阪市北区本庄東2丁目2番6号フローレンスコート1階", "url": "https://www.kaigokensaku.mhlw.go.jp/27/index.php?action_kouhyou_detail_004_kani=true&JigyosyoCd=2794100152-00&ServiceCd=780&Type=search", "url2": "https://www.venus-comrade.co.jp/office/plus_tenjinbashi/" }, "geometry": { "type": "Point", "coordinates": [ 135.5101492, 34.7136115 ] } },
{ "type": "Feature", "properties": { "内容": "さくらサロン【地域密着型通所介護】大阪府大阪市北区池田町1-75ストークマンション104", "url": "https://www.kaigokensaku.mhlw.go.jp/27/index.php?action_kouhyou_detail_004_kani=true&JigyosyoCd=2774102921-00&ServiceCd=780&Type=search", "url2": null }, "geometry": { "type": "Point", "coordinates": [ 135.515458, 34.7062451 ] } },
{ "type": "Feature", "properties": { "内容": "リハビリデイサービスしあわせ【地域密着型通所介護】大阪府大阪市北区同心2-1-23大軽ビル3Ｆ", "url": "https://www.kaigokensaku.mhlw.go.jp/27/index.php?action_kouhyou_detail_004_kani=true&JigyosyoCd=2774102582-00&ServiceCd=780&Type=search", "url2": null }, "geometry": { "type": "Point", "coordinates": [ 135.517535700000053, 34.7023873 ] } },
{ "type": "Feature", "properties": { "内容": "輝生会みおつくしデイサービスセンター天満【地域密着型通所介護】大阪府大阪市北区本庄東2-10-10ラ・セーヌ本庄１F", "url": "https://www.kaigokensaku.mhlw.go.jp/27/index.php?action_kouhyou_detail_004_kani=true&JigyosyoCd=2774101105-00&ServiceCd=780&Type=search", "url2": "http://miotsukushi.org/" }, "geometry": { "type": "Point", "coordinates": [ 135.507053199999973, 34.7141467 ] } },
{ "type": "Feature", "properties": { "内容": "中津デイサービス　ソレイ湯【地域密着型通所介護】大阪府大阪市北区中津3-3-27三木シャトーマンション102", "url": "https://www.kaigokensaku.mhlw.go.jp/27/index.php?action_kouhyou_detail_004_kani=true&JigyosyoCd=2774102459-00&ServiceCd=780&Type=search", "url2": "https://dayservice-soreiyu.com/" }, "geometry": { "type": "Point", "coordinates": [ 135.491665700000027, 34.7109327 ] } },
{ "type": "Feature", "properties": { "内容": "社会福祉法人大協会　ハートフルかのうデイサービスセンター【地域密着型通所介護】大阪府大阪市北区長柄中1-1-21", "url": "https://www.kaigokensaku.mhlw.go.jp/27/index.php?action_kouhyou_detail_004_kani=true&JigyosyoCd=2774100305-00&ServiceCd=780&Type=search", "url2": "https://www.daikyokai.or.jp/h_kano" }, "geometry": { "type": "Point", "coordinates": [ 135.515427499999987, 34.710964 ] } },
{ "type": "Feature", "properties": { "内容": "デイサービス　ウイング【地域密着型通所介護】大阪府大阪市北区池田町14番9号英和コーポ　１F", "url": "https://www.kaigokensaku.mhlw.go.jp/27/index.php?action_kouhyou_detail_004_kani=true&JigyosyoCd=2774102731-00&ServiceCd=780&Type=search", "url2": null }, "geometry": { "type": "Point", "coordinates": [ 135.512936, 34.7083642 ] } },
{ "type": "Feature", "properties": { "内容": "レコードブック南森町【地域密着型通所介護】大阪府大阪市北区天満4-12-5アビイ・ロード1階", "url": "https://www.kaigokensaku.mhlw.go.jp/27/index.php?action_kouhyou_detail_004_kani=true&JigyosyoCd=2794100160-00&ServiceCd=780&Type=search", "url2": "https://www.recordbook.jp/" }, "geometry": { "type": "Point", "coordinates": [ 135.513634599999989, 34.6949967 ] } },
{ "type": "Feature", "properties": { "内容": "デイサービス桜花【地域密着型通所介護】大阪府大阪市北区菅栄町5-3", "url": "https://www.kaigokensaku.mhlw.go.jp/27/index.php?action_kouhyou_detail_004_kani=true&JigyosyoCd=2774102558-00&ServiceCd=780&Type=search", "url2": "http://dayservice-ouka.com/" }, "geometry": { "type": "Point", "coordinates": [ 135.514469301852387, 34.709091295082445 ] } },
{ "type": "Feature", "properties": { "内容": "デイサービスアルモ【地域密着型通所介護】大阪府大阪市北区中津６丁目８-３３第一三井ビル1F", "url": "https://www.kaigokensaku.mhlw.go.jp/27/index.php?action_kouhyou_detail_004_kani=true&JigyosyoCd=2794100178-00&ServiceCd=780&Type=search", "url2": "https://walong-reha.com/" }, "geometry": { "type": "Point", "coordinates": [ 135.489006319049082, 34.709782809802967 ] } },
{ "type": "Feature", "properties": { "内容": "デイサービスセンター　健幸会【地域密着型通所介護】大阪府大阪市北区本庄西2-14-12", "url": "https://www.kaigokensaku.mhlw.go.jp/27/index.php?action_kouhyou_detail_004_kani=true&JigyosyoCd=2774102491-00&ServiceCd=780&Type=search", "url2": null }, "geometry": { "type": "Point", "coordinates": [ 135.50514358346706, 34.713328569278353 ] } },
{ "type": "Feature", "properties": { "内容": "社会福祉法人　大阪市北区社会福祉協議会【地域密着型通所介護】大阪府大阪市北区神山町１５-１１北区在宅サービスセンター", "url": "https://www.kaigokensaku.mhlw.go.jp/27/index.php?action_kouhyou_detail_004_kani=true&JigyosyoCd=2774102541-00&ServiceCd=780&Type=search", "url2": "http://osaka-kitakusyakyou.com/" }, "geometry": { "type": "Point", "coordinates": [ 135.504961800000046, 34.7040895 ] } },
{ "type": "Feature", "properties": { "内容": "本庄の里　デイサービスセンター【地域密着型通所介護】大阪市北区本庄東2丁目12-15", "url": "https://www.kaigokensaku.mhlw.go.jp/27/index.php?action_kouhyou_detail_004_kani=true&JigyosyoCd=2774102061-00&ServiceCd=780&Type=search", "url2": null }, "geometry": { "type": "Point", "coordinates": [ 135.507414299999937, 34.712994 ] } },
{ "type": "Feature", "properties": { "内容": "やわらぎ卓球デイサービス【地域密着型通所介護】大阪府大阪市北区池田町６－１０ファインファーストビル４０１", "url": "https://www.kaigokensaku.mhlw.go.jp/27/index.php?action_kouhyou_detail_004_kani=true&JigyosyoCd=2774102756-00&ServiceCd=780&Type=search", "url2": "http://www.yawaragijun.com" }, "geometry": { "type": "Point", "coordinates": [ 135.512422199999946, 34.707519900000023 ] } },
{ "type": "Feature", "properties": { "内容": "ほねつぎデイサービス上本町店【地域密着型通所介護】大阪府大阪市中央区上本町西５－１－９ハイマート上本町　１Ｆ", "url": "https://www.kaigokensaku.mhlw.go.jp/27/index.php?action_kouhyou_detail_004_kani=true&JigyosyoCd=2779402417-00&ServiceCd=780&Type=search", "url2": "http://www.attecc.co.jp/" }, "geometry": { "type": "Point", "coordinates": [ 135.519289299999969, 34.6683377 ] } },
{ "type": "Feature", "properties": { "内容": "ウェルスイデイサービス【地域密着型通所介護】大阪府大阪市中央区東平1-4-17105", "url": "https://www.kaigokensaku.mhlw.go.jp/27/index.php?action_kouhyou_detail_004_kani=true&JigyosyoCd=2799400110-00&ServiceCd=780&Type=search", "url2": "https://wellsui.jp" }, "geometry": { "type": "Point", "coordinates": [ 135.518383, 34.669937399999981 ] } },
{ "type": "Feature", "properties": { "内容": "イチローデイサービス【地域密着型通所介護】大阪府大阪市中央区谷町3丁目5番5号ai-doビル１３F", "url": "https://www.kaigokensaku.mhlw.go.jp/27/index.php?action_kouhyou_detail_004_kani=true&JigyosyoCd=2779402292-00&ServiceCd=780&Type=search", "url2": "https://www.ichiro-life-care.jp/" }, "geometry": { "type": "Point", "coordinates": [ 135.517039100000034, 34.683078 ] } },
{ "type": "Feature", "properties": { "内容": "なかもずリハビリデイサービス【地域密着型通所介護】大阪府堺市堺区向陵東町3-5-20", "url": "https://www.kaigokensaku.mhlw.go.jp/27/index.php?action_kouhyou_detail_004_kani=true&JigyosyoCd=2796000475-00&ServiceCd=780&Type=search", "url2": "https://www.ryo-so-kai.com/" }, "geometry": { "type": "Point", "coordinates": [ 135.5011297, 34.561964 ] } },
{ "type": "Feature", "properties": { "内容": "デイサービス　らら・しっく【地域密着型通所介護】大阪府堺市堺区向陵東町三丁８－４６カズドビル2階", "url": "https://www.kaigokensaku.mhlw.go.jp/27/index.php?action_kouhyou_detail_004_kani=true&JigyosyoCd=2796000293-00&ServiceCd=780&Type=search", "url2": null }, "geometry": { "type": "Point", "coordinates": [ 135.499570799999987, 34.5607393 ] } },
{ "type": "Feature", "properties": { "内容": "デイサービスるぴなす【地域密着型通所介護】大阪府堺市堺区一条通1番23号堺ビル1階", "url": "https://www.kaigokensaku.mhlw.go.jp/27/index.php?action_kouhyou_detail_004_kani=true&JigyosyoCd=2796000350-00&ServiceCd=780&Type=search", "url2": "http://hanatabacare.com" }, "geometry": { "type": "Point", "coordinates": [ 135.476605799999987, 34.5650213 ] } },
{ "type": "Feature", "properties": { "内容": "ビーナスプラス御陵通【地域密着型通所介護】大阪府堺市堺区大仙西町５丁１３４ライフステージ大仙", "url": "https://www.kaigokensaku.mhlw.go.jp/27/index.php?action_kouhyou_detail_004_kani=true&JigyosyoCd=2796000251-00&ServiceCd=780&Type=search", "url2": null }, "geometry": { "type": "Point", "coordinates": [ 135.473776700000059, 34.5645275 ] } },
{ "type": "Feature", "properties": { "内容": "ビーナスプラス御陵前【地域密着型通所介護】大阪府堺市堺区南半町西3丁1-6", "url": "https://www.kaigokensaku.mhlw.go.jp/27/index.php?action_kouhyou_detail_004_kani=true&JigyosyoCd=2796000269-00&ServiceCd=780&Type=search", "url2": null }, "geometry": { "type": "Point", "coordinates": [ 135.46429191904906, 34.571326119290525 ] } },
{ "type": "Feature", "properties": { "内容": "Ａデイサービス【地域密着型通所介護】大阪府堺市堺区少林寺町東2丁1-21", "url": "https://www.kaigokensaku.mhlw.go.jp/27/index.php?action_kouhyou_detail_004_kani=true&JigyosyoCd=2776002046-00&ServiceCd=780&Type=search", "url2": "http://www.aplanning-manpukutei.com/" }, "geometry": { "type": "Point", "coordinates": [ 135.469351700000061, 34.5717839 ] } },
{ "type": "Feature", "properties": { "内容": "アクティブデイサービス　堺【地域密着型通所介護】大阪府堺市堺区緑ヶ丘北町1-1-1", "url": "https://www.kaigokensaku.mhlw.go.jp/27/index.php?action_kouhyou_detail_004_kani=true&JigyosyoCd=2776001303-00&ServiceCd=780&Type=search", "url2": "http://active-nopsj.com" }, "geometry": { "type": "Point", "coordinates": [ 135.471433987033151, 34.558269790580965 ] } },
{ "type": "Feature", "properties": { "内容": "デイサービス・宅老所　みぃ・つー【地域密着型通所介護】大阪府堺市堺区石津町３丁１５番５号", "url": "https://www.kaigokensaku.mhlw.go.jp/27/index.php?action_kouhyou_detail_004_kani=true&JigyosyoCd=2776000479-00&ServiceCd=780&Type=search", "url2": "https://mie-two.com/" }, "geometry": { "type": "Point", "coordinates": [ 135.461872, 34.5533942 ] } },
{ "type": "Feature", "properties": { "内容": "デイサービスいとう【地域密着型通所介護】大阪府堺市堺区鉄砲町22川元ハイツ1階", "url": "https://www.kaigokensaku.mhlw.go.jp/27/index.php?action_kouhyou_detail_004_kani=true&JigyosyoCd=2776000867-00&ServiceCd=780&Type=search", "url2": null }, "geometry": { "type": "Point", "coordinates": [ 135.478684, 34.593057299999977 ] } },
{ "type": "Feature", "properties": { "内容": "デイサービス愛さんさん【地域密着型通所介護】大阪府堺市堺区榎元町3丁1番25号", "url": "https://www.kaigokensaku.mhlw.go.jp/27/index.php?action_kouhyou_detail_004_kani=true&JigyosyoCd=2776002186-00&ServiceCd=780&Type=search", "url2": null }, "geometry": { "type": "Point", "coordinates": [ 135.486609, 34.5710595 ] } },
{ "type": "Feature", "properties": { "内容": "リハビリデイサービス　クローバー【地域密着型通所介護】大阪府堺市堺区市之町東5-2-11グリーンプラザ１０１号", "url": "https://www.kaigokensaku.mhlw.go.jp/27/index.php?action_kouhyou_detail_004_kani=true&JigyosyoCd=2776000941-00&ServiceCd=780&Type=search", "url2": "http://rihabiri-clover.com" }, "geometry": { "type": "Point", "coordinates": [ 135.478214900000012, 34.5759894 ] } },
{ "type": "Feature", "properties": { "内容": "堺リハビリテーションセンター【地域密着型通所介護】大阪府堺市堺区中之町西4丁1番２８朝日プラザ宿院１０１", "url": "https://www.kaigokensaku.mhlw.go.jp/27/index.php?action_kouhyou_detail_004_kani=true&JigyosyoCd=2776002715-00&ServiceCd=780&Type=search", "url2": null }, "geometry": { "type": "Point", "coordinates": [ 135.467190699999946, 34.5766917 ] } },
{ "type": "Feature", "properties": { "内容": "機能訓練ケアステーション　ヴィンテージクラブ【地域密着型通所介護】大阪府堺市堺区戎島町1丁55-8", "url": "https://www.kaigokensaku.mhlw.go.jp/27/index.php?action_kouhyou_detail_004_kani=true&JigyosyoCd=2776002863-00&ServiceCd=780&Type=search", "url2": null }, "geometry": { "type": "Point", "coordinates": [ 135.471802637377891, 34.58333450815563 ] } },
{ "type": "Feature", "properties": { "内容": "愛らいふデイサービスセンター【地域密着型通所介護】堺市堺区協和町３丁１２８－１１", "url": "https://www.kaigokensaku.mhlw.go.jp/27/index.php?action_kouhyou_detail_004_kani=true&JigyosyoCd=2770101505-00&ServiceCd=780&Type=search", "url2": "http://www.ailife.or.jp/" }, "geometry": { "type": "Point", "coordinates": [ 135.4705573, 34.5640098 ] } },
{ "type": "Feature", "properties": { "内容": "たいよう　浅香山デイサービスセンター【地域密着型通所介護】大阪府堺市堺区今池町１丁３番２１号", "url": "https://www.kaigokensaku.mhlw.go.jp/27/index.php?action_kouhyou_detail_004_kani=true&JigyosyoCd=2770108260-00&ServiceCd=780&Type=search", "url2": "http://www.taiyounoie.com/index.html" }, "geometry": { "type": "Point", "coordinates": [ 135.489030700000058, 34.5832918 ] } },
{ "type": "Feature", "properties": { "内容": "笑若庵デイサービス【地域密着型通所介護】大阪府堺市堺区神明町東３－１－３２", "url": "https://www.kaigokensaku.mhlw.go.jp/27/index.php?action_kouhyou_detail_004_kani=true&JigyosyoCd=2770105654-00&ServiceCd=780&Type=search", "url2": "https://shoujakuan.com/" }, "geometry": { "type": "Point", "coordinates": [ 135.4822117, 34.5827166 ] } },
{ "type": "Feature", "properties": { "内容": "ハートピア堺学び舎【地域密着型通所介護】堺市堺区海山町3-150-1", "url": "https://www.kaigokensaku.mhlw.go.jp/27/index.php?action_kouhyou_detail_004_kani=true&JigyosyoCd=2796000327-00&ServiceCd=780&Type=search", "url2": "https://heartpia-sakai.or.jp" }, "geometry": { "type": "Point", "coordinates": [ 135.473042, 34.5896929 ] } },
{ "type": "Feature", "properties": { "内容": "たいようの家デイサービス【地域密着型通所介護】堺市堺区今池町1丁3番22号", "url": "https://www.kaigokensaku.mhlw.go.jp/27/index.php?action_kouhyou_detail_004_kani=true&JigyosyoCd=2776002210-00&ServiceCd=780&Type=search", "url2": "http://www.taiyounoie.com/index.html" }, "geometry": { "type": "Point", "coordinates": [ 135.489169599999968, 34.5829724 ] } },
{ "type": "Feature", "properties": { "内容": "やすらぎサロン【地域密着型通所介護】大阪府堺市堺区大仙中町7番12号", "url": "https://www.kaigokensaku.mhlw.go.jp/27/index.php?action_kouhyou_detail_004_kani=true&JigyosyoCd=2796000384-00&ServiceCd=780&Type=search", "url2": "https://kaigo-shalom.co.jp/" }, "geometry": { "type": "Point", "coordinates": [ 135.47968370000001, 34.5626337 ] } },
{ "type": "Feature", "properties": { "内容": "スノーフレークデイサービス【地域密着型通所介護】大阪府堺市堺区今池町2丁7-7リトルハウス１階", "url": "https://www.kaigokensaku.mhlw.go.jp/27/index.php?action_kouhyou_detail_004_kani=true&JigyosyoCd=2796000400-00&ServiceCd=780&Type=search", "url2": null }, "geometry": { "type": "Point", "coordinates": [ 135.4893463, 34.5848608 ] } },
{ "type": "Feature", "properties": { "内容": "ゆいろデイサービス陵西【地域密着型通所介護】大阪府堺市堺区陵西通1-9", "url": "https://www.kaigokensaku.mhlw.go.jp/27/index.php?action_kouhyou_detail_004_kani=true&JigyosyoCd=2796000459-00&ServiceCd=780&Type=search", "url2": null }, "geometry": { "type": "Point", "coordinates": [ 135.4826732, 34.5661376 ] } },
{ "type": "Feature", "properties": { "内容": "健美薬泉　中之町店【地域密着型通所介護】大阪府堺市堺区中之町西2-2-29", "url": "https://www.kaigokensaku.mhlw.go.jp/27/index.php?action_kouhyou_detail_004_kani=true&JigyosyoCd=2776001857-00&ServiceCd=780&Type=search", "url2": "http://seseragicare.com/" }, "geometry": { "type": "Point", "coordinates": [ 135.468976699999985, 34.5760807 ] } },
{ "type": "Feature", "properties": { "内容": "げんきリハビリデイサービス方違前店【地域密着型通所介護】大阪府堺市堺区南田出井町２－３－１ミラリア２階", "url": "https://www.kaigokensaku.mhlw.go.jp/27/index.php?action_kouhyou_detail_004_kani=true&JigyosyoCd=2776003390-00&ServiceCd=780&Type=search", "url2": null }, "geometry": { "type": "Point", "coordinates": [ 135.487293825760275, 34.577741920057257 ] } },
{ "type": "Feature", "properties": { "内容": "デイサービスピパ【地域密着型通所介護】大阪府堺市堺区南陵町1-2-6", "url": "https://www.kaigokensaku.mhlw.go.jp/27/index.php?action_kouhyou_detail_004_kani=true&JigyosyoCd=2776002905-00&ServiceCd=780&Type=search", "url2": "http://www.sawari.or.jp" }, "geometry": { "type": "Point", "coordinates": [ 135.4692135, 34.5542581 ] } },
{ "type": "Feature", "properties": { "内容": "エントレリハ堺【地域密着型通所介護】大阪府堺市堺区甲斐町東3丁1番13号", "url": "https://www.kaigokensaku.mhlw.go.jp/27/index.php?action_kouhyou_detail_004_kani=true&JigyosyoCd=2776002129-00&ServiceCd=780&Type=search", "url2": "http://www.entore.com/" }, "geometry": { "type": "Point", "coordinates": [ 135.474823246627011, 34.576341643152219 ] } },
{ "type": "Feature", "properties": { "内容": "リハカフェ【地域密着型通所介護】大阪府堺市堺区大仙中町1－7", "url": "https://www.kaigokensaku.mhlw.go.jp/27/index.php?action_kouhyou_detail_004_kani=true&JigyosyoCd=2776002707-00&ServiceCd=780&Type=search", "url2": null }, "geometry": { "type": "Point", "coordinates": [ 135.4769708, 34.5639267 ] } },
{ "type": "Feature", "properties": { "内容": "つくしの会デイサービスセンター【地域密着型通所介護】大阪府堺市堺区翁橋町1丁9番15号", "url": "https://www.kaigokensaku.mhlw.go.jp/27/index.php?action_kouhyou_detail_004_kani=true&JigyosyoCd=2770105910-00&ServiceCd=780&Type=search", "url2": "http://www.tsukushinokai.com" }, "geometry": { "type": "Point", "coordinates": [ 135.479034400000046, 34.5729341 ] } },
{ "type": "Feature", "properties": { "内容": "グリーンタウン【地域密着型通所介護】大阪府堺市堺区緑町一丁４７番３", "url": "https://www.kaigokensaku.mhlw.go.jp/27/index.php?action_kouhyou_detail_004_kani=true&JigyosyoCd=2796000343-00&ServiceCd=780&Type=search", "url2": null }, "geometry": { "type": "Point", "coordinates": [ 135.474075496325696, 34.595937890637245 ] } },
{ "type": "Feature", "properties": { "内容": "ココカラ俱楽部【地域密着型通所介護】大阪府堺市堺区御陵通5-2ノーサイドスクエア　１階", "url": "https://www.kaigokensaku.mhlw.go.jp/27/index.php?action_kouhyou_detail_004_kani=true&JigyosyoCd=2796000442-00&ServiceCd=780&Type=search", "url2": "http://starrise-sakai.jp/cocokaragoryodori/" }, "geometry": { "type": "Point", "coordinates": [ 135.474579564418036, 34.565133395001538 ] } },
{ "type": "Feature", "properties": { "内容": "いずみデイセンター【地域密着型通所介護】大阪府堺市堺区出島海岸通1丁3-10-2F", "url": "https://www.kaigokensaku.mhlw.go.jp/27/index.php?action_kouhyou_detail_004_kani=true&JigyosyoCd=2776002392-00&ServiceCd=780&Type=search", "url2": null }, "geometry": { "type": "Point", "coordinates": [ 135.459721700000046, 34.5727141 ] } },
{ "type": "Feature", "properties": { "内容": "デイサービスさくら【地域密着型通所介護】大阪府堺市堺区一条通１１－３", "url": "https://www.kaigokensaku.mhlw.go.jp/27/index.php?action_kouhyou_detail_004_kani=true&JigyosyoCd=2796000244-00&ServiceCd=780&Type=search", "url2": null }, "geometry": { "type": "Point", "coordinates": [ 135.4794753, 34.5687146 ] } },
{ "type": "Feature", "properties": { "内容": "デイサービス　ワタシバ【地域密着型通所介護】大阪府堺市中区深井清水町4022－2淀川深井ビル2号館", "url": "https://www.kaigokensaku.mhlw.go.jp/27/index.php?action_kouhyou_detail_004_kani=true&JigyosyoCd=2796100275-00&ServiceCd=780&Type=search", "url2": "https://watashiba2020.com/" }, "geometry": { "type": "Point", "coordinates": [ 135.49832361431541, 34.530687559012925 ] } },
{ "type": "Feature", "properties": { "内容": "デイサービス結和の家【地域密着型通所介護】大阪府堺市中区東山760番地４", "url": "https://www.kaigokensaku.mhlw.go.jp/27/index.php?action_kouhyou_detail_004_kani=true&JigyosyoCd=2796100291-00&ServiceCd=780&Type=search", "url2": "http://hp.kaipoke.biz/584/" }, "geometry": { "type": "Point", "coordinates": [ 135.506055751214717, 34.521043766570685 ] } },
{ "type": "Feature", "properties": { "内容": "メディカルリハビリテーションだんない【地域密着型通所介護】小阪711-5", "url": "https://www.kaigokensaku.mhlw.go.jp/27/index.php?action_kouhyou_detail_004_kani=true&JigyosyoCd=2796100267-00&ServiceCd=780&Type=search", "url2": "http://dannai.jp" }, "geometry": { "type": "Point", "coordinates": [ 135.491276540849071, 34.522390435832833 ] } },
{ "type": "Feature", "properties": { "内容": "ビーナスプラス大野芝【地域密着型通所介護】大阪府堺市中区大野芝町206-6", "url": "https://www.kaigokensaku.mhlw.go.jp/27/index.php?action_kouhyou_detail_004_kani=true&JigyosyoCd=2796100226-00&ServiceCd=780&Type=search", "url2": null }, "geometry": { "type": "Point", "coordinates": [ 135.5193812, 34.5327863 ] } },
{ "type": "Feature", "properties": { "内容": "エルケア株式会社エルケアデイサービス上野芝【地域密着型通所介護】堺市中区深井中町８９７－１ロングライフ上野芝地下１階", "url": "https://www.kaigokensaku.mhlw.go.jp/27/index.php?action_kouhyou_detail_004_kani=true&JigyosyoCd=2776100501-00&ServiceCd=780&Type=search", "url2": "https://www.l-care.jp/" }, "geometry": { "type": "Point", "coordinates": [ 135.482245599999942, 34.5363968 ] } },
{ "type": "Feature", "properties": { "内容": "ひとつ屋根の下　学園町【地域密着型通所介護】大阪府堺市中区学園町3-1", "url": "https://www.kaigokensaku.mhlw.go.jp/27/index.php?action_kouhyou_detail_004_kani=true&JigyosyoCd=2776102267-00&ServiceCd=780&Type=search", "url2": "http://nanairo-sakai.com/" }, "geometry": { "type": "Point", "coordinates": [ 135.508156611045024, 34.541170159578755 ] } },
{ "type": "Feature", "properties": { "内容": "朋友デイサービス【地域密着型通所介護】大阪府堺市中区深井中町５７９－３", "url": "https://www.kaigokensaku.mhlw.go.jp/27/index.php?action_kouhyou_detail_004_kani=true&JigyosyoCd=2776103521-00&ServiceCd=780&Type=search", "url2": "http://sites.google.com/view/houyuukai3" }, "geometry": { "type": "Point", "coordinates": [ 135.4932599, 34.5381612 ] } },
{ "type": "Feature", "properties": { "内容": "フィットネスデイさくらんぼ【地域密着型通所介護】大阪府堺市中区宮園町２－１２", "url": "https://www.kaigokensaku.mhlw.go.jp/27/index.php?action_kouhyou_detail_004_kani=true&JigyosyoCd=2776101897-00&ServiceCd=780&Type=search", "url2": null }, "geometry": { "type": "Point", "coordinates": [ 135.488953195106518, 34.525720920158811 ] } },
{ "type": "Feature", "properties": { "内容": "Ｓ－ＯＮＥ　デイサービスセンター深井【地域密着型通所介護】大阪府堺市中区深井中町３２８０番地", "url": "https://www.kaigokensaku.mhlw.go.jp/27/index.php?action_kouhyou_detail_004_kani=true&JigyosyoCd=2776101798-00&ServiceCd=780&Type=search", "url2": null }, "geometry": { "type": "Point", "coordinates": [ 135.494691699999976, 34.5347722 ] } },
{ "type": "Feature", "properties": { "内容": "デイサービスセンターなの花【地域密着型通所介護】堺市中区土師町１丁１２番２５号", "url": "https://www.kaigokensaku.mhlw.go.jp/27/index.php?action_kouhyou_detail_004_kani=true&JigyosyoCd=2776101301-00&ServiceCd=780&Type=search", "url2": null }, "geometry": { "type": "Point", "coordinates": [ 135.496987358895495, 34.543401669956033 ] } },
{ "type": "Feature", "properties": { "内容": "早稲田イーライフ堺深井【地域密着型通所介護】大阪府堺市中区深井水池長3134", "url": "https://www.kaigokensaku.mhlw.go.jp/27/index.php?action_kouhyou_detail_004_kani=true&JigyosyoCd=2796100382-00&ServiceCd=780&Type=search", "url2": null }, "geometry": { "type": "Point", "coordinates": [ 135.498955, 34.534426900000042 ] } },
{ "type": "Feature", "properties": { "内容": "ビーナスプラス　深阪【地域密着型通所介護】大阪府堺市中区深阪２丁１６番５９号", "url": "https://www.kaigokensaku.mhlw.go.jp/27/index.php?action_kouhyou_detail_004_kani=true&JigyosyoCd=2776101905-00&ServiceCd=780&Type=search", "url2": "http://www.venus-comrade.co.jp/" }, "geometry": { "type": "Point", "coordinates": [ 135.5007048, 34.5078148 ] } },
{ "type": "Feature", "properties": { "内容": "あゆむリハビリデイサービス【地域密着型通所介護】大阪府堺市中区八田西町３丁５番４９号", "url": "https://www.kaigokensaku.mhlw.go.jp/27/index.php?action_kouhyou_detail_004_kani=true&JigyosyoCd=2776101103-00&ServiceCd=780&Type=search", "url2": null }, "geometry": { "type": "Point", "coordinates": [ 135.482675141104409, 34.519675019913862 ] } },
{ "type": "Feature", "properties": { "内容": "デイサービス　カリーニョ【地域密着型通所介護】大阪府堺市中区深井沢町3130番２", "url": "https://www.kaigokensaku.mhlw.go.jp/27/index.php?action_kouhyou_detail_004_kani=true&JigyosyoCd=2796100184-00&ServiceCd=780&Type=search", "url2": null }, "geometry": { "type": "Point", "coordinates": [ 135.495055643594327, 34.529757519645401 ] } },
{ "type": "Feature", "properties": { "内容": "レコードブック堺深井【地域密着型通所介護】大阪府堺市中区深井畑山町335-1", "url": "https://www.kaigokensaku.mhlw.go.jp/27/index.php?action_kouhyou_detail_004_kani=true&JigyosyoCd=2796100218-00&ServiceCd=780&Type=search", "url2": "http://www.recordbook.jp/facility/sakaihukai/" }, "geometry": { "type": "Point", "coordinates": [ 135.506249199999957, 34.5279618 ] } },
{ "type": "Feature", "properties": { "内容": "生活リハ栄養センターリハビリGO-LIFE堺深井【地域密着型通所介護】大阪府堺市中区深井清水町1797-1サンワビル1階", "url": "https://www.kaigokensaku.mhlw.go.jp/27/index.php?action_kouhyou_detail_004_kani=true&JigyosyoCd=2796100408-00&ServiceCd=780&Type=search", "url2": "https://www.medigo.biz/" }, "geometry": { "type": "Point", "coordinates": [ 135.4878682, 34.5342827 ] } },
{ "type": "Feature", "properties": { "内容": "だんらんの家　深井【地域密着型通所介護】大阪府堺市中区深井水池町3226", "url": "https://www.kaigokensaku.mhlw.go.jp/27/index.php?action_kouhyou_detail_004_kani=true&JigyosyoCd=2796100390-00&ServiceCd=780&Type=search", "url2": "https://danrannoie.com/archives/4874" }, "geometry": { "type": "Point", "coordinates": [ 135.502445099999989, 34.5303404 ] } },
{ "type": "Feature", "properties": { "内容": "デイサービスことばの泉【地域密着型通所介護】堺市中区新家町３４９－８", "url": "https://www.kaigokensaku.mhlw.go.jp/27/index.php?action_kouhyou_detail_004_kani=true&JigyosyoCd=2776100782-00&ServiceCd=780&Type=search", "url2": "http://www.kotobanoizumi.jp" }, "geometry": { "type": "Point", "coordinates": [ 135.5097346, 34.5473987 ] } },
{ "type": "Feature", "properties": { "内容": "すまいるデイサービス【地域密着型通所介護】大阪府堺市中区八田西町2丁４－８", "url": "https://www.kaigokensaku.mhlw.go.jp/27/index.php?action_kouhyou_detail_004_kani=true&JigyosyoCd=2796100424-00&ServiceCd=780&Type=search", "url2": null }, "geometry": { "type": "Point", "coordinates": [ 135.478565300000014, 34.5194099 ] } },
{ "type": "Feature", "properties": { "内容": "デイサービスほたるの夢【地域密着型通所介護】大阪府堺市東区大美野162-105", "url": "https://www.kaigokensaku.mhlw.go.jp/27/index.php?action_kouhyou_detail_004_kani=true&JigyosyoCd=2776200715-00&ServiceCd=780&Type=search", "url2": null }, "geometry": { "type": "Point", "coordinates": [ 135.524475299999949, 34.5310866 ] } },
{ "type": "Feature", "properties": { "内容": "あい・ねっとハマヤデイサービスセンター【地域密着型通所介護】大阪府堺市東区丈六186-9", "url": "https://www.kaigokensaku.mhlw.go.jp/27/index.php?action_kouhyou_detail_004_kani=true&JigyosyoCd=2776200319-00&ServiceCd=780&Type=search", "url2": null }, "geometry": { "type": "Point", "coordinates": [ 135.540196299999934, 34.5239738 ] } },
{ "type": "Feature", "properties": { "内容": "リハビリセンター　ステップケア　北野田【地域密着型通所介護】大阪府堺市東区丈六197番地10", "url": "https://www.kaigokensaku.mhlw.go.jp/27/index.php?action_kouhyou_detail_004_kani=true&JigyosyoCd=2776200301-00&ServiceCd=780&Type=search", "url2": null }, "geometry": { "type": "Point", "coordinates": [ 135.5398047, 34.5245071 ] } },
{ "type": "Feature", "properties": { "内容": "らぶ・いきいきデイサービス【地域密着型通所介護】堺市東区日置荘田中町２９４番地", "url": "https://www.kaigokensaku.mhlw.go.jp/27/index.php?action_kouhyou_detail_004_kani=true&JigyosyoCd=2776200368-00&ServiceCd=780&Type=search", "url2": "http://e-life.la.coocan.jp/" }, "geometry": { "type": "Point", "coordinates": [ 135.527719299999944, 34.5350584 ] } },
{ "type": "Feature", "properties": { "内容": "いちごいちえ初芝【地域密着型通所介護】大阪府堺市東区日置荘西町2-30-1", "url": "https://www.kaigokensaku.mhlw.go.jp/27/index.php?action_kouhyou_detail_004_kani=true&JigyosyoCd=2796200224-00&ServiceCd=780&Type=search", "url2": "https://ichigoichie.net/" }, "geometry": { "type": "Point", "coordinates": [ 135.5313696, 34.5431962 ] } },
{ "type": "Feature", "properties": { "内容": "いちごいちえ堺白鷺【地域密着型通所介護】大阪府堺市東区野尻町438", "url": "https://www.kaigokensaku.mhlw.go.jp/27/index.php?action_kouhyou_detail_004_kani=true&JigyosyoCd=2796200232-00&ServiceCd=780&Type=search", "url2": "https://ichigoichie.net/" }, "geometry": { "type": "Point", "coordinates": [ 135.517775199999988, 34.5438875 ] } },
{ "type": "Feature", "properties": { "内容": "ひだまりデイサービスセンター高松【地域密着型通所介護】大阪府堺市東区高松227番地1", "url": "https://www.kaigokensaku.mhlw.go.jp/27/index.php?action_kouhyou_detail_004_kani=true&JigyosyoCd=2776200871-00&ServiceCd=780&Type=search", "url2": null }, "geometry": { "type": "Point", "coordinates": [ 135.537865799999963, 34.5279789 ] } },
{ "type": "Feature", "properties": { "内容": "出屋敷デイサービスセンター【地域密着型通所介護】大阪府堺市東区八下町1-127-1", "url": "https://www.kaigokensaku.mhlw.go.jp/27/index.php?action_kouhyou_detail_004_kani=true&JigyosyoCd=2776200467-00&ServiceCd=780&Type=search", "url2": "http://www.keishinkai.info" }, "geometry": { "type": "Point", "coordinates": [ 135.540962199999967, 34.5579842 ] } },
{ "type": "Feature", "properties": { "内容": "早稲田イーライフ堺北野田【地域密着型通所介護】大阪府堺市東区北野田516-3", "url": "https://www.kaigokensaku.mhlw.go.jp/27/index.php?action_kouhyou_detail_004_kani=true&JigyosyoCd=2796200133-00&ServiceCd=780&Type=search", "url2": "https://withus-e-life.co.jp/facility.html" }, "geometry": { "type": "Point", "coordinates": [ 135.547525400000012, 34.5251743 ] } },
{ "type": "Feature", "properties": { "内容": "レコードブック北野田【地域密着型通所介護】大阪府堺市東区西野５０６番2の１コーポさかた１階", "url": "https://www.kaigokensaku.mhlw.go.jp/27/index.php?action_kouhyou_detail_004_kani=true&JigyosyoCd=2796200125-00&ServiceCd=780&Type=search", "url2": "https://www.recordbook.jp" }, "geometry": { "type": "Point", "coordinates": [ 135.540944174868741, 34.52057490412561 ] } },
{ "type": "Feature", "properties": { "内容": "デイサービスＵ【地域密着型通所介護】大阪府堺市東区草尾1435-1", "url": "https://www.kaigokensaku.mhlw.go.jp/27/index.php?action_kouhyou_detail_004_kani=true&JigyosyoCd=2796200216-00&ServiceCd=780&Type=search", "url2": null }, "geometry": { "type": "Point", "coordinates": [ 135.5403126, 34.5215493 ] } },
{ "type": "Feature", "properties": { "内容": "デイサービス　げんきハウス【地域密着型通所介護】大阪府堺市東区草尾539-2", "url": "https://www.kaigokensaku.mhlw.go.jp/27/index.php?action_kouhyou_detail_004_kani=true&JigyosyoCd=2796200174-00&ServiceCd=780&Type=search", "url2": null }, "geometry": { "type": "Point", "coordinates": [ 135.5373392, 34.5154035 ] } },
{ "type": "Feature", "properties": { "内容": "歩行リハ栄養センターリハビリGOwalk堺鳳【地域密着型通所介護】大阪府堺市西区鳳東町3-291ホワイトハイツ101号", "url": "https://www.kaigokensaku.mhlw.go.jp/27/index.php?action_kouhyou_detail_004_kani=true&JigyosyoCd=2796300529-00&ServiceCd=780&Type=search", "url2": "https://www.medigo.biz/" }, "geometry": { "type": "Point", "coordinates": [ 135.461806722090159, 34.5306439574127 ] } },
{ "type": "Feature", "properties": { "内容": "共生型デイサービスらいく【地域密着型通所介護】大阪府堺市西区鳳東町2-185-1", "url": "https://www.kaigokensaku.mhlw.go.jp/27/index.php?action_kouhyou_detail_004_kani=true&JigyosyoCd=2796300552-00&ServiceCd=780&Type=search", "url2": null }, "geometry": { "type": "Point", "coordinates": [ 135.4596067, 34.5299764 ] } },
{ "type": "Feature", "properties": { "内容": "リハビリデイサービスnagomi堺鳳店【地域密着型通所介護】堺市西区鳳東町3-250", "url": "https://www.kaigokensaku.mhlw.go.jp/27/index.php?action_kouhyou_detail_004_kani=true&JigyosyoCd=2796300321-00&ServiceCd=780&Type=search", "url2": "http://www.my-nagomi.com/html/facility/html/sakaiotori.html" }, "geometry": { "type": "Point", "coordinates": [ 135.461163002495368, 34.529495685208403 ] } },
{ "type": "Feature", "properties": { "内容": "デイサービス　あき【地域密着型通所介護】大阪府堺市西区草部３７８－3", "url": "https://www.kaigokensaku.mhlw.go.jp/27/index.php?action_kouhyou_detail_004_kani=true&JigyosyoCd=2796300347-00&ServiceCd=780&Type=search", "url2": null }, "geometry": { "type": "Point", "coordinates": [ 135.467136399999958, 34.5170485 ] } },
{ "type": "Feature", "properties": { "内容": "ハピエ鳳【地域密着型通所介護】大阪府堺市西区鳳東町４丁３８７－１", "url": "https://www.kaigokensaku.mhlw.go.jp/27/index.php?action_kouhyou_detail_004_kani=true&JigyosyoCd=2796300404-00&ServiceCd=780&Type=search", "url2": "http://www.hapie.jp/" }, "geometry": { "type": "Point", "coordinates": [ 135.462755799999968, 34.5312163 ] } },
{ "type": "Feature", "properties": { "内容": "ひとつ屋根の下　草部【地域密着型通所介護】大阪府堺市西区草部820", "url": "https://www.kaigokensaku.mhlw.go.jp/27/index.php?action_kouhyou_detail_004_kani=true&JigyosyoCd=2796300479-00&ServiceCd=780&Type=search", "url2": "http://nanairo-sakai.com/" }, "geometry": { "type": "Point", "coordinates": [ 135.470396814790064, 34.515527775639775 ] } },
{ "type": "Feature", "properties": { "内容": "機能訓練特化型デイサービス　りすたーと浜寺【地域密着型通所介護】大阪府堺市西区浜寺石津町中4-11-16アーベインコート103号室", "url": "https://www.kaigokensaku.mhlw.go.jp/27/index.php?action_kouhyou_detail_004_kani=true&JigyosyoCd=2796300537-00&ServiceCd=780&Type=search", "url2": null }, "geometry": { "type": "Point", "coordinates": [ 135.45240290000001, 34.557720700000019 ] } },
{ "type": "Feature", "properties": { "内容": "指定通所介護　エテルノスポーツ浜寺【地域密着型通所介護】堺市西区浜寺元町1丁120番地1", "url": "https://www.kaigokensaku.mhlw.go.jp/27/index.php?action_kouhyou_detail_004_kani=true&JigyosyoCd=2776300176-00&ServiceCd=780&Type=search", "url2": "http://eterno-teresa.jp/" }, "geometry": { "type": "Point", "coordinates": [ 135.454106200000069, 34.5439201 ] } },
{ "type": "Feature", "properties": { "内容": "ポラリスデイサービスセンター草部【地域密着型通所介護】大阪府堺市西区草部1589-1", "url": "https://www.kaigokensaku.mhlw.go.jp/27/index.php?action_kouhyou_detail_004_kani=true&JigyosyoCd=2776301919-00&ServiceCd=780&Type=search", "url2": "http://www.polaris.care" }, "geometry": { "type": "Point", "coordinates": [ 135.460825800000066, 34.5181622 ] } },
{ "type": "Feature", "properties": { "内容": "堺福泉療護園デイサービスセンター【地域密着型通所介護】大阪府堺市西区草部３４１番地", "url": "https://www.kaigokensaku.mhlw.go.jp/27/index.php?action_kouhyou_detail_004_kani=true&JigyosyoCd=2770101810-00&ServiceCd=780&Type=search", "url2": "http://sakaifukuizumi.com" }, "geometry": { "type": "Point", "coordinates": [ 135.46845570000005, 34.5191566 ] } },
{ "type": "Feature", "properties": { "内容": "老人デイサービスセンター結いの里（デイサービス）【地域密着型通所介護】大阪府堺市西区浜寺石津町5-11-21", "url": "https://www.kaigokensaku.mhlw.go.jp/27/index.php?action_kouhyou_detail_004_kani=true&JigyosyoCd=2770102750-00&ServiceCd=780&Type=search", "url2": "http://www.sakaicosmos.net" }, "geometry": { "type": "Point", "coordinates": [ 135.4517928, 34.5550306 ] } },
{ "type": "Feature", "properties": { "内容": "ケアサービスはるかぜ【地域密着型通所介護】大阪府堺市西区草部２３６番地", "url": "https://www.kaigokensaku.mhlw.go.jp/27/index.php?action_kouhyou_detail_004_kani=true&JigyosyoCd=2770107700-00&ServiceCd=780&Type=search", "url2": "https://harukaze-dei.jimdofree.com" }, "geometry": { "type": "Point", "coordinates": [ 135.46690229206547, 34.517833120140338 ] } },
{ "type": "Feature", "properties": { "内容": "早稲田イーライフ堺津久野【地域密着型通所介護】大阪府堺市西区津久野町3-31-10", "url": "https://www.kaigokensaku.mhlw.go.jp/27/index.php?action_kouhyou_detail_004_kani=true&JigyosyoCd=2796300396-00&ServiceCd=780&Type=search", "url2": "http://withus-e-life.co.jp/" }, "geometry": { "type": "Point", "coordinates": [ 135.467563499999983, 34.5427012 ] } },
{ "type": "Feature", "properties": { "内容": "せせらぎ健康本舗【地域密着型通所介護】大阪府堺市西区津久野町3-33-18　メイプルハウス１F", "url": "https://www.kaigokensaku.mhlw.go.jp/27/index.php?action_kouhyou_detail_004_kani=true&JigyosyoCd=2776300309-00&ServiceCd=780&Type=search", "url2": "http://seseragicare.com/" }, "geometry": { "type": "Point", "coordinates": [ 135.4667849, 34.5418041 ] } },
{ "type": "Feature", "properties": { "内容": "デイサービスすみれの家山田【地域密着型通所介護】大阪府堺市西区山田三丁９５３番地３", "url": "https://www.kaigokensaku.mhlw.go.jp/27/index.php?action_kouhyou_detail_004_kani=true&JigyosyoCd=2796300503-00&ServiceCd=780&Type=search", "url2": null }, "geometry": { "type": "Point", "coordinates": [ 135.466398499999968, 34.5071007 ] } },
{ "type": "Feature", "properties": { "内容": "デイサービスおはな【地域密着型通所介護】大阪府堺市西区山田１丁１１６５番地１７", "url": "https://www.kaigokensaku.mhlw.go.jp/27/index.php?action_kouhyou_detail_004_kani=true&JigyosyoCd=2796300412-00&ServiceCd=780&Type=search", "url2": "https//ohana2796300412.sakura.ne.jp" }, "geometry": { "type": "Point", "coordinates": [ 135.4653518, 34.513559 ] } },
{ "type": "Feature", "properties": { "内容": "あ湯む入浴特化デイサービス【地域密着型通所介護】大阪府堺市西区堀上緑町1丁1番6号", "url": "https://www.kaigokensaku.mhlw.go.jp/27/index.php?action_kouhyou_detail_004_kani=true&JigyosyoCd=2796300420-00&ServiceCd=780&Type=search", "url2": null }, "geometry": { "type": "Point", "coordinates": [ 135.477394900000036, 34.5353881 ] } },
{ "type": "Feature", "properties": { "内容": "オレンジデイサービス【地域密着型通所介護】大阪府堺市西区草部1118番地3", "url": "https://www.kaigokensaku.mhlw.go.jp/27/index.php?action_kouhyou_detail_004_kani=true&JigyosyoCd=2776301844-00&ServiceCd=780&Type=search", "url2": "http://hp.kaipoke.biz/0vr/" }, "geometry": { "type": "Point", "coordinates": [ 135.480099711830917, 34.517354386217924 ] } },
{ "type": "Feature", "properties": { "内容": "リハビリデイサービス　ビタミン【地域密着型通所介護】大阪府堺市西区鳳中町１０丁７番１４", "url": "https://www.kaigokensaku.mhlw.go.jp/27/index.php?action_kouhyou_detail_004_kani=true&JigyosyoCd=2776300986-00&ServiceCd=780&Type=search", "url2": "http://vitamin-reha.com/" }, "geometry": { "type": "Point", "coordinates": [ 135.451804, 34.5340768 ] } },
{ "type": "Feature", "properties": { "内容": "デイリハケアライフ福泉【地域密着型通所介護】大阪府堺市西区草部465番地14号", "url": "https://www.kaigokensaku.mhlw.go.jp/27/index.php?action_kouhyou_detail_004_kani=true&JigyosyoCd=2776301356-00&ServiceCd=780&Type=search", "url2": "https://www.carelife-medicalsupply.com/corp/" }, "geometry": { "type": "Point", "coordinates": [ 135.468180193254057, 34.516484118074885 ] } },
{ "type": "Feature", "properties": { "内容": "だんらんの家浜寺石津【地域密着型通所介護】大阪府堺市西区浜寺石津町中3-3-17だんらんの家浜寺石津", "url": "https://www.kaigokensaku.mhlw.go.jp/27/index.php?action_kouhyou_detail_004_kani=true&JigyosyoCd=2796300388-00&ServiceCd=780&Type=search", "url2": "https://senshucare.com/" }, "geometry": { "type": "Point", "coordinates": [ 135.45573755396731, 34.556734642439629 ] } },
{ "type": "Feature", "properties": { "内容": "デイサービ　オリーブのいえ【地域密着型通所介護】大阪府堺市西区上野芝向ヶ丘町5-5-5", "url": "https://www.kaigokensaku.mhlw.go.jp/27/index.php?action_kouhyou_detail_004_kani=true&JigyosyoCd=2796300560-00&ServiceCd=780&Type=search", "url2": null }, "geometry": { "type": "Point", "coordinates": [ 135.4793391, 34.5428448 ] } },
{ "type": "Feature", "properties": { "内容": "デイサービス　アロン【地域密着型通所介護】大阪府堺市南区新檜尾台3-6-11新檜尾台近隣センター内", "url": "https://www.kaigokensaku.mhlw.go.jp/27/index.php?action_kouhyou_detail_004_kani=true&JigyosyoCd=2796400329-00&ServiceCd=780&Type=search", "url2": "https://uuw4j.hp.peraichi.com" }, "geometry": { "type": "Point", "coordinates": [ 135.475069420866816, 34.480216310034244 ] } },
{ "type": "Feature", "properties": { "内容": "デイサービス　サニーサイド【地域密着型通所介護】大阪府堺市南区豊田1536-1", "url": "https://www.kaigokensaku.mhlw.go.jp/27/index.php?action_kouhyou_detail_004_kani=true&JigyosyoCd=2796400311-00&ServiceCd=780&Type=search", "url2": null }, "geometry": { "type": "Point", "coordinates": [ 135.4999499, 34.4926229 ] } },
{ "type": "Feature", "properties": { "内容": "デイサービスOｌｉｖｅ【地域密着型通所介護】大阪府堺市南区城山台二丁２番１６号", "url": "https://www.kaigokensaku.mhlw.go.jp/27/index.php?action_kouhyou_detail_004_kani=true&JigyosyoCd=2776401206-00&ServiceCd=780&Type=search", "url2": null }, "geometry": { "type": "Point", "coordinates": [ 135.486554599999977, 34.468354200000022 ] } },
{ "type": "Feature", "properties": { "内容": "早稲田イーライフ堺宮山台【地域密着型通所介護】大阪府堺市南区深阪南340―3", "url": "https://www.kaigokensaku.mhlw.go.jp/27/index.php?action_kouhyou_detail_004_kani=true&JigyosyoCd=2796400170-00&ServiceCd=780&Type=search", "url2": "http://withus-e-life.co.jp/index.html" }, "geometry": { "type": "Point", "coordinates": [ 135.505753193619626, 34.503645178443776 ] } },
{ "type": "Feature", "properties": { "内容": "リハビリデイサービスはるみ【地域密着型通所介護】大阪府堺市南区晴美台1-30-4", "url": "https://www.kaigokensaku.mhlw.go.jp/27/index.php?action_kouhyou_detail_004_kani=true&JigyosyoCd=2776401198-00&ServiceCd=780&Type=search", "url2": "http://hp.kaipoke.biz/cdg/" }, "geometry": { "type": "Point", "coordinates": [ 135.5318532, 34.4942993 ] } },
{ "type": "Feature", "properties": { "内容": "デイサービス　Luana【地域密着型通所介護】大阪府堺市南区赤坂台４丁２０番６号", "url": "https://www.kaigokensaku.mhlw.go.jp/27/index.php?action_kouhyou_detail_004_kani=true&JigyosyoCd=2796400261-00&ServiceCd=780&Type=search", "url2": null }, "geometry": { "type": "Point", "coordinates": [ 135.4704304, 34.483438707318875 ] } },
{ "type": "Feature", "properties": { "内容": "デイサービス　ゆうゆうの家【地域密着型通所介護】大阪府堺市南区原山台４丁１７番７号", "url": "https://www.kaigokensaku.mhlw.go.jp/27/index.php?action_kouhyou_detail_004_kani=true&JigyosyoCd=2776400463-00&ServiceCd=780&Type=search", "url2": "http://yuuyuu-no-ie.com/" }, "geometry": { "type": "Point", "coordinates": [ 135.496798099999978, 34.4790087 ] } },
{ "type": "Feature", "properties": { "内容": "リハビリテーション颯　御池台【地域密着型通所介護】大阪府堺市南区御池台5丁2番6号特定有料老人ホーム清和苑", "url": "https://www.kaigokensaku.mhlw.go.jp/27/index.php?action_kouhyou_detail_004_kani=true&JigyosyoCd=2796400188-00&ServiceCd=780&Type=search", "url2": "http://www.satsuki.gr.jp" }, "geometry": { "type": "Point", "coordinates": [ 135.505494199999987, 34.4555499 ] } },
{ "type": "Feature", "properties": { "内容": "東輝デイサービス【地域密着型通所介護】大阪府堺市南区槇塚台２丁18番10", "url": "https://www.kaigokensaku.mhlw.go.jp/27/index.php?action_kouhyou_detail_004_kani=true&JigyosyoCd=2776401263-00&ServiceCd=780&Type=search", "url2": "http://hp.kaipoke.biz/627/" }, "geometry": { "type": "Point", "coordinates": [ 135.520451500000036, 34.4821118 ] } },
{ "type": "Feature", "properties": { "内容": "えーゆーハート【地域密着型通所介護】大阪府堺市南区槇塚台2丁5番1号", "url": "https://www.kaigokensaku.mhlw.go.jp/27/index.php?action_kouhyou_detail_004_kani=true&JigyosyoCd=2776401412-00&ServiceCd=780&Type=search", "url2": "http://npoeiyuusha.com/" }, "geometry": { "type": "Point", "coordinates": [ 135.520083099999965, 34.4853381 ] } },
{ "type": "Feature", "properties": { "内容": "デイサービスほーぷ【地域密着型通所介護】大阪府堺市南区竹城台３－4―3", "url": "https://www.kaigokensaku.mhlw.go.jp/27/index.php?action_kouhyou_detail_004_kani=true&JigyosyoCd=2776400976-00&ServiceCd=780&Type=search", "url2": "http://i-hope.info/" }, "geometry": { "type": "Point", "coordinates": [ 135.504078521179167, 34.493912199985914 ] } },
{ "type": "Feature", "properties": { "内容": "結のこころデイサービス【地域密着型通所介護】大阪府堺市南区和田東730番地2", "url": "https://www.kaigokensaku.mhlw.go.jp/27/index.php?action_kouhyou_detail_004_kani=true&JigyosyoCd=2776400521-00&ServiceCd=780&Type=search", "url2": null }, "geometry": { "type": "Point", "coordinates": [ 135.503739534254493, 34.50455423318207 ] } },
{ "type": "Feature", "properties": { "内容": "泉北園百寿荘デイサービスセンター【地域密着型通所介護】大阪府堺市南区茶山台３丁２３番２号", "url": "https://www.kaigokensaku.mhlw.go.jp/27/index.php?action_kouhyou_detail_004_kani=true&JigyosyoCd=2770102446-00&ServiceCd=780&Type=search", "url2": "http://www.hyakujusou.or.jp" }, "geometry": { "type": "Point", "coordinates": [ 135.5178962, 34.4886387 ] } },
{ "type": "Feature", "properties": { "内容": "デイサービスゆうの家【地域密着型通所介護】大阪府堺市南区庭代台一丁３１番１号", "url": "https://www.kaigokensaku.mhlw.go.jp/27/index.php?action_kouhyou_detail_004_kani=true&JigyosyoCd=2770103576-00&ServiceCd=780&Type=search", "url2": "http://yuu6276.wixsite.com/home" }, "geometry": { "type": "Point", "coordinates": [ 135.497459099999986, 34.4701626 ] } },
{ "type": "Feature", "properties": { "内容": "(有)空　デイサービスいろは【地域密着型通所介護】大阪府堺市南区宮山台２丁１番１１号", "url": "https://www.kaigokensaku.mhlw.go.jp/27/index.php?action_kouhyou_detail_004_kani=true&JigyosyoCd=2770109037-00&ServiceCd=780&Type=search", "url2": null }, "geometry": { "type": "Point", "coordinates": [ 135.499136462565644, 34.501466157208874 ] } },
{ "type": "Feature", "properties": { "内容": "デイサービス学び舎はるか【地域密着型通所介護】大阪府堺市南区槇塚台3－45－6", "url": "https://www.kaigokensaku.mhlw.go.jp/27/index.php?action_kouhyou_detail_004_kani=true&JigyosyoCd=2770108849-00&ServiceCd=780&Type=search", "url2": "http://www.careharuka.com" }, "geometry": { "type": "Point", "coordinates": [ 135.5270956, 34.4810776 ] } },
{ "type": "Feature", "properties": { "内容": "リカバリーケア陵南リハビリデイサービス【地域密着型通所介護】大阪府堺市北区百舌鳥陵南町3-423-4", "url": "https://www.kaigokensaku.mhlw.go.jp/27/index.php?action_kouhyou_detail_004_kani=true&JigyosyoCd=2776501922-00&ServiceCd=780&Type=search", "url2": "https://www.unionsquare.co.jp" }, "geometry": { "type": "Point", "coordinates": [ 135.491432700000018, 34.5434217 ] } },
{ "type": "Feature", "properties": { "内容": "早稲田イーライフ堺三国ヶ丘【地域密着型通所介護】大阪府堺市北区長曽根町1627ラ・フォーレしんかな1F", "url": "https://www.kaigokensaku.mhlw.go.jp/27/index.php?action_kouhyou_detail_004_kani=true&JigyosyoCd=2796500276-00&ServiceCd=780&Type=search", "url2": "https://withus-e-life.co.jp/facility09.html" }, "geometry": { "type": "Point", "coordinates": [ 135.5046276, 34.567399060727944 ] } },
{ "type": "Feature", "properties": { "内容": "ビーナスプラス【地域密着型通所介護】大阪府堺市北区中長尾町4-4-10ヴィラ中野　一階", "url": "https://www.kaigokensaku.mhlw.go.jp/27/index.php?action_kouhyou_detail_004_kani=true&JigyosyoCd=2776501344-00&ServiceCd=780&Type=search", "url2": "https://www.venus-comrade.co.jp/office/plus_1st/" }, "geometry": { "type": "Point", "coordinates": [ 135.5012716, 34.5744015 ] } },
{ "type": "Feature", "properties": { "内容": "ウッディーリハビリデイ【地域密着型通所介護】大阪府堺市北区百舌鳥梅町3丁57番地2", "url": "https://www.kaigokensaku.mhlw.go.jp/27/index.php?action_kouhyou_detail_004_kani=true&JigyosyoCd=2796500284-00&ServiceCd=780&Type=search", "url2": null }, "geometry": { "type": "Point", "coordinates": [ 135.4981272, 34.5493635 ] } },
{ "type": "Feature", "properties": { "内容": "和らぎの家金岡【地域密着型通所介護】大阪府堺市北区金岡町1199-6", "url": "https://www.kaigokensaku.mhlw.go.jp/27/index.php?action_kouhyou_detail_004_kani=true&JigyosyoCd=2796500250-00&ServiceCd=780&Type=search", "url2": null }, "geometry": { "type": "Point", "coordinates": [ 135.5118094, 34.5573639 ] } },
{ "type": "Feature", "properties": { "内容": "リハビリデイサービスクローバー長尾店【地域密着型通所介護】大阪府堺市北区北長尾町5-1-17", "url": "https://www.kaigokensaku.mhlw.go.jp/27/index.php?action_kouhyou_detail_004_kani=true&JigyosyoCd=2776501336-00&ServiceCd=780&Type=search", "url2": "http://rihabiri-clover.com" }, "geometry": { "type": "Point", "coordinates": [ 135.5037069, 34.5748124 ] } },
{ "type": "Feature", "properties": { "内容": "いきいきデイサービス北花田【地域密着型通所介護】大阪府堺市北区北花田町三丁17番地26松本ビル1階", "url": "https://www.kaigokensaku.mhlw.go.jp/27/index.php?action_kouhyou_detail_004_kani=true&JigyosyoCd=2776501054-00&ServiceCd=780&Type=search", "url2": "http://iki-iki.info/kitahanada/" }, "geometry": { "type": "Point", "coordinates": [ 135.51680741758264, 34.584643379441751 ] } },
{ "type": "Feature", "properties": { "内容": "デイサービスうさぎの家【地域密着型通所介護】大阪府堺市北区百舌鳥梅町一丁18番４号", "url": "https://www.kaigokensaku.mhlw.go.jp/27/index.php?action_kouhyou_detail_004_kani=true&JigyosyoCd=2796500243-00&ServiceCd=780&Type=search", "url2": "http://www.warm-usaginoie.sakura.ne.jp/usaginoie/service.html" }, "geometry": { "type": "Point", "coordinates": [ 135.499248200000011, 34.5533894 ] } },
{ "type": "Feature", "properties": { "内容": "わくわくサロンデイサービス【地域密着型通所介護】大阪府堺市北区百舌鳥梅北町4丁228番地1", "url": "https://www.kaigokensaku.mhlw.go.jp/27/index.php?action_kouhyou_detail_004_kani=true&JigyosyoCd=2776501278-00&ServiceCd=780&Type=search", "url2": null }, "geometry": { "type": "Point", "coordinates": [ 135.4996688, 34.55925 ] } },
{ "type": "Feature", "properties": { "内容": "ハピネス金岡デイサービスセンター【地域密着型通所介護】大阪府堺市北区金岡町2725", "url": "https://www.kaigokensaku.mhlw.go.jp/27/index.php?action_kouhyou_detail_004_kani=true&JigyosyoCd=2770101943-00&ServiceCd=780&Type=search", "url2": "http://osakafukushikai.or.jp/day-kanaoka" }, "geometry": { "type": "Point", "coordinates": [ 135.52541930000001, 34.5560063 ] } },
{ "type": "Feature", "properties": { "内容": "デイサービスセンターブレス南花田【地域密着型通所介護】大阪府堺市北区南花田町530番地", "url": "https://www.kaigokensaku.mhlw.go.jp/27/index.php?action_kouhyou_detail_004_kani=true&JigyosyoCd=2770101646-00&ServiceCd=780&Type=search", "url2": "http://www.houseikai.net" }, "geometry": { "type": "Point", "coordinates": [ 135.528115599999978, 34.5725742 ] } },
{ "type": "Feature", "properties": { "内容": "デイサービスセンター　　いきいきサロン【地域密着型通所介護】大阪府堺市北区百舌鳥陵南町三丁４番地２", "url": "https://www.kaigokensaku.mhlw.go.jp/27/index.php?action_kouhyou_detail_004_kani=true&JigyosyoCd=2770105274-00&ServiceCd=780&Type=search", "url2": "https://milmonet.jp/service/55447" }, "geometry": { "type": "Point", "coordinates": [ 135.489319900000027, 34.5444405 ] } },
{ "type": "Feature", "properties": { "内容": "デイサービス　Re:BEST【地域密着型通所介護】大阪府堺市北区金岡町1820-101白鷺スカイハイツ101", "url": "https://www.kaigokensaku.mhlw.go.jp/27/index.php?action_kouhyou_detail_004_kani=true&JigyosyoCd=2796500359-00&ServiceCd=780&Type=search", "url2": "https://re-best1111.com/" }, "geometry": { "type": "Point", "coordinates": [ 135.51946379325409, 34.549127560769577 ] } },
{ "type": "Feature", "properties": { "内容": "きずな百舌鳥八幡デイサービス【地域密着型通所介護】堺市北区百舌鳥梅北町4丁175番地の3ルミエール梅北マンション1階", "url": "https://www.kaigokensaku.mhlw.go.jp/27/index.php?action_kouhyou_detail_004_kani=true&JigyosyoCd=2776501070-00&ServiceCd=780&Type=search", "url2": null }, "geometry": { "type": "Point", "coordinates": [ 135.4984773, 34.5594611 ] } },
{ "type": "Feature", "properties": { "内容": "げんきリハビリデイサービス本店【地域密着型通所介護】大阪府堺市北区黒土町2173-1-1F", "url": "https://www.kaigokensaku.mhlw.go.jp/27/index.php?action_kouhyou_detail_004_kani=true&JigyosyoCd=2776501781-00&ServiceCd=780&Type=search", "url2": "https://www.facebook.com/honten.genki" }, "geometry": { "type": "Point", "coordinates": [ 135.500510299999974, 34.5676186 ] } },
{ "type": "Feature", "properties": { "内容": "悠々ハウス堺なかもず【地域密着型通所介護】大阪府堺市北区百舌鳥梅町３－２１－２", "url": "https://www.kaigokensaku.mhlw.go.jp/27/index.php?action_kouhyou_detail_004_kani=true&JigyosyoCd=2776501658-00&ServiceCd=780&Type=search", "url2": "https://www.yuyu-house.com/" }, "geometry": { "type": "Point", "coordinates": [ 135.502390800000057, 34.5513843 ] } },
{ "type": "Feature", "properties": { "内容": "ハピネス陵南デイサービスセンター【地域密着型通所介護】堺市北区百舌鳥陵南町２丁６６２番地", "url": "https://www.kaigokensaku.mhlw.go.jp/27/index.php?action_kouhyou_detail_004_kani=true&JigyosyoCd=2770105746-00&ServiceCd=780&Type=search", "url2": "http://osakafukushikai.or.jp/" }, "geometry": { "type": "Point", "coordinates": [ 135.4910281, 34.545957 ] } },
{ "type": "Feature", "properties": { "内容": "デイサービスセンター　かすがい【地域密着型通所介護】大阪府堺市北区百舌鳥陵南町１丁９３番地２", "url": "https://www.kaigokensaku.mhlw.go.jp/27/index.php?action_kouhyou_detail_004_kani=true&JigyosyoCd=2770106249-00&ServiceCd=780&Type=search", "url2": null }, "geometry": { "type": "Point", "coordinates": [ 135.489255982208988, 34.546469819297677 ] } },
{ "type": "Feature", "properties": { "内容": "デイサービス　おもてなし【地域密着型通所介護】大阪府堺市北区金岡町７０４番地２エバーグリーン金岡５棟１階", "url": "https://www.kaigokensaku.mhlw.go.jp/27/index.php?action_kouhyou_detail_004_kani=true&JigyosyoCd=2776501641-00&ServiceCd=780&Type=search", "url2": "http://ds-omotenashi.jp" }, "geometry": { "type": "Point", "coordinates": [ 135.517009336106867, 34.562465835394583 ] } },
{ "type": "Feature", "properties": { "内容": "デイサービスメッツァなかもず【地域密着型通所介護】大阪府堺市北区中百舌鳥町6丁991−2", "url": "https://www.kaigokensaku.mhlw.go.jp/27/index.php?action_kouhyou_detail_004_kani=true&JigyosyoCd=2796500326-00&ServiceCd=780&Type=search", "url2": "https://wonderbeing-project.com/" }, "geometry": { "type": "Point", "coordinates": [ 135.50618990000001, 34.5504066 ] } },
{ "type": "Feature", "properties": { "内容": "アシストケア中百舌鳥【地域密着型通所介護】大阪府堺市北区百舌鳥梅町3-22-4アイエーフラット202", "url": "https://www.kaigokensaku.mhlw.go.jp/27/index.php?action_kouhyou_detail_004_kani=true&JigyosyoCd=2776501351-00&ServiceCd=780&Type=search", "url2": null }, "geometry": { "type": "Point", "coordinates": [ 135.501768699999957, 34.5515731 ] } },
{ "type": "Feature", "properties": { "内容": "ネクステージ【地域密着型通所介護】大阪府堺市北区長曽根町3003－4", "url": "https://www.kaigokensaku.mhlw.go.jp/27/index.php?action_kouhyou_detail_004_kani=true&JigyosyoCd=2770103725-00&ServiceCd=780&Type=search", "url2": "http://www.aioicere.jp" }, "geometry": { "type": "Point", "coordinates": [ 135.5064485, 34.5649206 ] } },
{ "type": "Feature", "properties": { "内容": "いづみ会ケアサービス【地域密着型通所介護】大阪府堺市北区新金岡町1丁3番33―1号", "url": "https://www.kaigokensaku.mhlw.go.jp/27/index.php?action_kouhyou_detail_004_kani=true&JigyosyoCd=2776500460-00&ServiceCd=780&Type=search", "url2": null }, "geometry": { "type": "Point", "coordinates": [ 135.512213300000013, 34.5688227 ] } },
{ "type": "Feature", "properties": { "内容": "リハビリデイサービス　からだ館【地域密着型通所介護】大阪府堺市北区北長尾町2丁４番７号１階金岡コーポラス１階", "url": "https://www.kaigokensaku.mhlw.go.jp/27/index.php?action_kouhyou_detail_004_kani=true&JigyosyoCd=2796500367-00&ServiceCd=780&Type=search", "url2": null }, "geometry": { "type": "Point", "coordinates": [ 135.4995817, 34.576450800000032 ] } },
{ "type": "Feature", "properties": { "内容": "ビーナスプラス大饗【地域密着型通所介護】大阪府堺市美原区大饗353-2", "url": "https://www.kaigokensaku.mhlw.go.jp/27/index.php?action_kouhyou_detail_004_kani=true&JigyosyoCd=2796600142-00&ServiceCd=780&Type=search", "url2": "https://www.venus-comrade.co.jp/" }, "geometry": { "type": "Point", "coordinates": [ 135.542461800000012, 34.5425376 ] } },
{ "type": "Feature", "properties": { "内容": "デイサービスセンター輝峰【地域密着型通所介護】大阪府堺市美原区阿弥４８２番２", "url": "https://www.kaigokensaku.mhlw.go.jp/27/index.php?action_kouhyou_detail_004_kani=true&JigyosyoCd=2776600120-00&ServiceCd=780&Type=search", "url2": "http://www.yujin-kihou.or.jp" }, "geometry": { "type": "Point", "coordinates": [ 135.55162, 34.5346703 ] } },
{ "type": "Feature", "properties": { "内容": "でぃはうす　つぶら【地域密着型通所介護】堺市美原区北余部45－7", "url": "https://www.kaigokensaku.mhlw.go.jp/27/index.php?action_kouhyou_detail_004_kani=true&JigyosyoCd=2776600047-00&ServiceCd=780&Type=search", "url2": "http://www.tsubura.co.jp" }, "geometry": { "type": "Point", "coordinates": [ 135.543190099999947, 34.5369559 ] } },
{ "type": "Feature", "properties": { "内容": "デイサービスそらとうみ【地域密着型通所介護】大阪府堺市美原区今井453-1", "url": "https://www.kaigokensaku.mhlw.go.jp/27/index.php?action_kouhyou_detail_004_kani=true&JigyosyoCd=2796600167-00&ServiceCd=780&Type=search", "url2": null }, "geometry": { "type": "Point", "coordinates": [ 135.549957400000011, 34.5542743 ] } },
{ "type": "Feature", "properties": { "内容": "フレンドハウス遊友【地域密着型通所介護】大阪府岸和田市堺町３番１６号", "url": "https://www.kaigokensaku.mhlw.go.jp/27/index.php?action_kouhyou_detail_004_kani=true&JigyosyoCd=2791100544-00&ServiceCd=780&Type=search", "url2": "https://yuyu-day.net" }, "geometry": { "type": "Point", "coordinates": [ 135.3712846, 34.4620315 ] } },
{ "type": "Feature", "properties": { "内容": "ハピネス【地域密着型通所介護】大阪府岸和田市上松町三丁目７番３０号", "url": "https://www.kaigokensaku.mhlw.go.jp/27/index.php?action_kouhyou_detail_004_kani=true&JigyosyoCd=2791100551-00&ServiceCd=780&Type=search", "url2": null }, "geometry": { "type": "Point", "coordinates": [ 135.3944981, 34.4491169 ] } },
{ "type": "Feature", "properties": { "内容": "デイサービストップ【地域密着型通所介護】大阪府岸和田市岡山町452－1", "url": "https://www.kaigokensaku.mhlw.go.jp/27/index.php?action_kouhyou_detail_004_kani=true&JigyosyoCd=2791100536-00&ServiceCd=780&Type=search", "url2": "https://www.tac-company1001.com" }, "geometry": { "type": "Point", "coordinates": [ 135.42140040000001, 34.4554058 ] } },
{ "type": "Feature", "properties": { "内容": "デイサービスティエール・岸和田【地域密着型通所介護】大阪府岸和田市荒木町1丁目18番3号ティエール・岸和田", "url": "https://www.kaigokensaku.mhlw.go.jp/27/index.php?action_kouhyou_detail_004_kani=true&JigyosyoCd=2791100437-00&ServiceCd=780&Type=search", "url2": null }, "geometry": { "type": "Point", "coordinates": [ 135.397677499999986, 34.4714371 ] } },
{ "type": "Feature", "properties": { "内容": "GENKINEXT岸和田下松【地域密着型通所介護】大阪府岸和田市下松町3-5-52", "url": "https://www.kaigokensaku.mhlw.go.jp/27/index.php?action_kouhyou_detail_004_kani=true&JigyosyoCd=2791100346-00&ServiceCd=780&Type=search", "url2": null }, "geometry": { "type": "Point", "coordinates": [ 135.3964135, 34.455709300000017 ] } },
{ "type": "Feature", "properties": { "内容": "ハツラツ倶楽部　みんなのふるさと【地域密着型通所介護】大阪府岸和田市三田町117-1", "url": "https://www.kaigokensaku.mhlw.go.jp/27/index.php?action_kouhyou_detail_004_kani=true&JigyosyoCd=2791100353-00&ServiceCd=780&Type=search", "url2": "http://kaigocenter.life.coocan.jp/index.html" }, "geometry": { "type": "Point", "coordinates": [ 135.433140642035369, 34.459156150432648 ] } },
{ "type": "Feature", "properties": { "内容": "大阪府岸和田市春木本町１３－８【地域密着型通所介護】大阪府岸和田市春木本町１３－８", "url": "https://www.kaigokensaku.mhlw.go.jp/27/index.php?action_kouhyou_detail_004_kani=true&JigyosyoCd=2791100502-00&ServiceCd=780&Type=search", "url2": "http://yamashitashatyu-iroha.com/" }, "geometry": { "type": "Point", "coordinates": [ 135.383809500000012, 34.4789116 ] } },
{ "type": "Feature", "properties": { "内容": "よりあいデイサービスあおぞら【地域密着型通所介護】大阪府岸和田市磯上町５丁目１９番１４号", "url": "https://www.kaigokensaku.mhlw.go.jp/27/index.php?action_kouhyou_detail_004_kani=true&JigyosyoCd=2791100304-00&ServiceCd=780&Type=search", "url2": "http://npo-yoriai.org" }, "geometry": { "type": "Point", "coordinates": [ 135.391702, 34.4896618 ] } },
{ "type": "Feature", "properties": { "内容": "いきいきフィット【地域密着型通所介護】大阪府岸和田市岡山町355－1", "url": "https://www.kaigokensaku.mhlw.go.jp/27/index.php?action_kouhyou_detail_004_kani=true&JigyosyoCd=2791100429-00&ServiceCd=780&Type=search", "url2": null }, "geometry": { "type": "Point", "coordinates": [ 135.423025461268594, 34.456259324148071 ] } },
{ "type": "Feature", "properties": { "内容": "医療法人大植医院芙蓉メディカルサポート【地域密着型通所介護】大阪府岸和田市大町３６７番地", "url": "https://www.kaigokensaku.mhlw.go.jp/27/index.php?action_kouhyou_detail_004_kani=true&JigyosyoCd=2771103104-00&ServiceCd=780&Type=search", "url2": "http://www.ohue.jp/fuyou" }, "geometry": { "type": "Point", "coordinates": [ 135.406347899999986, 34.4658873 ] } },
{ "type": "Feature", "properties": { "内容": "樹楽団らんの家　東岸和田【地域密着型通所介護】大阪府岸和田市土生町62-1", "url": "https://www.kaigokensaku.mhlw.go.jp/27/index.php?action_kouhyou_detail_004_kani=true&JigyosyoCd=2771103666-00&ServiceCd=780&Type=search", "url2": "http://www.kiraku-ac.com/daycare/index.php" }, "geometry": { "type": "Point", "coordinates": [ 135.403832200000039, 34.4330279 ] } },
{ "type": "Feature", "properties": { "内容": "デイサービス　グリーン【地域密着型通所介護】大阪府岸和田市荒木町一丁目8番3号グリーンパーク荒木", "url": "https://www.kaigokensaku.mhlw.go.jp/27/index.php?action_kouhyou_detail_004_kani=true&JigyosyoCd=2771104458-00&ServiceCd=780&Type=search", "url2": "http://green-kaigo.com/" }, "geometry": { "type": "Point", "coordinates": [ 135.395607199999972, 34.4729 ] } },
{ "type": "Feature", "properties": { "内容": "そうせいデイ春木【地域密着型通所介護】岸和田市春木本町９番１５号", "url": "https://www.kaigokensaku.mhlw.go.jp/27/index.php?action_kouhyou_detail_004_kani=true&JigyosyoCd=2771104102-00&ServiceCd=780&Type=search", "url2": null }, "geometry": { "type": "Point", "coordinates": [ 135.386510700000031, 34.4764827 ] } },
{ "type": "Feature", "properties": { "内容": "アムールデイサービス岸和田【地域密着型通所介護】大阪府岸和田市池尻町686番地の7", "url": "https://www.kaigokensaku.mhlw.go.jp/27/index.php?action_kouhyou_detail_004_kani=true&JigyosyoCd=2771103609-00&ServiceCd=780&Type=search", "url2": "https://www.e-lifepartner.co.jp" }, "geometry": { "type": "Point", "coordinates": [ 135.411322499999983, 34.4558942 ] } },
{ "type": "Feature", "properties": { "内容": "ピープルディサービスセンターきしわだ【地域密着型通所介護】岸和田市尾生町２１３０－４", "url": "https://www.kaigokensaku.mhlw.go.jp/27/index.php?action_kouhyou_detail_004_kani=true&JigyosyoCd=2771100605-00&ServiceCd=780&Type=search", "url2": "http://www.koseikai.org/" }, "geometry": { "type": "Point", "coordinates": [ 135.41461419999996, 34.4299695 ] } },
{ "type": "Feature", "properties": { "内容": "デイサービス　ゆいの集い【地域密着型通所介護】大阪府岸和田市西之内町10番2号", "url": "https://www.kaigokensaku.mhlw.go.jp/27/index.php?action_kouhyou_detail_004_kani=true&JigyosyoCd=2771104805-00&ServiceCd=780&Type=search", "url2": "http://www.yui-78h.com/" }, "geometry": { "type": "Point", "coordinates": [ 135.3914188, 34.4637177 ] } },
{ "type": "Feature", "properties": { "内容": "すいめい介護支援センター【地域密着型通所介護】大阪府岸和田市三田町９３番地の２", "url": "https://www.kaigokensaku.mhlw.go.jp/27/index.php?action_kouhyou_detail_004_kani=true&JigyosyoCd=2771104235-00&ServiceCd=780&Type=search", "url2": null }, "geometry": { "type": "Point", "coordinates": [ 135.431790099999944, 34.4584609 ] } },
{ "type": "Feature", "properties": { "内容": "デイサービスセンター和み家【地域密着型通所介護】大阪府岸和田市畑町三丁目１４番１１号", "url": "https://www.kaigokensaku.mhlw.go.jp/27/index.php?action_kouhyou_detail_004_kani=true&JigyosyoCd=2791100270-00&ServiceCd=780&Type=search", "url2": "https://nagomiya.net/" }, "geometry": { "type": "Point", "coordinates": [ 135.3887684, 34.4416155 ] } },
{ "type": "Feature", "properties": { "内容": "元気でレッツゴー【地域密着型通所介護】大阪府岸和田市大北町６番５号", "url": "https://www.kaigokensaku.mhlw.go.jp/27/index.php?action_kouhyou_detail_004_kani=true&JigyosyoCd=2791100221-00&ServiceCd=780&Type=search", "url2": null }, "geometry": { "type": "Point", "coordinates": [ 135.369227426458707, 34.464212070808344 ] } },
{ "type": "Feature", "properties": { "内容": "久米田池庵株式会社【地域密着型通所介護】大阪府岸和田市岡山町527番地の2", "url": "https://www.kaigokensaku.mhlw.go.jp/27/index.php?action_kouhyou_detail_004_kani=true&JigyosyoCd=2771102627-00&ServiceCd=780&Type=search", "url2": null }, "geometry": { "type": "Point", "coordinates": [ 135.4165198, 34.4518309 ] } },
{ "type": "Feature", "properties": { "内容": "デイサービスセンター　あすなろ【地域密着型通所介護】大阪府岸和田市畑町四丁目３番１号", "url": "https://www.kaigokensaku.mhlw.go.jp/27/index.php?action_kouhyou_detail_004_kani=true&JigyosyoCd=2791100494-00&ServiceCd=780&Type=search", "url2": "https://r.goope.jp/asunaro-031201" }, "geometry": { "type": "Point", "coordinates": [ 135.389613399999973, 34.440578 ] } },
{ "type": "Feature", "properties": { "内容": "デイサービス　ゆうび【地域密着型通所介護】大阪府岸和田市岡山町80-3", "url": "https://www.kaigokensaku.mhlw.go.jp/27/index.php?action_kouhyou_detail_004_kani=true&JigyosyoCd=2791100460-00&ServiceCd=780&Type=search", "url2": null }, "geometry": { "type": "Point", "coordinates": [ 135.421023600000012, 34.4566678 ] } },
{ "type": "Feature", "properties": { "内容": "デイサービスセンターほっと久米田【地域密着型通所介護】大阪府岸和田市下池田町2丁目1番15号", "url": "https://www.kaigokensaku.mhlw.go.jp/27/index.php?action_kouhyou_detail_004_kani=true&JigyosyoCd=2791100361-00&ServiceCd=780&Type=search", "url2": "http://www.syakyo.or.jp/" }, "geometry": { "type": "Point", "coordinates": [ 135.402415542991662, 34.471960698426535 ] } },
{ "type": "Feature", "properties": { "内容": "ポシブル岸和田【地域密着型通所介護】大阪府岸和田市土生町2丁目30－39", "url": "https://www.kaigokensaku.mhlw.go.jp/27/index.php?action_kouhyou_detail_004_kani=true&JigyosyoCd=2791100486-00&ServiceCd=780&Type=search", "url2": null }, "geometry": { "type": "Point", "coordinates": [ 135.382386200000013, 34.4491918 ] } },
{ "type": "Feature", "properties": { "内容": "アルケルデイサービス【地域密着型通所介護】大阪府岸和田市土生町309番地", "url": "https://www.kaigokensaku.mhlw.go.jp/27/index.php?action_kouhyou_detail_004_kani=true&JigyosyoCd=2771104490-00&ServiceCd=780&Type=search", "url2": "http://wellnessnet.jp" }, "geometry": { "type": "Point", "coordinates": [ 135.4020461, 34.4373629 ] } },
{ "type": "Feature", "properties": { "内容": "デイサービス花りぼん【地域密着型通所介護】大阪府岸和田市宮前町１０－１４", "url": "https://www.kaigokensaku.mhlw.go.jp/27/index.php?action_kouhyou_detail_004_kani=true&JigyosyoCd=2771104995-00&ServiceCd=780&Type=search", "url2": "http://hanaribon.net" }, "geometry": { "type": "Point", "coordinates": [ 135.390329899999983, 34.4690476 ] } },
{ "type": "Feature", "properties": { "内容": "結屋岸和田デイセンター【地域密着型通所介護】大阪府岸和田市作才町1181", "url": "https://www.kaigokensaku.mhlw.go.jp/27/index.php?action_kouhyou_detail_004_kani=true&JigyosyoCd=2771104730-00&ServiceCd=780&Type=search", "url2": "http://musubiya6.wix.com/musubiya" }, "geometry": { "type": "Point", "coordinates": [ 135.385695835581998, 34.453269781072265 ] } },
{ "type": "Feature", "properties": { "内容": "地域密着型通所介護Re;Life【地域密着型通所介護】大阪府岸和田市宮前町24-5", "url": "https://www.kaigokensaku.mhlw.go.jp/27/index.php?action_kouhyou_detail_004_kani=true&JigyosyoCd=2791100577-00&ServiceCd=780&Type=search", "url2": "http://www.link0924.com" }, "geometry": { "type": "Point", "coordinates": [ 135.3872562, 34.4706398 ] } },
{ "type": "Feature", "properties": { "内容": "ソラーレ【地域密着型通所介護】大阪府岸和田市別所町1-19-13", "url": "https://www.kaigokensaku.mhlw.go.jp/27/index.php?action_kouhyou_detail_004_kani=true&JigyosyoCd=2771104854-00&ServiceCd=780&Type=search", "url2": null }, "geometry": { "type": "Point", "coordinates": [ 135.383003, 34.4608206 ] } },
{ "type": "Feature", "properties": { "内容": "医療法人利田会　デイサービスセンターうらら【地域密着型通所介護】大阪府岸和田市尾生町2979番地4", "url": "https://www.kaigokensaku.mhlw.go.jp/27/index.php?action_kouhyou_detail_004_kani=true&JigyosyoCd=2791100452-00&ServiceCd=780&Type=search", "url2": null }, "geometry": { "type": "Point", "coordinates": [ 135.4181656, 34.4478993 ] } },
{ "type": "Feature", "properties": { "内容": "中央デイサービス【地域密着型通所介護】大阪府岸和田市藤井町2-5-34", "url": "https://www.kaigokensaku.mhlw.go.jp/27/index.php?action_kouhyou_detail_004_kani=true&JigyosyoCd=2771103575-00&ServiceCd=780&Type=search", "url2": null }, "geometry": { "type": "Point", "coordinates": [ 135.3832777, 34.462966 ] } },
{ "type": "Feature", "properties": { "内容": "デイサービスときわ【地域密着型通所介護】大阪府岸和田市上松町1丁目７番１号", "url": "https://www.kaigokensaku.mhlw.go.jp/27/index.php?action_kouhyou_detail_004_kani=true&JigyosyoCd=2771103906-00&ServiceCd=780&Type=search", "url2": null }, "geometry": { "type": "Point", "coordinates": [ 135.389815399999947, 34.4531884 ] } },
{ "type": "Feature", "properties": { "内容": "デイサービス１（ワン）【地域密着型通所介護】大阪府岸和田市宮本町20番3", "url": "https://www.kaigokensaku.mhlw.go.jp/27/index.php?action_kouhyou_detail_004_kani=true&JigyosyoCd=2791100379-00&ServiceCd=780&Type=search", "url2": "http://okadashinkyuin.com/dayserviceone/index.html" }, "geometry": { "type": "Point", "coordinates": [ 135.3759497, 34.46072250000001 ] } },
{ "type": "Feature", "properties": { "内容": "デイサービスきたえるーむ岸和田下松【地域密着型通所介護】大阪府岸和田市下松町1-13-7", "url": "https://www.kaigokensaku.mhlw.go.jp/27/index.php?action_kouhyou_detail_004_kani=true&JigyosyoCd=2791100296-00&ServiceCd=780&Type=search", "url2": "http://kitaeroom.com/" }, "geometry": { "type": "Point", "coordinates": [ 135.395582399999967, 34.4599072 ] } },
{ "type": "Feature", "properties": { "内容": "アースサポート東豊中【地域密着型通所介護】大阪府豊中市夕陽丘1丁目5番15号", "url": "https://www.kaigokensaku.mhlw.go.jp/27/index.php?action_kouhyou_detail_004_kani=true&JigyosyoCd=2794000907-00&ServiceCd=780&Type=search", "url2": "https://www.earthsupport.co.jp/" }, "geometry": { "type": "Point", "coordinates": [ 135.476948399999969, 34.7852966 ] } },
{ "type": "Feature", "properties": { "内容": "ここちリハビリセンター豊中【地域密着型通所介護】大阪府豊中市庄内幸町2-14-11", "url": "https://www.kaigokensaku.mhlw.go.jp/27/index.php?action_kouhyou_detail_004_kani=true&JigyosyoCd=2794000972-00&ServiceCd=780&Type=search", "url2": "http://www.bloomingsmile.jp" }, "geometry": { "type": "Point", "coordinates": [ 135.470642199999986, 34.7510719 ] } },
{ "type": "Feature", "properties": { "内容": "葵蛍池フィットネス【地域密着型通所介護】大阪府豊中市螢池東町2-3-23アパートメントビル多田101", "url": "https://www.kaigokensaku.mhlw.go.jp/27/index.php?action_kouhyou_detail_004_kani=true&JigyosyoCd=2794001202-00&ServiceCd=780&Type=search", "url2": "https://icl-design.net/" }, "geometry": { "type": "Point", "coordinates": [ 135.4489594, 34.796728 ] } },
{ "type": "Feature", "properties": { "内容": "リハプライド庄内【地域密着型通所介護】大阪府豊中市庄内西町４－２－１", "url": "https://www.kaigokensaku.mhlw.go.jp/27/index.php?action_kouhyou_detail_004_kani=true&JigyosyoCd=2794000881-00&ServiceCd=780&Type=search", "url2": "https://www.rehapride.co.jp/shonai/" }, "geometry": { "type": "Point", "coordinates": [ 135.4752487, 34.7469121 ] } },
{ "type": "Feature", "properties": { "内容": "シルバーデイハウスきらく会【地域密着型通所介護】大阪府豊中市庄内西町1-4-10", "url": "https://www.kaigokensaku.mhlw.go.jp/27/index.php?action_kouhyou_detail_004_kani=true&JigyosyoCd=2794000725-00&ServiceCd=780&Type=search", "url2": null }, "geometry": { "type": "Point", "coordinates": [ 135.472955800000022, 34.7522413 ] } },
{ "type": "Feature", "properties": { "内容": "シルバーデイハウスゆたか会【地域密着型通所介護】大阪府豊中市大島町２−１５−１５", "url": "https://www.kaigokensaku.mhlw.go.jp/27/index.php?action_kouhyou_detail_004_kani=true&JigyosyoCd=2794000642-00&ServiceCd=780&Type=search", "url2": null }, "geometry": { "type": "Point", "coordinates": [ 135.468045599999982, 34.7356651 ] } },
{ "type": "Feature", "properties": { "内容": "入浴特化型　恵デイサービスセンター【地域密着型通所介護】大阪府豊中市北緑丘２丁目１番２１棟１０４号", "url": "https://www.kaigokensaku.mhlw.go.jp/27/index.php?action_kouhyou_detail_004_kani=true&JigyosyoCd=2794000683-00&ServiceCd=780&Type=search", "url2": "http://www.kaigo-megumicare.jp/recruit/" }, "geometry": { "type": "Point", "coordinates": [ 135.477351399999947, 34.8166341 ] } },
{ "type": "Feature", "properties": { "内容": "スマイルリハビリデイサービス【地域密着型通所介護】大阪府豊中市西緑丘1－7－11", "url": "https://www.kaigokensaku.mhlw.go.jp/27/index.php?action_kouhyou_detail_004_kani=true&JigyosyoCd=2794001129-00&ServiceCd=780&Type=search", "url2": "onestep.care" }, "geometry": { "type": "Point", "coordinates": [ 135.475748, 34.8113827 ] } },
{ "type": "Feature", "properties": { "内容": "ワンステップリハビリデイサービス【地域密着型通所介護】大阪府豊中市北桜塚3丁目8番30号リンデン北桜塚コーポ102号", "url": "https://www.kaigokensaku.mhlw.go.jp/27/index.php?action_kouhyou_detail_004_kani=true&JigyosyoCd=2794001194-00&ServiceCd=780&Type=search", "url2": "https://www.onestep.care" }, "geometry": { "type": "Point", "coordinates": [ 135.472415, 34.7841623 ] } },
{ "type": "Feature", "properties": { "内容": "機能訓練型アイボリー半日デイサービスセンター　花さくら【地域密着型通所介護】大阪府豊中市本町４丁目１－２２第１５千里ビル　１－Ｂ", "url": "https://www.kaigokensaku.mhlw.go.jp/27/index.php?action_kouhyou_detail_004_kani=true&JigyosyoCd=2774007708-00&ServiceCd=780&Type=search", "url2": null }, "geometry": { "type": "Point", "coordinates": [ 135.461950300000012, 34.788515 ] } },
{ "type": "Feature", "properties": { "内容": "葵　岡町デイサービスセンター【地域密着型通所介護】大阪府豊中市宝山町11番15号", "url": "https://www.kaigokensaku.mhlw.go.jp/27/index.php?action_kouhyou_detail_004_kani=true&JigyosyoCd=2774006189-00&ServiceCd=780&Type=search", "url2": "https://icl-design.net" }, "geometry": { "type": "Point", "coordinates": [ 135.458234100000027, 34.7795272 ] } },
{ "type": "Feature", "properties": { "内容": "アーチリハビリ特化型デイサービス【地域密着型通所介護】大阪府豊中市長興寺北三丁目６－４６", "url": "https://www.kaigokensaku.mhlw.go.jp/27/index.php?action_kouhyou_detail_004_kani=true&JigyosyoCd=2774006759-00&ServiceCd=780&Type=search", "url2": "https://arch-reha.com" }, "geometry": { "type": "Point", "coordinates": [ 135.4790686, 34.7773358 ] } },
{ "type": "Feature", "properties": { "内容": "生きがい応援型デイサービス　ベリグッズ【地域密着型通所介護】大阪府豊中市長興寺南四丁目５－１イーグルリーチ１０１", "url": "https://www.kaigokensaku.mhlw.go.jp/27/index.php?action_kouhyou_detail_004_kani=true&JigyosyoCd=2774003749-00&ServiceCd=780&Type=search", "url2": "http://instep.jp/" }, "geometry": { "type": "Point", "coordinates": [ 135.477606936176244, 34.774856184174077 ] } },
{ "type": "Feature", "properties": { "内容": "デイサービス　ダンデリオン曽根【地域密着型通所介護】大阪府豊中市城山町１丁目１番７号曽根芙蓉ハイツ１０３", "url": "https://www.kaigokensaku.mhlw.go.jp/27/index.php?action_kouhyou_detail_004_kani=true&JigyosyoCd=2774006650-00&ServiceCd=780&Type=search", "url2": "http://danderion-sone.com" }, "geometry": { "type": "Point", "coordinates": [ 135.47370520000004, 34.7712976 ] } },
{ "type": "Feature", "properties": { "内容": "機能訓練デイサービス「ハッカク・デイ」【地域密着型通所介護】大阪府豊中市上野坂一丁目１０番２号", "url": "https://www.kaigokensaku.mhlw.go.jp/27/index.php?action_kouhyou_detail_004_kani=true&JigyosyoCd=2774004945-00&ServiceCd=780&Type=search", "url2": null }, "geometry": { "type": "Point", "coordinates": [ 135.4737809, 34.7999957 ] } },
{ "type": "Feature", "properties": { "内容": "パピルス島江【地域密着型通所介護】大阪府豊中市島江町１丁目３番グリーンタウン島江１棟１０４号", "url": "https://www.kaigokensaku.mhlw.go.jp/27/index.php?action_kouhyou_detail_004_kani=true&JigyosyoCd=2774005926-00&ServiceCd=780&Type=search", "url2": null }, "geometry": { "type": "Point", "coordinates": [ 135.467723200000023, 34.7429767 ] } },
{ "type": "Feature", "properties": { "内容": "デイサービスセンター　ルピナス豊中【地域密着型通所介護】大阪府豊中市上野東2-19-10", "url": "https://www.kaigokensaku.mhlw.go.jp/27/index.php?action_kouhyou_detail_004_kani=true&JigyosyoCd=2774005827-00&ServiceCd=780&Type=search", "url2": null }, "geometry": { "type": "Point", "coordinates": [ 135.477960199999984, 34.7936283 ] } },
{ "type": "Feature", "properties": { "内容": "デイサービスきら・きら【地域密着型通所介護】大阪府豊中市豊南町西4-9-17", "url": "https://www.kaigokensaku.mhlw.go.jp/27/index.php?action_kouhyou_detail_004_kani=true&JigyosyoCd=2774005959-00&ServiceCd=780&Type=search", "url2": "http://www.ymc-web.com/" }, "geometry": { "type": "Point", "coordinates": [ 135.481144099999938, 34.7482058 ] } },
{ "type": "Feature", "properties": { "内容": "デイサービス　笑天家【地域密着型通所介護】大阪府豊中市春日町4丁目17番12号", "url": "https://www.kaigokensaku.mhlw.go.jp/27/index.php?action_kouhyou_detail_004_kani=true&JigyosyoCd=2774005793-00&ServiceCd=780&Type=search", "url2": "http://hp.kaipoke.biz/auz/index.html" }, "geometry": { "type": "Point", "coordinates": [ 135.471324099999947, 34.8115234 ] } },
{ "type": "Feature", "properties": { "内容": "デイサービスみち上野【地域密着型通所介護】豊中市上野東三丁目１８番１号エッディタウン２階", "url": "https://www.kaigokensaku.mhlw.go.jp/27/index.php?action_kouhyou_detail_004_kani=true&JigyosyoCd=2774005199-00&ServiceCd=780&Type=search", "url2": "https://dsmichi.com" }, "geometry": { "type": "Point", "coordinates": [ 135.472149535581906, 34.798923309225366 ] } },
{ "type": "Feature", "properties": { "内容": "機能訓練型　アイボリー半日デイサービスセンター【地域密着型通所介護】大阪府豊中市本町１丁目１１番２１号", "url": "https://www.kaigokensaku.mhlw.go.jp/27/index.php?action_kouhyou_detail_004_kani=true&JigyosyoCd=2774006528-00&ServiceCd=780&Type=search", "url2": null }, "geometry": { "type": "Point", "coordinates": [ 135.461950300000012, 34.788515 ] } },
{ "type": "Feature", "properties": { "内容": "キープスマイル庄内【地域密着型通所介護】大阪府豊中市庄内幸町３－１９－５", "url": "https://www.kaigokensaku.mhlw.go.jp/27/index.php?action_kouhyou_detail_004_kani=true&JigyosyoCd=2774006668-00&ServiceCd=780&Type=search", "url2": "http://www.keepsmile.co.jp" }, "geometry": { "type": "Point", "coordinates": [ 135.471642200000019, 34.7473723 ] } },
{ "type": "Feature", "properties": { "内容": "ふじくらリハビリデイサービス【地域密着型通所介護】大阪府豊中市庄内西町3丁目3-3", "url": "https://www.kaigokensaku.mhlw.go.jp/27/index.php?action_kouhyou_detail_004_kani=true&JigyosyoCd=2774006510-00&ServiceCd=780&Type=search", "url2": "http://k2-fujikura.net/Rihabilitation" }, "geometry": { "type": "Point", "coordinates": [ 135.474069699999973, 34.7488139 ] } },
{ "type": "Feature", "properties": { "内容": "上野デイハウスしもつき【地域密着型通所介護】大阪府豊中市上野坂1丁目13番18号", "url": "https://www.kaigokensaku.mhlw.go.jp/27/index.php?action_kouhyou_detail_004_kani=true&JigyosyoCd=2774004721-00&ServiceCd=780&Type=search", "url2": "https://www.kita-osaka.co.jp/fukusi/simotuki" }, "geometry": { "type": "Point", "coordinates": [ 135.472767145368948, 34.800507665282339 ] } },
{ "type": "Feature", "properties": { "内容": "ハミングデイサービス【地域密着型通所介護】大阪府豊中市大島町3-1-17", "url": "https://www.kaigokensaku.mhlw.go.jp/27/index.php?action_kouhyou_detail_004_kani=true&JigyosyoCd=2774006809-00&ServiceCd=780&Type=search", "url2": "http://www.haming4165.com" }, "geometry": { "type": "Point", "coordinates": [ 135.469076099999938, 34.7344264 ] } },
{ "type": "Feature", "properties": { "内容": "アズ通所介護城山町【地域密着型通所介護】大阪府豊中市城山町3-2-26-102", "url": "https://www.kaigokensaku.mhlw.go.jp/27/index.php?action_kouhyou_detail_004_kani=true&JigyosyoCd=2794000717-00&ServiceCd=780&Type=search", "url2": "http://hp.kaipoke.biz/cu8/index.html" }, "geometry": { "type": "Point", "coordinates": [ 135.4782659, 34.7714392 ] } },
{ "type": "Feature", "properties": { "内容": "リハビリセンターayumi豊中庄内店【地域密着型通所介護】大阪府豊中市庄内栄町3-4-15ｱﾝｼﾞｭﾙｰﾌﾞﾙ1階", "url": "https://www.kaigokensaku.mhlw.go.jp/27/index.php?action_kouhyou_detail_004_kani=true&JigyosyoCd=2794000931-00&ServiceCd=780&Type=search", "url2": "https://peraichi.com/landing_pages/view/ayumitoyonaka" }, "geometry": { "type": "Point", "coordinates": [ 135.467172, 34.7483092 ] } },
{ "type": "Feature", "properties": { "内容": "絆ひだまりの会　豊中北条の家【地域密着型通所介護】大阪府豊中市北条町1丁目32番10号緑地マンションＡ号室", "url": "https://www.kaigokensaku.mhlw.go.jp/27/index.php?action_kouhyou_detail_004_kani=true&JigyosyoCd=2774004820-00&ServiceCd=780&Type=search", "url2": null }, "geometry": { "type": "Point", "coordinates": [ 135.481174399999986, 34.7647052 ] } },
{ "type": "Feature", "properties": { "内容": "デイサービスフレンドシップ【地域密着型通所介護】豊中市大島町3丁目1番31号", "url": "https://www.kaigokensaku.mhlw.go.jp/27/index.php?action_kouhyou_detail_004_kani=true&JigyosyoCd=2794000816-00&ServiceCd=780&Type=search", "url2": null }, "geometry": { "type": "Point", "coordinates": [ 135.46974709999995, 34.7346411 ] } },
{ "type": "Feature", "properties": { "内容": "K2リハビリデイサービス【地域密着型通所介護】大阪府豊中市庄内西町３－３－６ポポロビル１F", "url": "https://www.kaigokensaku.mhlw.go.jp/27/index.php?action_kouhyou_detail_004_kani=true&JigyosyoCd=2794001228-00&ServiceCd=780&Type=search", "url2": null }, "geometry": { "type": "Point", "coordinates": [ 135.4740067, 34.7487263 ] } },
{ "type": "Feature", "properties": { "内容": "地域密着型通所介護　稲津庵【地域密着型通所介護】大阪府豊中市稲津町２丁目１２番12号", "url": "https://www.kaigokensaku.mhlw.go.jp/27/index.php?action_kouhyou_detail_004_kani=true&JigyosyoCd=2774007666-00&ServiceCd=780&Type=search", "url2": null }, "geometry": { "type": "Point", "coordinates": [ 135.478816599999988, 34.7573894 ] } },
{ "type": "Feature", "properties": { "内容": "SmileGym【地域密着型通所介護】大阪府豊中市待兼山町1-26バンブーシェーン　１Ｆ", "url": "https://www.kaigokensaku.mhlw.go.jp/27/index.php?action_kouhyou_detail_004_kani=true&JigyosyoCd=2794001038-00&ServiceCd=780&Type=search", "url2": "https://smilecare.info" }, "geometry": { "type": "Point", "coordinates": [ 135.4574902, 34.8056097 ] } },
{ "type": "Feature", "properties": { "内容": "はんしんいきいきデイサービス豊中店【地域密着型通所介護】大阪府豊中市小曽根1-10-20メゾンリビエール1F", "url": "https://www.kaigokensaku.mhlw.go.jp/27/index.php?action_kouhyou_detail_004_kani=true&JigyosyoCd=2794000782-00&ServiceCd=780&Type=search", "url2": "https://hankyuhanshin-dayservice.com/" }, "geometry": { "type": "Point", "coordinates": [ 135.483796200000057, 34.762948600000016 ] } },
{ "type": "Feature", "properties": { "内容": "こちふかばリハビリデイサービス【地域密着型通所介護】大阪府豊中市岡町9-6ＧＳ岡町１階", "url": "https://www.kaigokensaku.mhlw.go.jp/27/index.php?action_kouhyou_detail_004_kani=true&JigyosyoCd=2774006627-00&ServiceCd=780&Type=search", "url2": null }, "geometry": { "type": "Point", "coordinates": [ 135.466119599999956, 34.7804493 ] } },
{ "type": "Feature", "properties": { "内容": "ビーナスプラス庄内【地域密着型通所介護】大阪府豊中市庄内西町2-10-18", "url": "https://www.kaigokensaku.mhlw.go.jp/27/index.php?action_kouhyou_detail_004_kani=true&JigyosyoCd=2774007476-00&ServiceCd=780&Type=search", "url2": "http://www.venus-comrade.co.jp/" }, "geometry": { "type": "Point", "coordinates": [ 135.472122600000034, 34.751983 ] } },
{ "type": "Feature", "properties": { "内容": "ポラリスデイサービスセンター庄内【地域密着型通所介護】大阪府豊中市庄内幸町2-14-6グレースヴィラ", "url": "https://www.kaigokensaku.mhlw.go.jp/27/index.php?action_kouhyou_detail_004_kani=true&JigyosyoCd=2774005371-00&ServiceCd=780&Type=search", "url2": "http://www.polaris.care/" }, "geometry": { "type": "Point", "coordinates": [ 135.470933800000012, 34.7509775 ] } },
{ "type": "Feature", "properties": { "内容": "コスモス刀根山【地域密着型通所介護】大阪府豊中市刀根山３丁目５番１０号", "url": "https://www.kaigokensaku.mhlw.go.jp/27/index.php?action_kouhyou_detail_004_kani=true&JigyosyoCd=2794001210-00&ServiceCd=780&Type=search", "url2": null }, "geometry": { "type": "Point", "coordinates": [ 135.453848599999986, 34.7922511 ] } },
{ "type": "Feature", "properties": { "内容": "樹楽千里園【地域密着型通所介護】大阪府豊中市千里園２－１－８３", "url": "https://www.kaigokensaku.mhlw.go.jp/27/index.php?action_kouhyou_detail_004_kani=true&JigyosyoCd=2794000824-00&ServiceCd=780&Type=search", "url2": "https://www.kiraku-ac.com" }, "geometry": { "type": "Point", "coordinates": [ 135.4602142, 34.7920895 ] } },
{ "type": "Feature", "properties": { "内容": "zenplaceリハビリデイサービス東豊中【地域密着型通所介護】大阪府豊中市東豊中町五丁目３０番４０号グリーンウィラ１Ｆ", "url": "https://www.kaigokensaku.mhlw.go.jp/27/index.php?action_kouhyou_detail_004_kani=true&JigyosyoCd=2794001103-00&ServiceCd=780&Type=search", "url2": null }, "geometry": { "type": "Point", "coordinates": [ 135.487498, 34.792245 ] } },
{ "type": "Feature", "properties": { "内容": "陽葉デイサービス【地域密着型通所介護】大阪府豊中市西泉丘3-4-1-100レジディア緑地公園", "url": "https://www.kaigokensaku.mhlw.go.jp/27/index.php?action_kouhyou_detail_004_kani=true&JigyosyoCd=2794000691-00&ServiceCd=780&Type=search", "url2": null }, "geometry": { "type": "Point", "coordinates": [ 135.491017599999964, 34.782732318173998 ] } },
{ "type": "Feature", "properties": { "内容": "樹楽　桜塚【地域密着型通所介護】大阪府豊中市南桜塚4-1-30", "url": "https://www.kaigokensaku.mhlw.go.jp/27/index.php?action_kouhyou_detail_004_kani=true&JigyosyoCd=2794001244-00&ServiceCd=780&Type=search", "url2": "https://www.kiraku-sakurazukadayservice.com/wakatec" }, "geometry": { "type": "Point", "coordinates": [ 135.4750422, 34.7794936 ] } },
{ "type": "Feature", "properties": { "内容": "料理リハビリデイサービス　キッチンララ【地域密着型通所介護】大阪府豊中市上野西3丁目16-53阪本ビル1階", "url": "https://www.kaigokensaku.mhlw.go.jp/27/index.php?action_kouhyou_detail_004_kani=true&JigyosyoCd=2794001251-00&ServiceCd=780&Type=search", "url2": "https://foo-df.com" }, "geometry": { "type": "Point", "coordinates": [ 135.471674900000011, 34.8001228 ] } },
{ "type": "Feature", "properties": { "内容": "デイサービスまごのて庵【地域密着型通所介護】豊中市永楽荘1-3-15メゾンサギタリュウスⅠ　１階", "url": "https://www.kaigokensaku.mhlw.go.jp/27/index.php?action_kouhyou_detail_004_kani=true&JigyosyoCd=2774004937-00&ServiceCd=780&Type=search", "url2": "http://www.kaya.co.jp/" }, "geometry": { "type": "Point", "coordinates": [ 135.467154163398703, 34.811422462117648 ] } },
{ "type": "Feature", "properties": { "内容": "デイサービス梅の香【地域密着型通所介護】大阪府池田市豊島北2丁目7番19号", "url": "https://www.kaigokensaku.mhlw.go.jp/27/index.php?action_kouhyou_detail_004_kani=true&JigyosyoCd=2792500270-00&ServiceCd=780&Type=search", "url2": null }, "geometry": { "type": "Point", "coordinates": [ 135.435077299999989, 34.8059965 ] } },
{ "type": "Feature", "properties": { "内容": "リハビリテーションデイサービスSUN【地域密着型通所介護】大阪府池田市豊島北２丁目１番２２号", "url": "https://www.kaigokensaku.mhlw.go.jp/27/index.php?action_kouhyou_detail_004_kani=true&JigyosyoCd=2792500288-00&ServiceCd=780&Type=search", "url2": null }, "geometry": { "type": "Point", "coordinates": [ 135.4353375, 34.8074563 ] } },
{ "type": "Feature", "properties": { "内容": "リハビリデイサービス　スキップ【地域密着型通所介護】大阪府池田市渋谷２－１－２1", "url": "https://www.kaigokensaku.mhlw.go.jp/27/index.php?action_kouhyou_detail_004_kani=true&JigyosyoCd=2792500296-00&ServiceCd=780&Type=search", "url2": null }, "geometry": { "type": "Point", "coordinates": [ 135.440339716532918, 34.822896847329886 ] } },
{ "type": "Feature", "properties": { "内容": "デイサービスエベッサ神田【地域密着型通所介護】大阪府池田市神田2-4-7", "url": "https://www.kaigokensaku.mhlw.go.jp/27/index.php?action_kouhyou_detail_004_kani=true&JigyosyoCd=2792500312-00&ServiceCd=780&Type=search", "url2": "https://ebessa-cs.jp" }, "geometry": { "type": "Point", "coordinates": [ 135.424810799999989, 34.8103698 ] } },
{ "type": "Feature", "properties": { "内容": "地域密着型デイサービスそよかぜ【地域密着型通所介護】大阪府池田市石橋1-12-6サンイースト石橋1階", "url": "https://www.kaigokensaku.mhlw.go.jp/27/index.php?action_kouhyou_detail_004_kani=true&JigyosyoCd=2792500247-00&ServiceCd=780&Type=search", "url2": "http://i-soyokaze.jp/index.html" }, "geometry": { "type": "Point", "coordinates": [ 135.445233215458643, 34.807041775181077 ] } },
{ "type": "Feature", "properties": { "内容": "デイサービス利楽心【地域密着型通所介護】大阪府池田市室町４番４４号", "url": "https://www.kaigokensaku.mhlw.go.jp/27/index.php?action_kouhyou_detail_004_kani=true&JigyosyoCd=2792500338-00&ServiceCd=780&Type=search", "url2": "http://www.rirakushin.co.jp/474112608" }, "geometry": { "type": "Point", "coordinates": [ 135.423300900000015, 34.822069900000017 ] } },
{ "type": "Feature", "properties": { "内容": "ハッピークラブデイサービス【地域密着型通所介護】池田市伏尾台2丁目11番地旧伏尾台小学校南校舎1階", "url": "https://www.kaigokensaku.mhlw.go.jp/27/index.php?action_kouhyou_detail_004_kani=true&JigyosyoCd=2772500704-00&ServiceCd=780&Type=search", "url2": "http://happyclub-npo.net" }, "geometry": { "type": "Point", "coordinates": [ 135.4389262871982, 34.864542716030684 ] } },
{ "type": "Feature", "properties": { "内容": "デイサービス季節めぐり【地域密着型通所介護】大阪府池田市井口堂三丁目１０番７号", "url": "https://www.kaigokensaku.mhlw.go.jp/27/index.php?action_kouhyou_detail_004_kani=true&JigyosyoCd=2772501934-00&ServiceCd=780&Type=search", "url2": "https://ailife-service.com/kisetu" }, "geometry": { "type": "Point", "coordinates": [ 135.445573200000013, 34.8119286 ] } },
{ "type": "Feature", "properties": { "内容": "巽病院通所介護事業所「天神の家」【地域密着型通所介護】池田市天神2丁目3番7号", "url": "https://www.kaigokensaku.mhlw.go.jp/27/index.php?action_kouhyou_detail_004_kani=true&JigyosyoCd=2772500969-00&ServiceCd=780&Type=search", "url2": "http://www.mcsyl.com/" }, "geometry": { "type": "Point", "coordinates": [ 135.4395294, 34.806795700000031 ] } },
{ "type": "Feature", "properties": { "内容": "いく歩デイサービス石橋【地域密着型通所介護】大阪府池田市天神２－１－３", "url": "https://www.kaigokensaku.mhlw.go.jp/27/index.php?action_kouhyou_detail_004_kani=true&JigyosyoCd=2772502080-00&ServiceCd=780&Type=search", "url2": "http://care-suppo-h.co.jp/" }, "geometry": { "type": "Point", "coordinates": [ 135.438854499999934, 34.8079372 ] } },
{ "type": "Feature", "properties": { "内容": "デイサービスみち鉢塚【地域密着型通所介護】池田市鉢塚三丁目１５番２号メゾンさつき1階", "url": "https://www.kaigokensaku.mhlw.go.jp/27/index.php?action_kouhyou_detail_004_kani=true&JigyosyoCd=2772501462-00&ServiceCd=780&Type=search", "url2": "https://dsmichi.com" }, "geometry": { "type": "Point", "coordinates": [ 135.4389569, 34.8140806 ] } },
{ "type": "Feature", "properties": { "内容": "石橋商店街デイサービスセンター【地域密着型通所介護】大阪府池田市石橋１丁目３番２号", "url": "https://www.kaigokensaku.mhlw.go.jp/27/index.php?action_kouhyou_detail_004_kani=true&JigyosyoCd=2772501876-00&ServiceCd=780&Type=search", "url2": "https://www.rakuwaza-kaigo.com/" }, "geometry": { "type": "Point", "coordinates": [ 135.445021480068164, 34.808360822445792 ] } },
{ "type": "Feature", "properties": { "内容": "ほほえみの園　デイサービス【地域密着型通所介護】大阪府池田市建石町8番10号", "url": "https://www.kaigokensaku.mhlw.go.jp/27/index.php?action_kouhyou_detail_004_kani=true&JigyosyoCd=2772500225-00&ServiceCd=780&Type=search", "url2": "http://www.hohoemi-no-sono.or.jp" }, "geometry": { "type": "Point", "coordinates": [ 135.4297381, 34.8264769 ] } },
{ "type": "Feature", "properties": { "内容": "デイサービス　オレンジ池田【地域密着型通所介護】大阪府池田市井口堂２丁目４番６号", "url": "https://www.kaigokensaku.mhlw.go.jp/27/index.php?action_kouhyou_detail_004_kani=true&JigyosyoCd=2772502031-00&ServiceCd=780&Type=search", "url2": "https://orangegroup-swc.com/facility/orange_ikeda.html" }, "geometry": { "type": "Point", "coordinates": [ 135.444778700000029, 34.8165836 ] } },
{ "type": "Feature", "properties": { "内容": "リハビリデイゆい　いしばし【地域密着型通所介護】大阪府池田市井口堂１丁目１０番１９号", "url": "https://www.kaigokensaku.mhlw.go.jp/27/index.php?action_kouhyou_detail_004_kani=true&JigyosyoCd=2772501553-00&ServiceCd=780&Type=search", "url2": "https://yuinoreha.com/" }, "geometry": { "type": "Point", "coordinates": [ 135.443865238098169, 34.809921968534617 ] } },
{ "type": "Feature", "properties": { "内容": "リハビリデイゆい　くれは【地域密着型通所介護】大阪府池田市呉服町6番6号", "url": "https://www.kaigokensaku.mhlw.go.jp/27/index.php?action_kouhyou_detail_004_kani=true&JigyosyoCd=2772501801-00&ServiceCd=780&Type=search", "url2": "https://yuinoreha.com/" }, "geometry": { "type": "Point", "coordinates": [ 135.425215838817593, 34.819191439168449 ] } },
{ "type": "Feature", "properties": { "内容": "つくしデイサービス豊島南【地域密着型通所介護】大阪府池田市豊島南1-13-2", "url": "https://www.kaigokensaku.mhlw.go.jp/27/index.php?action_kouhyou_detail_004_kani=true&JigyosyoCd=2772501611-00&ServiceCd=780&Type=search", "url2": "http://nakatakaigo.com/" }, "geometry": { "type": "Point", "coordinates": [ 135.43543550000004, 34.7989048 ] } },
{ "type": "Feature", "properties": { "内容": "リハビリ・デイサービスＳＡＴＯみなみ【地域密着型通所介護】大阪府池田市荘園2-5-14", "url": "https://www.kaigokensaku.mhlw.go.jp/27/index.php?action_kouhyou_detail_004_kani=true&JigyosyoCd=2772501579-00&ServiceCd=780&Type=search", "url2": "https://ikeda-sinkyu-sato.net/day/index.html" }, "geometry": { "type": "Point", "coordinates": [ 135.440318400000024, 34.80266 ] } },
{ "type": "Feature", "properties": { "内容": "あすなるデイサービス江坂【地域密着型通所介護】大阪府吹田市江坂町1-2-16江坂ダイヤモンドビル", "url": "https://www.kaigokensaku.mhlw.go.jp/27/index.php?action_kouhyou_detail_004_kani=true&JigyosyoCd=2791600733-00&ServiceCd=780&Type=search", "url2": "http://www.asunaru.com/" }, "geometry": { "type": "Point", "coordinates": [ 135.4996195, 34.7640555 ] } },
{ "type": "Feature", "properties": { "内容": "デイサービスセンターめいの家【地域密着型通所介護】大阪府吹田市五月が丘北6-12", "url": "https://www.kaigokensaku.mhlw.go.jp/27/index.php?action_kouhyou_detail_004_kani=true&JigyosyoCd=2791600428-00&ServiceCd=780&Type=search", "url2": "https://b-place.co.jp" }, "geometry": { "type": "Point", "coordinates": [ 135.524850600000036, 34.7892548 ] } },
{ "type": "Feature", "properties": { "内容": "ポシブル岸辺健都リハビリセンター【地域密着型通所介護】大阪府吹田市岸部新町5-45VIERRA岸辺健都5階", "url": "https://www.kaigokensaku.mhlw.go.jp/27/index.php?action_kouhyou_detail_004_kani=true&JigyosyoCd=2791600493-00&ServiceCd=780&Type=search", "url2": "http://www.possible-plus.co.jp" }, "geometry": { "type": "Point", "coordinates": [ 135.538524200000012, 34.7768031 ] } },
{ "type": "Feature", "properties": { "内容": "通所介護さつき【地域密着型通所介護】大阪府吹田市寿町2丁目7番20号イル・ソレイユ南吹田　1階", "url": "https://www.kaigokensaku.mhlw.go.jp/27/index.php?action_kouhyou_detail_004_kani=true&JigyosyoCd=2791600683-00&ServiceCd=780&Type=search", "url2": "https://satuki-hp.com/" }, "geometry": { "type": "Point", "coordinates": [ 135.5216063, 34.7543266 ] } },
{ "type": "Feature", "properties": { "内容": "あかつきデイサービス【地域密着型通所介護】大阪府吹田市千里山東1丁目16-16", "url": "https://www.kaigokensaku.mhlw.go.jp/27/index.php?action_kouhyou_detail_004_kani=true&JigyosyoCd=2791600642-00&ServiceCd=780&Type=search", "url2": "https://www.akatuki-care.com/" }, "geometry": { "type": "Point", "coordinates": [ 135.506207004893497, 34.773930715074457 ] } },
{ "type": "Feature", "properties": { "内容": "デイサービスセンター・カルテ【地域密着型通所介護】大阪府吹田市佐井寺3-21-12107", "url": "https://www.kaigokensaku.mhlw.go.jp/27/index.php?action_kouhyou_detail_004_kani=true&JigyosyoCd=2791600345-00&ServiceCd=780&Type=search", "url2": "http://karte-station.co.jp/" }, "geometry": { "type": "Point", "coordinates": [ 135.514568199999985, 34.7859827 ] } },
{ "type": "Feature", "properties": { "内容": "デイサービス旅たび【地域密着型通所介護】大阪府吹田市高野台１－４－２", "url": "https://www.kaigokensaku.mhlw.go.jp/27/index.php?action_kouhyou_detail_004_kani=true&JigyosyoCd=2791600667-00&ServiceCd=780&Type=search", "url2": "http://www.tabitabi2022.com" }, "geometry": { "type": "Point", "coordinates": [ 135.5158415, 34.7949923 ] } },
{ "type": "Feature", "properties": { "内容": "あすなるリハビリデイサービス【地域密着型通所介護】大阪府吹田市江坂町1-2-16江坂ダイヤモンドビル", "url": "https://www.kaigokensaku.mhlw.go.jp/27/index.php?action_kouhyou_detail_004_kani=true&JigyosyoCd=2791600741-00&ServiceCd=780&Type=search", "url2": "http://www.asunaru.com/" }, "geometry": { "type": "Point", "coordinates": [ 135.4996195, 34.7640555 ] } },
{ "type": "Feature", "properties": { "内容": "デイサービス　ゆず【地域密着型通所介護】大阪府吹田市岸部南2丁目34-14-101ぽぷら", "url": "https://www.kaigokensaku.mhlw.go.jp/27/index.php?action_kouhyou_detail_004_kani=true&JigyosyoCd=2771604499-00&ServiceCd=780&Type=search", "url2": "http://www.d.zaq.jp/dmys/index.html" }, "geometry": { "type": "Point", "coordinates": [ 135.541054700000018, 34.7722318 ] } },
{ "type": "Feature", "properties": { "内容": "デイサービス　リゾール【地域密着型通所介護】大阪府吹田市江坂町２－３－１　１Ｆ江坂グランドビル", "url": "https://www.kaigokensaku.mhlw.go.jp/27/index.php?action_kouhyou_detail_004_kani=true&JigyosyoCd=2771605157-00&ServiceCd=780&Type=search", "url2": "http://www.shinmeikai.jp/" }, "geometry": { "type": "Point", "coordinates": [ 135.496089500000039, 34.7634043 ] } },
{ "type": "Feature", "properties": { "内容": "医療法人　高寿会　桃山台デイサービスセンター【地域密着型通所介護】大阪府吹田市桃山台2丁目5番13号", "url": "https://www.kaigokensaku.mhlw.go.jp/27/index.php?action_kouhyou_detail_004_kani=true&JigyosyoCd=2771601180-00&ServiceCd=780&Type=search", "url2": null }, "geometry": { "type": "Point", "coordinates": [ 135.501938800000062, 34.7929093 ] } },
{ "type": "Feature", "properties": { "内容": "医療法人高寿会　桃山台第3デイサービスセンター【地域密着型通所介護】大阪府吹田市桃山台2丁目5番10号", "url": "https://www.kaigokensaku.mhlw.go.jp/27/index.php?action_kouhyou_detail_004_kani=true&JigyosyoCd=2771602303-00&ServiceCd=780&Type=search", "url2": "http://homepage2.nifty.com/kouzu/" }, "geometry": { "type": "Point", "coordinates": [ 135.501797200000055, 34.7929982 ] } },
{ "type": "Feature", "properties": { "内容": "医療法人高寿会　悟空デイサービスセンター　青山台【地域密着型通所介護】大阪府吹田市青山台２丁目１番１０号", "url": "https://www.kaigokensaku.mhlw.go.jp/27/index.php?action_kouhyou_detail_004_kani=true&JigyosyoCd=2771603152-00&ServiceCd=780&Type=search", "url2": null }, "geometry": { "type": "Point", "coordinates": [ 135.504701899999986, 34.8214757 ] } },
{ "type": "Feature", "properties": { "内容": "樹楽万博南【地域密着型通所介護】大阪府吹田市山田東4-39-4サンライズ千里１階", "url": "https://www.kaigokensaku.mhlw.go.jp/27/index.php?action_kouhyou_detail_004_kani=true&JigyosyoCd=2771605272-00&ServiceCd=780&Type=search", "url2": "http://www.kiraku-ac.com/daycare/index.php" }, "geometry": { "type": "Point", "coordinates": [ 135.524883899999963, 34.8044474 ] } },
{ "type": "Feature", "properties": { "内容": "アクティブデイサービス吹田【地域密着型通所介護】吹田市昭和町3-2-106アーバンササジマ106", "url": "https://www.kaigokensaku.mhlw.go.jp/27/index.php?action_kouhyou_detail_004_kani=true&JigyosyoCd=2771605512-00&ServiceCd=780&Type=search", "url2": "https://info8276777.wixsite.com/website" }, "geometry": { "type": "Point", "coordinates": [ 135.525770200000011, 34.7642772 ] } },
{ "type": "Feature", "properties": { "内容": "デイサービス笑来美【地域密着型通所介護】大阪府吹田市片山町３丁目３３－１６", "url": "https://www.kaigokensaku.mhlw.go.jp/27/index.php?action_kouhyou_detail_004_kani=true&JigyosyoCd=2771604655-00&ServiceCd=780&Type=search", "url2": "http://suita-warabi.com/" }, "geometry": { "type": "Point", "coordinates": [ 135.524211419643393, 34.766947435457034 ] } },
{ "type": "Feature", "properties": { "内容": "喜樹【地域密着型通所介護】大阪府吹田市千里山東二丁目21番23号", "url": "https://www.kaigokensaku.mhlw.go.jp/27/index.php?action_kouhyou_detail_004_kani=true&JigyosyoCd=2771605207-00&ServiceCd=780&Type=search", "url2": null }, "geometry": { "type": "Point", "coordinates": [ 135.506081200000011, 34.7770936 ] } },
{ "type": "Feature", "properties": { "内容": "ファミリースタッフ山田【地域密着型通所介護】吹田市山田西３－５１－６サンシャトー山本B-1", "url": "https://www.kaigokensaku.mhlw.go.jp/27/index.php?action_kouhyou_detail_004_kani=true&JigyosyoCd=2771604283-00&ServiceCd=780&Type=search", "url2": null }, "geometry": { "type": "Point", "coordinates": [ 135.520576, 34.7990424 ] } },
{ "type": "Feature", "properties": { "内容": "リハビリ本舗ぴあスタジオ【地域密着型通所介護】大阪府吹田市片山町4丁目1番2号", "url": "https://www.kaigokensaku.mhlw.go.jp/27/index.php?action_kouhyou_detail_004_kani=true&JigyosyoCd=2771605637-00&ServiceCd=780&Type=search", "url2": "https://reha-honpo.jp/pear" }, "geometry": { "type": "Point", "coordinates": [ 135.524557832540864, 34.76735627475967 ] } },
{ "type": "Feature", "properties": { "内容": "ポラリスデイサービスセンター千里山【地域密着型通所介護】大阪府吹田市千里山東４－２０－３アンフィニ千里山１０１号", "url": "https://www.kaigokensaku.mhlw.go.jp/27/index.php?action_kouhyou_detail_004_kani=true&JigyosyoCd=2771604648-00&ServiceCd=780&Type=search", "url2": "http://www.aurorakai.com/" }, "geometry": { "type": "Point", "coordinates": [ 135.513355100000012, 34.780181 ] } },
{ "type": "Feature", "properties": { "内容": "のせリハビリデイサービス【地域密着型通所介護】吹田市昭和町17ー9グリーンネス樋口　１０１号", "url": "https://www.kaigokensaku.mhlw.go.jp/27/index.php?action_kouhyou_detail_004_kani=true&JigyosyoCd=2771604390-00&ServiceCd=780&Type=search", "url2": null }, "geometry": { "type": "Point", "coordinates": [ 135.528363050926146, 34.764086031252383 ] } },
{ "type": "Feature", "properties": { "内容": "吹田竜ヶ池デイサービスセンター【地域密着型通所介護】吹田市原町3丁目21番25号", "url": "https://www.kaigokensaku.mhlw.go.jp/27/index.php?action_kouhyou_detail_004_kani=true&JigyosyoCd=2771603343-00&ServiceCd=780&Type=search", "url2": "http://www.swc-seikouen.jp/tatsugaike/index.html" }, "geometry": { "type": "Point", "coordinates": [ 135.526236599999947, 34.7787005 ] } },
{ "type": "Feature", "properties": { "内容": "中央介護センターサン　竹見台デイサービスセンター【地域密着型通所介護】大阪府吹田市竹見台２－１　Ｃ３－101", "url": "https://www.kaigokensaku.mhlw.go.jp/27/index.php?action_kouhyou_detail_004_kani=true&JigyosyoCd=2771602345-00&ServiceCd=780&Type=search", "url2": "http://www.chuokaigocenter-sun.jp/" }, "geometry": { "type": "Point", "coordinates": [ 135.5042803, 34.7983448 ] } },
{ "type": "Feature", "properties": { "内容": "デイハウス　りぼん【地域密着型通所介護】大阪府吹田市山田東4-9-16", "url": "https://www.kaigokensaku.mhlw.go.jp/27/index.php?action_kouhyou_detail_004_kani=true&JigyosyoCd=2771606007-00&ServiceCd=780&Type=search", "url2": "http://www.rribon.com/" }, "geometry": { "type": "Point", "coordinates": [ 135.522666990737889, 34.802375066957566 ] } },
{ "type": "Feature", "properties": { "内容": "デイサロンたなごころ【地域密着型通所介護】大阪府吹田市青山台2-8-8", "url": "https://www.kaigokensaku.mhlw.go.jp/27/index.php?action_kouhyou_detail_004_kani=true&JigyosyoCd=2771604119-00&ServiceCd=780&Type=search", "url2": "https://tanagocolo.org" }, "geometry": { "type": "Point", "coordinates": [ 135.502166100000068, 34.8194592 ] } },
{ "type": "Feature", "properties": { "内容": "デイサービス花の豊津【地域密着型通所介護】大阪府吹田市出口町30番16号入江マンションＤ棟１階", "url": "https://www.kaigokensaku.mhlw.go.jp/27/index.php?action_kouhyou_detail_004_kani=true&JigyosyoCd=2771604671-00&ServiceCd=780&Type=search", "url2": null }, "geometry": { "type": "Point", "coordinates": [ 135.512254699999971, 34.7651963 ] } },
{ "type": "Feature", "properties": { "内容": "千里丘リハビリデイサービス【地域密着型通所介護】大阪府吹田市長野東３番２０号１０１", "url": "https://www.kaigokensaku.mhlw.go.jp/27/index.php?action_kouhyou_detail_004_kani=true&JigyosyoCd=2771603616-00&ServiceCd=780&Type=search", "url2": null }, "geometry": { "type": "Point", "coordinates": [ 135.544293299999907, 34.7910073 ] } },
{ "type": "Feature", "properties": { "内容": "デイサービス花の豊津プレミア【地域密着型通所介護】大阪府吹田市出口町30番16号入江マンションＤ棟103", "url": "https://www.kaigokensaku.mhlw.go.jp/27/index.php?action_kouhyou_detail_004_kani=true&JigyosyoCd=2771606049-00&ServiceCd=780&Type=search", "url2": null }, "geometry": { "type": "Point", "coordinates": [ 135.51241295033185, 34.76527121635683 ] } },
{ "type": "Feature", "properties": { "内容": "デイサービス明明【地域密着型通所介護】大阪府吹田市泉町1-11-8ホールサイドコート１F", "url": "https://www.kaigokensaku.mhlw.go.jp/27/index.php?action_kouhyou_detail_004_kani=true&JigyosyoCd=2771606031-00&ServiceCd=780&Type=search", "url2": "http://harukameimei.com/" }, "geometry": { "type": "Point", "coordinates": [ 135.5159334, 34.7587315 ] } },
{ "type": "Feature", "properties": { "内容": "アイジツリハビリデイサービス【地域密着型通所介護】大阪府吹田市五月が丘南28-27　1Ｆ-Ａ号五月ケ丘ハイツ", "url": "https://www.kaigokensaku.mhlw.go.jp/27/index.php?action_kouhyou_detail_004_kani=true&JigyosyoCd=2771605744-00&ServiceCd=780&Type=search", "url2": null }, "geometry": { "type": "Point", "coordinates": [ 135.524272900000028, 34.7826806 ] } },
{ "type": "Feature", "properties": { "内容": "リハビリセンターayumi江坂店【地域密着型通所介護】大阪府吹田市南金田2-14-30", "url": "https://www.kaigokensaku.mhlw.go.jp/27/index.php?action_kouhyou_detail_004_kani=true&JigyosyoCd=2791600576-00&ServiceCd=780&Type=search", "url2": "http://hp.kaipoke.biz/1um/122057/base_0004.html" }, "geometry": { "type": "Point", "coordinates": [ 135.5051229, 34.7566255 ] } },
{ "type": "Feature", "properties": { "内容": "ビーナスプラス上山手【地域密着型通所介護】大阪府吹田市上山手町15-22", "url": "https://www.kaigokensaku.mhlw.go.jp/27/index.php?action_kouhyou_detail_004_kani=true&JigyosyoCd=2771606023-00&ServiceCd=780&Type=search", "url2": "https://www.venus-comrade.co.jp/office/plus_kamiyamate/" }, "geometry": { "type": "Point", "coordinates": [ 135.5176831, 34.775802400000011 ] } },
{ "type": "Feature", "properties": { "内容": "リハプライド　千里山【地域密着型通所介護】大阪府吹田市千里山東2‐21‐33", "url": "https://www.kaigokensaku.mhlw.go.jp/27/index.php?action_kouhyou_detail_004_kani=true&JigyosyoCd=2791600519-00&ServiceCd=780&Type=search", "url2": "http://jks.rehacon.com" }, "geometry": { "type": "Point", "coordinates": [ 135.506025899999941, 34.7763913 ] } },
{ "type": "Feature", "properties": { "内容": "アクシスデイサービス南吹田【地域密着型通所介護】大阪府吹田市南吹田2-3-16", "url": "https://www.kaigokensaku.mhlw.go.jp/27/index.php?action_kouhyou_detail_004_kani=true&JigyosyoCd=2791600394-00&ServiceCd=780&Type=search", "url2": null }, "geometry": { "type": "Point", "coordinates": [ 135.510497, 34.7489232 ] } },
{ "type": "Feature", "properties": { "内容": "はんしんいきいきデイサービス吹田店【地域密着型通所介護】大阪府吹田市高野台4-3-1エスリード高野台1階", "url": "https://www.kaigokensaku.mhlw.go.jp/27/index.php?action_kouhyou_detail_004_kani=true&JigyosyoCd=2791600402-00&ServiceCd=780&Type=search", "url2": "https://hankyuhanshin-dayservice.com/" }, "geometry": { "type": "Point", "coordinates": [ 135.521937349737556, 34.792831394629509 ] } },
{ "type": "Feature", "properties": { "内容": "ふくらはぎ健康法　タオ吹田【地域密着型通所介護】大阪府吹田市昭和町13-16", "url": "https://www.kaigokensaku.mhlw.go.jp/27/index.php?action_kouhyou_detail_004_kani=true&JigyosyoCd=2791600824-00&ServiceCd=780&Type=search", "url2": "https://fukurahagi-tao.com" }, "geometry": { "type": "Point", "coordinates": [ 135.5282683, 34.762376900000014 ] } },
{ "type": "Feature", "properties": { "内容": "スフリデイサービスセンター【地域密着型通所介護】大阪府吹田市山田西3-77-10グリーンフィールド千里102号", "url": "https://www.kaigokensaku.mhlw.go.jp/27/index.php?action_kouhyou_detail_004_kani=true&JigyosyoCd=2791600550-00&ServiceCd=780&Type=search", "url2": null }, "geometry": { "type": "Point", "coordinates": [ 135.523350720255053, 34.800979582727976 ] } },
{ "type": "Feature", "properties": { "内容": "デイサービス福【地域密着型通所介護】大阪府吹田市南金田1-14-5", "url": "https://www.kaigokensaku.mhlw.go.jp/27/index.php?action_kouhyou_detail_004_kani=true&JigyosyoCd=2771604796-00&ServiceCd=780&Type=search", "url2": null }, "geometry": { "type": "Point", "coordinates": [ 135.507539318663049, 34.753100527568776 ] } },
{ "type": "Feature", "properties": { "内容": "寿楽荘竹谷生活リハビリハウス【地域密着型通所介護】大阪府吹田市竹谷町22-33　１階", "url": "https://www.kaigokensaku.mhlw.go.jp/27/index.php?action_kouhyou_detail_004_kani=true&JigyosyoCd=2771603590-00&ServiceCd=780&Type=search", "url2": "http://juraku-osaka.jp" }, "geometry": { "type": "Point", "coordinates": [ 135.521973099999968, 34.7805058 ] } },
{ "type": "Feature", "properties": { "内容": "レコードブック吹田山田【地域密着型通所介護】大阪府吹田市山田西４－８－１", "url": "https://www.kaigokensaku.mhlw.go.jp/27/index.php?action_kouhyou_detail_004_kani=true&JigyosyoCd=2791600477-00&ServiceCd=780&Type=search", "url2": null }, "geometry": { "type": "Point", "coordinates": [ 135.518695242047443, 34.80408528404439 ] } },
{ "type": "Feature", "properties": { "内容": "たなごころ＆e【地域密着型通所介護】大阪府吹田市五月が丘北14₋1", "url": "https://www.kaigokensaku.mhlw.go.jp/27/index.php?action_kouhyou_detail_004_kani=true&JigyosyoCd=2791600865-00&ServiceCd=780&Type=search", "url2": "https://tanagocolo.org" }, "geometry": { "type": "Point", "coordinates": [ 135.526362615344226, 34.787234252668917 ] } },
{ "type": "Feature", "properties": { "内容": "デイセンターコロンブス【地域密着型通所介護】大阪府吹田市岸部北５丁目４３番１０号", "url": "https://www.kaigokensaku.mhlw.go.jp/27/index.php?action_kouhyou_detail_004_kani=true&JigyosyoCd=2771602923-00&ServiceCd=780&Type=search", "url2": "https://www.kenshokai.group/" }, "geometry": { "type": "Point", "coordinates": [ 135.5315005, 34.786450699999989 ] } },
{ "type": "Feature", "properties": { "内容": "デイサービス　あずさ【地域密着型通所介護】大阪府泉大津市戎町６－１４", "url": "https://www.kaigokensaku.mhlw.go.jp/27/index.php?action_kouhyou_detail_004_kani=true&JigyosyoCd=2790600080-00&ServiceCd=780&Type=search", "url2": "http://www.kawai-hp.or.jp/sisetu/shokibo.html" }, "geometry": { "type": "Point", "coordinates": [ 135.400611199999958, 34.4991969 ] } },
{ "type": "Feature", "properties": { "内容": "デイサービスヒマリ【地域密着型通所介護】大阪府泉大津市松之浜町2丁目20-20", "url": "https://www.kaigokensaku.mhlw.go.jp/27/index.php?action_kouhyou_detail_004_kani=true&JigyosyoCd=2790600130-00&ServiceCd=780&Type=search", "url2": "https://www.himari1211.com/" }, "geometry": { "type": "Point", "coordinates": [ 135.4120642, 34.511807 ] } },
{ "type": "Feature", "properties": { "内容": "デイサービス　優【地域密着型通所介護】大阪府泉大津市池浦町1丁目6-33メゾンドール河野102号", "url": "https://www.kaigokensaku.mhlw.go.jp/27/index.php?action_kouhyou_detail_004_kani=true&JigyosyoCd=2790600106-00&ServiceCd=780&Type=search", "url2": "http://hp.kaipoke.biz/yg8/" }, "geometry": { "type": "Point", "coordinates": [ 135.412266300000027, 34.4989818 ] } },
{ "type": "Feature", "properties": { "内容": "だんらんの家　泉大津【地域密着型通所介護】大阪府泉大津市我孫子1丁目10-15", "url": "https://www.kaigokensaku.mhlw.go.jp/27/index.php?action_kouhyou_detail_004_kani=true&JigyosyoCd=2790600148-00&ServiceCd=780&Type=search", "url2": null }, "geometry": { "type": "Point", "coordinates": [ 135.4162325, 34.4938279 ] } },
{ "type": "Feature", "properties": { "内容": "リハビリでいさーびす元気や【地域密着型通所介護】泉大津市東雲町８－８", "url": "https://www.kaigokensaku.mhlw.go.jp/27/index.php?action_kouhyou_detail_004_kani=true&JigyosyoCd=2770600969-00&ServiceCd=780&Type=search", "url2": "http://www.mizunogroup.com/genkiya/" }, "geometry": { "type": "Point", "coordinates": [ 135.412525100000039, 34.5041295 ] } },
{ "type": "Feature", "properties": { "内容": "デイサービス風花【地域密着型通所介護】大阪府泉大津市東助松町2丁目10番9号", "url": "https://www.kaigokensaku.mhlw.go.jp/27/index.php?action_kouhyou_detail_004_kani=true&JigyosyoCd=2770601058-00&ServiceCd=780&Type=search", "url2": null }, "geometry": { "type": "Point", "coordinates": [ 135.425529200000028, 34.5133065 ] } },
{ "type": "Feature", "properties": { "内容": "デイサービスセンター美空【地域密着型通所介護】大阪府泉大津市森町二丁目15番2号", "url": "https://www.kaigokensaku.mhlw.go.jp/27/index.php?action_kouhyou_detail_004_kani=true&JigyosyoCd=2770601355-00&ServiceCd=780&Type=search", "url2": null }, "geometry": { "type": "Point", "coordinates": [ 135.426540299999942, 34.508843 ] } },
{ "type": "Feature", "properties": { "内容": "デイサービスジャンボ【地域密着型通所介護】大阪府泉大津市板原町2-9-10", "url": "https://www.kaigokensaku.mhlw.go.jp/27/index.php?action_kouhyou_detail_004_kani=true&JigyosyoCd=2790600064-00&ServiceCd=780&Type=search", "url2": "https://m.facebook.com/pages/category/Medical---Health/%E3%83%87%E3%82%A4%E3%82%B5%E3%83%BC%E3%83%93%E3%82%B9%E3%82%B8%E3%83%A3%E3%83%B3%E3%83%9C-148606185737102/?locale2=ja_JP" }, "geometry": { "type": "Point", "coordinates": [ 135.415895888494276, 34.488019391998726 ] } },
{ "type": "Feature", "properties": { "内容": "サニーデイサービス【地域密着型通所介護】大阪府泉大津市二田町1丁目9-13サニーホーム", "url": "https://www.kaigokensaku.mhlw.go.jp/27/index.php?action_kouhyou_detail_004_kani=true&JigyosyoCd=2790600171-00&ServiceCd=780&Type=search", "url2": "https://www.sunnydaysmile2016.com/profile.html" }, "geometry": { "type": "Point", "coordinates": [ 135.417532599999987, 34.5075779 ] } },
{ "type": "Feature", "properties": { "内容": "リハビリステーションムジュール寺谷【地域密着型通所介護】大阪府高槻市寺谷町29-5", "url": "https://www.kaigokensaku.mhlw.go.jp/27/index.php?action_kouhyou_detail_004_kani=true&JigyosyoCd=2790900985-00&ServiceCd=780&Type=search", "url2": null }, "geometry": { "type": "Point", "coordinates": [ 135.6084567, 34.8733054 ] } },
{ "type": "Feature", "properties": { "内容": "リハビリデイサービスセンター大蔵司円珠の森【地域密着型通所介護】大阪府高槻市大蔵司三丁目20番10号", "url": "https://www.kaigokensaku.mhlw.go.jp/27/index.php?action_kouhyou_detail_004_kani=true&JigyosyoCd=2790900548-00&ServiceCd=780&Type=search", "url2": "http://jinjyu-kai.jp/care/facilities/rdc_daizouji.html" }, "geometry": { "type": "Point", "coordinates": [ 135.5989174, 34.8617147 ] } },
{ "type": "Feature", "properties": { "内容": "デイサービスたつき【地域密着型通所介護】大阪府高槻市春日町1‐16", "url": "https://www.kaigokensaku.mhlw.go.jp/27/index.php?action_kouhyou_detail_004_kani=true&JigyosyoCd=2790900563-00&ServiceCd=780&Type=search", "url2": null }, "geometry": { "type": "Point", "coordinates": [ 135.629342179167907, 34.841200645553094 ] } },
{ "type": "Feature", "properties": { "内容": "でいさぁびす　りん【地域密着型通所介護】大阪府高槻市寿町3丁目38－18", "url": "https://www.kaigokensaku.mhlw.go.jp/27/index.php?action_kouhyou_detail_004_kani=true&JigyosyoCd=2790900787-00&ServiceCd=780&Type=search", "url2": null }, "geometry": { "type": "Point", "coordinates": [ 135.602980299999984, 34.82866640000001 ] } },
{ "type": "Feature", "properties": { "内容": "デイサービスtakky芥川【地域密着型通所介護】大阪府高槻市芥川町一丁目10番２４サージュビル１階", "url": "https://www.kaigokensaku.mhlw.go.jp/27/index.php?action_kouhyou_detail_004_kani=true&JigyosyoCd=2790900779-00&ServiceCd=780&Type=search", "url2": "https://www.takky2022.com" }, "geometry": { "type": "Point", "coordinates": [ 135.616424, 34.853182 ] } },
{ "type": "Feature", "properties": { "内容": "リハビリデイ　サンスポーツ高槻富田【地域密着型通所介護】大阪府高槻市栄町1-12-1　栄町ハイツ103栄町ハイツ103", "url": "https://www.kaigokensaku.mhlw.go.jp/27/index.php?action_kouhyou_detail_004_kani=true&JigyosyoCd=2790900845-00&ServiceCd=780&Type=search", "url2": "https://sunsportsconditioning.com" }, "geometry": { "type": "Point", "coordinates": [ 135.597540395106506, 34.827447529637389 ] } },
{ "type": "Feature", "properties": { "内容": "デイ１００高槻中央【地域密着型通所介護】大阪府高槻市津之江町2丁目21-5Ｅｔｏｉｌｅ　Ｖ　１Ｆ", "url": "https://www.kaigokensaku.mhlw.go.jp/27/index.php?action_kouhyou_detail_004_kani=true&JigyosyoCd=2790900753-00&ServiceCd=780&Type=search", "url2": null }, "geometry": { "type": "Point", "coordinates": [ 135.6085386, 34.8386778 ] } },
{ "type": "Feature", "properties": { "内容": "ビーナスプラス城西【地域密着型通所介護】大阪府高槻市城西町3番5号", "url": "https://www.kaigokensaku.mhlw.go.jp/27/index.php?action_kouhyou_detail_004_kani=true&JigyosyoCd=2790900605-00&ServiceCd=780&Type=search", "url2": "https://www.venus-comrade.co.jp" }, "geometry": { "type": "Point", "coordinates": [ 135.617468899999949, 34.8430783 ] } },
{ "type": "Feature", "properties": { "内容": "デイサービス木かげ【地域密着型通所介護】大阪府高槻市安岡寺町２丁目３４番２５号", "url": "https://www.kaigokensaku.mhlw.go.jp/27/index.php?action_kouhyou_detail_004_kani=true&JigyosyoCd=2790900530-00&ServiceCd=780&Type=search", "url2": null }, "geometry": { "type": "Point", "coordinates": [ 135.60371710000004, 34.8780495 ] } },
{ "type": "Feature", "properties": { "内容": "れんげ荘フィットネスデイ柱本【地域密着型通所介護】大阪府高槻市柱本5丁目31-2", "url": "https://www.kaigokensaku.mhlw.go.jp/27/index.php?action_kouhyou_detail_004_kani=true&JigyosyoCd=2790900803-00&ServiceCd=780&Type=search", "url2": "http://rengesou.or.jp/" }, "geometry": { "type": "Point", "coordinates": [ 135.6034125, 34.7925514 ] } },
{ "type": "Feature", "properties": { "内容": "栄町デイサービス【地域密着型通所介護】大阪府高槻市栄町1-20-26　101ヴェルデ高御座101", "url": "https://www.kaigokensaku.mhlw.go.jp/27/index.php?action_kouhyou_detail_004_kani=true&JigyosyoCd=2790900472-00&ServiceCd=780&Type=search", "url2": "http://www.npoket.info/" }, "geometry": { "type": "Point", "coordinates": [ 135.596550280950964, 34.825836189181167 ] } },
{ "type": "Feature", "properties": { "内容": "アイケアライフリードワン【地域密着型通所介護】大阪府高槻市芥川町三丁目12番31号", "url": "https://www.kaigokensaku.mhlw.go.jp/27/index.php?action_kouhyou_detail_004_kani=true&JigyosyoCd=2770903504-00&ServiceCd=780&Type=search", "url2": null }, "geometry": { "type": "Point", "coordinates": [ 135.611983199999941, 34.8507747 ] } },
{ "type": "Feature", "properties": { "内容": "アイケアライフ清福寺【地域密着型通所介護】大阪府高槻市清福寺町20番1号", "url": "https://www.kaigokensaku.mhlw.go.jp/27/index.php?action_kouhyou_detail_004_kani=true&JigyosyoCd=2770903181-00&ServiceCd=780&Type=search", "url2": "http://ameblo.jp/aicarelife/" }, "geometry": { "type": "Point", "coordinates": [ 135.604772700000012, 34.8550325 ] } },
{ "type": "Feature", "properties": { "内容": "デイサービス来楽【地域密着型通所介護】大阪府高槻市辻子2-27-3", "url": "https://www.kaigokensaku.mhlw.go.jp/27/index.php?action_kouhyou_detail_004_kani=true&JigyosyoCd=2770904452-00&ServiceCd=780&Type=search", "url2": "http://www.carefree.co.jp" }, "geometry": { "type": "Point", "coordinates": [ 135.6329677, 34.8337545 ] } },
{ "type": "Feature", "properties": { "内容": "リハビリデイ　サンスポーツ【地域密着型通所介護】大阪府高槻市南平台1丁目2-7-2F", "url": "https://www.kaigokensaku.mhlw.go.jp/27/index.php?action_kouhyou_detail_004_kani=true&JigyosyoCd=2770904940-00&ServiceCd=780&Type=search", "url2": "http://www.sunsportsconditioning.com" }, "geometry": { "type": "Point", "coordinates": [ 135.595843100000025, 34.8588986 ] } },
{ "type": "Feature", "properties": { "内容": "デイ１００高槻富田【地域密着型通所介護】大阪府高槻市富田町３丁目２０番１号アンフィニィ富田", "url": "https://www.kaigokensaku.mhlw.go.jp/27/index.php?action_kouhyou_detail_004_kani=true&JigyosyoCd=2770904445-00&ServiceCd=780&Type=search", "url2": null }, "geometry": { "type": "Point", "coordinates": [ 135.5919298, 34.8344041 ] } },
{ "type": "Feature", "properties": { "内容": "デイサービス花【地域密着型通所介護】大阪府高槻市宮田町2丁目36番11号", "url": "https://www.kaigokensaku.mhlw.go.jp/27/index.php?action_kouhyou_detail_004_kani=true&JigyosyoCd=2770903231-00&ServiceCd=780&Type=search", "url2": "https://akarihana.com" }, "geometry": { "type": "Point", "coordinates": [ 135.586691299999984, 34.8438335 ] } },
{ "type": "Feature", "properties": { "内容": "リハビリデイサービスいきいき【地域密着型通所介護】大阪府高槻市春日町９－５６山本マンション１階", "url": "https://www.kaigokensaku.mhlw.go.jp/27/index.php?action_kouhyou_detail_004_kani=true&JigyosyoCd=2770904049-00&ServiceCd=780&Type=search", "url2": null }, "geometry": { "type": "Point", "coordinates": [ 135.626684800000021, 34.8398343 ] } },
{ "type": "Feature", "properties": { "内容": "デイハウスひなたぼっこ・樂笑【地域密着型通所介護】高槻市別所本町19番3号", "url": "https://www.kaigokensaku.mhlw.go.jp/27/index.php?action_kouhyou_detail_004_kani=true&JigyosyoCd=2770904098-00&ServiceCd=780&Type=search", "url2": "http://ameblo.jp/hinatabokko-ohisama" }, "geometry": { "type": "Point", "coordinates": [ 135.627144320237676, 34.861963586615218 ] } },
{ "type": "Feature", "properties": { "内容": "デイハウス　ひなたぼっこ【地域密着型通所介護】高槻市郡家新町13番3号", "url": "https://www.kaigokensaku.mhlw.go.jp/27/index.php?action_kouhyou_detail_004_kani=true&JigyosyoCd=2770903470-00&ServiceCd=780&Type=search", "url2": "http://ameblo.jp/hinatabokko-ohisama" }, "geometry": { "type": "Point", "coordinates": [ 135.598720700000058, 34.8476027 ] } },
{ "type": "Feature", "properties": { "内容": "デイサービス　種くらⅡ号館【地域密着型通所介護】大阪府高槻市五領町14番1号", "url": "https://www.kaigokensaku.mhlw.go.jp/27/index.php?action_kouhyou_detail_004_kani=true&JigyosyoCd=2770904783-00&ServiceCd=780&Type=search", "url2": "http://tanekura.net/" }, "geometry": { "type": "Point", "coordinates": [ 135.65320470000006, 34.8628878 ] } },
{ "type": "Feature", "properties": { "内容": "たんらくeリハビリデイサービスセンター【地域密着型通所介護】大阪府高槻市下田部町1-20-41", "url": "https://www.kaigokensaku.mhlw.go.jp/27/index.php?action_kouhyou_detail_004_kani=true&JigyosyoCd=2770904411-00&ServiceCd=780&Type=search", "url2": "https://nobuyuki137.wixsite.com/website" }, "geometry": { "type": "Point", "coordinates": [ 135.620169095377605, 34.836171762956234 ] } },
{ "type": "Feature", "properties": { "内容": "たんらくリハビリデイサービスセンター【地域密着型通所介護】大阪府高槻市野見町5-37", "url": "https://www.kaigokensaku.mhlw.go.jp/27/index.php?action_kouhyou_detail_004_kani=true&JigyosyoCd=2770904015-00&ServiceCd=780&Type=search", "url2": "https://nobuyuki137.wixsite.com/website" }, "geometry": { "type": "Point", "coordinates": [ 135.618597452149515, 34.84452025684616 ] } },
{ "type": "Feature", "properties": { "内容": "山野家デイサービスセンター【地域密着型通所介護】大阪府高槻市西町34-5", "url": "https://www.kaigokensaku.mhlw.go.jp/27/index.php?action_kouhyou_detail_004_kani=true&JigyosyoCd=2770903355-00&ServiceCd=780&Type=search", "url2": null }, "geometry": { "type": "Point", "coordinates": [ 135.597698198359467, 34.821893858645417 ] } },
{ "type": "Feature", "properties": { "内容": "デイセンターとんがり帽子【地域密着型通所介護】大阪府高槻市大字田能小字畑子谷１５番地１", "url": "https://www.kaigokensaku.mhlw.go.jp/27/index.php?action_kouhyou_detail_004_kani=true&JigyosyoCd=2770902241-00&ServiceCd=780&Type=search", "url2": "http://www.ryokufu1984.or.jp" }, "geometry": { "type": "Point", "coordinates": [ 135.589936699999953, 34.9530164 ] } },
{ "type": "Feature", "properties": { "内容": "デイサービス　とうりゃんせ【地域密着型通所介護】大阪府高槻市宮之川原4丁目19番4号", "url": "https://www.kaigokensaku.mhlw.go.jp/27/index.php?action_kouhyou_detail_004_kani=true&JigyosyoCd=2770903421-00&ServiceCd=780&Type=search", "url2": "http://hp.kaipoke.biz/zg7/" }, "geometry": { "type": "Point", "coordinates": [ 135.599367600000051, 34.8659812 ] } },
{ "type": "Feature", "properties": { "内容": "つどいの家はむろ【地域密着型通所介護】高槻市土室町36-5", "url": "https://www.kaigokensaku.mhlw.go.jp/27/index.php?action_kouhyou_detail_004_kani=true&JigyosyoCd=2770901250-00&ServiceCd=780&Type=search", "url2": "http://www.hamuro.org" }, "geometry": { "type": "Point", "coordinates": [ 135.582763900000032, 34.8480912 ] } },
{ "type": "Feature", "properties": { "内容": "高槻まごころサロン【地域密着型通所介護】大阪府高槻市東五百住町2-32-9", "url": "https://www.kaigokensaku.mhlw.go.jp/27/index.php?action_kouhyou_detail_004_kani=true&JigyosyoCd=2770901698-00&ServiceCd=780&Type=search", "url2": "https://www.npo-magokoro.com/" }, "geometry": { "type": "Point", "coordinates": [ 135.6010394, 34.838552 ] } },
{ "type": "Feature", "properties": { "内容": "デイサービス　平安【地域密着型通所介護】高槻市日吉台三番町３番１７号", "url": "https://www.kaigokensaku.mhlw.go.jp/27/index.php?action_kouhyou_detail_004_kani=true&JigyosyoCd=2770902548-00&ServiceCd=780&Type=search", "url2": "http://www.heian2006.jp" }, "geometry": { "type": "Point", "coordinates": [ 135.610446799999977, 34.8756388 ] } },
{ "type": "Feature", "properties": { "内容": "デイサービス・よもぎ【地域密着型通所介護】大阪府高槻市宮野町17番17号", "url": "https://www.kaigokensaku.mhlw.go.jp/27/index.php?action_kouhyou_detail_004_kani=true&JigyosyoCd=2770903462-00&ServiceCd=780&Type=search", "url2": null }, "geometry": { "type": "Point", "coordinates": [ 135.637125400000059, 34.8489892 ] } },
{ "type": "Feature", "properties": { "内容": "デイサービスRiraku【地域密着型通所介護】大阪府高槻市野見町６－５８", "url": "https://www.kaigokensaku.mhlw.go.jp/27/index.php?action_kouhyou_detail_004_kani=true&JigyosyoCd=2790900878-00&ServiceCd=780&Type=search", "url2": "www.riraku-1101.com" }, "geometry": { "type": "Point", "coordinates": [ 135.6195525, 34.8446423 ] } },
{ "type": "Feature", "properties": { "内容": "てにてリハビリデイサービス竹の内店【地域密着型通所介護】大阪府高槻市竹の内町64-10-1Fヴェリッシモ高槻", "url": "https://www.kaigokensaku.mhlw.go.jp/27/index.php?action_kouhyou_detail_004_kani=true&JigyosyoCd=2770904569-00&ServiceCd=780&Type=search", "url2": null }, "geometry": { "type": "Point", "coordinates": [ 135.627486800000014, 34.8208768 ] } },
{ "type": "Feature", "properties": { "内容": "みんなのケア柱本デイサービスセンター【地域密着型通所介護】大阪府高槻市柱本5丁目３０－１８", "url": "https://www.kaigokensaku.mhlw.go.jp/27/index.php?action_kouhyou_detail_004_kani=true&JigyosyoCd=2770904338-00&ServiceCd=780&Type=search", "url2": "https://www.minnanocare01.com" }, "geometry": { "type": "Point", "coordinates": [ 135.603057199999967, 34.7927308 ] } },
{ "type": "Feature", "properties": { "内容": "さつきリハビリデイサービス【地域密着型通所介護】大阪府高槻市大和1丁目18番3号", "url": "https://www.kaigokensaku.mhlw.go.jp/27/index.php?action_kouhyou_detail_004_kani=true&JigyosyoCd=2770903082-00&ServiceCd=780&Type=search", "url2": "http://satsukiriha.stars.ne.jp" }, "geometry": { "type": "Point", "coordinates": [ 135.574659, 34.8607589 ] } },
{ "type": "Feature", "properties": { "内容": "リヴェスタひろのデイサービスセンター【地域密着型通所介護】高槻市唐崎南３丁目３０番５号", "url": "https://www.kaigokensaku.mhlw.go.jp/27/index.php?action_kouhyou_detail_004_kani=true&JigyosyoCd=2770902779-00&ServiceCd=780&Type=search", "url2": "https://hironokai.com/" }, "geometry": { "type": "Point", "coordinates": [ 135.612866899999972, 34.8095569 ] } },
{ "type": "Feature", "properties": { "内容": "共生の里・成合デイサービス【地域密着型通所介護】大阪府高槻市成合北の町837番９", "url": "https://www.kaigokensaku.mhlw.go.jp/27/index.php?action_kouhyou_detail_004_kani=true&JigyosyoCd=2770902944-00&ServiceCd=780&Type=search", "url2": null }, "geometry": { "type": "Point", "coordinates": [ 135.621224107934609, 34.87829870079981 ] } },
{ "type": "Feature", "properties": { "内容": "デイ100城北【地域密着型通所介護】大阪府高槻市城北町１丁目6番8号奥野ビル１階", "url": "https://www.kaigokensaku.mhlw.go.jp/27/index.php?action_kouhyou_detail_004_kani=true&JigyosyoCd=2790900993-00&ServiceCd=780&Type=search", "url2": "https://3trust.jp" }, "geometry": { "type": "Point", "coordinates": [ 135.6204061, 34.8468614 ] } },
{ "type": "Feature", "properties": { "内容": "春日町花梨の家【地域密着型通所介護】大阪府高槻市春日町13番21号", "url": "https://www.kaigokensaku.mhlw.go.jp/27/index.php?action_kouhyou_detail_004_kani=true&JigyosyoCd=2790900449-00&ServiceCd=780&Type=search", "url2": "https://gift-relations.co.jp/" }, "geometry": { "type": "Point", "coordinates": [ 135.629046306745977, 34.837998905912926 ] } },
{ "type": "Feature", "properties": { "内容": "リハビリアロハ【地域密着型通所介護】大阪府高槻市如是町8-2マンションふじ１階", "url": "https://www.kaigokensaku.mhlw.go.jp/27/index.php?action_kouhyou_detail_004_kani=true&JigyosyoCd=2790900910-00&ServiceCd=780&Type=search", "url2": null }, "geometry": { "type": "Point", "coordinates": [ 135.6027257, 34.834727 ] } },
{ "type": "Feature", "properties": { "内容": "リハビリデイかがやき高槻【地域密着型通所介護】大阪府高槻市別所本町４番２３号", "url": "https://www.kaigokensaku.mhlw.go.jp/27/index.php?action_kouhyou_detail_004_kani=true&JigyosyoCd=2790900746-00&ServiceCd=780&Type=search", "url2": null }, "geometry": { "type": "Point", "coordinates": [ 135.626567, 34.8605368 ] } },
{ "type": "Feature", "properties": { "内容": "デイサービスいろどり【地域密着型通所介護】大阪府高槻市若松町39-13", "url": "https://www.kaigokensaku.mhlw.go.jp/27/index.php?action_kouhyou_detail_004_kani=true&JigyosyoCd=2790900829-00&ServiceCd=780&Type=search", "url2": null }, "geometry": { "type": "Point", "coordinates": [ 135.6292254, 34.8342835 ] } },
{ "type": "Feature", "properties": { "内容": "デイサービス希楽瞳輝　高槻館【地域密着型通所介護】大阪府高槻市土橋町2-29", "url": "https://www.kaigokensaku.mhlw.go.jp/27/index.php?action_kouhyou_detail_004_kani=true&JigyosyoCd=2770904213-00&ServiceCd=780&Type=search", "url2": "http://www.day-kirameki.com" }, "geometry": { "type": "Point", "coordinates": [ 135.621238100000028, 34.8407174 ] } },
{ "type": "Feature", "properties": { "内容": "山手町ハナミズキの家【地域密着型通所介護】大阪府高槻市山手町一丁目９番５号", "url": "https://www.kaigokensaku.mhlw.go.jp/27/index.php?action_kouhyou_detail_004_kani=true&JigyosyoCd=2770903710-00&ServiceCd=780&Type=search", "url2": "https://gift-relations.co.jp/" }, "geometry": { "type": "Point", "coordinates": [ 135.6372447, 34.8606185 ] } },
{ "type": "Feature", "properties": { "内容": "Roles晴耕雨読舎南平台【地域密着型通所介護】大阪府高槻市南平台４丁目１７－７", "url": "https://www.kaigokensaku.mhlw.go.jp/27/index.php?action_kouhyou_detail_004_kani=true&JigyosyoCd=2790900522-00&ServiceCd=780&Type=search", "url2": null }, "geometry": { "type": "Point", "coordinates": [ 135.586045, 34.8608861 ] } },
{ "type": "Feature", "properties": { "内容": "リハビリデイステーションMujyur【地域密着型通所介護】大阪府高槻市永楽町5番16号　オーク永楽町ビル1Fオーク永楽町ビル1F", "url": "https://www.kaigokensaku.mhlw.go.jp/27/index.php?action_kouhyou_detail_004_kani=true&JigyosyoCd=2790900811-00&ServiceCd=780&Type=search", "url2": "https://mujyur.com/" }, "geometry": { "type": "Point", "coordinates": [ 135.634819, 34.8455277 ] } },
{ "type": "Feature", "properties": { "内容": "うえしまデイサービスセンター【地域密着型通所介護】大阪府高槻市上土室５丁目２０番１０号うえしまデイサービスセンター", "url": "https://www.kaigokensaku.mhlw.go.jp/27/index.php?action_kouhyou_detail_004_kani=true&JigyosyoCd=2770903801-00&ServiceCd=780&Type=search", "url2": null }, "geometry": { "type": "Point", "coordinates": [ 135.579236400000013, 34.8526711 ] } },
{ "type": "Feature", "properties": { "内容": "ブラザーフッドデイサービス神野【地域密着型通所介護】大阪府高槻市玉川2丁目第2号棟1号室", "url": "https://www.kaigokensaku.mhlw.go.jp/27/index.php?action_kouhyou_detail_004_kani=true&JigyosyoCd=2790900639-00&ServiceCd=780&Type=search", "url2": null }, "geometry": { "type": "Point", "coordinates": [ 135.6033678, 34.8125375 ] } },
{ "type": "Feature", "properties": { "内容": "デイサービスもえぎ【地域密着型通所介護】大阪府高槻市南平台1丁目2-7", "url": "https://www.kaigokensaku.mhlw.go.jp/27/index.php?action_kouhyou_detail_004_kani=true&JigyosyoCd=2770904163-00&ServiceCd=780&Type=search", "url2": "day-moegi.com" }, "geometry": { "type": "Point", "coordinates": [ 135.595817399999987, 34.8589089 ] } },
{ "type": "Feature", "properties": { "内容": "NPOきららデイサービス【地域密着型通所介護】大阪府高槻市大字原１１０９番地１５", "url": "https://www.kaigokensaku.mhlw.go.jp/27/index.php?action_kouhyou_detail_004_kani=true&JigyosyoCd=2770902787-00&ServiceCd=780&Type=search", "url2": "http://kirara-npo.com/" }, "geometry": { "type": "Point", "coordinates": [ 135.601905386508179, 34.899152097549766 ] } },
{ "type": "Feature", "properties": { "内容": "はんしんいきいきデイサービス高槻店【地域密着型通所介護】大阪府高槻市野田2丁目1番3号", "url": "https://www.kaigokensaku.mhlw.go.jp/27/index.php?action_kouhyou_detail_004_kani=true&JigyosyoCd=2790900555-00&ServiceCd=780&Type=search", "url2": "http://ikiiki-life.hankyu-hanshin.co.jp/" }, "geometry": { "type": "Point", "coordinates": [ 135.6385032, 34.8531363 ] } },
{ "type": "Feature", "properties": { "内容": "高槻南リハビリデイサービスセンター【地域密着型通所介護】大阪府高槻市栄町2-19-9", "url": "https://www.kaigokensaku.mhlw.go.jp/27/index.php?action_kouhyou_detail_004_kani=true&JigyosyoCd=2790900696-00&ServiceCd=780&Type=search", "url2": null }, "geometry": { "type": "Point", "coordinates": [ 135.6035604, 34.8283917 ] } },
{ "type": "Feature", "properties": { "内容": "ポラリスデイサービスセンター貝塚森【地域密着型通所介護】大阪府貝塚市森５２４－６", "url": "https://www.kaigokensaku.mhlw.go.jp/27/index.php?action_kouhyou_detail_004_kani=true&JigyosyoCd=2791300201-00&ServiceCd=780&Type=search", "url2": null }, "geometry": { "type": "Point", "coordinates": [ 135.379842700000012, 34.416774 ] } },
{ "type": "Feature", "properties": { "内容": "リハビリ特化型ふらっと【地域密着型通所介護】大阪府貝塚市清児574−1", "url": "https://www.kaigokensaku.mhlw.go.jp/27/index.php?action_kouhyou_detail_004_kani=true&JigyosyoCd=2791300235-00&ServiceCd=780&Type=search", "url2": "http://hp.kaipoke.biz/m3u/" }, "geometry": { "type": "Point", "coordinates": [ 135.3738682, 34.4273796 ] } },
{ "type": "Feature", "properties": { "内容": "機能訓練特化型施設フィジオ・ラボ【地域密着型通所介護】大阪府貝塚市西町１１番１７号池尻ビル１階", "url": "https://www.kaigokensaku.mhlw.go.jp/27/index.php?action_kouhyou_detail_004_kani=true&JigyosyoCd=2791300250-00&ServiceCd=780&Type=search", "url2": "https://www.konoka-iharanosato.jp/cont8/main.html" }, "geometry": { "type": "Point", "coordinates": [ 135.355939, 34.4492803 ] } },
{ "type": "Feature", "properties": { "内容": "デイサービスセンター　フィット・貝塚【地域密着型通所介護】貝塚市石才145番地　ライフコート貝塚", "url": "https://www.kaigokensaku.mhlw.go.jp/27/index.php?action_kouhyou_detail_004_kani=true&JigyosyoCd=2771301294-00&ServiceCd=780&Type=search", "url2": null }, "geometry": { "type": "Point", "coordinates": [ 135.3600447, 34.4358451 ] } },
{ "type": "Feature", "properties": { "内容": "デイサービスあいわ【地域密着型通所介護】大阪府貝塚市堤４２５番地の１", "url": "https://www.kaigokensaku.mhlw.go.jp/27/index.php?action_kouhyou_detail_004_kani=true&JigyosyoCd=2771301187-00&ServiceCd=780&Type=search", "url2": "http://www.aiwa-kaizuka.com/" }, "geometry": { "type": "Point", "coordinates": [ 135.349554099999978, 34.4317038 ] } },
{ "type": "Feature", "properties": { "内容": "デイサービスあいわ澤【地域密着型通所介護】大阪府貝塚市澤１１８４番地１３", "url": "https://www.kaigokensaku.mhlw.go.jp/27/index.php?action_kouhyou_detail_004_kani=true&JigyosyoCd=2771301518-00&ServiceCd=780&Type=search", "url2": "http://www.aiwa-kaizuka.com/" }, "geometry": { "type": "Point", "coordinates": [ 135.34419913743443, 34.437990927397287 ] } },
{ "type": "Feature", "properties": { "内容": "デイサービスKサポート【地域密着型通所介護】大阪府貝塚市堤1丁目28番8号", "url": "https://www.kaigokensaku.mhlw.go.jp/27/index.php?action_kouhyou_detail_004_kani=true&JigyosyoCd=2771301559-00&ServiceCd=780&Type=search", "url2": null }, "geometry": { "type": "Point", "coordinates": [ 135.358587949737512, 34.428513225766245 ] } },
{ "type": "Feature", "properties": { "内容": "合同会社しんたくわたなべリハセンター【地域密着型通所介護】大阪府貝塚市三ツ松２２４１－１９", "url": "https://www.kaigokensaku.mhlw.go.jp/27/index.php?action_kouhyou_detail_004_kani=true&JigyosyoCd=2771301625-00&ServiceCd=780&Type=search", "url2": null }, "geometry": { "type": "Point", "coordinates": [ 135.375582500000064, 34.4081128 ] } },
{ "type": "Feature", "properties": { "内容": "お福さんデイサービス【地域密着型通所介護】大阪府貝塚市半田一丁目１番１６号", "url": "https://www.kaigokensaku.mhlw.go.jp/27/index.php?action_kouhyou_detail_004_kani=true&JigyosyoCd=2771301799-00&ServiceCd=780&Type=search", "url2": "https://www.ofukusan.jp" }, "geometry": { "type": "Point", "coordinates": [ 135.37295180000001, 34.439750600000011 ] } },
{ "type": "Feature", "properties": { "内容": "デイサービスセンターゆたかの郷【地域密着型通所介護】大阪府貝塚市清児1107番地の3", "url": "https://www.kaigokensaku.mhlw.go.jp/27/index.php?action_kouhyou_detail_004_kani=true&JigyosyoCd=2771300924-00&ServiceCd=780&Type=search", "url2": null }, "geometry": { "type": "Point", "coordinates": [ 135.375226800000064, 34.4224833 ] } },
{ "type": "Feature", "properties": { "内容": "デイサービスふきのとう【地域密着型通所介護】大阪府貝塚市木積2062番地3", "url": "https://www.kaigokensaku.mhlw.go.jp/27/index.php?action_kouhyou_detail_004_kani=true&JigyosyoCd=2791300227-00&ServiceCd=780&Type=search", "url2": null }, "geometry": { "type": "Point", "coordinates": [ 135.389539899999988, 34.3981294 ] } },
{ "type": "Feature", "properties": { "内容": "プラチナフットネスＭ＆Ｓ【地域密着型通所介護】大阪府貝塚市近木町7-5グランドストアビル", "url": "https://www.kaigokensaku.mhlw.go.jp/27/index.php?action_kouhyou_detail_004_kani=true&JigyosyoCd=2791300219-00&ServiceCd=780&Type=search", "url2": "https://www.platinum-fitness.jp/" }, "geometry": { "type": "Point", "coordinates": [ 135.3570953, 34.44631840000001 ] } },
{ "type": "Feature", "properties": { "内容": "デイサービスわらべの里【地域密着型通所介護】大阪府貝塚市蕎原1936番地", "url": "https://www.kaigokensaku.mhlw.go.jp/27/index.php?action_kouhyou_detail_004_kani=true&JigyosyoCd=2771300908-00&ServiceCd=780&Type=search", "url2": "https://www.warabenosato-osk.com" }, "geometry": { "type": "Point", "coordinates": [ 135.420633700000053, 34.3694002 ] } },
{ "type": "Feature", "properties": { "内容": "けいはん医療生活協同組合　さつきデイサービス【地域密着型通所介護】大阪府守口市菊水通3丁目2番5号さつき事業所　5階", "url": "https://www.kaigokensaku.mhlw.go.jp/27/index.php?action_kouhyou_detail_004_kani=true&JigyosyoCd=2793200342-00&ServiceCd=780&Type=search", "url2": "https://www.keihan-healthcoop.net" }, "geometry": { "type": "Point", "coordinates": [ 135.57803, 34.729784200000033 ] } },
{ "type": "Feature", "properties": { "内容": "ブリッジライフ守口【地域密着型通所介護】大阪府守口市八雲西町4丁目6-21", "url": "https://www.kaigokensaku.mhlw.go.jp/27/index.php?action_kouhyou_detail_004_kani=true&JigyosyoCd=2793200243-00&ServiceCd=780&Type=search", "url2": null }, "geometry": { "type": "Point", "coordinates": [ 135.565905899999962, 34.7478911 ] } },
{ "type": "Feature", "properties": { "内容": "ビーナスプラス守口【地域密着型通所介護】大阪府守口市八雲西町1-1-1サントロアサネ101号", "url": "https://www.kaigokensaku.mhlw.go.jp/27/index.php?action_kouhyou_detail_004_kani=true&JigyosyoCd=2793200292-00&ServiceCd=780&Type=search", "url2": "https://www.venus-comrade.co.jp/" }, "geometry": { "type": "Point", "coordinates": [ 135.563560599999988, 34.7439121 ] } },
{ "type": "Feature", "properties": { "内容": "リハビリテーション爽楽楽【地域密着型通所介護】大阪府守口市ハ雲西町1丁目33番8号", "url": "https://www.kaigokensaku.mhlw.go.jp/27/index.php?action_kouhyou_detail_004_kani=true&JigyosyoCd=2773201773-00&ServiceCd=780&Type=search", "url2": "https://anshin-care.net/" }, "geometry": { "type": "Point", "coordinates": [ 135.564225465081819, 34.746317512677926 ] } },
{ "type": "Feature", "properties": { "内容": "コミカデイサービス【地域密着型通所介護】大阪府守口市西郷通1丁目1番2号", "url": "https://www.kaigokensaku.mhlw.go.jp/27/index.php?action_kouhyou_detail_004_kani=true&JigyosyoCd=2773202235-00&ServiceCd=780&Type=search", "url2": null }, "geometry": { "type": "Point", "coordinates": [ 135.571052785041843, 34.733954608931811 ] } },
{ "type": "Feature", "properties": { "内容": "ひだまり福祉工房【地域密着型通所介護】大阪府守口市八雲西町1-27-18", "url": "https://www.kaigokensaku.mhlw.go.jp/27/index.php?action_kouhyou_detail_004_kani=true&JigyosyoCd=2773202607-00&ServiceCd=780&Type=search", "url2": "https://ameblo.jp/hidamarihukushikoubou/" }, "geometry": { "type": "Point", "coordinates": [ 135.5630701, 34.7454997 ] } },
{ "type": "Feature", "properties": { "内容": "オーケーディサービス大枝公園【地域密着型通所介護】大阪府守口市大枝南町１５－８", "url": "https://www.kaigokensaku.mhlw.go.jp/27/index.php?action_kouhyou_detail_004_kani=true&JigyosyoCd=2773201922-00&ServiceCd=780&Type=search", "url2": "http://ok-caresupport.com/" }, "geometry": { "type": "Point", "coordinates": [ 135.566503600000033, 34.7304433 ] } },
{ "type": "Feature", "properties": { "内容": "リハビリ特化型デイサービスふくろう【地域密着型通所介護】大阪府守口市八雲東町2-82-35大阪守口プラザホテル　1階", "url": "https://www.kaigokensaku.mhlw.go.jp/27/index.php?action_kouhyou_detail_004_kani=true&JigyosyoCd=2773201930-00&ServiceCd=780&Type=search", "url2": "https://fukurou2960.1web.jp/aboutus/111319.html" }, "geometry": { "type": "Point", "coordinates": [ 135.578388471163947, 34.748417164139319 ] } },
{ "type": "Feature", "properties": { "内容": "あんしんケアねっと八雲ゆ楽デイサービス【地域密着型通所介護】大阪府守口市八雲西町１－３３－８１０２", "url": "https://www.kaigokensaku.mhlw.go.jp/27/index.php?action_kouhyou_detail_004_kani=true&JigyosyoCd=2773202318-00&ServiceCd=780&Type=search", "url2": "https://anshin-care.net/" }, "geometry": { "type": "Point", "coordinates": [ 135.5642747, 34.7462195 ] } },
{ "type": "Feature", "properties": { "内容": "デイサービスセンター道【地域密着型通所介護】大阪府守口市八雲北町2-10-19", "url": "https://www.kaigokensaku.mhlw.go.jp/27/index.php?action_kouhyou_detail_004_kani=true&JigyosyoCd=2773202938-00&ServiceCd=780&Type=search", "url2": "https://hasyoudou.com/" }, "geometry": { "type": "Point", "coordinates": [ 135.56259076315996, 34.749595265894449 ] } },
{ "type": "Feature", "properties": { "内容": "デイサービスこくせい館守口【地域密着型通所介護】大阪府守口市佐太中町7丁目20-1住宅型有料老人ホーム　こくせい館守口1階", "url": "https://www.kaigokensaku.mhlw.go.jp/27/index.php?action_kouhyou_detail_004_kani=true&JigyosyoCd=2793200318-00&ServiceCd=780&Type=search", "url2": null }, "geometry": { "type": "Point", "coordinates": [ 135.593300100000022, 34.762927 ] } },
{ "type": "Feature", "properties": { "内容": "八雲リハビリデイサービス【地域密着型通所介護】大阪府守口市八雲西町一丁目28番10号パルメイト山本", "url": "https://www.kaigokensaku.mhlw.go.jp/27/index.php?action_kouhyou_detail_004_kani=true&JigyosyoCd=2773202433-00&ServiceCd=780&Type=search", "url2": null }, "geometry": { "type": "Point", "coordinates": [ 135.562067500000012, 34.7458802 ] } },
{ "type": "Feature", "properties": { "内容": "ウェルフェア守口【地域密着型通所介護】大阪府守口市南寺方北通2-2-7welfare守口1F", "url": "https://www.kaigokensaku.mhlw.go.jp/27/index.php?action_kouhyou_detail_004_kani=true&JigyosyoCd=2793200201-00&ServiceCd=780&Type=search", "url2": "http://welfare.a-style55.co.jp/" }, "geometry": { "type": "Point", "coordinates": [ 135.568273099999942, 34.7251049 ] } },
{ "type": "Feature", "properties": { "内容": "DSらくだ東町【地域密着型通所介護】大阪府守口市東町1丁目17番10レナジア大和田101号", "url": "https://www.kaigokensaku.mhlw.go.jp/27/index.php?action_kouhyou_detail_004_kani=true&JigyosyoCd=2793200359-00&ServiceCd=780&Type=search", "url2": "https://yell-ltd.jp/" }, "geometry": { "type": "Point", "coordinates": [ 135.6041984, 34.7501175 ] } },
{ "type": "Feature", "properties": { "内容": "個別リハビリデイサービスオンリー・ワン【地域密着型通所介護】大阪府守口市南寺方東通２丁目６番２０", "url": "https://www.kaigokensaku.mhlw.go.jp/27/index.php?action_kouhyou_detail_004_kani=true&JigyosyoCd=2773203498-00&ServiceCd=780&Type=search", "url2": "http://1onlyone.web.fc2.com/" }, "geometry": { "type": "Point", "coordinates": [ 135.573253300000033, 34.7193806 ] } },
{ "type": "Feature", "properties": { "内容": "デイサービスながさき【地域密着型通所介護】大阪府守口市大日町3-25-8", "url": "https://www.kaigokensaku.mhlw.go.jp/27/index.php?action_kouhyou_detail_004_kani=true&JigyosyoCd=2773202979-00&ServiceCd=780&Type=search", "url2": null }, "geometry": { "type": "Point", "coordinates": [ 135.580751700000064, 34.7552916 ] } },
{ "type": "Feature", "properties": { "内容": "笑う門には福太郎【地域密着型通所介護】大阪府枚方市茄子作1丁目12-16", "url": "https://www.kaigokensaku.mhlw.go.jp/27/index.php?action_kouhyou_detail_004_kani=true&JigyosyoCd=2792401008-00&ServiceCd=780&Type=search", "url2": "https://manpuku-kaigo.studio.site/" }, "geometry": { "type": "Point", "coordinates": [ 135.664310683467107, 34.787530996148433 ] } },
{ "type": "Feature", "properties": { "内容": "デイサービスセンター琢金園【地域密着型通所介護】大阪府枚方市小倉東町3番5号", "url": "https://www.kaigokensaku.mhlw.go.jp/27/index.php?action_kouhyou_detail_004_kani=true&JigyosyoCd=2792400802-00&ServiceCd=780&Type=search", "url2": null }, "geometry": { "type": "Point", "coordinates": [ 135.666359512579191, 34.834918291017857 ] } },
{ "type": "Feature", "properties": { "内容": "レコードブック樟葉【地域密着型通所介護】大阪府枚方市楠葉並木二丁目2-3エルベ楠葉コート101", "url": "https://www.kaigokensaku.mhlw.go.jp/27/index.php?action_kouhyou_detail_004_kani=true&JigyosyoCd=2792400794-00&ServiceCd=780&Type=search", "url2": null }, "geometry": { "type": "Point", "coordinates": [ 135.6787784, 34.8599088 ] } },
{ "type": "Feature", "properties": { "内容": "リハプライド枚方【地域密着型通所介護】大阪府枚方市田口3丁目4番1号", "url": "https://www.kaigokensaku.mhlw.go.jp/27/index.php?action_kouhyou_detail_004_kani=true&JigyosyoCd=2792400406-00&ServiceCd=780&Type=search", "url2": "http://www.rehapride.co.jp/hirakata/" }, "geometry": { "type": "Point", "coordinates": [ 135.678225099999963, 34.825395 ] } },
{ "type": "Feature", "properties": { "内容": "デイサービスセンターひびき【地域密着型通所介護】大阪府枚方市伊加賀北町7番89号ポジティブリーケア枚方公園", "url": "https://www.kaigokensaku.mhlw.go.jp/27/index.php?action_kouhyou_detail_004_kani=true&JigyosyoCd=2792400398-00&ServiceCd=780&Type=search", "url2": "http://www.reliable-heartlife.com/" }, "geometry": { "type": "Point", "coordinates": [ 135.642168699999957, 34.8100082 ] } },
{ "type": "Feature", "properties": { "内容": "デイサービスくじら【地域密着型通所介護】大阪府枚方市中宮東之町14－14ナウロード中宮1F", "url": "https://www.kaigokensaku.mhlw.go.jp/27/index.php?action_kouhyou_detail_004_kani=true&JigyosyoCd=2792400836-00&ServiceCd=780&Type=search", "url2": null }, "geometry": { "type": "Point", "coordinates": [ 135.664795700000013, 34.8211223 ] } },
{ "type": "Feature", "properties": { "内容": "株式会社あさなぎ【地域密着型通所介護】大阪府枚方市片鉾東町１８番６号", "url": "https://www.kaigokensaku.mhlw.go.jp/27/index.php?action_kouhyou_detail_004_kani=true&JigyosyoCd=2792400612-00&ServiceCd=780&Type=search", "url2": null }, "geometry": { "type": "Point", "coordinates": [ 135.67346150000003, 34.8343183 ] } },
{ "type": "Feature", "properties": { "内容": "デイサービスすずの音【地域密着型通所介護】大阪府枚方市牧野本町1丁目36-7", "url": "https://www.kaigokensaku.mhlw.go.jp/27/index.php?action_kouhyou_detail_004_kani=true&JigyosyoCd=2792400570-00&ServiceCd=780&Type=search", "url2": "http://www.kitainokaigo.com/" }, "geometry": { "type": "Point", "coordinates": [ 135.672888699999987, 34.8384521 ] } },
{ "type": "Feature", "properties": { "内容": "アイエスデイサービス【地域密着型通所介護】大阪府枚方市伊加賀栄町15-30ネクスト枚方", "url": "https://www.kaigokensaku.mhlw.go.jp/27/index.php?action_kouhyou_detail_004_kani=true&JigyosyoCd=2792400869-00&ServiceCd=780&Type=search", "url2": null }, "geometry": { "type": "Point", "coordinates": [ 135.633000399999986, 34.8057364 ] } },
{ "type": "Feature", "properties": { "内容": "ビーナスプラス招提【地域密着型通所介護】大阪府枚方市招提平野町8-5アンプルールフェール101号", "url": "https://www.kaigokensaku.mhlw.go.jp/27/index.php?action_kouhyou_detail_004_kani=true&JigyosyoCd=2792400661-00&ServiceCd=780&Type=search", "url2": "https://www.venus-comrade.co.jp" }, "geometry": { "type": "Point", "coordinates": [ 135.6810015, 34.8405512 ] } },
{ "type": "Feature", "properties": { "内容": "ＤＳらくだ長尾ステーション【地域密着型通所介護】大阪府枚方市藤阪中町11-16101", "url": "https://www.kaigokensaku.mhlw.go.jp/27/index.php?action_kouhyou_detail_004_kani=true&JigyosyoCd=2792400703-00&ServiceCd=780&Type=search", "url2": null }, "geometry": { "type": "Point", "coordinates": [ 135.7084293, 34.8223681 ] } },
{ "type": "Feature", "properties": { "内容": "DSらくだオアシス【地域密着型通所介護】大阪府枚方市長尾谷町三丁目17番23号", "url": "https://www.kaigokensaku.mhlw.go.jp/27/index.php?action_kouhyou_detail_004_kani=true&JigyosyoCd=2792400695-00&ServiceCd=780&Type=search", "url2": null }, "geometry": { "type": "Point", "coordinates": [ 135.7021308, 34.8226729 ] } },
{ "type": "Feature", "properties": { "内容": "そうごうデイサービス香里ケ丘【地域密着型通所介護】大阪府枚方市香里ケ丘6丁目8番地そうごうケアホーム香里ケ丘", "url": "https://www.kaigokensaku.mhlw.go.jp/27/index.php?action_kouhyou_detail_004_kani=true&JigyosyoCd=2792400729-00&ServiceCd=780&Type=search", "url2": null }, "geometry": { "type": "Point", "coordinates": [ 135.6470645, 34.797238 ] } },
{ "type": "Feature", "properties": { "内容": "樹楽枚方藤阪【地域密着型通所介護】大阪府枚方市藤阪元町1丁目11番3号", "url": "https://www.kaigokensaku.mhlw.go.jp/27/index.php?action_kouhyou_detail_004_kani=true&JigyosyoCd=2792400687-00&ServiceCd=780&Type=search", "url2": "http://www.kiraku-ac.com/shisetsu/home/osaka/hirakatafujisaka.php?staff=" }, "geometry": { "type": "Point", "coordinates": [ 135.701682299999987, 34.8173668 ] } },
{ "type": "Feature", "properties": { "内容": "若葉デイサービス【地域密着型通所介護】大阪府枚方市樋之上町７番8号", "url": "https://www.kaigokensaku.mhlw.go.jp/27/index.php?action_kouhyou_detail_004_kani=true&JigyosyoCd=2792400927-00&ServiceCd=780&Type=search", "url2": null }, "geometry": { "type": "Point", "coordinates": [ 135.670638, 34.8543939 ] } },
{ "type": "Feature", "properties": { "内容": "デイサービスセンターかわせみ【地域密着型通所介護】大阪府枚方市村野本町14-26クレセントハーツ103号", "url": "https://www.kaigokensaku.mhlw.go.jp/27/index.php?action_kouhyou_detail_004_kani=true&JigyosyoCd=2792400919-00&ServiceCd=780&Type=search", "url2": "http://kawasemi.official.jp/" }, "geometry": { "type": "Point", "coordinates": [ 135.6651895, 34.8012542 ] } },
{ "type": "Feature", "properties": { "内容": "デイサービス　つなぎ【地域密着型通所介護】大阪府枚方市長尾元町3丁目33－12", "url": "https://www.kaigokensaku.mhlw.go.jp/27/index.php?action_kouhyou_detail_004_kani=true&JigyosyoCd=2792400844-00&ServiceCd=780&Type=search", "url2": null }, "geometry": { "type": "Point", "coordinates": [ 135.7076039, 34.828515400000015 ] } },
{ "type": "Feature", "properties": { "内容": "デイサービスセンター　きずな【地域密着型通所介護】大阪府枚方市東船橋二丁目37番地の1フェリーチュエマンション102号", "url": "https://www.kaigokensaku.mhlw.go.jp/27/index.php?action_kouhyou_detail_004_kani=true&JigyosyoCd=2792400588-00&ServiceCd=780&Type=search", "url2": "https://yuuka-kizuna.com/" }, "geometry": { "type": "Point", "coordinates": [ 135.685381900000039, 34.8511929 ] } },
{ "type": "Feature", "properties": { "内容": "はなまるデイサービス津田【地域密着型通所介護】大阪府枚方市津田元町２丁目４１番２３号", "url": "https://www.kaigokensaku.mhlw.go.jp/27/index.php?action_kouhyou_detail_004_kani=true&JigyosyoCd=2792400992-00&ServiceCd=780&Type=search", "url2": "https://hanamaru-day.com/" }, "geometry": { "type": "Point", "coordinates": [ 135.7061618, 34.8096343 ] } },
{ "type": "Feature", "properties": { "内容": "はなまるデイサービス長尾【地域密着型通所介護】大阪府枚方市長尾西町1-29-12コロナード長尾101号室", "url": "https://www.kaigokensaku.mhlw.go.jp/27/index.php?action_kouhyou_detail_004_kani=true&JigyosyoCd=2792400893-00&ServiceCd=780&Type=search", "url2": "https://hanamaru-day.com/" }, "geometry": { "type": "Point", "coordinates": [ 135.703887400000013, 34.8288132 ] } },
{ "type": "Feature", "properties": { "内容": "はなまデイサービス牧野【地域密着型通所介護】大阪府枚方市牧野本町2-23-3", "url": "https://www.kaigokensaku.mhlw.go.jp/27/index.php?action_kouhyou_detail_004_kani=true&JigyosyoCd=2792400901-00&ServiceCd=780&Type=search", "url2": "http://hanamaru-day.com" }, "geometry": { "type": "Point", "coordinates": [ 135.6733691, 34.8408963 ] } },
{ "type": "Feature", "properties": { "内容": "デイサービスセンター　長尾の里【地域密着型通所介護】大阪府枚方市長尾北町3－1－1", "url": "https://www.kaigokensaku.mhlw.go.jp/27/index.php?action_kouhyou_detail_004_kani=true&JigyosyoCd=2772404196-00&ServiceCd=780&Type=search", "url2": "http://midori.jpn.org/satellite-nagomi/ds-nagaonosato.htm" }, "geometry": { "type": "Point", "coordinates": [ 135.706730500000049, 34.8352339 ] } },
{ "type": "Feature", "properties": { "内容": "リハビリデイステーション　あおぞら【地域密着型通所介護】枚方市山之上北町１０番1号ラガーハイツ　1階", "url": "https://www.kaigokensaku.mhlw.go.jp/27/index.php?action_kouhyou_detail_004_kani=true&JigyosyoCd=2772405292-00&ServiceCd=780&Type=search", "url2": "http://ds-aozora.com" }, "geometry": { "type": "Point", "coordinates": [ 135.655263900000023, 34.8033162 ] } },
{ "type": "Feature", "properties": { "内容": "ナビ【地域密着型通所介護】大阪府枚方市三矢町2番4-1号", "url": "https://www.kaigokensaku.mhlw.go.jp/27/index.php?action_kouhyou_detail_004_kani=true&JigyosyoCd=2772404279-00&ServiceCd=780&Type=search", "url2": "http://www.care-life.jp" }, "geometry": { "type": "Point", "coordinates": [ 135.644211499999983, 34.8150456 ] } },
{ "type": "Feature", "properties": { "内容": "ビーナス【地域密着型通所介護】大阪府枚方市堤町10-18ケアライフ・フードセンター", "url": "https://www.kaigokensaku.mhlw.go.jp/27/index.php?action_kouhyou_detail_004_kani=true&JigyosyoCd=2772406001-00&ServiceCd=780&Type=search", "url2": "http://www.care-life.jp" }, "geometry": { "type": "Point", "coordinates": [ 135.637914799999976, 34.8123458 ] } },
{ "type": "Feature", "properties": { "内容": "デイサービスまつり【地域密着型通所介護】大阪府枚方市茄子作東町15番8号", "url": "https://www.kaigokensaku.mhlw.go.jp/27/index.php?action_kouhyou_detail_004_kani=true&JigyosyoCd=2772406761-00&ServiceCd=780&Type=search", "url2": "https://www.matsuri-koa.com" }, "geometry": { "type": "Point", "coordinates": [ 135.670288804858728, 34.786673816311875 ] } },
{ "type": "Feature", "properties": { "内容": "リハてくめぐりデイサービスセンター【地域密着型通所介護】大阪府枚方市三栗１丁目2-12", "url": "https://www.kaigokensaku.mhlw.go.jp/27/index.php?action_kouhyou_detail_004_kani=true&JigyosyoCd=2772406845-00&ServiceCd=780&Type=search", "url2": "https://rehatec-scram.com/" }, "geometry": { "type": "Point", "coordinates": [ 135.656782199999952, 34.8356522 ] } },
{ "type": "Feature", "properties": { "内容": "デイサービスセンター・根占【地域密着型通所介護】大阪府枚方市氷室台1丁目28番20号", "url": "https://www.kaigokensaku.mhlw.go.jp/27/index.php?action_kouhyou_detail_004_kani=true&JigyosyoCd=2772405771-00&ServiceCd=780&Type=search", "url2": "https://www.michikotouch.com" }, "geometry": { "type": "Point", "coordinates": [ 135.730296548410053, 34.808523214380209 ] } },
{ "type": "Feature", "properties": { "内容": "小春日和デイサービスセンター東山【地域密着型通所介護】大阪府枚方市東山１丁目２３番５号", "url": "https://www.kaigokensaku.mhlw.go.jp/27/index.php?action_kouhyou_detail_004_kani=true&JigyosyoCd=2772405664-00&ServiceCd=780&Type=search", "url2": null }, "geometry": { "type": "Point", "coordinates": [ 135.688515, 34.8522618 ] } },
{ "type": "Feature", "properties": { "内容": "デイサービス我が家こうり【地域密着型通所介護】枚方市東香里元町25－27", "url": "https://www.kaigokensaku.mhlw.go.jp/27/index.php?action_kouhyou_detail_004_kani=true&JigyosyoCd=2772404873-00&ServiceCd=780&Type=search", "url2": "https://www.e-kurashi-kss.co.jp" }, "geometry": { "type": "Point", "coordinates": [ 135.6547501, 34.7828847 ] } },
{ "type": "Feature", "properties": { "内容": "デイサービス我が家ながお【地域密着型通所介護】大阪府枚方市長尾東町3-40-13", "url": "https://www.kaigokensaku.mhlw.go.jp/27/index.php?action_kouhyou_detail_004_kani=true&JigyosyoCd=2772404881-00&ServiceCd=780&Type=search", "url2": "https://www.e-kurashi-kss.co.jp/" }, "geometry": { "type": "Point", "coordinates": [ 135.7233343, 34.8224496 ] } },
{ "type": "Feature", "properties": { "内容": "デイサービス我が家くずは【地域密着型通所介護】大阪府枚方市東船橋2-129-11", "url": "https://www.kaigokensaku.mhlw.go.jp/27/index.php?action_kouhyou_detail_004_kani=true&JigyosyoCd=2772404899-00&ServiceCd=780&Type=search", "url2": "http://e-kurashi-kss.co.jp" }, "geometry": { "type": "Point", "coordinates": [ 135.68649019999998, 34.8534228 ] } },
{ "type": "Feature", "properties": { "内容": "デイサービス我が家なぎさ【地域密着型通所介護】大阪府枚方市渚元町3-24", "url": "https://www.kaigokensaku.mhlw.go.jp/27/index.php?action_kouhyou_detail_004_kani=true&JigyosyoCd=2772404915-00&ServiceCd=780&Type=search", "url2": "https://www.e-kurashi-kss.co.jp/" }, "geometry": { "type": "Point", "coordinates": [ 135.6560014, 34.8324376 ] } },
{ "type": "Feature", "properties": { "内容": "デイサービス　一心【地域密着型通所介護】大阪府枚方市楠葉朝日２－９－５", "url": "https://www.kaigokensaku.mhlw.go.jp/27/index.php?action_kouhyou_detail_004_kani=true&JigyosyoCd=2772406464-00&ServiceCd=780&Type=search", "url2": null }, "geometry": { "type": "Point", "coordinates": [ 135.684498599999984, 34.8591 ] } },
{ "type": "Feature", "properties": { "内容": "デイサロンあさひ【地域密着型通所介護】大阪府枚方市楠葉朝日１－１１－３", "url": "https://www.kaigokensaku.mhlw.go.jp/27/index.php?action_kouhyou_detail_004_kani=true&JigyosyoCd=2772405979-00&ServiceCd=780&Type=search", "url2": "http://ototooto.com/" }, "geometry": { "type": "Point", "coordinates": [ 135.6842375, 34.8575501 ] } },
{ "type": "Feature", "properties": { "内容": "デイサービスセンター光の郷【地域密着型通所介護】大阪府枚方市大峰元町2-11-9", "url": "https://www.kaigokensaku.mhlw.go.jp/27/index.php?action_kouhyou_detail_004_kani=true&JigyosyoCd=2772400566-00&ServiceCd=780&Type=search", "url2": "http://www.hikari.bz" }, "geometry": { "type": "Point", "coordinates": [ 135.68832169999996, 34.8135854 ] } },
{ "type": "Feature", "properties": { "内容": "ピープルデイサービスセンターひらかた【地域密着型通所介護】大阪府枚方市尊延寺１丁目４番１号", "url": "https://www.kaigokensaku.mhlw.go.jp/27/index.php?action_kouhyou_detail_004_kani=true&JigyosyoCd=2772400806-00&ServiceCd=780&Type=search", "url2": "http://www.koseikai.org" }, "geometry": { "type": "Point", "coordinates": [ 135.7254094, 34.805868 ] } },
{ "type": "Feature", "properties": { "内容": "デイサービスセンター長尾【地域密着型通所介護】大阪府枚方市長尾北町2丁目１７５２番地の１", "url": "https://www.kaigokensaku.mhlw.go.jp/27/index.php?action_kouhyou_detail_004_kani=true&JigyosyoCd=2772401929-00&ServiceCd=780&Type=search", "url2": "http://www.syoujukai.org/" }, "geometry": { "type": "Point", "coordinates": [ 135.705314, 34.8351005 ] } },
{ "type": "Feature", "properties": { "内容": "デイサービスセンター　雅の苑【地域密着型通所介護】大阪府枚方市大字尊延寺４５９２番地の３８ケアハウス　雅の苑", "url": "https://www.kaigokensaku.mhlw.go.jp/27/index.php?action_kouhyou_detail_004_kani=true&JigyosyoCd=2772400426-00&ServiceCd=780&Type=search", "url2": "http://www.miyabinosono.or.jp" }, "geometry": { "type": "Point", "coordinates": [ 135.732725501852428, 34.809378592393941 ] } },
{ "type": "Feature", "properties": { "内容": "笑花デイサービス【地域密着型通所介護】大阪府枚方市東香里元町１１番２６号", "url": "https://www.kaigokensaku.mhlw.go.jp/27/index.php?action_kouhyou_detail_004_kani=true&JigyosyoCd=2772406852-00&ServiceCd=780&Type=search", "url2": "http://warauhana.com" }, "geometry": { "type": "Point", "coordinates": [ 135.657658099999935, 34.7829076 ] } },
{ "type": "Feature", "properties": { "内容": "気軽に集えるミニデイサービスきらく会【地域密着型通所介護】大阪府枚方市長尾家具町三丁目4番地６", "url": "https://www.kaigokensaku.mhlw.go.jp/27/index.php?action_kouhyou_detail_004_kani=true&JigyosyoCd=2772405466-00&ServiceCd=780&Type=search", "url2": "http://kiraku-kai.com" }, "geometry": { "type": "Point", "coordinates": [ 135.708971900000051, 34.8393642 ] } },
{ "type": "Feature", "properties": { "内容": "アミーゴ【地域密着型通所介護】大阪府枚方市岡本町8番12号", "url": "https://www.kaigokensaku.mhlw.go.jp/27/index.php?action_kouhyou_detail_004_kani=true&JigyosyoCd=2772403917-00&ServiceCd=780&Type=search", "url2": "http://www.bellevie-np.org/" }, "geometry": { "type": "Point", "coordinates": [ 135.645397600000024, 34.8149289 ] } },
{ "type": "Feature", "properties": { "内容": "デイサービス　フーライ【地域密着型通所介護】大阪府枚方市堤町1-2ケアセンター堤2F", "url": "https://www.kaigokensaku.mhlw.go.jp/27/index.php?action_kouhyou_detail_004_kani=true&JigyosyoCd=2772405458-00&ServiceCd=780&Type=search", "url2": "http://www.bellevie-np.org/" }, "geometry": { "type": "Point", "coordinates": [ 135.639565, 34.8123419 ] } },
{ "type": "Feature", "properties": { "内容": "デイサービスセンター豊生まきの【地域密着型通所介護】大阪府枚方市牧野下島町２４番１０号", "url": "https://www.kaigokensaku.mhlw.go.jp/27/index.php?action_kouhyou_detail_004_kani=true&JigyosyoCd=2772407652-00&ServiceCd=780&Type=search", "url2": "https://www.dayservice-housei.com/" }, "geometry": { "type": "Point", "coordinates": [ 135.66822830000001, 34.8466649 ] } },
{ "type": "Feature", "properties": { "内容": "デイサービスセンター豊生【地域密着型通所介護】枚方市小倉町３番２９号", "url": "https://www.kaigokensaku.mhlw.go.jp/27/index.php?action_kouhyou_detail_004_kani=true&JigyosyoCd=2772403867-00&ServiceCd=780&Type=search", "url2": "http://www.dayservice-housei.com/" }, "geometry": { "type": "Point", "coordinates": [ 135.663076199999978, 34.8333052 ] } },
{ "type": "Feature", "properties": { "内容": "手習ぃ処うらら【地域密着型通所介護】大阪府枚方市星丘2丁目14-13", "url": "https://www.kaigokensaku.mhlw.go.jp/27/index.php?action_kouhyou_detail_004_kani=true&JigyosyoCd=2772406159-00&ServiceCd=780&Type=search", "url2": null }, "geometry": { "type": "Point", "coordinates": [ 135.662796399999934, 34.8082298 ] } },
{ "type": "Feature", "properties": { "内容": "ペインケアリハビリまんぼう【地域密着型通所介護】大阪府枚方市茄子作北町３９番５号", "url": "https://www.kaigokensaku.mhlw.go.jp/27/index.php?action_kouhyou_detail_004_kani=true&JigyosyoCd=2772407066-00&ServiceCd=780&Type=search", "url2": "http://www.rihabiri-manbou.jp/" }, "geometry": { "type": "Point", "coordinates": [ 135.66658510000002, 34.7874795 ] } },
{ "type": "Feature", "properties": { "内容": "枚方ガーデンリハ【地域密着型通所介護】大阪府枚方市片鉾本町26-20", "url": "https://www.kaigokensaku.mhlw.go.jp/27/index.php?action_kouhyou_detail_004_kani=true&JigyosyoCd=2792400745-00&ServiceCd=780&Type=search", "url2": null }, "geometry": { "type": "Point", "coordinates": [ 135.6726577, 34.8331443 ] } },
{ "type": "Feature", "properties": { "内容": "デイサービス凛【地域密着型通所介護】大阪府枚方市尊延寺6丁目31-6ダイヤロジュマン氷室107号", "url": "https://www.kaigokensaku.mhlw.go.jp/27/index.php?action_kouhyou_detail_004_kani=true&JigyosyoCd=2772406225-00&ServiceCd=780&Type=search", "url2": "http://hp.kaipoke.biz/bkd/" }, "geometry": { "type": "Point", "coordinates": [ 135.734516900000017, 34.8009101 ] } },
{ "type": "Feature", "properties": { "内容": "デイサービス「てくてく」【地域密着型通所介護】大阪府枚方市渚南町26-5-201", "url": "https://www.kaigokensaku.mhlw.go.jp/27/index.php?action_kouhyou_detail_004_kani=true&JigyosyoCd=2792400653-00&ServiceCd=780&Type=search", "url2": "http://www.o-kskk.jp/" }, "geometry": { "type": "Point", "coordinates": [ 135.653764, 34.826925600000017 ] } },
{ "type": "Feature", "properties": { "内容": "絆ひだまりの会枚方駅前の家【地域密着型通所介護】大阪府枚方市岡南町12番24号", "url": "https://www.kaigokensaku.mhlw.go.jp/27/index.php?action_kouhyou_detail_004_kani=true&JigyosyoCd=2772404790-00&ServiceCd=780&Type=search", "url2": "http://nsf.co.jp" }, "geometry": { "type": "Point", "coordinates": [ 135.6445615, 34.8135568 ] } },
{ "type": "Feature", "properties": { "内容": "リハビリディサービスあすなろ【地域密着型通所介護】大阪府枚方市船橋本町2丁目9-3Tommy船橋1F", "url": "https://www.kaigokensaku.mhlw.go.jp/27/index.php?action_kouhyou_detail_004_kani=true&JigyosyoCd=2792400828-00&ServiceCd=780&Type=search", "url2": null }, "geometry": { "type": "Point", "coordinates": [ 135.6831766, 34.8538596 ] } },
{ "type": "Feature", "properties": { "内容": "山之上デイサービスひとつ【地域密着型通所介護】大阪府枚方市山之上1-19-13", "url": "https://www.kaigokensaku.mhlw.go.jp/27/index.php?action_kouhyou_detail_004_kani=true&JigyosyoCd=2792400562-00&ServiceCd=780&Type=search", "url2": null }, "geometry": { "type": "Point", "coordinates": [ 135.655745899999971, 34.800528300000018 ] } },
{ "type": "Feature", "properties": { "内容": "リハビリデイかがやき枚方【地域密着型通所介護】大阪府枚方市渚東町36-15", "url": "https://www.kaigokensaku.mhlw.go.jp/27/index.php?action_kouhyou_detail_004_kani=true&JigyosyoCd=2792400786-00&ServiceCd=780&Type=search", "url2": null }, "geometry": { "type": "Point", "coordinates": [ 135.664026, 34.8321079 ] } },
{ "type": "Feature", "properties": { "内容": "こひつじデイサービス【地域密着型通所介護】大阪府枚方市星丘２丁目１２番１６号", "url": "https://www.kaigokensaku.mhlw.go.jp/27/index.php?action_kouhyou_detail_004_kani=true&JigyosyoCd=2792400356-00&ServiceCd=780&Type=search", "url2": null }, "geometry": { "type": "Point", "coordinates": [ 135.661752054076715, 34.808550623503415 ] } },
{ "type": "Feature", "properties": { "内容": "デイサービス福太郎【地域密着型通所介護】大阪府枚方市茄子作東町24-35", "url": "https://www.kaigokensaku.mhlw.go.jp/27/index.php?action_kouhyou_detail_004_kani=true&JigyosyoCd=2792400711-00&ServiceCd=780&Type=search", "url2": "manpuku-kaigo.studio.site" }, "geometry": { "type": "Point", "coordinates": [ 135.669856799999963, 34.785174400000017 ] } },
{ "type": "Feature", "properties": { "内容": "フクダリハビリフィールドMotto【地域密着型通所介護】大阪府枚方市渚西1丁目４０－１１ベル・サンセベリア101号室", "url": "https://www.kaigokensaku.mhlw.go.jp/27/index.php?action_kouhyou_detail_004_kani=true&JigyosyoCd=2792400737-00&ServiceCd=780&Type=search", "url2": null }, "geometry": { "type": "Point", "coordinates": [ 135.6537672, 34.8297791 ] } },
{ "type": "Feature", "properties": { "内容": "リルハ・トレーニングラボ牧野駅前【地域密着型通所介護】大阪府枚方市牧野下島町１２−１４", "url": "https://www.kaigokensaku.mhlw.go.jp/27/index.php?action_kouhyou_detail_004_kani=true&JigyosyoCd=2792401032-00&ServiceCd=780&Type=search", "url2": "https://www.lirha.co.jp/" }, "geometry": { "type": "Point", "coordinates": [ 135.6669173, 34.844600499999984 ] } },
{ "type": "Feature", "properties": { "内容": "ベストファミリーデイサービス【地域密着型通所介護】大阪府枚方市津田餅2-52-1", "url": "https://www.kaigokensaku.mhlw.go.jp/27/index.php?action_kouhyou_detail_004_kani=true&JigyosyoCd=2772404253-00&ServiceCd=780&Type=search", "url2": null }, "geometry": { "type": "Point", "coordinates": [ 135.7106555, 34.7991169 ] } },
{ "type": "Feature", "properties": { "内容": "デイサービスあったか家族枚方出口の家【地域密着型通所介護】大阪府枚方市出口2丁目３７－１２", "url": "https://www.kaigokensaku.mhlw.go.jp/27/index.php?action_kouhyou_detail_004_kani=true&JigyosyoCd=2772406480-00&ServiceCd=780&Type=search", "url2": null }, "geometry": { "type": "Point", "coordinates": [ 135.622732499999984, 34.8035939 ] } },
{ "type": "Feature", "properties": { "内容": "合同会社　さわやか【地域密着型通所介護】大阪府枚方市楠葉朝日1丁目21番8号ケアスペース朝日101", "url": "https://www.kaigokensaku.mhlw.go.jp/27/index.php?action_kouhyou_detail_004_kani=true&JigyosyoCd=2772405813-00&ServiceCd=780&Type=search", "url2": null }, "geometry": { "type": "Point", "coordinates": [ 135.68649595337294, 34.855801955193961 ] } },
{ "type": "Feature", "properties": { "内容": "デイサービスこまり【地域密着型通所介護】大阪府枚方市上島町17番14号", "url": "https://www.kaigokensaku.mhlw.go.jp/27/index.php?action_kouhyou_detail_004_kani=true&JigyosyoCd=2792400679-00&ServiceCd=780&Type=search", "url2": "https://ds-komari.jp/" }, "geometry": { "type": "Point", "coordinates": [ 135.6695996, 34.849455299999967 ] } },
{ "type": "Feature", "properties": { "内容": "デイサービスこまり家【地域密着型通所介護】大阪府枚方市招提元町2-21-14", "url": "https://www.kaigokensaku.mhlw.go.jp/27/index.php?action_kouhyou_detail_004_kani=true&JigyosyoCd=2792400877-00&ServiceCd=780&Type=search", "url2": "https://ds-komari.jp/" }, "geometry": { "type": "Point", "coordinates": [ 135.684649328836059, 34.843638823117224 ] } },
{ "type": "Feature", "properties": { "内容": "デイサービスもこもこ広場【地域密着型通所介護】枚方市伊加賀栄町１３番４号", "url": "https://www.kaigokensaku.mhlw.go.jp/27/index.php?action_kouhyou_detail_004_kani=true&JigyosyoCd=2772405516-00&ServiceCd=780&Type=search", "url2": "https://atcompany.jp/mokomokohiroba/" }, "geometry": { "type": "Point", "coordinates": [ 135.634159599999947, 34.8056104 ] } },
{ "type": "Feature", "properties": { "内容": "デイサービスセンター桜枚方【地域密着型通所介護】大阪府枚方市招提元町4丁目５０－１０", "url": "https://www.kaigokensaku.mhlw.go.jp/27/index.php?action_kouhyou_detail_004_kani=true&JigyosyoCd=2792401065-00&ServiceCd=780&Type=search", "url2": null }, "geometry": { "type": "Point", "coordinates": [ 135.6884135, 34.8439901 ] } },
{ "type": "Feature", "properties": { "内容": "デイサービスセンター優々【地域密着型通所介護】大阪府枚方市菊丘町4番3号", "url": "https://www.kaigokensaku.mhlw.go.jp/27/index.php?action_kouhyou_detail_004_kani=true&JigyosyoCd=2792401081-00&ServiceCd=780&Type=search", "url2": "https://yuuka-kizuna.com/" }, "geometry": { "type": "Point", "coordinates": [ 135.6426659, 34.8044124 ] } },
{ "type": "Feature", "properties": { "内容": "デイサービスくじらの家【地域密着型通所介護】大阪府枚方市星丘4丁目18番9号", "url": "https://www.kaigokensaku.mhlw.go.jp/27/index.php?action_kouhyou_detail_004_kani=true&JigyosyoCd=2792400976-00&ServiceCd=780&Type=search", "url2": null }, "geometry": { "type": "Point", "coordinates": [ 135.670275530688485, 34.808775587107178 ] } },
{ "type": "Feature", "properties": { "内容": "ホームケアセンターぶらんこ【地域密着型通所介護】大阪府枚方市長尾谷町3丁目12の18", "url": "https://www.kaigokensaku.mhlw.go.jp/27/index.php?action_kouhyou_detail_004_kani=true&JigyosyoCd=2772405912-00&ServiceCd=780&Type=search", "url2": "http://www.ymmd-hcc.jp/location/ぶらんこ/" }, "geometry": { "type": "Point", "coordinates": [ 135.701132400000034, 34.8227377 ] } },
{ "type": "Feature", "properties": { "内容": "ペインケア　ラウレア　リハビリデイサービス【地域密着型通所介護】大阪府枚方市長尾谷町３丁目６－２２", "url": "https://www.kaigokensaku.mhlw.go.jp/27/index.php?action_kouhyou_detail_004_kani=true&JigyosyoCd=2792400497-00&ServiceCd=780&Type=search", "url2": "https://www.laulea-2018.co.jp/" }, "geometry": { "type": "Point", "coordinates": [ 135.699536874239726, 34.822658980176541 ] } },
{ "type": "Feature", "properties": { "内容": "リハビリデイサービス　おおもり【地域密着型通所介護】枚方市津田北町2-30-7", "url": "https://www.kaigokensaku.mhlw.go.jp/27/index.php?action_kouhyou_detail_004_kani=true&JigyosyoCd=2792400596-00&ServiceCd=780&Type=search", "url2": null }, "geometry": { "type": "Point", "coordinates": [ 135.7048582, 34.8117071 ] } },
{ "type": "Feature", "properties": { "内容": "天の川接骨院デイサービスセンター【地域密着型通所介護】大阪府枚方市星丘三丁目20番9号", "url": "https://www.kaigokensaku.mhlw.go.jp/27/index.php?action_kouhyou_detail_004_kani=true&JigyosyoCd=2792400364-00&ServiceCd=780&Type=search", "url2": "https://amanogawa.sakura.ne.jp/day/" }, "geometry": { "type": "Point", "coordinates": [ 135.665618399999971, 34.8080383 ] } },
{ "type": "Feature", "properties": { "内容": "さざなみデイサービスセンター【地域密着型通所介護】大阪府枚方市楠葉並木２丁目２０番６号", "url": "https://www.kaigokensaku.mhlw.go.jp/27/index.php?action_kouhyou_detail_004_kani=true&JigyosyoCd=2772401572-00&ServiceCd=780&Type=search", "url2": "https://sazanami-day.jp/" }, "geometry": { "type": "Point", "coordinates": [ 135.682673799999947, 34.8579001 ] } },
{ "type": "Feature", "properties": { "内容": "デイサービスばん福【地域密着型通所介護】大阪府茨木市島2丁目11番25号", "url": "https://www.kaigokensaku.mhlw.go.jp/27/index.php?action_kouhyou_detail_004_kani=true&JigyosyoCd=2794200762-00&ServiceCd=780&Type=search", "url2": "http://banpuku-day.com" }, "geometry": { "type": "Point", "coordinates": [ 135.5752008, 34.7912523 ] } },
{ "type": "Feature", "properties": { "内容": "リハビリデイサンスポーツ茨木安威【地域密着型通所介護】大阪府茨木市南安威2-5-3", "url": "https://www.kaigokensaku.mhlw.go.jp/27/index.php?action_kouhyou_detail_004_kani=true&JigyosyoCd=2794200754-00&ServiceCd=780&Type=search", "url2": "https://sunsportsconditioning.com/facility/#ai" }, "geometry": { "type": "Point", "coordinates": [ 135.5621098, 34.845163600000014 ] } },
{ "type": "Feature", "properties": { "内容": "リハビリデイ　サンスポーツ茨木【地域密着型通所介護】大阪府茨木市沢良宜東町１３－１４", "url": "https://www.kaigokensaku.mhlw.go.jp/27/index.php?action_kouhyou_detail_004_kani=true&JigyosyoCd=2794200606-00&ServiceCd=780&Type=search", "url2": "http://www.sunsportsconditioning.com" }, "geometry": { "type": "Point", "coordinates": [ 135.57374619999996, 34.7963489 ] } },
{ "type": "Feature", "properties": { "内容": "デイ１００総持寺【地域密着型通所介護】大阪府茨木市三島町２－１ローレルハイツ茨木１F", "url": "https://www.kaigokensaku.mhlw.go.jp/27/index.php?action_kouhyou_detail_004_kani=true&JigyosyoCd=2794200473-00&ServiceCd=780&Type=search", "url2": "https://3trust.jp/" }, "geometry": { "type": "Point", "coordinates": [ 135.578472799999986, 34.8299486 ] } },
{ "type": "Feature", "properties": { "内容": "ビーナスプラス稲葉【地域密着型通所介護】大阪府茨木市稲葉町１８－２２", "url": "https://www.kaigokensaku.mhlw.go.jp/27/index.php?action_kouhyou_detail_004_kani=true&JigyosyoCd=2794200549-00&ServiceCd=780&Type=search", "url2": "https://www.venus-comrade.co.jp/" }, "geometry": { "type": "Point", "coordinates": [ 135.5745071, 34.8103697 ] } },
{ "type": "Feature", "properties": { "内容": "デイサービス　八重【地域密着型通所介護】大阪府茨木市総持寺駅前町11-15山崎第８マンション　１F", "url": "https://www.kaigokensaku.mhlw.go.jp/27/index.php?action_kouhyou_detail_004_kani=true&JigyosyoCd=2794200747-00&ServiceCd=780&Type=search", "url2": "http://hp.kaipoke.biz/3hp/" }, "geometry": { "type": "Point", "coordinates": [ 135.58523550000001, 34.8280344 ] } },
{ "type": "Feature", "properties": { "内容": "デイサービス　わかくさ【地域密着型通所介護】大阪府茨木市若草町8-1", "url": "https://www.kaigokensaku.mhlw.go.jp/27/index.php?action_kouhyou_detail_004_kani=true&JigyosyoCd=2794200499-00&ServiceCd=780&Type=search", "url2": null }, "geometry": { "type": "Point", "coordinates": [ 135.565483, 34.8053199 ] } },
{ "type": "Feature", "properties": { "内容": "デイサロンたなごころ永代町【地域密着型通所介護】大阪府茨木市永代町9-5ユニハイム茨木永代町1階", "url": "https://www.kaigokensaku.mhlw.go.jp/27/index.php?action_kouhyou_detail_004_kani=true&JigyosyoCd=2794200689-00&ServiceCd=780&Type=search", "url2": "https://tanagocolo.org" }, "geometry": { "type": "Point", "coordinates": [ 135.576189822090129, 34.818781627602377 ] } },
{ "type": "Feature", "properties": { "内容": "たなごころ【地域密着型通所介護】茨木市桑田町9-18", "url": "https://www.kaigokensaku.mhlw.go.jp/27/index.php?action_kouhyou_detail_004_kani=true&JigyosyoCd=2794200523-00&ServiceCd=780&Type=search", "url2": "https://tanagocolo.org" }, "geometry": { "type": "Point", "coordinates": [ 135.58474769999998, 34.8133892 ] } },
{ "type": "Feature", "properties": { "内容": "ショッピングサポートデイサービスあき【地域密着型通所介護】大阪府茨木市山手台3丁目30番30号フレンドマートスマート内", "url": "https://www.kaigokensaku.mhlw.go.jp/27/index.php?action_kouhyou_detail_004_kani=true&JigyosyoCd=2794200838-00&ServiceCd=780&Type=search", "url2": "https://care-aki.com/" }, "geometry": { "type": "Point", "coordinates": [ 135.5524217, 34.8619854 ] } },
{ "type": "Feature", "properties": { "内容": "ハビリス西さわらぎ【地域密着型通所介護】大阪府茨木市沢良宜西2丁目7番22号", "url": "https://www.kaigokensaku.mhlw.go.jp/27/index.php?action_kouhyou_detail_004_kani=true&JigyosyoCd=2774203687-00&ServiceCd=780&Type=search", "url2": "http://www.takasima.jp/habilis/index.html" }, "geometry": { "type": "Point", "coordinates": [ 135.565058099999987, 34.7970902 ] } },
{ "type": "Feature", "properties": { "内容": "レッツ俱楽部茨木本町【地域密着型通所介護】大阪府茨木市本町6-9本町ビル1F", "url": "https://www.kaigokensaku.mhlw.go.jp/27/index.php?action_kouhyou_detail_004_kani=true&JigyosyoCd=2774204446-00&ServiceCd=780&Type=search", "url2": "http://www.lets-club.jp/shop/ibarakihonmachi/" }, "geometry": { "type": "Point", "coordinates": [ 135.573504100000036, 34.819305 ] } },
{ "type": "Feature", "properties": { "内容": "茶話本舗デイサービス東中条【地域密着型通所介護】大阪府茨木市東中条町13番18号エステートハイノ1F", "url": "https://www.kaigokensaku.mhlw.go.jp/27/index.php?action_kouhyou_detail_004_kani=true&JigyosyoCd=2774203901-00&ServiceCd=780&Type=search", "url2": "http://www.sawahonpo.com/" }, "geometry": { "type": "Point", "coordinates": [ 135.569043599999986, 34.8116861 ] } },
{ "type": "Feature", "properties": { "内容": "いく歩デイサービス玉島【地域密着型通所介護】大阪府茨木市玉島２丁目１２－３３", "url": "https://www.kaigokensaku.mhlw.go.jp/27/index.php?action_kouhyou_detail_004_kani=true&JigyosyoCd=2774204487-00&ServiceCd=780&Type=search", "url2": "https://lancar.jp" }, "geometry": { "type": "Point", "coordinates": [ 135.589044395106498, 34.800512907529331 ] } },
{ "type": "Feature", "properties": { "内容": "デイサービスセンター若園けいあいの里【地域密着型通所介護】大阪府茨木市若園町5番6号若園ハイツG号室", "url": "https://www.kaigokensaku.mhlw.go.jp/27/index.php?action_kouhyou_detail_004_kani=true&JigyosyoCd=2774203885-00&ServiceCd=780&Type=search", "url2": "http://www.keiainosato.com/" }, "geometry": { "type": "Point", "coordinates": [ 135.578404200000023, 34.8028261 ] } },
{ "type": "Feature", "properties": { "内容": "アクティブネットワークデイサービスセンター【地域密着型通所介護】大阪府茨木市片桐町11-161階", "url": "https://www.kaigokensaku.mhlw.go.jp/27/index.php?action_kouhyou_detail_004_kani=true&JigyosyoCd=2774203786-00&ServiceCd=780&Type=search", "url2": "http://activenetwork.or.jp" }, "geometry": { "type": "Point", "coordinates": [ 135.572454437434317, 34.8217381 ] } },
{ "type": "Feature", "properties": { "内容": "特定非営利活動法人ふれあいぽっぽ【地域密着型通所介護】大阪府茨木市大手町2-30", "url": "https://www.kaigokensaku.mhlw.go.jp/27/index.php?action_kouhyou_detail_004_kani=true&JigyosyoCd=2774200782-00&ServiceCd=780&Type=search", "url2": "http://www.fureai-poppo.jp/" }, "geometry": { "type": "Point", "coordinates": [ 135.572393975099203, 34.816206331529784 ] } },
{ "type": "Feature", "properties": { "内容": "デイサービスさくらの杜【地域密着型通所介護】茨木市郡山2丁目２６番２４号", "url": "https://www.kaigokensaku.mhlw.go.jp/27/index.php?action_kouhyou_detail_004_kani=true&JigyosyoCd=2774202242-00&ServiceCd=780&Type=search", "url2": null }, "geometry": { "type": "Point", "coordinates": [ 135.550277899999969, 34.835625 ] } },
{ "type": "Feature", "properties": { "内容": "デイサービスさくらの杜　きらり【地域密着型通所介護】大阪府茨木市新郡山2丁目2番40号郡山マーケット西側", "url": "https://www.kaigokensaku.mhlw.go.jp/27/index.php?action_kouhyou_detail_004_kani=true&JigyosyoCd=2774203752-00&ServiceCd=780&Type=search", "url2": null }, "geometry": { "type": "Point", "coordinates": [ 135.544972796295156, 34.831394879493658 ] } },
{ "type": "Feature", "properties": { "内容": "デイサービスみのはら【地域密着型通所介護】茨木市耳原一丁目１７番２２号　プランドール耳原1ーB", "url": "https://www.kaigokensaku.mhlw.go.jp/27/index.php?action_kouhyou_detail_004_kani=true&JigyosyoCd=2774202077-00&ServiceCd=780&Type=search", "url2": "https://www.minohara.care/wp/wp-login.php" }, "geometry": { "type": "Point", "coordinates": [ 135.562717549073795, 34.837967614792817 ] } },
{ "type": "Feature", "properties": { "内容": "デイサービス　かなで【地域密着型通所介護】大阪府茨木市駅前四丁目5-14アルテローゼン", "url": "https://www.kaigokensaku.mhlw.go.jp/27/index.php?action_kouhyou_detail_004_kani=true&JigyosyoCd=2774202952-00&ServiceCd=780&Type=search", "url2": "http://www.helper-house.co.jp" }, "geometry": { "type": "Point", "coordinates": [ 135.567043703217252, 34.818890324320101 ] } },
{ "type": "Feature", "properties": { "内容": "デイサービス　結【地域密着型通所介護】大阪府茨木市沢良宜西２丁目２番７号", "url": "https://www.kaigokensaku.mhlw.go.jp/27/index.php?action_kouhyou_detail_004_kani=true&JigyosyoCd=2774203828-00&ServiceCd=780&Type=search", "url2": "http://www.yuinet.co.jp/" }, "geometry": { "type": "Point", "coordinates": [ 135.564277599999969, 34.7975596 ] } },
{ "type": "Feature", "properties": { "内容": "駅前横丁おこめ【地域密着型通所介護】大阪府茨木市駅前4丁目5番15号アルテローゼン・ガリカ", "url": "https://www.kaigokensaku.mhlw.go.jp/27/index.php?action_kouhyou_detail_004_kani=true&JigyosyoCd=2774204537-00&ServiceCd=780&Type=search", "url2": "http://www.helper-house.co.jp" }, "geometry": { "type": "Point", "coordinates": [ 135.567262832540877, 34.818938851235615 ] } },
{ "type": "Feature", "properties": { "内容": "リハビリデイサービスコル【地域密着型通所介護】大阪府茨木市春日４丁目１０番１４号アレフポリス１F", "url": "https://www.kaigokensaku.mhlw.go.jp/27/index.php?action_kouhyou_detail_004_kani=true&JigyosyoCd=2774203547-00&ServiceCd=780&Type=search", "url2": null }, "geometry": { "type": "Point", "coordinates": [ 135.5685489, 34.8237766 ] } },
{ "type": "Feature", "properties": { "内容": "ミック健康の森茨木【地域密着型通所介護】大阪府茨木市沢良宜西1丁目18番3号", "url": "https://www.kaigokensaku.mhlw.go.jp/27/index.php?action_kouhyou_detail_004_kani=true&JigyosyoCd=2794200911-00&ServiceCd=780&Type=search", "url2": "https://mikjapan.co.jp/" }, "geometry": { "type": "Point", "coordinates": [ 135.5648835, 34.7990052 ] } },
{ "type": "Feature", "properties": { "内容": "デイサービス　太陽【地域密着型通所介護】茨木市大住町１－１　大住壱番館", "url": "https://www.kaigokensaku.mhlw.go.jp/27/index.php?action_kouhyou_detail_004_kani=true&JigyosyoCd=2774201574-00&ServiceCd=780&Type=search", "url2": null }, "geometry": { "type": "Point", "coordinates": [ 135.5761149, 34.8220104 ] } },
{ "type": "Feature", "properties": { "内容": "デイサービスセンターポン・ヌフ【地域密着型通所介護】大阪府茨木市小柳町6－16", "url": "https://www.kaigokensaku.mhlw.go.jp/27/index.php?action_kouhyou_detail_004_kani=true&JigyosyoCd=2774204222-00&ServiceCd=780&Type=search", "url2": "http://www.dss-pont-neuf.com/" }, "geometry": { "type": "Point", "coordinates": [ 135.5813372, 34.7964047 ] } },
{ "type": "Feature", "properties": { "内容": "レコードブック茨木鮎川【地域密着型通所介護】大阪府茨木市鮎川2丁目32番25号アライブ21-105号", "url": "https://www.kaigokensaku.mhlw.go.jp/27/index.php?action_kouhyou_detail_004_kani=true&JigyosyoCd=2794200887-00&ServiceCd=780&Type=search", "url2": "https://www.recordbook.jp/" }, "geometry": { "type": "Point", "coordinates": [ 135.59377458772164, 34.82114424308579 ] } },
{ "type": "Feature", "properties": { "内容": "地域密着型デイサービスあんたやから【地域密着型通所介護】大阪府茨木市若園町３７番２９号メゾン・ヴェルドゥール1F", "url": "https://www.kaigokensaku.mhlw.go.jp/27/index.php?action_kouhyou_detail_004_kani=true&JigyosyoCd=2794200861-00&ServiceCd=780&Type=search", "url2": "https://kanaeuta.com/" }, "geometry": { "type": "Point", "coordinates": [ 135.583192572387304, 34.801525537466283 ] } },
{ "type": "Feature", "properties": { "内容": "デイサービス　白川【地域密着型通所介護】大阪府茨木市白川一丁目3番２７号", "url": "https://www.kaigokensaku.mhlw.go.jp/27/index.php?action_kouhyou_detail_004_kani=true&JigyosyoCd=2794200531-00&ServiceCd=780&Type=search", "url2": null }, "geometry": { "type": "Point", "coordinates": [ 135.59966, 34.8148366 ] } },
{ "type": "Feature", "properties": { "内容": "デイサービスガーデンぐるり【地域密着型通所介護】大阪府茨木市沢良宜東町6番11号", "url": "https://www.kaigokensaku.mhlw.go.jp/27/index.php?action_kouhyou_detail_004_kani=true&JigyosyoCd=2794200853-00&ServiceCd=780&Type=search", "url2": "https://garden-gururi.jp/" }, "geometry": { "type": "Point", "coordinates": [ 135.5721074, 34.7984834 ] } },
{ "type": "Feature", "properties": { "内容": "ヒューマニティ南茨木【地域密着型通所介護】大阪府茨木市玉櫛２丁目２２番１８号", "url": "https://www.kaigokensaku.mhlw.go.jp/27/index.php?action_kouhyou_detail_004_kani=true&JigyosyoCd=2774203299-00&ServiceCd=780&Type=search", "url2": "https://atcompany.jp>bestwish" }, "geometry": { "type": "Point", "coordinates": [ 135.575740499999938, 34.8012234 ] } },
{ "type": "Feature", "properties": { "内容": "ミック健康の森　八尾【地域密着型通所介護】大阪府八尾市水越1-12-2", "url": "https://www.kaigokensaku.mhlw.go.jp/27/index.php?action_kouhyou_detail_004_kani=true&JigyosyoCd=2795500822-00&ServiceCd=780&Type=search", "url2": "https://mikjapan.co.jp/" }, "geometry": { "type": "Point", "coordinates": [ 135.63606630000001, 34.635570499999986 ] } },
{ "type": "Feature", "properties": { "内容": "リハビリテーションBeHappy【地域密着型通所介護】大阪府八尾市志紀町1丁目142番地ハイグレード志紀101", "url": "https://www.kaigokensaku.mhlw.go.jp/27/index.php?action_kouhyou_detail_004_kani=true&JigyosyoCd=2795500780-00&ServiceCd=780&Type=search", "url2": "https://rb-kiraku.jp/" }, "geometry": { "type": "Point", "coordinates": [ 135.611536300000012, 34.602501 ] } },
{ "type": "Feature", "properties": { "内容": "笑顔デイサービス【地域密着型通所介護】大阪府八尾市上之島町北1丁目10番地14", "url": "https://www.kaigokensaku.mhlw.go.jp/27/index.php?action_kouhyou_detail_004_kani=true&JigyosyoCd=2795500327-00&ServiceCd=780&Type=search", "url2": null }, "geometry": { "type": "Point", "coordinates": [ 135.620853300000022, 34.6386794 ] } },
{ "type": "Feature", "properties": { "内容": "デイサービスめぐみ【地域密着型通所介護】大阪府八尾市春日町2-6-3", "url": "https://www.kaigokensaku.mhlw.go.jp/27/index.php?action_kouhyou_detail_004_kani=true&JigyosyoCd=2795500590-00&ServiceCd=780&Type=search", "url2": null }, "geometry": { "type": "Point", "coordinates": [ 135.5930545, 34.6167394 ] } },
{ "type": "Feature", "properties": { "内容": "リハビリデイサービスめぐみ【地域密着型通所介護】大阪府八尾市南本町8-1-1", "url": "https://www.kaigokensaku.mhlw.go.jp/27/index.php?action_kouhyou_detail_004_kani=true&JigyosyoCd=2795500707-00&ServiceCd=780&Type=search", "url2": null }, "geometry": { "type": "Point", "coordinates": [ 135.6054528, 34.6153157 ] } },
{ "type": "Feature", "properties": { "内容": "レコードブック久宝寺口【地域密着型通所介護】大阪府八尾市久宝園1－59－1ラ・フォーレ久宝園102", "url": "https://www.kaigokensaku.mhlw.go.jp/27/index.php?action_kouhyou_detail_004_kani=true&JigyosyoCd=2795500525-00&ServiceCd=780&Type=search", "url2": "https://www.recordbook.jp/facility/kyuhojiguchi/" }, "geometry": { "type": "Point", "coordinates": [ 135.590728300000023, 34.6371381 ] } },
{ "type": "Feature", "properties": { "内容": "デイサービスBee:本町店【地域密着型通所介護】大阪府八尾市本町５丁目１−３１", "url": "https://www.kaigokensaku.mhlw.go.jp/27/index.php?action_kouhyou_detail_004_kani=true&JigyosyoCd=2795500582-00&ServiceCd=780&Type=search", "url2": "http://globalflat.co.jp" }, "geometry": { "type": "Point", "coordinates": [ 135.599364, 34.6290944 ] } },
{ "type": "Feature", "properties": { "内容": "リハビリスペース木の香【地域密着型通所介護】大阪府八尾市西山本町2-10-11ロイヤル山本102号", "url": "https://www.kaigokensaku.mhlw.go.jp/27/index.php?action_kouhyou_detail_004_kani=true&JigyosyoCd=2795500384-00&ServiceCd=780&Type=search", "url2": null }, "geometry": { "type": "Point", "coordinates": [ 135.61885929999994, 34.6298461 ] } },
{ "type": "Feature", "properties": { "内容": "エスプリ介護デイサービス【地域密着型通所介護】大阪府八尾市恩智南町5－103－2", "url": "https://www.kaigokensaku.mhlw.go.jp/27/index.php?action_kouhyou_detail_004_kani=true&JigyosyoCd=2795500418-00&ServiceCd=780&Type=search", "url2": "https://www.espri-kaigo.com/" }, "geometry": { "type": "Point", "coordinates": [ 135.632255100000066, 34.6042888 ] } },
{ "type": "Feature", "properties": { "内容": "リトルガーデンすてっぷ【地域密着型通所介護】大阪府八尾市北本町2丁目9-22", "url": "https://www.kaigokensaku.mhlw.go.jp/27/index.php?action_kouhyou_detail_004_kani=true&JigyosyoCd=2795500319-00&ServiceCd=780&Type=search", "url2": null }, "geometry": { "type": "Point", "coordinates": [ 135.6021634, 34.6325407 ] } },
{ "type": "Feature", "properties": { "内容": "トータルケア八尾デイサービスセンター【地域密着型通所介護】大阪府八尾市山本町北四丁目8番10号", "url": "https://www.kaigokensaku.mhlw.go.jp/27/index.php?action_kouhyou_detail_004_kani=true&JigyosyoCd=2795500426-00&ServiceCd=780&Type=search", "url2": null }, "geometry": { "type": "Point", "coordinates": [ 135.622492100000045, 34.6247505 ] } },
{ "type": "Feature", "properties": { "内容": "ビーナスプラス南木の本【地域密着型通所介護】大阪府八尾市南木の本4-34", "url": "https://www.kaigokensaku.mhlw.go.jp/27/index.php?action_kouhyou_detail_004_kani=true&JigyosyoCd=2795500723-00&ServiceCd=780&Type=search", "url2": "https://www.venus-comrade.co.jp/office/plus_minamikinomoto/" }, "geometry": { "type": "Point", "coordinates": [ 135.586876499999988, 34.6027224 ] } },
{ "type": "Feature", "properties": { "内容": "デイサービスさくらんぼ【地域密着型通所介護】大阪府八尾市山本町北3丁目9番10号", "url": "https://www.kaigokensaku.mhlw.go.jp/27/index.php?action_kouhyou_detail_004_kani=true&JigyosyoCd=2795500301-00&ServiceCd=780&Type=search", "url2": null }, "geometry": { "type": "Point", "coordinates": [ 135.6189585, 34.6379618 ] } },
{ "type": "Feature", "properties": { "内容": "機能訓練デイサービスR&Bぷらす【地域密着型通所介護】大阪府八尾市田井中４丁目３１番地", "url": "https://www.kaigokensaku.mhlw.go.jp/27/index.php?action_kouhyou_detail_004_kani=true&JigyosyoCd=2795500517-00&ServiceCd=780&Type=search", "url2": "https://rb-kiraku.jp/" }, "geometry": { "type": "Point", "coordinates": [ 135.605895700000019, 34.5999586 ] } },
{ "type": "Feature", "properties": { "内容": "デイサービスセンター寿光園【地域密着型通所介護】大阪府八尾市楽音寺2丁目125番地", "url": "https://www.kaigokensaku.mhlw.go.jp/27/index.php?action_kouhyou_detail_004_kani=true&JigyosyoCd=2795500483-00&ServiceCd=780&Type=search", "url2": "http://jyukouen.jyukoukai.org" }, "geometry": { "type": "Point", "coordinates": [ 135.638872799999945, 34.6411348 ] } },
{ "type": "Feature", "properties": { "内容": "リハビリ特化型デイサービスセンターパンダ【地域密着型通所介護】大阪府八尾市春日町1丁目9番地21号ハヤシコーポ1階", "url": "https://www.kaigokensaku.mhlw.go.jp/27/index.php?action_kouhyou_detail_004_kani=true&JigyosyoCd=2795500558-00&ServiceCd=780&Type=search", "url2": "http://www.tomojyu.or.jp" }, "geometry": { "type": "Point", "coordinates": [ 135.5888683, 34.6186763 ] } },
{ "type": "Feature", "properties": { "内容": "桃源之郷デイサービス【地域密着型通所介護】大阪府八尾市楠根町四丁目４１番地の４", "url": "https://www.kaigokensaku.mhlw.go.jp/27/index.php?action_kouhyou_detail_004_kani=true&JigyosyoCd=2775505312-00&ServiceCd=780&Type=search", "url2": null }, "geometry": { "type": "Point", "coordinates": [ 135.600693897140076, 34.642015461965194 ] } },
{ "type": "Feature", "properties": { "内容": "デイサービスくつろぎの里久宝寺店【地域密着型通所介護】大阪府八尾市久宝寺2-2-3", "url": "https://www.kaigokensaku.mhlw.go.jp/27/index.php?action_kouhyou_detail_004_kani=true&JigyosyoCd=2775505551-00&ServiceCd=780&Type=search", "url2": "http://kutsuroginosato.com" }, "geometry": { "type": "Point", "coordinates": [ 135.590926200475707, 34.627882184160789 ] } },
{ "type": "Feature", "properties": { "内容": "リハビリテーションデイサービスOptis小阪合【地域密着型通所介護】大阪府八尾市南小阪合町1-1-12阪奈ビル１Ｆ", "url": "https://www.kaigokensaku.mhlw.go.jp/27/index.php?action_kouhyou_detail_004_kani=true&JigyosyoCd=2775504547-00&ServiceCd=780&Type=search", "url2": "https://www.moral-code.com/" }, "geometry": { "type": "Point", "coordinates": [ 135.612873600000057, 34.6253724 ] } },
{ "type": "Feature", "properties": { "内容": "リカバリーケア明美町リハビリデイサービス【地域密着型通所介護】大阪府八尾市明美町2-1-28", "url": "https://www.kaigokensaku.mhlw.go.jp/27/index.php?action_kouhyou_detail_004_kani=true&JigyosyoCd=2775503747-00&ServiceCd=780&Type=search", "url2": "https://www.unionsquare.co.jp" }, "geometry": { "type": "Point", "coordinates": [ 135.6008769, 34.6201471 ] } },
{ "type": "Feature", "properties": { "内容": "デイサービスフラワー【地域密着型通所介護】大阪府八尾市桜ヶ丘２丁目237番地", "url": "https://www.kaigokensaku.mhlw.go.jp/27/index.php?action_kouhyou_detail_004_kani=true&JigyosyoCd=2775504224-00&ServiceCd=780&Type=search", "url2": "https://www.at-ml.jp/75041/" }, "geometry": { "type": "Point", "coordinates": [ 135.609251699999959, 34.6288969 ] } },
{ "type": "Feature", "properties": { "内容": "グランドスマイルデイサービスセンター【地域密着型通所介護】大阪府八尾市八尾木北２丁目４１番地の２あひるビル1階", "url": "https://www.kaigokensaku.mhlw.go.jp/27/index.php?action_kouhyou_detail_004_kani=true&JigyosyoCd=2775503366-00&ServiceCd=780&Type=search", "url2": "http://www.grandsmile.co.jp/" }, "geometry": { "type": "Point", "coordinates": [ 135.612832, 34.6150375 ] } },
{ "type": "Feature", "properties": { "内容": "リハビリデイサービス　ワンステップ【地域密着型通所介護】八尾市若林町３－116八尾南ピュアーハイツ　１Ｆ", "url": "https://www.kaigokensaku.mhlw.go.jp/27/index.php?action_kouhyou_detail_004_kani=true&JigyosyoCd=2775505320-00&ServiceCd=780&Type=search", "url2": null }, "geometry": { "type": "Point", "coordinates": [ 135.5817581, 34.5941917 ] } },
{ "type": "Feature", "properties": { "内容": "デイサービスいちごいちえ【地域密着型通所介護】大阪府八尾市東久宝寺3-11-26", "url": "https://www.kaigokensaku.mhlw.go.jp/27/index.php?action_kouhyou_detail_004_kani=true&JigyosyoCd=2775504349-00&ServiceCd=780&Type=search", "url2": null }, "geometry": { "type": "Point", "coordinates": [ 135.589672899999982, 34.6329375 ] } },
{ "type": "Feature", "properties": { "内容": "ポラリスデイサービスセンター八尾老原【地域密着型通所介護】大阪府八尾市老原1-14-3", "url": "https://www.kaigokensaku.mhlw.go.jp/27/index.php?action_kouhyou_detail_004_kani=true&JigyosyoCd=2775504745-00&ServiceCd=780&Type=search", "url2": "http://www.polaris.care/" }, "geometry": { "type": "Point", "coordinates": [ 135.604737399999976, 34.6089222 ] } },
{ "type": "Feature", "properties": { "内容": "リハまーる【地域密着型通所介護】大阪府八尾市南本町三丁目1番30号", "url": "https://www.kaigokensaku.mhlw.go.jp/27/index.php?action_kouhyou_detail_004_kani=true&JigyosyoCd=2775505668-00&ServiceCd=780&Type=search", "url2": null }, "geometry": { "type": "Point", "coordinates": [ 135.602795799999967, 34.622731 ] } },
{ "type": "Feature", "properties": { "内容": "デイサービスセンター　ラポール【地域密着型通所介護】大阪府八尾市刑部3丁目43番地１", "url": "https://www.kaigokensaku.mhlw.go.jp/27/index.php?action_kouhyou_detail_004_kani=true&JigyosyoCd=2775504604-00&ServiceCd=780&Type=search", "url2": "http://yao-rapport.jp" }, "geometry": { "type": "Point", "coordinates": [ 135.617700900000045, 34.6124074 ] } },
{ "type": "Feature", "properties": { "内容": "デイサービスR&B【地域密着型通所介護】大阪府八尾市志紀町一丁目１５１番地の１ジョイフルオオイシ３号館１０１号室", "url": "https://www.kaigokensaku.mhlw.go.jp/27/index.php?action_kouhyou_detail_004_kani=true&JigyosyoCd=2775504828-00&ServiceCd=780&Type=search", "url2": null }, "geometry": { "type": "Point", "coordinates": [ 135.611469699999986, 34.60163750000001 ] } },
{ "type": "Feature", "properties": { "内容": "お元気さまデイサービス愛の輪【地域密着型通所介護】大阪府八尾市中田5－60", "url": "https://www.kaigokensaku.mhlw.go.jp/27/index.php?action_kouhyou_detail_004_kani=true&JigyosyoCd=2775505346-00&ServiceCd=780&Type=search", "url2": "https://genkinakaigo.co.jp" }, "geometry": { "type": "Point", "coordinates": [ 135.615909399999964, 34.6184039 ] } },
{ "type": "Feature", "properties": { "内容": "わかばデイサービス【地域密着型通所介護】大阪府八尾市沼１丁目６８番地２０", "url": "https://www.kaigokensaku.mhlw.go.jp/27/index.php?action_kouhyou_detail_004_kani=true&JigyosyoCd=2775504042-00&ServiceCd=780&Type=search", "url2": null }, "geometry": { "type": "Point", "coordinates": [ 135.600692400000014, 34.5875511 ] } },
{ "type": "Feature", "properties": { "内容": "通所介護事業デイサービスセンター　吉兆苑【地域密着型通所介護】八尾市幸町六丁目33番地2", "url": "https://www.kaigokensaku.mhlw.go.jp/27/index.php?action_kouhyou_detail_004_kani=true&JigyosyoCd=2775500347-00&ServiceCd=780&Type=search", "url2": "http://www.kicchouen.com" }, "geometry": { "type": "Point", "coordinates": [ 135.606432, 34.6500555 ] } },
{ "type": "Feature", "properties": { "内容": "ハピネス八尾デイサービスセンター【地域密着型通所介護】大阪府八尾市太田新町三丁目88番地1", "url": "https://www.kaigokensaku.mhlw.go.jp/27/index.php?action_kouhyou_detail_004_kani=true&JigyosyoCd=2775500495-00&ServiceCd=780&Type=search", "url2": null }, "geometry": { "type": "Point", "coordinates": [ 135.590229499999964, 34.5936697 ] } },
{ "type": "Feature", "properties": { "内容": "八尾市立デイサービスセンター【地域密着型通所介護】大阪府八尾市南本町八丁目４番５号", "url": "https://www.kaigokensaku.mhlw.go.jp/27/index.php?action_kouhyou_detail_004_kani=true&JigyosyoCd=2775502079-00&ServiceCd=780&Type=search", "url2": "https://www.kizuna-yao.org/" }, "geometry": { "type": "Point", "coordinates": [ 135.606688299999973, 34.6135209 ] } },
{ "type": "Feature", "properties": { "内容": "福寿ケアハウス　デイサービスセンター【地域密着型通所介護】大阪府八尾市福万寺町三丁目12番地の2", "url": "https://www.kaigokensaku.mhlw.go.jp/27/index.php?action_kouhyou_detail_004_kani=true&JigyosyoCd=2775500701-00&ServiceCd=780&Type=search", "url2": null }, "geometry": { "type": "Point", "coordinates": [ 135.620553100000052, 34.6452314 ] } },
{ "type": "Feature", "properties": { "内容": "デイサービスはあとふる・あい【地域密着型通所介護】大阪府八尾市天王寺屋五丁目１３３番地", "url": "https://www.kaigokensaku.mhlw.go.jp/27/index.php?action_kouhyou_detail_004_kani=true&JigyosyoCd=2775501774-00&ServiceCd=780&Type=search", "url2": null }, "geometry": { "type": "Point", "coordinates": [ 135.614677679150645, 34.604089248372361 ] } },
{ "type": "Feature", "properties": { "内容": "デイサービス富士【地域密着型通所介護】大阪府八尾市長池町2丁目45番地の22", "url": "https://www.kaigokensaku.mhlw.go.jp/27/index.php?action_kouhyou_detail_004_kani=true&JigyosyoCd=2775505585-00&ServiceCd=780&Type=search", "url2": "dayservice-fuji.com" }, "geometry": { "type": "Point", "coordinates": [ 135.611673743757905, 34.638442025877993 ] } },
{ "type": "Feature", "properties": { "内容": "トレーニングデイサービス元気【地域密着型通所介護】大阪府八尾市宮町1-6-4", "url": "https://www.kaigokensaku.mhlw.go.jp/27/index.php?action_kouhyou_detail_004_kani=true&JigyosyoCd=2775505098-00&ServiceCd=780&Type=search", "url2": null }, "geometry": { "type": "Point", "coordinates": [ 135.596816699999977, 34.6328349 ] } },
{ "type": "Feature", "properties": { "内容": "リハビリデイサービスセンターアクア【地域密着型通所介護】大阪府八尾市北木の本5丁目８６ライラック北木の本１階", "url": "https://www.kaigokensaku.mhlw.go.jp/27/index.php?action_kouhyou_detail_004_kani=true&JigyosyoCd=2795500475-00&ServiceCd=780&Type=search", "url2": "http://hp.kaipoke.biz/m66/127283/price_0004.html" }, "geometry": { "type": "Point", "coordinates": [ 135.5898159, 34.6083313 ] } },
{ "type": "Feature", "properties": { "内容": "リハビリ・スタジオおんぢなかまち【地域密着型通所介護】大阪府八尾市恩智中町4-245", "url": "https://www.kaigokensaku.mhlw.go.jp/27/index.php?action_kouhyou_detail_004_kani=true&JigyosyoCd=2775505056-00&ServiceCd=780&Type=search", "url2": null }, "geometry": { "type": "Point", "coordinates": [ 135.632497677909896, 34.608797006264659 ] } },
{ "type": "Feature", "properties": { "内容": "山本苑デイサービスセンター【地域密着型通所介護】大阪府八尾市長池町3丁目21番地9号ケアハウス山本苑", "url": "https://www.kaigokensaku.mhlw.go.jp/27/index.php?action_kouhyou_detail_004_kani=true&JigyosyoCd=2775500677-00&ServiceCd=780&Type=search", "url2": "http://www.yamamotoen.net/" }, "geometry": { "type": "Point", "coordinates": [ 135.612334499999946, 34.6404567 ] } },
{ "type": "Feature", "properties": { "内容": "デイサービスハート【地域密着型通所介護】八尾市弓削町１丁目８３番地", "url": "https://www.kaigokensaku.mhlw.go.jp/27/index.php?action_kouhyou_detail_004_kani=true&JigyosyoCd=2775503226-00&ServiceCd=780&Type=search", "url2": null }, "geometry": { "type": "Point", "coordinates": [ 135.613632100000018, 34.5997559 ] } },
{ "type": "Feature", "properties": { "内容": "リハビリデイ北川【地域密着型通所介護】大阪府八尾市山本町南１－１０－１１", "url": "https://www.kaigokensaku.mhlw.go.jp/27/index.php?action_kouhyou_detail_004_kani=true&JigyosyoCd=2795500731-00&ServiceCd=780&Type=search", "url2": "https://www.kitagawa-clinic.jp/" }, "geometry": { "type": "Point", "coordinates": [ 135.620055400000012, 34.6264497 ] } },
{ "type": "Feature", "properties": { "内容": "デイサービス夕凪【地域密着型通所介護】大阪府八尾市垣内三丁目７３番地", "url": "https://www.kaigokensaku.mhlw.go.jp/27/index.php?action_kouhyou_detail_004_kani=true&JigyosyoCd=2775504398-00&ServiceCd=780&Type=search", "url2": null }, "geometry": { "type": "Point", "coordinates": [ 135.6337383, 34.6167207 ] } },
{ "type": "Feature", "properties": { "内容": "リハビリ特化型デイサービスニコット【地域密着型通所介護】大阪府八尾市若草町3番46号", "url": "https://www.kaigokensaku.mhlw.go.jp/27/index.php?action_kouhyou_detail_004_kani=true&JigyosyoCd=2795500467-00&ServiceCd=780&Type=search", "url2": "http://www.grasp-develop.com/nicotto" }, "geometry": { "type": "Point", "coordinates": [ 135.611666499999956, 34.6259124 ] } },
{ "type": "Feature", "properties": { "内容": "デイサービスセンターいのうえ【地域密着型通所介護】大阪府八尾市萱振町５丁目11番6号", "url": "https://www.kaigokensaku.mhlw.go.jp/27/index.php?action_kouhyou_detail_004_kani=true&JigyosyoCd=2775503259-00&ServiceCd=780&Type=search", "url2": null }, "geometry": { "type": "Point", "coordinates": [ 135.606171099999983, 34.6436812 ] } },
{ "type": "Feature", "properties": { "内容": "ムグンファ【地域密着型通所介護】大阪府八尾市志紀町３丁目３０八尾韓国人会館", "url": "https://www.kaigokensaku.mhlw.go.jp/27/index.php?action_kouhyou_detail_004_kani=true&JigyosyoCd=2775504497-00&ServiceCd=780&Type=search", "url2": "http://www.mindan-osaka.org/suisin/fukusi.html" }, "geometry": { "type": "Point", "coordinates": [ 135.615048600000023, 34.6012475 ] } },
{ "type": "Feature", "properties": { "内容": "はくとう春日デイサービスセンター【地域密着型通所介護】大阪府八尾市春日町4-5-3", "url": "https://www.kaigokensaku.mhlw.go.jp/27/index.php?action_kouhyou_detail_004_kani=true&JigyosyoCd=2775505270-00&ServiceCd=780&Type=search", "url2": "https://meijyukai.jp/office/hakutou-kasuga/" }, "geometry": { "type": "Point", "coordinates": [ 135.590953799999966, 34.6171366 ] } },
{ "type": "Feature", "properties": { "内容": "しろばとデイサービス【地域密着型通所介護】大阪府八尾市山賀町3-19-5", "url": "https://www.kaigokensaku.mhlw.go.jp/27/index.php?action_kouhyou_detail_004_kani=true&JigyosyoCd=2795500848-00&ServiceCd=780&Type=search", "url2": "https://shirobato.com/" }, "geometry": { "type": "Point", "coordinates": [ 135.599590206745916, 34.644851406100983 ] } },
{ "type": "Feature", "properties": { "内容": "デイサービスすいせん【地域密着型通所介護】大阪府八尾市山本町北７－８－３", "url": "https://www.kaigokensaku.mhlw.go.jp/27/index.php?action_kouhyou_detail_004_kani=true&JigyosyoCd=2775503556-00&ServiceCd=780&Type=search", "url2": "https://suisen9972331.wixsite.com/suisen" }, "geometry": { "type": "Point", "coordinates": [ 135.6167173, 34.646009 ] } },
{ "type": "Feature", "properties": { "内容": "樹楽団らんの家八尾【地域密着型通所介護】大阪府八尾市光町１－２５ルミエール八尾", "url": "https://www.kaigokensaku.mhlw.go.jp/27/index.php?action_kouhyou_detail_004_kani=true&JigyosyoCd=2775504034-00&ServiceCd=780&Type=search", "url2": null }, "geometry": { "type": "Point", "coordinates": [ 135.604319335218548, 34.632979210623105 ] } },
{ "type": "Feature", "properties": { "内容": "デイサービスひらおか【地域密着型通所介護】大阪府八尾市本町三丁目4-2西村ビル1階", "url": "https://www.kaigokensaku.mhlw.go.jp/27/index.php?action_kouhyou_detail_004_kani=true&JigyosyoCd=2775504000-00&ServiceCd=780&Type=search", "url2": null }, "geometry": { "type": "Point", "coordinates": [ 135.597914543385542, 34.627364444863204 ] } },
{ "type": "Feature", "properties": { "内容": "ビーナスプラス八尾【地域密着型通所介護】大阪府八尾市小畑町2-33-21", "url": "https://www.kaigokensaku.mhlw.go.jp/27/index.php?action_kouhyou_detail_004_kani=true&JigyosyoCd=2775505650-00&ServiceCd=780&Type=search", "url2": "http://www.venus-comrade.co.jp/" }, "geometry": { "type": "Point", "coordinates": [ 135.6099458, 34.6425342 ] } },
{ "type": "Feature", "properties": { "内容": "デイサービスきらり【地域密着型通所介護】大阪府八尾市泉町2‐14-3プレ・リヴェール1F", "url": "https://www.kaigokensaku.mhlw.go.jp/27/index.php?action_kouhyou_detail_004_kani=true&JigyosyoCd=2795500400-00&ServiceCd=780&Type=search", "url2": null }, "geometry": { "type": "Point", "coordinates": [ 135.604364199999964, 34.6474082 ] } },
{ "type": "Feature", "properties": { "内容": "ポラリスデイサービスセンター八尾山本【地域密着型通所介護】大阪府泉佐野市日根野3322-1", "url": "https://www.kaigokensaku.mhlw.go.jp/27/index.php?action_kouhyou_detail_004_kani=true&JigyosyoCd=2795500830-00&ServiceCd=780&Type=search", "url2": null }, "geometry": { "type": "Point", "coordinates": [ 135.3274219, 34.3787042 ] } },
{ "type": "Feature", "properties": { "内容": "デイサービスリハプラス【地域密着型通所介護】大阪府泉佐野市中庄916－4", "url": "https://www.kaigokensaku.mhlw.go.jp/27/index.php?action_kouhyou_detail_004_kani=true&JigyosyoCd=2794500187-00&ServiceCd=780&Type=search", "url2": null }, "geometry": { "type": "Point", "coordinates": [ 135.330765953967301, 34.411575579495086 ] } },
{ "type": "Feature", "properties": { "内容": "ミック健康の森　泉佐野【地域密着型通所介護】大阪府泉佐野市市場西3丁目10番7号", "url": "https://www.kaigokensaku.mhlw.go.jp/27/index.php?action_kouhyou_detail_004_kani=true&JigyosyoCd=2794500229-00&ServiceCd=780&Type=search", "url2": "https://mikjapan.co.jp/" }, "geometry": { "type": "Point", "coordinates": [ 135.3190085, 34.4062067 ] } },
{ "type": "Feature", "properties": { "内容": "デイサービス　はぐらざき【地域密着型通所介護】大阪府泉佐野市羽倉崎上町２丁目3578ｰ１", "url": "https://www.kaigokensaku.mhlw.go.jp/27/index.php?action_kouhyou_detail_004_kani=true&JigyosyoCd=2794500195-00&ServiceCd=780&Type=search", "url2": "http://t-triz.com" }, "geometry": { "type": "Point", "coordinates": [ 135.3000645, 34.3965753 ] } },
{ "type": "Feature", "properties": { "内容": "「リハビリ＆フィットネス」デイサービスセンター　たのしむところ【地域密着型通所介護】大阪府泉佐野市中町１丁目7番43号", "url": "https://www.kaigokensaku.mhlw.go.jp/27/index.php?action_kouhyou_detail_004_kani=true&JigyosyoCd=2794500211-00&ServiceCd=780&Type=search", "url2": null }, "geometry": { "type": "Point", "coordinates": [ 135.318487540475473, 34.401675128030284 ] } },
{ "type": "Feature", "properties": { "内容": "地域密着型通所介護　FANlife【地域密着型通所介護】大阪府泉佐野市高松南１丁目２－８オリーブ高松南１０１号室", "url": "https://www.kaigokensaku.mhlw.go.jp/27/index.php?action_kouhyou_detail_004_kani=true&JigyosyoCd=2794500203-00&ServiceCd=780&Type=search", "url2": "https://www.gl-fanlife.com" }, "geometry": { "type": "Point", "coordinates": [ 135.3130641, 34.4028663 ] } },
{ "type": "Feature", "properties": { "内容": "ポラリスデイサービスセンター市場西【地域密着型通所介護】大阪府泉佐野市市場西３丁目10-18", "url": "https://www.kaigokensaku.mhlw.go.jp/27/index.php?action_kouhyou_detail_004_kani=true&JigyosyoCd=2774502849-00&ServiceCd=780&Type=search", "url2": null }, "geometry": { "type": "Point", "coordinates": [ 135.318207600000051, 34.4069253 ] } },
{ "type": "Feature", "properties": { "内容": "ひだまりデイサービス【地域密着型通所介護】大阪府泉佐野市高松東2-2-1", "url": "https://www.kaigokensaku.mhlw.go.jp/27/index.php?action_kouhyou_detail_004_kani=true&JigyosyoCd=2774502492-00&ServiceCd=780&Type=search", "url2": null }, "geometry": { "type": "Point", "coordinates": [ 135.315835600000014, 34.4034867 ] } },
{ "type": "Feature", "properties": { "内容": "デイサービスほのかの里【地域密着型通所介護】大阪府泉佐野市笠松2丁目7－28インペリアル関西エアポートA101号室", "url": "https://www.kaigokensaku.mhlw.go.jp/27/index.php?action_kouhyou_detail_004_kani=true&JigyosyoCd=2774502237-00&ServiceCd=780&Type=search", "url2": null }, "geometry": { "type": "Point", "coordinates": [ 135.3060046, 34.407586987811854 ] } },
{ "type": "Feature", "properties": { "内容": "デイサービスセンターひだまり湊【地域密着型通所介護】大阪府泉佐野市湊二丁目６番４３号", "url": "https://www.kaigokensaku.mhlw.go.jp/27/index.php?action_kouhyou_detail_004_kani=true&JigyosyoCd=2774501395-00&ServiceCd=780&Type=search", "url2": null }, "geometry": { "type": "Point", "coordinates": [ 135.32187650000003, 34.4181438 ] } },
{ "type": "Feature", "properties": { "内容": "古民家デイ真ごころ【地域密着型通所介護】大阪府泉佐野市鶴原1397-1", "url": "https://www.kaigokensaku.mhlw.go.jp/27/index.php?action_kouhyou_detail_004_kani=true&JigyosyoCd=2794500138-00&ServiceCd=780&Type=search", "url2": "https://www.makotocare-sta.net" }, "geometry": { "type": "Point", "coordinates": [ 135.342095800000038, 34.4221076 ] } },
{ "type": "Feature", "properties": { "内容": "デイサービス　結び【地域密着型通所介護】大阪府泉佐野市上町1丁目11-55オアシスコート1階", "url": "https://www.kaigokensaku.mhlw.go.jp/27/index.php?action_kouhyou_detail_004_kani=true&JigyosyoCd=2774502393-00&ServiceCd=780&Type=search", "url2": null }, "geometry": { "type": "Point", "coordinates": [ 135.324351500000034, 34.4100501 ] } },
{ "type": "Feature", "properties": { "内容": "恵風デイサービス【地域密着型通所介護】大阪府泉佐野市松風台２丁目14-17", "url": "https://www.kaigokensaku.mhlw.go.jp/27/index.php?action_kouhyou_detail_004_kani=true&JigyosyoCd=2774502799-00&ServiceCd=780&Type=search", "url2": "https://drei-wind.co.jp/" }, "geometry": { "type": "Point", "coordinates": [ 135.334015084655789, 34.399763129274284 ] } },
{ "type": "Feature", "properties": { "内容": "デイサービスこえみ【地域密着型通所介護】大阪府泉佐野市元町１番１号", "url": "https://www.kaigokensaku.mhlw.go.jp/27/index.php?action_kouhyou_detail_004_kani=true&JigyosyoCd=2794500146-00&ServiceCd=780&Type=search", "url2": null }, "geometry": { "type": "Point", "coordinates": [ 135.3155928, 34.413198 ] } },
{ "type": "Feature", "properties": { "内容": "こつまデイサービスセンター【地域密着型通所介護】大阪府泉佐野市大西1丁目12-17", "url": "https://www.kaigokensaku.mhlw.go.jp/27/index.php?action_kouhyou_detail_004_kani=true&JigyosyoCd=2794500237-00&ServiceCd=780&Type=search", "url2": null }, "geometry": { "type": "Point", "coordinates": [ 135.31128419999996, 34.411366407215446 ] } },
{ "type": "Feature", "properties": { "内容": "デイサービス市民との絆　日根野【地域密着型通所介護】大阪府泉佐野市日根野1614番地", "url": "https://www.kaigokensaku.mhlw.go.jp/27/index.php?action_kouhyou_detail_004_kani=true&JigyosyoCd=2774502369-00&ServiceCd=780&Type=search", "url2": null }, "geometry": { "type": "Point", "coordinates": [ 135.334329762518365, 34.378928391340544 ] } },
{ "type": "Feature", "properties": { "内容": "リハプライド富田林【地域密着型通所介護】大阪府富田林市宮町2-9-49", "url": "https://www.kaigokensaku.mhlw.go.jp/27/index.php?action_kouhyou_detail_004_kani=true&JigyosyoCd=2794900205-00&ServiceCd=780&Type=search", "url2": "https://www.rehapride.co.jp/tondabayashi/" }, "geometry": { "type": "Point", "coordinates": [ 135.606615050430321, 34.520531750303086 ] } },
{ "type": "Feature", "properties": { "内容": "カメリアデイサービス倶楽部【地域密着型通所介護】大阪府富田林市高辺台3-7-20", "url": "https://www.kaigokensaku.mhlw.go.jp/27/index.php?action_kouhyou_detail_004_kani=true&JigyosyoCd=2794900155-00&ServiceCd=780&Type=search", "url2": "https://www.caremeria.co.jp" }, "geometry": { "type": "Point", "coordinates": [ 135.571313599999939, 34.4948636 ] } },
{ "type": "Feature", "properties": { "内容": "デイサービスセンター暖【地域密着型通所介護】大阪府富田林市藤沢台六丁目13番7号", "url": "https://www.kaigokensaku.mhlw.go.jp/27/index.php?action_kouhyou_detail_004_kani=true&JigyosyoCd=2794900163-00&ServiceCd=780&Type=search", "url2": null }, "geometry": { "type": "Point", "coordinates": [ 135.5725966, 34.5089731 ] } },
{ "type": "Feature", "properties": { "内容": "新堂診療所リハビリデイすまいる【地域密着型通所介護】大阪府富田林市若松町１丁目１９番１０号新堂診療所", "url": "https://www.kaigokensaku.mhlw.go.jp/27/index.php?action_kouhyou_detail_004_kani=true&JigyosyoCd=2774900852-00&ServiceCd=780&Type=search", "url2": "http://www.shindou-s.sakura.ne.jp" }, "geometry": { "type": "Point", "coordinates": [ 135.605735, 34.5034186 ] } },
{ "type": "Feature", "properties": { "内容": "デイサービスセンター　うぐいすの園【地域密着型通所介護】大阪府富田林市梅の里2丁目7番29", "url": "https://www.kaigokensaku.mhlw.go.jp/27/index.php?action_kouhyou_detail_004_kani=true&JigyosyoCd=2774901611-00&ServiceCd=780&Type=search", "url2": null }, "geometry": { "type": "Point", "coordinates": [ 135.598474200000027, 34.5276687 ] } },
{ "type": "Feature", "properties": { "内容": "リハビリデイサービスティアラ常盤町【地域密着型通所介護】大阪府富田林市常盤町8-14", "url": "https://www.kaigokensaku.mhlw.go.jp/27/index.php?action_kouhyou_detail_004_kani=true&JigyosyoCd=2774902163-00&ServiceCd=780&Type=search", "url2": "http://kawachinagano586rehabilitation.web.fc2.com/" }, "geometry": { "type": "Point", "coordinates": [ 135.5991057, 34.5017365 ] } },
{ "type": "Feature", "properties": { "内容": "デイサービスセンターゆう【地域密着型通所介護】大阪府富田林市新家２丁目１４番５０号", "url": "https://www.kaigokensaku.mhlw.go.jp/27/index.php?action_kouhyou_detail_004_kani=true&JigyosyoCd=2774900225-00&ServiceCd=780&Type=search", "url2": "http://www.khaus.org" }, "geometry": { "type": "Point", "coordinates": [ 135.582959699999947, 34.4921337 ] } },
{ "type": "Feature", "properties": { "内容": "デイサービス　もみの木【地域密着型通所介護】大阪府富田林市梅の里2丁目10番13号", "url": "https://www.kaigokensaku.mhlw.go.jp/27/index.php?action_kouhyou_detail_004_kani=true&JigyosyoCd=2774902403-00&ServiceCd=780&Type=search", "url2": "https://www.asunaro01009.com/" }, "geometry": { "type": "Point", "coordinates": [ 135.597114437917611, 34.526941979515477 ] } },
{ "type": "Feature", "properties": { "内容": "トリニティデイサービスセンター　トコトン富田林【地域密着型通所介護】大阪府富田林市若松町西２丁目1738-3", "url": "https://www.kaigokensaku.mhlw.go.jp/27/index.php?action_kouhyou_detail_004_kani=true&JigyosyoCd=2794900262-00&ServiceCd=780&Type=search", "url2": "https://sites.google.com/view/tokoton-tondabayashi/%E3%83%9B%E3%83%BC%E3%83%A0" }, "geometry": { "type": "Point", "coordinates": [ 135.601209, 34.5074019 ] } },
{ "type": "Feature", "properties": { "内容": "デイサービス富田林2号館【地域密着型通所介護】大阪府富田林市喜志町3丁目5番2号サンコーグランピア201", "url": "https://www.kaigokensaku.mhlw.go.jp/27/index.php?action_kouhyou_detail_004_kani=true&JigyosyoCd=2794900346-00&ServiceCd=780&Type=search", "url2": null }, "geometry": { "type": "Point", "coordinates": [ 135.6081623, 34.5230417 ] } },
{ "type": "Feature", "properties": { "内容": "天寿園須賀【地域密着型通所介護】大阪府富田林市須賀1丁目1番11号", "url": "https://www.kaigokensaku.mhlw.go.jp/27/index.php?action_kouhyou_detail_004_kani=true&JigyosyoCd=2774901793-00&ServiceCd=780&Type=search", "url2": null }, "geometry": { "type": "Point", "coordinates": [ 135.572246800000016, 34.4769019 ] } },
{ "type": "Feature", "properties": { "内容": "デイサービスりぼん須賀【地域密着型通所介護】大阪府富田林市須賀2丁目25番27号滝谷マンション102号", "url": "https://www.kaigokensaku.mhlw.go.jp/27/index.php?action_kouhyou_detail_004_kani=true&JigyosyoCd=2774902312-00&ServiceCd=780&Type=search", "url2": null }, "geometry": { "type": "Point", "coordinates": [ 135.5626556, 34.4794533 ] } },
{ "type": "Feature", "properties": { "内容": "ほのぼのくらぶ【地域密着型通所介護】大阪府富田林市大字佐備７３９番地", "url": "https://www.kaigokensaku.mhlw.go.jp/27/index.php?action_kouhyou_detail_004_kani=true&JigyosyoCd=2794900338-00&ServiceCd=780&Type=search", "url2": "http://honobono.club/" }, "geometry": { "type": "Point", "coordinates": [ 135.601685800000013, 34.4753051 ] } },
{ "type": "Feature", "properties": { "内容": "早稲田イーライフ富田林【地域密着型通所介護】大阪府富田林市向陽台五丁目4⁻26", "url": "https://www.kaigokensaku.mhlw.go.jp/27/index.php?action_kouhyou_detail_004_kani=true&JigyosyoCd=2794900320-00&ServiceCd=780&Type=search", "url2": "http://withus-e-life.co.jp" }, "geometry": { "type": "Point", "coordinates": [ 135.582264, 34.5080232 ] } },
{ "type": "Feature", "properties": { "内容": "デイサービスあんずの木【地域密着型通所介護】富田林市大字佐備1062番地乙", "url": "https://www.kaigokensaku.mhlw.go.jp/27/index.php?action_kouhyou_detail_004_kani=true&JigyosyoCd=2774901595-00&ServiceCd=780&Type=search", "url2": null }, "geometry": { "type": "Point", "coordinates": [ 135.601383496186941, 34.468194636677595 ] } },
{ "type": "Feature", "properties": { "内容": "ケアビレッジゆう　いちごデイ【地域密着型通所介護】大阪府富田林市廿山1丁目２番18号", "url": "https://www.kaigokensaku.mhlw.go.jp/27/index.php?action_kouhyou_detail_004_kani=true&JigyosyoCd=2794900213-00&ServiceCd=780&Type=search", "url2": "http://www.khaus.org" }, "geometry": { "type": "Point", "coordinates": [ 135.5789997, 34.489929500000031 ] } },
{ "type": "Feature", "properties": { "内容": "デイサービスサム【地域密着型通所介護】大阪府富田林市常盤町１０－３２", "url": "https://www.kaigokensaku.mhlw.go.jp/27/index.php?action_kouhyou_detail_004_kani=true&JigyosyoCd=2774902247-00&ServiceCd=780&Type=search", "url2": "http://tondabayashisam.com" }, "geometry": { "type": "Point", "coordinates": [ 135.597752600000035, 34.5011411 ] } },
{ "type": "Feature", "properties": { "内容": "レコードブック富田林【地域密着型通所介護】大阪府富田林市若松町2丁目3番13号渋谷マンション1F", "url": "https://www.kaigokensaku.mhlw.go.jp/27/index.php?action_kouhyou_detail_004_kani=true&JigyosyoCd=2794900197-00&ServiceCd=780&Type=search", "url2": null }, "geometry": { "type": "Point", "coordinates": [ 135.603930600000012, 34.5057452 ] } },
{ "type": "Feature", "properties": { "内容": "進撃のケア【地域密着型通所介護】大阪府寝屋川市秦町38－6クリスタルコート1F", "url": "https://www.kaigokensaku.mhlw.go.jp/27/index.php?action_kouhyou_detail_004_kani=true&JigyosyoCd=2790300590-00&ServiceCd=780&Type=search", "url2": "https://santeriant-dale.com/" }, "geometry": { "type": "Point", "coordinates": [ 135.632348799999988, 34.7630937 ] } },
{ "type": "Feature", "properties": { "内容": "Oh!shigo-toDayAgain【地域密着型通所介護】大阪府寝屋川市木田元宮２－８－２大島マンション101号", "url": "https://www.kaigokensaku.mhlw.go.jp/27/index.php?action_kouhyou_detail_004_kani=true&JigyosyoCd=2790300558-00&ServiceCd=780&Type=search", "url2": "https://instagram.com/deyserviceagain?igshid=OGQ5ZDc2ODk2ZA==" }, "geometry": { "type": "Point", "coordinates": [ 135.6203652, 34.7524112 ] } },
{ "type": "Feature", "properties": { "内容": "ワンプラスデイサービス【地域密着型通所介護】大阪府寝屋川市仁和寺本町4-6-16", "url": "https://www.kaigokensaku.mhlw.go.jp/27/index.php?action_kouhyou_detail_004_kani=true&JigyosyoCd=2790300368-00&ServiceCd=780&Type=search", "url2": "https://oneplusreha.com" }, "geometry": { "type": "Point", "coordinates": [ 135.59642759999997, 34.7673309 ] } },
{ "type": "Feature", "properties": { "内容": "リハプライドHGうちあげ【地域密着型通所介護】大阪府寝屋川市打上宮前町13-10", "url": "https://www.kaigokensaku.mhlw.go.jp/27/index.php?action_kouhyou_detail_004_kani=true&JigyosyoCd=2790300335-00&ServiceCd=780&Type=search", "url2": null }, "geometry": { "type": "Point", "coordinates": [ 135.650461, 34.7535115 ] } },
{ "type": "Feature", "properties": { "内容": "おざクリデイサービス【地域密着型通所介護】大阪府寝屋川市本町6-3", "url": "https://www.kaigokensaku.mhlw.go.jp/27/index.php?action_kouhyou_detail_004_kani=true&JigyosyoCd=2790300418-00&ServiceCd=780&Type=search", "url2": "https://day.ozawa.or.jp/" }, "geometry": { "type": "Point", "coordinates": [ 135.628887, 34.765437 ] } },
{ "type": "Feature", "properties": { "内容": "医療法人毅峰会デイサービスみどり町【地域密着型通所介護】大阪府寝屋川市緑町47-9", "url": "https://www.kaigokensaku.mhlw.go.jp/27/index.php?action_kouhyou_detail_004_kani=true&JigyosyoCd=2770303200-00&ServiceCd=780&Type=search", "url2": "http://seijyukai.or.jp/" }, "geometry": { "type": "Point", "coordinates": [ 135.630932668122767, 34.774145625476592 ] } },
{ "type": "Feature", "properties": { "内容": "デイサービス結（ゆい）【地域密着型通所介護】大阪府寝屋川市高宮栄町２４番８号", "url": "https://www.kaigokensaku.mhlw.go.jp/27/index.php?action_kouhyou_detail_004_kani=true&JigyosyoCd=2770304968-00&ServiceCd=780&Type=search", "url2": null }, "geometry": { "type": "Point", "coordinates": [ 135.628625, 34.7574439 ] } },
{ "type": "Feature", "properties": { "内容": "オーケーデイサービス寝屋川【地域密着型通所介護】大阪府寝屋川市池田中町３－７", "url": "https://www.kaigokensaku.mhlw.go.jp/27/index.php?action_kouhyou_detail_004_kani=true&JigyosyoCd=2770302798-00&ServiceCd=780&Type=search", "url2": "http://ok-caresupport.com/" }, "geometry": { "type": "Point", "coordinates": [ 135.610020599999984, 34.7758136 ] } },
{ "type": "Feature", "properties": { "内容": "ビーナスプラス黒原【地域密着型通所介護】大阪府寝屋川市黒原旭町29-3", "url": "https://www.kaigokensaku.mhlw.go.jp/27/index.php?action_kouhyou_detail_004_kani=true&JigyosyoCd=2770304976-00&ServiceCd=780&Type=search", "url2": "http://www.venus-comrade.co.jp/" }, "geometry": { "type": "Point", "coordinates": [ 135.602314377909806, 34.758318122666715 ] } },
{ "type": "Feature", "properties": { "内容": "レストランデイサービスなな【地域密着型通所介護】大阪府寝屋川市昭栄町15番13寝屋川コーポラス101号", "url": "https://www.kaigokensaku.mhlw.go.jp/27/index.php?action_kouhyou_detail_004_kani=true&JigyosyoCd=2770303630-00&ServiceCd=780&Type=search", "url2": "https://taberunet.co.jp" }, "geometry": { "type": "Point", "coordinates": [ 135.624883700000026, 34.7564246 ] } },
{ "type": "Feature", "properties": { "内容": "デイサービスセンター弘房園【地域密着型通所介護】大阪府寝屋川市日新町17番43号", "url": "https://www.kaigokensaku.mhlw.go.jp/27/index.php?action_kouhyou_detail_004_kani=true&JigyosyoCd=2770304679-00&ServiceCd=780&Type=search", "url2": null }, "geometry": { "type": "Point", "coordinates": [ 135.624377399999958, 34.7842852 ] } },
{ "type": "Feature", "properties": { "内容": "マザーデイセンター【地域密着型通所介護】大阪府寝屋川市讃良西町7番47号サービス付き高齢者向け住宅マザー館", "url": "https://www.kaigokensaku.mhlw.go.jp/27/index.php?action_kouhyou_detail_004_kani=true&JigyosyoCd=2770304695-00&ServiceCd=780&Type=search", "url2": null }, "geometry": { "type": "Point", "coordinates": [ 135.6214122, 34.7423818 ] } },
{ "type": "Feature", "properties": { "内容": "グリーンヒル淳風デイサービス【地域密着型通所介護】大阪府寝屋川市太秦高塚町9-1", "url": "https://www.kaigokensaku.mhlw.go.jp/27/index.php?action_kouhyou_detail_004_kani=true&JigyosyoCd=2770303531-00&ServiceCd=780&Type=search", "url2": "http://junpu-kai.or.jp" }, "geometry": { "type": "Point", "coordinates": [ 135.645626200000038, 34.7589049 ] } },
{ "type": "Feature", "properties": { "内容": "リハビリデイサービス　らいおん【地域密着型通所介護】大阪府寝屋川市大利元町14番1号", "url": "https://www.kaigokensaku.mhlw.go.jp/27/index.php?action_kouhyou_detail_004_kani=true&JigyosyoCd=2770304034-00&ServiceCd=780&Type=search", "url2": null }, "geometry": { "type": "Point", "coordinates": [ 135.615745400000037, 34.76387070000002 ] } },
{ "type": "Feature", "properties": { "内容": "でいさーびす　ここ家　寝屋川【地域密着型通所介護】大阪府寝屋川市池田本町14-5", "url": "https://www.kaigokensaku.mhlw.go.jp/27/index.php?action_kouhyou_detail_004_kani=true&JigyosyoCd=2770303408-00&ServiceCd=780&Type=search", "url2": null }, "geometry": { "type": "Point", "coordinates": [ 135.613573699999989, 34.7730894 ] } },
{ "type": "Feature", "properties": { "内容": "ビーナスプラス香里園【地域密着型通所介護】大阪府寝屋川市香里新町24番19号M`プラザ香里参番館101号室", "url": "https://www.kaigokensaku.mhlw.go.jp/27/index.php?action_kouhyou_detail_004_kani=true&JigyosyoCd=2790300426-00&ServiceCd=780&Type=search", "url2": null }, "geometry": { "type": "Point", "coordinates": [ 135.629747299999963, 34.7871395 ] } },
{ "type": "Feature", "properties": { "内容": "デイサービスきぼう【地域密着型通所介護】大阪府寝屋川市豊野町11-19", "url": "https://www.kaigokensaku.mhlw.go.jp/27/index.php?action_kouhyou_detail_004_kani=true&JigyosyoCd=2770303382-00&ServiceCd=780&Type=search", "url2": null }, "geometry": { "type": "Point", "coordinates": [ 135.627122, 34.7677816 ] } },
{ "type": "Feature", "properties": { "内容": "デイサービスきぼう木田【地域密着型通所介護】大阪府寝屋川市木田町24番28号", "url": "https://www.kaigokensaku.mhlw.go.jp/27/index.php?action_kouhyou_detail_004_kani=true&JigyosyoCd=2770304232-00&ServiceCd=780&Type=search", "url2": null }, "geometry": { "type": "Point", "coordinates": [ 135.620348188330155, 34.759479074591518 ] } },
{ "type": "Feature", "properties": { "内容": "デイサービスきぼう八坂【地域密着型通所介護】大阪府寝屋川市八坂町11番1号", "url": "https://www.kaigokensaku.mhlw.go.jp/27/index.php?action_kouhyou_detail_004_kani=true&JigyosyoCd=2790300343-00&ServiceCd=780&Type=search", "url2": null }, "geometry": { "type": "Point", "coordinates": [ 135.624019699999963, 34.7651116 ] } },
{ "type": "Feature", "properties": { "内容": "ヴィヴィファミーリア寝屋川デイサロンVIVI【地域密着型通所介護】大阪府寝屋川市下木田町6番23号", "url": "https://www.kaigokensaku.mhlw.go.jp/27/index.php?action_kouhyou_detail_004_kani=true&JigyosyoCd=2770304547-00&ServiceCd=780&Type=search", "url2": null }, "geometry": { "type": "Point", "coordinates": [ 135.61753490000001, 34.7498435 ] } },
{ "type": "Feature", "properties": { "内容": "寝屋池田長寿の里デイサービスセンター【地域密着型通所介護】大阪府寝屋川市池田３丁目４番３２号寝屋池田長寿の里", "url": "https://www.kaigokensaku.mhlw.go.jp/27/index.php?action_kouhyou_detail_004_kani=true&JigyosyoCd=2770304315-00&ServiceCd=780&Type=search", "url2": "http://kisyokai.or.jp" }, "geometry": { "type": "Point", "coordinates": [ 135.615712275532587, 34.775007922309314 ] } },
{ "type": "Feature", "properties": { "内容": "樹楽団らんの家香里園【地域密着型通所介護】大阪府寝屋川市美井町3-1", "url": "https://www.kaigokensaku.mhlw.go.jp/27/index.php?action_kouhyou_detail_004_kani=true&JigyosyoCd=2770302897-00&ServiceCd=780&Type=search", "url2": "http://www.kiraku-ac.com/" }, "geometry": { "type": "Point", "coordinates": [ 135.633110100000067, 34.7805106 ] } },
{ "type": "Feature", "properties": { "内容": "神田の家【地域密着型通所介護】大阪府寝屋川市上神田1丁目45番9号", "url": "https://www.kaigokensaku.mhlw.go.jp/27/index.php?action_kouhyou_detail_004_kani=true&JigyosyoCd=2790300509-00&ServiceCd=780&Type=search", "url2": null }, "geometry": { "type": "Point", "coordinates": [ 135.612121699999989, 34.7546257 ] } },
{ "type": "Feature", "properties": { "内容": "介護ステーション萱島【地域密着型通所介護】大阪府寝屋川市下神田町２８番２号２階", "url": "https://www.kaigokensaku.mhlw.go.jp/27/index.php?action_kouhyou_detail_004_kani=true&JigyosyoCd=2770302715-00&ServiceCd=780&Type=search", "url2": null }, "geometry": { "type": "Point", "coordinates": [ 135.608032699999967, 34.747928 ] } },
{ "type": "Feature", "properties": { "内容": "介護ステーション木楽里【地域密着型通所介護】大阪府寝屋川市楠根南町２４－１１", "url": "https://www.kaigokensaku.mhlw.go.jp/27/index.php?action_kouhyou_detail_004_kani=true&JigyosyoCd=2770304554-00&ServiceCd=780&Type=search", "url2": "http://after-medical.co.jp/station/" }, "geometry": { "type": "Point", "coordinates": [ 135.630880499999989, 34.7526612 ] } },
{ "type": "Feature", "properties": { "内容": "デイサービス　ひなた【地域密着型通所介護】大阪府寝屋川市昭栄町12番7号", "url": "https://www.kaigokensaku.mhlw.go.jp/27/index.php?action_kouhyou_detail_004_kani=true&JigyosyoCd=2770304281-00&ServiceCd=780&Type=search", "url2": null }, "geometry": { "type": "Point", "coordinates": [ 135.624654339252061, 34.758164984480366 ] } },
{ "type": "Feature", "properties": { "内容": "デイサービスセンター藤乃家【地域密着型通所介護】大阪府寝屋川市三井が丘3丁目9番12号", "url": "https://www.kaigokensaku.mhlw.go.jp/27/index.php?action_kouhyou_detail_004_kani=true&JigyosyoCd=2770303580-00&ServiceCd=780&Type=search", "url2": "https://nihon-ss.com" }, "geometry": { "type": "Point", "coordinates": [ 135.642131799999987, 34.773392 ] } },
{ "type": "Feature", "properties": { "内容": "おはなのデイ【地域密着型通所介護】大阪府寝屋川市高柳二丁目21番1号", "url": "https://www.kaigokensaku.mhlw.go.jp/27/index.php?action_kouhyou_detail_004_kani=true&JigyosyoCd=2770304208-00&ServiceCd=780&Type=search", "url2": "https://team-ohana.com/pages/33/" }, "geometry": { "type": "Point", "coordinates": [ 135.609366812828057, 34.758459809295971 ] } },
{ "type": "Feature", "properties": { "内容": "デイサービス喜仙南花台【地域密着型通所介護】大阪府河内長野市南花台4丁目14-9", "url": "https://www.kaigokensaku.mhlw.go.jp/27/index.php?action_kouhyou_detail_004_kani=true&JigyosyoCd=2790700344-00&ServiceCd=780&Type=search", "url2": null }, "geometry": { "type": "Point", "coordinates": [ 135.5541809, 34.4260272 ] } },
{ "type": "Feature", "properties": { "内容": "共生型デイサービスセンターしきさい【地域密着型通所介護】大阪府河内長野市小山田町1325番地2", "url": "https://www.kaigokensaku.mhlw.go.jp/27/index.php?action_kouhyou_detail_004_kani=true&JigyosyoCd=2790700328-00&ServiceCd=780&Type=search", "url2": "https://peace2739.com/" }, "geometry": { "type": "Point", "coordinates": [ 135.555399800000032, 34.461224200000018 ] } },
{ "type": "Feature", "properties": { "内容": "デイサービス・ラベンダー【地域密着型通所介護】大阪府河内長野市千代田南町9番23号", "url": "https://www.kaigokensaku.mhlw.go.jp/27/index.php?action_kouhyou_detail_004_kani=true&JigyosyoCd=2790700310-00&ServiceCd=780&Type=search", "url2": null }, "geometry": { "type": "Point", "coordinates": [ 135.5688867, 34.4652814 ] } },
{ "type": "Feature", "properties": { "内容": "スマイルサポート株式会社【地域密着型通所介護】大阪府河内長野市大矢船中町38-10", "url": "https://www.kaigokensaku.mhlw.go.jp/27/index.php?action_kouhyou_detail_004_kani=true&JigyosyoCd=2770702377-00&ServiceCd=780&Type=search", "url2": null }, "geometry": { "type": "Point", "coordinates": [ 135.558768500000042, 34.4192777 ] } },
{ "type": "Feature", "properties": { "内容": "憩亭【地域密着型通所介護】大阪府河内長野市大矢船南町２４－４", "url": "https://www.kaigokensaku.mhlw.go.jp/27/index.php?action_kouhyou_detail_004_kani=true&JigyosyoCd=2770701759-00&ServiceCd=780&Type=search", "url2": null }, "geometry": { "type": "Point", "coordinates": [ 135.560387799999944, 34.4144894 ] } },
{ "type": "Feature", "properties": { "内容": "リハビリセンター　ステップケア　河内長野【地域密着型通所介護】大阪府河内長野市西之山町９番２６号", "url": "https://www.kaigokensaku.mhlw.go.jp/27/index.php?action_kouhyou_detail_004_kani=true&JigyosyoCd=2770702427-00&ServiceCd=780&Type=search", "url2": null }, "geometry": { "type": "Point", "coordinates": [ 135.563359100000071, 34.4565762 ] } },
{ "type": "Feature", "properties": { "内容": "デイサービスセンターかぐら【地域密着型通所介護】大阪府河内長野市小塩町578番地", "url": "https://www.kaigokensaku.mhlw.go.jp/27/index.php?action_kouhyou_detail_004_kani=true&JigyosyoCd=2770702203-00&ServiceCd=780&Type=search", "url2": null }, "geometry": { "type": "Point", "coordinates": [ 135.56481789999998, 34.4358619 ] } },
{ "type": "Feature", "properties": { "内容": "早稲田イーライフ河内長野【地域密着型通所介護】大阪府河内長野市原町４丁目２番１５号", "url": "https://www.kaigokensaku.mhlw.go.jp/27/index.php?action_kouhyou_detail_004_kani=true&JigyosyoCd=2790700245-00&ServiceCd=780&Type=search", "url2": "https://withus-e-life.co.jp/" }, "geometry": { "type": "Point", "coordinates": [ 135.568562599999979, 34.4606602 ] } },
{ "type": "Feature", "properties": { "内容": "リハビリデイサービス　ティアラ【地域密着型通所介護】大阪府河内長野市松ヶ丘西町1522番地の1", "url": "https://www.kaigokensaku.mhlw.go.jp/27/index.php?action_kouhyou_detail_004_kani=true&JigyosyoCd=2770701973-00&ServiceCd=780&Type=search", "url2": "http://kawachinagano586rehabilitation.web.fc2.com/" }, "geometry": { "type": "Point", "coordinates": [ 135.5570588, 34.476651 ] } },
{ "type": "Feature", "properties": { "内容": "デイサービスセンター　みかん【地域密着型通所介護】大阪府河内長野市原町1丁目２０－２１", "url": "https://www.kaigokensaku.mhlw.go.jp/27/index.php?action_kouhyou_detail_004_kani=true&JigyosyoCd=2770700900-00&ServiceCd=780&Type=search", "url2": null }, "geometry": { "type": "Point", "coordinates": [ 135.568253, 34.4596509 ] } },
{ "type": "Feature", "properties": { "内容": "デイサービス喜仙【地域密着型通所介護】大阪府河内長野市昭栄町９－３　1階", "url": "https://www.kaigokensaku.mhlw.go.jp/27/index.php?action_kouhyou_detail_004_kani=true&JigyosyoCd=2790700260-00&ServiceCd=780&Type=search", "url2": "http://kisen-nagano.com/" }, "geometry": { "type": "Point", "coordinates": [ 135.5590128, 34.4542359 ] } },
{ "type": "Feature", "properties": { "内容": "シニアフィットネス片添【地域密着型通所介護】大阪府河内長野市中片添町10-13ラ・メゾンMSⅡ101", "url": "https://www.kaigokensaku.mhlw.go.jp/27/index.php?action_kouhyou_detail_004_kani=true&JigyosyoCd=2790700351-00&ServiceCd=780&Type=search", "url2": null }, "geometry": { "type": "Point", "coordinates": [ 135.571881600000012, 34.4330757 ] } },
{ "type": "Feature", "properties": { "内容": "デイサービス　タンポポkitchen【地域密着型通所介護】大阪府河内長野市加賀田263-1", "url": "https://www.kaigokensaku.mhlw.go.jp/27/index.php?action_kouhyou_detail_004_kani=true&JigyosyoCd=2790700286-00&ServiceCd=780&Type=search", "url2": null }, "geometry": { "type": "Point", "coordinates": [ 135.569855600000011, 34.4292877 ] } },
{ "type": "Feature", "properties": { "内容": "デイサービスセンター　笑咲【地域密着型通所介護】大阪府河内長野市向野町304-1ｍｉｙａｂｉｖｉｌｌａ　102号", "url": "https://www.kaigokensaku.mhlw.go.jp/27/index.php?action_kouhyou_detail_004_kani=true&JigyosyoCd=2770702054-00&ServiceCd=780&Type=search", "url2": null }, "geometry": { "type": "Point", "coordinates": [ 135.576612, 34.4589069 ] } },
{ "type": "Feature", "properties": { "内容": "デイサービスセンター陽気【地域密着型通所介護】大阪府河内長野市中片添町10-13ラ・メゾンMSⅡ103号", "url": "https://www.kaigokensaku.mhlw.go.jp/27/index.php?action_kouhyou_detail_004_kani=true&JigyosyoCd=2770701387-00&ServiceCd=780&Type=search", "url2": null }, "geometry": { "type": "Point", "coordinates": [ 135.571881600000012, 34.4330757 ] } },
{ "type": "Feature", "properties": { "内容": "デイサービスセンター春の陽【地域密着型通所介護】大阪府河内長野市緑ヶ丘北町２１番１５号", "url": "https://www.kaigokensaku.mhlw.go.jp/27/index.php?action_kouhyou_detail_004_kani=true&JigyosyoCd=2770702393-00&ServiceCd=780&Type=search", "url2": null }, "geometry": { "type": "Point", "coordinates": [ 135.541039100000035, 34.4493294 ] } },
{ "type": "Feature", "properties": { "内容": "デイサービスセンターただいま【地域密着型通所介護】河内長野市昭栄町２－１４", "url": "https://www.kaigokensaku.mhlw.go.jp/27/index.php?action_kouhyou_detail_004_kani=true&JigyosyoCd=2770700983-00&ServiceCd=780&Type=search", "url2": null }, "geometry": { "type": "Point", "coordinates": [ 135.560948300000064, 34.4535154 ] } },
{ "type": "Feature", "properties": { "内容": "デイサービス　げんきげんき【地域密着型通所介護】大阪府松原市東新町5-2-9", "url": "https://www.kaigokensaku.mhlw.go.jp/27/index.php?action_kouhyou_detail_004_kani=true&JigyosyoCd=2794800215-00&ServiceCd=780&Type=search", "url2": null }, "geometry": { "type": "Point", "coordinates": [ 135.543206, 34.5735458 ] } },
{ "type": "Feature", "properties": { "内容": "デイサービスセンターゆずり葉【地域密着型通所介護】大阪府松原市阿保3-15-5", "url": "https://www.kaigokensaku.mhlw.go.jp/27/index.php?action_kouhyou_detail_004_kani=true&JigyosyoCd=2794800223-00&ServiceCd=780&Type=search", "url2": "https://shoutokukai.net/" }, "geometry": { "type": "Point", "coordinates": [ 135.5548135, 34.5793225 ] } },
{ "type": "Feature", "properties": { "内容": "レコードブック天美【地域密着型通所介護】大阪府松原市天美北3丁目18番15号1F", "url": "https://www.kaigokensaku.mhlw.go.jp/27/index.php?action_kouhyou_detail_004_kani=true&JigyosyoCd=2794800157-00&ServiceCd=780&Type=search", "url2": "https://www.recordbook.jp/facility/amami/" }, "geometry": { "type": "Point", "coordinates": [ 135.536090300000069, 34.5963124 ] } },
{ "type": "Feature", "properties": { "内容": "リハステーションかえで【地域密着型通所介護】大阪府松原市天美東８丁目１４番２０号サンライズ天美１０３", "url": "https://www.kaigokensaku.mhlw.go.jp/27/index.php?action_kouhyou_detail_004_kani=true&JigyosyoCd=2794800173-00&ServiceCd=780&Type=search", "url2": "https://cst-kaede.com" }, "geometry": { "type": "Point", "coordinates": [ 135.530963644180332, 34.588952859787149 ] } },
{ "type": "Feature", "properties": { "内容": "地域密着型デイサービス　家笑【地域密着型通所介護】大阪府松原市新堂3丁目4番25号", "url": "https://www.kaigokensaku.mhlw.go.jp/27/index.php?action_kouhyou_detail_004_kani=true&JigyosyoCd=2794800132-00&ServiceCd=780&Type=search", "url2": null }, "geometry": { "type": "Point", "coordinates": [ 135.5566533, 34.5675235 ] } },
{ "type": "Feature", "properties": { "内容": "デイサービス家笑　天美【地域密着型通所介護】大阪府松原市天美南５－１９－２８", "url": "https://www.kaigokensaku.mhlw.go.jp/27/index.php?action_kouhyou_detail_004_kani=true&JigyosyoCd=2794800181-00&ServiceCd=780&Type=search", "url2": null }, "geometry": { "type": "Point", "coordinates": [ 135.534253, 34.5861971 ] } },
{ "type": "Feature", "properties": { "内容": "デイサービスセンター　田坐【地域密着型通所介護】大阪府松原市田井城１－１７７－１", "url": "https://www.kaigokensaku.mhlw.go.jp/27/index.php?action_kouhyou_detail_004_kani=true&JigyosyoCd=2794800140-00&ServiceCd=780&Type=search", "url2": "http://www.shoutokukai.net" }, "geometry": { "type": "Point", "coordinates": [ 135.549989699999941, 34.580821700000037 ] } },
{ "type": "Feature", "properties": { "内容": "アクティブデイサービス松原【地域密着型通所介護】大阪府松原市天美我堂1-7朝日プラザＦ棟114", "url": "https://www.kaigokensaku.mhlw.go.jp/27/index.php?action_kouhyou_detail_004_kani=true&JigyosyoCd=2774801522-00&ServiceCd=780&Type=search", "url2": "http://active-nopsj.com/" }, "geometry": { "type": "Point", "coordinates": [ 135.5274296, 34.5779341 ] } },
{ "type": "Feature", "properties": { "内容": "ビーナスプラス新堂【地域密着型通所介護】大阪府松原市新堂1-512-1", "url": "https://www.kaigokensaku.mhlw.go.jp/27/index.php?action_kouhyou_detail_004_kani=true&JigyosyoCd=2774801795-00&ServiceCd=780&Type=search", "url2": "https://www.venus-comrade.co.jp/" }, "geometry": { "type": "Point", "coordinates": [ 135.551094799999987, 34.5708189 ] } },
{ "type": "Feature", "properties": { "内容": "樹楽松原【地域密着型通所介護】松原市西大塚2丁目1-19", "url": "https://www.kaigokensaku.mhlw.go.jp/27/index.php?action_kouhyou_detail_004_kani=true&JigyosyoCd=2774801688-00&ServiceCd=780&Type=search", "url2": "http://kiraku-ac.com" }, "geometry": { "type": "Point", "coordinates": [ 135.568159400000013, 34.570478 ] } },
{ "type": "Feature", "properties": { "内容": "聖和苑【地域密着型通所介護】大阪府松原市高見の里１－４－３０", "url": "https://www.kaigokensaku.mhlw.go.jp/27/index.php?action_kouhyou_detail_004_kani=true&JigyosyoCd=2774801910-00&ServiceCd=780&Type=search", "url2": null }, "geometry": { "type": "Point", "coordinates": [ 135.54939109999998, 34.5758889 ] } },
{ "type": "Feature", "properties": { "内容": "在宅サービス　コープスマイルホーム松原　デイサービス【地域密着型通所介護】大阪府松原市岡７丁目229-1コープスマイルホーム松原　２棟", "url": "https://www.kaigokensaku.mhlw.go.jp/27/index.php?action_kouhyou_detail_004_kani=true&JigyosyoCd=2774801787-00&ServiceCd=780&Type=search", "url2": "http://www.izumi.coop" }, "geometry": { "type": "Point", "coordinates": [ 135.549188400000048, 34.5617881 ] } },
{ "type": "Feature", "properties": { "内容": "ミック健康の森　松原【地域密着型通所介護】大阪府松原市天美我堂1-10-1アルファワン1階", "url": "https://www.kaigokensaku.mhlw.go.jp/27/index.php?action_kouhyou_detail_004_kani=true&JigyosyoCd=2794800207-00&ServiceCd=780&Type=search", "url2": "https://mikjapan.co.jp/" }, "geometry": { "type": "Point", "coordinates": [ 135.5282779, 34.5778089 ] } },
{ "type": "Feature", "properties": { "内容": "デイサービスはつらつ館松原松ヶ丘【地域密着型通所介護】大阪府松原市松ヶ丘2丁目29番10号", "url": "https://www.kaigokensaku.mhlw.go.jp/27/index.php?action_kouhyou_detail_004_kani=true&JigyosyoCd=2774801498-00&ServiceCd=780&Type=search", "url2": "http://hatsuratsukan-matsubara.com/" }, "geometry": { "type": "Point", "coordinates": [ 135.560346500000037, 34.5828314 ] } },
{ "type": "Feature", "properties": { "内容": "地域密着型通所介護デイサービス粋【地域密着型通所介護】大阪府大東市野崎3-11-10", "url": "https://www.kaigokensaku.mhlw.go.jp/27/index.php?action_kouhyou_detail_004_kani=true&JigyosyoCd=2791900240-00&ServiceCd=780&Type=search", "url2": "https://sites.google.com/d/1lg1jir2z3p8cwK4YXZ3DYGd49m6l4rXU/p/1XnTNwR4GRjIXSTSzrY5KQJG9ssFD1kcu/edit" }, "geometry": { "type": "Point", "coordinates": [ 135.6451789, 34.7145397 ] } },
{ "type": "Feature", "properties": { "内容": "デイサービス　わかがえりセンター　つじの【地域密着型通所介護】大阪府大東市深野5-22-3野崎スカイハイツ101号", "url": "https://www.kaigokensaku.mhlw.go.jp/27/index.php?action_kouhyou_detail_004_kani=true&JigyosyoCd=2771901630-00&ServiceCd=780&Type=search", "url2": null }, "geometry": { "type": "Point", "coordinates": [ 135.636666800000057, 34.7167735 ] } },
{ "type": "Feature", "properties": { "内容": "和こころデイサービス【地域密着型通所介護】大阪府大東市泉町2丁目１－１２", "url": "https://www.kaigokensaku.mhlw.go.jp/27/index.php?action_kouhyou_detail_004_kani=true&JigyosyoCd=2771901986-00&ServiceCd=780&Type=search", "url2": null }, "geometry": { "type": "Point", "coordinates": [ 135.632133323700828, 34.706212695704139 ] } },
{ "type": "Feature", "properties": { "内容": "デイサービスえがお【地域密着型通所介護】大阪府大東市扇町３番８号", "url": "https://www.kaigokensaku.mhlw.go.jp/27/index.php?action_kouhyou_detail_004_kani=true&JigyosyoCd=2771901382-00&ServiceCd=780&Type=search", "url2": null }, "geometry": { "type": "Point", "coordinates": [ 135.621548500000017, 34.7032633 ] } },
{ "type": "Feature", "properties": { "内容": "デイサービスとリハビリの里めりー【地域密着型通所介護】大阪府大東市泉町2-12-5", "url": "https://www.kaigokensaku.mhlw.go.jp/27/index.php?action_kouhyou_detail_004_kani=true&JigyosyoCd=2771901655-00&ServiceCd=780&Type=search", "url2": "http://merry-crescendo.com" }, "geometry": { "type": "Point", "coordinates": [ 135.634186600000021, 34.7053801 ] } },
{ "type": "Feature", "properties": { "内容": "デイサービスはないちりん＋1【地域密着型通所介護】大阪府和泉市寺田町二丁目1番1号", "url": "https://www.kaigokensaku.mhlw.go.jp/27/index.php?action_kouhyou_detail_004_kani=true&JigyosyoCd=2790500389-00&ServiceCd=780&Type=search", "url2": "https://www.hana-ltd.co.jp/" }, "geometry": { "type": "Point", "coordinates": [ 135.432830700000011, 34.4718502 ] } },
{ "type": "Feature", "properties": { "内容": "デイサービスヒマリ和泉【地域密着型通所介護】大阪府和泉市池田下町１１５５番地の１", "url": "https://www.kaigokensaku.mhlw.go.jp/27/index.php?action_kouhyou_detail_004_kani=true&JigyosyoCd=2790500322-00&ServiceCd=780&Type=search", "url2": "https://www.himari1211.com/" }, "geometry": { "type": "Point", "coordinates": [ 135.452223500000031, 34.4726338 ] } },
{ "type": "Feature", "properties": { "内容": "ケアセンター万年青【地域密着型通所介護】大阪府和泉市寺田町２丁目４－３１", "url": "https://www.kaigokensaku.mhlw.go.jp/27/index.php?action_kouhyou_detail_004_kani=true&JigyosyoCd=2770501365-00&ServiceCd=780&Type=search", "url2": "https://www.tachibana-med.or.jp/yokoyama/" }, "geometry": { "type": "Point", "coordinates": [ 135.434178699999961, 34.4689152 ] } },
{ "type": "Feature", "properties": { "内容": "いづみデイサービスセンター【地域密着型通所介護】大阪府和泉市伏屋町5-1-25グランデージ和泉内", "url": "https://www.kaigokensaku.mhlw.go.jp/27/index.php?action_kouhyou_detail_004_kani=true&JigyosyoCd=2770503593-00&ServiceCd=780&Type=search", "url2": "http://grandage-yjgr.com" }, "geometry": { "type": "Point", "coordinates": [ 135.46780906560673, 34.475854833962799 ] } },
{ "type": "Feature", "properties": { "内容": "デイハウスさくら苑【地域密着型通所介護】大阪府和泉市阪本町377-4", "url": "https://www.kaigokensaku.mhlw.go.jp/27/index.php?action_kouhyou_detail_004_kani=true&JigyosyoCd=2770502181-00&ServiceCd=780&Type=search", "url2": null }, "geometry": { "type": "Point", "coordinates": [ 135.453302, 34.4751089 ] } },
{ "type": "Feature", "properties": { "内容": "デイサービスまいる【地域密着型通所介護】大阪府和泉市万町62-3", "url": "https://www.kaigokensaku.mhlw.go.jp/27/index.php?action_kouhyou_detail_004_kani=true&JigyosyoCd=2770502280-00&ServiceCd=780&Type=search", "url2": "http://www.fukuda-massage.com/" }, "geometry": { "type": "Point", "coordinates": [ 135.46397920000004, 34.4565723 ] } },
{ "type": "Feature", "properties": { "内容": "ピープルデイサービスセンター和泉【地域密着型通所介護】大阪府和泉市和気町２丁目１３番３５号", "url": "https://www.kaigokensaku.mhlw.go.jp/27/index.php?action_kouhyou_detail_004_kani=true&JigyosyoCd=2770501290-00&ServiceCd=780&Type=search", "url2": "http://www.koseikai.org" }, "geometry": { "type": "Point", "coordinates": [ 135.418955099999948, 34.4778833 ] } },
{ "type": "Feature", "properties": { "内容": "デイサービス　くろとり山荘【地域密着型通所介護】大阪府和泉市山荘町一丁目６号１５号", "url": "https://www.kaigokensaku.mhlw.go.jp/27/index.php?action_kouhyou_detail_004_kani=true&JigyosyoCd=2770501902-00&ServiceCd=780&Type=search", "url2": "https://kurotorisansou.jimdo.com/" }, "geometry": { "type": "Point", "coordinates": [ 135.447643147082516, 34.484941334447754 ] } },
{ "type": "Feature", "properties": { "内容": "せかんど通い茶屋【地域密着型通所介護】大阪府和泉市伏屋町2丁目3-35", "url": "https://www.kaigokensaku.mhlw.go.jp/27/index.php?action_kouhyou_detail_004_kani=true&JigyosyoCd=2770503577-00&ServiceCd=780&Type=search", "url2": "http://www.npo-2nd.com/" }, "geometry": { "type": "Point", "coordinates": [ 135.4635538, 34.4774059 ] } },
{ "type": "Feature", "properties": { "内容": "デイサービス　くろーばー【地域密着型通所介護】大阪府和泉市一条院町44-1", "url": "https://www.kaigokensaku.mhlw.go.jp/27/index.php?action_kouhyou_detail_004_kani=true&JigyosyoCd=2770501951-00&ServiceCd=780&Type=search", "url2": null }, "geometry": { "type": "Point", "coordinates": [ 135.44000971415565, 34.483377379198181 ] } },
{ "type": "Feature", "properties": { "内容": "デイサービスにゅーよーく【地域密着型通所介護】大阪府和泉市池上町3-14-813号室", "url": "https://www.kaigokensaku.mhlw.go.jp/27/index.php?action_kouhyou_detail_004_kani=true&JigyosyoCd=2770503569-00&ServiceCd=780&Type=search", "url2": "https://www.daiichi-care.jp/" }, "geometry": { "type": "Point", "coordinates": [ 135.4304651, 34.5024021 ] } },
{ "type": "Feature", "properties": { "内容": "ビオラ倶楽部【地域密着型通所介護】大阪府和泉市和気町3-4-24", "url": "https://www.kaigokensaku.mhlw.go.jp/27/index.php?action_kouhyou_detail_004_kani=true&JigyosyoCd=2790500181-00&ServiceCd=780&Type=search", "url2": "http://viola-izumi.com/" }, "geometry": { "type": "Point", "coordinates": [ 135.4263611, 34.4799101 ] } },
{ "type": "Feature", "properties": { "内容": "デイサービス和笑輪【地域密着型通所介護】大阪府和泉市和気町四丁目１３番６号", "url": "https://www.kaigokensaku.mhlw.go.jp/27/index.php?action_kouhyou_detail_004_kani=true&JigyosyoCd=2790500397-00&ServiceCd=780&Type=search", "url2": "https://carekaigowawawa.wixstudio.com/wawawa" }, "geometry": { "type": "Point", "coordinates": [ 135.431318900000036, 34.476915800000015 ] } },
{ "type": "Feature", "properties": { "内容": "デイサービス　こもれび【地域密着型通所介護】大阪府和泉市いぶき野2-30-17", "url": "https://www.kaigokensaku.mhlw.go.jp/27/index.php?action_kouhyou_detail_004_kani=true&JigyosyoCd=2770503767-00&ServiceCd=780&Type=search", "url2": "http://r.goope.jp/komorebi" }, "geometry": { "type": "Point", "coordinates": [ 135.448535900000024, 34.462799300000015 ] } },
{ "type": "Feature", "properties": { "内容": "ディサービス半四郎【地域密着型通所介護】大阪府和泉市池上町1-2-5-1", "url": "https://www.kaigokensaku.mhlw.go.jp/27/index.php?action_kouhyou_detail_004_kani=true&JigyosyoCd=2790500090-00&ServiceCd=780&Type=search", "url2": null }, "geometry": { "type": "Point", "coordinates": [ 135.433103800000026, 34.4981667 ] } },
{ "type": "Feature", "properties": { "内容": "だんらんの家　和泉上代町【地域密着型通所介護】大阪府和泉市上代町662番地", "url": "https://www.kaigokensaku.mhlw.go.jp/27/index.php?action_kouhyou_detail_004_kani=true&JigyosyoCd=2790500371-00&ServiceCd=780&Type=search", "url2": null }, "geometry": { "type": "Point", "coordinates": [ 135.456757799999963, 34.507779746554206 ] } },
{ "type": "Feature", "properties": { "内容": "歓の里デイサービスセンター【地域密着型通所介護】大阪府和泉市伏屋町5-10-11歓の里デイサービスセンター", "url": "https://www.kaigokensaku.mhlw.go.jp/27/index.php?action_kouhyou_detail_004_kani=true&JigyosyoCd=2770503403-00&ServiceCd=780&Type=search", "url2": "http://yorokobinosatoday.jp/" }, "geometry": { "type": "Point", "coordinates": [ 135.4696394, 34.4724481 ] } },
{ "type": "Feature", "properties": { "内容": "リハビリデイサービス　ウォーク【地域密着型通所介護】大阪府和泉市舞町8番地の2リハビリデイサービスウォーク", "url": "https://www.kaigokensaku.mhlw.go.jp/27/index.php?action_kouhyou_detail_004_kani=true&JigyosyoCd=2790500280-00&ServiceCd=780&Type=search", "url2": "https://www.ikejiri.biz/walk" }, "geometry": { "type": "Point", "coordinates": [ 135.450601138402192, 34.512911268309125 ] } },
{ "type": "Feature", "properties": { "内容": "ファクトデイサービス【地域密着型通所介護】大阪府和泉市伯太町二丁目１番１３号ライフヴィレッジ和泉府中　4階", "url": "https://www.kaigokensaku.mhlw.go.jp/27/index.php?action_kouhyou_detail_004_kani=true&JigyosyoCd=2770501688-00&ServiceCd=780&Type=search", "url2": "https://www.j-fact.co.jp" }, "geometry": { "type": "Point", "coordinates": [ 135.430205700000016, 34.4916149 ] } },
{ "type": "Feature", "properties": { "内容": "ほほえみ【地域密着型通所介護】鶴山台4丁目23番3", "url": "https://www.kaigokensaku.mhlw.go.jp/27/index.php?action_kouhyou_detail_004_kani=true&JigyosyoCd=2790500272-00&ServiceCd=780&Type=search", "url2": null }, "geometry": { "type": "Point", "coordinates": [ 135.4503951, 34.4989485 ] } },
{ "type": "Feature", "properties": { "内容": "だんらんの家光明台【地域密着型通所介護】大阪府和泉市光明台2-11-29", "url": "https://www.kaigokensaku.mhlw.go.jp/27/index.php?action_kouhyou_detail_004_kani=true&JigyosyoCd=2770504070-00&ServiceCd=780&Type=search", "url2": "http://caretasu.com/C2001?t_shisetsucode=2702181" }, "geometry": { "type": "Point", "coordinates": [ 135.492157300000031, 34.453811499999986 ] } },
{ "type": "Feature", "properties": { "内容": "デイサービスセンター友里【地域密着型通所介護】大阪府和泉市下宮町34-1", "url": "https://www.kaigokensaku.mhlw.go.jp/27/index.php?action_kouhyou_detail_004_kani=true&JigyosyoCd=2790500306-00&ServiceCd=780&Type=search", "url2": null }, "geometry": { "type": "Point", "coordinates": [ 135.489960599999989, 34.428096600000011 ] } },
{ "type": "Feature", "properties": { "内容": "ラウレアデイサービス【地域密着型通所介護】大阪府箕面市外院　３－４－２５", "url": "https://www.kaigokensaku.mhlw.go.jp/27/index.php?action_kouhyou_detail_004_kani=true&JigyosyoCd=2771401763-00&ServiceCd=780&Type=search", "url2": "http://www.kiraku-ac.com/shisetsu/home/osaka/minogein.php" }, "geometry": { "type": "Point", "coordinates": [ 135.499773900000037, 34.8422762 ] } },
{ "type": "Feature", "properties": { "内容": "株式会社アースマインド【地域密着型通所介護】大阪府箕面市桜4-1-32", "url": "https://www.kaigokensaku.mhlw.go.jp/27/index.php?action_kouhyou_detail_004_kani=true&JigyosyoCd=2771401532-00&ServiceCd=780&Type=search", "url2": "https://earth-mind.co.jp/" }, "geometry": { "type": "Point", "coordinates": [ 135.465514500000012, 34.8229877 ] } },
{ "type": "Feature", "properties": { "内容": "ポラリスデイサービスセンター箕面牧落【地域密着型通所介護】大阪府箕面市西小路3丁目5-15-１F", "url": "https://www.kaigokensaku.mhlw.go.jp/27/index.php?action_kouhyou_detail_004_kani=true&JigyosyoCd=2771401417-00&ServiceCd=780&Type=search", "url2": "http://www.polaris.care/" }, "geometry": { "type": "Point", "coordinates": [ 135.474329, 34.8277218 ] } },
{ "type": "Feature", "properties": { "内容": "あそびりクラブ瀬川の家【地域密着型通所介護】箕面市瀬川二丁目１－１１", "url": "https://www.kaigokensaku.mhlw.go.jp/27/index.php?action_kouhyou_detail_004_kani=true&JigyosyoCd=2771400468-00&ServiceCd=780&Type=search", "url2": "https://asobiri-club.org" }, "geometry": { "type": "Point", "coordinates": [ 135.454077899999987, 34.8148285 ] } },
{ "type": "Feature", "properties": { "内容": "あすなるリハビリデイサービス牧落【地域密着型通所介護】大阪府箕面市牧落３－１５－４", "url": "https://www.kaigokensaku.mhlw.go.jp/27/index.php?action_kouhyou_detail_004_kani=true&JigyosyoCd=2771401979-00&ServiceCd=780&Type=search", "url2": "http://asunaru-makiochi.com/" }, "geometry": { "type": "Point", "coordinates": [ 135.473067609608961, 34.824247732057451 ] } },
{ "type": "Feature", "properties": { "内容": "みのおリハビリデイサービス【地域密着型通所介護】大阪府箕面市箕面4-2-49", "url": "https://www.kaigokensaku.mhlw.go.jp/27/index.php?action_kouhyou_detail_004_kani=true&JigyosyoCd=2791400274-00&ServiceCd=780&Type=search", "url2": null }, "geometry": { "type": "Point", "coordinates": [ 135.476877300000012, 34.8336646 ] } },
{ "type": "Feature", "properties": { "内容": "メディカル介護センター楽園【地域密着型通所介護】大阪府箕面市牧落3—2—13エステートあけぼの2F　A号", "url": "https://www.kaigokensaku.mhlw.go.jp/27/index.php?action_kouhyou_detail_004_kani=true&JigyosyoCd=2771401151-00&ServiceCd=780&Type=search", "url2": null }, "geometry": { "type": "Point", "coordinates": [ 135.47276272282383, 34.826930025648117 ] } },
{ "type": "Feature", "properties": { "内容": "デイサービス　ひだまり【地域密着型通所介護】大阪府箕面市桜五丁目３番３３号", "url": "https://www.kaigokensaku.mhlw.go.jp/27/index.php?action_kouhyou_detail_004_kani=true&JigyosyoCd=2771401953-00&ServiceCd=780&Type=search", "url2": null }, "geometry": { "type": "Point", "coordinates": [ 135.464276871733858, 34.822751929009833 ] } },
{ "type": "Feature", "properties": { "内容": "デイハウス　我が家【地域密着型通所介護】大阪府箕面市百楽荘2丁目4-39", "url": "https://www.kaigokensaku.mhlw.go.jp/27/index.php?action_kouhyou_detail_004_kani=true&JigyosyoCd=2791400233-00&ServiceCd=780&Type=search", "url2": "http://wagaya-rgb.com/index.php" }, "geometry": { "type": "Point", "coordinates": [ 135.466336192774179, 34.821526022210598 ] } },
{ "type": "Feature", "properties": { "内容": "デイサービスセンターあすか箕面【地域密着型通所介護】大阪府箕面市西宿3丁目6番11号サービス付高齢者向け住宅あすか箕面", "url": "https://www.kaigokensaku.mhlw.go.jp/27/index.php?action_kouhyou_detail_004_kani=true&JigyosyoCd=2771401680-00&ServiceCd=780&Type=search", "url2": "http://www.mcs-g.co.jp/" }, "geometry": { "type": "Point", "coordinates": [ 135.496949, 34.83000490000002 ] } },
{ "type": "Feature", "properties": { "内容": "蛍の里デイサービス【地域密着型通所介護】大阪府箕面市粟生間谷東1丁目34番21号", "url": "https://www.kaigokensaku.mhlw.go.jp/27/index.php?action_kouhyou_detail_004_kani=true&JigyosyoCd=2771402134-00&ServiceCd=780&Type=search", "url2": "http://hotarunosatoday.com" }, "geometry": { "type": "Point", "coordinates": [ 135.5146258, 34.8462654 ] } },
{ "type": "Feature", "properties": { "内容": "メディカル介護センター楽園小野原東【地域密着型通所介護】大阪府箕面市小野原東3-9-40", "url": "https://www.kaigokensaku.mhlw.go.jp/27/index.php?action_kouhyou_detail_004_kani=true&JigyosyoCd=2771401334-00&ServiceCd=780&Type=search", "url2": null }, "geometry": { "type": "Point", "coordinates": [ 135.517569900000012, 34.8305054 ] } },
{ "type": "Feature", "properties": { "内容": "デイサービスゆうちゃん【地域密着型通所介護】大阪府柏原市安堂町1-30大清第２ビル１階", "url": "https://www.kaigokensaku.mhlw.go.jp/27/index.php?action_kouhyou_detail_004_kani=true&JigyosyoCd=2794600144-00&ServiceCd=780&Type=search", "url2": null }, "geometry": { "type": "Point", "coordinates": [ 135.629834599999981, 34.5772532 ] } },
{ "type": "Feature", "properties": { "内容": "機能訓練型デイサービスさくら【地域密着型通所介護】大阪府柏原市大正２ー８－５REIビル１階", "url": "https://www.kaigokensaku.mhlw.go.jp/27/index.php?action_kouhyou_detail_004_kani=true&JigyosyoCd=2794600219-00&ServiceCd=780&Type=search", "url2": null }, "geometry": { "type": "Point", "coordinates": [ 135.617374500000011, 34.5849813 ] } },
{ "type": "Feature", "properties": { "内容": "デイサービスセンター高寿【地域密着型通所介護】大阪府柏原市高井田650-1", "url": "https://www.kaigokensaku.mhlw.go.jp/27/index.php?action_kouhyou_detail_004_kani=true&JigyosyoCd=2794600060-00&ServiceCd=780&Type=search", "url2": "http://kasijyu.jyukoukai.org/" }, "geometry": { "type": "Point", "coordinates": [ 135.637896559275191, 34.571846221047259 ] } },
{ "type": "Feature", "properties": { "内容": "第二好意の庭デイサービスセンター【地域密着型通所介護】大阪府柏原市国分市場一丁目9番45号", "url": "https://www.kaigokensaku.mhlw.go.jp/27/index.php?action_kouhyou_detail_004_kani=true&JigyosyoCd=2794600227-00&ServiceCd=780&Type=search", "url2": "http://www.koinonia.or.jp/dayservice/index.html" }, "geometry": { "type": "Point", "coordinates": [ 135.64882990000001, 34.5714859 ] } },
{ "type": "Feature", "properties": { "内容": "旭ヶ丘好意の庭デイサービスセンター【地域密着型通所介護】大阪府柏原市旭ヶ丘3-2-3", "url": "https://www.kaigokensaku.mhlw.go.jp/27/index.php?action_kouhyou_detail_004_kani=true&JigyosyoCd=2794600052-00&ServiceCd=780&Type=search", "url2": "http://www.koinonia.or.jp" }, "geometry": { "type": "Point", "coordinates": [ 135.634706199999982, 34.5600795 ] } },
{ "type": "Feature", "properties": { "内容": "障害福祉サービスわくわく【地域密着型通所介護】大阪府柏原市本郷三丁目９番６２号柏原市立自立支援センター内", "url": "https://www.kaigokensaku.mhlw.go.jp/27/index.php?action_kouhyou_detail_004_kani=true&JigyosyoCd=2794600185-00&ServiceCd=780&Type=search", "url2": "http://kashiwara-shakyo.jp" }, "geometry": { "type": "Point", "coordinates": [ 135.6182173, 34.5928854 ] } },
{ "type": "Feature", "properties": { "内容": "デイサービスセンター　すずらん【地域密着型通所介護】大阪府柏原市大県４丁目１８番１７号", "url": "https://www.kaigokensaku.mhlw.go.jp/27/index.php?action_kouhyou_detail_004_kani=true&JigyosyoCd=2794600235-00&ServiceCd=780&Type=search", "url2": null }, "geometry": { "type": "Point", "coordinates": [ 135.63205450000001, 34.5866976 ] } },
{ "type": "Feature", "properties": { "内容": "ミック健康の森柏原【地域密着型通所介護】大阪府柏原市太平寺1-3-8アヴァンス福力1F", "url": "https://www.kaigokensaku.mhlw.go.jp/27/index.php?action_kouhyou_detail_004_kani=true&JigyosyoCd=2774601344-00&ServiceCd=780&Type=search", "url2": "https://mik-kenkonomori.com/" }, "geometry": { "type": "Point", "coordinates": [ 135.627842200000032, 34.5835437 ] } },
{ "type": "Feature", "properties": { "内容": "グリーンデル柏原デイサービスセンター【地域密着型通所介護】大阪府柏原市大字青谷50番地", "url": "https://www.kaigokensaku.mhlw.go.jp/27/index.php?action_kouhyou_detail_004_kani=true&JigyosyoCd=2774600189-00&ServiceCd=780&Type=search", "url2": "https://meijyukai.jp/about/overview" }, "geometry": { "type": "Point", "coordinates": [ 135.6560733, 34.5728752 ] } },
{ "type": "Feature", "properties": { "内容": "デイサービスみらい【地域密着型通所介護】大阪府柏原市国分市場1丁目6番18号", "url": "https://www.kaigokensaku.mhlw.go.jp/27/index.php?action_kouhyou_detail_004_kani=true&JigyosyoCd=2774601419-00&ServiceCd=780&Type=search", "url2": "www.miraigrp.com" }, "geometry": { "type": "Point", "coordinates": [ 135.6466694, 34.5695881 ] } },
{ "type": "Feature", "properties": { "内容": "でいるーむ・かがやき【地域密着型通所介護】大阪府柏原市上市三丁目13番16号", "url": "https://www.kaigokensaku.mhlw.go.jp/27/index.php?action_kouhyou_detail_004_kani=true&JigyosyoCd=2774600668-00&ServiceCd=780&Type=search", "url2": null }, "geometry": { "type": "Point", "coordinates": [ 135.627792199999931, 34.5816133 ] } },
{ "type": "Feature", "properties": { "内容": "デイサービス　あきやまじゅく【地域密着型通所介護】柏原市法善寺4-336-13", "url": "https://www.kaigokensaku.mhlw.go.jp/27/index.php?action_kouhyou_detail_004_kani=true&JigyosyoCd=2774600924-00&ServiceCd=780&Type=search", "url2": "http://akiyamajuku.web.fc2.com/" }, "geometry": { "type": "Point", "coordinates": [ 135.629101109123184, 34.597014547795368 ] } },
{ "type": "Feature", "properties": { "内容": "グリーンケア　国分市場【地域密着型通所介護】大阪府柏原市国分市場１-３-１１", "url": "https://www.kaigokensaku.mhlw.go.jp/27/index.php?action_kouhyou_detail_004_kani=true&JigyosyoCd=2774601351-00&ServiceCd=780&Type=search", "url2": "http://www.kline-i.com/" }, "geometry": { "type": "Point", "coordinates": [ 135.643135700000016, 34.5689757 ] } },
{ "type": "Feature", "properties": { "内容": "地域創造センター　デイサービスひより【地域密着型通所介護】大阪府羽曳野市高鷲2-3-19", "url": "https://www.kaigokensaku.mhlw.go.jp/27/index.php?action_kouhyou_detail_004_kani=true&JigyosyoCd=2793800216-00&ServiceCd=780&Type=search", "url2": null }, "geometry": { "type": "Point", "coordinates": [ 135.583200531639989, 34.56748067343355 ] } },
{ "type": "Feature", "properties": { "内容": "レコードブック羽曳野蔵之内【地域密着型通所介護】大阪府羽曳野市蔵之内30-5", "url": "https://www.kaigokensaku.mhlw.go.jp/27/index.php?action_kouhyou_detail_004_kani=true&JigyosyoCd=2793800190-00&ServiceCd=780&Type=search", "url2": "https://www.recordbook.jp" }, "geometry": { "type": "Point", "coordinates": [ 135.599621398286416, 34.541843218326655 ] } },
{ "type": "Feature", "properties": { "内容": "リハビリデイサービスたから【地域密着型通所介護】大阪府羽曳野市西浦1-11-4ネオシティ古市1Ｆ", "url": "https://www.kaigokensaku.mhlw.go.jp/27/index.php?action_kouhyou_detail_004_kani=true&JigyosyoCd=2773802000-00&ServiceCd=780&Type=search", "url2": "http://day-takara.net/" }, "geometry": { "type": "Point", "coordinates": [ 135.605510081089733, 34.550150470027354 ] } },
{ "type": "Feature", "properties": { "内容": "デイサービス桃源郷【地域密着型通所介護】羽曳野市古市6-13-21", "url": "https://www.kaigokensaku.mhlw.go.jp/27/index.php?action_kouhyou_detail_004_kani=true&JigyosyoCd=2773801473-00&ServiceCd=780&Type=search", "url2": null }, "geometry": { "type": "Point", "coordinates": [ 135.609203500000035, 34.5433006 ] } },
{ "type": "Feature", "properties": { "内容": "リハビリ特化型デイサービスぴこらんど【地域密着型通所介護】大阪府羽曳野市西浦961-1", "url": "https://www.kaigokensaku.mhlw.go.jp/27/index.php?action_kouhyou_detail_004_kani=true&JigyosyoCd=2793800224-00&ServiceCd=780&Type=search", "url2": null }, "geometry": { "type": "Point", "coordinates": [ 135.604188639286775, 34.541412319098541 ] } },
{ "type": "Feature", "properties": { "内容": "デイルーム　花あかり【地域密着型通所介護】大阪府羽曳野市南恵我之荘8-6-9", "url": "https://www.kaigokensaku.mhlw.go.jp/27/index.php?action_kouhyou_detail_004_kani=true&JigyosyoCd=2773801986-00&ServiceCd=780&Type=search", "url2": "http://www.athena-co.jp/" }, "geometry": { "type": "Point", "coordinates": [ 135.570401400000037, 34.5738963 ] } },
{ "type": "Feature", "properties": { "内容": "リハビリデイ　ファミリア門真【地域密着型通所介護】大阪府門真市北岸和田1丁目1番22号メゾンジョイ1階", "url": "https://www.kaigokensaku.mhlw.go.jp/27/index.php?action_kouhyou_detail_004_kani=true&JigyosyoCd=2792600260-00&ServiceCd=780&Type=search", "url2": null }, "geometry": { "type": "Point", "coordinates": [ 135.618537300000014, 34.7396015 ] } },
{ "type": "Feature", "properties": { "内容": "南郷デイサービス門真【地域密着型通所介護】大阪府門真市島頭4丁目1－1あおいビル2階", "url": "https://www.kaigokensaku.mhlw.go.jp/27/index.php?action_kouhyou_detail_004_kani=true&JigyosyoCd=2792600252-00&ServiceCd=780&Type=search", "url2": "http://www.souseifukushikai.com" }, "geometry": { "type": "Point", "coordinates": [ 135.60626100674591, 34.729922848424152 ] } },
{ "type": "Feature", "properties": { "内容": "ケアホームちどりデイサービスセンター【地域密着型通所介護】大阪府門真市柳田町15番23号", "url": "https://www.kaigokensaku.mhlw.go.jp/27/index.php?action_kouhyou_detail_004_kani=true&JigyosyoCd=2792600179-00&ServiceCd=780&Type=search", "url2": "https://www.chidori.or.jp/" }, "geometry": { "type": "Point", "coordinates": [ 135.5893457, 34.7308821 ] } },
{ "type": "Feature", "properties": { "内容": "ミック健康の森門真【地域密着型通所介護】大阪府門真市一番町24-11", "url": "https://www.kaigokensaku.mhlw.go.jp/27/index.php?action_kouhyou_detail_004_kani=true&JigyosyoCd=2772602989-00&ServiceCd=780&Type=search", "url2": "http://un-mik.co.jp/kenko/" }, "geometry": { "type": "Point", "coordinates": [ 135.5924013, 34.7276938 ] } },
{ "type": "Feature", "properties": { "内容": "ＭＵ-リハビリセンター【地域密着型通所介護】大阪府門真市沖町18番8号", "url": "https://www.kaigokensaku.mhlw.go.jp/27/index.php?action_kouhyou_detail_004_kani=true&JigyosyoCd=2772603086-00&ServiceCd=780&Type=search", "url2": null }, "geometry": { "type": "Point", "coordinates": [ 135.603235801223377, 34.73140796438549 ] } },
{ "type": "Feature", "properties": { "内容": "デイ１００【地域密着型通所介護】大阪府門真市打越町９丁目８", "url": "https://www.kaigokensaku.mhlw.go.jp/27/index.php?action_kouhyou_detail_004_kani=true&JigyosyoCd=2772602591-00&ServiceCd=780&Type=search", "url2": "http://purelife-kaigo.osaka.jp" }, "geometry": { "type": "Point", "coordinates": [ 135.596073100000012, 34.7313435 ] } },
{ "type": "Feature", "properties": { "内容": "デイサービスわが家の湯【地域密着型通所介護】門真市常盤町6-19", "url": "https://www.kaigokensaku.mhlw.go.jp/27/index.php?action_kouhyou_detail_004_kani=true&JigyosyoCd=2772603169-00&ServiceCd=780&Type=search", "url2": null }, "geometry": { "type": "Point", "coordinates": [ 135.607686426242026, 34.741880721393343 ] } },
{ "type": "Feature", "properties": { "内容": "デイサービス　和生や【地域密着型通所介護】大阪府門真市舟田町４５番２２号", "url": "https://www.kaigokensaku.mhlw.go.jp/27/index.php?action_kouhyou_detail_004_kani=true&JigyosyoCd=2772601478-00&ServiceCd=780&Type=search", "url2": null }, "geometry": { "type": "Point", "coordinates": [ 135.603700099999969, 34.7348044 ] } },
{ "type": "Feature", "properties": { "内容": "デイサービスみかんの家　五月田【地域密着型通所介護】大阪府門真市五月田町9-32", "url": "https://www.kaigokensaku.mhlw.go.jp/27/index.php?action_kouhyou_detail_004_kani=true&JigyosyoCd=2772602765-00&ServiceCd=780&Type=search", "url2": null }, "geometry": { "type": "Point", "coordinates": [ 135.5980396, 34.7312074 ] } },
{ "type": "Feature", "properties": { "内容": "デイサービスはる。【地域密着型通所介護】大阪府門真市小路町２－１コトブキマンション１０１", "url": "https://www.kaigokensaku.mhlw.go.jp/27/index.php?action_kouhyou_detail_004_kani=true&JigyosyoCd=2772603110-00&ServiceCd=780&Type=search", "url2": null }, "geometry": { "type": "Point", "coordinates": [ 135.581679799999961, 34.7399256 ] } },
{ "type": "Feature", "properties": { "内容": "リハビリデイサービスかたぐるま【地域密着型通所介護】大阪府門真市千石西町４番20号第三やまだハイム１階", "url": "https://www.kaigokensaku.mhlw.go.jp/27/index.php?action_kouhyou_detail_004_kani=true&JigyosyoCd=2772602781-00&ServiceCd=780&Type=search", "url2": null }, "geometry": { "type": "Point", "coordinates": [ 135.607774899999981, 34.7232196 ] } },
{ "type": "Feature", "properties": { "内容": "デイサービスわが家【地域密着型通所介護】大阪府門真市上野口町16番2号", "url": "https://www.kaigokensaku.mhlw.go.jp/27/index.php?action_kouhyou_detail_004_kani=true&JigyosyoCd=2772602328-00&ServiceCd=780&Type=search", "url2": null }, "geometry": { "type": "Point", "coordinates": [ 135.606513599999971, 34.7410399 ] } },
{ "type": "Feature", "properties": { "内容": "フラップデイサービス沖町【地域密着型通所介護】大阪府門真市沖町17番7号", "url": "https://www.kaigokensaku.mhlw.go.jp/27/index.php?action_kouhyou_detail_004_kani=true&JigyosyoCd=2792600187-00&ServiceCd=780&Type=search", "url2": "https://www.flap-k.com" }, "geometry": { "type": "Point", "coordinates": [ 135.602605036805357, 34.731574221515906 ] } },
{ "type": "Feature", "properties": { "内容": "リハビリデイサービスセンターみらい【地域密着型通所介護】大阪府門真市幸福町15番12号", "url": "https://www.kaigokensaku.mhlw.go.jp/27/index.php?action_kouhyou_detail_004_kani=true&JigyosyoCd=2792600278-00&ServiceCd=780&Type=search", "url2": null }, "geometry": { "type": "Point", "coordinates": [ 135.5895961, 34.7420109 ] } },
{ "type": "Feature", "properties": { "内容": "デイサービス集【地域密着型通所介護】大阪府門真市大橋町6番10号", "url": "https://www.kaigokensaku.mhlw.go.jp/27/index.php?action_kouhyou_detail_004_kani=true&JigyosyoCd=2792600286-00&ServiceCd=780&Type=search", "url2": null }, "geometry": { "type": "Point", "coordinates": [ 135.6004618, 34.7381726 ] } },
{ "type": "Feature", "properties": { "内容": "個別リハビリデイサービスオンリー・湯【地域密着型通所介護】大阪府門真市末広町38-31モナリサ1階", "url": "https://www.kaigokensaku.mhlw.go.jp/27/index.php?action_kouhyou_detail_004_kani=true&JigyosyoCd=2792600245-00&ServiceCd=780&Type=search", "url2": "http://1onlyone.web.fc2.com" }, "geometry": { "type": "Point", "coordinates": [ 135.590358, 34.7384336 ] } },
{ "type": "Feature", "properties": { "内容": "樹楽門真【地域密着型通所介護】大阪府門真市柳町12-22ＫＩＲＡ古川橋１Ｆ", "url": "https://www.kaigokensaku.mhlw.go.jp/27/index.php?action_kouhyou_detail_004_kani=true&JigyosyoCd=2792600237-00&ServiceCd=780&Type=search", "url2": "http://across-inc.jp/" }, "geometry": { "type": "Point", "coordinates": [ 135.5880508, 34.7366713 ] } },
{ "type": "Feature", "properties": { "内容": "ミック健康の森　摂津【地域密着型通所介護】大阪府摂津市香露園28-23", "url": "https://www.kaigokensaku.mhlw.go.jp/27/index.php?action_kouhyou_detail_004_kani=true&JigyosyoCd=2793700150-00&ServiceCd=780&Type=search", "url2": "https://mik-kenkonomori.com/" }, "geometry": { "type": "Point", "coordinates": [ 135.557386599999973, 34.7866274 ] } },
{ "type": "Feature", "properties": { "内容": "デイサービスセンター　スマイル【地域密着型通所介護】大阪府摂津市正雀本町1－29－3", "url": "https://www.kaigokensaku.mhlw.go.jp/27/index.php?action_kouhyou_detail_004_kani=true&JigyosyoCd=2793700093-00&ServiceCd=780&Type=search", "url2": null }, "geometry": { "type": "Point", "coordinates": [ 135.5479985, 34.7765621 ] } },
{ "type": "Feature", "properties": { "内容": "摂津いやし園デイサービスセンター　滿さん家【地域密着型通所介護】大阪府摂津市鳥飼八町1-13-3", "url": "https://www.kaigokensaku.mhlw.go.jp/27/index.php?action_kouhyou_detail_004_kani=true&JigyosyoCd=2793700119-00&ServiceCd=780&Type=search", "url2": "https://iyashien.com/" }, "geometry": { "type": "Point", "coordinates": [ 135.587871099999973, 34.7905573 ] } },
{ "type": "Feature", "properties": { "内容": "南千里丘リハビリデイサービス【地域密着型通所介護】大阪府摂津市三島三丁目14番-49", "url": "https://www.kaigokensaku.mhlw.go.jp/27/index.php?action_kouhyou_detail_004_kani=true&JigyosyoCd=2773700956-00&ServiceCd=780&Type=search", "url2": null }, "geometry": { "type": "Point", "coordinates": [ 135.554845200000045, 34.7823889 ] } },
{ "type": "Feature", "properties": { "内容": "医療法人緑樹会　宮川リハビリデイセンター【地域密着型通所介護】大阪府摂津市正雀本町一丁目４０番１６号コア正雀101号", "url": "https://www.kaigokensaku.mhlw.go.jp/27/index.php?action_kouhyou_detail_004_kani=true&JigyosyoCd=2793700085-00&ServiceCd=780&Type=search", "url2": "http://miyagawa-clinic.net" }, "geometry": { "type": "Point", "coordinates": [ 135.547161, 34.7771551 ] } },
{ "type": "Feature", "properties": { "内容": "アスワンケアステーション別府【地域密着型通所介護】大阪府摂津市浜町2-6ルミエール1階", "url": "https://www.kaigokensaku.mhlw.go.jp/27/index.php?action_kouhyou_detail_004_kani=true&JigyosyoCd=2793700077-00&ServiceCd=780&Type=search", "url2": null }, "geometry": { "type": "Point", "coordinates": [ 135.5541164, 34.7702839 ] } },
{ "type": "Feature", "properties": { "内容": "通所介護　心日和【地域密着型通所介護】大阪府高石市取石一丁目１４番２０号", "url": "https://www.kaigokensaku.mhlw.go.jp/27/index.php?action_kouhyou_detail_004_kani=true&JigyosyoCd=2795300066-00&ServiceCd=780&Type=search", "url2": null }, "geometry": { "type": "Point", "coordinates": [ 135.4536875, 34.5221949 ] } },
{ "type": "Feature", "properties": { "内容": "体力づくり専門デイサービスフォーエスト千代田【地域密着型通所介護】大阪府高石市千代田4-8-25", "url": "https://www.kaigokensaku.mhlw.go.jp/27/index.php?action_kouhyou_detail_004_kani=true&JigyosyoCd=2775301050-00&ServiceCd=780&Type=search", "url2": null }, "geometry": { "type": "Point", "coordinates": [ 135.425745600000027, 34.5213502 ] } },
{ "type": "Feature", "properties": { "内容": "体力づくり専門デイサービスフォーエスト【地域密着型通所介護】大阪府高石市綾園1-11-20", "url": "https://www.kaigokensaku.mhlw.go.jp/27/index.php?action_kouhyou_detail_004_kani=true&JigyosyoCd=2775300896-00&ServiceCd=780&Type=search", "url2": null }, "geometry": { "type": "Point", "coordinates": [ 135.432549647850465, 34.520764689354195 ] } },
{ "type": "Feature", "properties": { "内容": "Re.ハビリデイサービスセンターひまわり【地域密着型通所介護】大阪府高石市西取石6-1-1", "url": "https://www.kaigokensaku.mhlw.go.jp/27/index.php?action_kouhyou_detail_004_kani=true&JigyosyoCd=2775301019-00&ServiceCd=780&Type=search", "url2": null }, "geometry": { "type": "Point", "coordinates": [ 135.446027100000038, 34.5200062 ] } },
{ "type": "Feature", "properties": { "内容": "共生ホームたんぽぽの家【地域密着型通所介護】大阪府高石市東羽衣2丁目9番4号", "url": "https://www.kaigokensaku.mhlw.go.jp/27/index.php?action_kouhyou_detail_004_kani=true&JigyosyoCd=2775300763-00&ServiceCd=780&Type=search", "url2": null }, "geometry": { "type": "Point", "coordinates": [ 135.44613917486879, 34.532328397191066 ] } },
{ "type": "Feature", "properties": { "内容": "デイサービスセンター　そら豆【地域密着型通所介護】大阪府高石市西取石7丁目8番6号", "url": "https://www.kaigokensaku.mhlw.go.jp/27/index.php?action_kouhyou_detail_004_kani=true&JigyosyoCd=2775301076-00&ServiceCd=780&Type=search", "url2": null }, "geometry": { "type": "Point", "coordinates": [ 135.442926849702872, 34.514278603027044 ] } },
{ "type": "Feature", "properties": { "内容": "デイサービス　はるのひ【地域密着型通所介護】大阪府高石市取石１丁目１６番３０号", "url": "https://www.kaigokensaku.mhlw.go.jp/27/index.php?action_kouhyou_detail_004_kani=true&JigyosyoCd=2795300108-00&ServiceCd=780&Type=search", "url2": null }, "geometry": { "type": "Point", "coordinates": [ 135.4558393, 34.522461400000019 ] } },
{ "type": "Feature", "properties": { "内容": "デイトレーニングBAKI羽衣【地域密着型通所介護】大阪府高石市東羽衣3-8-4スカイロック羽衣1階", "url": "https://www.kaigokensaku.mhlw.go.jp/27/index.php?action_kouhyou_detail_004_kani=true&JigyosyoCd=2795300132-00&ServiceCd=780&Type=search", "url2": null }, "geometry": { "type": "Point", "coordinates": [ 135.442331034671923, 34.533713601275203 ] } },
{ "type": "Feature", "properties": { "内容": "ポラリスデイサービスセンター伽羅橋【地域密着型通所介護】大阪府高石市羽衣四丁目四の二十六", "url": "https://www.kaigokensaku.mhlw.go.jp/27/index.php?action_kouhyou_detail_004_kani=true&JigyosyoCd=2795300090-00&ServiceCd=780&Type=search", "url2": "https://www.polaris.care/about/" }, "geometry": { "type": "Point", "coordinates": [ 135.435537, 34.5320466 ] } },
{ "type": "Feature", "properties": { "内容": "健康プラザどうみょうじ高殿苑【地域密着型通所介護】大阪府藤井寺市道明寺3-2-2", "url": "https://www.kaigokensaku.mhlw.go.jp/27/index.php?action_kouhyou_detail_004_kani=true&JigyosyoCd=2793400199-00&ServiceCd=780&Type=search", "url2": "https://www.houjukai.jp/domyoji/" }, "geometry": { "type": "Point", "coordinates": [ 135.620519799999983, 34.566209 ] } },
{ "type": "Feature", "properties": { "内容": "レッツ倶楽部藤井寺【地域密着型通所介護】大阪府藤井寺市岡1-9-45ファイナルコート", "url": "https://www.kaigokensaku.mhlw.go.jp/27/index.php?action_kouhyou_detail_004_kani=true&JigyosyoCd=2773401340-00&ServiceCd=780&Type=search", "url2": "http://www.lets-club.jp/shop/fujiidera/" }, "geometry": { "type": "Point", "coordinates": [ 135.596188947221435, 34.574877215088883 ] } },
{ "type": "Feature", "properties": { "内容": "ハート介護サービス弥刀デイ【地域密着型通所介護】大阪府東大阪市大蓮北一丁目９番２６号1F", "url": "https://www.kaigokensaku.mhlw.go.jp/27/index.php?action_kouhyou_detail_004_kani=true&JigyosyoCd=2775016971-00&ServiceCd=780&Type=search", "url2": null }, "geometry": { "type": "Point", "coordinates": [ 135.5789494, 34.6391409 ] } },
{ "type": "Feature", "properties": { "内容": "レコードブック弥刀【地域密着型通所介護】大阪府東大阪市友井３－３－２４シークライフ仲宮１F", "url": "https://www.kaigokensaku.mhlw.go.jp/27/index.php?action_kouhyou_detail_004_kani=true&JigyosyoCd=2795001037-00&ServiceCd=780&Type=search", "url2": "https://recordbook.pro/mito" }, "geometry": { "type": "Point", "coordinates": [ 135.5845209424362, 34.640897358978336 ] } },
{ "type": "Feature", "properties": { "内容": "みそのデイサービス【地域密着型通所介護】大阪府東大阪市喜里川町1番29号", "url": "https://www.kaigokensaku.mhlw.go.jp/27/index.php?action_kouhyou_detail_004_kani=true&JigyosyoCd=2795001433-00&ServiceCd=780&Type=search", "url2": "https://www.matuura-gp-kaigo.com" }, "geometry": { "type": "Point", "coordinates": [ 135.640415499999989, 34.667096 ] } },
{ "type": "Feature", "properties": { "内容": "リハビリデイサービスきらり水走【地域密着型通所介護】大阪府東大阪市水走2-17-12", "url": "https://www.kaigokensaku.mhlw.go.jp/27/index.php?action_kouhyou_detail_004_kani=true&JigyosyoCd=2795001540-00&ServiceCd=780&Type=search", "url2": "https://kirari-rehabili.com/" }, "geometry": { "type": "Point", "coordinates": [ 135.628708499999988, 34.6799 ] } },
{ "type": "Feature", "properties": { "内容": "デイサービス按心らいふ【地域密着型通所介護】大阪府東大阪市吉原2丁目3番43号グランドハイツ1階A号室", "url": "https://www.kaigokensaku.mhlw.go.jp/27/index.php?action_kouhyou_detail_004_kani=true&JigyosyoCd=2795000799-00&ServiceCd=780&Type=search", "url2": null }, "geometry": { "type": "Point", "coordinates": [ 135.6245179, 34.6848875 ] } },
{ "type": "Feature", "properties": { "内容": "デイサービス八福【地域密着型通所介護】大阪府東大阪市鷹殿町３番３３号", "url": "https://www.kaigokensaku.mhlw.go.jp/27/index.php?action_kouhyou_detail_004_kani=true&JigyosyoCd=2795000963-00&ServiceCd=780&Type=search", "url2": null }, "geometry": { "type": "Point", "coordinates": [ 135.6402395, 34.6695901 ] } },
{ "type": "Feature", "properties": { "内容": "株式会社ＱＯＬクリエイト【地域密着型通所介護】東大阪市小阪本町1-13-3エンゼルハイツ小阪本町1Ｆ", "url": "https://www.kaigokensaku.mhlw.go.jp/27/index.php?action_kouhyou_detail_004_kani=true&JigyosyoCd=2795000880-00&ServiceCd=780&Type=search", "url2": null }, "geometry": { "type": "Point", "coordinates": [ 135.581135645368931, 34.66123243987002 ] } },
{ "type": "Feature", "properties": { "内容": "つとむデイサービス　宝持店【地域密着型通所介護】大阪府東大阪市上小阪2-2-13スカイリバー上小阪1F", "url": "https://www.kaigokensaku.mhlw.go.jp/27/index.php?action_kouhyou_detail_004_kani=true&JigyosyoCd=2795001367-00&ServiceCd=780&Type=search", "url2": null }, "geometry": { "type": "Point", "coordinates": [ 135.5835303, 34.6558898 ] } },
{ "type": "Feature", "properties": { "内容": "リハビリデイ　ファミリア東大阪【地域密着型通所介護】大阪府東大阪市新池島町二丁目２１番１２号", "url": "https://www.kaigokensaku.mhlw.go.jp/27/index.php?action_kouhyou_detail_004_kani=true&JigyosyoCd=2795001482-00&ServiceCd=780&Type=search", "url2": null }, "geometry": { "type": "Point", "coordinates": [ 135.6300947, 34.6555685 ] } },
{ "type": "Feature", "properties": { "内容": "デイサービスゆずの木　くさか【地域密着型通所介護】大阪府東大阪市日下町4丁目3-5101", "url": "https://www.kaigokensaku.mhlw.go.jp/27/index.php?action_kouhyou_detail_004_kani=true&JigyosyoCd=2795001193-00&ServiceCd=780&Type=search", "url2": "https://daycare-facilities-yuzunoki.com/shop/" }, "geometry": { "type": "Point", "coordinates": [ 135.6437199, 34.6924241 ] } },
{ "type": "Feature", "properties": { "内容": "デイサービスやすらぎ【地域密着型通所介護】大阪府東大阪市下六万寺町3-1-39ケープロフト1階", "url": "https://www.kaigokensaku.mhlw.go.jp/27/index.php?action_kouhyou_detail_004_kani=true&JigyosyoCd=2795000906-00&ServiceCd=780&Type=search", "url2": "http://yasuragiday.web.fc2.com/" }, "geometry": { "type": "Point", "coordinates": [ 135.638727099999983, 34.6556264 ] } },
{ "type": "Feature", "properties": { "内容": "ティー・シー・デイサービス【地域密着型通所介護】大阪府東大阪市中小阪１丁目８番１４号TCビル1階", "url": "https://www.kaigokensaku.mhlw.go.jp/27/index.php?action_kouhyou_detail_004_kani=true&JigyosyoCd=2795001557-00&ServiceCd=780&Type=search", "url2": "https://www.suzurankizuna.com" }, "geometry": { "type": "Point", "coordinates": [ 135.583518400000031, 34.6564237 ] } },
{ "type": "Feature", "properties": { "内容": "ビーナスプラス瓢箪山【地域密着型通所介護】大阪府東大阪市桜町4-3", "url": "https://www.kaigokensaku.mhlw.go.jp/27/index.php?action_kouhyou_detail_004_kani=true&JigyosyoCd=2795001300-00&ServiceCd=780&Type=search", "url2": "https://www.venus-comrade.co.jp/" }, "geometry": { "type": "Point", "coordinates": [ 135.6342103, 34.665089600000016 ] } },
{ "type": "Feature", "properties": { "内容": "檜の家・枚岡【地域密着型通所介護】大阪府東大阪市南荘町1-11", "url": "https://www.kaigokensaku.mhlw.go.jp/27/index.php?action_kouhyou_detail_004_kani=true&JigyosyoCd=2795001490-00&ServiceCd=780&Type=search", "url2": null }, "geometry": { "type": "Point", "coordinates": [ 135.641530499999959, 34.6736837 ] } },
{ "type": "Feature", "properties": { "内容": "ポラリスデイサービスセンター御厨【地域密着型通所介護】大阪府東大阪市御厨３－９－８", "url": "https://www.kaigokensaku.mhlw.go.jp/27/index.php?action_kouhyou_detail_004_kani=true&JigyosyoCd=2795001011-00&ServiceCd=780&Type=search", "url2": "http://www.polaris.care/" }, "geometry": { "type": "Point", "coordinates": [ 135.5859805, 34.6733002 ] } },
{ "type": "Feature", "properties": { "内容": "お元気くらぶぷらっと【地域密着型通所介護】大阪府東大阪市高井田元町2丁目22-17", "url": "https://www.kaigokensaku.mhlw.go.jp/27/index.php?action_kouhyou_detail_004_kani=true&JigyosyoCd=2795001508-00&ServiceCd=780&Type=search", "url2": "https://genkinakaigo.co.jp/" }, "geometry": { "type": "Point", "coordinates": [ 135.5746107, 34.66729 ] } },
{ "type": "Feature", "properties": { "内容": "デイサービスセンターSD健寿布施店【地域密着型通所介護】大阪府東大阪市足代北１丁目3-21パークマンション1F", "url": "https://www.kaigokensaku.mhlw.go.jp/27/index.php?action_kouhyou_detail_004_kani=true&JigyosyoCd=2795001409-00&ServiceCd=780&Type=search", "url2": null }, "geometry": { "type": "Point", "coordinates": [ 135.5588469, 34.6657801 ] } },
{ "type": "Feature", "properties": { "内容": "デイサービスくっきー【地域密着型通所介護】大阪府東大阪市荒本新町6-29マンションプレザント1階", "url": "https://www.kaigokensaku.mhlw.go.jp/27/index.php?action_kouhyou_detail_004_kani=true&JigyosyoCd=2795001060-00&ServiceCd=780&Type=search", "url2": null }, "geometry": { "type": "Point", "coordinates": [ 135.6041957, 34.6779343 ] } },
{ "type": "Feature", "properties": { "内容": "デイサービス　やさしいはこ【地域密着型通所介護】大阪府東大阪市吉田5丁目6番20号", "url": "https://www.kaigokensaku.mhlw.go.jp/27/index.php?action_kouhyou_detail_004_kani=true&JigyosyoCd=2795000849-00&ServiceCd=780&Type=search", "url2": "http://hp.kaipoke.biz/58g/" }, "geometry": { "type": "Point", "coordinates": [ 135.622838099999967, 34.6641303 ] } },
{ "type": "Feature", "properties": { "内容": "春光園デイサービスセンター【地域密着型通所介護】大阪府東大阪市横枕8-34", "url": "https://www.kaigokensaku.mhlw.go.jp/27/index.php?action_kouhyou_detail_004_kani=true&JigyosyoCd=2795001417-00&ServiceCd=780&Type=search", "url2": "http://www.shunkouen.jp" }, "geometry": { "type": "Point", "coordinates": [ 135.608052192590321, 34.680795739066177 ] } },
{ "type": "Feature", "properties": { "内容": "デイサービスとリハビリの里めりー河内花園【地域密着型通所介護】大阪府東大阪市菱屋東1丁目1番27号エスパシオクレメンシア１F", "url": "https://www.kaigokensaku.mhlw.go.jp/27/index.php?action_kouhyou_detail_004_kani=true&JigyosyoCd=2795001151-00&ServiceCd=780&Type=search", "url2": "https://merry-crescendo.com/" }, "geometry": { "type": "Point", "coordinates": [ 135.6161965, 34.6637233 ] } },
{ "type": "Feature", "properties": { "内容": "医療法人尾﨑医院デイサービスヒロハウス【地域密着型通所介護】大阪府東大阪市瓜生堂一丁目５番２９2階", "url": "https://www.kaigokensaku.mhlw.go.jp/27/index.php?action_kouhyou_detail_004_kani=true&JigyosyoCd=2775012095-00&ServiceCd=780&Type=search", "url2": null }, "geometry": { "type": "Point", "coordinates": [ 135.605234500000051, 34.662332 ] } },
{ "type": "Feature", "properties": { "内容": "デイサービスにしぐち【地域密着型通所介護】大阪府東大阪市吉田４－９－３０", "url": "https://www.kaigokensaku.mhlw.go.jp/27/index.php?action_kouhyou_detail_004_kani=true&JigyosyoCd=2775011162-00&ServiceCd=780&Type=search", "url2": null }, "geometry": { "type": "Point", "coordinates": [ 135.625001900000029, 34.6711006 ] } },
{ "type": "Feature", "properties": { "内容": "わくわくデイサービス金岡【地域密着型通所介護】大阪府東大阪市金岡1-7-10", "url": "https://www.kaigokensaku.mhlw.go.jp/27/index.php?action_kouhyou_detail_004_kani=true&JigyosyoCd=2775009273-00&ServiceCd=780&Type=search", "url2": "https://www.hog.co.jp/company/" }, "geometry": { "type": "Point", "coordinates": [ 135.582245499999971, 34.641885500000022 ] } },
{ "type": "Feature", "properties": { "内容": "Optis【地域密着型通所介護】大阪府東大阪市南荘町13-37むつみハイツ1F-A", "url": "https://www.kaigokensaku.mhlw.go.jp/27/index.php?action_kouhyou_detail_004_kani=true&JigyosyoCd=2775009349-00&ServiceCd=780&Type=search", "url2": "https://www.moral-code.com/" }, "geometry": { "type": "Point", "coordinates": [ 135.64586220000001, 34.674753 ] } },
{ "type": "Feature", "properties": { "内容": "デイサービスゆうちゃん東大阪店【地域密着型通所介護】大阪府東大阪市横小路町２-２-７", "url": "https://www.kaigokensaku.mhlw.go.jp/27/index.php?action_kouhyou_detail_004_kani=true&JigyosyoCd=2775011113-00&ServiceCd=780&Type=search", "url2": null }, "geometry": { "type": "Point", "coordinates": [ 135.644295300000067, 34.6492395 ] } },
{ "type": "Feature", "properties": { "内容": "デイサービス　ななつぼし【地域密着型通所介護】大阪府東大阪市近江堂2-5-6", "url": "https://www.kaigokensaku.mhlw.go.jp/27/index.php?action_kouhyou_detail_004_kani=true&JigyosyoCd=2775012046-00&ServiceCd=780&Type=search", "url2": "http://w01.tp1.jp/~sr11029052/index.html" }, "geometry": { "type": "Point", "coordinates": [ 135.583209200000027, 34.647552599999983 ] } },
{ "type": "Feature", "properties": { "内容": "ハピネスデイ憩【地域密着型通所介護】大阪府東大阪市日下町7-3-49", "url": "https://www.kaigokensaku.mhlw.go.jp/27/index.php?action_kouhyou_detail_004_kani=true&JigyosyoCd=2775010917-00&ServiceCd=780&Type=search", "url2": "https://e-kaigo.net/" }, "geometry": { "type": "Point", "coordinates": [ 135.649799600000051, 34.6955623 ] } },
{ "type": "Feature", "properties": { "内容": "リハビリデイサービスきらり【地域密着型通所介護】大阪府東大阪市吉原2-9-56", "url": "https://www.kaigokensaku.mhlw.go.jp/27/index.php?action_kouhyou_detail_004_kani=true&JigyosyoCd=2775009802-00&ServiceCd=780&Type=search", "url2": "http://www.kirari-rehabili.com/" }, "geometry": { "type": "Point", "coordinates": [ 135.62107960000003, 34.6875652 ] } },
{ "type": "Feature", "properties": { "内容": "ビーナスプラス高井田【地域密着型通所介護】大阪府東大阪市森河内西１丁目18-2エタージュ高井田１Ｆ", "url": "https://www.kaigokensaku.mhlw.go.jp/27/index.php?action_kouhyou_detail_004_kani=true&JigyosyoCd=2775012202-00&ServiceCd=780&Type=search", "url2": "http://www.venus-comrade.co.jp/" }, "geometry": { "type": "Point", "coordinates": [ 135.567106100000046, 34.6832685 ] } },
{ "type": "Feature", "properties": { "内容": "デイサービスさんぽ【地域密着型通所介護】大阪府東大阪市下小阪5丁目14番19号", "url": "https://www.kaigokensaku.mhlw.go.jp/27/index.php?action_kouhyou_detail_004_kani=true&JigyosyoCd=2775010099-00&ServiceCd=780&Type=search", "url2": null }, "geometry": { "type": "Point", "coordinates": [ 135.593697552149592, 34.662014292893275 ] } },
{ "type": "Feature", "properties": { "内容": "ポラリスデイサービスセンター日下町【地域密着型通所介護】大阪府東大阪市日下町5-7-40", "url": "https://www.kaigokensaku.mhlw.go.jp/27/index.php?action_kouhyou_detail_004_kani=true&JigyosyoCd=2775010644-00&ServiceCd=780&Type=search", "url2": null }, "geometry": { "type": "Point", "coordinates": [ 135.6425865, 34.696647 ] } },
{ "type": "Feature", "properties": { "内容": "リハパークデイサービスセンター【地域密着型通所介護】大阪府東大阪市小坂2-11-18エステートビル1F", "url": "https://www.kaigokensaku.mhlw.go.jp/27/index.php?action_kouhyou_detail_004_kani=true&JigyosyoCd=2775010016-00&ServiceCd=780&Type=search", "url2": null }, "geometry": { "type": "Point", "coordinates": [ 135.586694500000021, 34.6641011 ] } },
{ "type": "Feature", "properties": { "内容": "アクティブかがやき【地域密着型通所介護】大阪府東大阪市柏田本町５番３号", "url": "https://www.kaigokensaku.mhlw.go.jp/27/index.php?action_kouhyou_detail_004_kani=true&JigyosyoCd=2775010370-00&ServiceCd=780&Type=search", "url2": null }, "geometry": { "type": "Point", "coordinates": [ 135.572474, 34.6468942 ] } },
{ "type": "Feature", "properties": { "内容": "七福リハビリデイサービス【地域密着型通所介護】大阪府東大阪市永和２－２１－６", "url": "https://www.kaigokensaku.mhlw.go.jp/27/index.php?action_kouhyou_detail_004_kani=true&JigyosyoCd=2775009521-00&ServiceCd=780&Type=search", "url2": null }, "geometry": { "type": "Point", "coordinates": [ 135.575425703075751, 34.65873424569476 ] } },
{ "type": "Feature", "properties": { "内容": "しょうデイサービス【地域密着型通所介護】大阪府東大阪市荒川1丁目14番31号", "url": "https://www.kaigokensaku.mhlw.go.jp/27/index.php?action_kouhyou_detail_004_kani=true&JigyosyoCd=2775012210-00&ServiceCd=780&Type=search", "url2": null }, "geometry": { "type": "Point", "coordinates": [ 135.5666316, 34.66128651238688 ] } },
{ "type": "Feature", "properties": { "内容": "デイサービスせいきょう【地域密着型通所介護】大阪府東大阪市荒本1丁目8番市営荒本住宅14棟104号", "url": "https://www.kaigokensaku.mhlw.go.jp/27/index.php?action_kouhyou_detail_004_kani=true&JigyosyoCd=2775009927-00&ServiceCd=780&Type=search", "url2": "http://aramotocare.com/" }, "geometry": { "type": "Point", "coordinates": [ 135.604900899999961, 34.6732669 ] } },
{ "type": "Feature", "properties": { "内容": "デイサービスセンター「ふれあい」【地域密着型通所介護】大阪府東大阪市新上小阪11-2", "url": "https://www.kaigokensaku.mhlw.go.jp/27/index.php?action_kouhyou_detail_004_kani=true&JigyosyoCd=2775010925-00&ServiceCd=780&Type=search", "url2": "http://www.osj.or.jp/higashiosaka/" }, "geometry": { "type": "Point", "coordinates": [ 135.592727700000069, 34.6502386 ] } },
{ "type": "Feature", "properties": { "内容": "メディカルフィットネス　コスモス【地域密着型通所介護】大阪府東大阪市鷹殿町3番33号聖和学院ビル102号", "url": "https://www.kaigokensaku.mhlw.go.jp/27/index.php?action_kouhyou_detail_004_kani=true&JigyosyoCd=2775011204-00&ServiceCd=780&Type=search", "url2": "http://www.matsuura-cosmos.or.jp/" }, "geometry": { "type": "Point", "coordinates": [ 135.640239500000035, 34.669590100000043 ] } },
{ "type": "Feature", "properties": { "内容": "デイサービスさくらの家【地域密着型通所介護】大阪府東大阪市玉串町東３－１－９", "url": "https://www.kaigokensaku.mhlw.go.jp/27/index.php?action_kouhyou_detail_004_kani=true&JigyosyoCd=2775010610-00&ServiceCd=780&Type=search", "url2": null }, "geometry": { "type": "Point", "coordinates": [ 135.622899800000027, 34.655033 ] } },
{ "type": "Feature", "properties": { "内容": "デイ倶楽部まい【地域密着型通所介護】大阪府東大阪市中石切町5-3-10", "url": "https://www.kaigokensaku.mhlw.go.jp/27/index.php?action_kouhyou_detail_004_kani=true&JigyosyoCd=2775012426-00&ServiceCd=780&Type=search", "url2": "http://www.mylifestage.net/" }, "geometry": { "type": "Point", "coordinates": [ 135.639478199999985, 34.6876435 ] } },
{ "type": "Feature", "properties": { "内容": "七福ぷらすリハビリデイサービス【地域密着型通所介護】大阪府東大阪市永和2-21-7", "url": "https://www.kaigokensaku.mhlw.go.jp/27/index.php?action_kouhyou_detail_004_kani=true&JigyosyoCd=2795001110-00&ServiceCd=780&Type=search", "url2": null }, "geometry": { "type": "Point", "coordinates": [ 135.5753852, 34.6585332 ] } },
{ "type": "Feature", "properties": { "内容": "ケア　てくてく【地域密着型通所介護】大阪府東大阪市荒川3-25-21", "url": "https://www.kaigokensaku.mhlw.go.jp/27/index.php?action_kouhyou_detail_004_kani=true&JigyosyoCd=2775007483-00&ServiceCd=780&Type=search", "url2": "https://www.google.com/maps/uv?pb=!1s0x6000dfb77769283d%3A0x1f64aa6d01471900!3m1!7e115!4shttps%3A%2F%2Flh5.googleusercontent.com%2Fp%2FAF1QipM8q44oKbw-VdO2PadFeBxrMGUrvT6Q2sbDlIMJ%3Dw213-h160-k-no!5z44Kx44Ki44Gm44GP44Gm44GPIC0gR29vZ2xlIOaknOe0og!15sCgIgAQ" }, "geometry": { "type": "Point", "coordinates": [ 135.571768100000014, 34.6607511 ] } },
{ "type": "Feature", "properties": { "内容": "デイサービスかもめの家【地域密着型通所介護】大阪府東大阪市菱江1-10-17", "url": "https://www.kaigokensaku.mhlw.go.jp/27/index.php?action_kouhyou_detail_004_kani=true&JigyosyoCd=2775008671-00&ServiceCd=780&Type=search", "url2": "https://day-kamomenoie.com" }, "geometry": { "type": "Point", "coordinates": [ 135.612408717791027, 34.672081704778009 ] } },
{ "type": "Feature", "properties": { "内容": "福安介護センター【地域密着型通所介護】大阪府東大阪市楠根1-12-26", "url": "https://www.kaigokensaku.mhlw.go.jp/27/index.php?action_kouhyou_detail_004_kani=true&JigyosyoCd=2775005636-00&ServiceCd=780&Type=search", "url2": null }, "geometry": { "type": "Point", "coordinates": [ 135.581538120237724, 34.684264589310288 ] } },
{ "type": "Feature", "properties": { "内容": "デイサービスセンターひしの美【地域密着型通所介護】大阪府東大阪市南上小阪４－１８", "url": "https://www.kaigokensaku.mhlw.go.jp/27/index.php?action_kouhyou_detail_004_kani=true&JigyosyoCd=2775000546-00&ServiceCd=780&Type=search", "url2": "http://www.hishinomi.jp" }, "geometry": { "type": "Point", "coordinates": [ 135.593011100000012, 34.6478361 ] } },
{ "type": "Feature", "properties": { "内容": "老人デイサービスセンター　善根寺【地域密着型通所介護】東大阪市善根寺町1丁目2番15号", "url": "https://www.kaigokensaku.mhlw.go.jp/27/index.php?action_kouhyou_detail_004_kani=true&JigyosyoCd=2775006592-00&ServiceCd=780&Type=search", "url2": "http://www.jinpu-kai.jp/105.php" }, "geometry": { "type": "Point", "coordinates": [ 135.648599600000011, 34.7000228 ] } },
{ "type": "Feature", "properties": { "内容": "喜里川デイサービスセンター【地域密着型通所介護】大阪府東大阪市喜里川町12-1", "url": "https://www.kaigokensaku.mhlw.go.jp/27/index.php?action_kouhyou_detail_004_kani=true&JigyosyoCd=2775001304-00&ServiceCd=780&Type=search", "url2": "https://kawafukukai.or.jp" }, "geometry": { "type": "Point", "coordinates": [ 135.643517, 34.6678932 ] } },
{ "type": "Feature", "properties": { "内容": "デイサービス鴻の里【地域密着型通所介護】大阪府東大阪市三島１丁目６番１４号", "url": "https://www.kaigokensaku.mhlw.go.jp/27/index.php?action_kouhyou_detail_004_kani=true&JigyosyoCd=2775000728-00&ServiceCd=780&Type=search", "url2": null }, "geometry": { "type": "Point", "coordinates": [ 135.598598600000059, 34.6903149 ] } },
{ "type": "Feature", "properties": { "内容": "有限会社ニコニコ介護サービス【地域密着型通所介護】大阪府東大阪市荒川３－２５－２５", "url": "https://www.kaigokensaku.mhlw.go.jp/27/index.php?action_kouhyou_detail_004_kani=true&JigyosyoCd=2775007988-00&ServiceCd=780&Type=search", "url2": "http://nikonikokaigo.web.fc2.com/" }, "geometry": { "type": "Point", "coordinates": [ 135.5717042, 34.6608844 ] } },
{ "type": "Feature", "properties": { "内容": "筋トレデイサービスビーボ【地域密着型通所介護】大阪府東大阪市下六万寺町3-6-51", "url": "https://www.kaigokensaku.mhlw.go.jp/27/index.php?action_kouhyou_detail_004_kani=true&JigyosyoCd=2775006055-00&ServiceCd=780&Type=search", "url2": "http://www.11hari.com" }, "geometry": { "type": "Point", "coordinates": [ 135.636276400000042, 34.655469300000021 ] } },
{ "type": "Feature", "properties": { "内容": "ライフケアひまわり東山デイサービスセンター【地域密着型通所介護】大阪府東大阪市東山町１８番２８号", "url": "https://www.kaigokensaku.mhlw.go.jp/27/index.php?action_kouhyou_detail_004_kani=true&JigyosyoCd=2775008853-00&ServiceCd=780&Type=search", "url2": null }, "geometry": { "type": "Point", "coordinates": [ 135.648360899999943, 34.6784865 ] } },
{ "type": "Feature", "properties": { "内容": "寿デイサービス【地域密着型通所介護】大阪府東大阪市若江本町3丁目3-29", "url": "https://www.kaigokensaku.mhlw.go.jp/27/index.php?action_kouhyou_detail_004_kani=true&JigyosyoCd=2775004605-00&ServiceCd=780&Type=search", "url2": null }, "geometry": { "type": "Point", "coordinates": [ 135.605701915483138, 34.654817749877125 ] } },
{ "type": "Feature", "properties": { "内容": "ＪＣＳ東大阪デイサービスセンターオリーブ【地域密着型通所介護】大阪府東大阪市旭町１８番１８号", "url": "https://www.kaigokensaku.mhlw.go.jp/27/index.php?action_kouhyou_detail_004_kani=true&JigyosyoCd=2775005255-00&ServiceCd=780&Type=search", "url2": null }, "geometry": { "type": "Point", "coordinates": [ 135.636562942327828, 34.665939263030424 ] } },
{ "type": "Feature", "properties": { "内容": "リハプライド医療法人秀黄会【地域密着型通所介護】大阪府東大阪市若江西新町四丁目12番18号プロバンスDAN1階", "url": "https://www.kaigokensaku.mhlw.go.jp/27/index.php?action_kouhyou_detail_004_kani=true&JigyosyoCd=2795001185-00&ServiceCd=780&Type=search", "url2": "https://www.rehapride.co.jp/H.A.B.I/" }, "geometry": { "type": "Point", "coordinates": [ 135.5945104, 34.6527405 ] } },
{ "type": "Feature", "properties": { "内容": "デイサービス　ドリーム横小路【地域密着型通所介護】大阪府東大阪市横小路町2-3-43", "url": "https://www.kaigokensaku.mhlw.go.jp/27/index.php?action_kouhyou_detail_004_kani=true&JigyosyoCd=2775009299-00&ServiceCd=780&Type=search", "url2": null }, "geometry": { "type": "Point", "coordinates": [ 135.645064700000034, 34.6489145 ] } },
{ "type": "Feature", "properties": { "内容": "ひまわり【地域密着型通所介護】大阪府東大阪市寿町1-1-35ハイツ吉田", "url": "https://www.kaigokensaku.mhlw.go.jp/27/index.php?action_kouhyou_detail_004_kani=true&JigyosyoCd=2795001227-00&ServiceCd=780&Type=search", "url2": null }, "geometry": { "type": "Point", "coordinates": [ 135.570590900000013, 34.6526136 ] } },
{ "type": "Feature", "properties": { "内容": "ウィズユー・デイサービスセンター【地域密着型通所介護】大阪府東大阪市川俣1丁目1-8藤田ビル2階", "url": "https://www.kaigokensaku.mhlw.go.jp/27/index.php?action_kouhyou_detail_004_kani=true&JigyosyoCd=2775009711-00&ServiceCd=780&Type=search", "url2": null }, "geometry": { "type": "Point", "coordinates": [ 135.572901099999967, 34.6793379 ] } },
{ "type": "Feature", "properties": { "内容": "ミック健康の森　瓢箪山【地域密着型通所介護】大阪府東大阪市下六万寺町三丁目5番22号", "url": "https://www.kaigokensaku.mhlw.go.jp/27/index.php?action_kouhyou_detail_004_kani=true&JigyosyoCd=2795001565-00&ServiceCd=780&Type=search", "url2": "https://mik-kenkonomori.com/" }, "geometry": { "type": "Point", "coordinates": [ 135.63651459999997, 34.655305600000034 ] } },
{ "type": "Feature", "properties": { "内容": "スローライフデイサービスセンター【地域密着型通所介護】大阪府東大阪市永和2-8-3", "url": "https://www.kaigokensaku.mhlw.go.jp/27/index.php?action_kouhyou_detail_004_kani=true&JigyosyoCd=2775003797-00&ServiceCd=780&Type=search", "url2": "https://slowlifeday.com/" }, "geometry": { "type": "Point", "coordinates": [ 135.574372119049002, 34.661450198881063 ] } },
{ "type": "Feature", "properties": { "内容": "デイサービスいなほ【地域密着型通所介護】大阪府東大阪市森河内東1-33-4", "url": "https://www.kaigokensaku.mhlw.go.jp/27/index.php?action_kouhyou_detail_004_kani=true&JigyosyoCd=2775010107-00&ServiceCd=780&Type=search", "url2": "https://www.higashioosakainaho.com/" }, "geometry": { "type": "Point", "coordinates": [ 135.56902189004623, 34.682892030847022 ] } },
{ "type": "Feature", "properties": { "内容": "デイサービス縁むすび【地域密着型通所介護】大阪府東大阪市川中2-3長谷川ビル1階", "url": "https://www.kaigokensaku.mhlw.go.jp/27/index.php?action_kouhyou_detail_004_kani=true&JigyosyoCd=2795001292-00&ServiceCd=780&Type=search", "url2": null }, "geometry": { "type": "Point", "coordinates": [ 135.6263528, 34.6806436 ] } },
{ "type": "Feature", "properties": { "内容": "わくわくデイサービス長瀬【地域密着型通所介護】大阪府東大阪市小若江1丁目19－23レーヴ小若江1階", "url": "https://www.kaigokensaku.mhlw.go.jp/27/index.php?action_kouhyou_detail_004_kani=true&JigyosyoCd=2795000989-00&ServiceCd=780&Type=search", "url2": "https://www.hog.co.jp" }, "geometry": { "type": "Point", "coordinates": [ 135.5799586, 34.648908 ] } },
{ "type": "Feature", "properties": { "内容": "デイサービスセンター春よ来い【地域密着型通所介護】大阪府東大阪市花園東町1-7-26", "url": "https://www.kaigokensaku.mhlw.go.jp/27/index.php?action_kouhyou_detail_004_kani=true&JigyosyoCd=2775011733-00&ServiceCd=780&Type=search", "url2": null }, "geometry": { "type": "Point", "coordinates": [ 135.620993399999946, 34.659693 ] } },
{ "type": "Feature", "properties": { "内容": "GENKINEXT東大阪弥刀【地域密着型通所介護】大阪府東大阪市源氏ケ丘25-12弥刀駅前ﾊｲﾂ１F", "url": "https://www.kaigokensaku.mhlw.go.jp/27/index.php?action_kouhyou_detail_004_kani=true&JigyosyoCd=2775012731-00&ServiceCd=780&Type=search", "url2": null }, "geometry": { "type": "Point", "coordinates": [ 135.582634399999961, 34.6416365 ] } },
{ "type": "Feature", "properties": { "内容": "デイサービスほのぼの【地域密着型通所介護】大阪府東大阪市善根寺町4丁目1番37号ライフコートほのぼの内", "url": "https://www.kaigokensaku.mhlw.go.jp/27/index.php?action_kouhyou_detail_004_kani=true&JigyosyoCd=2775011287-00&ServiceCd=780&Type=search", "url2": "http://honobono7227.jp/" }, "geometry": { "type": "Point", "coordinates": [ 135.642397299999971, 34.7000671 ] } },
{ "type": "Feature", "properties": { "内容": "カームデイサービスセンター【地域密着型通所介護】大阪府東大阪市柏田本町3-13", "url": "https://www.kaigokensaku.mhlw.go.jp/27/index.php?action_kouhyou_detail_004_kani=true&JigyosyoCd=2795001169-00&ServiceCd=780&Type=search", "url2": null }, "geometry": { "type": "Point", "coordinates": [ 135.571439, 34.647054800000021 ] } },
{ "type": "Feature", "properties": { "内容": "地域密着型デイサービス　宝の箱近江堂【地域密着型通所介護】大阪府東大阪市近江堂３丁目９番４号", "url": "https://www.kaigokensaku.mhlw.go.jp/27/index.php?action_kouhyou_detail_004_kani=true&JigyosyoCd=2795001425-00&ServiceCd=780&Type=search", "url2": null }, "geometry": { "type": "Point", "coordinates": [ 135.5882229, 34.6465768 ] } },
{ "type": "Feature", "properties": { "内容": "フォレストガーデンデイサービスセンター【地域密着型通所介護】大阪府東大阪市池之端町5番43号", "url": "https://www.kaigokensaku.mhlw.go.jp/27/index.php?action_kouhyou_detail_004_kani=true&JigyosyoCd=2775009745-00&ServiceCd=780&Type=search", "url2": "http://care-net.biz/27/hakujyukai/" }, "geometry": { "type": "Point", "coordinates": [ 135.648881440986514, 34.696043906881847 ] } },
{ "type": "Feature", "properties": { "内容": "デイサービス夢【地域密着型通所介護】大阪府東大阪市額田町８番３号天風ビル２階", "url": "https://www.kaigokensaku.mhlw.go.jp/27/index.php?action_kouhyou_detail_004_kani=true&JigyosyoCd=2795001029-00&ServiceCd=780&Type=search", "url2": null }, "geometry": { "type": "Point", "coordinates": [ 135.6511253, 34.6760953 ] } },
{ "type": "Feature", "properties": { "内容": "デイサービス生き活き【地域密着型通所介護】大阪府東大阪市吉田1丁目5番30号ノーマルライフ在宅サポートセンター", "url": "https://www.kaigokensaku.mhlw.go.jp/27/index.php?action_kouhyou_detail_004_kani=true&JigyosyoCd=2795000674-00&ServiceCd=780&Type=search", "url2": null }, "geometry": { "type": "Point", "coordinates": [ 135.618961052114827, 34.664493952885465 ] } },
{ "type": "Feature", "properties": { "内容": "デイサービスセンターゆうイング宮崎【地域密着型通所介護】大阪府東大阪市中石切町４丁目１０番１１号", "url": "https://www.kaigokensaku.mhlw.go.jp/27/index.php?action_kouhyou_detail_004_kani=true&JigyosyoCd=2775004811-00&ServiceCd=780&Type=search", "url2": null }, "geometry": { "type": "Point", "coordinates": [ 135.6447389, 34.6884797 ] } },
{ "type": "Feature", "properties": { "内容": "デイサービス和楽【地域密着型通所介護】大阪府東大阪市御厨西ノ町１－４－７", "url": "https://www.kaigokensaku.mhlw.go.jp/27/index.php?action_kouhyou_detail_004_kani=true&JigyosyoCd=2795001201-00&ServiceCd=780&Type=search", "url2": null }, "geometry": { "type": "Point", "coordinates": [ 135.5829095, 34.6729034 ] } },
{ "type": "Feature", "properties": { "内容": "湯とれっち　らいぶ【地域密着型通所介護】大阪府東大阪市荒川二丁目１番７号布施ビューハイツ101・102号室", "url": "https://www.kaigokensaku.mhlw.go.jp/27/index.php?action_kouhyou_detail_004_kani=true&JigyosyoCd=2795001623-00&ServiceCd=780&Type=search", "url2": null }, "geometry": { "type": "Point", "coordinates": [ 135.5699061, 34.6599332 ] } },
{ "type": "Feature", "properties": { "内容": "はりきりデイサービス【地域密着型通所介護】大阪府東大阪市花園本町2丁目11-37グレースマンション1F", "url": "https://www.kaigokensaku.mhlw.go.jp/27/index.php?action_kouhyou_detail_004_kani=true&JigyosyoCd=2775010776-00&ServiceCd=780&Type=search", "url2": null }, "geometry": { "type": "Point", "coordinates": [ 135.6174115, 34.6579578 ] } },
{ "type": "Feature", "properties": { "内容": "愛ケアファミリアデイサービス【地域密着型通所介護】大阪府東大阪市寿町三丁目５番１５号", "url": "https://www.kaigokensaku.mhlw.go.jp/27/index.php?action_kouhyou_detail_004_kani=true&JigyosyoCd=2775012657-00&ServiceCd=780&Type=search", "url2": "http://www.aikea.co.jp/" }, "geometry": { "type": "Point", "coordinates": [ 135.5646858, 34.6499299 ] } },
{ "type": "Feature", "properties": { "内容": "デイサービスセンター暖【地域密着型通所介護】大阪府東大阪市新庄2丁目15番2号サービス付き高齢者向け住宅まあま妹1F", "url": "https://www.kaigokensaku.mhlw.go.jp/27/index.php?action_kouhyou_detail_004_kani=true&JigyosyoCd=2795001649-00&ServiceCd=780&Type=search", "url2": null }, "geometry": { "type": "Point", "coordinates": [ 135.602947699999987, 34.691248 ] } },
{ "type": "Feature", "properties": { "内容": "笑福デイサービス【地域密着型通所介護】大阪府東大阪市若江西新町3-1-10GRAND　STEADY八戸ノ里", "url": "https://www.kaigokensaku.mhlw.go.jp/27/index.php?action_kouhyou_detail_004_kani=true&JigyosyoCd=2795001177-00&ServiceCd=780&Type=search", "url2": null }, "geometry": { "type": "Point", "coordinates": [ 135.5971685, 34.6559069 ] } },
{ "type": "Feature", "properties": { "内容": "デイサービス　ほほえみの郷【地域密着型通所介護】大阪府東大阪市上四条町１１番２８号", "url": "https://www.kaigokensaku.mhlw.go.jp/27/index.php?action_kouhyou_detail_004_kani=true&JigyosyoCd=2775004332-00&ServiceCd=780&Type=search", "url2": "http://www.hohoemi-group.com/" }, "geometry": { "type": "Point", "coordinates": [ 135.649078, 34.6561333 ] } },
{ "type": "Feature", "properties": { "内容": "フラワーデイ【地域密着型通所介護】大阪府泉南市中小路二丁目１８３７－１", "url": "https://www.kaigokensaku.mhlw.go.jp/27/index.php?action_kouhyou_detail_004_kani=true&JigyosyoCd=2795600176-00&ServiceCd=780&Type=search", "url2": "https://www.flowerhome3399.com/" }, "geometry": { "type": "Point", "coordinates": [ 135.2784264, 34.3749003 ] } },
{ "type": "Feature", "properties": { "内容": "リハビリデイサービスアクティブ【地域密着型通所介護】大阪府泉南市樽井2丁目22番12号スペースクリエイトビル101号", "url": "https://www.kaigokensaku.mhlw.go.jp/27/index.php?action_kouhyou_detail_004_kani=true&JigyosyoCd=2795600135-00&ServiceCd=780&Type=search", "url2": null }, "geometry": { "type": "Point", "coordinates": [ 135.2713463, 34.3660267 ] } },
{ "type": "Feature", "properties": { "内容": "デイサービスサンライズ2号館【地域密着型通所介護】大阪府泉南市男里3丁目1番14号", "url": "https://www.kaigokensaku.mhlw.go.jp/27/index.php?action_kouhyou_detail_004_kani=true&JigyosyoCd=2795600184-00&ServiceCd=780&Type=search", "url2": "http://hp/kaipoke/biz/dwn/" }, "geometry": { "type": "Point", "coordinates": [ 135.2572705, 34.3627547 ] } },
{ "type": "Feature", "properties": { "内容": "リハートデイサービスセンター信達【地域密着型通所介護】大阪府泉南市信達市場１１６－７", "url": "https://www.kaigokensaku.mhlw.go.jp/27/index.php?action_kouhyou_detail_004_kani=true&JigyosyoCd=2775601566-00&ServiceCd=780&Type=search", "url2": "https://www.google.com/search?q=%E3%83%AA%E3%83%8F%E3%83%BC%E3%83%88%E3%83%87%E3%82%A4%E3%82%B5%E3%83%BC%E3%83%93%E3%82%B9%E3%82%BB%E3%83%B3%E3%82%BF%E3%83%BC%E4%BF%A1%E9%81%94&rlz=1C1JCYX_jaJP1082JP1082&oq=%E3%83%AA%E3%83%8F%E3%83%BC%E3%83%88%E3%83%87%E3" }, "geometry": { "type": "Point", "coordinates": [ 135.288755199999969, 34.3602142 ] } },
{ "type": "Feature", "properties": { "内容": "デイサービス　ひのき【地域密着型通所介護】大阪府泉南市幡代二丁目１８番１５号", "url": "https://www.kaigokensaku.mhlw.go.jp/27/index.php?action_kouhyou_detail_004_kani=true&JigyosyoCd=2775601426-00&ServiceCd=780&Type=search", "url2": null }, "geometry": { "type": "Point", "coordinates": [ 135.263879200000019, 34.349178600000023 ] } },
{ "type": "Feature", "properties": { "内容": "デイサービス　サンライズ【地域密着型通所介護】大阪府泉南市男里３丁目１番２０号", "url": "https://www.kaigokensaku.mhlw.go.jp/27/index.php?action_kouhyou_detail_004_kani=true&JigyosyoCd=2775601517-00&ServiceCd=780&Type=search", "url2": "http://hp.kaipoke.biz/dwn/" }, "geometry": { "type": "Point", "coordinates": [ 135.257290300000022, 34.363199 ] } },
{ "type": "Feature", "properties": { "内容": "デイサービス真ごころ【地域密着型通所介護】大阪府泉南市幡代1-371-8", "url": "https://www.kaigokensaku.mhlw.go.jp/27/index.php?action_kouhyou_detail_004_kani=true&JigyosyoCd=2775601137-00&ServiceCd=780&Type=search", "url2": "https://www.makotocare-sta.net" }, "geometry": { "type": "Point", "coordinates": [ 135.262938855758648, 34.357254732022938 ] } },
{ "type": "Feature", "properties": { "内容": "デイサービスほしぞら【地域密着型通所介護】大阪府泉南市樽井４丁目33-4", "url": "https://www.kaigokensaku.mhlw.go.jp/27/index.php?action_kouhyou_detail_004_kani=true&JigyosyoCd=2795600192-00&ServiceCd=780&Type=search", "url2": "https://hoshizora-hureai.com/" }, "geometry": { "type": "Point", "coordinates": [ 135.2570738, 34.3709884 ] } },
{ "type": "Feature", "properties": { "内容": "デイサービス　スマイルハート【地域密着型通所介護】大阪府泉南市鳴滝3丁目14番4号", "url": "https://www.kaigokensaku.mhlw.go.jp/27/index.php?action_kouhyou_detail_004_kani=true&JigyosyoCd=2775600998-00&ServiceCd=780&Type=search", "url2": "http://www.kaigo-smileheart.com" }, "geometry": { "type": "Point", "coordinates": [ 135.272725199999968, 34.3750481 ] } },
{ "type": "Feature", "properties": { "内容": "デイサービス　みどりの丘【地域密着型通所介護】大阪府泉南市馬場2丁目2番45号", "url": "https://www.kaigokensaku.mhlw.go.jp/27/index.php?action_kouhyou_detail_004_kani=true&JigyosyoCd=2795600101-00&ServiceCd=780&Type=search", "url2": null }, "geometry": { "type": "Point", "coordinates": [ 135.2627043, 34.364738 ] } },
{ "type": "Feature", "properties": { "内容": "剛力フィットネス【地域密着型通所介護】大阪府四條畷市雁屋南町12-34", "url": "https://www.kaigokensaku.mhlw.go.jp/27/index.php?action_kouhyou_detail_004_kani=true&JigyosyoCd=2795700075-00&ServiceCd=780&Type=search", "url2": null }, "geometry": { "type": "Point", "coordinates": [ 135.632364199999984, 34.733255100000022 ] } },
{ "type": "Feature", "properties": { "内容": "はなうた【地域密着型通所介護】大阪府四條畷市大字清瀧３１番地の1スタンドアップ忍ヶ丘１階", "url": "https://www.kaigokensaku.mhlw.go.jp/27/index.php?action_kouhyou_detail_004_kani=true&JigyosyoCd=2775700574-00&ServiceCd=780&Type=search", "url2": null }, "geometry": { "type": "Point", "coordinates": [ 135.6475632, 34.7419174 ] } },
{ "type": "Feature", "properties": { "内容": "QOLデイサービスセンター【地域密着型通所介護】大阪府四條畷市岡山3-2-33", "url": "https://www.kaigokensaku.mhlw.go.jp/27/index.php?action_kouhyou_detail_004_kani=true&JigyosyoCd=2795700109-00&ServiceCd=780&Type=search", "url2": "https://qol-center.jp" }, "geometry": { "type": "Point", "coordinates": [ 135.6434237, 34.7462817 ] } },
{ "type": "Feature", "properties": { "内容": "デイサービスセンターかたの美来【地域密着型通所介護】大阪府交野市東倉治5-8-8", "url": "https://www.kaigokensaku.mhlw.go.jp/27/index.php?action_kouhyou_detail_004_kani=true&JigyosyoCd=2793600095-00&ServiceCd=780&Type=search", "url2": "http://www.misugikai.jp" }, "geometry": { "type": "Point", "coordinates": [ 135.7043893, 34.796601399999986 ] } },
{ "type": "Feature", "properties": { "内容": "デイサービスセンター　きさべ【地域密着型通所介護】大阪府交野市私部1-55-10", "url": "https://www.kaigokensaku.mhlw.go.jp/27/index.php?action_kouhyou_detail_004_kani=true&JigyosyoCd=2773600750-00&ServiceCd=780&Type=search", "url2": "http://www.h-myojo.or.jp/" }, "geometry": { "type": "Point", "coordinates": [ 135.687624899999946, 34.7882384 ] } },
{ "type": "Feature", "properties": { "内容": "生活協同組合おおさかパルコープデイサービスいわふねの森【地域密着型通所介護】大阪府交野市森南１－１７－６", "url": "https://www.kaigokensaku.mhlw.go.jp/27/index.php?action_kouhyou_detail_004_kani=true&JigyosyoCd=2773600768-00&ServiceCd=780&Type=search", "url2": "http://www.palcoop.or.jp" }, "geometry": { "type": "Point", "coordinates": [ 135.687893423942569, 34.776975049748195 ] } },
{ "type": "Feature", "properties": { "内容": "サール・ナートかたのデイサービスセンター【地域密着型通所介護】交野市私部南一丁目490番地域密着介護老人福祉施設サール・ナートかたの　１階", "url": "https://www.kaigokensaku.mhlw.go.jp/27/index.php?action_kouhyou_detail_004_kani=true&JigyosyoCd=2773601170-00&ServiceCd=780&Type=search", "url2": "http://www.valsta.jp/" }, "geometry": { "type": "Point", "coordinates": [ 135.678472899999946, 34.783972 ] } },
{ "type": "Feature", "properties": { "内容": "寺小屋　結いまーる【地域密着型通所介護】大阪府大阪狭山市東茱萸木二丁目1868番地の1", "url": "https://www.kaigokensaku.mhlw.go.jp/27/index.php?action_kouhyou_detail_004_kani=true&JigyosyoCd=2779301288-00&ServiceCd=780&Type=search", "url2": "http://osakasayamahakuyukai.jp/yuimaru/" }, "geometry": { "type": "Point", "coordinates": [ 135.557003328403766, 34.487243877096759 ] } },
{ "type": "Feature", "properties": { "内容": "ぬくぬく庵【地域密着型通所介護】大阪府大阪狭山市今熊7-332-1", "url": "https://www.kaigokensaku.mhlw.go.jp/27/index.php?action_kouhyou_detail_004_kani=true&JigyosyoCd=2799300203-00&ServiceCd=780&Type=search", "url2": null }, "geometry": { "type": "Point", "coordinates": [ 135.543783266374504, 34.495580967610806 ] } },
{ "type": "Feature", "properties": { "内容": "狭山リハビリデイサービス【地域密着型通所介護】大阪府大阪狭山市大野台１丁目32-66", "url": "https://www.kaigokensaku.mhlw.go.jp/27/index.php?action_kouhyou_detail_004_kani=true&JigyosyoCd=2799300252-00&ServiceCd=780&Type=search", "url2": "https://www.ryo-so-kai.com" }, "geometry": { "type": "Point", "coordinates": [ 135.548367500000012, 34.4791382 ] } },
{ "type": "Feature", "properties": { "内容": "デイサービス夢庵【地域密着型通所介護】大阪府阪南市下出267番地の1", "url": "https://www.kaigokensaku.mhlw.go.jp/27/index.php?action_kouhyou_detail_004_kani=true&JigyosyoCd=2799500182-00&ServiceCd=780&Type=search", "url2": null }, "geometry": { "type": "Point", "coordinates": [ 135.2464027, 34.3632612 ] } },
{ "type": "Feature", "properties": { "内容": "コーディアルさくらデイサービス【地域密着型通所介護】大阪府阪南市桃の木台一丁目２番地３", "url": "https://www.kaigokensaku.mhlw.go.jp/27/index.php?action_kouhyou_detail_004_kani=true&JigyosyoCd=2799500174-00&ServiceCd=780&Type=search", "url2": "http://www.sakura-h.or.jp" }, "geometry": { "type": "Point", "coordinates": [ 135.2216036, 34.3329672 ] } },
{ "type": "Feature", "properties": { "内容": "リハートデイサービスセンター鳥取【地域密着型通所介護】大阪府阪南市鳥取７８８番地４", "url": "https://www.kaigokensaku.mhlw.go.jp/27/index.php?action_kouhyou_detail_004_kani=true&JigyosyoCd=2799500158-00&ServiceCd=780&Type=search", "url2": "https://www.google.co.jp/maps/place/%E3%83%AA%E3%83%8F%E3%83%BC%E3%83%88%E3%83%87%E3%82%A4%E3%82%B5%E3%83%BC%E3%83%93%E3%82%B9%E3%82%BB%E3%83%B3%E3%82%BF%E3%83%BC%E9%B3%A5%E5%8F%96/@34.3477765,135.22468,17z/data=!3m1!4b1!4m6!3m5!1s0x6000b761228d9105:0x274" }, "geometry": { "type": "Point", "coordinates": [ 135.2272686, 34.347775 ] } },
{ "type": "Feature", "properties": { "内容": "玉井泉陽園　デイサービスセンター【地域密着型通所介護】大阪府阪南市下出371-1", "url": "https://www.kaigokensaku.mhlw.go.jp/27/index.php?action_kouhyou_detail_004_kani=true&JigyosyoCd=2799500109-00&ServiceCd=780&Type=search", "url2": "http://senyoen.jp/" }, "geometry": { "type": "Point", "coordinates": [ 135.249628900000033, 34.3597044 ] } },
{ "type": "Feature", "properties": { "内容": "リュウ「リハビリ＆フィットネス」デイサービスセンター【地域密着型通所介護】大阪府阪南市自然田1465-1", "url": "https://www.kaigokensaku.mhlw.go.jp/27/index.php?action_kouhyou_detail_004_kani=true&JigyosyoCd=2779501242-00&ServiceCd=780&Type=search", "url2": null }, "geometry": { "type": "Point", "coordinates": [ 135.249177499999973, 34.350106 ] } },
{ "type": "Feature", "properties": { "内容": "通所介護事業所快【地域密着型通所介護】大阪府阪南市黒田５４３番地の3", "url": "https://www.kaigokensaku.mhlw.go.jp/27/index.php?action_kouhyou_detail_004_kani=true&JigyosyoCd=2779501093-00&ServiceCd=780&Type=search", "url2": null }, "geometry": { "type": "Point", "coordinates": [ 135.241511299999956, 34.3564997 ] } },
{ "type": "Feature", "properties": { "内容": "ほっとデイ　わが家【地域密着型通所介護】大阪府阪南市貝掛772‐1‐1", "url": "https://www.kaigokensaku.mhlw.go.jp/27/index.php?action_kouhyou_detail_004_kani=true&JigyosyoCd=2779501168-00&ServiceCd=780&Type=search", "url2": null }, "geometry": { "type": "Point", "coordinates": [ 135.222924370218266, 34.344220225957955 ] } },
{ "type": "Feature", "properties": { "内容": "リュウデイサービス【地域密着型通所介護】大阪府阪南市自然田770-4", "url": "https://www.kaigokensaku.mhlw.go.jp/27/index.php?action_kouhyou_detail_004_kani=true&JigyosyoCd=2799500141-00&ServiceCd=780&Type=search", "url2": "http://www.ryu-a-line.com" }, "geometry": { "type": "Point", "coordinates": [ 135.2570762, 34.3408551 ] } },
{ "type": "Feature", "properties": { "内容": "デイサービスぴっとぱっと【地域密着型通所介護】大阪府阪南市下出１６７－1オークワ尾崎店１階", "url": "https://www.kaigokensaku.mhlw.go.jp/27/index.php?action_kouhyou_detail_004_kani=true&JigyosyoCd=2779501192-00&ServiceCd=780&Type=search", "url2": null }, "geometry": { "type": "Point", "coordinates": [ 135.2445861, 34.3620679 ] } },
{ "type": "Feature", "properties": { "内容": "リクラス大阪リハビリデイサービス阪南【地域密着型通所介護】大阪府阪南市下出346-1リクラス阪南A号室", "url": "https://www.kaigokensaku.mhlw.go.jp/27/index.php?action_kouhyou_detail_004_kani=true&JigyosyoCd=2799500190-00&ServiceCd=780&Type=search", "url2": null }, "geometry": { "type": "Point", "coordinates": [ 135.2477303, 34.3606179 ] } },
{ "type": "Feature", "properties": { "内容": "医療法人　清仁会　東大寺デイサービスセンター【地域密着型通所介護】大阪府三島郡島本町東大寺１丁目１０－１１", "url": "https://www.kaigokensaku.mhlw.go.jp/27/index.php?action_kouhyou_detail_004_kani=true&JigyosyoCd=2773900580-00&ServiceCd=780&Type=search", "url2": "http://minasehp.jp/kaigo-service/office-toudaiji.html" }, "geometry": { "type": "Point", "coordinates": [ 135.672360600000047, 34.88838 ] } },
{ "type": "Feature", "properties": { "内容": "弥栄の郷デイ・サービスセンター【地域密着型通所介護】大阪府三島郡島本町山崎５丁目３番２５号", "url": "https://www.kaigokensaku.mhlw.go.jp/27/index.php?action_kouhyou_detail_004_kani=true&JigyosyoCd=2773900093-00&ServiceCd=780&Type=search", "url2": "https://yaenosato-19910801.jp/" }, "geometry": { "type": "Point", "coordinates": [ 135.67562410000005, 34.8937239 ] } },
{ "type": "Feature", "properties": { "内容": "おあしすデイサービス【地域密着型通所介護】大阪府三島郡島本町若山台2丁目6番３―１０２", "url": "https://www.kaigokensaku.mhlw.go.jp/27/index.php?action_kouhyou_detail_004_kani=true&JigyosyoCd=2773900507-00&ServiceCd=780&Type=search", "url2": null }, "geometry": { "type": "Point", "coordinates": [ 135.658723, 34.890321300000011 ] } },
{ "type": "Feature", "properties": { "内容": "フィットネスリハ　ヴィエント【地域密着型通所介護】大阪府豊能郡豊能町野間口150-1", "url": "https://www.kaigokensaku.mhlw.go.jp/27/index.php?action_kouhyou_detail_004_kani=true&JigyosyoCd=2794700100-00&ServiceCd=780&Type=search", "url2": null }, "geometry": { "type": "Point", "coordinates": [ 135.48705238836061, 34.931348085708954 ] } },
{ "type": "Feature", "properties": { "内容": "和楽の里【地域密着型通所介護】大阪府豊能郡豊能町希望ケ丘三丁目5番2", "url": "https://www.kaigokensaku.mhlw.go.jp/27/index.php?action_kouhyou_detail_004_kani=true&JigyosyoCd=2774700575-00&ServiceCd=780&Type=search", "url2": null }, "geometry": { "type": "Point", "coordinates": [ 135.512728900000042, 34.9151096 ] } },
{ "type": "Feature", "properties": { "内容": "リビングシェア祥雲館あじさい【地域密着型通所介護】大阪府豊能郡豊能町吉川36番地の1", "url": "https://www.kaigokensaku.mhlw.go.jp/27/index.php?action_kouhyou_detail_004_kani=true&JigyosyoCd=2774700708-00&ServiceCd=780&Type=search", "url2": "https://www.shounkan.jp/" }, "geometry": { "type": "Point", "coordinates": [ 135.446961, 34.9164362 ] } },
{ "type": "Feature", "properties": { "内容": "デイサービスセンターゆらら【地域密着型通所介護】大阪府豊能郡豊能町ときわ台３丁目７番地の６", "url": "https://www.kaigokensaku.mhlw.go.jp/27/index.php?action_kouhyou_detail_004_kani=true&JigyosyoCd=2774700401-00&ServiceCd=780&Type=search", "url2": null }, "geometry": { "type": "Point", "coordinates": [ 135.4423779, 34.9054536 ] } },
{ "type": "Feature", "properties": { "内容": "rebornときわ台【地域密着型通所介護】大阪府豊能郡豊能町ときわ台一丁目８番２１号アジュールときわ台", "url": "https://www.kaigokensaku.mhlw.go.jp/27/index.php?action_kouhyou_detail_004_kani=true&JigyosyoCd=2794700092-00&ServiceCd=780&Type=search", "url2": "https://www.1090labo.com" }, "geometry": { "type": "Point", "coordinates": [ 135.4374124, 34.905137799999984 ] } },
{ "type": "Feature", "properties": { "内容": "中村整形外科ハッピーエイジングセンター【地域密着型通所介護】大阪府豊能郡豊能町ときわ台4丁目17-19とんがりぼうしビル", "url": "https://www.kaigokensaku.mhlw.go.jp/27/index.php?action_kouhyou_detail_004_kani=true&JigyosyoCd=2774700674-00&ServiceCd=780&Type=search", "url2": null }, "geometry": { "type": "Point", "coordinates": [ 135.44350559999998, 34.9037177 ] } },
{ "type": "Feature", "properties": { "内容": "reborn豊能町【地域密着型通所介護】大阪府豊能郡豊能町東ときわ台3-1-2東ときわ台ショッピングセンターC2.３.４号", "url": "https://www.kaigokensaku.mhlw.go.jp/27/index.php?action_kouhyou_detail_004_kani=true&JigyosyoCd=2774700732-00&ServiceCd=780&Type=search", "url2": "http://www.nsi-sports.co.jp/" }, "geometry": { "type": "Point", "coordinates": [ 135.44426855145116, 34.902463268838446 ] } },
{ "type": "Feature", "properties": { "内容": "能勢町立東部デイサービスセンター【地域密着型通所介護】大阪府豊能郡能勢町倉垣635", "url": "https://www.kaigokensaku.mhlw.go.jp/27/index.php?action_kouhyou_detail_004_kani=true&JigyosyoCd=2774700641-00&ServiceCd=780&Type=search", "url2": "http://www.earthsupport.co.jp" }, "geometry": { "type": "Point", "coordinates": [ 135.466799040529509, 34.976269972019971 ] } },
{ "type": "Feature", "properties": { "内容": "ほのぼの【地域密着型通所介護】大阪府豊能郡能勢町下田123－4", "url": "https://www.kaigokensaku.mhlw.go.jp/27/index.php?action_kouhyou_detail_004_kani=true&JigyosyoCd=2794700126-00&ServiceCd=780&Type=search", "url2": null }, "geometry": { "type": "Point", "coordinates": [ 135.4070824, 34.9526497 ] } },
{ "type": "Feature", "properties": { "内容": "あい愛ケアデイサービス【地域密着型通所介護】大阪府豊能郡能勢町下田１２４番地の１川西ビル", "url": "https://www.kaigokensaku.mhlw.go.jp/27/index.php?action_kouhyou_detail_004_kani=true&JigyosyoCd=2774700617-00&ServiceCd=780&Type=search", "url2": "http://www.ilove-care.com/" }, "geometry": { "type": "Point", "coordinates": [ 135.407458196295124, 34.952868723353504 ] } },
{ "type": "Feature", "properties": { "内容": "ピープルデイサービスセンターただおか【地域密着型通所介護】大阪府泉北郡忠岡町高月北１－１１－３", "url": "https://www.kaigokensaku.mhlw.go.jp/27/index.php?action_kouhyou_detail_004_kani=true&JigyosyoCd=2775400068-00&ServiceCd=780&Type=search", "url2": "http://www.koseikai.org" }, "geometry": { "type": "Point", "coordinates": [ 135.417135799999983, 34.477811 ] } },
{ "type": "Feature", "properties": { "内容": "運動・介護予防　ステップ【地域密着型通所介護】大阪府泉南郡熊取町大久保北2丁目17-16サニーハイツマツモト　１F", "url": "https://www.kaigokensaku.mhlw.go.jp/27/index.php?action_kouhyou_detail_004_kani=true&JigyosyoCd=2791200096-00&ServiceCd=780&Type=search", "url2": null }, "geometry": { "type": "Point", "coordinates": [ 135.3470929, 34.4095938 ] } },
{ "type": "Feature", "properties": { "内容": "りぼんデイサービス【地域密着型通所介護】大阪府泉南郡熊取町大宮1-7-8", "url": "https://www.kaigokensaku.mhlw.go.jp/27/index.php?action_kouhyou_detail_004_kani=true&JigyosyoCd=2791200112-00&ServiceCd=780&Type=search", "url2": null }, "geometry": { "type": "Point", "coordinates": [ 135.367745, 34.398072 ] } },
{ "type": "Feature", "properties": { "内容": "機能訓練・トレーニング型　大和デイサービス【地域密着型通所介護】大阪府泉南郡熊取町大宮3丁目698番地4", "url": "https://www.kaigokensaku.mhlw.go.jp/27/index.php?action_kouhyou_detail_004_kani=true&JigyosyoCd=2771201064-00&ServiceCd=780&Type=search", "url2": null }, "geometry": { "type": "Point", "coordinates": [ 135.361520400000018, 34.3955527 ] } },
{ "type": "Feature", "properties": { "内容": "樹楽団らんの家くまとり【地域密着型通所介護】大阪府泉南郡熊取町大久保中4-9-7", "url": "https://www.kaigokensaku.mhlw.go.jp/27/index.php?action_kouhyou_detail_004_kani=true&JigyosyoCd=2771201114-00&ServiceCd=780&Type=search", "url2": null }, "geometry": { "type": "Point", "coordinates": [ 135.3430008, 34.3989262 ] } },
{ "type": "Feature", "properties": { "内容": "リハビリ特化型デイサービスYOUYU【地域密着型通所介護】大阪府泉南郡岬町深日2012番地の76", "url": "https://www.kaigokensaku.mhlw.go.jp/27/index.php?action_kouhyou_detail_004_kani=true&JigyosyoCd=2791200153-00&ServiceCd=780&Type=search", "url2": null }, "geometry": { "type": "Point", "coordinates": [ 135.142335, 34.3160598 ] } },
{ "type": "Feature", "properties": { "内容": "陽だまり岬【地域密着型通所介護】大阪府泉南郡岬町多奈川谷川1619-2", "url": "https://www.kaigokensaku.mhlw.go.jp/27/index.php?action_kouhyou_detail_004_kani=true&JigyosyoCd=2771201247-00&ServiceCd=780&Type=search", "url2": null }, "geometry": { "type": "Point", "coordinates": [ 135.122483, 34.316749 ] } },
{ "type": "Feature", "properties": { "内容": "デイサービスＧＯＹＡ【地域密着型通所介護】大阪府南河内郡太子町大字山田２６５２番地の４", "url": "https://www.kaigokensaku.mhlw.go.jp/27/index.php?action_kouhyou_detail_004_kani=true&JigyosyoCd=2773500893-00&ServiceCd=780&Type=search", "url2": null }, "geometry": { "type": "Point", "coordinates": [ 135.6546856, 34.5132101 ] } },
{ "type": "Feature", "properties": { "内容": "すずらんデイサービス【地域密着型通所介護】大阪府南河内郡太子町大字春日108-12K.R.ガーデンハウス101", "url": "https://www.kaigokensaku.mhlw.go.jp/27/index.php?action_kouhyou_detail_004_kani=true&JigyosyoCd=2793500097-00&ServiceCd=780&Type=search", "url2": null }, "geometry": { "type": "Point", "coordinates": [ 135.6424088, 34.5257718 ] } },
{ "type": "Feature", "properties": { "内容": "デイサービスセンターさくら【地域密着型通所介護】大阪府南河内郡河南町大宝１－３２－２６", "url": "https://www.kaigokensaku.mhlw.go.jp/27/index.php?action_kouhyou_detail_004_kani=true&JigyosyoCd=2773501008-00&ServiceCd=780&Type=search", "url2": "http://www.shirayuri-sakura.net" }, "geometry": { "type": "Point", "coordinates": [ 135.635509599999978, 34.5033579 ] } }
]
}
