{
"type": "FeatureCollection",
"name": "geo_27_福祉用具貸与",
"crs": { "type": "name", "properties": { "name": "urn:ogc:def:crs:OGC:1.3:CRS84" } },
"features": [
{ "type": "Feature", "properties": { "内容": "福祉用具ネモ【福祉用具貸与】大阪府大阪市都島区御幸町２丁目１２番１４号S-BLDG御幸町1階西側", "url": "https://www.kaigokensaku.mhlw.go.jp/27/index.php?action_kouhyou_detail_004_kani=true&JigyosyoCd=2775203439-00&ServiceCd=170&Type=search", "url2": null }, "geometry": { "type": "Point", "coordinates": [ 135.534025500000013, 34.7174225 ] } },
{ "type": "Feature", "properties": { "内容": "ライフマーク都島【福祉用具貸与】大阪府大阪市都島区中野町2丁目15-5-111", "url": "https://www.kaigokensaku.mhlw.go.jp/27/index.php?action_kouhyou_detail_004_kani=true&JigyosyoCd=2775202720-00&ServiceCd=170&Type=search", "url2": "http://www.ueroku.jp/" }, "geometry": { "type": "Point", "coordinates": [ 135.526661699999977, 34.7013071 ] } },
{ "type": "Feature", "properties": { "内容": "エールサービス【福祉用具貸与】大阪府大阪市都島区中野町2丁目15-5-109", "url": "https://www.kaigokensaku.mhlw.go.jp/27/index.php?action_kouhyou_detail_004_kani=true&JigyosyoCd=2775202340-00&ServiceCd=170&Type=search", "url2": "http://one-v.jp/" }, "geometry": { "type": "Point", "coordinates": [ 135.526818300000059, 34.7012403 ] } },
{ "type": "Feature", "properties": { "内容": "株式会社トーカイ大阪支店【福祉用具貸与】大阪府大阪市都島区友渕町３丁目５番１５号", "url": "https://www.kaigokensaku.mhlw.go.jp/27/index.php?action_kouhyou_detail_004_kani=true&JigyosyoCd=2775201193-00&ServiceCd=170&Type=search", "url2": "http://www.tokai-corp.com/" }, "geometry": { "type": "Point", "coordinates": [ 135.529681900000014, 34.7201215 ] } },
{ "type": "Feature", "properties": { "内容": "株式会社錦【福祉用具貸与】大阪府大阪市都島区都島南通２－９－２５", "url": "https://www.kaigokensaku.mhlw.go.jp/27/index.php?action_kouhyou_detail_004_kani=true&JigyosyoCd=2775200310-00&ServiceCd=170&Type=search", "url2": "https://eco-nishiki.co.jp" }, "geometry": { "type": "Point", "coordinates": [ 135.532692900000029, 34.7020236 ] } },
{ "type": "Feature", "properties": { "内容": "後楽園株式会社【福祉用具貸与】大阪府都島区都島北通2丁目7番20号", "url": "https://www.kaigokensaku.mhlw.go.jp/27/index.php?action_kouhyou_detail_004_kani=true&JigyosyoCd=2775202910-00&ServiceCd=170&Type=search", "url2": null }, "geometry": { "type": "Point", "coordinates": [ 135.532115800000014, 34.7095813 ] } },
{ "type": "Feature", "properties": { "内容": "医療福祉生協おおさか　福祉用具レンタルフレンズ【福祉用具貸与】大阪府大阪市都島区高倉町2丁目3番4号2階", "url": "https://www.kaigokensaku.mhlw.go.jp/27/index.php?action_kouhyou_detail_004_kani=true&JigyosyoCd=2775203298-00&ServiceCd=170&Type=search", "url2": "https://health-coop.jp/pub/" }, "geometry": { "type": "Point", "coordinates": [ 135.531389282803303, 34.715618600000042 ] } },
{ "type": "Feature", "properties": { "内容": "パナソニックエイジフリーショップ都島【福祉用具貸与】大阪府大阪市都島区中野町1丁目6番3号メゾンリバーサイド1階", "url": "https://www.kaigokensaku.mhlw.go.jp/27/index.php?action_kouhyou_detail_004_kani=true&JigyosyoCd=2775202373-00&ServiceCd=170&Type=search", "url2": "http://sumai.panasonic.jp/agefree/shop/search/shop_detail.php?shop=934" }, "geometry": { "type": "Point", "coordinates": [ 135.52452130000006, 34.6988877 ] } },
{ "type": "Feature", "properties": { "内容": "ダスキンヘルスレント野田阪神ステーション【福祉用具貸与】大阪府大阪市福島区海老江５丁目２番２号大拓ビル５　７０４号室", "url": "https://www.kaigokensaku.mhlw.go.jp/27/index.php?action_kouhyou_detail_004_kani=true&JigyosyoCd=2770200653-00&ServiceCd=170&Type=search", "url2": "http://healthrent.duskin.jp/" }, "geometry": { "type": "Point", "coordinates": [ 135.47390083439339, 34.695540415511594 ] } },
{ "type": "Feature", "properties": { "内容": "いきいきケアプラン相談室【福祉用具貸与】大阪府大阪市福島区吉野4丁目29-18", "url": "https://www.kaigokensaku.mhlw.go.jp/27/index.php?action_kouhyou_detail_004_kani=true&JigyosyoCd=2770200034-00&ServiceCd=170&Type=search", "url2": "http://www1.odn.ne.jp/fujitakai" }, "geometry": { "type": "Point", "coordinates": [ 135.469565399999965, 34.6896402 ] } },
{ "type": "Feature", "properties": { "内容": "プリエール【福祉用具貸与】大阪府大阪市福島区福島4丁目2番76号TMC大阪ビル　3Ｆ", "url": "https://www.kaigokensaku.mhlw.go.jp/27/index.php?action_kouhyou_detail_004_kani=true&JigyosyoCd=2770201818-00&ServiceCd=170&Type=search", "url2": "https://ange-care.com" }, "geometry": { "type": "Point", "coordinates": [ 135.4838614, 34.6919184 ] } },
{ "type": "Feature", "properties": { "内容": "介護事業所DAIICHI【福祉用具貸与】大阪市福島区福島３丁目７番２６号", "url": "https://www.kaigokensaku.mhlw.go.jp/27/index.php?action_kouhyou_detail_004_kani=true&JigyosyoCd=2770200521-00&ServiceCd=170&Type=search", "url2": "http://www.daiichi-yohin.co.jp/nurse1.html" }, "geometry": { "type": "Point", "coordinates": [ 135.484933299999966, 34.6930763 ] } },
{ "type": "Feature", "properties": { "内容": "きょういちけあ【福祉用具貸与】大阪市福島区大開1-13-6-301", "url": "https://www.kaigokensaku.mhlw.go.jp/27/index.php?action_kouhyou_detail_004_kani=true&JigyosyoCd=2770201925-00&ServiceCd=170&Type=search", "url2": null }, "geometry": { "type": "Point", "coordinates": [ 135.473555800000014, 34.6936703 ] } },
{ "type": "Feature", "properties": { "内容": "ビブレ福祉用具サービス【福祉用具貸与】大阪府大阪市福島区福島七丁目3番18号第一住建福島駅前ビル６階", "url": "https://www.kaigokensaku.mhlw.go.jp/27/index.php?action_kouhyou_detail_004_kani=true&JigyosyoCd=2770202048-00&ServiceCd=170&Type=search", "url2": "https://www.brave-mc.co.jp/" }, "geometry": { "type": "Point", "coordinates": [ 135.484835899999979, 34.69659690000001 ] } },
{ "type": "Feature", "properties": { "内容": "ピースフリーレンタルサービス【福祉用具貸与】大阪府大阪市福島区海老江8丁目9-14海老江サンライズ105", "url": "https://www.kaigokensaku.mhlw.go.jp/27/index.php?action_kouhyou_detail_004_kani=true&JigyosyoCd=2770202097-00&ServiceCd=170&Type=search", "url2": null }, "geometry": { "type": "Point", "coordinates": [ 135.468164699999988, 34.6964497 ] } },
{ "type": "Feature", "properties": { "内容": "momotose【福祉用具貸与】大阪府大阪市福島区福島８丁目10-9", "url": "https://www.kaigokensaku.mhlw.go.jp/27/index.php?action_kouhyou_detail_004_kani=true&JigyosyoCd=2770201909-00&ServiceCd=170&Type=search", "url2": null }, "geometry": { "type": "Point", "coordinates": [ 135.4830792, 34.6964992 ] } },
{ "type": "Feature", "properties": { "内容": "まごころケア　福祉用具サービス【福祉用具貸与】大阪府大阪市此花区梅香3丁目32番5号", "url": "https://www.kaigokensaku.mhlw.go.jp/27/index.php?action_kouhyou_detail_004_kani=true&JigyosyoCd=2772800757-00&ServiceCd=170&Type=search", "url2": "http://magokoro.icts.jp/" }, "geometry": { "type": "Point", "coordinates": [ 135.457833924536885, 34.684280571229309 ] } },
{ "type": "Feature", "properties": { "内容": "暁明館福祉用具センター【福祉用具貸与】大阪市此花区春日出中１－２２－１３総合医療介護施設あかつき２階", "url": "https://www.kaigokensaku.mhlw.go.jp/27/index.php?action_kouhyou_detail_004_kani=true&JigyosyoCd=2772800476-00&ServiceCd=170&Type=search", "url2": "http://www.gyoumeikan.or.jp/" }, "geometry": { "type": "Point", "coordinates": [ 135.452590715672841, 34.681939200509049 ] } },
{ "type": "Feature", "properties": { "内容": "野中医科器械株式会社【福祉用具貸与】大阪府大阪市此花区朝日１丁目7-8", "url": "https://www.kaigokensaku.mhlw.go.jp/27/index.php?action_kouhyou_detail_004_kani=true&JigyosyoCd=2772800104-00&ServiceCd=170&Type=search", "url2": "http://www.nonakaika.co.jp" }, "geometry": { "type": "Point", "coordinates": [ 135.460715248462634, 34.685319079689073 ] } },
{ "type": "Feature", "properties": { "内容": "介護ショップにしだ【福祉用具貸与】大阪市此花区春日出北2-6-18", "url": "https://www.kaigokensaku.mhlw.go.jp/27/index.php?action_kouhyou_detail_004_kani=true&JigyosyoCd=2772800468-00&ServiceCd=170&Type=search", "url2": null }, "geometry": { "type": "Point", "coordinates": [ 135.449750699999981, 34.6818849 ] } },
{ "type": "Feature", "properties": { "内容": "スタイル株式会社【福祉用具貸与】大阪府大阪市此花区伝法6-3伝法団地第2号棟111号室", "url": "https://www.kaigokensaku.mhlw.go.jp/27/index.php?action_kouhyou_detail_004_kani=true&JigyosyoCd=2772801003-00&ServiceCd=170&Type=search", "url2": "http://すたいる.com" }, "geometry": { "type": "Point", "coordinates": [ 135.448954137959277, 34.68654594956557 ] } },
{ "type": "Feature", "properties": { "内容": "れんげ福祉サービス【福祉用具貸与】大阪府大阪市西区立売堀1-7-18国際通信社ビル4階", "url": "https://www.kaigokensaku.mhlw.go.jp/27/index.php?action_kouhyou_detail_004_kani=true&JigyosyoCd=2771801921-00&ServiceCd=170&Type=search", "url2": null }, "geometry": { "type": "Point", "coordinates": [ 135.49583081230324, 34.680295882018605 ] } },
{ "type": "Feature", "properties": { "内容": "アユート【福祉用具貸与】大阪府大阪市西区西本町1丁目5番3号扶桑ビル9階", "url": "https://www.kaigokensaku.mhlw.go.jp/27/index.php?action_kouhyou_detail_004_kani=true&JigyosyoCd=2771801871-00&ServiceCd=170&Type=search", "url2": "http://www.cruise65.com" }, "geometry": { "type": "Point", "coordinates": [ 135.496724200000017, 34.6824389 ] } },
{ "type": "Feature", "properties": { "内容": "ナイスパートナーＫ【福祉用具貸与】大阪府大阪市西区新町４丁目４番８号", "url": "https://www.kaigokensaku.mhlw.go.jp/27/index.php?action_kouhyou_detail_004_kani=true&JigyosyoCd=2771800220-00&ServiceCd=170&Type=search", "url2": "https://nisshinkai.jp" }, "geometry": { "type": "Point", "coordinates": [ 135.486909109062253, 34.676136378092046 ] } },
{ "type": "Feature", "properties": { "内容": "CLANレンタルサービス【福祉用具貸与】大阪府大阪市西区北堀江1-1-18四ツ橋イーストビル2階", "url": "https://www.kaigokensaku.mhlw.go.jp/27/index.php?action_kouhyou_detail_004_kani=true&JigyosyoCd=2771802374-00&ServiceCd=170&Type=search", "url2": "https://clan-net.jp/service/welfare" }, "geometry": { "type": "Point", "coordinates": [ 135.497025400000012, 34.6736453 ] } },
{ "type": "Feature", "properties": { "内容": "スーパー・コート福祉用具事業所【福祉用具貸与】大阪市西区西本町1丁目7番7号CE西本町ビル", "url": "https://www.kaigokensaku.mhlw.go.jp/27/index.php?action_kouhyou_detail_004_kani=true&JigyosyoCd=2771801764-00&ServiceCd=170&Type=search", "url2": null }, "geometry": { "type": "Point", "coordinates": [ 135.4966187, 34.6832971 ] } },
{ "type": "Feature", "properties": { "内容": "有限会社アドマ【福祉用具貸与】大阪府大阪市西区九条南２丁目１６番２０号", "url": "https://www.kaigokensaku.mhlw.go.jp/27/index.php?action_kouhyou_detail_004_kani=true&JigyosyoCd=2771800428-00&ServiceCd=170&Type=search", "url2": null }, "geometry": { "type": "Point", "coordinates": [ 135.4732239, 34.6710481 ] } },
{ "type": "Feature", "properties": { "内容": "有限会社　愛サービス【福祉用具貸与】大阪市西区新町四丁目17番7-503号", "url": "https://www.kaigokensaku.mhlw.go.jp/27/index.php?action_kouhyou_detail_004_kani=true&JigyosyoCd=2771800501-00&ServiceCd=170&Type=search", "url2": null }, "geometry": { "type": "Point", "coordinates": [ 135.483506199999965, 34.6763061 ] } },
{ "type": "Feature", "properties": { "内容": "テクノエイドシクロ【福祉用具貸与】大阪府大阪市西区新町1-5-7四ツ橋ﾋﾞﾙﾃﾞｨﾝｸﾞ2F", "url": "https://www.kaigokensaku.mhlw.go.jp/27/index.php?action_kouhyou_detail_004_kani=true&JigyosyoCd=2771802572-00&ServiceCd=170&Type=search", "url2": null }, "geometry": { "type": "Point", "coordinates": [ 135.4966832, 34.6757203 ] } },
{ "type": "Feature", "properties": { "内容": "ナッセケアサービス【福祉用具貸与】大阪府大阪市西区阿波座2-1-16F", "url": "https://www.kaigokensaku.mhlw.go.jp/27/index.php?action_kouhyou_detail_004_kani=true&JigyosyoCd=2771801897-00&ServiceCd=170&Type=search", "url2": "https://www.necess.jp/" }, "geometry": { "type": "Point", "coordinates": [ 135.492605200000014, 34.681157 ] } },
{ "type": "Feature", "properties": { "内容": "ネクスマイルケアサポート【福祉用具貸与】大阪府大阪市西区北堀江1－3－20アネックスギザビル403", "url": "https://www.kaigokensaku.mhlw.go.jp/27/index.php?action_kouhyou_detail_004_kani=true&JigyosyoCd=2771802598-00&ServiceCd=170&Type=search", "url2": "http://www.nexmile.co.jp" }, "geometry": { "type": "Point", "coordinates": [ 135.495967, 34.6731235 ] } },
{ "type": "Feature", "properties": { "内容": "株式会社リクサスライフサポート事業部【福祉用具貸与】大阪府大阪市西区南堀江四丁目28番3号", "url": "https://www.kaigokensaku.mhlw.go.jp/27/index.php?action_kouhyou_detail_004_kani=true&JigyosyoCd=2771801335-00&ServiceCd=170&Type=search", "url2": "http://www.lixus.co.jp/" }, "geometry": { "type": "Point", "coordinates": [ 135.481238728311155, 34.670434345694098 ] } },
{ "type": "Feature", "properties": { "内容": "株式会社　ウィズ【福祉用具貸与】大阪市西区北堀江4-17-13", "url": "https://www.kaigokensaku.mhlw.go.jp/27/index.php?action_kouhyou_detail_004_kani=true&JigyosyoCd=2771800790-00&ServiceCd=170&Type=search", "url2": "http://www.hello-with.com" }, "geometry": { "type": "Point", "coordinates": [ 135.481926599347759, 34.674487517682081 ] } },
{ "type": "Feature", "properties": { "内容": "ALKUレンタルサービス【福祉用具貸与】大阪府大阪市西区新町1-5-7四ツ橋ビルディング606", "url": "https://www.kaigokensaku.mhlw.go.jp/27/index.php?action_kouhyou_detail_004_kani=true&JigyosyoCd=2771802697-00&ServiceCd=170&Type=search", "url2": "https://alku-inc.jp/" }, "geometry": { "type": "Point", "coordinates": [ 135.496681700000011, 34.6756889 ] } },
{ "type": "Feature", "properties": { "内容": "リビング福祉サービス【福祉用具貸与】大阪府大阪市西区立売堀一丁目７番１８号国際通信社ビル5F", "url": "https://www.kaigokensaku.mhlw.go.jp/27/index.php?action_kouhyou_detail_004_kani=true&JigyosyoCd=2771802325-00&ServiceCd=170&Type=search", "url2": null }, "geometry": { "type": "Point", "coordinates": [ 135.495830783467113, 34.680309116140407 ] } },
{ "type": "Feature", "properties": { "内容": "株式会社　ヤマシタ　大阪港営業所【福祉用具貸与】大阪市港区波除5-4-25", "url": "https://www.kaigokensaku.mhlw.go.jp/27/index.php?action_kouhyou_detail_004_kani=true&JigyosyoCd=2770402325-00&ServiceCd=170&Type=search", "url2": "https://www.yco.co.jp/" }, "geometry": { "type": "Point", "coordinates": [ 135.46205710000001, 34.6734034 ] } },
{ "type": "Feature", "properties": { "内容": "ライフマーク大阪西【福祉用具貸与】大阪府大阪市港区波除2-6-12", "url": "https://www.kaigokensaku.mhlw.go.jp/27/index.php?action_kouhyou_detail_004_kani=true&JigyosyoCd=2770402010-00&ServiceCd=170&Type=search", "url2": "http://www.ueroku.jp" }, "geometry": { "type": "Point", "coordinates": [ 135.464213200000017, 34.670393 ] } },
{ "type": "Feature", "properties": { "内容": "三協グループ株式会社介護事業部　福祉用具センター「やすらぎ」【福祉用具貸与】大阪府大阪市港区弁天５丁目１１番２０号", "url": "https://www.kaigokensaku.mhlw.go.jp/27/index.php?action_kouhyou_detail_004_kani=true&JigyosyoCd=2770402101-00&ServiceCd=170&Type=search", "url2": "http://www.sankyo-group.co.jp" }, "geometry": { "type": "Point", "coordinates": [ 135.45771670000002, 34.67414990000001 ] } },
{ "type": "Feature", "properties": { "内容": "フランスベッド株式会社　メディカル大阪西営業所【福祉用具貸与】大阪市大正区泉尾3丁目2-6", "url": "https://www.kaigokensaku.mhlw.go.jp/27/index.php?action_kouhyou_detail_004_kani=true&JigyosyoCd=2772701245-00&ServiceCd=170&Type=search", "url2": "http://www.francebed.co.jp/" }, "geometry": { "type": "Point", "coordinates": [ 135.47379090000004, 34.6574247 ] } },
{ "type": "Feature", "properties": { "内容": "ジール大正ケアセンター【福祉用具貸与】大阪府大阪市大正区泉尾3丁目13-5", "url": "https://www.kaigokensaku.mhlw.go.jp/27/index.php?action_kouhyou_detail_004_kani=true&JigyosyoCd=2772700320-00&ServiceCd=170&Type=search", "url2": null }, "geometry": { "type": "Point", "coordinates": [ 135.472124172808094, 34.658589315128488 ] } },
{ "type": "Feature", "properties": { "内容": "済生会泉尾病院福祉用具ステーション【福祉用具貸与】大阪府大阪市大正区北村３丁目４番５号", "url": "https://www.kaigokensaku.mhlw.go.jp/27/index.php?action_kouhyou_detail_004_kani=true&JigyosyoCd=2772702318-00&ServiceCd=170&Type=search", "url2": "https://www.izuo-saiseikai.gr.jp/section/welfare_equipment.html" }, "geometry": { "type": "Point", "coordinates": [ 135.466732900000011, 34.6493864 ] } },
{ "type": "Feature", "properties": { "内容": "植田電器株式会社指定福祉用具レンタルサービス【福祉用具貸与】大阪府大阪市大正区泉尾4－15－1", "url": "https://www.kaigokensaku.mhlw.go.jp/27/index.php?action_kouhyou_detail_004_kani=true&JigyosyoCd=2772700395-00&ServiceCd=170&Type=search", "url2": null }, "geometry": { "type": "Point", "coordinates": [ 135.4710258, 34.655851 ] } },
{ "type": "Feature", "properties": { "内容": "西村総合介護サービス株式会社【福祉用具貸与】大阪府大阪市大正区平尾5-3-19", "url": "https://www.kaigokensaku.mhlw.go.jp/27/index.php?action_kouhyou_detail_004_kani=true&JigyosyoCd=2772700510-00&ServiceCd=170&Type=search", "url2": "https://nishimuracare.wixsite.com/nishimuracare" }, "geometry": { "type": "Point", "coordinates": [ 135.472233299999971, 34.6397434 ] } },
{ "type": "Feature", "properties": { "内容": "アットメディリース【福祉用具貸与】大阪市大正区千島３丁目１９－５", "url": "https://www.kaigokensaku.mhlw.go.jp/27/index.php?action_kouhyou_detail_004_kani=true&JigyosyoCd=2772702284-00&ServiceCd=170&Type=search", "url2": null }, "geometry": { "type": "Point", "coordinates": [ 135.471048599999989, 34.6487229 ] } },
{ "type": "Feature", "properties": { "内容": "福祉用具センター　ナービス大正【福祉用具貸与】大阪市大正区三軒家東1-7-18コニシビル301", "url": "https://www.kaigokensaku.mhlw.go.jp/27/index.php?action_kouhyou_detail_004_kani=true&JigyosyoCd=2772702383-00&ServiceCd=170&Type=search", "url2": "https://joylife.alsok.co.jp/care_service/assistive_products/ap_nv_taisho/" }, "geometry": { "type": "Point", "coordinates": [ 135.4803777, 34.6656609 ] } },
{ "type": "Feature", "properties": { "内容": "ケアショップウイズ・ユー大阪【福祉用具貸与】大阪府大阪市大正区三軒家西１－２－１５　２F", "url": "https://www.kaigokensaku.mhlw.go.jp/27/index.php?action_kouhyou_detail_004_kani=true&JigyosyoCd=2772702425-00&ServiceCd=170&Type=search", "url2": "https://www.halmed.jp/" }, "geometry": { "type": "Point", "coordinates": [ 135.478914100000054, 34.6666541 ] } },
{ "type": "Feature", "properties": { "内容": "ライフマーク天王寺【福祉用具貸与】大阪府大阪市天王寺区勝山4丁目9-14-101", "url": "https://www.kaigokensaku.mhlw.go.jp/27/index.php?action_kouhyou_detail_004_kani=true&JigyosyoCd=2771700610-00&ServiceCd=170&Type=search", "url2": "http://www.ueroku.jp/" }, "geometry": { "type": "Point", "coordinates": [ 135.526097400000026, 34.6543729 ] } },
{ "type": "Feature", "properties": { "内容": "Ｓ・Ｓ福祉用具センター【福祉用具貸与】大阪府大阪市天王寺区味原町１３番１１－２味原トータルライフ５階北", "url": "https://www.kaigokensaku.mhlw.go.jp/27/index.php?action_kouhyou_detail_004_kani=true&JigyosyoCd=2771702020-00&ServiceCd=170&Type=search", "url2": "http://hp.kaipoke.biz/eab/" }, "geometry": { "type": "Point", "coordinates": [ 135.528316300000029, 34.6663965 ] } },
{ "type": "Feature", "properties": { "内容": "ダスキンヘルスレント天王寺ステーション【福祉用具貸与】大阪府大阪市天王寺区北河堀町５－１７", "url": "https://www.kaigokensaku.mhlw.go.jp/27/index.php?action_kouhyou_detail_004_kani=true&JigyosyoCd=2771702343-00&ServiceCd=170&Type=search", "url2": "https://healthrent.duskin.jp/index.html?link=lob" }, "geometry": { "type": "Point", "coordinates": [ 135.51775925536424, 34.649198021717964 ] } },
{ "type": "Feature", "properties": { "内容": "有限会社　東洋介護【福祉用具貸与】大阪市天王寺区筆ヶ崎町2-16和晃ビル１階", "url": "https://www.kaigokensaku.mhlw.go.jp/27/index.php?action_kouhyou_detail_004_kani=true&JigyosyoCd=2771700990-00&ServiceCd=170&Type=search", "url2": null }, "geometry": { "type": "Point", "coordinates": [ 135.527624799999984, 34.6629774 ] } },
{ "type": "Feature", "properties": { "内容": "ＬｉｆｅＦａｎ【福祉用具貸与】大阪府大阪市天王寺区大道五丁目７番４号", "url": "https://www.kaigokensaku.mhlw.go.jp/27/index.php?action_kouhyou_detail_004_kani=true&JigyosyoCd=2771702244-00&ServiceCd=170&Type=search", "url2": "http://www.fan-ction.com" }, "geometry": { "type": "Point", "coordinates": [ 135.522489599999972, 34.6476402 ] } },
{ "type": "Feature", "properties": { "内容": "夕陽ヶ丘ケアサービス福祉用具レンタル事業所【福祉用具貸与】大阪市天王寺区勝山2丁目8-23", "url": "https://www.kaigokensaku.mhlw.go.jp/27/index.php?action_kouhyou_detail_004_kani=true&JigyosyoCd=2771700719-00&ServiceCd=170&Type=search", "url2": null }, "geometry": { "type": "Point", "coordinates": [ 135.5205618, 34.6544088 ] } },
{ "type": "Feature", "properties": { "内容": "アプリシェイト福祉用具ステーション【福祉用具貸与】大阪府大阪市天王寺区上汐4丁目5-16ツチヤビル401号室", "url": "https://www.kaigokensaku.mhlw.go.jp/27/index.php?action_kouhyou_detail_004_kani=true&JigyosyoCd=2771702681-00&ServiceCd=170&Type=search", "url2": null }, "geometry": { "type": "Point", "coordinates": [ 135.51594990000001, 34.6627386 ] } },
{ "type": "Feature", "properties": { "内容": "株式会社　サンキメディカル【福祉用具貸与】大阪市浪速区日本橋5丁目9番21号", "url": "https://www.kaigokensaku.mhlw.go.jp/27/index.php?action_kouhyou_detail_004_kani=true&JigyosyoCd=2774300343-00&ServiceCd=170&Type=search", "url2": null }, "geometry": { "type": "Point", "coordinates": [ 135.506443499999932, 34.6586278 ] } },
{ "type": "Feature", "properties": { "内容": "ファニー介護サービス【福祉用具貸与】大阪府大阪市浪速区恵美須西２丁目11-3　メゾンエスポワール蘭１０１号", "url": "https://www.kaigokensaku.mhlw.go.jp/27/index.php?action_kouhyou_detail_004_kani=true&JigyosyoCd=2774300335-00&ServiceCd=170&Type=search", "url2": null }, "geometry": { "type": "Point", "coordinates": [ 135.503484899999989, 34.6535512 ] } },
{ "type": "Feature", "properties": { "内容": "介護用品フォーケア【福祉用具貸与】大阪府大阪市浪速区桜川四丁目2番9号ハイム桜川101号", "url": "https://www.kaigokensaku.mhlw.go.jp/27/index.php?action_kouhyou_detail_004_kani=true&JigyosyoCd=2774303081-00&ServiceCd=170&Type=search", "url2": null }, "geometry": { "type": "Point", "coordinates": [ 135.484802482803332, 34.667241801349334 ] } },
{ "type": "Feature", "properties": { "内容": "福祉用具レンタルベストケア【福祉用具貸与】大阪府大阪市浪速区恵美須東２丁目２番８号サニーコート恵美須1101号", "url": "https://www.kaigokensaku.mhlw.go.jp/27/index.php?action_kouhyou_detail_004_kani=true&JigyosyoCd=2774303461-00&ServiceCd=170&Type=search", "url2": null }, "geometry": { "type": "Point", "coordinates": [ 135.506654200000014, 34.652181 ] } },
{ "type": "Feature", "properties": { "内容": "訪問介護　亀鶴之寿【福祉用具貸与】大阪府大阪市浪速区元町2-8-4難波レジデンスビル　302号", "url": "https://www.kaigokensaku.mhlw.go.jp/27/index.php?action_kouhyou_detail_004_kani=true&JigyosyoCd=2774302869-00&ServiceCd=170&Type=search", "url2": null }, "geometry": { "type": "Point", "coordinates": [ 135.497556800000012, 34.6617109 ] } },
{ "type": "Feature", "properties": { "内容": "やすらぎのオレンジ館浪速営業所【福祉用具貸与】大阪市浪速区敷津西2-4-1", "url": "https://www.kaigokensaku.mhlw.go.jp/27/index.php?action_kouhyou_detail_004_kani=true&JigyosyoCd=2774301648-00&ServiceCd=170&Type=search", "url2": null }, "geometry": { "type": "Point", "coordinates": [ 135.4966445, 34.656117 ] } },
{ "type": "Feature", "properties": { "内容": "有限会社ヤマダケアサポート【福祉用具貸与】大阪府大阪市浪速区恵美須西二丁目１１番３号メゾンエスポワール蘭２０１号", "url": "https://www.kaigokensaku.mhlw.go.jp/27/index.php?action_kouhyou_detail_004_kani=true&JigyosyoCd=2774300624-00&ServiceCd=170&Type=search", "url2": null }, "geometry": { "type": "Point", "coordinates": [ 135.503484899999989, 34.6535512 ] } },
{ "type": "Feature", "properties": { "内容": "カノンレンタルサポート【福祉用具貸与】大阪府大阪市浪速区大国一丁目10番21号ラパンジール大国5　１階店舗", "url": "https://www.kaigokensaku.mhlw.go.jp/27/index.php?action_kouhyou_detail_004_kani=true&JigyosyoCd=2774302885-00&ServiceCd=170&Type=search", "url2": "https://www.taktcaresupply.com/company/" }, "geometry": { "type": "Point", "coordinates": [ 135.496488699999986, 34.6527334 ] } },
{ "type": "Feature", "properties": { "内容": "ホリデーレント　リブウェル　forsmile【福祉用具貸与】大阪府大阪市浪速区桜川４－４－１８", "url": "https://www.kaigokensaku.mhlw.go.jp/27/index.php?action_kouhyou_detail_004_kani=true&JigyosyoCd=2774302810-00&ServiceCd=170&Type=search", "url2": "https://www.holiday-fc.com/rent-live-well/lp/" }, "geometry": { "type": "Point", "coordinates": [ 135.482885900000042, 34.6673092 ] } },
{ "type": "Feature", "properties": { "内容": "介護ショップふぁるま【福祉用具貸与】大阪府大阪市西淀川区野里3丁目6番8号福島琺瑯西淀ビル１F", "url": "https://www.kaigokensaku.mhlw.go.jp/27/index.php?action_kouhyou_detail_004_kani=true&JigyosyoCd=2771001928-00&ServiceCd=170&Type=search", "url2": "http://www.faruma.co.jp" }, "geometry": { "type": "Point", "coordinates": [ 135.46032409999998, 34.7112095 ] } },
{ "type": "Feature", "properties": { "内容": "株式会社ゴトウ・アズ・プランニング大阪営業所【福祉用具貸与】大阪市西淀川区姫島6丁目9番45号", "url": "https://www.kaigokensaku.mhlw.go.jp/27/index.php?action_kouhyou_detail_004_kani=true&JigyosyoCd=2771001571-00&ServiceCd=170&Type=search", "url2": "http://www.goto-az.co.jp" }, "geometry": { "type": "Point", "coordinates": [ 135.447886299999936, 34.7035767 ] } },
{ "type": "Feature", "properties": { "内容": "わくわく福祉用具【福祉用具貸与】大阪府大阪市西淀川区柏里3-12-29", "url": "https://www.kaigokensaku.mhlw.go.jp/27/index.php?action_kouhyou_detail_004_kani=true&JigyosyoCd=2771002389-00&ServiceCd=170&Type=search", "url2": "http://sekaiegao.com/" }, "geometry": { "type": "Point", "coordinates": [ 135.46799390000001, 34.712899 ] } },
{ "type": "Feature", "properties": { "内容": "すまいりぃ西淀ケアショップ【福祉用具貸与】大阪府大阪市西淀川区大和田１丁目３－２４", "url": "https://www.kaigokensaku.mhlw.go.jp/27/index.php?action_kouhyou_detail_004_kani=true&JigyosyoCd=2771001621-00&ServiceCd=170&Type=search", "url2": "https://smiley-care.co.jp/" }, "geometry": { "type": "Point", "coordinates": [ 135.4481058, 34.7058098 ] } },
{ "type": "Feature", "properties": { "内容": "有限会社　アットホーム【福祉用具貸与】大阪市西淀川区百島１－２－７", "url": "https://www.kaigokensaku.mhlw.go.jp/27/index.php?action_kouhyou_detail_004_kani=true&JigyosyoCd=2771000409-00&ServiceCd=170&Type=search", "url2": null }, "geometry": { "type": "Point", "coordinates": [ 135.439784499999973, 34.6960385 ] } },
{ "type": "Feature", "properties": { "内容": "株式会社　コスモサプライ【福祉用具貸与】大阪府大阪市東淀川区北江口4-21-21", "url": "https://www.kaigokensaku.mhlw.go.jp/27/index.php?action_kouhyou_detail_004_kani=true&JigyosyoCd=2773000456-00&ServiceCd=170&Type=search", "url2": "http://www16.ocn.ne.jp/~ksm/" }, "geometry": { "type": "Point", "coordinates": [ 135.547535, 34.7608528 ] } },
{ "type": "Feature", "properties": { "内容": "福祉設備SAKURA【福祉用具貸与】大阪府大阪市東淀川区小松5-6-69リバーハイツ2D", "url": "https://www.kaigokensaku.mhlw.go.jp/27/index.php?action_kouhyou_detail_004_kani=true&JigyosyoCd=2773004813-00&ServiceCd=170&Type=search", "url2": "https://www.sakura-cp.jp/" }, "geometry": { "type": "Point", "coordinates": [ 135.547124200000013, 34.7537454 ] } },
{ "type": "Feature", "properties": { "内容": "ハッピー・スマイル【福祉用具貸与】大阪府大阪市東淀川区東中島1-18-22新大阪丸ビル別館9階", "url": "https://www.kaigokensaku.mhlw.go.jp/27/index.php?action_kouhyou_detail_004_kani=true&JigyosyoCd=2773004615-00&ServiceCd=170&Type=search", "url2": "https://lifecare-happylife.com/" }, "geometry": { "type": "Point", "coordinates": [ 135.503314499999988, 34.7328736 ] } },
{ "type": "Feature", "properties": { "内容": "井高野福祉用具センター【福祉用具貸与】大阪府大阪市東淀川区井高野三丁目３番４４号", "url": "https://www.kaigokensaku.mhlw.go.jp/27/index.php?action_kouhyou_detail_004_kani=true&JigyosyoCd=2773000860-00&ServiceCd=170&Type=search", "url2": null }, "geometry": { "type": "Point", "coordinates": [ 135.546061926669381, 34.76615293189522 ] } },
{ "type": "Feature", "properties": { "内容": "さわやかレンタルサービス【福祉用具貸与】大阪府大阪市東淀川区東中島２丁目19-7", "url": "https://www.kaigokensaku.mhlw.go.jp/27/index.php?action_kouhyou_detail_004_kani=true&JigyosyoCd=2773000639-00&ServiceCd=170&Type=search", "url2": "https://sawayaka-group.net/" }, "geometry": { "type": "Point", "coordinates": [ 135.505767200000037, 34.7291559 ] } },
{ "type": "Feature", "properties": { "内容": "第一管理福祉用具部門【福祉用具貸与】大阪市東淀川区豊新五丁目14番27号第5シンワマンション12号", "url": "https://www.kaigokensaku.mhlw.go.jp/27/index.php?action_kouhyou_detail_004_kani=true&JigyosyoCd=2773003484-00&ServiceCd=170&Type=search", "url2": null }, "geometry": { "type": "Point", "coordinates": [ 135.536242, 34.7466713 ] } },
{ "type": "Feature", "properties": { "内容": "セントケア　りまいん大阪【福祉用具貸与】大阪府大阪市東淀川区下新庄1-11-8日宝ライフ下新庄103", "url": "https://www.kaigokensaku.mhlw.go.jp/27/index.php?action_kouhyou_detail_004_kani=true&JigyosyoCd=2773005489-00&ServiceCd=170&Type=search", "url2": null }, "geometry": { "type": "Point", "coordinates": [ 135.51904540000001, 34.7445936 ] } },
{ "type": "Feature", "properties": { "内容": "福祉用具相談事業所夕陽紅【福祉用具貸与】大阪府大阪市東淀川区柴島3-10-19大阪中国帰国者センター1階", "url": "https://www.kaigokensaku.mhlw.go.jp/27/index.php?action_kouhyou_detail_004_kani=true&JigyosyoCd=2773004433-00&ServiceCd=170&Type=search", "url2": null }, "geometry": { "type": "Point", "coordinates": [ 135.516019699999987, 34.7305702 ] } },
{ "type": "Feature", "properties": { "内容": "福祉用具のサクラヤ【福祉用具貸与】大阪府大阪市東淀川区東中島1-17-5ステュディオ新大阪920号", "url": "https://www.kaigokensaku.mhlw.go.jp/27/index.php?action_kouhyou_detail_004_kani=true&JigyosyoCd=2773005026-00&ServiceCd=170&Type=search", "url2": null }, "geometry": { "type": "Point", "coordinates": [ 135.5045509, 34.7381481 ] } },
{ "type": "Feature", "properties": { "内容": "WOODSTOCK2【福祉用具貸与】大阪府大阪市東淀川区豊里5丁目9-3グラントピア101", "url": "https://www.kaigokensaku.mhlw.go.jp/27/index.php?action_kouhyou_detail_004_kani=true&JigyosyoCd=2773004128-00&ServiceCd=170&Type=search", "url2": null }, "geometry": { "type": "Point", "coordinates": [ 135.542652699999962, 34.7389308 ] } },
{ "type": "Feature", "properties": { "内容": "福祉用具サポートぱんだ【福祉用具貸与】大阪府大阪市東成区中道一丁目９番１２号１０４号室", "url": "https://www.kaigokensaku.mhlw.go.jp/27/index.php?action_kouhyou_detail_004_kani=true&JigyosyoCd=2771503980-00&ServiceCd=170&Type=search", "url2": null }, "geometry": { "type": "Point", "coordinates": [ 135.5360667, 34.6780085 ] } },
{ "type": "Feature", "properties": { "内容": "ライフマーク大阪東【福祉用具貸与】大阪府大阪市東成区東中本2-5-22", "url": "https://www.kaigokensaku.mhlw.go.jp/27/index.php?action_kouhyou_detail_004_kani=true&JigyosyoCd=2771503030-00&ServiceCd=170&Type=search", "url2": "http://www.ueroku.jp" }, "geometry": { "type": "Point", "coordinates": [ 135.548686500000031, 34.6793956 ] } },
{ "type": "Feature", "properties": { "内容": "アイハウス福祉用具事業部【福祉用具貸与】大阪府大阪市東成区中本３－１０－１６", "url": "https://www.kaigokensaku.mhlw.go.jp/27/index.php?action_kouhyou_detail_004_kani=true&JigyosyoCd=2771501562-00&ServiceCd=170&Type=search", "url2": "https://www.ihouse.co.jp/" }, "geometry": { "type": "Point", "coordinates": [ 135.5427204, 34.6782706 ] } },
{ "type": "Feature", "properties": { "内容": "月光園レンタルサービス【福祉用具貸与】大阪府大阪市東成区深江南1-17-11月光園新深江", "url": "https://www.kaigokensaku.mhlw.go.jp/27/index.php?action_kouhyou_detail_004_kani=true&JigyosyoCd=2771503394-00&ServiceCd=170&Type=search", "url2": "https://gekkouen.jp" }, "geometry": { "type": "Point", "coordinates": [ 135.556604599999986, 34.6684927 ] } },
{ "type": "Feature", "properties": { "内容": "あいケア２４【福祉用具貸与】大阪市東成区大今里西3丁目2番37号", "url": "https://www.kaigokensaku.mhlw.go.jp/27/index.php?action_kouhyou_detail_004_kani=true&JigyosyoCd=2771502214-00&ServiceCd=170&Type=search", "url2": "https://www.aicare24.net" }, "geometry": { "type": "Point", "coordinates": [ 135.541665100000046, 34.6672946 ] } },
{ "type": "Feature", "properties": { "内容": "ぼの福祉用具サービス【福祉用具貸与】大阪府大阪市東成区東小橋1-13-4ラシーヌ玉造201", "url": "https://www.kaigokensaku.mhlw.go.jp/27/index.php?action_kouhyou_detail_004_kani=true&JigyosyoCd=2771503451-00&ServiceCd=170&Type=search", "url2": "https://bonohome.jp/" }, "geometry": { "type": "Point", "coordinates": [ 135.5359, 34.6727149 ] } },
{ "type": "Feature", "properties": { "内容": "ヘルプセンターセコンド【福祉用具貸与】大阪府大阪市東成区神路1丁目7番4号コンフォートビル603号", "url": "https://www.kaigokensaku.mhlw.go.jp/27/index.php?action_kouhyou_detail_004_kani=true&JigyosyoCd=2771503568-00&ServiceCd=170&Type=search", "url2": "https://second-helper.under.jp/index.html" }, "geometry": { "type": "Point", "coordinates": [ 135.555192299999987, 34.67910550000002 ] } },
{ "type": "Feature", "properties": { "内容": "入浴サービス株式会社　ケアフル【福祉用具貸与】大阪府大阪市東成区東今里三丁目１－１０", "url": "https://www.kaigokensaku.mhlw.go.jp/27/index.php?action_kouhyou_detail_004_kani=true&JigyosyoCd=2771500267-00&ServiceCd=170&Type=search", "url2": "https://www.nyuyoku.service.co.jp" }, "geometry": { "type": "Point", "coordinates": [ 135.550019799999973, 34.6771875 ] } },
{ "type": "Feature", "properties": { "内容": "Ｌｉｎｋ　Ｈｏｐｅ【福祉用具貸与】大阪府大阪市東成区東中本3丁目19-23東祥ビル6階", "url": "https://www.kaigokensaku.mhlw.go.jp/27/index.php?action_kouhyou_detail_004_kani=true&JigyosyoCd=2771503220-00&ServiceCd=170&Type=search", "url2": "https://link-ring.jp/" }, "geometry": { "type": "Point", "coordinates": [ 135.5439729, 34.6748599 ] } },
{ "type": "Feature", "properties": { "内容": "福祉用具サービスチェリッシュ【福祉用具貸与】大阪府大阪市東成区深江北2-1-3", "url": "https://www.kaigokensaku.mhlw.go.jp/27/index.php?action_kouhyou_detail_004_kani=true&JigyosyoCd=2771503808-00&ServiceCd=170&Type=search", "url2": "https://approvare.co.jp/" }, "geometry": { "type": "Point", "coordinates": [ 135.55845260000001, 34.6787138 ] } },
{ "type": "Feature", "properties": { "内容": "福祉用具　あさひ【福祉用具貸与】大阪府大阪市東成区大今里1-25-3", "url": "https://www.kaigokensaku.mhlw.go.jp/27/index.php?action_kouhyou_detail_004_kani=true&JigyosyoCd=2771503493-00&ServiceCd=170&Type=search", "url2": "https://www.asahi-kogei.co.jp/" }, "geometry": { "type": "Point", "coordinates": [ 135.546230400000013, 34.6726719 ] } },
{ "type": "Feature", "properties": { "内容": "小山株式会社東成事業所【福祉用具貸与】大阪府大阪市東成区深江北３丁目２１−２３", "url": "https://www.kaigokensaku.mhlw.go.jp/27/index.php?action_kouhyou_detail_004_kani=true&JigyosyoCd=2771504137-00&ServiceCd=170&Type=search", "url2": "https://www.koyama-kk.co.jp/" }, "geometry": { "type": "Point", "coordinates": [ 135.561220600000013, 34.6737151 ] } },
{ "type": "Feature", "properties": { "内容": "ワイズ福祉サポート【福祉用具貸与】大阪府大阪市東成区東小橋2-7-24", "url": "https://www.kaigokensaku.mhlw.go.jp/27/index.php?action_kouhyou_detail_004_kani=true&JigyosyoCd=2771503204-00&ServiceCd=170&Type=search", "url2": null }, "geometry": { "type": "Point", "coordinates": [ 135.533691, 34.6689572 ] } },
{ "type": "Feature", "properties": { "内容": "ＭＥＮＤサービス【福祉用具貸与】大阪市生野区新今里七丁目１４－２６", "url": "https://www.kaigokensaku.mhlw.go.jp/27/index.php?action_kouhyou_detail_004_kani=true&JigyosyoCd=2772203242-00&ServiceCd=170&Type=search", "url2": null }, "geometry": { "type": "Point", "coordinates": [ 135.551172800000018, 34.6586287 ] } },
{ "type": "Feature", "properties": { "内容": "蔵えもん【福祉用具貸与】大阪府大阪市生野区舎利寺2-14-2", "url": "https://www.kaigokensaku.mhlw.go.jp/27/index.php?action_kouhyou_detail_004_kani=true&JigyosyoCd=2772206864-00&ServiceCd=170&Type=search", "url2": null }, "geometry": { "type": "Point", "coordinates": [ 135.539775059524572, 34.648830595774569 ] } },
{ "type": "Feature", "properties": { "内容": "あおぞらホーム【福祉用具貸与】大阪市生野区小路1-24-8", "url": "https://www.kaigokensaku.mhlw.go.jp/27/index.php?action_kouhyou_detail_004_kani=true&JigyosyoCd=2772202244-00&ServiceCd=170&Type=search", "url2": null }, "geometry": { "type": "Point", "coordinates": [ 135.556160728836062, 34.662591436789214 ] } },
{ "type": "Feature", "properties": { "内容": "ケントケアステーション【福祉用具貸与】大阪府大阪市生野区巽西4-7-26", "url": "https://www.kaigokensaku.mhlw.go.jp/27/index.php?action_kouhyou_detail_004_kani=true&JigyosyoCd=2772204604-00&ServiceCd=170&Type=search", "url2": "https://www.kent-medical.com/profile" }, "geometry": { "type": "Point", "coordinates": [ 135.547504181198121, 34.644315082117998 ] } },
{ "type": "Feature", "properties": { "内容": "株式会社水際　いこい介護センター【福祉用具貸与】大阪府大阪市生野区勝山南4-1-25", "url": "https://www.kaigokensaku.mhlw.go.jp/27/index.php?action_kouhyou_detail_004_kani=true&JigyosyoCd=2772202764-00&ServiceCd=170&Type=search", "url2": "https://ikoinomigiwa.webnode.jp" }, "geometry": { "type": "Point", "coordinates": [ 135.5365653, 34.653764 ] } },
{ "type": "Feature", "properties": { "内容": "ケアセンターたいよう【福祉用具貸与】大阪府大阪市生野区新今里5丁目7番19号", "url": "https://www.kaigokensaku.mhlw.go.jp/27/index.php?action_kouhyou_detail_004_kani=true&JigyosyoCd=2772201071-00&ServiceCd=170&Type=search", "url2": "http://hp.kaipoke.biz/a4s/" }, "geometry": { "type": "Point", "coordinates": [ 135.547950899999933, 34.6600895 ] } },
{ "type": "Feature", "properties": { "内容": "ファストケアサービス福祉用具【福祉用具貸与】大阪市生野区新今里1-20-2ローズマンション今里", "url": "https://www.kaigokensaku.mhlw.go.jp/27/index.php?action_kouhyou_detail_004_kani=true&JigyosyoCd=2772202343-00&ServiceCd=170&Type=search", "url2": "http://fastcare.co.jp" }, "geometry": { "type": "Point", "coordinates": [ 135.544964899999968, 34.6625363 ] } },
{ "type": "Feature", "properties": { "内容": "有限会社　ぺズロ【福祉用具貸与】大阪市生野区桃谷四丁目１２－１８", "url": "https://www.kaigokensaku.mhlw.go.jp/27/index.php?action_kouhyou_detail_004_kani=true&JigyosyoCd=2772200651-00&ServiceCd=170&Type=search", "url2": null }, "geometry": { "type": "Point", "coordinates": [ 135.536396400000058, 34.6594087 ] } },
{ "type": "Feature", "properties": { "内容": "生野介護サービス【福祉用具貸与】大阪市生野区勝山北3丁目8番23号", "url": "https://www.kaigokensaku.mhlw.go.jp/27/index.php?action_kouhyou_detail_004_kani=true&JigyosyoCd=2772200404-00&ServiceCd=170&Type=search", "url2": null }, "geometry": { "type": "Point", "coordinates": [ 135.5329329, 34.6557007 ] } },
{ "type": "Feature", "properties": { "内容": "心楽【福祉用具貸与】大阪府大阪市生野区巽中３丁目１６番２号", "url": "https://www.kaigokensaku.mhlw.go.jp/27/index.php?action_kouhyou_detail_004_kani=true&JigyosyoCd=2772201519-00&ServiceCd=170&Type=search", "url2": null }, "geometry": { "type": "Point", "coordinates": [ 135.553206300000056, 34.6480106 ] } },
{ "type": "Feature", "properties": { "内容": "和田建設株式会社【福祉用具貸与】大阪府大阪市生野区田島四丁目3番2号", "url": "https://www.kaigokensaku.mhlw.go.jp/27/index.php?action_kouhyou_detail_004_kani=true&JigyosyoCd=2772203515-00&ServiceCd=170&Type=search", "url2": null }, "geometry": { "type": "Point", "coordinates": [ 135.539971400000013, 34.6468686 ] } },
{ "type": "Feature", "properties": { "内容": "福祉用具のクラシック【福祉用具貸与】大阪府大阪市生野区巽南3-11-26メゾンドール巽南802", "url": "https://www.kaigokensaku.mhlw.go.jp/27/index.php?action_kouhyou_detail_004_kani=true&JigyosyoCd=2772208654-00&ServiceCd=170&Type=search", "url2": null }, "geometry": { "type": "Point", "coordinates": [ 135.551324600000015, 34.640224600000018 ] } },
{ "type": "Feature", "properties": { "内容": "エクレ―トライフケア【福祉用具貸与】大阪市生野区小路東1-16-21", "url": "https://www.kaigokensaku.mhlw.go.jp/27/index.php?action_kouhyou_detail_004_kani=true&JigyosyoCd=2772207961-00&ServiceCd=170&Type=search", "url2": null }, "geometry": { "type": "Point", "coordinates": [ 135.559261598379749, 34.661821277787645 ] } },
{ "type": "Feature", "properties": { "内容": "福祉用具はれ【福祉用具貸与】大阪府大阪市生野区小路東4-14-8", "url": "https://www.kaigokensaku.mhlw.go.jp/27/index.php?action_kouhyou_detail_004_kani=true&JigyosyoCd=2772207680-00&ServiceCd=170&Type=search", "url2": null }, "geometry": { "type": "Point", "coordinates": [ 135.558510899999987, 34.6576322 ] } },
{ "type": "Feature", "properties": { "内容": "住まいる介護サービ【福祉用具貸与】大阪府大阪市生野区小路東2-5-10", "url": "https://www.kaigokensaku.mhlw.go.jp/27/index.php?action_kouhyou_detail_004_kani=true&JigyosyoCd=2772208605-00&ServiceCd=170&Type=search", "url2": null }, "geometry": { "type": "Point", "coordinates": [ 135.5574454, 34.6589571 ] } },
{ "type": "Feature", "properties": { "内容": "ニック株式会社大阪生野営業所【福祉用具貸与】大阪府大阪市生野区巽中2-5-27", "url": "https://www.kaigokensaku.mhlw.go.jp/27/index.php?action_kouhyou_detail_004_kani=true&JigyosyoCd=2772203317-00&ServiceCd=170&Type=search", "url2": "http://www.nick-corp.com" }, "geometry": { "type": "Point", "coordinates": [ 135.549356109864789, 34.648614842300113 ] } },
{ "type": "Feature", "properties": { "内容": "株式会社NatureHeals【福祉用具貸与】田島5-8-22", "url": "https://www.kaigokensaku.mhlw.go.jp/27/index.php?action_kouhyou_detail_004_kani=true&JigyosyoCd=2772208704-00&ServiceCd=170&Type=search", "url2": "https://www.natureheals.net/" }, "geometry": { "type": "Point", "coordinates": [ 135.543466099999989, 34.6429623 ] } },
{ "type": "Feature", "properties": { "内容": "つるかめレンタル【福祉用具貸与】大阪府大阪市旭区森小路２丁目１６－１６丸日ビル２階", "url": "https://www.kaigokensaku.mhlw.go.jp/27/index.php?action_kouhyou_detail_004_kani=true&JigyosyoCd=2773103078-00&ServiceCd=170&Type=search", "url2": null }, "geometry": { "type": "Point", "coordinates": [ 135.550941400000056, 34.7203635 ] } },
{ "type": "Feature", "properties": { "内容": "株式会社　ウィズショールーム【福祉用具貸与】大阪市旭区森小路2-2-13", "url": "https://www.kaigokensaku.mhlw.go.jp/27/index.php?action_kouhyou_detail_004_kani=true&JigyosyoCd=2773100140-00&ServiceCd=170&Type=search", "url2": "http://www.hello-with.com" }, "geometry": { "type": "Point", "coordinates": [ 135.549371291401712, 34.722900738893657 ] } },
{ "type": "Feature", "properties": { "内容": "笑和福祉用具【福祉用具貸与】大阪府大阪市旭区森小路1-11-8", "url": "https://www.kaigokensaku.mhlw.go.jp/27/index.php?action_kouhyou_detail_004_kani=true&JigyosyoCd=2773102013-00&ServiceCd=170&Type=search", "url2": "http://syouwa-raku.co.jp/" }, "geometry": { "type": "Point", "coordinates": [ 135.548658199999977, 34.72168 ] } },
{ "type": "Feature", "properties": { "内容": "株式会社　福宝【福祉用具貸与】大阪市旭区大宮３－９－２６", "url": "https://www.kaigokensaku.mhlw.go.jp/27/index.php?action_kouhyou_detail_004_kani=true&JigyosyoCd=2773100199-00&ServiceCd=170&Type=search", "url2": null }, "geometry": { "type": "Point", "coordinates": [ 135.546649900000034, 34.7256879 ] } },
{ "type": "Feature", "properties": { "内容": "もみじ介護サービス【福祉用具貸与】大阪府大阪市旭区中宮３丁目１－２２ルミエール中宮1B", "url": "https://www.kaigokensaku.mhlw.go.jp/27/index.php?action_kouhyou_detail_004_kani=true&JigyosyoCd=2773102872-00&ServiceCd=170&Type=search", "url2": "https://www.momijicare.jp/" }, "geometry": { "type": "Point", "coordinates": [ 135.53961762771678, 34.725677135921444 ] } },
{ "type": "Feature", "properties": { "内容": "牧ふくし用具【福祉用具貸与】大阪市旭区清水４丁目２番２２号まき在宅ケアセンター２階", "url": "https://www.kaigokensaku.mhlw.go.jp/27/index.php?action_kouhyou_detail_004_kani=true&JigyosyoCd=2773100488-00&ServiceCd=170&Type=search", "url2": "http://www.maki-group.jp" }, "geometry": { "type": "Point", "coordinates": [ 135.562612599999966, 34.7205886 ] } },
{ "type": "Feature", "properties": { "内容": "アッシュ【福祉用具貸与】大阪府大阪市旭区中宮5-3-13ウエステリア中宮", "url": "https://www.kaigokensaku.mhlw.go.jp/27/index.php?action_kouhyou_detail_004_kani=true&JigyosyoCd=2773102443-00&ServiceCd=170&Type=search", "url2": null }, "geometry": { "type": "Point", "coordinates": [ 135.5505329, 34.7268295 ] } },
{ "type": "Feature", "properties": { "内容": "アルサ会福祉用具レンタル【福祉用具貸与】大阪府大阪市旭区清水４－１１－３８", "url": "https://www.kaigokensaku.mhlw.go.jp/27/index.php?action_kouhyou_detail_004_kani=true&JigyosyoCd=2773101247-00&ServiceCd=170&Type=search", "url2": "http://alusakai.com" }, "geometry": { "type": "Point", "coordinates": [ 135.563353201340675, 34.72186036951161 ] } },
{ "type": "Feature", "properties": { "内容": "ＳＥケアⅡ【福祉用具貸与】大阪府大阪市旭区中宮二丁目１番７号", "url": "https://www.kaigokensaku.mhlw.go.jp/27/index.php?action_kouhyou_detail_004_kani=true&JigyosyoCd=2773104084-00&ServiceCd=170&Type=search", "url2": null }, "geometry": { "type": "Point", "coordinates": [ 135.5388863, 34.723774200000015 ] } },
{ "type": "Feature", "properties": { "内容": "福祉用具貸与事業所すてぃっく【福祉用具貸与】大阪府大阪市旭区高殿6丁目14-20高殿東ビル2F", "url": "https://www.kaigokensaku.mhlw.go.jp/27/index.php?action_kouhyou_detail_004_kani=true&JigyosyoCd=2773104118-00&ServiceCd=170&Type=search", "url2": "https://m-miro.jp/company" }, "geometry": { "type": "Point", "coordinates": [ 135.54681690000001, 34.7178862 ] } },
{ "type": "Feature", "properties": { "内容": "ダイキチレントオール大阪支店【福祉用具貸与】大阪府大阪市旭区新森三丁目５番２号ファースト新森壱番館１階", "url": "https://www.kaigokensaku.mhlw.go.jp/27/index.php?action_kouhyou_detail_004_kani=true&JigyosyoCd=2773103722-00&ServiceCd=170&Type=search", "url2": "https://fukushiyogu.daikichi-rentall.co.jp/" }, "geometry": { "type": "Point", "coordinates": [ 135.553298500000011, 34.7211616 ] } },
{ "type": "Feature", "properties": { "内容": "福祉用具ウェリナ【福祉用具貸与】大阪府大阪市旭区高殿4-22-22ジョイテル高殿611号室", "url": "https://www.kaigokensaku.mhlw.go.jp/27/index.php?action_kouhyou_detail_004_kani=true&JigyosyoCd=2773104027-00&ServiceCd=170&Type=search", "url2": null }, "geometry": { "type": "Point", "coordinates": [ 135.5461106, 34.7157252 ] } },
{ "type": "Feature", "properties": { "内容": "福祉用具楓【福祉用具貸与】大阪府大阪市旭区千林1-1-7ドゥエリング105号", "url": "https://www.kaigokensaku.mhlw.go.jp/27/index.php?action_kouhyou_detail_004_kani=true&JigyosyoCd=2773104183-00&ServiceCd=170&Type=search", "url2": null }, "geometry": { "type": "Point", "coordinates": [ 135.5515567, 34.7237264 ] } },
{ "type": "Feature", "properties": { "内容": "介護用品リク【福祉用具貸与】大阪府大阪市旭区新森2-1-25ピュア新森201号室", "url": "https://www.kaigokensaku.mhlw.go.jp/27/index.php?action_kouhyou_detail_004_kani=true&JigyosyoCd=2773104225-00&ServiceCd=170&Type=search", "url2": null }, "geometry": { "type": "Point", "coordinates": [ 135.5515776, 34.7188477 ] } },
{ "type": "Feature", "properties": { "内容": "まもるレンタルサポート【福祉用具貸与】大阪府大阪市城東区鴫野西5-15-21", "url": "https://www.kaigokensaku.mhlw.go.jp/27/index.php?action_kouhyou_detail_004_kani=true&JigyosyoCd=2774404814-00&ServiceCd=170&Type=search", "url2": null }, "geometry": { "type": "Point", "coordinates": [ 135.5456247, 34.691026 ] } },
{ "type": "Feature", "properties": { "内容": "アビリティーズ・ケアネット株式会社　大阪営業所【福祉用具貸与】大阪府大阪市城東区成育二丁目16-15", "url": "https://www.kaigokensaku.mhlw.go.jp/27/index.php?action_kouhyou_detail_004_kani=true&JigyosyoCd=2774401257-00&ServiceCd=170&Type=search", "url2": "http://www.abilities.jp/" }, "geometry": { "type": "Point", "coordinates": [ 135.546247735277916, 34.710964043932115 ] } },
{ "type": "Feature", "properties": { "内容": "訪問介護事業所エーライフ【福祉用具貸与】大阪府大阪市城東区鴫野西4-1-6wellife大阪京橋ビル2階", "url": "https://www.kaigokensaku.mhlw.go.jp/27/index.php?action_kouhyou_detail_004_kani=true&JigyosyoCd=2774403436-00&ServiceCd=170&Type=search", "url2": "https://www.a-style55.co.jp/" }, "geometry": { "type": "Point", "coordinates": [ 135.53981388584441, 34.693208046571456 ] } },
{ "type": "Feature", "properties": { "内容": "訪問介護事業所ウェルライフ【福祉用具貸与】大阪府大阪市城東区鴫野西4-1-33Welfare大阪京橋ビル4階", "url": "https://www.kaigokensaku.mhlw.go.jp/27/index.php?action_kouhyou_detail_004_kani=true&JigyosyoCd=2774404129-00&ServiceCd=170&Type=search", "url2": null }, "geometry": { "type": "Point", "coordinates": [ 135.540109400000034, 34.693233100000015 ] } },
{ "type": "Feature", "properties": { "内容": "株式会社　ヤマシタ　大阪中央営業所【福祉用具貸与】大阪府大阪市城東区今福南1-8-13", "url": "https://www.kaigokensaku.mhlw.go.jp/27/index.php?action_kouhyou_detail_004_kani=true&JigyosyoCd=2774403279-00&ServiceCd=170&Type=search", "url2": "http://www.yco.co.jp/" }, "geometry": { "type": "Point", "coordinates": [ 135.5476615, 34.697488 ] } },
{ "type": "Feature", "properties": { "内容": "じゅらんライフサポート【福祉用具貸与】大阪府大阪市城東区諏訪4丁目18番11号リュクス深江橋壱番館102号室", "url": "https://www.kaigokensaku.mhlw.go.jp/27/index.php?action_kouhyou_detail_004_kani=true&JigyosyoCd=2774402735-00&ServiceCd=170&Type=search", "url2": null }, "geometry": { "type": "Point", "coordinates": [ 135.5629659, 34.6787405 ] } },
{ "type": "Feature", "properties": { "内容": "社会医療法人大道会　レンタルケアおおみち【福祉用具貸与】大阪府大阪市城東区森之宮2丁目森之宮第2団地6号棟102号", "url": "https://www.kaigokensaku.mhlw.go.jp/27/index.php?action_kouhyou_detail_004_kani=true&JigyosyoCd=2774401851-00&ServiceCd=170&Type=search", "url2": "https://www.omichikai.or.jp/welfare_care/facility/rentalcare" }, "geometry": { "type": "Point", "coordinates": [ 135.538526171163994, 34.685634599655437 ] } },
{ "type": "Feature", "properties": { "内容": "社会福祉法人慶生会ライフサポート城東【福祉用具貸与】大阪府大阪市城東区永田3-6-2布亀深江橋ビル201", "url": "https://www.kaigokensaku.mhlw.go.jp/27/index.php?action_kouhyou_detail_004_kani=true&JigyosyoCd=2774404640-00&ServiceCd=170&Type=search", "url2": "https://kyouseikai.org/service/fukushi-yogu/" }, "geometry": { "type": "Point", "coordinates": [ 135.5553998, 34.6832684 ] } },
{ "type": "Feature", "properties": { "内容": "福祉用具センターユニ・リズム【福祉用具貸与】大阪市城東区鴫野西２丁目９番２号ウエダビル　101号室", "url": "https://www.kaigokensaku.mhlw.go.jp/27/index.php?action_kouhyou_detail_004_kani=true&JigyosyoCd=2774403931-00&ServiceCd=170&Type=search", "url2": null }, "geometry": { "type": "Point", "coordinates": [ 135.537126199999989, 34.6921996 ] } },
{ "type": "Feature", "properties": { "内容": "たろうレンタル【福祉用具貸与】大阪府大阪市城東区成育3丁目17番18号11号室", "url": "https://www.kaigokensaku.mhlw.go.jp/27/index.php?action_kouhyou_detail_004_kani=true&JigyosyoCd=2774404657-00&ServiceCd=170&Type=search", "url2": null }, "geometry": { "type": "Point", "coordinates": [ 135.5438255, 34.7084365 ] } },
{ "type": "Feature", "properties": { "内容": "ライフマーク阿倍野【福祉用具貸与】大阪市阿倍野区西田辺町1丁目12番12号", "url": "https://www.kaigokensaku.mhlw.go.jp/27/index.php?action_kouhyou_detail_004_kani=true&JigyosyoCd=2772302291-00&ServiceCd=170&Type=search", "url2": "http://www.ueroku.jp/" }, "geometry": { "type": "Point", "coordinates": [ 135.516515600000048, 34.6191853 ] } },
{ "type": "Feature", "properties": { "内容": "Ｊサポート天王寺福祉用具【福祉用具貸与】大阪府大阪市阿倍野区天王寺町南1-1-10", "url": "https://www.kaigokensaku.mhlw.go.jp/27/index.php?action_kouhyou_detail_004_kani=true&JigyosyoCd=2772303620-00&ServiceCd=170&Type=search", "url2": null }, "geometry": { "type": "Point", "coordinates": [ 135.519702189549179, 34.645137632476235 ] } },
{ "type": "Feature", "properties": { "内容": "パナソニックエイジフリーショップ　あべの【福祉用具貸与】大阪府大阪市阿倍野区王子町四丁目3番25号", "url": "https://www.kaigokensaku.mhlw.go.jp/27/index.php?action_kouhyou_detail_004_kani=true&JigyosyoCd=2772303117-00&ServiceCd=170&Type=search", "url2": "https://www.lease-kogyo.com/" }, "geometry": { "type": "Point", "coordinates": [ 135.509449600000039, 34.627451 ] } },
{ "type": "Feature", "properties": { "内容": "スコップ【福祉用具貸与】大阪府大阪市阿倍野区昭和町1-7-26", "url": "https://www.kaigokensaku.mhlw.go.jp/27/index.php?action_kouhyou_detail_004_kani=true&JigyosyoCd=2772303786-00&ServiceCd=170&Type=search", "url2": null }, "geometry": { "type": "Point", "coordinates": [ 135.518477302130123, 34.634089378229206 ] } },
{ "type": "Feature", "properties": { "内容": "株式会社　アミィ　アミィ介護サービスあべの用具【福祉用具貸与】大阪府大阪市阿倍野区阿倍野筋3丁目10番1号123-2号（あべのベルタ1階）", "url": "https://www.kaigokensaku.mhlw.go.jp/27/index.php?action_kouhyou_detail_004_kani=true&JigyosyoCd=2772302747-00&ServiceCd=170&Type=search", "url2": "http://www.ami-kaigo.co.jp/" }, "geometry": { "type": "Point", "coordinates": [ 135.5112825, 34.6426436 ] } },
{ "type": "Feature", "properties": { "内容": "バディーズケア阿倍野【福祉用具貸与】大阪市阿倍野区昭和町5-4-28", "url": "https://www.kaigokensaku.mhlw.go.jp/27/index.php?action_kouhyou_detail_004_kani=true&JigyosyoCd=2772303653-00&ServiceCd=170&Type=search", "url2": "https://buddyz-care.co.jp/" }, "geometry": { "type": "Point", "coordinates": [ 135.5156935, 34.6239133 ] } },
{ "type": "Feature", "properties": { "内容": "キリン介護センター【福祉用具貸与】大阪市阿倍野区阪南町1-16-27トレアール阪南町1階101号", "url": "https://www.kaigokensaku.mhlw.go.jp/27/index.php?action_kouhyou_detail_004_kani=true&JigyosyoCd=2772301988-00&ServiceCd=170&Type=search", "url2": "http://kirin-kaigo.com/" }, "geometry": { "type": "Point", "coordinates": [ 135.515054500000019, 34.6373609 ] } },
{ "type": "Feature", "properties": { "内容": "ゆうとっぷケア【福祉用具貸与】大阪府大阪市阿倍野区桃ケ池町１－１４－３３桃ケ池マンション１０３号", "url": "https://www.kaigokensaku.mhlw.go.jp/27/index.php?action_kouhyou_detail_004_kani=true&JigyosyoCd=2772302481-00&ServiceCd=170&Type=search", "url2": null }, "geometry": { "type": "Point", "coordinates": [ 135.518795899999986, 34.6280037 ] } },
{ "type": "Feature", "properties": { "内容": "テイショウ福祉用具センター【福祉用具貸与】大阪府大阪市阿倍野区王子町4丁目3番13104号", "url": "https://www.kaigokensaku.mhlw.go.jp/27/index.php?action_kouhyou_detail_004_kani=true&JigyosyoCd=2772303943-00&ServiceCd=170&Type=search", "url2": "https://teisyosangyo.co.jp/" }, "geometry": { "type": "Point", "coordinates": [ 135.509527200000036, 34.626836900000022 ] } },
{ "type": "Feature", "properties": { "内容": "介護ショップモモタン【福祉用具貸与】大阪府大阪市阿倍野区天王寺町北１丁目８番４７－４２３号", "url": "https://www.kaigokensaku.mhlw.go.jp/27/index.php?action_kouhyou_detail_004_kani=true&JigyosyoCd=2772304339-00&ServiceCd=170&Type=search", "url2": null }, "geometry": { "type": "Point", "coordinates": [ 135.5209984, 34.645382 ] } },
{ "type": "Feature", "properties": { "内容": "ケアサービス阿倍野りんごの里【福祉用具貸与】大阪府大阪市阿倍野区王子町1丁目4番15号", "url": "https://www.kaigokensaku.mhlw.go.jp/27/index.php?action_kouhyou_detail_004_kani=true&JigyosyoCd=2772301426-00&ServiceCd=170&Type=search", "url2": "https://www.care-abeno.com/" }, "geometry": { "type": "Point", "coordinates": [ 135.510494236770683, 34.636020419536663 ] } },
{ "type": "Feature", "properties": { "内容": "介護センターさくらんぼ【福祉用具貸与】大阪府大阪市阿倍野区昭和町2-19-24", "url": "https://www.kaigokensaku.mhlw.go.jp/27/index.php?action_kouhyou_detail_004_kani=true&JigyosyoCd=2772301384-00&ServiceCd=170&Type=search", "url2": "http://www.kaigo-sakuranbo.com/" }, "geometry": { "type": "Point", "coordinates": [ 135.516694568425351, 34.630213687872313 ] } },
{ "type": "Feature", "properties": { "内容": "ふれ愛丸山荘【福祉用具貸与】大阪市阿倍野区丸山通１丁目２－８", "url": "https://www.kaigokensaku.mhlw.go.jp/27/index.php?action_kouhyou_detail_004_kani=true&JigyosyoCd=2772300345-00&ServiceCd=170&Type=search", "url2": "http://www.freai-m.jp/" }, "geometry": { "type": "Point", "coordinates": [ 135.508021800000051, 34.6377858 ] } },
{ "type": "Feature", "properties": { "内容": "株式会社　シルバーサービスモリタあべの【福祉用具貸与】大阪市阿倍野区北畠一丁目１番１８号", "url": "https://www.kaigokensaku.mhlw.go.jp/27/index.php?action_kouhyou_detail_004_kani=true&JigyosyoCd=2772300550-00&ServiceCd=170&Type=search", "url2": "http://www.silver-morita.com" }, "geometry": { "type": "Point", "coordinates": [ 135.508835800000043, 34.6266066 ] } },
{ "type": "Feature", "properties": { "内容": "有限会社　創愛【福祉用具貸与】大阪市阿倍野区天王寺町南3-12-22", "url": "https://www.kaigokensaku.mhlw.go.jp/27/index.php?action_kouhyou_detail_004_kani=true&JigyosyoCd=2772300360-00&ServiceCd=170&Type=search", "url2": null }, "geometry": { "type": "Point", "coordinates": [ 135.526461700000027, 34.639283 ] } },
{ "type": "Feature", "properties": { "内容": "花福祉用具【福祉用具貸与】大阪府大阪市阿倍野区昭和町二丁目３番３号１０１号", "url": "https://www.kaigokensaku.mhlw.go.jp/27/index.php?action_kouhyou_detail_004_kani=true&JigyosyoCd=2772304354-00&ServiceCd=170&Type=search", "url2": "https://harikyuu.grupo.jp/" }, "geometry": { "type": "Point", "coordinates": [ 135.519649100000038, 34.6320943 ] } },
{ "type": "Feature", "properties": { "内容": "日本介護医療センター【福祉用具貸与】大阪府大阪市阿倍野区阪南町２丁目４番１号スギ薬局昭和町店２階", "url": "https://www.kaigokensaku.mhlw.go.jp/27/index.php?action_kouhyou_detail_004_kani=true&JigyosyoCd=2772301608-00&ServiceCd=170&Type=search", "url2": "http://www.nihon-kaigo.com/" }, "geometry": { "type": "Point", "coordinates": [ 135.516298900000038, 34.6322782 ] } },
{ "type": "Feature", "properties": { "内容": "霞草【福祉用具貸与】大阪府大阪市住吉区長居2丁目4-1サンテ長居203", "url": "https://www.kaigokensaku.mhlw.go.jp/27/index.php?action_kouhyou_detail_004_kani=true&JigyosyoCd=2772006157-00&ServiceCd=170&Type=search", "url2": null }, "geometry": { "type": "Point", "coordinates": [ 135.511386800000054, 34.6131876 ] } },
{ "type": "Feature", "properties": { "内容": "あびこケアサービス【福祉用具貸与】大阪市住吉区我孫子3丁目12番5号あびこケアサービスセンター　４F", "url": "https://www.kaigokensaku.mhlw.go.jp/27/index.php?action_kouhyou_detail_004_kani=true&JigyosyoCd=2772000192-00&ServiceCd=170&Type=search", "url2": "https://abikocare.co.jp/index.php?ichiran-abikocare" }, "geometry": { "type": "Point", "coordinates": [ 135.506841863754261, 34.601507086826409 ] } },
{ "type": "Feature", "properties": { "内容": "株式会社　アビック　ほんわか介護レンタル【福祉用具貸与】大阪府大阪市住吉区我孫子一丁目3番17号", "url": "https://www.kaigokensaku.mhlw.go.jp/27/index.php?action_kouhyou_detail_004_kani=true&JigyosyoCd=2772002784-00&ServiceCd=170&Type=search", "url2": null }, "geometry": { "type": "Point", "coordinates": [ 135.510149700000056, 34.6052286 ] } },
{ "type": "Feature", "properties": { "内容": "福祉用具レンタル・販売はじめ【福祉用具貸与】大阪府大阪市住吉区苅田8丁目12-2マンション華105号・103号", "url": "https://www.kaigokensaku.mhlw.go.jp/27/index.php?action_kouhyou_detail_004_kani=true&JigyosyoCd=2772004343-00&ServiceCd=170&Type=search", "url2": "https://hajime-1.co.jp" }, "geometry": { "type": "Point", "coordinates": [ 135.5185017, 34.5979628 ] } },
{ "type": "Feature", "properties": { "内容": "ケアショップたろう【福祉用具貸与】大阪府住吉区千躰二丁目2番5号サービス付き高齢者向け住宅　花楽園住吉　1階", "url": "https://www.kaigokensaku.mhlw.go.jp/27/index.php?action_kouhyou_detail_004_kani=true&JigyosyoCd=2772004749-00&ServiceCd=170&Type=search", "url2": null }, "geometry": { "type": "Point", "coordinates": [ 135.4992426, 34.6081644 ] } },
{ "type": "Feature", "properties": { "内容": "楽しみケアレンタル【福祉用具貸与】大阪府大阪市住吉区山之内2-4-17", "url": "https://www.kaigokensaku.mhlw.go.jp/27/index.php?action_kouhyou_detail_004_kani=true&JigyosyoCd=2772003485-00&ServiceCd=170&Type=search", "url2": "https://www.tanosimi.jp" }, "geometry": { "type": "Point", "coordinates": [ 135.5028231, 34.596290699999983 ] } },
{ "type": "Feature", "properties": { "内容": "恵楽苑リビングケア【福祉用具貸与】大阪府大阪市住吉区沢之町1-1-2", "url": "https://www.kaigokensaku.mhlw.go.jp/27/index.php?action_kouhyou_detail_004_kani=true&JigyosyoCd=2772001224-00&ServiceCd=170&Type=search", "url2": "http://www.keirakuen.com" }, "geometry": { "type": "Point", "coordinates": [ 135.499812100000014, 34.6049676 ] } },
{ "type": "Feature", "properties": { "内容": "有限会社ＱＯＬぷらす・わん【福祉用具貸与】大阪市住吉区帝塚山中4-1-23", "url": "https://www.kaigokensaku.mhlw.go.jp/27/index.php?action_kouhyou_detail_004_kani=true&JigyosyoCd=2772001133-00&ServiceCd=170&Type=search", "url2": null }, "geometry": { "type": "Point", "coordinates": [ 135.50001450000002, 34.6195853 ] } },
{ "type": "Feature", "properties": { "内容": "有限会社　武美屋【福祉用具貸与】大阪府大阪市住吉区苅田5-13-23", "url": "https://www.kaigokensaku.mhlw.go.jp/27/index.php?action_kouhyou_detail_004_kani=true&JigyosyoCd=2772000259-00&ServiceCd=170&Type=search", "url2": "http://www.kaigo-takemiya.com/" }, "geometry": { "type": "Point", "coordinates": [ 135.515227, 34.5996682 ] } },
{ "type": "Feature", "properties": { "内容": "福祉用具ゆうそらサポート【福祉用具貸与】大阪府大阪市住吉区長居東3丁目15番26号住吉ニューライフ214号", "url": "https://www.kaigokensaku.mhlw.go.jp/27/index.php?action_kouhyou_detail_004_kani=true&JigyosyoCd=2772005068-00&ServiceCd=170&Type=search", "url2": null }, "geometry": { "type": "Point", "coordinates": [ 135.51366920000001, 34.6058196 ] } },
{ "type": "Feature", "properties": { "内容": "あんず介護サービス【福祉用具貸与】大阪府大阪市住吉区山之内3丁目2-17山野マンション303号", "url": "https://www.kaigokensaku.mhlw.go.jp/27/index.php?action_kouhyou_detail_004_kani=true&JigyosyoCd=2772002891-00&ServiceCd=170&Type=search", "url2": "http://anzu.site/" }, "geometry": { "type": "Point", "coordinates": [ 135.502601, 34.5935049 ] } },
{ "type": "Feature", "properties": { "内容": "リンク福祉用具【福祉用具貸与】大阪府大阪市東住吉区田辺1-8-4G-fort602", "url": "https://www.kaigokensaku.mhlw.go.jp/27/index.php?action_kouhyou_detail_004_kani=true&JigyosyoCd=2770806723-00&ServiceCd=170&Type=search", "url2": "https://www.ms-link.info/" }, "geometry": { "type": "Point", "coordinates": [ 135.523964, 34.6281255 ] } },
{ "type": "Feature", "properties": { "内容": "福祉用具GtO【福祉用具貸与】大阪府大阪市東住吉区西今川4ー17-26", "url": "https://www.kaigokensaku.mhlw.go.jp/27/index.php?action_kouhyou_detail_004_kani=true&JigyosyoCd=2770807002-00&ServiceCd=170&Type=search", "url2": null }, "geometry": { "type": "Point", "coordinates": [ 135.5336993, 34.6231657 ] } },
{ "type": "Feature", "properties": { "内容": "ＲＥＩ【福祉用具貸与】大阪府大阪市東住吉区桑津3-26-2天王寺ジェイオービル　５階", "url": "https://www.kaigokensaku.mhlw.go.jp/27/index.php?action_kouhyou_detail_004_kani=true&JigyosyoCd=2770806038-00&ServiceCd=170&Type=search", "url2": "https://rei-2024.com/" }, "geometry": { "type": "Point", "coordinates": [ 135.531009099999977, 34.6401812 ] } },
{ "type": "Feature", "properties": { "内容": "ミシマケアレンタル【福祉用具貸与】大阪府大阪市東住吉区矢田三丁目7番9-102号", "url": "https://www.kaigokensaku.mhlw.go.jp/27/index.php?action_kouhyou_detail_004_kani=true&JigyosyoCd=2770804231-00&ServiceCd=170&Type=search", "url2": null }, "geometry": { "type": "Point", "coordinates": [ 135.528865590876762, 34.60542991504721 ] } },
{ "type": "Feature", "properties": { "内容": "株式会社　ヤマシタ　東住吉営業所【福祉用具貸与】大阪府大阪市東住吉区杭全7丁目5番8号", "url": "https://www.kaigokensaku.mhlw.go.jp/27/index.php?action_kouhyou_detail_004_kani=true&JigyosyoCd=2770805634-00&ServiceCd=170&Type=search", "url2": "https://www.yco.co.jp/" }, "geometry": { "type": "Point", "coordinates": [ 135.539204, 34.633856 ] } },
{ "type": "Feature", "properties": { "内容": "えんぐらふ【福祉用具貸与】大阪府大阪市東住吉区桑津四丁目2番20号", "url": "https://www.kaigokensaku.mhlw.go.jp/27/index.php?action_kouhyou_detail_004_kani=true&JigyosyoCd=2770807135-00&ServiceCd=170&Type=search", "url2": null }, "geometry": { "type": "Point", "coordinates": [ 135.532706100000041, 34.6385875 ] } },
{ "type": "Feature", "properties": { "内容": "ケアふらっと東住吉【福祉用具貸与】大阪府大阪市東住吉区田辺2-7-21ロイヤル田辺101", "url": "https://www.kaigokensaku.mhlw.go.jp/27/index.php?action_kouhyou_detail_004_kani=true&JigyosyoCd=2770807259-00&ServiceCd=170&Type=search", "url2": "https://grab-kaigo.com/" }, "geometry": { "type": "Point", "coordinates": [ 135.5259844, 34.6250463 ] } },
{ "type": "Feature", "properties": { "内容": "せいりょう福祉用具事業所【福祉用具貸与】大阪府大阪市東住吉区公園南矢田4丁目10-6", "url": "https://www.kaigokensaku.mhlw.go.jp/27/index.php?action_kouhyou_detail_004_kani=true&JigyosyoCd=2770804769-00&ServiceCd=170&Type=search", "url2": null }, "geometry": { "type": "Point", "coordinates": [ 135.524431700000036, 34.5968047 ] } },
{ "type": "Feature", "properties": { "内容": "パル東住吉福祉センター【福祉用具貸与】大阪府大阪市東住吉区鷹合3-1-28", "url": "https://www.kaigokensaku.mhlw.go.jp/27/index.php?action_kouhyou_detail_004_kani=true&JigyosyoCd=2770806756-00&ServiceCd=170&Type=search", "url2": null }, "geometry": { "type": "Point", "coordinates": [ 135.527126638623031, 34.611978975338687 ] } },
{ "type": "Feature", "properties": { "内容": "ケア２１ライフプラス大阪南【福祉用具貸与】大阪市東住吉区田辺二丁目１１番４３号", "url": "https://www.kaigokensaku.mhlw.go.jp/27/index.php?action_kouhyou_detail_004_kani=true&JigyosyoCd=2770802698-00&ServiceCd=170&Type=search", "url2": "https://www.care21.co.jp/service/rental/lifeplus" }, "geometry": { "type": "Point", "coordinates": [ 135.5279395, 34.6252264 ] } },
{ "type": "Feature", "properties": { "内容": "リビングアイ【福祉用具貸与】大阪市東住吉区駒川5-15-3", "url": "https://www.kaigokensaku.mhlw.go.jp/27/index.php?action_kouhyou_detail_004_kani=true&JigyosyoCd=2770800221-00&ServiceCd=170&Type=search", "url2": "http://livingeye.co.jp" }, "geometry": { "type": "Point", "coordinates": [ 135.532499691401654, 34.617996700000035 ] } },
{ "type": "Feature", "properties": { "内容": "東住吉介護センター【福祉用具貸与】大阪市東住吉区東田辺一丁目15番2号ラウンド東田辺1F", "url": "https://www.kaigokensaku.mhlw.go.jp/27/index.php?action_kouhyou_detail_004_kani=true&JigyosyoCd=2770800312-00&ServiceCd=170&Type=search", "url2": "http://www.hscc.co.jp" }, "geometry": { "type": "Point", "coordinates": [ 135.526886900000022, 34.6217628 ] } },
{ "type": "Feature", "properties": { "内容": "ライフサポート・レップ【福祉用具貸与】大阪市東住吉区矢田４－７－１０", "url": "https://www.kaigokensaku.mhlw.go.jp/27/index.php?action_kouhyou_detail_004_kani=true&JigyosyoCd=2770800890-00&ServiceCd=170&Type=search", "url2": null }, "geometry": { "type": "Point", "coordinates": [ 135.530725599999982, 34.603215 ] } },
{ "type": "Feature", "properties": { "内容": "ゆとりレンタル【福祉用具貸与】大阪府大阪市東住吉区湯里2丁目21番27号", "url": "https://www.kaigokensaku.mhlw.go.jp/27/index.php?action_kouhyou_detail_004_kani=true&JigyosyoCd=2770802839-00&ServiceCd=170&Type=search", "url2": "http://yutolist-kaigo.com" }, "geometry": { "type": "Point", "coordinates": [ 135.537930599999981, 34.6133806 ] } },
{ "type": "Feature", "properties": { "内容": "有限会社りんごの木【福祉用具貸与】大阪府大阪市東住吉区南田辺三丁目１９番１６号", "url": "https://www.kaigokensaku.mhlw.go.jp/27/index.php?action_kouhyou_detail_004_kani=true&JigyosyoCd=2770800304-00&ServiceCd=170&Type=search", "url2": "http://www.club-ringo.com" }, "geometry": { "type": "Point", "coordinates": [ 135.526292499999954, 34.6192631 ] } },
{ "type": "Feature", "properties": { "内容": "ＮＧＴケアレンタル【福祉用具貸与】大阪市東住吉区中野2-2-3", "url": "https://www.kaigokensaku.mhlw.go.jp/27/index.php?action_kouhyou_detail_004_kani=true&JigyosyoCd=2770801609-00&ServiceCd=170&Type=search", "url2": "https://www.ngt-k.com" }, "geometry": { "type": "Point", "coordinates": [ 135.539472, 34.6239184 ] } },
{ "type": "Feature", "properties": { "内容": "ケアショップハル長居公園店【福祉用具貸与】大阪市東住吉区公園南矢田1-4-10", "url": "https://www.kaigokensaku.mhlw.go.jp/27/index.php?action_kouhyou_detail_004_kani=true&JigyosyoCd=2770803993-00&ServiceCd=170&Type=search", "url2": null }, "geometry": { "type": "Point", "coordinates": [ 135.52362260000001, 34.607226099999977 ] } },
{ "type": "Feature", "properties": { "内容": "福祉用具笑楽大阪【福祉用具貸与】大阪府大阪市東住吉区公園南矢田三丁目21番17号", "url": "https://www.kaigokensaku.mhlw.go.jp/27/index.php?action_kouhyou_detail_004_kani=true&JigyosyoCd=2770804967-00&ServiceCd=170&Type=search", "url2": "http://わらく.com" }, "geometry": { "type": "Point", "coordinates": [ 135.526635100000021, 34.6007822 ] } },
{ "type": "Feature", "properties": { "内容": "アイネット介護サービス【福祉用具貸与】大阪府大阪市東住吉区西今川二丁目１０－１１", "url": "https://www.kaigokensaku.mhlw.go.jp/27/index.php?action_kouhyou_detail_004_kani=true&JigyosyoCd=2770800460-00&ServiceCd=170&Type=search", "url2": "https://www.i-net-kaigo.com/" }, "geometry": { "type": "Point", "coordinates": [ 135.532864099999983, 34.6276567 ] } },
{ "type": "Feature", "properties": { "内容": "コージツハウス【福祉用具貸与】大阪府大阪市東住吉区杭全2丁目11-8", "url": "https://www.kaigokensaku.mhlw.go.jp/27/index.php?action_kouhyou_detail_004_kani=true&JigyosyoCd=2770807481-00&ServiceCd=170&Type=search", "url2": "http://www.kozitsuhouse.co.jp" }, "geometry": { "type": "Point", "coordinates": [ 135.537425899999988, 34.6372397 ] } },
{ "type": "Feature", "properties": { "内容": "福祉用具のこころ【福祉用具貸与】大阪府大阪市西成区玉出西2丁目4-11Groove玉出駅前BLDG7F", "url": "https://www.kaigokensaku.mhlw.go.jp/27/index.php?action_kouhyou_detail_004_kani=true&JigyosyoCd=2773311366-00&ServiceCd=170&Type=search", "url2": "https://basis-biz.co.jp/" }, "geometry": { "type": "Point", "coordinates": [ 135.490193, 34.624050199999985 ] } },
{ "type": "Feature", "properties": { "内容": "ナンクルナイサァーさんぐわ【福祉用具貸与】大阪府大阪市西成区南津守3丁目3-22マンションアサノⅡ　502号", "url": "https://www.kaigokensaku.mhlw.go.jp/27/index.php?action_kouhyou_detail_004_kani=true&JigyosyoCd=2773311275-00&ServiceCd=170&Type=search", "url2": "https://nankr.net/" }, "geometry": { "type": "Point", "coordinates": [ 135.484466, 34.6333416 ] } },
{ "type": "Feature", "properties": { "内容": "介護ショップＦＵＲＡ【福祉用具貸与】大阪府大阪市西成区橘二丁目4番20号", "url": "https://www.kaigokensaku.mhlw.go.jp/27/index.php?action_kouhyou_detail_004_kani=true&JigyosyoCd=2773306630-00&ServiceCd=170&Type=search", "url2": "http://www.fura.biz/" }, "geometry": { "type": "Point", "coordinates": [ 135.490428899999984, 34.6392329 ] } },
{ "type": "Feature", "properties": { "内容": "ケアショップころ助【福祉用具貸与】大阪府大阪市西成区鶴見橋2-5-11", "url": "https://www.kaigokensaku.mhlw.go.jp/27/index.php?action_kouhyou_detail_004_kani=true&JigyosyoCd=2773309089-00&ServiceCd=170&Type=search", "url2": null }, "geometry": { "type": "Point", "coordinates": [ 135.491743162565626, 34.646398605521114 ] } },
{ "type": "Feature", "properties": { "内容": "医療法人銀嶺会　介護支援センタ－【福祉用具貸与】大阪府大阪市西成区松一丁目3番21－1－101号室", "url": "https://www.kaigokensaku.mhlw.go.jp/27/index.php?action_kouhyou_detail_004_kani=true&JigyosyoCd=2773308990-00&ServiceCd=170&Type=search", "url2": "http://ginreikai.jp/" }, "geometry": { "type": "Point", "coordinates": [ 135.494601849007751, 34.640424660657835 ] } },
{ "type": "Feature", "properties": { "内容": "ばらの木　西成店【福祉用具貸与】大阪府大阪市西成区天下茶屋3-8-16ナンテンビル3F", "url": "https://www.kaigokensaku.mhlw.go.jp/27/index.php?action_kouhyou_detail_004_kani=true&JigyosyoCd=2773305103-00&ServiceCd=170&Type=search", "url2": "http://www.baranoki.jp" }, "geometry": { "type": "Point", "coordinates": [ 135.498712414103437, 34.635368117022686 ] } },
{ "type": "Feature", "properties": { "内容": "介護の相談室にじ【福祉用具貸与】梅南2丁目2番9号", "url": "https://www.kaigokensaku.mhlw.go.jp/27/index.php?action_kouhyou_detail_004_kani=true&JigyosyoCd=2773310202-00&ServiceCd=170&Type=search", "url2": null }, "geometry": { "type": "Point", "coordinates": [ 135.492553644180276, 34.6422666 ] } },
{ "type": "Feature", "properties": { "内容": "株式会社SPROUT【福祉用具貸与】潮路1丁目1番３902号", "url": "https://www.kaigokensaku.mhlw.go.jp/27/index.php?action_kouhyou_detail_004_kani=true&JigyosyoCd=2773308099-00&ServiceCd=170&Type=search", "url2": null }, "geometry": { "type": "Point", "coordinates": [ 135.494500499999987, 34.6376395 ] } },
{ "type": "Feature", "properties": { "内容": "ＡＱＵＡ【福祉用具貸与】大阪府大阪市西成区千本北１丁目７番２２号コーポ和秀１０１", "url": "https://www.kaigokensaku.mhlw.go.jp/27/index.php?action_kouhyou_detail_004_kani=true&JigyosyoCd=2773306200-00&ServiceCd=170&Type=search", "url2": null }, "geometry": { "type": "Point", "coordinates": [ 135.490587299999987, 34.6354 ] } },
{ "type": "Feature", "properties": { "内容": "いこいの森【福祉用具貸与】大阪府大阪市西成区岸里二丁目3番3号大塩ビル203", "url": "https://www.kaigokensaku.mhlw.go.jp/27/index.php?action_kouhyou_detail_004_kani=true&JigyosyoCd=2773305970-00&ServiceCd=170&Type=search", "url2": null }, "geometry": { "type": "Point", "coordinates": [ 135.493950899999959, 34.6340085 ] } },
{ "type": "Feature", "properties": { "内容": "クレアケア【福祉用具貸与】大阪府大阪市西成区岸里東2-15-13", "url": "https://www.kaigokensaku.mhlw.go.jp/27/index.php?action_kouhyou_detail_004_kani=true&JigyosyoCd=2773308149-00&ServiceCd=170&Type=search", "url2": "https://www.newvillage.jp/" }, "geometry": { "type": "Point", "coordinates": [ 135.493239899999907, 34.6319088 ] } },
{ "type": "Feature", "properties": { "内容": "ルミナスケア福祉用具センター【福祉用具貸与】大阪府大阪市西成区玉出西2-4-8ルミナス玉出　1102・1103号室", "url": "https://www.kaigokensaku.mhlw.go.jp/27/index.php?action_kouhyou_detail_004_kani=true&JigyosyoCd=2773306549-00&ServiceCd=170&Type=search", "url2": "http://www.luminous-care.com/" }, "geometry": { "type": "Point", "coordinates": [ 135.490304299999906, 34.6241903 ] } },
{ "type": "Feature", "properties": { "内容": "株式会社和田【福祉用具貸与】大阪府大阪市西成区玉出中２－１－２５", "url": "https://www.kaigokensaku.mhlw.go.jp/27/index.php?action_kouhyou_detail_004_kani=true&JigyosyoCd=2773301508-00&ServiceCd=170&Type=search", "url2": "http://www7b.biglobe.ne.jp/~kaigonowada/index.html" }, "geometry": { "type": "Point", "coordinates": [ 135.493319700000029, 34.6263023 ] } },
{ "type": "Feature", "properties": { "内容": "大阪きづがわ医療福祉生活協同組合西成民主診療所レンタルきずな【福祉用具貸与】大阪府大阪市西成区松２－１－７", "url": "https://www.kaigokensaku.mhlw.go.jp/27/index.php?action_kouhyou_detail_004_kani=true&JigyosyoCd=2773304817-00&ServiceCd=170&Type=search", "url2": "http://osaka-kizugawa.coop/" }, "geometry": { "type": "Point", "coordinates": [ 135.492334199999959, 34.6413965 ] } },
{ "type": "Feature", "properties": { "内容": "フィットレンタルサービス【福祉用具貸与】大阪府大阪市西成区鶴見橋１丁目１５番１８号", "url": "https://www.kaigokensaku.mhlw.go.jp/27/index.php?action_kouhyou_detail_004_kani=true&JigyosyoCd=2773302860-00&ServiceCd=170&Type=search", "url2": null }, "geometry": { "type": "Point", "coordinates": [ 135.493995, 34.6453238 ] } },
{ "type": "Feature", "properties": { "内容": "Allies＋【福祉用具貸与】大阪府大阪市西成区玉出東一丁目１４番１２号玉出東ハイツ", "url": "https://www.kaigokensaku.mhlw.go.jp/27/index.php?action_kouhyou_detail_004_kani=true&JigyosyoCd=2773309964-00&ServiceCd=170&Type=search", "url2": null }, "geometry": { "type": "Point", "coordinates": [ 135.4959365, 34.6263074 ] } },
{ "type": "Feature", "properties": { "内容": "マユウ介護サービス【福祉用具貸与】大阪市西成区鶴見橋3-6-15-2階", "url": "https://www.kaigokensaku.mhlw.go.jp/27/index.php?action_kouhyou_detail_004_kani=true&JigyosyoCd=2773302332-00&ServiceCd=170&Type=search", "url2": "https://lovely.co.jp" }, "geometry": { "type": "Point", "coordinates": [ 135.488066400979477, 34.646279092129397 ] } },
{ "type": "Feature", "properties": { "内容": "福祉用具優宝【福祉用具貸与】大阪府大阪市西成区南津守七丁目4番12号開成サンハイツ玉出103号", "url": "https://www.kaigokensaku.mhlw.go.jp/27/index.php?action_kouhyou_detail_004_kani=true&JigyosyoCd=2773308982-00&ServiceCd=170&Type=search", "url2": "https://atcompany.jp/unityforoverjoy/" }, "geometry": { "type": "Point", "coordinates": [ 135.486294508579817, 34.622841890799194 ] } },
{ "type": "Feature", "properties": { "内容": "シェア・スマイル【福祉用具貸与】大阪府大阪市西成区岸里1丁目4番15号1Aエクセレント大豊", "url": "https://www.kaigokensaku.mhlw.go.jp/27/index.php?action_kouhyou_detail_004_kani=true&JigyosyoCd=2773310764-00&ServiceCd=170&Type=search", "url2": null }, "geometry": { "type": "Point", "coordinates": [ 135.49452502416753, 34.635364503343283 ] } },
{ "type": "Feature", "properties": { "内容": "PeterOlive【福祉用具貸与】大阪府大阪市西成区旭3丁目4番14号", "url": "https://www.kaigokensaku.mhlw.go.jp/27/index.php?action_kouhyou_detail_004_kani=true&JigyosyoCd=2773309030-00&ServiceCd=170&Type=search", "url2": null }, "geometry": { "type": "Point", "coordinates": [ 135.4877675244675, 34.643766767088103 ] } },
{ "type": "Feature", "properties": { "内容": "壷山木工所【福祉用具貸与】大阪府大阪市西成区松2－8－6", "url": "https://www.kaigokensaku.mhlw.go.jp/27/index.php?action_kouhyou_detail_004_kani=true&JigyosyoCd=2773307554-00&ServiceCd=170&Type=search", "url2": "https://ttn-net.com/" }, "geometry": { "type": "Point", "coordinates": [ 135.4912038, 34.6404522 ] } },
{ "type": "Feature", "properties": { "内容": "訪問・介護ステーション　さくらジャパン【福祉用具貸与】大阪府大阪市西成区出城３－５－８２階", "url": "https://www.kaigokensaku.mhlw.go.jp/27/index.php?action_kouhyou_detail_004_kani=true&JigyosyoCd=2773302779-00&ServiceCd=170&Type=search", "url2": null }, "geometry": { "type": "Point", "coordinates": [ 135.4886593, 34.6494206 ] } },
{ "type": "Feature", "properties": { "内容": "株式会社スマイル【福祉用具貸与】大阪府大阪市西成区潮路1丁目4番34号A", "url": "https://www.kaigokensaku.mhlw.go.jp/27/index.php?action_kouhyou_detail_004_kani=true&JigyosyoCd=2773305954-00&ServiceCd=170&Type=search", "url2": null }, "geometry": { "type": "Point", "coordinates": [ 135.493374425794514, 34.637273088355819 ] } },
{ "type": "Feature", "properties": { "内容": "ナニワ福祉用具サービス【福祉用具貸与】大阪府大阪市西成区鶴見橋１－４－３３", "url": "https://www.kaigokensaku.mhlw.go.jp/27/index.php?action_kouhyou_detail_004_kani=true&JigyosyoCd=2773302498-00&ServiceCd=170&Type=search", "url2": null }, "geometry": { "type": "Point", "coordinates": [ 135.496112487310825, 34.646060495374883 ] } },
{ "type": "Feature", "properties": { "内容": "有限会社　ケアサポートさいとう【福祉用具貸与】大阪府大阪市西成区天下茶屋東2-2-19", "url": "https://www.kaigokensaku.mhlw.go.jp/27/index.php?action_kouhyou_detail_004_kani=true&JigyosyoCd=2773302217-00&ServiceCd=170&Type=search", "url2": null }, "geometry": { "type": "Point", "coordinates": [ 135.504005399999983, 34.6390857 ] } },
{ "type": "Feature", "properties": { "内容": "介護サービスライフパートナー【福祉用具貸与】大阪府大阪市西成区天下茶屋3丁目2番19号", "url": "https://www.kaigokensaku.mhlw.go.jp/27/index.php?action_kouhyou_detail_004_kani=true&JigyosyoCd=2773309501-00&ServiceCd=170&Type=search", "url2": null }, "geometry": { "type": "Point", "coordinates": [ 135.499115118343326, 34.636630246081666 ] } },
{ "type": "Feature", "properties": { "内容": "ババ福祉用具センター【福祉用具貸与】南津守5−6−12", "url": "https://www.kaigokensaku.mhlw.go.jp/27/index.php?action_kouhyou_detail_004_kani=true&JigyosyoCd=2773303421-00&ServiceCd=170&Type=search", "url2": null }, "geometry": { "type": "Point", "coordinates": [ 135.4784848, 34.6309858 ] } },
{ "type": "Feature", "properties": { "内容": "有限会社あすなろ【福祉用具貸与】大阪府大阪市西成区長橋3-2-7", "url": "https://www.kaigokensaku.mhlw.go.jp/27/index.php?action_kouhyou_detail_004_kani=true&JigyosyoCd=2773311515-00&ServiceCd=170&Type=search", "url2": null }, "geometry": { "type": "Point", "coordinates": [ 135.490073599999988, 34.6478826 ] } },
{ "type": "Feature", "properties": { "内容": "チャレンジド【福祉用具貸与】大阪府大阪市西成区鶴見橋2-12-23アジールコート102", "url": "https://www.kaigokensaku.mhlw.go.jp/27/index.php?action_kouhyou_detail_004_kani=true&JigyosyoCd=2773301037-00&ServiceCd=170&Type=search", "url2": "https://nice.ne.jp/" }, "geometry": { "type": "Point", "coordinates": [ 135.490426107165746, 34.646408459159581 ] } },
{ "type": "Feature", "properties": { "内容": "Weアーク【福祉用具貸与】大阪府大阪市淀川区西中島6-8-5NLC新大阪スカイビル604", "url": "https://www.kaigokensaku.mhlw.go.jp/27/index.php?action_kouhyou_detail_004_kani=true&JigyosyoCd=2779105903-00&ServiceCd=170&Type=search", "url2": null }, "geometry": { "type": "Point", "coordinates": [ 135.495138700000012, 34.7279621 ] } },
{ "type": "Feature", "properties": { "内容": "ケアショップ　よろこび【福祉用具貸与】大阪府大阪市淀川区宮原二丁目11番11号シャネルハイツ新大阪83　206号室", "url": "https://www.kaigokensaku.mhlw.go.jp/27/index.php?action_kouhyou_detail_004_kani=true&JigyosyoCd=2779105762-00&ServiceCd=170&Type=search", "url2": null }, "geometry": { "type": "Point", "coordinates": [ 135.499704484655751, 34.738787709199002 ] } },
{ "type": "Feature", "properties": { "内容": "ケアショップミント【福祉用具貸与】大阪市淀川区十三東1丁目8番3号結衣ビル2F", "url": "https://www.kaigokensaku.mhlw.go.jp/27/index.php?action_kouhyou_detail_004_kani=true&JigyosyoCd=2779105689-00&ServiceCd=170&Type=search", "url2": null }, "geometry": { "type": "Point", "coordinates": [ 135.487100700000013, 34.7203592 ] } },
{ "type": "Feature", "properties": { "内容": "あいます福祉用具センター【福祉用具貸与】大阪府大阪市淀川区西中島４－２－２６天神第一ビル７Ｆ", "url": "https://www.kaigokensaku.mhlw.go.jp/27/index.php?action_kouhyou_detail_004_kani=true&JigyosyoCd=2779104195-00&ServiceCd=170&Type=search", "url2": null }, "geometry": { "type": "Point", "coordinates": [ 135.496693100000016, 34.7264838 ] } },
{ "type": "Feature", "properties": { "内容": "ライフサポートアドニス【福祉用具貸与】大阪市淀川区新北野二丁目11番19号　2階", "url": "https://www.kaigokensaku.mhlw.go.jp/27/index.php?action_kouhyou_detail_004_kani=true&JigyosyoCd=2779102660-00&ServiceCd=170&Type=search", "url2": null }, "geometry": { "type": "Point", "coordinates": [ 135.476669899999962, 34.7143319 ] } },
{ "type": "Feature", "properties": { "内容": "ケア２１ライフプラス大阪北【福祉用具貸与】大阪市淀川区十三元今里１ー９ー６", "url": "https://www.kaigokensaku.mhlw.go.jp/27/index.php?action_kouhyou_detail_004_kani=true&JigyosyoCd=2779102256-00&ServiceCd=170&Type=search", "url2": "https://www.care21.co.jp/service/rental/lifeplus" }, "geometry": { "type": "Point", "coordinates": [ 135.475284406745914, 34.716942447108408 ] } },
{ "type": "Feature", "properties": { "内容": "株式会社ハートレスト【福祉用具貸与】大阪府大阪市淀川区西三国1-21-43サンマンション105", "url": "https://www.kaigokensaku.mhlw.go.jp/27/index.php?action_kouhyou_detail_004_kani=true&JigyosyoCd=2779104625-00&ServiceCd=170&Type=search", "url2": "http://www.kaigo-web.ne.jp/" }, "geometry": { "type": "Point", "coordinates": [ 135.492335200000014, 34.7443056 ] } },
{ "type": "Feature", "properties": { "内容": "株式会社　三笑堂　新大阪支店【福祉用具貸与】大阪市淀川区加島一丁目56-12", "url": "https://www.kaigokensaku.mhlw.go.jp/27/index.php?action_kouhyou_detail_004_kani=true&JigyosyoCd=2779101845-00&ServiceCd=170&Type=search", "url2": "http://www.sanshodoh.co.jp/" }, "geometry": { "type": "Point", "coordinates": [ 135.460951799999947, 34.7278409 ] } },
{ "type": "Feature", "properties": { "内容": "ウィルケアサポート【福祉用具貸与】大阪府大阪市淀川区宮原5丁目6-3ニュー大阪ハイツ101", "url": "https://www.kaigokensaku.mhlw.go.jp/27/index.php?action_kouhyou_detail_004_kani=true&JigyosyoCd=2779100904-00&ServiceCd=170&Type=search", "url2": null }, "geometry": { "type": "Point", "coordinates": [ 135.497076623043966, 34.737851099503985 ] } },
{ "type": "Feature", "properties": { "内容": "エニシエケア新北野【福祉用具貸与】大阪府大阪市淀川区新北野一丁目2番13号明治安田生命十三ビル4階", "url": "https://www.kaigokensaku.mhlw.go.jp/27/index.php?action_kouhyou_detail_004_kani=true&JigyosyoCd=2779103601-00&ServiceCd=170&Type=search", "url2": "http://www.takamatsuesutate.jp" }, "geometry": { "type": "Point", "coordinates": [ 135.481893953828347, 34.718242771299877 ] } },
{ "type": "Feature", "properties": { "内容": "HowToLife　紬【福祉用具貸与】大阪府大阪市淀川区西中島三丁目5-12新大阪浪速ビル302号室", "url": "https://www.kaigokensaku.mhlw.go.jp/27/index.php?action_kouhyou_detail_004_kani=true&JigyosyoCd=2779105556-00&ServiceCd=170&Type=search", "url2": "https://how-to-life.net/" }, "geometry": { "type": "Point", "coordinates": [ 135.5022215, 34.7267131 ] } },
{ "type": "Feature", "properties": { "内容": "生活ぷらす総本部【福祉用具貸与】大阪府大阪市淀川区東三国2-37-5東三国ビル", "url": "https://www.kaigokensaku.mhlw.go.jp/27/index.php?action_kouhyou_detail_004_kani=true&JigyosyoCd=2779105812-00&ServiceCd=170&Type=search", "url2": "https://miraiseikatsu.jp/" }, "geometry": { "type": "Point", "coordinates": [ 135.4988052, 34.7422893 ] } },
{ "type": "Feature", "properties": { "内容": "福祉用具リヤン【福祉用具貸与】大阪府大阪市淀川区三津屋北2丁目6－10", "url": "https://www.kaigokensaku.mhlw.go.jp/27/index.php?action_kouhyou_detail_004_kani=true&JigyosyoCd=2779105879-00&ServiceCd=170&Type=search", "url2": null }, "geometry": { "type": "Point", "coordinates": [ 135.4703266, 34.7293972 ] } },
{ "type": "Feature", "properties": { "内容": "株式会社フォロー【福祉用具貸与】大阪府大阪市淀川区東三国5丁目13番12号グレイスフル第3東三国", "url": "https://www.kaigokensaku.mhlw.go.jp/27/index.php?action_kouhyou_detail_004_kani=true&JigyosyoCd=2779105408-00&ServiceCd=170&Type=search", "url2": "https://5iff6.hp.peraichi.com" }, "geometry": { "type": "Point", "coordinates": [ 135.493447471775625, 34.741720430823065 ] } },
{ "type": "Feature", "properties": { "内容": "ニック株式会社大阪淀川営業所【福祉用具貸与】大阪府大阪市淀川区木川東4丁目17-9ライオンズマンション新大阪第6　105号室", "url": "https://www.kaigokensaku.mhlw.go.jp/27/index.php?action_kouhyou_detail_004_kani=true&JigyosyoCd=2779105598-00&ServiceCd=170&Type=search", "url2": "https://www.nick-corp.com/" }, "geometry": { "type": "Point", "coordinates": [ 135.489587300000011, 34.7285354 ] } },
{ "type": "Feature", "properties": { "内容": "株式会社ラヴェリオリンクスタッフ【福祉用具貸与】大阪府大阪市淀川区西中島4-13-22大拓ビル17　5F", "url": "https://www.kaigokensaku.mhlw.go.jp/27/index.php?action_kouhyou_detail_004_kani=true&JigyosyoCd=2779105317-00&ServiceCd=170&Type=search", "url2": null }, "geometry": { "type": "Point", "coordinates": [ 135.4948226, 34.7274883 ] } },
{ "type": "Feature", "properties": { "内容": "ダスキンヘルスレント鶴見ステーション【福祉用具貸与】大阪市鶴見区鶴見４丁目１５番１０号", "url": "https://www.kaigokensaku.mhlw.go.jp/27/index.php?action_kouhyou_detail_004_kani=true&JigyosyoCd=2779200720-00&ServiceCd=170&Type=search", "url2": "http://healthrent.duskin.jp" }, "geometry": { "type": "Point", "coordinates": [ 135.564574, 34.704115299999984 ] } },
{ "type": "Feature", "properties": { "内容": "医療法人晃和会　福祉用具レンタル北田【福祉用具貸与】大阪市鶴見区放出東2-4-1", "url": "https://www.kaigokensaku.mhlw.go.jp/27/index.php?action_kouhyou_detail_004_kani=true&JigyosyoCd=2779201009-00&ServiceCd=170&Type=search", "url2": "http://www.kitada-iin.com" }, "geometry": { "type": "Point", "coordinates": [ 135.559785599999941, 34.6915916 ] } },
{ "type": "Feature", "properties": { "内容": "株式会社アエル介護事業部【福祉用具貸与】大阪府大阪市鶴見区緑１丁目１５番１７号", "url": "https://www.kaigokensaku.mhlw.go.jp/27/index.php?action_kouhyou_detail_004_kani=true&JigyosyoCd=2779200845-00&ServiceCd=170&Type=search", "url2": "http://www.kaigo-aeru.co.jp/" }, "geometry": { "type": "Point", "coordinates": [ 135.562646099999938, 34.7139337 ] } },
{ "type": "Feature", "properties": { "内容": "医療福祉生協おおさか　福祉用具レンタルつるみ【福祉用具貸与】大阪府大阪市鶴見区鶴見三丁目6番24号本部ビル１Ｆ", "url": "https://www.kaigokensaku.mhlw.go.jp/27/index.php?action_kouhyou_detail_004_kani=true&JigyosyoCd=2779202031-00&ServiceCd=170&Type=search", "url2": null }, "geometry": { "type": "Point", "coordinates": [ 135.563365800000042, 34.7026015 ] } },
{ "type": "Feature", "properties": { "内容": "福祉用具レンタル販売　BAMBI【福祉用具貸与】大阪府大阪市鶴見区横堤二丁目2番34号ゼットハウス-101号", "url": "https://www.kaigokensaku.mhlw.go.jp/27/index.php?action_kouhyou_detail_004_kani=true&JigyosyoCd=2779202882-00&ServiceCd=170&Type=search", "url2": null }, "geometry": { "type": "Point", "coordinates": [ 135.5703431, 34.6978455 ] } },
{ "type": "Feature", "properties": { "内容": "福祉用具ステーションふるけあ【福祉用具貸与】大阪府大阪市鶴見区放出東三丁目9番11号飯田貸室1階2号室", "url": "https://www.kaigokensaku.mhlw.go.jp/27/index.php?action_kouhyou_detail_004_kani=true&JigyosyoCd=2779203039-00&ServiceCd=170&Type=search", "url2": null }, "geometry": { "type": "Point", "coordinates": [ 135.5621467, 34.6892848 ] } },
{ "type": "Feature", "properties": { "内容": "パナソニックエイジフリーショップ　住之江【福祉用具貸与】大阪府大阪市住之江区北加賀屋一丁目1番22号", "url": "https://www.kaigokensaku.mhlw.go.jp/27/index.php?action_kouhyou_detail_004_kani=true&JigyosyoCd=2775900695-00&ServiceCd=170&Type=search", "url2": "https://www.lease-kogyo.com/" }, "geometry": { "type": "Point", "coordinates": [ 135.480708, 34.6249455 ] } },
{ "type": "Feature", "properties": { "内容": "株式会社ワンダー【福祉用具貸与】大阪府大阪市住之江区御崎7-15-2アミティ住之江103号室", "url": "https://www.kaigokensaku.mhlw.go.jp/27/index.php?action_kouhyou_detail_004_kani=true&JigyosyoCd=2775904192-00&ServiceCd=170&Type=search", "url2": "https://sites.google.com/wonder-osaka.net/wonder-osaka/home" }, "geometry": { "type": "Point", "coordinates": [ 135.4821249, 34.6030573 ] } },
{ "type": "Feature", "properties": { "内容": "わか介護福祉用具サービス【福祉用具貸与】大阪府大阪市住之江区中加賀屋2-6-7シャトーABC4階", "url": "https://www.kaigokensaku.mhlw.go.jp/27/index.php?action_kouhyou_detail_004_kani=true&JigyosyoCd=2775902865-00&ServiceCd=170&Type=search", "url2": "https://nico-group.co.jp" }, "geometry": { "type": "Point", "coordinates": [ 135.481465853580971, 34.61691808496245 ] } },
{ "type": "Feature", "properties": { "内容": "有限会社　住健サポートセンター【福祉用具貸与】大阪府大阪市住之江区西住之江三丁目8番8号", "url": "https://www.kaigokensaku.mhlw.go.jp/27/index.php?action_kouhyou_detail_004_kani=true&JigyosyoCd=2775900984-00&ServiceCd=170&Type=search", "url2": "http://juken-sc.co.jp/" }, "geometry": { "type": "Point", "coordinates": [ 135.482694600000059, 34.6003734 ] } },
{ "type": "Feature", "properties": { "内容": "ダスキンヘルスレント住之江ステーション【福祉用具貸与】大阪市住之江区緑木２－５－５３", "url": "https://www.kaigokensaku.mhlw.go.jp/27/index.php?action_kouhyou_detail_004_kani=true&JigyosyoCd=2775901602-00&ServiceCd=170&Type=search", "url2": "http://healthrent.duskin.jp" }, "geometry": { "type": "Point", "coordinates": [ 135.471761799999967, 34.6150881 ] } },
{ "type": "Feature", "properties": { "内容": "ビリケン福祉用具【福祉用具貸与】大阪府大阪市住之江区浜口東2-7-25橘ビル", "url": "https://www.kaigokensaku.mhlw.go.jp/27/index.php?action_kouhyou_detail_004_kani=true&JigyosyoCd=2775902972-00&ServiceCd=170&Type=search", "url2": null }, "geometry": { "type": "Point", "coordinates": [ 135.4869162, 34.6105279 ] } },
{ "type": "Feature", "properties": { "内容": "介護ショップひまわり大阪店【福祉用具貸与】大阪府大阪市住之江区西加賀屋3丁目11番17号", "url": "https://www.kaigokensaku.mhlw.go.jp/27/index.php?action_kouhyou_detail_004_kani=true&JigyosyoCd=2775901685-00&ServiceCd=170&Type=search", "url2": "http://www.himawari200207.com/" }, "geometry": { "type": "Point", "coordinates": [ 135.476110804229705, 34.617296671409555 ] } },
{ "type": "Feature", "properties": { "内容": "福祉用具貸与・販売事業所フルライフサポート【福祉用具貸与】大阪府大阪市住之江区粉浜3丁目11番12号RESORTBOXB号室", "url": "https://www.kaigokensaku.mhlw.go.jp/27/index.php?action_kouhyou_detail_004_kani=true&JigyosyoCd=2775904374-00&ServiceCd=170&Type=search", "url2": null }, "geometry": { "type": "Point", "coordinates": [ 135.488456899999989, 34.6148176 ] } },
{ "type": "Feature", "properties": { "内容": "ルピナス【福祉用具貸与】大阪府大阪市住之江区西住之江2-13-17松栄住之江ビル6階", "url": "https://www.kaigokensaku.mhlw.go.jp/27/index.php?action_kouhyou_detail_004_kani=true&JigyosyoCd=2775904382-00&ServiceCd=170&Type=search", "url2": null }, "geometry": { "type": "Point", "coordinates": [ 135.4834715, 34.6029201 ] } },
{ "type": "Feature", "properties": { "内容": "ユサージュ【福祉用具貸与】大阪府大阪市平野区瓜破西3-11-5エタニティ瓜破西", "url": "https://www.kaigokensaku.mhlw.go.jp/27/index.php?action_kouhyou_detail_004_kani=true&JigyosyoCd=2775809458-00&ServiceCd=170&Type=search", "url2": "https://www.eternity-life.co.jp/" }, "geometry": { "type": "Point", "coordinates": [ 135.5456303, 34.6004389 ] } },
{ "type": "Feature", "properties": { "内容": "ライフマーク平野【福祉用具貸与】大阪府大阪市平野区長吉六反3丁目3-5B号", "url": "https://www.kaigokensaku.mhlw.go.jp/27/index.php?action_kouhyou_detail_004_kani=true&JigyosyoCd=2775809086-00&ServiceCd=170&Type=search", "url2": "http://www.ueroku.jp/" }, "geometry": { "type": "Point", "coordinates": [ 135.5793869, 34.6041283 ] } },
{ "type": "Feature", "properties": { "内容": "パナソニックエイジフリーショップ平野【福祉用具貸与】大阪府大阪市平野区長吉長原西2丁目1番23号", "url": "https://www.kaigokensaku.mhlw.go.jp/27/index.php?action_kouhyou_detail_004_kani=true&JigyosyoCd=2775806686-00&ServiceCd=170&Type=search", "url2": "http://sumai.panasonic.jp/agefree/shop/search/shop_detail.php?shop=936" }, "geometry": { "type": "Point", "coordinates": [ 135.565370367501373, 34.605929701236064 ] } },
{ "type": "Feature", "properties": { "内容": "フランスベッド株式会社　メディカル大阪南営業所【福祉用具貸与】大阪府大阪市平野区流町4丁目15-20", "url": "https://www.kaigokensaku.mhlw.go.jp/27/index.php?action_kouhyou_detail_004_kani=true&JigyosyoCd=2775803055-00&ServiceCd=170&Type=search", "url2": "http://www.francebed.co.jp" }, "geometry": { "type": "Point", "coordinates": [ 135.555134800000019, 34.6166749 ] } },
{ "type": "Feature", "properties": { "内容": "福祉用具レンタル・販売　司【福祉用具貸与】大阪府大阪市平野区長吉六反2丁目3-45", "url": "https://www.kaigokensaku.mhlw.go.jp/27/index.php?action_kouhyou_detail_004_kani=true&JigyosyoCd=2775807163-00&ServiceCd=170&Type=search", "url2": null }, "geometry": { "type": "Point", "coordinates": [ 135.579065600000035, 34.606846200000035 ] } },
{ "type": "Feature", "properties": { "内容": "株式会社キクマ電器【福祉用具貸与】大阪府大阪市平野区長吉長原東3-7-10ユニ・アルス平野プレジオ101", "url": "https://www.kaigokensaku.mhlw.go.jp/27/index.php?action_kouhyou_detail_004_kani=true&JigyosyoCd=2775805902-00&ServiceCd=170&Type=search", "url2": null }, "geometry": { "type": "Point", "coordinates": [ 135.578063899999989, 34.6016741 ] } },
{ "type": "Feature", "properties": { "内容": "レンタルケア彩月【福祉用具貸与】大阪府大阪市平野区瓜破1-2-26-2階", "url": "https://www.kaigokensaku.mhlw.go.jp/27/index.php?action_kouhyou_detail_004_kani=true&JigyosyoCd=2775807932-00&ServiceCd=170&Type=search", "url2": null }, "geometry": { "type": "Point", "coordinates": [ 135.550717808528901, 34.607380224121378 ] } },
{ "type": "Feature", "properties": { "内容": "ダスキンヘルスレント平野ステーション【福祉用具貸与】大阪府大阪市平野区長吉長原西２－７－３", "url": "https://www.kaigokensaku.mhlw.go.jp/27/index.php?action_kouhyou_detail_004_kani=true&JigyosyoCd=2775807999-00&ServiceCd=170&Type=search", "url2": "https://healthrent.duskin.jp/" }, "geometry": { "type": "Point", "coordinates": [ 135.566517299999987, 34.6045903 ] } },
{ "type": "Feature", "properties": { "内容": "介護ショップひまわり平野店【福祉用具貸与】大阪府大阪市平野区西脇一丁目１７番３２号", "url": "https://www.kaigokensaku.mhlw.go.jp/27/index.php?action_kouhyou_detail_004_kani=true&JigyosyoCd=2775807874-00&ServiceCd=170&Type=search", "url2": "https://www.himawari200207.com/" }, "geometry": { "type": "Point", "coordinates": [ 135.543756281475794, 34.62958890539408 ] } },
{ "type": "Feature", "properties": { "内容": "ふくじゅう【福祉用具貸与】大阪府大阪市平野区平野本町3丁目10番20号", "url": "https://www.kaigokensaku.mhlw.go.jp/27/index.php?action_kouhyou_detail_004_kani=true&JigyosyoCd=2775806447-00&ServiceCd=170&Type=search", "url2": null }, "geometry": { "type": "Point", "coordinates": [ 135.554972117196684, 34.624346800475152 ] } },
{ "type": "Feature", "properties": { "内容": "感動ケアサービス【福祉用具貸与】大阪府大阪市平野区平野西1丁目8番2号", "url": "https://www.kaigokensaku.mhlw.go.jp/27/index.php?action_kouhyou_detail_004_kani=true&JigyosyoCd=2775806033-00&ServiceCd=170&Type=search", "url2": null }, "geometry": { "type": "Point", "coordinates": [ 135.540909193168687, 34.61962401908643 ] } },
{ "type": "Feature", "properties": { "内容": "ケアレンタルおかりん【福祉用具貸与】大阪府大阪市平野区加美鞍作３－２－３２", "url": "https://www.kaigokensaku.mhlw.go.jp/27/index.php?action_kouhyou_detail_004_kani=true&JigyosyoCd=2775803832-00&ServiceCd=170&Type=search", "url2": null }, "geometry": { "type": "Point", "coordinates": [ 135.56459884536892, 34.622302956616686 ] } },
{ "type": "Feature", "properties": { "内容": "シニアライフ株式会社　アステップ【福祉用具貸与】大阪府大阪市平野区長吉川辺3-17-11東野N-Style　C号", "url": "https://www.kaigokensaku.mhlw.go.jp/27/index.php?action_kouhyou_detail_004_kani=true&JigyosyoCd=2775807239-00&ServiceCd=170&Type=search", "url2": null }, "geometry": { "type": "Point", "coordinates": [ 135.57916746682767, 34.594895839500211 ] } },
{ "type": "Feature", "properties": { "内容": "ユニバーサル　システム【福祉用具貸与】大阪府大阪市平野区喜連西5丁目1番4号", "url": "https://www.kaigokensaku.mhlw.go.jp/27/index.php?action_kouhyou_detail_004_kani=true&JigyosyoCd=2775802792-00&ServiceCd=170&Type=search", "url2": null }, "geometry": { "type": "Point", "coordinates": [ 135.546785399999976, 34.6192079 ] } },
{ "type": "Feature", "properties": { "内容": "福祉用具ＪＵＮ【福祉用具貸与】大阪府大阪市平野区長吉六反1-4-16", "url": "https://www.kaigokensaku.mhlw.go.jp/27/index.php?action_kouhyou_detail_004_kani=true&JigyosyoCd=2775809169-00&ServiceCd=170&Type=search", "url2": null }, "geometry": { "type": "Point", "coordinates": [ 135.582259599999986, 34.6102973 ] } },
{ "type": "Feature", "properties": { "内容": "M-Bridge福祉用具事業部【福祉用具貸与】大阪府大阪市平野区長吉六反2-5-6", "url": "https://www.kaigokensaku.mhlw.go.jp/27/index.php?action_kouhyou_detail_004_kani=true&JigyosyoCd=2775807817-00&ServiceCd=170&Type=search", "url2": "https://mbridge2020.co.jp" }, "geometry": { "type": "Point", "coordinates": [ 135.579243, 34.606141 ] } },
{ "type": "Feature", "properties": { "内容": "株式会社ユーダ　レンタル事業部【福祉用具貸与】大阪市平野区加美北7-1-19", "url": "https://www.kaigokensaku.mhlw.go.jp/27/index.php?action_kouhyou_detail_004_kani=true&JigyosyoCd=2775801893-00&ServiceCd=170&Type=search", "url2": "http://www.e-sora.net/youda/" }, "geometry": { "type": "Point", "coordinates": [ 135.55922, 34.6361426 ] } },
{ "type": "Feature", "properties": { "内容": "福祉用具じゃむの家【福祉用具貸与】大阪府大阪市平野区平野本町4-8-13-207ドムール本町207号", "url": "https://www.kaigokensaku.mhlw.go.jp/27/index.php?action_kouhyou_detail_004_kani=true&JigyosyoCd=2775809102-00&ServiceCd=170&Type=search", "url2": null }, "geometry": { "type": "Point", "coordinates": [ 135.553498600000012, 34.6223978 ] } },
{ "type": "Feature", "properties": { "内容": "アリーナ介護支援センター【福祉用具貸与】大阪府大阪市平野区瓜破３丁目１番１３号", "url": "https://www.kaigokensaku.mhlw.go.jp/27/index.php?action_kouhyou_detail_004_kani=true&JigyosyoCd=2775801190-00&ServiceCd=170&Type=search", "url2": "https://arena-okamoto.com/" }, "geometry": { "type": "Point", "coordinates": [ 135.555730815344305, 34.605925430014302 ] } },
{ "type": "Feature", "properties": { "内容": "株式会社フロンティア大阪東営業所【福祉用具貸与】大阪府大阪市平野区加美正覚寺3-8-30", "url": "https://www.kaigokensaku.mhlw.go.jp/27/index.php?action_kouhyou_detail_004_kani=true&JigyosyoCd=2775808849-00&ServiceCd=170&Type=search", "url2": "https://www.frontier-ph.com" }, "geometry": { "type": "Point", "coordinates": [ 135.564156200000014, 34.6314196 ] } },
{ "type": "Feature", "properties": { "内容": "株式会社トーカイ大阪南営業所【福祉用具貸与】大阪府大阪市平野区平野馬場1丁目6番12号", "url": "https://www.kaigokensaku.mhlw.go.jp/27/index.php?action_kouhyou_detail_004_kani=true&JigyosyoCd=2775804277-00&ServiceCd=170&Type=search", "url2": "https://www.tokai-corp.com" }, "geometry": { "type": "Point", "coordinates": [ 135.548374341139152, 34.633638989780259 ] } },
{ "type": "Feature", "properties": { "内容": "らいむ福祉用具サービス【福祉用具貸与】大阪市北区豊崎6-7-4", "url": "https://www.kaigokensaku.mhlw.go.jp/27/index.php?action_kouhyou_detail_004_kani=true&JigyosyoCd=2774104265-00&ServiceCd=170&Type=search", "url2": null }, "geometry": { "type": "Point", "coordinates": [ 135.5024081, 34.7154304 ] } },
{ "type": "Feature", "properties": { "内容": "すこやかライフサポート【福祉用具貸与】大阪府大阪市北区天神西町1番6号アールビル天神西8Ｆ", "url": "https://www.kaigokensaku.mhlw.go.jp/27/index.php?action_kouhyou_detail_004_kani=true&JigyosyoCd=2774103499-00&ServiceCd=170&Type=search", "url2": null }, "geometry": { "type": "Point", "coordinates": [ 135.510408500000011, 34.6943321 ] } },
{ "type": "Feature", "properties": { "内容": "SOMPOケア　関西福祉用具【福祉用具貸与】大阪府大阪市北区天満橋一丁目8番30号OAPタワー５F", "url": "https://www.kaigokensaku.mhlw.go.jp/27/index.php?action_kouhyou_detail_004_kani=true&JigyosyoCd=2774103366-00&ServiceCd=170&Type=search", "url2": "https://www.sompocare.com/service/zaitaku/fukushiyougu/Z000797" }, "geometry": { "type": "Point", "coordinates": [ 135.519745899999947, 34.7000661 ] } },
{ "type": "Feature", "properties": { "内容": "ユアーズ福祉用具貸与事業所【福祉用具貸与】大阪府大阪市北区本庄東二丁目２番２５号クリエイト天八ビル７階", "url": "https://www.kaigokensaku.mhlw.go.jp/27/index.php?action_kouhyou_detail_004_kani=true&JigyosyoCd=2774103150-00&ServiceCd=170&Type=search", "url2": "http://www.yours-clear.com" }, "geometry": { "type": "Point", "coordinates": [ 135.510362500000042, 34.7145206 ] } },
{ "type": "Feature", "properties": { "内容": "スイート福祉用具【福祉用具貸与】大阪府大阪市北区梅田1丁目13-1　17階大阪梅田ツインタワーズ・サウス", "url": "https://www.kaigokensaku.mhlw.go.jp/27/index.php?action_kouhyou_detail_004_kani=true&JigyosyoCd=2774103762-00&ServiceCd=170&Type=search", "url2": "https://newpartners-holdings.co.jp/sweet-welfare/" }, "geometry": { "type": "Point", "coordinates": [ 135.4941139, 34.698841 ] } },
{ "type": "Feature", "properties": { "内容": "ハーモニー福祉用具サービス【福祉用具貸与】大阪府大阪市北区東天満一丁目11-13AXIS南森町ビル803号", "url": "https://www.kaigokensaku.mhlw.go.jp/27/index.php?action_kouhyou_detail_004_kani=true&JigyosyoCd=2774103796-00&ServiceCd=170&Type=search", "url2": null }, "geometry": { "type": "Point", "coordinates": [ 135.5141054, 34.6970308 ] } },
{ "type": "Feature", "properties": { "内容": "訪問介護事業所ハラタ【福祉用具貸与】大阪府大阪市北区長柄西1丁目7番43号", "url": "https://www.kaigokensaku.mhlw.go.jp/27/index.php?action_kouhyou_detail_004_kani=true&JigyosyoCd=2774103754-00&ServiceCd=170&Type=search", "url2": "https://www.hrt.co.jp/" }, "geometry": { "type": "Point", "coordinates": [ 135.5143445, 34.7149043 ] } },
{ "type": "Feature", "properties": { "内容": "ケアショップレガート【福祉用具貸与】大阪府大阪市北区天神橋2丁目4番16号大研ビル8階", "url": "https://www.kaigokensaku.mhlw.go.jp/27/index.php?action_kouhyou_detail_004_kani=true&JigyosyoCd=2774103358-00&ServiceCd=170&Type=search", "url2": null }, "geometry": { "type": "Point", "coordinates": [ 135.5121057, 34.6972071 ] } },
{ "type": "Feature", "properties": { "内容": "日本福祉サービス【福祉用具貸与】大阪府大阪市北区太融寺町1-17梅田アスカビル5階", "url": "https://www.kaigokensaku.mhlw.go.jp/27/index.php?action_kouhyou_detail_004_kani=true&JigyosyoCd=2774104042-00&ServiceCd=170&Type=search", "url2": null }, "geometry": { "type": "Point", "coordinates": [ 135.5056375, 34.7012881 ] } },
{ "type": "Feature", "properties": { "内容": "フランスベッド株式会社　メディカル大阪営業所【福祉用具貸与】大阪府大阪市北区天神橋6-3-16　朝日生命天六ビル", "url": "https://www.kaigokensaku.mhlw.go.jp/27/index.php?action_kouhyou_detail_004_kani=true&JigyosyoCd=2774101923-00&ServiceCd=170&Type=search", "url2": "http://www.francebed.co.jp/" }, "geometry": { "type": "Point", "coordinates": [ 135.512176400000044, 34.7103265 ] } },
{ "type": "Feature", "properties": { "内容": "グッドライフケア福祉用具大阪【福祉用具貸与】大阪府大阪市北区紅梅町1-6カザリーノビル6階", "url": "https://www.kaigokensaku.mhlw.go.jp/27/index.php?action_kouhyou_detail_004_kani=true&JigyosyoCd=2774103036-00&ServiceCd=170&Type=search", "url2": "https://goodlifecare.co.jp/" }, "geometry": { "type": "Point", "coordinates": [ 135.51395279999997, 34.6985709 ] } },
{ "type": "Feature", "properties": { "内容": "ソーシャルコートの福祉用具【福祉用具貸与】大阪府大阪市北区梅田1丁目3-1大阪駅前第一ビル4階㈱ソーシャルライフ内", "url": "https://www.kaigokensaku.mhlw.go.jp/27/index.php?action_kouhyou_detail_004_kani=true&JigyosyoCd=2774102947-00&ServiceCd=170&Type=search", "url2": "https://www.social-l.com/" }, "geometry": { "type": "Point", "coordinates": [ 135.497010752927707, 34.698692131601149 ] } },
{ "type": "Feature", "properties": { "内容": "エールシステムズⅡ【福祉用具貸与】大阪府大阪市中央区難波三丁目6番11号なんば池田ビル10階", "url": "https://www.kaigokensaku.mhlw.go.jp/27/index.php?action_kouhyou_detail_004_kani=true&JigyosyoCd=2779403100-00&ServiceCd=170&Type=search", "url2": null }, "geometry": { "type": "Point", "coordinates": [ 135.500702100000012, 34.6664296 ] } },
{ "type": "Feature", "properties": { "内容": "ソワンス【福祉用具貸与】大阪府大阪市中央区高津3-12-13白雲荘1F", "url": "https://www.kaigokensaku.mhlw.go.jp/27/index.php?action_kouhyou_detail_004_kani=true&JigyosyoCd=2779401096-00&ServiceCd=170&Type=search", "url2": null }, "geometry": { "type": "Point", "coordinates": [ 135.509160542327891, 34.66347837917781 ] } },
{ "type": "Feature", "properties": { "内容": "フランスベッド株式会社　メディカル大阪東営業所【福祉用具貸与】大阪府大阪市中央区森ノ宮中央1丁目23番5号ビルテマビル1階2階", "url": "https://www.kaigokensaku.mhlw.go.jp/27/index.php?action_kouhyou_detail_004_kani=true&JigyosyoCd=2779403480-00&ServiceCd=170&Type=search", "url2": "https://www.francebed.co.jp/" }, "geometry": { "type": "Point", "coordinates": [ 135.53117, 34.6780663 ] } },
{ "type": "Feature", "properties": { "内容": "むすび【福祉用具貸与】大阪府大阪市中央区博労町4丁目6番17号第三丸米ビル207号", "url": "https://www.kaigokensaku.mhlw.go.jp/27/index.php?action_kouhyou_detail_004_kani=true&JigyosyoCd=2779404041-00&ServiceCd=170&Type=search", "url2": null }, "geometry": { "type": "Point", "coordinates": [ 135.498762426983603, 34.678047151909766 ] } },
{ "type": "Feature", "properties": { "内容": "MYY福祉用具【福祉用具貸与】大阪市中央区本町三丁目1番10号PMOEX本町13階", "url": "https://www.kaigokensaku.mhlw.go.jp/27/index.php?action_kouhyou_detail_004_kani=true&JigyosyoCd=2779404132-00&ServiceCd=170&Type=search", "url2": null }, "geometry": { "type": "Point", "coordinates": [ 135.502766439073326, 34.68381389382845 ] } },
{ "type": "Feature", "properties": { "内容": "くおると介護用品【福祉用具貸与】大阪府大阪市中央区高津1-9-10-504インテリジェンスビル5階", "url": "https://www.kaigokensaku.mhlw.go.jp/27/index.php?action_kouhyou_detail_004_kani=true&JigyosyoCd=2779402268-00&ServiceCd=170&Type=search", "url2": "https://www.qolt-cp.com/" }, "geometry": { "type": "Point", "coordinates": [ 135.511623647786848, 34.667298284273535 ] } },
{ "type": "Feature", "properties": { "内容": "らくゆう会【福祉用具貸与】大阪府大阪市中央区久太郎町1丁目4番4号JKビル1階・2階", "url": "https://www.kaigokensaku.mhlw.go.jp/27/index.php?action_kouhyou_detail_004_kani=true&JigyosyoCd=2779403084-00&ServiceCd=170&Type=search", "url2": null }, "geometry": { "type": "Point", "coordinates": [ 135.50853989999996, 34.6806198 ] } },
{ "type": "Feature", "properties": { "内容": "株式会社　サンワード商会【福祉用具貸与】大阪市中央区本町2丁目3番9号JPS本町ビルディング　6F", "url": "https://www.kaigokensaku.mhlw.go.jp/27/index.php?action_kouhyou_detail_004_kani=true&JigyosyoCd=2779400718-00&ServiceCd=170&Type=search", "url2": "http://www.sunward-ltd.com" }, "geometry": { "type": "Point", "coordinates": [ 135.505148500000018, 34.6833278 ] } },
{ "type": "Feature", "properties": { "内容": "アシスト【福祉用具貸与】大阪府大阪市中央区難波二丁目3番7号南海難波御堂筋ウエスト10階", "url": "https://www.kaigokensaku.mhlw.go.jp/27/index.php?action_kouhyou_detail_004_kani=true&JigyosyoCd=2779404256-00&ServiceCd=170&Type=search", "url2": null }, "geometry": { "type": "Point", "coordinates": [ 135.4990879, 34.6675318 ] } },
{ "type": "Feature", "properties": { "内容": "メディエイト福祉用具事業所【福祉用具貸与】大阪府大阪市中央区本町橋2-16AXIS本町橋YKビル8階", "url": "https://www.kaigokensaku.mhlw.go.jp/27/index.php?action_kouhyou_detail_004_kani=true&JigyosyoCd=2779402623-00&ServiceCd=170&Type=search", "url2": "http://medyate.info/" }, "geometry": { "type": "Point", "coordinates": [ 135.511497487063622, 34.683780047410792 ] } },
{ "type": "Feature", "properties": { "内容": "シード【福祉用具貸与】大阪府大阪市中央区大手前1丁目7-31OMMビル別館3階OMMビル別館3階", "url": "https://www.kaigokensaku.mhlw.go.jp/27/index.php?action_kouhyou_detail_004_kani=true&JigyosyoCd=2779402441-00&ServiceCd=170&Type=search", "url2": "https://medicalseed.jp" }, "geometry": { "type": "Point", "coordinates": [ 135.519924987102911, 34.690883589918457 ] } },
{ "type": "Feature", "properties": { "内容": "ジョグパートナー【福祉用具貸与】大阪府大阪市中央区安堂寺町一丁目3番13号谷町もりおかビル5階", "url": "https://www.kaigokensaku.mhlw.go.jp/27/index.php?action_kouhyou_detail_004_kani=true&JigyosyoCd=2779403548-00&ServiceCd=170&Type=search", "url2": "http://sakura-plg.com/group" }, "geometry": { "type": "Point", "coordinates": [ 135.518254, 34.6761512 ] } },
{ "type": "Feature", "properties": { "内容": "西川株式会社／ネーブルハウス大阪事業所【福祉用具貸与】大阪府大阪市中央区久太郎町1‐6‐29　JRE堺筋本町スクエア11階", "url": "https://www.kaigokensaku.mhlw.go.jp/27/index.php?action_kouhyou_detail_004_kani=true&JigyosyoCd=2779404009-00&ServiceCd=170&Type=search", "url2": "https://nablehouse.co.jp/" }, "geometry": { "type": "Point", "coordinates": [ 135.508637599999958, 34.68326260000002 ] } },
{ "type": "Feature", "properties": { "内容": "オリーブの里【福祉用具貸与】大阪市中央区森ノ宮中央1-6-19408", "url": "https://www.kaigokensaku.mhlw.go.jp/27/index.php?action_kouhyou_detail_004_kani=true&JigyosyoCd=2779402177-00&ServiceCd=170&Type=search", "url2": null }, "geometry": { "type": "Point", "coordinates": [ 135.533361122398446, 34.67863346523459 ] } },
{ "type": "Feature", "properties": { "内容": "NSA福祉用具ステーション【福祉用具貸与】大阪市中央区北浜東2番18号Nビル", "url": "https://www.kaigokensaku.mhlw.go.jp/27/index.php?action_kouhyou_detail_004_kani=true&JigyosyoCd=2779402979-00&ServiceCd=170&Type=search", "url2": "http://www.k-nsa.co.jp/" }, "geometry": { "type": "Point", "coordinates": [ 135.514302110868925, 34.689935942228871 ] } },
{ "type": "Feature", "properties": { "内容": "シティ・ケア【福祉用具貸与】大阪府大阪市中央区高津一丁目１０番１５号シュトラール高津1F", "url": "https://www.kaigokensaku.mhlw.go.jp/27/index.php?action_kouhyou_detail_004_kani=true&JigyosyoCd=2779404066-00&ServiceCd=170&Type=search", "url2": null }, "geometry": { "type": "Point", "coordinates": [ 135.511731800000035, 34.6678726 ] } },
{ "type": "Feature", "properties": { "内容": "アプリシェイト福祉用具ステーション関西【福祉用具貸与】大阪市中央区久太郎町2丁目2番7山口興産堺筋ビル7階", "url": "https://www.kaigokensaku.mhlw.go.jp/27/index.php?action_kouhyou_detail_004_kani=true&JigyosyoCd=2779403449-00&ServiceCd=170&Type=search", "url2": "http://www.appreciate-group.com/" }, "geometry": { "type": "Point", "coordinates": [ 135.5056363, 34.6805235 ] } },
{ "type": "Feature", "properties": { "内容": "ハート介護サポート【福祉用具貸与】大阪市中央区南新町1丁目2番4号椿本ビル８階", "url": "https://www.kaigokensaku.mhlw.go.jp/27/index.php?action_kouhyou_detail_004_kani=true&JigyosyoCd=2779403126-00&ServiceCd=170&Type=search", "url2": "https://www.kawasho-gr.jp/assist.html" }, "geometry": { "type": "Point", "coordinates": [ 135.515886300000034, 34.6843917 ] } },
{ "type": "Feature", "properties": { "内容": "ケアショップなごみ【福祉用具貸与】大阪府大阪市中央区北浜1-3-144階", "url": "https://www.kaigokensaku.mhlw.go.jp/27/index.php?action_kouhyou_detail_004_kani=true&JigyosyoCd=2779403498-00&ServiceCd=170&Type=search", "url2": null }, "geometry": { "type": "Point", "coordinates": [ 135.50933729999997, 34.690561099999982 ] } },
{ "type": "Feature", "properties": { "内容": "福祉用具センターぼく、れんた【福祉用具貸与】大阪府大阪市中央区東心斎橋一丁目7番22号メゾン・デ・ノムラ　702号", "url": "https://www.kaigokensaku.mhlw.go.jp/27/index.php?action_kouhyou_detail_004_kani=true&JigyosyoCd=2779404413-00&ServiceCd=170&Type=search", "url2": null }, "geometry": { "type": "Point", "coordinates": [ 135.5045897, 34.6732419 ] } },
{ "type": "Feature", "properties": { "内容": "やすらぎの介護シャローム【福祉用具貸与】大阪府堺市堺区大仙中町6-2", "url": "https://www.kaigokensaku.mhlw.go.jp/27/index.php?action_kouhyou_detail_004_kani=true&JigyosyoCd=2776004687-00&ServiceCd=170&Type=search", "url2": "https://kaigo-shalom.co.jp/" }, "geometry": { "type": "Point", "coordinates": [ 135.4790396, 34.5623899 ] } },
{ "type": "Feature", "properties": { "内容": "ケアショップ　柴【福祉用具貸与】北三国ヶ丘町1-1-37-103", "url": "https://www.kaigokensaku.mhlw.go.jp/27/index.php?action_kouhyou_detail_004_kani=true&JigyosyoCd=2776004083-00&ServiceCd=170&Type=search", "url2": null }, "geometry": { "type": "Point", "coordinates": [ 135.4874508, 34.5773907 ] } },
{ "type": "Feature", "properties": { "内容": "泉介護支援センター【福祉用具貸与】大阪府堺市堺区香ヶ丘町2丁6番3号", "url": "https://www.kaigokensaku.mhlw.go.jp/27/index.php?action_kouhyou_detail_004_kani=true&JigyosyoCd=2776003507-00&ServiceCd=170&Type=search", "url2": "https://www.izumidrug.com/rental.html" }, "geometry": { "type": "Point", "coordinates": [ 135.493813064417992, 34.587703251097352 ] } },
{ "type": "Feature", "properties": { "内容": "あいいろ福祉用具【福祉用具貸与】大阪府堺市堺区神保通１番４号", "url": "https://www.kaigokensaku.mhlw.go.jp/27/index.php?action_kouhyou_detail_004_kani=true&JigyosyoCd=2776004455-00&ServiceCd=170&Type=search", "url2": null }, "geometry": { "type": "Point", "coordinates": [ 135.4722491, 34.5665565 ] } },
{ "type": "Feature", "properties": { "内容": "パナソニックエイジフリーショップ　堺【福祉用具貸与】大阪府堺市堺区旭ヶ丘北町二丁2番5号", "url": "https://www.kaigokensaku.mhlw.go.jp/27/index.php?action_kouhyou_detail_004_kani=true&JigyosyoCd=2776000545-00&ServiceCd=170&Type=search", "url2": "https://www.lease-kogyo.com/" }, "geometry": { "type": "Point", "coordinates": [ 135.4763653, 34.5607215 ] } },
{ "type": "Feature", "properties": { "内容": "ダスキンヘルスレント堺ステーション【福祉用具貸与】大阪府堺市堺区熊野町西3-1-1", "url": "https://www.kaigokensaku.mhlw.go.jp/27/index.php?action_kouhyou_detail_004_kani=true&JigyosyoCd=2770103998-00&ServiceCd=170&Type=search", "url2": "http://healthrent.duskin.jp/" }, "geometry": { "type": "Point", "coordinates": [ 135.472437500000069, 34.5802055 ] } },
{ "type": "Feature", "properties": { "内容": "福祉用具そらまめ【福祉用具貸与】大阪府堺市堺区向陵東町3丁6-32サンロワール中百舌鳥1B", "url": "https://www.kaigokensaku.mhlw.go.jp/27/index.php?action_kouhyou_detail_004_kani=true&JigyosyoCd=2776003259-00&ServiceCd=170&Type=search", "url2": "https://sora2525.com/" }, "geometry": { "type": "Point", "coordinates": [ 135.499986700000022, 34.562236400000018 ] } },
{ "type": "Feature", "properties": { "内容": "堺北介護福祉総合企画【福祉用具貸与】堺市堺区向陵東町三丁8番46号カズトビル3階", "url": "https://www.kaigokensaku.mhlw.go.jp/27/index.php?action_kouhyou_detail_004_kani=true&JigyosyoCd=2770104905-00&ServiceCd=170&Type=search", "url2": "https://www.digres.co.jp/" }, "geometry": { "type": "Point", "coordinates": [ 135.499543799999969, 34.560811 ] } },
{ "type": "Feature", "properties": { "内容": "ひかるケアサービス堺店【福祉用具貸与】大阪府堺市堺区大浜南町3-1-13", "url": "https://www.kaigokensaku.mhlw.go.jp/27/index.php?action_kouhyou_detail_004_kani=true&JigyosyoCd=2776004067-00&ServiceCd=170&Type=search", "url2": "https://hikaru-care.com/" }, "geometry": { "type": "Point", "coordinates": [ 135.4593734, 34.5748839 ] } },
{ "type": "Feature", "properties": { "内容": "福祉用具しあわせ苑【福祉用具貸与】大阪府堺市堺区榎元町2丁2番15号レジデンス幸裳苑101", "url": "https://www.kaigokensaku.mhlw.go.jp/27/index.php?action_kouhyou_detail_004_kani=true&JigyosyoCd=2776002988-00&ServiceCd=170&Type=search", "url2": null }, "geometry": { "type": "Point", "coordinates": [ 135.4864933, 34.5707353 ] } },
{ "type": "Feature", "properties": { "内容": "幸和ライフゼーション　堺【福祉用具貸与】大阪府堺市堺区海山町3丁159番地1", "url": "https://www.kaigokensaku.mhlw.go.jp/27/index.php?action_kouhyou_detail_004_kani=true&JigyosyoCd=2776004208-00&ServiceCd=170&Type=search", "url2": "kowa-lifezation.co.jp" }, "geometry": { "type": "Point", "coordinates": [ 135.473298199999988, 34.5914634 ] } },
{ "type": "Feature", "properties": { "内容": "福祉用具レンタル・販売なでしこ【福祉用具貸与】大阪府堺市堺区緑町２丁１２４番地２尾﨑文化西棟１０７号", "url": "https://www.kaigokensaku.mhlw.go.jp/27/index.php?action_kouhyou_detail_004_kani=true&JigyosyoCd=2776001170-00&ServiceCd=170&Type=search", "url2": "http://www.eonet.ne.jp/~yu-so" }, "geometry": { "type": "Point", "coordinates": [ 135.467122887696831, 34.598155519091073 ] } },
{ "type": "Feature", "properties": { "内容": "阪南倉庫(株)ヘルスケア事業部ゼロワンネーブルハウス【福祉用具貸与】大阪府堺市堺区甲斐町西３丁３番１１号", "url": "https://www.kaigokensaku.mhlw.go.jp/27/index.php?action_kouhyou_detail_004_kani=true&JigyosyoCd=2770101455-00&ServiceCd=170&Type=search", "url2": "http://www.01nablehouse.com" }, "geometry": { "type": "Point", "coordinates": [ 135.470084899999961, 34.5796138 ] } },
{ "type": "Feature", "properties": { "内容": "指定居宅レンタルサービスケアプラス【福祉用具貸与】大阪府堺市堺区向陵中町6丁6番1号", "url": "https://www.kaigokensaku.mhlw.go.jp/27/index.php?action_kouhyou_detail_004_kani=true&JigyosyoCd=2770101851-00&ServiceCd=170&Type=search", "url2": "http://www.syoukei-syouji.jp/business/index.html" }, "geometry": { "type": "Point", "coordinates": [ 135.495069467459075, 34.564330743948545 ] } },
{ "type": "Feature", "properties": { "内容": "ケアショップ　あすなろ【福祉用具貸与】大阪府堺市堺区大浜北町三丁4番2-1001号", "url": "https://www.kaigokensaku.mhlw.go.jp/27/index.php?action_kouhyou_detail_004_kani=true&JigyosyoCd=2770106538-00&ServiceCd=170&Type=search", "url2": null }, "geometry": { "type": "Point", "coordinates": [ 135.4639631, 34.5801663 ] } },
{ "type": "Feature", "properties": { "内容": "ひまわり訪問介護サービス・福祉用具貸与事業所【福祉用具貸与】大阪府堺市堺区北旅籠町西１丁１番２４号", "url": "https://www.kaigokensaku.mhlw.go.jp/27/index.php?action_kouhyou_detail_004_kani=true&JigyosyoCd=2770103790-00&ServiceCd=170&Type=search", "url2": null }, "geometry": { "type": "Point", "coordinates": [ 135.4837559, 34.590810400000031 ] } },
{ "type": "Feature", "properties": { "内容": "介護ヘルパーステーションほほえみ【福祉用具貸与】大阪府堺市堺区海山町4-167-65", "url": "https://www.kaigokensaku.mhlw.go.jp/27/index.php?action_kouhyou_detail_004_kani=true&JigyosyoCd=2770105852-00&ServiceCd=170&Type=search", "url2": null }, "geometry": { "type": "Point", "coordinates": [ 135.470656436311259, 34.590646995793144 ] } },
{ "type": "Feature", "properties": { "内容": "有限会社南大阪リビング【福祉用具貸与】大阪府堺市堺区南三国ヶ丘町2丁1番13号", "url": "https://www.kaigokensaku.mhlw.go.jp/27/index.php?action_kouhyou_detail_004_kani=true&JigyosyoCd=2770102479-00&ServiceCd=170&Type=search", "url2": "http://minamiosakaliving.co.jp" }, "geometry": { "type": "Point", "coordinates": [ 135.486617199999955, 34.5739065 ] } },
{ "type": "Feature", "properties": { "内容": "リ・ライフクレック【福祉用具貸与】大阪府堺市堺区材木町東二丁２番２４号", "url": "https://www.kaigokensaku.mhlw.go.jp/27/index.php?action_kouhyou_detail_004_kani=true&JigyosyoCd=2776000206-00&ServiceCd=170&Type=search", "url2": "http://relifeclec.blog9.fc2.com/" }, "geometry": { "type": "Point", "coordinates": [ 135.479387, 34.5817778 ] } },
{ "type": "Feature", "properties": { "内容": "いちご福祉用具貸与・販売【福祉用具貸与】大阪府堺市堺区東湊町５丁２８５番地１－３", "url": "https://www.kaigokensaku.mhlw.go.jp/27/index.php?action_kouhyou_detail_004_kani=true&JigyosyoCd=2770108187-00&ServiceCd=170&Type=search", "url2": null }, "geometry": { "type": "Point", "coordinates": [ 135.465865625940097, 34.564574976765705 ] } },
{ "type": "Feature", "properties": { "内容": "りんくの福祉用具相談【福祉用具貸与】大阪府堺市堺区香ヶ丘町1-14-16但馬ビル102号室", "url": "https://www.kaigokensaku.mhlw.go.jp/27/index.php?action_kouhyou_detail_004_kani=true&JigyosyoCd=2776004000-00&ServiceCd=170&Type=search", "url2": "https://link-line.co.jp/" }, "geometry": { "type": "Point", "coordinates": [ 135.493040566988583, 34.587631617651255 ] } },
{ "type": "Feature", "properties": { "内容": "黄色いステッキ【福祉用具貸与】大阪府堺市堺区昭和通２丁３４番地１", "url": "https://www.kaigokensaku.mhlw.go.jp/27/index.php?action_kouhyou_detail_004_kani=true&JigyosyoCd=2776004711-00&ServiceCd=170&Type=search", "url2": null }, "geometry": { "type": "Point", "coordinates": [ 135.4643472, 34.5655922 ] } },
{ "type": "Feature", "properties": { "内容": "タクトライフサポート【福祉用具貸与】大阪府堺市堺区新町1-20リノ堺東3階", "url": "https://www.kaigokensaku.mhlw.go.jp/27/index.php?action_kouhyou_detail_004_kani=true&JigyosyoCd=2776003408-00&ServiceCd=170&Type=search", "url2": null }, "geometry": { "type": "Point", "coordinates": [ 135.480502800000068, 34.5727224 ] } },
{ "type": "Feature", "properties": { "内容": "敬愛福祉用具【福祉用具貸与】大阪府堺市堺区熊野町西2丁１－１５", "url": "https://www.kaigokensaku.mhlw.go.jp/27/index.php?action_kouhyou_detail_004_kani=true&JigyosyoCd=2776003002-00&ServiceCd=170&Type=search", "url2": "https://hashizen.jp/" }, "geometry": { "type": "Point", "coordinates": [ 135.4737767, 34.5803142 ] } },
{ "type": "Feature", "properties": { "内容": "株式会社　新生社【福祉用具貸与】大阪府堺市堺区戎之町西１丁１番３０号加藤均総合ビル内", "url": "https://www.kaigokensaku.mhlw.go.jp/27/index.php?action_kouhyou_detail_004_kani=true&JigyosyoCd=2776003697-00&ServiceCd=170&Type=search", "url2": "https://xn--efvn75ap6c.net/" }, "geometry": { "type": "Point", "coordinates": [ 135.474819599999989, 34.5800336 ] } },
{ "type": "Feature", "properties": { "内容": "株式会社たんぽぽ　堺店【福祉用具貸与】大阪府堺市中区新家町304‐3㈱ケーエスケー内", "url": "https://www.kaigokensaku.mhlw.go.jp/27/index.php?action_kouhyou_detail_004_kani=true&JigyosyoCd=2776104164-00&ServiceCd=170&Type=search", "url2": "http://www.kktanpopo.com" }, "geometry": { "type": "Point", "coordinates": [ 135.508968, 34.5408266 ] } },
{ "type": "Feature", "properties": { "内容": "パーソンケア福祉用具センター【福祉用具貸与】大阪府堺市中区土塔町3206番地1MKBase土塔町5号室", "url": "https://www.kaigokensaku.mhlw.go.jp/27/index.php?action_kouhyou_detail_004_kani=true&JigyosyoCd=2776100402-00&ServiceCd=170&Type=search", "url2": null }, "geometry": { "type": "Point", "coordinates": [ 135.510336700000011, 34.5352456 ] } },
{ "type": "Feature", "properties": { "内容": "パナソニックエイジフリーショップ　泉ヶ丘【福祉用具貸与】大阪府堺市中区深阪二丁１０番５１号スプリングヒルズビル１０１号室", "url": "https://www.kaigokensaku.mhlw.go.jp/27/index.php?action_kouhyou_detail_004_kani=true&JigyosyoCd=2776103612-00&ServiceCd=170&Type=search", "url2": "https://www.lease-kogyo.com/" }, "geometry": { "type": "Point", "coordinates": [ 135.4980083, 34.5099562 ] } },
{ "type": "Feature", "properties": { "内容": "はんぶんこ【福祉用具貸与】大阪府堺市中区土師町5-1-5", "url": "https://www.kaigokensaku.mhlw.go.jp/27/index.php?action_kouhyou_detail_004_kani=true&JigyosyoCd=2776103869-00&ServiceCd=170&Type=search", "url2": "https://hanbunko.amebaownd.com" }, "geometry": { "type": "Point", "coordinates": [ 135.5050248, 34.5420166 ] } },
{ "type": "Feature", "properties": { "内容": "福祉用具事業所　グロウ【福祉用具貸与】大阪府堺市中区深阪1-6-17ハイツあかしあ１号館１０２号室", "url": "https://www.kaigokensaku.mhlw.go.jp/27/index.php?action_kouhyou_detail_004_kani=true&JigyosyoCd=2776103307-00&ServiceCd=170&Type=search", "url2": "https://www.etlcfamily.co.jp/" }, "geometry": { "type": "Point", "coordinates": [ 135.500778399999945, 34.5132781 ] } },
{ "type": "Feature", "properties": { "内容": "ＮＫライフ【福祉用具貸与】大阪府堺市中区堀上町151－4北野ビル３０２", "url": "https://www.kaigokensaku.mhlw.go.jp/27/index.php?action_kouhyou_detail_004_kani=true&JigyosyoCd=2776102119-00&ServiceCd=170&Type=search", "url2": null }, "geometry": { "type": "Point", "coordinates": [ 135.487906400000043, 34.5293782 ] } },
{ "type": "Feature", "properties": { "内容": "株式会社ゴトウ・アズ・プランニング堺店【福祉用具貸与】大阪府堺市中区深井北町3107番地", "url": "https://www.kaigokensaku.mhlw.go.jp/27/index.php?action_kouhyou_detail_004_kani=true&JigyosyoCd=2776103976-00&ServiceCd=170&Type=search", "url2": "https://www.goto-az.co.jp" }, "geometry": { "type": "Point", "coordinates": [ 135.4904953, 34.541806799999989 ] } },
{ "type": "Feature", "properties": { "内容": "朋友福祉用具【福祉用具貸与】大阪府堺市中区深井中町５７９-３", "url": "https://www.kaigokensaku.mhlw.go.jp/27/index.php?action_kouhyou_detail_004_kani=true&JigyosyoCd=2776103505-00&ServiceCd=170&Type=search", "url2": "http://sites.google.com/view/houyuukai5" }, "geometry": { "type": "Point", "coordinates": [ 135.4932599, 34.5381612 ] } },
{ "type": "Feature", "properties": { "内容": "企業組合　みらい工房【福祉用具貸与】大阪府堺市中区土師町3-8-1コミュニティプラザ１０２号", "url": "https://www.kaigokensaku.mhlw.go.jp/27/index.php?action_kouhyou_detail_004_kani=true&JigyosyoCd=2776101269-00&ServiceCd=170&Type=search", "url2": null }, "geometry": { "type": "Point", "coordinates": [ 135.496477599999906, 34.5407437 ] } },
{ "type": "Feature", "properties": { "内容": "福祉用具ほのか【福祉用具貸与】大阪府堺市中区深井清水町3555小林ビル201", "url": "https://www.kaigokensaku.mhlw.go.jp/27/index.php?action_kouhyou_detail_004_kani=true&JigyosyoCd=2776103539-00&ServiceCd=170&Type=search", "url2": null }, "geometry": { "type": "Point", "coordinates": [ 135.4944764, 34.5303412 ] } },
{ "type": "Feature", "properties": { "内容": "合同会社クローバーコーポレーション【福祉用具貸与】大阪府堺市中区深井中町1964番地5", "url": "https://www.kaigokensaku.mhlw.go.jp/27/index.php?action_kouhyou_detail_004_kani=true&JigyosyoCd=2776103679-00&ServiceCd=170&Type=search", "url2": null }, "geometry": { "type": "Point", "coordinates": [ 135.487464499999987, 34.5349212 ] } },
{ "type": "Feature", "properties": { "内容": "あゆみ介護センター【福祉用具貸与】大阪府堺市中区八田北町３９６番地", "url": "https://www.kaigokensaku.mhlw.go.jp/27/index.php?action_kouhyou_detail_004_kani=true&JigyosyoCd=2770103899-00&ServiceCd=170&Type=search", "url2": null }, "geometry": { "type": "Point", "coordinates": [ 135.489736900000025, 34.5253536 ] } },
{ "type": "Feature", "properties": { "内容": "ケアショップハル堺店【福祉用具貸与】大阪府堺市中区東山918-2", "url": "https://www.kaigokensaku.mhlw.go.jp/27/index.php?action_kouhyou_detail_004_kani=true&JigyosyoCd=2776103844-00&ServiceCd=170&Type=search", "url2": null }, "geometry": { "type": "Point", "coordinates": [ 135.510099193254064, 34.517379940071486 ] } },
{ "type": "Feature", "properties": { "内容": "有限会社　阪南メディカル【福祉用具貸与】大阪府堺市中区深井北町3100-3　スカイスイート101", "url": "https://www.kaigokensaku.mhlw.go.jp/27/index.php?action_kouhyou_detail_004_kani=true&JigyosyoCd=2770102115-00&ServiceCd=170&Type=search", "url2": null }, "geometry": { "type": "Point", "coordinates": [ 135.490598, 34.5419584 ] } },
{ "type": "Feature", "properties": { "内容": "有限会社　鹿嶋ケアメディカル福祉用具貸与事業所【福祉用具貸与】大阪府堺市中区深井水池町3160", "url": "https://www.kaigokensaku.mhlw.go.jp/27/index.php?action_kouhyou_detail_004_kani=true&JigyosyoCd=2770104632-00&ServiceCd=170&Type=search", "url2": null }, "geometry": { "type": "Point", "coordinates": [ 135.498855300000059, 34.5332862 ] } },
{ "type": "Feature", "properties": { "内容": "アルボケア【福祉用具貸与】大阪府堺市中区東山953-3ウインビル１階", "url": "https://www.kaigokensaku.mhlw.go.jp/27/index.php?action_kouhyou_detail_004_kani=true&JigyosyoCd=2776102770-00&ServiceCd=170&Type=search", "url2": null }, "geometry": { "type": "Point", "coordinates": [ 135.510452, 34.516402 ] } },
{ "type": "Feature", "properties": { "内容": "ＧＲ福祉用具【福祉用具貸与】大阪府堺市中区土師町４丁２５－９", "url": "https://www.kaigokensaku.mhlw.go.jp/27/index.php?action_kouhyou_detail_004_kani=true&JigyosyoCd=2776103935-00&ServiceCd=170&Type=search", "url2": null }, "geometry": { "type": "Point", "coordinates": [ 135.502550227786259, 34.535110946097866 ] } },
{ "type": "Feature", "properties": { "内容": "ココネスライフサポート【福祉用具貸与】大阪府堺市中区深井沢町3390-2カサディフェリーチェ302号", "url": "https://www.kaigokensaku.mhlw.go.jp/27/index.php?action_kouhyou_detail_004_kani=true&JigyosyoCd=2776102663-00&ServiceCd=170&Type=search", "url2": "https://sites.google.com/view/coconess-life/" }, "geometry": { "type": "Point", "coordinates": [ 135.500867882510221, 34.530281163159586 ] } },
{ "type": "Feature", "properties": { "内容": "ケアセンターまごころ【福祉用具貸与】大阪府堺市中区八田北町498桃田マンション310", "url": "https://www.kaigokensaku.mhlw.go.jp/27/index.php?action_kouhyou_detail_004_kani=true&JigyosyoCd=2776101434-00&ServiceCd=170&Type=search", "url2": "http://www.yukiai-kaigo.com/" }, "geometry": { "type": "Point", "coordinates": [ 135.48807039999997, 34.5260785 ] } },
{ "type": "Feature", "properties": { "内容": "リブライフケアサポート【福祉用具貸与】大阪府堺市中区新家町５５９番地６号", "url": "https://www.kaigokensaku.mhlw.go.jp/27/index.php?action_kouhyou_detail_004_kani=true&JigyosyoCd=2776102341-00&ServiceCd=170&Type=search", "url2": "http://livlifecare.jp/" }, "geometry": { "type": "Point", "coordinates": [ 135.514105386665307, 34.541610577498375 ] } },
{ "type": "Feature", "properties": { "内容": "ふたばレンタル【福祉用具貸与】大阪府堺市中区平井314", "url": "https://www.kaigokensaku.mhlw.go.jp/27/index.php?action_kouhyou_detail_004_kani=true&JigyosyoCd=2776103596-00&ServiceCd=170&Type=search", "url2": "https://nakamura-shinryosho.jp/kaigo/" }, "geometry": { "type": "Point", "coordinates": [ 135.49971045424499, 34.520049923639206 ] } },
{ "type": "Feature", "properties": { "内容": "株式会社フロンティア　堺営業所【福祉用具貸与】大阪府堺市中区深井中町509番地2", "url": "https://www.kaigokensaku.mhlw.go.jp/27/index.php?action_kouhyou_detail_004_kani=true&JigyosyoCd=2776101632-00&ServiceCd=170&Type=search", "url2": "http://www.frontier-ph.com/homecare/index.html" }, "geometry": { "type": "Point", "coordinates": [ 135.4947529, 34.536432 ] } },
{ "type": "Feature", "properties": { "内容": "U福祉用具サービス【福祉用具貸与】大阪府堺市東区丈六183-9", "url": "https://www.kaigokensaku.mhlw.go.jp/27/index.php?action_kouhyou_detail_004_kani=true&JigyosyoCd=2776201598-00&ServiceCd=170&Type=search", "url2": null }, "geometry": { "type": "Point", "coordinates": [ 135.540351386299221, 34.522572104205565 ] } },
{ "type": "Feature", "properties": { "内容": "ふるさぽーと【福祉用具貸与】大阪府堺市東区日置荘北町2丁21-36", "url": "https://www.kaigokensaku.mhlw.go.jp/27/index.php?action_kouhyou_detail_004_kani=true&JigyosyoCd=2770105233-00&ServiceCd=170&Type=search", "url2": "https://full-sapo.jp/kaigo/" }, "geometry": { "type": "Point", "coordinates": [ 135.540405634987707, 34.543294850726276 ] } },
{ "type": "Feature", "properties": { "内容": "らぶ・いきいき福祉用具レンタルサービス【福祉用具貸与】大阪府堺市東区高松２１番地１８", "url": "https://www.kaigokensaku.mhlw.go.jp/27/index.php?action_kouhyou_detail_004_kani=true&JigyosyoCd=2770106124-00&ServiceCd=170&Type=search", "url2": "http://e-life.la.coocan.jp/" }, "geometry": { "type": "Point", "coordinates": [ 135.53377439999997, 34.5313562 ] } },
{ "type": "Feature", "properties": { "内容": "ケア・サポート・サービス南大阪【福祉用具貸与】大阪府堺市東区中茶屋1-38", "url": "https://www.kaigokensaku.mhlw.go.jp/27/index.php?action_kouhyou_detail_004_kani=true&JigyosyoCd=2770107759-00&ServiceCd=170&Type=search", "url2": null }, "geometry": { "type": "Point", "coordinates": [ 135.527111200000036, 34.5293369 ] } },
{ "type": "Feature", "properties": { "内容": "介護ショップヘルシーライフ南大阪支店【福祉用具貸与】大阪府堺市東区北野田128-11-B号室", "url": "https://www.kaigokensaku.mhlw.go.jp/27/index.php?action_kouhyou_detail_004_kani=true&JigyosyoCd=2776201127-00&ServiceCd=170&Type=search", "url2": "http://www.go-kenko.jp" }, "geometry": { "type": "Point", "coordinates": [ 135.542737699999947, 34.525782 ] } },
{ "type": "Feature", "properties": { "内容": "福祉用具ライフホープ【福祉用具貸与】大阪府堺市西区鳳中町9丁5番地17", "url": "https://www.kaigokensaku.mhlw.go.jp/27/index.php?action_kouhyou_detail_004_kani=true&JigyosyoCd=2776303758-00&ServiceCd=170&Type=search", "url2": "https://www.lifehope.jp/" }, "geometry": { "type": "Point", "coordinates": [ 135.4531151, 34.5332793 ] } },
{ "type": "Feature", "properties": { "内容": "介護支援センター船尾株式会社【福祉用具貸与】大阪府堺市西区浜寺船尾町西1丁4の8介護支援センターふなお", "url": "https://www.kaigokensaku.mhlw.go.jp/27/index.php?action_kouhyou_detail_004_kani=true&JigyosyoCd=2776300846-00&ServiceCd=170&Type=search", "url2": null }, "geometry": { "type": "Point", "coordinates": [ 135.454733199999964, 34.5510708 ] } },
{ "type": "Feature", "properties": { "内容": "福祉用具　悠ケア【福祉用具貸与】大阪府堺市西区上630-11", "url": "https://www.kaigokensaku.mhlw.go.jp/27/index.php?action_kouhyou_detail_004_kani=true&JigyosyoCd=2776303139-00&ServiceCd=170&Type=search", "url2": "https://houkan-cocolo.main.jp/" }, "geometry": { "type": "Point", "coordinates": [ 135.4581885, 34.5211153 ] } },
{ "type": "Feature", "properties": { "内容": "サイクル【福祉用具貸与】大阪府堺市西区浜寺元町４丁４１３番地３", "url": "https://www.kaigokensaku.mhlw.go.jp/27/index.php?action_kouhyou_detail_004_kani=true&JigyosyoCd=2776303600-00&ServiceCd=170&Type=search", "url2": null }, "geometry": { "type": "Point", "coordinates": [ 135.4545909, 34.5418219 ] } },
{ "type": "Feature", "properties": { "内容": "セルビス福祉用具センター【福祉用具貸与】大阪府堺市西区浜寺元町１丁118-2", "url": "https://www.kaigokensaku.mhlw.go.jp/27/index.php?action_kouhyou_detail_004_kani=true&JigyosyoCd=2776303378-00&ServiceCd=170&Type=search", "url2": "https://kaigoshien.jp/" }, "geometry": { "type": "Point", "coordinates": [ 135.4543554, 34.5435398 ] } },
{ "type": "Feature", "properties": { "内容": "つばさ福祉用具サポート【福祉用具貸与】大阪府堺市西区浜寺南町1丁15番地22号", "url": "https://www.kaigokensaku.mhlw.go.jp/27/index.php?action_kouhyou_detail_004_kani=true&JigyosyoCd=2776301695-00&ServiceCd=170&Type=search", "url2": null }, "geometry": { "type": "Point", "coordinates": [ 135.447962093917766, 34.538329564642751 ] } },
{ "type": "Feature", "properties": { "内容": "ワノミ【福祉用具貸与】大阪府堺市西区鳳中町4-93-2-105", "url": "https://www.kaigokensaku.mhlw.go.jp/27/index.php?action_kouhyou_detail_004_kani=true&JigyosyoCd=2776302826-00&ServiceCd=170&Type=search", "url2": null }, "geometry": { "type": "Point", "coordinates": [ 135.458069092457038, 34.531813591947845 ] } },
{ "type": "Feature", "properties": { "内容": "株式会社　三笑堂　堺支店【福祉用具貸与】大阪府堺市西区浜寺船尾町東3丁336", "url": "https://www.kaigokensaku.mhlw.go.jp/27/index.php?action_kouhyou_detail_004_kani=true&JigyosyoCd=2770106371-00&ServiceCd=170&Type=search", "url2": "http://www.sanshodoh.co.jp/" }, "geometry": { "type": "Point", "coordinates": [ 135.460867173016368, 34.548809681632754 ] } },
{ "type": "Feature", "properties": { "内容": "すみれの家介護サービス【福祉用具貸与】大阪府堺市西区山田二丁189-8+", "url": "https://www.kaigokensaku.mhlw.go.jp/27/index.php?action_kouhyou_detail_004_kani=true&JigyosyoCd=2776303170-00&ServiceCd=170&Type=search", "url2": null }, "geometry": { "type": "Point", "coordinates": [ 135.466665143411547, 34.503987183335042 ] } },
{ "type": "Feature", "properties": { "内容": "かいごSHOPひまわり【福祉用具貸与】大阪府堺市西区鳳南町4丁476-2", "url": "https://www.kaigokensaku.mhlw.go.jp/27/index.php?action_kouhyou_detail_004_kani=true&JigyosyoCd=2776303493-00&ServiceCd=170&Type=search", "url2": null }, "geometry": { "type": "Point", "coordinates": [ 135.46225384351655, 34.527643138982363 ] } },
{ "type": "Feature", "properties": { "内容": "ペガサス在宅サービスセンター【福祉用具貸与】大阪府堺市西区浜寺石津町西1丁2-7", "url": "https://www.kaigokensaku.mhlw.go.jp/27/index.php?action_kouhyou_detail_004_kani=true&JigyosyoCd=2776302339-00&ServiceCd=170&Type=search", "url2": "http://windhorse.or.jp/" }, "geometry": { "type": "Point", "coordinates": [ 135.454594499999985, 34.5624484 ] } },
{ "type": "Feature", "properties": { "内容": "川村義肢株式会社　大阪南営業所【福祉用具貸与】大阪府堺市西区鳳南町4丁434", "url": "https://www.kaigokensaku.mhlw.go.jp/27/index.php?action_kouhyou_detail_004_kani=true&JigyosyoCd=2770102172-00&ServiceCd=170&Type=search", "url2": "http://www.kawamura-gishi.co.jp" }, "geometry": { "type": "Point", "coordinates": [ 135.462281, 34.528261 ] } },
{ "type": "Feature", "properties": { "内容": "有限会社　タイヨウビジネス【福祉用具貸与】大阪府堺市西区上野芝向ヶ丘町1丁2番18号", "url": "https://www.kaigokensaku.mhlw.go.jp/27/index.php?action_kouhyou_detail_004_kani=true&JigyosyoCd=2770102917-00&ServiceCd=170&Type=search", "url2": "http://www.taiyou-b.co.jp" }, "geometry": { "type": "Point", "coordinates": [ 135.479543, 34.5475537 ] } },
{ "type": "Feature", "properties": { "内容": "あすなろファミリー堺店【福祉用具貸与】大阪府堺市西区浜寺元町四丁４９３番地の５", "url": "https://www.kaigokensaku.mhlw.go.jp/27/index.php?action_kouhyou_detail_004_kani=true&JigyosyoCd=2770103857-00&ServiceCd=170&Type=search", "url2": null }, "geometry": { "type": "Point", "coordinates": [ 135.455667299999959, 34.5414732 ] } },
{ "type": "Feature", "properties": { "内容": "tomo福祉用具【福祉用具貸与】大阪府堺市西区浜寺石津町西2丁6番13号クレアール石津302", "url": "https://www.kaigokensaku.mhlw.go.jp/27/index.php?action_kouhyou_detail_004_kani=true&JigyosyoCd=2776303535-00&ServiceCd=170&Type=search", "url2": null }, "geometry": { "type": "Point", "coordinates": [ 135.453397754631084, 34.561359157550193 ] } },
{ "type": "Feature", "properties": { "内容": "K2福祉用具サービス【福祉用具貸与】大阪府堺市西区浜寺昭和町2-277-7", "url": "https://www.kaigokensaku.mhlw.go.jp/27/index.php?action_kouhyou_detail_004_kani=true&JigyosyoCd=2776303584-00&ServiceCd=170&Type=search", "url2": null }, "geometry": { "type": "Point", "coordinates": [ 135.4479031, 34.5424713 ] } },
{ "type": "Feature", "properties": { "内容": "メディプラス　福祉用具センター【福祉用具貸与】大阪府堺市西区浜寺諏訪森町中2丁186番地1", "url": "https://www.kaigokensaku.mhlw.go.jp/27/index.php?action_kouhyou_detail_004_kani=true&JigyosyoCd=2776302842-00&ServiceCd=170&Type=search", "url2": null }, "geometry": { "type": "Point", "coordinates": [ 135.450250800000049, 34.5498888 ] } },
{ "type": "Feature", "properties": { "内容": "万福【福祉用具貸与】大阪府堺市西区草部291-3シャンテⅠ　203", "url": "https://www.kaigokensaku.mhlw.go.jp/27/index.php?action_kouhyou_detail_004_kani=true&JigyosyoCd=2776303295-00&ServiceCd=170&Type=search", "url2": null }, "geometry": { "type": "Point", "coordinates": [ 135.4649182, 34.5220082 ] } },
{ "type": "Feature", "properties": { "内容": "福祉用具サービスカーサ【福祉用具貸与】大阪府堺市西区浜寺石津町東2丁2番17号コートロッジパートII106号", "url": "https://www.kaigokensaku.mhlw.go.jp/27/index.php?action_kouhyou_detail_004_kani=true&JigyosyoCd=2776303782-00&ServiceCd=170&Type=search", "url2": null }, "geometry": { "type": "Point", "coordinates": [ 135.4586464, 34.5584274 ] } },
{ "type": "Feature", "properties": { "内容": "指定居宅レンタルサービスケアライフ【福祉用具貸与】堺市西区浜寺石津町西二丁１番６号", "url": "https://www.kaigokensaku.mhlw.go.jp/27/index.php?action_kouhyou_detail_004_kani=true&JigyosyoCd=2770100994-00&ServiceCd=170&Type=search", "url2": "http://www.care-life.co.jp" }, "geometry": { "type": "Point", "coordinates": [ 135.454111300000022, 34.5615208 ] } },
{ "type": "Feature", "properties": { "内容": "デ・アルコ大阪【福祉用具貸与】大阪府堺市南区稲葉一丁３１１６番地５", "url": "https://www.kaigokensaku.mhlw.go.jp/27/index.php?action_kouhyou_detail_004_kani=true&JigyosyoCd=2776400398-00&ServiceCd=170&Type=search", "url2": "http://www.d-alko.co.jp" }, "geometry": { "type": "Point", "coordinates": [ 135.478169200000025, 34.4992255 ] } },
{ "type": "Feature", "properties": { "内容": "ハウジング工房エムツー株式会社【福祉用具貸与】大阪府堺市南区和田486", "url": "https://www.kaigokensaku.mhlw.go.jp/27/index.php?action_kouhyou_detail_004_kani=true&JigyosyoCd=2776400273-00&ServiceCd=170&Type=search", "url2": "http://m2haujingu.com/" }, "geometry": { "type": "Point", "coordinates": [ 135.493875900000035, 34.5084996 ] } },
{ "type": "Feature", "properties": { "内容": "シンフォニーケア【福祉用具貸与】大阪府堺市南区高倉台2丁8-12F", "url": "https://www.kaigokensaku.mhlw.go.jp/27/index.php?action_kouhyou_detail_004_kani=true&JigyosyoCd=2776402030-00&ServiceCd=170&Type=search", "url2": null }, "geometry": { "type": "Point", "coordinates": [ 135.520869915244532, 34.49408083427376 ] } },
{ "type": "Feature", "properties": { "内容": "笑顔工房【福祉用具貸与】大阪府堺市南区竹城台2丁6-5メゾン泉ヶ丘102", "url": "https://www.kaigokensaku.mhlw.go.jp/27/index.php?action_kouhyou_detail_004_kani=true&JigyosyoCd=2776400653-00&ServiceCd=170&Type=search", "url2": null }, "geometry": { "type": "Point", "coordinates": [ 135.507405400000039, 34.5009258 ] } },
{ "type": "Feature", "properties": { "内容": "ハートフルサンク【福祉用具貸与】大阪府堺市南区桃山台三丁１番3号", "url": "https://www.kaigokensaku.mhlw.go.jp/27/index.php?action_kouhyou_detail_004_kani=true&JigyosyoCd=2770101570-00&ServiceCd=170&Type=search", "url2": "https://heartfulthank.co.jp/goods" }, "geometry": { "type": "Point", "coordinates": [ 135.485743500000012, 34.491107 ] } },
{ "type": "Feature", "properties": { "内容": "リノテック【福祉用具貸与】大阪府堺市南区原山台5丁５－５", "url": "https://www.kaigokensaku.mhlw.go.jp/27/index.php?action_kouhyou_detail_004_kani=true&JigyosyoCd=2776401958-00&ServiceCd=170&Type=search", "url2": "https://renotequ.com" }, "geometry": { "type": "Point", "coordinates": [ 135.4980076, 34.4828289 ] } },
{ "type": "Feature", "properties": { "内容": "福祉用具ひより【福祉用具貸与】大阪府堺市南区高倉台2‐32‐22キタノハイツ103", "url": "https://www.kaigokensaku.mhlw.go.jp/27/index.php?action_kouhyou_detail_004_kani=true&JigyosyoCd=2776402295-00&ServiceCd=170&Type=search", "url2": null }, "geometry": { "type": "Point", "coordinates": [ 135.5236209, 34.496007900000038 ] } },
{ "type": "Feature", "properties": { "内容": "福祉のお店　よつは【福祉用具貸与】大阪府堺市北区中百舌鳥町1丁91番19号", "url": "https://www.kaigokensaku.mhlw.go.jp/27/index.php?action_kouhyou_detail_004_kani=true&JigyosyoCd=2776503688-00&ServiceCd=170&Type=search", "url2": "https://en-gage.net/mitsuha/" }, "geometry": { "type": "Point", "coordinates": [ 135.5017542, 34.5591169 ] } },
{ "type": "Feature", "properties": { "内容": "株式会社andはちふく【福祉用具貸与】大阪府堺市北区南花田町57-6", "url": "https://www.kaigokensaku.mhlw.go.jp/27/index.php?action_kouhyou_detail_004_kani=true&JigyosyoCd=2776503704-00&ServiceCd=170&Type=search", "url2": null }, "geometry": { "type": "Point", "coordinates": [ 135.5293523, 34.5751644 ] } },
{ "type": "Feature", "properties": { "内容": "フランスベッド株式会社　メディカル堺営業所【福祉用具貸与】大阪府堺市北区黒土町3000-3", "url": "https://www.kaigokensaku.mhlw.go.jp/27/index.php?action_kouhyou_detail_004_kani=true&JigyosyoCd=2776503225-00&ServiceCd=170&Type=search", "url2": "https://medical.francebed.co.jp/" }, "geometry": { "type": "Point", "coordinates": [ 135.5019227, 34.5620504 ] } },
{ "type": "Feature", "properties": { "内容": "ＮＩＣＯＬＩＮＥ【福祉用具貸与】大阪府堺市北区百舌鳥陵南町二丁700-101", "url": "https://www.kaigokensaku.mhlw.go.jp/27/index.php?action_kouhyou_detail_004_kani=true&JigyosyoCd=2776502292-00&ServiceCd=170&Type=search", "url2": "http://nicoline.co.jp/" }, "geometry": { "type": "Point", "coordinates": [ 135.489780482803354, 34.545954870373386 ] } },
{ "type": "Feature", "properties": { "内容": "株式会社　アスティ【福祉用具貸与】大阪府堺市北区長曽根町3000番地22", "url": "https://www.kaigokensaku.mhlw.go.jp/27/index.php?action_kouhyou_detail_004_kani=true&JigyosyoCd=2776503555-00&ServiceCd=170&Type=search", "url2": null }, "geometry": { "type": "Point", "coordinates": [ 135.5042633, 34.5646879 ] } },
{ "type": "Feature", "properties": { "内容": "アドヴァン福祉用具センター【福祉用具貸与】大阪府堺市北区東三国ヶ丘町5丁5番2号", "url": "https://www.kaigokensaku.mhlw.go.jp/27/index.php?action_kouhyou_detail_004_kani=true&JigyosyoCd=2776502268-00&ServiceCd=170&Type=search", "url2": "http://advangift.com/" }, "geometry": { "type": "Point", "coordinates": [ 135.500926899999968, 34.5695934 ] } },
{ "type": "Feature", "properties": { "内容": "うるおい福祉用具貸与センター【福祉用具貸与】大阪府堺市北区南長尾町1-2-31", "url": "https://www.kaigokensaku.mhlw.go.jp/27/index.php?action_kouhyou_detail_004_kani=true&JigyosyoCd=2776502672-00&ServiceCd=170&Type=search", "url2": "https://uruoifukushi.com" }, "geometry": { "type": "Point", "coordinates": [ 135.496135699999968, 34.5716958 ] } },
{ "type": "Feature", "properties": { "内容": "レンタルケアナオビッグ【福祉用具貸与】堺市北区百舌鳥赤畑町四丁３３０番地1", "url": "https://www.kaigokensaku.mhlw.go.jp/27/index.php?action_kouhyou_detail_004_kani=true&JigyosyoCd=2776502425-00&ServiceCd=170&Type=search", "url2": "http://naobig.com" }, "geometry": { "type": "Point", "coordinates": [ 135.490989200000058, 34.5567863 ] } },
{ "type": "Feature", "properties": { "内容": "ハートビート【福祉用具貸与】大阪府堺市北区百舌鳥西之町1-27-201メゾンＭＡＳＵＤＡ201", "url": "https://www.kaigokensaku.mhlw.go.jp/27/index.php?action_kouhyou_detail_004_kani=true&JigyosyoCd=2776501443-00&ServiceCd=170&Type=search", "url2": null }, "geometry": { "type": "Point", "coordinates": [ 135.492986200000018, 34.5516591 ] } },
{ "type": "Feature", "properties": { "内容": "１つの魔法【福祉用具貸与】大阪府堺市北区金岡町707番地", "url": "https://www.kaigokensaku.mhlw.go.jp/27/index.php?action_kouhyou_detail_004_kani=true&JigyosyoCd=2776502631-00&ServiceCd=170&Type=search", "url2": "https://www.mone2012.co.jp/" }, "geometry": { "type": "Point", "coordinates": [ 135.519175, 34.5606752 ] } },
{ "type": "Feature", "properties": { "内容": "株式会社ヤマシタ　堺営業所【福祉用具貸与】大阪府堺市北区金岡町3001番地3", "url": "https://www.kaigokensaku.mhlw.go.jp/27/index.php?action_kouhyou_detail_004_kani=true&JigyosyoCd=2776503316-00&ServiceCd=170&Type=search", "url2": "https://www.yco.co.jp/" }, "geometry": { "type": "Point", "coordinates": [ 135.513516683467088, 34.562589424666051 ] } },
{ "type": "Feature", "properties": { "内容": "株式会社　リンク【福祉用具貸与】大阪府堺市北区百舌鳥西之町2丁597番地2", "url": "https://www.kaigokensaku.mhlw.go.jp/27/index.php?action_kouhyou_detail_004_kani=true&JigyosyoCd=2776500973-00&ServiceCd=170&Type=search", "url2": "https://kklink.co.jp/" }, "geometry": { "type": "Point", "coordinates": [ 135.492303194199707, 34.548754162939638 ] } },
{ "type": "Feature", "properties": { "内容": "株式会社愛安住　堺営業所【福祉用具貸与】大阪府堺市北区金岡町1988寿マンションⅡ号館101号", "url": "https://www.kaigokensaku.mhlw.go.jp/27/index.php?action_kouhyou_detail_004_kani=true&JigyosyoCd=2776502599-00&ServiceCd=170&Type=search", "url2": "https://www.aianju.co.jp" }, "geometry": { "type": "Point", "coordinates": [ 135.518088300000073, 34.5518433 ] } },
{ "type": "Feature", "properties": { "内容": "株式会社　大阪メディカル介護センター【福祉用具貸与】大阪府堺市北区黒土町3002番地11", "url": "https://www.kaigokensaku.mhlw.go.jp/27/index.php?action_kouhyou_detail_004_kani=true&JigyosyoCd=2776500064-00&ServiceCd=170&Type=search", "url2": "http://www.osakamedical.co.jp" }, "geometry": { "type": "Point", "coordinates": [ 135.502849, 34.5610833 ] } },
{ "type": "Feature", "properties": { "内容": "ケアふらっと【福祉用具貸与】大阪府堺市北区船堂町2-23-6MTクレスホームⅡ　102号室", "url": "https://www.kaigokensaku.mhlw.go.jp/27/index.php?action_kouhyou_detail_004_kani=true&JigyosyoCd=2776503068-00&ServiceCd=170&Type=search", "url2": "https://grab-kaigo.com/" }, "geometry": { "type": "Point", "coordinates": [ 135.5220213, 34.5788913 ] } },
{ "type": "Feature", "properties": { "内容": "モリサキ家具　株式会社【福祉用具貸与】大阪府堺市北区東浅香山町2丁335番地", "url": "https://www.kaigokensaku.mhlw.go.jp/27/index.php?action_kouhyou_detail_004_kani=true&JigyosyoCd=2770103691-00&ServiceCd=170&Type=search", "url2": null }, "geometry": { "type": "Point", "coordinates": [ 135.508213130688517, 34.583095054878982 ] } },
{ "type": "Feature", "properties": { "内容": "株式会社トーカイ堺営業所【福祉用具貸与】大阪府堺市北区百舌鳥陵南町3丁26番1", "url": "https://www.kaigokensaku.mhlw.go.jp/27/index.php?action_kouhyou_detail_004_kani=true&JigyosyoCd=2770104939-00&ServiceCd=170&Type=search", "url2": "http://www.tokai-corp.com" }, "geometry": { "type": "Point", "coordinates": [ 135.490708700000027, 34.5446794 ] } },
{ "type": "Feature", "properties": { "内容": "愛まごころ介護サポートセンター【福祉用具貸与】堺市北区百舌鳥西之町１丁６６番地10", "url": "https://www.kaigokensaku.mhlw.go.jp/27/index.php?action_kouhyou_detail_004_kani=true&JigyosyoCd=2776501732-00&ServiceCd=170&Type=search", "url2": "http://hp.kaipoke.biz/9w4/" }, "geometry": { "type": "Point", "coordinates": [ 135.492434, 34.55039919999998 ] } },
{ "type": "Feature", "properties": { "内容": "株式会社　ヤエス　大阪営業所【福祉用具貸与】大阪府堺市北区長曽根町１２１２番地３", "url": "https://www.kaigokensaku.mhlw.go.jp/27/index.php?action_kouhyou_detail_004_kani=true&JigyosyoCd=2770105324-00&ServiceCd=170&Type=search", "url2": null }, "geometry": { "type": "Point", "coordinates": [ 135.507717800000023, 34.5664106 ] } },
{ "type": "Feature", "properties": { "内容": "バンビ福祉用具サービス【福祉用具貸与】大阪府堺市北区野遠町110-10松南荘218号室", "url": "https://www.kaigokensaku.mhlw.go.jp/27/index.php?action_kouhyou_detail_004_kani=true&JigyosyoCd=2776502862-00&ServiceCd=170&Type=search", "url2": null }, "geometry": { "type": "Point", "coordinates": [ 135.5485433, 34.5651295 ] } },
{ "type": "Feature", "properties": { "内容": "ウィズユー【福祉用具貸与】大阪府堺市北区船堂町２丁１０番", "url": "https://www.kaigokensaku.mhlw.go.jp/27/index.php?action_kouhyou_detail_004_kani=true&JigyosyoCd=2776502235-00&ServiceCd=170&Type=search", "url2": "http://www.wakachi-withyou.com/about.php" }, "geometry": { "type": "Point", "coordinates": [ 135.520841624575837, 34.577699153110146 ] } },
{ "type": "Feature", "properties": { "内容": "エムケアサポート【福祉用具貸与】大阪府堺市美原区平尾2447-1", "url": "https://www.kaigokensaku.mhlw.go.jp/27/index.php?action_kouhyou_detail_004_kani=true&JigyosyoCd=2776600369-00&ServiceCd=170&Type=search", "url2": null }, "geometry": { "type": "Point", "coordinates": [ 135.571293299999979, 34.5291849 ] } },
{ "type": "Feature", "properties": { "内容": "（有）ニコニコドラッグ介護事業部【福祉用具貸与】堺市美原区北余部40-30", "url": "https://www.kaigokensaku.mhlw.go.jp/27/index.php?action_kouhyou_detail_004_kani=true&JigyosyoCd=2770107262-00&ServiceCd=170&Type=search", "url2": "https://www.eaglenikoniko.com" }, "geometry": { "type": "Point", "coordinates": [ 135.543570668122783, 34.537508915757776 ] } },
{ "type": "Feature", "properties": { "内容": "有限会社ソウシン福祉用具貸与事業所【福祉用具貸与】大阪府堺市美原区今井77番地4", "url": "https://www.kaigokensaku.mhlw.go.jp/27/index.php?action_kouhyou_detail_004_kani=true&JigyosyoCd=2770107296-00&ServiceCd=170&Type=search", "url2": null }, "geometry": { "type": "Point", "coordinates": [ 135.553148847685151, 34.553190500373496 ] } },
{ "type": "Feature", "properties": { "内容": "有限会社ケアサービスエス・ビー二十一【福祉用具貸与】大阪府堺市美原区小平尾211-1", "url": "https://www.kaigokensaku.mhlw.go.jp/27/index.php?action_kouhyou_detail_004_kani=true&JigyosyoCd=2770107270-00&ServiceCd=170&Type=search", "url2": null }, "geometry": { "type": "Point", "coordinates": [ 135.57282639999994, 34.53513980000001 ] } },
{ "type": "Feature", "properties": { "内容": "医療法人暁美会福祉用具貸与事業所【福祉用具貸与】大阪府堺市美原区黒山３９番地の10医療法人暁美会田中病院", "url": "https://www.kaigokensaku.mhlw.go.jp/27/index.php?action_kouhyou_detail_004_kani=true&JigyosyoCd=2776600559-00&ServiceCd=170&Type=search", "url2": null }, "geometry": { "type": "Point", "coordinates": [ 135.5624298, 34.5419614 ] } },
{ "type": "Feature", "properties": { "内容": "株式会社ゴトウ・アズ・プランニング　岸和田営業所【福祉用具貸与】大阪府岸和田市西之内町8-52", "url": "https://www.kaigokensaku.mhlw.go.jp/27/index.php?action_kouhyou_detail_004_kani=true&JigyosyoCd=2771106610-00&ServiceCd=170&Type=search", "url2": "https://www.goto-az.co.jp" }, "geometry": { "type": "Point", "coordinates": [ 135.39099250000001, 34.462099 ] } },
{ "type": "Feature", "properties": { "内容": "アイル有限会社【福祉用具貸与】岸和田市西之内町４１ー３４", "url": "https://www.kaigokensaku.mhlw.go.jp/27/index.php?action_kouhyou_detail_004_kani=true&JigyosyoCd=2771101744-00&ServiceCd=170&Type=search", "url2": null }, "geometry": { "type": "Point", "coordinates": [ 135.391737549938966, 34.469184349597526 ] } },
{ "type": "Feature", "properties": { "内容": "アンティーク合同会社【福祉用具貸与】大阪府岸和田市畑町3-18-3", "url": "https://www.kaigokensaku.mhlw.go.jp/27/index.php?action_kouhyou_detail_004_kani=true&JigyosyoCd=2771105315-00&ServiceCd=170&Type=search", "url2": "https://reformandtake.wixsite.com/kaigo" }, "geometry": { "type": "Point", "coordinates": [ 135.387643358421798, 34.440520345274514 ] } },
{ "type": "Feature", "properties": { "内容": "コリオンケアメディカル【福祉用具貸与】大阪府岸和田市南上町1-41-13", "url": "https://www.kaigokensaku.mhlw.go.jp/27/index.php?action_kouhyou_detail_004_kani=true&JigyosyoCd=2771106156-00&ServiceCd=170&Type=search", "url2": null }, "geometry": { "type": "Point", "coordinates": [ 135.3734433, 34.4569515 ] } },
{ "type": "Feature", "properties": { "内容": "福祉用具レンタル・華【福祉用具貸与】岸和田市西之内町2-13", "url": "https://www.kaigokensaku.mhlw.go.jp/27/index.php?action_kouhyou_detail_004_kani=true&JigyosyoCd=2771100357-00&ServiceCd=170&Type=search", "url2": "http://www.ryoshukai.or.jp/index.html" }, "geometry": { "type": "Point", "coordinates": [ 135.387380300000018, 34.4655313 ] } },
{ "type": "Feature", "properties": { "内容": "エイト【福祉用具貸与】大阪府岸和田市箕土路町2-8-14", "url": "https://www.kaigokensaku.mhlw.go.jp/27/index.php?action_kouhyou_detail_004_kani=true&JigyosyoCd=2771104722-00&ServiceCd=170&Type=search", "url2": null }, "geometry": { "type": "Point", "coordinates": [ 135.409251144889481, 34.47325828542715 ] } },
{ "type": "Feature", "properties": { "内容": "ばらの木【福祉用具貸与】大阪府岸和田市作才町1丁目6番6号2階", "url": "https://www.kaigokensaku.mhlw.go.jp/27/index.php?action_kouhyou_detail_004_kani=true&JigyosyoCd=2771103385-00&ServiceCd=170&Type=search", "url2": "http:/www.baranoki.jp" }, "geometry": { "type": "Point", "coordinates": [ 135.383961399999976, 34.4548991 ] } },
{ "type": "Feature", "properties": { "内容": "福祉用具事業所はる【福祉用具貸与】大阪府岸和田岸城町2-32", "url": "https://www.kaigokensaku.mhlw.go.jp/27/index.php?action_kouhyou_detail_004_kani=true&JigyosyoCd=2771106032-00&ServiceCd=170&Type=search", "url2": null }, "geometry": { "type": "Point", "coordinates": [ 135.37392330000003, 34.460152200000032 ] } },
{ "type": "Feature", "properties": { "内容": "いちむじん医療介護相談室【福祉用具貸与】大阪府岸和田市加守町2丁目7ー13アークビル301", "url": "https://www.kaigokensaku.mhlw.go.jp/27/index.php?action_kouhyou_detail_004_kani=true&JigyosyoCd=2771105000-00&ServiceCd=170&Type=search", "url2": "http://ichimujin-nk.com/" }, "geometry": { "type": "Point", "coordinates": [ 135.384929799999981, 34.4724206 ] } },
{ "type": "Feature", "properties": { "内容": "アーチ【福祉用具貸与】大阪府岸和田市春木若松町１３番２７号山忠ビル２階Ｅ室", "url": "https://www.kaigokensaku.mhlw.go.jp/27/index.php?action_kouhyou_detail_004_kani=true&JigyosyoCd=2771105182-00&ServiceCd=170&Type=search", "url2": null }, "geometry": { "type": "Point", "coordinates": [ 135.391213099999959, 34.477366 ] } },
{ "type": "Feature", "properties": { "内容": "ハッピーケアセンター【福祉用具貸与】大阪府岸和田市箕土路町２丁目１３番３０号", "url": "https://www.kaigokensaku.mhlw.go.jp/27/index.php?action_kouhyou_detail_004_kani=true&JigyosyoCd=2771102312-00&ServiceCd=170&Type=search", "url2": "http://www.happy-care.jp" }, "geometry": { "type": "Point", "coordinates": [ 135.408194900000012, 34.4745279 ] } },
{ "type": "Feature", "properties": { "内容": "将雅（ゆうが）【福祉用具貸与】大阪府岸和田市春木若松町１３番２７号山忠ビル２階C室", "url": "https://www.kaigokensaku.mhlw.go.jp/27/index.php?action_kouhyou_detail_004_kani=true&JigyosyoCd=2771105851-00&ServiceCd=170&Type=search", "url2": null }, "geometry": { "type": "Point", "coordinates": [ 135.391282330688426, 34.47733872333454 ] } },
{ "type": "Feature", "properties": { "内容": "プラスワンケア岸和田事業所【福祉用具貸与】大阪府岸和田市岸城町4-20", "url": "https://www.kaigokensaku.mhlw.go.jp/27/index.php?action_kouhyou_detail_004_kani=true&JigyosyoCd=2771105869-00&ServiceCd=170&Type=search", "url2": "http://plus-ones.jp/" }, "geometry": { "type": "Point", "coordinates": [ 135.372461, 34.4599158 ] } },
{ "type": "Feature", "properties": { "内容": "きぼうの輪【福祉用具貸与】大阪府岸和田市三田町１１７－１", "url": "https://www.kaigokensaku.mhlw.go.jp/27/index.php?action_kouhyou_detail_004_kani=true&JigyosyoCd=2771105943-00&ServiceCd=170&Type=search", "url2": "https://www.e-hukushiyougu.com/" }, "geometry": { "type": "Point", "coordinates": [ 135.4331789, 34.4591911 ] } },
{ "type": "Feature", "properties": { "内容": "株式会社青い鳥【福祉用具貸与】大阪府岸和田市下池田町3-15-16", "url": "https://www.kaigokensaku.mhlw.go.jp/27/index.php?action_kouhyou_detail_004_kani=true&JigyosyoCd=2771103617-00&ServiceCd=170&Type=search", "url2": null }, "geometry": { "type": "Point", "coordinates": [ 135.406808899999987, 34.4693286 ] } },
{ "type": "Feature", "properties": { "内容": "株式会社泉州ひまわり【福祉用具貸与】大阪府岸和田市田治米町130-9", "url": "https://www.kaigokensaku.mhlw.go.jp/27/index.php?action_kouhyou_detail_004_kani=true&JigyosyoCd=2771103005-00&ServiceCd=170&Type=search", "url2": "http://shwari.sakura.ne.jp/" }, "geometry": { "type": "Point", "coordinates": [ 135.425955242327859, 34.465477892549465 ] } },
{ "type": "Feature", "properties": { "内容": "在宅総合サービス【福祉用具貸与】大阪府岸和田市稲葉町165番地の7", "url": "https://www.kaigokensaku.mhlw.go.jp/27/index.php?action_kouhyou_detail_004_kani=true&JigyosyoCd=2771106115-00&ServiceCd=170&Type=search", "url2": "https://inabasou.com" }, "geometry": { "type": "Point", "coordinates": [ 135.438763508598328, 34.430518194250936 ] } },
{ "type": "Feature", "properties": { "内容": "特定非営利活動法人　大阪南高齢者福祉　サポートアドバイスプロ【福祉用具貸与】大阪府岸和田市宮本町40番12号", "url": "https://www.kaigokensaku.mhlw.go.jp/27/index.php?action_kouhyou_detail_004_kani=true&JigyosyoCd=2771103054-00&ServiceCd=170&Type=search", "url2": null }, "geometry": { "type": "Point", "coordinates": [ 135.3766508, 34.4598066 ] } },
{ "type": "Feature", "properties": { "内容": "有限会社　かわはら【福祉用具貸与】岸和田市土生町1278番地", "url": "https://www.kaigokensaku.mhlw.go.jp/27/index.php?action_kouhyou_detail_004_kani=true&JigyosyoCd=2771101603-00&ServiceCd=170&Type=search", "url2": "http://www.kwhr.net/" }, "geometry": { "type": "Point", "coordinates": [ 135.390869299999963, 34.4476529 ] } },
{ "type": "Feature", "properties": { "内容": "DO151忠岡【福祉用具貸与】大阪府岸和田市松風町23-14", "url": "https://www.kaigokensaku.mhlw.go.jp/27/index.php?action_kouhyou_detail_004_kani=true&JigyosyoCd=2771106990-00&ServiceCd=170&Type=search", "url2": null }, "geometry": { "type": "Point", "coordinates": [ 135.3842227, 34.4853171 ] } },
{ "type": "Feature", "properties": { "内容": "ケアショップハル岸和田店【福祉用具貸与】大阪府岸和田市田治米町139-1", "url": "https://www.kaigokensaku.mhlw.go.jp/27/index.php?action_kouhyou_detail_004_kani=true&JigyosyoCd=2771102825-00&ServiceCd=170&Type=search", "url2": null }, "geometry": { "type": "Point", "coordinates": [ 135.4259267, 34.4644852 ] } },
{ "type": "Feature", "properties": { "内容": "クエスト【福祉用具貸与】大阪府岸和田市塔原町234番地", "url": "https://www.kaigokensaku.mhlw.go.jp/27/index.php?action_kouhyou_detail_004_kani=true&JigyosyoCd=2771106297-00&ServiceCd=170&Type=search", "url2": null }, "geometry": { "type": "Point", "coordinates": [ 135.430250699999988, 34.3745986 ] } },
{ "type": "Feature", "properties": { "内容": "サットケア【福祉用具貸与】大阪府岸和田市荒木町2‐20‐11", "url": "https://www.kaigokensaku.mhlw.go.jp/27/index.php?action_kouhyou_detail_004_kani=true&JigyosyoCd=2771105018-00&ServiceCd=170&Type=search", "url2": "http://www.cocolo-310.com/" }, "geometry": { "type": "Point", "coordinates": [ 135.393055658688354, 34.455750210542242 ] } },
{ "type": "Feature", "properties": { "内容": "ダスキンヘルスレント岸和田ステーション【福祉用具貸与】岸和田市大北町１－２４", "url": "https://www.kaigokensaku.mhlw.go.jp/27/index.php?action_kouhyou_detail_004_kani=true&JigyosyoCd=2771101769-00&ServiceCd=170&Type=search", "url2": "http://healthrent.duskin.jp/index.html" }, "geometry": { "type": "Point", "coordinates": [ 135.371154, 34.464767 ] } },
{ "type": "Feature", "properties": { "内容": "有限会社　河畑厨房【福祉用具貸与】大阪府岸和田市下池田町3丁目2番28号", "url": "https://www.kaigokensaku.mhlw.go.jp/27/index.php?action_kouhyou_detail_004_kani=true&JigyosyoCd=2771102718-00&ServiceCd=170&Type=search", "url2": "http://k-chubo.com" }, "geometry": { "type": "Point", "coordinates": [ 135.404164700000024, 34.4686203 ] } },
{ "type": "Feature", "properties": { "内容": "ダイドー薬品【福祉用具貸与】大阪府岸和田市別所町1-16-2", "url": "https://www.kaigokensaku.mhlw.go.jp/27/index.php?action_kouhyou_detail_004_kani=true&JigyosyoCd=2771106404-00&ServiceCd=170&Type=search", "url2": "https://www.daiyaku.co.jp/" }, "geometry": { "type": "Point", "coordinates": [ 135.381106, 34.461906 ] } },
{ "type": "Feature", "properties": { "内容": "介護ショップ　リアン【福祉用具貸与】大阪府岸和田市小松里町2517番地3階", "url": "https://www.kaigokensaku.mhlw.go.jp/27/index.php?action_kouhyou_detail_004_kani=true&JigyosyoCd=2771106636-00&ServiceCd=170&Type=search", "url2": null }, "geometry": { "type": "Point", "coordinates": [ 135.395244158454432, 34.464415503739126 ] } },
{ "type": "Feature", "properties": { "内容": "株式会社大黒ヘルスケアサービス南大阪店【福祉用具貸与】大阪府岸和田市磯上町2-9-7", "url": "https://www.kaigokensaku.mhlw.go.jp/27/index.php?action_kouhyou_detail_004_kani=true&JigyosyoCd=2771100886-00&ServiceCd=170&Type=search", "url2": "http://www.d21ms.com" }, "geometry": { "type": "Point", "coordinates": [ 135.389090648101842, 34.486618958016891 ] } },
{ "type": "Feature", "properties": { "内容": "ケアライフオレンジ【福祉用具貸与】岸和田市今木町149-15", "url": "https://www.kaigokensaku.mhlw.go.jp/27/index.php?action_kouhyou_detail_004_kani=true&JigyosyoCd=2771104763-00&ServiceCd=170&Type=search", "url2": null }, "geometry": { "type": "Point", "coordinates": [ 135.420566, 34.4660044 ] } },
{ "type": "Feature", "properties": { "内容": "ソダシケアサポート【福祉用具貸与】大阪府岸和田市吉井町二丁目7番3号ラフォーレ303号", "url": "https://www.kaigokensaku.mhlw.go.jp/27/index.php?action_kouhyou_detail_004_kani=true&JigyosyoCd=2771107436-00&ServiceCd=170&Type=search", "url2": null }, "geometry": { "type": "Point", "coordinates": [ 135.3970793, 34.4830577 ] } },
{ "type": "Feature", "properties": { "内容": "株式会社プラス【福祉用具貸与】大阪府岸和田市池尻町384-3", "url": "https://www.kaigokensaku.mhlw.go.jp/27/index.php?action_kouhyou_detail_004_kani=true&JigyosyoCd=2771107352-00&ServiceCd=170&Type=search", "url2": null }, "geometry": { "type": "Point", "coordinates": [ 135.4127987, 34.4618546 ] } },
{ "type": "Feature", "properties": { "内容": "KOSMOホームヘルプサービス　介護用品事業所【福祉用具貸与】大阪府豊中市庄内東町３丁目8-23タナック21　2階", "url": "https://www.kaigokensaku.mhlw.go.jp/27/index.php?action_kouhyou_detail_004_kani=true&JigyosyoCd=2774010611-00&ServiceCd=170&Type=search", "url2": "https://www.kosmo.co.jp/homehelpservice/" }, "geometry": { "type": "Point", "coordinates": [ 135.4763783, 34.7520438 ] } },
{ "type": "Feature", "properties": { "内容": "株式会社たんぽぽ　豊中店【福祉用具貸与】大阪府豊中市名神口3丁目8番30号㈱ケーエスケー内", "url": "https://www.kaigokensaku.mhlw.go.jp/27/index.php?action_kouhyou_detail_004_kani=true&JigyosyoCd=2774010660-00&ServiceCd=170&Type=search", "url2": "http://www.kktanpopo.com" }, "geometry": { "type": "Point", "coordinates": [ 135.4622082, 34.7488043 ] } },
{ "type": "Feature", "properties": { "内容": "福祉用具サービス涼風【福祉用具貸与】大阪府豊中市熊野町4-12-23笹部マンションＡ105", "url": "https://www.kaigokensaku.mhlw.go.jp/27/index.php?action_kouhyou_detail_004_kani=true&JigyosyoCd=2774009621-00&ServiceCd=170&Type=search", "url2": "https://earth-mind.co.jp/" }, "geometry": { "type": "Point", "coordinates": [ 135.478785277009678, 34.791592130097136 ] } },
{ "type": "Feature", "properties": { "内容": "まるわ【福祉用具貸与】大阪府豊中市稲津町一丁目１番１３号増田ビル２階", "url": "https://www.kaigokensaku.mhlw.go.jp/27/index.php?action_kouhyou_detail_004_kani=true&JigyosyoCd=2774008524-00&ServiceCd=170&Type=search", "url2": "http://www.nekonote2828.com/" }, "geometry": { "type": "Point", "coordinates": [ 135.476372, 34.7574769 ] } },
{ "type": "Feature", "properties": { "内容": "ビジョンサポート【福祉用具貸与】大阪府豊中市浜3-18-3-1", "url": "https://www.kaigokensaku.mhlw.go.jp/27/index.php?action_kouhyou_detail_004_kani=true&JigyosyoCd=2774009068-00&ServiceCd=170&Type=search", "url2": "https://vision-happylife.co.jp/" }, "geometry": { "type": "Point", "coordinates": [ 135.482109622486973, 34.757815233083171 ] } },
{ "type": "Feature", "properties": { "内容": "こむ【福祉用具貸与】大阪府豊中市北桜塚2丁目14番1号", "url": "https://www.kaigokensaku.mhlw.go.jp/27/index.php?action_kouhyou_detail_004_kani=true&JigyosyoCd=2774009324-00&ServiceCd=170&Type=search", "url2": null }, "geometry": { "type": "Point", "coordinates": [ 135.4676026, 34.7869857 ] } },
{ "type": "Feature", "properties": { "内容": "あいびー株式会社【福祉用具貸与】豊中市蛍池東町1-6-6＆Ｔ蛍池ビル401", "url": "https://www.kaigokensaku.mhlw.go.jp/27/index.php?action_kouhyou_detail_004_kani=true&JigyosyoCd=2774006833-00&ServiceCd=170&Type=search", "url2": null }, "geometry": { "type": "Point", "coordinates": [ 135.44954830000006, 34.7953057 ] } },
{ "type": "Feature", "properties": { "内容": "プラスワンケアサポート株式会社豊中支店【福祉用具貸与】豊中市本町1丁目5番8号高山第1ビル4階", "url": "https://www.kaigokensaku.mhlw.go.jp/27/index.php?action_kouhyou_detail_004_kani=true&JigyosyoCd=2774000067-00&ServiceCd=170&Type=search", "url2": "http://www.plusone-group.co.jp" }, "geometry": { "type": "Point", "coordinates": [ 135.464411299999938, 34.7866208 ] } },
{ "type": "Feature", "properties": { "内容": "株式会社ウラノ　福祉用具事業部　Ｍｅｉｓｔｅｒ【福祉用具貸与】豊中市新千里南町3-1-24桃山台グリーンピア1階", "url": "https://www.kaigokensaku.mhlw.go.jp/27/index.php?action_kouhyou_detail_004_kani=true&JigyosyoCd=2774003731-00&ServiceCd=170&Type=search", "url2": "http://www.team-urano.com" }, "geometry": { "type": "Point", "coordinates": [ 135.493033987102535, 34.796049763614946 ] } },
{ "type": "Feature", "properties": { "内容": "オールケア【福祉用具貸与】大阪府豊中市庄内幸町3-31-24", "url": "https://www.kaigokensaku.mhlw.go.jp/27/index.php?action_kouhyou_detail_004_kani=true&JigyosyoCd=2774005652-00&ServiceCd=170&Type=search", "url2": "http://www.allcare.info" }, "geometry": { "type": "Point", "coordinates": [ 135.468267500000024, 34.7476972 ] } },
{ "type": "Feature", "properties": { "内容": "株式会社　ゴトウ・アズ・プランニング　豊中営業所【福祉用具貸与】豊中市末広町二丁目１０番１８号", "url": "https://www.kaigokensaku.mhlw.go.jp/27/index.php?action_kouhyou_detail_004_kani=true&JigyosyoCd=2774004879-00&ServiceCd=170&Type=search", "url2": "http://www.goto-az.co.jp" }, "geometry": { "type": "Point", "coordinates": [ 135.4627365, 34.7822741 ] } },
{ "type": "Feature", "properties": { "内容": "弁慶【福祉用具貸与】大阪府豊中市服部西町二丁目5番15号", "url": "https://www.kaigokensaku.mhlw.go.jp/27/index.php?action_kouhyou_detail_004_kani=true&JigyosyoCd=2774003079-00&ServiceCd=170&Type=search", "url2": null }, "geometry": { "type": "Point", "coordinates": [ 135.471644500000025, 34.7629346 ] } },
{ "type": "Feature", "properties": { "内容": "株式会社みちはうす【福祉用具貸与】大阪府豊中市中桜塚4-7-8カビーナ中桜塚　1階", "url": "https://www.kaigokensaku.mhlw.go.jp/27/index.php?action_kouhyou_detail_004_kani=true&JigyosyoCd=2774005801-00&ServiceCd=170&Type=search", "url2": "http://www.michihouse.jp/" }, "geometry": { "type": "Point", "coordinates": [ 135.4735468, 34.7818797 ] } },
{ "type": "Feature", "properties": { "内容": "株式会社光研【福祉用具貸与】大阪府豊中市庄本町2-7-40", "url": "https://www.kaigokensaku.mhlw.go.jp/27/index.php?action_kouhyou_detail_004_kani=true&JigyosyoCd=2774000869-00&ServiceCd=170&Type=search", "url2": "https://koken-toyonaka.com" }, "geometry": { "type": "Point", "coordinates": [ 135.463257099999964, 34.7396063 ] } },
{ "type": "Feature", "properties": { "内容": "福祉用具淳風きたじょう【福祉用具貸与】豊中市二葉町2-4-5特別養護老人ホーム淳風とよなか", "url": "https://www.kaigokensaku.mhlw.go.jp/27/index.php?action_kouhyou_detail_004_kani=true&JigyosyoCd=2774006957-00&ServiceCd=170&Type=search", "url2": "http://junpu-kai.or.jp" }, "geometry": { "type": "Point", "coordinates": [ 135.463379064542551, 34.736594493315501 ] } },
{ "type": "Feature", "properties": { "内容": "中央介護センターサン【福祉用具貸与】大阪府豊中市曽根南町2-11-35", "url": "https://www.kaigokensaku.mhlw.go.jp/27/index.php?action_kouhyou_detail_004_kani=true&JigyosyoCd=2774006817-00&ServiceCd=170&Type=search", "url2": "http://www.chuokaigocenter-sun.jp" }, "geometry": { "type": "Point", "coordinates": [ 135.463674541663636, 34.766588774318528 ] } },
{ "type": "Feature", "properties": { "内容": "有限会社サンメディカル【福祉用具貸与】大阪府豊中市上野坂1丁目1番12号ラ・メゾン上野坂", "url": "https://www.kaigokensaku.mhlw.go.jp/27/index.php?action_kouhyou_detail_004_kani=true&JigyosyoCd=2774000158-00&ServiceCd=170&Type=search", "url2": "http://sunmedi.sakura.ne.jp" }, "geometry": { "type": "Point", "coordinates": [ 135.478009, 34.797773599999985 ] } },
{ "type": "Feature", "properties": { "内容": "有限会社トーヤン【福祉用具貸与】大阪府豊中市服部西町2丁目2番21号", "url": "https://www.kaigokensaku.mhlw.go.jp/27/index.php?action_kouhyou_detail_004_kani=true&JigyosyoCd=2774002592-00&ServiceCd=170&Type=search", "url2": null }, "geometry": { "type": "Point", "coordinates": [ 135.472739231317519, 34.762817978535118 ] } },
{ "type": "Feature", "properties": { "内容": "ユニバーサルデザイナーズ【福祉用具貸与】大阪府豊中市向丘三丁目１３番１１号", "url": "https://www.kaigokensaku.mhlw.go.jp/27/index.php?action_kouhyou_detail_004_kani=true&JigyosyoCd=2774002238-00&ServiceCd=170&Type=search", "url2": null }, "geometry": { "type": "Point", "coordinates": [ 135.4729767, 34.8142732 ] } },
{ "type": "Feature", "properties": { "内容": "WOOD　STOCK【福祉用具貸与】大阪府豊中市箕輪二丁目11番11号", "url": "https://www.kaigokensaku.mhlw.go.jp/27/index.php?action_kouhyou_detail_004_kani=true&JigyosyoCd=2774002493-00&ServiceCd=170&Type=search", "url2": null }, "geometry": { "type": "Point", "coordinates": [ 135.450780013491794, 34.78809385755644 ] } },
{ "type": "Feature", "properties": { "内容": "なごみ【福祉用具貸与】大阪府豊中市庄内栄町３丁目１１番３号", "url": "https://www.kaigokensaku.mhlw.go.jp/27/index.php?action_kouhyou_detail_004_kani=true&JigyosyoCd=2774004192-00&ServiceCd=170&Type=search", "url2": null }, "geometry": { "type": "Point", "coordinates": [ 135.465895499999988, 34.7488499 ] } },
{ "type": "Feature", "properties": { "内容": "パナソニックエイジフリーショップ大阪北【福祉用具貸与】大阪府豊中市若竹町1-9-6", "url": "https://www.kaigokensaku.mhlw.go.jp/27/index.php?action_kouhyou_detail_004_kani=true&JigyosyoCd=2774007872-00&ServiceCd=170&Type=search", "url2": "https://sumai.panasonic.jp/agefree/map/detail.php?id=215" }, "geometry": { "type": "Point", "coordinates": [ 135.4861436, 34.7691805 ] } },
{ "type": "Feature", "properties": { "内容": "Ｍ’ｓケア【福祉用具貸与】大阪府豊中市小曽根1丁目20番3号", "url": "https://www.kaigokensaku.mhlw.go.jp/27/index.php?action_kouhyou_detail_004_kani=true&JigyosyoCd=2774010009-00&ServiceCd=170&Type=search", "url2": "https://www.ms-clan.com/" }, "geometry": { "type": "Point", "coordinates": [ 135.4844369, 34.7605621 ] } },
{ "type": "Feature", "properties": { "内容": "スタンダードケアサービス【福祉用具貸与】大阪府豊中市宮山町1-1-43ヴィラセンチュリー２号館102号室", "url": "https://www.kaigokensaku.mhlw.go.jp/27/index.php?action_kouhyou_detail_004_kani=true&JigyosyoCd=2774010132-00&ServiceCd=170&Type=search", "url2": null }, "geometry": { "type": "Point", "coordinates": [ 135.4640252, 34.8046479 ] } },
{ "type": "Feature", "properties": { "内容": "綜合メディカル株式会社　豊中営業所【福祉用具貸与】大阪府豊中市山ノ上町8-10", "url": "https://www.kaigokensaku.mhlw.go.jp/27/index.php?action_kouhyou_detail_004_kani=true&JigyosyoCd=2774009720-00&ServiceCd=170&Type=search", "url2": "https://www.sougoumedical.jp/" }, "geometry": { "type": "Point", "coordinates": [ 135.454929400000026, 34.7817467 ] } },
{ "type": "Feature", "properties": { "内容": "生活ぷらす豊中支店【福祉用具貸与】大阪府豊中市庄内西町2-4-3庄内駅前ビル4C", "url": "https://www.kaigokensaku.mhlw.go.jp/27/index.php?action_kouhyou_detail_004_kani=true&JigyosyoCd=2774010900-00&ServiceCd=170&Type=search", "url2": null }, "geometry": { "type": "Point", "coordinates": [ 135.4746409, 34.7508383 ] } },
{ "type": "Feature", "properties": { "内容": "介護パートナーあい愛【福祉用具貸与】大阪府豊中市長興寺北３－１３－２２", "url": "https://www.kaigokensaku.mhlw.go.jp/27/index.php?action_kouhyou_detail_004_kani=true&JigyosyoCd=2774001560-00&ServiceCd=170&Type=search", "url2": null }, "geometry": { "type": "Point", "coordinates": [ 135.4794574, 34.7788911 ] } },
{ "type": "Feature", "properties": { "内容": "介護ショップタカプラ豊中【福祉用具貸与】大阪府豊中市庄内東町5-2-16", "url": "https://www.kaigokensaku.mhlw.go.jp/27/index.php?action_kouhyou_detail_004_kani=true&JigyosyoCd=2774010512-00&ServiceCd=170&Type=search", "url2": null }, "geometry": { "type": "Point", "coordinates": [ 135.4765146, 34.7476482 ] } },
{ "type": "Feature", "properties": { "内容": "フランスベッド株式会社　メディカル大阪池田営業所【福祉用具貸与】大阪府池田市呉服町1-1サンシティ池田203", "url": "https://www.kaigokensaku.mhlw.go.jp/27/index.php?action_kouhyou_detail_004_kani=true&JigyosyoCd=2772501405-00&ServiceCd=170&Type=search", "url2": "http://www.francebed.co.jp" }, "geometry": { "type": "Point", "coordinates": [ 135.4248553, 34.8215939 ] } },
{ "type": "Feature", "properties": { "内容": "マックシールケアセンター【福祉用具貸与】大阪府池田市天神１－５－２２", "url": "https://www.kaigokensaku.mhlw.go.jp/27/index.php?action_kouhyou_detail_004_kani=true&JigyosyoCd=2772500464-00&ServiceCd=170&Type=search", "url2": "http://www.mcsyl.com/" }, "geometry": { "type": "Point", "coordinates": [ 135.442465199999987, 34.8091511 ] } },
{ "type": "Feature", "properties": { "内容": "株式会社すとれーと【福祉用具貸与】大阪府池田市天神1丁目10番21303号", "url": "https://www.kaigokensaku.mhlw.go.jp/27/index.php?action_kouhyou_detail_004_kani=true&JigyosyoCd=2772502130-00&ServiceCd=170&Type=search", "url2": null }, "geometry": { "type": "Point", "coordinates": [ 135.4388281, 34.8083173 ] } },
{ "type": "Feature", "properties": { "内容": "タカジョウメディカル池田営業所【福祉用具貸与】大阪府池田市天神1-10-21-1F", "url": "https://www.kaigokensaku.mhlw.go.jp/27/index.php?action_kouhyou_detail_004_kani=true&JigyosyoCd=2772502320-00&ServiceCd=170&Type=search", "url2": "http://www.takajyo.biz/" }, "geometry": { "type": "Point", "coordinates": [ 135.438570700000014, 34.8081985 ] } },
{ "type": "Feature", "properties": { "内容": "さくらファミリー【福祉用具貸与】畑5-7-3", "url": "https://www.kaigokensaku.mhlw.go.jp/27/index.php?action_kouhyou_detail_004_kani=true&JigyosyoCd=2772502395-00&ServiceCd=170&Type=search", "url2": null }, "geometry": { "type": "Point", "coordinates": [ 135.445625, 34.828492 ] } },
{ "type": "Feature", "properties": { "内容": "株式会社ヤマシタ吹田営業所【福祉用具貸与】大阪府吹田市南吹田２丁目４番９号", "url": "https://www.kaigokensaku.mhlw.go.jp/27/index.php?action_kouhyou_detail_004_kani=true&JigyosyoCd=2771608268-00&ServiceCd=170&Type=search", "url2": "https://www.ycota.jp/area/60182" }, "geometry": { "type": "Point", "coordinates": [ 135.5100218, 34.7489458 ] } },
{ "type": "Feature", "properties": { "内容": "合同会社オアシス　ルリエ【福祉用具貸与】大阪府吹田市南金田1-2-9", "url": "https://www.kaigokensaku.mhlw.go.jp/27/index.php?action_kouhyou_detail_004_kani=true&JigyosyoCd=2771608276-00&ServiceCd=170&Type=search", "url2": null }, "geometry": { "type": "Point", "coordinates": [ 135.507116599999989, 34.7568382 ] } },
{ "type": "Feature", "properties": { "内容": "あかつき介護サービス【福祉用具貸与】大阪府吹田市津雲台4丁目2-5", "url": "https://www.kaigokensaku.mhlw.go.jp/27/index.php?action_kouhyou_detail_004_kani=true&JigyosyoCd=2771608300-00&ServiceCd=170&Type=search", "url2": null }, "geometry": { "type": "Point", "coordinates": [ 135.5080514, 34.8011273 ] } },
{ "type": "Feature", "properties": { "内容": "ゆうえる株式会社【福祉用具貸与】大阪府吹田市千里山竹園２丁目１８番５号千里Ｏ２ビル１０２号", "url": "https://www.kaigokensaku.mhlw.go.jp/27/index.php?action_kouhyou_detail_004_kani=true&JigyosyoCd=2771601412-00&ServiceCd=170&Type=search", "url2": "https://www.youel.co.jp/" }, "geometry": { "type": "Point", "coordinates": [ 135.502605659524534, 34.786429931726801 ] } },
{ "type": "Feature", "properties": { "内容": "ウェル・イー【福祉用具貸与】大阪府吹田市豊津町18-37江坂ビジネスゾーン702", "url": "https://www.kaigokensaku.mhlw.go.jp/27/index.php?action_kouhyou_detail_004_kani=true&JigyosyoCd=2771606833-00&ServiceCd=170&Type=search", "url2": "https://wel-e.com" }, "geometry": { "type": "Point", "coordinates": [ 135.4926965, 34.7585569 ] } },
{ "type": "Feature", "properties": { "内容": "フレンドケア指定福祉用具貸与事業所【福祉用具貸与】大阪府吹田市原町４丁目２３番１０号", "url": "https://www.kaigokensaku.mhlw.go.jp/27/index.php?action_kouhyou_detail_004_kani=true&JigyosyoCd=2771607088-00&ServiceCd=170&Type=search", "url2": "https://friend-care.jp/" }, "geometry": { "type": "Point", "coordinates": [ 135.527961399999981, 34.7770241 ] } },
{ "type": "Feature", "properties": { "内容": "としとランド【福祉用具貸与】大阪府吹田市江坂町1-6-6", "url": "https://www.kaigokensaku.mhlw.go.jp/27/index.php?action_kouhyou_detail_004_kani=true&JigyosyoCd=2771604887-00&ServiceCd=170&Type=search", "url2": "http://www.jhttp://www.japax.org/company/glit.html" }, "geometry": { "type": "Point", "coordinates": [ 135.499772500000063, 34.7632794 ] } },
{ "type": "Feature", "properties": { "内容": "まこと介護ケアレンタル【福祉用具貸与】大阪府吹田市原町４丁目２番４号", "url": "https://www.kaigokensaku.mhlw.go.jp/27/index.php?action_kouhyou_detail_004_kani=true&JigyosyoCd=2771604614-00&ServiceCd=170&Type=search", "url2": null }, "geometry": { "type": "Point", "coordinates": [ 135.529171106637591, 34.773674732799265 ] } },
{ "type": "Feature", "properties": { "内容": "サニーヒル福祉用具【福祉用具貸与】大阪府吹田市五月が丘北14-7203", "url": "https://www.kaigokensaku.mhlw.go.jp/27/index.php?action_kouhyou_detail_004_kani=true&JigyosyoCd=2771607963-00&ServiceCd=170&Type=search", "url2": null }, "geometry": { "type": "Point", "coordinates": [ 135.525898199999972, 34.7874625 ] } },
{ "type": "Feature", "properties": { "内容": "CozyPlace【福祉用具貸与】大阪府吹田市南吹田5-37-23-504", "url": "https://www.kaigokensaku.mhlw.go.jp/27/index.php?action_kouhyou_detail_004_kani=true&JigyosyoCd=2771607443-00&ServiceCd=170&Type=search", "url2": "https://www.cozyplacellc.jp/" }, "geometry": { "type": "Point", "coordinates": [ 135.505160499999988, 34.749348 ] } },
{ "type": "Feature", "properties": { "内容": "大阪よどがわ市民生協福祉情報センター【福祉用具貸与】大阪府吹田市幸町４番１号", "url": "https://www.kaigokensaku.mhlw.go.jp/27/index.php?action_kouhyou_detail_004_kani=true&JigyosyoCd=2771601685-00&ServiceCd=170&Type=search", "url2": "http://www.yodogawa.coop/" }, "geometry": { "type": "Point", "coordinates": [ 135.534894300000019, 34.7665798 ] } },
{ "type": "Feature", "properties": { "内容": "有限会社ハートフル・ケア【福祉用具貸与】大阪府吹田市山田東2丁目10番6号高橋ビル2階", "url": "https://www.kaigokensaku.mhlw.go.jp/27/index.php?action_kouhyou_detail_004_kani=true&JigyosyoCd=2771600414-00&ServiceCd=170&Type=search", "url2": "https://heartfull-care.jp/" }, "geometry": { "type": "Point", "coordinates": [ 135.52736989999994, 34.7964206 ] } },
{ "type": "Feature", "properties": { "内容": "有限会社ライフサポート大道【福祉用具貸与】大阪府吹田市川園町55-3", "url": "https://www.kaigokensaku.mhlw.go.jp/27/index.php?action_kouhyou_detail_004_kani=true&JigyosyoCd=2771603954-00&ServiceCd=170&Type=search", "url2": "https://ohmichi-life.co.jp/" }, "geometry": { "type": "Point", "coordinates": [ 135.538539613491821, 34.764328144864713 ] } },
{ "type": "Feature", "properties": { "内容": "ライフマーク吹田【福祉用具貸与】吹田市垂水町3丁目31番27号2F", "url": "https://www.kaigokensaku.mhlw.go.jp/27/index.php?action_kouhyou_detail_004_kani=true&JigyosyoCd=2771605439-00&ServiceCd=170&Type=search", "url2": "http://www.ueroku.jp/" }, "geometry": { "type": "Point", "coordinates": [ 135.502372400000013, 34.7589912 ] } },
{ "type": "Feature", "properties": { "内容": "ライフワン吹田【福祉用具貸与】大阪府吹田市山田南6-8", "url": "https://www.kaigokensaku.mhlw.go.jp/27/index.php?action_kouhyou_detail_004_kani=true&JigyosyoCd=2771605041-00&ServiceCd=170&Type=search", "url2": "https://www.life-one.jp/" }, "geometry": { "type": "Point", "coordinates": [ 135.544840499999964, 34.7918989 ] } },
{ "type": "Feature", "properties": { "内容": "ダスキンヘルスレント吹田ステーション【福祉用具貸与】大阪府吹田市南吹田1-6-4吹田Mビル1階", "url": "https://www.kaigokensaku.mhlw.go.jp/27/index.php?action_kouhyou_detail_004_kani=true&JigyosyoCd=2771603533-00&ServiceCd=170&Type=search", "url2": "http://healthrent.duskin.jp/" }, "geometry": { "type": "Point", "coordinates": [ 135.511240728514821, 34.751548413823954 ] } },
{ "type": "Feature", "properties": { "内容": "吹田ケアセンター【福祉用具貸与】吹田市山田西一丁目26番15号202", "url": "https://www.kaigokensaku.mhlw.go.jp/27/index.php?action_kouhyou_detail_004_kani=true&JigyosyoCd=2771601289-00&ServiceCd=170&Type=search", "url2": null }, "geometry": { "type": "Point", "coordinates": [ 135.52936150000005, 34.7900971 ] } },
{ "type": "Feature", "properties": { "内容": "福祉用具恵ケア【福祉用具貸与】大阪府吹田市江坂町三丁目17番30号ミーテ江坂006E号室", "url": "https://www.kaigokensaku.mhlw.go.jp/27/index.php?action_kouhyou_detail_004_kani=true&JigyosyoCd=2771608201-00&ServiceCd=170&Type=search", "url2": "http://kaigo-megumicare.jp/recruit" }, "geometry": { "type": "Point", "coordinates": [ 135.494307099999986, 34.7646831 ] } },
{ "type": "Feature", "properties": { "内容": "常喜株式会社【福祉用具貸与】大阪府吹田市芳野町９番4-1号", "url": "https://www.kaigokensaku.mhlw.go.jp/27/index.php?action_kouhyou_detail_004_kani=true&JigyosyoCd=2771607310-00&ServiceCd=170&Type=search", "url2": "http://hp.kaipoke.biz/31a/" }, "geometry": { "type": "Point", "coordinates": [ 135.487650699999989, 34.75399310000001 ] } },
{ "type": "Feature", "properties": { "内容": "株式会社ウィズ吹田【福祉用具貸与】大阪府吹田市穂波町19-25", "url": "https://www.kaigokensaku.mhlw.go.jp/27/index.php?action_kouhyou_detail_004_kani=true&JigyosyoCd=2771604697-00&ServiceCd=170&Type=search", "url2": "http://www.hello-with.com/" }, "geometry": { "type": "Point", "coordinates": [ 135.510524043508241, 34.754391521791838 ] } },
{ "type": "Feature", "properties": { "内容": "株式会社フロンティア吹田営業所【福祉用具貸与】大阪府吹田市西の庄町2-17", "url": "https://www.kaigokensaku.mhlw.go.jp/27/index.php?action_kouhyou_detail_004_kani=true&JigyosyoCd=2771605116-00&ServiceCd=170&Type=search", "url2": "http://www.frontier-ph.com" }, "geometry": { "type": "Point", "coordinates": [ 135.518532, 34.7613108 ] } },
{ "type": "Feature", "properties": { "内容": "パナソニックエイジフリーショップ和泉【福祉用具貸与】大阪府泉大津市東豊中町３丁目７－１３", "url": "https://www.kaigokensaku.mhlw.go.jp/27/index.php?action_kouhyou_detail_004_kani=true&JigyosyoCd=2770600282-00&ServiceCd=170&Type=search", "url2": "http://sumai.panasonic.jp/agefree/shop/" }, "geometry": { "type": "Point", "coordinates": [ 135.428682, 34.4920814 ] } },
{ "type": "Feature", "properties": { "内容": "株式会社move【福祉用具貸与】大阪府泉大津市条南町5-27", "url": "https://www.kaigokensaku.mhlw.go.jp/27/index.php?action_kouhyou_detail_004_kani=true&JigyosyoCd=2770602098-00&ServiceCd=170&Type=search", "url2": null }, "geometry": { "type": "Point", "coordinates": [ 135.417618, 34.5088732 ] } },
{ "type": "Feature", "properties": { "内容": "ドリーム介護ステーション【福祉用具貸与】大阪府泉大津市本町6番7号", "url": "https://www.kaigokensaku.mhlw.go.jp/27/index.php?action_kouhyou_detail_004_kani=true&JigyosyoCd=2770600407-00&ServiceCd=170&Type=search", "url2": "http://www.m-a-e.net/" }, "geometry": { "type": "Point", "coordinates": [ 135.400692420345678, 34.503471175866153 ] } },
{ "type": "Feature", "properties": { "内容": "エクレール【福祉用具貸与】大阪府泉大津市条南町4番1号", "url": "https://www.kaigokensaku.mhlw.go.jp/27/index.php?action_kouhyou_detail_004_kani=true&JigyosyoCd=2770602049-00&ServiceCd=170&Type=search", "url2": "http://www.e-lifepartner.co.jp" }, "geometry": { "type": "Point", "coordinates": [ 135.418260208038731, 34.510294030775995 ] } },
{ "type": "Feature", "properties": { "内容": "福祉用具BISCUSS【福祉用具貸与】大阪府泉大津市助松町1丁目1番23号清音ビル　401", "url": "https://www.kaigokensaku.mhlw.go.jp/27/index.php?action_kouhyou_detail_004_kani=true&JigyosyoCd=2770602213-00&ServiceCd=170&Type=search", "url2": null }, "geometry": { "type": "Point", "coordinates": [ 135.4231466, 34.515254500000019 ] } },
{ "type": "Feature", "properties": { "内容": "ケアショップ喜らく【福祉用具貸与】大阪府泉大津市東助松町２丁目１－２８－３０１", "url": "https://www.kaigokensaku.mhlw.go.jp/27/index.php?action_kouhyou_detail_004_kani=true&JigyosyoCd=2770602429-00&ServiceCd=170&Type=search", "url2": "https://allkiraku.com/" }, "geometry": { "type": "Point", "coordinates": [ 135.4227878, 34.511608 ] } },
{ "type": "Feature", "properties": { "内容": "トップケア介護用品センター【福祉用具貸与】大阪府高槻市城北町1丁目6－19カンプリビル１F", "url": "https://www.kaigokensaku.mhlw.go.jp/27/index.php?action_kouhyou_detail_004_kani=true&JigyosyoCd=2770906184-00&ServiceCd=170&Type=search", "url2": "https://topcare.co.jp/" }, "geometry": { "type": "Point", "coordinates": [ 135.6201024, 34.8467288 ] } },
{ "type": "Feature", "properties": { "内容": "株式会社三笑堂　北摂営業所【福祉用具貸与】大阪府高槻市緑が丘三丁目6番3号", "url": "https://www.kaigokensaku.mhlw.go.jp/27/index.php?action_kouhyou_detail_004_kani=true&JigyosyoCd=2770904619-00&ServiceCd=170&Type=search", "url2": "http://www.sanshodoh.co.jp" }, "geometry": { "type": "Point", "coordinates": [ 135.603586599999971, 34.8624317 ] } },
{ "type": "Feature", "properties": { "内容": "ケアステーションミライ【福祉用具貸与】大阪府高槻市城南町４丁目２５－１１", "url": "https://www.kaigokensaku.mhlw.go.jp/27/index.php?action_kouhyou_detail_004_kani=true&JigyosyoCd=2770904577-00&ServiceCd=170&Type=search", "url2": "http://mirai.company" }, "geometry": { "type": "Point", "coordinates": [ 135.624287900000013, 34.8377594 ] } },
{ "type": "Feature", "properties": { "内容": "レンタルもも【福祉用具貸与】大阪府高槻市淀の原町56-18", "url": "https://www.kaigokensaku.mhlw.go.jp/27/index.php?action_kouhyou_detail_004_kani=true&JigyosyoCd=2770904627-00&ServiceCd=170&Type=search", "url2": null }, "geometry": { "type": "Point", "coordinates": [ 135.6658362, 34.8693075 ] } },
{ "type": "Feature", "properties": { "内容": "株式会社　さんきゅー【福祉用具貸与】高槻市大塚町1丁目19番5号", "url": "https://www.kaigokensaku.mhlw.go.jp/27/index.php?action_kouhyou_detail_004_kani=true&JigyosyoCd=2770901540-00&ServiceCd=170&Type=search", "url2": "http://www.39sankyu.co.jp" }, "geometry": { "type": "Point", "coordinates": [ 135.633767083432446, 34.822542865287019 ] } },
{ "type": "Feature", "properties": { "内容": "株式会社　さんきゅー　高槻北営業所【福祉用具貸与】大阪府高槻市氷室町1-14-3", "url": "https://www.kaigokensaku.mhlw.go.jp/27/index.php?action_kouhyou_detail_004_kani=true&JigyosyoCd=2770905491-00&ServiceCd=170&Type=search", "url2": "http://www.39sankyu.co.jp" }, "geometry": { "type": "Point", "coordinates": [ 135.595300576057468, 34.847792629204974 ] } },
{ "type": "Feature", "properties": { "内容": "ゆとり【福祉用具貸与】大阪府高槻市城北町1丁目5番25号土屋第３ビル2F", "url": "https://www.kaigokensaku.mhlw.go.jp/27/index.php?action_kouhyou_detail_004_kani=true&JigyosyoCd=2770900039-00&ServiceCd=170&Type=search", "url2": "http://www.topcorporation.com" }, "geometry": { "type": "Point", "coordinates": [ 135.62076567567135, 34.847118066779103 ] } },
{ "type": "Feature", "properties": { "内容": "株式会社ヤサカ　北大阪営業所【福祉用具貸与】高槻市大塚町3丁目5-4", "url": "https://www.kaigokensaku.mhlw.go.jp/27/index.php?action_kouhyou_detail_004_kani=true&JigyosyoCd=2770905350-00&ServiceCd=170&Type=search", "url2": "http://daisuki-kaigo.com/" }, "geometry": { "type": "Point", "coordinates": [ 135.635354326974237, 34.821542926947764 ] } },
{ "type": "Feature", "properties": { "内容": "れんげ荘アクティブ・エイド【福祉用具貸与】大阪府高槻市栄町２丁目６番１６号", "url": "https://www.kaigokensaku.mhlw.go.jp/27/index.php?action_kouhyou_detail_004_kani=true&JigyosyoCd=2770902936-00&ServiceCd=170&Type=search", "url2": "http://www.rengesou.or.jp" }, "geometry": { "type": "Point", "coordinates": [ 135.598857, 34.827702 ] } },
{ "type": "Feature", "properties": { "内容": "有限会社スマイルケア高槻営業所【福祉用具貸与】大阪府高槻市神内2丁目15-9", "url": "https://www.kaigokensaku.mhlw.go.jp/27/index.php?action_kouhyou_detail_004_kani=true&JigyosyoCd=2770906093-00&ServiceCd=170&Type=search", "url2": "https://smilecare.company/" }, "geometry": { "type": "Point", "coordinates": [ 135.6594452, 34.871656600000016 ] } },
{ "type": "Feature", "properties": { "内容": "ダスキンヘルスレント高槻ステーション【福祉用具貸与】大阪府　高槻市　五領町　１３－１", "url": "https://www.kaigokensaku.mhlw.go.jp/27/index.php?action_kouhyou_detail_004_kani=true&JigyosyoCd=2770902613-00&ServiceCd=170&Type=search", "url2": "http://www.duskin-noda.com/healthrent.html" }, "geometry": { "type": "Point", "coordinates": [ 135.650921400352559, 34.861361693119534 ] } },
{ "type": "Feature", "properties": { "内容": "アクティ　介護ショップ【福祉用具貸与】大阪府高槻市北園町３－４トナミロイヤルハイツ１０２", "url": "https://www.kaigokensaku.mhlw.go.jp/27/index.php?action_kouhyou_detail_004_kani=true&JigyosyoCd=2770901706-00&ServiceCd=170&Type=search", "url2": "http://www.acty-kaigo.net/" }, "geometry": { "type": "Point", "coordinates": [ 135.623041199999989, 34.8532757 ] } },
{ "type": "Feature", "properties": { "内容": "ＳＯＲＡ【福祉用具貸与】大阪府貝塚市南町13番12号", "url": "https://www.kaigokensaku.mhlw.go.jp/27/index.php?action_kouhyou_detail_004_kani=true&JigyosyoCd=2771302029-00&ServiceCd=170&Type=search", "url2": null }, "geometry": { "type": "Point", "coordinates": [ 135.353364699999986, 34.447121099999983 ] } },
{ "type": "Feature", "properties": { "内容": "介護ショップ新心【福祉用具貸与】大阪府貝塚市橋本298番地", "url": "https://www.kaigokensaku.mhlw.go.jp/27/index.php?action_kouhyou_detail_004_kani=true&JigyosyoCd=2771302474-00&ServiceCd=170&Type=search", "url2": null }, "geometry": { "type": "Point", "coordinates": [ 135.364895512847312, 34.423814732297259 ] } },
{ "type": "Feature", "properties": { "内容": "福祉用具　惠苑【福祉用具貸与】大阪府貝塚市畠中５９３番地1", "url": "https://www.kaigokensaku.mhlw.go.jp/27/index.php?action_kouhyou_detail_004_kani=true&JigyosyoCd=2771301146-00&ServiceCd=170&Type=search", "url2": "http://kei-care.com" }, "geometry": { "type": "Point", "coordinates": [ 135.353567500000054, 34.4361088 ] } },
{ "type": "Feature", "properties": { "内容": "ジェイサポート【福祉用具貸与】大阪府貝塚市三ツ松2037-38", "url": "https://www.kaigokensaku.mhlw.go.jp/27/index.php?action_kouhyou_detail_004_kani=true&JigyosyoCd=2771302557-00&ServiceCd=170&Type=search", "url2": null }, "geometry": { "type": "Point", "coordinates": [ 135.376448, 34.4060585 ] } },
{ "type": "Feature", "properties": { "内容": "ケアショップ高井【福祉用具貸与】大阪府貝塚市名越840-6", "url": "https://www.kaigokensaku.mhlw.go.jp/27/index.php?action_kouhyou_detail_004_kani=true&JigyosyoCd=2771301435-00&ServiceCd=170&Type=search", "url2": "http://careshoptakai.chu.jp/" }, "geometry": { "type": "Point", "coordinates": [ 135.373746500000038, 34.4165006 ] } },
{ "type": "Feature", "properties": { "内容": "あいわ園　福祉用具【福祉用具貸与】大阪府貝塚市堀1丁目16-6マンワールⅠ101号", "url": "https://www.kaigokensaku.mhlw.go.jp/27/index.php?action_kouhyou_detail_004_kani=true&JigyosyoCd=2771302664-00&ServiceCd=170&Type=search", "url2": "https://aiwa-en.com/" }, "geometry": { "type": "Point", "coordinates": [ 135.3658331, 34.4493695 ] } },
{ "type": "Feature", "properties": { "内容": "丸紅ケアサービス【福祉用具貸与】大阪府守口市金下町1－2－9　1階", "url": "https://www.kaigokensaku.mhlw.go.jp/27/index.php?action_kouhyou_detail_004_kani=true&JigyosyoCd=2773204991-00&ServiceCd=170&Type=search", "url2": null }, "geometry": { "type": "Point", "coordinates": [ 135.559363, 34.7327551 ] } },
{ "type": "Feature", "properties": { "内容": "三和ケアサポート【福祉用具貸与】大阪府守口市馬場町3丁目8番10号メイゾンV202号室", "url": "https://www.kaigokensaku.mhlw.go.jp/27/index.php?action_kouhyou_detail_004_kani=true&JigyosyoCd=2773202292-00&ServiceCd=170&Type=search", "url2": null }, "geometry": { "type": "Point", "coordinates": [ 135.56107750000001, 34.7254631 ] } },
{ "type": "Feature", "properties": { "内容": "ライフマーク守口【福祉用具貸与】守口市本町2丁目3番21号100号室", "url": "https://www.kaigokensaku.mhlw.go.jp/27/index.php?action_kouhyou_detail_004_kani=true&JigyosyoCd=2773201831-00&ServiceCd=170&Type=search", "url2": "http://www.ueroku.jp/" }, "geometry": { "type": "Point", "coordinates": [ 135.565556300000026, 34.7375425 ] } },
{ "type": "Feature", "properties": { "内容": "ララケア【福祉用具貸与】大阪府守口西郷通1-1-2", "url": "https://www.kaigokensaku.mhlw.go.jp/27/index.php?action_kouhyou_detail_004_kani=true&JigyosyoCd=2773204900-00&ServiceCd=170&Type=search", "url2": null }, "geometry": { "type": "Point", "coordinates": [ 135.5710587, 34.7338986 ] } },
{ "type": "Feature", "properties": { "内容": "医療法人愛泉会福祉用具貸与事業所【福祉用具貸与】守口市八雲中町2-4-26", "url": "https://www.kaigokensaku.mhlw.go.jp/27/index.php?action_kouhyou_detail_004_kani=true&JigyosyoCd=2773200635-00&ServiceCd=170&Type=search", "url2": "https://ai-sen-kai.or.jp/" }, "geometry": { "type": "Point", "coordinates": [ 135.568926487760905, 34.744506144703195 ] } },
{ "type": "Feature", "properties": { "内容": "いろどりケアレンタル【福祉用具貸与】大阪府守口市金田町２丁目１０番１４号", "url": "https://www.kaigokensaku.mhlw.go.jp/27/index.php?action_kouhyou_detail_004_kani=true&JigyosyoCd=2773204702-00&ServiceCd=170&Type=search", "url2": null }, "geometry": { "type": "Point", "coordinates": [ 135.5922521, 34.7560602 ] } },
{ "type": "Feature", "properties": { "内容": "MY福祉用具【福祉用具貸与】大阪府守口市豊秀町2丁目13番3号", "url": "https://www.kaigokensaku.mhlw.go.jp/27/index.php?action_kouhyou_detail_004_kani=true&JigyosyoCd=2773204447-00&ServiceCd=170&Type=search", "url2": null }, "geometry": { "type": "Point", "coordinates": [ 135.5589167, 34.7334057 ] } },
{ "type": "Feature", "properties": { "内容": "オーケーケアサポート福祉用具【福祉用具貸与】守口大枝南町15-8", "url": "https://www.kaigokensaku.mhlw.go.jp/27/index.php?action_kouhyou_detail_004_kani=true&JigyosyoCd=2773203415-00&ServiceCd=170&Type=search", "url2": "https://syouwa-raku.co.jp" }, "geometry": { "type": "Point", "coordinates": [ 135.5665553, 34.7304479 ] } },
{ "type": "Feature", "properties": { "内容": "ケアセンター竹内【福祉用具貸与】大阪府守口市長池町６番３１号", "url": "https://www.kaigokensaku.mhlw.go.jp/27/index.php?action_kouhyou_detail_004_kani=true&JigyosyoCd=2773201153-00&ServiceCd=170&Type=search", "url2": null }, "geometry": { "type": "Point", "coordinates": [ 135.559226599999988, 34.7273796 ] } },
{ "type": "Feature", "properties": { "内容": "レントハイジ【福祉用具貸与】大阪府守口市大久保町3-31-19", "url": "https://www.kaigokensaku.mhlw.go.jp/27/index.php?action_kouhyou_detail_004_kani=true&JigyosyoCd=2773204363-00&ServiceCd=170&Type=search", "url2": "http://www.haiji1.jp/" }, "geometry": { "type": "Point", "coordinates": [ 135.5965689, 34.7548607 ] } },
{ "type": "Feature", "properties": { "内容": "三共ケアサービス【福祉用具貸与】大阪府守口市東郷通2丁目9番22号", "url": "https://www.kaigokensaku.mhlw.go.jp/27/index.php?action_kouhyou_detail_004_kani=true&JigyosyoCd=2773200502-00&ServiceCd=170&Type=search", "url2": null }, "geometry": { "type": "Point", "coordinates": [ 135.581271900000047, 34.7266271 ] } },
{ "type": "Feature", "properties": { "内容": "株式会社晴晴【福祉用具貸与】大阪府守口市八雲西町1-21-5", "url": "https://www.kaigokensaku.mhlw.go.jp/27/index.php?action_kouhyou_detail_004_kani=true&JigyosyoCd=2773203613-00&ServiceCd=170&Type=search", "url2": null }, "geometry": { "type": "Point", "coordinates": [ 135.565055660713142, 34.745299123726589 ] } },
{ "type": "Feature", "properties": { "内容": "パル守口福祉センター【福祉用具貸与】守口市大枝東町１４－２２", "url": "https://www.kaigokensaku.mhlw.go.jp/27/index.php?action_kouhyou_detail_004_kani=true&JigyosyoCd=2773200866-00&ServiceCd=170&Type=search", "url2": null }, "geometry": { "type": "Point", "coordinates": [ 135.567786699999942, 34.7336874 ] } },
{ "type": "Feature", "properties": { "内容": "福祉用具BAKU【福祉用具貸与】大阪府守口市寺方錦通三丁目１－１２メリッサ錦１０１号", "url": "https://www.kaigokensaku.mhlw.go.jp/27/index.php?action_kouhyou_detail_004_kani=true&JigyosyoCd=2773204256-00&ServiceCd=170&Type=search", "url2": null }, "geometry": { "type": "Point", "coordinates": [ 135.578837, 34.723901 ] } },
{ "type": "Feature", "properties": { "内容": "有限会社　ウェルケア【福祉用具貸与】大阪府守口市滝井元町1丁目4-33", "url": "https://www.kaigokensaku.mhlw.go.jp/27/index.php?action_kouhyou_detail_004_kani=true&JigyosyoCd=2773201450-00&ServiceCd=170&Type=search", "url2": null }, "geometry": { "type": "Point", "coordinates": [ 135.556321499999967, 34.72557290000001 ] } },
{ "type": "Feature", "properties": { "内容": "有限会社　ピーチ・ケイ【福祉用具貸与】大阪府守口市藤田町2-14-3", "url": "https://www.kaigokensaku.mhlw.go.jp/27/index.php?action_kouhyou_detail_004_kani=true&JigyosyoCd=2773201344-00&ServiceCd=170&Type=search", "url2": null }, "geometry": { "type": "Point", "coordinates": [ 135.597169799999961, 34.7483665 ] } },
{ "type": "Feature", "properties": { "内容": "有限会社　杉生メディカル設備【福祉用具貸与】大阪府守口市大久保町3丁目9番14号", "url": "https://www.kaigokensaku.mhlw.go.jp/27/index.php?action_kouhyou_detail_004_kani=true&JigyosyoCd=2773200270-00&ServiceCd=170&Type=search", "url2": null }, "geometry": { "type": "Point", "coordinates": [ 135.59502539999994, 34.7531853 ] } },
{ "type": "Feature", "properties": { "内容": "やしのきライフ【福祉用具貸与】大阪府守口市金田町2丁目57-6Kプラザ守口101", "url": "https://www.kaigokensaku.mhlw.go.jp/27/index.php?action_kouhyou_detail_004_kani=true&JigyosyoCd=2773204470-00&ServiceCd=170&Type=search", "url2": "https://yashinoki-life.com/" }, "geometry": { "type": "Point", "coordinates": [ 135.5911554, 34.7598571 ] } },
{ "type": "Feature", "properties": { "内容": "福祉用具センター　ナービスくずは【福祉用具貸与】大阪府枚方市楠葉花園町14-1", "url": "https://www.kaigokensaku.mhlw.go.jp/27/index.php?action_kouhyou_detail_004_kani=true&JigyosyoCd=2772410516-00&ServiceCd=170&Type=search", "url2": "https://joylife.alsok.co.jp/" }, "geometry": { "type": "Point", "coordinates": [ 135.676124942816529, 34.863077025397033 ] } },
{ "type": "Feature", "properties": { "内容": "アーチ福祉用具センター【福祉用具貸与】大阪府枚方市楠葉野田1丁目29-16-202", "url": "https://www.kaigokensaku.mhlw.go.jp/27/index.php?action_kouhyou_detail_004_kani=true&JigyosyoCd=2772408114-00&ServiceCd=170&Type=search", "url2": "http://arch294.com" }, "geometry": { "type": "Point", "coordinates": [ 135.6817962, 34.8661606 ] } },
{ "type": "Feature", "properties": { "内容": "パナソニックエイジフリーショップ枚方【福祉用具貸与】大阪府枚方市中宮西之町４－１５", "url": "https://www.kaigokensaku.mhlw.go.jp/27/index.php?action_kouhyou_detail_004_kani=true&JigyosyoCd=2772407728-00&ServiceCd=170&Type=search", "url2": "https://sumai.panasonic.jp/agefree/map/detail.php?id=217" }, "geometry": { "type": "Point", "coordinates": [ 135.663302488838241, 34.81583296113287 ] } },
{ "type": "Feature", "properties": { "内容": "フランスベッド株式会社　健康福祉プラザ助さんたくさん【福祉用具貸与】大阪府枚方市大峰元町一丁目1番1号", "url": "https://www.kaigokensaku.mhlw.go.jp/27/index.php?action_kouhyou_detail_004_kani=true&JigyosyoCd=2772404352-00&ServiceCd=170&Type=search", "url2": null }, "geometry": { "type": "Point", "coordinates": [ 135.6833805, 34.8132715 ] } },
{ "type": "Feature", "properties": { "内容": "医療法人　昭征会　さかのレンタルサービス【福祉用具貸与】大阪府枚方市中宮山戸町25番10号", "url": "https://www.kaigokensaku.mhlw.go.jp/27/index.php?action_kouhyou_detail_004_kani=true&JigyosyoCd=2772408056-00&ServiceCd=170&Type=search", "url2": null }, "geometry": { "type": "Point", "coordinates": [ 135.667193521822526, 34.815939979057624 ] } },
{ "type": "Feature", "properties": { "内容": "フィリアルサルヴェーション【福祉用具貸与】大阪府枚方市長尾宮前1-1-5-202", "url": "https://www.kaigokensaku.mhlw.go.jp/27/index.php?action_kouhyou_detail_004_kani=true&JigyosyoCd=2772408643-00&ServiceCd=170&Type=search", "url2": null }, "geometry": { "type": "Point", "coordinates": [ 135.71169519999998, 34.824345 ] } },
{ "type": "Feature", "properties": { "内容": "Mplus【福祉用具貸与】大阪府枚方市杉山手1-30-20", "url": "https://www.kaigokensaku.mhlw.go.jp/27/index.php?action_kouhyou_detail_004_kani=true&JigyosyoCd=2772407132-00&ServiceCd=170&Type=search", "url2": null }, "geometry": { "type": "Point", "coordinates": [ 135.722431899999947, 34.818325200000011 ] } },
{ "type": "Feature", "properties": { "内容": "おもいやりケアセンター【福祉用具貸与】大阪府枚方市三矢町3番12号", "url": "https://www.kaigokensaku.mhlw.go.jp/27/index.php?action_kouhyou_detail_004_kani=true&JigyosyoCd=2772405151-00&ServiceCd=170&Type=search", "url2": null }, "geometry": { "type": "Point", "coordinates": [ 135.641450599999985, 34.814034500000034 ] } },
{ "type": "Feature", "properties": { "内容": "はなまるレンタルサービス【福祉用具貸与】大阪府枚方市田口１-19-3", "url": "https://www.kaigokensaku.mhlw.go.jp/27/index.php?action_kouhyou_detail_004_kani=true&JigyosyoCd=2772404477-00&ServiceCd=170&Type=search", "url2": "https://time-get.com" }, "geometry": { "type": "Point", "coordinates": [ 135.673667099999989, 34.826892 ] } },
{ "type": "Feature", "properties": { "内容": "ケアライフ【福祉用具貸与】大阪府枚方市三矢町２番１０号", "url": "https://www.kaigokensaku.mhlw.go.jp/27/index.php?action_kouhyou_detail_004_kani=true&JigyosyoCd=2772401044-00&ServiceCd=170&Type=search", "url2": "http://www.care-life.jp" }, "geometry": { "type": "Point", "coordinates": [ 135.643494899999951, 34.8149567 ] } },
{ "type": "Feature", "properties": { "内容": "株式会社　ゴトウ・アズ・プランニング　枚方店【福祉用具貸与】大阪府枚方市高野道2丁目41-32", "url": "https://www.kaigokensaku.mhlw.go.jp/27/index.php?action_kouhyou_detail_004_kani=true&JigyosyoCd=2772407439-00&ServiceCd=170&Type=search", "url2": "http://www.goto-az.co.jp" }, "geometry": { "type": "Point", "coordinates": [ 135.701572299999953, 34.8473769 ] } },
{ "type": "Feature", "properties": { "内容": "株式会社セレクト【福祉用具貸与】大阪府枚方市長尾家具町２丁目８－９", "url": "https://www.kaigokensaku.mhlw.go.jp/27/index.php?action_kouhyou_detail_004_kani=true&JigyosyoCd=2772405706-00&ServiceCd=170&Type=search", "url2": "http://www.select-shinsengumi.co.jp" }, "geometry": { "type": "Point", "coordinates": [ 135.7105689, 34.8425029 ] } },
{ "type": "Feature", "properties": { "内容": "株式会社　ゼロワン　ゼロワンサービス【福祉用具貸与】大阪府枚方市北中振三丁目２４番３１号KYビル2階", "url": "https://www.kaigokensaku.mhlw.go.jp/27/index.php?action_kouhyou_detail_004_kani=true&JigyosyoCd=2772406407-00&ServiceCd=170&Type=search", "url2": "http://zero-one-osaka.jp" }, "geometry": { "type": "Point", "coordinates": [ 135.629168400000026, 34.7974697 ] } },
{ "type": "Feature", "properties": { "内容": "ダスキンヘルスレント枚方ステーション【福祉用具貸与】大阪府枚方市招提平野町8-30", "url": "https://www.kaigokensaku.mhlw.go.jp/27/index.php?action_kouhyou_detail_004_kani=true&JigyosyoCd=2772401531-00&ServiceCd=170&Type=search", "url2": "https://www.dhr-hirakata.com/" }, "geometry": { "type": "Point", "coordinates": [ 135.681785547292947, 34.840417311178491 ] } },
{ "type": "Feature", "properties": { "内容": "小春日和レンタルサービス【福祉用具貸与】大阪府枚方市東山１丁目６１－１", "url": "https://www.kaigokensaku.mhlw.go.jp/27/index.php?action_kouhyou_detail_004_kani=true&JigyosyoCd=2772406308-00&ServiceCd=170&Type=search", "url2": null }, "geometry": { "type": "Point", "coordinates": [ 135.687259600000061, 34.8511647 ] } },
{ "type": "Feature", "properties": { "内容": "エクセルケア【福祉用具貸与】大阪府枚方市長尾元町３丁目２３番３号", "url": "https://www.kaigokensaku.mhlw.go.jp/27/index.php?action_kouhyou_detail_004_kani=true&JigyosyoCd=2772402661-00&ServiceCd=170&Type=search", "url2": null }, "geometry": { "type": "Point", "coordinates": [ 135.7073722, 34.8277208 ] } },
{ "type": "Feature", "properties": { "内容": "ヘルシーライフ大阪支店【福祉用具貸与】大阪府枚方市高田2-13-1すずらんビル2F", "url": "https://www.kaigokensaku.mhlw.go.jp/27/index.php?action_kouhyou_detail_004_kani=true&JigyosyoCd=2772405441-00&ServiceCd=170&Type=search", "url2": "http://www.go-kenko.jp/" }, "geometry": { "type": "Point", "coordinates": [ 135.661363400000027, 34.781269 ] } },
{ "type": "Feature", "properties": { "内容": "ケアサポートかがやき【福祉用具貸与】大阪府枚方市伊加賀北町４番３号", "url": "https://www.kaigokensaku.mhlw.go.jp/27/index.php?action_kouhyou_detail_004_kani=true&JigyosyoCd=2772404618-00&ServiceCd=170&Type=search", "url2": "http://www2.odn.ne.jp/kagayaki/" }, "geometry": { "type": "Point", "coordinates": [ 135.641131299999984, 34.8106043 ] } },
{ "type": "Feature", "properties": { "内容": "有限会社福若【福祉用具貸与】大阪府枚方市星丘3丁目25番4号", "url": "https://www.kaigokensaku.mhlw.go.jp/27/index.php?action_kouhyou_detail_004_kani=true&JigyosyoCd=2772403073-00&ServiceCd=170&Type=search", "url2": "http://www.eonet.ne.jp/~fukuwaka/other/kaisya.html" }, "geometry": { "type": "Point", "coordinates": [ 135.66839589999995, 34.808941 ] } },
{ "type": "Feature", "properties": { "内容": "ライフ【福祉用具貸与】大阪府枚方市高田2-24-18", "url": "https://www.kaigokensaku.mhlw.go.jp/27/index.php?action_kouhyou_detail_004_kani=true&JigyosyoCd=2772408650-00&ServiceCd=170&Type=search", "url2": "https://介護のライフ.com/" }, "geometry": { "type": "Point", "coordinates": [ 135.6582467, 34.7802248 ] } },
{ "type": "Feature", "properties": { "内容": "有限会社ケルン介護サービス【福祉用具貸与】枚方市印田町25-4", "url": "https://www.kaigokensaku.mhlw.go.jp/27/index.php?action_kouhyou_detail_004_kani=true&JigyosyoCd=2772401903-00&ServiceCd=170&Type=search", "url2": "http://hp.kaipoke.biz/vxe/" }, "geometry": { "type": "Point", "coordinates": [ 135.666253825131207, 34.807378749487825 ] } },
{ "type": "Feature", "properties": { "内容": "あっとホーム株式会社【福祉用具貸与】大阪府枚方市北中振３－３１－２１", "url": "https://www.kaigokensaku.mhlw.go.jp/27/index.php?action_kouhyou_detail_004_kani=true&JigyosyoCd=2772405805-00&ServiceCd=170&Type=search", "url2": "http://kansai-attohome.com/" }, "geometry": { "type": "Point", "coordinates": [ 135.629464500000012, 34.796711 ] } },
{ "type": "Feature", "properties": { "内容": "愛らんど枚方【福祉用具貸与】大阪府枚方市中宮大池2-10-1", "url": "https://www.kaigokensaku.mhlw.go.jp/27/index.php?action_kouhyou_detail_004_kani=true&JigyosyoCd=2772407546-00&ServiceCd=170&Type=search", "url2": null }, "geometry": { "type": "Point", "coordinates": [ 135.678836400000023, 34.8150712 ] } },
{ "type": "Feature", "properties": { "内容": "株式会社システムライフ【福祉用具貸与】大阪府枚方市杉一丁目34番26号", "url": "https://www.kaigokensaku.mhlw.go.jp/27/index.php?action_kouhyou_detail_004_kani=true&JigyosyoCd=2772409765-00&ServiceCd=170&Type=search", "url2": "https://systemlife19.wixsite.com/systemlifetop" }, "geometry": { "type": "Point", "coordinates": [ 135.7203331, 34.8110922 ] } },
{ "type": "Feature", "properties": { "内容": "toiro【福祉用具貸与】大阪府枚方市星丘４丁目21番10号ひかりハイツ１０５号室", "url": "https://www.kaigokensaku.mhlw.go.jp/27/index.php?action_kouhyou_detail_004_kani=true&JigyosyoCd=2772410342-00&ServiceCd=170&Type=search", "url2": null }, "geometry": { "type": "Point", "coordinates": [ 135.6713475, 34.8084651 ] } },
{ "type": "Feature", "properties": { "内容": "サエラ介護ショップくずは【福祉用具貸与】大阪府枚方市楠葉花園町11-3くずはメディケアモール208号", "url": "https://www.kaigokensaku.mhlw.go.jp/27/index.php?action_kouhyou_detail_004_kani=true&JigyosyoCd=2772409864-00&ServiceCd=170&Type=search", "url2": "https://kaigoshop.jp/" }, "geometry": { "type": "Point", "coordinates": [ 135.674860700000011, 34.8597883 ] } },
{ "type": "Feature", "properties": { "内容": "ＫＹＫ介護ショップ【福祉用具貸与】大阪府枚方市楠葉朝日一丁目21-8２Ｆ２０１", "url": "https://www.kaigokensaku.mhlw.go.jp/27/index.php?action_kouhyou_detail_004_kani=true&JigyosyoCd=2772402026-00&ServiceCd=170&Type=search", "url2": null }, "geometry": { "type": "Point", "coordinates": [ 135.686498635581955, 34.855812960202741 ] } },
{ "type": "Feature", "properties": { "内容": "アイエスレンタルサービス【福祉用具貸与】大阪府枚方市走谷2-31-1", "url": "https://www.kaigokensaku.mhlw.go.jp/27/index.php?action_kouhyou_detail_004_kani=true&JigyosyoCd=2772410698-00&ServiceCd=170&Type=search", "url2": null }, "geometry": { "type": "Point", "coordinates": [ 135.6316195, 34.801380600000023 ] } },
{ "type": "Feature", "properties": { "内容": "たんぽぽ綿毛の福祉用具屋さん【福祉用具貸与】大阪府枚方市牧野阪2丁目19番16号ラ・フェスタ牧野211号", "url": "https://www.kaigokensaku.mhlw.go.jp/27/index.php?action_kouhyou_detail_004_kani=true&JigyosyoCd=2772410409-00&ServiceCd=170&Type=search", "url2": "https://tanpopowatage.hp.peraichi.com" }, "geometry": { "type": "Point", "coordinates": [ 135.6665071, 34.8414948 ] } },
{ "type": "Feature", "properties": { "内容": "くるくるマーケット【福祉用具貸与】大阪府枚方市牧野本町１丁目１０番３６号１Ｆ", "url": "https://www.kaigokensaku.mhlw.go.jp/27/index.php?action_kouhyou_detail_004_kani=true&JigyosyoCd=2772410656-00&ServiceCd=170&Type=search", "url2": "https://www.kurukuru-market.com/cont10/16.html" }, "geometry": { "type": "Point", "coordinates": [ 135.669830600000012, 34.8416125 ] } },
{ "type": "Feature", "properties": { "内容": "グースマイル【福祉用具貸与】大阪府茨木市五十鈴町7-29シティコーポ五十鈴1FN号室", "url": "https://www.kaigokensaku.mhlw.go.jp/27/index.php?action_kouhyou_detail_004_kani=true&JigyosyoCd=2774206250-00&ServiceCd=170&Type=search", "url2": null }, "geometry": { "type": "Point", "coordinates": [ 135.5880345, 34.8141783 ] } },
{ "type": "Feature", "properties": { "内容": "スカットジャパン【福祉用具貸与】大阪府茨木市水尾3丁目16番25号", "url": "https://www.kaigokensaku.mhlw.go.jp/27/index.php?action_kouhyou_detail_004_kani=true&JigyosyoCd=2774204701-00&ServiceCd=170&Type=search", "url2": null }, "geometry": { "type": "Point", "coordinates": [ 135.577376400000048, 34.8044203 ] } },
{ "type": "Feature", "properties": { "内容": "フランスベッド株式会社　メディカル大阪北営業所【福祉用具貸与】大阪府茨木市東太田二丁目4番24号西村倉庫102号室", "url": "https://www.kaigokensaku.mhlw.go.jp/27/index.php?action_kouhyou_detail_004_kani=true&JigyosyoCd=2774203513-00&ServiceCd=170&Type=search", "url2": "http://www.francebed.co.jp/" }, "geometry": { "type": "Point", "coordinates": [ 135.579855800000018, 34.8394199 ] } },
{ "type": "Feature", "properties": { "内容": "介護ショップひまわり茨木店【福祉用具貸与】大阪府茨木市横江1-2-22", "url": "https://www.kaigokensaku.mhlw.go.jp/27/index.php?action_kouhyou_detail_004_kani=true&JigyosyoCd=2774205443-00&ServiceCd=170&Type=search", "url2": "https://www.himawari200207.com/" }, "geometry": { "type": "Point", "coordinates": [ 135.5705147, 34.791557 ] } },
{ "type": "Feature", "properties": { "内容": "十全パーフェクト【福祉用具貸与】大阪府茨木市田中町16番5号", "url": "https://www.kaigokensaku.mhlw.go.jp/27/index.php?action_kouhyou_detail_004_kani=true&JigyosyoCd=2774201863-00&ServiceCd=170&Type=search", "url2": "http://perfectcaregoods.com/" }, "geometry": { "type": "Point", "coordinates": [ 135.572112299999958, 34.8280903 ] } },
{ "type": "Feature", "properties": { "内容": "福祉用具レンタルステーション茨木【福祉用具貸与】大阪府茨木市大同町4番16号", "url": "https://www.kaigokensaku.mhlw.go.jp/27/index.php?action_kouhyou_detail_004_kani=true&JigyosyoCd=2774205948-00&ServiceCd=170&Type=search", "url2": null }, "geometry": { "type": "Point", "coordinates": [ 135.587462251798286, 34.808478821070224 ] } },
{ "type": "Feature", "properties": { "内容": "パナソニックエイジフリーショップ茨木三島【福祉用具貸与】大阪府茨木市大池1-14-59", "url": "https://www.kaigokensaku.mhlw.go.jp/27/index.php?action_kouhyou_detail_004_kani=true&JigyosyoCd=2774206102-00&ServiceCd=170&Type=search", "url2": "https://sumai.panasonic.jp/agefree/map/detail.php?id=429" }, "geometry": { "type": "Point", "coordinates": [ 135.5783726, 34.8097961 ] } },
{ "type": "Feature", "properties": { "内容": "株式会社あいであい【福祉用具貸与】大阪府茨木市三島丘2-8-16", "url": "https://www.kaigokensaku.mhlw.go.jp/27/index.php?action_kouhyou_detail_004_kani=true&JigyosyoCd=2774204479-00&ServiceCd=170&Type=search", "url2": "http://aideai.wp.xdomain.jp/" }, "geometry": { "type": "Point", "coordinates": [ 135.580975200000012, 34.833079 ] } },
{ "type": "Feature", "properties": { "内容": "一歩ケアサービス【福祉用具貸与】大阪府茨木市千提寺293番地", "url": "https://www.kaigokensaku.mhlw.go.jp/27/index.php?action_kouhyou_detail_004_kani=true&JigyosyoCd=2774205484-00&ServiceCd=170&Type=search", "url2": null }, "geometry": { "type": "Point", "coordinates": [ 135.5348426, 34.8868369 ] } },
{ "type": "Feature", "properties": { "内容": "サンエイド【福祉用具貸与】大阪府茨木市小柳町9番22号サンライズ山野A201", "url": "https://www.kaigokensaku.mhlw.go.jp/27/index.php?action_kouhyou_detail_004_kani=true&JigyosyoCd=2774206391-00&ServiceCd=170&Type=search", "url2": null }, "geometry": { "type": "Point", "coordinates": [ 135.580511900000033, 34.7956711 ] } },
{ "type": "Feature", "properties": { "内容": "ぴーすわん【福祉用具貸与】大阪府茨木市真砂1-3-1竹島マンション105", "url": "https://www.kaigokensaku.mhlw.go.jp/27/index.php?action_kouhyou_detail_004_kani=true&JigyosyoCd=2774205914-00&ServiceCd=170&Type=search", "url2": null }, "geometry": { "type": "Point", "coordinates": [ 135.5744412, 34.8009199 ] } },
{ "type": "Feature", "properties": { "内容": "パナソニックエイジフリーショップ八尾中央【福祉用具貸与】八尾市萱振町４丁目４４－７", "url": "https://www.kaigokensaku.mhlw.go.jp/27/index.php?action_kouhyou_detail_004_kani=true&JigyosyoCd=2775502616-00&ServiceCd=170&Type=search", "url2": "http://sumai.panasonic.jp/agefree/shop/search/shop_detail.php?shop=976" }, "geometry": { "type": "Point", "coordinates": [ 135.603252, 34.6401704 ] } },
{ "type": "Feature", "properties": { "内容": "ベルサポート【福祉用具貸与】大阪府八尾市竹渕西2丁目57番地サンシティ八尾215号", "url": "https://www.kaigokensaku.mhlw.go.jp/27/index.php?action_kouhyou_detail_004_kani=true&JigyosyoCd=2775507276-00&ServiceCd=170&Type=search", "url2": null }, "geometry": { "type": "Point", "coordinates": [ 135.5643708, 34.6181101 ] } },
{ "type": "Feature", "properties": { "内容": "りぼん福祉用具サービス【福祉用具貸与】大阪府八尾市佐堂町三丁目1番8号", "url": "https://www.kaigokensaku.mhlw.go.jp/27/index.php?action_kouhyou_detail_004_kani=true&JigyosyoCd=2775506922-00&ServiceCd=170&Type=search", "url2": null }, "geometry": { "type": "Point", "coordinates": [ 135.5906656, 34.6342883 ] } },
{ "type": "Feature", "properties": { "内容": "長寿福祉用具貸与センター【福祉用具貸与】八尾市宮町一丁目1番5号", "url": "https://www.kaigokensaku.mhlw.go.jp/27/index.php?action_kouhyou_detail_004_kani=true&JigyosyoCd=2775500941-00&ServiceCd=170&Type=search", "url2": null }, "geometry": { "type": "Point", "coordinates": [ 135.597519, 34.6320426 ] } },
{ "type": "Feature", "properties": { "内容": "株式会社オープル【福祉用具貸与】大阪府八尾市本町2丁目8番3号オープル本町ビル", "url": "https://www.kaigokensaku.mhlw.go.jp/27/index.php?action_kouhyou_detail_004_kani=true&JigyosyoCd=2775501030-00&ServiceCd=170&Type=search", "url2": "http://www.ouple.com" }, "geometry": { "type": "Point", "coordinates": [ 135.599507456961106, 34.627707126344816 ] } },
{ "type": "Feature", "properties": { "内容": "くらしサポート中谷【福祉用具貸与】大阪府八尾市八尾木北5丁目189番地", "url": "https://www.kaigokensaku.mhlw.go.jp/27/index.php?action_kouhyou_detail_004_kani=true&JigyosyoCd=2775507011-00&ServiceCd=170&Type=search", "url2": null }, "geometry": { "type": "Point", "coordinates": [ 135.6141228, 34.6146474 ] } },
{ "type": "Feature", "properties": { "内容": "福祉用具サービスわんど【福祉用具貸与】大阪府八尾市恩智中町２丁目２１３番地", "url": "https://www.kaigokensaku.mhlw.go.jp/27/index.php?action_kouhyou_detail_004_kani=true&JigyosyoCd=2775507037-00&ServiceCd=170&Type=search", "url2": "https://www.kurehaplan.com/" }, "geometry": { "type": "Point", "coordinates": [ 135.629864, 34.6085535 ] } },
{ "type": "Feature", "properties": { "内容": "ひかるケアサービス八尾店【福祉用具貸与】大阪府八尾市山本町北8-3-20", "url": "https://www.kaigokensaku.mhlw.go.jp/27/index.php?action_kouhyou_detail_004_kani=true&JigyosyoCd=2775506765-00&ServiceCd=170&Type=search", "url2": "http://hikaru-care.com/" }, "geometry": { "type": "Point", "coordinates": [ 135.6168577, 34.6479609 ] } },
{ "type": "Feature", "properties": { "内容": "プラザ薬局ＣＳセンター【福祉用具貸与】大阪府八尾市陽光園２丁目４番１５号　陽光園ＨＳビル１階", "url": "https://www.kaigokensaku.mhlw.go.jp/27/index.php?action_kouhyou_detail_004_kani=true&JigyosyoCd=2775502913-00&ServiceCd=170&Type=search", "url2": "http://www.plaza-pharmacy.co.jp" }, "geometry": { "type": "Point", "coordinates": [ 135.598607500000071, 34.6193691 ] } },
{ "type": "Feature", "properties": { "内容": "ゆうわ介護サービス【福祉用具貸与】大阪府八尾市南太子堂３－４－６", "url": "https://www.kaigokensaku.mhlw.go.jp/27/index.php?action_kouhyou_detail_004_kani=true&JigyosyoCd=2775504729-00&ServiceCd=170&Type=search", "url2": null }, "geometry": { "type": "Point", "coordinates": [ 135.588691978538918, 34.610562256574156 ] } },
{ "type": "Feature", "properties": { "内容": "ほのぼのらいふ【福祉用具貸与】八尾市本町2-9-19ココビルディング２階", "url": "https://www.kaigokensaku.mhlw.go.jp/27/index.php?action_kouhyou_detail_004_kani=true&JigyosyoCd=2775506575-00&ServiceCd=170&Type=search", "url2": "https://genkinakaigo.co.jp/gr/evest/index.html" }, "geometry": { "type": "Point", "coordinates": [ 135.597647850032644, 34.62763016827315 ] } },
{ "type": "Feature", "properties": { "内容": "株式会社　三笑堂　東大阪支店【福祉用具貸与】大阪府八尾市福万寺町南1丁目1-1", "url": "https://www.kaigokensaku.mhlw.go.jp/27/index.php?action_kouhyou_detail_004_kani=true&JigyosyoCd=2775504018-00&ServiceCd=170&Type=search", "url2": "http://www.sanshodoh.co.jp/" }, "geometry": { "type": "Point", "coordinates": [ 135.619156100000026, 34.6420928 ] } },
{ "type": "Feature", "properties": { "内容": "日本エム・エー・シー【福祉用具貸与】大阪府八尾市山本町南四丁目3番21号", "url": "https://www.kaigokensaku.mhlw.go.jp/27/index.php?action_kouhyou_detail_004_kani=true&JigyosyoCd=2775504786-00&ServiceCd=170&Type=search", "url2": null }, "geometry": { "type": "Point", "coordinates": [ 135.621190079237408, 34.625956089767115 ] } },
{ "type": "Feature", "properties": { "内容": "ホーム太子堂【福祉用具貸与】大阪府八尾市太子堂4丁目5番1号", "url": "https://www.kaigokensaku.mhlw.go.jp/27/index.php?action_kouhyou_detail_004_kani=true&JigyosyoCd=2775500800-00&ServiceCd=170&Type=search", "url2": "http://www.ryuge.or.jp/" }, "geometry": { "type": "Point", "coordinates": [ 135.585776600000031, 34.6152506 ] } },
{ "type": "Feature", "properties": { "内容": "有限会社　ゾーン【福祉用具貸与】八尾市高安町北５－１０７", "url": "https://www.kaigokensaku.mhlw.go.jp/27/index.php?action_kouhyou_detail_004_kani=true&JigyosyoCd=2775502319-00&ServiceCd=170&Type=search", "url2": null }, "geometry": { "type": "Point", "coordinates": [ 135.6266028, 34.619648300000016 ] } },
{ "type": "Feature", "properties": { "内容": "コンフォート【福祉用具貸与】大阪府八尾市大窪384番地", "url": "https://www.kaigokensaku.mhlw.go.jp/27/index.php?action_kouhyou_detail_004_kani=true&JigyosyoCd=2775506799-00&ServiceCd=170&Type=search", "url2": null }, "geometry": { "type": "Point", "coordinates": [ 135.649029272693156, 34.630229749766926 ] } },
{ "type": "Feature", "properties": { "内容": "engメディカルサプライ【福祉用具貸与】大阪府八尾市本町4丁目4番8号パールナイン202号", "url": "https://www.kaigokensaku.mhlw.go.jp/27/index.php?action_kouhyou_detail_004_kani=true&JigyosyoCd=2775507417-00&ServiceCd=170&Type=search", "url2": null }, "geometry": { "type": "Point", "coordinates": [ 135.594869859987881, 34.62809764491022 ] } },
{ "type": "Feature", "properties": { "内容": "あいえんぷらす【福祉用具貸与】大阪府八尾市清水町1-1-18-104", "url": "https://www.kaigokensaku.mhlw.go.jp/27/index.php?action_kouhyou_detail_004_kani=true&JigyosyoCd=2775506823-00&ServiceCd=170&Type=search", "url2": "https://aien.io" }, "geometry": { "type": "Point", "coordinates": [ 135.6013088, 34.625067 ] } },
{ "type": "Feature", "properties": { "内容": "でぃあおほうむサービス【福祉用具貸与】大阪府八尾市柏村町4丁目町254番地", "url": "https://www.kaigokensaku.mhlw.go.jp/27/index.php?action_kouhyou_detail_004_kani=true&JigyosyoCd=2775504455-00&ServiceCd=170&Type=search", "url2": null }, "geometry": { "type": "Point", "coordinates": [ 135.625867565063032, 34.610917545334694 ] } },
{ "type": "Feature", "properties": { "内容": "フォーユー福祉用具センター【福祉用具貸与】大阪府八尾市高砂町1-22-3", "url": "https://www.kaigokensaku.mhlw.go.jp/27/index.php?action_kouhyou_detail_004_kani=true&JigyosyoCd=2775503960-00&ServiceCd=170&Type=search", "url2": null }, "geometry": { "type": "Point", "coordinates": [ 135.609717963806361, 34.648800575050032 ] } },
{ "type": "Feature", "properties": { "内容": "QCC大阪【福祉用具貸与】大阪府八尾市恩智北町2-18-1ディアスかわさきA棟102号", "url": "https://www.kaigokensaku.mhlw.go.jp/27/index.php?action_kouhyou_detail_004_kani=true&JigyosyoCd=2775506187-00&ServiceCd=170&Type=search", "url2": "https://www.pluss-qcc.com" }, "geometry": { "type": "Point", "coordinates": [ 135.628860720984449, 34.613166063588714 ] } },
{ "type": "Feature", "properties": { "内容": "ライフサービス【福祉用具貸与】大阪府八尾市太田新町7丁目200番地", "url": "https://www.kaigokensaku.mhlw.go.jp/27/index.php?action_kouhyou_detail_004_kani=true&JigyosyoCd=2775508076-00&ServiceCd=170&Type=search", "url2": "https://r21.co.jp" }, "geometry": { "type": "Point", "coordinates": [ 135.5988211, 34.5904312 ] } },
{ "type": "Feature", "properties": { "内容": "ほほえみ介護サービスセンター【福祉用具貸与】大阪府八尾市沼1丁目78番地の3", "url": "https://www.kaigokensaku.mhlw.go.jp/27/index.php?action_kouhyou_detail_004_kani=true&JigyosyoCd=2775500636-00&ServiceCd=170&Type=search", "url2": null }, "geometry": { "type": "Point", "coordinates": [ 135.60132, 34.5881788 ] } },
{ "type": "Feature", "properties": { "内容": "らくふく【福祉用具貸与】大阪府八尾市本町5-1-12-102小川店尾102号", "url": "https://www.kaigokensaku.mhlw.go.jp/27/index.php?action_kouhyou_detail_004_kani=true&JigyosyoCd=2775506914-00&ServiceCd=170&Type=search", "url2": "http://www.raku-fuku.net/" }, "geometry": { "type": "Point", "coordinates": [ 135.598765899999989, 34.6282068 ] } },
{ "type": "Feature", "properties": { "内容": "介護レンタルえがお【福祉用具貸与】大阪府八尾市恩智中町2-23　A202メゾンたつみ　A202", "url": "https://www.kaigokensaku.mhlw.go.jp/27/index.php?action_kouhyou_detail_004_kani=true&JigyosyoCd=2775508126-00&ServiceCd=170&Type=search", "url2": null }, "geometry": { "type": "Point", "coordinates": [ 135.631908552778583, 34.609281 ] } },
{ "type": "Feature", "properties": { "内容": "ケアステーションかがやき【福祉用具貸与】大阪府泉佐野市高松北1-8-82稲垣ビル302号", "url": "https://www.kaigokensaku.mhlw.go.jp/27/index.php?action_kouhyou_detail_004_kani=true&JigyosyoCd=2774501403-00&ServiceCd=170&Type=search", "url2": "https://www.care-kagayaki.com/" }, "geometry": { "type": "Point", "coordinates": [ 135.315095199999973, 34.4075625 ] } },
{ "type": "Feature", "properties": { "内容": "米谷暮らし研究所【福祉用具貸与】大阪府泉佐野市南泉ヶ丘2丁目3-7", "url": "https://www.kaigokensaku.mhlw.go.jp/27/index.php?action_kouhyou_detail_004_kani=true&JigyosyoCd=2774502484-00&ServiceCd=170&Type=search", "url2": "http://www.komelabo.net/" }, "geometry": { "type": "Point", "coordinates": [ 135.348417708926377, 34.410725170638017 ] } },
{ "type": "Feature", "properties": { "内容": "まるたん【福祉用具貸与】大阪府泉佐野市野出町18-20", "url": "https://www.kaigokensaku.mhlw.go.jp/27/index.php?action_kouhyou_detail_004_kani=true&JigyosyoCd=2774502948-00&ServiceCd=170&Type=search", "url2": null }, "geometry": { "type": "Point", "coordinates": [ 135.308429787350605, 34.413198511912256 ] } },
{ "type": "Feature", "properties": { "内容": "ケアショップ　すまいるズ【福祉用具貸与】大阪府泉佐野市上瓦屋６３５番地３", "url": "https://www.kaigokensaku.mhlw.go.jp/27/index.php?action_kouhyou_detail_004_kani=true&JigyosyoCd=2774500645-00&ServiceCd=170&Type=search", "url2": "http://www.smiles294.co.jp" }, "geometry": { "type": "Point", "coordinates": [ 135.337369500000023, 34.4177218 ] } },
{ "type": "Feature", "properties": { "内容": "あい・ケア・ネット【福祉用具貸与】泉佐野市葵町2-2-44", "url": "https://www.kaigokensaku.mhlw.go.jp/27/index.php?action_kouhyou_detail_004_kani=true&JigyosyoCd=2774500660-00&ServiceCd=170&Type=search", "url2": null }, "geometry": { "type": "Point", "coordinates": [ 135.320721400000025, 34.4000317 ] } },
{ "type": "Feature", "properties": { "内容": "プラスワンケア【福祉用具貸与】大阪府泉佐野市中町３丁目３-１８", "url": "https://www.kaigokensaku.mhlw.go.jp/27/index.php?action_kouhyou_detail_004_kani=true&JigyosyoCd=2774502021-00&ServiceCd=170&Type=search", "url2": "http://plus-ones.jp/" }, "geometry": { "type": "Point", "coordinates": [ 135.315260699999953, 34.4001178 ] } },
{ "type": "Feature", "properties": { "内容": "ケアオリーブ【福祉用具貸与】大阪府泉佐野市鶴原１５７８番３オリーブＳＫＪ内", "url": "https://www.kaigokensaku.mhlw.go.jp/27/index.php?action_kouhyou_detail_004_kani=true&JigyosyoCd=2774504134-00&ServiceCd=170&Type=search", "url2": null }, "geometry": { "type": "Point", "coordinates": [ 135.337716500000028, 34.42195 ] } },
{ "type": "Feature", "properties": { "内容": "介護ショップひなた【福祉用具貸与】大阪府泉佐野市岡本2丁目2番24号", "url": "https://www.kaigokensaku.mhlw.go.jp/27/index.php?action_kouhyou_detail_004_kani=true&JigyosyoCd=2774503805-00&ServiceCd=170&Type=search", "url2": "https://seven2021.co.jp/" }, "geometry": { "type": "Point", "coordinates": [ 135.301934499999987, 34.3935437 ] } },
{ "type": "Feature", "properties": { "内容": "かじせケアサポート【福祉用具貸与】大阪府泉佐野市高松北1-4-15", "url": "https://www.kaigokensaku.mhlw.go.jp/27/index.php?action_kouhyou_detail_004_kani=true&JigyosyoCd=2774501320-00&ServiceCd=170&Type=search", "url2": "http://kajise.com/" }, "geometry": { "type": "Point", "coordinates": [ 135.315879900000027, 34.4095501 ] } },
{ "type": "Feature", "properties": { "内容": "かじせ総合設備リスタート【福祉用具貸与】大阪府泉佐野市日根野5948番2", "url": "https://www.kaigokensaku.mhlw.go.jp/27/index.php?action_kouhyou_detail_004_kani=true&JigyosyoCd=2774502633-00&ServiceCd=170&Type=search", "url2": "http://kajise-sogo-setsubi.com/" }, "geometry": { "type": "Point", "coordinates": [ 135.325565500000039, 34.3944048 ] } },
{ "type": "Feature", "properties": { "内容": "アイビーホーム【福祉用具貸与】大阪府泉佐野市野出町18-34俵田マンション20号", "url": "https://www.kaigokensaku.mhlw.go.jp/27/index.php?action_kouhyou_detail_004_kani=true&JigyosyoCd=2774502989-00&ServiceCd=170&Type=search", "url2": null }, "geometry": { "type": "Point", "coordinates": [ 135.308830299999954, 34.413644 ] } },
{ "type": "Feature", "properties": { "内容": "有限会社　梶野商店【福祉用具貸与】大阪府泉佐野市市場西２丁目２番１５号", "url": "https://www.kaigokensaku.mhlw.go.jp/27/index.php?action_kouhyou_detail_004_kani=true&JigyosyoCd=2774500173-00&ServiceCd=170&Type=search", "url2": null }, "geometry": { "type": "Point", "coordinates": [ 135.3210784, 34.4061614 ] } },
{ "type": "Feature", "properties": { "内容": "公栄株式会社　栄公福祉用具貸与事業所【福祉用具貸与】大阪府泉佐野市中町2丁目4番28号", "url": "https://www.kaigokensaku.mhlw.go.jp/27/index.php?action_kouhyou_detail_004_kani=true&JigyosyoCd=2774502302-00&ServiceCd=170&Type=search", "url2": "http://www.sanokinen.jp/" }, "geometry": { "type": "Point", "coordinates": [ 135.316923153688208, 34.40025269958705 ] } },
{ "type": "Feature", "properties": { "内容": "ココ福祉用具【福祉用具貸与】大阪府富田林市喜志町三丁目9番1号", "url": "https://www.kaigokensaku.mhlw.go.jp/27/index.php?action_kouhyou_detail_004_kani=true&JigyosyoCd=2774903302-00&ServiceCd=170&Type=search", "url2": null }, "geometry": { "type": "Point", "coordinates": [ 135.610253, 34.5239157 ] } },
{ "type": "Feature", "properties": { "内容": "株式会社M＆C　やすらぎの村　福祉用具富田林【福祉用具貸与】大阪府富田林市向陽台2-1-12", "url": "https://www.kaigokensaku.mhlw.go.jp/27/index.php?action_kouhyou_detail_004_kani=true&JigyosyoCd=2774900100-00&ServiceCd=170&Type=search", "url2": "http://www.inforlive.com" }, "geometry": { "type": "Point", "coordinates": [ 135.581024499999984, 34.501036 ] } },
{ "type": "Feature", "properties": { "内容": "株式会社　ハウスケアパートナー【福祉用具貸与】大阪府富田林市寿町二丁目4番30号", "url": "https://www.kaigokensaku.mhlw.go.jp/27/index.php?action_kouhyou_detail_004_kani=true&JigyosyoCd=2774902569-00&ServiceCd=170&Type=search", "url2": "https://h-c-p.co.jp" }, "geometry": { "type": "Point", "coordinates": [ 135.594964, 34.5019105 ] } },
{ "type": "Feature", "properties": { "内容": "サンケアライフ【福祉用具貸与】大阪府富田林市寿町4丁目5‐20", "url": "https://www.kaigokensaku.mhlw.go.jp/27/index.php?action_kouhyou_detail_004_kani=true&JigyosyoCd=2774901090-00&ServiceCd=170&Type=search", "url2": "http://sun-care-life.sakura.ne.jp/" }, "geometry": { "type": "Point", "coordinates": [ 135.592847600000027, 34.500082900000017 ] } },
{ "type": "Feature", "properties": { "内容": "福祉用具つるとかめ　富田林【福祉用具貸与】大阪府富田林市旭ケ丘町1番1号", "url": "https://www.kaigokensaku.mhlw.go.jp/27/index.php?action_kouhyou_detail_004_kani=true&JigyosyoCd=2774902999-00&ServiceCd=170&Type=search", "url2": null }, "geometry": { "type": "Point", "coordinates": [ 135.606760514749908, 34.520976272594325 ] } },
{ "type": "Feature", "properties": { "内容": "さらそうじゅレンタルサービス【福祉用具貸与】大阪府富田林市寿町2－8－26", "url": "https://www.kaigokensaku.mhlw.go.jp/27/index.php?action_kouhyou_detail_004_kani=true&JigyosyoCd=2774901124-00&ServiceCd=170&Type=search", "url2": null }, "geometry": { "type": "Point", "coordinates": [ 135.597774800000025, 34.5032798 ] } },
{ "type": "Feature", "properties": { "内容": "株式会社熊のバリアフリー工房【福祉用具貸与】大阪府富田林市宮甲田町16-23", "url": "https://www.kaigokensaku.mhlw.go.jp/27/index.php?action_kouhyou_detail_004_kani=true&JigyosyoCd=2774903534-00&ServiceCd=170&Type=search", "url2": null }, "geometry": { "type": "Point", "coordinates": [ 135.586756799999989, 34.4972819 ] } },
{ "type": "Feature", "properties": { "内容": "スコップ２【福祉用具貸与】大阪府寝屋川市錦町11-12グレイスキューブ202号室", "url": "https://www.kaigokensaku.mhlw.go.jp/27/index.php?action_kouhyou_detail_004_kani=true&JigyosyoCd=2770307136-00&ServiceCd=170&Type=search", "url2": "https://kaigo-scoop.com/" }, "geometry": { "type": "Point", "coordinates": [ 135.6165624, 34.7609967 ] } },
{ "type": "Feature", "properties": { "内容": "ライフマーク香里園【福祉用具貸与】寝屋川市寿町50-34", "url": "https://www.kaigokensaku.mhlw.go.jp/27/index.php?action_kouhyou_detail_004_kani=true&JigyosyoCd=2770304919-00&ServiceCd=170&Type=search", "url2": "http://www.ueroku.jp/" }, "geometry": { "type": "Point", "coordinates": [ 135.626310600000011, 34.7836491 ] } },
{ "type": "Feature", "properties": { "内容": "レントサービスHGここち【福祉用具貸与】大阪府寝屋川市寿町48-11イズミビル201号", "url": "https://www.kaigokensaku.mhlw.go.jp/27/index.php?action_kouhyou_detail_004_kani=true&JigyosyoCd=2770305908-00&ServiceCd=170&Type=search", "url2": "http://www.hitguard.net/" }, "geometry": { "type": "Point", "coordinates": [ 135.6273605, 34.7832637 ] } },
{ "type": "Feature", "properties": { "内容": "福祉用具　ラビアン【福祉用具貸与】大阪府寝屋川市高柳栄町8番1号", "url": "https://www.kaigokensaku.mhlw.go.jp/27/index.php?action_kouhyou_detail_004_kani=true&JigyosyoCd=2770305551-00&ServiceCd=170&Type=search", "url2": "https://mnta.co.jp" }, "geometry": { "type": "Point", "coordinates": [ 135.609843100000035, 34.7675312 ] } },
{ "type": "Feature", "properties": { "内容": "はなまるレンタルサービス寝屋川支店【福祉用具貸与】大阪府寝屋川市仁和寺本町4-11-13", "url": "https://www.kaigokensaku.mhlw.go.jp/27/index.php?action_kouhyou_detail_004_kani=true&JigyosyoCd=2770306872-00&ServiceCd=170&Type=search", "url2": "https://time-get.com" }, "geometry": { "type": "Point", "coordinates": [ 135.5946813, 34.76612 ] } },
{ "type": "Feature", "properties": { "内容": "ケア２１ライフプラス京阪大利【福祉用具貸与】大阪府寝屋川市長栄寺町6番16号あしびビル1階103号室", "url": "https://www.kaigokensaku.mhlw.go.jp/27/index.php?action_kouhyou_detail_004_kani=true&JigyosyoCd=2770304539-00&ServiceCd=170&Type=search", "url2": "https://www.care21.co.jp/service/rental/lifeplus" }, "geometry": { "type": "Point", "coordinates": [ 135.611581900000033, 34.7654343 ] } },
{ "type": "Feature", "properties": { "内容": "スマイルらいふ寝屋川介護サービスセンター【福祉用具貸与】大阪府寝屋川市東神田町32番31号", "url": "https://www.kaigokensaku.mhlw.go.jp/27/index.php?action_kouhyou_detail_004_kani=true&JigyosyoCd=2770305221-00&ServiceCd=170&Type=search", "url2": "http://smile-lifecare.jp/" }, "geometry": { "type": "Point", "coordinates": [ 135.613698699999986, 34.753802399999984 ] } },
{ "type": "Feature", "properties": { "内容": "ウェルファーグッズステラ【福祉用具貸与】大阪府寝屋川市豊野町１４－５", "url": "https://www.kaigokensaku.mhlw.go.jp/27/index.php?action_kouhyou_detail_004_kani=true&JigyosyoCd=2770303283-00&ServiceCd=170&Type=search", "url2": "https://bighappy-stella.com/" }, "geometry": { "type": "Point", "coordinates": [ 135.626772346121726, 34.766833390634631 ] } },
{ "type": "Feature", "properties": { "内容": "ライフワーク介護サービス【福祉用具貸与】大阪府寝屋川市萱島東1丁目9番24号", "url": "https://www.kaigokensaku.mhlw.go.jp/27/index.php?action_kouhyou_detail_004_kani=true&JigyosyoCd=2770303044-00&ServiceCd=170&Type=search", "url2": "https://lifework-osaka.com" }, "geometry": { "type": "Point", "coordinates": [ 135.615711400796499, 34.749399464820399 ] } },
{ "type": "Feature", "properties": { "内容": "株式会社　三笑堂　大阪支店【福祉用具貸与】寝屋川市木屋元町7-14", "url": "https://www.kaigokensaku.mhlw.go.jp/27/index.php?action_kouhyou_detail_004_kani=true&JigyosyoCd=2770301014-00&ServiceCd=170&Type=search", "url2": "http://www.sanshodoh.co.jp/" }, "geometry": { "type": "Point", "coordinates": [ 135.617433500000061, 34.7869986 ] } },
{ "type": "Feature", "properties": { "内容": "ダスキンヘルスレント寝屋川ステーション【福祉用具貸与】大阪府寝屋川市石津中町37番7号", "url": "https://www.kaigokensaku.mhlw.go.jp/27/index.php?action_kouhyou_detail_004_kani=true&JigyosyoCd=2770306732-00&ServiceCd=170&Type=search", "url2": "https://dhr-hirakata.com/" }, "geometry": { "type": "Point", "coordinates": [ 135.621579499999967, 34.7767195 ] } },
{ "type": "Feature", "properties": { "内容": "そうごうケアサプライ寝屋川【福祉用具貸与】大阪府寝屋川市大利元町4番7号", "url": "https://www.kaigokensaku.mhlw.go.jp/27/index.php?action_kouhyou_detail_004_kani=true&JigyosyoCd=2770305866-00&ServiceCd=170&Type=search", "url2": "https://www.sogo-care.co.jp/" }, "geometry": { "type": "Point", "coordinates": [ 135.616267099999988, 34.764684700000011 ] } },
{ "type": "Feature", "properties": { "内容": "介護ショップレンタケア【福祉用具貸与】大阪府寝屋川市打上中町8-2パークサイドマンション202号", "url": "https://www.kaigokensaku.mhlw.go.jp/27/index.php?action_kouhyou_detail_004_kani=true&JigyosyoCd=2770305270-00&ServiceCd=170&Type=search", "url2": null }, "geometry": { "type": "Point", "coordinates": [ 135.655909899999983, 34.7597095 ] } },
{ "type": "Feature", "properties": { "内容": "ティースタイル【福祉用具貸与】大阪府寝屋川市長栄寺町9-4", "url": "https://www.kaigokensaku.mhlw.go.jp/27/index.php?action_kouhyou_detail_004_kani=true&JigyosyoCd=2770307284-00&ServiceCd=170&Type=search", "url2": null }, "geometry": { "type": "Point", "coordinates": [ 135.612916500000011, 34.7658051 ] } },
{ "type": "Feature", "properties": { "内容": "福祉用具みかん【福祉用具貸与】大阪府河内長野市喜多町197-5", "url": "https://www.kaigokensaku.mhlw.go.jp/27/index.php?action_kouhyou_detail_004_kani=true&JigyosyoCd=2770703136-00&ServiceCd=170&Type=search", "url2": null }, "geometry": { "type": "Point", "coordinates": [ 135.569291, 34.4464172 ] } },
{ "type": "Feature", "properties": { "内容": "医療法人生登会てらもと介護用品レンタル【福祉用具貸与】大阪府河内長野市古野町4番11号", "url": "https://www.kaigokensaku.mhlw.go.jp/27/index.php?action_kouhyou_detail_004_kani=true&JigyosyoCd=2770700512-00&ServiceCd=170&Type=search", "url2": "http://www.teramoto.or.jp" }, "geometry": { "type": "Point", "coordinates": [ 135.569597499999986, 34.4558514 ] } },
{ "type": "Feature", "properties": { "内容": "ジャパンライフサポート河内長野【福祉用具貸与】大阪府河内長野市楠町東1209-1", "url": "https://www.kaigokensaku.mhlw.go.jp/27/index.php?action_kouhyou_detail_004_kani=true&JigyosyoCd=2770703029-00&ServiceCd=170&Type=search", "url2": "https://human-life-support.com" }, "geometry": { "type": "Point", "coordinates": [ 135.563688087557978, 34.473612373117334 ] } },
{ "type": "Feature", "properties": { "内容": "福祉用具　つるとかめ【福祉用具貸与】大阪府河内長野市西之山町11番16号", "url": "https://www.kaigokensaku.mhlw.go.jp/27/index.php?action_kouhyou_detail_004_kani=true&JigyosyoCd=2770701718-00&ServiceCd=170&Type=search", "url2": null }, "geometry": { "type": "Point", "coordinates": [ 135.5636591, 34.4577288 ] } },
{ "type": "Feature", "properties": { "内容": "やすらぎの村福祉用具河内長野【福祉用具貸与】大阪府河内長野市西之山町7-2", "url": "https://www.kaigokensaku.mhlw.go.jp/27/index.php?action_kouhyou_detail_004_kani=true&JigyosyoCd=2770701221-00&ServiceCd=170&Type=search", "url2": "http://www.inforlivi.com" }, "geometry": { "type": "Point", "coordinates": [ 135.561539900000071, 34.4548708 ] } },
{ "type": "Feature", "properties": { "内容": "ケアショップレインボー【福祉用具貸与】大阪府河内長野市昭栄町5-4", "url": "https://www.kaigokensaku.mhlw.go.jp/27/index.php?action_kouhyou_detail_004_kani=true&JigyosyoCd=2770702344-00&ServiceCd=170&Type=search", "url2": "https://www.care-rainbow.jp/" }, "geometry": { "type": "Point", "coordinates": [ 135.560088553381092, 34.453823315854343 ] } },
{ "type": "Feature", "properties": { "内容": "パナソニックエイジフリーショップ　河内長野【福祉用具貸与】大阪府河内長野市本多町１番４３号本多ビルディー１階", "url": "https://www.kaigokensaku.mhlw.go.jp/27/index.php?action_kouhyou_detail_004_kani=true&JigyosyoCd=2770700546-00&ServiceCd=170&Type=search", "url2": "https://www.greencare.info/" }, "geometry": { "type": "Point", "coordinates": [ 135.569133700000066, 34.4549265 ] } },
{ "type": "Feature", "properties": { "内容": "福祉用具BON【福祉用具貸与】大阪府河内長野市野作町12-33", "url": "https://www.kaigokensaku.mhlw.go.jp/27/index.php?action_kouhyou_detail_004_kani=true&JigyosyoCd=2770703078-00&ServiceCd=170&Type=search", "url2": null }, "geometry": { "type": "Point", "coordinates": [ 135.560424899999958, 34.4509161 ] } },
{ "type": "Feature", "properties": { "内容": "株式会社ひげ工房【福祉用具貸与】大阪府河内長野市上原西町9番3号", "url": "https://www.kaigokensaku.mhlw.go.jp/27/index.php?action_kouhyou_detail_004_kani=true&JigyosyoCd=2770702039-00&ServiceCd=170&Type=search", "url2": "http://www.higekobo.co.jp/" }, "geometry": { "type": "Point", "coordinates": [ 135.554524, 34.4497324 ] } },
{ "type": "Feature", "properties": { "内容": "コープふれあい福祉センター【福祉用具貸与】大阪府松原市岡7丁目229-1", "url": "https://www.kaigokensaku.mhlw.go.jp/27/index.php?action_kouhyou_detail_004_kani=true&JigyosyoCd=2774802868-00&ServiceCd=170&Type=search", "url2": "http;//www.izumi.coop" }, "geometry": { "type": "Point", "coordinates": [ 135.5497734, 34.5615735 ] } },
{ "type": "Feature", "properties": { "内容": "サカイケアリース【福祉用具貸与】大阪府松原市三宅東1丁目7番5号", "url": "https://www.kaigokensaku.mhlw.go.jp/27/index.php?action_kouhyou_detail_004_kani=true&JigyosyoCd=2774802413-00&ServiceCd=170&Type=search", "url2": "https://www.sakai2020.com" }, "geometry": { "type": "Point", "coordinates": [ 135.5574828, 34.5863662 ] } },
{ "type": "Feature", "properties": { "内容": "ケアステーションかえで【福祉用具貸与】大阪府松原市天美南５丁目１８番１９号", "url": "https://www.kaigokensaku.mhlw.go.jp/27/index.php?action_kouhyou_detail_004_kani=true&JigyosyoCd=2774801456-00&ServiceCd=170&Type=search", "url2": "https://cst-kaede.com" }, "geometry": { "type": "Point", "coordinates": [ 135.534702579182749, 34.586762393896542 ] } },
{ "type": "Feature", "properties": { "内容": "優ライフサポート【福祉用具貸与】大阪府松原市一津屋5-23-10", "url": "https://www.kaigokensaku.mhlw.go.jp/27/index.php?action_kouhyou_detail_004_kani=true&JigyosyoCd=2774802363-00&ServiceCd=170&Type=search", "url2": null }, "geometry": { "type": "Point", "coordinates": [ 135.5759697, 34.5810727 ] } },
{ "type": "Feature", "properties": { "内容": "Nplus【福祉用具貸与】大阪府松原市天美東４丁目４０３番地", "url": "https://www.kaigokensaku.mhlw.go.jp/27/index.php?action_kouhyou_detail_004_kani=true&JigyosyoCd=2774802793-00&ServiceCd=170&Type=search", "url2": null }, "geometry": { "type": "Point", "coordinates": [ 135.538884200000012, 34.5915888 ] } },
{ "type": "Feature", "properties": { "内容": "リマインドケア　大阪南営業所【福祉用具貸与】大阪府松原市東新町4ｰ5ｰ15EXハイツ東新町102号室", "url": "https://www.kaigokensaku.mhlw.go.jp/27/index.php?action_kouhyou_detail_004_kani=true&JigyosyoCd=2774802454-00&ServiceCd=170&Type=search", "url2": "http://remind-c.jp/" }, "geometry": { "type": "Point", "coordinates": [ 135.5421485, 34.5751611 ] } },
{ "type": "Feature", "properties": { "内容": "介護サロンしあわせ【福祉用具貸与】松原市北新町６－１７－２５", "url": "https://www.kaigokensaku.mhlw.go.jp/27/index.php?action_kouhyou_detail_004_kani=true&JigyosyoCd=2774800326-00&ServiceCd=170&Type=search", "url2": "http://shiawase-kaigo.com" }, "geometry": { "type": "Point", "coordinates": [ 135.529190299999982, 34.5779652 ] } },
{ "type": "Feature", "properties": { "内容": "シェイクハンズ【福祉用具貸与】大阪府大東市野崎3丁目2番18号203号室", "url": "https://www.kaigokensaku.mhlw.go.jp/27/index.php?action_kouhyou_detail_004_kani=true&JigyosyoCd=2771902539-00&ServiceCd=170&Type=search", "url2": null }, "geometry": { "type": "Point", "coordinates": [ 135.642735948754876, 34.715050245667364 ] } },
{ "type": "Feature", "properties": { "内容": "ポニー【福祉用具貸与】大阪府大東市氷野４丁目５番１２号", "url": "https://www.kaigokensaku.mhlw.go.jp/27/index.php?action_kouhyou_detail_004_kani=true&JigyosyoCd=2771901218-00&ServiceCd=170&Type=search", "url2": null }, "geometry": { "type": "Point", "coordinates": [ 135.61008860000004, 34.7146177 ] } },
{ "type": "Feature", "properties": { "内容": "川村義肢株式会社　本社【福祉用具貸与】大阪府大東市御領１－１２－１", "url": "https://www.kaigokensaku.mhlw.go.jp/27/index.php?action_kouhyou_detail_004_kani=true&JigyosyoCd=2771900087-00&ServiceCd=170&Type=search", "url2": "http://www.kawamura-gishi.co.jp/" }, "geometry": { "type": "Point", "coordinates": [ 135.616096299999981, 34.7172009 ] } },
{ "type": "Feature", "properties": { "内容": "エジソンケア【福祉用具貸与】大阪府大東市北条1-4-18毎弘ビル105号室", "url": "https://www.kaigokensaku.mhlw.go.jp/27/index.php?action_kouhyou_detail_004_kani=true&JigyosyoCd=2771902513-00&ServiceCd=170&Type=search", "url2": "https://edison-care.jp/" }, "geometry": { "type": "Point", "coordinates": [ 135.639296702240955, 34.71921351987092 ] } },
{ "type": "Feature", "properties": { "内容": "福祉用具カインドハート【福祉用具貸与】大阪府大東市大野1-4-4大東レガティハウス101", "url": "https://www.kaigokensaku.mhlw.go.jp/27/index.php?action_kouhyou_detail_004_kani=true&JigyosyoCd=2771901705-00&ServiceCd=170&Type=search", "url2": "http://ps-plus.co.jp" }, "geometry": { "type": "Point", "coordinates": [ 135.618411128419439, 34.705357064690872 ] } },
{ "type": "Feature", "properties": { "内容": "アビリティーズ・ケアネット株式会社　泉州営業所【福祉用具貸与】大阪府和泉市府中町６丁目１１番１９号", "url": "https://www.kaigokensaku.mhlw.go.jp/27/index.php?action_kouhyou_detail_004_kani=true&JigyosyoCd=2770501423-00&ServiceCd=170&Type=search", "url2": "http://www.abilities.jp" }, "geometry": { "type": "Point", "coordinates": [ 135.428493099999969, 34.48954 ] } },
{ "type": "Feature", "properties": { "内容": "サンセット福祉用具サービス【福祉用具貸与】大阪府和泉市伯太町六丁目10－20ロフティ・ロット201", "url": "https://www.kaigokensaku.mhlw.go.jp/27/index.php?action_kouhyou_detail_004_kani=true&JigyosyoCd=2770505838-00&ServiceCd=170&Type=search", "url2": null }, "geometry": { "type": "Point", "coordinates": [ 135.434117, 34.4992777 ] } },
{ "type": "Feature", "properties": { "内容": "トップケアレンタル【福祉用具貸与】大阪府和泉市太町24番1", "url": "https://www.kaigokensaku.mhlw.go.jp/27/index.php?action_kouhyou_detail_004_kani=true&JigyosyoCd=2770503924-00&ServiceCd=170&Type=search", "url2": "http://topcareservice.com/" }, "geometry": { "type": "Point", "coordinates": [ 135.442842878481429, 34.508217793571127 ] } },
{ "type": "Feature", "properties": { "内容": "ループ【福祉用具貸与】大阪府和泉市内田町二丁目6-29", "url": "https://www.kaigokensaku.mhlw.go.jp/27/index.php?action_kouhyou_detail_004_kani=true&JigyosyoCd=2770503437-00&ServiceCd=170&Type=search", "url2": "https://kuukansouzou.com" }, "geometry": { "type": "Point", "coordinates": [ 135.450793313438453, 34.451243482582839 ] } },
{ "type": "Feature", "properties": { "内容": "住空間創造　介輪【福祉用具貸与】大阪府和泉市はつが野二丁目３番２号", "url": "https://www.kaigokensaku.mhlw.go.jp/27/index.php?action_kouhyou_detail_004_kani=true&JigyosyoCd=2770501654-00&ServiceCd=170&Type=search", "url2": null }, "geometry": { "type": "Point", "coordinates": [ 135.463646, 34.4521422 ] } },
{ "type": "Feature", "properties": { "内容": "合同会社イズミル【福祉用具貸与】大阪府和泉市万町386番地の5", "url": "https://www.kaigokensaku.mhlw.go.jp/27/index.php?action_kouhyou_detail_004_kani=true&JigyosyoCd=2770505440-00&ServiceCd=170&Type=search", "url2": null }, "geometry": { "type": "Point", "coordinates": [ 135.4647507, 34.4619719 ] } },
{ "type": "Feature", "properties": { "内容": "介護レンタル　大地【福祉用具貸与】大阪府和泉市浦田町2番地1", "url": "https://www.kaigokensaku.mhlw.go.jp/27/index.php?action_kouhyou_detail_004_kani=true&JigyosyoCd=2770501043-00&ServiceCd=170&Type=search", "url2": null }, "geometry": { "type": "Point", "coordinates": [ 135.466653900000011, 34.4567611 ] } },
{ "type": "Feature", "properties": { "内容": "リスタ【福祉用具貸与】大阪府和泉市上町436-31", "url": "https://www.kaigokensaku.mhlw.go.jp/27/index.php?action_kouhyou_detail_004_kani=true&JigyosyoCd=2770505275-00&ServiceCd=170&Type=search", "url2": null }, "geometry": { "type": "Point", "coordinates": [ 135.453687300000041, 34.5097672 ] } },
{ "type": "Feature", "properties": { "内容": "あさがおケアショップ【福祉用具貸与】大阪府和泉市肥子町二丁目６番１４号", "url": "https://www.kaigokensaku.mhlw.go.jp/27/index.php?action_kouhyou_detail_004_kani=true&JigyosyoCd=2770504583-00&ServiceCd=170&Type=search", "url2": null }, "geometry": { "type": "Point", "coordinates": [ 135.4196296, 34.4828658 ] } },
{ "type": "Feature", "properties": { "内容": "ベリーウェル【福祉用具貸与】大阪府和泉市浦田町231番地3", "url": "https://www.kaigokensaku.mhlw.go.jp/27/index.php?action_kouhyou_detail_004_kani=true&JigyosyoCd=2770501258-00&ServiceCd=170&Type=search", "url2": "http://www.izumi-verywell.co.jp" }, "geometry": { "type": "Point", "coordinates": [ 135.468823842991696, 34.455105283494369 ] } },
{ "type": "Feature", "properties": { "内容": "株式会社セリオ　大阪南営業所【福祉用具貸与】大阪府和泉市和気町1丁目30-37", "url": "https://www.kaigokensaku.mhlw.go.jp/27/index.php?action_kouhyou_detail_004_kani=true&JigyosyoCd=2770505168-00&ServiceCd=170&Type=search", "url2": "http://serio888.net" }, "geometry": { "type": "Point", "coordinates": [ 135.4269076, 34.4754548 ] } },
{ "type": "Feature", "properties": { "内容": "福祉用具貸与販売いずみ【福祉用具貸与】大阪府和泉市肥子町2-3-31あすかビル303", "url": "https://www.kaigokensaku.mhlw.go.jp/27/index.php?action_kouhyou_detail_004_kani=true&JigyosyoCd=2770505697-00&ServiceCd=170&Type=search", "url2": null }, "geometry": { "type": "Point", "coordinates": [ 135.4184534, 34.4868423 ] } },
{ "type": "Feature", "properties": { "内容": "アシストもぐら【福祉用具貸与】大阪府和泉市葛の葉町3-7-38", "url": "https://www.kaigokensaku.mhlw.go.jp/27/index.php?action_kouhyou_detail_004_kani=true&JigyosyoCd=2770504997-00&ServiceCd=170&Type=search", "url2": null }, "geometry": { "type": "Point", "coordinates": [ 135.4329538, 34.5141926 ] } },
{ "type": "Feature", "properties": { "内容": "福祉用具　まあん【福祉用具貸与】大阪府和泉市のぞみ野三丁目11番26号プレージュのぞみ野101号", "url": "https://www.kaigokensaku.mhlw.go.jp/27/index.php?action_kouhyou_detail_004_kani=true&JigyosyoCd=2770503775-00&ServiceCd=170&Type=search", "url2": "https://sites.google.com/view/fukushiyogu-maan" }, "geometry": { "type": "Point", "coordinates": [ 135.457461661630759, 34.451877048400803 ] } },
{ "type": "Feature", "properties": { "内容": "福祉用具　ココロ【福祉用具貸与】大阪府箕面市白島1-1-33", "url": "https://www.kaigokensaku.mhlw.go.jp/27/index.php?action_kouhyou_detail_004_kani=true&JigyosyoCd=2771401748-00&ServiceCd=170&Type=search", "url2": null }, "geometry": { "type": "Point", "coordinates": [ 135.489056154214467, 34.834191474148241 ] } },
{ "type": "Feature", "properties": { "内容": "神崎株式会社【福祉用具貸与】大阪府箕面市瀬川四丁目１番５０号", "url": "https://www.kaigokensaku.mhlw.go.jp/27/index.php?action_kouhyou_detail_004_kani=true&JigyosyoCd=2771400393-00&ServiceCd=170&Type=search", "url2": "http://www.scrio.co.jp/" }, "geometry": { "type": "Point", "coordinates": [ 135.455983400000036, 34.8122482 ] } },
{ "type": "Feature", "properties": { "内容": "西川株式会社／ネーブルハウス箕面事業所【福祉用具貸与】大阪府箕面市船場西1丁目14番16号", "url": "https://www.kaigokensaku.mhlw.go.jp/27/index.php?action_kouhyou_detail_004_kani=true&JigyosyoCd=2771402415-00&ServiceCd=170&Type=search", "url2": "https://nablehouse.co.jp/" }, "geometry": { "type": "Point", "coordinates": [ 135.483963499999959, 34.8211679 ] } },
{ "type": "Feature", "properties": { "内容": "ケアセンターきぼう【福祉用具貸与】大阪府箕面市桜ヶ丘1-7-30", "url": "https://www.kaigokensaku.mhlw.go.jp/27/index.php?action_kouhyou_detail_004_kani=true&JigyosyoCd=2771402043-00&ServiceCd=170&Type=search", "url2": "http://hp.kaipoke.biz/3fa/index.html" }, "geometry": { "type": "Point", "coordinates": [ 135.457075, 34.8243627 ] } },
{ "type": "Feature", "properties": { "内容": "ダスキンヘルスレント箕面ステーション【福祉用具貸与】大阪府箕面市牧落3-16-4", "url": "https://www.kaigokensaku.mhlw.go.jp/27/index.php?action_kouhyou_detail_004_kani=true&JigyosyoCd=2771401474-00&ServiceCd=170&Type=search", "url2": "http://healthrent.duskin.jp/" }, "geometry": { "type": "Point", "coordinates": [ 135.473829029112864, 34.824455376794724 ] } },
{ "type": "Feature", "properties": { "内容": "綜合メディカル株式会社【福祉用具貸与】大阪府箕面市如意谷2丁目１０－３５", "url": "https://www.kaigokensaku.mhlw.go.jp/27/index.php?action_kouhyou_detail_004_kani=true&JigyosyoCd=2771400211-00&ServiceCd=170&Type=search", "url2": "http://sougoumedical.jp" }, "geometry": { "type": "Point", "coordinates": [ 135.4842698, 34.838071 ] } },
{ "type": "Feature", "properties": { "内容": "まり福祉用具サービス【福祉用具貸与】大阪府柏原市法善寺4-9-13", "url": "https://www.kaigokensaku.mhlw.go.jp/27/index.php?action_kouhyou_detail_004_kani=true&JigyosyoCd=2774601518-00&ServiceCd=170&Type=search", "url2": "http://mari-family.jp/" }, "geometry": { "type": "Point", "coordinates": [ 135.628200099999958, 34.595312 ] } },
{ "type": "Feature", "properties": { "内容": "株式会社マルコー【福祉用具貸与】大阪府柏原市国分東条町30－184", "url": "https://www.kaigokensaku.mhlw.go.jp/27/index.php?action_kouhyou_detail_004_kani=true&JigyosyoCd=2774600643-00&ServiceCd=170&Type=search", "url2": null }, "geometry": { "type": "Point", "coordinates": [ 135.665714100000059, 34.5739886 ] } },
{ "type": "Feature", "properties": { "内容": "シルバークロス福祉住環境相談所【福祉用具貸与】大阪府柏原市河原町3番34号", "url": "https://www.kaigokensaku.mhlw.go.jp/27/index.php?action_kouhyou_detail_004_kani=true&JigyosyoCd=2774600296-00&ServiceCd=170&Type=search", "url2": "https://www.aianju.co.jp/" }, "geometry": { "type": "Point", "coordinates": [ 135.623622560131963, 34.593380840356993 ] } },
{ "type": "Feature", "properties": { "内容": "ヘルスサポート　しおん【福祉用具貸与】大阪府柏原市田辺1-1-29", "url": "https://www.kaigokensaku.mhlw.go.jp/27/index.php?action_kouhyou_detail_004_kani=true&JigyosyoCd=2774601773-00&ServiceCd=170&Type=search", "url2": null }, "geometry": { "type": "Point", "coordinates": [ 135.639897400000024, 34.5635815 ] } },
{ "type": "Feature", "properties": { "内容": "ケアショップＴＤＹ【福祉用具貸与】恵我之荘6-3-7", "url": "https://www.kaigokensaku.mhlw.go.jp/27/index.php?action_kouhyou_detail_004_kani=true&JigyosyoCd=2773802679-00&ServiceCd=170&Type=search", "url2": null }, "geometry": { "type": "Point", "coordinates": [ 135.5717205, 34.576356 ] } },
{ "type": "Feature", "properties": { "内容": "株式会社愛安住　はびきの営業所【福祉用具貸与】大阪府羽曳野市はびきの3丁目7番4号ウェルビーイングはびきの", "url": "https://www.kaigokensaku.mhlw.go.jp/27/index.php?action_kouhyou_detail_004_kani=true&JigyosyoCd=2773802869-00&ServiceCd=170&Type=search", "url2": "https://www.aianju.co.jp" }, "geometry": { "type": "Point", "coordinates": [ 135.5910807, 34.549012 ] } },
{ "type": "Feature", "properties": { "内容": "エヌオー福祉用具室【福祉用具貸与】大阪府羽曳野市野370番地", "url": "https://www.kaigokensaku.mhlw.go.jp/27/index.php?action_kouhyou_detail_004_kani=true&JigyosyoCd=2773802984-00&ServiceCd=170&Type=search", "url2": null }, "geometry": { "type": "Point", "coordinates": [ 135.572759100000013, 34.561177 ] } },
{ "type": "Feature", "properties": { "内容": "ハートウイング羽曳野【福祉用具貸与】大阪府羽曳野市白鳥1-11-4", "url": "https://www.kaigokensaku.mhlw.go.jp/27/index.php?action_kouhyou_detail_004_kani=true&JigyosyoCd=2773801580-00&ServiceCd=170&Type=search", "url2": null }, "geometry": { "type": "Point", "coordinates": [ 135.606650800000011, 34.5523105 ] } },
{ "type": "Feature", "properties": { "内容": "せいこう会福祉用具レンタル・販売【福祉用具貸与】大阪府羽曳野市野々上３丁目４番３０号", "url": "https://www.kaigokensaku.mhlw.go.jp/27/index.php?action_kouhyou_detail_004_kani=true&JigyosyoCd=2773801846-00&ServiceCd=170&Type=search", "url2": null }, "geometry": { "type": "Point", "coordinates": [ 135.592833847221414, 34.556459194141929 ] } },
{ "type": "Feature", "properties": { "内容": "青山ケアショップ【福祉用具貸与】大阪府羽曳野市伊賀四丁目6番1号", "url": "https://www.kaigokensaku.mhlw.go.jp/27/index.php?action_kouhyou_detail_004_kani=true&JigyosyoCd=2773801119-00&ServiceCd=170&Type=search", "url2": "http://www.aoyama-care.jp" }, "geometry": { "type": "Point", "coordinates": [ 135.582939300000021, 34.5580954 ] } },
{ "type": "Feature", "properties": { "内容": "ケアライフ　羽曳野営業所【福祉用具貸与】大阪府羽曳野市伊賀３２番地1", "url": "https://www.kaigokensaku.mhlw.go.jp/27/index.php?action_kouhyou_detail_004_kani=true&JigyosyoCd=2773802711-00&ServiceCd=170&Type=search", "url2": "http://www.care-life.co.jp" }, "geometry": { "type": "Point", "coordinates": [ 135.580975161971281, 34.558220785882263 ] } },
{ "type": "Feature", "properties": { "内容": "介護レンタル柊【福祉用具貸与】大阪府羽曳野市野々上4-3-20", "url": "https://www.kaigokensaku.mhlw.go.jp/27/index.php?action_kouhyou_detail_004_kani=true&JigyosyoCd=2773803016-00&ServiceCd=170&Type=search", "url2": null }, "geometry": { "type": "Point", "coordinates": [ 135.5917006, 34.5563153 ] } },
{ "type": "Feature", "properties": { "内容": "介護用品サポート囲炉裏【福祉用具貸与】大阪府門真市舟田町30番10号　3階", "url": "https://www.kaigokensaku.mhlw.go.jp/27/index.php?action_kouhyou_detail_004_kani=true&JigyosyoCd=2772603557-00&ServiceCd=170&Type=search", "url2": null }, "geometry": { "type": "Point", "coordinates": [ 135.603386199999932, 34.7324307 ] } },
{ "type": "Feature", "properties": { "内容": "あいあい株式会社ヘルパーステーション【福祉用具貸与】門真市上島町43-25", "url": "https://www.kaigokensaku.mhlw.go.jp/27/index.php?action_kouhyou_detail_004_kani=true&JigyosyoCd=2772602187-00&ServiceCd=170&Type=search", "url2": null }, "geometry": { "type": "Point", "coordinates": [ 135.609879800000044, 34.7461338 ] } },
{ "type": "Feature", "properties": { "内容": "フランスベッド株式会社　メディカル大阪中央営業所【福祉用具貸与】大阪府門真市三ツ島３丁目８－２シロハイヌ門真1F", "url": "https://www.kaigokensaku.mhlw.go.jp/27/index.php?action_kouhyou_detail_004_kani=true&JigyosyoCd=2772601866-00&ServiceCd=170&Type=search", "url2": "http://www.francebed.co.jp" }, "geometry": { "type": "Point", "coordinates": [ 135.594320899999957, 34.716603500000019 ] } },
{ "type": "Feature", "properties": { "内容": "ダスキンヘルスレント門真ステーション【福祉用具貸与】大阪府門真市深田町１ー６GMビル第三302号", "url": "https://www.kaigokensaku.mhlw.go.jp/27/index.php?action_kouhyou_detail_004_kani=true&JigyosyoCd=2772604464-00&ServiceCd=170&Type=search", "url2": "https://healthrent.duskin.jp/" }, "geometry": { "type": "Point", "coordinates": [ 135.589236099999965, 34.7337455 ] } },
{ "type": "Feature", "properties": { "内容": "手すり工房【福祉用具貸与】大阪府門真市栄町11-15", "url": "https://www.kaigokensaku.mhlw.go.jp/27/index.php?action_kouhyou_detail_004_kani=true&JigyosyoCd=2772602443-00&ServiceCd=170&Type=search", "url2": null }, "geometry": { "type": "Point", "coordinates": [ 135.580047383388091, 34.736262772282075 ] } },
{ "type": "Feature", "properties": { "内容": "青蓮荘レンタル事業所【福祉用具貸与】大阪府門真市三ツ島三丁目13番25号", "url": "https://www.kaigokensaku.mhlw.go.jp/27/index.php?action_kouhyou_detail_004_kani=true&JigyosyoCd=2772603185-00&ServiceCd=170&Type=search", "url2": "https://www.medi-care.co.jp" }, "geometry": { "type": "Point", "coordinates": [ 135.5952125, 34.713873200000023 ] } },
{ "type": "Feature", "properties": { "内容": "福祉用具　ステップ【福祉用具貸与】門真市月出町6-35", "url": "https://www.kaigokensaku.mhlw.go.jp/27/index.php?action_kouhyou_detail_004_kani=true&JigyosyoCd=2772603078-00&ServiceCd=170&Type=search", "url2": null }, "geometry": { "type": "Point", "coordinates": [ 135.586015299999985, 34.7463581 ] } },
{ "type": "Feature", "properties": { "内容": "ピュアレント【福祉用具貸与】大阪府門真市幸福町6-12ハウスN1　1階", "url": "https://www.kaigokensaku.mhlw.go.jp/27/index.php?action_kouhyou_detail_004_kani=true&JigyosyoCd=2772603508-00&ServiceCd=170&Type=search", "url2": "https://purelife-kaigo.osaka.jp" }, "geometry": { "type": "Point", "coordinates": [ 135.590953899999931, 34.7405784 ] } },
{ "type": "Feature", "properties": { "内容": "壷山木工所【門真支店】【福祉用具貸与】大阪府門真市東田町18-6エミネンス弐番館　201号", "url": "https://www.kaigokensaku.mhlw.go.jp/27/index.php?action_kouhyou_detail_004_kani=true&JigyosyoCd=2772604688-00&ServiceCd=170&Type=search", "url2": null }, "geometry": { "type": "Point", "coordinates": [ 135.592219, 34.7259826 ] } },
{ "type": "Feature", "properties": { "内容": "ニック株式会社　大阪門真営業所【福祉用具貸与】大阪府門真市新橋町22番10号ハイコート門真　1F", "url": "https://www.kaigokensaku.mhlw.go.jp/27/index.php?action_kouhyou_detail_004_kani=true&JigyosyoCd=2772604548-00&ServiceCd=170&Type=search", "url2": "https://www.nick-corp.com/" }, "geometry": { "type": "Point", "coordinates": [ 135.5859408, 34.7341337 ] } },
{ "type": "Feature", "properties": { "内容": "アシスト福祉用具【福祉用具貸与】大阪府門真市三ツ島1丁目3番4号", "url": "https://www.kaigokensaku.mhlw.go.jp/27/index.php?action_kouhyou_detail_004_kani=true&JigyosyoCd=2772604472-00&ServiceCd=170&Type=search", "url2": "https://assist-reha.jp/" }, "geometry": { "type": "Point", "coordinates": [ 135.593164300000012, 34.7219749 ] } },
{ "type": "Feature", "properties": { "内容": "パナソニックエイジフリーショップ門真なみはや【福祉用具貸与】大阪府門真市三ツ島5丁目36番1号KLセンター3階", "url": "https://www.kaigokensaku.mhlw.go.jp/27/index.php?action_kouhyou_detail_004_kani=true&JigyosyoCd=2772603342-00&ServiceCd=170&Type=search", "url2": "http://sumai.panasonic.jp/agefree/map/detail.php?id=216" }, "geometry": { "type": "Point", "coordinates": [ 135.597770500000024, 34.7153425 ] } },
{ "type": "Feature", "properties": { "内容": "ケアグッズステーションまいんど【福祉用具貸与】大阪府摂津市正雀本町1-20-11", "url": "https://www.kaigokensaku.mhlw.go.jp/27/index.php?action_kouhyou_detail_004_kani=true&JigyosyoCd=2773700923-00&ServiceCd=170&Type=search", "url2": null }, "geometry": { "type": "Point", "coordinates": [ 135.548594346557593, 34.775354456746761 ] } },
{ "type": "Feature", "properties": { "内容": "株式会社　さんきゅー　千里丘営業所【福祉用具貸与】大阪府摂津市千里丘東1丁目12-14フォルム千里丘", "url": "https://www.kaigokensaku.mhlw.go.jp/27/index.php?action_kouhyou_detail_004_kani=true&JigyosyoCd=2773701392-00&ServiceCd=170&Type=search", "url2": "http://www.39sankyu.co.jp" }, "geometry": { "type": "Point", "coordinates": [ 135.552362099999982, 34.7925099 ] } },
{ "type": "Feature", "properties": { "内容": "株式会社トーカイ大阪北支店【福祉用具貸与】大阪府摂津市鳥飼本町4丁目8番9号", "url": "https://www.kaigokensaku.mhlw.go.jp/27/index.php?action_kouhyou_detail_004_kani=true&JigyosyoCd=2773700055-00&ServiceCd=170&Type=search", "url2": "http://www.tokai-corp.com/" }, "geometry": { "type": "Point", "coordinates": [ 135.579784600000039, 34.777082 ] } },
{ "type": "Feature", "properties": { "内容": "株式会社ウィードメディカル大阪北営業所【福祉用具貸与】大阪府摂津市鳥飼和道２丁目８-１", "url": "https://www.kaigokensaku.mhlw.go.jp/27/index.php?action_kouhyou_detail_004_kani=true&JigyosyoCd=2773701160-00&ServiceCd=170&Type=search", "url2": "http://kaigo-fukushi.jpn.com" }, "geometry": { "type": "Point", "coordinates": [ 135.569732899999963, 34.762303 ] } },
{ "type": "Feature", "properties": { "内容": "株式会社　又しげ【福祉用具貸与】大阪府高石市綾園1丁目4番5号", "url": "https://www.kaigokensaku.mhlw.go.jp/27/index.php?action_kouhyou_detail_004_kani=true&JigyosyoCd=2775300318-00&ServiceCd=170&Type=search", "url2": null }, "geometry": { "type": "Point", "coordinates": [ 135.435619699999961, 34.5217475 ] } },
{ "type": "Feature", "properties": { "内容": "ダスキンヘルスレント高石ステーション【福祉用具貸与】大阪府高石市綾園２丁目７－１8", "url": "https://www.kaigokensaku.mhlw.go.jp/27/index.php?action_kouhyou_detail_004_kani=true&JigyosyoCd=2775300326-00&ServiceCd=170&Type=search", "url2": "https://www.kasite.net/" }, "geometry": { "type": "Point", "coordinates": [ 135.441699800000038, 34.517509199999978 ] } },
{ "type": "Feature", "properties": { "内容": "有限会社　ライフサポート【福祉用具貸与】大阪府高石市取石1丁目12番1号", "url": "https://www.kaigokensaku.mhlw.go.jp/27/index.php?action_kouhyou_detail_004_kani=true&JigyosyoCd=2775300185-00&ServiceCd=170&Type=search", "url2": null }, "geometry": { "type": "Point", "coordinates": [ 135.4520043, 34.5229004 ] } },
{ "type": "Feature", "properties": { "内容": "ケアショップハル高石店【福祉用具貸与】大阪府高石市西取石5-4-13", "url": "https://www.kaigokensaku.mhlw.go.jp/27/index.php?action_kouhyou_detail_004_kani=true&JigyosyoCd=2775301639-00&ServiceCd=170&Type=search", "url2": null }, "geometry": { "type": "Point", "coordinates": [ 135.4462387, 34.5181532 ] } },
{ "type": "Feature", "properties": { "内容": "ケアサポート　クラディア【福祉用具貸与】大阪府高石市取石一丁目12番11号", "url": "https://www.kaigokensaku.mhlw.go.jp/27/index.php?action_kouhyou_detail_004_kani=true&JigyosyoCd=2775301670-00&ServiceCd=170&Type=search", "url2": "https://www.cladear.com/" }, "geometry": { "type": "Point", "coordinates": [ 135.452326199999959, 34.52281210000001 ] } },
{ "type": "Feature", "properties": { "内容": "プラスワンケア高石事業所【福祉用具貸与】大阪府高石市加茂4丁目4-6ソシア加茂103号", "url": "https://www.kaigokensaku.mhlw.go.jp/27/index.php?action_kouhyou_detail_004_kani=true&JigyosyoCd=2775301563-00&ServiceCd=170&Type=search", "url2": "http://plus-ones.jp/" }, "geometry": { "type": "Point", "coordinates": [ 135.441384, 34.5207209 ] } },
{ "type": "Feature", "properties": { "内容": "福祉用具かりん【福祉用具貸与】大阪府藤井寺市林2-6-22　2F", "url": "https://www.kaigokensaku.mhlw.go.jp/27/index.php?action_kouhyou_detail_004_kani=true&JigyosyoCd=2773402074-00&ServiceCd=170&Type=search", "url2": "https://round-care.com/" }, "geometry": { "type": "Point", "coordinates": [ 135.608959389920102, 34.577092214989811 ] } },
{ "type": "Feature", "properties": { "内容": "アルテ介護サービス【福祉用具貸与】大阪府藤井寺市沢田二丁目7-18-205", "url": "https://www.kaigokensaku.mhlw.go.jp/27/index.php?action_kouhyou_detail_004_kani=true&JigyosyoCd=2773401613-00&ServiceCd=170&Type=search", "url2": null }, "geometry": { "type": "Point", "coordinates": [ 135.609619591401696, 34.572304882198026 ] } },
{ "type": "Feature", "properties": { "内容": "ダスキンヘルスレント藤井寺ステーション【福祉用具貸与】大阪府藤井寺市小山8-4-7", "url": "https://www.kaigokensaku.mhlw.go.jp/27/index.php?action_kouhyou_detail_004_kani=true&JigyosyoCd=2773400334-00&ServiceCd=170&Type=search", "url2": null }, "geometry": { "type": "Point", "coordinates": [ 135.601667499999962, 34.5796296 ] } },
{ "type": "Feature", "properties": { "内容": "大阪ホームケアレンタル事業所【福祉用具貸与】大阪府藤井寺市御舟町1-65　藤井寺オフィスビル3階D号室", "url": "https://www.kaigokensaku.mhlw.go.jp/27/index.php?action_kouhyou_detail_004_kani=true&JigyosyoCd=2773401787-00&ServiceCd=170&Type=search", "url2": "https://www.medi-care.co.jp" }, "geometry": { "type": "Point", "coordinates": [ 135.598904541603133, 34.573885299976389 ] } },
{ "type": "Feature", "properties": { "内容": "合資会社　友心会介護サービス【福祉用具貸与】大阪府藤井寺市国府1丁目1番7号", "url": "https://www.kaigokensaku.mhlw.go.jp/27/index.php?action_kouhyou_detail_004_kani=true&JigyosyoCd=2773400235-00&ServiceCd=170&Type=search", "url2": null }, "geometry": { "type": "Point", "coordinates": [ 135.61536609999996, 34.5722612 ] } },
{ "type": "Feature", "properties": { "内容": "福祉用具のMA-RU【福祉用具貸与】大阪府藤井寺市小山7-1225-9", "url": "https://www.kaigokensaku.mhlw.go.jp/27/index.php?action_kouhyou_detail_004_kani=true&JigyosyoCd=2773402090-00&ServiceCd=170&Type=search", "url2": "https://www.maru-rin.com/" }, "geometry": { "type": "Point", "coordinates": [ 135.6005453, 34.5849874 ] } },
{ "type": "Feature", "properties": { "内容": "Ayame福祉用具サービス【福祉用具貸与】大阪府藤井寺市林2-2-51ノバ藤井寺401号", "url": "https://www.kaigokensaku.mhlw.go.jp/27/index.php?action_kouhyou_detail_004_kani=true&JigyosyoCd=2773401233-00&ServiceCd=170&Type=search", "url2": null }, "geometry": { "type": "Point", "coordinates": [ 135.60807520000003, 34.5748191 ] } },
{ "type": "Feature", "properties": { "内容": "サンケアアシスト【福祉用具貸与】大阪府藤井寺市藤ヶ丘3-14-16藤ヶ丘OMMビル101号", "url": "https://www.kaigokensaku.mhlw.go.jp/27/index.php?action_kouhyou_detail_004_kani=true&JigyosyoCd=2773402041-00&ServiceCd=170&Type=search", "url2": "https://nakamedi.com/" }, "geometry": { "type": "Point", "coordinates": [ 135.5994407, 34.5610616 ] } },
{ "type": "Feature", "properties": { "内容": "株式会社　ヤマシタ　藤井寺営業所【福祉用具貸与】大阪府藤井寺市岡2丁目12番6号進和ビルディング４階", "url": "https://www.kaigokensaku.mhlw.go.jp/27/index.php?action_kouhyou_detail_004_kani=true&JigyosyoCd=2773402157-00&ServiceCd=170&Type=search", "url2": "https://www.yco.co.jp/" }, "geometry": { "type": "Point", "coordinates": [ 135.5927685, 34.5733174 ] } },
{ "type": "Feature", "properties": { "内容": "シエルクレア・サービス【福祉用具貸与】大阪府藤井寺市国府1-1-7里庭の箱内ＢＯＸ５", "url": "https://www.kaigokensaku.mhlw.go.jp/27/index.php?action_kouhyou_detail_004_kani=true&JigyosyoCd=2773401928-00&ServiceCd=170&Type=search", "url2": "https://care-tou.com/" }, "geometry": { "type": "Point", "coordinates": [ 135.61563380000004, 34.5721347 ] } },
{ "type": "Feature", "properties": { "内容": "カシダス荒本【福祉用具貸与】大阪府東大阪市新庄西7-5", "url": "https://www.kaigokensaku.mhlw.go.jp/27/index.php?action_kouhyou_detail_004_kani=true&JigyosyoCd=2775008994-00&ServiceCd=170&Type=search", "url2": "http://www.kashidasu.co.jp/" }, "geometry": { "type": "Point", "coordinates": [ 135.5995116, 34.688651100000037 ] } },
{ "type": "Feature", "properties": { "内容": "ケアライフ東大阪営業所【福祉用具貸与】大阪府東大阪市新家東町３番１９号", "url": "https://www.kaigokensaku.mhlw.go.jp/27/index.php?action_kouhyou_detail_004_kani=true&JigyosyoCd=2775014455-00&ServiceCd=170&Type=search", "url2": "http://www.care-life.co.jp" }, "geometry": { "type": "Point", "coordinates": [ 135.5957479, 34.675762 ] } },
{ "type": "Feature", "properties": { "内容": "フランスベッド株式会社メディカル東大阪営業所【福祉用具貸与】大阪府東大阪市小若江3-22-12", "url": "https://www.kaigokensaku.mhlw.go.jp/27/index.php?action_kouhyou_detail_004_kani=true&JigyosyoCd=2775013507-00&ServiceCd=170&Type=search", "url2": null }, "geometry": { "type": "Point", "coordinates": [ 135.589475900000025, 34.648557565895565 ] } },
{ "type": "Feature", "properties": { "内容": "医療法人藤井会　藤井会福祉用具レンタルサービス【福祉用具貸与】大阪府東大阪市弥生町17番6号藤井会リハビリテーション病院1階", "url": "https://www.kaigokensaku.mhlw.go.jp/27/index.php?action_kouhyou_detail_004_kani=true&JigyosyoCd=2775015510-00&ServiceCd=170&Type=search", "url2": "https://fukushi-rent.fujiikai.jp/" }, "geometry": { "type": "Point", "coordinates": [ 135.6351889, 34.6792301 ] } },
{ "type": "Feature", "properties": { "内容": "福祉用具ファミリア【福祉用具貸与】大阪府東大阪市新池島町２丁目２１－１２", "url": "https://www.kaigokensaku.mhlw.go.jp/27/index.php?action_kouhyou_detail_004_kani=true&JigyosyoCd=2775016708-00&ServiceCd=170&Type=search", "url2": null }, "geometry": { "type": "Point", "coordinates": [ 135.630081363769051, 34.655540495361599 ] } },
{ "type": "Feature", "properties": { "内容": "株式会社オール【福祉用具貸与】大阪府東大阪市下小阪3-13-16-101", "url": "https://www.kaigokensaku.mhlw.go.jp/27/index.php?action_kouhyou_detail_004_kani=true&JigyosyoCd=2775014786-00&ServiceCd=170&Type=search", "url2": null }, "geometry": { "type": "Point", "coordinates": [ 135.586673117676327, 34.661305350512087 ] } },
{ "type": "Feature", "properties": { "内容": "ホープ【福祉用具貸与】大阪府東大阪市六万寺町1丁目１４番２０号", "url": "https://www.kaigokensaku.mhlw.go.jp/27/index.php?action_kouhyou_detail_004_kani=true&JigyosyoCd=2775015650-00&ServiceCd=170&Type=search", "url2": null }, "geometry": { "type": "Point", "coordinates": [ 135.647431, 34.65137 ] } },
{ "type": "Feature", "properties": { "内容": "ダスキンヘルスレント東大阪ステーション【福祉用具貸与】大阪府東大阪市菱屋西６丁目５－１７シャルマンコーポ小阪１０８号室", "url": "https://www.kaigokensaku.mhlw.go.jp/27/index.php?action_kouhyou_detail_004_kani=true&JigyosyoCd=2775009091-00&ServiceCd=170&Type=search", "url2": "http://kaigo.osaka.jp/index.html" }, "geometry": { "type": "Point", "coordinates": [ 135.578750369450404, 34.667362389970769 ] } },
{ "type": "Feature", "properties": { "内容": "介護用品和奏【福祉用具貸与】大阪府東大阪市古箕輪1丁目15番2号", "url": "https://www.kaigokensaku.mhlw.go.jp/27/index.php?action_kouhyou_detail_004_kani=true&JigyosyoCd=2775010719-00&ServiceCd=170&Type=search", "url2": "http://www.neolinks.co.jp" }, "geometry": { "type": "Point", "coordinates": [ 135.6161717, 34.6880679 ] } },
{ "type": "Feature", "properties": { "内容": "リマインドケア【福祉用具貸与】大阪府東大阪市西岩田4-6-3COMPLAZA中環C号室", "url": "https://www.kaigokensaku.mhlw.go.jp/27/index.php?action_kouhyou_detail_004_kani=true&JigyosyoCd=2775013416-00&ServiceCd=170&Type=search", "url2": "http://www.remind-c.jp" }, "geometry": { "type": "Point", "coordinates": [ 135.599043303882581, 34.668584454199703 ] } },
{ "type": "Feature", "properties": { "内容": "福祉用具Nスマイル【福祉用具貸与】大阪府東大阪市東石切町６－７－１３", "url": "https://www.kaigokensaku.mhlw.go.jp/27/index.php?action_kouhyou_detail_004_kani=true&JigyosyoCd=2775015288-00&ServiceCd=170&Type=search", "url2": null }, "geometry": { "type": "Point", "coordinates": [ 135.6523238, 34.6882144 ] } },
{ "type": "Feature", "properties": { "内容": "ケアレンタルみやび【福祉用具貸与】大阪府東大阪市玉串町東１丁目３－６１", "url": "https://www.kaigokensaku.mhlw.go.jp/27/index.php?action_kouhyou_detail_004_kani=true&JigyosyoCd=2775016344-00&ServiceCd=170&Type=search", "url2": null }, "geometry": { "type": "Point", "coordinates": [ 135.622465944844066, 34.656959949533473 ] } },
{ "type": "Feature", "properties": { "内容": "コスモス福祉用具貸与サービス【福祉用具貸与】大阪府東大阪市喜里川町1番27号", "url": "https://www.kaigokensaku.mhlw.go.jp/27/index.php?action_kouhyou_detail_004_kani=true&JigyosyoCd=2775009794-00&ServiceCd=170&Type=search", "url2": "http://matsuura-cosmos.or.jp" }, "geometry": { "type": "Point", "coordinates": [ 135.640278399999943, 34.6668404 ] } },
{ "type": "Feature", "properties": { "内容": "アトムレンタルサポート【福祉用具貸与】大阪府東大阪市稲田本町3丁目４番1７号", "url": "https://www.kaigokensaku.mhlw.go.jp/27/index.php?action_kouhyou_detail_004_kani=true&JigyosyoCd=2775011899-00&ServiceCd=170&Type=search", "url2": null }, "geometry": { "type": "Point", "coordinates": [ 135.579774199999946, 34.6900699 ] } },
{ "type": "Feature", "properties": { "内容": "ナニワ商事株式会社ヘルスケア事業部【福祉用具貸与】東大阪市御厨中１丁目１４番１１号", "url": "https://www.kaigokensaku.mhlw.go.jp/27/index.php?action_kouhyou_detail_004_kani=true&JigyosyoCd=2775001429-00&ServiceCd=170&Type=search", "url2": "http://www.naniwa-shoji.co.jp" }, "geometry": { "type": "Point", "coordinates": [ 135.587587489024401, 34.668325140977117 ] } },
{ "type": "Feature", "properties": { "内容": "医療法人　興世会　石きり　福祉用具ステーション【福祉用具貸与】大阪府東大阪市東石切町1-7-27介護老人保健施設石きり内", "url": "https://www.kaigokensaku.mhlw.go.jp/27/index.php?action_kouhyou_detail_004_kani=true&JigyosyoCd=2775005206-00&ServiceCd=170&Type=search", "url2": "http://www.ishikiri.net/" }, "geometry": { "type": "Point", "coordinates": [ 135.646783199999959, 34.6809279 ] } },
{ "type": "Feature", "properties": { "内容": "まつうら福祉用具貸与サービス【福祉用具貸与】大阪府東大阪市喜里川町1-29　2F", "url": "https://www.kaigokensaku.mhlw.go.jp/27/index.php?action_kouhyou_detail_004_kani=true&JigyosyoCd=2775002195-00&ServiceCd=170&Type=search", "url2": "http://www.matsuura-cosmos.or.jp/" }, "geometry": { "type": "Point", "coordinates": [ 135.64041134575757, 34.667111560111458 ] } },
{ "type": "Feature", "properties": { "内容": "医療法人　宝持会介護用具センター【福祉用具貸与】大阪府東大阪市宝持１丁目９番２８号", "url": "https://www.kaigokensaku.mhlw.go.jp/27/index.php?action_kouhyou_detail_004_kani=true&JigyosyoCd=2775002120-00&ServiceCd=170&Type=search", "url2": "http://ikeda-hospital.com" }, "geometry": { "type": "Point", "coordinates": [ 135.5888278, 34.6560852 ] } },
{ "type": "Feature", "properties": { "内容": "株式会社　ゴトウ・アズ・プランニング　東大阪店【福祉用具貸与】大阪府東大阪市吉田本町1丁目3-25", "url": "https://www.kaigokensaku.mhlw.go.jp/27/index.php?action_kouhyou_detail_004_kani=true&JigyosyoCd=2775003524-00&ServiceCd=170&Type=search", "url2": "http://www.goto-az.co.jp" }, "geometry": { "type": "Point", "coordinates": [ 135.6240881, 34.6729309 ] } },
{ "type": "Feature", "properties": { "内容": "ひまわりケアサービス【福祉用具貸与】大阪府東大阪市新町１番２４号", "url": "https://www.kaigokensaku.mhlw.go.jp/27/index.php?action_kouhyou_detail_004_kani=true&JigyosyoCd=2775004050-00&ServiceCd=170&Type=search", "url2": "http://lc-tierra.com" }, "geometry": { "type": "Point", "coordinates": [ 135.640486600000031, 34.6716704 ] } },
{ "type": "Feature", "properties": { "内容": "ハートフルサプライサービス【福祉用具貸与】大阪府東大阪市足代新町１９－１３ハートフルグループ本社ビル", "url": "https://www.kaigokensaku.mhlw.go.jp/27/index.php?action_kouhyou_detail_004_kani=true&JigyosyoCd=2775003664-00&ServiceCd=170&Type=search", "url2": "http://www2.ocn.ne.jp/~heartful/" }, "geometry": { "type": "Point", "coordinates": [ 135.557967759418261, 34.664643931615835 ] } },
{ "type": "Feature", "properties": { "内容": "ライフケアひまわり【福祉用具貸与】東大阪市弥生町20番3号", "url": "https://www.kaigokensaku.mhlw.go.jp/27/index.php?action_kouhyou_detail_004_kani=true&JigyosyoCd=2775003102-00&ServiceCd=170&Type=search", "url2": "http://www.lc-himawari.com" }, "geometry": { "type": "Point", "coordinates": [ 135.634054440475438, 34.678835577096358 ] } },
{ "type": "Feature", "properties": { "内容": "福祉用具のしんや【福祉用具貸与】大阪府東大阪市善根寺町5-5-27", "url": "https://www.kaigokensaku.mhlw.go.jp/27/index.php?action_kouhyou_detail_004_kani=true&JigyosyoCd=2775007780-00&ServiceCd=170&Type=search", "url2": null }, "geometry": { "type": "Point", "coordinates": [ 135.646969200000058, 34.7007338 ] } },
{ "type": "Feature", "properties": { "内容": "シンケアサポート【福祉用具貸与】大阪府東大阪市大蓮東２丁目１４番３２号", "url": "https://www.kaigokensaku.mhlw.go.jp/27/index.php?action_kouhyou_detail_004_kani=true&JigyosyoCd=2775013275-00&ServiceCd=170&Type=search", "url2": null }, "geometry": { "type": "Point", "coordinates": [ 135.583753900000033, 34.6364564 ] } },
{ "type": "Feature", "properties": { "内容": "介護サービス　モモ【福祉用具貸与】大阪府東大阪市中石切町2丁目7番19号", "url": "https://www.kaigokensaku.mhlw.go.jp/27/index.php?action_kouhyou_detail_004_kani=true&JigyosyoCd=2775001841-00&ServiceCd=170&Type=search", "url2": null }, "geometry": { "type": "Point", "coordinates": [ 135.643945881108039, 34.685098981187927 ] } },
{ "type": "Feature", "properties": { "内容": "幸和ライフゼーション　東大阪【福祉用具貸与】大阪府東大阪市高井田中2丁目6番11号C-Plant高井田CP-02号室", "url": "https://www.kaigokensaku.mhlw.go.jp/27/index.php?action_kouhyou_detail_004_kani=true&JigyosyoCd=2775017110-00&ServiceCd=170&Type=search", "url2": "https://www.kowa-lifezation.co.jp/" }, "geometry": { "type": "Point", "coordinates": [ 135.5717329, 34.6712542 ] } },
{ "type": "Feature", "properties": { "内容": "アスリートケア【福祉用具貸与】大阪府東大阪市水走３丁目１２番７号", "url": "https://www.kaigokensaku.mhlw.go.jp/27/index.php?action_kouhyou_detail_004_kani=true&JigyosyoCd=2775017029-00&ServiceCd=170&Type=search", "url2": "https://www.athlete-logi.com/care-top" }, "geometry": { "type": "Point", "coordinates": [ 135.630988499999972, 34.683231300000024 ] } },
{ "type": "Feature", "properties": { "内容": "ダイキチレントオール株式会社【福祉用具貸与】大阪府東大阪市荒本西３丁目２番４号", "url": "https://www.kaigokensaku.mhlw.go.jp/27/index.php?action_kouhyou_detail_004_kani=true&JigyosyoCd=2775003334-00&ServiceCd=170&Type=search", "url2": "http://fukushiyogu.daikichi-rentall.co.jp/" }, "geometry": { "type": "Point", "coordinates": [ 135.6014988, 34.676008200000041 ] } },
{ "type": "Feature", "properties": { "内容": "ＴＫグローバル【福祉用具貸与】大阪府東大阪市荒本新町8-21", "url": "https://www.kaigokensaku.mhlw.go.jp/27/index.php?action_kouhyou_detail_004_kani=true&JigyosyoCd=2775014042-00&ServiceCd=170&Type=search", "url2": "http://www.kmg-creative.co.jp/" }, "geometry": { "type": "Point", "coordinates": [ 135.602044737584691, 34.677788291588726 ] } },
{ "type": "Feature", "properties": { "内容": "グローバルヘルスケア【福祉用具貸与】東大阪市寿町1-2-29", "url": "https://www.kaigokensaku.mhlw.go.jp/27/index.php?action_kouhyou_detail_004_kani=true&JigyosyoCd=2775008069-00&ServiceCd=170&Type=search", "url2": "http://www.g-health.jp/" }, "geometry": { "type": "Point", "coordinates": [ 135.569518600000038, 34.6525103 ] } },
{ "type": "Feature", "properties": { "内容": "福祉カーゴ【福祉用具貸与】荒本2－18－25", "url": "https://www.kaigokensaku.mhlw.go.jp/27/index.php?action_kouhyou_detail_004_kani=true&JigyosyoCd=2775009067-00&ServiceCd=170&Type=search", "url2": null }, "geometry": { "type": "Point", "coordinates": [ 135.602881, 34.676556 ] } },
{ "type": "Feature", "properties": { "内容": "株式会社　スズキ自販近畿【福祉用具貸与】大阪府東大阪市岩田町６－２－３６", "url": "https://www.kaigokensaku.mhlw.go.jp/27/index.php?action_kouhyou_detail_004_kani=true&JigyosyoCd=2775002633-00&ServiceCd=170&Type=search", "url2": "http://www.sj-kinki.jp/" }, "geometry": { "type": "Point", "coordinates": [ 135.604462099999978, 34.6699729 ] } },
{ "type": "Feature", "properties": { "内容": "株式会社セリオ　大阪東福祉用具貸与事業所【福祉用具貸与】大阪府東大阪市近江堂3丁目14-12", "url": "https://www.kaigokensaku.mhlw.go.jp/27/index.php?action_kouhyou_detail_004_kani=true&JigyosyoCd=2775003110-00&ServiceCd=170&Type=search", "url2": "http://www.serio888.net" }, "geometry": { "type": "Point", "coordinates": [ 135.589607383537327, 34.646036206390249 ] } },
{ "type": "Feature", "properties": { "内容": "株式会社　ヤマシタ　東大阪営業所【福祉用具貸与】大阪府東大阪市長田中２-2-27", "url": "https://www.kaigokensaku.mhlw.go.jp/27/index.php?action_kouhyou_detail_004_kani=true&JigyosyoCd=2775015734-00&ServiceCd=170&Type=search", "url2": "http://www.yco.co.jp/" }, "geometry": { "type": "Point", "coordinates": [ 135.5898561, 34.67924690000001 ] } },
{ "type": "Feature", "properties": { "内容": "介護の太助　東大阪店【福祉用具貸与】大阪府東大阪市長田東4-2-32大真ビル504", "url": "https://www.kaigokensaku.mhlw.go.jp/27/index.php?action_kouhyou_detail_004_kani=true&JigyosyoCd=2775013671-00&ServiceCd=170&Type=search", "url2": "https://www.kaigo-tasuke.co.jp/" }, "geometry": { "type": "Point", "coordinates": [ 135.593407500000012, 34.683088 ] } },
{ "type": "Feature", "properties": { "内容": "幸レンタルサービス【福祉用具貸与】大阪府東大阪市中小坂五丁目11番23号", "url": "https://www.kaigokensaku.mhlw.go.jp/27/index.php?action_kouhyou_detail_004_kani=true&JigyosyoCd=2775015445-00&ServiceCd=170&Type=search", "url2": "http://sachi.email/index.html" }, "geometry": { "type": "Point", "coordinates": [ 135.600851, 34.6792862 ] } },
{ "type": "Feature", "properties": { "内容": "パナソニックエイジフリーショップ東大阪【福祉用具貸与】大阪府東大阪市足代1丁目12番26号", "url": "https://www.kaigokensaku.mhlw.go.jp/27/index.php?action_kouhyou_detail_004_kani=true&JigyosyoCd=2775017201-00&ServiceCd=170&Type=search", "url2": "https://sumai.panasonic.jp/agefree/map/detail.php?id=202" }, "geometry": { "type": "Point", "coordinates": [ 135.5620084, 34.6635012 ] } },
{ "type": "Feature", "properties": { "内容": "近鉄スマイルライフ株式会社【福祉用具貸与】大阪府東大阪市西岩田1-12-29", "url": "https://www.kaigokensaku.mhlw.go.jp/27/index.php?action_kouhyou_detail_004_kani=true&JigyosyoCd=2775006832-00&ServiceCd=170&Type=search", "url2": "https://www.k-smile.com/" }, "geometry": { "type": "Point", "coordinates": [ 135.604068593830078, 34.663351550580323 ] } },
{ "type": "Feature", "properties": { "内容": "福祉用具貸与　万天乃里【福祉用具貸与】大阪府東大阪市稲葉三丁目２番コーポＫＭ１Ｆ", "url": "https://www.kaigokensaku.mhlw.go.jp/27/index.php?action_kouhyou_detail_004_kani=true&JigyosyoCd=2775017243-00&ServiceCd=170&Type=search", "url2": null }, "geometry": { "type": "Point", "coordinates": [ 135.617097699999988, 34.6668432 ] } },
{ "type": "Feature", "properties": { "内容": "ケアライフ凛【福祉用具貸与】大阪府東大阪市池島町４－１－５", "url": "https://www.kaigokensaku.mhlw.go.jp/27/index.php?action_kouhyou_detail_004_kani=true&JigyosyoCd=2775016120-00&ServiceCd=170&Type=search", "url2": null }, "geometry": { "type": "Point", "coordinates": [ 135.6323416, 34.6510456 ] } },
{ "type": "Feature", "properties": { "内容": "株式会社ハピネス【福祉用具貸与】大阪府東大阪市新家中町2番30号", "url": "https://www.kaigokensaku.mhlw.go.jp/27/index.php?action_kouhyou_detail_004_kani=true&JigyosyoCd=2775002005-00&ServiceCd=170&Type=search", "url2": null }, "geometry": { "type": "Point", "coordinates": [ 135.593390900000031, 34.673853 ] } },
{ "type": "Feature", "properties": { "内容": "たすけっと【福祉用具貸与】大阪府東大阪市菱江一丁目16番3号", "url": "https://www.kaigokensaku.mhlw.go.jp/27/index.php?action_kouhyou_detail_004_kani=true&JigyosyoCd=2775016815-00&ServiceCd=170&Type=search", "url2": "https://www.3-arrow.com/" }, "geometry": { "type": "Point", "coordinates": [ 135.614669, 34.6723194 ] } },
{ "type": "Feature", "properties": { "内容": "生活ぷらす東大阪支店【福祉用具貸与】大阪府東大阪市高井田中4-4-6", "url": "https://www.kaigokensaku.mhlw.go.jp/27/index.php?action_kouhyou_detail_004_kani=true&JigyosyoCd=2775017276-00&ServiceCd=170&Type=search", "url2": null }, "geometry": { "type": "Point", "coordinates": [ 135.5688107, 34.6762758 ] } },
{ "type": "Feature", "properties": { "内容": "株式会社　ウィズ　東大阪センター【福祉用具貸与】大阪府東大阪市長田東3-2-2", "url": "https://www.kaigokensaku.mhlw.go.jp/27/index.php?action_kouhyou_detail_004_kani=true&JigyosyoCd=2775005834-00&ServiceCd=170&Type=search", "url2": "http://www.hello-with.com" }, "geometry": { "type": "Point", "coordinates": [ 135.5930826, 34.6804772 ] } },
{ "type": "Feature", "properties": { "内容": "ケアサービスれんげ【福祉用具貸与】大阪府東大阪市瓜生堂二丁目8番３号", "url": "https://www.kaigokensaku.mhlw.go.jp/27/index.php?action_kouhyou_detail_004_kani=true&JigyosyoCd=2775008515-00&ServiceCd=170&Type=search", "url2": null }, "geometry": { "type": "Point", "coordinates": [ 135.603939709192645, 34.660007598983924 ] } },
{ "type": "Feature", "properties": { "内容": "リアンレンタルサービス【福祉用具貸与】大阪府東大阪市西岩田四丁目6番3号", "url": "https://www.kaigokensaku.mhlw.go.jp/27/index.php?action_kouhyou_detail_004_kani=true&JigyosyoCd=2775017342-00&ServiceCd=170&Type=search", "url2": null }, "geometry": { "type": "Point", "coordinates": [ 135.5990606, 34.668375 ] } },
{ "type": "Feature", "properties": { "内容": "福祉用具　ふくはち【福祉用具貸与】大阪府泉南市信達大苗代765", "url": "https://www.kaigokensaku.mhlw.go.jp/27/index.php?action_kouhyou_detail_004_kani=true&JigyosyoCd=2775600576-00&ServiceCd=170&Type=search", "url2": "https://huku-8.net" }, "geometry": { "type": "Point", "coordinates": [ 135.282936300000017, 34.372964100000011 ] } },
{ "type": "Feature", "properties": { "内容": "プラスワンケア泉南事業所【福祉用具貸与】大阪府泉南市樽井2-22-33", "url": "https://www.kaigokensaku.mhlw.go.jp/27/index.php?action_kouhyou_detail_004_kani=true&JigyosyoCd=2775601731-00&ServiceCd=170&Type=search", "url2": "http://plus-ones.jp/" }, "geometry": { "type": "Point", "coordinates": [ 135.271382899999907, 34.366287 ] } },
{ "type": "Feature", "properties": { "内容": "株式会社大黒ヘルスケアサービス関空店【福祉用具貸与】大阪府泉南市信達岡中919-1", "url": "https://www.kaigokensaku.mhlw.go.jp/27/index.php?action_kouhyou_detail_004_kani=true&JigyosyoCd=2775601343-00&ServiceCd=170&Type=search", "url2": "https://daikoku-healthcare.co.jp/" }, "geometry": { "type": "Point", "coordinates": [ 135.268268400000011, 34.3505588 ] } },
{ "type": "Feature", "properties": { "内容": "LIFEステーションみらい【福祉用具貸与】大阪府泉南市樽井5-39-3", "url": "https://www.kaigokensaku.mhlw.go.jp/27/index.php?action_kouhyou_detail_004_kani=true&JigyosyoCd=2775601574-00&ServiceCd=170&Type=search", "url2": "http://help-mirai.jp/publics/index/17/" }, "geometry": { "type": "Point", "coordinates": [ 135.260593, 34.3733171 ] } },
{ "type": "Feature", "properties": { "内容": "福祉用具専門事業ふくしえん【福祉用具貸与】大阪府泉南市岡田2丁目260番地", "url": "https://www.kaigokensaku.mhlw.go.jp/27/index.php?action_kouhyou_detail_004_kani=true&JigyosyoCd=2775601525-00&ServiceCd=170&Type=search", "url2": "http://hp.kaipoke.biz/32g/index.html" }, "geometry": { "type": "Point", "coordinates": [ 135.275591599999984, 34.3818641 ] } },
{ "type": "Feature", "properties": { "内容": "有限会社真ケアステーション【福祉用具貸与】大阪府泉南市幡代1-371-8", "url": "https://www.kaigokensaku.mhlw.go.jp/27/index.php?action_kouhyou_detail_004_kani=true&JigyosyoCd=2775600568-00&ServiceCd=170&Type=search", "url2": "https://www.makotocare-sta.net" }, "geometry": { "type": "Point", "coordinates": [ 135.262912527508547, 34.357283360992469 ] } },
{ "type": "Feature", "properties": { "内容": "慶生会ライフサポート四條畷【福祉用具貸与】大阪府四條畷市楠公2-10-16", "url": "https://www.kaigokensaku.mhlw.go.jp/27/index.php?action_kouhyou_detail_004_kani=true&JigyosyoCd=2775700780-00&ServiceCd=170&Type=search", "url2": "http://www.kyouseikai.org" }, "geometry": { "type": "Point", "coordinates": [ 135.640577399999984, 34.7322552 ] } },
{ "type": "Feature", "properties": { "内容": "福祉用具の詩情【福祉用具貸与】大阪府四條畷市楠公2-5-17", "url": "https://www.kaigokensaku.mhlw.go.jp/27/index.php?action_kouhyou_detail_004_kani=true&JigyosyoCd=2775700749-00&ServiceCd=170&Type=search", "url2": null }, "geometry": { "type": "Point", "coordinates": [ 135.6417011, 34.733086 ] } },
{ "type": "Feature", "properties": { "内容": "株式会社　Sunny【福祉用具貸与】大阪府交野市星田４丁目15-5アズステーション星田207", "url": "https://www.kaigokensaku.mhlw.go.jp/27/index.php?action_kouhyou_detail_004_kani=true&JigyosyoCd=2773601683-00&ServiceCd=170&Type=search", "url2": "https://sunny-katano.com/index.html" }, "geometry": { "type": "Point", "coordinates": [ 135.6647072, 34.7655636 ] } },
{ "type": "Feature", "properties": { "内容": "リンクケアショップ狭山【福祉用具貸与】大阪府大阪狭山市狭山2-902-4", "url": "https://www.kaigokensaku.mhlw.go.jp/27/index.php?action_kouhyou_detail_004_kani=true&JigyosyoCd=2779301684-00&ServiceCd=170&Type=search", "url2": "http://www.healthcare-link.co.jp/" }, "geometry": { "type": "Point", "coordinates": [ 135.554999900000013, 34.503372100000014 ] } },
{ "type": "Feature", "properties": { "内容": "げんき館i【福祉用具貸与】大阪府大阪狭山市茱萸木3丁目254-2", "url": "https://www.kaigokensaku.mhlw.go.jp/27/index.php?action_kouhyou_detail_004_kani=true&JigyosyoCd=2779300850-00&ServiceCd=170&Type=search", "url2": "https://sites.google.com/view/genkikan-i/" }, "geometry": { "type": "Point", "coordinates": [ 135.548165700000027, 34.494191 ] } },
{ "type": "Feature", "properties": { "内容": "ジャパンライフサポート【福祉用具貸与】大阪府大阪狭山市狭山5丁目2244番地3", "url": "https://www.kaigokensaku.mhlw.go.jp/27/index.php?action_kouhyou_detail_004_kani=true&JigyosyoCd=2779301809-00&ServiceCd=170&Type=search", "url2": "https://human-life-support.com" }, "geometry": { "type": "Point", "coordinates": [ 135.559420499999987, 34.5032221 ] } },
{ "type": "Feature", "properties": { "内容": "ピースライフケア【福祉用具貸与】大阪府大阪狭山市半田一丁目647番地3ユートピアハイツ金剛201号室", "url": "https://www.kaigokensaku.mhlw.go.jp/27/index.php?action_kouhyou_detail_004_kani=true&JigyosyoCd=2779301239-00&ServiceCd=170&Type=search", "url2": "http://hp.kaipoke.biz/0a8" }, "geometry": { "type": "Point", "coordinates": [ 135.5586702, 34.4959289 ] } },
{ "type": "Feature", "properties": { "内容": "アイワケアサポート【福祉用具貸与】大阪府大阪狭山市狭山1-787", "url": "https://www.kaigokensaku.mhlw.go.jp/27/index.php?action_kouhyou_detail_004_kani=true&JigyosyoCd=2779300595-00&ServiceCd=170&Type=search", "url2": "https://www.aiwacaresupport.com" }, "geometry": { "type": "Point", "coordinates": [ 135.557537, 34.5034038 ] } },
{ "type": "Feature", "properties": { "内容": "介護支援センターみやこ阪南【福祉用具貸与】大阪府阪南市桃の木台八丁目４２３番３５", "url": "https://www.kaigokensaku.mhlw.go.jp/27/index.php?action_kouhyou_detail_004_kani=true&JigyosyoCd=2779500954-00&ServiceCd=170&Type=search", "url2": null }, "geometry": { "type": "Point", "coordinates": [ 135.220449899999949, 34.3218872 ] } },
{ "type": "Feature", "properties": { "内容": "はんなん介護ショップ【福祉用具貸与】大阪府阪南市箱作３２５番地", "url": "https://www.kaigokensaku.mhlw.go.jp/27/index.php?action_kouhyou_detail_004_kani=true&JigyosyoCd=2779500525-00&ServiceCd=170&Type=search", "url2": null }, "geometry": { "type": "Point", "coordinates": [ 135.211786699999948, 34.340293 ] } },
{ "type": "Feature", "properties": { "内容": "関西メディカルサポート福祉用具事業所【福祉用具貸与】大阪府阪南市自然田448番地の3", "url": "https://www.kaigokensaku.mhlw.go.jp/27/index.php?action_kouhyou_detail_004_kani=true&JigyosyoCd=2779501424-00&ServiceCd=170&Type=search", "url2": null }, "geometry": { "type": "Point", "coordinates": [ 135.262241499999988, 34.3414659 ] } },
{ "type": "Feature", "properties": { "内容": "ケアショップハル阪南店【福祉用具貸与】大阪府阪南市自然田780-13", "url": "https://www.kaigokensaku.mhlw.go.jp/27/index.php?action_kouhyou_detail_004_kani=true&JigyosyoCd=2779500483-00&ServiceCd=170&Type=search", "url2": null }, "geometry": { "type": "Point", "coordinates": [ 135.2583033, 34.341319400000017 ] } },
{ "type": "Feature", "properties": { "内容": "有限会社　嶋精【福祉用具貸与】大阪府阪南市尾崎町９１番地の７", "url": "https://www.kaigokensaku.mhlw.go.jp/27/index.php?action_kouhyou_detail_004_kani=true&JigyosyoCd=2779500459-00&ServiceCd=170&Type=search", "url2": null }, "geometry": { "type": "Point", "coordinates": [ 135.2412918, 34.3609131 ] } },
{ "type": "Feature", "properties": { "内容": "ふくしようぐのはぐるま【福祉用具貸与】大阪府阪南市尾崎５丁目１１－４", "url": "https://www.kaigokensaku.mhlw.go.jp/27/index.php?action_kouhyou_detail_004_kani=true&JigyosyoCd=2779501580-00&ServiceCd=170&Type=search", "url2": null }, "geometry": { "type": "Point", "coordinates": [ 135.2446141, 34.3673011 ] } },
{ "type": "Feature", "properties": { "内容": "SEケア【福祉用具貸与】大阪府三島郡島本町広瀬二丁目１８番５号", "url": "https://www.kaigokensaku.mhlw.go.jp/27/index.php?action_kouhyou_detail_004_kani=true&JigyosyoCd=2773900648-00&ServiceCd=170&Type=search", "url2": null }, "geometry": { "type": "Point", "coordinates": [ 135.674302300000022, 34.8847267 ] } },
{ "type": "Feature", "properties": { "内容": "介護福祉用具きせんライフサポート【福祉用具貸与】大阪府豊能郡豊野町東ときわ台３丁目２－2", "url": "https://www.kaigokensaku.mhlw.go.jp/27/index.php?action_kouhyou_detail_004_kani=true&JigyosyoCd=2774700922-00&ServiceCd=170&Type=search", "url2": null }, "geometry": { "type": "Point", "coordinates": [ 135.444599252042906, 34.902865470021965 ] } },
{ "type": "Feature", "properties": { "内容": "福祉用具リゾムウェル【福祉用具貸与】大阪府豊能郡豊能町吉川187-1豊悠会", "url": "https://www.kaigokensaku.mhlw.go.jp/27/index.php?action_kouhyou_detail_004_kani=true&JigyosyoCd=2774700880-00&ServiceCd=170&Type=search", "url2": "https://www.shounkan.jp/" }, "geometry": { "type": "Point", "coordinates": [ 135.447722200000015, 34.91189 ] } },
{ "type": "Feature", "properties": { "内容": "ケアショップすまいるズ熊取【福祉用具貸与】大阪府泉南郡熊取町小垣内2-1989-3", "url": "https://www.kaigokensaku.mhlw.go.jp/27/index.php?action_kouhyou_detail_004_kani=true&JigyosyoCd=2771201502-00&ServiceCd=170&Type=search", "url2": "http://www.smiles294.co.jp" }, "geometry": { "type": "Point", "coordinates": [ 135.359279600000036, 34.398508 ] } },
{ "type": "Feature", "properties": { "内容": "福祉用具貸与事業所・アイラック【福祉用具貸与】大阪府泉南郡熊取町五門東2丁目3番11号", "url": "https://www.kaigokensaku.mhlw.go.jp/27/index.php?action_kouhyou_detail_004_kani=true&JigyosyoCd=2771200223-00&ServiceCd=170&Type=search", "url2": null }, "geometry": { "type": "Point", "coordinates": [ 135.356273800000054, 34.3976412 ] } },
{ "type": "Feature", "properties": { "内容": "ライフケア　カネイ【福祉用具貸与】紺屋１丁目１２－１５", "url": "https://www.kaigokensaku.mhlw.go.jp/27/index.php?action_kouhyou_detail_004_kani=true&JigyosyoCd=2771201791-00&ServiceCd=170&Type=search", "url2": null }, "geometry": { "type": "Point", "coordinates": [ 135.347778056344595, 34.401525161315163 ] } },
{ "type": "Feature", "properties": { "内容": "オオサコケアショップ【福祉用具貸与】大阪府泉南郡岬町淡輪1347番地", "url": "https://www.kaigokensaku.mhlw.go.jp/27/index.php?action_kouhyou_detail_004_kani=true&JigyosyoCd=2771201213-00&ServiceCd=170&Type=search", "url2": null }, "geometry": { "type": "Point", "coordinates": [ 135.1837031, 34.3235221 ] } },
{ "type": "Feature", "properties": { "内容": "介護ショップ　たけはら【福祉用具貸与】大阪府泉南郡岬町淡輪1166-1", "url": "https://www.kaigokensaku.mhlw.go.jp/27/index.php?action_kouhyou_detail_004_kani=true&JigyosyoCd=2771200959-00&ServiceCd=170&Type=search", "url2": null }, "geometry": { "type": "Point", "coordinates": [ 135.180600499999969, 34.3312045 ] } }
]
}
