{
"type": "FeatureCollection",
"name": "geo_27_短期入所生活介護",
"crs": { "type": "name", "properties": { "name": "urn:ogc:def:crs:OGC:1.3:CRS84" } },
"features": [
{ "type": "Feature", "properties": { "内容": "短期入所生活介護　網島の郷【短期入所生活介護】大阪府大阪市都島区網島町8番7号", "url": "https://www.kaigokensaku.mhlw.go.jp/27/index.php?action_kouhyou_detail_004_kani=true&JigyosyoCd=2775202688-00&ServiceCd=210&Type=search", "url2": "http://sanyoufukushikai.com/" }, "geometry": { "type": "Point", "coordinates": [ 135.526076900000021, 34.6944937 ] } },
{ "type": "Feature", "properties": { "内容": "社会福祉法人　治栄会　からまつ苑　ショートステイ【短期入所生活介護】大阪府大阪市都島区中野町５丁目１０番７０号", "url": "https://www.kaigokensaku.mhlw.go.jp/27/index.php?action_kouhyou_detail_004_kani=true&JigyosyoCd=2775200195-00&ServiceCd=210&Type=search", "url2": "http://www.karamatsuen.com/" }, "geometry": { "type": "Point", "coordinates": [ 135.5240351, 34.7065203 ] } },
{ "type": "Feature", "properties": { "内容": "特別養護老人ホーム青都荘【短期入所生活介護】大阪府大阪市都島区都島中通3-14-20", "url": "https://www.kaigokensaku.mhlw.go.jp/27/index.php?action_kouhyou_detail_004_kani=true&JigyosyoCd=2775201250-00&ServiceCd=210&Type=search", "url2": "https://www.seitoso.jp/" }, "geometry": { "type": "Point", "coordinates": [ 135.535954899999979, 34.7048494 ] } },
{ "type": "Feature", "properties": { "内容": "特別養護老人ホームグリーン野田【短期入所生活介護】大阪府大阪市福島区海老江２丁目１番３６号", "url": "https://www.kaigokensaku.mhlw.go.jp/27/index.php?action_kouhyou_detail_004_kani=true&JigyosyoCd=2770200240-00&ServiceCd=210&Type=search", "url2": "https://ebieshikikai.net/" }, "geometry": { "type": "Point", "coordinates": [ 135.474400800000012, 34.6958534 ] } },
{ "type": "Feature", "properties": { "内容": "特別養護老人ホーム　福島ともしび苑【短期入所生活介護】大阪府大阪市福島区吉野５丁目６番１１号", "url": "https://www.kaigokensaku.mhlw.go.jp/27/index.php?action_kouhyou_detail_004_kani=true&JigyosyoCd=2770200158-00&ServiceCd=210&Type=search", "url2": "https://www.tomoshibifukushikai.jp" }, "geometry": { "type": "Point", "coordinates": [ 135.467029599999989, 34.686782100000023 ] } },
{ "type": "Feature", "properties": { "内容": "平成福島苑【短期入所生活介護】大阪府大阪市福島区海老江3-20-8平成福島苑", "url": "https://www.kaigokensaku.mhlw.go.jp/27/index.php?action_kouhyou_detail_004_kani=true&JigyosyoCd=2770201693-00&ServiceCd=210&Type=search", "url2": "https://www.heiseifukushikai.com/" }, "geometry": { "type": "Point", "coordinates": [ 135.471945799999958, 34.7009252 ] } },
{ "type": "Feature", "properties": { "内容": "特別養護老人ホームガーデン天使【短期入所生活介護】大阪府大阪市此花区島屋４丁目１番１１号", "url": "https://www.kaigokensaku.mhlw.go.jp/27/index.php?action_kouhyou_detail_004_kani=true&JigyosyoCd=2772800211-00&ServiceCd=210&Type=search", "url2": "http://garden-tenshi.jp" }, "geometry": { "type": "Point", "coordinates": [ 135.443737599999963, 34.674044 ] } },
{ "type": "Feature", "properties": { "内容": "ケアセンター水都ホーム【短期入所生活介護】大阪府大阪市此花区西九条1-1-2", "url": "https://www.kaigokensaku.mhlw.go.jp/27/index.php?action_kouhyou_detail_004_kani=true&JigyosyoCd=2772800229-00&ServiceCd=210&Type=search", "url2": "http://www.fuyoufukusikai.com/facilities/suite_home.html" }, "geometry": { "type": "Point", "coordinates": [ 135.469835, 34.6833159 ] } },
{ "type": "Feature", "properties": { "内容": "特別養護老人ホーム　ラヴィータウーノ【短期入所生活介護】大阪市此花区伝法六丁目５番１２号", "url": "https://www.kaigokensaku.mhlw.go.jp/27/index.php?action_kouhyou_detail_004_kani=true&JigyosyoCd=2772800443-00&ServiceCd=210&Type=search", "url2": "http://www.lavita-uno.jp" }, "geometry": { "type": "Point", "coordinates": [ 135.447984099999985, 34.6853539 ] } },
{ "type": "Feature", "properties": { "内容": "特別養護老人ホームクレーネ大阪【短期入所生活介護】大阪府大阪市此花区春日出北1-22-3", "url": "https://www.kaigokensaku.mhlw.go.jp/27/index.php?action_kouhyou_detail_004_kani=true&JigyosyoCd=2772801169-00&ServiceCd=210&Type=search", "url2": "https://kurene.jp" }, "geometry": { "type": "Point", "coordinates": [ 135.450914399999988, 34.6838542 ] } },
{ "type": "Feature", "properties": { "内容": "社会福祉法人　緑修会　特別養護老人ホーム　クローバー【短期入所生活介護】大阪府大阪市此花区高見2-8-1", "url": "https://www.kaigokensaku.mhlw.go.jp/27/index.php?action_kouhyou_detail_004_kani=true&JigyosyoCd=2772801367-00&ServiceCd=210&Type=search", "url2": "https://www.ryokushukai.jp/" }, "geometry": { "type": "Point", "coordinates": [ 135.456379299999981, 34.6892346 ] } },
{ "type": "Feature", "properties": { "内容": "特別養護老人ホーム　江之子島コスモス苑【短期入所生活介護】大阪市西区江之子島１－８－４４", "url": "https://www.kaigokensaku.mhlw.go.jp/27/index.php?action_kouhyou_detail_004_kani=true&JigyosyoCd=2771800188-00&ServiceCd=210&Type=search", "url2": "https://cosmos-en.tane.or.jp" }, "geometry": { "type": "Point", "coordinates": [ 135.484247500000038, 34.684119 ] } },
{ "type": "Feature", "properties": { "内容": "特別養護老人ホーム　すみれ苑　短期入所生活介護【短期入所生活介護】大阪市西区川口3－6－14", "url": "https://www.kaigokensaku.mhlw.go.jp/27/index.php?action_kouhyou_detail_004_kani=true&JigyosyoCd=2771800923-00&ServiceCd=210&Type=search", "url2": "http://www.sumire-en.jp" }, "geometry": { "type": "Point", "coordinates": [ 135.477512100000013, 34.6816969 ] } },
{ "type": "Feature", "properties": { "内容": "特別養護老人ホーム　愛港園【短期入所生活介護】大阪府大阪市港区八幡屋４丁目８番１号", "url": "https://www.kaigokensaku.mhlw.go.jp/27/index.php?action_kouhyou_detail_004_kani=true&JigyosyoCd=2770400147-00&ServiceCd=210&Type=search", "url2": "http://www.aikoen.jp" }, "geometry": { "type": "Point", "coordinates": [ 135.44679629999996, 34.6515107 ] } },
{ "type": "Feature", "properties": { "内容": "特別養護老人ホーム第２愛港園【短期入所生活介護】大阪府大阪市港区八幡屋４丁目８番１号", "url": "https://www.kaigokensaku.mhlw.go.jp/27/index.php?action_kouhyou_detail_004_kani=true&JigyosyoCd=2770400154-00&ServiceCd=210&Type=search", "url2": "https://dai2aikoen.jp" }, "geometry": { "type": "Point", "coordinates": [ 135.446967961376942, 34.651409203072113 ] } },
{ "type": "Feature", "properties": { "内容": "特別養護老人ホームザイオン【短期入所生活介護】大阪府大阪市港区市岡１丁目５－３０", "url": "https://www.kaigokensaku.mhlw.go.jp/27/index.php?action_kouhyou_detail_004_kani=true&JigyosyoCd=2770400253-00&ServiceCd=210&Type=search", "url2": "http://zaion.or.jp" }, "geometry": { "type": "Point", "coordinates": [ 135.462071867459088, 34.664167440698755 ] } },
{ "type": "Feature", "properties": { "内容": "特別養護老人ホーム　ザイオン大阪港【短期入所生活介護】大阪府大阪市港区築港一丁目９番７号", "url": "https://www.kaigokensaku.mhlw.go.jp/27/index.php?action_kouhyou_detail_004_kani=true&JigyosyoCd=2770401905-00&ServiceCd=210&Type=search", "url2": "http://osakakou.zaion.or.jp" }, "geometry": { "type": "Point", "coordinates": [ 135.436397199999988, 34.6534157 ] } },
{ "type": "Feature", "properties": { "内容": "特別養護老人ホーム　平成みなと苑　短期入所生活介護【短期入所生活介護】大阪府大阪市港区弁天２－８－１６", "url": "https://www.kaigokensaku.mhlw.go.jp/27/index.php?action_kouhyou_detail_004_kani=true&JigyosyoCd=2770401533-00&ServiceCd=210&Type=search", "url2": "http://www.heiseifukushikai.com/" }, "geometry": { "type": "Point", "coordinates": [ 135.454660500000045, 34.6685546 ] } },
{ "type": "Feature", "properties": { "内容": "社会福祉法人恩賜財団済生会支部大阪府済生会　老人短期入所事業大正園【短期入所生活介護】大阪市大正区北村3-4-3", "url": "https://www.kaigokensaku.mhlw.go.jp/27/index.php?action_kouhyou_detail_004_kani=true&JigyosyoCd=2772700239-00&ServiceCd=210&Type=search", "url2": "https://izuo-taishyoen.jp/" }, "geometry": { "type": "Point", "coordinates": [ 135.467289, 34.6497254 ] } },
{ "type": "Feature", "properties": { "内容": "特別養護老人ホーム幸楽園【短期入所生活介護】大阪府大阪市大正区鶴町二丁目19番28号特別養護老人ホーム　幸楽園", "url": "https://www.kaigokensaku.mhlw.go.jp/27/index.php?action_kouhyou_detail_004_kani=true&JigyosyoCd=2772701666-00&ServiceCd=210&Type=search", "url2": "http://kourakuen.osakakoufuukai.com/" }, "geometry": { "type": "Point", "coordinates": [ 135.454609900000037, 34.6393013 ] } },
{ "type": "Feature", "properties": { "内容": "特別養護老人ホーム　ビーナスホーム千島園【短期入所生活介護】大阪府大阪市大正区千島1-23-26", "url": "https://www.kaigokensaku.mhlw.go.jp/27/index.php?action_kouhyou_detail_004_kani=true&JigyosyoCd=2772700502-00&ServiceCd=210&Type=search", "url2": null }, "geometry": { "type": "Point", "coordinates": [ 135.476176, 34.6522392 ] } },
{ "type": "Feature", "properties": { "内容": "老人短期入所事業第二大正園【短期入所生活介護】大阪市大正区北村3-5-10", "url": "https://www.kaigokensaku.mhlw.go.jp/27/index.php?action_kouhyou_detail_004_kani=true&JigyosyoCd=2772700221-00&ServiceCd=210&Type=search", "url2": "https://izuo-dai2taishyoen.jp/" }, "geometry": { "type": "Point", "coordinates": [ 135.467322299999978, 34.6505837 ] } },
{ "type": "Feature", "properties": { "内容": "特別養護老人ホーム　悠の里【短期入所生活介護】大阪府大阪市大正区小林東2-6-15", "url": "https://www.kaigokensaku.mhlw.go.jp/27/index.php?action_kouhyou_detail_004_kani=true&JigyosyoCd=2772701831-00&ServiceCd=210&Type=search", "url2": "http://yuunosato.com" }, "geometry": { "type": "Point", "coordinates": [ 135.476334400000013, 34.6431704 ] } },
{ "type": "Feature", "properties": { "内容": "特別養護老人ホーム　四天王寺たまつくり苑【短期入所生活介護】大阪府大阪市天王寺区玉造元町1-29", "url": "https://www.kaigokensaku.mhlw.go.jp/27/index.php?action_kouhyou_detail_004_kani=true&JigyosyoCd=2771700156-00&ServiceCd=210&Type=search", "url2": "http://www.shitennoji-fukushi.jp/" }, "geometry": { "type": "Point", "coordinates": [ 135.532610200000022, 34.6731125 ] } },
{ "type": "Feature", "properties": { "内容": "特別養護老人ホーム四天王寺きたやま苑【短期入所生活介護】大阪府大阪市天王寺区北山町９－６", "url": "https://www.kaigokensaku.mhlw.go.jp/27/index.php?action_kouhyou_detail_004_kani=true&JigyosyoCd=2771700149-00&ServiceCd=210&Type=search", "url2": "http://www.shitennoji-fukushi.jp/" }, "geometry": { "type": "Point", "coordinates": [ 135.5227559, 34.6599832 ] } },
{ "type": "Feature", "properties": { "内容": "天王寺特別養護老人ホーム【短期入所生活介護】大阪府大阪市天王寺区勝山2-14-20", "url": "https://www.kaigokensaku.mhlw.go.jp/27/index.php?action_kouhyou_detail_004_kani=true&JigyosyoCd=2771702798-00&ServiceCd=210&Type=search", "url2": null }, "geometry": { "type": "Point", "coordinates": [ 135.5195249, 34.652492100000011 ] } },
{ "type": "Feature", "properties": { "内容": "湯川胃腸病院ショートステイ【短期入所生活介護】大阪府大阪市天王寺区堂ヶ芝２丁目１０番２号", "url": "https://www.kaigokensaku.mhlw.go.jp/27/index.php?action_kouhyou_detail_004_kani=true&JigyosyoCd=2771702202-00&ServiceCd=210&Type=search", "url2": "http://www.yukawa.or.jp/" }, "geometry": { "type": "Point", "coordinates": [ 135.526280600000064, 34.6601666 ] } },
{ "type": "Feature", "properties": { "内容": "特別養護老人ホーム　なにわ【短期入所生活介護】大阪府大阪市浪速区幸町ニ丁目３番１１号特別養護老人ホームなにわ", "url": "https://www.kaigokensaku.mhlw.go.jp/27/index.php?action_kouhyou_detail_004_kani=true&JigyosyoCd=2774301200-00&ServiceCd=210&Type=search", "url2": "http://www.kensyokai.jp" }, "geometry": { "type": "Point", "coordinates": [ 135.489467, 34.6689321 ] } },
{ "type": "Feature", "properties": { "内容": "特別養護老人ホームあいぜん【短期入所生活介護】大阪市浪速区日本橋５丁目１６番１９号", "url": "https://www.kaigokensaku.mhlw.go.jp/27/index.php?action_kouhyou_detail_004_kani=true&JigyosyoCd=2774300319-00&ServiceCd=210&Type=search", "url2": "http://www.aizenen.or.jp" }, "geometry": { "type": "Point", "coordinates": [ 135.504688, 34.6576537 ] } },
{ "type": "Feature", "properties": { "内容": "特別養護老人ホーム　アシステンツァ桜川【短期入所生活介護】大阪市浪速区桜川三丁目7番2号特別養護老人ホーム　アシステンツァ桜川", "url": "https://www.kaigokensaku.mhlw.go.jp/27/index.php?action_kouhyou_detail_004_kani=true&JigyosyoCd=2774301184-00&ServiceCd=210&Type=search", "url2": "http://www.kensyokai.jp" }, "geometry": { "type": "Point", "coordinates": [ 135.48716730000001, 34.6661574 ] } },
{ "type": "Feature", "properties": { "内容": "特別養護老人ホーム　大国さわやか苑【短期入所生活介護】大阪府大阪市浪速区大国2-17-9", "url": "https://www.kaigokensaku.mhlw.go.jp/27/index.php?action_kouhyou_detail_004_kani=true&JigyosyoCd=2774302224-00&ServiceCd=210&Type=search", "url2": "http://d-sawayakaen.com/" }, "geometry": { "type": "Point", "coordinates": [ 135.495366900000022, 34.6521425 ] } },
{ "type": "Feature", "properties": { "内容": "特別養護老人ホームルーチェ千舟【短期入所生活介護】大阪市西淀川区千舟二丁目７番２号", "url": "https://www.kaigokensaku.mhlw.go.jp/27/index.php?action_kouhyou_detail_004_kani=true&JigyosyoCd=2771000706-00&ServiceCd=210&Type=search", "url2": "http://s-f-k.or.jp" }, "geometry": { "type": "Point", "coordinates": [ 135.453041399999961, 34.7117842 ] } },
{ "type": "Feature", "properties": { "内容": "介護老人福祉施設水都ホーム福町【短期入所生活介護】大阪府大阪市西淀川区福町２丁目１１番７号", "url": "https://www.kaigokensaku.mhlw.go.jp/27/index.php?action_kouhyou_detail_004_kani=true&JigyosyoCd=2771001498-00&ServiceCd=210&Type=search", "url2": "http://ｗｗｗ.fuyoufukusikai.com/" }, "geometry": { "type": "Point", "coordinates": [ 135.4424048, 34.695439 ] } },
{ "type": "Feature", "properties": { "内容": "特別養護老人ホーム陽光ひめじま苑【短期入所生活介護】大阪府大阪市西淀川区姫島5丁目16番36号", "url": "https://www.kaigokensaku.mhlw.go.jp/27/index.php?action_kouhyou_detail_004_kani=true&JigyosyoCd=2771002322-00&ServiceCd=210&Type=search", "url2": "http://youkou-wel.com/" }, "geometry": { "type": "Point", "coordinates": [ 135.448175200000037, 34.7044516 ] } },
{ "type": "Feature", "properties": { "内容": "社会福祉法人　松福会　西淀川特別養護老人ホーム【短期入所生活介護】大阪市西淀川区大和田二丁目５番１１号", "url": "https://www.kaigokensaku.mhlw.go.jp/27/index.php?action_kouhyou_detail_004_kani=true&JigyosyoCd=2771000300-00&ServiceCd=210&Type=search", "url2": "http://s-f-k.or.jp" }, "geometry": { "type": "Point", "coordinates": [ 135.442497900000035, 34.70291 ] } },
{ "type": "Feature", "properties": { "内容": "特別養護老人ホーム　姫島みずほ苑【短期入所生活介護】大阪府大阪市西淀川区姫島5丁目11番24号", "url": "https://www.kaigokensaku.mhlw.go.jp/27/index.php?action_kouhyou_detail_004_kani=true&JigyosyoCd=2771001308-00&ServiceCd=210&Type=search", "url2": "http://himejima-mizuhoen.jp" }, "geometry": { "type": "Point", "coordinates": [ 135.4496226, 34.7033258 ] } },
{ "type": "Feature", "properties": { "内容": "せいりょう姫島　ショートステイ【短期入所生活介護】大阪府大阪市西淀川区姫島2丁目15-8", "url": "https://www.kaigokensaku.mhlw.go.jp/27/index.php?action_kouhyou_detail_004_kani=true&JigyosyoCd=2771002348-00&ServiceCd=210&Type=search", "url2": "https://www.f-seiryou.com/info/himejima.html" }, "geometry": { "type": "Point", "coordinates": [ 135.4527144, 34.7013622 ] } },
{ "type": "Feature", "properties": { "内容": "特別養護老人ホームともしび【短期入所生活介護】大阪府大阪市東淀川区東中島5-19-3", "url": "https://www.kaigokensaku.mhlw.go.jp/27/index.php?action_kouhyou_detail_004_kani=true&JigyosyoCd=2773004730-00&ServiceCd=210&Type=search", "url2": "https://www.tomoshibifukushikai.jp" }, "geometry": { "type": "Point", "coordinates": [ 135.509714969311517, 34.73287564574651 ] } },
{ "type": "Feature", "properties": { "内容": "特別養護老人ホーム　だんらん【短期入所生活介護】大阪市東淀川区淡路3丁目１３－３７", "url": "https://www.kaigokensaku.mhlw.go.jp/27/index.php?action_kouhyou_detail_004_kani=true&JigyosyoCd=2773000357-00&ServiceCd=210&Type=search", "url2": "http://www.normalization.or.jp/" }, "geometry": { "type": "Point", "coordinates": [ 135.513333200000034, 34.7381245 ] } },
{ "type": "Feature", "properties": { "内容": "特別養護老人ホーム　井高野園【短期入所生活介護】大阪府大阪市東淀川区井高野３丁目1番５８号", "url": "https://www.kaigokensaku.mhlw.go.jp/27/index.php?action_kouhyou_detail_004_kani=true&JigyosyoCd=2773000266-00&ServiceCd=210&Type=search", "url2": "http://www.itakanoen.or.jp/" }, "geometry": { "type": "Point", "coordinates": [ 135.5439907, 34.7666326 ] } },
{ "type": "Feature", "properties": { "内容": "特別養護老人ホーム　菜乃花【短期入所生活介護】大阪府大阪市東淀川区上新庄１－２－５特別養護老人ホーム　菜乃花", "url": "https://www.kaigokensaku.mhlw.go.jp/27/index.php?action_kouhyou_detail_004_kani=true&JigyosyoCd=2773004557-00&ServiceCd=210&Type=search", "url2": "http://www.aoyama-med.gr.jp/ouka-welfare/nanoka" }, "geometry": { "type": "Point", "coordinates": [ 135.527473399999963, 34.7442381 ] } },
{ "type": "Feature", "properties": { "内容": "淡路介護老人福祉施設ビハーラ【短期入所生活介護】大阪府大阪市東淀川区淡路5-11-17", "url": "https://www.kaigokensaku.mhlw.go.jp/27/index.php?action_kouhyou_detail_004_kani=true&JigyosyoCd=2773001041-00&ServiceCd=210&Type=search", "url2": "http://vihara-sisinkai.jp" }, "geometry": { "type": "Point", "coordinates": [ 135.517143799999985, 34.7433018 ] } },
{ "type": "Feature", "properties": { "内容": "特別養護老人ホーム　ザイオン新大阪【短期入所生活介護】大阪府大阪市東淀川区東中島２丁目１４番１３号", "url": "https://www.kaigokensaku.mhlw.go.jp/27/index.php?action_kouhyou_detail_004_kani=true&JigyosyoCd=2773003666-00&ServiceCd=210&Type=search", "url2": "http://shinosaka.zaion.or.jp/" }, "geometry": { "type": "Point", "coordinates": [ 135.504939599999943, 34.7290364 ] } },
{ "type": "Feature", "properties": { "内容": "特別養護老人ホーム　とよさと黄金の里【短期入所生活介護】大阪市東淀川区大桐1丁目7番１６号", "url": "https://www.kaigokensaku.mhlw.go.jp/27/index.php?action_kouhyou_detail_004_kani=true&JigyosyoCd=2773001819-00&ServiceCd=210&Type=search", "url2": "http://www.kogane.or.jp" }, "geometry": { "type": "Point", "coordinates": [ 135.543938499999967, 34.7451856 ] } },
{ "type": "Feature", "properties": { "内容": "淡路福祉サービスステーション【短期入所生活介護】大阪府大阪市東淀川区東淡路1-4-49メゾンリベルテ", "url": "https://www.kaigokensaku.mhlw.go.jp/27/index.php?action_kouhyou_detail_004_kani=true&JigyosyoCd=2773000282-00&ServiceCd=210&Type=search", "url2": "http://www.ojk.or.jp/" }, "geometry": { "type": "Point", "coordinates": [ 135.51965210000003, 34.7335308 ] } },
{ "type": "Feature", "properties": { "内容": "特別養護老人ホームポプラ上新庄【短期入所生活介護】大阪府大阪市東淀川区上新庄三丁目15番9号", "url": "https://www.kaigokensaku.mhlw.go.jp/27/index.php?action_kouhyou_detail_004_kani=true&JigyosyoCd=2773005091-00&ServiceCd=210&Type=search", "url2": "https://poplar-group.jp/short_stay/shortsty_kamishinjyou" }, "geometry": { "type": "Point", "coordinates": [ 135.531488099999962, 34.7511746 ] } },
{ "type": "Feature", "properties": { "内容": "介護老人福祉施設　さわやか苑【短期入所生活介護】大阪府大阪市東淀川区豊新2-15-20", "url": "https://www.kaigokensaku.mhlw.go.jp/27/index.php?action_kouhyou_detail_004_kani=true&JigyosyoCd=2773000662-00&ServiceCd=210&Type=search", "url2": "http://yukohukushikai.com" }, "geometry": { "type": "Point", "coordinates": [ 135.527373899999986, 34.7425092 ] } },
{ "type": "Feature", "properties": { "内容": "特別養護老人ホーム寿楽荘いたかの【短期入所生活介護】大阪府大阪市東淀川区井高野４丁目６番６１号", "url": "https://www.kaigokensaku.mhlw.go.jp/27/index.php?action_kouhyou_detail_004_kani=true&JigyosyoCd=2773003336-00&ServiceCd=210&Type=search", "url2": "http://juraku-osaka.jp/" }, "geometry": { "type": "Point", "coordinates": [ 135.54863469999998, 34.7667825 ] } },
{ "type": "Feature", "properties": { "内容": "特別養護老人ホーム　称揚苑【短期入所生活介護】大阪府大阪市東成区深江北1丁目14番8号", "url": "https://www.kaigokensaku.mhlw.go.jp/27/index.php?action_kouhyou_detail_004_kani=true&JigyosyoCd=2771502826-00&ServiceCd=210&Type=search", "url2": "http://www.kyouseikai.org/" }, "geometry": { "type": "Point", "coordinates": [ 135.5562026, 34.6750352 ] } },
{ "type": "Feature", "properties": { "内容": "特別養護老人ホームアルカンシエル東成【短期入所生活介護】大阪市東成区中本四丁目１番２１号", "url": "https://www.kaigokensaku.mhlw.go.jp/27/index.php?action_kouhyou_detail_004_kani=true&JigyosyoCd=2771501307-00&ServiceCd=210&Type=search", "url2": "http://gogroup.jp" }, "geometry": { "type": "Point", "coordinates": [ 135.539341252253706, 34.677736617846193 ] } },
{ "type": "Feature", "properties": { "内容": "特別養護老人ホーム　サンローズオオサカ【短期入所生活介護】大阪府大阪市東成区神路１丁目１０番３号", "url": "https://www.kaigokensaku.mhlw.go.jp/27/index.php?action_kouhyou_detail_004_kani=true&JigyosyoCd=2771500176-00&ServiceCd=210&Type=search", "url2": "http://www.omichikai.or.jp/sunrose/index.htm" }, "geometry": { "type": "Point", "coordinates": [ 135.554999899999984, 34.6786208 ] } },
{ "type": "Feature", "properties": { "内容": "特別養護老人ホーム　ハミングベル中道【短期入所生活介護】大阪府大阪市東成区中道２丁目７-１", "url": "https://www.kaigokensaku.mhlw.go.jp/27/index.php?action_kouhyou_detail_004_kani=true&JigyosyoCd=2771500846-00&ServiceCd=210&Type=search", "url2": "http://www.humming-bell.or.jp" }, "geometry": { "type": "Point", "coordinates": [ 135.539373399999931, 34.6805592 ] } },
{ "type": "Feature", "properties": { "内容": "ショートステイcoconara巽【短期入所生活介護】大阪府大阪市生野区巽南3-4-25", "url": "https://www.kaigokensaku.mhlw.go.jp/27/index.php?action_kouhyou_detail_004_kani=true&JigyosyoCd=2772205221-00&ServiceCd=210&Type=search", "url2": "http://www.yumenohako.info" }, "geometry": { "type": "Point", "coordinates": [ 135.550229, 34.6401836 ] } },
{ "type": "Feature", "properties": { "内容": "特別養護老人ホーム　サン・アクエリア【短期入所生活介護】大阪府大阪市生野区新今里４丁目１１番１７号特別養護老人ホーム　サン・アクエリア", "url": "https://www.kaigokensaku.mhlw.go.jp/27/index.php?action_kouhyou_detail_004_kani=true&JigyosyoCd=2772200321-00&ServiceCd=210&Type=search", "url2": "http://www.sun-aquaria.com/" }, "geometry": { "type": "Point", "coordinates": [ 135.548884, 34.6624726 ] } },
{ "type": "Feature", "properties": { "内容": "あじさいの里短期入所生活介護事業所【短期入所生活介護】大阪府大阪市生野区勝山北3-13-20", "url": "https://www.kaigokensaku.mhlw.go.jp/27/index.php?action_kouhyou_detail_004_kani=true&JigyosyoCd=2772200594-00&ServiceCd=210&Type=search", "url2": "https://www.fukushi-aiseikai.or.jp/" }, "geometry": { "type": "Point", "coordinates": [ 135.5339306, 34.6546926 ] } },
{ "type": "Feature", "properties": { "内容": "特別養護老人ホーム夢の箱勝山【短期入所生活介護】大阪府大阪市生野区勝山南1-17-43", "url": "https://www.kaigokensaku.mhlw.go.jp/27/index.php?action_kouhyou_detail_004_kani=true&JigyosyoCd=2772203887-00&ServiceCd=210&Type=search", "url2": "http://www.yumenohako.info" }, "geometry": { "type": "Point", "coordinates": [ 135.526644600000054, 34.6529675 ] } },
{ "type": "Feature", "properties": { "内容": "特別養護老人ホーム　インパレスみのり苑【短期入所生活介護】大阪府大阪市生野区巽中３丁目１４番３号", "url": "https://www.kaigokensaku.mhlw.go.jp/27/index.php?action_kouhyou_detail_004_kani=true&JigyosyoCd=2772200313-00&ServiceCd=210&Type=search", "url2": "http://www.minori-en.com/" }, "geometry": { "type": "Point", "coordinates": [ 135.5517648, 34.647655 ] } },
{ "type": "Feature", "properties": { "内容": "社会福祉法人　慶生会　特別養護老人ホーム　瑞光苑【短期入所生活介護】大阪市生野区巽東4丁目11番10号", "url": "https://www.kaigokensaku.mhlw.go.jp/27/index.php?action_kouhyou_detail_004_kani=true&JigyosyoCd=2772200420-00&ServiceCd=210&Type=search", "url2": "https://kyouseikai.org/" }, "geometry": { "type": "Point", "coordinates": [ 135.557953199999929, 34.645797 ] } },
{ "type": "Feature", "properties": { "内容": "上本町特別養護老人ホームラガール【短期入所生活介護】大阪府大阪市生野区鶴橋一丁目9番34号", "url": "https://www.kaigokensaku.mhlw.go.jp/27/index.php?action_kouhyou_detail_004_kani=true&JigyosyoCd=2772207185-00&ServiceCd=210&Type=search", "url2": "http://uehonmachi.koudoukai.or.jp" }, "geometry": { "type": "Point", "coordinates": [ 135.5304577, 34.6626493 ] } },
{ "type": "Feature", "properties": { "内容": "特別養護老人ホーム　せんぽ【短期入所生活介護】大阪府大阪市生野区巽北１丁目１４番３号", "url": "https://www.kaigokensaku.mhlw.go.jp/27/index.php?action_kouhyou_detail_004_kani=true&JigyosyoCd=2772204851-00&ServiceCd=210&Type=search", "url2": "http://senpokai.org/" }, "geometry": { "type": "Point", "coordinates": [ 135.543290299999967, 34.654984400000011 ] } },
{ "type": "Feature", "properties": { "内容": "特別養護老人ホーム寿幸苑　短期入所生活介護【短期入所生活介護】大阪市生野区林寺四丁目13-14", "url": "https://www.kaigokensaku.mhlw.go.jp/27/index.php?action_kouhyou_detail_004_kani=true&JigyosyoCd=2772202442-00&ServiceCd=210&Type=search", "url2": "http://www.jukouen.com" }, "geometry": { "type": "Point", "coordinates": [ 135.534985900000038, 34.641608 ] } },
{ "type": "Feature", "properties": { "内容": "地域密着型特別養護老人ホームおがわ苑【短期入所生活介護】大阪市生野区生野東3丁目1番51号地域密着型特別養護老人ホームおがわ苑", "url": "https://www.kaigokensaku.mhlw.go.jp/27/index.php?action_kouhyou_detail_004_kani=true&JigyosyoCd=2772206476-00&ServiceCd=210&Type=search", "url2": "https://www.kaorukai1520.com/" }, "geometry": { "type": "Point", "coordinates": [ 135.533475, 34.651685 ] } },
{ "type": "Feature", "properties": { "内容": "アミライフ巽の里ショートステイ【短期入所生活介護】大阪府大阪市生野区巽北4丁目10番22号", "url": "https://www.kaigokensaku.mhlw.go.jp/27/index.php?action_kouhyou_detail_004_kani=true&JigyosyoCd=2772205411-00&ServiceCd=210&Type=search", "url2": "http://abikocare.co.jp/index.php" }, "geometry": { "type": "Point", "coordinates": [ 135.5580056, 34.6555459 ] } },
{ "type": "Feature", "properties": { "内容": "特別養護老人ホーム巽さくらら苑【短期入所生活介護】大阪市生野区巽中１－５－８", "url": "https://www.kaigokensaku.mhlw.go.jp/27/index.php?action_kouhyou_detail_004_kani=true&JigyosyoCd=2772201253-00&ServiceCd=210&Type=search", "url2": "http://sakuraraen.jp" }, "geometry": { "type": "Point", "coordinates": [ 135.5499787, 34.6516739 ] } },
{ "type": "Feature", "properties": { "内容": "特別養護老人ホーム　レインボー今里【短期入所生活介護】大阪府大阪市生野区中川１－６－２０", "url": "https://www.kaigokensaku.mhlw.go.jp/27/index.php?action_kouhyou_detail_004_kani=true&JigyosyoCd=2772200685-00&ServiceCd=210&Type=search", "url2": "http://goguroup.jp" }, "geometry": { "type": "Point", "coordinates": [ 135.542479, 34.6624835 ] } },
{ "type": "Feature", "properties": { "内容": "特別養護老人ホーム　甍【短期入所生活介護】大阪市生野区巽南3丁目7番30号", "url": "https://www.kaigokensaku.mhlw.go.jp/27/index.php?action_kouhyou_detail_004_kani=true&JigyosyoCd=2772200495-00&ServiceCd=210&Type=search", "url2": "http://sansyukai.jp" }, "geometry": { "type": "Point", "coordinates": [ 135.5499929, 34.6421973 ] } },
{ "type": "Feature", "properties": { "内容": "金の鈴短期入所施設【短期入所生活介護】大阪市生野区巽南3-5-25", "url": "https://www.kaigokensaku.mhlw.go.jp/27/index.php?action_kouhyou_detail_004_kani=true&JigyosyoCd=2772200545-00&ServiceCd=210&Type=search", "url2": "http://toukoukai.net/" }, "geometry": { "type": "Point", "coordinates": [ 135.549981, 34.641256 ] } },
{ "type": "Feature", "properties": { "内容": "特別養護老人ホーム　　ライフライト【短期入所生活介護】大阪市旭区赤川2-1-20", "url": "https://www.kaigokensaku.mhlw.go.jp/27/index.php?action_kouhyou_detail_004_kani=true&JigyosyoCd=2773100249-00&ServiceCd=210&Type=search", "url2": "http://hoshino-kai.com" }, "geometry": { "type": "Point", "coordinates": [ 135.530912299999954, 34.7244155 ] } },
{ "type": "Feature", "properties": { "内容": "特別養護老人ホームゆうゆう【短期入所生活介護】大阪府大阪市旭区高殿６－２４－１２", "url": "https://www.kaigokensaku.mhlw.go.jp/27/index.php?action_kouhyou_detail_004_kani=true&JigyosyoCd=2773100520-00&ServiceCd=210&Type=search", "url2": "http://www.aiai-1122.or.jp/yuyu/" }, "geometry": { "type": "Point", "coordinates": [ 135.546561200000042, 34.719408 ] } },
{ "type": "Feature", "properties": { "内容": "特別養護老人ホーム旭さくら苑【短期入所生活介護】大阪府大阪市旭区清水三丁目１５番２３号", "url": "https://www.kaigokensaku.mhlw.go.jp/27/index.php?action_kouhyou_detail_004_kani=true&JigyosyoCd=2773101007-00&ServiceCd=210&Type=search", "url2": "http://www.seisuikai.net/" }, "geometry": { "type": "Point", "coordinates": [ 135.558960100000036, 34.72298 ] } },
{ "type": "Feature", "properties": { "内容": "社会福祉法人邦寿会　高殿苑【短期入所生活介護】大阪府大阪市旭区高殿５－１０－７", "url": "https://www.kaigokensaku.mhlw.go.jp/27/index.php?action_kouhyou_detail_004_kani=true&JigyosyoCd=2773103110-00&ServiceCd=210&Type=search", "url2": "http://www.houjukai.jp/takadono/index.html" }, "geometry": { "type": "Point", "coordinates": [ 135.53864522181243, 34.718437628264795 ] } },
{ "type": "Feature", "properties": { "内容": "特別養護老人ホームあいあい【短期入所生活介護】大阪市旭区赤川1－6－12", "url": "https://www.kaigokensaku.mhlw.go.jp/27/index.php?action_kouhyou_detail_004_kani=true&JigyosyoCd=2773100314-00&ServiceCd=210&Type=search", "url2": "http://www.aiai-1122.or.jp/" }, "geometry": { "type": "Point", "coordinates": [ 135.532767700000022, 34.7225324 ] } },
{ "type": "Feature", "properties": { "内容": "生江特別養護老人ホーム白寿荘【短期入所生活介護】大阪府大阪市旭区生江３－２７－１", "url": "https://www.kaigokensaku.mhlw.go.jp/27/index.php?action_kouhyou_detail_004_kani=true&JigyosyoCd=2773101015-00&ServiceCd=210&Type=search", "url2": "http://www.liberta.or.jp/index.html" }, "geometry": { "type": "Point", "coordinates": [ 135.5351508, 34.7291734 ] } },
{ "type": "Feature", "properties": { "内容": "野江特別養護老人ホーム　城東園【短期入所生活介護】大阪府大阪市城東区今福東２丁目２番２５号", "url": "https://www.kaigokensaku.mhlw.go.jp/27/index.php?action_kouhyou_detail_004_kani=true&JigyosyoCd=2774400481-00&ServiceCd=210&Type=search", "url2": "http://www.noe.saiseikai.or.jp/jotoen/index.html" }, "geometry": { "type": "Point", "coordinates": [ 135.555086499999987, 34.7033376 ] } },
{ "type": "Feature", "properties": { "内容": "特別養護老人ホーム　至善荘【短期入所生活介護】大阪市城東区蒲生４丁目２番１０号", "url": "https://www.kaigokensaku.mhlw.go.jp/27/index.php?action_kouhyou_detail_004_kani=true&JigyosyoCd=2774400390-00&ServiceCd=210&Type=search", "url2": "http://www.shizenkai.or.jp/" }, "geometry": { "type": "Point", "coordinates": [ 135.543922899999984, 34.6980573 ] } },
{ "type": "Feature", "properties": { "内容": "特別養護老人ホームしぎの黄金の里【短期入所生活介護】大阪市城東区鴫野東2丁目26番12号", "url": "https://www.kaigokensaku.mhlw.go.jp/27/index.php?action_kouhyou_detail_004_kani=true&JigyosyoCd=2774400267-00&ServiceCd=210&Type=search", "url2": "http://www.kogane.or.jp" }, "geometry": { "type": "Point", "coordinates": [ 135.548525400000017, 34.6919136 ] } },
{ "type": "Feature", "properties": { "内容": "特別養護老人ホーム城東さくら苑【短期入所生活介護】大阪府大阪市城東区今福西6丁目6番20号", "url": "https://www.kaigokensaku.mhlw.go.jp/27/index.php?action_kouhyou_detail_004_kani=true&JigyosyoCd=2774403998-00&ServiceCd=210&Type=search", "url2": "http://www.seisuikai.net" }, "geometry": { "type": "Point", "coordinates": [ 135.552234753442349, 34.703352260878056 ] } },
{ "type": "Feature", "properties": { "内容": "特別養護老人ホーム平成森之宮苑【短期入所生活介護】大阪府大阪市城東区森之宮2-1-49", "url": "https://www.kaigokensaku.mhlw.go.jp/27/index.php?action_kouhyou_detail_004_kani=true&JigyosyoCd=2774404269-00&ServiceCd=210&Type=search", "url2": "http://www.heiseifukushikai.com/facility/facility/morinomiya/" }, "geometry": { "type": "Point", "coordinates": [ 135.539348085983278, 34.684934863501915 ] } },
{ "type": "Feature", "properties": { "内容": "特別養護老人ホーム　城東こすもす苑【短期入所生活介護】大阪市城東区蒲生2-2-38", "url": "https://www.kaigokensaku.mhlw.go.jp/27/index.php?action_kouhyou_detail_004_kani=true&JigyosyoCd=2774402578-00&ServiceCd=210&Type=search", "url2": "http://seisuikai.net" }, "geometry": { "type": "Point", "coordinates": [ 135.540470300000038, 34.6981545 ] } },
{ "type": "Feature", "properties": { "内容": "城東老人ホームショートステイ【短期入所生活介護】大阪市城東区古市1-20-17", "url": "https://www.kaigokensaku.mhlw.go.jp/27/index.php?action_kouhyou_detail_004_kani=true&JigyosyoCd=2774400366-00&ServiceCd=210&Type=search", "url2": "https://joto-tokuyou.com/" }, "geometry": { "type": "Point", "coordinates": [ 135.557494, 34.7088285 ] } },
{ "type": "Feature", "properties": { "内容": "特別養護老人ホームミネルヴァあべの【短期入所生活介護】大阪府大阪市阿倍野区昭和町3丁目4番27号", "url": "https://www.kaigokensaku.mhlw.go.jp/27/index.php?action_kouhyou_detail_004_kani=true&JigyosyoCd=2772303315-00&ServiceCd=210&Type=search", "url2": "http://helenkeller.jp/" }, "geometry": { "type": "Point", "coordinates": [ 135.516240599999946, 34.6280342 ] } },
{ "type": "Feature", "properties": { "内容": "特別養護老人ホーム　いくとく【短期入所生活介護】大阪府大阪市阿倍野区天王寺町北3-18-16", "url": "https://www.kaigokensaku.mhlw.go.jp/27/index.php?action_kouhyou_detail_004_kani=true&JigyosyoCd=2772300253-00&ServiceCd=210&Type=search", "url2": "https://ikutokuen.or.jp" }, "geometry": { "type": "Point", "coordinates": [ 135.5264783, 34.6429381 ] } },
{ "type": "Feature", "properties": { "内容": "ふれ愛丸山荘【短期入所生活介護】大阪市阿倍野区丸山通１丁目２－８", "url": "https://www.kaigokensaku.mhlw.go.jp/27/index.php?action_kouhyou_detail_004_kani=true&JigyosyoCd=2772300345-00&ServiceCd=210&Type=search", "url2": "http://www.freai-m.jp/" }, "geometry": { "type": "Point", "coordinates": [ 135.508021800000051, 34.6377858 ] } },
{ "type": "Feature", "properties": { "内容": "特別養護老人ホーム阪和苑【短期入所生活介護】大阪市阿倍野区松崎町２丁目３番１０号", "url": "https://www.kaigokensaku.mhlw.go.jp/27/index.php?action_kouhyou_detail_004_kani=true&JigyosyoCd=2772300527-00&ServiceCd=210&Type=search", "url2": "http://tezukayama.or.jp/hanwaen/index.html" }, "geometry": { "type": "Point", "coordinates": [ 135.515198700000042, 34.6442267 ] } },
{ "type": "Feature", "properties": { "内容": "特別養護老人ホーム　なごみ【短期入所生活介護】大阪府大阪市住吉区帝塚山東５丁目１０番１５号", "url": "https://www.kaigokensaku.mhlw.go.jp/27/index.php?action_kouhyou_detail_004_kani=true&JigyosyoCd=2772001398-00&ServiceCd=210&Type=search", "url2": "http://www.lifesupport.or.jp/index.html" }, "geometry": { "type": "Point", "coordinates": [ 135.498612099999946, 34.61275 ] } },
{ "type": "Feature", "properties": { "内容": "特別養護老人ホーム　ウェルネスあびこ【短期入所生活介護】大阪府大阪市住吉区我孫子西1-2-15", "url": "https://www.kaigokensaku.mhlw.go.jp/27/index.php?action_kouhyou_detail_004_kani=true&JigyosyoCd=2772000341-00&ServiceCd=210&Type=search", "url2": "http://www.wellness-kaigo.com" }, "geometry": { "type": "Point", "coordinates": [ 135.508312500000017, 34.6047054 ] } },
{ "type": "Feature", "properties": { "内容": "特別養護老人ホーム　あじさい苑大阪住吉【短期入所生活介護】大阪府大阪市住吉区住吉一丁目９番１８号", "url": "https://www.kaigokensaku.mhlw.go.jp/27/index.php?action_kouhyou_detail_004_kani=true&JigyosyoCd=2772005241-00&ServiceCd=210&Type=search", "url2": "https://koshokai-swc.or.jp" }, "geometry": { "type": "Point", "coordinates": [ 135.496231, 34.6122937 ] } },
{ "type": "Feature", "properties": { "内容": "特別養護老人ホームさんらく苑【短期入所生活介護】大阪府大阪市住吉区苅田5丁目16番10号", "url": "https://www.kaigokensaku.mhlw.go.jp/27/index.php?action_kouhyou_detail_004_kani=true&JigyosyoCd=2772000705-00&ServiceCd=210&Type=search", "url2": "https://sanrakucare.or.jp" }, "geometry": { "type": "Point", "coordinates": [ 135.514135500000066, 34.600731899999978 ] } },
{ "type": "Feature", "properties": { "内容": "帝塚山特別養護老人ホーム　ショートステイ【短期入所生活介護】大阪府大阪市住吉区帝塚山東2丁目1番35号", "url": "https://www.kaigokensaku.mhlw.go.jp/27/index.php?action_kouhyou_detail_004_kani=true&JigyosyoCd=2772000317-00&ServiceCd=210&Type=search", "url2": "http://www.tezukayama.or.jp/reifu/index.html" }, "geometry": { "type": "Point", "coordinates": [ 135.502089299999966, 34.6202574 ] } },
{ "type": "Feature", "properties": { "内容": "特別養護老人ホーム　阪和帝塚山苑　ショートステイ【短期入所生活介護】大阪府大阪市住吉区帝塚山東２丁目１番４１号", "url": "https://www.kaigokensaku.mhlw.go.jp/27/index.php?action_kouhyou_detail_004_kani=true&JigyosyoCd=2772003444-00&ServiceCd=210&Type=search", "url2": "http://tezukayama.or.jp/" }, "geometry": { "type": "Point", "coordinates": [ 135.502614200000068, 34.620854500000014 ] } },
{ "type": "Feature", "properties": { "内容": "特別養護老人ホームゆうけい創和【短期入所生活介護】大阪府大阪市住吉区遠里小野２丁目７番２０号", "url": "https://www.kaigokensaku.mhlw.go.jp/27/index.php?action_kouhyou_detail_004_kani=true&JigyosyoCd=2772002024-00&ServiceCd=210&Type=search", "url2": "http://www.yukeikai-web.com/" }, "geometry": { "type": "Point", "coordinates": [ 135.4974681, 34.5966379 ] } },
{ "type": "Feature", "properties": { "内容": "あびこケアセンターそよ風【短期入所生活介護】大阪市住吉区我孫子東3-3-11", "url": "https://www.kaigokensaku.mhlw.go.jp/27/index.php?action_kouhyou_detail_004_kani=true&JigyosyoCd=2772001745-00&ServiceCd=210&Type=search", "url2": "http://www.unimat-soyokaze.co.jp/" }, "geometry": { "type": "Point", "coordinates": [ 135.511272, 34.5972045 ] } },
{ "type": "Feature", "properties": { "内容": "特別養護老人ホーム　アップリケア・ホーム【短期入所生活介護】大阪市住吉区浅香1丁目8番38号", "url": "https://www.kaigokensaku.mhlw.go.jp/27/index.php?action_kouhyou_detail_004_kani=true&JigyosyoCd=2772000242-00&ServiceCd=210&Type=search", "url2": "http://www.apricare.com/" }, "geometry": { "type": "Point", "coordinates": [ 135.5108639, 34.5919412 ] } },
{ "type": "Feature", "properties": { "内容": "アミライフ・湯の里　ショートステイ【短期入所生活介護】大阪府大阪市東住吉区湯里5丁目19番8号", "url": "https://www.kaigokensaku.mhlw.go.jp/27/index.php?action_kouhyou_detail_004_kani=true&JigyosyoCd=2770803944-00&ServiceCd=210&Type=search", "url2": "http://abikocare.co.jp/index.php" }, "geometry": { "type": "Point", "coordinates": [ 135.53827157832643, 34.610623188603874 ] } },
{ "type": "Feature", "properties": { "内容": "特別養護老人ホームヴァンサンクボヌール【短期入所生活介護】大阪市東住吉区公園南矢田３－２１－４", "url": "https://www.kaigokensaku.mhlw.go.jp/27/index.php?action_kouhyou_detail_004_kani=true&JigyosyoCd=2770805303-00&ServiceCd=210&Type=search", "url2": "https://kaseikai.org/" }, "geometry": { "type": "Point", "coordinates": [ 135.527035899999987, 34.600803 ] } },
{ "type": "Feature", "properties": { "内容": "特別養護老人ホーム　せんぽ東住吉【短期入所生活介護】大阪府大阪市東住吉区住道矢田4丁目7番2号", "url": "https://www.kaigokensaku.mhlw.go.jp/27/index.php?action_kouhyou_detail_004_kani=true&JigyosyoCd=2770806376-00&ServiceCd=210&Type=search", "url2": "http://senpokai.org" }, "geometry": { "type": "Point", "coordinates": [ 135.5372194, 34.6001339 ] } },
{ "type": "Feature", "properties": { "内容": "特別養護老人ホームくれない【短期入所生活介護】大阪府大阪市東住吉区今川7-9-7", "url": "https://www.kaigokensaku.mhlw.go.jp/27/index.php?action_kouhyou_detail_004_kani=true&JigyosyoCd=2770800247-00&ServiceCd=210&Type=search", "url2": "http://www.9071.jp/" }, "geometry": { "type": "Point", "coordinates": [ 135.538055399999962, 34.6252571 ] } },
{ "type": "Feature", "properties": { "内容": "特別養護老人ホームヴァンサンク東住吉【短期入所生活介護】大阪市東住吉区湯里5丁目13番5号", "url": "https://www.kaigokensaku.mhlw.go.jp/27/index.php?action_kouhyou_detail_004_kani=true&JigyosyoCd=2770803068-00&ServiceCd=210&Type=search", "url2": "https://kaseikai.or.jp" }, "geometry": { "type": "Point", "coordinates": [ 135.537133400000016, 34.611428 ] } },
{ "type": "Feature", "properties": { "内容": "特別養護老人ホーム　あっとほうむ【短期入所生活介護】大阪府大阪市東住吉区杭全１丁目４番２０号", "url": "https://www.kaigokensaku.mhlw.go.jp/27/index.php?action_kouhyou_detail_004_kani=true&JigyosyoCd=2770800395-00&ServiceCd=210&Type=search", "url2": "http://www.keiyo.org/index.html" }, "geometry": { "type": "Point", "coordinates": [ 135.535891399999969, 34.640547 ] } },
{ "type": "Feature", "properties": { "内容": "特別養護老人ホーム　城南ホーム【短期入所生活介護】大阪市東住吉区住道矢田４－２０－１７", "url": "https://www.kaigokensaku.mhlw.go.jp/27/index.php?action_kouhyou_detail_004_kani=true&JigyosyoCd=2770800601-00&ServiceCd=210&Type=search", "url2": "http://www.jonanhome.jp/" }, "geometry": { "type": "Point", "coordinates": [ 135.539855699999947, 34.6000182 ] } },
{ "type": "Feature", "properties": { "内容": "特別養護老人ホーム　ゆめあまみ【短期入所生活介護】大阪市東住吉区矢田7-6-10", "url": "https://www.kaigokensaku.mhlw.go.jp/27/index.php?action_kouhyou_detail_004_kani=true&JigyosyoCd=2770800973-00&ServiceCd=210&Type=search", "url2": "http://www.smile-yume.com" }, "geometry": { "type": "Point", "coordinates": [ 135.530028600000037, 34.5955298 ] } },
{ "type": "Feature", "properties": { "内容": "特別養護老人ホーム　くつろぎ【短期入所生活介護】大阪市東住吉区公園南矢田1-4-17", "url": "https://www.kaigokensaku.mhlw.go.jp/27/index.php?action_kouhyou_detail_004_kani=true&JigyosyoCd=2770802771-00&ServiceCd=210&Type=search", "url2": null }, "geometry": { "type": "Point", "coordinates": [ 135.523459399999979, 34.6070645 ] } },
{ "type": "Feature", "properties": { "内容": "特別養護老人ホーム花嵐【短期入所生活介護】大阪府大阪市東住吉区矢田六丁目８番７号", "url": "https://www.kaigokensaku.mhlw.go.jp/27/index.php?action_kouhyou_detail_004_kani=true&JigyosyoCd=2770800213-00&ServiceCd=210&Type=search", "url2": "http://www.karan.or.jp/" }, "geometry": { "type": "Point", "coordinates": [ 135.5322408509262, 34.602391534663937 ] } },
{ "type": "Feature", "properties": { "内容": "特別養護老人ホームローズ【短期入所生活介護】大阪府大阪市西成区天下茶屋北２丁目４番７号", "url": "https://www.kaigokensaku.mhlw.go.jp/27/index.php?action_kouhyou_detail_004_kani=true&JigyosyoCd=2773304312-00&ServiceCd=210&Type=search", "url2": "http://www.hajime-kai.com/" }, "geometry": { "type": "Point", "coordinates": [ 135.501291700000024, 34.642888 ] } },
{ "type": "Feature", "properties": { "内容": "ショーステイかがやき【短期入所生活介護】大阪府大阪市西成区聖天下二丁目８番５号", "url": "https://www.kaigokensaku.mhlw.go.jp/27/index.php?action_kouhyou_detail_004_kani=true&JigyosyoCd=2773306879-00&ServiceCd=210&Type=search", "url2": "https://www.soyokai.or.jp" }, "geometry": { "type": "Point", "coordinates": [ 135.501938799999976, 34.6350042 ] } },
{ "type": "Feature", "properties": { "内容": "特別養護老人ホーム　白寿苑【短期入所生活介護】大阪市西成区南津守７丁目１２番３２号", "url": "https://www.kaigokensaku.mhlw.go.jp/27/index.php?action_kouhyou_detail_004_kani=true&JigyosyoCd=2773300153-00&ServiceCd=210&Type=search", "url2": "http://www.hakujuen.or.jp" }, "geometry": { "type": "Point", "coordinates": [ 135.48360219999995, 34.6242651 ] } },
{ "type": "Feature", "properties": { "内容": "社会福祉法人枚方療育園　特別養護老人ホーム山愛【短期入所生活介護】大阪府大阪市西成区南津守1丁目4番7号", "url": "https://www.kaigokensaku.mhlw.go.jp/27/index.php?action_kouhyou_detail_004_kani=true&JigyosyoCd=2773300229-00&ServiceCd=210&Type=search", "url2": "https://bienetre-k.jp/sanai/" }, "geometry": { "type": "Point", "coordinates": [ 135.484579200000013, 34.6361891 ] } },
{ "type": "Feature", "properties": { "内容": "まちかどホーム　すずらん【短期入所生活介護】大阪市西成区出城2丁目４番10号", "url": "https://www.kaigokensaku.mhlw.go.jp/27/index.php?action_kouhyou_detail_004_kani=true&JigyosyoCd=2773300245-00&ServiceCd=210&Type=search", "url2": null }, "geometry": { "type": "Point", "coordinates": [ 135.490961800000036, 34.650526 ] } },
{ "type": "Feature", "properties": { "内容": "特別養護老人ホーム　ライフカーサ【短期入所生活介護】大阪府大阪市西成区松3-12-35", "url": "https://www.kaigokensaku.mhlw.go.jp/27/index.php?action_kouhyou_detail_004_kani=true&JigyosyoCd=2773306929-00&ServiceCd=210&Type=search", "url2": "http://hoshino-kai.com/" }, "geometry": { "type": "Point", "coordinates": [ 135.486106361316843, 34.641830207279675 ] } },
{ "type": "Feature", "properties": { "内容": "特別養護老人ホームにちげつの光　短期入所事業【短期入所生活介護】大阪市西成区萩之茶屋１－２－５", "url": "https://www.kaigokensaku.mhlw.go.jp/27/index.php?action_kouhyou_detail_004_kani=true&JigyosyoCd=2773307075-00&ServiceCd=210&Type=search", "url2": "http://s-koutokukai.or.jp/" }, "geometry": { "type": "Point", "coordinates": [ 135.5024108, 34.6495428 ] } },
{ "type": "Feature", "properties": { "内容": "ショートステイ新高【短期入所生活介護】大阪府大阪市淀川区新高1-15-41", "url": "https://www.kaigokensaku.mhlw.go.jp/27/index.php?action_kouhyou_detail_004_kani=true&JigyosyoCd=2779103106-00&ServiceCd=210&Type=search", "url2": "http://taizankai.org" }, "geometry": { "type": "Point", "coordinates": [ 135.479644600000029, 34.7319687 ] } },
{ "type": "Feature", "properties": { "内容": "特別養護老人ホーム加寿苑【短期入所生活介護】大阪市淀川区加島1丁目34番8号", "url": "https://www.kaigokensaku.mhlw.go.jp/27/index.php?action_kouhyou_detail_004_kani=true&JigyosyoCd=2779100441-00&ServiceCd=210&Type=search", "url2": "http://www1.odn.ne.jp/~aap70820" }, "geometry": { "type": "Point", "coordinates": [ 135.458927, 34.7251606 ] } },
{ "type": "Feature", "properties": { "内容": "特別養護老人ホーム博愛の園【短期入所生活介護】大阪府大阪市淀川区十三元今里３丁目１－88", "url": "https://www.kaigokensaku.mhlw.go.jp/27/index.php?action_kouhyou_detail_004_kani=true&JigyosyoCd=2779100235-00&ServiceCd=210&Type=search", "url2": "http://www.hakuaisha-welfare.net/" }, "geometry": { "type": "Point", "coordinates": [ 135.476219899999933, 34.7228808 ] } },
{ "type": "Feature", "properties": { "内容": "特別養護老人ホーム寿里苑ラピス【短期入所生活介護】大阪府大阪市淀川区木川東2-19-15", "url": "https://www.kaigokensaku.mhlw.go.jp/27/index.php?action_kouhyou_detail_004_kani=true&JigyosyoCd=2779104013-00&ServiceCd=210&Type=search", "url2": "https://www.julien.or.jp/lapis/" }, "geometry": { "type": "Point", "coordinates": [ 135.490388100000018, 34.7243172 ] } },
{ "type": "Feature", "properties": { "内容": "特別養護老人ホーム　平成新高苑【短期入所生活介護】大阪府大阪市淀川区新高4-15-25", "url": "https://www.kaigokensaku.mhlw.go.jp/27/index.php?action_kouhyou_detail_004_kani=true&JigyosyoCd=2779100946-00&ServiceCd=210&Type=search", "url2": "http://www.heiseifukushikai.com" }, "geometry": { "type": "Point", "coordinates": [ 135.4791169, 34.7354238 ] } },
{ "type": "Feature", "properties": { "内容": "特別養護老人ホーム　淀川暖気の苑【短期入所生活介護】大阪府大阪市淀川区木川西４－５－４０", "url": "https://www.kaigokensaku.mhlw.go.jp/27/index.php?action_kouhyou_detail_004_kani=true&JigyosyoCd=2779100383-00&ServiceCd=210&Type=search", "url2": "http://danke.tokuyou.jp/" }, "geometry": { "type": "Point", "coordinates": [ 135.486971700000026, 34.7277167 ] } },
{ "type": "Feature", "properties": { "内容": "特別養護老人ホーム愛孝野中苑【短期入所生活介護】大阪府大阪市淀川区野中南２丁目８番２７号", "url": "https://www.kaigokensaku.mhlw.go.jp/27/index.php?action_kouhyou_detail_004_kani=true&JigyosyoCd=2779104765-00&ServiceCd=210&Type=search", "url2": "http://aikoufukushikai.com" }, "geometry": { "type": "Point", "coordinates": [ 135.48189210000001, 34.7255832 ] } },
{ "type": "Feature", "properties": { "内容": "特別養護老人ホームコティコート北大阪【短期入所生活介護】大阪府大阪市淀川区田川北3-4-3", "url": "https://www.kaigokensaku.mhlw.go.jp/27/index.php?action_kouhyou_detail_004_kani=true&JigyosyoCd=2779104252-00&ServiceCd=210&Type=search", "url2": "https://www.ikufuku.or.jp/" }, "geometry": { "type": "Point", "coordinates": [ 135.4683632, 34.7222247 ] } },
{ "type": "Feature", "properties": { "内容": "ショートステイ　ソラスト鶴見緑地【短期入所生活介護】大阪市鶴見区浜2-2-62", "url": "https://www.kaigokensaku.mhlw.go.jp/27/index.php?action_kouhyou_detail_004_kani=true&JigyosyoCd=2779201561-00&ServiceCd=210&Type=search", "url2": "https://solasto-kaigo.com/care/area/solastotsurumiryokuchi.html" }, "geometry": { "type": "Point", "coordinates": [ 135.582475100000011, 34.7073516 ] } },
{ "type": "Feature", "properties": { "内容": "特別養護老人ホーム　ファミリー【短期入所生活介護】大阪市鶴見区安田2丁目１番２７号", "url": "https://www.kaigokensaku.mhlw.go.jp/27/index.php?action_kouhyou_detail_004_kani=true&JigyosyoCd=2779200167-00&ServiceCd=210&Type=search", "url2": "http://www2.family.ed.jp/~family/" }, "geometry": { "type": "Point", "coordinates": [ 135.59125210000002, 34.7026745 ] } },
{ "type": "Feature", "properties": { "内容": "特別養護老人ホームらんまん鶴見【短期入所生活介護】大阪府大阪市鶴見区鶴見5丁目2番10号", "url": "https://www.kaigokensaku.mhlw.go.jp/27/index.php?action_kouhyou_detail_004_kani=true&JigyosyoCd=2779202106-00&ServiceCd=210&Type=search", "url2": "http://www.man-ten.org/" }, "geometry": { "type": "Point", "coordinates": [ 135.561235300000021, 34.707864800000017 ] } },
{ "type": "Feature", "properties": { "内容": "特別養護老人ホーム　グリーンランドみずき【短期入所生活介護】大阪府大阪市鶴見区緑３丁目１６番２７号", "url": "https://www.kaigokensaku.mhlw.go.jp/27/index.php?action_kouhyou_detail_004_kani=true&JigyosyoCd=2779202064-00&ServiceCd=210&Type=search", "url2": "http://mizuki-osaka.jp" }, "geometry": { "type": "Point", "coordinates": [ 135.566340299999979, 34.7128672 ] } },
{ "type": "Feature", "properties": { "内容": "ショートステイゆうわ【短期入所生活介護】大阪府大阪市鶴見区諸口6-1-17", "url": "https://www.kaigokensaku.mhlw.go.jp/27/index.php?action_kouhyou_detail_004_kani=true&JigyosyoCd=2779201868-00&ServiceCd=210&Type=search", "url2": "http://yu-shuwa.sakura.ne.jp/index.html" }, "geometry": { "type": "Point", "coordinates": [ 135.574983726983618, 34.705336821881005 ] } },
{ "type": "Feature", "properties": { "内容": "特別養護老人ホームくつろぎ・つるみ荘【短期入所生活介護】大阪府大阪市鶴見区中茶屋１丁目１番１０号特別養護老人ホームくつろぎ・つるみ荘", "url": "https://www.kaigokensaku.mhlw.go.jp/27/index.php?action_kouhyou_detail_004_kani=true&JigyosyoCd=2779202197-00&ServiceCd=210&Type=search", "url2": "http://www.elfkaigo.co.jp/tsurumi/" }, "geometry": { "type": "Point", "coordinates": [ 135.583993277770986, 34.699584265574167 ] } },
{ "type": "Feature", "properties": { "内容": "浜特別養護老人ホーム【短期入所生活介護】大阪市鶴見区浜５丁目６番１４号", "url": "https://www.kaigokensaku.mhlw.go.jp/27/index.php?action_kouhyou_detail_004_kani=true&JigyosyoCd=2779200860-00&ServiceCd=210&Type=search", "url2": "http://www.waetsukai.jp/" }, "geometry": { "type": "Point", "coordinates": [ 135.5816221, 34.7163588 ] } },
{ "type": "Feature", "properties": { "内容": "特別養護老人ホームウェルシーライフ【短期入所生活介護】大阪府大阪市鶴見区諸口1丁目14番43号", "url": "https://www.kaigokensaku.mhlw.go.jp/27/index.php?action_kouhyou_detail_004_kani=true&JigyosyoCd=2779200399-00&ServiceCd=210&Type=search", "url2": "https://houjyu-w.sakura.ne.jp/" }, "geometry": { "type": "Point", "coordinates": [ 135.577851900000013, 34.701011 ] } },
{ "type": "Feature", "properties": { "内容": "特別養護老人ホーム　リベルタヴィータ【短期入所生活介護】大阪府大阪市鶴見区今津南3-5-5", "url": "https://www.kaigokensaku.mhlw.go.jp/27/index.php?action_kouhyou_detail_004_kani=true&JigyosyoCd=2779200324-00&ServiceCd=210&Type=search", "url2": "http://www.liberta-vita.jp/" }, "geometry": { "type": "Point", "coordinates": [ 135.5736159, 34.6887463 ] } },
{ "type": "Feature", "properties": { "内容": "介護老人福祉施設　グルメ杵屋社会貢献の家【短期入所生活介護】大阪府大阪市住之江区浜口東2-5-14", "url": "https://www.kaigokensaku.mhlw.go.jp/27/index.php?action_kouhyou_detail_004_kani=true&JigyosyoCd=2775900265-00&ServiceCd=210&Type=search", "url2": "http://www.gksc.jp/" }, "geometry": { "type": "Point", "coordinates": [ 135.487168900000029, 34.6109918 ] } },
{ "type": "Feature", "properties": { "内容": "南港咲洲特別養護老人ホーム【短期入所生活介護】大阪市住之江区南港中２－１－３５", "url": "https://www.kaigokensaku.mhlw.go.jp/27/index.php?action_kouhyou_detail_004_kani=true&JigyosyoCd=2775900612-00&ServiceCd=210&Type=search", "url2": "http://www.itokukai.com" }, "geometry": { "type": "Point", "coordinates": [ 135.430348500000036, 34.6293101 ] } },
{ "type": "Feature", "properties": { "内容": "特別養護老人ホーム加賀屋の森【短期入所生活介護】大阪府大阪市住之江区北加賀屋5丁目4番23号", "url": "https://www.kaigokensaku.mhlw.go.jp/27/index.php?action_kouhyou_detail_004_kani=true&JigyosyoCd=2775902303-00&ServiceCd=210&Type=search", "url2": "https://kenseikaigroup.or.jp/" }, "geometry": { "type": "Point", "coordinates": [ 135.474582, 34.6222928 ] } },
{ "type": "Feature", "properties": { "内容": "特別養護老人ホーム　浜木綿苑【短期入所生活介護】大阪府大阪市住之江区南港北１丁目４番地１号", "url": "https://www.kaigokensaku.mhlw.go.jp/27/index.php?action_kouhyou_detail_004_kani=true&JigyosyoCd=2775902485-00&ServiceCd=210&Type=search", "url2": "http://www.tezukayama.or.jp/hamayuen/index.html" }, "geometry": { "type": "Point", "coordinates": [ 135.425148700000022, 34.6384033 ] } },
{ "type": "Feature", "properties": { "内容": "いわき園短期入所生活介護事業所【短期入所生活介護】大阪府大阪市住之江区南加賀屋三丁目９番２号", "url": "https://www.kaigokensaku.mhlw.go.jp/27/index.php?action_kouhyou_detail_004_kani=true&JigyosyoCd=2775900166-00&ServiceCd=210&Type=search", "url2": "http://www.iwakigakuen.or.jp/iwakien/" }, "geometry": { "type": "Point", "coordinates": [ 135.474200800000062, 34.6052754 ] } },
{ "type": "Feature", "properties": { "内容": "特別養護老人ホーム　健祥会エンリケ【短期入所生活介護】大阪府大阪市住之江区南港北二丁目7番48号", "url": "https://www.kaigokensaku.mhlw.go.jp/27/index.php?action_kouhyou_detail_004_kani=true&JigyosyoCd=2775902204-00&ServiceCd=210&Type=search", "url2": "http://www.kenshokai.group" }, "geometry": { "type": "Point", "coordinates": [ 135.408289100000047, 34.6400633 ] } },
{ "type": "Feature", "properties": { "内容": "喜連の杜【短期入所生活介護】大阪市平野区喜連4-6-19", "url": "https://www.kaigokensaku.mhlw.go.jp/27/index.php?action_kouhyou_detail_004_kani=true&JigyosyoCd=2795800537-00&ServiceCd=210&Type=search", "url2": "http://www.eijyu.or.jp" }, "geometry": { "type": "Point", "coordinates": [ 135.554893793263432, 34.611728132530274 ] } },
{ "type": "Feature", "properties": { "内容": "特別養護老人ホームやぐるま苑【短期入所生活介護】大阪府大阪市平野区瓜破南2丁目4番10号", "url": "https://www.kaigokensaku.mhlw.go.jp/27/index.php?action_kouhyou_detail_004_kani=true&JigyosyoCd=2775806330-00&ServiceCd=210&Type=search", "url2": "http://harukazefukushikai.com/" }, "geometry": { "type": "Point", "coordinates": [ 135.555049599999961, 34.5970122 ] } },
{ "type": "Feature", "properties": { "内容": "特別養護老人ホーム　愛和　短期入所事業部【短期入所生活介護】大阪市平野区長吉六反２－１－６", "url": "https://www.kaigokensaku.mhlw.go.jp/27/index.php?action_kouhyou_detail_004_kani=true&JigyosyoCd=2775800366-00&ServiceCd=210&Type=search", "url2": "http://www.tokuyou-aiwa.jp/index.html" }, "geometry": { "type": "Point", "coordinates": [ 135.578535800000026, 34.6085707 ] } },
{ "type": "Feature", "properties": { "内容": "特別養護老人ホーム　喜連【短期入所生活介護】大阪市平野区喜連２丁目２番４０号", "url": "https://www.kaigokensaku.mhlw.go.jp/27/index.php?action_kouhyou_detail_004_kani=true&JigyosyoCd=2775800390-00&ServiceCd=210&Type=search", "url2": "http://www.eijyu.or.jp/" }, "geometry": { "type": "Point", "coordinates": [ 135.55121859999997, 34.612128 ] } },
{ "type": "Feature", "properties": { "内容": "特別養護老人ホーム　万寿苑（短期入所生活介護）【短期入所生活介護】大阪府大阪市平野区加美東4-18-23", "url": "https://www.kaigokensaku.mhlw.go.jp/27/index.php?action_kouhyou_detail_004_kani=true&JigyosyoCd=2775803980-00&ServiceCd=210&Type=search", "url2": "http://kyowahukusi.xsrv.jp/" }, "geometry": { "type": "Point", "coordinates": [ 135.568183299999987, 34.6288711 ] } },
{ "type": "Feature", "properties": { "内容": "特別養護老人ホーム　プラーナ【短期入所生活介護】大阪府大阪市平野区長吉川辺2-1-32", "url": "https://www.kaigokensaku.mhlw.go.jp/27/index.php?action_kouhyou_detail_004_kani=true&JigyosyoCd=2775807296-00&ServiceCd=210&Type=search", "url2": "https://koyu-fukushikai.jp/" }, "geometry": { "type": "Point", "coordinates": [ 135.572268799999989, 34.5974917 ] } },
{ "type": "Feature", "properties": { "内容": "特別養護老人ホーム四天王寺紅生園【短期入所生活介護】大阪府大阪市平野区喜連東五丁目13番30号", "url": "https://www.kaigokensaku.mhlw.go.jp/27/index.php?action_kouhyou_detail_004_kani=true&JigyosyoCd=2775805712-00&ServiceCd=210&Type=search", "url2": "http://www.shitennoji-fukushi.jp" }, "geometry": { "type": "Point", "coordinates": [ 135.56504110000003, 34.6094904 ] } },
{ "type": "Feature", "properties": { "内容": "特別養護老人ホームせんぽ瓜破東【短期入所生活介護】大阪市平野区瓜破東8丁目8番6号", "url": "https://www.kaigokensaku.mhlw.go.jp/27/index.php?action_kouhyou_detail_004_kani=true&JigyosyoCd=2775807171-00&ServiceCd=210&Type=search", "url2": "http://senpokai.org/" }, "geometry": { "type": "Point", "coordinates": [ 135.561301006745936, 34.59892288553548 ] } },
{ "type": "Feature", "properties": { "内容": "地域密着型特別養護老人ホームせんぽ瓜破東【短期入所生活介護】大阪府大阪市平野区瓜破東8丁目8番6号", "url": "https://www.kaigokensaku.mhlw.go.jp/27/index.php?action_kouhyou_detail_004_kani=true&JigyosyoCd=2795800487-00&ServiceCd=210&Type=search", "url2": "http://senpokai.org/" }, "geometry": { "type": "Point", "coordinates": [ 135.561032785844446, 34.598384167797846 ] } },
{ "type": "Feature", "properties": { "内容": "特別養護老人ホームオアシス寿安【短期入所生活介護】大阪府大阪市平野区長吉六反一丁目5番7号", "url": "https://www.kaigokensaku.mhlw.go.jp/27/index.php?action_kouhyou_detail_004_kani=true&JigyosyoCd=2775807353-00&ServiceCd=210&Type=search", "url2": "https://oasisgroup.or.jp/" }, "geometry": { "type": "Point", "coordinates": [ 135.57962729999997, 34.6108482 ] } },
{ "type": "Feature", "properties": { "内容": "特別養護老人ホーム　こうのとり【短期入所生活介護】大阪府大阪市平野区長吉川辺三丁目２番３号", "url": "https://www.kaigokensaku.mhlw.go.jp/27/index.php?action_kouhyou_detail_004_kani=true&JigyosyoCd=2775804731-00&ServiceCd=210&Type=search", "url2": "http://www.yuushinkai.com" }, "geometry": { "type": "Point", "coordinates": [ 135.576055699999984, 34.5991966 ] } },
{ "type": "Feature", "properties": { "内容": "加美北特別養護老人ホーム【短期入所生活介護】大阪府大阪市平野区加美北7丁目1番2号", "url": "https://www.kaigokensaku.mhlw.go.jp/27/index.php?action_kouhyou_detail_004_kani=true&JigyosyoCd=2775800762-00&ServiceCd=210&Type=search", "url2": "http://www.waetsukai.jp" }, "geometry": { "type": "Point", "coordinates": [ 135.557706199999984, 34.6361954 ] } },
{ "type": "Feature", "properties": { "内容": "永寿特別養護老人ホーム【短期入所生活介護】大阪市平野区瓜破南１－２－１１", "url": "https://www.kaigokensaku.mhlw.go.jp/27/index.php?action_kouhyou_detail_004_kani=true&JigyosyoCd=2775800705-00&ServiceCd=210&Type=search", "url2": "http://www.eijyu.or.jp" }, "geometry": { "type": "Point", "coordinates": [ 135.545383300000026, 34.595902 ] } },
{ "type": "Feature", "properties": { "内容": "特別養護老人ホーム　桜苑【短期入所生活介護】大阪府大阪市平野区平野東3-7-16", "url": "https://www.kaigokensaku.mhlw.go.jp/27/index.php?action_kouhyou_detail_004_kani=true&JigyosyoCd=2775806975-00&ServiceCd=210&Type=search", "url2": null }, "geometry": { "type": "Point", "coordinates": [ 135.5599482, 34.6208786 ] } },
{ "type": "Feature", "properties": { "内容": "特別養護老人ホーム長吉【短期入所生活介護】大阪市平野区長吉川辺３－２０－１４", "url": "https://www.kaigokensaku.mhlw.go.jp/27/index.php?action_kouhyou_detail_004_kani=true&JigyosyoCd=2775800432-00&ServiceCd=210&Type=search", "url2": "http://www.eijyu.or.jp/" }, "geometry": { "type": "Point", "coordinates": [ 135.578464, 34.5939305 ] } },
{ "type": "Feature", "properties": { "内容": "特別養護老人ホーム平野愛和　短期入所事業部【短期入所生活介護】大阪府大阪市平野区平野東２丁目１番３０号", "url": "https://www.kaigokensaku.mhlw.go.jp/27/index.php?action_kouhyou_detail_004_kani=true&JigyosyoCd=2775800648-00&ServiceCd=210&Type=search", "url2": "https://2rg12.crayonsite.net" }, "geometry": { "type": "Point", "coordinates": [ 135.55647620000002, 34.6234271 ] } },
{ "type": "Feature", "properties": { "内容": "老人短期入所事業喜久寿苑【短期入所生活介護】大阪府大阪市北区大淀南2丁目2番51号", "url": "https://www.kaigokensaku.mhlw.go.jp/27/index.php?action_kouhyou_detail_004_kani=true&JigyosyoCd=2774103929-00&ServiceCd=210&Type=search", "url2": "https://www.nakatsu.saiseikai.or.jp/kikujuen/" }, "geometry": { "type": "Point", "coordinates": [ 135.486851099999967, 34.702188669801004 ] } },
{ "type": "Feature", "properties": { "内容": "特別養護老人ホーム　藤ミレニアム【短期入所生活介護】大阪府大阪市北区本庄西2-6-15", "url": "https://www.kaigokensaku.mhlw.go.jp/27/index.php?action_kouhyou_detail_004_kani=true&JigyosyoCd=2774100388-00&ServiceCd=210&Type=search", "url2": "https://www.fuji-m.net/" }, "geometry": { "type": "Point", "coordinates": [ 135.5063811, 34.7139356 ] } },
{ "type": "Feature", "properties": { "内容": "特別養護老人ホーム　淳風おおさか【短期入所生活介護】大阪市北区大淀南二丁目５番２０号", "url": "https://www.kaigokensaku.mhlw.go.jp/27/index.php?action_kouhyou_detail_004_kani=true&JigyosyoCd=2774101337-00&ServiceCd=210&Type=search", "url2": "http://junpu-kai.or.jp" }, "geometry": { "type": "Point", "coordinates": [ 135.485323353084482, 34.700830330841249 ] } },
{ "type": "Feature", "properties": { "内容": "特別養護老人ホーム　北野よろこび苑【短期入所生活介護】大阪市北区神山町１５－１２", "url": "https://www.kaigokensaku.mhlw.go.jp/27/index.php?action_kouhyou_detail_004_kani=true&JigyosyoCd=2774100495-00&ServiceCd=210&Type=search", "url2": "http://yorokobien.com/" }, "geometry": { "type": "Point", "coordinates": [ 135.505011800000034, 34.7042172 ] } },
{ "type": "Feature", "properties": { "内容": "特別養護老人ホーム　平成曽根崎苑【短期入所生活介護】大阪府大阪市北区曽根崎1-1-20", "url": "https://www.kaigokensaku.mhlw.go.jp/27/index.php?action_kouhyou_detail_004_kani=true&JigyosyoCd=2774103283-00&ServiceCd=210&Type=search", "url2": "http://www.heiseifukushikai.com" }, "geometry": { "type": "Point", "coordinates": [ 135.50383480000005, 34.6985878 ] } },
{ "type": "Feature", "properties": { "内容": "特別養護老人ホームさくら【短期入所生活介護】大阪府大阪市中央区農人橋一丁目４番２０号", "url": "https://www.kaigokensaku.mhlw.go.jp/27/index.php?action_kouhyou_detail_004_kani=true&JigyosyoCd=2779400213-00&ServiceCd=210&Type=search", "url2": "http://www.kensyokai.jp" }, "geometry": { "type": "Point", "coordinates": [ 135.514683800000057, 34.6807254 ] } },
{ "type": "Feature", "properties": { "内容": "大阪城南ケアセンターそよ風【短期入所生活介護】大阪府大阪市中央区森ノ宮中央2-5-3", "url": "https://www.kaigokensaku.mhlw.go.jp/27/index.php?action_kouhyou_detail_004_kani=true&JigyosyoCd=2779401575-00&ServiceCd=210&Type=search", "url2": "https://www.sykz.co.jp/" }, "geometry": { "type": "Point", "coordinates": [ 135.5291422, 34.6802274 ] } },
{ "type": "Feature", "properties": { "内容": "特別養護老人ホーム大仙もずの音【短期入所生活介護】大阪府堺市堺区大仙町1-2", "url": "https://www.kaigokensaku.mhlw.go.jp/27/index.php?action_kouhyou_detail_004_kani=true&JigyosyoCd=2776001758-00&ServiceCd=210&Type=search", "url2": "http://www.misasagikai.or.jp" }, "geometry": { "type": "Point", "coordinates": [ 135.482003288221648, 34.565748528229136 ] } },
{ "type": "Feature", "properties": { "内容": "特別養護老人ホーム　グレース堺【短期入所生活介護】大阪府堺市堺区京町通1-21", "url": "https://www.kaigokensaku.mhlw.go.jp/27/index.php?action_kouhyou_detail_004_kani=true&JigyosyoCd=2770102826-00&ServiceCd=210&Type=search", "url2": "http://gracesakai.or.jp/" }, "geometry": { "type": "Point", "coordinates": [ 135.472040500000048, 34.5680844 ] } },
{ "type": "Feature", "properties": { "内容": "特別養護老人ホーム愛らいふ【短期入所生活介護】大阪府堺市堺区協和町３丁１２８－１１", "url": "https://www.kaigokensaku.mhlw.go.jp/27/index.php?action_kouhyou_detail_004_kani=true&JigyosyoCd=2770101547-00&ServiceCd=210&Type=search", "url2": "http://www.ailife.or.jp/" }, "geometry": { "type": "Point", "coordinates": [ 135.470557300000024, 34.5640098 ] } },
{ "type": "Feature", "properties": { "内容": "特別養護老人ホーム　ハートピア堺【短期入所生活介護】堺市堺区海山町３－１５０－１", "url": "https://www.kaigokensaku.mhlw.go.jp/27/index.php?action_kouhyou_detail_004_kani=true&JigyosyoCd=2770101109-00&ServiceCd=210&Type=search", "url2": "http://www.heartpia-sakai.or.jp/" }, "geometry": { "type": "Point", "coordinates": [ 135.472979, 34.5897185 ] } },
{ "type": "Feature", "properties": { "内容": "特別養護老人ホームアル・ソーレ【短期入所生活介護】堺市堺区甲斐町西２丁１－１５", "url": "https://www.kaigokensaku.mhlw.go.jp/27/index.php?action_kouhyou_detail_004_kani=true&JigyosyoCd=2770104814-00&ServiceCd=210&Type=search", "url2": "http://www.alsole.or.jp/" }, "geometry": { "type": "Point", "coordinates": [ 135.472220900000025, 34.5784723 ] } },
{ "type": "Feature", "properties": { "内容": "特別養護老人ホームベルライブ【短期入所生活介護】大阪府堺市堺区南安井町３丁１番１号", "url": "https://www.kaigokensaku.mhlw.go.jp/27/index.php?action_kouhyou_detail_004_kani=true&JigyosyoCd=2770106199-00&ServiceCd=210&Type=search", "url2": "http://www.yujinkai.com" }, "geometry": { "type": "Point", "coordinates": [ 135.476720699999987, 34.5704037 ] } },
{ "type": "Feature", "properties": { "内容": "特別養護老人ホームかーさ・びあんか【短期入所生活介護】堺市堺区今池町４丁４番８号", "url": "https://www.kaigokensaku.mhlw.go.jp/27/index.php?action_kouhyou_detail_004_kani=true&JigyosyoCd=2770102677-00&ServiceCd=210&Type=search", "url2": "http://www.asakayama-kinenkai.or.jp" }, "geometry": { "type": "Point", "coordinates": [ 135.492349699999977, 34.5846945 ] } },
{ "type": "Feature", "properties": { "内容": "ショートステイセンターきずなの会【短期入所生活介護】大阪府堺市堺区八千代通１－２３", "url": "https://www.kaigokensaku.mhlw.go.jp/27/index.php?action_kouhyou_detail_004_kani=true&JigyosyoCd=2776001188-00&ServiceCd=210&Type=search", "url2": null }, "geometry": { "type": "Point", "coordinates": [ 135.473068199999943, 34.5682149 ] } },
{ "type": "Feature", "properties": { "内容": "松屋茶論【短期入所生活介護】大阪府堺市堺区松屋大和川通１丁13番1松屋茶論", "url": "https://www.kaigokensaku.mhlw.go.jp/27/index.php?action_kouhyou_detail_004_kani=true&JigyosyoCd=2776002558-00&ServiceCd=210&Type=search", "url2": "http://www.misasakai.or.jp/shisetsu/matsuyasalon.php" }, "geometry": { "type": "Point", "coordinates": [ 135.4701513, 34.5993703 ] } },
{ "type": "Feature", "properties": { "内容": "ショートステイ　あいする久世【短期入所生活介護】大阪府堺市中区平井675番地1", "url": "https://www.kaigokensaku.mhlw.go.jp/27/index.php?action_kouhyou_detail_004_kani=true&JigyosyoCd=2776104156-00&ServiceCd=210&Type=search", "url2": "http://www.houseikai.net/" }, "geometry": { "type": "Point", "coordinates": [ 135.493639816060636, 34.516483393998897 ] } },
{ "type": "Feature", "properties": { "内容": "ショートステイ遊陶里【短期入所生活介護】大阪府堺市中区福田541-1", "url": "https://www.kaigokensaku.mhlw.go.jp/27/index.php?action_kouhyou_detail_004_kani=true&JigyosyoCd=2776101913-00&ServiceCd=210&Type=search", "url2": "http://www.kousetsukai.com" }, "geometry": { "type": "Point", "coordinates": [ 135.523539600000049, 34.5207267 ] } },
{ "type": "Feature", "properties": { "内容": "特別養護老人ホーム　マーヤの里　鈴の宮【短期入所生活介護】大阪府堺市中区毛穴町294-1", "url": "https://www.kaigokensaku.mhlw.go.jp/27/index.php?action_kouhyou_detail_004_kani=true&JigyosyoCd=2776103588-00&ServiceCd=210&Type=search", "url2": "http://ma-ya.org" }, "geometry": { "type": "Point", "coordinates": [ 135.474505, 34.5286994 ] } },
{ "type": "Feature", "properties": { "内容": "特別養護老人ホーム　マーヤの里　鈴の宮【短期入所生活介護】大阪府堺市中区毛穴町294-1", "url": "https://www.kaigokensaku.mhlw.go.jp/27/index.php?action_kouhyou_detail_004_kani=true&JigyosyoCd=2796100283-00&ServiceCd=210&Type=search", "url2": "http://ma-ya.org" }, "geometry": { "type": "Point", "coordinates": [ 135.474505, 34.5286994 ] } },
{ "type": "Feature", "properties": { "内容": "特別養護老人ホームふれ愛の家【短期入所生活介護】大阪府堺市中区土塔町2028番地", "url": "https://www.kaigokensaku.mhlw.go.jp/27/index.php?action_kouhyou_detail_004_kani=true&JigyosyoCd=2770101240-00&ServiceCd=210&Type=search", "url2": "http://tokogakuen.com" }, "geometry": { "type": "Point", "coordinates": [ 135.505371299999979, 34.5343917 ] } },
{ "type": "Feature", "properties": { "内容": "特別養護老人ホーム嘉齢荘【短期入所生活介護】大阪府堺市中区伏尾１９６番地", "url": "https://www.kaigokensaku.mhlw.go.jp/27/index.php?action_kouhyou_detail_004_kani=true&JigyosyoCd=2770101901-00&ServiceCd=210&Type=search", "url2": "http://www.fukuseikai.org" }, "geometry": { "type": "Point", "coordinates": [ 135.492439800000056, 34.5146879 ] } },
{ "type": "Feature", "properties": { "内容": "特別養護老人ホーム　ベルファミリア【短期入所生活介護】大阪府堺市中区東山841番地1", "url": "https://www.kaigokensaku.mhlw.go.jp/27/index.php?action_kouhyou_detail_004_kani=true&JigyosyoCd=2770101794-00&ServiceCd=210&Type=search", "url2": "http://www.yujinkai.com" }, "geometry": { "type": "Point", "coordinates": [ 135.506735599999956, 34.5170741 ] } },
{ "type": "Feature", "properties": { "内容": "特別養護老人ホーム　クレーネ堺【短期入所生活介護】堺市中区福田339-2", "url": "https://www.kaigokensaku.mhlw.go.jp/27/index.php?action_kouhyou_detail_004_kani=true&JigyosyoCd=2770104236-00&ServiceCd=210&Type=search", "url2": "http://www.kurene.or.jp" }, "geometry": { "type": "Point", "coordinates": [ 135.526208799999949, 34.5186131 ] } },
{ "type": "Feature", "properties": { "内容": "やすらぎの園短期入所生活介護【短期入所生活介護】堺市中区深井畑山町２５２８番地の１", "url": "https://www.kaigokensaku.mhlw.go.jp/27/index.php?action_kouhyou_detail_004_kani=true&JigyosyoCd=2770102065-00&ServiceCd=210&Type=search", "url2": "http://www.yasuraginosono.jp/" }, "geometry": { "type": "Point", "coordinates": [ 135.511321100000032, 34.5244511 ] } },
{ "type": "Feature", "properties": { "内容": "特別養護老人ホームゆーとりあ【短期入所生活介護】大阪府堺市中区見野山164番地", "url": "https://www.kaigokensaku.mhlw.go.jp/27/index.php?action_kouhyou_detail_004_kani=true&JigyosyoCd=2776102242-00&ServiceCd=210&Type=search", "url2": "http://yutoria.or.jp" }, "geometry": { "type": "Point", "coordinates": [ 135.53532789999997, 34.5030066 ] } },
{ "type": "Feature", "properties": { "内容": "特別養護老人ホーム　つるぎ荘【短期入所生活介護】堺市東区日置荘田中町143-1", "url": "https://www.kaigokensaku.mhlw.go.jp/27/index.php?action_kouhyou_detail_004_kani=true&JigyosyoCd=2770101703-00&ServiceCd=210&Type=search", "url2": "http://www.sobikai.or.jp" }, "geometry": { "type": "Point", "coordinates": [ 135.531557900000053, 34.5332143 ] } },
{ "type": "Feature", "properties": { "内容": "特別養護老人ホームくみのき苑しらさぎ【短期入所生活介護】大阪府堺市東区白鷺町3丁18番17号", "url": "https://www.kaigokensaku.mhlw.go.jp/27/index.php?action_kouhyou_detail_004_kani=true&JigyosyoCd=2776201184-00&ServiceCd=210&Type=search", "url2": "http://www.rapport-kuminoki.jp/shirasagi/" }, "geometry": { "type": "Point", "coordinates": [ 135.5209168, 34.54601 ] } },
{ "type": "Feature", "properties": { "内容": "くみのき苑ゆらら短期入所生活介護【短期入所生活介護】大阪府堺市東区南野田454-2", "url": "https://www.kaigokensaku.mhlw.go.jp/27/index.php?action_kouhyou_detail_004_kani=true&JigyosyoCd=2776200426-00&ServiceCd=210&Type=search", "url2": "http://www.rapport-kuminoki.jp/" }, "geometry": { "type": "Point", "coordinates": [ 135.546664557672102, 34.518899021406064 ] } },
{ "type": "Feature", "properties": { "内容": "特別養護老人ホーム　ハーモニー【短期入所生活介護】大阪府堺市東区南野田33番地", "url": "https://www.kaigokensaku.mhlw.go.jp/27/index.php?action_kouhyou_detail_004_kani=true&JigyosyoCd=2770101653-00&ServiceCd=210&Type=search", "url2": "http://www.harmony.or.jp" }, "geometry": { "type": "Point", "coordinates": [ 135.550212099999953, 34.5226103 ] } },
{ "type": "Feature", "properties": { "内容": "特別養護老人ホーム　ソルメゾン【短期入所生活介護】堺市東区菩提町２丁６２番地の１", "url": "https://www.kaigokensaku.mhlw.go.jp/27/index.php?action_kouhyou_detail_004_kani=true&JigyosyoCd=2770108427-00&ServiceCd=210&Type=search", "url2": "http://www.syofuku.or.jp" }, "geometry": { "type": "Point", "coordinates": [ 135.5341462, 34.5503793 ] } },
{ "type": "Feature", "properties": { "内容": "特別養護老人ホーム・おおみの【短期入所生活介護】大阪府堺市東区西野42番地", "url": "https://www.kaigokensaku.mhlw.go.jp/27/index.php?action_kouhyou_detail_004_kani=true&JigyosyoCd=2770102800-00&ServiceCd=210&Type=search", "url2": "http://www.oomino.jp" }, "geometry": { "type": "Point", "coordinates": [ 135.53793, 34.5189577 ] } },
{ "type": "Feature", "properties": { "内容": "朗友サロンショートステイセンター【短期入所生活介護】大阪府堺市西区草部743番地", "url": "https://www.kaigokensaku.mhlw.go.jp/27/index.php?action_kouhyou_detail_004_kani=true&JigyosyoCd=2770101976-00&ServiceCd=210&Type=search", "url2": "http://www.otorifukushikai.or.jp/" }, "geometry": { "type": "Point", "coordinates": [ 135.471624799999972, 34.5197538 ] } },
{ "type": "Feature", "properties": { "内容": "特別養護老人ホーム　朗友館【短期入所生活介護】堺市西区鳳東町6丁659番地１", "url": "https://www.kaigokensaku.mhlw.go.jp/27/index.php?action_kouhyou_detail_004_kani=true&JigyosyoCd=2770101745-00&ServiceCd=210&Type=search", "url2": "http://www.otorifukushikai.or.jp/" }, "geometry": { "type": "Point", "coordinates": [ 135.464504820766592, 34.537505292244191 ] } },
{ "type": "Feature", "properties": { "内容": "特別養護老人ホーム　マーヤの里　上野芝【短期入所生活介護】大阪府堺市西区上野芝町５丁９－２０", "url": "https://www.kaigokensaku.mhlw.go.jp/27/index.php?action_kouhyou_detail_004_kani=true&JigyosyoCd=2776302172-00&ServiceCd=210&Type=search", "url2": "http://ma-ya.org" }, "geometry": { "type": "Point", "coordinates": [ 135.4732798, 34.5475187 ] } },
{ "type": "Feature", "properties": { "内容": "特別養護老人ホーム　ハートピア泉北【短期入所生活介護】大阪府堺市西区太平寺331-1", "url": "https://www.kaigokensaku.mhlw.go.jp/27/index.php?action_kouhyou_detail_004_kani=true&JigyosyoCd=2770101893-00&ServiceCd=210&Type=search", "url2": "http://www.sakaifukushikai.jp/" }, "geometry": { "type": "Point", "coordinates": [ 135.478941064417995, 34.504101328153247 ] } },
{ "type": "Feature", "properties": { "内容": "特別養護老人ホームパルハウスくさべ【短期入所生活介護】大阪府堺市西区草部1417", "url": "https://www.kaigokensaku.mhlw.go.jp/27/index.php?action_kouhyou_detail_004_kani=true&JigyosyoCd=2776300564-00&ServiceCd=210&Type=search", "url2": "http://www.wafukai.net/" }, "geometry": { "type": "Point", "coordinates": [ 135.463203499999963, 34.5155486 ] } },
{ "type": "Feature", "properties": { "内容": "特別養護老人ホーム　アリオン【短期入所生活介護】大阪府堺市西区浜寺石津町西1-2-7", "url": "https://www.kaigokensaku.mhlw.go.jp/27/index.php?action_kouhyou_detail_004_kani=true&JigyosyoCd=2776302164-00&ServiceCd=210&Type=search", "url2": "http://windhorse.or.jp/" }, "geometry": { "type": "Point", "coordinates": [ 135.454594499999985, 34.5624484 ] } },
{ "type": "Feature", "properties": { "内容": "特別養護老人ホーム　ベルアルプ【短期入所生活介護】大阪府堺市西区菱木1丁2343番16", "url": "https://www.kaigokensaku.mhlw.go.jp/27/index.php?action_kouhyou_detail_004_kani=true&JigyosyoCd=2776301257-00&ServiceCd=210&Type=search", "url2": "http://www.yujinkai.com/bellharpe/" }, "geometry": { "type": "Point", "coordinates": [ 135.477632800000038, 34.5130157 ] } },
{ "type": "Feature", "properties": { "内容": "ショートステイ　フローレンス【短期入所生活介護】大阪府堺市南区槇塚台3丁1番25号", "url": "https://www.kaigokensaku.mhlw.go.jp/27/index.php?action_kouhyou_detail_004_kani=true&JigyosyoCd=2776401529-00&ServiceCd=210&Type=search", "url2": "https://www.ontoku.or.jp/facilities/florence-short-stay/" }, "geometry": { "type": "Point", "coordinates": [ 135.527248099999952, 34.4840811 ] } },
{ "type": "Feature", "properties": { "内容": "グランドオーク百寿【短期入所生活介護】大阪府堺市南区茶山台３丁２２ー１１", "url": "https://www.kaigokensaku.mhlw.go.jp/27/index.php?action_kouhyou_detail_004_kani=true&JigyosyoCd=2776401552-00&ServiceCd=210&Type=search", "url2": "http://www.grand-oak.jp/" }, "geometry": { "type": "Point", "coordinates": [ 135.517199659277367, 34.488513622585913 ] } },
{ "type": "Feature", "properties": { "内容": "特別養護老人ホーム　泉北園百寿荘【短期入所生活介護】大阪府堺市南区茶山台３－２３－２", "url": "https://www.kaigokensaku.mhlw.go.jp/27/index.php?action_kouhyou_detail_004_kani=true&JigyosyoCd=2770102453-00&ServiceCd=210&Type=search", "url2": "http://www.hyakujusou.or.jp/" }, "geometry": { "type": "Point", "coordinates": [ 135.517890835581966, 34.488629856879385 ] } },
{ "type": "Feature", "properties": { "内容": "特別養護老人ホーム槇塚荘【短期入所生活介護】大阪府堺市南区逆瀬川１０３８－２", "url": "https://www.kaigokensaku.mhlw.go.jp/27/index.php?action_kouhyou_detail_004_kani=true&JigyosyoCd=2770101166-00&ServiceCd=210&Type=search", "url2": "http://www.makiduka.jp" }, "geometry": { "type": "Point", "coordinates": [ 135.527517499999931, 34.4788178 ] } },
{ "type": "Feature", "properties": { "内容": "特別養護老人ホーム　美樹の園【短期入所生活介護】大阪府堺市南区美木多上１２７７番地１", "url": "https://www.kaigokensaku.mhlw.go.jp/27/index.php?action_kouhyou_detail_004_kani=true&JigyosyoCd=2770102198-00&ServiceCd=210&Type=search", "url2": "http://mikinosono.sakura.ne.jp" }, "geometry": { "type": "Point", "coordinates": [ 135.493057, 34.4607357 ] } },
{ "type": "Feature", "properties": { "内容": "特別養護老人ホーム　年輪【短期入所生活介護】大阪府堺市南区御池台５－２－２", "url": "https://www.kaigokensaku.mhlw.go.jp/27/index.php?action_kouhyou_detail_004_kani=true&JigyosyoCd=2770102313-00&ServiceCd=210&Type=search", "url2": "http://www.s-nenrin.or.jp" }, "geometry": { "type": "Point", "coordinates": [ 135.504653736770564, 34.458150430094712 ] } },
{ "type": "Feature", "properties": { "内容": "特別養護老人ホーム故郷の家【短期入所生活介護】大阪府堺市南区檜尾３３６０－１２", "url": "https://www.kaigokensaku.mhlw.go.jp/27/index.php?action_kouhyou_detail_004_kani=true&JigyosyoCd=2770103014-00&ServiceCd=210&Type=search", "url2": "http://www.kokorono.or.jp" }, "geometry": { "type": "Point", "coordinates": [ 135.467345099999989, 34.489921 ] } },
{ "type": "Feature", "properties": { "内容": "くみのき苑ショートステイもず陵南【短期入所生活介護】大阪府堺市北区百舌鳥陵南町3丁290番地", "url": "https://www.kaigokensaku.mhlw.go.jp/27/index.php?action_kouhyou_detail_004_kani=true&JigyosyoCd=2776501856-00&ServiceCd=210&Type=search", "url2": "https://rapport-kuminoki.or.jp" }, "geometry": { "type": "Point", "coordinates": [ 135.491222500000049, 34.5440322 ] } },
{ "type": "Feature", "properties": { "内容": "ショートステイ　くみのき苑　北長尾【短期入所生活介護】大阪府堺市北区北長尾町８丁１－２５", "url": "https://www.kaigokensaku.mhlw.go.jp/27/index.php?action_kouhyou_detail_004_kani=true&JigyosyoCd=2776502201-00&ServiceCd=210&Type=search", "url2": "https://rapport-kai.com/kitanagao/" }, "geometry": { "type": "Point", "coordinates": [ 135.5067441, 34.5748175 ] } },
{ "type": "Feature", "properties": { "内容": "特別養護老人ホーム梢，よろこび園【短期入所生活介護】大阪府堺市北区中村町３６７番地３", "url": "https://www.kaigokensaku.mhlw.go.jp/27/index.php?action_kouhyou_detail_004_kani=true&JigyosyoCd=2776503506-00&ServiceCd=210&Type=search", "url2": "https://kankikai.jp/" }, "geometry": { "type": "Point", "coordinates": [ 135.536427141764108, 34.562177318052051 ] } },
{ "type": "Feature", "properties": { "内容": "短期入所生活介護　朱雀【短期入所生活介護】大阪府堺市北区中長尾町1-2-12", "url": "https://www.kaigokensaku.mhlw.go.jp/27/index.php?action_kouhyou_detail_004_kani=true&JigyosyoCd=2776503142-00&ServiceCd=210&Type=search", "url2": "http://www.alsole.or.jp/" }, "geometry": { "type": "Point", "coordinates": [ 135.497861872198541, 34.572988145194302 ] } },
{ "type": "Feature", "properties": { "内容": "寿里苑やすらぎの郷ショートステイ【短期入所生活介護】大阪府堺市北区常磐町3丁13番5号", "url": "https://www.kaigokensaku.mhlw.go.jp/27/index.php?action_kouhyou_detail_004_kani=true&JigyosyoCd=2796500318-00&ServiceCd=210&Type=search", "url2": "https://www.julien.or.jp/yasuragi/" }, "geometry": { "type": "Point", "coordinates": [ 135.519289175187907, 34.589889848167068 ] } },
{ "type": "Feature", "properties": { "内容": "ショートステイ　ブレス南花田【短期入所生活介護】大阪府堺市北区南花田町531番地", "url": "https://www.kaigokensaku.mhlw.go.jp/27/index.php?action_kouhyou_detail_004_kani=true&JigyosyoCd=2776501831-00&ServiceCd=210&Type=search", "url2": "http://www.houseikai.net" }, "geometry": { "type": "Point", "coordinates": [ 135.52813421387782, 34.57224877535424 ] } },
{ "type": "Feature", "properties": { "内容": "特別養護老人ホーム　あけぼの苑【短期入所生活介護】大阪府堺市北区野遠町３４４－１", "url": "https://www.kaigokensaku.mhlw.go.jp/27/index.php?action_kouhyou_detail_004_kani=true&JigyosyoCd=2770102529-00&ServiceCd=210&Type=search", "url2": "http://www.akatsuki.or.jp" }, "geometry": { "type": "Point", "coordinates": [ 135.539815, 34.5654889 ] } },
{ "type": "Feature", "properties": { "内容": "第二陵東館ショートステイセンター【短期入所生活介護】大阪府堺市北区長曽根町１２１０番地の１", "url": "https://www.kaigokensaku.mhlw.go.jp/27/index.php?action_kouhyou_detail_004_kani=true&JigyosyoCd=2770102263-00&ServiceCd=210&Type=search", "url2": "https://kansaifukushikai.or.jp" }, "geometry": { "type": "Point", "coordinates": [ 135.50806220000004, 34.5662023 ] } },
{ "type": "Feature", "properties": { "内容": "特別養護老人ホーム　グリーンハウス【短期入所生活介護】大阪府堺市北区百舌鳥本町三丁430番地2", "url": "https://www.kaigokensaku.mhlw.go.jp/27/index.php?action_kouhyou_detail_004_kani=true&JigyosyoCd=2770107619-00&ServiceCd=210&Type=search", "url2": "http://www.sakura-kai.or.jp/" }, "geometry": { "type": "Point", "coordinates": [ 135.486914599999977, 34.5524478 ] } },
{ "type": "Feature", "properties": { "内容": "ハピネス金岡ショートステイ【短期入所生活介護】堺市北区金岡町2725番", "url": "https://www.kaigokensaku.mhlw.go.jp/27/index.php?action_kouhyou_detail_004_kani=true&JigyosyoCd=2770101950-00&ServiceCd=210&Type=search", "url2": "http://osakafukushikai.or.jp/tanki" }, "geometry": { "type": "Point", "coordinates": [ 135.525244, 34.5561342 ] } },
{ "type": "Feature", "properties": { "内容": "特別養護老人ホーム美原荘「すごうの郷」【短期入所生活介護】大阪府堺市美原区菅生１番地１", "url": "https://www.kaigokensaku.mhlw.go.jp/27/index.php?action_kouhyou_detail_004_kani=true&JigyosyoCd=2776600344-00&ServiceCd=210&Type=search", "url2": "http://miharasou-group.net/sugou/" }, "geometry": { "type": "Point", "coordinates": [ 135.561732678157085, 34.532326474866885 ] } },
{ "type": "Feature", "properties": { "内容": "特別養護老人ホーム美原荘【短期入所生活介護】大阪府堺市美原区平尾595番1", "url": "https://www.kaigokensaku.mhlw.go.jp/27/index.php?action_kouhyou_detail_004_kani=true&JigyosyoCd=2770107304-00&ServiceCd=210&Type=search", "url2": "http://miharasou-group.net/mihara/" }, "geometry": { "type": "Point", "coordinates": [ 135.569965700000012, 34.5286849 ] } },
{ "type": "Feature", "properties": { "内容": "特別養護老人ホーム　平尾荘【短期入所生活介護】大阪府堺市美原区平尾1938-1", "url": "https://www.kaigokensaku.mhlw.go.jp/27/index.php?action_kouhyou_detail_004_kani=true&JigyosyoCd=2770107205-00&ServiceCd=210&Type=search", "url2": "http://www.tenjukai.or.jp" }, "geometry": { "type": "Point", "coordinates": [ 135.57489570000007, 34.5319207 ] } },
{ "type": "Feature", "properties": { "内容": "岸和田北特別養護老人ホーム【短期入所生活介護】大阪府岸和田市磯上町3-3-13", "url": "https://www.kaigokensaku.mhlw.go.jp/27/index.php?action_kouhyou_detail_004_kani=true&JigyosyoCd=2771104631-00&ServiceCd=210&Type=search", "url2": "http://www.kishiwada.or.jp" }, "geometry": { "type": "Point", "coordinates": [ 135.384242036106912, 34.487382086880309 ] } },
{ "type": "Feature", "properties": { "内容": "特別養護老人ホームCiao神於山園【短期入所生活介護】大阪府岸和田市尾生町3192番1", "url": "https://www.kaigokensaku.mhlw.go.jp/27/index.php?action_kouhyou_detail_004_kani=true&JigyosyoCd=2771107022-00&ServiceCd=210&Type=search", "url2": "https://kounoyamaen.or.jp" }, "geometry": { "type": "Point", "coordinates": [ 135.418520016671749, 34.421374843711632 ] } },
{ "type": "Feature", "properties": { "内容": "岸和田軽費老人ホーム幸福荘【短期入所生活介護】大阪府岸和田市神須屋町1丁目10-12", "url": "https://www.kaigokensaku.mhlw.go.jp/27/index.php?action_kouhyou_detail_004_kani=true&JigyosyoCd=2771102353-00&ServiceCd=210&Type=search", "url2": "https://koufukusou.com" }, "geometry": { "type": "Point", "coordinates": [ 135.394767, 34.440983 ] } },
{ "type": "Feature", "properties": { "内容": "ショートステーション　いなば荘【短期入所生活介護】大阪府岸和田市稲葉町1066番地", "url": "https://www.kaigokensaku.mhlw.go.jp/27/index.php?action_kouhyou_detail_004_kani=true&JigyosyoCd=2771100431-00&ServiceCd=210&Type=search", "url2": "http://inabasou.com" }, "geometry": { "type": "Point", "coordinates": [ 135.447739400000046, 34.4320973 ] } },
{ "type": "Feature", "properties": { "内容": "特別養護老人ホーム　萬寿園【短期入所生活介護】大阪府岸和田市尾生町808番地", "url": "https://www.kaigokensaku.mhlw.go.jp/27/index.php?action_kouhyou_detail_004_kani=true&JigyosyoCd=2771100126-00&ServiceCd=210&Type=search", "url2": "http://www13.ocn.ne.jp/~man/MyPage/menu0.html" }, "geometry": { "type": "Point", "coordinates": [ 135.407417500000065, 34.4513474 ] } },
{ "type": "Feature", "properties": { "内容": "特別養護老人ホーム　神於山園【短期入所生活介護】大阪府岸和田市尾生町３１９２番２", "url": "https://www.kaigokensaku.mhlw.go.jp/27/index.php?action_kouhyou_detail_004_kani=true&JigyosyoCd=2771100290-00&ServiceCd=210&Type=search", "url2": "https://kounoyamaen.or.jp" }, "geometry": { "type": "Point", "coordinates": [ 135.418011200000024, 34.4215176 ] } },
{ "type": "Feature", "properties": { "内容": "特別養護老人ホーム　千亀利荘【短期入所生活介護】大阪府岸和田市積川町３５８番地", "url": "https://www.kaigokensaku.mhlw.go.jp/27/index.php?action_kouhyou_detail_004_kani=true&JigyosyoCd=2771100217-00&ServiceCd=210&Type=search", "url2": "http://www.chikiriso.jp" }, "geometry": { "type": "Point", "coordinates": [ 135.4393483, 34.4271977 ] } },
{ "type": "Feature", "properties": { "内容": "岸和田特別養護老人ホーム【短期入所生活介護】大阪府岸和田市藤井町２丁目１３番１３号", "url": "https://www.kaigokensaku.mhlw.go.jp/27/index.php?action_kouhyou_detail_004_kani=true&JigyosyoCd=2771100308-00&ServiceCd=210&Type=search", "url2": "http://www.kishiwada.or.jp" }, "geometry": { "type": "Point", "coordinates": [ 135.384688899999986, 34.4641619 ] } },
{ "type": "Feature", "properties": { "内容": "第二岸和田特別養護老人ホーム【短期入所生活介護】大阪府岸和田市藤井町2-13-19", "url": "https://www.kaigokensaku.mhlw.go.jp/27/index.php?action_kouhyou_detail_004_kani=true&JigyosyoCd=2771106321-00&ServiceCd=210&Type=search", "url2": "https://kishiwada.or.jp/" }, "geometry": { "type": "Point", "coordinates": [ 135.3847461, 34.4642333 ] } },
{ "type": "Feature", "properties": { "内容": "社会福祉法人和成会　ひまわりの郷　短期入所生活介護事業所【短期入所生活介護】大阪府岸和田市小松里町938-2", "url": "https://www.kaigokensaku.mhlw.go.jp/27/index.php?action_kouhyou_detail_004_kani=true&JigyosyoCd=2771104649-00&ServiceCd=210&Type=search", "url2": "http://www.himawarinosato.net" }, "geometry": { "type": "Point", "coordinates": [ 135.406248, 34.4631877 ] } },
{ "type": "Feature", "properties": { "内容": "社会福祉法人　ウエル清光会　ショートステイ刀根山美豊苑【短期入所生活介護】大阪府豊中市刀根山6丁目7－12番", "url": "https://www.kaigokensaku.mhlw.go.jp/27/index.php?action_kouhyou_detail_004_kani=true&JigyosyoCd=2774008359-00&ServiceCd=210&Type=search", "url2": "http://well-seikokai.jp/" }, "geometry": { "type": "Point", "coordinates": [ 135.454931100000067, 34.7983249 ] } },
{ "type": "Feature", "properties": { "内容": "ショートステイ利倉清豊苑【短期入所生活介護】大阪府豊中市利倉三丁目４番１９号", "url": "https://www.kaigokensaku.mhlw.go.jp/27/index.php?action_kouhyou_detail_004_kani=true&JigyosyoCd=2774008250-00&ServiceCd=210&Type=search", "url2": "http://www.well-seikokai.jp" }, "geometry": { "type": "Point", "coordinates": [ 135.45839019999994, 34.7611764 ] } },
{ "type": "Feature", "properties": { "内容": "ショートステイ清浄苑【短期入所生活介護】大阪府豊中市豊南町東2-10-1", "url": "https://www.kaigokensaku.mhlw.go.jp/27/index.php?action_kouhyou_detail_004_kani=true&JigyosyoCd=2774009670-00&ServiceCd=210&Type=search", "url2": "http://kyouseikai.org" }, "geometry": { "type": "Point", "coordinates": [ 135.4850577, 34.7511345 ] } },
{ "type": "Feature", "properties": { "内容": "ショートステイ清揚苑【短期入所生活介護】大阪府豊中市庄内宝町1-4-5", "url": "https://www.kaigokensaku.mhlw.go.jp/27/index.php?action_kouhyou_detail_004_kani=true&JigyosyoCd=2774009423-00&ServiceCd=210&Type=search", "url2": "https://kyouseikai.org/" }, "geometry": { "type": "Point", "coordinates": [ 135.4625398, 34.7465283 ] } },
{ "type": "Feature", "properties": { "内容": "ショートステイ宙（すばる）豊中【短期入所生活介護】大阪府豊中市永楽荘４丁目１番３号", "url": "https://www.kaigokensaku.mhlw.go.jp/27/index.php?action_kouhyou_detail_004_kani=true&JigyosyoCd=2774007724-00&ServiceCd=210&Type=search", "url2": "https://koseikai-subaru.com/" }, "geometry": { "type": "Point", "coordinates": [ 135.471996100000069, 34.8172395 ] } },
{ "type": "Feature", "properties": { "内容": "特別養護老人ホーム永寿園とよなか【短期入所生活介護】豊中市新千里南町三丁目2番地122", "url": "https://www.kaigokensaku.mhlw.go.jp/27/index.php?action_kouhyou_detail_004_kani=true&JigyosyoCd=2774006346-00&ServiceCd=210&Type=search", "url2": "https://eijyuen.jp/" }, "geometry": { "type": "Point", "coordinates": [ 135.489404400355511, 34.790232409342146 ] } },
{ "type": "Feature", "properties": { "内容": "特別養護老人ホーム美豊苑【短期入所生活介護】大阪府豊中市箕輪2-13-12", "url": "https://www.kaigokensaku.mhlw.go.jp/27/index.php?action_kouhyou_detail_004_kani=true&JigyosyoCd=2774003491-00&ServiceCd=210&Type=search", "url2": "http://well-seikokai.jp/" }, "geometry": { "type": "Point", "coordinates": [ 135.450487299999963, 34.7863401 ] } },
{ "type": "Feature", "properties": { "内容": "特別養護老人ホーム清豊苑【短期入所生活介護】豊中市走井2-8-5", "url": "https://www.kaigokensaku.mhlw.go.jp/27/index.php?action_kouhyou_detail_004_kani=true&JigyosyoCd=2774005074-00&ServiceCd=210&Type=search", "url2": "http://seihoen.well-seikokai.jp/" }, "geometry": { "type": "Point", "coordinates": [ 135.449954199999979, 34.7810296 ] } },
{ "type": "Feature", "properties": { "内容": "特別養護老人ホーム　豊中あいわ苑【短期入所生活介護】大阪府豊中市寺内1丁目1番10号", "url": "https://www.kaigokensaku.mhlw.go.jp/27/index.php?action_kouhyou_detail_004_kani=true&JigyosyoCd=2774001933-00&ServiceCd=210&Type=search", "url2": "http://www.aijinkai.or.jp/aiwaen/" }, "geometry": { "type": "Point", "coordinates": [ 135.491753600000038, 34.7766165 ] } },
{ "type": "Feature", "properties": { "内容": "特別養護老人ホーム淳風とよなか【短期入所生活介護】豊中市二葉町2-4-5", "url": "https://www.kaigokensaku.mhlw.go.jp/27/index.php?action_kouhyou_detail_004_kani=true&JigyosyoCd=2774000851-00&ServiceCd=210&Type=search", "url2": "http://junpu-kai.or.jp" }, "geometry": { "type": "Point", "coordinates": [ 135.46335160000001, 34.7366288 ] } },
{ "type": "Feature", "properties": { "内容": "ユニット型淳風とよなかショートステイ【短期入所生活介護】大阪府豊中市二葉町２丁目４番５号", "url": "https://www.kaigokensaku.mhlw.go.jp/27/index.php?action_kouhyou_detail_004_kani=true&JigyosyoCd=2774008789-00&ServiceCd=210&Type=search", "url2": "http://junpu-kai.or.jp" }, "geometry": { "type": "Point", "coordinates": [ 135.46335160000001, 34.7366288 ] } },
{ "type": "Feature", "properties": { "内容": "特別養護老人ホーム　豊中グリーンヒル【短期入所生活介護】豊中市緑丘３－３３０－２", "url": "https://www.kaigokensaku.mhlw.go.jp/27/index.php?action_kouhyou_detail_004_kani=true&JigyosyoCd=2774000414-00&ServiceCd=210&Type=search", "url2": "http://www.shoujyukai.com/" }, "geometry": { "type": "Point", "coordinates": [ 135.487503599999968, 34.8156176 ] } },
{ "type": "Feature", "properties": { "内容": "特別養護老人ホームほづみ【短期入所生活介護】豊中市穂積一丁目9番1号", "url": "https://www.kaigokensaku.mhlw.go.jp/27/index.php?action_kouhyou_detail_004_kani=true&JigyosyoCd=2774000687-00&ServiceCd=210&Type=search", "url2": "https://www.syoujyukai.com/" }, "geometry": { "type": "Point", "coordinates": [ 135.471419700000069, 34.7564603 ] } },
{ "type": "Feature", "properties": { "内容": "特別養護老人ホームきらぼし【短期入所生活介護】大阪府豊中市上新田２丁目１７番１号", "url": "https://www.kaigokensaku.mhlw.go.jp/27/index.php?action_kouhyou_detail_004_kani=true&JigyosyoCd=2774001719-00&ServiceCd=210&Type=search", "url2": "http://www.kiraboshi.jp" }, "geometry": { "type": "Point", "coordinates": [ 135.500597199999987, 34.8066938 ] } },
{ "type": "Feature", "properties": { "内容": "特別養護老人ホーム　豊寿荘【短期入所生活介護】大阪府豊中市新千里西町二丁目7番2号", "url": "https://www.kaigokensaku.mhlw.go.jp/27/index.php?action_kouhyou_detail_004_kani=true&JigyosyoCd=2774003327-00&ServiceCd=210&Type=search", "url2": "http://www.osj.or.jp/houju/" }, "geometry": { "type": "Point", "coordinates": [ 135.48509, 34.8092265 ] } },
{ "type": "Feature", "properties": { "内容": "特別養護老人ホームアリス千里【短期入所生活介護】大阪府豊中市新千里北町1-18-2", "url": "https://www.kaigokensaku.mhlw.go.jp/27/index.php?action_kouhyou_detail_004_kani=true&JigyosyoCd=2774001297-00&ServiceCd=210&Type=search", "url2": "https://toyonakafamily.com/" }, "geometry": { "type": "Point", "coordinates": [ 135.4962525, 34.8151402 ] } },
{ "type": "Feature", "properties": { "内容": "特別養護老人ホームユーフォリア豊中【短期入所生活介護】大阪府豊中市勝部1-12-21", "url": "https://www.kaigokensaku.mhlw.go.jp/27/index.php?action_kouhyou_detail_004_kani=true&JigyosyoCd=2774001495-00&ServiceCd=210&Type=search", "url2": "http://www.euphoria-toyonaka.com/" }, "geometry": { "type": "Point", "coordinates": [ 135.455834500000037, 34.7737612 ] } },
{ "type": "Feature", "properties": { "内容": "特別養護老人ホーム　ロココ豊中【短期入所生活介護】大阪府豊中市宝山町7-8", "url": "https://www.kaigokensaku.mhlw.go.jp/27/index.php?action_kouhyou_detail_004_kani=true&JigyosyoCd=2774003541-00&ServiceCd=210&Type=search", "url2": "http://www.kouyukai.jp/" }, "geometry": { "type": "Point", "coordinates": [ 135.458064700000023, 34.7802715 ] } },
{ "type": "Feature", "properties": { "内容": "特別養護老人ホーム　アイテラス利倉【短期入所生活介護】大阪府豊中市利倉西1-1-11", "url": "https://www.kaigokensaku.mhlw.go.jp/27/index.php?action_kouhyou_detail_004_kani=true&JigyosyoCd=2774006874-00&ServiceCd=210&Type=search", "url2": "http://yuuai-fukushikai.com" }, "geometry": { "type": "Point", "coordinates": [ 135.453123333458421, 34.761519765155874 ] } },
{ "type": "Feature", "properties": { "内容": "特別養護老人ホームみずほおおぞら【短期入所生活介護】大阪府豊中市走井3丁目5番35号", "url": "https://www.kaigokensaku.mhlw.go.jp/27/index.php?action_kouhyou_detail_004_kani=true&JigyosyoCd=2774008060-00&ServiceCd=210&Type=search", "url2": "http://piste1.wixsite.com/mizuhooosora" }, "geometry": { "type": "Point", "coordinates": [ 135.448718099999951, 34.783784799999985 ] } },
{ "type": "Feature", "properties": { "内容": "特別養護老人ホーム　豊泉家　北緑丘【短期入所生活介護】大阪府豊中市北緑丘2丁目9番5号", "url": "https://www.kaigokensaku.mhlw.go.jp/27/index.php?action_kouhyou_detail_004_kani=true&JigyosyoCd=2774001529-00&ServiceCd=210&Type=search", "url2": "http://www.housenka.com" }, "geometry": { "type": "Point", "coordinates": [ 135.481998299999987, 34.8182062 ] } },
{ "type": "Feature", "properties": { "内容": "特別養護老人ホーム　ハートフルこうだ　ショートステイ【短期入所生活介護】大阪府池田市神田2-6-7", "url": "https://www.kaigokensaku.mhlw.go.jp/27/index.php?action_kouhyou_detail_004_kani=true&JigyosyoCd=2772501306-00&ServiceCd=210&Type=search", "url2": "http://www.daikyokai.or.jp/h_kouda" }, "geometry": { "type": "Point", "coordinates": [ 135.426180499999987, 34.811756 ] } },
{ "type": "Feature", "properties": { "内容": "特別養護老人ホーム　古江台ホール【短期入所生活介護】大阪府池田市古江町18番地の2", "url": "https://www.kaigokensaku.mhlw.go.jp/27/index.php?action_kouhyou_detail_004_kani=true&JigyosyoCd=2772500258-00&ServiceCd=210&Type=search", "url2": "https://nozomi-care.jp/" }, "geometry": { "type": "Point", "coordinates": [ 135.4271764, 34.8534266 ] } },
{ "type": "Feature", "properties": { "内容": "社会福祉法人　大協会【短期入所生活介護】池田市伏尾町１２番地の１", "url": "https://www.kaigokensaku.mhlw.go.jp/27/index.php?action_kouhyou_detail_004_kani=true&JigyosyoCd=2772502288-00&ServiceCd=210&Type=search", "url2": "http://www.daikyokai.or.jp" }, "geometry": { "type": "Point", "coordinates": [ 135.446290500000032, 34.8601975 ] } },
{ "type": "Feature", "properties": { "内容": "特別養護老人ホーム　ハートフルふしお【短期入所生活介護】大阪府池田市伏尾町１２番地1", "url": "https://www.kaigokensaku.mhlw.go.jp/27/index.php?action_kouhyou_detail_004_kani=true&JigyosyoCd=2772500209-00&ServiceCd=210&Type=search", "url2": "http://www.daikyokai.or.jp" }, "geometry": { "type": "Point", "coordinates": [ 135.4462833, 34.8602425 ] } },
{ "type": "Feature", "properties": { "内容": "特別養護老人ホームポプラ【短期入所生活介護】大阪府池田市東山町555-1", "url": "https://www.kaigokensaku.mhlw.go.jp/27/index.php?action_kouhyou_detail_004_kani=true&JigyosyoCd=2772501017-00&ServiceCd=210&Type=search", "url2": "http://www.satsuki-kai.com/" }, "geometry": { "type": "Point", "coordinates": [ 135.4342593, 34.8484633 ] } },
{ "type": "Feature", "properties": { "内容": "特別養護老人ホームオレンジ池田【短期入所生活介護】大阪府池田市井口堂２丁目４番６号", "url": "https://www.kaigokensaku.mhlw.go.jp/27/index.php?action_kouhyou_detail_004_kani=true&JigyosyoCd=2772502023-00&ServiceCd=210&Type=search", "url2": "http://keiaikai-swc.com" }, "geometry": { "type": "Point", "coordinates": [ 135.444778700000029, 34.8165836 ] } },
{ "type": "Feature", "properties": { "内容": "ニチイライフケア夫婦池ショートステイ【短期入所生活介護】大阪府池田市神田3丁目20-15ニチイライフケア夫婦池ショートステイ", "url": "https://www.kaigokensaku.mhlw.go.jp/27/index.php?action_kouhyou_detail_004_kani=true&JigyosyoCd=2772502551-00&ServiceCd=210&Type=search", "url2": "https://poplar-corp.jp/lifecare_shortstay/meotoike/" }, "geometry": { "type": "Point", "coordinates": [ 135.4308672, 34.8077803 ] } },
{ "type": "Feature", "properties": { "内容": "ほほえみショートステイ【短期入所生活介護】大阪府池田市建石町８番１０号", "url": "https://www.kaigokensaku.mhlw.go.jp/27/index.php?action_kouhyou_detail_004_kani=true&JigyosyoCd=2772500233-00&ServiceCd=210&Type=search", "url2": "http://www.hohoemi-no-sono.or.jp" }, "geometry": { "type": "Point", "coordinates": [ 135.4297381, 34.8264769 ] } },
{ "type": "Feature", "properties": { "内容": "地域密着型特別養護老人ホーム　アリス佐竹台【短期入所生活介護】大阪府吹田市佐竹台5-3-20アリス佐竹台", "url": "https://www.kaigokensaku.mhlw.go.jp/27/index.php?action_kouhyou_detail_004_kani=true&JigyosyoCd=2771608383-00&ServiceCd=210&Type=search", "url2": "https://toyonakafamily.com/" }, "geometry": { "type": "Point", "coordinates": [ 135.5184198, 34.7907212 ] } },
{ "type": "Feature", "properties": { "内容": "特別養護老人ホーム　陽翠苑【短期入所生活介護】大阪府吹田市南吹田1－1－22", "url": "https://www.kaigokensaku.mhlw.go.jp/27/index.php?action_kouhyou_detail_004_kani=true&JigyosyoCd=2771607351-00&ServiceCd=210&Type=search", "url2": "http://www.kyouseikai.org" }, "geometry": { "type": "Point", "coordinates": [ 135.512920761937693, 34.753197580868338 ] } },
{ "type": "Feature", "properties": { "内容": "短期入所生活介護　憩～北千里～【短期入所生活介護】古江台3丁目9番2号", "url": "https://www.kaigokensaku.mhlw.go.jp/27/index.php?action_kouhyou_detail_004_kani=true&JigyosyoCd=2771607815-00&ServiceCd=210&Type=search", "url2": "https://nisitanikai.jp/" }, "geometry": { "type": "Point", "coordinates": [ 135.507407, 34.8196268 ] } },
{ "type": "Feature", "properties": { "内容": "短期入所生活介護憩~江坂~【短期入所生活介護】大阪府吹田市江坂町2-14-22", "url": "https://www.kaigokensaku.mhlw.go.jp/27/index.php?action_kouhyou_detail_004_kani=true&JigyosyoCd=2771605561-00&ServiceCd=210&Type=search", "url2": "http://www.nisitanikai.jp/Institution/index_4.html" }, "geometry": { "type": "Point", "coordinates": [ 135.491773974204989, 34.763004937338366 ] } },
{ "type": "Feature", "properties": { "内容": "いのこの里ショートステイ【短期入所生活介護】大阪府吹田市山田西1-26-27", "url": "https://www.kaigokensaku.mhlw.go.jp/27/index.php?action_kouhyou_detail_004_kani=true&JigyosyoCd=2771601123-00&ServiceCd=210&Type=search", "url2": "http://www.kobatokai.jp/" }, "geometry": { "type": "Point", "coordinates": [ 135.528975299999956, 34.7904935 ] } },
{ "type": "Feature", "properties": { "内容": "特別養護老人ホームみらい【短期入所生活介護】大阪府吹田市山田北５番１３号", "url": "https://www.kaigokensaku.mhlw.go.jp/27/index.php?action_kouhyou_detail_004_kani=true&JigyosyoCd=2771603426-00&ServiceCd=210&Type=search", "url2": "http://www.mirai-kai.com" }, "geometry": { "type": "Point", "coordinates": [ 135.519026, 34.8093523 ] } },
{ "type": "Feature", "properties": { "内容": "社会福祉法人恩賜財団済生会支部大阪府済生会吹田特別養護老人ホーム高寿園【短期入所生活介護】大阪府吹田市山手町１丁目１番１号", "url": "https://www.kaigokensaku.mhlw.go.jp/27/index.php?action_kouhyou_detail_004_kani=true&JigyosyoCd=2771600646-00&ServiceCd=210&Type=search", "url2": "http://www.suita.saiseikai.or.jp/koujyuen/" }, "geometry": { "type": "Point", "coordinates": [ 135.517182885952707, 34.767943500635901 ] } },
{ "type": "Feature", "properties": { "内容": "特別養護老人ホーム　メルヴェイユ吹田【短期入所生活介護】大阪府吹田市岸部南1-4-24", "url": "https://www.kaigokensaku.mhlw.go.jp/27/index.php?action_kouhyou_detail_004_kani=true&JigyosyoCd=2771602816-00&ServiceCd=210&Type=search", "url2": "http:/www.aoyama-med.gr.jp/ontoku/" }, "geometry": { "type": "Point", "coordinates": [ 135.544443300000012, 34.776248 ] } },
{ "type": "Feature", "properties": { "内容": "特別養護老人ホームハピネスさんあい【短期入所生活介護】吹田市幸町22-5", "url": "https://www.kaigokensaku.mhlw.go.jp/27/index.php?action_kouhyou_detail_004_kani=true&JigyosyoCd=2771600976-00&ServiceCd=210&Type=search", "url2": "http://happiness-sanai.com" }, "geometry": { "type": "Point", "coordinates": [ 135.535441399999968, 34.7690655 ] } },
{ "type": "Feature", "properties": { "内容": "特別養護老人ホーム　あす～る吹田【短期入所生活介護】大阪府吹田市岸部中２丁目７番１２号", "url": "https://www.kaigokensaku.mhlw.go.jp/27/index.php?action_kouhyou_detail_004_kani=true&JigyosyoCd=2771603095-00&ServiceCd=210&Type=search", "url2": "http://azul.or.jp" }, "geometry": { "type": "Point", "coordinates": [ 135.532677700000022, 34.7753231 ] } },
{ "type": "Feature", "properties": { "内容": "介護老人福祉施設　ちくりんの里【短期入所生活介護】大阪府吹田市春日　２丁目２５番地１０号", "url": "https://www.kaigokensaku.mhlw.go.jp/27/index.php?action_kouhyou_detail_004_kani=true&JigyosyoCd=2771602527-00&ServiceCd=210&Type=search", "url2": "http://shunpu.jp/" }, "geometry": { "type": "Point", "coordinates": [ 135.4935451, 34.7853016 ] } },
{ "type": "Feature", "properties": { "内容": "特別養護老人ホーム　エバーグリーン【短期入所生活介護】大阪府吹田市江坂町４－２０－１", "url": "https://www.kaigokensaku.mhlw.go.jp/27/index.php?action_kouhyou_detail_004_kani=true&JigyosyoCd=2771600380-00&ServiceCd=210&Type=search", "url2": "http://www.evergreen.or.jp" }, "geometry": { "type": "Point", "coordinates": [ 135.494392299999959, 34.7706923 ] } },
{ "type": "Feature", "properties": { "内容": "介護老人福祉施設吹田竜ヶ池ホーム【短期入所生活介護】大阪府吹田市原町３丁目２１番２５号", "url": "https://www.kaigokensaku.mhlw.go.jp/27/index.php?action_kouhyou_detail_004_kani=true&JigyosyoCd=2771603418-00&ServiceCd=210&Type=search", "url2": "http://www.swc-seikouen.jp/tatsugaike/index.html" }, "geometry": { "type": "Point", "coordinates": [ 135.526236599999947, 34.7787005 ] } },
{ "type": "Feature", "properties": { "内容": "特別養護老人ホーム　青藍荘【短期入所生活介護】大阪府吹田市佐竹台2丁目3番1号", "url": "https://www.kaigokensaku.mhlw.go.jp/27/index.php?action_kouhyou_detail_004_kani=true&JigyosyoCd=2771600356-00&ServiceCd=210&Type=search", "url2": "http://www.aino-fukushikai.or.jp" }, "geometry": { "type": "Point", "coordinates": [ 135.5149921, 34.7920575 ] } },
{ "type": "Feature", "properties": { "内容": "老人短期入所事業松風園【短期入所生活介護】大阪府吹田市川園町１番１号", "url": "https://www.kaigokensaku.mhlw.go.jp/27/index.php?action_kouhyou_detail_004_kani=true&JigyosyoCd=2771600653-00&ServiceCd=210&Type=search", "url2": "http://www.suita.saiseikai.or.jp/shofuuen/" }, "geometry": { "type": "Point", "coordinates": [ 135.534111199999984, 34.7612777 ] } },
{ "type": "Feature", "properties": { "内容": "特別養護老人ホーム　寿楽荘【短期入所生活介護】吹田市岸部北４丁目９番３号", "url": "https://www.kaigokensaku.mhlw.go.jp/27/index.php?action_kouhyou_detail_004_kani=true&JigyosyoCd=2771600554-00&ServiceCd=210&Type=search", "url2": null }, "geometry": { "type": "Point", "coordinates": [ 135.5277754, 34.7820584 ] } },
{ "type": "Feature", "properties": { "内容": "スローライフ千里【短期入所生活介護】大阪府吹田市千里万博公園6-8", "url": "https://www.kaigokensaku.mhlw.go.jp/27/index.php?action_kouhyou_detail_004_kani=true&JigyosyoCd=2771603541-00&ServiceCd=210&Type=search", "url2": "http://www.slowlife.or.jp" }, "geometry": { "type": "Point", "coordinates": [ 135.535007700000051, 34.8147074 ] } },
{ "type": "Feature", "properties": { "内容": "大阪市立弘済院第２特別養護老人ホーム【短期入所生活介護】大阪府吹田市古江台６－２－１", "url": "https://www.kaigokensaku.mhlw.go.jp/27/index.php?action_kouhyou_detail_004_kani=true&JigyosyoCd=2771600588-00&ServiceCd=210&Type=search", "url2": "https://www.city.osaka.lg.jp/fukushi/page/0000507393.html" }, "geometry": { "type": "Point", "coordinates": [ 135.513251384172463, 34.806886471581272 ] } },
{ "type": "Feature", "properties": { "内容": "ショートステイ　メヌホット千里丘【短期入所生活介護】大阪府吹田市千里丘北1番3-2号メヌホット千里丘", "url": "https://www.kaigokensaku.mhlw.go.jp/27/index.php?action_kouhyou_detail_004_kani=true&JigyosyoCd=2771605363-00&ServiceCd=210&Type=search", "url2": "http://www.menuhot.jp/" }, "geometry": { "type": "Point", "coordinates": [ 135.544249300000047, 34.7995826 ] } },
{ "type": "Feature", "properties": { "内容": "特別養護老人ホーム　緑風会イサベル【短期入所生活介護】大阪府吹田市岸部北５丁目４３番１０号", "url": "https://www.kaigokensaku.mhlw.go.jp/27/index.php?action_kouhyou_detail_004_kani=true&JigyosyoCd=2771602931-00&ServiceCd=210&Type=search", "url2": "https://www.kenshokai.group" }, "geometry": { "type": "Point", "coordinates": [ 135.5315005, 34.786450699999989 ] } },
{ "type": "Feature", "properties": { "内容": "特別養護老人ホーム　オズ【短期入所生活介護】大阪府泉大津市菅原町１０－３３", "url": "https://www.kaigokensaku.mhlw.go.jp/27/index.php?action_kouhyou_detail_004_kani=true&JigyosyoCd=2770600076-00&ServiceCd=210&Type=search", "url2": "http://www.oz-tokuyo.jp" }, "geometry": { "type": "Point", "coordinates": [ 135.402817499999969, 34.5066153 ] } },
{ "type": "Feature", "properties": { "内容": "特別養護老人ホーム　覚寿園【短期入所生活介護】大阪府泉大津市曽根町2丁目2番38号", "url": "https://www.kaigokensaku.mhlw.go.jp/27/index.php?action_kouhyou_detail_004_kani=true&JigyosyoCd=2770600100-00&ServiceCd=210&Type=search", "url2": "http://www.kakujuen.or.jp/" }, "geometry": { "type": "Point", "coordinates": [ 135.422552, 34.5017548 ] } },
{ "type": "Feature", "properties": { "内容": "特別養護老人ホーム百楽園【短期入所生活介護】大阪府泉大津市板原町一丁目９番１８号", "url": "https://www.kaigokensaku.mhlw.go.jp/27/index.php?action_kouhyou_detail_004_kani=true&JigyosyoCd=2770600084-00&ServiceCd=210&Type=search", "url2": "http://www.hyakurakuen.soudancenter.com/" }, "geometry": { "type": "Point", "coordinates": [ 135.41127240000003, 34.4905147 ] } },
{ "type": "Feature", "properties": { "内容": "特別養護老人ホームローズガーデン条南苑【短期入所生活介護】大阪府泉大津市東豊中町2丁目4番26号", "url": "https://www.kaigokensaku.mhlw.go.jp/27/index.php?action_kouhyou_detail_004_kani=true&JigyosyoCd=2770600597-00&ServiceCd=210&Type=search", "url2": "http://www.toyonaka-fukushikai.com" }, "geometry": { "type": "Point", "coordinates": [ 135.426189099999988, 34.4931733 ] } },
{ "type": "Feature", "properties": { "内容": "特別養護老人ホーム　美休【短期入所生活介護】大阪府泉大津市河原町11番6号特別養護老人ホーム　美休", "url": "https://www.kaigokensaku.mhlw.go.jp/27/index.php?action_kouhyou_detail_004_kani=true&JigyosyoCd=2770601843-00&ServiceCd=210&Type=search", "url2": null }, "geometry": { "type": "Point", "coordinates": [ 135.3904446, 34.5004866 ] } },
{ "type": "Feature", "properties": { "内容": "ミス・ブール記念ホーム小規模特養短期入所生活介護【短期入所生活介護】大阪府高槻市松が丘１丁目２１番８号", "url": "https://www.kaigokensaku.mhlw.go.jp/27/index.php?action_kouhyou_detail_004_kani=true&JigyosyoCd=2770903900-00&ServiceCd=210&Type=search", "url2": "http://yohane-g.jp/" }, "geometry": { "type": "Point", "coordinates": [ 135.599481297731359, 34.87165129875406 ] } },
{ "type": "Feature", "properties": { "内容": "特別養護老人ホーム　高槻ともしび苑【短期入所生活介護】高槻市安岡寺町6丁目6番1号", "url": "https://www.kaigokensaku.mhlw.go.jp/27/index.php?action_kouhyou_detail_004_kani=true&JigyosyoCd=2770900393-00&ServiceCd=210&Type=search", "url2": "http://tomoshibifukushikai.jp/" }, "geometry": { "type": "Point", "coordinates": [ 135.606675099999961, 34.8818491 ] } },
{ "type": "Feature", "properties": { "内容": "グリーン特別養護老人ホーム【短期入所生活介護】大阪府高槻市奈佐原4-7-15", "url": "https://www.kaigokensaku.mhlw.go.jp/27/index.php?action_kouhyou_detail_004_kani=true&JigyosyoCd=2770901359-00&ServiceCd=210&Type=search", "url2": null }, "geometry": { "type": "Point", "coordinates": [ 135.5755117, 34.8653667 ] } },
{ "type": "Feature", "properties": { "内容": "特別養護老人ホーム　和朗園【短期入所生活介護】高槻市井尻二丁目37-8", "url": "https://www.kaigokensaku.mhlw.go.jp/27/index.php?action_kouhyou_detail_004_kani=true&JigyosyoCd=2770901326-00&ServiceCd=210&Type=search", "url2": "http://www.kyousei-fukushi.or.jp/" }, "geometry": { "type": "Point", "coordinates": [ 135.6490384, 34.8551192 ] } },
{ "type": "Feature", "properties": { "内容": "特別養護老人ホーム　れんげ荘【短期入所生活介護】大阪府高槻市三島江４丁目３８番７号", "url": "https://www.kaigokensaku.mhlw.go.jp/27/index.php?action_kouhyou_detail_004_kani=true&JigyosyoCd=2770900849-00&ServiceCd=210&Type=search", "url2": "http://www.rengesou.or.jp" }, "geometry": { "type": "Point", "coordinates": [ 135.609095300000035, 34.796811 ] } },
{ "type": "Feature", "properties": { "内容": "介護老人福祉施設　高槻けやきの郷【短期入所生活介護】大阪府高槻市番田１丁目６０番１号", "url": "https://www.kaigokensaku.mhlw.go.jp/27/index.php?action_kouhyou_detail_004_kani=true&JigyosyoCd=2770901813-00&ServiceCd=210&Type=search", "url2": "http://swc-seikouen.jp/takatsuki/" }, "geometry": { "type": "Point", "coordinates": [ 135.624676799999946, 34.8179784 ] } },
{ "type": "Feature", "properties": { "内容": "特別養護老人ホームミス・ブール記念ホーム【短期入所生活介護】高槻市松ヶ丘１－２１－９", "url": "https://www.kaigokensaku.mhlw.go.jp/27/index.php?action_kouhyou_detail_004_kani=true&JigyosyoCd=2770900674-00&ServiceCd=210&Type=search", "url2": "http://yohane-g.jp/" }, "geometry": { "type": "Point", "coordinates": [ 135.59955089999994, 34.8713806 ] } },
{ "type": "Feature", "properties": { "内容": "特別養護老人ホームひばり苑【短期入所生活介護】大阪府高槻市三箇牧二丁目20番3号", "url": "https://www.kaigokensaku.mhlw.go.jp/27/index.php?action_kouhyou_detail_004_kani=true&JigyosyoCd=2770901953-00&ServiceCd=210&Type=search", "url2": "http://tahoukai-hibarien.com" }, "geometry": { "type": "Point", "coordinates": [ 135.601785, 34.7978662 ] } },
{ "type": "Feature", "properties": { "内容": "特別養護老人ホーム高槻荘【短期入所生活介護】高槻市郡家新町４８番７号", "url": "https://www.kaigokensaku.mhlw.go.jp/27/index.php?action_kouhyou_detail_004_kani=true&JigyosyoCd=2770901227-00&ServiceCd=210&Type=search", "url2": "https://takatsuki-huku2.wixsite.com/osj-takatukisou" }, "geometry": { "type": "Point", "coordinates": [ 135.595770400000021, 34.852012 ] } },
{ "type": "Feature", "properties": { "内容": "特別養護老人ホーム　樫田の里【短期入所生活介護】大阪府高槻市大字田能小字畑子谷１５番地１", "url": "https://www.kaigokensaku.mhlw.go.jp/27/index.php?action_kouhyou_detail_004_kani=true&JigyosyoCd=2770902266-00&ServiceCd=210&Type=search", "url2": "http://www.ryokufu1984.or.jp" }, "geometry": { "type": "Point", "coordinates": [ 135.589936699999953, 34.9530164 ] } },
{ "type": "Feature", "properties": { "内容": "高槻黄金の里特別養護老人ホーム【短期入所生活介護】大阪府高槻市黄金の里1丁目14番8号", "url": "https://www.kaigokensaku.mhlw.go.jp/27/index.php?action_kouhyou_detail_004_kani=true&JigyosyoCd=2770900633-00&ServiceCd=210&Type=search", "url2": "http://www.kogane.or.jp" }, "geometry": { "type": "Point", "coordinates": [ 135.592104599999971, 34.8748051 ] } },
{ "type": "Feature", "properties": { "内容": "エイペックスひろの短期入所生活介護【短期入所生活介護】高槻市前島1丁目36番1号", "url": "https://www.kaigokensaku.mhlw.go.jp/27/index.php?action_kouhyou_detail_004_kani=true&JigyosyoCd=2770900369-00&ServiceCd=210&Type=search", "url2": "https://hironokai.com/" }, "geometry": { "type": "Point", "coordinates": [ 135.6452554, 34.8436843 ] } },
{ "type": "Feature", "properties": { "内容": "特別養護老人ホーム出丸苑【短期入所生活介護】大阪府高槻市出丸町４番６２号", "url": "https://www.kaigokensaku.mhlw.go.jp/27/index.php?action_kouhyou_detail_004_kani=true&JigyosyoCd=2770902597-00&ServiceCd=210&Type=search", "url2": "http://demaruen-takatsuki.com/" }, "geometry": { "type": "Point", "coordinates": [ 135.619582231352297, 34.842703991887397 ] } },
{ "type": "Feature", "properties": { "内容": "ショートステイきしまの里【短期入所生活介護】大阪府貝塚市三ツ松８６９－１", "url": "https://www.kaigokensaku.mhlw.go.jp/27/index.php?action_kouhyou_detail_004_kani=true&JigyosyoCd=2771301062-00&ServiceCd=210&Type=search", "url2": "http://seishinen.com" }, "geometry": { "type": "Point", "coordinates": [ 135.381993300524897, 34.41236608948978 ] } },
{ "type": "Feature", "properties": { "内容": "特別養護老人ホーム　貝塚誠心園【短期入所生活介護】大阪府貝塚市森1103-2", "url": "https://www.kaigokensaku.mhlw.go.jp/27/index.php?action_kouhyou_detail_004_kani=true&JigyosyoCd=2771300114-00&ServiceCd=210&Type=search", "url2": "http://seishinen.com/" }, "geometry": { "type": "Point", "coordinates": [ 135.377351699999963, 34.4138872 ] } },
{ "type": "Feature", "properties": { "内容": "特別養護老人ホーム　水間ヶ丘【短期入所生活介護】大阪府貝塚市水間１３７番１", "url": "https://www.kaigokensaku.mhlw.go.jp/27/index.php?action_kouhyou_detail_004_kani=true&JigyosyoCd=2771300122-00&ServiceCd=210&Type=search", "url2": "http://www.kenjinkai-mizuma.jp/" }, "geometry": { "type": "Point", "coordinates": [ 135.388136600000053, 34.4043275 ] } },
{ "type": "Feature", "properties": { "内容": "地域密着型特別養護老人ホームすずな園【短期入所生活介護】大阪府守口市大宮通1-13-14", "url": "https://www.kaigokensaku.mhlw.go.jp/27/index.php?action_kouhyou_detail_004_kani=true&JigyosyoCd=2773204033-00&ServiceCd=210&Type=search", "url2": "http://www.hakuseikai.jp" }, "geometry": { "type": "Point", "coordinates": [ 135.574883199999988, 34.7324091 ] } },
{ "type": "Feature", "properties": { "内容": "ごはん家族西郷通【短期入所生活介護】大阪府守口市西郷通1-15-10", "url": "https://www.kaigokensaku.mhlw.go.jp/27/index.php?action_kouhyou_detail_004_kani=true&JigyosyoCd=2773204504-00&ServiceCd=210&Type=search", "url2": "https://gohankazoku.jp" }, "geometry": { "type": "Point", "coordinates": [ 135.5727851, 34.7327313 ] } },
{ "type": "Feature", "properties": { "内容": "特別養護老人ホームなずな園【短期入所生活介護】大阪府守口市八雲北町2丁目26番1号", "url": "https://www.kaigokensaku.mhlw.go.jp/27/index.php?action_kouhyou_detail_004_kani=true&JigyosyoCd=2773201872-00&ServiceCd=210&Type=search", "url2": "http://hakuseikai.jp" }, "geometry": { "type": "Point", "coordinates": [ 135.56271449999997, 34.75126 ] } },
{ "type": "Feature", "properties": { "内容": "特別養護老人ホームすずしろ園【短期入所生活介護】守口市南寺方東通１－１３－１６", "url": "https://www.kaigokensaku.mhlw.go.jp/27/index.php?action_kouhyou_detail_004_kani=true&JigyosyoCd=2773200395-00&ServiceCd=210&Type=search", "url2": "http://www.hakuseikai.jp" }, "geometry": { "type": "Point", "coordinates": [ 135.5696815, 34.717203 ] } },
{ "type": "Feature", "properties": { "内容": "特別養護老人ホーム　フローラル【短期入所生活介護】大阪府守口市大日町1-11-11", "url": "https://www.kaigokensaku.mhlw.go.jp/27/index.php?action_kouhyou_detail_004_kani=true&JigyosyoCd=2773200718-00&ServiceCd=210&Type=search", "url2": "http:/www.floral.or.jp/" }, "geometry": { "type": "Point", "coordinates": [ 135.5753029, 34.7526068 ] } },
{ "type": "Feature", "properties": { "内容": "守口金田ケアセンターラガールショートステイ【短期入所生活介護】大阪府守口市金田町4丁目5番16号守口金田ケアセンターラガール", "url": "https://www.kaigokensaku.mhlw.go.jp/27/index.php?action_kouhyou_detail_004_kani=true&JigyosyoCd=2773203860-00&ServiceCd=210&Type=search", "url2": "http://www.koudoukai.or.jp/mk-cc/" }, "geometry": { "type": "Point", "coordinates": [ 135.5922726, 34.7601594 ] } },
{ "type": "Feature", "properties": { "内容": "特別養護老人ホーム守口荘【短期入所生活介護】大阪府守口市八雲中町三丁目13番17号", "url": "https://www.kaigokensaku.mhlw.go.jp/27/index.php?action_kouhyou_detail_004_kani=true&JigyosyoCd=2773200338-00&ServiceCd=210&Type=search", "url2": "https://shirayuri-net.jp/" }, "geometry": { "type": "Point", "coordinates": [ 135.570769400000017, 34.7473467 ] } },
{ "type": "Feature", "properties": { "内容": "特別養護老人ホームたかせ若葉苑【短期入所生活介護】守口市高瀬町５－８－１６", "url": "https://www.kaigokensaku.mhlw.go.jp/27/index.php?action_kouhyou_detail_004_kani=true&JigyosyoCd=2773200296-00&ServiceCd=210&Type=search", "url2": null }, "geometry": { "type": "Point", "coordinates": [ 135.565612200000032, 34.72458 ] } },
{ "type": "Feature", "properties": { "内容": "特別養護老人ホーム梅香苑【短期入所生活介護】大阪府守口市佐太中町６丁目４１番１９号", "url": "https://www.kaigokensaku.mhlw.go.jp/27/index.php?action_kouhyou_detail_004_kani=true&JigyosyoCd=2773200593-00&ServiceCd=210&Type=search", "url2": "http://www.baikouen.or.jp" }, "geometry": { "type": "Point", "coordinates": [ 135.588253500000064, 34.761909 ] } },
{ "type": "Feature", "properties": { "内容": "小規模特別養護老人ホームのぞみ【短期入所生活介護】大阪府枚方市堂山1丁目39番1号", "url": "https://www.kaigokensaku.mhlw.go.jp/27/index.php?action_kouhyou_detail_004_kani=true&JigyosyoCd=2772408304-00&ServiceCd=210&Type=search", "url2": "https://kiboukai-nozomi.jp/" }, "geometry": { "type": "Point", "coordinates": [ 135.669131599999986, 34.8187317 ] } },
{ "type": "Feature", "properties": { "内容": "いこいの里藤阪【短期入所生活介護】大阪府枚方市藤阪南町２丁目30-1", "url": "https://www.kaigokensaku.mhlw.go.jp/27/index.php?action_kouhyou_detail_004_kani=true&JigyosyoCd=2772408486-00&ServiceCd=210&Type=search", "url2": "http://www.syoujukai.org/" }, "geometry": { "type": "Point", "coordinates": [ 135.70007352471967, 34.815508138211712 ] } },
{ "type": "Feature", "properties": { "内容": "サテライトいこいの里【短期入所生活介護】大阪府枚方市中宮東之町8-15", "url": "https://www.kaigokensaku.mhlw.go.jp/27/index.php?action_kouhyou_detail_004_kani=true&JigyosyoCd=2772406639-00&ServiceCd=210&Type=search", "url2": "http://www.syoujukai.org/" }, "geometry": { "type": "Point", "coordinates": [ 135.666812400000026, 34.8200232 ] } },
{ "type": "Feature", "properties": { "内容": "特別養護老人ホーム香里美来【短期入所生活介護】大阪府枚方市東香里1丁目18番12号", "url": "https://www.kaigokensaku.mhlw.go.jp/27/index.php?action_kouhyou_detail_004_kani=true&JigyosyoCd=2772410128-00&ServiceCd=210&Type=search", "url2": "https://misugikai.jp" }, "geometry": { "type": "Point", "coordinates": [ 135.6377264, 34.8033283 ] } },
{ "type": "Feature", "properties": { "内容": "ショートステイセンターフルール長尾【短期入所生活介護】枚方市藤阪東町三丁目5番8号フルール長尾", "url": "https://www.kaigokensaku.mhlw.go.jp/27/index.php?action_kouhyou_detail_004_kani=true&JigyosyoCd=2772406894-00&ServiceCd=210&Type=search", "url2": "http://www.misugikai.jp/nagao/index.html" }, "geometry": { "type": "Point", "coordinates": [ 135.714288300000021, 34.8195747 ] } },
{ "type": "Feature", "properties": { "内容": "特別養護老人ホームしらかばホール　短期入所生活介護【短期入所生活介護】大阪府枚方市出屋敷西町二丁目１番１号", "url": "https://www.kaigokensaku.mhlw.go.jp/27/index.php?action_kouhyou_detail_004_kani=true&JigyosyoCd=2772402208-00&ServiceCd=210&Type=search", "url2": "http://www.misuzufukushikai.jp/" }, "geometry": { "type": "Point", "coordinates": [ 135.682613700000047, 34.8211539 ] } },
{ "type": "Feature", "properties": { "内容": "特別養護老人ホーム短期入所のぞみの杜【短期入所生活介護】大阪府枚方市東中振2丁目１７番１３号", "url": "https://www.kaigokensaku.mhlw.go.jp/27/index.php?action_kouhyou_detail_004_kani=true&JigyosyoCd=2772408270-00&ServiceCd=210&Type=search", "url2": "https://kiboukai-nozomi.jp" }, "geometry": { "type": "Point", "coordinates": [ 135.64116480000007, 34.7963448 ] } },
{ "type": "Feature", "properties": { "内容": "ピープルハウス枚方【短期入所生活介護】大阪府枚方市尊延寺１丁目４番１号", "url": "https://www.kaigokensaku.mhlw.go.jp/27/index.php?action_kouhyou_detail_004_kani=true&JigyosyoCd=2772400798-00&ServiceCd=210&Type=search", "url2": "http://www.koseikai.org" }, "geometry": { "type": "Point", "coordinates": [ 135.7254094, 34.805868 ] } },
{ "type": "Feature", "properties": { "内容": "アイリス【短期入所生活介護】大阪府枚方市春日東町2丁目12番10号", "url": "https://www.kaigokensaku.mhlw.go.jp/27/index.php?action_kouhyou_detail_004_kani=true&JigyosyoCd=2772400665-00&ServiceCd=210&Type=search", "url2": "http://my-iris.jp/" }, "geometry": { "type": "Point", "coordinates": [ 135.693510300000071, 34.8022425 ] } },
{ "type": "Feature", "properties": { "内容": "特別養護老人ホーム　いこいの里【短期入所生活介護】大阪府枚方市交北二丁目10-1", "url": "https://www.kaigokensaku.mhlw.go.jp/27/index.php?action_kouhyou_detail_004_kani=true&JigyosyoCd=2772403735-00&ServiceCd=210&Type=search", "url2": "http://www.syoujukai.org/" }, "geometry": { "type": "Point", "coordinates": [ 135.676536199999987, 34.8285696 ] } },
{ "type": "Feature", "properties": { "内容": "特別養護老人ホーム　夢心【短期入所生活介護】大阪府枚方市長尾北町１丁目１７８５番２", "url": "https://www.kaigokensaku.mhlw.go.jp/27/index.php?action_kouhyou_detail_004_kani=true&JigyosyoCd=2772403511-00&ServiceCd=210&Type=search", "url2": "http://www.seishow.or.jp" }, "geometry": { "type": "Point", "coordinates": [ 135.700025599999975, 34.8351807 ] } },
{ "type": "Feature", "properties": { "内容": "安心苑短期入所生活介護【短期入所生活介護】枚方市招提北町2-25-1", "url": "https://www.kaigokensaku.mhlw.go.jp/27/index.php?action_kouhyou_detail_004_kani=true&JigyosyoCd=2772400483-00&ServiceCd=210&Type=search", "url2": "http://www.com/seisyow.or.jp" }, "geometry": { "type": "Point", "coordinates": [ 135.687551399999961, 34.8470317 ] } },
{ "type": "Feature", "properties": { "内容": "ひらかた聖徳園【短期入所生活介護】大阪府枚方市香里ヶ丘3丁目15-1", "url": "https://www.kaigokensaku.mhlw.go.jp/27/index.php?action_kouhyou_detail_004_kani=true&JigyosyoCd=2772400970-00&ServiceCd=210&Type=search", "url2": "http://www.shotokuen.or.jp/index.html" }, "geometry": { "type": "Point", "coordinates": [ 135.657485899999983, 34.7927675 ] } },
{ "type": "Feature", "properties": { "内容": "枚方市立特別養護老人ホーム【短期入所生活介護】大阪府枚方市交北３丁目１－５２", "url": "https://www.kaigokensaku.mhlw.go.jp/27/index.php?action_kouhyou_detail_004_kani=true&JigyosyoCd=2772400590-00&ServiceCd=210&Type=search", "url2": null }, "geometry": { "type": "Point", "coordinates": [ 135.67745309999998, 34.834199900000016 ] } },
{ "type": "Feature", "properties": { "内容": "里仁館居宅サービス事業所【短期入所生活介護】枚方市田口山2-5-1", "url": "https://www.kaigokensaku.mhlw.go.jp/27/index.php?action_kouhyou_detail_004_kani=true&JigyosyoCd=2772400673-00&ServiceCd=210&Type=search", "url2": "http://rijinkan.or.jp/" }, "geometry": { "type": "Point", "coordinates": [ 135.69146135529482, 34.830999080194559 ] } },
{ "type": "Feature", "properties": { "内容": "特別養護老人ホーム　うぐいすの里【短期入所生活介護】大阪府枚方市南中振3-8-20", "url": "https://www.kaigokensaku.mhlw.go.jp/27/index.php?action_kouhyou_detail_004_kani=true&JigyosyoCd=2772404246-00&ServiceCd=210&Type=search", "url2": "http://www.uguisu-sato.or.jp/" }, "geometry": { "type": "Point", "coordinates": [ 135.6211025, 34.7907649 ] } },
{ "type": "Feature", "properties": { "内容": "特別養護老人ホーム　津田荘【短期入所生活介護】大阪府枚方市津田東町２丁目１番１号", "url": "https://www.kaigokensaku.mhlw.go.jp/27/index.php?action_kouhyou_detail_004_kani=true&JigyosyoCd=2772400319-00&ServiceCd=210&Type=search", "url2": "http://hirakataryoiku-med.or.jp" }, "geometry": { "type": "Point", "coordinates": [ 135.7115339, 34.8118038 ] } },
{ "type": "Feature", "properties": { "内容": "地域密着型特養　いこいの里長尾【短期入所生活介護】大阪府枚方市長尾荒阪1-2804-14", "url": "https://www.kaigokensaku.mhlw.go.jp/27/index.php?action_kouhyou_detail_004_kani=true&JigyosyoCd=2772409393-00&ServiceCd=210&Type=search", "url2": "https://syoujukai.org" }, "geometry": { "type": "Point", "coordinates": [ 135.713644631693825, 34.828285754280074 ] } },
{ "type": "Feature", "properties": { "内容": "ひら中振長寿の里ショートステイ【短期入所生活介護】大阪府枚方市北中振四丁目１８番２０号ひら中振長寿の里", "url": "https://www.kaigokensaku.mhlw.go.jp/27/index.php?action_kouhyou_detail_004_kani=true&JigyosyoCd=2772408627-00&ServiceCd=210&Type=search", "url2": "http://hira.kisyokai.or.jp" }, "geometry": { "type": "Point", "coordinates": [ 135.626147479098563, 34.796319737288478 ] } },
{ "type": "Feature", "properties": { "内容": "特別養護老人ホーム悠々の苑【短期入所生活介護】大阪府枚方市交北三丁目１番５０号", "url": "https://www.kaigokensaku.mhlw.go.jp/27/index.php?action_kouhyou_detail_004_kani=true&JigyosyoCd=2772400947-00&ServiceCd=210&Type=search", "url2": "https://care-net.biz/27/yuuyuunosono/" }, "geometry": { "type": "Point", "coordinates": [ 135.676916014416236, 34.834994868065245 ] } },
{ "type": "Feature", "properties": { "内容": "特別養護老人ホーム御殿山カーム短期入所【短期入所生活介護】大阪府枚方市渚西2-7-30", "url": "https://www.kaigokensaku.mhlw.go.jp/27/index.php?action_kouhyou_detail_004_kani=true&JigyosyoCd=2772402653-00&ServiceCd=210&Type=search", "url2": "http://www.ojunkai.com" }, "geometry": { "type": "Point", "coordinates": [ 135.6526675, 34.8316622 ] } },
{ "type": "Feature", "properties": { "内容": "地域密着型特別養護老人ホームなぎさカーム【短期入所生活介護】大阪府枚方市渚西1丁目24番1号", "url": "https://www.kaigokensaku.mhlw.go.jp/27/index.php?action_kouhyou_detail_004_kani=true&JigyosyoCd=2772408536-00&ServiceCd=210&Type=search", "url2": "http://www.ojunkai.com/" }, "geometry": { "type": "Point", "coordinates": [ 135.651010700000029, 34.829880899999985 ] } },
{ "type": "Feature", "properties": { "内容": "ショートステイセンターくずは美郷【短期入所生活介護】大阪府枚方市南楠葉1丁目65番25号小規模特別養護老人ホームくずは美郷", "url": "https://www.kaigokensaku.mhlw.go.jp/27/index.php?action_kouhyou_detail_004_kani=true&JigyosyoCd=2772405318-00&ServiceCd=210&Type=search", "url2": "http://www.misugikai.jp" }, "geometry": { "type": "Point", "coordinates": [ 135.680576699999961, 34.864466100000016 ] } },
{ "type": "Feature", "properties": { "内容": "ショートステイセンターくずは西美郷【短期入所生活介護】大阪府枚方市西船橋2丁目58-3", "url": "https://www.kaigokensaku.mhlw.go.jp/27/index.php?action_kouhyou_detail_004_kani=true&JigyosyoCd=2772407298-00&ServiceCd=210&Type=search", "url2": "http://www.misugikai.jp/" }, "geometry": { "type": "Point", "coordinates": [ 135.672069500000021, 34.8519783 ] } },
{ "type": "Feature", "properties": { "内容": "特別養護老人ホーム美郷【短期入所生活介護】大阪府枚方市西招提町1253番地", "url": "https://www.kaigokensaku.mhlw.go.jp/27/index.php?action_kouhyou_detail_004_kani=true&JigyosyoCd=2772402166-00&ServiceCd=210&Type=search", "url2": "http://www.misugikai.jp/" }, "geometry": { "type": "Point", "coordinates": [ 135.6811993, 34.8443208 ] } },
{ "type": "Feature", "properties": { "内容": "特別養護老人ホーム　サール・ナート【短期入所生活介護】大阪府枚方市高田２丁目４０－１", "url": "https://www.kaigokensaku.mhlw.go.jp/27/index.php?action_kouhyou_detail_004_kani=true&JigyosyoCd=2772402844-00&ServiceCd=210&Type=search", "url2": "http://www.valsta.jp" }, "geometry": { "type": "Point", "coordinates": [ 135.6633187, 34.777014 ] } },
{ "type": "Feature", "properties": { "内容": "特別養護老人ホームやすらぎ（短期入所）【短期入所生活介護】大阪府茨木市上穂積1丁目2番27号", "url": "https://www.kaigokensaku.mhlw.go.jp/27/index.php?action_kouhyou_detail_004_kani=true&JigyosyoCd=2774205138-00&ServiceCd=210&Type=search", "url2": "https://www.ibaraki.saiseikai.or.jp/yasuragi/" }, "geometry": { "type": "Point", "coordinates": [ 135.556874499999964, 34.8211313 ] } },
{ "type": "Feature", "properties": { "内容": "春日丘荘「彩の家」ショートステイ【短期入所生活介護】大阪府茨木市南春日丘７丁目１１番４８号", "url": "https://www.kaigokensaku.mhlw.go.jp/27/index.php?action_kouhyou_detail_004_kani=true&JigyosyoCd=2774203240-00&ServiceCd=210&Type=search", "url2": "http://www.kasugaoka.net/" }, "geometry": { "type": "Point", "coordinates": [ 135.53143840000007, 34.8211178 ] } },
{ "type": "Feature", "properties": { "内容": "ショートステイ　天兆園【短期入所生活介護】大阪府茨木市安威二丁目10番11号", "url": "https://www.kaigokensaku.mhlw.go.jp/27/index.php?action_kouhyou_detail_004_kani=true&JigyosyoCd=2774200709-00&ServiceCd=210&Type=search", "url2": "http://www.kyousei-fukushi.or.jp" }, "geometry": { "type": "Point", "coordinates": [ 135.566348699999907, 34.849285 ] } },
{ "type": "Feature", "properties": { "内容": "パナソニックエイジフリーケアセンター茨木鮎川・ショートステイ【短期入所生活介護】大阪府茨木市鮎川四丁目26番22号", "url": "https://www.kaigokensaku.mhlw.go.jp/27/index.php?action_kouhyou_detail_004_kani=true&JigyosyoCd=2774204990-00&ServiceCd=210&Type=search", "url2": "https://sumai.panasonic.jp/agefree/map/detail.php?id=373" }, "geometry": { "type": "Point", "coordinates": [ 135.596725699999979, 34.8174078 ] } },
{ "type": "Feature", "properties": { "内容": "特別養護老人ホームコムシェいばらき【短期入所生活介護】大阪府茨木市玉島1丁目28番1号", "url": "https://www.kaigokensaku.mhlw.go.jp/27/index.php?action_kouhyou_detail_004_kani=true&JigyosyoCd=2774202010-00&ServiceCd=210&Type=search", "url2": "http://keishokai.org/" }, "geometry": { "type": "Point", "coordinates": [ 135.5874533, 34.7987546 ] } },
{ "type": "Feature", "properties": { "内容": "茨木特別養護老人ホームラガール【短期入所生活介護】大阪府茨木市大字安威12番地", "url": "https://www.kaigokensaku.mhlw.go.jp/27/index.php?action_kouhyou_detail_004_kani=true&JigyosyoCd=2774202051-00&ServiceCd=210&Type=search", "url2": "http://www.koudoukai.or.jp/ibaraki/" }, "geometry": { "type": "Point", "coordinates": [ 135.565362700000037, 34.8489767 ] } },
{ "type": "Feature", "properties": { "内容": "特別養護老人ホーム　庄栄エルダーセンター【短期入所生活介護】大阪府茨木市庄2丁目7番38号", "url": "https://www.kaigokensaku.mhlw.go.jp/27/index.php?action_kouhyou_detail_004_kani=true&JigyosyoCd=2774200022-00&ServiceCd=210&Type=search", "url2": "http://care-net.biz/27/shouei" }, "geometry": { "type": "Point", "coordinates": [ 135.580925500000035, 34.8239909 ] } },
{ "type": "Feature", "properties": { "内容": "特別養護老人ホーム豊川の郷【短期入所生活介護】大阪府茨木市豊川４丁目３５番３１号", "url": "https://www.kaigokensaku.mhlw.go.jp/27/index.php?action_kouhyou_detail_004_kani=true&JigyosyoCd=2774202283-00&ServiceCd=210&Type=search", "url2": "http://www.to-wakai.or.jp" }, "geometry": { "type": "Point", "coordinates": [ 135.527818900000057, 34.8338801 ] } },
{ "type": "Feature", "properties": { "内容": "特別養護老人ホーム　春風【短期入所生活介護】大阪府茨木市南安威2丁目10番5号", "url": "https://www.kaigokensaku.mhlw.go.jp/27/index.php?action_kouhyou_detail_004_kani=true&JigyosyoCd=2774201616-00&ServiceCd=210&Type=search", "url2": "http://www.tanaka-hsp.or.jp" }, "geometry": { "type": "Point", "coordinates": [ 135.5600048, 34.8422912 ] } },
{ "type": "Feature", "properties": { "内容": "特別養護老人ホーム春日丘荘【短期入所生活介護】茨木市南春日丘7丁目11番22号", "url": "https://www.kaigokensaku.mhlw.go.jp/27/index.php?action_kouhyou_detail_004_kani=true&JigyosyoCd=2774201160-00&ServiceCd=210&Type=search", "url2": "http://www.osj.or.jp/kasugaoka/" }, "geometry": { "type": "Point", "coordinates": [ 135.530335700000023, 34.821065 ] } },
{ "type": "Feature", "properties": { "内容": "特別養護老人ホーム　茨木荘　短期入所生活介護事業所【短期入所生活介護】大阪府茨木市丑寅2-1-5", "url": "https://www.kaigokensaku.mhlw.go.jp/27/index.php?action_kouhyou_detail_004_kani=true&JigyosyoCd=2774200378-00&ServiceCd=210&Type=search", "url2": "http://www.tenno.or.jp" }, "geometry": { "type": "Point", "coordinates": [ 135.55829934276943, 34.79713646520446 ] } },
{ "type": "Feature", "properties": { "内容": "特別養護老人ホーム　聖和荘【短期入所生活介護】大阪府茨木市畑田町11番25号", "url": "https://www.kaigokensaku.mhlw.go.jp/27/index.php?action_kouhyou_detail_004_kani=true&JigyosyoCd=2774200360-00&ServiceCd=210&Type=search", "url2": "http://www.ibarakikouseikai.or.jp" }, "geometry": { "type": "Point", "coordinates": [ 135.565660100000059, 34.8296344 ] } },
{ "type": "Feature", "properties": { "内容": "特別養護老人ホーム常清の里【短期入所生活介護】大阪府茨木市清水一丁目２８番２２号", "url": "https://www.kaigokensaku.mhlw.go.jp/27/index.php?action_kouhyou_detail_004_kani=true&JigyosyoCd=2774200444-00&ServiceCd=210&Type=search", "url2": "http://www.keitokukai.or.jp/" }, "geometry": { "type": "Point", "coordinates": [ 135.528849300000047, 34.837577 ] } },
{ "type": "Feature", "properties": { "内容": "茨木太田地域密着型特別養護老人ホームラガールショートステイ【短期入所生活介護】大阪府茨木市太田東芝町2－9", "url": "https://www.kaigokensaku.mhlw.go.jp/27/index.php?action_kouhyou_detail_004_kani=true&JigyosyoCd=2774205526-00&ServiceCd=210&Type=search", "url2": "http://ibaraki-cc.koudoukai.or.jp/" }, "geometry": { "type": "Point", "coordinates": [ 135.57674590000002, 34.8398103 ] } },
{ "type": "Feature", "properties": { "内容": "特別養護老人ホーム春菊苑【短期入所生活介護】大阪府茨木市見付山1-10-25", "url": "https://www.kaigokensaku.mhlw.go.jp/27/index.php?action_kouhyou_detail_004_kani=true&JigyosyoCd=2774200410-00&ServiceCd=210&Type=search", "url2": "http://www.keitokukai.or.jp" }, "geometry": { "type": "Point", "coordinates": [ 135.554433600000038, 34.8195961 ] } },
{ "type": "Feature", "properties": { "内容": "ショートステイみやけの里【短期入所生活介護】大阪府茨木市丑寅二丁目1番8号", "url": "https://www.kaigokensaku.mhlw.go.jp/27/index.php?action_kouhyou_detail_004_kani=true&JigyosyoCd=2774204727-00&ServiceCd=210&Type=search", "url2": "http://www.tenno.or.jp" }, "geometry": { "type": "Point", "coordinates": [ 135.5585006, 34.7976167 ] } },
{ "type": "Feature", "properties": { "内容": "社会福祉法人天王福祉会短期入所生活介護ほくしん苑【短期入所生活介護】大阪府茨木市泉原37-6", "url": "https://www.kaigokensaku.mhlw.go.jp/27/index.php?action_kouhyou_detail_004_kani=true&JigyosyoCd=2774205773-00&ServiceCd=210&Type=search", "url2": "http://www.tenno.or.jp/publics/index/57/" }, "geometry": { "type": "Point", "coordinates": [ 135.530135300000012, 34.8893077 ] } },
{ "type": "Feature", "properties": { "内容": "ショートステイ楽寿【短期入所生活介護】大阪府八尾市神宮寺１丁目１５４番地", "url": "https://www.kaigokensaku.mhlw.go.jp/27/index.php?action_kouhyou_detail_004_kani=true&JigyosyoCd=2775505452-00&ServiceCd=210&Type=search", "url2": "http://jyukoukai.org/" }, "geometry": { "type": "Point", "coordinates": [ 135.62328930000001, 34.5993506 ] } },
{ "type": "Feature", "properties": { "内容": "特別養護老人ホーム第二成法苑つむぎ【短期入所生活介護】大阪府八尾市南本町3丁目5番37号Lifeつむぎ", "url": "https://www.kaigokensaku.mhlw.go.jp/27/index.php?action_kouhyou_detail_004_kani=true&JigyosyoCd=2775506120-00&ServiceCd=210&Type=search", "url2": "http://www.yaorinpokan.or.jp" }, "geometry": { "type": "Point", "coordinates": [ 135.606493699999987, 34.6231641 ] } },
{ "type": "Feature", "properties": { "内容": "特別養護老人ホーム　第二長生園　永祥庵【短期入所生活介護】八尾市高美町１丁目３番５７号", "url": "https://www.kaigokensaku.mhlw.go.jp/27/index.php?action_kouhyou_detail_004_kani=true&JigyosyoCd=2775503796-00&ServiceCd=210&Type=search", "url2": "https://www.yojukai.net/" }, "geometry": { "type": "Point", "coordinates": [ 135.6083906, 34.6253718 ] } },
{ "type": "Feature", "properties": { "内容": "特別養護老人ホーム　萱振苑【短期入所生活介護】大阪府八尾市萱振町5丁目10番地", "url": "https://www.kaigokensaku.mhlw.go.jp/27/index.php?action_kouhyou_detail_004_kani=true&JigyosyoCd=2775500313-00&ServiceCd=210&Type=search", "url2": "http://tukushi.wix.com/kayafurien" }, "geometry": { "type": "Point", "coordinates": [ 135.606704400000012, 34.6435507 ] } },
{ "type": "Feature", "properties": { "内容": "特別養護老人ホーム　吉兆苑【短期入所生活介護】大阪府八尾市幸町六丁目33番地2", "url": "https://www.kaigokensaku.mhlw.go.jp/27/index.php?action_kouhyou_detail_004_kani=true&JigyosyoCd=2775500354-00&ServiceCd=210&Type=search", "url2": "http://www.kicchouen.com" }, "geometry": { "type": "Point", "coordinates": [ 135.606432, 34.6500555 ] } },
{ "type": "Feature", "properties": { "内容": "特別養護老人ホーム　ピュア【短期入所生活介護】八尾市郡川2丁目33番地１", "url": "https://www.kaigokensaku.mhlw.go.jp/27/index.php?action_kouhyou_detail_004_kani=true&JigyosyoCd=2775501980-00&ServiceCd=210&Type=search", "url2": "http://www.kaguyamakai.com" }, "geometry": { "type": "Point", "coordinates": [ 135.636557499999981, 34.6242976 ] } },
{ "type": "Feature", "properties": { "内容": "特別養護老人ホーム　信貴の里【短期入所生活介護】八尾市服部川5丁目7番地2", "url": "https://www.kaigokensaku.mhlw.go.jp/27/index.php?action_kouhyou_detail_004_kani=true&JigyosyoCd=2775500412-00&ServiceCd=210&Type=search", "url2": "http://shiginosato.com" }, "geometry": { "type": "Point", "coordinates": [ 135.63881, 34.628125 ] } },
{ "type": "Feature", "properties": { "内容": "特別養護老人ホーム四天王寺大畑山苑【短期入所生活介護】大阪府八尾市大字恩智1092-2", "url": "https://www.kaigokensaku.mhlw.go.jp/27/index.php?action_kouhyou_detail_004_kani=true&JigyosyoCd=2775505791-00&ServiceCd=210&Type=search", "url2": "http://www.shitennoji-fukushi.jp/oohatayamaen/" }, "geometry": { "type": "Point", "coordinates": [ 135.636263099999951, 34.6095603 ] } },
{ "type": "Feature", "properties": { "内容": "寿光園ショ－トステイ事業部【短期入所生活介護】八尾市楽音寺２－１２５", "url": "https://www.kaigokensaku.mhlw.go.jp/27/index.php?action_kouhyou_detail_004_kani=true&JigyosyoCd=2775501014-00&ServiceCd=210&Type=search", "url2": "http://jyukouen.jyukoukai.org" }, "geometry": { "type": "Point", "coordinates": [ 135.638759899999968, 34.6410847 ] } },
{ "type": "Feature", "properties": { "内容": "特別養護老人ホーム成法苑【短期入所生活介護】大阪府八尾市南本町3-4-5", "url": "https://www.kaigokensaku.mhlw.go.jp/27/index.php?action_kouhyou_detail_004_kani=true&JigyosyoCd=2775500321-00&ServiceCd=210&Type=search", "url2": "http://www.yaorinpokan.or.jp/" }, "geometry": { "type": "Point", "coordinates": [ 135.60546880000004, 34.6226392 ] } },
{ "type": "Feature", "properties": { "内容": "特別養護老人ホームあすか八尾【短期入所生活介護】大阪府八尾市太子堂四丁目２番３３号", "url": "https://www.kaigokensaku.mhlw.go.jp/27/index.php?action_kouhyou_detail_004_kani=true&JigyosyoCd=2775500990-00&ServiceCd=210&Type=search", "url2": "http://www.tomojyu.or.jp/" }, "geometry": { "type": "Point", "coordinates": [ 135.586118199999987, 34.6144063 ] } },
{ "type": "Feature", "properties": { "内容": "特別養護老人ホーム長生園【短期入所生活介護】大阪府八尾市光南町１丁目４番８号", "url": "https://www.kaigokensaku.mhlw.go.jp/27/index.php?action_kouhyou_detail_004_kani=true&JigyosyoCd=2775501758-00&ServiceCd=210&Type=search", "url2": "https://www.yojukai.net/" }, "geometry": { "type": "Point", "coordinates": [ 135.598738899999944, 34.6241666 ] } },
{ "type": "Feature", "properties": { "内容": "特別養護老人ホーム　ホーム太子堂【短期入所生活介護】八尾市太子堂４－１－３２", "url": "https://www.kaigokensaku.mhlw.go.jp/27/index.php?action_kouhyou_detail_004_kani=true&JigyosyoCd=2775500610-00&ServiceCd=210&Type=search", "url2": "http://www.ryuuge.or.jp" }, "geometry": { "type": "Point", "coordinates": [ 135.586193200000025, 34.6150395 ] } },
{ "type": "Feature", "properties": { "内容": "ショートステイしあわせの郷和卯【短期入所生活介護】大阪府八尾市郡川3丁目82番地1", "url": "https://www.kaigokensaku.mhlw.go.jp/27/index.php?action_kouhyou_detail_004_kani=true&JigyosyoCd=2775503770-00&ServiceCd=210&Type=search", "url2": "https://siawasenosato.com/" }, "geometry": { "type": "Point", "coordinates": [ 135.6347991, 34.622164400000038 ] } },
{ "type": "Feature", "properties": { "内容": "八尾老原の風ショートステイ　ゆめゆめらいふ【短期入所生活介護】大阪府八尾市老原3-11-3", "url": "https://www.kaigokensaku.mhlw.go.jp/27/index.php?action_kouhyou_detail_004_kani=true&JigyosyoCd=2775505379-00&ServiceCd=210&Type=search", "url2": "http://kaze-yume.jp/blog/kategory/oihara" }, "geometry": { "type": "Point", "coordinates": [ 135.6020618, 34.608076 ] } },
{ "type": "Feature", "properties": { "内容": "特別養護老人ホーム　高秀苑【短期入所生活介護】八尾市桂町５丁目１１－６", "url": "https://www.kaigokensaku.mhlw.go.jp/27/index.php?action_kouhyou_detail_004_kani=true&JigyosyoCd=2775502236-00&ServiceCd=210&Type=search", "url2": "http://koushuen.com" }, "geometry": { "type": "Point", "coordinates": [ 135.6140676, 34.6439536 ] } },
{ "type": "Feature", "properties": { "内容": "特別養護老人ホーム　高安の郷【短期入所生活介護】大阪府八尾市服部川４丁目７７番地１", "url": "https://www.kaigokensaku.mhlw.go.jp/27/index.php?action_kouhyou_detail_004_kani=true&JigyosyoCd=2775501725-00&ServiceCd=210&Type=search", "url2": "www.meiwa.or.jp" }, "geometry": { "type": "Point", "coordinates": [ 135.641648700000019, 34.6253447 ] } },
{ "type": "Feature", "properties": { "内容": "パナソニックエイジフリーケアセンター八尾高安　ショートステイ【短期入所生活介護】大阪府八尾市高安町南6-59-5", "url": "https://www.kaigokensaku.mhlw.go.jp/27/index.php?action_kouhyou_detail_004_kani=true&JigyosyoCd=2775506104-00&ServiceCd=210&Type=search", "url2": null }, "geometry": { "type": "Point", "coordinates": [ 135.6287055, 34.6156613 ] } },
{ "type": "Feature", "properties": { "内容": "特別養護老人ホーム久宝寺愛の郷【短期入所生活介護】大阪府八尾市久宝寺三丁目15-38", "url": "https://www.kaigokensaku.mhlw.go.jp/27/index.php?action_kouhyou_detail_004_kani=true&JigyosyoCd=2775505221-00&ServiceCd=210&Type=search", "url2": "https://kyuhoji-ainosato.jp/" }, "geometry": { "type": "Point", "coordinates": [ 135.588331399999987, 34.630235 ] } },
{ "type": "Feature", "properties": { "内容": "特別養護老人ホーム　犬鳴山荘(ショートステイ）【短期入所生活介護】大阪府泉佐野市土丸３８８番地", "url": "https://www.kaigokensaku.mhlw.go.jp/27/index.php?action_kouhyou_detail_004_kani=true&JigyosyoCd=2774500306-00&ServiceCd=210&Type=search", "url2": "http://www.inunaki.or.jp" }, "geometry": { "type": "Point", "coordinates": [ 135.348976690737913, 34.37255361082201 ] } },
{ "type": "Feature", "properties": { "内容": "特別養護老人ホーム　泉ヶ丘園【短期入所生活介護】大阪府泉佐野市土丸531", "url": "https://www.kaigokensaku.mhlw.go.jp/27/index.php?action_kouhyou_detail_004_kani=true&JigyosyoCd=2774500421-00&ServiceCd=210&Type=search", "url2": "http://izumigaokaen.or.jp/" }, "geometry": { "type": "Point", "coordinates": [ 135.346941300000026, 34.3699279 ] } },
{ "type": "Feature", "properties": { "内容": "特別養護老人ホーム　ホライズン【短期入所生活介護】大阪府泉佐野市鶴原1071-1", "url": "https://www.kaigokensaku.mhlw.go.jp/27/index.php?action_kouhyou_detail_004_kani=true&JigyosyoCd=2774500884-00&ServiceCd=210&Type=search", "url2": "http://www.horizon.or.jp/" }, "geometry": { "type": "Point", "coordinates": [ 135.3435217, 34.4177747 ] } },
{ "type": "Feature", "properties": { "内容": "特別養護老人ホーム　泉ヶ丘園りんくう【短期入所生活介護】大阪府泉佐野市りんくう往来南５－１７", "url": "https://www.kaigokensaku.mhlw.go.jp/27/index.php?action_kouhyou_detail_004_kani=true&JigyosyoCd=2774501007-00&ServiceCd=210&Type=search", "url2": "http://izumigaokaen.or.jp" }, "geometry": { "type": "Point", "coordinates": [ 135.292634200000066, 34.4034534 ] } },
{ "type": "Feature", "properties": { "内容": "ショートステイ　さえずり【短期入所生活介護】大阪府富田林市五軒家1-25-10", "url": "https://www.kaigokensaku.mhlw.go.jp/27/index.php?action_kouhyou_detail_004_kani=true&JigyosyoCd=2774901991-00&ServiceCd=210&Type=search", "url2": "http://www.tenjukai.or.jp" }, "geometry": { "type": "Point", "coordinates": [ 135.567426163507065, 34.511505865833151 ] } },
{ "type": "Feature", "properties": { "内容": "特別養護老人ホーム　寿里苑夢の杜【短期入所生活介護】大阪府富田林市高辺台2-8-12", "url": "https://www.kaigokensaku.mhlw.go.jp/27/index.php?action_kouhyou_detail_004_kani=true&JigyosyoCd=2774901397-00&ServiceCd=210&Type=search", "url2": "http://www.julien.or.jp/" }, "geometry": { "type": "Point", "coordinates": [ 135.5715219, 34.4990631 ] } },
{ "type": "Feature", "properties": { "内容": "Nishikiショートステイ【短期入所生活介護】大阪府富田林市錦織南二丁目1番1号ケアセンターNishiki", "url": "https://www.kaigokensaku.mhlw.go.jp/27/index.php?action_kouhyou_detail_004_kani=true&JigyosyoCd=2774902379-00&ServiceCd=210&Type=search", "url2": "http://tomiwakai.or.jp" }, "geometry": { "type": "Point", "coordinates": [ 135.58148734949944, 34.476538345951141 ] } },
{ "type": "Feature", "properties": { "内容": "特別養護老人ホーム　　オレンジ荘【短期入所生活介護】大阪府富田林市大字龍泉８７７－７８", "url": "https://www.kaigokensaku.mhlw.go.jp/27/index.php?action_kouhyou_detail_004_kani=true&JigyosyoCd=2774900308-00&ServiceCd=210&Type=search", "url2": "http://www.orange.or.jp/" }, "geometry": { "type": "Point", "coordinates": [ 135.596530900000062, 34.4645871 ] } },
{ "type": "Feature", "properties": { "内容": "特別養護老人ホーム　喜志菊水苑【短期入所生活介護】大阪府富田林市喜志町３丁目１番３３号", "url": "https://www.kaigokensaku.mhlw.go.jp/27/index.php?action_kouhyou_detail_004_kani=true&JigyosyoCd=2774900845-00&ServiceCd=210&Type=search", "url2": "http://www.kikusuien.com/" }, "geometry": { "type": "Point", "coordinates": [ 135.609767599999941, 34.5222778 ] } },
{ "type": "Feature", "properties": { "内容": "かんなびのさと【短期入所生活介護】大阪府富田林市大字甘南備216番地", "url": "https://www.kaigokensaku.mhlw.go.jp/27/index.php?action_kouhyou_detail_004_kani=true&JigyosyoCd=2774901520-00&ServiceCd=210&Type=search", "url2": "http://www.sfj-osaka.net" }, "geometry": { "type": "Point", "coordinates": [ 135.5966922, 34.4537215 ] } },
{ "type": "Feature", "properties": { "内容": "特別養護老人ホーム　錦織荘【短期入所生活介護】大阪府富田林市錦織東三丁目４番１８号", "url": "https://www.kaigokensaku.mhlw.go.jp/27/index.php?action_kouhyou_detail_004_kani=true&JigyosyoCd=2774900118-00&ServiceCd=210&Type=search", "url2": "http://tomiwakai.or.jp" }, "geometry": { "type": "Point", "coordinates": [ 135.585075493917913, 34.477790379480382 ] } },
{ "type": "Feature", "properties": { "内容": "富田林特別養護老人ホーム富美ヶ丘荘【短期入所生活介護】大阪府富田林市向陽台一丁目3番22号", "url": "https://www.kaigokensaku.mhlw.go.jp/27/index.php?action_kouhyou_detail_004_kani=true&JigyosyoCd=2774900621-00&ServiceCd=210&Type=search", "url2": "https://tondabayashi.saiseikai.or.jp/fumigaokasou/" }, "geometry": { "type": "Point", "coordinates": [ 135.583054401188662, 34.502089874871444 ] } },
{ "type": "Feature", "properties": { "内容": "特別養護老人ホーム香西会テレサ【短期入所生活介護】大阪府寝屋川市讃良西町７番４５号", "url": "https://www.kaigokensaku.mhlw.go.jp/27/index.php?action_kouhyou_detail_004_kani=true&JigyosyoCd=2770303093-00&ServiceCd=210&Type=search", "url2": null }, "geometry": { "type": "Point", "coordinates": [ 135.62091, 34.7425173 ] } },
{ "type": "Feature", "properties": { "内容": "香西会スバル【短期入所生活介護】大阪府寝屋川市秦町３番１２号", "url": "https://www.kaigokensaku.mhlw.go.jp/27/index.php?action_kouhyou_detail_004_kani=true&JigyosyoCd=2770303549-00&ServiceCd=210&Type=search", "url2": null }, "geometry": { "type": "Point", "coordinates": [ 135.633054899999934, 34.7666734 ] } },
{ "type": "Feature", "properties": { "内容": "ショートステイあおぞら高宮【短期入所生活介護】大阪府寝屋川市高宮1丁目14番5号", "url": "https://www.kaigokensaku.mhlw.go.jp/27/index.php?action_kouhyou_detail_004_kani=true&JigyosyoCd=2770306310-00&ServiceCd=210&Type=search", "url2": "https://www.fmckaigo.com/" }, "geometry": { "type": "Point", "coordinates": [ 135.634819599999986, 34.755093 ] } },
{ "type": "Feature", "properties": { "内容": "ショートステイあおぞら【短期入所生活介護】大阪府寝屋川市高倉1丁目4番1号", "url": "https://www.kaigokensaku.mhlw.go.jp/27/index.php?action_kouhyou_detail_004_kani=true&JigyosyoCd=2770305494-00&ServiceCd=210&Type=search", "url2": "http://www.fmckaigo.com/" }, "geometry": { "type": "Point", "coordinates": [ 135.642168699999957, 34.7499405 ] } },
{ "type": "Feature", "properties": { "内容": "特別養護老人ホーム東神田の里ショートステイ【短期入所生活介護】大阪府寝屋川市東神田町19番1号", "url": "https://www.kaigokensaku.mhlw.go.jp/27/index.php?action_kouhyou_detail_004_kani=true&JigyosyoCd=2770304513-00&ServiceCd=210&Type=search", "url2": "http://www.iwaki-kai.or.jp/" }, "geometry": { "type": "Point", "coordinates": [ 135.613576400000056, 34.7558633 ] } },
{ "type": "Feature", "properties": { "内容": "特別養護老人ホーム和の里【短期入所生活介護】大阪府寝屋川市高柳一丁目１番15号", "url": "https://www.kaigokensaku.mhlw.go.jp/27/index.php?action_kouhyou_detail_004_kani=true&JigyosyoCd=2770302657-00&ServiceCd=210&Type=search", "url2": "http://www.iwaki-kai.or.jp" }, "geometry": { "type": "Point", "coordinates": [ 135.6130018, 34.7649662 ] } },
{ "type": "Feature", "properties": { "内容": "特別養護老人ホーム　寝屋川十字の園【短期入所生活介護】大阪府寝屋川市池田3丁目1番33号", "url": "https://www.kaigokensaku.mhlw.go.jp/27/index.php?action_kouhyou_detail_004_kani=true&JigyosyoCd=2770300396-00&ServiceCd=210&Type=search", "url2": "https://jyuji.net" }, "geometry": { "type": "Point", "coordinates": [ 135.6139301, 34.7736892 ] } },
{ "type": "Feature", "properties": { "内容": "特別養護老人ホーム　香里寿苑【短期入所生活介護】大阪府寝屋川市寿町32番20号", "url": "https://www.kaigokensaku.mhlw.go.jp/27/index.php?action_kouhyou_detail_004_kani=true&JigyosyoCd=2770302244-00&ServiceCd=210&Type=search", "url2": "https://kousei-fukushikai.or.jp" }, "geometry": { "type": "Point", "coordinates": [ 135.628671599999961, 34.7818771 ] } },
{ "type": "Feature", "properties": { "内容": "特別養護老人ホームロイヤルライフ天寿苑【短期入所生活介護】大阪府寝屋川市御幸東町９番２号", "url": "https://www.kaigokensaku.mhlw.go.jp/27/index.php?action_kouhyou_detail_004_kani=true&JigyosyoCd=2770302772-00&ServiceCd=210&Type=search", "url2": "http://tenjyuen.jimdoweb.com" }, "geometry": { "type": "Point", "coordinates": [ 135.606691, 34.7524385 ] } },
{ "type": "Feature", "properties": { "内容": "特別養護老人ホーム　かわきた園【短期入所生活介護】大阪府寝屋川市河北東町18-1", "url": "https://www.kaigokensaku.mhlw.go.jp/27/index.php?action_kouhyou_detail_004_kani=true&JigyosyoCd=2770300305-00&ServiceCd=210&Type=search", "url2": "http://syueikai.jp/tokuyou/" }, "geometry": { "type": "Point", "coordinates": [ 135.6319254, 34.7289139 ] } },
{ "type": "Feature", "properties": { "内容": "ショートステイ寝屋川苑【短期入所生活介護】大阪府寝屋川市宇谷町1-36", "url": "https://www.kaigokensaku.mhlw.go.jp/27/index.php?action_kouhyou_detail_004_kani=true&JigyosyoCd=2770300313-00&ServiceCd=210&Type=search", "url2": "http:/www.neyagawaen.com" }, "geometry": { "type": "Point", "coordinates": [ 135.645059299999957, 34.7673344 ] } },
{ "type": "Feature", "properties": { "内容": "寝屋川石津園ショートステイ【短期入所生活介護】大阪府寝屋川市石津中町35番8号", "url": "https://www.kaigokensaku.mhlw.go.jp/27/index.php?action_kouhyou_detail_004_kani=true&JigyosyoCd=2770300545-00&ServiceCd=210&Type=search", "url2": "http://www.ishiduen.net" }, "geometry": { "type": "Point", "coordinates": [ 135.62090569999998, 34.7772776 ] } },
{ "type": "Feature", "properties": { "内容": "香西園短期入所生活事業所【短期入所生活介護】大阪府寝屋川市香里西之町14番24号", "url": "https://www.kaigokensaku.mhlw.go.jp/27/index.php?action_kouhyou_detail_004_kani=true&JigyosyoCd=2770300511-00&ServiceCd=210&Type=search", "url2": null }, "geometry": { "type": "Point", "coordinates": [ 135.627252, 34.7892318 ] } },
{ "type": "Feature", "properties": { "内容": "特別養護老人ホーム　いちょう園【短期入所生活介護】大阪府寝屋川市打上南町１４番１号", "url": "https://www.kaigokensaku.mhlw.go.jp/27/index.php?action_kouhyou_detail_004_kani=true&JigyosyoCd=2770300636-00&ServiceCd=210&Type=search", "url2": "https://ichouen.org/" }, "geometry": { "type": "Point", "coordinates": [ 135.649331599999982, 34.7535138 ] } },
{ "type": "Feature", "properties": { "内容": "寝屋池田長寿の里ショートステイ【短期入所生活介護】大阪府寝屋川市池田三丁目４番３２号", "url": "https://www.kaigokensaku.mhlw.go.jp/27/index.php?action_kouhyou_detail_004_kani=true&JigyosyoCd=2770304323-00&ServiceCd=210&Type=search", "url2": "http://kisyokai.or.jp/" }, "geometry": { "type": "Point", "coordinates": [ 135.6156581, 34.7749884 ] } },
{ "type": "Feature", "properties": { "内容": "ショートステイ　ペガサス【短期入所生活介護】大阪府寝屋川市寝屋南二丁目１４番５号", "url": "https://www.kaigokensaku.mhlw.go.jp/27/index.php?action_kouhyou_detail_004_kani=true&JigyosyoCd=2770304885-00&ServiceCd=210&Type=search", "url2": "https://pegasus-seikou.com/" }, "geometry": { "type": "Point", "coordinates": [ 135.6541566, 34.7677327 ] } },
{ "type": "Feature", "properties": { "内容": "社会福祉法人　敬英福祉会　特別養護老人ホーム　幸楽の里ねや川【短期入所生活介護】大阪府寝屋川市葛原2丁目4-31", "url": "https://www.kaigokensaku.mhlw.go.jp/27/index.php?action_kouhyou_detail_004_kani=true&JigyosyoCd=2770304638-00&ServiceCd=210&Type=search", "url2": "http://keieifukushikai.com/" }, "geometry": { "type": "Point", "coordinates": [ 135.603188, 34.7713528 ] } },
{ "type": "Feature", "properties": { "内容": "特別養護老人ホーム合掌荘【短期入所生活介護】大阪府寝屋川市成田東が丘28番7号", "url": "https://www.kaigokensaku.mhlw.go.jp/27/index.php?action_kouhyou_detail_004_kani=true&JigyosyoCd=2770300495-00&ServiceCd=210&Type=search", "url2": "http://www.gassyoukai.com" }, "geometry": { "type": "Point", "coordinates": [ 135.646859, 34.7779665 ] } },
{ "type": "Feature", "properties": { "内容": "生登福祉ショートステイセンター【短期入所生活介護】大阪府河内長野市原町5丁目6-12生登福祉介護サービスセンター", "url": "https://www.kaigokensaku.mhlw.go.jp/27/index.php?action_kouhyou_detail_004_kani=true&JigyosyoCd=2770702518-00&ServiceCd=210&Type=search", "url2": "http://www.teramoto.or.jp/index.htm" }, "geometry": { "type": "Point", "coordinates": [ 135.56939239999997, 34.457642 ] } },
{ "type": "Feature", "properties": { "内容": "美加の台生登福祉ケアセンター【短期入所生活介護】大阪府河内長野市石仏300番地", "url": "https://www.kaigokensaku.mhlw.go.jp/27/index.php?action_kouhyou_detail_004_kani=true&JigyosyoCd=2770701726-00&ServiceCd=210&Type=search", "url2": "http://www.teramoto.or.jp" }, "geometry": { "type": "Point", "coordinates": [ 135.575444800000014, 34.4239466 ] } },
{ "type": "Feature", "properties": { "内容": "特別養護老人ホーム　寿里苑フルール【短期入所生活介護】大阪府河内長野市南青葉台6-15", "url": "https://www.kaigokensaku.mhlw.go.jp/27/index.php?action_kouhyou_detail_004_kani=true&JigyosyoCd=2770702286-00&ServiceCd=210&Type=search", "url2": "http://www.julien.or.jp" }, "geometry": { "type": "Point", "coordinates": [ 135.568998100000044, 34.4167336 ] } },
{ "type": "Feature", "properties": { "内容": "医療法人　生登会　てらもとショートステイセンター【短期入所生活介護】大阪府河内長野市喜多町１４－３", "url": "https://www.kaigokensaku.mhlw.go.jp/27/index.php?action_kouhyou_detail_004_kani=true&JigyosyoCd=2770701932-00&ServiceCd=210&Type=search", "url2": "http://www.teramoto.or.jp/hospital/" }, "geometry": { "type": "Point", "coordinates": [ 135.570594195770241, 34.448913725594615 ] } },
{ "type": "Feature", "properties": { "内容": "ショートステイ　ふれあいの丘【短期入所生活介護】大阪府河内長野市上田町155番地5", "url": "https://www.kaigokensaku.mhlw.go.jp/27/index.php?action_kouhyou_detail_004_kani=true&JigyosyoCd=2770702807-00&ServiceCd=210&Type=search", "url2": "http://www.naganozaidan.jp" }, "geometry": { "type": "Point", "coordinates": [ 135.5681366, 34.44086979999998 ] } },
{ "type": "Feature", "properties": { "内容": "特別養護老人ホームあかしあ【短期入所生活介護】大阪府河内長野市あかしあ台2丁目6番15号", "url": "https://www.kaigokensaku.mhlw.go.jp/27/index.php?action_kouhyou_detail_004_kani=true&JigyosyoCd=2770700538-00&ServiceCd=210&Type=search", "url2": "https://www.ontoku.or.jp/" }, "geometry": { "type": "Point", "coordinates": [ 135.55356721058476, 34.467241956194329 ] } },
{ "type": "Feature", "properties": { "内容": "特別養護老人ホーム生登福祉ケアセンター【短期入所生活介護】大阪府河内長野市高向２７４番１", "url": "https://www.kaigokensaku.mhlw.go.jp/27/index.php?action_kouhyou_detail_004_kani=true&JigyosyoCd=2770700652-00&ServiceCd=210&Type=search", "url2": "http://www.teramoto.or.jp/index.htm" }, "geometry": { "type": "Point", "coordinates": [ 135.546414, 34.4367309 ] } },
{ "type": "Feature", "properties": { "内容": "ショートステイ　スリハートの丘【短期入所生活介護】大阪府河内長野市上原町５５４番地", "url": "https://www.kaigokensaku.mhlw.go.jp/27/index.php?action_kouhyou_detail_004_kani=true&JigyosyoCd=2770700249-00&ServiceCd=210&Type=search", "url2": "http://naganozaidan.jp" }, "geometry": { "type": "Point", "coordinates": [ 135.567942499999958, 34.440828 ] } },
{ "type": "Feature", "properties": { "内容": "特別養護老人ホーム　寿里苑【短期入所生活介護】大阪府河内長野市小山田町448番地の2", "url": "https://www.kaigokensaku.mhlw.go.jp/27/index.php?action_kouhyou_detail_004_kani=true&JigyosyoCd=2770700207-00&ServiceCd=210&Type=search", "url2": "http://www.julien.or.jp" }, "geometry": { "type": "Point", "coordinates": [ 135.553021299999955, 34.451821 ] } },
{ "type": "Feature", "properties": { "内容": "短期入所生活介護施設クローバーの丘【短期入所生活介護】大阪府河内長野市小塩町431番地３", "url": "https://www.kaigokensaku.mhlw.go.jp/27/index.php?action_kouhyou_detail_004_kani=true&JigyosyoCd=2770701643-00&ServiceCd=210&Type=search", "url2": "http://www.keirouin.or.jp" }, "geometry": { "type": "Point", "coordinates": [ 135.563562499999989, 34.4329539 ] } },
{ "type": "Feature", "properties": { "内容": "大阪老人ホームゆずり葉【短期入所生活介護】大阪府松原市阿保３－１５－５", "url": "https://www.kaigokensaku.mhlw.go.jp/27/index.php?action_kouhyou_detail_004_kani=true&JigyosyoCd=2774802785-00&ServiceCd=210&Type=search", "url2": "http://www.shoutokukai.net" }, "geometry": { "type": "Point", "coordinates": [ 135.5548284, 34.5793033 ] } },
{ "type": "Feature", "properties": { "内容": "大阪老人ホームうえだ【短期入所生活介護】松原市上田８－１１－１１", "url": "https://www.kaigokensaku.mhlw.go.jp/27/index.php?action_kouhyou_detail_004_kani=true&JigyosyoCd=2774801415-00&ServiceCd=210&Type=search", "url2": "http://www.shoutokukai.net" }, "geometry": { "type": "Point", "coordinates": [ 135.562124499999982, 34.571005 ] } },
{ "type": "Feature", "properties": { "内容": "特別養護老人ホーム　大阪老人ホーム【短期入所生活介護】大阪府松原市阿保３－１４－２２", "url": "https://www.kaigokensaku.mhlw.go.jp/27/index.php?action_kouhyou_detail_004_kani=true&JigyosyoCd=2774800177-00&ServiceCd=210&Type=search", "url2": "http://www.shoutokukai.net/" }, "geometry": { "type": "Point", "coordinates": [ 135.5542527, 34.5795567 ] } },
{ "type": "Feature", "properties": { "内容": "松原ケアセンターそよ風【短期入所生活介護】大阪府松原市天美我堂七丁目４６３番地", "url": "https://www.kaigokensaku.mhlw.go.jp/27/index.php?action_kouhyou_detail_004_kani=true&JigyosyoCd=2774800920-00&ServiceCd=210&Type=search", "url2": "http://www.sykz.co.jp/" }, "geometry": { "type": "Point", "coordinates": [ 135.524545900000021, 34.5854393 ] } },
{ "type": "Feature", "properties": { "内容": "特別養護老人ホーム　遊づる【短期入所生活介護】大阪府松原市岡１丁目１８４－１", "url": "https://www.kaigokensaku.mhlw.go.jp/27/index.php?action_kouhyou_detail_004_kani=true&JigyosyoCd=2774800219-00&ServiceCd=210&Type=search", "url2": "http://www.akatsuki.or.jp/" }, "geometry": { "type": "Point", "coordinates": [ 135.551650399999971, 34.5631698 ] } },
{ "type": "Feature", "properties": { "内容": "地域密着型特別養護老人ホームきらきら【短期入所生活介護】大阪府松原市南新町2-4-28", "url": "https://www.kaigokensaku.mhlw.go.jp/27/index.php?action_kouhyou_detail_004_kani=true&JigyosyoCd=2774802702-00&ServiceCd=210&Type=search", "url2": "https://www.matsukaze-hukushikai.or.jp" }, "geometry": { "type": "Point", "coordinates": [ 135.5382789, 34.5736999 ] } },
{ "type": "Feature", "properties": { "内容": "特別養護老人ホーム寿里苑サラ【短期入所生活介護】松原市丹南4丁目172", "url": "https://www.kaigokensaku.mhlw.go.jp/27/index.php?action_kouhyou_detail_004_kani=true&JigyosyoCd=2774800706-00&ServiceCd=210&Type=search", "url2": "http://www.julien.or.jp/" }, "geometry": { "type": "Point", "coordinates": [ 135.5610663, 34.5589148 ] } },
{ "type": "Feature", "properties": { "内容": "特別養護老人ホーム諸福苑【短期入所生活介護】大阪府大東市諸福7丁目4番45号", "url": "https://www.kaigokensaku.mhlw.go.jp/27/index.php?action_kouhyou_detail_004_kani=true&JigyosyoCd=2771902331-00&ServiceCd=210&Type=search", "url2": "izuminokai@jinsen.jp" }, "geometry": { "type": "Point", "coordinates": [ 135.5946951, 34.7052997 ] } },
{ "type": "Feature", "properties": { "内容": "ショートステイ百楽荘寺川館【短期入所生活介護】大阪府大東市寺川4丁目3番30号", "url": "https://www.kaigokensaku.mhlw.go.jp/27/index.php?action_kouhyou_detail_004_kani=true&JigyosyoCd=2771902141-00&ServiceCd=210&Type=search", "url2": "http://fukushi-kotobuki.or.jp" }, "geometry": { "type": "Point", "coordinates": [ 135.644632728836058, 34.713086068385515 ] } },
{ "type": "Feature", "properties": { "内容": "サンサリテ大東ショート【短期入所生活介護】大阪府大東市深野2-6-1", "url": "https://www.kaigokensaku.mhlw.go.jp/27/index.php?action_kouhyou_detail_004_kani=true&JigyosyoCd=2771901978-00&ServiceCd=210&Type=search", "url2": null }, "geometry": { "type": "Point", "coordinates": [ 135.628562908334743, 34.717990241931794 ] } },
{ "type": "Feature", "properties": { "内容": "特別養護老人ホーム　和光苑【短期入所生活介護】大東市野崎3丁目12番1号", "url": "https://www.kaigokensaku.mhlw.go.jp/27/index.php?action_kouhyou_detail_004_kani=true&JigyosyoCd=2771900244-00&ServiceCd=210&Type=search", "url2": "http://www.kyouseikai.org/" }, "geometry": { "type": "Point", "coordinates": [ 135.645719, 34.7151544 ] } },
{ "type": "Feature", "properties": { "内容": "短期入所生活介護事業所　あいの里竜間【短期入所生活介護】大阪府大東市大字龍間６７３番地３", "url": "https://www.kaigokensaku.mhlw.go.jp/27/index.php?action_kouhyou_detail_004_kani=true&JigyosyoCd=2771900129-00&ServiceCd=210&Type=search", "url2": "http://ainosato-tatsuma.or.jp/" }, "geometry": { "type": "Point", "coordinates": [ 135.660776199999987, 34.7079443 ] } },
{ "type": "Feature", "properties": { "内容": "特別養護老人ホーム　生駒園【短期入所生活介護】大東市龍間1304番地の4", "url": "https://www.kaigokensaku.mhlw.go.jp/27/index.php?action_kouhyou_detail_004_kani=true&JigyosyoCd=2771900061-00&ServiceCd=210&Type=search", "url2": "http://syueikai.jp/tokuyou" }, "geometry": { "type": "Point", "coordinates": [ 135.6612705, 34.7111689 ] } },
{ "type": "Feature", "properties": { "内容": "特別養護老人ホーム　南郷の里【短期入所生活介護】大阪府大東市氷野二丁目１番１３号", "url": "https://www.kaigokensaku.mhlw.go.jp/27/index.php?action_kouhyou_detail_004_kani=true&JigyosyoCd=2771900822-00&ServiceCd=210&Type=search", "url2": "http://www.souseifukushikai.com/" }, "geometry": { "type": "Point", "coordinates": [ 135.617985, 34.7110431 ] } },
{ "type": "Feature", "properties": { "内容": "特別養護老人ホームサテライト諸福苑Ⅱ【短期入所生活介護】大阪府大東市諸福7番特別養護老人ホームサテライト諸福苑Ⅱ", "url": "https://www.kaigokensaku.mhlw.go.jp/27/index.php?action_kouhyou_detail_004_kani=true&JigyosyoCd=2771902349-00&ServiceCd=210&Type=search", "url2": "https://izuminokai.net/" }, "geometry": { "type": "Point", "coordinates": [ 135.594887114302878, 34.705217479978927 ] } },
{ "type": "Feature", "properties": { "内容": "特別養護老人ホーム　みどりの里【短期入所生活介護】大阪府大東市北条６丁目２２３０番地の２", "url": "https://www.kaigokensaku.mhlw.go.jp/27/index.php?action_kouhyou_detail_004_kani=true&JigyosyoCd=2771900392-00&ServiceCd=210&Type=search", "url2": "http://www.osaka-midorinosato.com/" }, "geometry": { "type": "Point", "coordinates": [ 135.647340900000017, 34.7253533 ] } },
{ "type": "Feature", "properties": { "内容": "地域密着型介護老人福祉施設エクウスプリオル【短期入所生活介護】大阪府和泉市上町89番地", "url": "https://www.kaigokensaku.mhlw.go.jp/27/index.php?action_kouhyou_detail_004_kani=true&JigyosyoCd=2770504922-00&ServiceCd=210&Type=search", "url2": "http://windhorse.or.jp" }, "geometry": { "type": "Point", "coordinates": [ 135.44862950000001, 34.5098258 ] } },
{ "type": "Feature", "properties": { "内容": "ファミーユ短期入所生活介護【短期入所生活介護】大阪府和泉市いぶき野5-5-1", "url": "https://www.kaigokensaku.mhlw.go.jp/27/index.php?action_kouhyou_detail_004_kani=true&JigyosyoCd=2770503957-00&ServiceCd=210&Type=search", "url2": "http://izumi-fukushikai.com/famille/" }, "geometry": { "type": "Point", "coordinates": [ 135.456234799999947, 34.4603001 ] } },
{ "type": "Feature", "properties": { "内容": "和泉北信太特別養護老人ホーム【短期入所生活介護】大阪府和泉市上町４０３番地の１", "url": "https://www.kaigokensaku.mhlw.go.jp/27/index.php?action_kouhyou_detail_004_kani=true&JigyosyoCd=2770500920-00&ServiceCd=210&Type=search", "url2": "http://www.itokukai.com" }, "geometry": { "type": "Point", "coordinates": [ 135.449613199999931, 34.5106267 ] } },
{ "type": "Feature", "properties": { "内容": "特別養護老人ホーム光明荘【短期入所生活介護】大阪府和泉市伏屋町３丁目８番１号", "url": "https://www.kaigokensaku.mhlw.go.jp/27/index.php?action_kouhyou_detail_004_kani=true&JigyosyoCd=2770500706-00&ServiceCd=210&Type=search", "url2": "http://www.komyoso.jp/" }, "geometry": { "type": "Point", "coordinates": [ 135.470300400000042, 34.4765421 ] } },
{ "type": "Feature", "properties": { "内容": "特別養護老人ホーム　唐国園【短期入所生活介護】大阪府和泉市唐国町4丁目15-56", "url": "https://www.kaigokensaku.mhlw.go.jp/27/index.php?action_kouhyou_detail_004_kani=true&JigyosyoCd=2770505473-00&ServiceCd=210&Type=search", "url2": "http://ctaka81.moon.bindcloud.jp/" }, "geometry": { "type": "Point", "coordinates": [ 135.4444733, 34.4484512 ] } },
{ "type": "Feature", "properties": { "内容": "特別養護老人ホーム　ビオラ和泉【短期入所生活介護】大阪府和泉市和気町３丁目５－１９", "url": "https://www.kaigokensaku.mhlw.go.jp/27/index.php?action_kouhyou_detail_004_kani=true&JigyosyoCd=2770500243-00&ServiceCd=210&Type=search", "url2": "http://viola-izumi.com/" }, "geometry": { "type": "Point", "coordinates": [ 135.425565600000027, 34.4796387 ] } },
{ "type": "Feature", "properties": { "内容": "特別養護老人ホーhttps://www.kaigokensaku.mhlw.go.jp/houkoku//index.php?action_houkoku_detail_2024_025_kihon=true&SelectTab=1#tab-4ム　ＦＬＯＲＡ【短期入所生活介護】大阪府和泉市内田町三丁目９番３８号", "url": "https://www.kaigokensaku.mhlw.go.jp/27/index.php?action_kouhyou_detail_004_kani=true&JigyosyoCd=2770504658-00&ServiceCd=210&Type=search", "url2": "http://www.izumikaifukusi.jp/" }, "geometry": { "type": "Point", "coordinates": [ 135.450913963090557, 34.447162217435 ] } },
{ "type": "Feature", "properties": { "内容": "地域密着型特別養護老人ホームサニーヴィラ【短期入所生活介護】大阪府和泉市府中町5丁目4番2号", "url": "https://www.kaigokensaku.mhlw.go.jp/27/index.php?action_kouhyou_detail_004_kani=true&JigyosyoCd=2770504708-00&ServiceCd=210&Type=search", "url2": "http://www.sunnyvilla.or.jp" }, "geometry": { "type": "Point", "coordinates": [ 135.429472520237709, 34.486338580694365 ] } },
{ "type": "Feature", "properties": { "内容": "特別養護老人ホームひかりの園【短期入所生活介護】大阪府　和泉市　下宮町141番地1", "url": "https://www.kaigokensaku.mhlw.go.jp/27/index.php?action_kouhyou_detail_004_kani=true&JigyosyoCd=2770500383-00&ServiceCd=210&Type=search", "url2": "http://izumi-fukushikai.com/hikari/" }, "geometry": { "type": "Point", "coordinates": [ 135.491524499999969, 34.4320197 ] } },
{ "type": "Feature", "properties": { "内容": "歓の里ショートスティ【短期入所生活介護】大阪府和泉市伏屋町五丁目10番11号ケアハウス/OSAKA歓の里", "url": "https://www.kaigokensaku.mhlw.go.jp/27/index.php?action_kouhyou_detail_004_kani=true&JigyosyoCd=2770505531-00&ServiceCd=210&Type=search", "url2": "http//www.daisyoukyou.or.jp/" }, "geometry": { "type": "Point", "coordinates": [ 135.470068700000013, 34.4722037 ] } },
{ "type": "Feature", "properties": { "内容": "ショート友の里【短期入所生活介護】大阪府和泉市下宮町３５７番地", "url": "https://www.kaigokensaku.mhlw.go.jp/27/index.php?action_kouhyou_detail_004_kani=true&JigyosyoCd=2770505101-00&ServiceCd=210&Type=search", "url2": "https://shimomiya-tomonosato.com" }, "geometry": { "type": "Point", "coordinates": [ 135.488194951076309, 34.428017637147875 ] } },
{ "type": "Feature", "properties": { "内容": "特別養護老人ホームゆずの郷【短期入所生活介護】大阪府箕面市稲６丁目１４番３６号", "url": "https://www.kaigokensaku.mhlw.go.jp/27/index.php?action_kouhyou_detail_004_kani=true&JigyosyoCd=2771401813-00&ServiceCd=210&Type=search", "url2": "http://www.hijiri.or.jp" }, "geometry": { "type": "Point", "coordinates": [ 135.484773099999984, 34.8193478 ] } },
{ "type": "Feature", "properties": { "内容": "特別養護老人ホーム紅葉の郷【短期入所生活介護】大阪府箕面市稲6-11-20", "url": "https://www.kaigokensaku.mhlw.go.jp/27/index.php?action_kouhyou_detail_004_kani=true&JigyosyoCd=2771400195-00&ServiceCd=210&Type=search", "url2": "http://www.hijiri.or.jp" }, "geometry": { "type": "Point", "coordinates": [ 135.482291998286428, 34.818871773580355 ] } },
{ "type": "Feature", "properties": { "内容": "特別養護老人ホーム箕面の郷【短期入所生活介護】大阪府箕面市石丸1丁目14番1号", "url": "https://www.kaigokensaku.mhlw.go.jp/27/index.php?action_kouhyou_detail_004_kani=true&JigyosyoCd=2771400781-00&ServiceCd=210&Type=search", "url2": "http://www.sanyoufukushikai.com/" }, "geometry": { "type": "Point", "coordinates": [ 135.4996602, 34.8369768 ] } },
{ "type": "Feature", "properties": { "内容": "特別養護老人ホーム白島荘【短期入所生活介護】箕面市白島三丁目5番50号", "url": "https://www.kaigokensaku.mhlw.go.jp/27/index.php?action_kouhyou_detail_004_kani=true&JigyosyoCd=2771400500-00&ServiceCd=210&Type=search", "url2": "http://www.osj.or.jp/hakushima/" }, "geometry": { "type": "Point", "coordinates": [ 135.4907915, 34.839034900000023 ] } },
{ "type": "Feature", "properties": { "内容": "あかつき特別養護老人ホーム【短期入所生活介護】大阪府箕面市白島3-16-1", "url": "https://www.kaigokensaku.mhlw.go.jp/27/index.php?action_kouhyou_detail_004_kani=true&JigyosyoCd=2771400302-00&ServiceCd=210&Type=search", "url2": "https://gyoukoukai.jp/" }, "geometry": { "type": "Point", "coordinates": [ 135.489130499999987, 34.8415596 ] } },
{ "type": "Feature", "properties": { "内容": "特別養護老人ホーム照葉の里【短期入所生活介護】大阪府箕面市下止々呂美561番地", "url": "https://www.kaigokensaku.mhlw.go.jp/27/index.php?action_kouhyou_detail_004_kani=true&JigyosyoCd=2771400203-00&ServiceCd=210&Type=search", "url2": "http://www.terihanosato.com/" }, "geometry": { "type": "Point", "coordinates": [ 135.4626515, 34.8851077 ] } },
{ "type": "Feature", "properties": { "内容": "ショートステイ太寿【短期入所生活介護】大阪府柏原市太平寺1丁目4番30号", "url": "https://www.kaigokensaku.mhlw.go.jp/27/index.php?action_kouhyou_detail_004_kani=true&JigyosyoCd=2774601013-00&ServiceCd=210&Type=search", "url2": "http://ktaijyu.web.fc2.com/" }, "geometry": { "type": "Point", "coordinates": [ 135.628144900000052, 34.5851602 ] } },
{ "type": "Feature", "properties": { "内容": "ショートステイ柏寿【短期入所生活介護】大阪府柏原市大字高井田650番1", "url": "https://www.kaigokensaku.mhlw.go.jp/27/index.php?action_kouhyou_detail_004_kani=true&JigyosyoCd=2774600163-00&ServiceCd=210&Type=search", "url2": "http://kasijyu.jyukoukai.org/" }, "geometry": { "type": "Point", "coordinates": [ 135.637904720893289, 34.57182044756258 ] } },
{ "type": "Feature", "properties": { "内容": "ショートステイ高寿【短期入所生活介護】大阪府柏原市大字高井田650番1", "url": "https://www.kaigokensaku.mhlw.go.jp/27/index.php?action_kouhyou_detail_004_kani=true&JigyosyoCd=2774601682-00&ServiceCd=210&Type=search", "url2": "http://jukouenhp.web.fc2.com/index.html" }, "geometry": { "type": "Point", "coordinates": [ 135.6374805, 34.572094800000031 ] } },
{ "type": "Feature", "properties": { "内容": "特別養護老人ホーム　大阪「好意の庭」【短期入所生活介護】大阪府柏原市旭ヶ丘3丁目13番45号", "url": "https://www.kaigokensaku.mhlw.go.jp/27/index.php?action_kouhyou_detail_004_kani=true&JigyosyoCd=2774600213-00&ServiceCd=210&Type=search", "url2": "http://www.osakakoinonia.com" }, "geometry": { "type": "Point", "coordinates": [ 135.6388614, 34.5571993 ] } },
{ "type": "Feature", "properties": { "内容": "特別養護老人ホーム　第二好意の庭【短期入所生活介護】大阪府柏原市国分市場1-9-45", "url": "https://www.kaigokensaku.mhlw.go.jp/27/index.php?action_kouhyou_detail_004_kani=true&JigyosyoCd=2774600254-00&ServiceCd=210&Type=search", "url2": "http://www.koinonia.or.jp/koinonia2/" }, "geometry": { "type": "Point", "coordinates": [ 135.648704599999974, 34.5715031 ] } },
{ "type": "Feature", "properties": { "内容": "特別養護老人ホーム　はくとう【短期入所生活介護】大阪府柏原市大字青谷2104番地1", "url": "https://www.kaigokensaku.mhlw.go.jp/27/index.php?action_kouhyou_detail_004_kani=true&JigyosyoCd=2774600114-00&ServiceCd=210&Type=search", "url2": "http://www.hakutou.net/hakutou.html" }, "geometry": { "type": "Point", "coordinates": [ 135.655781599999955, 34.5737445 ] } },
{ "type": "Feature", "properties": { "内容": "医療法人健泉会　あそか西松庵ショートステイ【短期入所生活介護】大阪府羽曳野市伊賀1-4-1", "url": "https://www.kaigokensaku.mhlw.go.jp/27/index.php?action_kouhyou_detail_004_kani=true&JigyosyoCd=2773802109-00&ServiceCd=210&Type=search", "url2": "http://saisyouan.jp/" }, "geometry": { "type": "Point", "coordinates": [ 135.584026042327878, 34.563520981408843 ] } },
{ "type": "Feature", "properties": { "内容": "特別養護老人ホーム　スマイル【短期入所生活介護】大阪府羽曳野市尺度３８２番地の5", "url": "https://www.kaigokensaku.mhlw.go.jp/27/index.php?action_kouhyou_detail_004_kani=true&JigyosyoCd=2773800798-00&ServiceCd=210&Type=search", "url2": "http://smile-habikino.jp/" }, "geometry": { "type": "Point", "coordinates": [ 135.598743499999955, 34.5316849 ] } },
{ "type": "Feature", "properties": { "内容": "短期入所事業所河原城苑【短期入所生活介護】大阪府羽曳野市河原城９２７番地特別養護老人ホーム", "url": "https://www.kaigokensaku.mhlw.go.jp/27/index.php?action_kouhyou_detail_004_kani=true&JigyosyoCd=2773800293-00&ServiceCd=210&Type=search", "url2": "http://kawaharajoen.com" }, "geometry": { "type": "Point", "coordinates": [ 135.575306700000027, 34.5479994 ] } },
{ "type": "Feature", "properties": { "内容": "四天王寺悲田院ショートステイまごころ【短期入所生活介護】大阪府羽曳野市学園前６丁目１－１", "url": "https://www.kaigokensaku.mhlw.go.jp/27/index.php?action_kouhyou_detail_004_kani=true&JigyosyoCd=2773800228-00&ServiceCd=210&Type=search", "url2": "http://www.shitennoji-fukushi.jp/" }, "geometry": { "type": "Point", "coordinates": [ 135.584641899999951, 34.5482521 ] } },
{ "type": "Feature", "properties": { "内容": "ショートステイあすくの里【短期入所生活介護】大阪府羽曳野市飛鳥１１番", "url": "https://www.kaigokensaku.mhlw.go.jp/27/index.php?action_kouhyou_detail_004_kani=true&JigyosyoCd=2773801135-00&ServiceCd=210&Type=search", "url2": "https://www.daichofuku.or.jp/facilities/asuku/" }, "geometry": { "type": "Point", "coordinates": [ 135.634698500000013, 34.5357796 ] } },
{ "type": "Feature", "properties": { "内容": "羽曳野特別養護老人ホーム【短期入所生活介護】大阪府羽曳野市古市2271番地114", "url": "https://www.kaigokensaku.mhlw.go.jp/27/index.php?action_kouhyou_detail_004_kani=true&JigyosyoCd=2773800434-00&ServiceCd=210&Type=search", "url2": "http://www.waetsukai.jp/" }, "geometry": { "type": "Point", "coordinates": [ 135.62979340000004, 34.5305135 ] } },
{ "type": "Feature", "properties": { "内容": "特別養護老人ホーム　アンジュ【短期入所生活介護】大阪府羽曳野市野371番地2773800111", "url": "https://www.kaigokensaku.mhlw.go.jp/27/index.php?action_kouhyou_detail_004_kani=true&JigyosyoCd=2773800111-00&ServiceCd=210&Type=search", "url2": "http://tokuyou-ange.jp" }, "geometry": { "type": "Point", "coordinates": [ 135.573267900000019, 34.5612756 ] } },
{ "type": "Feature", "properties": { "内容": "短期入所生活介護　四宮三養苑【短期入所生活介護】大阪府門真市四宮5丁目4番２２号", "url": "https://www.kaigokensaku.mhlw.go.jp/27/index.php?action_kouhyou_detail_004_kani=true&JigyosyoCd=2772602427-00&ServiceCd=210&Type=search", "url2": "http://sanyofukushikai.com/" }, "geometry": { "type": "Point", "coordinates": [ 135.615399700000012, 34.7333308 ] } },
{ "type": "Feature", "properties": { "内容": "ブドウショートステイ【短期入所生活介護】大阪府門真市島頭4-11-11", "url": "https://www.kaigokensaku.mhlw.go.jp/27/index.php?action_kouhyou_detail_004_kani=true&JigyosyoCd=2772602880-00&ServiceCd=210&Type=search", "url2": "http://www.osaka-christ.or.jp" }, "geometry": { "type": "Point", "coordinates": [ 135.607917310450688, 34.728236061737391 ] } },
{ "type": "Feature", "properties": { "内容": "特別養護老人ホーム門真荘　短期入所生活介護事業所【短期入所生活介護】大阪府門真市堂山町２５－２０", "url": "https://www.kaigokensaku.mhlw.go.jp/27/index.php?action_kouhyou_detail_004_kani=true&JigyosyoCd=2772600322-00&ServiceCd=210&Type=search", "url2": "http://www.kadomasou.jp" }, "geometry": { "type": "Point", "coordinates": [ 135.579684928836059, 34.744783650826633 ] } },
{ "type": "Feature", "properties": { "内容": "短期入所生活介護三養苑【短期入所生活介護】大阪府門真市桑才町19番25号", "url": "https://www.kaigokensaku.mhlw.go.jp/27/index.php?action_kouhyou_detail_004_kani=true&JigyosyoCd=2772600314-00&ServiceCd=210&Type=search", "url2": "http://www.sanyofukushikai.com" }, "geometry": { "type": "Point", "coordinates": [ 135.591773800000027, 34.7222222 ] } },
{ "type": "Feature", "properties": { "内容": "ナーシングホーム智鳥【短期入所生活介護】大阪府門真市北島町１２番２０号", "url": "https://www.kaigokensaku.mhlw.go.jp/27/index.php?action_kouhyou_detail_004_kani=true&JigyosyoCd=2772600223-00&ServiceCd=210&Type=search", "url2": "https://www.chidori.or.jp" }, "geometry": { "type": "Point", "coordinates": [ 135.594566012303147, 34.723441219379879 ] } },
{ "type": "Feature", "properties": { "内容": "ケアホームちどり【短期入所生活介護】大阪府門真市柳田町15番23号", "url": "https://www.kaigokensaku.mhlw.go.jp/27/index.php?action_kouhyou_detail_004_kani=true&JigyosyoCd=2772603649-00&ServiceCd=210&Type=search", "url2": "http://www.chidori.or.jp" }, "geometry": { "type": "Point", "coordinates": [ 135.589152657961023, 34.730903782364251 ] } },
{ "type": "Feature", "properties": { "内容": "特別養護老人ホーム　門真千寿園【短期入所生活介護】大阪府門真市野口822", "url": "https://www.kaigokensaku.mhlw.go.jp/27/index.php?action_kouhyou_detail_004_kani=true&JigyosyoCd=2772600926-00&ServiceCd=210&Type=search", "url2": null }, "geometry": { "type": "Point", "coordinates": [ 135.6047112, 34.7280107 ] } },
{ "type": "Feature", "properties": { "内容": "門真ショートステイそよ風【短期入所生活介護】大阪府門真市沖町32-9", "url": "https://www.kaigokensaku.mhlw.go.jp/27/index.php?action_kouhyou_detail_004_kani=true&JigyosyoCd=2772602997-00&ServiceCd=210&Type=search", "url2": "https://www.sykz.co.jp/shisetsu-zaitaku/273553" }, "geometry": { "type": "Point", "coordinates": [ 135.605588092065403, 34.731269111805538 ] } },
{ "type": "Feature", "properties": { "内容": "はるかの郷短期入所生活介護事業所【短期入所生活介護】大阪府門真市柳田町27番21号", "url": "https://www.kaigokensaku.mhlw.go.jp/27/index.php?action_kouhyou_detail_004_kani=true&JigyosyoCd=2772600447-00&ServiceCd=210&Type=search", "url2": "https://eastroad.jp/" }, "geometry": { "type": "Point", "coordinates": [ 135.592224, 34.728832300000043 ] } },
{ "type": "Feature", "properties": { "内容": "ロータスショートステイはすゆめ【短期入所生活介護】大阪府門真市堂山町２５番１５号地域密着型介護老人福祉施設はすゆめ", "url": "https://www.kaigokensaku.mhlw.go.jp/27/index.php?action_kouhyou_detail_004_kani=true&JigyosyoCd=2772603144-00&ServiceCd=210&Type=search", "url2": "http://www.kadomasou.jp" }, "geometry": { "type": "Point", "coordinates": [ 135.5797076, 34.7443389 ] } },
{ "type": "Feature", "properties": { "内容": "特別養護老人ホーム摂津いやし園【短期入所生活介護】大阪府摂津市鳥飼下１－１３－７", "url": "https://www.kaigokensaku.mhlw.go.jp/27/index.php?action_kouhyou_detail_004_kani=true&JigyosyoCd=2773700162-00&ServiceCd=210&Type=search", "url2": "http://iyashien.web.com/" }, "geometry": { "type": "Point", "coordinates": [ 135.587633899999986, 34.7766378 ] } },
{ "type": "Feature", "properties": { "内容": "小規模特養摂津いやし園【短期入所生活介護】大阪府摂津市鳥飼下一丁目13番15号", "url": "https://www.kaigokensaku.mhlw.go.jp/27/index.php?action_kouhyou_detail_004_kani=true&JigyosyoCd=2773701129-00&ServiceCd=210&Type=search", "url2": "http://iyashien.com" }, "geometry": { "type": "Point", "coordinates": [ 135.587714399999982, 34.7760823 ] } },
{ "type": "Feature", "properties": { "内容": "短期入所生活介護事業所せっつ桜苑【短期入所生活介護】大阪府摂津市桜町1丁目1番11号", "url": "https://www.kaigokensaku.mhlw.go.jp/27/index.php?action_kouhyou_detail_004_kani=true&JigyosyoCd=2773701152-00&ServiceCd=210&Type=search", "url2": "https://swc-seikouen.jp/settsu-sakuraen/index.html" }, "geometry": { "type": "Point", "coordinates": [ 135.56016969999996, 34.7884856 ] } },
{ "type": "Feature", "properties": { "内容": "短期入所生活介護とりかい白鷺園【短期入所生活介護】大阪府摂津市鳥飼中１丁目１９番８号", "url": "https://www.kaigokensaku.mhlw.go.jp/27/index.php?action_kouhyou_detail_004_kani=true&JigyosyoCd=2773700733-00&ServiceCd=210&Type=search", "url2": "http://www.shirasagien.com/" }, "geometry": { "type": "Point", "coordinates": [ 135.591789980426029, 34.779423598558054 ] } },
{ "type": "Feature", "properties": { "内容": "介護老人福祉施設　「摂津特養ひかり」【短期入所生活介護】摂津市鳥飼八防2-7-12", "url": "https://www.kaigokensaku.mhlw.go.jp/27/index.php?action_kouhyou_detail_004_kani=true&JigyosyoCd=2773700592-00&ServiceCd=210&Type=search", "url2": "https://settsu-tokuyou-hikari.jp/" }, "geometry": { "type": "Point", "coordinates": [ 135.573374100000024, 34.7695632 ] } },
{ "type": "Feature", "properties": { "内容": "ショートステイ　ソラスト高石【短期入所生活介護】大阪府高石市加茂四丁目10番９号", "url": "https://www.kaigokensaku.mhlw.go.jp/27/index.php?action_kouhyou_detail_004_kani=true&JigyosyoCd=2775300870-00&ServiceCd=210&Type=search", "url2": "https://solasto-kaigo.com/care/area/solastotakaishi.html" }, "geometry": { "type": "Point", "coordinates": [ 135.44168030000003, 34.5189451 ] } },
{ "type": "Feature", "properties": { "内容": "高石特別養護老人ホーム【短期入所生活介護】大阪府高石市取石５丁目８番１５号", "url": "https://www.kaigokensaku.mhlw.go.jp/27/index.php?action_kouhyou_detail_004_kani=true&JigyosyoCd=2775300177-00&ServiceCd=210&Type=search", "url2": "http://www.itokukai.com" }, "geometry": { "type": "Point", "coordinates": [ 135.444577399999957, 34.5132847 ] } },
{ "type": "Feature", "properties": { "内容": "とくべつようごろうじんほーむあうぇいくひがしはごろも【短期入所生活介護】大阪府高石市東羽衣２丁目１４番１８号", "url": "https://www.kaigokensaku.mhlw.go.jp/27/index.php?action_kouhyou_detail_004_kani=true&JigyosyoCd=2775300151-00&ServiceCd=210&Type=search", "url2": "https://aueiku.jp/" }, "geometry": { "type": "Point", "coordinates": [ 135.445036, 34.5313502 ] } },
{ "type": "Feature", "properties": { "内容": "特別養護老人ホーム　つどうホール【短期入所生活介護】大阪府藤井寺市小山３丁目１５１番地の1", "url": "https://www.kaigokensaku.mhlw.go.jp/27/index.php?action_kouhyou_detail_004_kani=true&JigyosyoCd=2773400375-00&ServiceCd=210&Type=search", "url2": "http://www.misasagikai.or.jp/" }, "geometry": { "type": "Point", "coordinates": [ 135.587791299999907, 34.5816763 ] } },
{ "type": "Feature", "properties": { "内容": "大阪老人ホーム惣社【短期入所生活介護】大阪府藤井寺市惣社2丁目5番15号", "url": "https://www.kaigokensaku.mhlw.go.jp/27/index.php?action_kouhyou_detail_004_kani=true&JigyosyoCd=2773400193-00&ServiceCd=210&Type=search", "url2": "http://www.shoutokukai.net" }, "geometry": { "type": "Point", "coordinates": [ 135.621037500000057, 34.5765277 ] } },
{ "type": "Feature", "properties": { "内容": "どうみょうじ高殿苑ショートステイ【短期入所生活介護】大阪府藤井寺市道明寺３－２－２", "url": "https://www.kaigokensaku.mhlw.go.jp/27/index.php?action_kouhyou_detail_004_kani=true&JigyosyoCd=2773400797-00&ServiceCd=210&Type=search", "url2": "https://www.houjukai.jp/domyoji/" }, "geometry": { "type": "Point", "coordinates": [ 135.620468399999936, 34.5662843 ] } },
{ "type": "Feature", "properties": { "内容": "藤井寺特別養護老人ホーム【短期入所生活介護】大阪府藤井寺市藤井寺4-11-7", "url": "https://www.kaigokensaku.mhlw.go.jp/27/index.php?action_kouhyou_detail_004_kani=true&JigyosyoCd=2773400151-00&ServiceCd=210&Type=search", "url2": "http://www.misasagikai.or.jp" }, "geometry": { "type": "Point", "coordinates": [ 135.595890700000041, 34.5651892 ] } },
{ "type": "Feature", "properties": { "内容": "サテライト型特別養護老人ホーム向日葵【短期入所生活介護】東大阪市玉串元町2丁目12-20", "url": "https://www.kaigokensaku.mhlw.go.jp/27/index.php?action_kouhyou_detail_004_kani=true&JigyosyoCd=2795000955-00&ServiceCd=210&Type=search", "url2": "http://www.tamami.or.jp" }, "geometry": { "type": "Point", "coordinates": [ 135.617208900000037, 34.6491392 ] } },
{ "type": "Feature", "properties": { "内容": "俊徳道ショートステイそよ風【短期入所生活介護】大阪府東大阪市荒川2丁目27番15号", "url": "https://www.kaigokensaku.mhlw.go.jp/27/index.php?action_kouhyou_detail_004_kani=true&JigyosyoCd=2775011535-00&ServiceCd=210&Type=search", "url2": "http://www.sykz.co.jp" }, "geometry": { "type": "Point", "coordinates": [ 135.570832200000041, 34.658043 ] } },
{ "type": "Feature", "properties": { "内容": "さわやかひがしおおさか館ショートステイ【短期入所生活介護】大阪府東大阪市若江東町5丁目3番20号さわやかひがしおおさか館", "url": "https://www.kaigokensaku.mhlw.go.jp/27/index.php?action_kouhyou_detail_004_kani=true&JigyosyoCd=2775014059-00&ServiceCd=210&Type=search", "url2": "http://www.sawayakaclub.jp/" }, "geometry": { "type": "Point", "coordinates": [ 135.611967, 34.6524901 ] } },
{ "type": "Feature", "properties": { "内容": "特別養護老人ホーム八戸ノ里向日葵【短期入所生活介護】大阪府東大阪市若江西新町3-1-9", "url": "https://www.kaigokensaku.mhlw.go.jp/27/index.php?action_kouhyou_detail_004_kani=true&JigyosyoCd=2775012525-00&ServiceCd=210&Type=search", "url2": "http://www.tamami.or.jp/yaenosato.shtml" }, "geometry": { "type": "Point", "coordinates": [ 135.596593799999937, 34.6556576 ] } },
{ "type": "Feature", "properties": { "内容": "特別養護老人ホームアーバンケア八戸ノ里【短期入所生活介護】大阪府東大阪市御厨中２－３－３２", "url": "https://www.kaigokensaku.mhlw.go.jp/27/index.php?action_kouhyou_detail_004_kani=true&JigyosyoCd=2775009331-00&ServiceCd=210&Type=search", "url2": "http://yoshijukai.or.jp/" }, "geometry": { "type": "Point", "coordinates": [ 135.5900246, 34.6686563 ] } },
{ "type": "Feature", "properties": { "内容": "特別養護老人ホーム　恵の里【短期入所生活介護】大阪府東大阪市東鴻池町２丁目３番２５号", "url": "https://www.kaigokensaku.mhlw.go.jp/27/index.php?action_kouhyou_detail_004_kani=true&JigyosyoCd=2775005966-00&ServiceCd=210&Type=search", "url2": "http://www.meguminosato.jp/" }, "geometry": { "type": "Point", "coordinates": [ 135.61739369999998, 34.6923702 ] } },
{ "type": "Feature", "properties": { "内容": "特別養護老人ホームラプラージュ【短期入所生活介護】東大阪市池島町８－２－１０", "url": "https://www.kaigokensaku.mhlw.go.jp/27/index.php?action_kouhyou_detail_004_kani=true&JigyosyoCd=2775006451-00&ServiceCd=210&Type=search", "url2": "http://hohoemi-fukushi.jp/laplage/" }, "geometry": { "type": "Point", "coordinates": [ 135.6271494, 34.6544859 ] } },
{ "type": "Feature", "properties": { "内容": "特別養護老人ホーム　きずり逢花苑【短期入所生活介護】東大阪市衣摺６丁目１２番３号", "url": "https://www.kaigokensaku.mhlw.go.jp/27/index.php?action_kouhyou_detail_004_kani=true&JigyosyoCd=2775005172-00&ServiceCd=210&Type=search", "url2": "http://www.aoyama-med.gr.jp/ouka-welfare" }, "geometry": { "type": "Point", "coordinates": [ 135.566727600000036, 34.6392034 ] } },
{ "type": "Feature", "properties": { "内容": "特別養護老人ホーム向日葵【短期入所生活介護】大阪府東大阪市玉串町東1丁目10番20号", "url": "https://www.kaigokensaku.mhlw.go.jp/27/index.php?action_kouhyou_detail_004_kani=true&JigyosyoCd=2775004787-00&ServiceCd=210&Type=search", "url2": "http://www.tamami.or.jp" }, "geometry": { "type": "Point", "coordinates": [ 135.621538800000053, 34.6560079 ] } },
{ "type": "Feature", "properties": { "内容": "特別養護老人ホーム　なるかわ苑【短期入所生活介護】大阪府東大阪市上六万寺町１３番４０号", "url": "https://www.kaigokensaku.mhlw.go.jp/27/index.php?action_kouhyou_detail_004_kani=true&JigyosyoCd=2775003557-00&ServiceCd=210&Type=search", "url2": "https://koyu-fukushikai.jp/" }, "geometry": { "type": "Point", "coordinates": [ 135.651966600000037, 34.655261300000014 ] } },
{ "type": "Feature", "properties": { "内容": "レーベンズポルト　ショートステイセンター【短期入所生活介護】大阪府東大阪市長栄寺21番24号", "url": "https://www.kaigokensaku.mhlw.go.jp/27/index.php?action_kouhyou_detail_004_kani=true&JigyosyoCd=2775001031-00&ServiceCd=210&Type=search", "url2": "http://jueikai.or.jp" }, "geometry": { "type": "Point", "coordinates": [ 135.571698500000025, 34.6684559 ] } },
{ "type": "Feature", "properties": { "内容": "特別養護老人ホーム　六万寺園【短期入所生活介護】大阪府東大阪市六万寺町1-21-7", "url": "https://www.kaigokensaku.mhlw.go.jp/27/index.php?action_kouhyou_detail_004_kani=true&JigyosyoCd=2775000660-00&ServiceCd=210&Type=search", "url2": "http://syueikai.jp/tokuyou/" }, "geometry": { "type": "Point", "coordinates": [ 135.6510862, 34.6525615 ] } },
{ "type": "Feature", "properties": { "内容": "特別養護老人ホーム　春光園【短期入所生活介護】大阪府東大阪市横枕８番３４号", "url": "https://www.kaigokensaku.mhlw.go.jp/27/index.php?action_kouhyou_detail_004_kani=true&JigyosyoCd=2775001437-00&ServiceCd=210&Type=search", "url2": "http://www.shunkouen.jp/" }, "geometry": { "type": "Point", "coordinates": [ 135.6082894, 34.6809049 ] } },
{ "type": "Feature", "properties": { "内容": "(介護予防)短期入所生活介護　ビオスの丘【短期入所生活介護】大阪府東大阪市善根寺町1丁目5番31号", "url": "https://www.kaigokensaku.mhlw.go.jp/27/index.php?action_kouhyou_detail_004_kani=true&JigyosyoCd=2775003763-00&ServiceCd=210&Type=search", "url2": "https://jinpu-kai.com/" }, "geometry": { "type": "Point", "coordinates": [ 135.649938100000014, 34.6987222 ] } },
{ "type": "Feature", "properties": { "内容": "(介護予防)短期入所事業所　ビオスの丘Ⅱ【短期入所生活介護】大阪府東大阪市善根寺町１－５－３１", "url": "https://www.kaigokensaku.mhlw.go.jp/27/index.php?action_kouhyou_detail_004_kani=true&JigyosyoCd=2795000609-00&ServiceCd=210&Type=search", "url2": "https://jinpu-kai.com/" }, "geometry": { "type": "Point", "coordinates": [ 135.649688561083479, 34.698835775989416 ] } },
{ "type": "Feature", "properties": { "内容": "特別養護老人ホーム　みのわの里【短期入所生活介護】東大阪市古箕輪１－３－２８", "url": "https://www.kaigokensaku.mhlw.go.jp/27/index.php?action_kouhyou_detail_004_kani=true&JigyosyoCd=2775000975-00&ServiceCd=210&Type=search", "url2": "http://kawafukukai.or.jp" }, "geometry": { "type": "Point", "coordinates": [ 135.6166134, 34.6859959 ] } },
{ "type": "Feature", "properties": { "内容": "特別養護老人ホーム布市福寿苑【短期入所生活介護】東大阪市布市町２－１２－２", "url": "https://www.kaigokensaku.mhlw.go.jp/27/index.php?action_kouhyou_detail_004_kani=true&JigyosyoCd=2775002351-00&ServiceCd=210&Type=search", "url2": "https://kawafukukai.or.jp/" }, "geometry": { "type": "Point", "coordinates": [ 135.639469700000063, 34.6945704 ] } },
{ "type": "Feature", "properties": { "内容": "特別養護老人ホーム　福寿苑【短期入所生活介護】大阪府東大阪市出雲井本町3番25号", "url": "https://www.kaigokensaku.mhlw.go.jp/27/index.php?action_kouhyou_detail_004_kani=true&JigyosyoCd=2775001106-00&ServiceCd=210&Type=search", "url2": "http://kawafukukai.or.jp" }, "geometry": { "type": "Point", "coordinates": [ 135.6461084, 34.6692903 ] } },
{ "type": "Feature", "properties": { "内容": "特別養護老人ホーム　サンホーム【短期入所生活介護】大阪府東大阪市御厨南3-1-18", "url": "https://www.kaigokensaku.mhlw.go.jp/27/index.php?action_kouhyou_detail_004_kani=true&JigyosyoCd=2775001270-00&ServiceCd=210&Type=search", "url2": "https://osakaymca.or.jp/welfare/nursingcare/sunhome/yougo.html" }, "geometry": { "type": "Point", "coordinates": [ 135.592902200000026, 34.6649011 ] } },
{ "type": "Feature", "properties": { "内容": "特別養護老人ホーム　ヴェルディ八戸ノ里【短期入所生活介護】大阪府東大阪市下小阪四丁目7番36号", "url": "https://www.kaigokensaku.mhlw.go.jp/27/index.php?action_kouhyou_detail_004_kani=true&JigyosyoCd=2775003946-00&ServiceCd=210&Type=search", "url2": "https://verdy-ten.jp/" }, "geometry": { "type": "Point", "coordinates": [ 135.591316399999982, 34.6608654 ] } },
{ "type": "Feature", "properties": { "内容": "特別養護老人ホーム　千寿園【短期入所生活介護】大阪府東大阪市南荘町１３番３８号", "url": "https://www.kaigokensaku.mhlw.go.jp/27/index.php?action_kouhyou_detail_004_kani=true&JigyosyoCd=2775001981-00&ServiceCd=210&Type=search", "url2": null }, "geometry": { "type": "Point", "coordinates": [ 135.645580600000017, 34.674723 ] } },
{ "type": "Feature", "properties": { "内容": "特別養護老人ホーム　アーバンケア稲田【短期入所生活介護】東大阪市稲田新町１丁目１０番１号", "url": "https://www.kaigokensaku.mhlw.go.jp/27/index.php?action_kouhyou_detail_004_kani=true&JigyosyoCd=2775001908-00&ServiceCd=210&Type=search", "url2": "http://yoshijukai.or.jp/" }, "geometry": { "type": "Point", "coordinates": [ 135.583547400000043, 34.689226 ] } },
{ "type": "Feature", "properties": { "内容": "特別養護老人ホームアーバンケア御厨【短期入所生活介護】東大阪市御厨東１丁目９番１６号", "url": "https://www.kaigokensaku.mhlw.go.jp/27/index.php?action_kouhyou_detail_004_kani=true&JigyosyoCd=2775005487-00&ServiceCd=210&Type=search", "url2": "http://yoshijukai.or.jp/" }, "geometry": { "type": "Point", "coordinates": [ 135.591838300000063, 34.6701201 ] } },
{ "type": "Feature", "properties": { "内容": "特別養護老人ホーム　アーバンケア島之内【短期入所生活介護】大阪府東大阪市吉田本町１丁目１０番１３号", "url": "https://www.kaigokensaku.mhlw.go.jp/27/index.php?action_kouhyou_detail_004_kani=true&JigyosyoCd=2775001130-00&ServiceCd=210&Type=search", "url2": "http://yoshijukai.or.jp" }, "geometry": { "type": "Point", "coordinates": [ 135.6212577, 34.6753 ] } },
{ "type": "Feature", "properties": { "内容": "東大阪三島の風ショートステイ　ゆめゆめらいふ【短期入所生活介護】大阪府東大阪市三島1－2－15", "url": "https://www.kaigokensaku.mhlw.go.jp/27/index.php?action_kouhyou_detail_004_kani=true&JigyosyoCd=2775011865-00&ServiceCd=210&Type=search", "url2": "http://kaze-yume.jp/" }, "geometry": { "type": "Point", "coordinates": [ 135.5997883, 34.6904646 ] } },
{ "type": "Feature", "properties": { "内容": "特別養護老人ホームアンパス東大阪【短期入所生活介護】大阪府東大阪市若江南町３丁目７番７号", "url": "https://www.kaigokensaku.mhlw.go.jp/27/index.php?action_kouhyou_detail_004_kani=true&JigyosyoCd=2775001411-00&ServiceCd=210&Type=search", "url2": "http://www.ayumi-kai.net/" }, "geometry": { "type": "Point", "coordinates": [ 135.600129700000025, 34.6541689 ] } },
{ "type": "Feature", "properties": { "内容": "特別養護老人ホームかわち野里ながせ【短期入所生活介護】大阪府東大阪市長瀬町1-5-13", "url": "https://www.kaigokensaku.mhlw.go.jp/27/index.php?action_kouhyou_detail_004_kani=true&JigyosyoCd=2775013853-00&ServiceCd=210&Type=search", "url2": "http://kawatino.jp/" }, "geometry": { "type": "Point", "coordinates": [ 135.575226499999985, 34.6508105 ] } },
{ "type": "Feature", "properties": { "内容": "イースタンビラ　ショートステイセンター【短期入所生活介護】東大阪市寿町1‐9‐39", "url": "https://www.kaigokensaku.mhlw.go.jp/27/index.php?action_kouhyou_detail_004_kani=true&JigyosyoCd=2775000819-00&ServiceCd=210&Type=search", "url2": "http://toujyukai.or.jp/" }, "geometry": { "type": "Point", "coordinates": [ 135.568885300000034, 34.65254920000001 ] } },
{ "type": "Feature", "properties": { "内容": "大阪府東大阪市池之端町5番43号【短期入所生活介護】大阪府東大阪市池之端町5番43号ショートステイフォレストガーデン", "url": "https://www.kaigokensaku.mhlw.go.jp/27/index.php?action_kouhyou_detail_004_kani=true&JigyosyoCd=2775009729-00&ServiceCd=210&Type=search", "url2": "http://care-net.biz/27/hakujyukai/" }, "geometry": { "type": "Point", "coordinates": [ 135.648887073559962, 34.69603923172518 ] } },
{ "type": "Feature", "properties": { "内容": "メルテルホーム　ショートステイサービス【短期入所生活介護】大阪府東大阪市西岩田四丁目４番８２号", "url": "https://www.kaigokensaku.mhlw.go.jp/27/index.php?action_kouhyou_detail_004_kani=true&JigyosyoCd=2775001288-00&ServiceCd=210&Type=search", "url2": null }, "geometry": { "type": "Point", "coordinates": [ 135.599339300000054, 34.667840099999985 ] } },
{ "type": "Feature", "properties": { "内容": "特別養護老人ホームたちばなの里【短期入所生活介護】大阪府東大阪市岸田堂北町6番1号", "url": "https://www.kaigokensaku.mhlw.go.jp/27/index.php?action_kouhyou_detail_004_kani=true&JigyosyoCd=2775001064-00&ServiceCd=210&Type=search", "url2": "http://tatibananosato.or.jp/" }, "geometry": { "type": "Point", "coordinates": [ 135.565065663229348, 34.656343777121691 ] } },
{ "type": "Feature", "properties": { "内容": "特別養護老人ホーム　たちばなの里別館永楽【短期入所生活介護】大阪府東大阪市寺前町１丁目４番２１号", "url": "https://www.kaigokensaku.mhlw.go.jp/27/index.php?action_kouhyou_detail_004_kani=true&JigyosyoCd=2775009612-00&ServiceCd=210&Type=search", "url2": "http://tatibananosato.or.jp/" }, "geometry": { "type": "Point", "coordinates": [ 135.566068800000039, 34.6559904 ] } },
{ "type": "Feature", "properties": { "内容": "ショートステイ　ハートフル【短期入所生活介護】東大阪市足代新町１９－１３社会福祉法人　本社ビル　　4・5階", "url": "https://www.kaigokensaku.mhlw.go.jp/27/index.php?action_kouhyou_detail_004_kani=true&JigyosyoCd=2775013432-00&ServiceCd=210&Type=search", "url2": null }, "geometry": { "type": "Point", "coordinates": [ 135.558355300000045, 34.6646281 ] } },
{ "type": "Feature", "properties": { "内容": "せんわショートステイサービス【短期入所生活介護】大阪府泉南市信達金熊寺530-1", "url": "https://www.kaigokensaku.mhlw.go.jp/27/index.php?action_kouhyou_detail_004_kani=true&JigyosyoCd=2775600097-00&ServiceCd=210&Type=search", "url2": "http://www.senwa.or.jp" }, "geometry": { "type": "Point", "coordinates": [ 135.2920861, 34.3337007 ] } },
{ "type": "Feature", "properties": { "内容": "泉南特別養護老人ホームなでしこりんくう【短期入所生活介護】大阪府泉南市りんくう南浜3番7", "url": "https://www.kaigokensaku.mhlw.go.jp/27/index.php?action_kouhyou_detail_004_kani=true&JigyosyoCd=2775600337-00&ServiceCd=210&Type=search", "url2": "http://www.saiseikaisennan.jp" }, "geometry": { "type": "Point", "coordinates": [ 135.26463960000001, 34.3794086 ] } },
{ "type": "Feature", "properties": { "内容": "特別養護養護老人ホーム　六尾の郷【短期入所生活介護】泉南市信達金熊寺１３０番地", "url": "https://www.kaigokensaku.mhlw.go.jp/27/index.php?action_kouhyou_detail_004_kani=true&JigyosyoCd=2775600147-00&ServiceCd=210&Type=search", "url2": "http://www.chojukai.or.jp" }, "geometry": { "type": "Point", "coordinates": [ 135.286015455928009, 34.346693606977695 ] } },
{ "type": "Feature", "properties": { "内容": "南野らくらく苑ショートステイ【短期入所生活介護】大阪府四條畷市大字清瀧771-1", "url": "https://www.kaigokensaku.mhlw.go.jp/27/index.php?action_kouhyou_detail_004_kani=true&JigyosyoCd=2775700608-00&ServiceCd=210&Type=search", "url2": "http://www.sanrokukai.com/" }, "geometry": { "type": "Point", "coordinates": [ 135.6558729, 34.7376782 ] } },
{ "type": "Feature", "properties": { "内容": "雨塚らくらく苑　ショートステイ【短期入所生活介護】大阪府四條畷市大字清滝511-1", "url": "https://www.kaigokensaku.mhlw.go.jp/27/index.php?action_kouhyou_detail_004_kani=true&JigyosyoCd=2775700905-00&ServiceCd=210&Type=search", "url2": "http://www.sanrokukai.com/" }, "geometry": { "type": "Point", "coordinates": [ 135.651994, 34.7387897 ] } },
{ "type": "Feature", "properties": { "内容": "清滝らくらく苑ショートステイ【短期入所生活介護】大阪府四條畷市清滝中町1番3号", "url": "https://www.kaigokensaku.mhlw.go.jp/27/index.php?action_kouhyou_detail_004_kani=true&JigyosyoCd=2775701002-00&ServiceCd=210&Type=search", "url2": "http://www.sanrokukai.com/" }, "geometry": { "type": "Point", "coordinates": [ 135.651994, 34.7388592 ] } },
{ "type": "Feature", "properties": { "内容": "特別養護老人ホーム田原荘【短期入所生活介護】四條畷市上田原597番地", "url": "https://www.kaigokensaku.mhlw.go.jp/27/index.php?action_kouhyou_detail_004_kani=true&JigyosyoCd=2775700160-00&ServiceCd=210&Type=search", "url2": "http://www.wakoucai.or.jp/taharasou" }, "geometry": { "type": "Point", "coordinates": [ 135.696702199999976, 34.7225093 ] } },
{ "type": "Feature", "properties": { "内容": "特別養護老人ホーム四條畷荘【短期入所生活介護】四條畷市北出町28番1号", "url": "https://www.kaigokensaku.mhlw.go.jp/27/index.php?action_kouhyou_detail_004_kani=true&JigyosyoCd=2775700269-00&ServiceCd=210&Type=search", "url2": "https://osj-4jou.wixsite.com/website/" }, "geometry": { "type": "Point", "coordinates": [ 135.630161600000065, 34.736477 ] } },
{ "type": "Feature", "properties": { "内容": "ショートステイるうてる【短期入所生活介護】大阪府四條畷市岡山五丁目１９番２０号", "url": "https://www.kaigokensaku.mhlw.go.jp/27/index.php?action_kouhyou_detail_004_kani=true&JigyosyoCd=2775700111-00&ServiceCd=210&Type=search", "url2": "http://www.ruuteruhome.or.jp" }, "geometry": { "type": "Point", "coordinates": [ 135.637928910784154, 34.747931767222113 ] } },
{ "type": "Feature", "properties": { "内容": "ショートステイセンターかたの美来【短期入所生活介護】大阪府交野市東倉治5-8-8", "url": "https://www.kaigokensaku.mhlw.go.jp/27/index.php?action_kouhyou_detail_004_kani=true&JigyosyoCd=2773601345-00&ServiceCd=210&Type=search", "url2": "http://www.misugikai.jp" }, "geometry": { "type": "Point", "coordinates": [ 135.7043893, 34.796601399999986 ] } },
{ "type": "Feature", "properties": { "内容": "特別養護老人ホーム美来【短期入所生活介護】大阪府交野市倉治四丁目４０番７号", "url": "https://www.kaigokensaku.mhlw.go.jp/27/index.php?action_kouhyou_detail_004_kani=true&JigyosyoCd=2773600719-00&ServiceCd=210&Type=search", "url2": "http://www.misugikai.jp/" }, "geometry": { "type": "Point", "coordinates": [ 135.684886199999937, 34.7956513 ] } },
{ "type": "Feature", "properties": { "内容": "特別養護老人ホーム明星【短期入所生活介護】大阪府交野市星田８丁目６番７号", "url": "https://www.kaigokensaku.mhlw.go.jp/27/index.php?action_kouhyou_detail_004_kani=true&JigyosyoCd=2773600172-00&ServiceCd=210&Type=search", "url2": "http://www.h-myojo.or.jp" }, "geometry": { "type": "Point", "coordinates": [ 135.670259563229365, 34.763915617587422 ] } },
{ "type": "Feature", "properties": { "内容": "特別養護老人ホーム　天の川明星【短期入所生活介護】大阪府交野市藤が尾２－５－２２", "url": "https://www.kaigokensaku.mhlw.go.jp/27/index.php?action_kouhyou_detail_004_kani=true&JigyosyoCd=2773600156-00&ServiceCd=210&Type=search", "url2": "https://www.h-myojo.or.jp/" }, "geometry": { "type": "Point", "coordinates": [ 135.678564599999959, 34.7700264 ] } },
{ "type": "Feature", "properties": { "内容": "きんもくせい特別養護老人ホーム【短期入所生活介護】大阪府交野市大字星田５１５６－８", "url": "https://www.kaigokensaku.mhlw.go.jp/27/index.php?action_kouhyou_detail_004_kani=true&JigyosyoCd=2773600115-00&ServiceCd=210&Type=search", "url2": "http://care-net.biz/27/mokuseikai/tokuyou.php" }, "geometry": { "type": "Point", "coordinates": [ 135.6701213, 34.7569387 ] } },
{ "type": "Feature", "properties": { "内容": "地域密着型介護老人福祉施設サール・ナートかたの　短期入所者生活介護【短期入所生活介護】大阪府交野市私部南1丁目490番", "url": "https://www.kaigokensaku.mhlw.go.jp/27/index.php?action_kouhyou_detail_004_kani=true&JigyosyoCd=2773601162-00&ServiceCd=210&Type=search", "url2": "http://www.valsta.jp/" }, "geometry": { "type": "Point", "coordinates": [ 135.680200242605594, 34.782601771169936 ] } },
{ "type": "Feature", "properties": { "内容": "地域密着型特別養護老人ホーム　ファヴォーレ狭山【短期入所生活介護】大阪府大阪狭山市大野西566-1", "url": "https://www.kaigokensaku.mhlw.go.jp/27/index.php?action_kouhyou_detail_004_kani=true&JigyosyoCd=2779301528-00&ServiceCd=210&Type=search", "url2": "http://kyoyukai.org" }, "geometry": { "type": "Point", "coordinates": [ 135.541802299999972, 34.471166 ] } },
{ "type": "Feature", "properties": { "内容": "寿里苑花舞の郷ショートステイ【短期入所生活介護】大阪狭山市東池尻4-1336-1", "url": "https://www.kaigokensaku.mhlw.go.jp/27/index.php?action_kouhyou_detail_004_kani=true&JigyosyoCd=2779301049-00&ServiceCd=210&Type=search", "url2": "http://www.julien.or.jp/hana_care/hana_indx.html" }, "geometry": { "type": "Point", "coordinates": [ 135.5550925, 34.5140556 ] } },
{ "type": "Feature", "properties": { "内容": "特別養護老人ホームくみのき苑【短期入所生活介護】大阪狭山市東茱萸木四丁目1977番地", "url": "https://www.kaigokensaku.mhlw.go.jp/27/index.php?action_kouhyou_detail_004_kani=true&JigyosyoCd=2779300132-00&ServiceCd=210&Type=search", "url2": "http://rapport-kuminoki.jp/" }, "geometry": { "type": "Point", "coordinates": [ 135.557167599999957, 34.4831562 ] } },
{ "type": "Feature", "properties": { "内容": "特別養護老人ホーム　ファヴォーレ【短期入所生活介護】大阪府大阪狭山市大野西５６６－２", "url": "https://www.kaigokensaku.mhlw.go.jp/27/index.php?action_kouhyou_detail_004_kani=true&JigyosyoCd=2779300181-00&ServiceCd=210&Type=search", "url2": "http://kyoyukai.org" }, "geometry": { "type": "Point", "coordinates": [ 135.541807899999981, 34.4711909 ] } },
{ "type": "Feature", "properties": { "内容": "特別養護老人ホーム　陽だまりの丘【短期入所生活介護】大阪府大阪狭山市大野台１丁目１４番２０号", "url": "https://www.kaigokensaku.mhlw.go.jp/27/index.php?action_kouhyou_detail_004_kani=true&JigyosyoCd=2779300769-00&ServiceCd=210&Type=search", "url2": "http://osakasayamahakuyukai.jp" }, "geometry": { "type": "Point", "coordinates": [ 135.550765400000046, 34.4828312 ] } },
{ "type": "Feature", "properties": { "内容": "やぶしたショートステイ【短期入所生活介護】大阪府阪南市鳥取４５１－１薮下介護事業所", "url": "https://www.kaigokensaku.mhlw.go.jp/27/index.php?action_kouhyou_detail_004_kani=true&JigyosyoCd=2779501002-00&ServiceCd=210&Type=search", "url2": "https://yabushita.or.jp/" }, "geometry": { "type": "Point", "coordinates": [ 135.232012182237213, 34.350348963499016 ] } },
{ "type": "Feature", "properties": { "内容": "ショートステイ　さくら【短期入所生活介護】大阪府阪南市桃の木台一丁目２番地１", "url": "https://www.kaigokensaku.mhlw.go.jp/27/index.php?action_kouhyou_detail_004_kani=true&JigyosyoCd=2779500905-00&ServiceCd=210&Type=search", "url2": "http://sakura-h.or.jp" }, "geometry": { "type": "Point", "coordinates": [ 135.221024899999946, 34.3328525 ] } },
{ "type": "Feature", "properties": { "内容": "介護老人福祉施設　玉井泉陽園【短期入所生活介護】大阪府阪南市下出371番地の1", "url": "https://www.kaigokensaku.mhlw.go.jp/27/index.php?action_kouhyou_detail_004_kani=true&JigyosyoCd=2779500061-00&ServiceCd=210&Type=search", "url2": "http://senyoen.jp/" }, "geometry": { "type": "Point", "coordinates": [ 135.249121059524555, 34.359601095527609 ] } },
{ "type": "Feature", "properties": { "内容": "玉田山荘ショートステイ事業【短期入所生活介護】大阪府阪南市石田738番地の4", "url": "https://www.kaigokensaku.mhlw.go.jp/27/index.php?action_kouhyou_detail_004_kani=true&JigyosyoCd=2779500103-00&ServiceCd=210&Type=search", "url2": "http://www.tamadayama.or.jp" }, "geometry": { "type": "Point", "coordinates": [ 135.246619199999913, 34.3455362 ] } },
{ "type": "Feature", "properties": { "内容": "短期入所生活介護　弥栄の郷【短期入所生活介護】大阪府三島郡島本町山崎五丁目３番２５号", "url": "https://www.kaigokensaku.mhlw.go.jp/27/index.php?action_kouhyou_detail_004_kani=true&JigyosyoCd=2773900069-00&ServiceCd=210&Type=search", "url2": "https://yaenosato-19910801.jp/" }, "geometry": { "type": "Point", "coordinates": [ 135.67562410000005, 34.8937239 ] } },
{ "type": "Feature", "properties": { "内容": "島本の郷短期入所生活介護【短期入所生活介護】大阪府三島郡島本町若山台1-3-8", "url": "https://www.kaigokensaku.mhlw.go.jp/27/index.php?action_kouhyou_detail_004_kani=true&JigyosyoCd=2773900630-00&ServiceCd=210&Type=search", "url2": "https://hironokai.com/" }, "geometry": { "type": "Point", "coordinates": [ 135.659235, 34.8884917 ] } },
{ "type": "Feature", "properties": { "内容": "ショートステイ・リビング祥雲館【短期入所生活介護】大阪府豊能郡豊能町吉川36番地の1", "url": "https://www.kaigokensaku.mhlw.go.jp/27/index.php?action_kouhyou_detail_004_kani=true&JigyosyoCd=2774700716-00&ServiceCd=210&Type=search", "url2": "http://syownkan.jp" }, "geometry": { "type": "Point", "coordinates": [ 135.446961, 34.9164362 ] } },
{ "type": "Feature", "properties": { "内容": "のせの里短期入所生活介護支援事業所【短期入所生活介護】大阪府豊能郡豊能町木代３３５", "url": "https://www.kaigokensaku.mhlw.go.jp/27/index.php?action_kouhyou_detail_004_kani=true&JigyosyoCd=2774700179-00&ServiceCd=210&Type=search", "url2": null }, "geometry": { "type": "Point", "coordinates": [ 135.4972206, 34.9195005 ] } },
{ "type": "Feature", "properties": { "内容": "特別養護老人ホーム祥雲館【短期入所生活介護】大阪府豊能郡豊能町吉川１８７－１", "url": "https://www.kaigokensaku.mhlw.go.jp/27/index.php?action_kouhyou_detail_004_kani=true&JigyosyoCd=2774700682-00&ServiceCd=210&Type=search", "url2": "http://syownkanjp" }, "geometry": { "type": "Point", "coordinates": [ 135.447591500000044, 34.9118783 ] } },
{ "type": "Feature", "properties": { "内容": "特別養護老人ホーム　青山荘ショートステイ【短期入所生活介護】大阪府豊能郡能勢町平野142番地の1", "url": "https://www.kaigokensaku.mhlw.go.jp/27/index.php?action_kouhyou_detail_004_kani=true&JigyosyoCd=2774700229-00&ServiceCd=210&Type=search", "url2": "http://fuyoufukusikai.com/" }, "geometry": { "type": "Point", "coordinates": [ 135.394868, 34.9556542 ] } },
{ "type": "Feature", "properties": { "内容": "ピープルハウス忠岡【短期入所生活介護】大阪府泉北郡忠岡町高月北１－１１－３", "url": "https://www.kaigokensaku.mhlw.go.jp/27/index.php?action_kouhyou_detail_004_kani=true&JigyosyoCd=2775400043-00&ServiceCd=210&Type=search", "url2": "http://www.koseikai.org" }, "geometry": { "type": "Point", "coordinates": [ 135.417135799999983, 34.477811 ] } },
{ "type": "Feature", "properties": { "内容": "ショートステイ第２永楽荘【短期入所生活介護】大阪府泉南郡熊取町野田３丁目2070番1", "url": "https://www.kaigokensaku.mhlw.go.jp/27/index.php?action_kouhyou_detail_004_kani=true&JigyosyoCd=2771200843-00&ServiceCd=210&Type=search", "url2": "http://www.eiraku-fukushi.com" }, "geometry": { "type": "Point", "coordinates": [ 135.356230454769957, 34.403998004363494 ] } },
{ "type": "Feature", "properties": { "内容": "特別養護老人ホーム第１永楽荘【短期入所生活介護】大阪府泉南郡熊取町野田三丁目1111番地2", "url": "https://www.kaigokensaku.mhlw.go.jp/27/index.php?action_kouhyou_detail_004_kani=true&JigyosyoCd=2771200165-00&ServiceCd=210&Type=search", "url2": "http://www.eiraku-fukushi.com" }, "geometry": { "type": "Point", "coordinates": [ 135.355565500000012, 34.4047404 ] } },
{ "type": "Feature", "properties": { "内容": "特別養護老人ホーム弥栄園【短期入所生活介護】大阪府泉南郡熊取町大久保南三丁目1380番地の1", "url": "https://www.kaigokensaku.mhlw.go.jp/27/index.php?action_kouhyou_detail_004_kani=true&JigyosyoCd=2771200132-00&ServiceCd=210&Type=search", "url2": "http://www.yasakaen.com" }, "geometry": { "type": "Point", "coordinates": [ 135.342975, 34.3955745 ] } },
{ "type": "Feature", "properties": { "内容": "特別養護老人ホーム　フィオーレ南海【短期入所生活介護】大阪府泉南郡田尻町吉見326-1", "url": "https://www.kaigokensaku.mhlw.go.jp/27/index.php?action_kouhyou_detail_004_kani=true&JigyosyoCd=2771200074-00&ServiceCd=210&Type=search", "url2": "http://www.fiorenankai.join-us.jp" }, "geometry": { "type": "Point", "coordinates": [ 135.286521200000038, 34.3862499 ] } },
{ "type": "Feature", "properties": { "内容": "ショートステイ　淡輪園【短期入所生活介護】大阪府泉南郡岬町淡輪１７７０番地在宅介護支援センター淡輪園", "url": "https://www.kaigokensaku.mhlw.go.jp/27/index.php?action_kouhyou_detail_004_kani=true&JigyosyoCd=2771201270-00&ServiceCd=210&Type=search", "url2": "http://tannowaen.ec-net.jp/index.html" }, "geometry": { "type": "Point", "coordinates": [ 135.18348919999994, 34.321189 ] } },
{ "type": "Feature", "properties": { "内容": "社会福祉法人　朱音会　地域密着型特別養護老人ホームふくの音【短期入所生活介護】大阪府南河内郡太子町大字山田３３６１番地", "url": "https://www.kaigokensaku.mhlw.go.jp/27/index.php?action_kouhyou_detail_004_kani=true&JigyosyoCd=2773501032-00&ServiceCd=210&Type=search", "url2": "http://www.fukunone.net" }, "geometry": { "type": "Point", "coordinates": [ 135.650369299999966, 34.521734 ] } },
{ "type": "Feature", "properties": { "内容": "医療法人清秀会　なかつじショートステイ【短期入所生活介護】大阪府南河内郡太子町大字太子1763番", "url": "https://www.kaigokensaku.mhlw.go.jp/27/index.php?action_kouhyou_detail_004_kani=true&JigyosyoCd=2773500950-00&ServiceCd=210&Type=search", "url2": null }, "geometry": { "type": "Point", "coordinates": [ 135.637918136770622, 34.517986640346329 ] } },
{ "type": "Feature", "properties": { "内容": "特別養護老人ホーム　美野の里【短期入所生活介護】大阪府南河内郡太子町山田２５５０", "url": "https://www.kaigokensaku.mhlw.go.jp/27/index.php?action_kouhyou_detail_004_kani=true&JigyosyoCd=2773500216-00&ServiceCd=210&Type=search", "url2": "http://www.minonosato.com" }, "geometry": { "type": "Point", "coordinates": [ 135.657535400000029, 34.5140433 ] } },
{ "type": "Feature", "properties": { "内容": "地域密着型介護老人福祉施設　ゆうり・短期入所施設　ゆうり【短期入所生活介護】大阪府南河内郡河南町大字神山259番１", "url": "https://www.kaigokensaku.mhlw.go.jp/27/index.php?action_kouhyou_detail_004_kani=true&JigyosyoCd=2773500919-00&ServiceCd=210&Type=search", "url2": "http://www.jyunshin.or.jp/anri/" }, "geometry": { "type": "Point", "coordinates": [ 135.621125500000062, 34.4798298 ] } },
{ "type": "Feature", "properties": { "内容": "特別養護老人ホーム　あんり【短期入所生活介護】大阪府南河内郡河南町大字寛弘寺１０１番地", "url": "https://www.kaigokensaku.mhlw.go.jp/27/index.php?action_kouhyou_detail_004_kani=true&JigyosyoCd=2773500778-00&ServiceCd=210&Type=search", "url2": "http://www.jyunshin.or.jp/anri/" }, "geometry": { "type": "Point", "coordinates": [ 135.624339, 34.4824684 ] } },
{ "type": "Feature", "properties": { "内容": "特別養護老人ホーム菊水苑【短期入所生活介護】大阪府南河内郡河南町大字加納元南１７番地", "url": "https://www.kaigokensaku.mhlw.go.jp/27/index.php?action_kouhyou_detail_004_kani=true&JigyosyoCd=2773500158-00&ServiceCd=210&Type=search", "url2": "http://www.kikusuien.com/" }, "geometry": { "type": "Point", "coordinates": [ 135.645846198269595, 34.485835820345898 ] } },
{ "type": "Feature", "properties": { "内容": "特別養護老人ホーム　千早赤阪春の家【短期入所生活介護】大阪府南河内郡千早赤阪村東阪122-1番地", "url": "https://www.kaigokensaku.mhlw.go.jp/27/index.php?action_kouhyou_detail_004_kani=true&JigyosyoCd=2773500356-00&ServiceCd=210&Type=search", "url2": "http://www.harunoie.net" }, "geometry": { "type": "Point", "coordinates": [ 135.61437090000004, 34.4503832 ] } }
]
}
