{
"type": "FeatureCollection",
"name": "geo_27_通所介護",
"crs": { "type": "name", "properties": { "name": "urn:ogc:def:crs:OGC:1.3:CRS84" } },
"features": [
{ "type": "Feature", "properties": { "内容": "健康サロンサンアドバンス桜ノ宮【通所介護】大阪市都島区中野町5-2-14", "url": "https://www.kaigokensaku.mhlw.go.jp/27/index.php?action_kouhyou_detail_004_kani=true&JigyosyoCd=2775202472-00&ServiceCd=150&Type=search", "url2": "http://www.sanyohomescommunity.co.jp/san-advance/" }, "geometry": { "type": "Point", "coordinates": [ 135.519984960713174, 34.705656993407125 ] } },
{ "type": "Feature", "properties": { "内容": "サロンアンドスポーツピース【通所介護】大阪府大阪市都島区毛馬町５丁目８番６号", "url": "https://www.kaigokensaku.mhlw.go.jp/27/index.php?action_kouhyou_detail_004_kani=true&JigyosyoCd=2775202258-00&ServiceCd=150&Type=search", "url2": null }, "geometry": { "type": "Point", "coordinates": [ 135.524789756662813, 34.725701586883943 ] } },
{ "type": "Feature", "properties": { "内容": "サロンアンドスポーツいち【通所介護】大阪市都島区中野町1丁目12番9号　2F", "url": "https://www.kaigokensaku.mhlw.go.jp/27/index.php?action_kouhyou_detail_004_kani=true&JigyosyoCd=2775201532-00&ServiceCd=150&Type=search", "url2": null }, "geometry": { "type": "Point", "coordinates": [ 135.52323397714747, 34.701137804920251 ] } },
{ "type": "Feature", "properties": { "内容": "慶生会　リハｂｙデイ都島【通所介護】大阪市都島区中野町２－７－１２プロシード桜之宮１Ｆ", "url": "https://www.kaigokensaku.mhlw.go.jp/27/index.php?action_kouhyou_detail_004_kani=true&JigyosyoCd=2775201185-00&ServiceCd=150&Type=search", "url2": "http://www.kyouseikai.org/" }, "geometry": { "type": "Point", "coordinates": [ 135.527629400000023, 34.700293200000011 ] } },
{ "type": "Feature", "properties": { "内容": "デイサービスセンター網島の郷【通所介護】大阪府大阪市都島区網島町8番7号", "url": "https://www.kaigokensaku.mhlw.go.jp/27/index.php?action_kouhyou_detail_004_kani=true&JigyosyoCd=2775202837-00&ServiceCd=150&Type=search", "url2": "http://sanyofukushikai.com/" }, "geometry": { "type": "Point", "coordinates": [ 135.5261611, 34.6946167 ] } },
{ "type": "Feature", "properties": { "内容": "友渕地域在宅サービスステーション　ひまわり【通所介護】大阪市都島区友渕町１丁目３番１０８号", "url": "https://www.kaigokensaku.mhlw.go.jp/27/index.php?action_kouhyou_detail_004_kani=true&JigyosyoCd=2775200062-00&ServiceCd=150&Type=search", "url2": "http://miyakojima.or.jp/day_himawari" }, "geometry": { "type": "Point", "coordinates": [ 135.527687600000036, 34.7201798 ] } },
{ "type": "Feature", "properties": { "内容": "淀川地域在宅サービスステーション【通所介護】大阪府大阪市都島区毛馬町5-5-23", "url": "https://www.kaigokensaku.mhlw.go.jp/27/index.php?action_kouhyou_detail_004_kani=true&JigyosyoCd=2775200344-00&ServiceCd=150&Type=search", "url2": "http://www.smile-yume.com" }, "geometry": { "type": "Point", "coordinates": [ 135.525162799999947, 34.7254208 ] } },
{ "type": "Feature", "properties": { "内容": "リハスタジオアルモ都島【通所介護】大阪府大阪市都島区中野町４丁目6番13プレステージ桜ノ宮102", "url": "https://www.kaigokensaku.mhlw.go.jp/27/index.php?action_kouhyou_detail_004_kani=true&JigyosyoCd=2775203140-00&ServiceCd=150&Type=search", "url2": "https://walong-reha.com/" }, "geometry": { "type": "Point", "coordinates": [ 135.5213852, 34.7034428 ] } },
{ "type": "Feature", "properties": { "内容": "いきいきハウスデイサービス【通所介護】大阪府大阪市福島区野田6-3-64", "url": "https://www.kaigokensaku.mhlw.go.jp/27/index.php?action_kouhyou_detail_004_kani=true&JigyosyoCd=2770200844-00&ServiceCd=150&Type=search", "url2": "https://ikiikihouse.jp" }, "geometry": { "type": "Point", "coordinates": [ 135.472940200000039, 34.6838437 ] } },
{ "type": "Feature", "properties": { "内容": "デイサロンリレア【通所介護】大阪府大阪市福島区野田二丁目１６番１号大八ビル1階", "url": "https://www.kaigokensaku.mhlw.go.jp/27/index.php?action_kouhyou_detail_004_kani=true&JigyosyoCd=2770201719-00&ServiceCd=150&Type=search", "url2": "https://www.ange-care.com" }, "geometry": { "type": "Point", "coordinates": [ 135.4758942, 34.6851436 ] } },
{ "type": "Feature", "properties": { "内容": "歩　リハビリデイサービス【通所介護】大阪府大阪市福島区福島六丁目24番7号尚玄ビル1階A3号室", "url": "https://www.kaigokensaku.mhlw.go.jp/27/index.php?action_kouhyou_detail_004_kani=true&JigyosyoCd=2770201057-00&ServiceCd=150&Type=search", "url2": null }, "geometry": { "type": "Point", "coordinates": [ 135.489269175346408, 34.702318321381725 ] } },
{ "type": "Feature", "properties": { "内容": "福島ともしび苑デイサービスセンター【通所介護】大阪市福島区吉野５丁目６番１１号", "url": "https://www.kaigokensaku.mhlw.go.jp/27/index.php?action_kouhyou_detail_004_kani=true&JigyosyoCd=2770200174-00&ServiceCd=150&Type=search", "url2": "http://www.tomoshibifukushikai.jp/" }, "geometry": { "type": "Point", "coordinates": [ 135.466993399999978, 34.6867904 ] } },
{ "type": "Feature", "properties": { "内容": "阪神長楽苑デイサービスセンター【通所介護】大阪府大阪市福島区福島4丁目6番24号", "url": "https://www.kaigokensaku.mhlw.go.jp/27/index.php?action_kouhyou_detail_004_kani=true&JigyosyoCd=2770200737-00&ServiceCd=150&Type=search", "url2": "https://tyourakuen.web.fc2.com/" }, "geometry": { "type": "Point", "coordinates": [ 135.483822199999963, 34.6952732 ] } },
{ "type": "Feature", "properties": { "内容": "ぽーとこのはなデイサービス【通所介護】大阪府大阪市此花区此花区梅香１丁目16-11", "url": "https://www.kaigokensaku.mhlw.go.jp/27/index.php?action_kouhyou_detail_004_kani=true&JigyosyoCd=2772800856-00&ServiceCd=150&Type=search", "url2": "http://www.accesshl-kaigo.com" }, "geometry": { "type": "Point", "coordinates": [ 135.461230200000045, 34.6839128 ] } },
{ "type": "Feature", "properties": { "内容": "ガーデン天使デイサービスセンター【通所介護】大阪市此花区島屋４丁目１番１１号", "url": "https://www.kaigokensaku.mhlw.go.jp/27/index.php?action_kouhyou_detail_004_kani=true&JigyosyoCd=2772800203-00&ServiceCd=150&Type=search", "url2": "http://garden-tenshi.jp/" }, "geometry": { "type": "Point", "coordinates": [ 135.443737599999963, 34.674044 ] } },
{ "type": "Feature", "properties": { "内容": "大阪暁明館通所介護センター【通所介護】大阪府大阪市此花区酉島３丁目１０番１号", "url": "https://www.kaigokensaku.mhlw.go.jp/27/index.php?action_kouhyou_detail_004_kani=true&JigyosyoCd=2772800922-00&ServiceCd=150&Type=search", "url2": "http://www.gyoumeikan.or.jp/torishima/" }, "geometry": { "type": "Point", "coordinates": [ 135.441374177384887, 34.683051047062193 ] } },
{ "type": "Feature", "properties": { "内容": "デイサービス　エスポワール【通所介護】大阪府大阪市此花区春日出北1-26-2デイサービス　エスポワール", "url": "https://www.kaigokensaku.mhlw.go.jp/27/index.php?action_kouhyou_detail_004_kani=true&JigyosyoCd=2772801177-00&ServiceCd=150&Type=search", "url2": null }, "geometry": { "type": "Point", "coordinates": [ 135.449569956448727, 34.683656525961439 ] } },
{ "type": "Feature", "properties": { "内容": "ふれあいデイサービス此花【通所介護】大阪府大阪市此花区春日出北1-1-252階", "url": "https://www.kaigokensaku.mhlw.go.jp/27/index.php?action_kouhyou_detail_004_kani=true&JigyosyoCd=2772801300-00&ServiceCd=150&Type=search", "url2": "http://www.k-hakuaikai.jp/dayservice/" }, "geometry": { "type": "Point", "coordinates": [ 135.4523898, 34.682591 ] } },
{ "type": "Feature", "properties": { "内容": "デイサービスセンターアマトール此花【通所介護】大阪市此花区酉島1丁目6－2デイサービスセンターアマトール此花", "url": "https://www.kaigokensaku.mhlw.go.jp/27/index.php?action_kouhyou_detail_004_kani=true&JigyosyoCd=2772800534-00&ServiceCd=150&Type=search", "url2": "https://honami.or.jp" }, "geometry": { "type": "Point", "coordinates": [ 135.445520609895311, 34.684211095136284 ] } },
{ "type": "Feature", "properties": { "内容": "ニチイケアセンター此花【通所介護】大阪市此花区春日出北1-20-6セントハイネリア1階", "url": "https://www.kaigokensaku.mhlw.go.jp/27/index.php?action_kouhyou_detail_004_kani=true&JigyosyoCd=2772800179-00&ServiceCd=150&Type=search", "url2": "http://www.nichiigakkan.co.jp" }, "geometry": { "type": "Point", "coordinates": [ 135.4519282, 34.6843764 ] } },
{ "type": "Feature", "properties": { "内容": "デイサービスセンタークレーネ大阪【通所介護】大阪府大阪市此花区春日出北1丁目22－3", "url": "https://www.kaigokensaku.mhlw.go.jp/27/index.php?action_kouhyou_detail_004_kani=true&JigyosyoCd=2772801227-00&ServiceCd=150&Type=search", "url2": "https://kurene.jp" }, "geometry": { "type": "Point", "coordinates": [ 135.450595, 34.6840208 ] } },
{ "type": "Feature", "properties": { "内容": "デイサービスいなりゆ【通所介護】大阪府大阪市此花区梅香1-20-12", "url": "https://www.kaigokensaku.mhlw.go.jp/27/index.php?action_kouhyou_detail_004_kani=true&JigyosyoCd=2772800815-00&ServiceCd=150&Type=search", "url2": null }, "geometry": { "type": "Point", "coordinates": [ 135.459872200000035, 34.6839854 ] } },
{ "type": "Feature", "properties": { "内容": "日新会病院ナイスデイ【通所介護】大阪府大阪市西区新町４丁目４番８号", "url": "https://www.kaigokensaku.mhlw.go.jp/27/index.php?action_kouhyou_detail_004_kani=true&JigyosyoCd=2771800618-00&ServiceCd=150&Type=search", "url2": "https://nisshinkai.jp" }, "geometry": { "type": "Point", "coordinates": [ 135.486925202316343, 34.676176082445117 ] } },
{ "type": "Feature", "properties": { "内容": "ケアヴィレッジ九条通所介護事業所ナイスデイ九条【通所介護】大阪府大阪市西区九条1丁目２１－２４", "url": "https://www.kaigokensaku.mhlw.go.jp/27/index.php?action_kouhyou_detail_004_kani=true&JigyosyoCd=2771801004-00&ServiceCd=150&Type=search", "url2": "http://nisshinnkai.jp/htm/kujo/kujo/_033.htm" }, "geometry": { "type": "Point", "coordinates": [ 135.474873699999989, 34.6745838 ] } },
{ "type": "Feature", "properties": { "内容": "デイサービスグッドライフケア靭公園【通所介護】大阪府大阪市西区京町堀二丁目7番7号アルブラン京町堀1階", "url": "https://www.kaigokensaku.mhlw.go.jp/27/index.php?action_kouhyou_detail_004_kani=true&JigyosyoCd=2771802655-00&ServiceCd=150&Type=search", "url2": "https://goodlifecare.co.jp/" }, "geometry": { "type": "Point", "coordinates": [ 135.4913377, 34.6855717 ] } },
{ "type": "Feature", "properties": { "内容": "江之子島コスモス苑デイサービスセンター【通所介護】大阪市西区江之子島１－８－４４", "url": "https://www.kaigokensaku.mhlw.go.jp/27/index.php?action_kouhyou_detail_004_kani=true&JigyosyoCd=2771800154-00&ServiceCd=150&Type=search", "url2": "https://tane.or.jp/dayservice/index.html/" }, "geometry": { "type": "Point", "coordinates": [ 135.484247500000038, 34.684119 ] } },
{ "type": "Feature", "properties": { "内容": "デイサービス　プログレス３２【通所介護】大阪府大阪市西区九条南1-2-20ドーム前いずみ１F", "url": "https://www.kaigokensaku.mhlw.go.jp/27/index.php?action_kouhyou_detail_004_kani=true&JigyosyoCd=2771802150-00&ServiceCd=150&Type=search", "url2": "https://thirty-two.co.jp" }, "geometry": { "type": "Point", "coordinates": [ 135.4767041, 34.6720453 ] } },
{ "type": "Feature", "properties": { "内容": "エルケア株式会社デイサービス弁天町【通所介護】大阪府大阪市港区波除2-5-12ドゥエル倉本II２階", "url": "https://www.kaigokensaku.mhlw.go.jp/27/index.php?action_kouhyou_detail_004_kani=true&JigyosyoCd=2770400949-00&ServiceCd=150&Type=search", "url2": "https://www.l-care.jp/" }, "geometry": { "type": "Point", "coordinates": [ 135.464530299999979, 34.6700174 ] } },
{ "type": "Feature", "properties": { "内容": "医療法人　徳寿会　あさデイサービス【通所介護】大阪府大阪市港区港晴１丁目１番２１号", "url": "https://www.kaigokensaku.mhlw.go.jp/27/index.php?action_kouhyou_detail_004_kani=true&JigyosyoCd=2770401772-00&ServiceCd=150&Type=search", "url2": "http://www.tokujyukai.com" }, "geometry": { "type": "Point", "coordinates": [ 135.443402, 34.657171 ] } },
{ "type": "Feature", "properties": { "内容": "医療法人隆明会　やまき【通所介護】大阪府大阪市港区八幡屋1-11-10シカタビル3Ｆ", "url": "https://www.kaigokensaku.mhlw.go.jp/27/index.php?action_kouhyou_detail_004_kani=true&JigyosyoCd=2770401509-00&ServiceCd=150&Type=search", "url2": "http://yagiclinic.com/" }, "geometry": { "type": "Point", "coordinates": [ 135.446243399999958, 34.6575628 ] } },
{ "type": "Feature", "properties": { "内容": "デイサービスホープ32【通所介護】大阪府大阪市港区港晴3-1-3ラムール朝潮橋", "url": "https://www.kaigokensaku.mhlw.go.jp/27/index.php?action_kouhyou_detail_004_kani=true&JigyosyoCd=2770401871-00&ServiceCd=150&Type=search", "url2": "https://thirty-two.co.jp/" }, "geometry": { "type": "Point", "coordinates": [ 135.445279600000049, 34.6586265 ] } },
{ "type": "Feature", "properties": { "内容": "三協グループ株式会社介護事業部デイサービスセンター「やすらぎ」【通所介護】大阪市港区弁天五丁目１４番３号シーサイドヴィラ5番館　1F", "url": "https://www.kaigokensaku.mhlw.go.jp/27/index.php?action_kouhyou_detail_004_kani=true&JigyosyoCd=2770400337-00&ServiceCd=150&Type=search", "url2": "http://sankyo-group.co.jp/" }, "geometry": { "type": "Point", "coordinates": [ 135.455756, 34.6726723 ] } },
{ "type": "Feature", "properties": { "内容": "みなとデイサービスセンター【通所介護】大阪市港区八幡屋４丁目８番１号", "url": "https://www.kaigokensaku.mhlw.go.jp/27/index.php?action_kouhyou_detail_004_kani=true&JigyosyoCd=2770400105-00&ServiceCd=150&Type=search", "url2": "http://www.minatoryo.or.jp/" }, "geometry": { "type": "Point", "coordinates": [ 135.446463706082142, 34.651779886902879 ] } },
{ "type": "Feature", "properties": { "内容": "特別養護老人ホーム　ザイオン【通所介護】大阪市港区市岡１丁目５番３０号", "url": "https://www.kaigokensaku.mhlw.go.jp/27/index.php?action_kouhyou_detail_004_kani=true&JigyosyoCd=2770400253-00&ServiceCd=150&Type=search", "url2": "http://www.zaion.or.jp" }, "geometry": { "type": "Point", "coordinates": [ 135.46214729999997, 34.664251300000018 ] } },
{ "type": "Feature", "properties": { "内容": "ＮＰＯみなと合同ケアセンター【通所介護】大阪市港区南市岡3-6-26", "url": "https://www.kaigokensaku.mhlw.go.jp/27/index.php?action_kouhyou_detail_004_kani=true&JigyosyoCd=2770400402-00&ServiceCd=150&Type=search", "url2": null }, "geometry": { "type": "Point", "coordinates": [ 135.466529958196986, 34.663882629839911 ] } },
{ "type": "Feature", "properties": { "内容": "パナソニックエイジフリーケアセンター　天保山デイサービス【通所介護】大阪市港区築港３－７－１５　港振興ビル１F", "url": "https://www.kaigokensaku.mhlw.go.jp/27/index.php?action_kouhyou_detail_004_kani=true&JigyosyoCd=2770400931-00&ServiceCd=150&Type=search", "url2": "http://www.net-kaigo.com/dayservice/" }, "geometry": { "type": "Point", "coordinates": [ 135.433312300000011, 34.6544041 ] } },
{ "type": "Feature", "properties": { "内容": "市岡東地域在宅サービスステーションさくら【通所介護】大阪市港区波除5丁目4番7号", "url": "https://www.kaigokensaku.mhlw.go.jp/27/index.php?action_kouhyou_detail_004_kani=true&JigyosyoCd=2770400071-00&ServiceCd=150&Type=search", "url2": "http://cwoweb2.bai.ne.jp/namiyoke" }, "geometry": { "type": "Point", "coordinates": [ 135.46152494966816, 34.673298587779527 ] } },
{ "type": "Feature", "properties": { "内容": "コンパスウォーク磯路一日型【通所介護】大阪府大阪市港区夕凪1−3−19第一柴田ビル", "url": "https://www.kaigokensaku.mhlw.go.jp/27/index.php?action_kouhyou_detail_004_kani=true&JigyosyoCd=2770402291-00&ServiceCd=150&Type=search", "url2": "https://healing-walk.com/" }, "geometry": { "type": "Point", "coordinates": [ 135.4542548, 34.6636599 ] } },
{ "type": "Feature", "properties": { "内容": "コンパスウォークみなと通り【通所介護】大阪府大阪市港区夕凪1-17-6", "url": "https://www.kaigokensaku.mhlw.go.jp/27/index.php?action_kouhyou_detail_004_kani=true&JigyosyoCd=2770402077-00&ServiceCd=150&Type=search", "url2": "https://healing-walk.com/" }, "geometry": { "type": "Point", "coordinates": [ 135.454169200000024, 34.6619637 ] } },
{ "type": "Feature", "properties": { "内容": "コンパスウォーク夕凪【通所介護】大阪府大阪市港区弁天2-13-16第八柴田ビル105", "url": "https://www.kaigokensaku.mhlw.go.jp/27/index.php?action_kouhyou_detail_004_kani=true&JigyosyoCd=2770402135-00&ServiceCd=150&Type=search", "url2": "https://healing-walk.net/company/" }, "geometry": { "type": "Point", "coordinates": [ 135.455863130179466, 34.667119779716934 ] } },
{ "type": "Feature", "properties": { "内容": "スマイルＦｉｔ「やすらぎ」【通所介護】大阪府大阪市港区弁天五丁目11番9号TEAL　RESIDEENCE　BAY", "url": "https://www.kaigokensaku.mhlw.go.jp/27/index.php?action_kouhyou_detail_004_kani=true&JigyosyoCd=2770402234-00&ServiceCd=150&Type=search", "url2": "https://sankyo-group.co.jp/" }, "geometry": { "type": "Point", "coordinates": [ 135.456486991579396, 34.672381333648183 ] } },
{ "type": "Feature", "properties": { "内容": "ヒューマンライフケアひらお湯【通所介護】大阪府大阪市大正区平尾３－１０－１１", "url": "https://www.kaigokensaku.mhlw.go.jp/27/index.php?action_kouhyou_detail_004_kani=true&JigyosyoCd=2772701237-00&ServiceCd=150&Type=search", "url2": "http://hlc.athuman.com" }, "geometry": { "type": "Point", "coordinates": [ 135.474888314749933, 34.639329106777815 ] } },
{ "type": "Feature", "properties": { "内容": "医療法人港南会デイサービスセンターフルライン【通所介護】大阪市大正区鶴町1-2-21", "url": "https://www.kaigokensaku.mhlw.go.jp/27/index.php?action_kouhyou_detail_004_kani=true&JigyosyoCd=2772700940-00&ServiceCd=150&Type=search", "url2": null }, "geometry": { "type": "Point", "coordinates": [ 135.460748807409686, 34.635377 ] } },
{ "type": "Feature", "properties": { "内容": "デイサービスあいのかぜ【通所介護】大阪府大阪市大正区小林西一丁目10番8号", "url": "https://www.kaigokensaku.mhlw.go.jp/27/index.php?action_kouhyou_detail_004_kani=true&JigyosyoCd=2772700866-00&ServiceCd=150&Type=search", "url2": "http://homepage2.nifty.com/aishin/" }, "geometry": { "type": "Point", "coordinates": [ 135.469305599999984, 34.6463342 ] } },
{ "type": "Feature", "properties": { "内容": "社会医療法人　愛仁会　デイサービスセンター　おかじま【通所介護】大阪府大阪市大正区南恩加島五丁目4番5号", "url": "https://www.kaigokensaku.mhlw.go.jp/27/index.php?action_kouhyou_detail_004_kani=true&JigyosyoCd=2772702060-00&ServiceCd=150&Type=search", "url2": "http://www.aijinkai.or.jp/slowlife_okajima/menu01/index.html" }, "geometry": { "type": "Point", "coordinates": [ 135.468919699999987, 34.6398378 ] } },
{ "type": "Feature", "properties": { "内容": "らいおんリハビリデイサービス【通所介護】大阪府大阪市大正区泉尾1-13-1アネール泉尾1階", "url": "https://www.kaigokensaku.mhlw.go.jp/27/index.php?action_kouhyou_detail_004_kani=true&JigyosyoCd=2772702003-00&ServiceCd=150&Type=search", "url2": null }, "geometry": { "type": "Point", "coordinates": [ 135.474554600000033, 34.6630852 ] } },
{ "type": "Feature", "properties": { "内容": "ビーナスクラブ泉尾【通所介護】大阪府大阪市大正区泉尾2-14-7", "url": "https://www.kaigokensaku.mhlw.go.jp/27/index.php?action_kouhyou_detail_004_kani=true&JigyosyoCd=2772701609-00&ServiceCd=150&Type=search", "url2": "http://www.venus-comrade.co.jp/" }, "geometry": { "type": "Point", "coordinates": [ 135.472679800000037, 34.6601993 ] } },
{ "type": "Feature", "properties": { "内容": "デイサービスセンタービオスの丘【通所介護】大阪府大阪市大正区鶴町１丁目１１番２０号", "url": "https://www.kaigokensaku.mhlw.go.jp/27/index.php?action_kouhyou_detail_004_kani=true&JigyosyoCd=2772701930-00&ServiceCd=150&Type=search", "url2": "https://jinpu-kai.com/" }, "geometry": { "type": "Point", "coordinates": [ 135.457862699999936, 34.636895299999985 ] } },
{ "type": "Feature", "properties": { "内容": "デイサービスセンター藤の里【通所介護】大阪府大阪市大正区鶴町1-14-7", "url": "https://www.kaigokensaku.mhlw.go.jp/27/index.php?action_kouhyou_detail_004_kani=true&JigyosyoCd=2772700601-00&ServiceCd=150&Type=search", "url2": null }, "geometry": { "type": "Point", "coordinates": [ 135.458037500000046, 34.635063 ] } },
{ "type": "Feature", "properties": { "内容": "医療法人歓喜会　通所介護事業所　辻アクティブ倶楽部【通所介護】大阪市天王寺区生玉前町３番２７号　カサミラビル５階", "url": "https://www.kaigokensaku.mhlw.go.jp/27/index.php?action_kouhyou_detail_004_kani=true&JigyosyoCd=2771701162-00&ServiceCd=150&Type=search", "url2": "http://www.kankikai.com" }, "geometry": { "type": "Point", "coordinates": [ 135.515779052778612, 34.664777451592144 ] } },
{ "type": "Feature", "properties": { "内容": "高津地域在宅サービスステーション　四天王寺たまつくり苑【通所介護】大阪市天王寺区玉造元町1番29号", "url": "https://www.kaigokensaku.mhlw.go.jp/27/index.php?action_kouhyou_detail_004_kani=true&JigyosyoCd=2771700107-00&ServiceCd=150&Type=search", "url2": "http://www.shitennoji-fukushi.jp/aged/tamatukurien.html" }, "geometry": { "type": "Point", "coordinates": [ 135.532610200000022, 34.6731125 ] } },
{ "type": "Feature", "properties": { "内容": "四天王寺きたやま苑デイサービスセンター【通所介護】大阪市天王寺区北山町9-6", "url": "https://www.kaigokensaku.mhlw.go.jp/27/index.php?action_kouhyou_detail_004_kani=true&JigyosyoCd=2771700065-00&ServiceCd=150&Type=search", "url2": "http://www.shitennoji-fukushi.jp/aged/kitayamaen.html" }, "geometry": { "type": "Point", "coordinates": [ 135.5227559, 34.6599832 ] } },
{ "type": "Feature", "properties": { "内容": "デイサービスwill－ウィル－【通所介護】大阪府大阪市天王寺区勝山二丁目14番8号シャンテ勝山1階", "url": "https://www.kaigokensaku.mhlw.go.jp/27/index.php?action_kouhyou_detail_004_kani=true&JigyosyoCd=2771700792-00&ServiceCd=150&Type=search", "url2": "http://hp.kaipoke.biz/ut5/" }, "geometry": { "type": "Point", "coordinates": [ 135.519886065047132, 34.652395978571448 ] } },
{ "type": "Feature", "properties": { "内容": "リハラフ【通所介護】大阪府大阪市天王寺区勝山2丁目11番10号ヴェルデ四天王寺1階", "url": "https://www.kaigokensaku.mhlw.go.jp/27/index.php?action_kouhyou_detail_004_kani=true&JigyosyoCd=2771702467-00&ServiceCd=150&Type=search", "url2": "https://reha-laugh.com/" }, "geometry": { "type": "Point", "coordinates": [ 135.519353200000012, 34.653833 ] } },
{ "type": "Feature", "properties": { "内容": "リハラフwalk【通所介護】大阪市天王寺区勝山2-18-12ヴェルデ四天王寺Ⅱ1階", "url": "https://www.kaigokensaku.mhlw.go.jp/27/index.php?action_kouhyou_detail_004_kani=true&JigyosyoCd=2771702624-00&ServiceCd=150&Type=search", "url2": "https://reha-laugh.com/" }, "geometry": { "type": "Point", "coordinates": [ 135.518586699999986, 34.654075053265203 ] } },
{ "type": "Feature", "properties": { "内容": "リハビリデイサービス大きな手・天王寺【通所介護】大阪市天王寺区国分町9-12", "url": "https://www.kaigokensaku.mhlw.go.jp/27/index.php?action_kouhyou_detail_004_kani=true&JigyosyoCd=2771701865-00&ServiceCd=150&Type=search", "url2": "http://tokaiiryou-group.jp/" }, "geometry": { "type": "Point", "coordinates": [ 135.5233144, 34.6518314 ] } },
{ "type": "Feature", "properties": { "内容": "デイサービスあいほーむ【通所介護】大阪府大阪市天王寺区大道２丁目６番９号シャトー天王寺101", "url": "https://www.kaigokensaku.mhlw.go.jp/27/index.php?action_kouhyou_detail_004_kani=true&JigyosyoCd=2771700941-00&ServiceCd=150&Type=search", "url2": "https://dayservice-aihome.jp/" }, "geometry": { "type": "Point", "coordinates": [ 135.519556500000022, 34.6510509 ] } },
{ "type": "Feature", "properties": { "内容": "ヒューマンライフケアなにわ乃湯【通所介護】大阪府大阪市浪速区稲荷1-12-29グランディールNAMBA1階", "url": "https://www.kaigokensaku.mhlw.go.jp/27/index.php?action_kouhyou_detail_004_kani=true&JigyosyoCd=2774301309-00&ServiceCd=150&Type=search", "url2": "http://hlc.athuman.com/" }, "geometry": { "type": "Point", "coordinates": [ 135.491458599999987, 34.6637716 ] } },
{ "type": "Feature", "properties": { "内容": "リハビリ型デイサービスみのり【通所介護】大阪府大阪市浪速区浪速東3丁目9番24号", "url": "https://www.kaigokensaku.mhlw.go.jp/27/index.php?action_kouhyou_detail_004_kani=true&JigyosyoCd=2774301853-00&ServiceCd=150&Type=search", "url2": null }, "geometry": { "type": "Point", "coordinates": [ 135.48972927605746, 34.6557668634061 ] } },
{ "type": "Feature", "properties": { "内容": "レオHOME【通所介護】大阪府大阪市浪速区敷津西2-7-23ウィークリーグリーンインナンバ　１階", "url": "https://www.kaigokensaku.mhlw.go.jp/27/index.php?action_kouhyou_detail_004_kani=true&JigyosyoCd=2774303230-00&ServiceCd=150&Type=search", "url2": "https://www.leo-care.com/" }, "geometry": { "type": "Point", "coordinates": [ 135.4959274, 34.6568718 ] } },
{ "type": "Feature", "properties": { "内容": "デイサービス　ゆめｗｉｌｌ【通所介護】大阪府大阪市浪速区浪速西三丁目4番1号", "url": "https://www.kaigokensaku.mhlw.go.jp/27/index.php?action_kouhyou_detail_004_kani=true&JigyosyoCd=2774300970-00&ServiceCd=150&Type=search", "url2": "http://www.global-c.net/" }, "geometry": { "type": "Point", "coordinates": [ 135.488153600000032, 34.6553948 ] } },
{ "type": "Feature", "properties": { "内容": "富永通所介護事業所【通所介護】大阪府大阪市浪速区桜川1-1-1エルカーサ富永3階", "url": "https://www.kaigokensaku.mhlw.go.jp/27/index.php?action_kouhyou_detail_004_kani=true&JigyosyoCd=2774302620-00&ServiceCd=150&Type=search", "url2": null }, "geometry": { "type": "Point", "coordinates": [ 135.494272099999989, 34.6675239 ] } },
{ "type": "Feature", "properties": { "内容": "デイサービスあいぜん【通所介護】大阪府大阪市浪速区日本橋5-16-19特別養護老人ホームあいぜん5階", "url": "https://www.kaigokensaku.mhlw.go.jp/27/index.php?action_kouhyou_detail_004_kani=true&JigyosyoCd=2774300152-00&ServiceCd=150&Type=search", "url2": "http://www.aizenen.or.jp" }, "geometry": { "type": "Point", "coordinates": [ 135.504676838572806, 34.657520422300685 ] } },
{ "type": "Feature", "properties": { "内容": "デイサービスリハビリオレンジ館【通所介護】大阪府大阪市浪速区大国１丁目９番７号生駒屋ビル２F", "url": "https://www.kaigokensaku.mhlw.go.jp/27/index.php?action_kouhyou_detail_004_kani=true&JigyosyoCd=2774301721-00&ServiceCd=150&Type=search", "url2": "http://www.miyoclub.jp/ikomaya" }, "geometry": { "type": "Point", "coordinates": [ 135.497255600000017, 34.65309790000002 ] } },
{ "type": "Feature", "properties": { "内容": "難波地域在宅サービスステーションなんば　通所介護事業所【通所介護】大阪市浪速区稲荷2-7-11", "url": "https://www.kaigokensaku.mhlw.go.jp/27/index.php?action_kouhyou_detail_004_kani=true&JigyosyoCd=2774300111-00&ServiceCd=150&Type=search", "url2": "https://www.kensyokai.jp/namba/day/" }, "geometry": { "type": "Point", "coordinates": [ 135.489911500000062, 34.6637272 ] } },
{ "type": "Feature", "properties": { "内容": "デイサービスセンター第２あすなろ苑【通所介護】大阪府大阪市浪速区敷津西2丁目８－１０山正ハイツ1階", "url": "https://www.kaigokensaku.mhlw.go.jp/27/index.php?action_kouhyou_detail_004_kani=true&JigyosyoCd=2774300988-00&ServiceCd=150&Type=search", "url2": null }, "geometry": { "type": "Point", "coordinates": [ 135.496267799999941, 34.6571149 ] } },
{ "type": "Feature", "properties": { "内容": "デイサービスセンターアマトール西淀川大野【通所介護】大阪市西淀川区大野1丁目11番18号", "url": "https://www.kaigokensaku.mhlw.go.jp/27/index.php?action_kouhyou_detail_004_kani=true&JigyosyoCd=2771000953-00&ServiceCd=150&Type=search", "url2": "https://honami.or.jp" }, "geometry": { "type": "Point", "coordinates": [ 135.439034166934249, 34.704069738311865 ] } },
{ "type": "Feature", "properties": { "内容": "デイサービスセンター・オアシス【通所介護】大阪府大阪市西淀川区佃1丁目1－1－56コンチネンタル西淀1F", "url": "https://www.kaigokensaku.mhlw.go.jp/27/index.php?action_kouhyou_detail_004_kani=true&JigyosyoCd=2771001837-00&ServiceCd=150&Type=search", "url2": "http://tokeeplife.ne.jp/index.html" }, "geometry": { "type": "Point", "coordinates": [ 135.448572356205773, 34.714667959087677 ] } },
{ "type": "Feature", "properties": { "内容": "クオレ倶楽部【通所介護】大阪市西淀川区大野２丁目１番１０号", "url": "https://www.kaigokensaku.mhlw.go.jp/27/index.php?action_kouhyou_detail_004_kani=true&JigyosyoCd=2771001118-00&ServiceCd=150&Type=search", "url2": "http://www.cuores.com" }, "geometry": { "type": "Point", "coordinates": [ 135.439153900000065, 34.7003324 ] } },
{ "type": "Feature", "properties": { "内容": "デイサービスセンターみてじま【通所介護】大阪市西淀川区御幣島4丁目3番22号", "url": "https://www.kaigokensaku.mhlw.go.jp/27/index.php?action_kouhyou_detail_004_kani=true&JigyosyoCd=2771000466-00&ServiceCd=150&Type=search", "url2": "https://yodokyo-rakuraku.com/" }, "geometry": { "type": "Point", "coordinates": [ 135.453688599999964, 34.7158977 ] } },
{ "type": "Feature", "properties": { "内容": "あおぞら苑Ⅱ【通所介護】大阪府大阪市西淀川区出来島一丁目２番４号", "url": "https://www.kaigokensaku.mhlw.go.jp/27/index.php?action_kouhyou_detail_004_kani=true&JigyosyoCd=2771002173-00&ServiceCd=150&Type=search", "url2": "https://ayumi-aozora.or.jp" }, "geometry": { "type": "Point", "coordinates": [ 135.440483, 34.7076709 ] } },
{ "type": "Feature", "properties": { "内容": "デイサービスセンターフレール【通所介護】大阪市西淀川区福町二丁目4番16号西淀地域在宅サービスステーション", "url": "https://www.kaigokensaku.mhlw.go.jp/27/index.php?action_kouhyou_detail_004_kani=true&JigyosyoCd=2771001357-00&ServiceCd=150&Type=search", "url2": "http://hakuyoukai.net/facilities/dayservice/" }, "geometry": { "type": "Point", "coordinates": [ 135.441281500000059, 34.6977161 ] } },
{ "type": "Feature", "properties": { "内容": "お寺の介護はいにこぽんデイサービス【通所介護】大阪府大阪市西淀川区御幣島１丁目５－８お寺の介護はいにこぽんのいえ", "url": "https://www.kaigokensaku.mhlw.go.jp/27/index.php?action_kouhyou_detail_004_kani=true&JigyosyoCd=2771002264-00&ServiceCd=150&Type=search", "url2": "https://2kopon.jp/" }, "geometry": { "type": "Point", "coordinates": [ 135.457463467459092, 34.712587287684073 ] } },
{ "type": "Feature", "properties": { "内容": "クオレ元気倶楽部【通所介護】大阪府大阪市西淀川区大野２丁目１番１０号", "url": "https://www.kaigokensaku.mhlw.go.jp/27/index.php?action_kouhyou_detail_004_kani=true&JigyosyoCd=2771001688-00&ServiceCd=150&Type=search", "url2": "http://www.cuores.com" }, "geometry": { "type": "Point", "coordinates": [ 135.439153900000065, 34.7003324 ] } },
{ "type": "Feature", "properties": { "内容": "ビーナスクラブ姫島【通所介護】大阪府大阪市西淀川区姫島５丁目３－２８第５ローズマンション1F", "url": "https://www.kaigokensaku.mhlw.go.jp/27/index.php?action_kouhyou_detail_004_kani=true&JigyosyoCd=2771001720-00&ServiceCd=150&Type=search", "url2": "http://www.venus-comrade.co.jp/vc.html" }, "geometry": { "type": "Point", "coordinates": [ 135.453297, 34.7037491 ] } },
{ "type": "Feature", "properties": { "内容": "松福会デイサービスセンター【通所介護】大阪市西淀川区大和田２丁目５番１１号", "url": "https://www.kaigokensaku.mhlw.go.jp/27/index.php?action_kouhyou_detail_004_kani=true&JigyosyoCd=2771000268-00&ServiceCd=150&Type=search", "url2": "http://day-care-service@.s-f-k.or.jp" }, "geometry": { "type": "Point", "coordinates": [ 135.442497900000035, 34.70291 ] } },
{ "type": "Feature", "properties": { "内容": "デイサービス柏里【通所介護】大阪府大阪市西淀川区柏里二丁目13-21デイサービス柏里", "url": "https://www.kaigokensaku.mhlw.go.jp/27/index.php?action_kouhyou_detail_004_kani=true&JigyosyoCd=2771002439-00&ServiceCd=150&Type=search", "url2": null }, "geometry": { "type": "Point", "coordinates": [ 135.465269300000045, 34.7108006 ] } },
{ "type": "Feature", "properties": { "内容": "さくら庵ーずいこう小松ー【通所介護】大阪府大阪市東淀川区小松5丁目6-68", "url": "https://www.kaigokensaku.mhlw.go.jp/27/index.php?action_kouhyou_detail_004_kani=true&JigyosyoCd=2793000353-00&ServiceCd=150&Type=search", "url2": "https://www.sakura-cp.jp/" }, "geometry": { "type": "Point", "coordinates": [ 135.5473141, 34.7537309 ] } },
{ "type": "Feature", "properties": { "内容": "ヒューマンライフケア豊里湯【通所介護】大阪市東淀川区豊里４－５－２１ハイツサンコー１階", "url": "https://www.kaigokensaku.mhlw.go.jp/27/index.php?action_kouhyou_detail_004_kani=true&JigyosyoCd=2773002361-00&ServiceCd=150&Type=search", "url2": "http://hlc.athuman.com/caresearch/osaka/364024/index.php?sisetu=52" }, "geometry": { "type": "Point", "coordinates": [ 135.540490099999943, 34.7386085 ] } },
{ "type": "Feature", "properties": { "内容": "医療法人正志会　デイサービスしょうほう【通所介護】大阪市東淀川区大道南３－１５－１０", "url": "https://www.kaigokensaku.mhlw.go.jp/27/index.php?action_kouhyou_detail_004_kani=true&JigyosyoCd=2773001330-00&ServiceCd=150&Type=search", "url2": "http://www.shoshikai.or.jp/care_service.html" }, "geometry": { "type": "Point", "coordinates": [ 135.548263200000065, 34.7452051 ] } },
{ "type": "Feature", "properties": { "内容": "医療法人　中尾医院　デイサービスセンター　ゆう【通所介護】大阪府大阪市東淀川区菅原５丁目７番１１号", "url": "https://www.kaigokensaku.mhlw.go.jp/27/index.php?action_kouhyou_detail_004_kani=true&JigyosyoCd=2773001546-00&ServiceCd=150&Type=search", "url2": "http://www.nakao-clinic.or.jp/" }, "geometry": { "type": "Point", "coordinates": [ 135.5192409, 34.7399856 ] } },
{ "type": "Feature", "properties": { "内容": "リハビリスタジオSAKURA－東淡路－【通所介護】大阪府大阪市東淀川区東淡路2丁目7番14号", "url": "https://www.kaigokensaku.mhlw.go.jp/27/index.php?action_kouhyou_detail_004_kani=true&JigyosyoCd=2773005497-00&ServiceCd=150&Type=search", "url2": null }, "geometry": { "type": "Point", "coordinates": [ 135.5171858, 34.7367008 ] } },
{ "type": "Feature", "properties": { "内容": "コンパスウォーク東淀川【通所介護】大阪府大阪市東淀川区北江口4-14-5", "url": "https://www.kaigokensaku.mhlw.go.jp/27/index.php?action_kouhyou_detail_004_kani=true&JigyosyoCd=2773005463-00&ServiceCd=150&Type=search", "url2": null }, "geometry": { "type": "Point", "coordinates": [ 135.5499072, 34.7606338 ] } },
{ "type": "Feature", "properties": { "内容": "ビーナスクラブ東淀川【通所介護】大阪府大阪市東淀川区南江口3丁目1番3号サンラフィーネ1階", "url": "https://www.kaigokensaku.mhlw.go.jp/27/index.php?action_kouhyou_detail_004_kani=true&JigyosyoCd=2773005521-00&ServiceCd=150&Type=search", "url2": "https://www.venus-comrade.co.jp/office/club_higashiyodogawa/" }, "geometry": { "type": "Point", "coordinates": [ 135.5505182, 34.7543988 ] } },
{ "type": "Feature", "properties": { "内容": "ビーナスケアセンター瑞光【通所介護】大阪市東淀川区瑞光4-12-32ハッピーハイツ88", "url": "https://www.kaigokensaku.mhlw.go.jp/27/index.php?action_kouhyou_detail_004_kani=true&JigyosyoCd=2773004540-00&ServiceCd=150&Type=search", "url2": null }, "geometry": { "type": "Point", "coordinates": [ 135.549421400000028, 34.753343 ] } },
{ "type": "Feature", "properties": { "内容": "ジョイリハ豊里【通所介護】大阪府大阪市東淀川区豊里5丁目27-9", "url": "https://www.kaigokensaku.mhlw.go.jp/27/index.php?action_kouhyou_detail_004_kani=true&JigyosyoCd=2773005786-00&ServiceCd=150&Type=search", "url2": "https://joyreha.co.jp/shop/%E3%82%B8%E3%83%A7%E3%82%A4%E3%83%AA%E3%83%8F%E8%B1%8A%E9%87%8C/" }, "geometry": { "type": "Point", "coordinates": [ 135.5451565, 34.7425301 ] } },
{ "type": "Feature", "properties": { "内容": "デイサービスリハライズ上新庄【通所介護】大阪府大阪市東淀川区豊新4-21-1徳岡ビル1F", "url": "https://www.kaigokensaku.mhlw.go.jp/27/index.php?action_kouhyou_detail_004_kani=true&JigyosyoCd=2773005745-00&ServiceCd=150&Type=search", "url2": "https://www.reharise.com/" }, "geometry": { "type": "Point", "coordinates": [ 135.533946899999989, 34.7443722 ] } },
{ "type": "Feature", "properties": { "内容": "デイサービスセンター楽々小松【通所介護】大阪府大阪市東淀川区小松1-7-24アラロマーナｔｍａｔａｎｉＡＮＮＥＸ２階", "url": "https://www.kaigokensaku.mhlw.go.jp/27/index.php?action_kouhyou_detail_004_kani=true&JigyosyoCd=2773003435-00&ServiceCd=150&Type=search", "url2": null }, "geometry": { "type": "Point", "coordinates": [ 135.536404736523423, 34.750832853088689 ] } },
{ "type": "Feature", "properties": { "内容": "デイサービスセンター楽々【通所介護】大阪市東淀川区瑞光３－３－７", "url": "https://www.kaigokensaku.mhlw.go.jp/27/index.php?action_kouhyou_detail_004_kani=true&JigyosyoCd=2773002049-00&ServiceCd=150&Type=search", "url2": null }, "geometry": { "type": "Point", "coordinates": [ 135.5429024, 34.7510264 ] } },
{ "type": "Feature", "properties": { "内容": "上新庄２号デイサービス【通所介護】大阪府大阪市東淀川区瑞光5丁目8番24号", "url": "https://www.kaigokensaku.mhlw.go.jp/27/index.php?action_kouhyou_detail_004_kani=true&JigyosyoCd=2773004847-00&ServiceCd=150&Type=search", "url2": null }, "geometry": { "type": "Point", "coordinates": [ 135.5304643, 34.749298700000011 ] } },
{ "type": "Feature", "properties": { "内容": "淡路福祉サービスステーション【通所介護】大阪府大阪市東淀川区東淡路１－４－４９福祉施設メゾンリベルテ", "url": "https://www.kaigokensaku.mhlw.go.jp/27/index.php?action_kouhyou_detail_004_kani=true&JigyosyoCd=2773000282-00&ServiceCd=150&Type=search", "url2": "http://www.ojk.or.jp/" }, "geometry": { "type": "Point", "coordinates": [ 135.51965210000003, 34.7335308 ] } },
{ "type": "Feature", "properties": { "内容": "さわやかデイサービスセンター【通所介護】大阪市東淀川区東中島2-14-1", "url": "https://www.kaigokensaku.mhlw.go.jp/27/index.php?action_kouhyou_detail_004_kani=true&JigyosyoCd=2773000241-00&ServiceCd=150&Type=search", "url2": "http://yukofukushikai.com/" }, "geometry": { "type": "Point", "coordinates": [ 135.504522899999984, 34.7289698 ] } },
{ "type": "Feature", "properties": { "内容": "デイサービスほのぼの苑【通所介護】大阪市東淀川区小松５－2－9", "url": "https://www.kaigokensaku.mhlw.go.jp/27/index.php?action_kouhyou_detail_004_kani=true&JigyosyoCd=2773001264-00&ServiceCd=150&Type=search", "url2": "http://www.egutinosato.com/" }, "geometry": { "type": "Point", "coordinates": [ 135.54653360912323, 34.754013308509215 ] } },
{ "type": "Feature", "properties": { "内容": "デイサービスきたよど【通所介護】大阪市東淀川区豊里4-13-5", "url": "https://www.kaigokensaku.mhlw.go.jp/27/index.php?action_kouhyou_detail_004_kani=true&JigyosyoCd=2773001421-00&ServiceCd=150&Type=search", "url2": null }, "geometry": { "type": "Point", "coordinates": [ 135.540605699999986, 34.7398334 ] } },
{ "type": "Feature", "properties": { "内容": "であいデイサービス【通所介護】大阪府大阪市東淀川区豊新2-11-7瑞光ダイヤモンドマンション102号", "url": "https://www.kaigokensaku.mhlw.go.jp/27/index.php?action_kouhyou_detail_004_kani=true&JigyosyoCd=2773004870-00&ServiceCd=150&Type=search", "url2": null }, "geometry": { "type": "Point", "coordinates": [ 135.527919, 34.7415516 ] } },
{ "type": "Feature", "properties": { "内容": "デイサービスセンター　たのしいデイとよさと【通所介護】大阪府大阪市東淀川区大道南3丁目2-14", "url": "https://www.kaigokensaku.mhlw.go.jp/27/index.php?action_kouhyou_detail_004_kani=true&JigyosyoCd=2773003781-00&ServiceCd=150&Type=search", "url2": null }, "geometry": { "type": "Point", "coordinates": [ 135.54653559999997, 34.742083300000012 ] } },
{ "type": "Feature", "properties": { "内容": "夕陽紅デイサービス柴島【通所介護】大阪市東淀川区柴島3丁目10-19大阪帰国者センター１階", "url": "https://www.kaigokensaku.mhlw.go.jp/27/index.php?action_kouhyou_detail_004_kani=true&JigyosyoCd=2773004169-00&ServiceCd=150&Type=search", "url2": null }, "geometry": { "type": "Point", "coordinates": [ 135.516044, 34.730631 ] } },
{ "type": "Feature", "properties": { "内容": "社会福祉法人　寿楽福祉会　寿楽荘いたかのデイサービスセンター【通所介護】大阪府東淀川区井高野4-6-61", "url": "https://www.kaigokensaku.mhlw.go.jp/27/index.php?action_kouhyou_detail_004_kani=true&JigyosyoCd=2773003542-00&ServiceCd=150&Type=search", "url2": "http://juraku-osaka.jp/" }, "geometry": { "type": "Point", "coordinates": [ 135.5486144, 34.7665274 ] } },
{ "type": "Feature", "properties": { "内容": "フリーダム創生【通所介護】大阪府大阪市東淀川区小松4-3-28淀川栄光教会", "url": "https://www.kaigokensaku.mhlw.go.jp/27/index.php?action_kouhyou_detail_004_kani=true&JigyosyoCd=2773004698-00&ServiceCd=150&Type=search", "url2": "http://s-jiritsu.org/index.php" }, "geometry": { "type": "Point", "coordinates": [ 135.544114700000023, 34.7529465 ] } },
{ "type": "Feature", "properties": { "内容": "シルバーフィットネスげんきプラス【通所介護】大阪府大阪市東淀川区豊里2-14-20豊の郷げんきビル", "url": "https://www.kaigokensaku.mhlw.go.jp/27/index.php?action_kouhyou_detail_004_kani=true&JigyosyoCd=2773004334-00&ServiceCd=150&Type=search", "url2": "http://genkiegao.com" }, "geometry": { "type": "Point", "coordinates": [ 135.536675899999977, 34.7411457 ] } },
{ "type": "Feature", "properties": { "内容": "デイサービスオリーブ【通所介護】大阪府大阪市東淀川区豊里４－１３－１１", "url": "https://www.kaigokensaku.mhlw.go.jp/27/index.php?action_kouhyou_detail_004_kani=true&JigyosyoCd=2773003583-00&ServiceCd=150&Type=search", "url2": null }, "geometry": { "type": "Point", "coordinates": [ 135.540758399999959, 34.7399862 ] } },
{ "type": "Feature", "properties": { "内容": "ビーナスクラブ東中本【通所介護】大阪府大阪市東成区東中本2-6-23", "url": "https://www.kaigokensaku.mhlw.go.jp/27/index.php?action_kouhyou_detail_004_kani=true&JigyosyoCd=2771501646-00&ServiceCd=150&Type=search", "url2": "http://venus-comrade.co.jp" }, "geometry": { "type": "Point", "coordinates": [ 135.547181099999989, 34.679415 ] } },
{ "type": "Feature", "properties": { "内容": "ふくふく庵テラス【通所介護】大阪府大阪市東成区中本5-13-7", "url": "https://www.kaigokensaku.mhlw.go.jp/27/index.php?action_kouhyou_detail_004_kani=true&JigyosyoCd=2771501596-00&ServiceCd=150&Type=search", "url2": "http://www.forestcareservice.co.jp/" }, "geometry": { "type": "Point", "coordinates": [ 135.543016099999988, 34.675204 ] } },
{ "type": "Feature", "properties": { "内容": "ロハスいまざと【通所介護】大阪市東成区大今里南4-3-16ポレール1F", "url": "https://www.kaigokensaku.mhlw.go.jp/27/index.php?action_kouhyou_detail_004_kani=true&JigyosyoCd=2771501745-00&ServiceCd=150&Type=search", "url2": null }, "geometry": { "type": "Point", "coordinates": [ 135.552730800000063, 34.6673971 ] } },
{ "type": "Feature", "properties": { "内容": "輝生会みおつくしデイサービスセンター森ノ宮【通所介護】大阪府大阪市東成区中本１丁目３番６号ベルビュー森ノ宮１F", "url": "https://www.kaigokensaku.mhlw.go.jp/27/index.php?action_kouhyou_detail_004_kani=true&JigyosyoCd=2771502305-00&ServiceCd=150&Type=search", "url2": "http://miotsukushi.org/" }, "geometry": { "type": "Point", "coordinates": [ 135.54087329999993, 34.681934 ] } },
{ "type": "Feature", "properties": { "内容": "慶生会　リハbyデイ深江北【通所介護】大阪府大阪市東成区深江北1-14-8", "url": "https://www.kaigokensaku.mhlw.go.jp/27/index.php?action_kouhyou_detail_004_kani=true&JigyosyoCd=2771502875-00&ServiceCd=150&Type=search", "url2": "http://kyouseikai.org/information/day_service/office_13.html" }, "geometry": { "type": "Point", "coordinates": [ 135.556524200000013, 34.6750409 ] } },
{ "type": "Feature", "properties": { "内容": "慶生会　カルチャークラブ大今里【通所介護】大阪府大阪市東成区大今里南1-3-1大今里リハビリテーションセンター2F", "url": "https://www.kaigokensaku.mhlw.go.jp/27/index.php?action_kouhyou_detail_004_kani=true&JigyosyoCd=2771502552-00&ServiceCd=150&Type=search", "url2": "http://kyouseikai.org" }, "geometry": { "type": "Point", "coordinates": [ 135.5435675, 34.6682078 ] } },
{ "type": "Feature", "properties": { "内容": "サンローズオオサカ　デイサービスセンター【通所介護】大阪府大阪市東成区神路１丁目１０－３", "url": "https://www.kaigokensaku.mhlw.go.jp/27/index.php?action_kouhyou_detail_004_kani=true&JigyosyoCd=2771500184-00&ServiceCd=150&Type=search", "url2": "http://www.omichikai.or.jp/sunrose/index.htm" }, "geometry": { "type": "Point", "coordinates": [ 135.554999899999984, 34.6786208 ] } },
{ "type": "Feature", "properties": { "内容": "デイサービスセンター　ハミングベル中道【通所介護】大阪府大阪市東成区中道2-7-1", "url": "https://www.kaigokensaku.mhlw.go.jp/27/index.php?action_kouhyou_detail_004_kani=true&JigyosyoCd=2771500820-00&ServiceCd=150&Type=search", "url2": "http://www.humming-bell.or.jp" }, "geometry": { "type": "Point", "coordinates": [ 135.539373399999931, 34.6805592 ] } },
{ "type": "Feature", "properties": { "内容": "デイサービスセンターハートフル東成【通所介護】大阪府大阪市東成区大今里1-6-5", "url": "https://www.kaigokensaku.mhlw.go.jp/27/index.php?action_kouhyou_detail_004_kani=true&JigyosyoCd=2771501273-00&ServiceCd=150&Type=search", "url2": null }, "geometry": { "type": "Point", "coordinates": [ 135.546073324697886, 34.67439271722337 ] } },
{ "type": "Feature", "properties": { "内容": "陽だまりの里【通所介護】大阪市東成区大今里南１丁目２２番１７号", "url": "https://www.kaigokensaku.mhlw.go.jp/27/index.php?action_kouhyou_detail_004_kani=true&JigyosyoCd=2771500614-00&ServiceCd=150&Type=search", "url2": null }, "geometry": { "type": "Point", "coordinates": [ 135.542687300000011, 34.665672 ] } },
{ "type": "Feature", "properties": { "内容": "いまざと診療所デイサービス【通所介護】大阪府大阪市東成区1-23-12", "url": "https://www.kaigokensaku.mhlw.go.jp/27/index.php?action_kouhyou_detail_004_kani=true&JigyosyoCd=2771500713-00&ServiceCd=150&Type=search", "url2": "https://imazatoshin.net" }, "geometry": { "type": "Point", "coordinates": [ 135.5445863, 34.6723933 ] } },
{ "type": "Feature", "properties": { "内容": "はーとケア公園前【通所介護】大阪府大阪市東成区大今里南２-１２-１７パールビル１Ｆ", "url": "https://www.kaigokensaku.mhlw.go.jp/27/index.php?action_kouhyou_detail_004_kani=true&JigyosyoCd=2771502479-00&ServiceCd=150&Type=search", "url2": "http://heartcare-m.com" }, "geometry": { "type": "Point", "coordinates": [ 135.545623100000057, 34.6654027 ] } },
{ "type": "Feature", "properties": { "内容": "楽楽リハビリデイサービス【通所介護】大阪府大阪市東成区大今里4-15-14", "url": "https://www.kaigokensaku.mhlw.go.jp/27/index.php?action_kouhyou_detail_004_kani=true&JigyosyoCd=2771503782-00&ServiceCd=150&Type=search", "url2": null }, "geometry": { "type": "Point", "coordinates": [ 135.548953399999988, 34.6695022 ] } },
{ "type": "Feature", "properties": { "内容": "ベリタス【通所介護】神路1丁目７－２１サニーハイツ三番館１F", "url": "https://www.kaigokensaku.mhlw.go.jp/27/index.php?action_kouhyou_detail_004_kani=true&JigyosyoCd=2771503428-00&ServiceCd=150&Type=search", "url2": "veritas-18.com" }, "geometry": { "type": "Point", "coordinates": [ 135.555363, 34.6788712 ] } },
{ "type": "Feature", "properties": { "内容": "アミライフ・巽の里デイサービス【通所介護】大阪府大阪市生野区巽北４丁目10番22号", "url": "https://www.kaigokensaku.mhlw.go.jp/27/index.php?action_kouhyou_detail_004_kani=true&JigyosyoCd=2772205395-00&ServiceCd=150&Type=search", "url2": "https://www.abikocare.co.jp/" }, "geometry": { "type": "Point", "coordinates": [ 135.5579653, 34.6555716 ] } },
{ "type": "Feature", "properties": { "内容": "ヒューマンライフケアたつみ湯【通所介護】大阪府大阪市生野区巽北一丁目23番16号エスポワール北巽１F", "url": "https://www.kaigokensaku.mhlw.go.jp/27/index.php?action_kouhyou_detail_004_kani=true&JigyosyoCd=2772203341-00&ServiceCd=150&Type=search", "url2": "https://kaigo.human-lifecare.jp/facilities/ds054_Tatsumi/summary.html" }, "geometry": { "type": "Point", "coordinates": [ 135.547478800000022, 34.6551345 ] } },
{ "type": "Feature", "properties": { "内容": "アイネットデイサービス桃谷【通所介護】大阪府大阪市生野区桃谷１丁目１０番１８号ツインコートM１階", "url": "https://www.kaigokensaku.mhlw.go.jp/27/index.php?action_kouhyou_detail_004_kani=true&JigyosyoCd=2772207862-00&ServiceCd=150&Type=search", "url2": "http://i-netday.com/." }, "geometry": { "type": "Point", "coordinates": [ 135.53047110555724, 34.65851556267431 ] } },
{ "type": "Feature", "properties": { "内容": "あさひ生野デイサービスセンター【通所介護】大阪市生野区生野西４丁目４番１１号", "url": "https://www.kaigokensaku.mhlw.go.jp/27/index.php?action_kouhyou_detail_004_kani=true&JigyosyoCd=2772202111-00&ServiceCd=150&Type=search", "url2": "http://asahi-dei.jimdosite.com" }, "geometry": { "type": "Point", "coordinates": [ 135.529430600000069, 34.6484542 ] } },
{ "type": "Feature", "properties": { "内容": "デイサービスみかん【通所介護】大阪府大阪市生野区小路2－2－17", "url": "https://www.kaigokensaku.mhlw.go.jp/27/index.php?action_kouhyou_detail_004_kani=true&JigyosyoCd=2772205247-00&ServiceCd=150&Type=search", "url2": null }, "geometry": { "type": "Point", "coordinates": [ 135.553636399999959, 34.6612145 ] } },
{ "type": "Feature", "properties": { "内容": "アシストデイサービスセンター【通所介護】大阪市生野区勝山北５丁目２１番１２号", "url": "https://www.kaigokensaku.mhlw.go.jp/27/index.php?action_kouhyou_detail_004_kani=true&JigyosyoCd=2772202087-00&ServiceCd=150&Type=search", "url2": "http://www.assist.ecnet.jp/" }, "geometry": { "type": "Point", "coordinates": [ 135.539112899999964, 34.6539261 ] } },
{ "type": "Feature", "properties": { "内容": "デイサービスセンターたいよう【通所介護】大阪府大阪市生野区巽東3-9-24シーマックイースト1F", "url": "https://www.kaigokensaku.mhlw.go.jp/27/index.php?action_kouhyou_detail_004_kani=true&JigyosyoCd=2772206385-00&ServiceCd=150&Type=search", "url2": null }, "geometry": { "type": "Point", "coordinates": [ 135.560436699999968, 34.6493384 ] } },
{ "type": "Feature", "properties": { "内容": "デイサービス夢の箱生野【通所介護】大阪府大阪市生野区生野東2丁目５－８", "url": "https://www.kaigokensaku.mhlw.go.jp/27/index.php?action_kouhyou_detail_004_kani=true&JigyosyoCd=2772200883-00&ServiceCd=150&Type=search", "url2": "http://www.yumenohako.info/" }, "geometry": { "type": "Point", "coordinates": [ 135.531374899999946, 34.6484043 ] } },
{ "type": "Feature", "properties": { "内容": "インパレスみのり苑デイサービスセンター【通所介護】大阪府大阪市生野区巽中３丁目１４番３号", "url": "https://www.kaigokensaku.mhlw.go.jp/27/index.php?action_kouhyou_detail_004_kani=true&JigyosyoCd=2772200305-00&ServiceCd=150&Type=search", "url2": "http://www.minori-en.com/" }, "geometry": { "type": "Point", "coordinates": [ 135.5517648, 34.647655 ] } },
{ "type": "Feature", "properties": { "内容": "瑞光苑デイサービスセンター【通所介護】大阪市生野区巽東四丁目１１番１０号", "url": "https://www.kaigokensaku.mhlw.go.jp/27/index.php?action_kouhyou_detail_004_kani=true&JigyosyoCd=2772200438-00&ServiceCd=150&Type=search", "url2": "http://www.kyouseikai.org" }, "geometry": { "type": "Point", "coordinates": [ 135.557953199999929, 34.645797 ] } },
{ "type": "Feature", "properties": { "内容": "社会福祉法人　弘仁会　やすらぎ苑【通所介護】大阪府大阪市生野区田島3-6-13", "url": "https://www.kaigokensaku.mhlw.go.jp/27/index.php?action_kouhyou_detail_004_kani=true&JigyosyoCd=2772200388-00&ServiceCd=150&Type=search", "url2": "https://gogroup.jp/" }, "geometry": { "type": "Point", "coordinates": [ 135.542535, 34.6488185 ] } },
{ "type": "Feature", "properties": { "内容": "上本町ラガールデイサービス【通所介護】大阪府大阪市生野区鶴橋一丁目9番34号", "url": "https://www.kaigokensaku.mhlw.go.jp/27/index.php?action_kouhyou_detail_004_kani=true&JigyosyoCd=2772207318-00&ServiceCd=150&Type=search", "url2": "http://uehonmachi.koudoukai.or.jp/" }, "geometry": { "type": "Point", "coordinates": [ 135.5304577, 34.6626493 ] } },
{ "type": "Feature", "properties": { "内容": "デイサービスセンター　いらか【通所介護】大阪市生野区巽南３丁目７番３１号", "url": "https://www.kaigokensaku.mhlw.go.jp/27/index.php?action_kouhyou_detail_004_kani=true&JigyosyoCd=2772201022-00&ServiceCd=150&Type=search", "url2": "http://sansyukai.jp" }, "geometry": { "type": "Point", "coordinates": [ 135.54971230000001, 34.6423445 ] } },
{ "type": "Feature", "properties": { "内容": "デイサービス　せいりょう巽北【通所介護】大阪府大阪市生野区巽北三丁目４番１３号", "url": "https://www.kaigokensaku.mhlw.go.jp/27/index.php?action_kouhyou_detail_004_kani=true&JigyosyoCd=2772202194-00&ServiceCd=150&Type=search", "url2": null }, "geometry": { "type": "Point", "coordinates": [ 135.552936600000066, 34.6558513 ] } },
{ "type": "Feature", "properties": { "内容": "うりちぷ【通所介護】大阪市生野区鶴橋2丁目15番30号", "url": "https://www.kaigokensaku.mhlw.go.jp/27/index.php?action_kouhyou_detail_004_kani=true&JigyosyoCd=2772201410-00&ServiceCd=150&Type=search", "url2": "http://www.pada.or.jp/" }, "geometry": { "type": "Point", "coordinates": [ 135.5331462974533, 34.662928261527327 ] } },
{ "type": "Feature", "properties": { "内容": "のりばん【通所介護】大阪府大阪市生野区小路3-11-19", "url": "https://www.kaigokensaku.mhlw.go.jp/27/index.php?action_kouhyou_detail_004_kani=true&JigyosyoCd=2772207979-00&ServiceCd=150&Type=search", "url2": "https://www.nskk.org/ikuno/" }, "geometry": { "type": "Point", "coordinates": [ 135.553989699999988, 34.6575449 ] } },
{ "type": "Feature", "properties": { "内容": "デイサービスぐろーばる【通所介護】大阪府大阪市生野区鶴橋4-13-14", "url": "https://www.kaigokensaku.mhlw.go.jp/27/index.php?action_kouhyou_detail_004_kani=true&JigyosyoCd=2772206641-00&ServiceCd=150&Type=search", "url2": "http://globalcare.ne.jp/" }, "geometry": { "type": "Point", "coordinates": [ 135.537638997553245, 34.662643667733114 ] } },
{ "type": "Feature", "properties": { "内容": "一会のデイ【通所介護】大阪府大阪市生野区生野東１丁目２番１９号", "url": "https://www.kaigokensaku.mhlw.go.jp/27/index.php?action_kouhyou_detail_004_kani=true&JigyosyoCd=2772206427-00&ServiceCd=150&Type=search", "url2": null }, "geometry": { "type": "Point", "coordinates": [ 135.531940100000014, 34.6511053 ] } },
{ "type": "Feature", "properties": { "内容": "デイサービスセンターハートフル桃谷【通所介護】大阪市生野区桃谷５丁目９番１６号", "url": "https://www.kaigokensaku.mhlw.go.jp/27/index.php?action_kouhyou_detail_004_kani=true&JigyosyoCd=2772203028-00&ServiceCd=150&Type=search", "url2": null }, "geometry": { "type": "Point", "coordinates": [ 135.538299, 34.658656 ] } },
{ "type": "Feature", "properties": { "内容": "田島診療所デイサービス【通所介護】大阪市生野区林寺5-12-18田島診療所　2階", "url": "https://www.kaigokensaku.mhlw.go.jp/27/index.php?action_kouhyou_detail_004_kani=true&JigyosyoCd=2772200511-00&ServiceCd=150&Type=search", "url2": "http://www.health-coop.jp/index.html" }, "geometry": { "type": "Point", "coordinates": [ 135.541424099999972, 34.6463548 ] } },
{ "type": "Feature", "properties": { "内容": "有限会社さかい介護サービス・デイサービスきよちゃん2【通所介護】大阪府大阪市生野区林寺3-6-6", "url": "https://www.kaigokensaku.mhlw.go.jp/27/index.php?action_kouhyou_detail_004_kani=true&JigyosyoCd=2772203747-00&ServiceCd=150&Type=search", "url2": null }, "geometry": { "type": "Point", "coordinates": [ 135.536195678538888, 34.64574684294697 ] } },
{ "type": "Feature", "properties": { "内容": "デイサービスオーク倶楽部林寺【通所介護】大阪府大阪市生野区林寺三丁目１５－２４", "url": "https://www.kaigokensaku.mhlw.go.jp/27/index.php?action_kouhyou_detail_004_kani=true&JigyosyoCd=2772206682-00&ServiceCd=150&Type=search", "url2": "https://www.oak-club.jp/" }, "geometry": { "type": "Point", "coordinates": [ 135.5331383, 34.6441245 ] } },
{ "type": "Feature", "properties": { "内容": "デイサービスきたえるーむ大阪今里【通所介護】大阪府大阪市生野区新今里2-6-2", "url": "https://www.kaigokensaku.mhlw.go.jp/27/index.php?action_kouhyou_detail_004_kani=true&JigyosyoCd=2772207276-00&ServiceCd=150&Type=search", "url2": null }, "geometry": { "type": "Point", "coordinates": [ 135.5475113, 34.6642468 ] } },
{ "type": "Feature", "properties": { "内容": "はーとケアの湯【通所介護】大阪府大阪市生野区新今里4-6-12", "url": "https://www.kaigokensaku.mhlw.go.jp/27/index.php?action_kouhyou_detail_004_kani=true&JigyosyoCd=2772205908-00&ServiceCd=150&Type=search", "url2": "http://heartcare-m.com" }, "geometry": { "type": "Point", "coordinates": [ 135.5502894, 34.6633864 ] } },
{ "type": "Feature", "properties": { "内容": "デイサービスはーと喫茶【通所介護】大阪府大阪市生野区新今里2-11-20REGRE今里１F", "url": "https://www.kaigokensaku.mhlw.go.jp/27/index.php?action_kouhyou_detail_004_kani=true&JigyosyoCd=2772207813-00&ServiceCd=150&Type=search", "url2": "http://heartcare-m.com" }, "geometry": { "type": "Point", "coordinates": [ 135.547565611114493, 34.662558846229544 ] } },
{ "type": "Feature", "properties": { "内容": "大池橋サンボラム【通所介護】大阪府大阪市生野区中川西3-10-18", "url": "https://www.kaigokensaku.mhlw.go.jp/27/index.php?action_kouhyou_detail_004_kani=true&JigyosyoCd=2772203754-00&ServiceCd=150&Type=search", "url2": "http://sanboram.u-me.jp/" }, "geometry": { "type": "Point", "coordinates": [ 135.540326700000037, 34.653915 ] } },
{ "type": "Feature", "properties": { "内容": "医療法人呉診療所デイサービス大池橋【通所介護】大阪市生野区舎利寺1-14-11", "url": "https://www.kaigokensaku.mhlw.go.jp/27/index.php?action_kouhyou_detail_004_kani=true&JigyosyoCd=2772201550-00&ServiceCd=150&Type=search", "url2": "https://gogroup.jp" }, "geometry": { "type": "Point", "coordinates": [ 135.5401216, 34.6507201 ] } },
{ "type": "Feature", "properties": { "内容": "デイサービス　勝山【通所介護】大阪府大阪市生野区勝山北5-12-38ガーデンハウス勝山　一階", "url": "https://www.kaigokensaku.mhlw.go.jp/27/index.php?action_kouhyou_detail_004_kani=true&JigyosyoCd=2772208332-00&ServiceCd=150&Type=search", "url2": "https://gogroup.jp" }, "geometry": { "type": "Point", "coordinates": [ 135.537652400000013, 34.655393 ] } },
{ "type": "Feature", "properties": { "内容": "慶生会　リハbyデイ　舎利寺【通所介護】大阪府大阪市生野区勝山南4丁目14-21", "url": "https://www.kaigokensaku.mhlw.go.jp/27/index.php?action_kouhyou_detail_004_kani=true&JigyosyoCd=2772202723-00&ServiceCd=150&Type=search", "url2": "http://www.kyouseikai.org" }, "geometry": { "type": "Point", "coordinates": [ 135.537952, 34.652090200000025 ] } },
{ "type": "Feature", "properties": { "内容": "ビーナスクラブ城北公園前【通所介護】大阪府大阪市旭区生江3-16-34", "url": "https://www.kaigokensaku.mhlw.go.jp/27/index.php?action_kouhyou_detail_004_kani=true&JigyosyoCd=2773104100-00&ServiceCd=150&Type=search", "url2": "https://www.venus-comrade.co.jp/" }, "geometry": { "type": "Point", "coordinates": [ 135.536399100000011, 34.7283782 ] } },
{ "type": "Feature", "properties": { "内容": "デイサービスはなのき旭大宮【通所介護】大阪府大阪市旭区大宮3丁目9-29", "url": "https://www.kaigokensaku.mhlw.go.jp/27/index.php?action_kouhyou_detail_004_kani=true&JigyosyoCd=2773103854-00&ServiceCd=150&Type=search", "url2": "https://ktc-hananoki.com/facilities/F-asahiomiya.html" }, "geometry": { "type": "Point", "coordinates": [ 135.546408755747336, 34.725619936721706 ] } },
{ "type": "Feature", "properties": { "内容": "デイサービスはなまるの湯【通所介護】大阪府大阪市旭区赤川2-17-7リオフレンテ１階", "url": "https://www.kaigokensaku.mhlw.go.jp/27/index.php?action_kouhyou_detail_004_kani=true&JigyosyoCd=2773102583-00&ServiceCd=150&Type=search", "url2": "http://hanamaru2002.com/" }, "geometry": { "type": "Point", "coordinates": [ 135.5345453, 34.7269764 ] } },
{ "type": "Feature", "properties": { "内容": "エルケア株式会社　デイサービス森小路【通所介護】大阪府大阪市旭区新森3丁目2番23号フォレストｳﾞｨﾗ１F", "url": "https://www.kaigokensaku.mhlw.go.jp/27/index.php?action_kouhyou_detail_004_kani=true&JigyosyoCd=2773102195-00&ServiceCd=150&Type=search", "url2": "https://www.l-care.jp/" }, "geometry": { "type": "Point", "coordinates": [ 135.552137300000027, 34.719638 ] } },
{ "type": "Feature", "properties": { "内容": "村上整形外科リハビリセンター　リハプライド大宮【通所介護】大阪府大阪市旭区大宮4丁目9番35号HMビル1階", "url": "https://www.kaigokensaku.mhlw.go.jp/27/index.php?action_kouhyou_detail_004_kani=true&JigyosyoCd=2773103227-00&ServiceCd=150&Type=search", "url2": "https://www.murakamiseikei.com/day-service" }, "geometry": { "type": "Point", "coordinates": [ 135.546861, 34.72671 ] } },
{ "type": "Feature", "properties": { "内容": "あいデイサービスセンター【通所介護】大阪府大阪市旭区新森2-3-4森小路スマイルガーデン1階", "url": "https://www.kaigokensaku.mhlw.go.jp/27/index.php?action_kouhyou_detail_004_kani=true&JigyosyoCd=2773102401-00&ServiceCd=150&Type=search", "url2": "http://tokeeplife.ne.jp/index.html" }, "geometry": { "type": "Point", "coordinates": [ 135.551921301223388, 34.718842425630662 ] } },
{ "type": "Feature", "properties": { "内容": "サロンアンドスポーツクローバー【通所介護】大阪府大阪市旭区清水3-23-13", "url": "https://www.kaigokensaku.mhlw.go.jp/27/index.php?action_kouhyou_detail_004_kani=true&JigyosyoCd=2773103680-00&ServiceCd=150&Type=search", "url2": null }, "geometry": { "type": "Point", "coordinates": [ 135.5598142, 34.7243341 ] } },
{ "type": "Feature", "properties": { "内容": "デイサービスプレイゾーン【通所介護】大阪府大阪市旭区中宮４丁目１５番１０号", "url": "https://www.kaigokensaku.mhlw.go.jp/27/index.php?action_kouhyou_detail_004_kani=true&JigyosyoCd=2773102898-00&ServiceCd=150&Type=search", "url2": null }, "geometry": { "type": "Point", "coordinates": [ 135.543691800000033, 34.7284931 ] } },
{ "type": "Feature", "properties": { "内容": "ジョイリハ関目高殿【通所介護】大阪府大阪市旭区高殿4-19-3", "url": "https://www.kaigokensaku.mhlw.go.jp/27/index.php?action_kouhyou_detail_004_kani=true&JigyosyoCd=2773103789-00&ServiceCd=150&Type=search", "url2": "https://joyreha.co.jp/" }, "geometry": { "type": "Point", "coordinates": [ 135.542776755819688, 34.716319675641955 ] } },
{ "type": "Feature", "properties": { "内容": "デイサービスセンター一寸法師【通所介護】大阪市旭区生江2-4-2", "url": "https://www.kaigokensaku.mhlw.go.jp/27/index.php?action_kouhyou_detail_004_kani=true&JigyosyoCd=2773101627-00&ServiceCd=150&Type=search", "url2": null }, "geometry": { "type": "Point", "coordinates": [ 135.5351147, 34.7252127 ] } },
{ "type": "Feature", "properties": { "内容": "株式会社一寸法師【通所介護】大阪府大阪市旭区生江２－４－33", "url": "https://www.kaigokensaku.mhlw.go.jp/27/index.php?action_kouhyou_detail_004_kani=true&JigyosyoCd=2773102161-00&ServiceCd=150&Type=search", "url2": "http://www.kaigo-ib.com/" }, "geometry": { "type": "Point", "coordinates": [ 135.535354757706841, 34.725096964193014 ] } },
{ "type": "Feature", "properties": { "内容": "楽々リハデイサービス【通所介護】大阪市旭区生江2－4－32", "url": "https://www.kaigokensaku.mhlw.go.jp/27/index.php?action_kouhyou_detail_004_kani=true&JigyosyoCd=2773102955-00&ServiceCd=150&Type=search", "url2": null }, "geometry": { "type": "Point", "coordinates": [ 135.535453599999983, 34.7250766 ] } },
{ "type": "Feature", "properties": { "内容": "デイサービス福宝　あさひ苑【通所介護】大阪市旭区大宮2-2-13", "url": "https://www.kaigokensaku.mhlw.go.jp/27/index.php?action_kouhyou_detail_004_kani=true&JigyosyoCd=2773100652-00&ServiceCd=150&Type=search", "url2": null }, "geometry": { "type": "Point", "coordinates": [ 135.544316799999933, 34.7240019 ] } },
{ "type": "Feature", "properties": { "内容": "まきデイサービスセンター【通所介護】大阪府大阪市旭区清水４丁目２番２２号", "url": "https://www.kaigokensaku.mhlw.go.jp/27/index.php?action_kouhyou_detail_004_kani=true&JigyosyoCd=2773101650-00&ServiceCd=150&Type=search", "url2": "http://www.maki-group.jp/" }, "geometry": { "type": "Point", "coordinates": [ 135.562612599999966, 34.7205886 ] } },
{ "type": "Feature", "properties": { "内容": "老人デイサービスセンター翠【通所介護】大阪市旭区生江３－２７－６", "url": "https://www.kaigokensaku.mhlw.go.jp/27/index.php?action_kouhyou_detail_004_kani=true&JigyosyoCd=2773100108-00&ServiceCd=150&Type=search", "url2": "http://www.liberta.or.jp" }, "geometry": { "type": "Point", "coordinates": [ 135.535203599999932, 34.7294123 ] } },
{ "type": "Feature", "properties": { "内容": "デイサービスセンターあいあい【通所介護】大阪市旭区赤川1－6－12", "url": "https://www.kaigokensaku.mhlw.go.jp/27/index.php?action_kouhyou_detail_004_kani=true&JigyosyoCd=2773100330-00&ServiceCd=150&Type=search", "url2": "http://www.aiai-1122.or.jp/" }, "geometry": { "type": "Point", "coordinates": [ 135.532767700000022, 34.7225324 ] } },
{ "type": "Feature", "properties": { "内容": "老人デイサービスセンター旭東地域在宅サービスステーション旭さくら苑【通所介護】大阪府大阪市旭区清水３丁目１５番２３号", "url": "https://www.kaigokensaku.mhlw.go.jp/27/index.php?action_kouhyou_detail_004_kani=true&JigyosyoCd=2773100983-00&ServiceCd=150&Type=search", "url2": "http://www.seisukai.net/" }, "geometry": { "type": "Point", "coordinates": [ 135.558804499999951, 34.723021700000025 ] } },
{ "type": "Feature", "properties": { "内容": "デイサービスセンター今市【通所介護】大阪府大阪市旭区今市１丁目２番２号", "url": "https://www.kaigokensaku.mhlw.go.jp/27/index.php?action_kouhyou_detail_004_kani=true&JigyosyoCd=2773100462-00&ServiceCd=150&Type=search", "url2": "http://www.hakuseikai.jp" }, "geometry": { "type": "Point", "coordinates": [ 135.550360700000027, 34.7265823 ] } },
{ "type": "Feature", "properties": { "内容": "高殿苑ホームケアサービスセンター【通所介護】大阪府大阪市旭区高殿5丁目10番7号", "url": "https://www.kaigokensaku.mhlw.go.jp/27/index.php?action_kouhyou_detail_004_kani=true&JigyosyoCd=2773100066-00&ServiceCd=150&Type=search", "url2": "http://www.houjukai.jp" }, "geometry": { "type": "Point", "coordinates": [ 135.538667673640447, 34.718532933520329 ] } },
{ "type": "Feature", "properties": { "内容": "通所介護センター「おもいでの郷」【通所介護】大阪府大阪市旭区清水４－１１－３８", "url": "https://www.kaigokensaku.mhlw.go.jp/27/index.php?action_kouhyou_detail_004_kani=true&JigyosyoCd=2773100918-00&ServiceCd=150&Type=search", "url2": "http://alusakai.com" }, "geometry": { "type": "Point", "coordinates": [ 135.563326600000011, 34.721908400000011 ] } },
{ "type": "Feature", "properties": { "内容": "セントケア　いくえ【通所介護】大阪市旭区生江２丁目11-15", "url": "https://www.kaigokensaku.mhlw.go.jp/27/index.php?action_kouhyou_detail_004_kani=true&JigyosyoCd=2773101460-00&ServiceCd=150&Type=search", "url2": null }, "geometry": { "type": "Point", "coordinates": [ 135.537631199999964, 34.7249628 ] } },
{ "type": "Feature", "properties": { "内容": "デイサービス　ライフライト【通所介護】大阪市旭区赤川２－１－１４ロゼオグランデ１Ｆ", "url": "https://www.kaigokensaku.mhlw.go.jp/27/index.php?action_kouhyou_detail_004_kani=true&JigyosyoCd=2773101742-00&ServiceCd=150&Type=search", "url2": "https://life-light.jp/dayservice/" }, "geometry": { "type": "Point", "coordinates": [ 135.5311289, 34.7246905 ] } },
{ "type": "Feature", "properties": { "内容": "うららデイサービスセンター大宮【通所介護】大阪府大阪市旭区大宮四丁目６番１号リバーランドビル１F", "url": "https://www.kaigokensaku.mhlw.go.jp/27/index.php?action_kouhyou_detail_004_kani=true&JigyosyoCd=2773101262-00&ServiceCd=150&Type=search", "url2": "https://www.day-urara.com/" }, "geometry": { "type": "Point", "coordinates": [ 135.5458921, 34.728456 ] } },
{ "type": "Feature", "properties": { "内容": "デイサービスはなまるの湯　蒲生店【通所介護】大阪府大阪市城東区中央3-1-17グランピア中央１Ｆ", "url": "https://www.kaigokensaku.mhlw.go.jp/27/index.php?action_kouhyou_detail_004_kani=true&JigyosyoCd=2774403683-00&ServiceCd=150&Type=search", "url2": "http://hanamaru2002.com/day_service/" }, "geometry": { "type": "Point", "coordinates": [ 135.545167036909476, 34.701682498785338 ] } },
{ "type": "Feature", "properties": { "内容": "ヒューマンライフケア城東の湯デイサービスセンター【通所介護】大阪府大阪市城東区東中浜四丁目2番7号", "url": "https://www.kaigokensaku.mhlw.go.jp/27/index.php?action_kouhyou_detail_004_kani=true&JigyosyoCd=2774402321-00&ServiceCd=150&Type=search", "url2": "http://hlc.athuman.com/caresearch/osaka/394011/index.php?sisetu=44" }, "geometry": { "type": "Point", "coordinates": [ 135.549392, 34.6875002 ] } },
{ "type": "Feature", "properties": { "内容": "エールガーデン【通所介護】大阪市城東区関目５-6-15ビバ小山1階", "url": "https://www.kaigokensaku.mhlw.go.jp/27/index.php?action_kouhyou_detail_004_kani=true&JigyosyoCd=2774403568-00&ServiceCd=150&Type=search", "url2": "http://one-v.jp/" }, "geometry": { "type": "Point", "coordinates": [ 135.548377800000026, 34.7152389 ] } },
{ "type": "Feature", "properties": { "内容": "オーエフティー　デイサービスセンター【通所介護】大阪府大阪市城東区今福西４－４－２３", "url": "https://www.kaigokensaku.mhlw.go.jp/27/index.php?action_kouhyou_detail_004_kani=true&JigyosyoCd=2774401620-00&ServiceCd=150&Type=search", "url2": null }, "geometry": { "type": "Point", "coordinates": [ 135.552414305557249, 34.702059997866591 ] } },
{ "type": "Feature", "properties": { "内容": "サロンアンドスポーツそら【通所介護】大阪市城東区成育４丁目１２番１５号", "url": "https://www.kaigokensaku.mhlw.go.jp/27/index.php?action_kouhyou_detail_004_kani=true&JigyosyoCd=2774404624-00&ServiceCd=150&Type=search", "url2": null }, "geometry": { "type": "Point", "coordinates": [ 135.543428299999988, 34.7110087 ] } },
{ "type": "Feature", "properties": { "内容": "かがやきデイサービス城東【通所介護】大阪府大阪市城東区古市1-19-14総合ケアセンター城東", "url": "https://www.kaigokensaku.mhlw.go.jp/27/index.php?action_kouhyou_detail_004_kani=true&JigyosyoCd=2774403410-00&ServiceCd=150&Type=search", "url2": "https//www.ymmd.co.jp" }, "geometry": { "type": "Point", "coordinates": [ 135.557646, 34.707939300000014 ] } },
{ "type": "Feature", "properties": { "内容": "いま福の家【通所介護】大阪府大阪市城東区今福南4-15-33", "url": "https://www.kaigokensaku.mhlw.go.jp/27/index.php?action_kouhyou_detail_004_kani=true&JigyosyoCd=2774404574-00&ServiceCd=150&Type=search", "url2": "https://sou-sou.com/" }, "geometry": { "type": "Point", "coordinates": [ 135.5585314, 34.6995838 ] } },
{ "type": "Feature", "properties": { "内容": "慶生会　リハbyデイ緑橋【通所介護】大阪府大阪市城東区東中浜2-10-13緑橋グリーンハイツ1階", "url": "https://www.kaigokensaku.mhlw.go.jp/27/index.php?action_kouhyou_detail_004_kani=true&JigyosyoCd=2774402974-00&ServiceCd=150&Type=search", "url2": "http://kyouseikai.org/" }, "geometry": { "type": "Point", "coordinates": [ 135.548383800000011, 34.6855449 ] } },
{ "type": "Feature", "properties": { "内容": "諏訪荘デイサービスセンター【通所介護】大阪府大阪市城東区諏訪４丁目１２番２８号", "url": "https://www.kaigokensaku.mhlw.go.jp/27/index.php?action_kouhyou_detail_004_kani=true&JigyosyoCd=2774400424-00&ServiceCd=150&Type=search", "url2": "http://www.shizenkai.or.jp/" }, "geometry": { "type": "Point", "coordinates": [ 135.56083, 34.6806208 ] } },
{ "type": "Feature", "properties": { "内容": "しぎの黄金の里デイサービスセンター【通所介護】大阪市城東区鴫野東2丁目26番12号", "url": "https://www.kaigokensaku.mhlw.go.jp/27/index.php?action_kouhyou_detail_004_kani=true&JigyosyoCd=2774400275-00&ServiceCd=150&Type=search", "url2": "http://www.kogane.or.jp" }, "geometry": { "type": "Point", "coordinates": [ 135.548525400000017, 34.6919136 ] } },
{ "type": "Feature", "properties": { "内容": "社会福祉法人清水福祉会　城東さくら苑リハビリセンター【通所介護】大阪府大阪市城東区今福西6-6-20", "url": "https://www.kaigokensaku.mhlw.go.jp/27/index.php?action_kouhyou_detail_004_kani=true&JigyosyoCd=2774404053-00&ServiceCd=150&Type=search", "url2": "http://www.seisuikai.net/fukushi/joto_sakura_en/service/rehabilitation.html" }, "geometry": { "type": "Point", "coordinates": [ 135.5524600589996, 34.703374311603277 ] } },
{ "type": "Feature", "properties": { "内容": "池岡パワーデイサービス【通所介護】大阪市城東区関目2-2-8", "url": "https://www.kaigokensaku.mhlw.go.jp/27/index.php?action_kouhyou_detail_004_kani=true&JigyosyoCd=2774400622-00&ServiceCd=150&Type=search", "url2": "http://ikeoka.net" }, "geometry": { "type": "Point", "coordinates": [ 135.5503251, 34.706287 ] } },
{ "type": "Feature", "properties": { "内容": "のえ生協診療所　デイサービスさくらんぼ【通所介護】大阪市城東区成育4-29-5", "url": "https://www.kaigokensaku.mhlw.go.jp/27/index.php?action_kouhyou_detail_004_kani=true&JigyosyoCd=2774401943-00&ServiceCd=150&Type=search", "url2": "http://www.health-coop.jp/" }, "geometry": { "type": "Point", "coordinates": [ 135.544669800000065, 34.7101061 ] } },
{ "type": "Feature", "properties": { "内容": "デイサービス　ソラスト関目【通所介護】大阪府大阪市城東区関目四丁目13番5号", "url": "https://www.kaigokensaku.mhlw.go.jp/27/index.php?action_kouhyou_detail_004_kani=true&JigyosyoCd=2774401737-00&ServiceCd=150&Type=search", "url2": "https://solasto-kaigo.com/care/area/solastosekime2.html" }, "geometry": { "type": "Point", "coordinates": [ 135.553160157672096, 34.711646772913205 ] } },
{ "type": "Feature", "properties": { "内容": "デイサービスのんのこ【通所介護】大阪府大阪市城東区天王田7-5", "url": "https://www.kaigokensaku.mhlw.go.jp/27/index.php?action_kouhyou_detail_004_kani=true&JigyosyoCd=2774403089-00&ServiceCd=150&Type=search", "url2": "http://hp.kaipoke.biz/8tv/74983/staff_0004.html" }, "geometry": { "type": "Point", "coordinates": [ 135.553566177315616, 34.689559297670392 ] } },
{ "type": "Feature", "properties": { "内容": "デイサービスはなのきあべの【通所介護】大阪府大阪市阿倍野区阪南町7丁目8-27", "url": "https://www.kaigokensaku.mhlw.go.jp/27/index.php?action_kouhyou_detail_004_kani=true&JigyosyoCd=2772304511-00&ServiceCd=150&Type=search", "url2": "https://ktc-hananoki.com/facilities/F-abeno.html" }, "geometry": { "type": "Point", "coordinates": [ 135.5112556, 34.617074399999986 ] } },
{ "type": "Feature", "properties": { "内容": "エルケア株式会社　総合在宅サービスセンター　デイサービス阿倍野【通所介護】大阪市阿倍野区阪南町一丁目45-3", "url": "https://www.kaigokensaku.mhlw.go.jp/27/index.php?action_kouhyou_detail_004_kani=true&JigyosyoCd=2772301749-00&ServiceCd=150&Type=search", "url2": "https://www.l-care.jp/" }, "geometry": { "type": "Point", "coordinates": [ 135.515324, 34.6342113 ] } },
{ "type": "Feature", "properties": { "内容": "Ｊサポート天王寺ライフガーデン【通所介護】大阪府大阪市阿倍野区天王寺町北1-4-15", "url": "https://www.kaigokensaku.mhlw.go.jp/27/index.php?action_kouhyou_detail_004_kani=true&JigyosyoCd=2772303638-00&ServiceCd=150&Type=search", "url2": "http://www.possible-plus.co.jp" }, "geometry": { "type": "Point", "coordinates": [ 135.521291400000024, 34.6460492 ] } },
{ "type": "Feature", "properties": { "内容": "リハビリデイ　らくだ【通所介護】大阪府大阪市阿倍野区阪南町1-23-41", "url": "https://www.kaigokensaku.mhlw.go.jp/27/index.php?action_kouhyou_detail_004_kani=true&JigyosyoCd=2772303190-00&ServiceCd=150&Type=search", "url2": "http://day-rakuda.net/" }, "geometry": { "type": "Point", "coordinates": [ 135.515835, 34.6366721 ] } },
{ "type": "Feature", "properties": { "内容": "デイ・ラ・ルーチェ【通所介護】大阪市阿倍野区阿倍野筋五丁目9番27号ラルーチェ阿倍野2階", "url": "https://www.kaigokensaku.mhlw.go.jp/27/index.php?action_kouhyou_detail_004_kani=true&JigyosyoCd=2772302101-00&ServiceCd=150&Type=search", "url2": null }, "geometry": { "type": "Point", "coordinates": [ 135.5108137, 34.6373492 ] } },
{ "type": "Feature", "properties": { "内容": "デイサービスセンター帝塚山【通所介護】大阪市阿倍野区北畠３－１７－２１", "url": "https://www.kaigokensaku.mhlw.go.jp/27/index.php?action_kouhyou_detail_004_kani=true&JigyosyoCd=2772300675-00&ServiceCd=150&Type=search", "url2": "http://www.tezukayama-hp.or.jp" }, "geometry": { "type": "Point", "coordinates": [ 135.49908389999996, 34.6266094 ] } },
{ "type": "Feature", "properties": { "内容": "デイサービス阿倍野　りんごの里【通所介護】大阪府大阪市阿倍野区王子町１－４－１５", "url": "https://www.kaigokensaku.mhlw.go.jp/27/index.php?action_kouhyou_detail_004_kani=true&JigyosyoCd=2772300980-00&ServiceCd=150&Type=search", "url2": "https://www.care-abeno.com/" }, "geometry": { "type": "Point", "coordinates": [ 135.510521058860832, 34.636091039212495 ] } },
{ "type": "Feature", "properties": { "内容": "いくとく高齢者デイサービスセンター【通所介護】大阪市阿倍野区天王寺町北3-18-16特別養護老人ホームいくとく２階", "url": "https://www.kaigokensaku.mhlw.go.jp/27/index.php?action_kouhyou_detail_004_kani=true&JigyosyoCd=2772300246-00&ServiceCd=150&Type=search", "url2": "https://ikutokuen.or.jp" }, "geometry": { "type": "Point", "coordinates": [ 135.5264783, 34.6429381 ] } },
{ "type": "Feature", "properties": { "内容": "高齢者デイサービスセンター　いくとくII【通所介護】大阪市阿倍野区長池町18-20高齢者デイサービスセンター　いくとくⅡ", "url": "https://www.kaigokensaku.mhlw.go.jp/27/index.php?action_kouhyou_detail_004_kani=true&JigyosyoCd=2772300220-00&ServiceCd=150&Type=search", "url2": "https://ikutokuen.or.jp" }, "geometry": { "type": "Point", "coordinates": [ 135.5183154, 34.6234348 ] } },
{ "type": "Feature", "properties": { "内容": "ふれ愛丸山荘【通所介護】大阪市阿倍野区丸山通１丁目２－８", "url": "https://www.kaigokensaku.mhlw.go.jp/27/index.php?action_kouhyou_detail_004_kani=true&JigyosyoCd=2772300345-00&ServiceCd=150&Type=search", "url2": "http://www.freai-m.jp/" }, "geometry": { "type": "Point", "coordinates": [ 135.508021800000051, 34.6377858 ] } },
{ "type": "Feature", "properties": { "内容": "ドゥマサコーヌ鶴ヶ丘デイサービスセンター【通所介護】大阪市阿倍野区西田辺町１丁目１１－３", "url": "https://www.kaigokensaku.mhlw.go.jp/27/index.php?action_kouhyou_detail_004_kani=true&JigyosyoCd=2772301277-00&ServiceCd=150&Type=search", "url2": "http://tezukayama-hp.or.jp/" }, "geometry": { "type": "Point", "coordinates": [ 135.517035, 34.6188326 ] } },
{ "type": "Feature", "properties": { "内容": "デイサービス笑楽　西田辺【通所介護】大阪府大阪市阿倍野区北畠1－23－22", "url": "https://www.kaigokensaku.mhlw.go.jp/27/index.php?action_kouhyou_detail_004_kani=true&JigyosyoCd=2772302176-00&ServiceCd=150&Type=search", "url2": "http://www.わらく.com/" }, "geometry": { "type": "Point", "coordinates": [ 135.507535230620988, 34.624173330006315 ] } },
{ "type": "Feature", "properties": { "内容": "ヒューマンライフケアあべの【通所介護】大阪府大阪市阿倍野区相生通二丁目１４番３０号", "url": "https://www.kaigokensaku.mhlw.go.jp/27/index.php?action_kouhyou_detail_004_kani=true&JigyosyoCd=2772302069-00&ServiceCd=150&Type=search", "url2": "https://kaigo.human-lifecare.jp/facilities/ds055_Abeno/summary.html" }, "geometry": { "type": "Point", "coordinates": [ 135.501947500000028, 34.6298562 ] } },
{ "type": "Feature", "properties": { "内容": "生活介護フルフラール【通所介護】大阪府大阪市阿倍野区丸山通1-6-23ウエスタンハイツ松虫201", "url": "https://www.kaigokensaku.mhlw.go.jp/27/index.php?action_kouhyou_detail_004_kani=true&JigyosyoCd=2772303984-00&ServiceCd=150&Type=search", "url2": "http://www.furfural.jp/works.html" }, "geometry": { "type": "Point", "coordinates": [ 135.508567099999965, 34.6362824 ] } },
{ "type": "Feature", "properties": { "内容": "アシスト２１桃ケ池デイサービス【通所介護】大阪市阿倍野区桃ケ池町２－８－１６", "url": "https://www.kaigokensaku.mhlw.go.jp/27/index.php?action_kouhyou_detail_004_kani=true&JigyosyoCd=2772301343-00&ServiceCd=150&Type=search", "url2": "https://medicaplan.net/" }, "geometry": { "type": "Point", "coordinates": [ 135.520856800000047, 34.6266955 ] } },
{ "type": "Feature", "properties": { "内容": "リハビリデイサービス大きな手あべの【通所介護】大阪府大阪市阿倍野区阪南町７丁目9-10", "url": "https://www.kaigokensaku.mhlw.go.jp/27/index.php?action_kouhyou_detail_004_kani=true&JigyosyoCd=2772304008-00&ServiceCd=150&Type=search", "url2": "https://tokaiiryou-group.jp/okinate/abeno/index.html" }, "geometry": { "type": "Point", "coordinates": [ 135.5126368, 34.6167525 ] } },
{ "type": "Feature", "properties": { "内容": "デイサービスセンター　バリューライフ【通所介護】大阪市住吉区遠里小野6-17-5", "url": "https://www.kaigokensaku.mhlw.go.jp/27/index.php?action_kouhyou_detail_004_kani=true&JigyosyoCd=2772001943-00&ServiceCd=150&Type=search", "url2": "http://value-life.co.jp" }, "geometry": { "type": "Point", "coordinates": [ 135.494178832876031, 34.598259216143418 ] } },
{ "type": "Feature", "properties": { "内容": "みとうデイサービスセンター【通所介護】大阪府大阪市住吉区長居西３丁目６番２１号", "url": "https://www.kaigokensaku.mhlw.go.jp/27/index.php?action_kouhyou_detail_004_kani=true&JigyosyoCd=2772001877-00&ServiceCd=150&Type=search", "url2": "http://www.mitouph.com/" }, "geometry": { "type": "Point", "coordinates": [ 135.506811899999974, 34.607328699999989 ] } },
{ "type": "Feature", "properties": { "内容": "さかもとスポーツリハビリテーションデイサービス【通所介護】大阪府大阪市住吉区南住吉1-25-20", "url": "https://www.kaigokensaku.mhlw.go.jp/27/index.php?action_kouhyou_detail_004_kani=true&JigyosyoCd=2772005704-00&ServiceCd=150&Type=search", "url2": null }, "geometry": { "type": "Point", "coordinates": [ 135.5011709, 34.6108382 ] } },
{ "type": "Feature", "properties": { "内容": "アグナスデイサービスセンター【通所介護】大阪府大阪市住吉区苅田2-8-26", "url": "https://www.kaigokensaku.mhlw.go.jp/27/index.php?action_kouhyou_detail_004_kani=true&JigyosyoCd=2772002701-00&ServiceCd=150&Type=search", "url2": "http://www.agnus-jp.com" }, "geometry": { "type": "Point", "coordinates": [ 135.5168916, 34.6049478 ] } },
{ "type": "Feature", "properties": { "内容": "長整形外科　デイサービスセンター【通所介護】大阪府大阪市住吉区山之内１－２６－１５栄美グランドハイツ１階", "url": "https://www.kaigokensaku.mhlw.go.jp/27/index.php?action_kouhyou_detail_004_kani=true&JigyosyoCd=2772002313-00&ServiceCd=150&Type=search", "url2": null }, "geometry": { "type": "Point", "coordinates": [ 135.500136923793406, 34.599113228075936 ] } },
{ "type": "Feature", "properties": { "内容": "デイサービスナカムラ【通所介護】大阪府大阪市住吉区山之内3-3-12中川ビル１F", "url": "https://www.kaigokensaku.mhlw.go.jp/27/index.php?action_kouhyou_detail_004_kani=true&JigyosyoCd=2772005167-00&ServiceCd=150&Type=search", "url2": null }, "geometry": { "type": "Point", "coordinates": [ 135.502707300000054, 34.592266100000039 ] } },
{ "type": "Feature", "properties": { "内容": "ツクイ大阪南万領【通所介護】大阪市住吉区万代東4-4-1", "url": "https://www.kaigokensaku.mhlw.go.jp/27/index.php?action_kouhyou_detail_004_kani=true&JigyosyoCd=2772003113-00&ServiceCd=150&Type=search", "url2": "http://www.tsukui.net" }, "geometry": { "type": "Point", "coordinates": [ 135.50267, 34.6120584 ] } },
{ "type": "Feature", "properties": { "内容": "デイサービスセンター　歩き方から【通所介護】大阪市住吉区東粉浜3丁目21番1号　パンドノール住吉大社２階", "url": "https://www.kaigokensaku.mhlw.go.jp/27/index.php?action_kouhyou_detail_004_kani=true&JigyosyoCd=2772005787-00&ServiceCd=150&Type=search", "url2": "https://www.mone2012.co.jp" }, "geometry": { "type": "Point", "coordinates": [ 135.4919418, 34.6179536 ] } },
{ "type": "Feature", "properties": { "内容": "ラフィン・ハーツ長居公園【通所介護】大阪府大阪市住吉区我孫子東1-1-7グレイス我孫子", "url": "https://www.kaigokensaku.mhlw.go.jp/27/index.php?action_kouhyou_detail_004_kani=true&JigyosyoCd=2772004657-00&ServiceCd=150&Type=search", "url2": "https://raffin-hearts.jp/" }, "geometry": { "type": "Point", "coordinates": [ 135.51306610000006, 34.6057536 ] } },
{ "type": "Feature", "properties": { "内容": "アンパス住吉デイサービスセンター【通所介護】大阪府大阪市住吉区山之内３丁目４－９", "url": "https://www.kaigokensaku.mhlw.go.jp/27/index.php?action_kouhyou_detail_004_kani=true&JigyosyoCd=2772000655-00&ServiceCd=150&Type=search", "url2": "https://www.ayumi-kai.net/smys/" }, "geometry": { "type": "Point", "coordinates": [ 135.501703906745973, 34.59224446646931 ] } },
{ "type": "Feature", "properties": { "内容": "グルメ杵屋社会貢献大領の家　デイサービス【通所介護】大阪府大阪市住吉区大領2-8-20", "url": "https://www.kaigokensaku.mhlw.go.jp/27/index.php?action_kouhyou_detail_004_kani=true&JigyosyoCd=2772003618-00&ServiceCd=150&Type=search", "url2": "https://dairyou.gksc.jp/" }, "geometry": { "type": "Point", "coordinates": [ 135.507710730688501, 34.617144657384991 ] } },
{ "type": "Feature", "properties": { "内容": "社会福祉法人　一隅苑　デイサービスセンター【通所介護】大阪府大阪市住吉区我孫子東１－４－３７", "url": "https://www.kaigokensaku.mhlw.go.jp/27/index.php?action_kouhyou_detail_004_kani=true&JigyosyoCd=2772000275-00&ServiceCd=150&Type=search", "url2": "http://www.ichiguuen.or.jp/" }, "geometry": { "type": "Point", "coordinates": [ 135.511657900000046, 34.6053814 ] } },
{ "type": "Feature", "properties": { "内容": "デイサービスセンター　ウェルネスあびこ【通所介護】大阪府大阪市住吉区我孫子西1丁目2番15号特別養護老人ホームウェルネスあびこ", "url": "https://www.kaigokensaku.mhlw.go.jp/27/index.php?action_kouhyou_detail_004_kani=true&JigyosyoCd=2772000358-00&ServiceCd=150&Type=search", "url2": "https://teru.or.jp/wellness-abiko/" }, "geometry": { "type": "Point", "coordinates": [ 135.508405499999981, 34.604737 ] } },
{ "type": "Feature", "properties": { "内容": "墨江丘地域在宅サービスステーション　デイサービスセンター　ル・ロゼイ【通所介護】大阪市住吉区清水丘3-15-3", "url": "https://www.kaigokensaku.mhlw.go.jp/27/index.php?action_kouhyou_detail_004_kani=true&JigyosyoCd=2772000499-00&ServiceCd=150&Type=search", "url2": "http://www.kouzenkai.or.jp/sumi_dayservice/" }, "geometry": { "type": "Point", "coordinates": [ 135.489013600000021, 34.5973433 ] } },
{ "type": "Feature", "properties": { "内容": "ふれ愛の館しおんデイサービスセンター【通所介護】大阪市住吉区苅田４－３－１５", "url": "https://www.kaigokensaku.mhlw.go.jp/27/index.php?action_kouhyou_detail_004_kani=true&JigyosyoCd=2772000218-00&ServiceCd=150&Type=search", "url2": "https://www.shiongakuen.or.jp/" }, "geometry": { "type": "Point", "coordinates": [ 135.521406800000022, 34.6007264 ] } },
{ "type": "Feature", "properties": { "内容": "玲風苑高齢者デイサービスセンター【通所介護】大阪府大阪市住吉区帝塚山東2-1-35", "url": "https://www.kaigokensaku.mhlw.go.jp/27/index.php?action_kouhyou_detail_004_kani=true&JigyosyoCd=2772000309-00&ServiceCd=150&Type=search", "url2": "http://www.tezukayama.or.jp/reifu/index.html" }, "geometry": { "type": "Point", "coordinates": [ 135.502089299999966, 34.6202574 ] } },
{ "type": "Feature", "properties": { "内容": "三橋デイサービスセンター　つるかめ【通所介護】大阪市住吉区苅田８－６－２６", "url": "https://www.kaigokensaku.mhlw.go.jp/27/index.php?action_kouhyou_detail_004_kani=true&JigyosyoCd=2772002065-00&ServiceCd=150&Type=search", "url2": null }, "geometry": { "type": "Point", "coordinates": [ 135.520368100000042, 34.5979378 ] } },
{ "type": "Feature", "properties": { "内容": "デイサービスセンターアクト【通所介護】大阪府大阪市住吉区南住吉４丁目１５―７", "url": "https://www.kaigokensaku.mhlw.go.jp/27/index.php?action_kouhyou_detail_004_kani=true&JigyosyoCd=2772001711-00&ServiceCd=150&Type=search", "url2": "https://www.dayservice-act.com/" }, "geometry": { "type": "Point", "coordinates": [ 135.501034200000049, 34.602617800000012 ] } },
{ "type": "Feature", "properties": { "内容": "あびこケアセンターそよ風【通所介護】大阪府大阪市住吉区我孫子東3-3-11", "url": "https://www.kaigokensaku.mhlw.go.jp/27/index.php?action_kouhyou_detail_004_kani=true&JigyosyoCd=2772001745-00&ServiceCd=150&Type=search", "url2": "http://www.sykz.co.jp" }, "geometry": { "type": "Point", "coordinates": [ 135.511272, 34.5972045 ] } },
{ "type": "Feature", "properties": { "内容": "デイサービスきき【通所介護】大阪府大阪市住吉区我孫子東3-2-25コーポYM21－3階", "url": "https://www.kaigokensaku.mhlw.go.jp/27/index.php?action_kouhyou_detail_004_kani=true&JigyosyoCd=2772004681-00&ServiceCd=150&Type=search", "url2": null }, "geometry": { "type": "Point", "coordinates": [ 135.5108629, 34.5978949 ] } },
{ "type": "Feature", "properties": { "内容": "ワンデイサービス　りらいふあびこ【通所介護】大阪府大阪市住吉区山之内1-19-2", "url": "https://www.kaigokensaku.mhlw.go.jp/27/index.php?action_kouhyou_detail_004_kani=true&JigyosyoCd=2772005811-00&ServiceCd=150&Type=search", "url2": null }, "geometry": { "type": "Point", "coordinates": [ 135.5020351, 34.6000599 ] } },
{ "type": "Feature", "properties": { "内容": "なごみデイサービス【通所介護】大阪市住吉区帝塚山東５－１０－１５", "url": "https://www.kaigokensaku.mhlw.go.jp/27/index.php?action_kouhyou_detail_004_kani=true&JigyosyoCd=2772000135-00&ServiceCd=150&Type=search", "url2": "http://lifesupport.or.jp/index.html" }, "geometry": { "type": "Point", "coordinates": [ 135.498612099999946, 34.61275 ] } },
{ "type": "Feature", "properties": { "内容": "楽しみデイサービス【通所介護】大阪府大阪市住吉区山之内二丁目4番17号", "url": "https://www.kaigokensaku.mhlw.go.jp/27/index.php?action_kouhyou_detail_004_kani=true&JigyosyoCd=2772004616-00&ServiceCd=150&Type=search", "url2": "https://www.tanosimi.jp" }, "geometry": { "type": "Point", "coordinates": [ 135.5028231, 34.5962907 ] } },
{ "type": "Feature", "properties": { "内容": "デイアンドステイ　木もれび【通所介護】大阪府大阪市住吉区我孫子東2-10-13大巧ビル1階", "url": "https://www.kaigokensaku.mhlw.go.jp/27/index.php?action_kouhyou_detail_004_kani=true&JigyosyoCd=2772005431-00&ServiceCd=150&Type=search", "url2": null }, "geometry": { "type": "Point", "coordinates": [ 135.5111451, 34.59835 ] } },
{ "type": "Feature", "properties": { "内容": "デイサービスはなまるの湯　東田辺店【通所介護】大阪府大阪市東住吉区東田辺2-5-6ヴィーブルエリーゼ1階", "url": "https://www.kaigokensaku.mhlw.go.jp/27/index.php?action_kouhyou_detail_004_kani=true&JigyosyoCd=2770805600-00&ServiceCd=150&Type=search", "url2": "https://hanamaru2002.com/day_service/" }, "geometry": { "type": "Point", "coordinates": [ 135.529324821495834, 34.621328754019046 ] } },
{ "type": "Feature", "properties": { "内容": "アミライフ・湯の里デイサービスセンター【通所介護】大阪府大阪市東住吉区湯里5丁目19番8号アミライフ・湯の里", "url": "https://www.kaigokensaku.mhlw.go.jp/27/index.php?action_kouhyou_detail_004_kani=true&JigyosyoCd=2770803936-00&ServiceCd=150&Type=search", "url2": "http://abikocare.co.jp/index.php" }, "geometry": { "type": "Point", "coordinates": [ 135.538102799999933, 34.6102726 ] } },
{ "type": "Feature", "properties": { "内容": "ヒューマンライフケア東住吉の湯【通所介護】大阪府大阪市東住吉区矢田一丁目１０番２５号", "url": "https://www.kaigokensaku.mhlw.go.jp/27/index.php?action_kouhyou_detail_004_kani=true&JigyosyoCd=2770803696-00&ServiceCd=150&Type=search", "url2": "http://kaigo.human-lifecare.jp/facilities/ds082_HigashiSumiyoshi/summary.html" }, "geometry": { "type": "Point", "coordinates": [ 135.527856299999939, 34.6061647 ] } },
{ "type": "Feature", "properties": { "内容": "ブルーミングケア駒川【通所介護】大阪府大阪市東住吉区駒川四丁目18番17号", "url": "https://www.kaigokensaku.mhlw.go.jp/27/index.php?action_kouhyou_detail_004_kani=true&JigyosyoCd=2770807309-00&ServiceCd=150&Type=search", "url2": "https://illbe.bloomingcare.net" }, "geometry": { "type": "Point", "coordinates": [ 135.532261299999988, 34.6191661 ] } },
{ "type": "Feature", "properties": { "内容": "アイネットデイサービスセンター【通所介護】大阪府大阪市東住吉区西今川１－１４－２３プライムタワー西今川１F", "url": "https://www.kaigokensaku.mhlw.go.jp/27/index.php?action_kouhyou_detail_004_kani=true&JigyosyoCd=2770806665-00&ServiceCd=150&Type=search", "url2": null }, "geometry": { "type": "Point", "coordinates": [ 135.533110800000031, 34.6307174 ] } },
{ "type": "Feature", "properties": { "内容": "ビーナスケアセンター東住吉【通所介護】大阪府大阪市東住吉区4-4-25", "url": "https://www.kaigokensaku.mhlw.go.jp/27/index.php?action_kouhyou_detail_004_kani=true&JigyosyoCd=2770806822-00&ServiceCd=150&Type=search", "url2": "https://www.venus-comrade.co.jp/" }, "geometry": { "type": "Point", "coordinates": [ 135.536769693725262, 34.62968552127132 ] } },
{ "type": "Feature", "properties": { "内容": "ビーナスクラブ今川【通所介護】大阪府大阪市東住吉区西今川3-15-10クレールシモノ101", "url": "https://www.kaigokensaku.mhlw.go.jp/27/index.php?action_kouhyou_detail_004_kani=true&JigyosyoCd=2770805998-00&ServiceCd=150&Type=search", "url2": "https://www.venus-comrade.co.jp/" }, "geometry": { "type": "Point", "coordinates": [ 135.5331241, 34.6252227 ] } },
{ "type": "Feature", "properties": { "内容": "株式会社　プレイス　　かふぇぐるっぽ弐番館【通所介護】大阪府大阪市東住吉区矢田2-20-4", "url": "https://www.kaigokensaku.mhlw.go.jp/27/index.php?action_kouhyou_detail_004_kani=true&JigyosyoCd=2770805840-00&ServiceCd=150&Type=search", "url2": null }, "geometry": { "type": "Point", "coordinates": [ 135.532419800000014, 34.6077149 ] } },
{ "type": "Feature", "properties": { "内容": "ジョイリハSPA南田辺【通所介護】大阪府大阪市東住吉区南田辺3-8-12ラシーヌ南田辺", "url": "https://www.kaigokensaku.mhlw.go.jp/27/index.php?action_kouhyou_detail_004_kani=true&JigyosyoCd=2770806699-00&ServiceCd=150&Type=search", "url2": "https://joyreha.co.jp" }, "geometry": { "type": "Point", "coordinates": [ 135.524645600000014, 34.6202493 ] } },
{ "type": "Feature", "properties": { "内容": "康楽デイサービス【通所介護】大阪市東住吉区杭全三丁目10番11号", "url": "https://www.kaigokensaku.mhlw.go.jp/27/index.php?action_kouhyou_detail_004_kani=true&JigyosyoCd=2770807036-00&ServiceCd=150&Type=search", "url2": null }, "geometry": { "type": "Point", "coordinates": [ 135.5381499, 34.634776199999983 ] } },
{ "type": "Feature", "properties": { "内容": "飛祥デイサービス【通所介護】大阪府大阪市東住吉区照ヶ丘矢田1-17-7-2階", "url": "https://www.kaigokensaku.mhlw.go.jp/27/index.php?action_kouhyou_detail_004_kani=true&JigyosyoCd=2770805618-00&ServiceCd=150&Type=search", "url2": null }, "geometry": { "type": "Point", "coordinates": [ 135.535607199999959, 34.6078731 ] } },
{ "type": "Feature", "properties": { "内容": "ゆあデイサービス【通所介護】大阪市東住吉区矢田三丁目１６番８号", "url": "https://www.kaigokensaku.mhlw.go.jp/27/index.php?action_kouhyou_detail_004_kani=true&JigyosyoCd=2770806426-00&ServiceCd=150&Type=search", "url2": null }, "geometry": { "type": "Point", "coordinates": [ 135.5296563, 34.6026556 ] } },
{ "type": "Feature", "properties": { "内容": "四季デイサービス【通所介護】大阪府大阪市東住吉区照ケ丘矢田一丁目17番7号3階", "url": "https://www.kaigokensaku.mhlw.go.jp/27/index.php?action_kouhyou_detail_004_kani=true&JigyosyoCd=2770806350-00&ServiceCd=150&Type=search", "url2": null }, "geometry": { "type": "Point", "coordinates": [ 135.535570400000012, 34.6078909 ] } },
{ "type": "Feature", "properties": { "内容": "デイサービスたか愛テレサ【通所介護】大阪府大阪市東住吉区鷹合２－１３－２９", "url": "https://www.kaigokensaku.mhlw.go.jp/27/index.php?action_kouhyou_detail_004_kani=true&JigyosyoCd=2770804876-00&ServiceCd=150&Type=search", "url2": "https://takaai-kaigo.jp/" }, "geometry": { "type": "Point", "coordinates": [ 135.532158699999968, 34.6144971 ] } },
{ "type": "Feature", "properties": { "内容": "デイサービス　りんごの木南店【通所介護】大阪府大阪市東住吉区住道矢田一丁目１９番２４号", "url": "https://www.kaigokensaku.mhlw.go.jp/27/index.php?action_kouhyou_detail_004_kani=true&JigyosyoCd=2770803951-00&ServiceCd=150&Type=search", "url2": "http://www.club-ringo.com/" }, "geometry": { "type": "Point", "coordinates": [ 135.534705900000063, 34.6027845 ] } },
{ "type": "Feature", "properties": { "内容": "ベストケア・デイサービスセンター駒川【通所介護】大阪府大阪市東住吉区駒川４丁目９番５号", "url": "https://www.kaigokensaku.mhlw.go.jp/27/index.php?action_kouhyou_detail_004_kani=true&JigyosyoCd=2770803415-00&ServiceCd=150&Type=search", "url2": "http://www.best-care.jp/" }, "geometry": { "type": "Point", "coordinates": [ 135.531696344809376, 34.620494880532341 ] } },
{ "type": "Feature", "properties": { "内容": "東住吉リハビリセンター【通所介護】大阪府大阪市東住吉区矢田２－１６－８", "url": "https://www.kaigokensaku.mhlw.go.jp/27/index.php?action_kouhyou_detail_004_kani=true&JigyosyoCd=2770802425-00&ServiceCd=150&Type=search", "url2": "https://umano-seikei.com" }, "geometry": { "type": "Point", "coordinates": [ 135.531760005522557, 34.60914124025426 ] } },
{ "type": "Feature", "properties": { "内容": "ツクイ大阪東住吉【通所介護】大阪市東住吉区杭全五丁目５番22号", "url": "https://www.kaigokensaku.mhlw.go.jp/27/index.php?action_kouhyou_detail_004_kani=true&JigyosyoCd=2770802565-00&ServiceCd=150&Type=search", "url2": "http://www.tsukui.net" }, "geometry": { "type": "Point", "coordinates": [ 135.536052700000027, 34.6329868 ] } },
{ "type": "Feature", "properties": { "内容": "くれない高齢者デイサービスセンター【通所介護】大阪市東住吉区今川7-9-7", "url": "https://www.kaigokensaku.mhlw.go.jp/27/index.php?action_kouhyou_detail_004_kani=true&JigyosyoCd=2770801435-00&ServiceCd=150&Type=search", "url2": "http://www.9071.jp/" }, "geometry": { "type": "Point", "coordinates": [ 135.538055399999962, 34.6252571 ] } },
{ "type": "Feature", "properties": { "内容": "めばえデイサービスセンター【通所介護】大阪府大阪市東住吉区駒川１丁目２１番２１号", "url": "https://www.kaigokensaku.mhlw.go.jp/27/index.php?action_kouhyou_detail_004_kani=true&JigyosyoCd=2770800544-00&ServiceCd=150&Type=search", "url2": "http://mebae-f.or.jp/kaigo/day/index.html" }, "geometry": { "type": "Point", "coordinates": [ 135.5308142, 34.6345893 ] } },
{ "type": "Feature", "properties": { "内容": "デイサービスセンターヴァンサンク【通所介護】大阪府大阪市東住吉区湯里２－５－８", "url": "https://www.kaigokensaku.mhlw.go.jp/27/index.php?action_kouhyou_detail_004_kani=true&JigyosyoCd=2770800254-00&ServiceCd=150&Type=search", "url2": "http://www.kaseikai.org/" }, "geometry": { "type": "Point", "coordinates": [ 135.536438514273641, 34.614378866513825 ] } },
{ "type": "Feature", "properties": { "内容": "あっとほうむデイサービスセンター【通所介護】大阪府大阪市東住吉区杭全１丁目４番２０号", "url": "https://www.kaigokensaku.mhlw.go.jp/27/index.php?action_kouhyou_detail_004_kani=true&JigyosyoCd=2770800387-00&ServiceCd=150&Type=search", "url2": "http://www.keiyo.org/" }, "geometry": { "type": "Point", "coordinates": [ 135.535891399999969, 34.640547 ] } },
{ "type": "Feature", "properties": { "内容": "デイサービスセンターゆめ長居公園【通所介護】大阪市東住吉区鷹合3-1-33", "url": "https://www.kaigokensaku.mhlw.go.jp/27/index.php?action_kouhyou_detail_004_kani=true&JigyosyoCd=2770801641-00&ServiceCd=150&Type=search", "url2": "https://smile-yume.com/nagai/day/" }, "geometry": { "type": "Point", "coordinates": [ 135.527159100000063, 34.6123084 ] } },
{ "type": "Feature", "properties": { "内容": "デイサービスセンターうさぎ【通所介護】大阪府大阪市東住吉区矢田１－１９－１８", "url": "https://www.kaigokensaku.mhlw.go.jp/27/index.php?action_kouhyou_detail_004_kani=true&JigyosyoCd=2770800957-00&ServiceCd=150&Type=search", "url2": "https://kaigo-usagi.com" }, "geometry": { "type": "Point", "coordinates": [ 135.529340958895546, 34.607950401512404 ] } },
{ "type": "Feature", "properties": { "内容": "デイサービス笑楽　東住吉【通所介護】大阪府大阪市東住吉区公園南矢田三丁目21番17号", "url": "https://www.kaigokensaku.mhlw.go.jp/27/index.php?action_kouhyou_detail_004_kani=true&JigyosyoCd=2770804520-00&ServiceCd=150&Type=search", "url2": "http://わらく.com/" }, "geometry": { "type": "Point", "coordinates": [ 135.526648657424857, 34.60088469274465 ] } },
{ "type": "Feature", "properties": { "内容": "かがやきデイサービス平野南第二【通所介護】大阪府大阪市東住吉区住道矢田8-6-3", "url": "https://www.kaigokensaku.mhlw.go.jp/27/index.php?action_kouhyou_detail_004_kani=true&JigyosyoCd=2770805113-00&ServiceCd=150&Type=search", "url2": "http://www.ymmd.co.jp" }, "geometry": { "type": "Point", "coordinates": [ 135.541135, 34.6038346 ] } },
{ "type": "Feature", "properties": { "内容": "ヴァンサンク　ポルテ【通所介護】大阪府大阪市東住吉区湯里６丁目３番２７号", "url": "https://www.kaigokensaku.mhlw.go.jp/27/index.php?action_kouhyou_detail_004_kani=true&JigyosyoCd=2770803126-00&ServiceCd=150&Type=search", "url2": "http://kaseikai.or.jp/" }, "geometry": { "type": "Point", "coordinates": [ 135.538819399999966, 34.6113836 ] } },
{ "type": "Feature", "properties": { "内容": "パナソニックエイジフリーケアセンター東住吉デイサービス【通所介護】大阪府大阪市東住吉区今川3-12-6", "url": "https://www.kaigokensaku.mhlw.go.jp/27/index.php?action_kouhyou_detail_004_kani=true&JigyosyoCd=2770802227-00&ServiceCd=150&Type=search", "url2": "https://sumai.panasonic.jp/agefree/map/detail.php?id=71" }, "geometry": { "type": "Point", "coordinates": [ 135.541433500000011, 34.6296229 ] } },
{ "type": "Feature", "properties": { "内容": "慶生会　リハbyデイ東住吉【通所介護】大阪府大阪市東住吉区中野3丁目8-4第二池田ビル2・3階", "url": "https://www.kaigokensaku.mhlw.go.jp/27/index.php?action_kouhyou_detail_004_kani=true&JigyosyoCd=2770803241-00&ServiceCd=150&Type=search", "url2": "http://www.kyouseikai.org/" }, "geometry": { "type": "Point", "coordinates": [ 135.538238800000045, 34.6196383 ] } },
{ "type": "Feature", "properties": { "内容": "Chi-Ka【通所介護】大阪市東住吉区鷹合2-9-8", "url": "https://www.kaigokensaku.mhlw.go.jp/27/index.php?action_kouhyou_detail_004_kani=true&JigyosyoCd=2770806780-00&ServiceCd=150&Type=search", "url2": null }, "geometry": { "type": "Point", "coordinates": [ 135.531353700000011, 34.6132749 ] } },
{ "type": "Feature", "properties": { "内容": "デイサービスアストライ岸里【通所介護】大阪府大阪市西成区岸里東二丁目10番18号", "url": "https://www.kaigokensaku.mhlw.go.jp/27/index.php?action_kouhyou_detail_004_kani=true&JigyosyoCd=2773311374-00&ServiceCd=150&Type=search", "url2": "https://www.astrai.jp/" }, "geometry": { "type": "Point", "coordinates": [ 135.4967351, 34.6303159 ] } },
{ "type": "Feature", "properties": { "内容": "デイサービスセンター期待と予感【通所介護】大阪府大阪市西成区岸里東1-17-4天下茶屋ガーデンハイツ1階", "url": "https://www.kaigokensaku.mhlw.go.jp/27/index.php?action_kouhyou_detail_004_kani=true&JigyosyoCd=2773311085-00&ServiceCd=150&Type=search", "url2": "https://www.mone2012.co.jp/" }, "geometry": { "type": "Point", "coordinates": [ 135.4979615, 34.6330431 ] } },
{ "type": "Feature", "properties": { "内容": "クルーズ「楽座」天下茶屋駅前【通所介護】大阪市西成区天下茶屋2-21-10", "url": "https://www.kaigokensaku.mhlw.go.jp/27/index.php?action_kouhyou_detail_004_kani=true&JigyosyoCd=2773302092-00&ServiceCd=150&Type=search", "url2": "http://www.cruise65.com/" }, "geometry": { "type": "Point", "coordinates": [ 135.497922100000011, 34.63723430000001 ] } },
{ "type": "Feature", "properties": { "内容": "リハビリデイサービス大きな手・鶴見橋【通所介護】大阪府大阪市西成区鶴見橋3-2-5", "url": "https://www.kaigokensaku.mhlw.go.jp/27/index.php?action_kouhyou_detail_004_kani=true&JigyosyoCd=2773306036-00&ServiceCd=150&Type=search", "url2": "https://clinic.ginreikai.jp" }, "geometry": { "type": "Point", "coordinates": [ 135.489892599999962, 34.6457488 ] } },
{ "type": "Feature", "properties": { "内容": "デイサービス　はっぴーほーむ【通所介護】大阪市西成区玉出西２－４－２７メゾンドマルキ１階", "url": "https://www.kaigokensaku.mhlw.go.jp/27/index.php?action_kouhyou_detail_004_kani=true&JigyosyoCd=2773308610-00&ServiceCd=150&Type=search", "url2": null }, "geometry": { "type": "Point", "coordinates": [ 135.489992994477433, 34.624844225364214 ] } },
{ "type": "Feature", "properties": { "内容": "デイサービス　すみれ苑【通所介護】大阪市西成区花園北1-10-17", "url": "https://www.kaigokensaku.mhlw.go.jp/27/index.php?action_kouhyou_detail_004_kani=true&JigyosyoCd=2773301748-00&ServiceCd=150&Type=search", "url2": "http://www.ami-kaigo.co.jp/" }, "geometry": { "type": "Point", "coordinates": [ 135.497709057077827, 34.647759863806414 ] } },
{ "type": "Feature", "properties": { "内容": "デイサービスセンター　そらいろ【通所介護】大阪府大阪市西成区太子1丁目12番9号1F", "url": "https://www.kaigokensaku.mhlw.go.jp/27/index.php?action_kouhyou_detail_004_kani=true&JigyosyoCd=2773307844-00&ServiceCd=150&Type=search", "url2": null }, "geometry": { "type": "Point", "coordinates": [ 135.50442739999994, 34.6470375 ] } },
{ "type": "Feature", "properties": { "内容": "くろもんデイサービスセンター【通所介護】大阪府大阪市西成区花園北1-9-29", "url": "https://www.kaigokensaku.mhlw.go.jp/27/index.php?action_kouhyou_detail_004_kani=true&JigyosyoCd=2773309766-00&ServiceCd=150&Type=search", "url2": null }, "geometry": { "type": "Point", "coordinates": [ 135.499186900000012, 34.6477825 ] } },
{ "type": "Feature", "properties": { "内容": "ツクイ大阪天下茶屋【通所介護】大阪府大阪市西成区天下茶屋3-28-6", "url": "https://www.kaigokensaku.mhlw.go.jp/27/index.php?action_kouhyou_detail_004_kani=true&JigyosyoCd=2773301649-00&ServiceCd=150&Type=search", "url2": "https://www.tsukui.net/home-care/2258" }, "geometry": { "type": "Point", "coordinates": [ 135.496562399999988, 34.635563200000014 ] } },
{ "type": "Feature", "properties": { "内容": "デイサービスセンターあすなろ苑【通所介護】大阪府大阪市西成区花園北１－5－12ー１F", "url": "https://www.kaigokensaku.mhlw.go.jp/27/index.php?action_kouhyou_detail_004_kani=true&JigyosyoCd=2773301177-00&ServiceCd=150&Type=search", "url2": null }, "geometry": { "type": "Point", "coordinates": [ 135.49779749933623, 34.649346033938883 ] } },
{ "type": "Feature", "properties": { "内容": "アルトデイサービス【通所介護】大阪市西成区南津守三丁目１番６号", "url": "https://www.kaigokensaku.mhlw.go.jp/27/index.php?action_kouhyou_detail_004_kani=true&JigyosyoCd=2773301631-00&ServiceCd=150&Type=search", "url2": "http://www.1049.cc/web/altcare-c/" }, "geometry": { "type": "Point", "coordinates": [ 135.485768399999984, 34.6330391 ] } },
{ "type": "Feature", "properties": { "内容": "デイサービスセンター　お湯～とぴあ【通所介護】大阪府大阪市西成区花園北2-4-5シャンブル西成Ⅰ-1F", "url": "https://www.kaigokensaku.mhlw.go.jp/27/index.php?action_kouhyou_detail_004_kani=true&JigyosyoCd=2773308719-00&ServiceCd=150&Type=search", "url2": null }, "geometry": { "type": "Point", "coordinates": [ 135.497482900000023, 34.6469347 ] } },
{ "type": "Feature", "properties": { "内容": "リハビリデイサービス大きな手・岸里【通所介護】大阪府大阪市西成区千本中１丁目３番２２号", "url": "https://www.kaigokensaku.mhlw.go.jp/27/index.php?action_kouhyou_detail_004_kani=true&JigyosyoCd=2773305525-00&ServiceCd=150&Type=search", "url2": "http://kaigo.tokaiiryou-group.jp/" }, "geometry": { "type": "Point", "coordinates": [ 135.4928344, 34.6336197 ] } },
{ "type": "Feature", "properties": { "内容": "デイサービスセンター　みどり苑【通所介護】大阪府大阪市西成区山王１－６－５山王地域在宅サービスステーションみどり苑", "url": "https://www.kaigokensaku.mhlw.go.jp/27/index.php?action_kouhyou_detail_004_kani=true&JigyosyoCd=2773301193-00&ServiceCd=150&Type=search", "url2": "http://www.sanou-midori.com/" }, "geometry": { "type": "Point", "coordinates": [ 135.506905, 34.6462321 ] } },
{ "type": "Feature", "properties": { "内容": "デイサービスセンターのぞみ【通所介護】大阪市西成区天下茶屋東2丁目15番12号", "url": "https://www.kaigokensaku.mhlw.go.jp/27/index.php?action_kouhyou_detail_004_kani=true&JigyosyoCd=2773300393-00&ServiceCd=150&Type=search", "url2": "https://jifukukai-fukushi.jp/nozomi/" }, "geometry": { "type": "Point", "coordinates": [ 135.501327899999978, 34.64033 ] } },
{ "type": "Feature", "properties": { "内容": "ﾃﾞｲサービスセンターかがやき【通所介護】大阪府大阪市西成区聖天下二丁目８番５号社会福祉法人双洋会　特別養護老人ホームかがやき", "url": "https://www.kaigokensaku.mhlw.go.jp/27/index.php?action_kouhyou_detail_004_kani=true&JigyosyoCd=2773307638-00&ServiceCd=150&Type=search", "url2": "http://www.soyokai.or.jp/" }, "geometry": { "type": "Point", "coordinates": [ 135.501911299999961, 34.6351167 ] } },
{ "type": "Feature", "properties": { "内容": "今宮デイサービスセンター【通所介護】大阪府大阪市西成区天下茶屋１－３１－１０", "url": "https://www.kaigokensaku.mhlw.go.jp/27/index.php?action_kouhyou_detail_004_kani=true&JigyosyoCd=2773305533-00&ServiceCd=150&Type=search", "url2": "http://www.ojk.or.jp/" }, "geometry": { "type": "Point", "coordinates": [ 135.498314199999982, 34.642638 ] } },
{ "type": "Feature", "properties": { "内容": "デイサービスセンター白寿苑【通所介護】大阪市西成区南津守7-12-32", "url": "https://www.kaigokensaku.mhlw.go.jp/27/index.php?action_kouhyou_detail_004_kani=true&JigyosyoCd=2773300237-00&ServiceCd=150&Type=search", "url2": "http://www.hakujuen.or.jp" }, "geometry": { "type": "Point", "coordinates": [ 135.48360219999995, 34.6242651 ] } },
{ "type": "Feature", "properties": { "内容": "ビアンエトール恭愛老人デイサービスセンター【通所介護】大阪府大阪市西成区南津守１丁目４番７号", "url": "https://www.kaigokensaku.mhlw.go.jp/27/index.php?action_kouhyou_detail_004_kani=true&JigyosyoCd=2773300211-00&ServiceCd=150&Type=search", "url2": "http://bienetre-k.jp/" }, "geometry": { "type": "Point", "coordinates": [ 135.484573899999987, 34.635849800000017 ] } },
{ "type": "Feature", "properties": { "内容": "ほたるデイサービス【通所介護】大阪府大阪市西成区鶴見橋２－１－８", "url": "https://www.kaigokensaku.mhlw.go.jp/27/index.php?action_kouhyou_detail_004_kani=true&JigyosyoCd=2773309048-00&ServiceCd=150&Type=search", "url2": null }, "geometry": { "type": "Point", "coordinates": [ 135.492917199999965, 34.646791 ] } },
{ "type": "Feature", "properties": { "内容": "デイサービスオーク倶楽部【通所介護】大阪府大阪市西成区千本北２－３１－６", "url": "https://www.kaigokensaku.mhlw.go.jp/27/index.php?action_kouhyou_detail_004_kani=true&JigyosyoCd=2773304916-00&ServiceCd=150&Type=search", "url2": "https://www.oak-club.jp/" }, "geometry": { "type": "Point", "coordinates": [ 135.4873076, 34.6341707 ] } },
{ "type": "Feature", "properties": { "内容": "デイサービスエシュロン【通所介護】玉出中2丁目15-16ステラ玉出1階", "url": "https://www.kaigokensaku.mhlw.go.jp/27/index.php?action_kouhyou_detail_004_kani=true&JigyosyoCd=2773308081-00&ServiceCd=150&Type=search", "url2": "https://cyclo-inc.jp" }, "geometry": { "type": "Point", "coordinates": [ 135.4907451, 34.6241422 ] } },
{ "type": "Feature", "properties": { "内容": "デイサービスセンターめぐみ【通所介護】大阪市西成区千本北2丁目12番2号", "url": "https://www.kaigokensaku.mhlw.go.jp/27/index.php?action_kouhyou_detail_004_kani=true&JigyosyoCd=2773300179-00&ServiceCd=150&Type=search", "url2": "http://jifukukai-fukushi.jp/" }, "geometry": { "type": "Point", "coordinates": [ 135.487016749073746, 34.636265413718739 ] } },
{ "type": "Feature", "properties": { "内容": "デイサービスほほえみデイズ【通所介護】大阪府大阪市西成区梅南2-5-17", "url": "https://www.kaigokensaku.mhlw.go.jp/27/index.php?action_kouhyou_detail_004_kani=true&JigyosyoCd=2773306002-00&ServiceCd=150&Type=search", "url2": "http://choshukai.jp/" }, "geometry": { "type": "Point", "coordinates": [ 135.490764899999931, 34.6421437 ] } },
{ "type": "Feature", "properties": { "内容": "らいふデイサービスセンター【通所介護】大阪府大阪市西成区旭三丁目4番14号ピジョン花園", "url": "https://www.kaigokensaku.mhlw.go.jp/27/index.php?action_kouhyou_detail_004_kani=true&JigyosyoCd=2773308214-00&ServiceCd=150&Type=search", "url2": null }, "geometry": { "type": "Point", "coordinates": [ 135.487873400000012, 34.6437879 ] } },
{ "type": "Feature", "properties": { "内容": "デイサービスプロトン【通所介護】大阪府大阪市西成区萩之茶屋3-6-2", "url": "https://www.kaigokensaku.mhlw.go.jp/27/index.php?action_kouhyou_detail_004_kani=true&JigyosyoCd=2773311036-00&ServiceCd=150&Type=search", "url2": null }, "geometry": { "type": "Point", "coordinates": [ 135.500068403857853, 34.644609199145386 ] } },
{ "type": "Feature", "properties": { "内容": "デイサービス笑楽花園北【通所介護】大阪府大阪市西成区花園北1丁目5-21いきいき倶楽部館4F", "url": "https://www.kaigokensaku.mhlw.go.jp/27/index.php?action_kouhyou_detail_004_kani=true&JigyosyoCd=2773306598-00&ServiceCd=150&Type=search", "url2": "http://わらく.com/" }, "geometry": { "type": "Point", "coordinates": [ 135.497885, 34.649712 ] } },
{ "type": "Feature", "properties": { "内容": "リハステージ　トラスト【通所介護】大阪府大阪市西成区岸里東１丁目２番９号ミリオンハウス１階", "url": "https://www.kaigokensaku.mhlw.go.jp/27/index.php?action_kouhyou_detail_004_kani=true&JigyosyoCd=2773310053-00&ServiceCd=150&Type=search", "url2": "http://www.happy-home.co.jp/trust" }, "geometry": { "type": "Point", "coordinates": [ 135.4989674, 34.6336889 ] } },
{ "type": "Feature", "properties": { "内容": "デイサービスリハビリオレンジ舘　花園【通所介護】大阪府大阪市西成区１丁目１７番１１号ミヨクラブ花園Ⅲ番館１階店舗", "url": "https://www.kaigokensaku.mhlw.go.jp/27/index.php?action_kouhyou_detail_004_kani=true&JigyosyoCd=2773307752-00&ServiceCd=150&Type=search", "url2": null }, "geometry": { "type": "Point", "coordinates": [ 135.502739199999951, 34.641817 ] } },
{ "type": "Feature", "properties": { "内容": "デイサービスきたえるーむ大阪天下茶屋【通所介護】大阪府大阪市西成区1丁目3番8号ルクール花園1階", "url": "https://www.kaigokensaku.mhlw.go.jp/27/index.php?action_kouhyou_detail_004_kani=true&JigyosyoCd=2793300415-00&ServiceCd=150&Type=search", "url2": "https://www.human-welfare.co.jp/" }, "geometry": { "type": "Point", "coordinates": [ 135.4921995, 34.6400053 ] } },
{ "type": "Feature", "properties": { "内容": "デイサービス　oldrookie【通所介護】大阪府大阪市西成区梅南2丁目1番25号グランドメゾンテル1階A号グランドメゾンテル1階A号", "url": "https://www.kaigokensaku.mhlw.go.jp/27/index.php?action_kouhyou_detail_004_kani=true&JigyosyoCd=2773311465-00&ServiceCd=150&Type=search", "url2": null }, "geometry": { "type": "Point", "coordinates": [ 135.491868099999976, 34.643363200000017 ] } },
{ "type": "Feature", "properties": { "内容": "ヒューマンライフケア　よどがわ乃湯【通所介護】大阪府大阪市淀川区西中島1丁目9番28号ボアソルテ101", "url": "https://www.kaigokensaku.mhlw.go.jp/27/index.php?action_kouhyou_detail_004_kani=true&JigyosyoCd=2779103247-00&ServiceCd=150&Type=search", "url2": "http://hlc.athuman.com/" }, "geometry": { "type": "Point", "coordinates": [ 135.500992134532197, 34.724756811980726 ] } },
{ "type": "Feature", "properties": { "内容": "デイサービス　Elifeplus【通所介護】大阪府大阪市淀川区加島４丁目16-7ベルウッド加島ｖ　１階", "url": "https://www.kaigokensaku.mhlw.go.jp/27/index.php?action_kouhyou_detail_004_kani=true&JigyosyoCd=2779105226-00&ServiceCd=150&Type=search", "url2": null }, "geometry": { "type": "Point", "coordinates": [ 135.4523078, 34.7315348 ] } },
{ "type": "Feature", "properties": { "内容": "デイサービスElife【通所介護】大阪府大阪市淀川区三津屋北1-34-11神崎川クリニックモールⅡ　3階", "url": "https://www.kaigokensaku.mhlw.go.jp/27/index.php?action_kouhyou_detail_004_kani=true&JigyosyoCd=2779104831-00&ServiceCd=150&Type=search", "url2": null }, "geometry": { "type": "Point", "coordinates": [ 135.472080715344248, 34.731384942315842 ] } },
{ "type": "Feature", "properties": { "内容": "医療法人　医伸会　あおぞらくらぶ【通所介護】大阪府大阪市淀川区西三国4-1-20", "url": "https://www.kaigokensaku.mhlw.go.jp/27/index.php?action_kouhyou_detail_004_kani=true&JigyosyoCd=2779102223-00&ServiceCd=150&Type=search", "url2": "https://fwmgt-aozoraclub.crayonsite.com" }, "geometry": { "type": "Point", "coordinates": [ 135.486924300000027, 34.7425538 ] } },
{ "type": "Feature", "properties": { "内容": "秀壮会デイサービスセンター【通所介護】大阪府大阪市淀川区田川3-9-11アンセジュール田川　1階", "url": "https://www.kaigokensaku.mhlw.go.jp/27/index.php?action_kouhyou_detail_004_kani=true&JigyosyoCd=2779103643-00&ServiceCd=150&Type=search", "url2": "http://www.shusokai.jp" }, "geometry": { "type": "Point", "coordinates": [ 135.464473700000013, 34.719292 ] } },
{ "type": "Feature", "properties": { "内容": "医療法人泰山会　デイサービス新高【通所介護】大阪府大阪市淀川区新高1-15-41", "url": "https://www.kaigokensaku.mhlw.go.jp/27/index.php?action_kouhyou_detail_004_kani=true&JigyosyoCd=2779103114-00&ServiceCd=150&Type=search", "url2": "http://taizankai.org" }, "geometry": { "type": "Point", "coordinates": [ 135.479644600000029, 34.7319687 ] } },
{ "type": "Feature", "properties": { "内容": "新大阪ケアコミュニティそよ風【通所介護】大阪府大阪市淀川区西宮原３－２－２２", "url": "https://www.kaigokensaku.mhlw.go.jp/27/index.php?action_kouhyou_detail_004_kani=true&JigyosyoCd=2779101563-00&ServiceCd=150&Type=search", "url2": "http://www.sykz.co.jp/" }, "geometry": { "type": "Point", "coordinates": [ 135.493298800000048, 34.7391155 ] } },
{ "type": "Feature", "properties": { "内容": "デイサービスセンターたのしい家きかわ【通所介護】大阪市淀川区木川東1-10-32", "url": "https://www.kaigokensaku.mhlw.go.jp/27/index.php?action_kouhyou_detail_004_kani=true&JigyosyoCd=2779101712-00&ServiceCd=150&Type=search", "url2": null }, "geometry": { "type": "Point", "coordinates": [ 135.492549, 34.7232813 ] } },
{ "type": "Feature", "properties": { "内容": "ふくふく庵木川【通所介護】大阪府大阪市淀川区木川東2丁目9番7号", "url": "https://www.kaigokensaku.mhlw.go.jp/27/index.php?action_kouhyou_detail_004_kani=true&JigyosyoCd=2779103726-00&ServiceCd=150&Type=search", "url2": "http://www.forestcareservice.co.jp" }, "geometry": { "type": "Point", "coordinates": [ 135.491653520237691, 34.724484526287604 ] } },
{ "type": "Feature", "properties": { "内容": "リハビリデイサービスゆめフィット【通所介護】大阪府大阪市淀川区加島3丁目中2-19加島プレミアビル1Ｆ", "url": "https://www.kaigokensaku.mhlw.go.jp/27/index.php?action_kouhyou_detail_004_kani=true&JigyosyoCd=2779103957-00&ServiceCd=150&Type=search", "url2": "http://www.global-c.net/" }, "geometry": { "type": "Point", "coordinates": [ 135.453619099999969, 34.728829500000018 ] } },
{ "type": "Feature", "properties": { "内容": "社会福祉法人キリスト教ミード社会舘ミード宮原デイサービスセンター【通所介護】大阪市淀川区西宮原1-6-45", "url": "https://www.kaigokensaku.mhlw.go.jp/27/index.php?action_kouhyou_detail_004_kani=true&JigyosyoCd=2779100888-00&ServiceCd=150&Type=search", "url2": "http://www.mead-jp.com" }, "geometry": { "type": "Point", "coordinates": [ 135.491301900000053, 34.7326856 ] } },
{ "type": "Feature", "properties": { "内容": "東三国デイサービスセンターなみはや【通所介護】大阪府大阪市淀川区東三国2丁目12番16号", "url": "https://www.kaigokensaku.mhlw.go.jp/27/index.php?action_kouhyou_detail_004_kani=true&JigyosyoCd=2779100243-00&ServiceCd=150&Type=search", "url2": null }, "geometry": { "type": "Point", "coordinates": [ 135.5007842, 34.7424986 ] } },
{ "type": "Feature", "properties": { "内容": "寿里苑ラピスデイサービスセンター【通所介護】大阪府大阪市淀川区木川東2-19-15", "url": "https://www.kaigokensaku.mhlw.go.jp/27/index.php?action_kouhyou_detail_004_kani=true&JigyosyoCd=2779104153-00&ServiceCd=150&Type=search", "url2": "https://www.julien.or.jp/lapis/" }, "geometry": { "type": "Point", "coordinates": [ 135.490506, 34.7243398 ] } },
{ "type": "Feature", "properties": { "内容": "老人デイサービスセンター　陽だまりの苑【通所介護】大阪市淀川区新高4-15-25", "url": "https://www.kaigokensaku.mhlw.go.jp/27/index.php?action_kouhyou_detail_004_kani=true&JigyosyoCd=2779100961-00&ServiceCd=150&Type=search", "url2": "http://www.heiseifukushikai.com" }, "geometry": { "type": "Point", "coordinates": [ 135.4791169, 34.7354238 ] } },
{ "type": "Feature", "properties": { "内容": "ウィル・デイサービス【通所介護】大阪府大阪市淀川区十八条2丁目4番27号", "url": "https://www.kaigokensaku.mhlw.go.jp/27/index.php?action_kouhyou_detail_004_kani=true&JigyosyoCd=2779103031-00&ServiceCd=150&Type=search", "url2": null }, "geometry": { "type": "Point", "coordinates": [ 135.490989495541584, 34.746712725149294 ] } },
{ "type": "Feature", "properties": { "内容": "デイサービスセンター大西安心堂【通所介護】大阪市淀川区三津屋北１－５－９", "url": "https://www.kaigokensaku.mhlw.go.jp/27/index.php?action_kouhyou_detail_004_kani=true&JigyosyoCd=2779100854-00&ServiceCd=150&Type=search", "url2": "https://onishi-clinic.or.jp/anshindo/" }, "geometry": { "type": "Point", "coordinates": [ 135.4732285, 34.7314519 ] } },
{ "type": "Feature", "properties": { "内容": "ASMOリハビリテーション【通所介護】大阪府大阪市淀川区三津屋北1-1-20平田産業ビルⅡ　1階", "url": "https://www.kaigokensaku.mhlw.go.jp/27/index.php?action_kouhyou_detail_004_kani=true&JigyosyoCd=2779104310-00&ServiceCd=150&Type=search", "url2": "http://onishi-clinic.or.jp/" }, "geometry": { "type": "Point", "coordinates": [ 135.474386699999968, 34.7298021 ] } },
{ "type": "Feature", "properties": { "内容": "だんけデイサービスセンターたがわ【通所介護】大阪市淀川区田川北1丁目7-9", "url": "https://www.kaigokensaku.mhlw.go.jp/27/index.php?action_kouhyou_detail_004_kani=true&JigyosyoCd=2779100862-00&ServiceCd=150&Type=search", "url2": null }, "geometry": { "type": "Point", "coordinates": [ 135.474000700000033, 34.7242167 ] } },
{ "type": "Feature", "properties": { "内容": "花よデイサービス【通所介護】大阪府大阪市淀川区西宮原1-6-36-106新大阪コミュニケーションプラザ106号室", "url": "https://www.kaigokensaku.mhlw.go.jp/27/index.php?action_kouhyou_detail_004_kani=true&JigyosyoCd=2779105010-00&ServiceCd=150&Type=search", "url2": null }, "geometry": { "type": "Point", "coordinates": [ 135.49018346480409, 34.732649280303285 ] } },
{ "type": "Feature", "properties": { "内容": "デイサービスきずな【通所介護】大阪市淀川区西三国三丁目3番23号コスモハイツ三国102号", "url": "https://www.kaigokensaku.mhlw.go.jp/27/index.php?action_kouhyou_detail_004_kani=true&JigyosyoCd=2779102496-00&ServiceCd=150&Type=search", "url2": "https://koto-orthopaedics.com/day-service-kizuna/" }, "geometry": { "type": "Point", "coordinates": [ 135.4853551, 34.7385098 ] } },
{ "type": "Feature", "properties": { "内容": "デイサービスセンターあい【通所介護】大阪府大阪市淀川区野中南2-8-27", "url": "https://www.kaigokensaku.mhlw.go.jp/27/index.php?action_kouhyou_detail_004_kani=true&JigyosyoCd=2779104906-00&ServiceCd=150&Type=search", "url2": "http://aikoufukushikai.com/" }, "geometry": { "type": "Point", "coordinates": [ 135.481532683991986, 34.726094637812459 ] } },
{ "type": "Feature", "properties": { "内容": "デイサービスセンター　ミント【通所介護】大阪市淀川区加島4丁目16-35", "url": "https://www.kaigokensaku.mhlw.go.jp/27/index.php?action_kouhyou_detail_004_kani=true&JigyosyoCd=2779100151-00&ServiceCd=150&Type=search", "url2": "http://www.kashima-yuai.or.jp" }, "geometry": { "type": "Point", "coordinates": [ 135.452715055243289, 34.732151463180294 ] } },
{ "type": "Feature", "properties": { "内容": "リハビリンクデイサービス【通所介護】大阪府大阪市鶴見区横堤2-22-13アクティエビス1F", "url": "https://www.kaigokensaku.mhlw.go.jp/27/index.php?action_kouhyou_detail_004_kani=true&JigyosyoCd=2779202932-00&ServiceCd=150&Type=search", "url2": "https://familink.jp/" }, "geometry": { "type": "Point", "coordinates": [ 135.572053, 34.7029218 ] } },
{ "type": "Feature", "properties": { "内容": "サロンアンドスポーツロッコ【通所介護】大阪府大阪市鶴見区横堤4-28-30　2F", "url": "https://www.kaigokensaku.mhlw.go.jp/27/index.php?action_kouhyou_detail_004_kani=true&JigyosyoCd=2779202981-00&ServiceCd=150&Type=search", "url2": null }, "geometry": { "type": "Point", "coordinates": [ 135.571088699999962, 34.7084573 ] } },
{ "type": "Feature", "properties": { "内容": "ココデイサービスセンター【通所介護】大阪府大阪市鶴見区横堤5-13-45ｸﾞﾘｰﾝﾊﾟｰｸ桜花2階", "url": "https://www.kaigokensaku.mhlw.go.jp/27/index.php?action_kouhyou_detail_004_kani=true&JigyosyoCd=2779201827-00&ServiceCd=150&Type=search", "url2": null }, "geometry": { "type": "Point", "coordinates": [ 135.574361899999985, 34.7077957 ] } },
{ "type": "Feature", "properties": { "内容": "デイサービス　リカバリー【通所介護】大阪府大阪市鶴見区鶴見３丁目６番３８号", "url": "https://www.kaigokensaku.mhlw.go.jp/27/index.php?action_kouhyou_detail_004_kani=true&JigyosyoCd=2779200738-00&ServiceCd=150&Type=search", "url2": "http://www.takagi.or.jp/recavery.html" }, "geometry": { "type": "Point", "coordinates": [ 135.563701900000069, 34.70186 ] } },
{ "type": "Feature", "properties": { "内容": "デイサービス　ソラスト鶴見緑地【通所介護】大阪市鶴見区浜二丁目2-62", "url": "https://www.kaigokensaku.mhlw.go.jp/27/index.php?action_kouhyou_detail_004_kani=true&JigyosyoCd=2779201553-00&ServiceCd=150&Type=search", "url2": "https://solasto-kaigo.com/care/area/solastotsurumiryokuchi.html" }, "geometry": { "type": "Point", "coordinates": [ 135.582475100000011, 34.707351600000024 ] } },
{ "type": "Feature", "properties": { "内容": "ビーナスクラブ徳庵【通所介護】大阪府大阪市鶴見区今津北5丁目11-6アイビー弐番館1F", "url": "https://www.kaigokensaku.mhlw.go.jp/27/index.php?action_kouhyou_detail_004_kani=true&JigyosyoCd=2779201645-00&ServiceCd=150&Type=search", "url2": "http://www.venus-comrade.co.jp/" }, "geometry": { "type": "Point", "coordinates": [ 135.5815086, 34.6941142 ] } },
{ "type": "Feature", "properties": { "内容": "ビーナスプラス鶴見【通所介護】大阪府大阪市鶴見区緑１丁目11-3ベルデ・カーサ　1階", "url": "https://www.kaigokensaku.mhlw.go.jp/27/index.php?action_kouhyou_detail_004_kani=true&JigyosyoCd=2779202759-00&ServiceCd=150&Type=search", "url2": "https://www.venus-comrade.co.jp/" }, "geometry": { "type": "Point", "coordinates": [ 135.5613698, 34.712485 ] } },
{ "type": "Feature", "properties": { "内容": "リハビリデイサービス　いっぽっ！【通所介護】大阪府大阪市鶴見区鶴見５－７－１２", "url": "https://www.kaigokensaku.mhlw.go.jp/27/index.php?action_kouhyou_detail_004_kani=true&JigyosyoCd=2779202577-00&ServiceCd=150&Type=search", "url2": null }, "geometry": { "type": "Point", "coordinates": [ 135.564824499999986, 34.7069662 ] } },
{ "type": "Feature", "properties": { "内容": "リハビリデイサービスゆめ【通所介護】大阪府大阪市鶴見区鶴見四丁目15番15号", "url": "https://www.kaigokensaku.mhlw.go.jp/27/index.php?action_kouhyou_detail_004_kani=true&JigyosyoCd=2779201462-00&ServiceCd=150&Type=search", "url2": "http://www.global-c.net/" }, "geometry": { "type": "Point", "coordinates": [ 135.5649684, 34.7040875 ] } },
{ "type": "Feature", "properties": { "内容": "彩りの都デイサービスセンター鶴見今津【通所介護】大阪府大阪市鶴見区今津北3丁目7番4号", "url": "https://www.kaigokensaku.mhlw.go.jp/27/index.php?action_kouhyou_detail_004_kani=true&JigyosyoCd=2779202015-00&ServiceCd=150&Type=search", "url2": "http://www.ainomiyako.net" }, "geometry": { "type": "Point", "coordinates": [ 135.575250899999986, 34.6940279 ] } },
{ "type": "Feature", "properties": { "内容": "彩りの都デイサービスセンター花博通り【通所介護】大阪府大阪市鶴見区鶴見六丁目5番30号", "url": "https://www.kaigokensaku.mhlw.go.jp/27/index.php?action_kouhyou_detail_004_kani=true&JigyosyoCd=2779202841-00&ServiceCd=150&Type=search", "url2": "https://www.ainomiyako.net/" }, "geometry": { "type": "Point", "coordinates": [ 135.5628596, 34.7076963 ] } },
{ "type": "Feature", "properties": { "内容": "ファミリーデイサービスセンター【通所介護】大阪市鶴見区安田２丁目１番２７号", "url": "https://www.kaigokensaku.mhlw.go.jp/27/index.php?action_kouhyou_detail_004_kani=true&JigyosyoCd=2779200159-00&ServiceCd=150&Type=search", "url2": "http://family.aienu.net/" }, "geometry": { "type": "Point", "coordinates": [ 135.59125210000002, 34.7026745 ] } },
{ "type": "Feature", "properties": { "内容": "茨田大宮地域在宅サービスステーションちどり【通所介護】大阪府大阪市鶴見区茨田大宮3-8-33", "url": "https://www.kaigokensaku.mhlw.go.jp/27/index.php?action_kouhyou_detail_004_kani=true&JigyosyoCd=2779200217-00&ServiceCd=150&Type=search", "url2": "https://www.chidori.or.jp" }, "geometry": { "type": "Point", "coordinates": [ 135.597323500000016, 34.7098237 ] } },
{ "type": "Feature", "properties": { "内容": "浜特養デイサービスセンター【通所介護】大阪市鶴見区浜5丁目6番14号", "url": "https://www.kaigokensaku.mhlw.go.jp/27/index.php?action_kouhyou_detail_004_kani=true&JigyosyoCd=2779201157-00&ServiceCd=150&Type=search", "url2": "http://www.waetsukai.jp/" }, "geometry": { "type": "Point", "coordinates": [ 135.5816221, 34.7163588 ] } },
{ "type": "Feature", "properties": { "内容": "生活協同組合おおさかパルコープデイサービスつるみ【通所介護】大阪府大阪市鶴見区今津北1丁目11-32", "url": "https://www.kaigokensaku.mhlw.go.jp/27/index.php?action_kouhyou_detail_004_kani=true&JigyosyoCd=2779201611-00&ServiceCd=150&Type=search", "url2": "http://www.palcoop.or.jp" }, "geometry": { "type": "Point", "coordinates": [ 135.568215399999985, 34.6935805 ] } },
{ "type": "Feature", "properties": { "内容": "リハテラス鶴見【通所介護】大阪府大阪市鶴見区横堤4-20-21グリーンマンション1階", "url": "https://www.kaigokensaku.mhlw.go.jp/27/index.php?action_kouhyou_detail_004_kani=true&JigyosyoCd=2779202049-00&ServiceCd=150&Type=search", "url2": null }, "geometry": { "type": "Point", "coordinates": [ 135.569429099999979, 34.707004 ] } },
{ "type": "Feature", "properties": { "内容": "デイサービス誠【通所介護】大阪市鶴見区放出東三丁目30番5号", "url": "https://www.kaigokensaku.mhlw.go.jp/27/index.php?action_kouhyou_detail_004_kani=true&JigyosyoCd=2779202775-00&ServiceCd=150&Type=search", "url2": "http://hp.kaipoke.biz/0t3/76418/base_0003.html" }, "geometry": { "type": "Point", "coordinates": [ 135.564692199999968, 34.6895694 ] } },
{ "type": "Feature", "properties": { "内容": "デイサービス笑楽　鶴見緑地【通所介護】大阪府大阪市鶴見区浜3丁目4番43号", "url": "https://www.kaigokensaku.mhlw.go.jp/27/index.php?action_kouhyou_detail_004_kani=true&JigyosyoCd=2779201322-00&ServiceCd=150&Type=search", "url2": "http://わらく.com" }, "geometry": { "type": "Point", "coordinates": [ 135.585372099999972, 34.7060629 ] } },
{ "type": "Feature", "properties": { "内容": "ツクイ大阪放出東【通所介護】大阪府大阪市鶴見区放出東2-4-9", "url": "https://www.kaigokensaku.mhlw.go.jp/27/index.php?action_kouhyou_detail_004_kani=true&JigyosyoCd=2779202239-00&ServiceCd=150&Type=search", "url2": "https://www.tsukui.net/" }, "geometry": { "type": "Point", "coordinates": [ 135.560689484655768, 34.69167826323347 ] } },
{ "type": "Feature", "properties": { "内容": "パナソニックエイジフリーケアセンター鶴見緑地・デイサービス【通所介護】大阪府大阪市鶴見区浜２丁目５番５号パークリッジ現代２F", "url": "https://www.kaigokensaku.mhlw.go.jp/27/index.php?action_kouhyou_detail_004_kani=true&JigyosyoCd=2779200969-00&ServiceCd=150&Type=search", "url2": "https://sumai.panasonic.jp/agefree/" }, "geometry": { "type": "Point", "coordinates": [ 135.582005799999934, 34.7116581 ] } },
{ "type": "Feature", "properties": { "内容": "故郷デイサービス【通所介護】大阪府大阪市鶴見区安田三丁目15-5", "url": "https://www.kaigokensaku.mhlw.go.jp/27/index.php?action_kouhyou_detail_004_kani=true&JigyosyoCd=2779202791-00&ServiceCd=150&Type=search", "url2": null }, "geometry": { "type": "Point", "coordinates": [ 135.587369, 34.708888 ] } },
{ "type": "Feature", "properties": { "内容": "彩りの都デイサービスセンター城東永田【通所介護】大阪府大阪市城東区永田2丁目11-7", "url": "https://www.kaigokensaku.mhlw.go.jp/27/index.php?action_kouhyou_detail_004_kani=true&JigyosyoCd=2774403915-00&ServiceCd=150&Type=search", "url2": "http://www.ainomiyako.net/" }, "geometry": { "type": "Point", "coordinates": [ 135.557546900000034, 34.6858423 ] } },
{ "type": "Feature", "properties": { "内容": "お風呂deリハデイ狸【通所介護】大阪府大阪市住之江区御崎4-11-10-101", "url": "https://www.kaigokensaku.mhlw.go.jp/27/index.php?action_kouhyou_detail_004_kani=true&JigyosyoCd=2775904069-00&ServiceCd=150&Type=search", "url2": "https://crane-group.net/" }, "geometry": { "type": "Point", "coordinates": [ 135.4771441, 34.6090661 ] } },
{ "type": "Feature", "properties": { "内容": "リハビリデイサービス大きな手・住之江【通所介護】大阪府大阪市住之江区西住之江３丁目４番11", "url": "https://www.kaigokensaku.mhlw.go.jp/27/index.php?action_kouhyou_detail_004_kani=true&JigyosyoCd=2775902444-00&ServiceCd=150&Type=search", "url2": "http://tokaiiryou-group.jp/" }, "geometry": { "type": "Point", "coordinates": [ 135.483146242271459, 34.601422355480246 ] } },
{ "type": "Feature", "properties": { "内容": "リハビリスタジオ夢現【通所介護】大阪府大阪市住之江区西住之江1丁目5番15号", "url": "https://www.kaigokensaku.mhlw.go.jp/27/index.php?action_kouhyou_detail_004_kani=true&JigyosyoCd=2775902394-00&ServiceCd=150&Type=search", "url2": "https://carers2000.com" }, "geometry": { "type": "Point", "coordinates": [ 135.484605399999964, 34.6061534 ] } },
{ "type": "Feature", "properties": { "内容": "リハビリスタジオ夢現加賀屋【通所介護】大阪府大阪市住之江区中加賀屋3丁目2-3プライム加賀屋3F", "url": "https://www.kaigokensaku.mhlw.go.jp/27/index.php?action_kouhyou_detail_004_kani=true&JigyosyoCd=2775903897-00&ServiceCd=150&Type=search", "url2": "https://carers2000.com" }, "geometry": { "type": "Point", "coordinates": [ 135.481517902111392, 34.616371635733451 ] } },
{ "type": "Feature", "properties": { "内容": "デイサービスセンターびわの木住之江【通所介護】大阪市住之江区住之江2丁目7番11号ミシェール住之江1階", "url": "https://www.kaigokensaku.mhlw.go.jp/27/index.php?action_kouhyou_detail_004_kani=true&JigyosyoCd=2775903251-00&ServiceCd=150&Type=search", "url2": "http://www.eonet.ne.jp/~biwanoki/service3.html" }, "geometry": { "type": "Point", "coordinates": [ 135.486327599999981, 34.6026789 ] } },
{ "type": "Feature", "properties": { "内容": "デイサービスわか北加賀屋【通所介護】大阪府大阪市住之江区北加賀屋5丁目6番25号グローハイツ北加賀屋WEST", "url": "https://www.kaigokensaku.mhlw.go.jp/27/index.php?action_kouhyou_detail_004_kani=true&JigyosyoCd=2775901271-00&ServiceCd=150&Type=search", "url2": "https://nico-group.co.jp" }, "geometry": { "type": "Point", "coordinates": [ 135.473652674239702, 34.620805196572974 ] } },
{ "type": "Feature", "properties": { "内容": "ふくふく庵デイサービスセンター【通所介護】大阪府大阪市住之江区安立4-1-4メゾンＡメッツ1階", "url": "https://www.kaigokensaku.mhlw.go.jp/27/index.php?action_kouhyou_detail_004_kani=true&JigyosyoCd=2775900893-00&ServiceCd=150&Type=search", "url2": "http://www.forestcareservice.co.jp/" }, "geometry": { "type": "Point", "coordinates": [ 135.488311103041042, 34.600520399957503 ] } },
{ "type": "Feature", "properties": { "内容": "ふくふく庵御崎【通所介護】大阪府大阪市住之江区御崎一丁目9番29号WINMISAKI", "url": "https://www.kaigokensaku.mhlw.go.jp/27/index.php?action_kouhyou_detail_004_kani=true&JigyosyoCd=2775904135-00&ServiceCd=150&Type=search", "url2": "http://www.forestcareservice.co.jp/fukufukumisaki.html" }, "geometry": { "type": "Point", "coordinates": [ 135.482134976584234, 34.611084177155746 ] } },
{ "type": "Feature", "properties": { "内容": "安房リハビリ住之江【通所介護】大阪府大阪市住之江区西加賀屋2-5-28", "url": "https://www.kaigokensaku.mhlw.go.jp/27/index.php?action_kouhyou_detail_004_kani=true&JigyosyoCd=2775903723-00&ServiceCd=150&Type=search", "url2": "https://anbo-rihabiri.com" }, "geometry": { "type": "Point", "coordinates": [ 135.4782299, 34.6174731 ] } },
{ "type": "Feature", "properties": { "内容": "花楽園スタジアム【通所介護】大阪府大阪市住之江区新北島三丁目８番１６号", "url": "https://www.kaigokensaku.mhlw.go.jp/27/index.php?action_kouhyou_detail_004_kani=true&JigyosyoCd=2775903707-00&ServiceCd=150&Type=search", "url2": "https://karakuen.co.jp" }, "geometry": { "type": "Point", "coordinates": [ 135.466703099999989, 34.606397500000035 ] } },
{ "type": "Feature", "properties": { "内容": "デイサービス優宝　relaxiv【通所介護】大阪府大阪市住之江区西加賀屋二丁目5番28号プランドール住之江-101号（新館）", "url": "https://www.kaigokensaku.mhlw.go.jp/27/index.php?action_kouhyou_detail_004_kani=true&JigyosyoCd=2775904168-00&ServiceCd=150&Type=search", "url2": "https://atcompany.jp/unityforoverjoy/" }, "geometry": { "type": "Point", "coordinates": [ 135.478403, 34.617601 ] } },
{ "type": "Feature", "properties": { "内容": "南港病院リハビリデイサービスセンター【通所介護】大阪府大阪市住之江区南加賀屋二丁目１番３１号アーバンパーク住之江公園Ⅰ1階", "url": "https://www.kaigokensaku.mhlw.go.jp/27/index.php?action_kouhyou_detail_004_kani=true&JigyosyoCd=2775904036-00&ServiceCd=150&Type=search", "url2": "https://www.nanko-hp.com/care/daycare" }, "geometry": { "type": "Point", "coordinates": [ 135.4761872, 34.6086262 ] } },
{ "type": "Feature", "properties": { "内容": "いわき園デイサービスセンター【通所介護】大阪府大阪市住之江区南加賀屋3－9－2", "url": "https://www.kaigokensaku.mhlw.go.jp/27/index.php?action_kouhyou_detail_004_kani=true&JigyosyoCd=2775900133-00&ServiceCd=150&Type=search", "url2": "http://www.iwakigakuen.or.jp/iwakien/" }, "geometry": { "type": "Point", "coordinates": [ 135.474200800000062, 34.6052754 ] } },
{ "type": "Feature", "properties": { "内容": "グルメ杵屋社会貢献の家　老人デイサービス事業部【通所介護】大阪府大阪市住之江区浜口東2丁目5番14号", "url": "https://www.kaigokensaku.mhlw.go.jp/27/index.php?action_kouhyou_detail_004_kani=true&JigyosyoCd=2775900257-00&ServiceCd=150&Type=search", "url2": "http://www.gksc.jp/" }, "geometry": { "type": "Point", "coordinates": [ 135.487168900000029, 34.6109918 ] } },
{ "type": "Feature", "properties": { "内容": "デイサービスセンターしらなみ【通所介護】大阪市住之江区南港中3-3-43", "url": "https://www.kaigokensaku.mhlw.go.jp/27/index.php?action_kouhyou_detail_004_kani=true&JigyosyoCd=2775900596-00&ServiceCd=150&Type=search", "url2": "http://kenseikaigroup.or.jp/" }, "geometry": { "type": "Point", "coordinates": [ 135.42190759999994, 34.6280711 ] } },
{ "type": "Feature", "properties": { "内容": "デイサービスセンターブルーム北加賀屋【通所介護】大阪市住之江区北加賀屋1丁目5番6号", "url": "https://www.kaigokensaku.mhlw.go.jp/27/index.php?action_kouhyou_detail_004_kani=true&JigyosyoCd=2775900158-00&ServiceCd=150&Type=search", "url2": "http://bloom.nankaifukushi.or.jp/" }, "geometry": { "type": "Point", "coordinates": [ 135.480774699999984, 34.6220208 ] } },
{ "type": "Feature", "properties": { "内容": "ビーナスクラブ住之江【通所介護】大阪府大阪市住之江区御崎４－７－８ヴィラスリースター住之江１F", "url": "https://www.kaigokensaku.mhlw.go.jp/27/index.php?action_kouhyou_detail_004_kani=true&JigyosyoCd=2775902121-00&ServiceCd=150&Type=search", "url2": "https://www.venus-comrade.co.jp/" }, "geometry": { "type": "Point", "coordinates": [ 135.478753, 34.6097611 ] } },
{ "type": "Feature", "properties": { "内容": "ビーナスケアセンター住之江【通所介護】大阪府大阪市住之江区御崎4-7-8", "url": "https://www.kaigokensaku.mhlw.go.jp/27/index.php?action_kouhyou_detail_004_kani=true&JigyosyoCd=2775903509-00&ServiceCd=150&Type=search", "url2": "http://venus-comrade.co.jp" }, "geometry": { "type": "Point", "coordinates": [ 135.478893800000037, 34.6098456 ] } },
{ "type": "Feature", "properties": { "内容": "ビーナスプラス住之江【通所介護】大阪府大阪市住之江区御崎４丁目７番８号東側ヴィラスリースター住之江１階", "url": "https://www.kaigokensaku.mhlw.go.jp/27/index.php?action_kouhyou_detail_004_kani=true&JigyosyoCd=2775902287-00&ServiceCd=150&Type=search", "url2": "http://www.venus-comrade/co.jp/profile.html" }, "geometry": { "type": "Point", "coordinates": [ 135.478874239395168, 34.609750414162711 ] } },
{ "type": "Feature", "properties": { "内容": "デイサービス　ソラスト住之江【通所介護】大阪府大阪市住之江平林南2丁目4番3号", "url": "https://www.kaigokensaku.mhlw.go.jp/27/index.php?action_kouhyou_detail_004_kani=true&JigyosyoCd=2775902683-00&ServiceCd=150&Type=search", "url2": "https://solasto-kaigo.com/care/area/solastosuminoe1.html" }, "geometry": { "type": "Point", "coordinates": [ 135.458613199999945, 34.6081329 ] } },
{ "type": "Feature", "properties": { "内容": "デイサービス笑楽コスモスクエア【通所介護】大阪府大阪市住之江区南港北１丁目３０番３０号", "url": "https://www.kaigokensaku.mhlw.go.jp/27/index.php?action_kouhyou_detail_004_kani=true&JigyosyoCd=2775902246-00&ServiceCd=150&Type=search", "url2": "http://わらく.com" }, "geometry": { "type": "Point", "coordinates": [ 135.413052500000049, 34.6421467 ] } },
{ "type": "Feature", "properties": { "内容": "通所介護・介護予防通所介護・南港北地域在宅サービスステーションきのみ【通所介護】大阪府大阪市住之江区南港中4-2-30", "url": "https://www.kaigokensaku.mhlw.go.jp/27/index.php?action_kouhyou_detail_004_kani=true&JigyosyoCd=2775900299-00&ServiceCd=150&Type=search", "url2": null }, "geometry": { "type": "Point", "coordinates": [ 135.426023699999973, 34.6339428 ] } },
{ "type": "Feature", "properties": { "内容": "デイサービスセンター　加賀屋の森【通所介護】大阪府大阪市住之江区北加賀屋5-4-23", "url": "https://www.kaigokensaku.mhlw.go.jp/27/index.php?action_kouhyou_detail_004_kani=true&JigyosyoCd=2775904267-00&ServiceCd=150&Type=search", "url2": "https://kenseikaigroup.or.jp/" }, "geometry": { "type": "Point", "coordinates": [ 135.4745931, 34.6222943 ] } },
{ "type": "Feature", "properties": { "内容": "デイサービスセンター豊泉家住之江【通所介護】大阪府大阪市住之江区新北島７－４－２０", "url": "https://www.kaigokensaku.mhlw.go.jp/27/index.php?action_kouhyou_detail_004_kani=true&JigyosyoCd=2775900349-00&ServiceCd=150&Type=search", "url2": "http://www.housenka.com" }, "geometry": { "type": "Point", "coordinates": [ 135.461613, 34.6079164 ] } },
{ "type": "Feature", "properties": { "内容": "デイサービスクレイン【通所介護】大阪府大阪市住之江区御崎3-7-4", "url": "https://www.kaigokensaku.mhlw.go.jp/27/index.php?action_kouhyou_detail_004_kani=true&JigyosyoCd=2775902196-00&ServiceCd=150&Type=search", "url2": null }, "geometry": { "type": "Point", "coordinates": [ 135.481119199999966, 34.6092249 ] } },
{ "type": "Feature", "properties": { "内容": "歩行リハビリ特化型デイサービスTOMOA【通所介護】大阪府大阪市平野区背戸口1-21-21メゾン平野1階", "url": "https://www.kaigokensaku.mhlw.go.jp/27/index.php?action_kouhyou_detail_004_kani=true&JigyosyoCd=2775809490-00&ServiceCd=150&Type=search", "url2": null }, "geometry": { "type": "Point", "coordinates": [ 135.5417319, 34.6211764 ] } },
{ "type": "Feature", "properties": { "内容": "エルケア株式会社エルケアデイサービス平野【通所介護】大阪市平野区長吉出戸6-14-35", "url": "https://www.kaigokensaku.mhlw.go.jp/27/index.php?action_kouhyou_detail_004_kani=true&JigyosyoCd=2775807437-00&ServiceCd=150&Type=search", "url2": "https://www.l-care.jp/" }, "geometry": { "type": "Point", "coordinates": [ 135.571581100000031, 34.6080407 ] } },
{ "type": "Feature", "properties": { "内容": "医療法人　鴻尚会　デイサービスセンター『ももの香』【通所介護】大阪市平野区背戸口一丁目７番１号", "url": "https://www.kaigokensaku.mhlw.go.jp/27/index.php?action_kouhyou_detail_004_kani=true&JigyosyoCd=2775802370-00&ServiceCd=150&Type=search", "url2": "http://www.momonoka.com/" }, "geometry": { "type": "Point", "coordinates": [ 135.542249500000025, 34.6242851 ] } },
{ "type": "Feature", "properties": { "内容": "ひらのケアセンターそよ風【通所介護】大阪府大阪市平野区長吉長原４－１７－６", "url": "https://www.kaigokensaku.mhlw.go.jp/27/index.php?action_kouhyou_detail_004_kani=true&JigyosyoCd=2775801398-00&ServiceCd=150&Type=search", "url2": "http://www.unimat-soyokaze.co.jp" }, "geometry": { "type": "Point", "coordinates": [ 135.572417099999939, 34.601449 ] } },
{ "type": "Feature", "properties": { "内容": "リハビリスタジオながよしろくたん【通所介護】大阪府大阪市平野区長吉六反4丁目2番52号", "url": "https://www.kaigokensaku.mhlw.go.jp/27/index.php?action_kouhyou_detail_004_kani=true&JigyosyoCd=2775808344-00&ServiceCd=150&Type=search", "url2": "https://atcompany.jp/ondinakamachi/" }, "geometry": { "type": "Point", "coordinates": [ 135.582740315344239, 34.610391247901823 ] } },
{ "type": "Feature", "properties": { "内容": "ハッピーひらの【通所介護】大阪府大阪市平野区長吉六反４丁目４番２７号", "url": "https://www.kaigokensaku.mhlw.go.jp/27/index.php?action_kouhyou_detail_004_kani=true&JigyosyoCd=2775804590-00&ServiceCd=150&Type=search", "url2": "http://www.sachi-kaigo.co.jp" }, "geometry": { "type": "Point", "coordinates": [ 135.582543699999974, 34.608023599999989 ] } },
{ "type": "Feature", "properties": { "内容": "デイサービス豆の木【通所介護】大阪市平野区喜連西2-11-23", "url": "https://www.kaigokensaku.mhlw.go.jp/27/index.php?action_kouhyou_detail_004_kani=true&JigyosyoCd=2775807403-00&ServiceCd=150&Type=search", "url2": "https://soratomame.com/" }, "geometry": { "type": "Point", "coordinates": [ 135.545748967988146, 34.614464396907096 ] } },
{ "type": "Feature", "properties": { "内容": "ニチイケアセンター平野北【通所介護】大阪府大阪市平野区平野北2-14-6オオクラ医療複合ビル２階", "url": "https://www.kaigokensaku.mhlw.go.jp/27/index.php?action_kouhyou_detail_004_kani=true&JigyosyoCd=2775803063-00&ServiceCd=150&Type=search", "url2": "http://www.nichiigakkan.co.jp" }, "geometry": { "type": "Point", "coordinates": [ 135.557285799999988, 34.6302679 ] } },
{ "type": "Feature", "properties": { "内容": "デイサービスセンターカラふる【通所介護】大阪府大阪市平野区瓜破2丁目5番51号山崎ハイツ１階", "url": "https://www.kaigokensaku.mhlw.go.jp/27/index.php?action_kouhyou_detail_004_kani=true&JigyosyoCd=2775806389-00&ServiceCd=150&Type=search", "url2": "https://full-sapo.jp/kaigo/" }, "geometry": { "type": "Point", "coordinates": [ 135.5522703, 34.6056956 ] } },
{ "type": "Feature", "properties": { "内容": "ふるさぽーとデイサービスセンターひらの【通所介護】大阪府大阪市平野区平野西5-1-1", "url": "https://www.kaigokensaku.mhlw.go.jp/27/index.php?action_kouhyou_detail_004_kani=true&JigyosyoCd=2775808229-00&ServiceCd=150&Type=search", "url2": "https://full-sapo.jp/kaigo/" }, "geometry": { "type": "Point", "coordinates": [ 135.546801207934578, 34.620639558201816 ] } },
{ "type": "Feature", "properties": { "内容": "デイルーム加美【通所介護】大阪市平野区加美正覚寺三丁目5番36号", "url": "https://www.kaigokensaku.mhlw.go.jp/27/index.php?action_kouhyou_detail_004_kani=true&JigyosyoCd=2775806314-00&ServiceCd=150&Type=search", "url2": "https://www.medi-care.co.jp" }, "geometry": { "type": "Point", "coordinates": [ 135.564083500000038, 34.6329846 ] } },
{ "type": "Feature", "properties": { "内容": "デイルーム長吉【通所介護】大阪府大阪市平野区長吉六反２丁目11-43", "url": "https://www.kaigokensaku.mhlw.go.jp/27/index.php?action_kouhyou_detail_004_kani=true&JigyosyoCd=2775805670-00&ServiceCd=150&Type=search", "url2": "https://medi-care.co.jp/" }, "geometry": { "type": "Point", "coordinates": [ 135.581274701188732, 34.607534264299005 ] } },
{ "type": "Feature", "properties": { "内容": "デイサービスくらしさ平野【通所介護】大阪府大阪市平野区長吉長原1-12-20", "url": "https://www.kaigokensaku.mhlw.go.jp/27/index.php?action_kouhyou_detail_004_kani=true&JigyosyoCd=2775808633-00&ServiceCd=150&Type=search", "url2": "https://genkinakaigo.co.jp/" }, "geometry": { "type": "Point", "coordinates": [ 135.570755100000014, 34.6066135 ] } },
{ "type": "Feature", "properties": { "内容": "庵【通所介護】大阪府大阪市平野区長吉出戸７丁目９番１３号", "url": "https://www.kaigokensaku.mhlw.go.jp/27/index.php?action_kouhyou_detail_004_kani=true&JigyosyoCd=2775807635-00&ServiceCd=150&Type=search", "url2": "http://www.rinran.online/." }, "geometry": { "type": "Point", "coordinates": [ 135.576425607022429, 34.61120592360394 ] } },
{ "type": "Feature", "properties": { "内容": "介護センターかわむら【通所介護】大阪市平野区平野東２丁目１１-５９", "url": "https://www.kaigokensaku.mhlw.go.jp/27/index.php?action_kouhyou_detail_004_kani=true&JigyosyoCd=2775806322-00&ServiceCd=150&Type=search", "url2": null }, "geometry": { "type": "Point", "coordinates": [ 135.557971299999963, 34.6218614 ] } },
{ "type": "Feature", "properties": { "内容": "かわなべさわやかデイサービス【通所介護】大阪府大阪市平野区長吉川辺3-7-27", "url": "https://www.kaigokensaku.mhlw.go.jp/27/index.php?action_kouhyou_detail_004_kani=true&JigyosyoCd=2775804681-00&ServiceCd=150&Type=search", "url2": "http://www.ontoku.or.jp/" }, "geometry": { "type": "Point", "coordinates": [ 135.576186300000018, 34.5973995 ] } },
{ "type": "Feature", "properties": { "内容": "万寿苑デイサービス【通所介護】大阪府大阪市平野区加美東4-18-23", "url": "https://www.kaigokensaku.mhlw.go.jp/27/index.php?action_kouhyou_detail_004_kani=true&JigyosyoCd=2775804251-00&ServiceCd=150&Type=search", "url2": "http://kyowahukusi.xsrv.jp/" }, "geometry": { "type": "Point", "coordinates": [ 135.568183299999987, 34.6288711 ] } },
{ "type": "Feature", "properties": { "内容": "デイサービスセンター博寿荘【通所介護】大阪市平野区喜連東3-6-40", "url": "https://www.kaigokensaku.mhlw.go.jp/27/index.php?action_kouhyou_detail_004_kani=true&JigyosyoCd=2775800317-00&ServiceCd=150&Type=search", "url2": null }, "geometry": { "type": "Point", "coordinates": [ 135.560576200000014, 34.6100228 ] } },
{ "type": "Feature", "properties": { "内容": "長吉六反地域在宅サービスステーション【通所介護】大阪府大阪市平野区長吉六反4丁目5番26号", "url": "https://www.kaigokensaku.mhlw.go.jp/27/index.php?action_kouhyou_detail_004_kani=true&JigyosyoCd=2775800481-00&ServiceCd=150&Type=search", "url2": null }, "geometry": { "type": "Point", "coordinates": [ 135.584039, 34.6079733 ] } },
{ "type": "Feature", "properties": { "内容": "瓜破西地域在宅サービスステーションてんそう苑【通所介護】大阪市平野区瓜破西２－１０－１０", "url": "https://www.kaigokensaku.mhlw.go.jp/27/index.php?action_kouhyou_detail_004_kani=true&JigyosyoCd=2775800176-00&ServiceCd=150&Type=search", "url2": "https://tenso.or.jp" }, "geometry": { "type": "Point", "coordinates": [ 135.5445942, 34.6034094 ] } },
{ "type": "Feature", "properties": { "内容": "平野地域在宅サービスステーション【通所介護】大阪市平野区背戸口１－１６－３０", "url": "https://www.kaigokensaku.mhlw.go.jp/27/index.php?action_kouhyou_detail_004_kani=true&JigyosyoCd=2775801307-00&ServiceCd=150&Type=search", "url2": null }, "geometry": { "type": "Point", "coordinates": [ 135.54338, 34.6224297 ] } },
{ "type": "Feature", "properties": { "内容": "デイサービスセンター　こうのとり【通所介護】大阪府大阪市平野区長吉川辺三丁目２番３号デイサービスセンター　こうのとり", "url": "https://www.kaigokensaku.mhlw.go.jp/27/index.php?action_kouhyou_detail_004_kani=true&JigyosyoCd=2775805225-00&ServiceCd=150&Type=search", "url2": "http://yuushinkai.or.jp/" }, "geometry": { "type": "Point", "coordinates": [ 135.576055699999984, 34.5991966 ] } },
{ "type": "Feature", "properties": { "内容": "デイサービスセンター加美北【通所介護】大阪府大阪市平野区加美北7丁目1番２号", "url": "https://www.kaigokensaku.mhlw.go.jp/27/index.php?action_kouhyou_detail_004_kani=true&JigyosyoCd=2775800754-00&ServiceCd=150&Type=search", "url2": "http://www.waetsukai.jp" }, "geometry": { "type": "Point", "coordinates": [ 135.557706199999984, 34.6361954 ] } },
{ "type": "Feature", "properties": { "内容": "デイサービスセンター　スマイルプラス【通所介護】大阪府大阪市平野区長吉川辺２丁目３－５ヒューマンスペース　ハテンコウ　１F", "url": "https://www.kaigokensaku.mhlw.go.jp/27/index.php?action_kouhyou_detail_004_kani=true&JigyosyoCd=2775803816-00&ServiceCd=150&Type=search", "url2": null }, "geometry": { "type": "Point", "coordinates": [ 135.5734976, 34.5978355 ] } },
{ "type": "Feature", "properties": { "内容": "有限会社スマイルプラス　すまいる倶楽部【通所介護】大阪府大阪市平野区平野馬場２－２－２６すまいる俱楽部", "url": "https://www.kaigokensaku.mhlw.go.jp/27/index.php?action_kouhyou_detail_004_kani=true&JigyosyoCd=2775807312-00&ServiceCd=150&Type=search", "url2": null }, "geometry": { "type": "Point", "coordinates": [ 135.545299099999966, 34.6325065 ] } },
{ "type": "Feature", "properties": { "内容": "かがやきデイサービス平野南【通所介護】大阪府大阪市平野区平野南3-8-20", "url": "https://www.kaigokensaku.mhlw.go.jp/27/index.php?action_kouhyou_detail_004_kani=true&JigyosyoCd=2775805316-00&ServiceCd=150&Type=search", "url2": "https://www.ymmdnr.jp/" }, "geometry": { "type": "Point", "coordinates": [ 135.5610208, 34.619872600000029 ] } },
{ "type": "Feature", "properties": { "内容": "永寿デイサービスセンター【通所介護】大阪市平野区瓜破南１－２－１１", "url": "https://www.kaigokensaku.mhlw.go.jp/27/index.php?action_kouhyou_detail_004_kani=true&JigyosyoCd=2775800671-00&ServiceCd=150&Type=search", "url2": "https://eijyu.or.jp/" }, "geometry": { "type": "Point", "coordinates": [ 135.545383300000026, 34.595902 ] } },
{ "type": "Feature", "properties": { "内容": "ポラリスデイサービスセンター加美【通所介護】大阪府大阪市平野区加美鞍作1-8-41", "url": "https://www.kaigokensaku.mhlw.go.jp/27/index.php?action_kouhyou_detail_004_kani=true&JigyosyoCd=2775806256-00&ServiceCd=150&Type=search", "url2": "http://www.polaris.care/" }, "geometry": { "type": "Point", "coordinates": [ 135.565633599999956, 34.6258575 ] } },
{ "type": "Feature", "properties": { "内容": "デイサービスセンター　グランエコー背戸口【通所介護】大阪府大阪市平野区背戸口２丁目３番２３号", "url": "https://www.kaigokensaku.mhlw.go.jp/27/index.php?action_kouhyou_detail_004_kani=true&JigyosyoCd=2775809623-00&ServiceCd=150&Type=search", "url2": "https://setoguchi.a-dash.xyz/" }, "geometry": { "type": "Point", "coordinates": [ 135.5456996, 34.6249575 ] } },
{ "type": "Feature", "properties": { "内容": "デイサービスあじさい【通所介護】大阪府大阪市平野区平野上町二丁目6番8号", "url": "https://www.kaigokensaku.mhlw.go.jp/27/index.php?action_kouhyou_detail_004_kani=true&JigyosyoCd=2775809359-00&ServiceCd=150&Type=search", "url2": null }, "geometry": { "type": "Point", "coordinates": [ 135.553575, 34.6258918 ] } },
{ "type": "Feature", "properties": { "内容": "デイサービス歓喜縁【通所介護】大阪府大阪市平野区加美東７丁目３番２１号", "url": "https://www.kaigokensaku.mhlw.go.jp/27/index.php?action_kouhyou_detail_004_kani=true&JigyosyoCd=2775809052-00&ServiceCd=150&Type=search", "url2": null }, "geometry": { "type": "Point", "coordinates": [ 135.5762564, 34.6261759 ] } },
{ "type": "Feature", "properties": { "内容": "ビーナスクラブ平野本町【通所介護】大阪府大阪市平野区平野本町4丁目3番7号", "url": "https://www.kaigokensaku.mhlw.go.jp/27/index.php?action_kouhyou_detail_004_kani=true&JigyosyoCd=2775803899-00&ServiceCd=150&Type=search", "url2": "http://www.venus-comrade.co.jp/profile.html" }, "geometry": { "type": "Point", "coordinates": [ 135.552112699999952, 34.6225215 ] } },
{ "type": "Feature", "properties": { "内容": "デイサービス笑楽　長原【通所介護】大阪府大阪市平野区長吉川辺２丁目北4-45", "url": "https://www.kaigokensaku.mhlw.go.jp/27/index.php?action_kouhyou_detail_004_kani=true&JigyosyoCd=2775804392-00&ServiceCd=150&Type=search", "url2": "http://わらく.com/" }, "geometry": { "type": "Point", "coordinates": [ 135.5726376, 34.5982871 ] } },
{ "type": "Feature", "properties": { "内容": "ビハーラ21あかんのんデイサービス【通所介護】大阪市平野区瓜破西2-15-32", "url": "https://www.kaigokensaku.mhlw.go.jp/27/index.php?action_kouhyou_detail_004_kani=true&JigyosyoCd=2775806652-00&ServiceCd=150&Type=search", "url2": "http://akannon.jp" }, "geometry": { "type": "Point", "coordinates": [ 135.547802400000023, 34.6020485 ] } },
{ "type": "Feature", "properties": { "内容": "パナソニックエイジフリーケアセンターひらのデイサービス【通所介護】大阪府大阪市平野区長吉出戸2-5-13（ピュール出戸１F)", "url": "https://www.kaigokensaku.mhlw.go.jp/27/index.php?action_kouhyou_detail_004_kani=true&JigyosyoCd=2775802800-00&ServiceCd=150&Type=search", "url2": "http://panasonic.co.jp/es/pesasv/" }, "geometry": { "type": "Point", "coordinates": [ 135.566884800000025, 34.6119359 ] } },
{ "type": "Feature", "properties": { "内容": "デイサービスはなのき長吉【通所介護】大阪府大阪市平野区長吉長原2丁目14-15", "url": "https://www.kaigokensaku.mhlw.go.jp/27/index.php?action_kouhyou_detail_004_kani=true&JigyosyoCd=2775809722-00&ServiceCd=150&Type=search", "url2": "https://ktc-hananoki.com/facilities/F-nagayoshi.html" }, "geometry": { "type": "Point", "coordinates": [ 135.5725539, 34.6053901 ] } },
{ "type": "Feature", "properties": { "内容": "株式会社プレイス　ふぇりーちぇ【通所介護】大阪府大阪市平野区瓜破西3-15-33", "url": "https://www.kaigokensaku.mhlw.go.jp/27/index.php?action_kouhyou_detail_004_kani=true&JigyosyoCd=2775809755-00&ServiceCd=150&Type=search", "url2": "https://www.eternity-life.co.jp/" }, "geometry": { "type": "Point", "coordinates": [ 135.5461291, 34.5988368 ] } },
{ "type": "Feature", "properties": { "内容": "喜連西デイサービス【通所介護】大阪府大阪市平野区喜連西3-15-23", "url": "https://www.kaigokensaku.mhlw.go.jp/27/index.php?action_kouhyou_detail_004_kani=true&JigyosyoCd=2775800713-00&ServiceCd=150&Type=search", "url2": "http://yutakafukushikai.or.jp/" }, "geometry": { "type": "Point", "coordinates": [ 135.543330200000014, 34.6109781 ] } },
{ "type": "Feature", "properties": { "内容": "リハビリデイサービスラクリ長原【通所介護】大阪府大阪市平野区長吉長原西2-6-27", "url": "https://www.kaigokensaku.mhlw.go.jp/27/index.php?action_kouhyou_detail_004_kani=true&JigyosyoCd=2775807486-00&ServiceCd=150&Type=search", "url2": "https://www.4976.jp" }, "geometry": { "type": "Point", "coordinates": [ 135.5653098, 34.604547 ] } },
{ "type": "Feature", "properties": { "内容": "愛家デイサービス【通所介護】大阪府大阪市平野区平野南三丁目8番16102", "url": "https://www.kaigokensaku.mhlw.go.jp/27/index.php?action_kouhyou_detail_004_kani=true&JigyosyoCd=2775808799-00&ServiceCd=150&Type=search", "url2": null }, "geometry": { "type": "Point", "coordinates": [ 135.5616167, 34.6198937 ] } },
{ "type": "Feature", "properties": { "内容": "エクセレントケア【通所介護】大阪府大阪市平野区長吉六反4丁目6番39号", "url": "https://www.kaigokensaku.mhlw.go.jp/27/index.php?action_kouhyou_detail_004_kani=true&JigyosyoCd=2775809789-00&ServiceCd=150&Type=search", "url2": "http://www.youmy.co.jp" }, "geometry": { "type": "Point", "coordinates": [ 135.583480900000012, 34.6070822 ] } },
{ "type": "Feature", "properties": { "内容": "デイサービス　コスモすまいる【通所介護】大阪府大阪市平野区平野上町一丁目2番19号", "url": "https://www.kaigokensaku.mhlw.go.jp/27/index.php?action_kouhyou_detail_004_kani=true&JigyosyoCd=2775809524-00&ServiceCd=150&Type=search", "url2": null }, "geometry": { "type": "Point", "coordinates": [ 135.5491068, 34.6285902 ] } },
{ "type": "Feature", "properties": { "内容": "デイサービスグッドライフケア梅田【通所介護】大阪府大阪市北区豊崎2-10-22ゼック梅田ノース1階", "url": "https://www.kaigokensaku.mhlw.go.jp/27/index.php?action_kouhyou_detail_004_kani=true&JigyosyoCd=2774104158-00&ServiceCd=150&Type=search", "url2": "https://goodlifecare.co.jp/" }, "geometry": { "type": "Point", "coordinates": [ 135.502055399999989, 34.7114177 ] } },
{ "type": "Feature", "properties": { "内容": "デイサービスリハライズ中津【通所介護】大阪府大阪市北区中津1-15-15中津第2リッチビル1F", "url": "https://www.kaigokensaku.mhlw.go.jp/27/index.php?action_kouhyou_detail_004_kani=true&JigyosyoCd=2774104182-00&ServiceCd=150&Type=search", "url2": "https://www.reharise.com/" }, "geometry": { "type": "Point", "coordinates": [ 135.495764900000012, 34.7112873 ] } },
{ "type": "Feature", "properties": { "内容": "エルケア株式会社エルケアデイサービス中崎【通所介護】大阪府大阪市北区中崎１丁目8-9ユープレスⅡ", "url": "https://www.kaigokensaku.mhlw.go.jp/27/index.php?action_kouhyou_detail_004_kani=true&JigyosyoCd=2774102319-00&ServiceCd=150&Type=search", "url2": "https://www.l-care.jp/" }, "geometry": { "type": "Point", "coordinates": [ 135.507106, 34.7073364 ] } },
{ "type": "Feature", "properties": { "内容": "藤デイサービスセンター【通所介護】大阪府大阪市北区本庄西2-6-15", "url": "https://www.kaigokensaku.mhlw.go.jp/27/index.php?action_kouhyou_detail_004_kani=true&JigyosyoCd=2774100362-00&ServiceCd=150&Type=search", "url2": "http://fuji-m.net/" }, "geometry": { "type": "Point", "coordinates": [ 135.5063811, 34.7139356 ] } },
{ "type": "Feature", "properties": { "内容": "デイサービスセンター淳風おおさか【通所介護】大阪市北区大淀南二丁目５番２０号", "url": "https://www.kaigokensaku.mhlw.go.jp/27/index.php?action_kouhyou_detail_004_kani=true&JigyosyoCd=2774101345-00&ServiceCd=150&Type=search", "url2": "http://junpu-kai.or.jp" }, "geometry": { "type": "Point", "coordinates": [ 135.485216400000013, 34.7008171 ] } },
{ "type": "Feature", "properties": { "内容": "デイサービスゆうゆうの郷天満【通所介護】大阪市北区錦町二丁目36番地コンフォールエスティオ１階", "url": "https://www.kaigokensaku.mhlw.go.jp/27/index.php?action_kouhyou_detail_004_kani=true&JigyosyoCd=2774101303-00&ServiceCd=150&Type=search", "url2": null }, "geometry": { "type": "Point", "coordinates": [ 135.51368320000006, 34.7044758 ] } },
{ "type": "Feature", "properties": { "内容": "デイホームゆりの木梅田【通所介護】大阪府大阪市北区本庄西１－９－１２朝日プラザ北梅田１Ｆ", "url": "https://www.kaigokensaku.mhlw.go.jp/27/index.php?action_kouhyou_detail_004_kani=true&JigyosyoCd=2774103374-00&ServiceCd=150&Type=search", "url2": "http://www.elderly.jp/yurinoki/home/umeda/" }, "geometry": { "type": "Point", "coordinates": [ 135.5050599, 34.710559 ] } },
{ "type": "Feature", "properties": { "内容": "デイサービスセンターそねざきガーデンテラス【通所介護】大阪府大阪市北区曽根崎1-1-20", "url": "https://www.kaigokensaku.mhlw.go.jp/27/index.php?action_kouhyou_detail_004_kani=true&JigyosyoCd=2774103333-00&ServiceCd=150&Type=search", "url2": "http://www.heiseifukushikai.com" }, "geometry": { "type": "Point", "coordinates": [ 135.5038348, 34.6985878 ] } },
{ "type": "Feature", "properties": { "内容": "大阪城南ケアセンターそよ風【通所介護】大阪府大阪市中央区森ノ宮中央2-5-3", "url": "https://www.kaigokensaku.mhlw.go.jp/27/index.php?action_kouhyou_detail_004_kani=true&JigyosyoCd=2779401575-00&ServiceCd=150&Type=search", "url2": "https://www.sykz.co.jp/" }, "geometry": { "type": "Point", "coordinates": [ 135.529152, 34.6802756 ] } },
{ "type": "Feature", "properties": { "内容": "南大江地域在宅サービスステーションさくら　通所介護事業所【通所介護】大阪市中央区農人橋一丁目４番２０号特別養護老人ホームさくら内　３階", "url": "https://www.kaigokensaku.mhlw.go.jp/27/index.php?action_kouhyou_detail_004_kani=true&JigyosyoCd=2779400205-00&ServiceCd=150&Type=search", "url2": "http://www.kensyokai.jp" }, "geometry": { "type": "Point", "coordinates": [ 135.514683800000057, 34.6807254 ] } },
{ "type": "Feature", "properties": { "内容": "うえに生協診療所デイサービス【通所介護】大阪市中央区玉造１丁目8番10号にじ玉造ビル3階", "url": "https://www.kaigokensaku.mhlw.go.jp/27/index.php?action_kouhyou_detail_004_kani=true&JigyosyoCd=2779400791-00&ServiceCd=150&Type=search", "url2": "http://www.health-coop.jp/pub/" }, "geometry": { "type": "Point", "coordinates": [ 135.53043260000004, 34.6754123 ] } },
{ "type": "Feature", "properties": { "内容": "さいせいデイサービスセンター緑ヶ丘【通所介護】大阪府堺市堺区緑ヶ丘中町4-2-8", "url": "https://www.kaigokensaku.mhlw.go.jp/27/index.php?action_kouhyou_detail_004_kani=true&JigyosyoCd=2776004570-00&ServiceCd=150&Type=search", "url2": "https://saisei2014.com/" }, "geometry": { "type": "Point", "coordinates": [ 135.474214383467114, 34.554353597662406 ] } },
{ "type": "Feature", "properties": { "内容": "エルケア株式会社　エルケアデイサービス御陵前【通所介護】大阪府堺市堺区昭和通2丁36番1", "url": "https://www.kaigokensaku.mhlw.go.jp/27/index.php?action_kouhyou_detail_004_kani=true&JigyosyoCd=2776003838-00&ServiceCd=150&Type=search", "url2": "https://www.l-care.jp/" }, "geometry": { "type": "Point", "coordinates": [ 135.46431960000001, 34.5653274 ] } },
{ "type": "Feature", "properties": { "内容": "堺ケアセンターそよ風【通所介護】大阪府堺市堺区南島町5－161－2", "url": "https://www.kaigokensaku.mhlw.go.jp/27/index.php?action_kouhyou_detail_004_kani=true&JigyosyoCd=2770109078-00&ServiceCd=150&Type=search", "url2": "http://www.sykz.co.jp" }, "geometry": { "type": "Point", "coordinates": [ 135.473169399999961, 34.5961148 ] } },
{ "type": "Feature", "properties": { "内容": "フェリーチェ　けやき通り　デイサービスセンター【通所介護】大阪府堺市堺区北三国ヶ丘町五丁2番1号", "url": "https://www.kaigokensaku.mhlw.go.jp/27/index.php?action_kouhyou_detail_004_kani=true&JigyosyoCd=2776003671-00&ServiceCd=150&Type=search", "url2": "http://felice-keyaki.com" }, "geometry": { "type": "Point", "coordinates": [ 135.492556428172293, 34.575871542976003 ] } },
{ "type": "Feature", "properties": { "内容": "ツクイ堺【通所介護】大阪府堺市堺区向陵西町2-4-12", "url": "https://www.kaigokensaku.mhlw.go.jp/27/index.php?action_kouhyou_detail_004_kani=true&JigyosyoCd=2776002038-00&ServiceCd=150&Type=search", "url2": "https://www.tsukui.net/home-care/2560/" }, "geometry": { "type": "Point", "coordinates": [ 135.4918391, 34.5697348 ] } },
{ "type": "Feature", "properties": { "内容": "ニチイケアセンターベルマージュ堺【通所介護】大阪府堺市堺区田出井町1-2-100　ベルマージュ堺弐番館5Ｆ", "url": "https://www.kaigokensaku.mhlw.go.jp/27/index.php?action_kouhyou_detail_004_kani=true&JigyosyoCd=2770103246-00&ServiceCd=150&Type=search", "url2": "http://www.nichiigakkan.co.jp" }, "geometry": { "type": "Point", "coordinates": [ 135.496249400000011, 34.5778247 ] } },
{ "type": "Feature", "properties": { "内容": "ニチイケアセンター津久野【通所介護】大阪府堺市堺区神石市之町１６番２５号ＦＯＣＴファーストビル２階", "url": "https://www.kaigokensaku.mhlw.go.jp/27/index.php?action_kouhyou_detail_004_kani=true&JigyosyoCd=2776000636-00&ServiceCd=150&Type=search", "url2": null }, "geometry": { "type": "Point", "coordinates": [ 135.465807899999959, 34.5480366 ] } },
{ "type": "Feature", "properties": { "内容": "ビーナスクラブ【通所介護】堺市堺区田出井町1-1ベルマージュ堺1階124号", "url": "https://www.kaigokensaku.mhlw.go.jp/27/index.php?action_kouhyou_detail_004_kani=true&JigyosyoCd=2776003770-00&ServiceCd=150&Type=search", "url2": "http://venus-comrade.co.jp/" }, "geometry": { "type": "Point", "coordinates": [ 135.496321599999987, 34.5776111 ] } },
{ "type": "Feature", "properties": { "内容": "ゆうあいデイサービスセンター【通所介護】大阪府堺市堺区南島町5丁157番地の2ゆうあいデイサービスセンター", "url": "https://www.kaigokensaku.mhlw.go.jp/27/index.php?action_kouhyou_detail_004_kani=true&JigyosyoCd=2776000453-00&ServiceCd=150&Type=search", "url2": "http://www.yuuai.ne.jp" }, "geometry": { "type": "Point", "coordinates": [ 135.472969687696832, 34.595056106890482 ] } },
{ "type": "Feature", "properties": { "内容": "リハビリデイサービス大きな手　堺【通所介護】大阪府堺市堺区柳之町東1丁1番7号", "url": "https://www.kaigokensaku.mhlw.go.jp/27/index.php?action_kouhyou_detail_004_kani=true&JigyosyoCd=2776001378-00&ServiceCd=150&Type=search", "url2": "http://tokaiiryou-group.jp/kaigo/index.html" }, "geometry": { "type": "Point", "coordinates": [ 135.4817117, 34.5864552 ] } },
{ "type": "Feature", "properties": { "内容": "リハビリセンターあさか【通所介護】大阪府堺市堺区浅香山町３丁12-10ハナタニビル3F", "url": "https://www.kaigokensaku.mhlw.go.jp/27/index.php?action_kouhyou_detail_004_kani=true&JigyosyoCd=2776003432-00&ServiceCd=150&Type=search", "url2": null }, "geometry": { "type": "Point", "coordinates": [ 135.501070900000059, 34.5838947 ] } },
{ "type": "Feature", "properties": { "内容": "ペガサスデイサービスセンター神石【通所介護】大阪府堺市堺区神石市之町3番38ペガサスロイヤルリゾート　１階", "url": "https://www.kaigokensaku.mhlw.go.jp/27/index.php?action_kouhyou_detail_004_kani=true&JigyosyoCd=2776002103-00&ServiceCd=150&Type=search", "url2": "http://www.pegasus.or.jp/" }, "geometry": { "type": "Point", "coordinates": [ 135.4629387, 34.550764 ] } },
{ "type": "Feature", "properties": { "内容": "社会福祉法人ラポール会　デイサービスアクア堺北【通所介護】大阪府堺市堺区北田出井町1丁5番5号", "url": "https://www.kaigokensaku.mhlw.go.jp/27/index.php?action_kouhyou_detail_004_kani=true&JigyosyoCd=2776001881-00&ServiceCd=150&Type=search", "url2": "http://www.rapport-kuminoki.jp/" }, "geometry": { "type": "Point", "coordinates": [ 135.487567, 34.5810058 ] } },
{ "type": "Feature", "properties": { "内容": "グレース堺　デイサービスセンター【通所介護】大阪府堺市堺区京町通1-21", "url": "https://www.kaigokensaku.mhlw.go.jp/27/index.php?action_kouhyou_detail_004_kani=true&JigyosyoCd=2770102966-00&ServiceCd=150&Type=search", "url2": "http://gracesakai.or.jp/" }, "geometry": { "type": "Point", "coordinates": [ 135.472040500000048, 34.5680844 ] } },
{ "type": "Feature", "properties": { "内容": "ハートピア堺デイサービスセンター【通所介護】堺市堺区海山町３－１５０－１", "url": "https://www.kaigokensaku.mhlw.go.jp/27/index.php?action_kouhyou_detail_004_kani=true&JigyosyoCd=2770101091-00&ServiceCd=150&Type=search", "url2": "http://heartpia-sakai.or.jp" }, "geometry": { "type": "Point", "coordinates": [ 135.472979, 34.5897185 ] } },
{ "type": "Feature", "properties": { "内容": "デイサービスセンター　アル・ソーレ【通所介護】大阪府堺市堺区甲斐町西2丁1-15", "url": "https://www.kaigokensaku.mhlw.go.jp/27/index.php?action_kouhyou_detail_004_kani=true&JigyosyoCd=2770104830-00&ServiceCd=150&Type=search", "url2": "http://www.alsole.or.jp/" }, "geometry": { "type": "Point", "coordinates": [ 135.472220900000025, 34.5784723 ] } },
{ "type": "Feature", "properties": { "内容": "ペガサスデイサービスセンター雅老園【通所介護】大阪府堺市堺区楠町２丁１－２０", "url": "https://www.kaigokensaku.mhlw.go.jp/27/index.php?action_kouhyou_detail_004_kani=true&JigyosyoCd=2776003309-00&ServiceCd=150&Type=search", "url2": "http://windhorse.or.jp/" }, "geometry": { "type": "Point", "coordinates": [ 135.459996499999988, 34.565304500000011 ] } },
{ "type": "Feature", "properties": { "内容": "ベルライブデイサービスセンター【通所介護】大阪府堺市堺区南安井町3丁1番1号", "url": "https://www.kaigokensaku.mhlw.go.jp/27/index.php?action_kouhyou_detail_004_kani=true&JigyosyoCd=2770106116-00&ServiceCd=150&Type=search", "url2": "http://www.yujinkai.com" }, "geometry": { "type": "Point", "coordinates": [ 135.476720699999987, 34.5704037 ] } },
{ "type": "Feature", "properties": { "内容": "デイサービス　ケアプラス三国ヶ丘【通所介護】大阪府堺市堺区向陵中町六丁6番1号", "url": "https://www.kaigokensaku.mhlw.go.jp/27/index.php?action_kouhyou_detail_004_kani=true&JigyosyoCd=2776003846-00&ServiceCd=150&Type=search", "url2": "http://www.syoukei-syouji.jp" }, "geometry": { "type": "Point", "coordinates": [ 135.495089210975607, 34.564316037049522 ] } },
{ "type": "Feature", "properties": { "内容": "やすらぎ倶楽部　晴れる家リハ・タウン【通所介護】大阪府堺市堺区今池町２丁６番２２号", "url": "https://www.kaigokensaku.mhlw.go.jp/27/index.php?action_kouhyou_detail_004_kani=true&JigyosyoCd=2776003069-00&ServiceCd=150&Type=search", "url2": null }, "geometry": { "type": "Point", "coordinates": [ 135.489963799999941, 34.585075 ] } },
{ "type": "Feature", "properties": { "内容": "デイサービス　オーク倶楽部　御陵前【通所介護】大阪府堺市堺区西湊町１丁３－２４", "url": "https://www.kaigokensaku.mhlw.go.jp/27/index.php?action_kouhyou_detail_004_kani=true&JigyosyoCd=2776002871-00&ServiceCd=150&Type=search", "url2": "https://www.oak-club.jp/" }, "geometry": { "type": "Point", "coordinates": [ 135.464882499999931, 34.5698728 ] } },
{ "type": "Feature", "properties": { "内容": "リハビリデイサービス　オズ貯筋倶楽部【通所介護】大阪府堺市堺区甲斐町東2丁1番2号2階", "url": "https://www.kaigokensaku.mhlw.go.jp/27/index.php?action_kouhyou_detail_004_kani=true&JigyosyoCd=2776001451-00&ServiceCd=150&Type=search", "url2": "https://ozk-s.com/" }, "geometry": { "type": "Point", "coordinates": [ 135.473578280723842, 34.576449520387001 ] } },
{ "type": "Feature", "properties": { "内容": "ＧＲＡＮＤ　ＳＰＡ　せせらぎ【通所介護】大阪府堺市堺区霞ヶ丘町4-1-38", "url": "https://www.kaigokensaku.mhlw.go.jp/27/index.php?action_kouhyou_detail_004_kani=true&JigyosyoCd=2776003820-00&ServiceCd=150&Type=search", "url2": "http://www.seseragicare.com/" }, "geometry": { "type": "Point", "coordinates": [ 135.46535927810595, 34.552062735447294 ] } },
{ "type": "Feature", "properties": { "内容": "デイサービス笑楽石津【通所介護】大阪府堺市堺区石津町三丁14番54号シニアハウス笑楽石津", "url": "https://www.kaigokensaku.mhlw.go.jp/27/index.php?action_kouhyou_detail_004_kani=true&JigyosyoCd=2776003556-00&ServiceCd=150&Type=search", "url2": "http://わらく.com" }, "geometry": { "type": "Point", "coordinates": [ 135.462283973541275, 34.552768872905823 ] } },
{ "type": "Feature", "properties": { "内容": "デイサービス笑楽　堺【通所介護】大阪府堺市堺区住吉橋町二丁1番12号", "url": "https://www.kaigokensaku.mhlw.go.jp/27/index.php?action_kouhyou_detail_004_kani=true&JigyosyoCd=2776002657-00&ServiceCd=150&Type=search", "url2": "http://わらく.com" }, "geometry": { "type": "Point", "coordinates": [ 135.465479599999981, 34.579372 ] } },
{ "type": "Feature", "properties": { "内容": "大仙もずの音デイサービスセンター【通所介護】大阪府堺市堺区大仙町１番２号", "url": "https://www.kaigokensaku.mhlw.go.jp/27/index.php?action_kouhyou_detail_004_kani=true&JigyosyoCd=2776001659-00&ServiceCd=150&Type=search", "url2": "http://www.misasagikai.or.jp/" }, "geometry": { "type": "Point", "coordinates": [ 135.482770399999907, 34.5654128 ] } },
{ "type": "Feature", "properties": { "内容": "デイサービスセンターかーさ・びあんか【通所介護】大阪府堺市堺区今池町４丁４番８号", "url": "https://www.kaigokensaku.mhlw.go.jp/27/index.php?action_kouhyou_detail_004_kani=true&JigyosyoCd=2770102727-00&ServiceCd=150&Type=search", "url2": "http://www.asakayama-kinenkai.or.jp" }, "geometry": { "type": "Point", "coordinates": [ 135.492349699999977, 34.5846945 ] } },
{ "type": "Feature", "properties": { "内容": "ジョイリハ堺東【通所介護】大阪府堺市堺区櫛屋町東3丁1-10ジョイリハ堺東", "url": "https://www.kaigokensaku.mhlw.go.jp/27/index.php?action_kouhyou_detail_004_kani=true&JigyosyoCd=2776001493-00&ServiceCd=150&Type=search", "url2": "https://joyreha.co.jp/" }, "geometry": { "type": "Point", "coordinates": [ 135.478331499999967, 34.5800668 ] } },
{ "type": "Feature", "properties": { "内容": "デイサービス　きたえるーむ堺浅香山【通所介護】大阪府堺市堺区浅香山町3丁目5-20", "url": "https://www.kaigokensaku.mhlw.go.jp/27/index.php?action_kouhyou_detail_004_kani=true&JigyosyoCd=2776002764-00&ServiceCd=150&Type=search", "url2": "きたえるーむ.net" }, "geometry": { "type": "Point", "coordinates": [ 135.500745300000034, 34.5843151 ] } },
{ "type": "Feature", "properties": { "内容": "デイサービスステーションきずなの会【通所介護】大阪府堺市堺区西湊町６－４－３", "url": "https://www.kaigokensaku.mhlw.go.jp/27/index.php?action_kouhyou_detail_004_kani=true&JigyosyoCd=2770105159-00&ServiceCd=150&Type=search", "url2": null }, "geometry": { "type": "Point", "coordinates": [ 135.462093121426392, 34.565511212083074 ] } },
{ "type": "Feature", "properties": { "内容": "フリーケアデイサービス堺【通所介護】大阪府堺市堺区大浜中町2-3-14大浜TKハイツ101", "url": "https://www.kaigokensaku.mhlw.go.jp/27/index.php?action_kouhyou_detail_004_kani=true&JigyosyoCd=2776004778-00&ServiceCd=150&Type=search", "url2": "http://freecare-test.s3-website-us-east-1.amazonaws.com" }, "geometry": { "type": "Point", "coordinates": [ 135.461917, 34.5769339 ] } },
{ "type": "Feature", "properties": { "内容": "デイサービスセンターけむっし～【通所介護】大阪府堺市堺区昭和通2-34-1", "url": "https://www.kaigokensaku.mhlw.go.jp/27/index.php?action_kouhyou_detail_004_kani=true&JigyosyoCd=2776004539-00&ServiceCd=150&Type=search", "url2": "https://kmc-d.jp/carecenter/business/kemussi.html" }, "geometry": { "type": "Point", "coordinates": [ 135.4643472, 34.5655922 ] } },
{ "type": "Feature", "properties": { "内容": "ヴィヴァーチェデイサービス【通所介護】大阪府堺市中区八田南之町162番地", "url": "https://www.kaigokensaku.mhlw.go.jp/27/index.php?action_kouhyou_detail_004_kani=true&JigyosyoCd=2776104198-00&ServiceCd=150&Type=search", "url2": "https://www.alsole.or.jp" }, "geometry": { "type": "Point", "coordinates": [ 135.4849757, 34.521023 ] } },
{ "type": "Feature", "properties": { "内容": "医療法人中村会　デイサービスセンター　くぜのさと【通所介護】大阪府堺市中区平井３０３－１", "url": "https://www.kaigokensaku.mhlw.go.jp/27/index.php?action_kouhyou_detail_004_kani=true&JigyosyoCd=2770105340-00&ServiceCd=150&Type=search", "url2": "https://nakamura-shinryosho.jp/kaigo" }, "geometry": { "type": "Point", "coordinates": [ 135.499478600000032, 34.52016560000002 ] } },
{ "type": "Feature", "properties": { "内容": "デイサービス　福町【通所介護】大阪府堺市中区福田589番地", "url": "https://www.kaigokensaku.mhlw.go.jp/27/index.php?action_kouhyou_detail_004_kani=true&JigyosyoCd=2776101376-00&ServiceCd=150&Type=search", "url2": "http://www.fukumachi.com/" }, "geometry": { "type": "Point", "coordinates": [ 135.5274336, 34.5235542 ] } },
{ "type": "Feature", "properties": { "内容": "株式会社G.L.Bデイサービス向日葵【通所介護】大阪府堺市中区深阪3丁5番40号", "url": "https://www.kaigokensaku.mhlw.go.jp/27/index.php?action_kouhyou_detail_004_kani=true&JigyosyoCd=2776103380-00&ServiceCd=150&Type=search", "url2": null }, "geometry": { "type": "Point", "coordinates": [ 135.505584, 34.5090262 ] } },
{ "type": "Feature", "properties": { "内容": "共生型デイサービスカラーピース【通所介護】堺市中区深井沢町3256番地", "url": "https://www.kaigokensaku.mhlw.go.jp/27/index.php?action_kouhyou_detail_004_kani=true&JigyosyoCd=2776103372-00&ServiceCd=150&Type=search", "url2": "https://peace2739.com/wp-login.php" }, "geometry": { "type": "Point", "coordinates": [ 135.4968469, 34.527716900000051 ] } },
{ "type": "Feature", "properties": { "内容": "さいせいデイサービスセンター【通所介護】大阪府堺市中区堀上町1001番地1", "url": "https://www.kaigokensaku.mhlw.go.jp/27/index.php?action_kouhyou_detail_004_kani=true&JigyosyoCd=2776102879-00&ServiceCd=150&Type=search", "url2": "https://saisei2014.com" }, "geometry": { "type": "Point", "coordinates": [ 135.488471034720533, 34.529136805895313 ] } },
{ "type": "Feature", "properties": { "内容": "ツクイ堺大野芝【通所介護】大阪府堺市中区大野芝町164-1", "url": "https://www.kaigokensaku.mhlw.go.jp/27/index.php?action_kouhyou_detail_004_kani=true&JigyosyoCd=2776102051-00&ServiceCd=150&Type=search", "url2": "http://www.tsukui.net" }, "geometry": { "type": "Point", "coordinates": [ 135.5092505, 34.53804920000001 ] } },
{ "type": "Feature", "properties": { "内容": "デイサービスセンターくるは【通所介護】大阪府堺市中区東山180-3デイサービスセンターくるは", "url": "https://www.kaigokensaku.mhlw.go.jp/27/index.php?action_kouhyou_detail_004_kani=true&JigyosyoCd=2776102564-00&ServiceCd=150&Type=search", "url2": "http://hp.kaipoke.biz/z02/" }, "geometry": { "type": "Point", "coordinates": [ 135.505881727455147, 34.524027212854968 ] } },
{ "type": "Feature", "properties": { "内容": "かふぇ　ら・くーら【通所介護】大阪府堺市中区八田北町472-1", "url": "https://www.kaigokensaku.mhlw.go.jp/27/index.php?action_kouhyou_detail_004_kani=true&JigyosyoCd=2776103810-00&ServiceCd=150&Type=search", "url2": "http://www.eternity-life.co.jp" }, "geometry": { "type": "Point", "coordinates": [ 135.487447099999969, 34.526484200000034 ] } },
{ "type": "Feature", "properties": { "内容": "デイサービス彩り【通所介護】大阪府堺市中区深井東町3139番地", "url": "https://www.kaigokensaku.mhlw.go.jp/27/index.php?action_kouhyou_detail_004_kani=true&JigyosyoCd=2776103620-00&ServiceCd=150&Type=search", "url2": "http://irodori0308.com" }, "geometry": { "type": "Point", "coordinates": [ 135.5060626, 34.5316935 ] } },
{ "type": "Feature", "properties": { "内容": "デイサービス絆【通所介護】大阪府堺市中区新家町499-1", "url": "https://www.kaigokensaku.mhlw.go.jp/27/index.php?action_kouhyou_detail_004_kani=true&JigyosyoCd=2776101970-00&ServiceCd=150&Type=search", "url2": "https://www.kizuna-care.co.jp/" }, "geometry": { "type": "Point", "coordinates": [ 135.511399210450691, 34.541158376001043 ] } },
{ "type": "Feature", "properties": { "内容": "デイサービスセンターひがしやま【通所介護】大阪府堺市中区東山７１９－１", "url": "https://www.kaigokensaku.mhlw.go.jp/27/index.php?action_kouhyou_detail_004_kani=true&JigyosyoCd=2776100865-00&ServiceCd=150&Type=search", "url2": "http://www.community.or.jp" }, "geometry": { "type": "Point", "coordinates": [ 135.504419, 34.5219596 ] } },
{ "type": "Feature", "properties": { "内容": "デイサービス咲陶里【通所介護】大阪府堺市中区陶器北2522番地", "url": "https://www.kaigokensaku.mhlw.go.jp/27/index.php?action_kouhyou_detail_004_kani=true&JigyosyoCd=2776103026-00&ServiceCd=150&Type=search", "url2": "http://www.kousetsukai.com/" }, "geometry": { "type": "Point", "coordinates": [ 135.526728300000059, 34.5147524 ] } },
{ "type": "Feature", "properties": { "内容": "グリーンハウス大野芝デイサービスセンター【通所介護】大阪府堺市中区大野芝町275-3", "url": "https://www.kaigokensaku.mhlw.go.jp/27/index.php?action_kouhyou_detail_004_kani=true&JigyosyoCd=2776101178-00&ServiceCd=150&Type=search", "url2": "http://www.sakura-kai.or.jp/" }, "geometry": { "type": "Point", "coordinates": [ 135.5196006, 34.5339445 ] } },
{ "type": "Feature", "properties": { "内容": "福生会デイサービスセンター【通所介護】大阪府堺市中区伏尾１９６番地", "url": "https://www.kaigokensaku.mhlw.go.jp/27/index.php?action_kouhyou_detail_004_kani=true&JigyosyoCd=2770104764-00&ServiceCd=150&Type=search", "url2": "http://www.fukuseikai.org" }, "geometry": { "type": "Point", "coordinates": [ 135.492439800000056, 34.5146879 ] } },
{ "type": "Feature", "properties": { "内容": "ベルファミリアデイサービスセンター【通所介護】大阪府堺市中区東山841番地1", "url": "https://www.kaigokensaku.mhlw.go.jp/27/index.php?action_kouhyou_detail_004_kani=true&JigyosyoCd=2770101612-00&ServiceCd=150&Type=search", "url2": "http://www.yujinkai.com" }, "geometry": { "type": "Point", "coordinates": [ 135.506735599999956, 34.5170741 ] } },
{ "type": "Feature", "properties": { "内容": "デイサービスわそう【通所介護】堺市中区八田北町419-1和楽久わそう内", "url": "https://www.kaigokensaku.mhlw.go.jp/27/index.php?action_kouhyou_detail_004_kani=true&JigyosyoCd=2776102085-00&ServiceCd=150&Type=search", "url2": "http://www.syoukei-syouji.jp" }, "geometry": { "type": "Point", "coordinates": [ 135.48729769325405, 34.524577926624275 ] } },
{ "type": "Feature", "properties": { "内容": "デイサービスひなた深井【通所介護】堺市中区深井北町172-1パドマレジデンス101", "url": "https://www.kaigokensaku.mhlw.go.jp/27/index.php?action_kouhyou_detail_004_kani=true&JigyosyoCd=2776101087-00&ServiceCd=150&Type=search", "url2": "https://hinata4165.co.jp" }, "geometry": { "type": "Point", "coordinates": [ 135.489442199999985, 34.5414992 ] } },
{ "type": "Feature", "properties": { "内容": "デイサービスひなた【通所介護】大阪府堺市中区小阪284番", "url": "https://www.kaigokensaku.mhlw.go.jp/27/index.php?action_kouhyou_detail_004_kani=true&JigyosyoCd=2776102481-00&ServiceCd=150&Type=search", "url2": "http://hinata4165.co.jp" }, "geometry": { "type": "Point", "coordinates": [ 135.49258440740968, 34.520779878705575 ] } },
{ "type": "Feature", "properties": { "内容": "鈴の宮　デイサービス【通所介護】大阪府堺市中区八田北町10番地3111－101号　　11-103号", "url": "https://www.kaigokensaku.mhlw.go.jp/27/index.php?action_kouhyou_detail_004_kani=true&JigyosyoCd=2776101830-00&ServiceCd=150&Type=search", "url2": "https://cocoro-care.co.jp/" }, "geometry": { "type": "Point", "coordinates": [ 135.477635537434367, 34.526090495514005 ] } },
{ "type": "Feature", "properties": { "内容": "やすらぎの介護シャローム晴れる家【通所介護】堺市中区土塔町2044-60", "url": "https://www.kaigokensaku.mhlw.go.jp/27/index.php?action_kouhyou_detail_004_kani=true&JigyosyoCd=2776100535-00&ServiceCd=150&Type=search", "url2": "http://www.kaigo-shalom.co.jp/" }, "geometry": { "type": "Point", "coordinates": [ 135.50493240000003, 34.537133 ] } },
{ "type": "Feature", "properties": { "内容": "デイサービスさらさ【通所介護】大阪府堺市中区福田680-1ウエスト福田1F", "url": "https://www.kaigokensaku.mhlw.go.jp/27/index.php?action_kouhyou_detail_004_kani=true&JigyosyoCd=2776101749-00&ServiceCd=150&Type=search", "url2": "http://sarasa-sakai.com/" }, "geometry": { "type": "Point", "coordinates": [ 135.518517800000041, 34.521418200000021 ] } },
{ "type": "Feature", "properties": { "内容": "GRAND　SPA　せせらぎ　福田店【通所介護】大阪府堺市中区福田554-3", "url": "https://www.kaigokensaku.mhlw.go.jp/27/index.php?action_kouhyou_detail_004_kani=true&JigyosyoCd=2776103901-00&ServiceCd=150&Type=search", "url2": "https://www.seseragicare.com/" }, "geometry": { "type": "Point", "coordinates": [ 135.524434900000017, 34.521591300000019 ] } },
{ "type": "Feature", "properties": { "内容": "ツクイ　堺深阪【通所介護】大阪府堺市中区深阪4-1-62", "url": "https://www.kaigokensaku.mhlw.go.jp/27/index.php?action_kouhyou_detail_004_kani=true&JigyosyoCd=2770108997-00&ServiceCd=150&Type=search", "url2": "http://www.tsukui.net" }, "geometry": { "type": "Point", "coordinates": [ 135.502238900000066, 34.5126828 ] } },
{ "type": "Feature", "properties": { "内容": "ニチイケアセンター深井【通所介護】大阪府堺市中区深井北町646-2", "url": "https://www.kaigokensaku.mhlw.go.jp/27/index.php?action_kouhyou_detail_004_kani=true&JigyosyoCd=2770102685-00&ServiceCd=150&Type=search", "url2": "http://www.nichiigakkan.co.jp" }, "geometry": { "type": "Point", "coordinates": [ 135.488233900000068, 34.5398938 ] } },
{ "type": "Feature", "properties": { "内容": "デイサービスセンター　クレーネ堺【通所介護】大阪府堺市中区福田339-2", "url": "https://www.kaigokensaku.mhlw.go.jp/27/index.php?action_kouhyou_detail_004_kani=true&JigyosyoCd=2770104244-00&ServiceCd=150&Type=search", "url2": "https://kurene.jp/" }, "geometry": { "type": "Point", "coordinates": [ 135.526208799999949, 34.5186131 ] } },
{ "type": "Feature", "properties": { "内容": "やすらぎの園　通所介護事業所【通所介護】大阪府堺市中区深井畑山町２５２８番地の１", "url": "https://www.kaigokensaku.mhlw.go.jp/27/index.php?action_kouhyou_detail_004_kani=true&JigyosyoCd=2770102073-00&ServiceCd=150&Type=search", "url2": "http://www.yasuraginosono.jp/" }, "geometry": { "type": "Point", "coordinates": [ 135.511321100000032, 34.5244511 ] } },
{ "type": "Feature", "properties": { "内容": "ビーナスクラブ深井【通所介護】大阪府堺市中区深井中町3222番地なし", "url": "https://www.kaigokensaku.mhlw.go.jp/27/index.php?action_kouhyou_detail_004_kani=true&JigyosyoCd=2776101608-00&ServiceCd=150&Type=search", "url2": "http://www.venus-comrade.co.jp/" }, "geometry": { "type": "Point", "coordinates": [ 135.493036299999972, 34.5374441 ] } },
{ "type": "Feature", "properties": { "内容": "デイサービスセンターヴィーナス【通所介護】大阪府堺市中区深井中町1056-20", "url": "https://www.kaigokensaku.mhlw.go.jp/27/index.php?action_kouhyou_detail_004_kani=true&JigyosyoCd=2776103448-00&ServiceCd=150&Type=search", "url2": null }, "geometry": { "type": "Point", "coordinates": [ 135.483136800000011, 34.534933 ] } },
{ "type": "Feature", "properties": { "内容": "けやきデイサービスセンター【通所介護】大阪府堺市中区辻之１１４０－１", "url": "https://www.kaigokensaku.mhlw.go.jp/27/index.php?action_kouhyou_detail_004_kani=true&JigyosyoCd=2770106132-00&ServiceCd=150&Type=search", "url2": "https://keyakiday-blog.com/" }, "geometry": { "type": "Point", "coordinates": [ 135.5149156, 34.5133913 ] } },
{ "type": "Feature", "properties": { "内容": "ジョイリハ堺小阪【通所介護】大阪府堺市中区小阪269-1", "url": "https://www.kaigokensaku.mhlw.go.jp/27/index.php?action_kouhyou_detail_004_kani=true&JigyosyoCd=2776100592-00&ServiceCd=150&Type=search", "url2": "https://joyreha.co.jp/shop/ジョイリハ堺小阪" }, "geometry": { "type": "Point", "coordinates": [ 135.4922568, 34.5213965 ] } },
{ "type": "Feature", "properties": { "内容": "萬福デイサービス【通所介護】大阪府堺市中区深井沢町3346", "url": "https://www.kaigokensaku.mhlw.go.jp/27/index.php?action_kouhyou_detail_004_kani=true&JigyosyoCd=2776104354-00&ServiceCd=150&Type=search", "url2": null }, "geometry": { "type": "Point", "coordinates": [ 135.498976, 34.5305689 ] } },
{ "type": "Feature", "properties": { "内容": "きりり【通所介護】大阪府堺市中区見野山164番地", "url": "https://www.kaigokensaku.mhlw.go.jp/27/index.php?action_kouhyou_detail_004_kani=true&JigyosyoCd=2776102176-00&ServiceCd=150&Type=search", "url2": "http://yutoria.or.jp" }, "geometry": { "type": "Point", "coordinates": [ 135.53532789999997, 34.5030066 ] } },
{ "type": "Feature", "properties": { "内容": "ディサービスセンター　ふれ愛の家【通所介護】大阪府堺市中区土塔町2028番地", "url": "https://www.kaigokensaku.mhlw.go.jp/27/index.php?action_kouhyou_detail_004_kani=true&JigyosyoCd=2770101141-00&ServiceCd=150&Type=search", "url2": "https://tokogakuen.com" }, "geometry": { "type": "Point", "coordinates": [ 135.505419579762247, 34.534365185199192 ] } },
{ "type": "Feature", "properties": { "内容": "デイサービスセンター　ふたば【通所介護】大阪府堺市中区平井314", "url": "https://www.kaigokensaku.mhlw.go.jp/27/index.php?action_kouhyou_detail_004_kani=true&JigyosyoCd=2776102432-00&ServiceCd=150&Type=search", "url2": "https://sites.google.com/view/futabaday/" }, "geometry": { "type": "Point", "coordinates": [ 135.49968547645642, 34.520061687752204 ] } },
{ "type": "Feature", "properties": { "内容": "リンクデイサービス草尾【通所介護】大阪府堺市東区草尾１１６６番２", "url": "https://www.kaigokensaku.mhlw.go.jp/27/index.php?action_kouhyou_detail_004_kani=true&JigyosyoCd=2776200756-00&ServiceCd=150&Type=search", "url2": "https://www.healthcare-link.co.jp" }, "geometry": { "type": "Point", "coordinates": [ 135.534641804893454, 34.521123680776483 ] } },
{ "type": "Feature", "properties": { "内容": "あいとデイサービスセンター【通所介護】大阪府堺市東区草尾274番地1", "url": "https://www.kaigokensaku.mhlw.go.jp/27/index.php?action_kouhyou_detail_004_kani=true&JigyosyoCd=2776200988-00&ServiceCd=150&Type=search", "url2": null }, "geometry": { "type": "Point", "coordinates": [ 135.526725199999987, 34.5259706 ] } },
{ "type": "Feature", "properties": { "内容": "祥の郷デイサービスセンター【通所介護】大阪府堺市東区西野１６５番地", "url": "https://www.kaigokensaku.mhlw.go.jp/27/index.php?action_kouhyou_detail_004_kani=true&JigyosyoCd=2776200111-00&ServiceCd=150&Type=search", "url2": null }, "geometry": { "type": "Point", "coordinates": [ 135.54138260000002, 34.515322 ] } },
{ "type": "Feature", "properties": { "内容": "ビーナスクラブ菩提【通所介護】大阪府堺市東区菩提町３丁１－２", "url": "https://www.kaigokensaku.mhlw.go.jp/27/index.php?action_kouhyou_detail_004_kani=true&JigyosyoCd=2776200566-00&ServiceCd=150&Type=search", "url2": "http://www.venus-comrade.co.jp/" }, "geometry": { "type": "Point", "coordinates": [ 135.534849, 34.5478907 ] } },
{ "type": "Feature", "properties": { "内容": "ふるさぽーとデイサービスセンター堺店【通所介護】大阪府堺市東区日置荘北町2-21-36", "url": "https://www.kaigokensaku.mhlw.go.jp/27/index.php?action_kouhyou_detail_004_kani=true&JigyosyoCd=2776200558-00&ServiceCd=150&Type=search", "url2": null }, "geometry": { "type": "Point", "coordinates": [ 135.540373448479528, 34.543315287027113 ] } },
{ "type": "Feature", "properties": { "内容": "あかりデイサービス【通所介護】大阪府堺市東区丈六５５－１", "url": "https://www.kaigokensaku.mhlw.go.jp/27/index.php?action_kouhyou_detail_004_kani=true&JigyosyoCd=2776201275-00&ServiceCd=150&Type=search", "url2": "https://sites.google.com/view/akaridayservice/" }, "geometry": { "type": "Point", "coordinates": [ 135.542077731133077, 34.528534035250765 ] } },
{ "type": "Feature", "properties": { "内容": "つるぎ荘・やしもデイサービスセンター【通所介護】堺市東区石原町三丁150番地", "url": "https://www.kaigokensaku.mhlw.go.jp/27/index.php?action_kouhyou_detail_004_kani=true&JigyosyoCd=2770108021-00&ServiceCd=150&Type=search", "url2": "http://sobikai.or.jp/" }, "geometry": { "type": "Point", "coordinates": [ 135.532821300000023, 34.5522124 ] } },
{ "type": "Feature", "properties": { "内容": "つるぎ荘デイサービスセンター【通所介護】堺市東区日置荘田中町143-1", "url": "https://www.kaigokensaku.mhlw.go.jp/27/index.php?action_kouhyou_detail_004_kani=true&JigyosyoCd=2770101695-00&ServiceCd=150&Type=search", "url2": "http://www.sobikai.or.jp/" }, "geometry": { "type": "Point", "coordinates": [ 135.531557900000053, 34.5332143 ] } },
{ "type": "Feature", "properties": { "内容": "くみのき苑しらさぎデイサービス【通所介護】大阪府堺市東区白鷺町3丁18番17号", "url": "https://www.kaigokensaku.mhlw.go.jp/27/index.php?action_kouhyou_detail_004_kani=true&JigyosyoCd=2776201259-00&ServiceCd=150&Type=search", "url2": "http://www.rapport-kuminoki.jp/" }, "geometry": { "type": "Point", "coordinates": [ 135.521013359524574, 34.545961396309679 ] } },
{ "type": "Feature", "properties": { "内容": "デイサービスくみのき苑ゆらら【通所介護】大阪府堺市東区南野田454-2", "url": "https://www.kaigokensaku.mhlw.go.jp/27/index.php?action_kouhyou_detail_004_kani=true&JigyosyoCd=2776200418-00&ServiceCd=150&Type=search", "url2": "http://rapport-kuminoki.jp/day-yurara/" }, "geometry": { "type": "Point", "coordinates": [ 135.546643099999983, 34.5190272 ] } },
{ "type": "Feature", "properties": { "内容": "ハーモニーデイサービスセンター【通所介護】大阪府堺市東区南野田３３番地", "url": "https://www.kaigokensaku.mhlw.go.jp/27/index.php?action_kouhyou_detail_004_kani=true&JigyosyoCd=2770100887-00&ServiceCd=150&Type=search", "url2": "http://www.harmony.or.jp" }, "geometry": { "type": "Point", "coordinates": [ 135.550212099999953, 34.5226103 ] } },
{ "type": "Feature", "properties": { "内容": "北野田　デイサービスセンター【通所介護】大阪府堺市東区南野田127番地", "url": "https://www.kaigokensaku.mhlw.go.jp/27/index.php?action_kouhyou_detail_004_kani=true&JigyosyoCd=2770104871-00&ServiceCd=150&Type=search", "url2": "http://www.osakaminami.net/kitanoda/" }, "geometry": { "type": "Point", "coordinates": [ 135.549875607023637, 34.520414771168795 ] } },
{ "type": "Feature", "properties": { "内容": "元気奈良リハビリデイサービスゆかい倶楽部【通所介護】大阪府堺市東区南野田137-3", "url": "https://www.kaigokensaku.mhlw.go.jp/27/index.php?action_kouhyou_detail_004_kani=true&JigyosyoCd=2776200640-00&ServiceCd=150&Type=search", "url2": null }, "geometry": { "type": "Point", "coordinates": [ 135.548404, 34.5216187 ] } },
{ "type": "Feature", "properties": { "内容": "パナソニックエイジフリーケアプランセンター堺日置荘デイサービス【通所介護】大阪府堺市東区日置荘西町7-10-15", "url": "https://www.kaigokensaku.mhlw.go.jp/27/index.php?action_kouhyou_detail_004_kani=true&JigyosyoCd=2776201291-00&ServiceCd=150&Type=search", "url2": null }, "geometry": { "type": "Point", "coordinates": [ 135.522877200000011, 34.5370574 ] } },
{ "type": "Feature", "properties": { "内容": "デイサービス笑楽　北野田【通所介護】大阪府堺市東区北野田470番地1", "url": "https://www.kaigokensaku.mhlw.go.jp/27/index.php?action_kouhyou_detail_004_kani=true&JigyosyoCd=2776200632-00&ServiceCd=150&Type=search", "url2": null }, "geometry": { "type": "Point", "coordinates": [ 135.548141, 34.52433379999998 ] } },
{ "type": "Feature", "properties": { "内容": "アースサポート堺浜寺【通所介護】大阪府堺市西区浜寺石津町中1丁9番24号", "url": "https://www.kaigokensaku.mhlw.go.jp/27/index.php?action_kouhyou_detail_004_kani=true&JigyosyoCd=2776302529-00&ServiceCd=150&Type=search", "url2": "http://www.earthsupport.co.jp/" }, "geometry": { "type": "Point", "coordinates": [ 135.4551587, 34.562158799999978 ] } },
{ "type": "Feature", "properties": { "内容": "生活リハビリデイセンター　アビリティーズ堺おおとり【通所介護】大阪府堺市西区鳳東町７－８０７", "url": "https://www.kaigokensaku.mhlw.go.jp/27/index.php?action_kouhyou_detail_004_kani=true&JigyosyoCd=2776301224-00&ServiceCd=150&Type=search", "url2": "http://www.abilities.jp" }, "geometry": { "type": "Point", "coordinates": [ 135.465461199999936, 34.5308358 ] } },
{ "type": "Feature", "properties": { "内容": "デイサービスセンターうえのしば【通所介護】大阪府堺市西区上野芝向が丘町4丁24番30号", "url": "https://www.kaigokensaku.mhlw.go.jp/27/index.php?action_kouhyou_detail_004_kani=true&JigyosyoCd=2776303576-00&ServiceCd=150&Type=search", "url2": "https://daisenkai.jp/roken-uenoshiba/outpatient/" }, "geometry": { "type": "Point", "coordinates": [ 135.478101, 34.5423942 ] } },
{ "type": "Feature", "properties": { "内容": "デイサービス　あんず【通所介護】大阪府堺市西区鳳西町１丁89-11", "url": "https://www.kaigokensaku.mhlw.go.jp/27/index.php?action_kouhyou_detail_004_kani=true&JigyosyoCd=2776300705-00&ServiceCd=150&Type=search", "url2": "http://www.apricot-web.co.jp/" }, "geometry": { "type": "Point", "coordinates": [ 135.452887499999946, 34.5250973 ] } },
{ "type": "Feature", "properties": { "内容": "さいせいデイサービスセンター鳳【通所介護】大阪府堺市西区鳳南町５丁７１０番地１", "url": "https://www.kaigokensaku.mhlw.go.jp/27/index.php?action_kouhyou_detail_004_kani=true&JigyosyoCd=2776303014-00&ServiceCd=150&Type=search", "url2": "https://saisei2014.com" }, "geometry": { "type": "Point", "coordinates": [ 135.4666509, 34.530629 ] } },
{ "type": "Feature", "properties": { "内容": "健康サロン　リフレ・えびす　萬崎クリニックモールデイサービス【通所介護】大阪府堺市西区菱木1丁2229-2", "url": "https://www.kaigokensaku.mhlw.go.jp/27/index.php?action_kouhyou_detail_004_kani=true&JigyosyoCd=2776301935-00&ServiceCd=150&Type=search", "url2": "https://kenkousaronrefure.wixsite.com/kenkou" }, "geometry": { "type": "Point", "coordinates": [ 135.473316600000032, 34.5158448 ] } },
{ "type": "Feature", "properties": { "内容": "デイサービスつばき堺【通所介護】大阪府堺市西区山田一丁目１０８４番１", "url": "https://www.kaigokensaku.mhlw.go.jp/27/index.php?action_kouhyou_detail_004_kani=true&JigyosyoCd=2776300648-00&ServiceCd=150&Type=search", "url2": "http://www.t-gp.co.jp/dstsubakisakai.html" }, "geometry": { "type": "Point", "coordinates": [ 135.465578400000027, 34.5122351 ] } },
{ "type": "Feature", "properties": { "内容": "クオレ倶楽部堺鳳【通所介護】堺市西区鳳西町2丁91-5クオレ総合在宅センター　1階", "url": "https://www.kaigokensaku.mhlw.go.jp/27/index.php?action_kouhyou_detail_004_kani=true&JigyosyoCd=2776301836-00&ServiceCd=150&Type=search", "url2": "http://www.cuores.com/" }, "geometry": { "type": "Point", "coordinates": [ 135.447651800000017, 34.5266304 ] } },
{ "type": "Feature", "properties": { "内容": "ビーナスクラブセカンド鳳【通所介護】大阪府堺市西区草部160-3", "url": "https://www.kaigokensaku.mhlw.go.jp/27/index.php?action_kouhyou_detail_004_kani=true&JigyosyoCd=2776303691-00&ServiceCd=150&Type=search", "url2": "http://www.venus-comrade.co.jp/" }, "geometry": { "type": "Point", "coordinates": [ 135.464741082891777, 34.515376757840841 ] } },
{ "type": "Feature", "properties": { "内容": "いきいきデイサービス浜寺【通所介護】大阪府堺市西区浜寺南町３丁２の３", "url": "https://www.kaigokensaku.mhlw.go.jp/27/index.php?action_kouhyou_detail_004_kani=true&JigyosyoCd=2776303402-00&ServiceCd=150&Type=search", "url2": "https://www.iki-iki.info/" }, "geometry": { "type": "Point", "coordinates": [ 135.452878, 34.5377775 ] } },
{ "type": "Feature", "properties": { "内容": "ペガサスデイサービスセンター石津【通所介護】堺市西区浜寺石津町東１丁３番３１号ペガサスロイヤルリゾート石津　１階", "url": "https://www.kaigokensaku.mhlw.go.jp/27/index.php?action_kouhyou_detail_004_kani=true&JigyosyoCd=2776300432-00&ServiceCd=150&Type=search", "url2": "http://www.pegasus.or.jp/" }, "geometry": { "type": "Point", "coordinates": [ 135.460835800000041, 34.5600406 ] } },
{ "type": "Feature", "properties": { "内容": "ペガサスデイサービスセンター石津2号館【通所介護】大阪府堺市西区浜寺石津町東１丁３番２８号", "url": "https://www.kaigokensaku.mhlw.go.jp/27/index.php?action_kouhyou_detail_004_kani=true&JigyosyoCd=2776300721-00&ServiceCd=150&Type=search", "url2": "http://www.pegasus.or.jp/" }, "geometry": { "type": "Point", "coordinates": [ 135.460630300000048, 34.5597489 ] } },
{ "type": "Feature", "properties": { "内容": "朗友サロン　デイサービスセンター【通所介護】大阪府堺市西区草部743番地", "url": "https://www.kaigokensaku.mhlw.go.jp/27/index.php?action_kouhyou_detail_004_kani=true&JigyosyoCd=2770101521-00&ServiceCd=150&Type=search", "url2": "http://www.otorifukushikai.or.jp/" }, "geometry": { "type": "Point", "coordinates": [ 135.471624799999972, 34.5197538 ] } },
{ "type": "Feature", "properties": { "内容": "朗友館デイサービスセンター【通所介護】堺市西区鳳東町６丁６５９番地１", "url": "https://www.kaigokensaku.mhlw.go.jp/27/index.php?action_kouhyou_detail_004_kani=true&JigyosyoCd=2770101513-00&ServiceCd=150&Type=search", "url2": "http://www.otorifukushikai.or.jp/" }, "geometry": { "type": "Point", "coordinates": [ 135.464665593742438, 34.537126613553902 ] } },
{ "type": "Feature", "properties": { "内容": "はーとらんどデイサービスセンター【通所介護】大阪府堺市西区津久野町一丁７番２０号", "url": "https://www.kaigokensaku.mhlw.go.jp/27/index.php?action_kouhyou_detail_004_kani=true&JigyosyoCd=2770101489-00&ServiceCd=150&Type=search", "url2": "https://www.flora-fujinokai.jp/" }, "geometry": { "type": "Point", "coordinates": [ 135.4681329, 34.5403237 ] } },
{ "type": "Feature", "properties": { "内容": "老人デイサービスセンターやすらぎの園津久野【通所介護】大阪府堺市西区鶴田町１０－７", "url": "https://www.kaigokensaku.mhlw.go.jp/27/index.php?action_kouhyou_detail_004_kani=true&JigyosyoCd=2770109110-00&ServiceCd=150&Type=search", "url2": "http://yasuraginosono-tsukuno.jp/" }, "geometry": { "type": "Point", "coordinates": [ 135.465660899999989, 34.5396404 ] } },
{ "type": "Feature", "properties": { "内容": "デイサービスセンター　ハートピア泉北【通所介護】大阪府堺市西区太平寺331-1", "url": "https://www.kaigokensaku.mhlw.go.jp/27/index.php?action_kouhyou_detail_004_kani=true&JigyosyoCd=2770101877-00&ServiceCd=150&Type=search", "url2": "http://www.sakaifukushikai.jp" }, "geometry": { "type": "Point", "coordinates": [ 135.478935699999965, 34.5040527 ] } },
{ "type": "Feature", "properties": { "内容": "ペガサスデイサービスセンター石津北【通所介護】大阪府堺市西区浜寺石津町西１丁２番７号", "url": "https://www.kaigokensaku.mhlw.go.jp/27/index.php?action_kouhyou_detail_004_kani=true&JigyosyoCd=2776302149-00&ServiceCd=150&Type=search", "url2": "http://windhorse.or.jp/" }, "geometry": { "type": "Point", "coordinates": [ 135.45466136997527, 34.562397729610389 ] } },
{ "type": "Feature", "properties": { "内容": "パルハウスくさべデイサービスセンター【通所介護】大阪府堺市西区草部1417", "url": "https://www.kaigokensaku.mhlw.go.jp/27/index.php?action_kouhyou_detail_004_kani=true&JigyosyoCd=2776300523-00&ServiceCd=150&Type=search", "url2": "https://www.wafukai.net" }, "geometry": { "type": "Point", "coordinates": [ 135.463203499999963, 34.5155486 ] } },
{ "type": "Feature", "properties": { "内容": "コープスマイルホーム上野芝デイサービス【通所介護】堺市西区北条町二丁２４番６号", "url": "https://www.kaigokensaku.mhlw.go.jp/27/index.php?action_kouhyou_detail_004_kani=true&JigyosyoCd=2770108617-00&ServiceCd=150&Type=search", "url2": "http://www.izumi.coop" }, "geometry": { "type": "Point", "coordinates": [ 135.484225899999956, 34.5422934 ] } },
{ "type": "Feature", "properties": { "内容": "デイサービスひなた菱木【通所介護】大阪府堺市西区菱木1-2313サンロイヤル101号", "url": "https://www.kaigokensaku.mhlw.go.jp/27/index.php?action_kouhyou_detail_004_kani=true&JigyosyoCd=2776301687-00&ServiceCd=150&Type=search", "url2": "http://hinata4165.co.jp" }, "geometry": { "type": "Point", "coordinates": [ 135.473935899999987, 34.5149266 ] } },
{ "type": "Feature", "properties": { "内容": "晴れる家リカバリー【通所介護】大阪府堺市西区上野芝向ヶ丘町6丁6番16号", "url": "https://www.kaigokensaku.mhlw.go.jp/27/index.php?action_kouhyou_detail_004_kani=true&JigyosyoCd=2776302719-00&ServiceCd=150&Type=search", "url2": null }, "geometry": { "type": "Point", "coordinates": [ 135.477562600000027, 34.5399935 ] } },
{ "type": "Feature", "properties": { "内容": "デイサービスセンターせせらぎ【通所介護】大阪府堺市西区鳳西町1-68-18", "url": "https://www.kaigokensaku.mhlw.go.jp/27/index.php?action_kouhyou_detail_004_kani=true&JigyosyoCd=2770105506-00&ServiceCd=150&Type=search", "url2": "http://www.seseragicare.com/" }, "geometry": { "type": "Point", "coordinates": [ 135.453265110986138, 34.530469969709706 ] } },
{ "type": "Feature", "properties": { "内容": "ビーナスクラブ鳳【通所介護】堺市西区鳳北町8丁446番地の1", "url": "https://www.kaigokensaku.mhlw.go.jp/27/index.php?action_kouhyou_detail_004_kani=true&JigyosyoCd=2776300465-00&ServiceCd=150&Type=search", "url2": null }, "geometry": { "type": "Point", "coordinates": [ 135.457956925725483, 34.540956308410607 ] } },
{ "type": "Feature", "properties": { "内容": "デイサービスセンターhale【通所介護】大阪府堺市西区浜寺船尾町東1丁１２９番地", "url": "https://www.kaigokensaku.mhlw.go.jp/27/index.php?action_kouhyou_detail_004_kani=true&JigyosyoCd=2776301406-00&ServiceCd=150&Type=search", "url2": "https://www3.hp-ez.com/hp/niji-dei-hale/" }, "geometry": { "type": "Point", "coordinates": [ 135.4590409, 34.5502755 ] } },
{ "type": "Feature", "properties": { "内容": "レッツ倶楽部鳳【通所介護】大阪府堺市西区鳳東町7-745-4鳳ｸﾞﾘ-ﾝﾊﾟﾚｽ1階Ｄ・Ｅ棟", "url": "https://www.kaigokensaku.mhlw.go.jp/27/index.php?action_kouhyou_detail_004_kani=true&JigyosyoCd=2796300263-00&ServiceCd=150&Type=search", "url2": "http://www.lets-club.jp/shop/otori/" }, "geometry": { "type": "Point", "coordinates": [ 135.465891599999964, 34.53358 ] } },
{ "type": "Feature", "properties": { "内容": "ハートフルサンク　デイ・ひしき乃湯【通所介護】大阪府堺市西区菱木1-2446-1ドイビル１Ｆ", "url": "https://www.kaigokensaku.mhlw.go.jp/27/index.php?action_kouhyou_detail_004_kani=true&JigyosyoCd=2776302537-00&ServiceCd=150&Type=search", "url2": "https://heartfulthank.co.jp/day-service-1" }, "geometry": { "type": "Point", "coordinates": [ 135.475451199999952, 34.5119539 ] } },
{ "type": "Feature", "properties": { "内容": "デイサービス絆　石津【通所介護】大阪府堺市西区浜寺石津町中3-2-8", "url": "https://www.kaigokensaku.mhlw.go.jp/27/index.php?action_kouhyou_detail_004_kani=true&JigyosyoCd=2776303840-00&ServiceCd=150&Type=search", "url2": "https://www.kizuna-care.co.jp/" }, "geometry": { "type": "Point", "coordinates": [ 135.4566304, 34.5577407 ] } },
{ "type": "Feature", "properties": { "内容": "デイサービスケアライフ石津川【通所介護】堺市西区浜寺石津町西二丁1番6号", "url": "https://www.kaigokensaku.mhlw.go.jp/27/index.php?action_kouhyou_detail_004_kani=true&JigyosyoCd=2770108245-00&ServiceCd=150&Type=search", "url2": "http://www.care-life.co.jp" }, "geometry": { "type": "Point", "coordinates": [ 135.454111300000022, 34.5615208 ] } },
{ "type": "Feature", "properties": { "内容": "ベルアルプデイサービスセンター【通所介護】大阪府堺市西区菱木1丁2343番16", "url": "https://www.kaigokensaku.mhlw.go.jp/27/index.php?action_kouhyou_detail_004_kani=true&JigyosyoCd=2776301216-00&ServiceCd=150&Type=search", "url2": "http://www.yujinkai.com/bellharpe/" }, "geometry": { "type": "Point", "coordinates": [ 135.477632800000038, 34.5130157 ] } },
{ "type": "Feature", "properties": { "内容": "株式会社　アップワード　デイサービスセンター　すこやかさん【通所介護】大阪府堺市南区檜尾550番地泉北メディカルビル", "url": "https://www.kaigokensaku.mhlw.go.jp/27/index.php?action_kouhyou_detail_004_kani=true&JigyosyoCd=2776400596-00&ServiceCd=150&Type=search", "url2": "http://upward-kaigo.jp/" }, "geometry": { "type": "Point", "coordinates": [ 135.4876461, 34.4836496 ] } },
{ "type": "Feature", "properties": { "内容": "ビーナスクラブ泉北【通所介護】大阪府堺市南区若松台２丁１番２－１０１", "url": "https://www.kaigokensaku.mhlw.go.jp/27/index.php?action_kouhyou_detail_004_kani=true&JigyosyoCd=2776400315-00&ServiceCd=150&Type=search", "url2": null }, "geometry": { "type": "Point", "coordinates": [ 135.506669399999964, 34.4906382 ] } },
{ "type": "Feature", "properties": { "内容": "デイサービス　クオーレ【通所介護】大阪府堺市南区槇塚台３丁１番２５号フローレンス泉ヶ丘1階", "url": "https://www.kaigokensaku.mhlw.go.jp/27/index.php?action_kouhyou_detail_004_kani=true&JigyosyoCd=2776401156-00&ServiceCd=150&Type=search", "url2": "https://www.ontoku.or.jp/facilities/cuore-day/" }, "geometry": { "type": "Point", "coordinates": [ 135.527250900000013, 34.4840311 ] } },
{ "type": "Feature", "properties": { "内容": "デイサービスセンター　スポルト高倉【通所介護】大阪府堺市南区高倉台3丁3番4号", "url": "https://www.kaigokensaku.mhlw.go.jp/27/index.php?action_kouhyou_detail_004_kani=true&JigyosyoCd=2776401347-00&ServiceCd=150&Type=search", "url2": "http://www.makiduka.jp/" }, "geometry": { "type": "Point", "coordinates": [ 135.525451299999986, 34.494406270039526 ] } },
{ "type": "Feature", "properties": { "内容": "赤坂台デイサービスセンター【通所介護】大阪府堺市南区赤坂台4丁8番16号", "url": "https://www.kaigokensaku.mhlw.go.jp/27/index.php?action_kouhyou_detail_004_kani=true&JigyosyoCd=2776400638-00&ServiceCd=150&Type=search", "url2": "http://www.makiduka.jp/html/akasakadai/akasakadai.html" }, "geometry": { "type": "Point", "coordinates": [ 135.471664435581971, 34.486446048273734 ] } },
{ "type": "Feature", "properties": { "内容": "デイサービスセンター小代美樹の園【通所介護】大阪府堺市南区小代４１４番地１５", "url": "https://www.kaigokensaku.mhlw.go.jp/27/index.php?action_kouhyou_detail_004_kani=true&JigyosyoCd=2776400026-00&ServiceCd=150&Type=search", "url2": "http://mikinosono.sakura.ne.jp/" }, "geometry": { "type": "Point", "coordinates": [ 135.4879264, 34.5091439 ] } },
{ "type": "Feature", "properties": { "内容": "槇塚荘デイサービスセンター【通所介護】大阪府堺市南区逆瀬川1038-2", "url": "https://www.kaigokensaku.mhlw.go.jp/27/index.php?action_kouhyou_detail_004_kani=true&JigyosyoCd=2770101174-00&ServiceCd=150&Type=search", "url2": "http://www.makiduka.jp" }, "geometry": { "type": "Point", "coordinates": [ 135.527506771163871, 34.47889739740917 ] } },
{ "type": "Feature", "properties": { "内容": "デイサービス　カロス【通所介護】大阪府堺市南区庭代台1丁５０番1号", "url": "https://www.kaigokensaku.mhlw.go.jp/27/index.php?action_kouhyou_detail_004_kani=true&JigyosyoCd=2770107536-00&ServiceCd=150&Type=search", "url2": "http://www.karos.or.jp" }, "geometry": { "type": "Point", "coordinates": [ 135.4939316, 34.4703319 ] } },
{ "type": "Feature", "properties": { "内容": "美樹の園デイサービスセンター【通所介護】大阪府堺市南区美木多上１２７７番地１", "url": "https://www.kaigokensaku.mhlw.go.jp/27/index.php?action_kouhyou_detail_004_kani=true&JigyosyoCd=2770102321-00&ServiceCd=150&Type=search", "url2": "http://mikinosono.sakura.ne.jp" }, "geometry": { "type": "Point", "coordinates": [ 135.493057, 34.4607357 ] } },
{ "type": "Feature", "properties": { "内容": "デイサービスセンター　年輪【通所介護】大阪府堺市南区御池台５丁２番２号", "url": "https://www.kaigokensaku.mhlw.go.jp/27/index.php?action_kouhyou_detail_004_kani=true&JigyosyoCd=2770102297-00&ServiceCd=150&Type=search", "url2": "http://www.s-nenrin.or.jp" }, "geometry": { "type": "Point", "coordinates": [ 135.504900499999962, 34.4578585 ] } },
{ "type": "Feature", "properties": { "内容": "エテルノスポーツ原山台【通所介護】大阪府堺市南区原山台1-14-12１１４ビル", "url": "https://www.kaigokensaku.mhlw.go.jp/27/index.php?action_kouhyou_detail_004_kani=true&JigyosyoCd=2776401743-00&ServiceCd=150&Type=search", "url2": null }, "geometry": { "type": "Point", "coordinates": [ 135.497366899999946, 34.4883914 ] } },
{ "type": "Feature", "properties": { "内容": "故郷デイサービス【通所介護】大阪府堺市南区御池台4-7-2", "url": "https://www.kaigokensaku.mhlw.go.jp/27/index.php?action_kouhyou_detail_004_kani=true&JigyosyoCd=2796400253-00&ServiceCd=150&Type=search", "url2": null }, "geometry": { "type": "Point", "coordinates": [ 135.507686552761271, 34.463449545790041 ] } },
{ "type": "Feature", "properties": { "内容": "デイサービスセンターこころ【通所介護】大阪府堺市南区高尾１丁３４６番２", "url": "https://www.kaigokensaku.mhlw.go.jp/27/index.php?action_kouhyou_detail_004_kani=true&JigyosyoCd=2770105563-00&ServiceCd=150&Type=search", "url2": null }, "geometry": { "type": "Point", "coordinates": [ 135.472414100000037, 34.4982173 ] } },
{ "type": "Feature", "properties": { "内容": "ケアセンター　仲村【通所介護】大阪府堺市南区宮山台4-7-9", "url": "https://www.kaigokensaku.mhlw.go.jp/27/index.php?action_kouhyou_detail_004_kani=true&JigyosyoCd=2776400067-00&ServiceCd=150&Type=search", "url2": "https://www.nakamura-care-center.com" }, "geometry": { "type": "Point", "coordinates": [ 135.495058542922152, 34.511227716471296 ] } },
{ "type": "Feature", "properties": { "内容": "パナソニックエイジフリーケアセンター堺泉ヶ丘・デイサービス【通所介護】大阪府堺市南区和田東1007番地4", "url": "https://www.kaigokensaku.mhlw.go.jp/27/index.php?action_kouhyou_detail_004_kani=true&JigyosyoCd=2770104103-00&ServiceCd=150&Type=search", "url2": "http://sumai.panasonic.jp/agefree/" }, "geometry": { "type": "Point", "coordinates": [ 135.502016923988464, 34.503478509822287 ] } },
{ "type": "Feature", "properties": { "内容": "友愛ひだまりサロン【通所介護】大阪府堺市北区南花田町365番地の1", "url": "https://www.kaigokensaku.mhlw.go.jp/27/index.php?action_kouhyou_detail_004_kani=true&JigyosyoCd=2776502177-00&ServiceCd=150&Type=search", "url2": "https://www.abilities.jp/" }, "geometry": { "type": "Point", "coordinates": [ 135.527735, 34.5735352 ] } },
{ "type": "Feature", "properties": { "内容": "レッツ倶楽部堺北花田【通所介護】大阪府堺市北区北花田町4-89-27澁木マンション壱番館", "url": "https://www.kaigokensaku.mhlw.go.jp/27/index.php?action_kouhyou_detail_004_kani=true&JigyosyoCd=2776501393-00&ServiceCd=150&Type=search", "url2": "https://www.lets-club.jp" }, "geometry": { "type": "Point", "coordinates": [ 135.52041029999998, 34.582673 ] } },
{ "type": "Feature", "properties": { "内容": "エルケア株式会社エルケアデイサービス堺【通所介護】大阪府堺市北区奥本町１丁２８５番地アビスタ北花田１F", "url": "https://www.kaigokensaku.mhlw.go.jp/27/index.php?action_kouhyou_detail_004_kani=true&JigyosyoCd=2776500965-00&ServiceCd=150&Type=search", "url2": "https://www.l-care.jp/" }, "geometry": { "type": "Point", "coordinates": [ 135.5102726, 34.5810424 ] } },
{ "type": "Feature", "properties": { "内容": "フェリーチェデイサービスセンター【通所介護】大阪府堺市北区東三国ヶ丘町４－１－２８", "url": "https://www.kaigokensaku.mhlw.go.jp/27/index.php?action_kouhyou_detail_004_kani=true&JigyosyoCd=2776500544-00&ServiceCd=150&Type=search", "url2": "http://www.felice-mikunigaoka.com/" }, "geometry": { "type": "Point", "coordinates": [ 135.5003408, 34.5689601 ] } },
{ "type": "Feature", "properties": { "内容": "かふぇ　ら・くーら弐番館【通所介護】大阪府堺市北区東浅香山町3丁15-151階101号室", "url": "https://www.kaigokensaku.mhlw.go.jp/27/index.php?action_kouhyou_detail_004_kani=true&JigyosyoCd=2776503498-00&ServiceCd=150&Type=search", "url2": "https://www.eternity-life.co.jp/" }, "geometry": { "type": "Point", "coordinates": [ 135.51213960000004, 34.5831206 ] } },
{ "type": "Feature", "properties": { "内容": "デイサービス　ハーモニーの家【通所介護】大阪府堺市北区長曾根町1658-2ステラコート1階", "url": "https://www.kaigokensaku.mhlw.go.jp/27/index.php?action_kouhyou_detail_004_kani=true&JigyosyoCd=2776501765-00&ServiceCd=150&Type=search", "url2": "https://www.life-harmony.biz" }, "geometry": { "type": "Point", "coordinates": [ 135.505187500000034, 34.5664744 ] } },
{ "type": "Feature", "properties": { "内容": "デイサービス笑寿【通所介護】大阪府堺市北区南長尾町1丁2番31号デイサービス笑寿", "url": "https://www.kaigokensaku.mhlw.go.jp/27/index.php?action_kouhyou_detail_004_kani=true&JigyosyoCd=2776502573-00&ServiceCd=150&Type=search", "url2": "https://syojyu.com" }, "geometry": { "type": "Point", "coordinates": [ 135.49614310000004, 34.5716707 ] } },
{ "type": "Feature", "properties": { "内容": "ツクイ堺百舌鳥【通所介護】大阪府堺市北区百舌鳥西之町3丁621", "url": "https://www.kaigokensaku.mhlw.go.jp/27/index.php?action_kouhyou_detail_004_kani=true&JigyosyoCd=2776503183-00&ServiceCd=150&Type=search", "url2": "https://www.tsukui.net/home-care/2759/" }, "geometry": { "type": "Point", "coordinates": [ 135.494474158807577, 34.545990494458962 ] } },
{ "type": "Feature", "properties": { "内容": "デイサービスせんどう【通所介護】堺市北区船堂町2－10－22", "url": "https://www.kaigokensaku.mhlw.go.jp/27/index.php?action_kouhyou_detail_004_kani=true&JigyosyoCd=2776500981-00&ServiceCd=150&Type=search", "url2": "http://www.northside.co.jp" }, "geometry": { "type": "Point", "coordinates": [ 135.521221400000059, 34.5785179 ] } },
{ "type": "Feature", "properties": { "内容": "ケアテック金岡【通所介護】大阪府堺市北区金岡町2203番地", "url": "https://www.kaigokensaku.mhlw.go.jp/27/index.php?action_kouhyou_detail_004_kani=true&JigyosyoCd=2776502979-00&ServiceCd=150&Type=search", "url2": "https://www.kagawa-kaigo.com/" }, "geometry": { "type": "Point", "coordinates": [ 135.518218323475566, 34.559708728341604 ] } },
{ "type": "Feature", "properties": { "内容": "いきいきデイサービスなかもず【通所介護】大阪府堺市北区金岡町3034-31", "url": "https://www.kaigokensaku.mhlw.go.jp/27/index.php?action_kouhyou_detail_004_kani=true&JigyosyoCd=2776503605-00&ServiceCd=150&Type=search", "url2": "https://www.iki-iki.info/" }, "geometry": { "type": "Point", "coordinates": [ 135.512646600000011, 34.5571575 ] } },
{ "type": "Feature", "properties": { "内容": "いきいきデイサービス労災病院前【通所介護】大阪府堺市北区長曽根町１４６７－１メディカルエイトワンビル２０２", "url": "https://www.kaigokensaku.mhlw.go.jp/27/index.php?action_kouhyou_detail_004_kani=true&JigyosyoCd=2776503381-00&ServiceCd=150&Type=search", "url2": null }, "geometry": { "type": "Point", "coordinates": [ 135.5075023, 34.566708500000011 ] } },
{ "type": "Feature", "properties": { "内容": "デイサービス絆　南花田【通所介護】大阪府堺市北区南花田町67-1", "url": "https://www.kaigokensaku.mhlw.go.jp/27/index.php?action_kouhyou_detail_004_kani=true&JigyosyoCd=2776502391-00&ServiceCd=150&Type=search", "url2": "http://kizuna-care.co.jp/index.html" }, "geometry": { "type": "Point", "coordinates": [ 135.528982, 34.5766571 ] } },
{ "type": "Feature", "properties": { "内容": "デイサービス　くすのき【通所介護】大阪府堺市北区中百舌鳥町4-534-8", "url": "https://www.kaigokensaku.mhlw.go.jp/27/index.php?action_kouhyou_detail_004_kani=true&JigyosyoCd=2776502052-00&ServiceCd=150&Type=search", "url2": "http://www.taiyou-b.co.jp/" }, "geometry": { "type": "Point", "coordinates": [ 135.5065237, 34.5541952 ] } },
{ "type": "Feature", "properties": { "内容": "ビーナスケアセンター【通所介護】堺市北区中長尾町三丁4番13号ユーハイライズ１階", "url": "https://www.kaigokensaku.mhlw.go.jp/27/index.php?action_kouhyou_detail_004_kani=true&JigyosyoCd=2770106413-00&ServiceCd=150&Type=search", "url2": "http://venus-comrade.co.jp" }, "geometry": { "type": "Point", "coordinates": [ 135.500029600000062, 34.574354 ] } },
{ "type": "Feature", "properties": { "内容": "陵東館デイサービスセンター【通所介護】大阪府堺市北区長曽根町１２１０番地の１", "url": "https://www.kaigokensaku.mhlw.go.jp/27/index.php?action_kouhyou_detail_004_kani=true&JigyosyoCd=2770102255-00&ServiceCd=150&Type=search", "url2": "https://kansaifukushikai.or.jp" }, "geometry": { "type": "Point", "coordinates": [ 135.50806220000004, 34.5662023 ] } },
{ "type": "Feature", "properties": { "内容": "デイサービスセンター　あけぼの苑【通所介護】大阪府堺市北区野遠町３４４－１", "url": "https://www.kaigokensaku.mhlw.go.jp/27/index.php?action_kouhyou_detail_004_kani=true&JigyosyoCd=2770102552-00&ServiceCd=150&Type=search", "url2": "http://www.akatsuki.or.jp" }, "geometry": { "type": "Point", "coordinates": [ 135.539815, 34.5654889 ] } },
{ "type": "Feature", "properties": { "内容": "ハピネス金岡第2デイサービスセンター【通所介護】大阪府堺市北区金岡町２７２６番", "url": "https://www.kaigokensaku.mhlw.go.jp/27/index.php?action_kouhyou_detail_004_kani=true&JigyosyoCd=2770108641-00&ServiceCd=150&Type=search", "url2": "http://osakafukushikai.or.jp/" }, "geometry": { "type": "Point", "coordinates": [ 135.525511289154764, 34.556367073836881 ] } },
{ "type": "Feature", "properties": { "内容": "第2デイサービスセンター　ブレス南花田【通所介護】大阪府堺市北区南花田町531番地", "url": "https://www.kaigokensaku.mhlw.go.jp/27/index.php?action_kouhyou_detail_004_kani=true&JigyosyoCd=2776501823-00&ServiceCd=150&Type=search", "url2": "http://www.houseikai.net" }, "geometry": { "type": "Point", "coordinates": [ 135.528120964418008, 34.572227456521439 ] } },
{ "type": "Feature", "properties": { "内容": "デイサービスかがやき【通所介護】大阪府堺市北区南長尾町2-4-9門ビル１階", "url": "https://www.kaigokensaku.mhlw.go.jp/27/index.php?action_kouhyou_detail_004_kani=true&JigyosyoCd=2776503738-00&ServiceCd=150&Type=search", "url2": null }, "geometry": { "type": "Point", "coordinates": [ 135.4975451, 34.572540600000018 ] } },
{ "type": "Feature", "properties": { "内容": "ヒューマンライフケア南花田の湯【通所介護】大阪府堺市北区南花田町144番1号", "url": "https://www.kaigokensaku.mhlw.go.jp/27/index.php?action_kouhyou_detail_004_kani=true&JigyosyoCd=2776500767-00&ServiceCd=150&Type=search", "url2": "https://kaigo.human-lifecare.jp/facilities/ds059_MinamiHanada/summary.html" }, "geometry": { "type": "Point", "coordinates": [ 135.5246242, 34.5755521 ] } },
{ "type": "Feature", "properties": { "内容": "せせらぎハワイアンSPAながそね【通所介護】大阪府堺市北区長曾根町3013-18", "url": "https://www.kaigokensaku.mhlw.go.jp/27/index.php?action_kouhyou_detail_004_kani=true&JigyosyoCd=2776501914-00&ServiceCd=150&Type=search", "url2": "http://www.seseragicare.com/" }, "geometry": { "type": "Point", "coordinates": [ 135.506150691401672, 34.563176918861885 ] } },
{ "type": "Feature", "properties": { "内容": "かがやきデイサービス北花田【通所介護】大阪府堺市北区北花田町4-92-22なごやかレジデンス北花田", "url": "https://www.kaigokensaku.mhlw.go.jp/27/index.php?action_kouhyou_detail_004_kani=true&JigyosyoCd=2776502102-00&ServiceCd=150&Type=search", "url2": "https://www.ymmd.co.jp" }, "geometry": { "type": "Point", "coordinates": [ 135.519499200000041, 34.584047800000043 ] } },
{ "type": "Feature", "properties": { "内容": "くみのき苑デイサービスセンターもず陵南【通所介護】大阪府堺市北区百舌鳥陵南町3丁290番地", "url": "https://www.kaigokensaku.mhlw.go.jp/27/index.php?action_kouhyou_detail_004_kani=true&JigyosyoCd=2776501815-00&ServiceCd=150&Type=search", "url2": "https://rapport-kuminoki.or.jp" }, "geometry": { "type": "Point", "coordinates": [ 135.493293165359546, 34.544814292245846 ] } },
{ "type": "Feature", "properties": { "内容": "グリーンハウスデイサービスセンター【通所介護】堺市北区百舌鳥本町3丁430番地2", "url": "https://www.kaigokensaku.mhlw.go.jp/27/index.php?action_kouhyou_detail_004_kani=true&JigyosyoCd=2770107593-00&ServiceCd=150&Type=search", "url2": "http://www.sakura-kai.or.jp/" }, "geometry": { "type": "Point", "coordinates": [ 135.486914599999977, 34.5524478 ] } },
{ "type": "Feature", "properties": { "内容": "ジョイリハなかもず【通所介護】大阪府堺市北区長曽根町3035-1ジョイリハなかもず", "url": "https://www.kaigokensaku.mhlw.go.jp/27/index.php?action_kouhyou_detail_004_kani=true&JigyosyoCd=2796500177-00&ServiceCd=150&Type=search", "url2": "https://joyreha.co.jp/" }, "geometry": { "type": "Point", "coordinates": [ 135.5075055, 34.561202 ] } },
{ "type": "Feature", "properties": { "内容": "千晴デイサービス【通所介護】大阪府堺市北区百舌鳥陵南町3丁400番地5", "url": "https://www.kaigokensaku.mhlw.go.jp/27/index.php?action_kouhyou_detail_004_kani=true&JigyosyoCd=2776503415-00&ServiceCd=150&Type=search", "url2": null }, "geometry": { "type": "Point", "coordinates": [ 135.492489041283676, 34.543126436442442 ] } },
{ "type": "Feature", "properties": { "内容": "やすらぎの介護シャローム　晴れる家ステージ【通所介護】大阪府堺市北区東浅香山町2-334", "url": "https://www.kaigokensaku.mhlw.go.jp/27/index.php?action_kouhyou_detail_004_kani=true&JigyosyoCd=2776502037-00&ServiceCd=150&Type=search", "url2": "http://www.kaigo-shalom.co.jp/" }, "geometry": { "type": "Point", "coordinates": [ 135.507961396958962, 34.583150039260325 ] } },
{ "type": "Feature", "properties": { "内容": "エルケア株式会社　エルケアデイサービス美原【通所介護】大阪府堺市美原区黒山21-4", "url": "https://www.kaigokensaku.mhlw.go.jp/27/index.php?action_kouhyou_detail_004_kani=true&JigyosyoCd=2776600492-00&ServiceCd=150&Type=search", "url2": "https://www.l-care.jp/" }, "geometry": { "type": "Point", "coordinates": [ 135.562201528836113, 34.53892763394235 ] } },
{ "type": "Feature", "properties": { "内容": "デイサービスセンターcocoro美原【通所介護】大阪府堺市美原区多治井110番", "url": "https://www.kaigokensaku.mhlw.go.jp/27/index.php?action_kouhyou_detail_004_kani=true&JigyosyoCd=2776600443-00&ServiceCd=150&Type=search", "url2": null }, "geometry": { "type": "Point", "coordinates": [ 135.565781645260586, 34.544360160707399 ] } },
{ "type": "Feature", "properties": { "内容": "青山デイサービス北余部【通所介護】大阪府堺市美原区北余部94番地1", "url": "https://www.kaigokensaku.mhlw.go.jp/27/index.php?action_kouhyou_detail_004_kani=true&JigyosyoCd=2776600013-00&ServiceCd=150&Type=search", "url2": "http://www.aoyama-care.jp" }, "geometry": { "type": "Point", "coordinates": [ 135.5446538, 34.5383669 ] } },
{ "type": "Feature", "properties": { "内容": "ワークセンターヴァンサンクつつじ【通所介護】大阪府堺市美原区小平尾953", "url": "https://www.kaigokensaku.mhlw.go.jp/27/index.php?action_kouhyou_detail_004_kani=true&JigyosyoCd=2776600583-00&ServiceCd=150&Type=search", "url2": "https://kaseikai.org/sisetsu/wctsutsuji/" }, "geometry": { "type": "Point", "coordinates": [ 135.574476600000054, 34.5383314 ] } },
{ "type": "Feature", "properties": { "内容": "ブルーミングケア堺美原【通所介護】大阪府堺市美原区大保84番地3", "url": "https://www.kaigokensaku.mhlw.go.jp/27/index.php?action_kouhyou_detail_004_kani=true&JigyosyoCd=2776600716-00&ServiceCd=150&Type=search", "url2": "https://m514j.hp.peraichi.com/" }, "geometry": { "type": "Point", "coordinates": [ 135.556450500000011, 34.5509489 ] } },
{ "type": "Feature", "properties": { "内容": "美原荘デイサービスセンター【通所介護】大阪府堺市美原区平尾５９５番１", "url": "https://www.kaigokensaku.mhlw.go.jp/27/index.php?action_kouhyou_detail_004_kani=true&JigyosyoCd=2770107254-00&ServiceCd=150&Type=search", "url2": "http://miharasou-group.net/" }, "geometry": { "type": "Point", "coordinates": [ 135.569965700000012, 34.5286849 ] } },
{ "type": "Feature", "properties": { "内容": "Ｌｅ’ｃｏｅｕｒ【通所介護】大阪府堺市美原区大保13Ｌｅ’ｃｏｅｕｒ", "url": "https://www.kaigokensaku.mhlw.go.jp/27/index.php?action_kouhyou_detail_004_kani=true&JigyosyoCd=2776600666-00&ServiceCd=150&Type=search", "url2": "https://lecoeur-osaka.com" }, "geometry": { "type": "Point", "coordinates": [ 135.560338033065761, 34.548169600000016 ] } },
{ "type": "Feature", "properties": { "内容": "デイサービスセンター凜の丘【通所介護】大阪府堺市美原区南余部68-2", "url": "https://www.kaigokensaku.mhlw.go.jp/27/index.php?action_kouhyou_detail_004_kani=true&JigyosyoCd=2776600500-00&ServiceCd=150&Type=search", "url2": null }, "geometry": { "type": "Point", "coordinates": [ 135.548996881388149, 34.534373382795174 ] } },
{ "type": "Feature", "properties": { "内容": "ありのみデイサービス【通所介護】大阪府岸和田市西大路町3-1", "url": "https://www.kaigokensaku.mhlw.go.jp/27/index.php?action_kouhyou_detail_004_kani=true&JigyosyoCd=2771107220-00&ServiceCd=150&Type=search", "url2": null }, "geometry": { "type": "Point", "coordinates": [ 135.412655819174148, 34.471831448499231 ] } },
{ "type": "Feature", "properties": { "内容": "ブルーミングケア岸和田【通所介護】大阪府岸和田市上松町５１１の７３", "url": "https://www.kaigokensaku.mhlw.go.jp/27/index.php?action_kouhyou_detail_004_kani=true&JigyosyoCd=2771107303-00&ServiceCd=150&Type=search", "url2": "https://atom-kaigo.jp" }, "geometry": { "type": "Point", "coordinates": [ 135.4022448, 34.4454906 ] } },
{ "type": "Feature", "properties": { "内容": "Wデイサービスばらの木【通所介護】大阪府岸和田市磯上町１－１４－２３", "url": "https://www.kaigokensaku.mhlw.go.jp/27/index.php?action_kouhyou_detail_004_kani=true&JigyosyoCd=2771106925-00&ServiceCd=150&Type=search", "url2": "https://www.baranoki.jp/index.html" }, "geometry": { "type": "Point", "coordinates": [ 135.393231899999989, 34.4842406 ] } },
{ "type": "Feature", "properties": { "内容": "デイサービスセンターコリオン3号館【通所介護】岸和田市中井町2丁目2-2", "url": "https://www.kaigokensaku.mhlw.go.jp/27/index.php?action_kouhyou_detail_004_kani=true&JigyosyoCd=2771106503-00&ServiceCd=150&Type=search", "url2": "https://www.korion-ds.com/" }, "geometry": { "type": "Point", "coordinates": [ 135.401296699999989, 34.4800757 ] } },
{ "type": "Feature", "properties": { "内容": "サロン・デ・サントネール【通所介護】大阪府岸和田市野田町二丁目2番6号国際東洋医療学院別館1階", "url": "https://www.kaigokensaku.mhlw.go.jp/27/index.php?action_kouhyou_detail_004_kani=true&JigyosyoCd=2771106487-00&ServiceCd=150&Type=search", "url2": null }, "geometry": { "type": "Point", "coordinates": [ 135.3819456, 34.4576585 ] } },
{ "type": "Feature", "properties": { "内容": "デイサービスAQUAterrace【通所介護】大阪府岸和田市沼町３３番３２号蔵王ビル５階", "url": "https://www.kaigokensaku.mhlw.go.jp/27/index.php?action_kouhyou_detail_004_kani=true&JigyosyoCd=2771107113-00&ServiceCd=150&Type=search", "url2": "https://ai101.co.jp/" }, "geometry": { "type": "Point", "coordinates": [ 135.378352400000011, 34.464977 ] } },
{ "type": "Feature", "properties": { "内容": "ヒューマンライフケア岸和田の湯【通所介護】大阪府岸和田市別所町1丁目19番32号", "url": "https://www.kaigokensaku.mhlw.go.jp/27/index.php?action_kouhyou_detail_004_kani=true&JigyosyoCd=2771103856-00&ServiceCd=150&Type=search", "url2": "http://kaigo.human-lifecare.jp/" }, "geometry": { "type": "Point", "coordinates": [ 135.3825253, 34.4608317 ] } },
{ "type": "Feature", "properties": { "内容": "デイサービスかつらぎ【通所介護】大阪府岸和田市土生町二丁目32番18号", "url": "https://www.kaigokensaku.mhlw.go.jp/27/index.php?action_kouhyou_detail_004_kani=true&JigyosyoCd=2771104169-00&ServiceCd=150&Type=search", "url2": "https://www.katsuragi-hosp.or.jp/welfare/dayservice/" }, "geometry": { "type": "Point", "coordinates": [ 135.38162142937162, 34.448602097780515 ] } },
{ "type": "Feature", "properties": { "内容": "医療法人良秀会デイサービス藤の華【通所介護】大阪府岸和田市西之内町2番13号岸和田在宅総合センター", "url": "https://www.kaigokensaku.mhlw.go.jp/27/index.php?action_kouhyou_detail_004_kani=true&JigyosyoCd=2771102791-00&ServiceCd=150&Type=search", "url2": "http://www.ryoshukai.or.jp/index.html" }, "geometry": { "type": "Point", "coordinates": [ 135.387380300000018, 34.4655313 ] } },
{ "type": "Feature", "properties": { "内容": "平成デイサービスセンター春木【通所介護】大阪府岸和田市春木若松町8-32", "url": "https://www.kaigokensaku.mhlw.go.jp/27/index.php?action_kouhyou_detail_004_kani=true&JigyosyoCd=2771105281-00&ServiceCd=150&Type=search", "url2": null }, "geometry": { "type": "Point", "coordinates": [ 135.389266099999986, 34.4776771 ] } },
{ "type": "Feature", "properties": { "内容": "デイサービス太陽【通所介護】大阪府岸和田市小松里町2310番あさひ小松里ビル1F", "url": "https://www.kaigokensaku.mhlw.go.jp/27/index.php?action_kouhyou_detail_004_kani=true&JigyosyoCd=2771106396-00&ServiceCd=150&Type=search", "url2": "https://oopth0115.com" }, "geometry": { "type": "Point", "coordinates": [ 135.398960100000011, 34.4644758 ] } },
{ "type": "Feature", "properties": { "内容": "デイサービスセンターコリオン【通所介護】大阪府岸和田市南上町2-26-29", "url": "https://www.kaigokensaku.mhlw.go.jp/27/index.php?action_kouhyou_detail_004_kani=true&JigyosyoCd=2771105141-00&ServiceCd=150&Type=search", "url2": null }, "geometry": { "type": "Point", "coordinates": [ 135.375013200000012, 34.4526231 ] } },
{ "type": "Feature", "properties": { "内容": "デイサービスゆたか【通所介護】大阪府岸和田市下池田町2-2-13デイサービスゆたか", "url": "https://www.kaigokensaku.mhlw.go.jp/27/index.php?action_kouhyou_detail_004_kani=true&JigyosyoCd=2771106214-00&ServiceCd=150&Type=search", "url2": "https://dsyusan.jp/" }, "geometry": { "type": "Point", "coordinates": [ 135.403071057533253, 34.472779034871721 ] } },
{ "type": "Feature", "properties": { "内容": "ニチイケアセンター岸和田【通所介護】大阪府岸和田市磯之上町２丁目１－１８", "url": "https://www.kaigokensaku.mhlw.go.jp/27/index.php?action_kouhyou_detail_004_kani=true&JigyosyoCd=2771100746-00&ServiceCd=150&Type=search", "url2": "http://www.nichiigakkan.co.jp/" }, "geometry": { "type": "Point", "coordinates": [ 135.392837, 34.4828156 ] } },
{ "type": "Feature", "properties": { "内容": "かふぇぐるっぽ【通所介護】大阪府岸和田市下野町1丁目12番12号", "url": "https://www.kaigokensaku.mhlw.go.jp/27/index.php?action_kouhyou_detail_004_kani=true&JigyosyoCd=2771106339-00&ServiceCd=150&Type=search", "url2": "http://www.eternity-life.co.jp/" }, "geometry": { "type": "Point", "coordinates": [ 135.378870351312258, 34.471666161423087 ] } },
{ "type": "Feature", "properties": { "内容": "癒しのデイサービス岸和田【通所介護】大阪府岸和田市野田町2-11-21", "url": "https://www.kaigokensaku.mhlw.go.jp/27/index.php?action_kouhyou_detail_004_kani=true&JigyosyoCd=2771105901-00&ServiceCd=150&Type=search", "url2": "http://www.c-24.jp/" }, "geometry": { "type": "Point", "coordinates": [ 135.381305123034053, 34.45628781120115 ] } },
{ "type": "Feature", "properties": { "内容": "リニエデイサービス岸和田【通所介護】大阪府岸和田市西之内町9-67", "url": "https://www.kaigokensaku.mhlw.go.jp/27/index.php?action_kouhyou_detail_004_kani=true&JigyosyoCd=2771105539-00&ServiceCd=150&Type=search", "url2": "https://linie-group.jp/service/day-service/" }, "geometry": { "type": "Point", "coordinates": [ 135.392368799999986, 34.4615041 ] } },
{ "type": "Feature", "properties": { "内容": "つじいリハビリ・デイサービス【通所介護】大阪府岸和田市尾生町3-3-50", "url": "https://www.kaigokensaku.mhlw.go.jp/27/index.php?action_kouhyou_detail_004_kani=true&JigyosyoCd=2771102809-00&ServiceCd=150&Type=search", "url2": "http://www.bunemon.jp/rehabili/" }, "geometry": { "type": "Point", "coordinates": [ 135.409211699999986, 34.4526251 ] } },
{ "type": "Feature", "properties": { "内容": "美花リハビリ・デイサービス【通所介護】大阪府岸和田市尾生町6-6-29", "url": "https://www.kaigokensaku.mhlw.go.jp/27/index.php?action_kouhyou_detail_004_kani=true&JigyosyoCd=2771104276-00&ServiceCd=150&Type=search", "url2": "http://www.jusei.gr.jp/tujii/kanade/" }, "geometry": { "type": "Point", "coordinates": [ 135.415684405522569, 34.447161907887669 ] } },
{ "type": "Feature", "properties": { "内容": "フレンドハウス結心【通所介護】大阪府岸和田市上野町西17-33フレンドハウス結心", "url": "https://www.kaigokensaku.mhlw.go.jp/27/index.php?action_kouhyou_detail_004_kani=true&JigyosyoCd=2771104714-00&ServiceCd=150&Type=search", "url2": "https://yuyu-day.net" }, "geometry": { "type": "Point", "coordinates": [ 135.381297300000028, 34.4702833 ] } },
{ "type": "Feature", "properties": { "内容": "デイサービスセンター幸福荘【通所介護】大阪府岸和田市神須屋町1丁目10-11", "url": "https://www.kaigokensaku.mhlw.go.jp/27/index.php?action_kouhyou_detail_004_kani=true&JigyosyoCd=2771100548-00&ServiceCd=150&Type=search", "url2": "https://koufukusou.com/" }, "geometry": { "type": "Point", "coordinates": [ 135.3947494, 34.441302 ] } },
{ "type": "Feature", "properties": { "内容": "特別養護老人ホーム萬寿園【通所介護】大阪府岸和田市尾生町808番地", "url": "https://www.kaigokensaku.mhlw.go.jp/27/index.php?action_kouhyou_detail_004_kani=true&JigyosyoCd=2771100126-00&ServiceCd=150&Type=search", "url2": "http://www.h6.dion.ne.jp/~trdmj_hp/index.html" }, "geometry": { "type": "Point", "coordinates": [ 135.407417500000065, 34.4513474 ] } },
{ "type": "Feature", "properties": { "内容": "社　会　福　祉　法　人　正　豊　会　千亀利荘【通所介護】岸和田市積川町３５８番地", "url": "https://www.kaigokensaku.mhlw.go.jp/27/index.php?action_kouhyou_detail_004_kani=true&JigyosyoCd=2771102361-00&ServiceCd=150&Type=search", "url2": "http://www.chikiriso.jp" }, "geometry": { "type": "Point", "coordinates": [ 135.4393483, 34.4271977 ] } },
{ "type": "Feature", "properties": { "内容": "岸和田デイサービスセンター・ハルキ【通所介護】大阪府岸和田市磯上町3-3-13岸和田北特別養護老人ホーム", "url": "https://www.kaigokensaku.mhlw.go.jp/27/index.php?action_kouhyou_detail_004_kani=true&JigyosyoCd=2771104607-00&ServiceCd=150&Type=search", "url2": "http://www.kishiwada.or.jp" }, "geometry": { "type": "Point", "coordinates": [ 135.384236671688882, 34.487382086880437 ] } },
{ "type": "Feature", "properties": { "内容": "岸和田デイサービス・和み館【通所介護】大阪府岸和田市別所町３丁目２６番１０号", "url": "https://www.kaigokensaku.mhlw.go.jp/27/index.php?action_kouhyou_detail_004_kani=true&JigyosyoCd=2771101702-00&ServiceCd=150&Type=search", "url2": "http://www.kishiwada.or.jp/" }, "geometry": { "type": "Point", "coordinates": [ 135.3875054, 34.4603458 ] } },
{ "type": "Feature", "properties": { "内容": "岸和田デイサービスセンター・フジイ【通所介護】大阪府岸和田市藤井町２丁目１３番１３号", "url": "https://www.kaigokensaku.mhlw.go.jp/27/index.php?action_kouhyou_detail_004_kani=true&JigyosyoCd=2771100324-00&ServiceCd=150&Type=search", "url2": "http://www.kishiwada.or.jp" }, "geometry": { "type": "Point", "coordinates": [ 135.384688899999986, 34.4641619 ] } },
{ "type": "Feature", "properties": { "内容": "デイサービスひまわり【通所介護】大阪府岸和田市荒木町２－２－１８", "url": "https://www.kaigokensaku.mhlw.go.jp/27/index.php?action_kouhyou_detail_004_kani=true&JigyosyoCd=2771102205-00&ServiceCd=150&Type=search", "url2": "http://www.hhc.or.jp/dayservice.htm" }, "geometry": { "type": "Point", "coordinates": [ 135.398495799999978, 34.4766607 ] } },
{ "type": "Feature", "properties": { "内容": "よりあいデイサービス岸和田【通所介護】岸和田市磯上町１丁目１７番８号", "url": "https://www.kaigokensaku.mhlw.go.jp/27/index.php?action_kouhyou_detail_004_kani=true&JigyosyoCd=2771101686-00&ServiceCd=150&Type=search", "url2": "https://npo-yoriai.org/" }, "geometry": { "type": "Point", "coordinates": [ 135.393185200000062, 34.4858567 ] } },
{ "type": "Feature", "properties": { "内容": "悠久の郷【通所介護】岸和田市河合町876-1", "url": "https://www.kaigokensaku.mhlw.go.jp/27/index.php?action_kouhyou_detail_004_kani=true&JigyosyoCd=2771103724-00&ServiceCd=150&Type=search", "url2": "https://www.achieve-info.biz/" }, "geometry": { "type": "Point", "coordinates": [ 135.41421500308843, 34.404981698829694 ] } },
{ "type": "Feature", "properties": { "内容": "デイサービス中井【通所介護】大阪府岸和田市中井町２－１１－１９", "url": "https://www.kaigokensaku.mhlw.go.jp/27/index.php?action_kouhyou_detail_004_kani=true&JigyosyoCd=2771102122-00&ServiceCd=150&Type=search", "url2": "http://dayservice-nakai.co.jp" }, "geometry": { "type": "Point", "coordinates": [ 135.403370399999972, 34.4783884 ] } },
{ "type": "Feature", "properties": { "内容": "デイサービス門前【通所介護】大阪府岸和田市真上町３４０番地の２", "url": "https://www.kaigokensaku.mhlw.go.jp/27/index.php?action_kouhyou_detail_004_kani=true&JigyosyoCd=2771102726-00&ServiceCd=150&Type=search", "url2": "http://www.dayservice-nakai.co.jp/" }, "geometry": { "type": "Point", "coordinates": [ 135.403484700000035, 34.4427011 ] } },
{ "type": "Feature", "properties": { "内容": "デイサービスAQUA（アクア）【通所介護】大阪府岸和田市沼町２１－８エクセルビル３階", "url": "https://www.kaigokensaku.mhlw.go.jp/27/index.php?action_kouhyou_detail_004_kani=true&JigyosyoCd=2771102114-00&ServiceCd=150&Type=search", "url2": "http://www.ai101.co.jp" }, "geometry": { "type": "Point", "coordinates": [ 135.378245099999958, 34.4644744 ] } },
{ "type": "Feature", "properties": { "内容": "デイサービス愛の家【通所介護】岸和田市尾生町６丁目９番１２号", "url": "https://www.kaigokensaku.mhlw.go.jp/27/index.php?action_kouhyou_detail_004_kani=true&JigyosyoCd=2771103237-00&ServiceCd=150&Type=search", "url2": "http://www.ai101.co.jp/" }, "geometry": { "type": "Point", "coordinates": [ 135.415416599999958, 34.4462427 ] } },
{ "type": "Feature", "properties": { "内容": "のばなデイサービスセンター【通所介護】大阪府岸和田市尾生町７丁目2-3", "url": "https://www.kaigokensaku.mhlw.go.jp/27/index.php?action_kouhyou_detail_004_kani=true&JigyosyoCd=2771101942-00&ServiceCd=150&Type=search", "url2": "http://www.nobana-kaigo.com/" }, "geometry": { "type": "Point", "coordinates": [ 135.413227285308039, 34.445306136467302 ] } },
{ "type": "Feature", "properties": { "内容": "よりあいデイサービス　Ｇａｒｄｅｎ【通所介護】大阪府岸和田市磯上町１丁目１７番７号", "url": "https://www.kaigokensaku.mhlw.go.jp/27/index.php?action_kouhyou_detail_004_kani=true&JigyosyoCd=2771106933-00&ServiceCd=150&Type=search", "url2": "https://npo-yoriai.org/" }, "geometry": { "type": "Point", "coordinates": [ 135.393029900000016, 34.4859384 ] } },
{ "type": "Feature", "properties": { "内容": "デイサービスセンターコリオン4号館【通所介護】大阪府岸和田市土生町2丁目11-33", "url": "https://www.kaigokensaku.mhlw.go.jp/27/index.php?action_kouhyou_detail_004_kani=true&JigyosyoCd=2771106909-00&ServiceCd=150&Type=search", "url2": null }, "geometry": { "type": "Point", "coordinates": [ 135.3791028, 34.4501038 ] } },
{ "type": "Feature", "properties": { "内容": "デイサービスセンターゆめ工房【通所介護】大阪府岸和田市尾生町3－5－2", "url": "https://www.kaigokensaku.mhlw.go.jp/27/index.php?action_kouhyou_detail_004_kani=true&JigyosyoCd=2771102403-00&ServiceCd=150&Type=search", "url2": "http://www.yume-kaigo.com/" }, "geometry": { "type": "Point", "coordinates": [ 135.411383699999988, 34.4520058 ] } },
{ "type": "Feature", "properties": { "内容": "ニチイケアセンターはぶ【通所介護】大阪府岸和田市土生町2-31-34", "url": "https://www.kaigokensaku.mhlw.go.jp/27/index.php?action_kouhyou_detail_004_kani=true&JigyosyoCd=2771102031-00&ServiceCd=150&Type=search", "url2": "http://www.nichiigakkan.co.jp" }, "geometry": { "type": "Point", "coordinates": [ 135.3830812, 34.448136 ] } },
{ "type": "Feature", "properties": { "内容": "デイサービス春木【通所介護】大阪府岸和田市春木旭町１０番４号", "url": "https://www.kaigokensaku.mhlw.go.jp/27/index.php?action_kouhyou_detail_004_kani=true&JigyosyoCd=2771102270-00&ServiceCd=150&Type=search", "url2": null }, "geometry": { "type": "Point", "coordinates": [ 135.393302945368987, 34.476089944489118 ] } },
{ "type": "Feature", "properties": { "内容": "ＳＯＭＰＯケア　ハッピーデイズ岸和田【通所介護】大阪府岸和田市中井町2-12-4", "url": "https://www.kaigokensaku.mhlw.go.jp/27/index.php?action_kouhyou_detail_004_kani=true&JigyosyoCd=2771105711-00&ServiceCd=150&Type=search", "url2": "https://www.sompocare.com/service/zaitaku/dayservice/Z000013" }, "geometry": { "type": "Point", "coordinates": [ 135.4030037, 34.4793772 ] } },
{ "type": "Feature", "properties": { "内容": "デイサービスケアネット徳洲会岸和田【通所介護】大阪府岸和田市磯上町4丁目22-40", "url": "https://www.kaigokensaku.mhlw.go.jp/27/index.php?action_kouhyou_detail_004_kani=true&JigyosyoCd=2771103807-00&ServiceCd=150&Type=search", "url2": null }, "geometry": { "type": "Point", "coordinates": [ 135.394935, 34.4873371 ] } },
{ "type": "Feature", "properties": { "内容": "そらいろ【通所介護】大阪府岸和田市加守町2丁目7番2号", "url": "https://www.kaigokensaku.mhlw.go.jp/27/index.php?action_kouhyou_detail_004_kani=true&JigyosyoCd=2771105786-00&ServiceCd=150&Type=search", "url2": null }, "geometry": { "type": "Point", "coordinates": [ 135.3845044, 34.471815 ] } },
{ "type": "Feature", "properties": { "内容": "デイサービス　はんなり【通所介護】大阪府岸和田市吉井町3丁目16番16号田中ビル101号", "url": "https://www.kaigokensaku.mhlw.go.jp/27/index.php?action_kouhyou_detail_004_kani=true&JigyosyoCd=2771101033-00&ServiceCd=150&Type=search", "url2": null }, "geometry": { "type": "Point", "coordinates": [ 135.392121699999961, 34.4568324 ] } },
{ "type": "Feature", "properties": { "内容": "かふぇ　ら・くーら参番館【通所介護】大阪府岸和田市磯上町3丁目9-23", "url": "https://www.kaigokensaku.mhlw.go.jp/27/index.php?action_kouhyou_detail_004_kani=true&JigyosyoCd=2771107410-00&ServiceCd=150&Type=search", "url2": "https://www.eternity-life.co.jp/" }, "geometry": { "type": "Point", "coordinates": [ 135.3855543, 34.4879034 ] } },
{ "type": "Feature", "properties": { "内容": "デイサービスセンターコリオン5号館【通所介護】大阪府岸和田市下野町5－20－16", "url": "https://www.kaigokensaku.mhlw.go.jp/27/index.php?action_kouhyou_detail_004_kani=true&JigyosyoCd=2771107162-00&ServiceCd=150&Type=search", "url2": null }, "geometry": { "type": "Point", "coordinates": [ 135.377031499999987, 34.4690932 ] } },
{ "type": "Feature", "properties": { "内容": "デイサービスセンターコリオン2号館【通所介護】大阪府岸和田市下池田町1-7-15", "url": "https://www.kaigokensaku.mhlw.go.jp/27/index.php?action_kouhyou_detail_004_kani=true&JigyosyoCd=2771104193-00&ServiceCd=150&Type=search", "url2": "http://www.korion-ds.com/" }, "geometry": { "type": "Point", "coordinates": [ 135.401868140689089, 34.46765040230509 ] } },
{ "type": "Feature", "properties": { "内容": "神於山園デイサービスセンター【通所介護】大阪府岸和田市尾生町３１９２番２", "url": "https://www.kaigokensaku.mhlw.go.jp/27/index.php?action_kouhyou_detail_004_kani=true&JigyosyoCd=2771100266-00&ServiceCd=150&Type=search", "url2": "https://kounoyamaen.or.jp" }, "geometry": { "type": "Point", "coordinates": [ 135.418011200000024, 34.4215176 ] } },
{ "type": "Feature", "properties": { "内容": "デイサービスELIFE桜塚【通所介護】大阪府豊中市南桜塚2-6-7", "url": "https://www.kaigokensaku.mhlw.go.jp/27/index.php?action_kouhyou_detail_004_kani=true&JigyosyoCd=2774010603-00&ServiceCd=150&Type=search", "url2": "https://www.suzurankai.jp/" }, "geometry": { "type": "Point", "coordinates": [ 135.471199559524536, 34.777371341839334 ] } },
{ "type": "Feature", "properties": { "内容": "デイサービスＣｏＣｏクオレ【通所介護】大阪府豊中市本町三丁目１番３５号メゾンジェイズ豊中１階", "url": "https://www.kaigokensaku.mhlw.go.jp/27/index.php?action_kouhyou_detail_004_kani=true&JigyosyoCd=2774010736-00&ServiceCd=150&Type=search", "url2": null }, "geometry": { "type": "Point", "coordinates": [ 135.4607139, 34.78865590000003 ] } },
{ "type": "Feature", "properties": { "内容": "デイサービスはなのき豊中緑地【通所介護】大阪府豊中市東寺内町14-29", "url": "https://www.kaigokensaku.mhlw.go.jp/27/index.php?action_kouhyou_detail_004_kani=true&JigyosyoCd=2774010496-00&ServiceCd=150&Type=search", "url2": "https://ktc-hananoki.com/facilities/F-toyonakaryokuchi.html" }, "geometry": { "type": "Point", "coordinates": [ 135.497671482782351, 34.775539765437934 ] } },
{ "type": "Feature", "properties": { "内容": "デイサービスはなのき庄内【通所介護】大阪府豊中市庄内東町6-15-8", "url": "https://www.kaigokensaku.mhlw.go.jp/27/index.php?action_kouhyou_detail_004_kani=true&JigyosyoCd=2774010181-00&ServiceCd=150&Type=search", "url2": "https://ktc-hananoki.com/facilities/F-syonai.html" }, "geometry": { "type": "Point", "coordinates": [ 135.478605, 34.7450558 ] } },
{ "type": "Feature", "properties": { "内容": "健康サロン　サンアドバンス緑ヶ丘【通所介護】大阪府豊中市北緑丘1-4-7", "url": "https://www.kaigokensaku.mhlw.go.jp/27/index.php?action_kouhyou_detail_004_kani=true&JigyosyoCd=2774007864-00&ServiceCd=150&Type=search", "url2": "http://www.sanyohomescommunity.co.jp/san-advance/" }, "geometry": { "type": "Point", "coordinates": [ 135.473987599999987, 34.8185477 ] } },
{ "type": "Feature", "properties": { "内容": "葵緑地公園デイサービス【通所介護】大阪府豊中市若竹町2-5-5", "url": "https://www.kaigokensaku.mhlw.go.jp/27/index.php?action_kouhyou_detail_004_kani=true&JigyosyoCd=2774007898-00&ServiceCd=150&Type=search", "url2": null }, "geometry": { "type": "Point", "coordinates": [ 135.4884872, 34.7719197 ] } },
{ "type": "Feature", "properties": { "内容": "千里デイサービスセンターはるみ【通所介護】大阪府豊中市上新田２丁目６番３号", "url": "https://www.kaigokensaku.mhlw.go.jp/27/index.php?action_kouhyou_detail_004_kani=true&JigyosyoCd=2774009902-00&ServiceCd=150&Type=search", "url2": null }, "geometry": { "type": "Point", "coordinates": [ 135.501180299999987, 34.803272 ] } },
{ "type": "Feature", "properties": { "内容": "アーチデイサービス【通所介護】大阪府豊中市原田元町1-4-3宏栄ハイツ　1階", "url": "https://www.kaigokensaku.mhlw.go.jp/27/index.php?action_kouhyou_detail_004_kani=true&JigyosyoCd=2774009480-00&ServiceCd=150&Type=search", "url2": null }, "geometry": { "type": "Point", "coordinates": [ 135.4606995, 34.7744076 ] } },
{ "type": "Feature", "properties": { "内容": "デイサービス　エベッサ南桜塚【通所介護】大阪府豊中市南桜塚4-9-18", "url": "https://www.kaigokensaku.mhlw.go.jp/27/index.php?action_kouhyou_detail_004_kani=true&JigyosyoCd=2774009787-00&ServiceCd=150&Type=search", "url2": null }, "geometry": { "type": "Point", "coordinates": [ 135.47692330000001, 34.7785195 ] } },
{ "type": "Feature", "properties": { "内容": "リラクゼーションデイ～癒し～　緑地公園【通所介護】大阪府豊中市寺内2-8-3メゾンルヴォアール102", "url": "https://www.kaigokensaku.mhlw.go.jp/27/index.php?action_kouhyou_detail_004_kani=true&JigyosyoCd=2774007492-00&ServiceCd=150&Type=search", "url2": "http://www.yours-clear.com/" }, "geometry": { "type": "Point", "coordinates": [ 135.493911799999978, 34.7746446 ] } },
{ "type": "Feature", "properties": { "内容": "ナッセリハプラス【通所介護】大阪府豊中市勝部1-86-1フィオレシニアレジデンス豊中1F", "url": "https://www.kaigokensaku.mhlw.go.jp/27/index.php?action_kouhyou_detail_004_kani=true&JigyosyoCd=2774009134-00&ServiceCd=150&Type=search", "url2": null }, "geometry": { "type": "Point", "coordinates": [ 135.457171293392946, 34.773484902428279 ] } },
{ "type": "Feature", "properties": { "内容": "ビーナスプラス永楽荘【通所介護】大阪府豊中市永楽荘3-1-53", "url": "https://www.kaigokensaku.mhlw.go.jp/27/index.php?action_kouhyou_detail_004_kani=true&JigyosyoCd=2774008102-00&ServiceCd=150&Type=search", "url2": "http://www.venus-comrade.co.jp/company/" }, "geometry": { "type": "Point", "coordinates": [ 135.46935469999994, 34.813912100000017 ] } },
{ "type": "Feature", "properties": { "内容": "ビーナスケアセンター豊中【通所介護】大阪府豊中市桜の町2丁目1-6ファヴォーレ1F", "url": "https://www.kaigokensaku.mhlw.go.jp/27/index.php?action_kouhyou_detail_004_kani=true&JigyosyoCd=2774010348-00&ServiceCd=150&Type=search", "url2": "http://www.venus-comrade.co.jp/" }, "geometry": { "type": "Point", "coordinates": [ 135.4640436, 34.7981178 ] } },
{ "type": "Feature", "properties": { "内容": "デイサービス夢楽　桃山台【通所介護】大阪府豊中市東泉丘3-3-20サンジェル桃山台1F", "url": "https://www.kaigokensaku.mhlw.go.jp/27/index.php?action_kouhyou_detail_004_kani=true&JigyosyoCd=2774008185-00&ServiceCd=150&Type=search", "url2": "http://yumeraku.net/momoyamadai/" }, "geometry": { "type": "Point", "coordinates": [ 135.4910032, 34.7889287 ] } },
{ "type": "Feature", "properties": { "内容": "恵デイサービスセンター豊南町店【通所介護】大阪府豊中市豊南町南3-1-12ドラゴンビル１階", "url": "https://www.kaigokensaku.mhlw.go.jp/27/index.php?action_kouhyou_detail_004_kani=true&JigyosyoCd=2774009092-00&ServiceCd=150&Type=search", "url2": "https://www.kaigo-megumicare.jp/recruit/" }, "geometry": { "type": "Point", "coordinates": [ 135.4824984, 34.7467225 ] } },
{ "type": "Feature", "properties": { "内容": "Ｄａｙサービス豊恋想・千里園【通所介護】大阪府豊中市千里園１丁目１－５", "url": "https://www.kaigokensaku.mhlw.go.jp/27/index.php?action_kouhyou_detail_004_kani=true&JigyosyoCd=2774008300-00&ServiceCd=150&Type=search", "url2": "https://www3.hp-ez.com/hp/horenso" }, "geometry": { "type": "Point", "coordinates": [ 135.454236900000069, 34.7909313 ] } },
{ "type": "Feature", "properties": { "内容": "Ｄａｙサービス豊恋想・服部【通所介護】豊中市服部豊町1-13-3", "url": "https://www.kaigokensaku.mhlw.go.jp/27/index.php?action_kouhyou_detail_004_kani=true&JigyosyoCd=2774009761-00&ServiceCd=150&Type=search", "url2": "https://www3.hp-ez.com/hp/horenso" }, "geometry": { "type": "Point", "coordinates": [ 135.472875, 34.765896600000019 ] } },
{ "type": "Feature", "properties": { "内容": "デイサービス刀根山美豊苑【通所介護】大阪府豊中市刀根山6丁目7番12号", "url": "https://www.kaigokensaku.mhlw.go.jp/27/index.php?action_kouhyou_detail_004_kani=true&JigyosyoCd=2774008367-00&ServiceCd=150&Type=search", "url2": "https://well-seikokai.jp/" }, "geometry": { "type": "Point", "coordinates": [ 135.454947193254156, 34.798928393357706 ] } },
{ "type": "Feature", "properties": { "内容": "デイサービスセンター利倉清豊苑【通所介護】大阪府豊中市利倉3－4－19複合介護施設", "url": "https://www.kaigokensaku.mhlw.go.jp/27/index.php?action_kouhyou_detail_004_kani=true&JigyosyoCd=2774008235-00&ServiceCd=150&Type=search", "url2": "https://www.well-seikokai.jp/" }, "geometry": { "type": "Point", "coordinates": [ 135.458556825794943, 34.761483285523084 ] } },
{ "type": "Feature", "properties": { "内容": "慶生会リハbyデイ豊南【通所介護】大阪府豊中市豊南町東2丁目10-1地域密着型複合施設　清浄苑", "url": "https://www.kaigokensaku.mhlw.go.jp/27/index.php?action_kouhyou_detail_004_kani=true&JigyosyoCd=2774009647-00&ServiceCd=150&Type=search", "url2": "https://kyouseikai.org" }, "geometry": { "type": "Point", "coordinates": [ 135.4850577, 34.7511345 ] } },
{ "type": "Feature", "properties": { "内容": "清揚苑デイサービスセンター【通所介護】大阪府豊中市庄内宝町1丁目4番5号", "url": "https://www.kaigokensaku.mhlw.go.jp/27/index.php?action_kouhyou_detail_004_kani=true&JigyosyoCd=2774009407-00&ServiceCd=150&Type=search", "url2": "https://www.kyouseikai.org/" }, "geometry": { "type": "Point", "coordinates": [ 135.4625398, 34.7465283 ] } },
{ "type": "Feature", "properties": { "内容": "原田デイサービスセンター「ねいろ」【通所介護】大阪府豊中市原田元町三丁目13番1号原田介護予防センター", "url": "https://www.kaigokensaku.mhlw.go.jp/27/index.php?action_kouhyou_detail_004_kani=true&JigyosyoCd=2774007849-00&ServiceCd=150&Type=search", "url2": "http://www.osj.or.jp/houju/" }, "geometry": { "type": "Point", "coordinates": [ 135.459820400000012, 34.7701061 ] } },
{ "type": "Feature", "properties": { "内容": "高川デイサービスセンター「ひだまり」【通所介護】大阪府豊中市豊南町東一丁目1番2号高川複合施設3階", "url": "https://www.kaigokensaku.mhlw.go.jp/27/index.php?action_kouhyou_detail_004_kani=true&JigyosyoCd=2774008888-00&ServiceCd=150&Type=search", "url2": "http://www.osj.or.jp/houju/" }, "geometry": { "type": "Point", "coordinates": [ 135.483617800000047, 34.7535527 ] } },
{ "type": "Feature", "properties": { "内容": "服部デイサービスセンター「かなで」【通所介護】大阪府豊中市服部本町5丁目2番8号服部介護予防センター", "url": "https://www.kaigokensaku.mhlw.go.jp/27/index.php?action_kouhyou_detail_004_kani=true&JigyosyoCd=2774007831-00&ServiceCd=150&Type=search", "url2": "http://www.osj.or.jp/houju/" }, "geometry": { "type": "Point", "coordinates": [ 135.477344, 34.7692859 ] } },
{ "type": "Feature", "properties": { "内容": "デイサービスセンターポプラ刀根山【通所介護】大阪府豊中市刀根山２－１－３５", "url": "https://www.kaigokensaku.mhlw.go.jp/27/index.php?action_kouhyou_detail_004_kani=true&JigyosyoCd=2774006965-00&ServiceCd=150&Type=search", "url2": "http://satsuki-kai.com/" }, "geometry": { "type": "Point", "coordinates": [ 135.45920576878666, 34.794793942134035 ] } },
{ "type": "Feature", "properties": { "内容": "ヒューマンライフケア豊中の湯【通所介護】大阪府豊中市東豊中町５丁目２番１３１号", "url": "https://www.kaigokensaku.mhlw.go.jp/27/index.php?action_kouhyou_detail_004_kani=true&JigyosyoCd=2774004994-00&ServiceCd=150&Type=search", "url2": "https://kaigo.human-lifecare.jp/facilities/ds061_Toyonaka/summary.html" }, "geometry": { "type": "Point", "coordinates": [ 135.487476199999946, 34.7972861 ] } },
{ "type": "Feature", "properties": { "内容": "ヒューマンライフケア利倉【通所介護】大阪府豊中市利倉西2-9-7カーサエクセレント１F", "url": "https://www.kaigokensaku.mhlw.go.jp/27/index.php?action_kouhyou_detail_004_kani=true&JigyosyoCd=2774005447-00&ServiceCd=150&Type=search", "url2": "http://www.athuman.com/index.asp" }, "geometry": { "type": "Point", "coordinates": [ 135.452943399999981, 34.7598958 ] } },
{ "type": "Feature", "properties": { "内容": "ポシブル豊中【通所介護】大阪府豊中市服部西町3-15-10", "url": "https://www.kaigokensaku.mhlw.go.jp/27/index.php?action_kouhyou_detail_004_kani=true&JigyosyoCd=2774006601-00&ServiceCd=150&Type=search", "url2": "http://www.possible-plus.co.jp" }, "geometry": { "type": "Point", "coordinates": [ 135.467911599999979, 34.761552107041162 ] } },
{ "type": "Feature", "properties": { "内容": "医療法人　啓明会　デイサービスセンター“金太郎”【通所介護】大阪府豊中市三和町3-6-10", "url": "https://www.kaigokensaku.mhlw.go.jp/27/index.php?action_kouhyou_detail_004_kani=true&JigyosyoCd=2774001248-00&ServiceCd=150&Type=search", "url2": "http://www.e-keimeikai.com/" }, "geometry": { "type": "Point", "coordinates": [ 135.4741894, 34.7401565 ] } },
{ "type": "Feature", "properties": { "内容": "幸楽の里　豊中北条デイサービスセンター【通所介護】大阪府豊中市北条町４丁目９番５号", "url": "https://www.kaigokensaku.mhlw.go.jp/27/index.php?action_kouhyou_detail_004_kani=true&JigyosyoCd=2774003855-00&ServiceCd=150&Type=search", "url2": "http://keieikai.com/toyonakakitajyo_daycervicecenter/top.htm" }, "geometry": { "type": "Point", "coordinates": [ 135.486940199999907, 34.7676036 ] } },
{ "type": "Feature", "properties": { "内容": "医療法人　玄智会　デイサービス　ゆうむ【通所介護】大阪府豊中市柴原町一丁目２－１２ヌーボー柴原１階", "url": "https://www.kaigokensaku.mhlw.go.jp/27/index.php?action_kouhyou_detail_004_kani=true&JigyosyoCd=2774003251-00&ServiceCd=150&Type=search", "url2": "https://genchikai-yumu.p-kit.com" }, "geometry": { "type": "Point", "coordinates": [ 135.463970099999983, 34.7962801 ] } },
{ "type": "Feature", "properties": { "内容": "デイサービス　ロ・スカーロ　しばはら・リボーン【通所介護】大阪府豊中市柴原町二丁目７番１５号", "url": "https://www.kaigokensaku.mhlw.go.jp/27/index.php?action_kouhyou_detail_004_kani=true&JigyosyoCd=2774005140-00&ServiceCd=150&Type=search", "url2": "http://www.shinmeikai.jp" }, "geometry": { "type": "Point", "coordinates": [ 135.461672300000032, 34.7988276 ] } },
{ "type": "Feature", "properties": { "内容": "ケアライフ菜の花【通所介護】大阪府豊中市服部豊町1丁目4番7号", "url": "https://www.kaigokensaku.mhlw.go.jp/27/index.php?action_kouhyou_detail_004_kani=true&JigyosyoCd=2774003509-00&ServiceCd=150&Type=search", "url2": null }, "geometry": { "type": "Point", "coordinates": [ 135.4725138, 34.7644817 ] } },
{ "type": "Feature", "properties": { "内容": "チャームデイサービスセンター豊中旭ヶ丘【通所介護】大阪府豊中市旭丘１番１３号", "url": "https://www.kaigokensaku.mhlw.go.jp/27/index.php?action_kouhyou_detail_004_kani=true&JigyosyoCd=2774004549-00&ServiceCd=150&Type=search", "url2": "http://www.charmcc.jp" }, "geometry": { "type": "Point", "coordinates": [ 135.477879700000017, 34.7860736 ] } },
{ "type": "Feature", "properties": { "内容": "ニチイケアセンター豊中少路【通所介護】大阪府豊中市少路1-4-5", "url": "https://www.kaigokensaku.mhlw.go.jp/27/index.php?action_kouhyou_detail_004_kani=true&JigyosyoCd=2774004580-00&ServiceCd=150&Type=search", "url2": null }, "geometry": { "type": "Point", "coordinates": [ 135.472043799999909, 34.803516 ] } },
{ "type": "Feature", "properties": { "内容": "パピルス利倉【通所介護】大阪府豊中市利倉東1-6-68", "url": "https://www.kaigokensaku.mhlw.go.jp/27/index.php?action_kouhyou_detail_004_kani=true&JigyosyoCd=2774005223-00&ServiceCd=150&Type=search", "url2": "http://papyrus1124.com" }, "geometry": { "type": "Point", "coordinates": [ 135.4647867, 34.764826 ] } },
{ "type": "Feature", "properties": { "内容": "ビーナスクラブ上野西【通所介護】豊中市上野西1-11-36", "url": "https://www.kaigokensaku.mhlw.go.jp/27/index.php?action_kouhyou_detail_004_kani=true&JigyosyoCd=2774006320-00&ServiceCd=150&Type=search", "url2": "http://venus-comrade.co.jp/" }, "geometry": { "type": "Point", "coordinates": [ 135.472438300000022, 34.7932533 ] } },
{ "type": "Feature", "properties": { "内容": "デイサービスどれみ【通所介護】大阪府豊中市服部南町３－４－１１", "url": "https://www.kaigokensaku.mhlw.go.jp/27/index.php?action_kouhyou_detail_004_kani=true&JigyosyoCd=2774006940-00&ServiceCd=150&Type=search", "url2": null }, "geometry": { "type": "Point", "coordinates": [ 135.476127499999961, 34.7598544 ] } },
{ "type": "Feature", "properties": { "内容": "デイサービスセンター　ねこのて【通所介護】大阪府豊中市稲津町1-1-13増田ビル1階", "url": "https://www.kaigokensaku.mhlw.go.jp/27/index.php?action_kouhyou_detail_004_kani=true&JigyosyoCd=2774006429-00&ServiceCd=150&Type=search", "url2": "http://www.nekonote2828.com" }, "geometry": { "type": "Point", "coordinates": [ 135.476372, 34.7574769 ] } },
{ "type": "Feature", "properties": { "内容": "アイボリー・デイサービスセンター【通所介護】大阪府豊中市本町3丁目1番13号", "url": "https://www.kaigokensaku.mhlw.go.jp/27/index.php?action_kouhyou_detail_004_kani=true&JigyosyoCd=2774002915-00&ServiceCd=150&Type=search", "url2": null }, "geometry": { "type": "Point", "coordinates": [ 135.4611670415253, 34.788593182236283 ] } },
{ "type": "Feature", "properties": { "内容": "デイサービス　輝豊苑【通所介護】大阪府豊中市上野東2-4-47", "url": "https://www.kaigokensaku.mhlw.go.jp/27/index.php?action_kouhyou_detail_004_kani=true&JigyosyoCd=2774005835-00&ServiceCd=150&Type=search", "url2": "http://www.well-seikokai.jp" }, "geometry": { "type": "Point", "coordinates": [ 135.474818699999986, 34.7936283 ] } },
{ "type": "Feature", "properties": { "内容": "デイサービスセンターウエリスト【通所介護】大阪府豊中市箕輪二丁目２番２３号", "url": "https://www.kaigokensaku.mhlw.go.jp/27/index.php?action_kouhyou_detail_004_kani=true&JigyosyoCd=2774003665-00&ServiceCd=150&Type=search", "url2": "http://well-seikokai.jp/" }, "geometry": { "type": "Point", "coordinates": [ 135.452072826983681, 34.784554402501549 ] } },
{ "type": "Feature", "properties": { "内容": "淳風とよなかディサービスセンター【通所介護】豊中市二葉町2-4-5", "url": "https://www.kaigokensaku.mhlw.go.jp/27/index.php?action_kouhyou_detail_004_kani=true&JigyosyoCd=2774001081-00&ServiceCd=150&Type=search", "url2": "http://junpu-kai.or.jp" }, "geometry": { "type": "Point", "coordinates": [ 135.46335160000001, 34.7366288 ] } },
{ "type": "Feature", "properties": { "内容": "豊中グリーンヒルデイサービスセンター【通所介護】豊中市緑丘三丁目330番地の2", "url": "https://www.kaigokensaku.mhlw.go.jp/27/index.php?action_kouhyou_detail_004_kani=true&JigyosyoCd=2774000406-00&ServiceCd=150&Type=search", "url2": "http://www.toyonaka-greenhill.com" }, "geometry": { "type": "Point", "coordinates": [ 135.487503599999968, 34.8156176 ] } },
{ "type": "Feature", "properties": { "内容": "ほづみデイサービスセンター【通所介護】大阪府豊中市穂積1-9-1", "url": "https://www.kaigokensaku.mhlw.go.jp/27/index.php?action_kouhyou_detail_004_kani=true&JigyosyoCd=2774000679-00&ServiceCd=150&Type=search", "url2": "https://www.shoujyukai.com/" }, "geometry": { "type": "Point", "coordinates": [ 135.471419700000069, 34.7564603 ] } },
{ "type": "Feature", "properties": { "内容": "豊寿荘デイサービスセンター「ゆたか」【通所介護】大阪府豊中市新千里西町二丁目7番2号", "url": "https://www.kaigokensaku.mhlw.go.jp/27/index.php?action_kouhyou_detail_004_kani=true&JigyosyoCd=2774003319-00&ServiceCd=150&Type=search", "url2": "http://www.osj.or.jp./houju/" }, "geometry": { "type": "Point", "coordinates": [ 135.4851411, 34.8093505 ] } },
{ "type": "Feature", "properties": { "内容": "デイサービスセンター　アリス千里【通所介護】大阪府豊中市新千里北町1-18-2", "url": "https://www.kaigokensaku.mhlw.go.jp/27/index.php?action_kouhyou_detail_004_kani=true&JigyosyoCd=2774001305-00&ServiceCd=150&Type=search", "url2": "http://www.toyonakafamily.com/" }, "geometry": { "type": "Point", "coordinates": [ 135.4963917, 34.8153123 ] } },
{ "type": "Feature", "properties": { "内容": "中央介護センターサン　曽根デイサービス【通所介護】大阪府豊中市曽根南町2-11-35", "url": "https://www.kaigokensaku.mhlw.go.jp/27/index.php?action_kouhyou_detail_004_kani=true&JigyosyoCd=2774006270-00&ServiceCd=150&Type=search", "url2": "http://www.chuokaigocenter-sun.jp" }, "geometry": { "type": "Point", "coordinates": [ 135.463556299999937, 34.7665231 ] } },
{ "type": "Feature", "properties": { "内容": "デイサービスみらい【通所介護】大阪府豊中市上野東１丁目３番６８号アーズ更紗１Ｆ", "url": "https://www.kaigokensaku.mhlw.go.jp/27/index.php?action_kouhyou_detail_004_kani=true&JigyosyoCd=2774002675-00&ServiceCd=150&Type=search", "url2": "http://mirai-care.com/" }, "geometry": { "type": "Point", "coordinates": [ 135.4721217, 34.7916035 ] } },
{ "type": "Feature", "properties": { "内容": "パピルスリハビリデイサービス【通所介護】大阪府豊中市利倉東一丁目6番67号", "url": "https://www.kaigokensaku.mhlw.go.jp/27/index.php?action_kouhyou_detail_004_kani=true&JigyosyoCd=2774009357-00&ServiceCd=150&Type=search", "url2": null }, "geometry": { "type": "Point", "coordinates": [ 135.464648645482043, 34.764889102561177 ] } },
{ "type": "Feature", "properties": { "内容": "デイサービスリスパ・ねこのゆ【通所介護】大阪府豊中市稲津町１－１－１３増田ビル２階", "url": "https://www.kaigokensaku.mhlw.go.jp/27/index.php?action_kouhyou_detail_004_kani=true&JigyosyoCd=2774008334-00&ServiceCd=150&Type=search", "url2": "http://www.nekonote2828.com" }, "geometry": { "type": "Point", "coordinates": [ 135.476378428544194, 34.757584929187026 ] } },
{ "type": "Feature", "properties": { "内容": "ツクイ豊中西緑丘【通所介護】大阪府豊中市西緑丘3丁目14番18号", "url": "https://www.kaigokensaku.mhlw.go.jp/27/index.php?action_kouhyou_detail_004_kani=true&JigyosyoCd=2774005306-00&ServiceCd=150&Type=search", "url2": "http://www.tsukui.net" }, "geometry": { "type": "Point", "coordinates": [ 135.476148700000067, 34.8152037 ] } },
{ "type": "Feature", "properties": { "内容": "デイサービス　ソラストさくらもち【通所介護】大阪府豊中市栗ヶ丘町9-64", "url": "https://www.kaigokensaku.mhlw.go.jp/27/index.php?action_kouhyou_detail_004_kani=true&JigyosyoCd=2774009415-00&ServiceCd=150&Type=search", "url2": "https://solasto-kaigo.com/service/dayservice/sakuramochi" }, "geometry": { "type": "Point", "coordinates": [ 135.473243, 34.7884126 ] } },
{ "type": "Feature", "properties": { "内容": "デイサービス　ソラスト豊中【通所介護】豊中市南桜塚2-6-30カワサキビル1F", "url": "https://www.kaigokensaku.mhlw.go.jp/27/index.php?action_kouhyou_detail_004_kani=true&JigyosyoCd=2774005538-00&ServiceCd=150&Type=search", "url2": "http://solasto-kaigo.com/care/area/solastotoyonaka2.html" }, "geometry": { "type": "Point", "coordinates": [ 135.470875777909896, 34.77718214965973 ] } },
{ "type": "Feature", "properties": { "内容": "かがやきデイサービス豊中【通所介護】大阪府豊中市岡上の町1丁目6-26", "url": "https://www.kaigokensaku.mhlw.go.jp/27/index.php?action_kouhyou_detail_004_kani=true&JigyosyoCd=2774007971-00&ServiceCd=150&Type=search", "url2": "http://www.ymmd.co.jp" }, "geometry": { "type": "Point", "coordinates": [ 135.465414, 34.7835878 ] } },
{ "type": "Feature", "properties": { "内容": "ロココ豊中老人デイサービスセンター【通所介護】大阪府豊中市宝山町7-8", "url": "https://www.kaigokensaku.mhlw.go.jp/27/index.php?action_kouhyou_detail_004_kani=true&JigyosyoCd=2774003525-00&ServiceCd=150&Type=search", "url2": "http://www.kouyukai.jp" }, "geometry": { "type": "Point", "coordinates": [ 135.458064700000023, 34.7802715 ] } },
{ "type": "Feature", "properties": { "内容": "デイサービスセンター豊泉家桃山台【通所介護】大阪府豊中市上新田3-10-36", "url": "https://www.kaigokensaku.mhlw.go.jp/27/index.php?action_kouhyou_detail_004_kani=true&JigyosyoCd=2774003616-00&ServiceCd=150&Type=search", "url2": "http://www.housenka.com" }, "geometry": { "type": "Point", "coordinates": [ 135.497847500000034, 34.7999028 ] } },
{ "type": "Feature", "properties": { "内容": "カルチャーBENECT（ベネクト）デイサービス【通所介護】大阪府豊中市上新田４丁目１６－８", "url": "https://www.kaigokensaku.mhlw.go.jp/27/index.php?action_kouhyou_detail_004_kani=true&JigyosyoCd=2774009316-00&ServiceCd=150&Type=search", "url2": "https://www.benect.com/culture/" }, "geometry": { "type": "Point", "coordinates": [ 135.503963700000014, 34.799910500000017 ] } },
{ "type": "Feature", "properties": { "内容": "ＯＲＲＥＳデイサービス豊中【通所介護】大阪府豊中市中桜塚三丁目７番９号チェリーコート１階", "url": "https://www.kaigokensaku.mhlw.go.jp/27/index.php?action_kouhyou_detail_004_kani=true&JigyosyoCd=2774009233-00&ServiceCd=150&Type=search", "url2": "https://www.orres.jp/kaigonavi/" }, "geometry": { "type": "Point", "coordinates": [ 135.471122400000013, 34.7810775 ] } },
{ "type": "Feature", "properties": { "内容": "スマイルデイサービス【通所介護】大阪府豊中市岡町10-3カワベビル", "url": "https://www.kaigokensaku.mhlw.go.jp/27/index.php?action_kouhyou_detail_004_kani=true&JigyosyoCd=2774008862-00&ServiceCd=150&Type=search", "url2": "https://smilecare.info/" }, "geometry": { "type": "Point", "coordinates": [ 135.465922399999954, 34.7813131 ] } },
{ "type": "Feature", "properties": { "内容": "シニアスクールポプラ服部天神【通所介護】大阪府豊中市服部元町2-6-7", "url": "https://www.kaigokensaku.mhlw.go.jp/27/index.php?action_kouhyou_detail_004_kani=true&JigyosyoCd=2774007021-00&ServiceCd=150&Type=search", "url2": "http://www.satsuki-kai.com/" }, "geometry": { "type": "Point", "coordinates": [ 135.47408310000003, 34.7661121 ] } },
{ "type": "Feature", "properties": { "内容": "デイサービスセンター豊泉家北緑丘【通所介護】豊中市北緑丘2丁目9番5号", "url": "https://www.kaigokensaku.mhlw.go.jp/27/index.php?action_kouhyou_detail_004_kani=true&JigyosyoCd=2774001511-00&ServiceCd=150&Type=search", "url2": "http://www.housenka.com" }, "geometry": { "type": "Point", "coordinates": [ 135.481998299999987, 34.8182062 ] } },
{ "type": "Feature", "properties": { "内容": "ブルーミングケア大阪豊中【通所介護】大阪府豊中市利倉西2丁目2-29", "url": "https://www.kaigokensaku.mhlw.go.jp/27/index.php?action_kouhyou_detail_004_kani=true&JigyosyoCd=2774009886-00&ServiceCd=150&Type=search", "url2": "https://www.emiu.co.jp" }, "geometry": { "type": "Point", "coordinates": [ 135.453999141139235, 34.760632016581283 ] } },
{ "type": "Feature", "properties": { "内容": "パナソニックエイジフリーケアセンター・とよなかデイサービス【通所介護】大阪府豊中市本町5丁目6-3イーグルビル1F", "url": "https://www.kaigokensaku.mhlw.go.jp/27/index.php?action_kouhyou_detail_004_kani=true&JigyosyoCd=2774010389-00&ServiceCd=150&Type=search", "url2": "https://panasonic.co.jp/paf/" }, "geometry": { "type": "Point", "coordinates": [ 135.465188899999987, 34.787381 ] } },
{ "type": "Feature", "properties": { "内容": "豊中あいわ苑　デイサービスセンター【通所介護】大阪府豊中市寺内１丁目１番１０号", "url": "https://www.kaigokensaku.mhlw.go.jp/27/index.php?action_kouhyou_detail_004_kani=true&JigyosyoCd=2774001883-00&ServiceCd=150&Type=search", "url2": "https://swc-aiwakai.jp" }, "geometry": { "type": "Point", "coordinates": [ 135.491753600000038, 34.7766165 ] } },
{ "type": "Feature", "properties": { "内容": "デイサービス笑楽　緑地公園【通所介護】大阪府豊中市西泉丘3丁目7番1号F3番館クリニックビル3F", "url": "https://www.kaigokensaku.mhlw.go.jp/27/index.php?action_kouhyou_detail_004_kani=true&JigyosyoCd=2774004705-00&ServiceCd=150&Type=search", "url2": "https://xn--y8j4fra.com/" }, "geometry": { "type": "Point", "coordinates": [ 135.4895899, 34.7815229 ] } },
{ "type": "Feature", "properties": { "内容": "ポシブル池田【通所介護】大阪府池田市神田１－２４－９神田ビル１Ｆ", "url": "https://www.kaigokensaku.mhlw.go.jp/27/index.php?action_kouhyou_detail_004_kani=true&JigyosyoCd=2772502239-00&ServiceCd=150&Type=search", "url2": null }, "geometry": { "type": "Point", "coordinates": [ 135.431318899999951, 34.81177 ] } },
{ "type": "Feature", "properties": { "内容": "リハビリデイ　まいぺーす【通所介護】大阪府池田市井口堂3-4-27", "url": "https://www.kaigokensaku.mhlw.go.jp/27/index.php?action_kouhyou_detail_004_kani=true&JigyosyoCd=2772502296-00&ServiceCd=150&Type=search", "url2": "https://ailife-service.com/rehabiliday/" }, "geometry": { "type": "Point", "coordinates": [ 135.445603878902006, 34.81463915805405 ] } },
{ "type": "Feature", "properties": { "内容": "介護予防フィットネスリハビス呉服【通所介護】大阪府池田市室町7-3", "url": "https://www.kaigokensaku.mhlw.go.jp/27/index.php?action_kouhyou_detail_004_kani=true&JigyosyoCd=2772502197-00&ServiceCd=150&Type=search", "url2": null }, "geometry": { "type": "Point", "coordinates": [ 135.4230179, 34.8230324 ] } },
{ "type": "Feature", "properties": { "内容": "デイサービスエベッサ池田【通所介護】大阪府池田市豊島南２丁目１２番１０号デイサービスエベッサ池田", "url": "https://www.kaigokensaku.mhlw.go.jp/27/index.php?action_kouhyou_detail_004_kani=true&JigyosyoCd=2772502411-00&ServiceCd=150&Type=search", "url2": "http://ebessa-cs.jp" }, "geometry": { "type": "Point", "coordinates": [ 135.430065294590122, 34.800751506265371 ] } },
{ "type": "Feature", "properties": { "内容": "ニチイケアセンター鉢塚【通所介護】大阪府池田市鉢塚1丁目9-4", "url": "https://www.kaigokensaku.mhlw.go.jp/27/index.php?action_kouhyou_detail_004_kani=true&JigyosyoCd=2772502577-00&ServiceCd=150&Type=search", "url2": "https://www.nichiigakkan.co.jp/" }, "geometry": { "type": "Point", "coordinates": [ 135.4345657, 34.8163117 ] } },
{ "type": "Feature", "properties": { "内容": "ニチイケアセンター夫婦池【通所介護】大阪府池田市神田3丁目20番15号", "url": "https://www.kaigokensaku.mhlw.go.jp/27/index.php?action_kouhyou_detail_004_kani=true&JigyosyoCd=2772502569-00&ServiceCd=150&Type=search", "url2": "https://www.nichiigakkan.co.jp/" }, "geometry": { "type": "Point", "coordinates": [ 135.430743818385309, 34.807877200523741 ] } },
{ "type": "Feature", "properties": { "内容": "松竹デイサービスセンター【通所介護】大阪府池田市神田1－12－13", "url": "https://www.kaigokensaku.mhlw.go.jp/27/index.php?action_kouhyou_detail_004_kani=true&JigyosyoCd=2772501785-00&ServiceCd=150&Type=search", "url2": null }, "geometry": { "type": "Point", "coordinates": [ 135.427889099999987, 34.814067499999986 ] } },
{ "type": "Feature", "properties": { "内容": "古江台ホールデイサービスセンター【通所介護】大阪府池田市古江町18番地の2", "url": "https://www.kaigokensaku.mhlw.go.jp/27/index.php?action_kouhyou_detail_004_kani=true&JigyosyoCd=2772500274-00&ServiceCd=150&Type=search", "url2": "http://nozomi-care.jp" }, "geometry": { "type": "Point", "coordinates": [ 135.4271764, 34.8534266 ] } },
{ "type": "Feature", "properties": { "内容": "ハートフルふしおデイサービスセンター【通所介護】大阪府池田市伏尾町12-1", "url": "https://www.kaigokensaku.mhlw.go.jp/27/index.php?action_kouhyou_detail_004_kani=true&JigyosyoCd=2772500290-00&ServiceCd=150&Type=search", "url2": "http://www.daikyokai.or.jp" }, "geometry": { "type": "Point", "coordinates": [ 135.4462833, 34.8602425 ] } },
{ "type": "Feature", "properties": { "内容": "デイサービスセンターポプラ神田南【通所介護】大阪府池田市神田1丁目32番22号", "url": "https://www.kaigokensaku.mhlw.go.jp/27/index.php?action_kouhyou_detail_004_kani=true&JigyosyoCd=2772501504-00&ServiceCd=150&Type=search", "url2": "http://www.satsuki-kai.com/" }, "geometry": { "type": "Point", "coordinates": [ 135.430397652149622, 34.811366046360178 ] } },
{ "type": "Feature", "properties": { "内容": "巽病院リハビリテーション特化型デイサービス【通所介護】大阪府池田市天神2丁目3番7号-1", "url": "https://www.kaigokensaku.mhlw.go.jp/27/index.php?action_kouhyou_detail_004_kani=true&JigyosyoCd=2772502601-00&ServiceCd=150&Type=search", "url2": null }, "geometry": { "type": "Point", "coordinates": [ 135.441623099999987, 34.8077348 ] } },
{ "type": "Feature", "properties": { "内容": "デイサービスあざみ【通所介護】大阪府池田市神田1丁目32-27花昌ビル1F", "url": "https://www.kaigokensaku.mhlw.go.jp/27/index.php?action_kouhyou_detail_004_kani=true&JigyosyoCd=2772502213-00&ServiceCd=150&Type=search", "url2": null }, "geometry": { "type": "Point", "coordinates": [ 135.42963020000002, 34.8111811 ] } },
{ "type": "Feature", "properties": { "内容": "あんじゅデイサービスセンター池田【通所介護】大阪府池田市天神1丁目2-5照内天神店舗", "url": "https://www.kaigokensaku.mhlw.go.jp/27/index.php?action_kouhyou_detail_004_kani=true&JigyosyoCd=2772502114-00&ServiceCd=150&Type=search", "url2": null }, "geometry": { "type": "Point", "coordinates": [ 135.440648717790964, 34.81070507200031 ] } },
{ "type": "Feature", "properties": { "内容": "デイサービスセンターポプラ【通所介護】大阪府池田市東山町555-1", "url": "https://www.kaigokensaku.mhlw.go.jp/27/index.php?action_kouhyou_detail_004_kani=true&JigyosyoCd=2772501025-00&ServiceCd=150&Type=search", "url2": "http://www.satsuki-kai.com/" }, "geometry": { "type": "Point", "coordinates": [ 135.4342593, 34.8484633 ] } },
{ "type": "Feature", "properties": { "内容": "パナソニックエイジフリーケアセンター池田・デイサービス【通所介護】大阪府池田市栄町５－２Ｎ.グランラール１Ｆ", "url": "https://www.kaigokensaku.mhlw.go.jp/27/index.php?action_kouhyou_detail_004_kani=true&JigyosyoCd=2772501280-00&ServiceCd=150&Type=search", "url2": "http://sumai.panasonic.jp/agefree/map/detail.php?id=58" }, "geometry": { "type": "Point", "coordinates": [ 135.424396900000033, 34.8237548 ] } },
{ "type": "Feature", "properties": { "内容": "デイサービスはなのき山田東【通所介護】大阪府吹田市山田東2丁目43－6", "url": "https://www.kaigokensaku.mhlw.go.jp/27/index.php?action_kouhyou_detail_004_kani=true&JigyosyoCd=2771607880-00&ServiceCd=150&Type=search", "url2": "https://ktc-hananoki.com/facilities/F-yamadahigashi.html" }, "geometry": { "type": "Point", "coordinates": [ 135.5296894, 34.7982125 ] } },
{ "type": "Feature", "properties": { "内容": "ケアパートナー吹田【通所介護】大阪府吹田市佐井寺四丁目４３番１５号ボンサンテ南千里１０１", "url": "https://www.kaigokensaku.mhlw.go.jp/27/index.php?action_kouhyou_detail_004_kani=true&JigyosyoCd=2771607393-00&ServiceCd=150&Type=search", "url2": "http://www.care-partner.com/" }, "geometry": { "type": "Point", "coordinates": [ 135.513263, 34.786543 ] } },
{ "type": "Feature", "properties": { "内容": "ケアポート千里丘　デイサービスあゆみ【通所介護】大阪府吹田市長野東6-31ウエリスオリーブ吹田千里丘", "url": "https://www.kaigokensaku.mhlw.go.jp/27/index.php?action_kouhyou_detail_004_kani=true&JigyosyoCd=2771607302-00&ServiceCd=150&Type=search", "url2": "https://www.telwel-west.co.jp/service/nursing/nursing/" }, "geometry": { "type": "Point", "coordinates": [ 135.544123461062696, 34.789969714433724 ] } },
{ "type": "Feature", "properties": { "内容": "ヒューマンライフケアきしべ乃湯【通所介護】大阪府吹田市岸部中３-26-1ファビュラス中川111号", "url": "https://www.kaigokensaku.mhlw.go.jp/27/index.php?action_kouhyou_detail_004_kani=true&JigyosyoCd=2771604382-00&ServiceCd=150&Type=search", "url2": "https://human-lifecare.jp/" }, "geometry": { "type": "Point", "coordinates": [ 135.535759414680456, 34.7800837 ] } },
{ "type": "Feature", "properties": { "内容": "垂水デイサービスセンター【通所介護】吹田市垂水町3丁目19-5", "url": "https://www.kaigokensaku.mhlw.go.jp/27/index.php?action_kouhyou_detail_004_kani=true&JigyosyoCd=2771600943-00&ServiceCd=150&Type=search", "url2": "http://www.daiwakaidaiwa.org/day.html" }, "geometry": { "type": "Point", "coordinates": [ 135.503625, 34.7609437 ] } },
{ "type": "Feature", "properties": { "内容": "葵　垂水町フィットネスサロン【通所介護】大阪府吹田市垂水町1-20-18", "url": "https://www.kaigokensaku.mhlw.go.jp/27/index.php?action_kouhyou_detail_004_kani=true&JigyosyoCd=2771607609-00&ServiceCd=150&Type=search", "url2": "http://icl-design.net/" }, "geometry": { "type": "Point", "coordinates": [ 135.505104294171645, 34.764821094850177 ] } },
{ "type": "Feature", "properties": { "内容": "デイサービス　エベッサ千里丘【通所介護】大阪府吹田市尺谷5-14カローレエベッサ千里丘", "url": "https://www.kaigokensaku.mhlw.go.jp/27/index.php?action_kouhyou_detail_004_kani=true&JigyosyoCd=2771608193-00&ServiceCd=150&Type=search", "url2": "https://ebessa-cs.jp/" }, "geometry": { "type": "Point", "coordinates": [ 135.5406744, 34.7938767 ] } },
{ "type": "Feature", "properties": { "内容": "ひばりの丘デイサービスセンター【通所介護】大阪府吹田市出口町32-12豊津マイファミリーひばりの丘", "url": "https://www.kaigokensaku.mhlw.go.jp/27/index.php?action_kouhyou_detail_004_kani=true&JigyosyoCd=2771607757-00&ServiceCd=150&Type=search", "url2": "http://kaigo-angel.co.jp/" }, "geometry": { "type": "Point", "coordinates": [ 135.513557600000013, 34.7652943 ] } },
{ "type": "Feature", "properties": { "内容": "千里山東リハビリデイサービスげんき【通所介護】吹田市千里山西１－２７－７", "url": "https://www.kaigokensaku.mhlw.go.jp/27/index.php?action_kouhyou_detail_004_kani=true&JigyosyoCd=2771603319-00&ServiceCd=150&Type=search", "url2": "http://www.kaigo-angel.co.jp" }, "geometry": { "type": "Point", "coordinates": [ 135.505596800000035, 34.7744338 ] } },
{ "type": "Feature", "properties": { "内容": "千里山東デイサービスセンター【通所介護】大阪府吹田市千里山1丁目27番9号", "url": "https://www.kaigokensaku.mhlw.go.jp/27/index.php?action_kouhyou_detail_004_kani=true&JigyosyoCd=2771608185-00&ServiceCd=150&Type=search", "url2": null }, "geometry": { "type": "Point", "coordinates": [ 135.505638800000014, 34.7747614 ] } },
{ "type": "Feature", "properties": { "内容": "ツクイ南吹田【通所介護】大阪府吹田市南吹田5-11-11", "url": "https://www.kaigokensaku.mhlw.go.jp/27/index.php?action_kouhyou_detail_004_kani=true&JigyosyoCd=2771603913-00&ServiceCd=150&Type=search", "url2": "http://www.tsukui.net" }, "geometry": { "type": "Point", "coordinates": [ 135.5038892, 34.751131 ] } },
{ "type": "Feature", "properties": { "内容": "ニチイケアセンターきしべ【通所介護】大阪府吹田市岸部北3丁目3番2号", "url": "https://www.kaigokensaku.mhlw.go.jp/27/index.php?action_kouhyou_detail_004_kani=true&JigyosyoCd=2771605579-00&ServiceCd=150&Type=search", "url2": null }, "geometry": { "type": "Point", "coordinates": [ 135.534885799999984, 34.7815974 ] } },
{ "type": "Feature", "properties": { "内容": "リハビリ本舗あっぷるデイ【通所介護】大阪府吹田市岸部北5丁目32番10号", "url": "https://www.kaigokensaku.mhlw.go.jp/27/index.php?action_kouhyou_detail_004_kani=true&JigyosyoCd=2771605108-00&ServiceCd=150&Type=search", "url2": "http://reha-honpo.jp" }, "geometry": { "type": "Point", "coordinates": [ 135.533580400000034, 34.7845887 ] } },
{ "type": "Feature", "properties": { "内容": "ポラリスデイサービスセンター佐井寺【通所介護】大阪府吹田市佐井寺3-14-31", "url": "https://www.kaigokensaku.mhlw.go.jp/27/index.php?action_kouhyou_detail_004_kani=true&JigyosyoCd=2771607112-00&ServiceCd=150&Type=search", "url2": null }, "geometry": { "type": "Point", "coordinates": [ 135.515965618979635, 34.785239089325039 ] } },
{ "type": "Feature", "properties": { "内容": "ジョイリハ佐井寺【通所介護】大阪府吹田市佐井寺3-1-10", "url": "https://www.kaigokensaku.mhlw.go.jp/27/index.php?action_kouhyou_detail_004_kani=true&JigyosyoCd=2771607039-00&ServiceCd=150&Type=search", "url2": "https://joyreha.co.jp/shop/%e3%82%b8%e3%83%a7%e3%82%a4%e3%83%aa%e3%83%8f%e4%bd%90%e4%ba%95%e5%af%ba/" }, "geometry": { "type": "Point", "coordinates": [ 135.520022199999971, 34.7861649 ] } },
{ "type": "Feature", "properties": { "内容": "デイサービスたんぽぽの広場【通所介護】大阪府吹田市山田東２丁目３１番５号グループホームたんぽぽ内", "url": "https://www.kaigokensaku.mhlw.go.jp/27/index.php?action_kouhyou_detail_004_kani=true&JigyosyoCd=2771601982-00&ServiceCd=150&Type=search", "url2": "http://www.kobatokai.jp/" }, "geometry": { "type": "Point", "coordinates": [ 135.527593, 34.8013638 ] } },
{ "type": "Feature", "properties": { "内容": "吹田市立亥の子谷デイサービスセンター【通所介護】大阪府吹田市山田西1丁目26番20号吹田市立亥の子谷コミュニティーセンター内", "url": "https://www.kaigokensaku.mhlw.go.jp/27/index.php?action_kouhyou_detail_004_kani=true&JigyosyoCd=2771605546-00&ServiceCd=150&Type=search", "url2": "http://www.kobatokai.jp" }, "geometry": { "type": "Point", "coordinates": [ 135.5289947, 34.7898797 ] } },
{ "type": "Feature", "properties": { "内容": "デイサービスセンターみらい【通所介護】大阪府吹田市山田北５番１３号特別養護老人ホームみらい", "url": "https://www.kaigokensaku.mhlw.go.jp/27/index.php?action_kouhyou_detail_004_kani=true&JigyosyoCd=2771603350-00&ServiceCd=150&Type=search", "url2": "http://www.mirai-kai.com" }, "geometry": { "type": "Point", "coordinates": [ 135.519026, 34.8093523 ] } },
{ "type": "Feature", "properties": { "内容": "社会福祉法人　英芳会　テラス・フォーシーズンズ【通所介護】大阪府吹田市五月が丘東７番８号モナート１０７号", "url": "https://www.kaigokensaku.mhlw.go.jp/27/index.php?action_kouhyou_detail_004_kani=true&JigyosyoCd=2771605298-00&ServiceCd=150&Type=search", "url2": "http://www.tfs-team.jp" }, "geometry": { "type": "Point", "coordinates": [ 135.527793417196676, 34.786004823856075 ] } },
{ "type": "Feature", "properties": { "内容": "陽翠苑デイサービスセンター【通所介護】大阪府吹田市南吹田1－1－22", "url": "https://www.kaigokensaku.mhlw.go.jp/27/index.php?action_kouhyou_detail_004_kani=true&JigyosyoCd=2771607369-00&ServiceCd=150&Type=search", "url2": "http://www.kyouseikai.org" }, "geometry": { "type": "Point", "coordinates": [ 135.512760619049061, 34.753039559975512 ] } },
{ "type": "Feature", "properties": { "内容": "デイサービス　ハピネス　さんあい【通所介護】大阪府吹田市幸町２２－５", "url": "https://www.kaigokensaku.mhlw.go.jp/27/index.php?action_kouhyou_detail_004_kani=true&JigyosyoCd=2771600950-00&ServiceCd=150&Type=search", "url2": "http://www.happiness-sanai.com/" }, "geometry": { "type": "Point", "coordinates": [ 135.535441399999968, 34.7690655 ] } },
{ "type": "Feature", "properties": { "内容": "老人デイサービスセンターあす～る吹田【通所介護】大阪府吹田市岸部中2丁目7番12号", "url": "https://www.kaigokensaku.mhlw.go.jp/27/index.php?action_kouhyou_detail_004_kani=true&JigyosyoCd=2771603087-00&ServiceCd=150&Type=search", "url2": "http://azul.or.jp" }, "geometry": { "type": "Point", "coordinates": [ 135.532677700000022, 34.7753231 ] } },
{ "type": "Feature", "properties": { "内容": "社会福祉法人　松柏会　エバーグリーン【通所介護】大阪府吹田市江坂町4-20-1", "url": "https://www.kaigokensaku.mhlw.go.jp/27/index.php?action_kouhyou_detail_004_kani=true&JigyosyoCd=2771600380-00&ServiceCd=150&Type=search", "url2": "http://www.evergreen.or.jp" }, "geometry": { "type": "Point", "coordinates": [ 135.494392299999959, 34.7706923 ] } },
{ "type": "Feature", "properties": { "内容": "藤白台デイサービスセンター【通所介護】吹田市藤白台2丁目9番1－115号", "url": "https://www.kaigokensaku.mhlw.go.jp/27/index.php?action_kouhyou_detail_004_kani=true&JigyosyoCd=2771601693-00&ServiceCd=150&Type=search", "url2": "https://www.suitamidori-f.jp/publics/index/17/" }, "geometry": { "type": "Point", "coordinates": [ 135.517078433204688, 34.816633928001117 ] } },
{ "type": "Feature", "properties": { "内容": "シャロン千里デイサービスセンター【通所介護】吹田市古江台３－９－３", "url": "https://www.kaigokensaku.mhlw.go.jp/27/index.php?action_kouhyou_detail_004_kani=true&JigyosyoCd=2771600703-00&ServiceCd=150&Type=search", "url2": "http://www.ywcasharon.jp" }, "geometry": { "type": "Point", "coordinates": [ 135.507096199999978, 34.8193843 ] } },
{ "type": "Feature", "properties": { "内容": "青藍荘デイサービスセンター【通所介護】大阪府吹田市佐竹台２－３－１", "url": "https://www.kaigokensaku.mhlw.go.jp/27/index.php?action_kouhyou_detail_004_kani=true&JigyosyoCd=2771600398-00&ServiceCd=150&Type=search", "url2": "http://www.aino-fukusikai.or.jp" }, "geometry": { "type": "Point", "coordinates": [ 135.514462699999967, 34.7919709 ] } },
{ "type": "Feature", "properties": { "内容": "デイサービスとらいあんぐる【通所介護】大阪府吹田市五月が丘西3番16号メイヒルズハイム", "url": "https://www.kaigokensaku.mhlw.go.jp/27/index.php?action_kouhyou_detail_004_kani=true&JigyosyoCd=2771602915-00&ServiceCd=150&Type=search", "url2": "http://atcompany.jp/triangle/" }, "geometry": { "type": "Point", "coordinates": [ 135.521974820237773, 34.787968931043977 ] } },
{ "type": "Feature", "properties": { "内容": "医療法人高寿会悟空デイサービス北千里【通所介護】大阪府吹田市古江台5-3-3", "url": "https://www.kaigokensaku.mhlw.go.jp/27/index.php?action_kouhyou_detail_004_kani=true&JigyosyoCd=2771605132-00&ServiceCd=150&Type=search", "url2": "http://www.koujukai-group.com/" }, "geometry": { "type": "Point", "coordinates": [ 135.513629199999968, 34.8116047 ] } },
{ "type": "Feature", "properties": { "内容": "エムデイサービス【通所介護】大阪府吹田市南金田2-7-26", "url": "https://www.kaigokensaku.mhlw.go.jp/27/index.php?action_kouhyou_detail_004_kani=true&JigyosyoCd=2771607898-00&ServiceCd=150&Type=search", "url2": "http://www.contrail-i.co.jp" }, "geometry": { "type": "Point", "coordinates": [ 135.503711274848797, 34.753500424305514 ] } },
{ "type": "Feature", "properties": { "内容": "ビーナスクラブ山田東【通所介護】大阪府吹田市山田東2丁目9-13", "url": "https://www.kaigokensaku.mhlw.go.jp/27/index.php?action_kouhyou_detail_004_kani=true&JigyosyoCd=2771607047-00&ServiceCd=150&Type=search", "url2": "https://www.venus-comrade.co.jp/office/club_yamadahigashi/" }, "geometry": { "type": "Point", "coordinates": [ 135.528040899999951, 34.7960157 ] } },
{ "type": "Feature", "properties": { "内容": "ビーナスクラブ春日【通所介護】大阪府吹田市春日1丁目16-1GRANPINO桃山台1F", "url": "https://www.kaigokensaku.mhlw.go.jp/27/index.php?action_kouhyou_detail_004_kani=true&JigyosyoCd=2771605728-00&ServiceCd=150&Type=search", "url2": "http://www.venus-comrade.co.jp/" }, "geometry": { "type": "Point", "coordinates": [ 135.496783700000037, 34.7850379 ] } },
{ "type": "Feature", "properties": { "内容": "デイサービスセンター　スローライフ千里【通所介護】大阪府吹田市千里万博公園6番8号スローライフ千里", "url": "https://www.kaigokensaku.mhlw.go.jp/27/index.php?action_kouhyou_detail_004_kani=true&JigyosyoCd=2771607096-00&ServiceCd=150&Type=search", "url2": "http://www.slowlife.or.jp/" }, "geometry": { "type": "Point", "coordinates": [ 135.535036, 34.8147152 ] } },
{ "type": "Feature", "properties": { "内容": "プレーゴ緑地公園デイサービスセンター【通所介護】大阪府吹田市千里山竹園１丁目２９番１号", "url": "https://www.kaigokensaku.mhlw.go.jp/27/index.php?action_kouhyou_detail_004_kani=true&JigyosyoCd=2771601198-00&ServiceCd=150&Type=search", "url2": "http://www.prego-rk.jp" }, "geometry": { "type": "Point", "coordinates": [ 135.500667900000025, 34.7840078 ] } },
{ "type": "Feature", "properties": { "内容": "ファミタウン吹田【通所介護】大阪府吹田市岸部北４－９－１", "url": "https://www.kaigokensaku.mhlw.go.jp/27/index.php?action_kouhyou_detail_004_kani=true&JigyosyoCd=2771606825-00&ServiceCd=150&Type=search", "url2": "http://hp.kaipoke.biz/y15/index.html" }, "geometry": { "type": "Point", "coordinates": [ 135.5283796, 34.7816798 ] } },
{ "type": "Feature", "properties": { "内容": "吹田市立内本町デイサービスセンター【通所介護】大阪府吹田市内本町2丁目2番12号", "url": "https://www.kaigokensaku.mhlw.go.jp/27/index.php?action_kouhyou_detail_004_kani=true&JigyosyoCd=2771606908-00&ServiceCd=150&Type=search", "url2": null }, "geometry": { "type": "Point", "coordinates": [ 135.525456100000042, 34.75858 ] } },
{ "type": "Feature", "properties": { "内容": "楽リハデイサービスはぴね江坂【通所介護】大阪府吹田市江坂町二町目18番20号住宅型有料老人ホームはぴね江坂", "url": "https://www.kaigokensaku.mhlw.go.jp/27/index.php?action_kouhyou_detail_004_kani=true&JigyosyoCd=2771605280-00&ServiceCd=150&Type=search", "url2": "http://www.greenlife-inc.co.jp/" }, "geometry": { "type": "Point", "coordinates": [ 135.491073300000039, 34.7633125 ] } },
{ "type": "Feature", "properties": { "内容": "デイサービス　ひろゴンのオアシス吹田【通所介護】大阪府吹田市岸部中3丁目5番22号", "url": "https://www.kaigokensaku.mhlw.go.jp/27/index.php?action_kouhyou_detail_004_kani=true&JigyosyoCd=2771605942-00&ServiceCd=150&Type=search", "url2": "http://ortho-g.co.jp/ortho/oasis/" }, "geometry": { "type": "Point", "coordinates": [ 135.535191400000031, 34.7781117 ] } },
{ "type": "Feature", "properties": { "内容": "デイサービス明明Ｓｕｅｈｉｒｏ【通所介護】大阪府吹田市末広町６－７サンフローラル白鳩　１F", "url": "https://www.kaigokensaku.mhlw.go.jp/27/index.php?action_kouhyou_detail_004_kani=true&JigyosyoCd=2771607294-00&ServiceCd=150&Type=search", "url2": "https://harukameimei.com/" }, "geometry": { "type": "Point", "coordinates": [ 135.5303098, 34.7635327 ] } },
{ "type": "Feature", "properties": { "内容": "かがやきデイサービス千里山【通所介護】大阪府吹田市千里山竹園1-21-2", "url": "https://www.kaigokensaku.mhlw.go.jp/27/index.php?action_kouhyou_detail_004_kani=true&JigyosyoCd=2771607773-00&ServiceCd=150&Type=search", "url2": "http://ymmd.co.jp" }, "geometry": { "type": "Point", "coordinates": [ 135.5003595, 34.7798738 ] } },
{ "type": "Feature", "properties": { "内容": "パナソニックエイジフリーケアセンター青葉丘・デイサービス【通所介護】大阪府吹田市青葉丘北１３－１メロディーハイム吹田青葉丘１Ｆ", "url": "https://www.kaigokensaku.mhlw.go.jp/27/index.php?action_kouhyou_detail_004_kani=true&JigyosyoCd=2771603327-00&ServiceCd=150&Type=search", "url2": "http://panasonic.co.jp/es/pesasv/" }, "geometry": { "type": "Point", "coordinates": [ 135.549888799999962, 34.8090149 ] } },
{ "type": "Feature", "properties": { "内容": "レッツ倶楽部吹田内本町【通所介護】大阪府吹田市内本町2-5-24芳光ハイツ", "url": "https://www.kaigokensaku.mhlw.go.jp/27/index.php?action_kouhyou_detail_004_kani=true&JigyosyoCd=2771608359-00&ServiceCd=150&Type=search", "url2": "https://www.lets-club.jp/shop/suitauchihommachi/" }, "geometry": { "type": "Point", "coordinates": [ 135.5239745, 34.7578221 ] } },
{ "type": "Feature", "properties": { "内容": "ケアポート大阪西吹田センターデイサービスひばり【通所介護】大阪府吹田市出口町１７番３３号", "url": "https://www.kaigokensaku.mhlw.go.jp/27/index.php?action_kouhyou_detail_004_kani=true&JigyosyoCd=2771602329-00&ServiceCd=150&Type=search", "url2": "https://www.telwel-west.co.jp/service/nursing/nursing/" }, "geometry": { "type": "Point", "coordinates": [ 135.515354500000058, 34.7635688 ] } },
{ "type": "Feature", "properties": { "内容": "あうんⅡ号館デイサービス【通所介護】大阪府吹田市青葉丘北11番21号クローバービル2階", "url": "https://www.kaigokensaku.mhlw.go.jp/27/index.php?action_kouhyou_detail_004_kani=true&JigyosyoCd=2771607435-00&ServiceCd=150&Type=search", "url2": "http://wha-ara.org/" }, "geometry": { "type": "Point", "coordinates": [ 135.550946399999987, 34.8091482 ] } },
{ "type": "Feature", "properties": { "内容": "吹田市岸部中5-2-3【通所介護】大阪府吹田市岸部中5-2-3Gakken多世代スクエア吹田SST", "url": "https://www.kaigokensaku.mhlw.go.jp/27/index.php?action_kouhyou_detail_004_kani=true&JigyosyoCd=2771607617-00&ServiceCd=150&Type=search", "url2": "http://cocofump.co.jp" }, "geometry": { "type": "Point", "coordinates": [ 135.5378436, 34.78267 ] } },
{ "type": "Feature", "properties": { "内容": "ゆめふる五月が丘店【通所介護】大阪府吹田市五月が丘東７－３２", "url": "https://www.kaigokensaku.mhlw.go.jp/27/index.php?action_kouhyou_detail_004_kani=true&JigyosyoCd=2771605405-00&ServiceCd=150&Type=search", "url2": "https://search.yasashiite.com/detail/tsusyokaigo_satsukigaoka/" }, "geometry": { "type": "Point", "coordinates": [ 135.5263172, 34.7867829 ] } },
{ "type": "Feature", "properties": { "内容": "ジョイリハSPA緑地公園【通所介護】大阪府吹田市春日1-4-28シティハイツ105", "url": "https://www.kaigokensaku.mhlw.go.jp/27/index.php?action_kouhyou_detail_004_kani=true&JigyosyoCd=2771608524-00&ServiceCd=150&Type=search", "url2": "https://joyreha.co.jp/shop/%e3%82%b8%e3%83%a7%e3%82%a4%e3%83%aa%e3%83%8fspa%e7%b7%91%e5%9c%b0%e5%85%ac%e5%9c%92/" }, "geometry": { "type": "Point", "coordinates": [ 135.4964876, 34.7802597 ] } },
{ "type": "Feature", "properties": { "内容": "Ｄａｙサービス豊恋想・竹見台【通所介護】大阪府吹田市竹見台３丁目６－６", "url": "https://www.kaigokensaku.mhlw.go.jp/27/index.php?action_kouhyou_detail_004_kani=true&JigyosyoCd=2771606684-00&ServiceCd=150&Type=search", "url2": "https://www3.hp-ez.com/hp/horenso" }, "geometry": { "type": "Point", "coordinates": [ 135.50114551709828, 34.794399686984605 ] } },
{ "type": "Feature", "properties": { "内容": "デイサービスはなのき岸部【通所介護】大阪府吹田市岸部中1丁目29-7", "url": "https://www.kaigokensaku.mhlw.go.jp/27/index.php?action_kouhyou_detail_004_kani=true&JigyosyoCd=2771608581-00&ServiceCd=150&Type=search", "url2": "https://ktc-hananoki.com/facilities/F-kishibe.html" }, "geometry": { "type": "Point", "coordinates": [ 135.53708869999997, 34.776698 ] } },
{ "type": "Feature", "properties": { "内容": "デイサービスヒマリohana!【通所介護】大阪府泉大津市虫取町2丁目4番11", "url": "https://www.kaigokensaku.mhlw.go.jp/27/index.php?action_kouhyou_detail_004_kani=true&JigyosyoCd=2770602338-00&ServiceCd=150&Type=search", "url2": "https://www.himari1211.com/" }, "geometry": { "type": "Point", "coordinates": [ 135.406319700000012, 34.4944491 ] } },
{ "type": "Feature", "properties": { "内容": "ヒューマンライフケア泉大津の湯【通所介護】大阪府泉大津市虫取町2丁目6番43号", "url": "https://www.kaigokensaku.mhlw.go.jp/27/index.php?action_kouhyou_detail_004_kani=true&JigyosyoCd=2770601017-00&ServiceCd=150&Type=search", "url2": "http://human-lifecare.jp/" }, "geometry": { "type": "Point", "coordinates": [ 135.408683800000063, 34.49317820000001 ] } },
{ "type": "Feature", "properties": { "内容": "デイサービスiroha【通所介護】大阪府泉大津市松之浜町1丁目2番23号", "url": "https://www.kaigokensaku.mhlw.go.jp/27/index.php?action_kouhyou_detail_004_kani=true&JigyosyoCd=2770602262-00&ServiceCd=150&Type=search", "url2": "https://atcompany.jp/dayserviceyou/" }, "geometry": { "type": "Point", "coordinates": [ 135.4162307, 34.5115153 ] } },
{ "type": "Feature", "properties": { "内容": "ドリームデイサービスセンター【通所介護】大阪府泉大津市神明町3番24号", "url": "https://www.kaigokensaku.mhlw.go.jp/27/index.php?action_kouhyou_detail_004_kani=true&JigyosyoCd=2770601868-00&ServiceCd=150&Type=search", "url2": "http://www.m-a-e.net/" }, "geometry": { "type": "Point", "coordinates": [ 135.40205, 34.5037383 ] } },
{ "type": "Feature", "properties": { "内容": "ビーナスプラス泉大津【通所介護】大阪府泉大津市春日町2-12", "url": "https://www.kaigokensaku.mhlw.go.jp/27/index.php?action_kouhyou_detail_004_kani=true&JigyosyoCd=2770602064-00&ServiceCd=150&Type=search", "url2": "https://www.venus-comrade.co.jp/" }, "geometry": { "type": "Point", "coordinates": [ 135.4079021, 34.5050149 ] } },
{ "type": "Feature", "properties": { "内容": "デイサービスわたぼうし【通所介護】大阪府泉大津市森町2丁目4-23", "url": "https://www.kaigokensaku.mhlw.go.jp/27/index.php?action_kouhyou_detail_004_kani=true&JigyosyoCd=2770602270-00&ServiceCd=150&Type=search", "url2": null }, "geometry": { "type": "Point", "coordinates": [ 135.4255684, 34.5093956 ] } },
{ "type": "Feature", "properties": { "内容": "太陽Ⅲ【通所介護】大阪府泉大津市昭和町3-29", "url": "https://www.kaigokensaku.mhlw.go.jp/27/index.php?action_kouhyou_detail_004_kani=true&JigyosyoCd=2770601926-00&ServiceCd=150&Type=search", "url2": null }, "geometry": { "type": "Point", "coordinates": [ 135.405010558779708, 34.499749422072952 ] } },
{ "type": "Feature", "properties": { "内容": "オズだいすき倶楽部デイサービスセンター【通所介護】大阪府泉大津市池浦町三丁目10番16号", "url": "https://www.kaigokensaku.mhlw.go.jp/27/index.php?action_kouhyou_detail_004_kani=true&JigyosyoCd=2770601215-00&ServiceCd=150&Type=search", "url2": "http://oz-tokuyo.jp" }, "geometry": { "type": "Point", "coordinates": [ 135.417627399999986, 34.4977803 ] } },
{ "type": "Feature", "properties": { "内容": "オズデイサービスセンター【通所介護】大阪府泉大津市菅原町10-33", "url": "https://www.kaigokensaku.mhlw.go.jp/27/index.php?action_kouhyou_detail_004_kani=true&JigyosyoCd=2770600068-00&ServiceCd=150&Type=search", "url2": "http://oz-tokuyo.jp" }, "geometry": { "type": "Point", "coordinates": [ 135.402817499999969, 34.5066153 ] } },
{ "type": "Feature", "properties": { "内容": "デイサービスセンター　覚寿園【通所介護】大阪府泉大津市曽根町２丁目２番３８号", "url": "https://www.kaigokensaku.mhlw.go.jp/27/index.php?action_kouhyou_detail_004_kani=true&JigyosyoCd=2770600134-00&ServiceCd=150&Type=search", "url2": "http://www.kakujuen.or.jp" }, "geometry": { "type": "Point", "coordinates": [ 135.422552, 34.5017548 ] } },
{ "type": "Feature", "properties": { "内容": "ローズガーデン条南苑デイサービスセンター【通所介護】大阪府泉大津市東豊中町2丁目3番24号", "url": "https://www.kaigokensaku.mhlw.go.jp/27/index.php?action_kouhyou_detail_004_kani=true&JigyosyoCd=2770600571-00&ServiceCd=150&Type=search", "url2": "http://www.toyonaka-fukushikai.com" }, "geometry": { "type": "Point", "coordinates": [ 135.426554298147607, 34.493387872156205 ] } },
{ "type": "Feature", "properties": { "内容": "ローズテラスデイサービスセンター【通所介護】大阪府泉大津市東豊中町2丁目6-37", "url": "https://www.kaigokensaku.mhlw.go.jp/27/index.php?action_kouhyou_detail_004_kani=true&JigyosyoCd=2770601298-00&ServiceCd=150&Type=search", "url2": "http://www.toyonaka-fukushikai.com/" }, "geometry": { "type": "Point", "coordinates": [ 135.424959510409508, 34.492276794097037 ] } },
{ "type": "Feature", "properties": { "内容": "ローズ若宮の杜【通所介護】大阪府泉大津市若宮町４番３２号", "url": "https://www.kaigokensaku.mhlw.go.jp/27/index.php?action_kouhyou_detail_004_kani=true&JigyosyoCd=2770601850-00&ServiceCd=150&Type=search", "url2": "http://www.toyonaka-fukushikai.com/" }, "geometry": { "type": "Point", "coordinates": [ 135.405265299999968, 34.504816865279395 ] } },
{ "type": "Feature", "properties": { "内容": "デイサービス　タタミ【通所介護】大阪府泉大津市東雲町４－２６", "url": "https://www.kaigokensaku.mhlw.go.jp/27/index.php?action_kouhyou_detail_004_kani=true&JigyosyoCd=2770601306-00&ServiceCd=150&Type=search", "url2": null }, "geometry": { "type": "Point", "coordinates": [ 135.410020506082247, 34.502479445993863 ] } },
{ "type": "Feature", "properties": { "内容": "デイサービスＣｏＣｏどりーむ【通所介護】泉大津市田中町7番20号", "url": "https://www.kaigokensaku.mhlw.go.jp/27/index.php?action_kouhyou_detail_004_kani=true&JigyosyoCd=2770601413-00&ServiceCd=150&Type=search", "url2": "http://www.m-a-e.net/" }, "geometry": { "type": "Point", "coordinates": [ 135.4036592, 34.5027768 ] } },
{ "type": "Feature", "properties": { "内容": "さんSUNデイサービス泉大津【通所介護】大阪府泉大津市清水町1-40", "url": "https://www.kaigokensaku.mhlw.go.jp/27/index.php?action_kouhyou_detail_004_kani=true&JigyosyoCd=2770601827-00&ServiceCd=150&Type=search", "url2": "http://www.sunsun-izumiotsu.com" }, "geometry": { "type": "Point", "coordinates": [ 135.39787960000001, 34.499123900000015 ] } },
{ "type": "Feature", "properties": { "内容": "デイサービスセンター覚寿園Re:la【通所介護】大阪府泉大津市二田町三丁目１１番１４号レジデンス楠1階", "url": "https://www.kaigokensaku.mhlw.go.jp/27/index.php?action_kouhyou_detail_004_kani=true&JigyosyoCd=2770602379-00&ServiceCd=150&Type=search", "url2": null }, "geometry": { "type": "Point", "coordinates": [ 135.4168195, 34.5064365 ] } },
{ "type": "Feature", "properties": { "内容": "かえるフィット【通所介護】大阪府泉大津市北豊中町3丁目1－13", "url": "https://www.kaigokensaku.mhlw.go.jp/27/index.php?action_kouhyou_detail_004_kani=true&JigyosyoCd=2770602189-00&ServiceCd=150&Type=search", "url2": "https://www.poltebonheur.com/" }, "geometry": { "type": "Point", "coordinates": [ 135.42697, 34.4954508 ] } },
{ "type": "Feature", "properties": { "内容": "結屋泉大津デイセンター【通所介護】大阪府泉大津市我孫子400-1", "url": "https://www.kaigokensaku.mhlw.go.jp/27/index.php?action_kouhyou_detail_004_kani=true&JigyosyoCd=2770602148-00&ServiceCd=150&Type=search", "url2": "http://musubiya6.wix.com/musubiya" }, "geometry": { "type": "Point", "coordinates": [ 135.4151382, 34.4907772 ] } },
{ "type": "Feature", "properties": { "内容": "デイサービスセンター聖和【通所介護】大阪府泉大津市池浦町5-12-13", "url": "https://www.kaigokensaku.mhlw.go.jp/27/index.php?action_kouhyou_detail_004_kani=true&JigyosyoCd=2770602411-00&ServiceCd=150&Type=search", "url2": null }, "geometry": { "type": "Point", "coordinates": [ 135.4195341, 34.4990397 ] } },
{ "type": "Feature", "properties": { "内容": "デイサービスアンドユー【通所介護】大阪府泉大津市我孫子６０８番地の2", "url": "https://www.kaigokensaku.mhlw.go.jp/27/index.php?action_kouhyou_detail_004_kani=true&JigyosyoCd=2770602239-00&ServiceCd=150&Type=search", "url2": "https://brown640167.studio.site" }, "geometry": { "type": "Point", "coordinates": [ 135.416546399999987, 34.4889454 ] } },
{ "type": "Feature", "properties": { "内容": "リハ栄養センターリハビリGO泉大津【通所介護】大阪府泉大津市我孫子150番地1階", "url": "https://www.kaigokensaku.mhlw.go.jp/27/index.php?action_kouhyou_detail_004_kani=true&JigyosyoCd=2770602122-00&ServiceCd=150&Type=search", "url2": "https://www.medigo.biz/" }, "geometry": { "type": "Point", "coordinates": [ 135.4155742, 34.4890966 ] } },
{ "type": "Feature", "properties": { "内容": "トップ・ケアさくらデイサービスセンター【通所介護】大阪府高槻市上土室一丁目5番4号", "url": "https://www.kaigokensaku.mhlw.go.jp/27/index.php?action_kouhyou_detail_004_kani=true&JigyosyoCd=2770906176-00&ServiceCd=150&Type=search", "url2": "https://www.topcare.co.jp" }, "geometry": { "type": "Point", "coordinates": [ 135.580988600000012, 34.8520286 ] } },
{ "type": "Feature", "properties": { "内容": "デイサービスはなのき高槻芥川【通所介護】大阪府高槻市芥川町4丁目6番2号ザ・ガーデンスイートⅡ　1階", "url": "https://www.kaigokensaku.mhlw.go.jp/27/index.php?action_kouhyou_detail_004_kani=true&JigyosyoCd=2770905616-00&ServiceCd=150&Type=search", "url2": null }, "geometry": { "type": "Point", "coordinates": [ 135.610509, 34.8519166 ] } },
{ "type": "Feature", "properties": { "内容": "デイサービスはなのき高槻氷室【通所介護】大阪府高槻市氷室町２丁目９番２０号", "url": "https://www.kaigokensaku.mhlw.go.jp/27/index.php?action_kouhyou_detail_004_kani=true&JigyosyoCd=2770905483-00&ServiceCd=150&Type=search", "url2": null }, "geometry": { "type": "Point", "coordinates": [ 135.5892048, 34.845622100000014 ] } },
{ "type": "Feature", "properties": { "内容": "アイケアライフ芥川【通所介護】高槻市芥川町三丁目１２番３３号中日本興産ビル３階", "url": "https://www.kaigokensaku.mhlw.go.jp/27/index.php?action_kouhyou_detail_004_kani=true&JigyosyoCd=2770901847-00&ServiceCd=150&Type=search", "url2": null }, "geometry": { "type": "Point", "coordinates": [ 135.612040808845421, 34.850573699800194 ] } },
{ "type": "Feature", "properties": { "内容": "エルケア株式会社エルケアデイサービス高槻2号館【通所介護】大阪府高槻市城北町1-7-10ReineNordInoue", "url": "https://www.kaigokensaku.mhlw.go.jp/27/index.php?action_kouhyou_detail_004_kani=true&JigyosyoCd=2770903975-00&ServiceCd=150&Type=search", "url2": "https://www.l-care.jp/" }, "geometry": { "type": "Point", "coordinates": [ 135.619907499999954, 34.8466418 ] } },
{ "type": "Feature", "properties": { "内容": "エルケア株式会社エルケアデイサービス高槻【通所介護】大阪府高槻市月見町11番1号1階", "url": "https://www.kaigokensaku.mhlw.go.jp/27/index.php?action_kouhyou_detail_004_kani=true&JigyosyoCd=2770903157-00&ServiceCd=150&Type=search", "url2": "https://www.l-care.jp/" }, "geometry": { "type": "Point", "coordinates": [ 135.6132523, 34.8591961 ] } },
{ "type": "Feature", "properties": { "内容": "デイサービスぽんぽん山【通所介護】大阪府高槻市別所中の町８番２号", "url": "https://www.kaigokensaku.mhlw.go.jp/27/index.php?action_kouhyou_detail_004_kani=true&JigyosyoCd=2770902985-00&ServiceCd=150&Type=search", "url2": "http://ponponyama.o.oo7.jp" }, "geometry": { "type": "Point", "coordinates": [ 135.626770399999941, 34.8593796 ] } },
{ "type": "Feature", "properties": { "内容": "医療法人仁寿会　リハビリデイサービスセンター大塚円珠の森【通所介護】大阪府高槻市大塚町1丁目1番11号", "url": "https://www.kaigokensaku.mhlw.go.jp/27/index.php?action_kouhyou_detail_004_kani=true&JigyosyoCd=2770903983-00&ServiceCd=150&Type=search", "url2": null }, "geometry": { "type": "Point", "coordinates": [ 135.6321758, 34.8272242 ] } },
{ "type": "Feature", "properties": { "内容": "デイサービスセンター円珠の森【通所介護】大阪府高槻市北柳川町２番６号", "url": "https://www.kaigokensaku.mhlw.go.jp/27/index.php?action_kouhyou_detail_004_kani=true&JigyosyoCd=2770901565-00&ServiceCd=150&Type=search", "url2": "http://jinjyu-kai.jp/care/facilities/dsc_enjunomori.html" }, "geometry": { "type": "Point", "coordinates": [ 135.592868800000019, 34.8269687 ] } },
{ "type": "Feature", "properties": { "内容": "上牧デイサービスセンター【通所介護】大阪府高槻市神内2丁目23番1号", "url": "https://www.kaigokensaku.mhlw.go.jp/27/index.php?action_kouhyou_detail_004_kani=true&JigyosyoCd=2770901144-00&ServiceCd=150&Type=search", "url2": "http://minasehp.jp/" }, "geometry": { "type": "Point", "coordinates": [ 135.661134299999958, 34.8729813 ] } },
{ "type": "Feature", "properties": { "内容": "リハビリデイサービスセンターｇｅｎｋｉ（松川町店）【通所介護】大阪府高槻市松川町５番１３号三廣ビル", "url": "https://www.kaigokensaku.mhlw.go.jp/27/index.php?action_kouhyou_detail_004_kani=true&JigyosyoCd=2770904106-00&ServiceCd=150&Type=search", "url2": "http://genki-cp.com" }, "geometry": { "type": "Point", "coordinates": [ 135.630706700000019, 34.8376957 ] } },
{ "type": "Feature", "properties": { "内容": "リハビリデイサービスセンターｇｅｎｋｉ（若松店）【通所介護】大阪府高槻市若松町３－３", "url": "https://www.kaigokensaku.mhlw.go.jp/27/index.php?action_kouhyou_detail_004_kani=true&JigyosyoCd=2770905954-00&ServiceCd=150&Type=search", "url2": "http://genki-cp.com" }, "geometry": { "type": "Point", "coordinates": [ 135.630386499999986, 34.836364 ] } },
{ "type": "Feature", "properties": { "内容": "リハビリデイサービスセンターｇｅｎｋｉ（城南店）【通所介護】大阪府高槻市城南町２丁目３－１２", "url": "https://www.kaigokensaku.mhlw.go.jp/27/index.php?action_kouhyou_detail_004_kani=true&JigyosyoCd=2770905087-00&ServiceCd=150&Type=search", "url2": "https://genki-corp.jp/" }, "geometry": { "type": "Point", "coordinates": [ 135.622307399999954, 34.8399369 ] } },
{ "type": "Feature", "properties": { "内容": "デイサービス喜楽庵【通所介護】大阪府高槻市津之江北町8番11号", "url": "https://www.kaigokensaku.mhlw.go.jp/27/index.php?action_kouhyou_detail_004_kani=true&JigyosyoCd=2770902035-00&ServiceCd=150&Type=search", "url2": null }, "geometry": { "type": "Point", "coordinates": [ 135.606240786572243, 34.842340355662209 ] } },
{ "type": "Feature", "properties": { "内容": "高槻デイサービス爽やかな風【通所介護】大阪府高槻市西真上1丁目36-15たかつき翔裕館", "url": "https://www.kaigokensaku.mhlw.go.jp/27/index.php?action_kouhyou_detail_004_kani=true&JigyosyoCd=2770903959-00&ServiceCd=150&Type=search", "url2": "https://sangajapan.jp/" }, "geometry": { "type": "Point", "coordinates": [ 135.606080900000052, 34.8591043 ] } },
{ "type": "Feature", "properties": { "内容": "ツクイ高槻安岡寺【通所介護】大阪府高槻市安岡寺町四丁目2番6号", "url": "https://www.kaigokensaku.mhlw.go.jp/27/index.php?action_kouhyou_detail_004_kani=true&JigyosyoCd=2770903272-00&ServiceCd=150&Type=search", "url2": "http://www.tsukui.net/" }, "geometry": { "type": "Point", "coordinates": [ 135.601569599999976, 34.878068 ] } },
{ "type": "Feature", "properties": { "内容": "テイクケアたかつきデイサービス【通所介護】大阪府高槻市紺屋町９番７号大一ビル１階", "url": "https://www.kaigokensaku.mhlw.go.jp/27/index.php?action_kouhyou_detail_004_kani=true&JigyosyoCd=2770902951-00&ServiceCd=150&Type=search", "url2": "http://take-care.biz/" }, "geometry": { "type": "Point", "coordinates": [ 135.618611200000032, 34.8486035 ] } },
{ "type": "Feature", "properties": { "内容": "デイセンターリハビリプラザ高槻【通所介護】大阪府高槻市永楽町1番14号", "url": "https://www.kaigokensaku.mhlw.go.jp/27/index.php?action_kouhyou_detail_004_kani=true&JigyosyoCd=2770905723-00&ServiceCd=150&Type=search", "url2": "https://www.medi-care.co.jp" }, "geometry": { "type": "Point", "coordinates": [ 135.632770099999988, 34.8463648 ] } },
{ "type": "Feature", "properties": { "内容": "いく歩デイサービス柳川町【通所介護】大阪府高槻市柳川町2丁目5-5", "url": "https://www.kaigokensaku.mhlw.go.jp/27/index.php?action_kouhyou_detail_004_kani=true&JigyosyoCd=2770905814-00&ServiceCd=150&Type=search", "url2": null }, "geometry": { "type": "Point", "coordinates": [ 135.5910438, 34.8232034 ] } },
{ "type": "Feature", "properties": { "内容": "いく歩デイサービス宮田町【通所介護】大阪府高槻市宮田町２丁目１４－１５", "url": "https://www.kaigokensaku.mhlw.go.jp/27/index.php?action_kouhyou_detail_004_kani=true&JigyosyoCd=2770903736-00&ServiceCd=150&Type=search", "url2": "https://lancar.jp/" }, "geometry": { "type": "Point", "coordinates": [ 135.591003512285766, 34.844406900000024 ] } },
{ "type": "Feature", "properties": { "内容": "高槻エルダーセンター【通所介護】高槻市東五百住町2丁目４－３２", "url": "https://www.kaigokensaku.mhlw.go.jp/27/index.php?action_kouhyou_detail_004_kani=true&JigyosyoCd=2770901748-00&ServiceCd=150&Type=search", "url2": "http://care-net.biz/27/shouei/" }, "geometry": { "type": "Point", "coordinates": [ 135.603431399999977, 34.8383065 ] } },
{ "type": "Feature", "properties": { "内容": "ともしび苑　デイサービスセンター【通所介護】大阪府高槻市安岡寺町6丁目6番1号", "url": "https://www.kaigokensaku.mhlw.go.jp/27/index.php?action_kouhyou_detail_004_kani=true&JigyosyoCd=2770900492-00&ServiceCd=150&Type=search", "url2": "http://tomoshibifukushikai.jp/" }, "geometry": { "type": "Point", "coordinates": [ 135.606675099999961, 34.8818491 ] } },
{ "type": "Feature", "properties": { "内容": "デイサービスセンター和朗園【通所介護】高槻市井尻２丁目３７番８号", "url": "https://www.kaigokensaku.mhlw.go.jp/27/index.php?action_kouhyou_detail_004_kani=true&JigyosyoCd=2770901334-00&ServiceCd=150&Type=search", "url2": "http://www.kyousei-fukushi..or.jp" }, "geometry": { "type": "Point", "coordinates": [ 135.6490384, 34.8551192 ] } },
{ "type": "Feature", "properties": { "内容": "社会福祉法人健康会　健康会牧田町ケアセンター【通所介護】大阪府高槻市牧田町7-56-1", "url": "https://www.kaigokensaku.mhlw.go.jp/27/index.php?action_kouhyou_detail_004_kani=true&JigyosyoCd=2770904635-00&ServiceCd=150&Type=search", "url2": "http://kenkou-kai.or.jp" }, "geometry": { "type": "Point", "coordinates": [ 135.603445599999986, 34.821236 ] } },
{ "type": "Feature", "properties": { "内容": "れんげ荘　デイサービスセンター【通所介護】高槻市三島江４丁目３８番７号", "url": "https://www.kaigokensaku.mhlw.go.jp/27/index.php?action_kouhyou_detail_004_kani=true&JigyosyoCd=2770900872-00&ServiceCd=150&Type=search", "url2": "http://www.rengesou.or.jp" }, "geometry": { "type": "Point", "coordinates": [ 135.609095300000035, 34.796811 ] } },
{ "type": "Feature", "properties": { "内容": "高槻けやきの郷　通所介護事業所【通所介護】高槻市番田１－６０－１", "url": "https://www.kaigokensaku.mhlw.go.jp/27/index.php?action_kouhyou_detail_004_kani=true&JigyosyoCd=2770901763-00&ServiceCd=150&Type=search", "url2": "http://swc-seikouen.jp/takatuki/index.htm" }, "geometry": { "type": "Point", "coordinates": [ 135.624676799999946, 34.8179784 ] } },
{ "type": "Feature", "properties": { "内容": "ミス・ブール記念ホーム　デイサービスセンター【通所介護】高槻市松が丘1丁目21－9", "url": "https://www.kaigokensaku.mhlw.go.jp/27/index.php?action_kouhyou_detail_004_kani=true&JigyosyoCd=2770900716-00&ServiceCd=150&Type=search", "url2": "http://yohane-g.jp/publics/index/24/" }, "geometry": { "type": "Point", "coordinates": [ 135.59955089999994, 34.8713806 ] } },
{ "type": "Feature", "properties": { "内容": "デイサービスセンターひばり【通所介護】大阪府高槻市三箇牧二丁目20番3号", "url": "https://www.kaigokensaku.mhlw.go.jp/27/index.php?action_kouhyou_detail_004_kani=true&JigyosyoCd=2770901896-00&ServiceCd=150&Type=search", "url2": "http://tahoukai-hibarien.com" }, "geometry": { "type": "Point", "coordinates": [ 135.601785, 34.7978662 ] } },
{ "type": "Feature", "properties": { "内容": "高槻荘郡家デイサービスセンター【通所介護】高槻市郡家新町４８－２１", "url": "https://www.kaigokensaku.mhlw.go.jp/27/index.php?action_kouhyou_detail_004_kani=true&JigyosyoCd=2770900781-00&ServiceCd=150&Type=search", "url2": "https://takatsuki-huku2.wixsite.com/osj-takatukisou" }, "geometry": { "type": "Point", "coordinates": [ 135.595868099999961, 34.8514911 ] } },
{ "type": "Feature", "properties": { "内容": "柚木デイサービスセンター【通所介護】大阪府高槻市富田町五丁目１6番６号", "url": "https://www.kaigokensaku.mhlw.go.jp/27/index.php?action_kouhyou_detail_004_kani=true&JigyosyoCd=2770901532-00&ServiceCd=150&Type=search", "url2": "http://tumuginoie.jimdo.com/" }, "geometry": { "type": "Point", "coordinates": [ 135.5968044, 34.831229399999984 ] } },
{ "type": "Feature", "properties": { "内容": "ウィズまごころ【通所介護】大阪府高槻市如是町28-1日商岩井高槻マンション・109", "url": "https://www.kaigokensaku.mhlw.go.jp/27/index.php?action_kouhyou_detail_004_kani=true&JigyosyoCd=2770905871-00&ServiceCd=150&Type=search", "url2": "https://npo-magokoro.com/pages/54/" }, "geometry": { "type": "Point", "coordinates": [ 135.6020116, 34.8327277 ] } },
{ "type": "Feature", "properties": { "内容": "デイサービスセンターゆうゆうらんど【通所介護】大阪府高槻市辻子２丁目２８番１号", "url": "https://www.kaigokensaku.mhlw.go.jp/27/index.php?action_kouhyou_detail_004_kani=true&JigyosyoCd=2770902381-00&ServiceCd=150&Type=search", "url2": null }, "geometry": { "type": "Point", "coordinates": [ 135.63218341520539, 34.833626029621684 ] } },
{ "type": "Feature", "properties": { "内容": "デイサービスセンターつむぎの家【通所介護】高槻市富田町5丁目16-6", "url": "https://www.kaigokensaku.mhlw.go.jp/27/index.php?action_kouhyou_detail_004_kani=true&JigyosyoCd=2770902522-00&ServiceCd=150&Type=search", "url2": "http://tumuginoie.jimdo.com/" }, "geometry": { "type": "Point", "coordinates": [ 135.596648831877133, 34.831004830462774 ] } },
{ "type": "Feature", "properties": { "内容": "ポシブル高槻西【通所介護】大阪府高槻市栄町１丁目１－７", "url": "https://www.kaigokensaku.mhlw.go.jp/27/index.php?action_kouhyou_detail_004_kani=true&JigyosyoCd=2770904205-00&ServiceCd=150&Type=search", "url2": null }, "geometry": { "type": "Point", "coordinates": [ 135.5946945, 34.8269022 ] } },
{ "type": "Feature", "properties": { "内容": "高槻黄金の里デイサービスセンター【通所介護】高槻市黄金の里1丁目14番8号", "url": "https://www.kaigokensaku.mhlw.go.jp/27/index.php?action_kouhyou_detail_004_kani=true&JigyosyoCd=2770900708-00&ServiceCd=150&Type=search", "url2": "http://www.kogane.or.jp" }, "geometry": { "type": "Point", "coordinates": [ 135.592104599999971, 34.8748051 ] } },
{ "type": "Feature", "properties": { "内容": "エイペックスひろの老人デイサービスセンター【通所介護】大阪府高槻市前島１丁目３６番１号", "url": "https://www.kaigokensaku.mhlw.go.jp/27/index.php?action_kouhyou_detail_004_kani=true&JigyosyoCd=2770900377-00&ServiceCd=150&Type=search", "url2": "https://hironokai.com/" }, "geometry": { "type": "Point", "coordinates": [ 135.6452554, 34.8436843 ] } },
{ "type": "Feature", "properties": { "内容": "コンパスウォーク高槻富田【通所介護】大阪府高槻市富田町5-20-22フォレストンⅢ　1F", "url": "https://www.kaigokensaku.mhlw.go.jp/27/index.php?action_kouhyou_detail_004_kani=true&JigyosyoCd=2770906283-00&ServiceCd=150&Type=search", "url2": "https://www.newleafyawaragi.com/" }, "geometry": { "type": "Point", "coordinates": [ 135.5968918, 34.8300732 ] } },
{ "type": "Feature", "properties": { "内容": "デイサービスセンター共生の里【通所介護】大阪府高槻市西町８番７号", "url": "https://www.kaigokensaku.mhlw.go.jp/27/index.php?action_kouhyou_detail_004_kani=true&JigyosyoCd=2770901631-00&ServiceCd=150&Type=search", "url2": "http://www.kyouseinosato.jp/index.html" }, "geometry": { "type": "Point", "coordinates": [ 135.5940326, 34.8231607 ] } },
{ "type": "Feature", "properties": { "内容": "レッツ倶楽部高槻安岡寺【通所介護】大阪府高槻市安岡寺町1-2-10", "url": "https://www.kaigokensaku.mhlw.go.jp/27/index.php?action_kouhyou_detail_004_kani=true&JigyosyoCd=2770905392-00&ServiceCd=150&Type=search", "url2": "https://www.lets-club.jp/shop/takatsukiankoji/" }, "geometry": { "type": "Point", "coordinates": [ 135.6013197, 34.8716178 ] } },
{ "type": "Feature", "properties": { "内容": "癒しのデイサービス高槻【通所介護】大阪府高槻市八丁西町3-19", "url": "https://www.kaigokensaku.mhlw.go.jp/27/index.php?action_kouhyou_detail_004_kani=true&JigyosyoCd=2770902423-00&ServiceCd=150&Type=search", "url2": "http://www.riei.co.jp" }, "geometry": { "type": "Point", "coordinates": [ 135.623648600000024, 34.8537496 ] } },
{ "type": "Feature", "properties": { "内容": "ほのかデイサービスセンター【通所介護】大阪府高槻市大蔵司2丁目3番２３号", "url": "https://www.kaigokensaku.mhlw.go.jp/27/index.php?action_kouhyou_detail_004_kani=true&JigyosyoCd=2770903413-00&ServiceCd=150&Type=search", "url2": "http://www.honokaday.com/" }, "geometry": { "type": "Point", "coordinates": [ 135.598605790213043, 34.86098957585623 ] } },
{ "type": "Feature", "properties": { "内容": "デイサービスセンター晴耕雨読舎【通所介護】大阪府高槻市原2235番地", "url": "https://www.kaigokensaku.mhlw.go.jp/27/index.php?action_kouhyou_detail_004_kani=true&JigyosyoCd=2770903066-00&ServiceCd=150&Type=search", "url2": "http://npo-takatsuki.org/" }, "geometry": { "type": "Point", "coordinates": [ 135.593704399999979, 34.8841209 ] } },
{ "type": "Feature", "properties": { "内容": "デイサービスセンターレサンテ高槻【通所介護】大阪府高槻市辻子3丁目74番4号ルグラン高槻", "url": "https://www.kaigokensaku.mhlw.go.jp/27/index.php?action_kouhyou_detail_004_kani=true&JigyosyoCd=2770905509-00&ServiceCd=150&Type=search", "url2": "https://www.kawasho-hl.jp/" }, "geometry": { "type": "Point", "coordinates": [ 135.6275454, 34.830543 ] } },
{ "type": "Feature", "properties": { "内容": "デイサービスセラピア【通所介護】大阪府貝塚市鳥羽48-1", "url": "https://www.kaigokensaku.mhlw.go.jp/27/index.php?action_kouhyou_detail_004_kani=true&JigyosyoCd=2771302383-00&ServiceCd=150&Type=search", "url2": null }, "geometry": { "type": "Point", "coordinates": [ 135.366273700000022, 34.434757 ] } },
{ "type": "Feature", "properties": { "内容": "ふらっとデイサービス【通所介護】大阪府貝塚市清児498", "url": "https://www.kaigokensaku.mhlw.go.jp/27/index.php?action_kouhyou_detail_004_kani=true&JigyosyoCd=2771302144-00&ServiceCd=150&Type=search", "url2": "http://hp.kaipoke.biz/m3u/index.html" }, "geometry": { "type": "Point", "coordinates": [ 135.37630813491819, 34.424029500588162 ] } },
{ "type": "Feature", "properties": { "内容": "デイサービス花水木　二色の浜【通所介護】大阪府貝塚市浦田１１０", "url": "https://www.kaigokensaku.mhlw.go.jp/27/index.php?action_kouhyou_detail_004_kani=true&JigyosyoCd=2771302102-00&ServiceCd=150&Type=search", "url2": "http://www.taniwaki.co.jp" }, "geometry": { "type": "Point", "coordinates": [ 135.3479069, 34.4357311 ] } },
{ "type": "Feature", "properties": { "内容": "リハビリデイサービス開夢【通所介護】大阪府貝塚市脇浜四丁目１０番１号", "url": "https://www.kaigokensaku.mhlw.go.jp/27/index.php?action_kouhyou_detail_004_kani=true&JigyosyoCd=2771301401-00&ServiceCd=150&Type=search", "url2": null }, "geometry": { "type": "Point", "coordinates": [ 135.346298700000034, 34.43828910000002 ] } },
{ "type": "Feature", "properties": { "内容": "デイサービス歓館【通所介護】大阪府貝塚市堤74番地1", "url": "https://www.kaigokensaku.mhlw.go.jp/27/index.php?action_kouhyou_detail_004_kani=true&JigyosyoCd=2771302151-00&ServiceCd=150&Type=search", "url2": "https://gaku-raku.jp/" }, "geometry": { "type": "Point", "coordinates": [ 135.3589422, 34.4301291 ] } },
{ "type": "Feature", "properties": { "内容": "デイサービス庵【通所介護】大阪府貝塚市脇浜４丁目３１番５８号", "url": "https://www.kaigokensaku.mhlw.go.jp/27/index.php?action_kouhyou_detail_004_kani=true&JigyosyoCd=2771301609-00&ServiceCd=150&Type=search", "url2": null }, "geometry": { "type": "Point", "coordinates": [ 135.3412518, 34.4412582 ] } },
{ "type": "Feature", "properties": { "内容": "デイサービスそらまめ清児【通所介護】大阪府貝塚市清児481-2", "url": "https://www.kaigokensaku.mhlw.go.jp/27/index.php?action_kouhyou_detail_004_kani=true&JigyosyoCd=2771301476-00&ServiceCd=150&Type=search", "url2": "http://www4.plala.or.jp/kyu-group/soramame" }, "geometry": { "type": "Point", "coordinates": [ 135.375712554596333, 34.422828031878446 ] } },
{ "type": "Feature", "properties": { "内容": "老人デイサービスセンター　ふれあい二色の浜【通所介護】大阪府貝塚市澤525番１", "url": "https://www.kaigokensaku.mhlw.go.jp/27/index.php?action_kouhyou_detail_004_kani=true&JigyosyoCd=2771300338-00&ServiceCd=150&Type=search", "url2": "http://www.enjyukai.or.jp/" }, "geometry": { "type": "Point", "coordinates": [ 135.339663299999984, 34.4335758 ] } },
{ "type": "Feature", "properties": { "内容": "デイサービスセンターきしまの里【通所介護】大阪府貝塚市三ツ松８６９-１", "url": "https://www.kaigokensaku.mhlw.go.jp/27/index.php?action_kouhyou_detail_004_kani=true&JigyosyoCd=2771301070-00&ServiceCd=150&Type=search", "url2": "http://seishinen.com" }, "geometry": { "type": "Point", "coordinates": [ 135.381990618315882, 34.41238268548625 ] } },
{ "type": "Feature", "properties": { "内容": "水間ヶ丘デイサービスセンター【通所介護】大阪府貝塚市加神一丁目２４番３６号", "url": "https://www.kaigokensaku.mhlw.go.jp/27/index.php?action_kouhyou_detail_004_kani=true&JigyosyoCd=2771300148-00&ServiceCd=150&Type=search", "url2": "http://www.kenjinkai-mizuma.jp/" }, "geometry": { "type": "Point", "coordinates": [ 135.353895519715934, 34.438914156840454 ] } },
{ "type": "Feature", "properties": { "内容": "ネクストりぶり～デイサービスセンター【通所介護】大阪府貝塚市東山　2－1－1", "url": "https://www.kaigokensaku.mhlw.go.jp/27/index.php?action_kouhyou_detail_004_kani=true&JigyosyoCd=2771300379-00&ServiceCd=150&Type=search", "url2": "http://www4.ocn.ne.jp/~lively8/" }, "geometry": { "type": "Point", "coordinates": [ 135.3912995, 34.418421199999983 ] } },
{ "type": "Feature", "properties": { "内容": "まんじゅ貝塚ほっとデイサービス【通所介護】大阪府貝塚市加神２丁目２番７号まんじゅ貝塚", "url": "https://www.kaigokensaku.mhlw.go.jp/27/index.php?action_kouhyou_detail_004_kani=true&JigyosyoCd=2771302656-00&ServiceCd=150&Type=search", "url2": "https://www.terada-manju.jp/" }, "geometry": { "type": "Point", "coordinates": [ 135.3520423, 34.4394569 ] } },
{ "type": "Feature", "properties": { "内容": "脳卒中特化型リハビリデイサービスKijiN【通所介護】大阪府貝塚市畠中1丁目2-19", "url": "https://www.kaigokensaku.mhlw.go.jp/27/index.php?action_kouhyou_detail_004_kani=true&JigyosyoCd=2771302441-00&ServiceCd=150&Type=search", "url2": null }, "geometry": { "type": "Point", "coordinates": [ 135.3581317, 34.4390385 ] } },
{ "type": "Feature", "properties": { "内容": "デイサービスめぐみ苑【通所介護】大阪府貝塚市畠中593-1", "url": "https://www.kaigokensaku.mhlw.go.jp/27/index.php?action_kouhyou_detail_004_kani=true&JigyosyoCd=2771301252-00&ServiceCd=150&Type=search", "url2": "http://kei-care.com" }, "geometry": { "type": "Point", "coordinates": [ 135.358962499999961, 34.4374762 ] } },
{ "type": "Feature", "properties": { "内容": "デイサービスセンターいこいの家福田【通所介護】大阪府貝塚市福田25-2", "url": "https://www.kaigokensaku.mhlw.go.jp/27/index.php?action_kouhyou_detail_004_kani=true&JigyosyoCd=2771301120-00&ServiceCd=150&Type=search", "url2": "http://www.ikoinoie-kaizuka.jp/" }, "geometry": { "type": "Point", "coordinates": [ 135.363874799999962, 34.4399864 ] } },
{ "type": "Feature", "properties": { "内容": "デイサービスセンターいこいの家【通所介護】大阪府貝塚市堤38番地の4", "url": "https://www.kaigokensaku.mhlw.go.jp/27/index.php?action_kouhyou_detail_004_kani=true&JigyosyoCd=2771300593-00&ServiceCd=150&Type=search", "url2": "http://ikoinoie-kaizuka.jp" }, "geometry": { "type": "Point", "coordinates": [ 135.35741459999997, 34.4280265 ] } },
{ "type": "Feature", "properties": { "内容": "デイサービスセンターピース【通所介護】大阪府貝塚市麻生中５０８番地2", "url": "https://www.kaigokensaku.mhlw.go.jp/27/index.php?action_kouhyou_detail_004_kani=true&JigyosyoCd=2771300460-00&ServiceCd=150&Type=search", "url2": null }, "geometry": { "type": "Point", "coordinates": [ 135.369219, 34.4296572 ] } },
{ "type": "Feature", "properties": { "内容": "デイサービスセンター　ふれあい二色の浜　敏庵【通所介護】大阪府貝塚市澤526番", "url": "https://www.kaigokensaku.mhlw.go.jp/27/index.php?action_kouhyou_detail_004_kani=true&JigyosyoCd=2771302052-00&ServiceCd=150&Type=search", "url2": "http://www.enjyukai.or.jp/" }, "geometry": { "type": "Point", "coordinates": [ 135.341674300000022, 34.4320315 ] } },
{ "type": "Feature", "properties": { "内容": "二色の浜デイサービス【通所介護】大阪府貝塚市澤１０２８番地の１３", "url": "https://www.kaigokensaku.mhlw.go.jp/27/index.php?action_kouhyou_detail_004_kani=true&JigyosyoCd=2771300510-00&ServiceCd=150&Type=search", "url2": "http://nishikinohama.jimdo.com/デイサービス/" }, "geometry": { "type": "Point", "coordinates": [ 135.341806691401672, 34.440779427805545 ] } },
{ "type": "Feature", "properties": { "内容": "デイサービス遊貝塚東山【通所介護】大阪府貝塚市東山6丁目9-16", "url": "https://www.kaigokensaku.mhlw.go.jp/27/index.php?action_kouhyou_detail_004_kani=true&JigyosyoCd=2771302839-00&ServiceCd=150&Type=search", "url2": "https://d-service-yuu.com/" }, "geometry": { "type": "Point", "coordinates": [ 135.392450599999989, 34.4100218 ] } },
{ "type": "Feature", "properties": { "内容": "デイサービス絆【通所介護】大阪府貝塚市三ツ松2275－5", "url": "https://www.kaigokensaku.mhlw.go.jp/27/index.php?action_kouhyou_detail_004_kani=true&JigyosyoCd=2771302094-00&ServiceCd=150&Type=search", "url2": "https://www.tac-company1001.com/" }, "geometry": { "type": "Point", "coordinates": [ 135.375360300000011, 34.4093238 ] } },
{ "type": "Feature", "properties": { "内容": "デイサービス貝塚駅前【通所介護】大阪府貝塚市中町1番13号ミサワレジデンスＫＡＩＺＵＫＡ　２Ｆ", "url": "https://www.kaigokensaku.mhlw.go.jp/27/index.php?action_kouhyou_detail_004_kani=true&JigyosyoCd=2771301088-00&ServiceCd=150&Type=search", "url2": "https://az-sereve.com/news/" }, "geometry": { "type": "Point", "coordinates": [ 135.358461199999965, 34.4466104 ] } },
{ "type": "Feature", "properties": { "内容": "いっぽ【通所介護】大阪府貝塚市新井１０７", "url": "https://www.kaigokensaku.mhlw.go.jp/27/index.php?action_kouhyou_detail_004_kani=true&JigyosyoCd=2771302458-00&ServiceCd=150&Type=search", "url2": "https://ippo-kaizuka.net/" }, "geometry": { "type": "Point", "coordinates": [ 135.36710184536895, 34.440988170823431 ] } },
{ "type": "Feature", "properties": { "内容": "デイサービスつるかめリハビリ処【通所介護】大阪府貝塚市小瀬389-1", "url": "https://www.kaigokensaku.mhlw.go.jp/27/index.php?action_kouhyou_detail_004_kani=true&JigyosyoCd=2771301567-00&ServiceCd=150&Type=search", "url2": null }, "geometry": { "type": "Point", "coordinates": [ 135.3719102, 34.4488816 ] } },
{ "type": "Feature", "properties": { "内容": "ディサービス　いっしん【通所介護】大阪府貝塚市名越831-4", "url": "https://www.kaigokensaku.mhlw.go.jp/27/index.php?action_kouhyou_detail_004_kani=true&JigyosyoCd=2771301955-00&ServiceCd=150&Type=search", "url2": "https://miura-issin.com" }, "geometry": { "type": "Point", "coordinates": [ 135.373993700000028, 34.4163645 ] } },
{ "type": "Feature", "properties": { "内容": "デイサービスくつろぎ大久保町【通所介護】大阪府守口市大久保町３丁目２７－４", "url": "https://www.kaigokensaku.mhlw.go.jp/27/index.php?action_kouhyou_detail_004_kani=true&JigyosyoCd=2773204918-00&ServiceCd=150&Type=search", "url2": null }, "geometry": { "type": "Point", "coordinates": [ 135.59683, 34.7539119 ] } },
{ "type": "Feature", "properties": { "内容": "ＡＬＳＯＫジョイライフ株式会社　デイサービスセンターナービス守口【通所介護】大阪府守口市寺内町1-13-8", "url": "https://www.kaigokensaku.mhlw.go.jp/27/index.php?action_kouhyou_detail_004_kani=true&JigyosyoCd=2773204959-00&ServiceCd=150&Type=search", "url2": "https://joylife.alsok.co.jp/" }, "geometry": { "type": "Point", "coordinates": [ 135.5640152, 34.7326619 ] } },
{ "type": "Feature", "properties": { "内容": "デイリハセンターさくら【通所介護】大阪府守口市京阪本通２丁目８番１１号", "url": "https://www.kaigokensaku.mhlw.go.jp/27/index.php?action_kouhyou_detail_004_kani=true&JigyosyoCd=2773205030-00&ServiceCd=150&Type=search", "url2": null }, "geometry": { "type": "Point", "coordinates": [ 135.559213220237723, 34.73433146992037 ] } },
{ "type": "Feature", "properties": { "内容": "げんき屋デイサービス【通所介護】大阪府守口市松月町1-17", "url": "https://www.kaigokensaku.mhlw.go.jp/27/index.php?action_kouhyou_detail_004_kani=true&JigyosyoCd=2773202201-00&ServiceCd=150&Type=search", "url2": "https://dev.genkiya-hd.co.jp/" }, "geometry": { "type": "Point", "coordinates": [ 135.5675589, 34.7373453 ] } },
{ "type": "Feature", "properties": { "内容": "まちの善デイサービス【通所介護】大阪府守口市寺方錦通１－１－１", "url": "https://www.kaigokensaku.mhlw.go.jp/27/index.php?action_kouhyou_detail_004_kani=true&JigyosyoCd=2773202110-00&ServiceCd=150&Type=search", "url2": "https://machinozen-group.com" }, "geometry": { "type": "Point", "coordinates": [ 135.572622136176335, 34.723460295134984 ] } },
{ "type": "Feature", "properties": { "内容": "ケアパートナー守口【通所介護】大阪府守口市東郷通2-3-8", "url": "https://www.kaigokensaku.mhlw.go.jp/27/index.php?action_kouhyou_detail_004_kani=true&JigyosyoCd=2773203746-00&ServiceCd=150&Type=search", "url2": "http://www.care-partner.com/" }, "geometry": { "type": "Point", "coordinates": [ 135.5817107, 34.7277212 ] } },
{ "type": "Feature", "properties": { "内容": "健康サロンサンアドバンス大日【通所介護】大阪府守口市大日東町4番32号サンミット大日102", "url": "https://www.kaigokensaku.mhlw.go.jp/27/index.php?action_kouhyou_detail_004_kani=true&JigyosyoCd=2773204538-00&ServiceCd=150&Type=search", "url2": "http://www.sanyohomescommunity.co.jp/san-advance/dainichi.html" }, "geometry": { "type": "Point", "coordinates": [ 135.582234531213373, 34.750382801942393 ] } },
{ "type": "Feature", "properties": { "内容": "ヒューマンライフケア守口の湯【通所介護】大阪府守口市寺方元町4丁目7番3号", "url": "https://www.kaigokensaku.mhlw.go.jp/27/index.php?action_kouhyou_detail_004_kani=true&JigyosyoCd=2773202300-00&ServiceCd=150&Type=search", "url2": "https://kaigo.human-lifecare.jp/facilities/ds064_Moriguchi/summary.html" }, "geometry": { "type": "Point", "coordinates": [ 135.572222598147619, 34.72418497353533 ] } },
{ "type": "Feature", "properties": { "内容": "デイサービスいずみの広場【通所介護】大阪府守口市八雲中町2-1-9", "url": "https://www.kaigokensaku.mhlw.go.jp/27/index.php?action_kouhyou_detail_004_kani=true&JigyosyoCd=2773204827-00&ServiceCd=150&Type=search", "url2": "https://ai-sen-kai.or.jp/" }, "geometry": { "type": "Point", "coordinates": [ 135.568637631155525, 34.744190549165033 ] } },
{ "type": "Feature", "properties": { "内容": "デイサービス　ラ・ソーラもりぐち【通所介護】大阪府守口市佐太中町２－９－２ラ・ソーラ街の杜＊もりぐち", "url": "https://www.kaigokensaku.mhlw.go.jp/27/index.php?action_kouhyou_detail_004_kani=true&JigyosyoCd=2773203928-00&ServiceCd=150&Type=search", "url2": "https://www.shinmeikai.jp/" }, "geometry": { "type": "Point", "coordinates": [ 135.584963, 34.7566845 ] } },
{ "type": "Feature", "properties": { "内容": "医療法人　清水会　もりぐち清水会病院　橋波リハビリセンター【通所介護】大阪府守口市橋波西之町2-4-19医療法人清水会　もりぐち清水会病院　橋波リハビリセンター", "url": "https://www.kaigokensaku.mhlw.go.jp/27/index.php?action_kouhyou_detail_004_kani=true&JigyosyoCd=2773203530-00&ServiceCd=150&Type=search", "url2": "http://www.seisuikai.net/" }, "geometry": { "type": "Point", "coordinates": [ 135.572450200000048, 34.7352039 ] } },
{ "type": "Feature", "properties": { "内容": "デイサービスはなまるの湯守口店【通所介護】大阪府守口市高瀬町3-9-28", "url": "https://www.kaigokensaku.mhlw.go.jp/27/index.php?action_kouhyou_detail_004_kani=true&JigyosyoCd=2773204835-00&ServiceCd=150&Type=search", "url2": "https://hanamaru2002.com/day_service/moriguchi/" }, "geometry": { "type": "Point", "coordinates": [ 135.564473455819694, 34.726892991109686 ] } },
{ "type": "Feature", "properties": { "内容": "デイセンターリハビリプラザ守口【通所介護】大阪府守口市下島町１２番７号", "url": "https://www.kaigokensaku.mhlw.go.jp/27/index.php?action_kouhyou_detail_004_kani=true&JigyosyoCd=2773204637-00&ServiceCd=150&Type=search", "url2": null }, "geometry": { "type": "Point", "coordinates": [ 135.5606258, 34.745747800000011 ] } },
{ "type": "Feature", "properties": { "内容": "ケアセンター竹内【通所介護】大阪府守口市長池町６番３１号", "url": "https://www.kaigokensaku.mhlw.go.jp/27/index.php?action_kouhyou_detail_004_kani=true&JigyosyoCd=2773201153-00&ServiceCd=150&Type=search", "url2": null }, "geometry": { "type": "Point", "coordinates": [ 135.559226599999988, 34.7273796 ] } },
{ "type": "Feature", "properties": { "内容": "ケアセンター竹内２号館【通所介護】大阪府守口市梅園町11番3号", "url": "https://www.kaigokensaku.mhlw.go.jp/27/index.php?action_kouhyou_detail_004_kani=true&JigyosyoCd=2773202862-00&ServiceCd=150&Type=search", "url2": null }, "geometry": { "type": "Point", "coordinates": [ 135.558309284516895, 34.727370782270874 ] } },
{ "type": "Feature", "properties": { "内容": "ビーナスクラブ守口【通所介護】大阪府守口市金田町5丁目1-4", "url": "https://www.kaigokensaku.mhlw.go.jp/27/index.php?action_kouhyou_detail_004_kani=true&JigyosyoCd=2773202797-00&ServiceCd=150&Type=search", "url2": "http://www.venus-comrade.co.jp/profile.html" }, "geometry": { "type": "Point", "coordinates": [ 135.593092, 34.76019 ] } },
{ "type": "Feature", "properties": { "内容": "ビストロリビング【通所介護】大阪府守口市馬場町2-1-10ﾙﾈｽﾌﾟﾗﾝﾄﾞｰﾙ1F", "url": "https://www.kaigokensaku.mhlw.go.jp/27/index.php?action_kouhyou_detail_004_kani=true&JigyosyoCd=2773202441-00&ServiceCd=150&Type=search", "url2": "https://purelife-kaigo.jp/" }, "geometry": { "type": "Point", "coordinates": [ 135.5609488, 34.7278962 ] } },
{ "type": "Feature", "properties": { "内容": "笑和デイサービス守口【通所介護】大阪府守口市大枝東町６－４", "url": "https://www.kaigokensaku.mhlw.go.jp/27/index.php?action_kouhyou_detail_004_kani=true&JigyosyoCd=2773203084-00&ServiceCd=150&Type=search", "url2": "https://syouwa-raku.co.jp" }, "geometry": { "type": "Point", "coordinates": [ 135.570211500000028, 34.7346067 ] } },
{ "type": "Feature", "properties": { "内容": "なるなるデイサービス守口【通所介護】大阪府守口市日向町6-9", "url": "https://www.kaigokensaku.mhlw.go.jp/27/index.php?action_kouhyou_detail_004_kani=true&JigyosyoCd=2773204710-00&ServiceCd=150&Type=search", "url2": "https://www.taiseido2011.co.jp/" }, "geometry": { "type": "Point", "coordinates": [ 135.5700415, 34.7396312 ] } },
{ "type": "Feature", "properties": { "内容": "ロータス　デイサービスもりぐち【通所介護】大阪府守口市八雲西町2-14-10もりぐち在宅サービス供給ステーション内", "url": "https://www.kaigokensaku.mhlw.go.jp/27/index.php?action_kouhyou_detail_004_kani=true&JigyosyoCd=2773200353-00&ServiceCd=150&Type=search", "url2": "https://kadomasou.jp/" }, "geometry": { "type": "Point", "coordinates": [ 135.566772600000036, 34.7456997 ] } },
{ "type": "Feature", "properties": { "内容": "デイサービスセンターごはん家族金田町【通所介護】大阪府守口市金田町三丁目2番9号", "url": "https://www.kaigokensaku.mhlw.go.jp/27/index.php?action_kouhyou_detail_004_kani=true&JigyosyoCd=2773202870-00&ServiceCd=150&Type=search", "url2": "https://gohankazoku.jp" }, "geometry": { "type": "Point", "coordinates": [ 135.594938543585926, 34.755526938079306 ] } },
{ "type": "Feature", "properties": { "内容": "鶴見緑地苑デイサービスセンター【通所介護】大阪府守口市菊水通三丁目16番2号", "url": "https://www.kaigokensaku.mhlw.go.jp/27/index.php?action_kouhyou_detail_004_kani=true&JigyosyoCd=2773202532-00&ServiceCd=150&Type=search", "url2": "https://www.seisuikai.net/" }, "geometry": { "type": "Point", "coordinates": [ 135.578330400000027, 34.729254600000019 ] } },
{ "type": "Feature", "properties": { "内容": "デイサービスセンターすずな園【通所介護】大阪府守口市大宮通１丁目１３番14号指定介護老人福祉施設すずな園", "url": "https://www.kaigokensaku.mhlw.go.jp/27/index.php?action_kouhyou_detail_004_kani=true&JigyosyoCd=2773200403-00&ServiceCd=150&Type=search", "url2": "http://www.hakuseikai.jp" }, "geometry": { "type": "Point", "coordinates": [ 135.574778882278423, 34.732408137570346 ] } },
{ "type": "Feature", "properties": { "内容": "芭食サービスくつろぎ藤田町【通所介護】大阪府守口市藤田町4-5-9", "url": "https://www.kaigokensaku.mhlw.go.jp/27/index.php?action_kouhyou_detail_004_kani=true&JigyosyoCd=2773202672-00&ServiceCd=150&Type=search", "url2": "http://hanashoku-service.com/" }, "geometry": { "type": "Point", "coordinates": [ 135.601499900000022, 34.748016700000029 ] } },
{ "type": "Feature", "properties": { "内容": "デイサービス森のきのこ【通所介護】大阪府守口市高瀬町1丁目4番11号", "url": "https://www.kaigokensaku.mhlw.go.jp/27/index.php?action_kouhyou_detail_004_kani=true&JigyosyoCd=2773203241-00&ServiceCd=150&Type=search", "url2": null }, "geometry": { "type": "Point", "coordinates": [ 135.563912134393377, 34.72943069632025 ] } },
{ "type": "Feature", "properties": { "内容": "デイサービス輻【通所介護】大阪府守口市南寺方中通1-4-10", "url": "https://www.kaigokensaku.mhlw.go.jp/27/index.php?action_kouhyou_detail_004_kani=true&JigyosyoCd=2773202177-00&ServiceCd=150&Type=search", "url2": null }, "geometry": { "type": "Point", "coordinates": [ 135.566474985432421, 34.722597198268083 ] } },
{ "type": "Feature", "properties": { "内容": "ツクイ守口南寺方デイサービス【通所介護】守口市南寺方中通三丁目１２番１０号", "url": "https://www.kaigokensaku.mhlw.go.jp/27/index.php?action_kouhyou_detail_004_kani=true&JigyosyoCd=2773201211-00&ServiceCd=150&Type=search", "url2": "http://www.tsukui.net" }, "geometry": { "type": "Point", "coordinates": [ 135.570750699999962, 34.7221858 ] } },
{ "type": "Feature", "properties": { "内容": "デイサービス笑楽　守口【通所介護】大阪府守口市金田町5丁目21番8号", "url": "https://www.kaigokensaku.mhlw.go.jp/27/index.php?action_kouhyou_detail_004_kani=true&JigyosyoCd=2773203365-00&ServiceCd=150&Type=search", "url2": "http://わらく.com" }, "geometry": { "type": "Point", "coordinates": [ 135.593632483992025, 34.761805273611429 ] } },
{ "type": "Feature", "properties": { "内容": "守口金田ケアセンターラガールデイサービス【通所介護】大阪府守口市金田町4丁目5番16号守口金田ケアセンターラガール", "url": "https://www.kaigokensaku.mhlw.go.jp/27/index.php?action_kouhyou_detail_004_kani=true&JigyosyoCd=2773203852-00&ServiceCd=150&Type=search", "url2": "http://www.koudoukai.or.jp/mk-cc/" }, "geometry": { "type": "Point", "coordinates": [ 135.592130600000019, 34.7601884 ] } },
{ "type": "Feature", "properties": { "内容": "ハッピーハレ結大久保【通所介護】大阪府守口市大久保町1丁目45-15", "url": "https://www.kaigokensaku.mhlw.go.jp/27/index.php?action_kouhyou_detail_004_kani=true&JigyosyoCd=2773204546-00&ServiceCd=150&Type=search", "url2": "http://yui-group.jp/" }, "geometry": { "type": "Point", "coordinates": [ 135.5963844, 34.752743 ] } },
{ "type": "Feature", "properties": { "内容": "デイサービス十八番【通所介護】大阪府守口市八雲東町2-53-5JPアパートメント守口Ⅳ　1階", "url": "https://www.kaigokensaku.mhlw.go.jp/27/index.php?action_kouhyou_detail_004_kani=true&JigyosyoCd=2773205006-00&ServiceCd=150&Type=search", "url2": null }, "geometry": { "type": "Point", "coordinates": [ 135.577586700000012, 34.7450299 ] } },
{ "type": "Feature", "properties": { "内容": "リハビリデイサービス　筋肉の森【通所介護】大阪府守口市大久保町5-14-7ABC・D", "url": "https://www.kaigokensaku.mhlw.go.jp/27/index.php?action_kouhyou_detail_004_kani=true&JigyosyoCd=2773204967-00&ServiceCd=150&Type=search", "url2": "https://kinniku-mori.jimdosite.com/" }, "geometry": { "type": "Point", "coordinates": [ 135.6033401, 34.7506329 ] } },
{ "type": "Feature", "properties": { "内容": "デイサービスセンター梅香苑【通所介護】大阪府守口市佐太中町６丁目４１番１９号", "url": "https://www.kaigokensaku.mhlw.go.jp/27/index.php?action_kouhyou_detail_004_kani=true&JigyosyoCd=2773200577-00&ServiceCd=150&Type=search", "url2": "http://www.baikouen.or.jp" }, "geometry": { "type": "Point", "coordinates": [ 135.588253500000064, 34.761909 ] } },
{ "type": "Feature", "properties": { "内容": "LET’ｓ俱楽部寺方本通り【通所介護】大阪府守口市寺方本通4－1－3田中第二マンション1F", "url": "https://www.kaigokensaku.mhlw.go.jp/27/index.php?action_kouhyou_detail_004_kani=true&JigyosyoCd=2773205113-00&ServiceCd=150&Type=search", "url2": "https://www.lets-club.jp/shop/terakatahondori/" }, "geometry": { "type": "Point", "coordinates": [ 135.5800193, 34.7242798 ] } },
{ "type": "Feature", "properties": { "内容": "デイサービスセンターほのか【通所介護】大阪府枚方市大峰元町1-1-20", "url": "https://www.kaigokensaku.mhlw.go.jp/27/index.php?action_kouhyou_detail_004_kani=true&JigyosyoCd=2772410474-00&ServiceCd=150&Type=search", "url2": "https://www.reliable-heartlife.com/project/honoka/" }, "geometry": { "type": "Point", "coordinates": [ 135.6836007, 34.8134319 ] } },
{ "type": "Feature", "properties": { "内容": "ディサービスセンターそらね【通所介護】大阪府枚方市大峰元町1-1-1", "url": "https://www.kaigokensaku.mhlw.go.jp/27/index.php?action_kouhyou_detail_004_kani=true&JigyosyoCd=2772410482-00&ServiceCd=150&Type=search", "url2": "http://www.reliable-heartlife.com/project/sorane/" }, "geometry": { "type": "Point", "coordinates": [ 135.6832947, 34.8132367 ] } },
{ "type": "Feature", "properties": { "内容": "でいさーびすはなのきくずは【通所介護】大阪府枚方市北船橋町30番", "url": "https://www.kaigokensaku.mhlw.go.jp/27/index.php?action_kouhyou_detail_004_kani=true&JigyosyoCd=2772410375-00&ServiceCd=150&Type=search", "url2": "https://ktc-hananoki.com/facilities/F-kuzuha.html" }, "geometry": { "type": "Point", "coordinates": [ 135.683115835581958, 34.855403454764421 ] } },
{ "type": "Feature", "properties": { "内容": "デイサービスセンタールアナ【通所介護】津田南町二丁目２３番１４号", "url": "https://www.kaigokensaku.mhlw.go.jp/27/index.php?action_kouhyou_detail_004_kani=true&JigyosyoCd=2772410201-00&ServiceCd=150&Type=search", "url2": null }, "geometry": { "type": "Point", "coordinates": [ 135.7028649, 34.8020502 ] } },
{ "type": "Feature", "properties": { "内容": "桃寿苑デイサービスひらかた【通所介護】大阪府枚方市岡本町10番25号", "url": "https://www.kaigokensaku.mhlw.go.jp/27/index.php?action_kouhyou_detail_004_kani=true&JigyosyoCd=2772409948-00&ServiceCd=150&Type=search", "url2": null }, "geometry": { "type": "Point", "coordinates": [ 135.64501150000001, 34.815199799999974 ] } },
{ "type": "Feature", "properties": { "内容": "枚方市立総合福祉会館デイサービスセンター【通所介護】大阪府枚方市新町2-1-35", "url": "https://www.kaigokensaku.mhlw.go.jp/27/index.php?action_kouhyou_detail_004_kani=true&JigyosyoCd=2772410003-00&ServiceCd=150&Type=search", "url2": "http://care-net.biz/27/3poem/" }, "geometry": { "type": "Point", "coordinates": [ 135.6474505, 34.817815 ] } },
{ "type": "Feature", "properties": { "内容": "デイサービスはなのき枚方北【通所介護】大阪府枚方市出屋敷元町一丁目４５番５", "url": "https://www.kaigokensaku.mhlw.go.jp/27/index.php?action_kouhyou_detail_004_kani=true&JigyosyoCd=2772409260-00&ServiceCd=150&Type=search", "url2": null }, "geometry": { "type": "Point", "coordinates": [ 135.685104700000039, 34.8211992 ] } },
{ "type": "Feature", "properties": { "内容": "デイサービスはなのき枚方南【通所介護】大阪府枚方市東香里二丁目29番1号", "url": "https://www.kaigokensaku.mhlw.go.jp/27/index.php?action_kouhyou_detail_004_kani=true&JigyosyoCd=2772409419-00&ServiceCd=150&Type=search", "url2": null }, "geometry": { "type": "Point", "coordinates": [ 135.649090199999989, 34.7821927 ] } },
{ "type": "Feature", "properties": { "内容": "あきずデイサービス東船橋【通所介護】大阪府枚方市東船橋1-86シャトレワコー101", "url": "https://www.kaigokensaku.mhlw.go.jp/27/index.php?action_kouhyou_detail_004_kani=true&JigyosyoCd=2772408726-00&ServiceCd=150&Type=search", "url2": "https://www.isupport-group.com/" }, "geometry": { "type": "Point", "coordinates": [ 135.684834799999976, 34.8511452 ] } },
{ "type": "Feature", "properties": { "内容": "ヒューマンライフケア釈尊寺の湯【通所介護】大阪府枚方市釈尊寺町25番31号", "url": "https://www.kaigokensaku.mhlw.go.jp/27/index.php?action_kouhyou_detail_004_kani=true&JigyosyoCd=2772405086-00&ServiceCd=150&Type=search", "url2": "http://hlc.athuman.com" }, "geometry": { "type": "Point", "coordinates": [ 135.665576900000019, 34.7918234 ] } },
{ "type": "Feature", "properties": { "内容": "さかのデイサービスセンター　ほほえみ【通所介護】大阪府枚方市甲斐田東町３４番３３号かいだの郷", "url": "https://www.kaigokensaku.mhlw.go.jp/27/index.php?action_kouhyou_detail_004_kani=true&JigyosyoCd=2772401481-00&ServiceCd=150&Type=search", "url2": "http://www.sakano.or.jp/facility_5/" }, "geometry": { "type": "Point", "coordinates": [ 135.671587, 34.826892 ] } },
{ "type": "Feature", "properties": { "内容": "通所介護事業所　枚方ガーデンデイ【通所介護】枚方市片鉾本町２６番２０号", "url": "https://www.kaigokensaku.mhlw.go.jp/27/index.php?action_kouhyou_detail_004_kani=true&JigyosyoCd=2772405375-00&ServiceCd=150&Type=search", "url2": "http://www.ki-net.ne.jp/jouseikai/hirakatagt/" }, "geometry": { "type": "Point", "coordinates": [ 135.672402525131218, 34.833063967810297 ] } },
{ "type": "Feature", "properties": { "内容": "デイサービスなないろ【通所介護】大阪府枚方市春日東町２丁目２８番３０号", "url": "https://www.kaigokensaku.mhlw.go.jp/27/index.php?action_kouhyou_detail_004_kani=true&JigyosyoCd=2772408239-00&ServiceCd=150&Type=search", "url2": null }, "geometry": { "type": "Point", "coordinates": [ 135.690723899999966, 34.8019299 ] } },
{ "type": "Feature", "properties": { "内容": "デイサービスセンター　かのん【通所介護】大阪府枚方市香里園山之手町2番65号", "url": "https://www.kaigokensaku.mhlw.go.jp/27/index.php?action_kouhyou_detail_004_kani=true&JigyosyoCd=2772408031-00&ServiceCd=150&Type=search", "url2": "http://www.reliable-heartlife.com/" }, "geometry": { "type": "Point", "coordinates": [ 135.632646099999988, 34.7883124 ] } },
{ "type": "Feature", "properties": { "内容": "枚方ケアセンターそよ風【通所介護】大阪府枚方市長尾宮前一丁目5番1号", "url": "https://www.kaigokensaku.mhlw.go.jp/27/index.php?action_kouhyou_detail_004_kani=true&JigyosyoCd=2772405896-00&ServiceCd=150&Type=search", "url2": "https://www.sykz.co.jp/" }, "geometry": { "type": "Point", "coordinates": [ 135.710335082000711, 34.822554080176083 ] } },
{ "type": "Feature", "properties": { "内容": "アシュラー【通所介護】大阪府枚方市三矢町２番１０号", "url": "https://www.kaigokensaku.mhlw.go.jp/27/index.php?action_kouhyou_detail_004_kani=true&JigyosyoCd=2772403768-00&ServiceCd=150&Type=search", "url2": "http://www.care-life.jp" }, "geometry": { "type": "Point", "coordinates": [ 135.643355425131176, 34.814718873489902 ] } },
{ "type": "Feature", "properties": { "内容": "オアシス長寿デイサービスセンター【通所介護】大阪府枚方市山田池東町２１－３５", "url": "https://www.kaigokensaku.mhlw.go.jp/27/index.php?action_kouhyou_detail_004_kani=true&JigyosyoCd=2772404386-00&ServiceCd=150&Type=search", "url2": null }, "geometry": { "type": "Point", "coordinates": [ 135.6978593, 34.8254789 ] } },
{ "type": "Feature", "properties": { "内容": "デイサービスえみふる【通所介護】大阪府枚方市長尾家具町2丁目5番地", "url": "https://www.kaigokensaku.mhlw.go.jp/27/index.php?action_kouhyou_detail_004_kani=true&JigyosyoCd=2772408932-00&ServiceCd=150&Type=search", "url2": null }, "geometry": { "type": "Point", "coordinates": [ 135.708056199999987, 34.8439036 ] } },
{ "type": "Feature", "properties": { "内容": "リハビリデイサービス関西リハ【通所介護】大阪府枚方市東香里3丁目44-11", "url": "https://www.kaigokensaku.mhlw.go.jp/27/index.php?action_kouhyou_detail_004_kani=true&JigyosyoCd=2772409567-00&ServiceCd=150&Type=search", "url2": "http://kansaireha.com/" }, "geometry": { "type": "Point", "coordinates": [ 135.6509781, 34.7835103 ] } },
{ "type": "Feature", "properties": { "内容": "在宅介護支援事業所ジュン【通所介護】大阪府枚方市伊加賀北町７番５６号", "url": "https://www.kaigokensaku.mhlw.go.jp/27/index.php?action_kouhyou_detail_004_kani=true&JigyosyoCd=2772404428-00&ServiceCd=150&Type=search", "url2": "https://kaigonojun.org/" }, "geometry": { "type": "Point", "coordinates": [ 135.641226499999988, 34.8086428 ] } },
{ "type": "Feature", "properties": { "内容": "デイサービス　晴れのちげんき問屋【通所介護】大阪府枚方市茄子作4-58-36", "url": "https://www.kaigokensaku.mhlw.go.jp/27/index.php?action_kouhyou_detail_004_kani=true&JigyosyoCd=2772406936-00&ServiceCd=150&Type=search", "url2": "https://genkitonya.com" }, "geometry": { "type": "Point", "coordinates": [ 135.667413593254082, 34.78112763597909 ] } },
{ "type": "Feature", "properties": { "内容": "デイサービスげんき問屋【通所介護】大阪府枚方市東香里元町28-30", "url": "https://www.kaigokensaku.mhlw.go.jp/27/index.php?action_kouhyou_detail_004_kani=true&JigyosyoCd=2772409013-00&ServiceCd=150&Type=search", "url2": "http://genkitonya.com/" }, "geometry": { "type": "Point", "coordinates": [ 135.65413860000001, 34.7816014 ] } },
{ "type": "Feature", "properties": { "内容": "愛グループシャングリラ【通所介護】大阪府枚方市香里園町11-20", "url": "https://www.kaigokensaku.mhlw.go.jp/27/index.php?action_kouhyou_detail_004_kani=true&JigyosyoCd=2772407397-00&ServiceCd=150&Type=search", "url2": "http://www.ai-shangri-la.com" }, "geometry": { "type": "Point", "coordinates": [ 135.633611866031629, 34.786383511957474 ] } },
{ "type": "Feature", "properties": { "内容": "社会福祉法人希望会　デイサービスセンターのぞみの杜【通所介護】大阪府枚方市東中振2-17-13", "url": "https://www.kaigokensaku.mhlw.go.jp/27/index.php?action_kouhyou_detail_004_kani=true&JigyosyoCd=2772408288-00&ServiceCd=150&Type=search", "url2": "https://kiboukai-nozomi.jp/" }, "geometry": { "type": "Point", "coordinates": [ 135.6412454, 34.7963442 ] } },
{ "type": "Feature", "properties": { "内容": "アイリスデイサービスセンター【通所介護】大阪府枚方市春日東町２丁目１２番１０号", "url": "https://www.kaigokensaku.mhlw.go.jp/27/index.php?action_kouhyou_detail_004_kani=true&JigyosyoCd=2772400657-00&ServiceCd=150&Type=search", "url2": "http://my-iris.jp/" }, "geometry": { "type": "Point", "coordinates": [ 135.693510300000071, 34.8022425 ] } },
{ "type": "Feature", "properties": { "内容": "デイサービスセンターいこいの里【通所介護】枚方市交北二丁目10-1", "url": "https://www.kaigokensaku.mhlw.go.jp/27/index.php?action_kouhyou_detail_004_kani=true&JigyosyoCd=2772403669-00&ServiceCd=150&Type=search", "url2": "http://www.syoujukai.org/" }, "geometry": { "type": "Point", "coordinates": [ 135.676536199999987, 34.8285696 ] } },
{ "type": "Feature", "properties": { "内容": "夢心ホームサービスセンター【通所介護】大阪府枚方市長尾北町１丁目１７８５番２", "url": "https://www.kaigokensaku.mhlw.go.jp/27/index.php?action_kouhyou_detail_004_kani=true&JigyosyoCd=2772403453-00&ServiceCd=150&Type=search", "url2": "http://www.seishow.or.jp/" }, "geometry": { "type": "Point", "coordinates": [ 135.7000256, 34.8351807 ] } },
{ "type": "Feature", "properties": { "内容": "安心苑ホームサービスセンター【通所介護】枚方市招提北町2-25-1", "url": "https://www.kaigokensaku.mhlw.go.jp/27/index.php?action_kouhyou_detail_004_kani=true&JigyosyoCd=2772400467-00&ServiceCd=150&Type=search", "url2": "http://www.com/seisyow.or.jp" }, "geometry": { "type": "Point", "coordinates": [ 135.687551399999961, 34.8470317 ] } },
{ "type": "Feature", "properties": { "内容": "香里丘デイサービスセンター【通所介護】大阪府枚方市香里ヶ丘4丁目17番地１", "url": "https://www.kaigokensaku.mhlw.go.jp/27/index.php?action_kouhyou_detail_004_kani=true&JigyosyoCd=2772400780-00&ServiceCd=150&Type=search", "url2": "http://www.shotokuen.or.jp/" }, "geometry": { "type": "Point", "coordinates": [ 135.650600299999951, 34.7900789 ] } },
{ "type": "Feature", "properties": { "内容": "枚方市立くずは北デイサービスセンター【通所介護】大阪府枚方市楠葉野田3丁目12番3号", "url": "https://www.kaigokensaku.mhlw.go.jp/27/index.php?action_kouhyou_detail_004_kani=true&JigyosyoCd=2772400608-00&ServiceCd=150&Type=search", "url2": "http://care-net.biz/27/3poem/" }, "geometry": { "type": "Point", "coordinates": [ 135.6870841, 34.8687936 ] } },
{ "type": "Feature", "properties": { "内容": "枚方市立デイサービスセンター【通所介護】大阪府枚方市交北３丁目１－５２", "url": "https://www.kaigokensaku.mhlw.go.jp/27/index.php?action_kouhyou_detail_004_kani=true&JigyosyoCd=2772400582-00&ServiceCd=150&Type=search", "url2": "http://care-net.biz/27/3poem/" }, "geometry": { "type": "Point", "coordinates": [ 135.67754709999997, 34.8342274 ] } },
{ "type": "Feature", "properties": { "内容": "里仁館居宅サービス事業所【通所介護】大阪府枚方市田口山２－５－１", "url": "https://www.kaigokensaku.mhlw.go.jp/27/index.php?action_kouhyou_detail_004_kani=true&JigyosyoCd=2772400673-00&ServiceCd=150&Type=search", "url2": "http://rijinkan.or.jp/" }, "geometry": { "type": "Point", "coordinates": [ 135.690715647573967, 34.830830520532729 ] } },
{ "type": "Feature", "properties": { "内容": "デイサービスセンターフルール長尾【通所介護】枚方市藤阪東町三丁目5番8号フルール長尾", "url": "https://www.kaigokensaku.mhlw.go.jp/27/index.php?action_kouhyou_detail_004_kani=true&JigyosyoCd=2772406886-00&ServiceCd=150&Type=search", "url2": "http://www.misugikai.jp/nagao/index.html" }, "geometry": { "type": "Point", "coordinates": [ 135.714288300000021, 34.8195747 ] } },
{ "type": "Feature", "properties": { "内容": "デイサービスセンターフルール田ノ口【通所介護】枚方市交北三丁目9番12号", "url": "https://www.kaigokensaku.mhlw.go.jp/27/index.php?action_kouhyou_detail_004_kani=true&JigyosyoCd=2772407496-00&ServiceCd=150&Type=search", "url2": "http://www.misugikai.jp/tanokuti/index.html" }, "geometry": { "type": "Point", "coordinates": [ 135.673650400000042, 34.8279058 ] } },
{ "type": "Feature", "properties": { "内容": "デイサービスセンター　第２うぐいすの里【通所介護】大阪府枚方市南中振3丁目8番20号", "url": "https://www.kaigokensaku.mhlw.go.jp/27/index.php?action_kouhyou_detail_004_kani=true&JigyosyoCd=2772404220-00&ServiceCd=150&Type=search", "url2": "http://www.uguisunosato.com/" }, "geometry": { "type": "Point", "coordinates": [ 135.6211025, 34.7907649 ] } },
{ "type": "Feature", "properties": { "内容": "デイサービスセンター　うぐいすの里【通所介護】大阪府枚方市藤阪東町1丁目3番10号", "url": "https://www.kaigokensaku.mhlw.go.jp/27/index.php?action_kouhyou_detail_004_kani=true&JigyosyoCd=2772400350-00&ServiceCd=150&Type=search", "url2": "http://www.uguisunosato.com" }, "geometry": { "type": "Point", "coordinates": [ 135.707794499999977, 34.8200272 ] } },
{ "type": "Feature", "properties": { "内容": "ＪＢＣ長尾駅前デイサービスセンター【通所介護】大阪府枚方市長尾元町６－１０－１０", "url": "https://www.kaigokensaku.mhlw.go.jp/27/index.php?action_kouhyou_detail_004_kani=true&JigyosyoCd=2772402935-00&ServiceCd=150&Type=search", "url2": "https://www.ayumikaijbc.jp/" }, "geometry": { "type": "Point", "coordinates": [ 135.713098759524541, 34.827552936770942 ] } },
{ "type": "Feature", "properties": { "内容": "はなまるデイサービス山之上【通所介護】大阪府枚方市山之上北町５番１号１階サンエース", "url": "https://www.kaigokensaku.mhlw.go.jp/27/index.php?action_kouhyou_detail_004_kani=true&JigyosyoCd=2772409112-00&ServiceCd=150&Type=search", "url2": "https://www.hanamaru-day.com" }, "geometry": { "type": "Point", "coordinates": [ 135.65379, 34.8049995 ] } },
{ "type": "Feature", "properties": { "内容": "はなまるデイサービス東香里【通所介護】枚方市東香里１丁目24-3", "url": "https://www.kaigokensaku.mhlw.go.jp/27/index.php?action_kouhyou_detail_004_kani=true&JigyosyoCd=2772404782-00&ServiceCd=150&Type=search", "url2": "http://www.hanamaru-day.com" }, "geometry": { "type": "Point", "coordinates": [ 135.655697199999963, 34.7808356 ] } },
{ "type": "Feature", "properties": { "内容": "はなまるデイサービス【通所介護】大阪府枚方市交北1丁目1-15アブロード1Ｆ", "url": "https://www.kaigokensaku.mhlw.go.jp/27/index.php?action_kouhyou_detail_004_kani=true&JigyosyoCd=2772402364-00&ServiceCd=150&Type=search", "url2": "http://www.hanamaru-day.com" }, "geometry": { "type": "Point", "coordinates": [ 135.671628400000031, 34.8276641 ] } },
{ "type": "Feature", "properties": { "内容": "あすかデイサービスセンター【通所介護】大阪府枚方市津田元町1-15-8ソレイユ川崎101", "url": "https://www.kaigokensaku.mhlw.go.jp/27/index.php?action_kouhyou_detail_004_kani=true&JigyosyoCd=2772404964-00&ServiceCd=150&Type=search", "url2": "https://nao57831.wixsite.com/website" }, "geometry": { "type": "Point", "coordinates": [ 135.7013637, 34.8081057 ] } },
{ "type": "Feature", "properties": { "内容": "春日デイサービスセンター【通所介護】大阪府枚方市茄子作北町30番8号", "url": "https://www.kaigokensaku.mhlw.go.jp/27/index.php?action_kouhyou_detail_004_kani=true&JigyosyoCd=2772407777-00&ServiceCd=150&Type=search", "url2": null }, "geometry": { "type": "Point", "coordinates": [ 135.662549220467127, 34.788321130900641 ] } },
{ "type": "Feature", "properties": { "内容": "わたしの家【通所介護】大阪府枚方市須山３８－１８", "url": "https://www.kaigokensaku.mhlw.go.jp/27/index.php?action_kouhyou_detail_004_kani=true&JigyosyoCd=2772403701-00&ServiceCd=150&Type=search", "url2": "http://www.watashinoie.jp/" }, "geometry": { "type": "Point", "coordinates": [ 135.673052523942602, 34.822829230710298 ] } },
{ "type": "Feature", "properties": { "内容": "デイサービスセンター　かがやき【通所介護】大阪府枚方市伊加賀北町４番3号", "url": "https://www.kaigokensaku.mhlw.go.jp/27/index.php?action_kouhyou_detail_004_kani=true&JigyosyoCd=2772401283-00&ServiceCd=150&Type=search", "url2": "http://www2.odn.ne.jp/kagayaki/" }, "geometry": { "type": "Point", "coordinates": [ 135.641131299999984, 34.8106043 ] } },
{ "type": "Feature", "properties": { "内容": "医療法人　中屋覚志会　よろこび庵【通所介護】大阪府枚方市津田北町三丁目30番1号", "url": "https://www.kaigokensaku.mhlw.go.jp/27/index.php?action_kouhyou_detail_004_kani=true&JigyosyoCd=2772403875-00&ServiceCd=150&Type=search", "url2": "http://www.tuda-h.com/" }, "geometry": { "type": "Point", "coordinates": [ 135.711960736909532, 34.814103352395215 ] } },
{ "type": "Feature", "properties": { "内容": "コンパスウォーク枚方田口【通所介護】大阪府枚方市田口4-43-8", "url": "https://www.kaigokensaku.mhlw.go.jp/27/index.php?action_kouhyou_detail_004_kani=true&JigyosyoCd=2772409815-00&ServiceCd=150&Type=search", "url2": null }, "geometry": { "type": "Point", "coordinates": [ 135.682796, 34.825796199999985 ] } },
{ "type": "Feature", "properties": { "内容": "デイサービスソラスト枚方【通所介護】大阪府枚方市茄子作1-43-35", "url": "https://www.kaigokensaku.mhlw.go.jp/27/index.php?action_kouhyou_detail_004_kani=true&JigyosyoCd=2772409153-00&ServiceCd=150&Type=search", "url2": "https://solasto-kaigo.com/care/area/hirakata2.html" }, "geometry": { "type": "Point", "coordinates": [ 135.659087199999988, 34.7887014 ] } },
{ "type": "Feature", "properties": { "内容": "デイサービスセンターしらかば【通所介護】大阪府枚方市出屋敷西町二丁目１番１号", "url": "https://www.kaigokensaku.mhlw.go.jp/27/index.php?action_kouhyou_detail_004_kani=true&JigyosyoCd=2772402190-00&ServiceCd=150&Type=search", "url2": "http://www.misuzufukushikai.jp/" }, "geometry": { "type": "Point", "coordinates": [ 135.682613700000047, 34.8211539 ] } },
{ "type": "Feature", "properties": { "内容": "クローバーデイサービスセンター【通所介護】大阪府枚方市楠葉中町1-25", "url": "https://www.kaigokensaku.mhlw.go.jp/27/index.php?action_kouhyou_detail_004_kani=true&JigyosyoCd=2772409401-00&ServiceCd=150&Type=search", "url2": "https://www.big-advance.site/s/161/1907" }, "geometry": { "type": "Point", "coordinates": [ 135.6790425, 34.8666539 ] } },
{ "type": "Feature", "properties": { "内容": "デイサービスセンター花花【通所介護】大阪府枚方市香里ケ丘12丁目23番1号-101号室", "url": "https://www.kaigokensaku.mhlw.go.jp/27/index.php?action_kouhyou_detail_004_kani=true&JigyosyoCd=2772403321-00&ServiceCd=150&Type=search", "url2": "https://www.hikarinosato8787.com" }, "geometry": { "type": "Point", "coordinates": [ 135.6585699, 34.7891599 ] } },
{ "type": "Feature", "properties": { "内容": "デイサービスルアナガーデン【通所介護】大阪府枚方市甲斐田東町21番1－１０１号プレシス枚方101号", "url": "https://www.kaigokensaku.mhlw.go.jp/27/index.php?action_kouhyou_detail_004_kani=true&JigyosyoCd=2772408379-00&ServiceCd=150&Type=search", "url2": null }, "geometry": { "type": "Point", "coordinates": [ 135.673165899999987, 34.8254246 ] } },
{ "type": "Feature", "properties": { "内容": "医療法人飯島医院美緑苑デイサービス通所介護事業所【通所介護】大阪府枚方市須山町３１番６号", "url": "https://www.kaigokensaku.mhlw.go.jp/27/index.php?action_kouhyou_detail_004_kani=true&JigyosyoCd=2772401705-00&ServiceCd=150&Type=search", "url2": "https://www.iijima-iin.com/miryokuen" }, "geometry": { "type": "Point", "coordinates": [ 135.6718201, 34.8232813 ] } },
{ "type": "Feature", "properties": { "内容": "ツクイ枚方大垣内【通所介護】大阪府枚方市大垣内町三丁目16番5号", "url": "https://www.kaigokensaku.mhlw.go.jp/27/index.php?action_kouhyou_detail_004_kani=true&JigyosyoCd=2772404998-00&ServiceCd=150&Type=search", "url2": "https://www.tsukui.net" }, "geometry": { "type": "Point", "coordinates": [ 135.653402699999987, 34.8097545 ] } },
{ "type": "Feature", "properties": { "内容": "デイサービスココロステッキ【通所介護】大阪府枚方市大峰南町２２番５号バンフビル１階", "url": "https://www.kaigokensaku.mhlw.go.jp/27/index.php?action_kouhyou_detail_004_kani=true&JigyosyoCd=2772404550-00&ServiceCd=150&Type=search", "url2": "http://cocorostick.co.jp/" }, "geometry": { "type": "Point", "coordinates": [ 135.688813724706279, 34.8121478457008 ] } },
{ "type": "Feature", "properties": { "内容": "ひら中振長寿の里デイサービスセンター【通所介護】大阪府枚方市北中振4-18-20", "url": "https://www.kaigokensaku.mhlw.go.jp/27/index.php?action_kouhyou_detail_004_kani=true&JigyosyoCd=2772410318-00&ServiceCd=150&Type=search", "url2": "https://hira.kisyokai.or.jp/" }, "geometry": { "type": "Point", "coordinates": [ 135.626106555207144, 34.79631856639498 ] } },
{ "type": "Feature", "properties": { "内容": "パナソニックエイジフリーケアセンターひらかた・デイサービス【通所介護】大阪府枚方市牧野北町7番11号", "url": "https://www.kaigokensaku.mhlw.go.jp/27/index.php?action_kouhyou_detail_004_kani=true&JigyosyoCd=2772403891-00&ServiceCd=150&Type=search", "url2": null }, "geometry": { "type": "Point", "coordinates": [ 135.667530199999987, 34.849097900000018 ] } },
{ "type": "Feature", "properties": { "内容": "デイサービスいっぷく【通所介護】大阪府枚方市山之上西町１－７", "url": "https://www.kaigokensaku.mhlw.go.jp/27/index.php?action_kouhyou_detail_004_kani=true&JigyosyoCd=2772410706-00&ServiceCd=150&Type=search", "url2": "https://www.deyservice-ippuku.com/" }, "geometry": { "type": "Point", "coordinates": [ 135.648715599999946, 34.8047458 ] } },
{ "type": "Feature", "properties": { "内容": "デイサービスセンター　ナービス堂山公園【通所介護】大阪府枚方市堂山3-11-1", "url": "https://www.kaigokensaku.mhlw.go.jp/27/index.php?action_kouhyou_detail_004_kani=true&JigyosyoCd=2772403008-00&ServiceCd=150&Type=search", "url2": "https://joylife.alsok.co.jp/" }, "geometry": { "type": "Point", "coordinates": [ 135.671095299999934, 34.8186345 ] } },
{ "type": "Feature", "properties": { "内容": "デイサービスpluslife【通所介護】大阪府枚方市招提元町2-8-26有馬パレス招堤1階", "url": "https://www.kaigokensaku.mhlw.go.jp/27/index.php?action_kouhyou_detail_004_kani=true&JigyosyoCd=2772409831-00&ServiceCd=150&Type=search", "url2": null }, "geometry": { "type": "Point", "coordinates": [ 135.6824765, 34.8435551 ] } },
{ "type": "Feature", "properties": { "内容": "デイサービスセンター御殿山カーム【通所介護】大阪府枚方市渚西２丁目７番３０号", "url": "https://www.kaigokensaku.mhlw.go.jp/27/index.php?action_kouhyou_detail_004_kani=true&JigyosyoCd=2772402638-00&ServiceCd=150&Type=search", "url2": "http://www.ojunkai.com/" }, "geometry": { "type": "Point", "coordinates": [ 135.652696600000013, 34.8318025 ] } },
{ "type": "Feature", "properties": { "内容": "デイサービスセンターくずは美郷【通所介護】大阪府枚方市南楠葉1丁目65番25号小規模特別養護老人ホームくずは美郷", "url": "https://www.kaigokensaku.mhlw.go.jp/27/index.php?action_kouhyou_detail_004_kani=true&JigyosyoCd=2772405300-00&ServiceCd=150&Type=search", "url2": "http://www.misugikai.jp" }, "geometry": { "type": "Point", "coordinates": [ 135.680576699999961, 34.864466100000016 ] } },
{ "type": "Feature", "properties": { "内容": "デイサービスセンターくずは西美郷【通所介護】大阪府枚方市西船橋2丁目58-3", "url": "https://www.kaigokensaku.mhlw.go.jp/27/index.php?action_kouhyou_detail_004_kani=true&JigyosyoCd=2772407306-00&ServiceCd=150&Type=search", "url2": "http://www.misugikai.jp" }, "geometry": { "type": "Point", "coordinates": [ 135.671881, 34.8520384 ] } },
{ "type": "Feature", "properties": { "内容": "デイサービスセンター美郷【通所介護】大阪府枚方市西招提町1253番地", "url": "https://www.kaigokensaku.mhlw.go.jp/27/index.php?action_kouhyou_detail_004_kani=true&JigyosyoCd=2772402133-00&ServiceCd=150&Type=search", "url2": "http://www.misugikai.jp/" }, "geometry": { "type": "Point", "coordinates": [ 135.6811993, 34.8443208 ] } },
{ "type": "Feature", "properties": { "内容": "はなまるデイサービス星ヶ丘【通所介護】大阪府枚方市星丘一丁目１０番２号", "url": "https://www.kaigokensaku.mhlw.go.jp/27/index.php?action_kouhyou_detail_004_kani=true&JigyosyoCd=2772410854-00&ServiceCd=150&Type=search", "url2": "https://hanamaru-day.com/" }, "geometry": { "type": "Point", "coordinates": [ 135.659832200000011, 34.8071796 ] } },
{ "type": "Feature", "properties": { "内容": "めぐりカーム【通所介護】大阪府枚方市渚内野１丁目14-11", "url": "https://www.kaigokensaku.mhlw.go.jp/27/index.php?action_kouhyou_detail_004_kani=true&JigyosyoCd=2772410680-00&ServiceCd=150&Type=search", "url2": null }, "geometry": { "type": "Point", "coordinates": [ 135.655788499999971, 34.834582599999983 ] } },
{ "type": "Feature", "properties": { "内容": "あきずデイサービス村野と隣【通所介護】大阪府枚方市村野本町22-20", "url": "https://www.kaigokensaku.mhlw.go.jp/27/index.php?action_kouhyou_detail_004_kani=true&JigyosyoCd=2772410805-00&ServiceCd=150&Type=search", "url2": "https://www.isupport-group.com" }, "geometry": { "type": "Point", "coordinates": [ 135.667680100000013, 34.801104600000023 ] } },
{ "type": "Feature", "properties": { "内容": "スバルガーデン【通所介護】大阪府枚方市三矢町6番１２号", "url": "https://www.kaigokensaku.mhlw.go.jp/27/index.php?action_kouhyou_detail_004_kani=true&JigyosyoCd=2772403115-00&ServiceCd=150&Type=search", "url2": "http://www.care-life.jp" }, "geometry": { "type": "Point", "coordinates": [ 135.641733, 34.8146544 ] } },
{ "type": "Feature", "properties": { "内容": "サール・ナートデイサービスセンター【通所介護】大阪府枚方市高田２丁目４０－１", "url": "https://www.kaigokensaku.mhlw.go.jp/27/index.php?action_kouhyou_detail_004_kani=true&JigyosyoCd=2772402810-00&ServiceCd=150&Type=search", "url2": "http://www.valsta.jp" }, "geometry": { "type": "Point", "coordinates": [ 135.6633187, 34.777014 ] } },
{ "type": "Feature", "properties": { "内容": "デイサービスはなのき茨木西【通所介護】大阪府茨木市中穂積3丁目14－2エキスポロード1階", "url": "https://www.kaigokensaku.mhlw.go.jp/27/index.php?action_kouhyou_detail_004_kani=true&JigyosyoCd=2774205872-00&ServiceCd=150&Type=search", "url2": "https://ktc-hananoki.com/facilities/F-ibarakinishi.html" }, "geometry": { "type": "Point", "coordinates": [ 135.551801, 34.81528 ] } },
{ "type": "Feature", "properties": { "内容": "デイサービスはなのき茨木【通所介護】大阪府茨木市寺田町11番9号", "url": "https://www.kaigokensaku.mhlw.go.jp/27/index.php?action_kouhyou_detail_004_kani=true&JigyosyoCd=2774205393-00&ServiceCd=150&Type=search", "url2": null }, "geometry": { "type": "Point", "coordinates": [ 135.5863401, 34.8169976 ] } },
{ "type": "Feature", "properties": { "内容": "アミスタデイサービス南茨木【通所介護】大阪府茨木市東奈良1-14-61F", "url": "https://www.kaigokensaku.mhlw.go.jp/27/index.php?action_kouhyou_detail_004_kani=true&JigyosyoCd=2774206151-00&ServiceCd=150&Type=search", "url2": "https://medical-up.net/" }, "geometry": { "type": "Point", "coordinates": [ 135.5688573, 34.806230300000017 ] } },
{ "type": "Feature", "properties": { "内容": "デイサービス百福【通所介護】茨木市耳原3丁目8番34号エスポアール美奈原１階", "url": "https://www.kaigokensaku.mhlw.go.jp/27/index.php?action_kouhyou_detail_004_kani=true&JigyosyoCd=2774203307-00&ServiceCd=150&Type=search", "url2": "http://www.credo-kaigo.com/" }, "geometry": { "type": "Point", "coordinates": [ 135.562060200000019, 34.8402721 ] } },
{ "type": "Feature", "properties": { "内容": "なごみケアサポート【通所介護】大阪府茨木市安威2丁目14-8", "url": "https://www.kaigokensaku.mhlw.go.jp/27/index.php?action_kouhyou_detail_004_kani=true&JigyosyoCd=2774206144-00&ServiceCd=150&Type=search", "url2": null }, "geometry": { "type": "Point", "coordinates": [ 135.5645802, 34.8490414 ] } },
{ "type": "Feature", "properties": { "内容": "ビーナスクラブ真砂【通所介護】大阪府茨木市真砂1丁目10-17ハヤマビル1階", "url": "https://www.kaigokensaku.mhlw.go.jp/27/index.php?action_kouhyou_detail_004_kani=true&JigyosyoCd=2774203836-00&ServiceCd=150&Type=search", "url2": "http://www.venus-comrade.co.jp/" }, "geometry": { "type": "Point", "coordinates": [ 135.576915399999962, 34.8006374 ] } },
{ "type": "Feature", "properties": { "内容": "羽衣デイサービスみしま丘【通所介護】茨木市東太田一丁目1-2ローレルハイツ総持寺２号棟103", "url": "https://www.kaigokensaku.mhlw.go.jp/27/index.php?action_kouhyou_detail_004_kani=true&JigyosyoCd=2774205070-00&ServiceCd=150&Type=search", "url2": null }, "geometry": { "type": "Point", "coordinates": [ 135.576891018385368, 34.835180275909678 ] } },
{ "type": "Feature", "properties": { "内容": "あゆＰＬＵＳリハ【通所介護】大阪府茨木市鮎川三丁目１番５号", "url": "https://www.kaigokensaku.mhlw.go.jp/27/index.php?action_kouhyou_detail_004_kani=true&JigyosyoCd=2774202911-00&ServiceCd=150&Type=search", "url2": "http://manri.co.jp" }, "geometry": { "type": "Point", "coordinates": [ 135.594188300000042, 34.8193027 ] } },
{ "type": "Feature", "properties": { "内容": "アライブケア東雲【通所介護】大阪府茨木市鮎川3丁目5-25", "url": "https://www.kaigokensaku.mhlw.go.jp/27/index.php?action_kouhyou_detail_004_kani=true&JigyosyoCd=2774204784-00&ServiceCd=150&Type=search", "url2": null }, "geometry": { "type": "Point", "coordinates": [ 135.594693799999959, 34.8191417 ] } },
{ "type": "Feature", "properties": { "内容": "五十鈴ケアセンター【通所介護】大阪府茨木市平田２－１０－１７", "url": "https://www.kaigokensaku.mhlw.go.jp/27/index.php?action_kouhyou_detail_004_kani=true&JigyosyoCd=2774202754-00&ServiceCd=150&Type=search", "url2": null }, "geometry": { "type": "Point", "coordinates": [ 135.58952249999993, 34.8062344 ] } },
{ "type": "Feature", "properties": { "内容": "デイサービスセンター　天兆園【通所介護】大阪府茨木市安威二丁目10番11号", "url": "https://www.kaigokensaku.mhlw.go.jp/27/index.php?action_kouhyou_detail_004_kani=true&JigyosyoCd=2774200725-00&ServiceCd=150&Type=search", "url2": "http://www.kyousei-fukushi.or.jp" }, "geometry": { "type": "Point", "coordinates": [ 135.566348699999907, 34.849285 ] } },
{ "type": "Feature", "properties": { "内容": "西河原デイサービスセンター【通所介護】大阪府茨木市西河原2丁目17番4号", "url": "https://www.kaigokensaku.mhlw.go.jp/27/index.php?action_kouhyou_detail_004_kani=true&JigyosyoCd=2774200451-00&ServiceCd=150&Type=search", "url2": "http://www.keitokukai.or.jp/" }, "geometry": { "type": "Point", "coordinates": [ 135.5760924, 34.8324594 ] } },
{ "type": "Feature", "properties": { "内容": "デイサービスセンター　静華苑【通所介護】大阪府茨木市見付山1-11-1", "url": "https://www.kaigokensaku.mhlw.go.jp/27/index.php?action_kouhyou_detail_004_kani=true&JigyosyoCd=2774200527-00&ServiceCd=150&Type=search", "url2": "http://www.keitokukai.or.jp/" }, "geometry": { "type": "Point", "coordinates": [ 135.554044699999963, 34.8196433 ] } },
{ "type": "Feature", "properties": { "内容": "茨木特別養護老人ホームラガールデイサービス【通所介護】大阪府茨木市大字安威１２番地", "url": "https://www.kaigokensaku.mhlw.go.jp/27/index.php?action_kouhyou_detail_004_kani=true&JigyosyoCd=2774202036-00&ServiceCd=150&Type=search", "url2": "http://www.koudoukai.or.jp/ibaraki/" }, "geometry": { "type": "Point", "coordinates": [ 135.565362700000037, 34.8489767 ] } },
{ "type": "Feature", "properties": { "内容": "庄栄エルダーデイサービスセンター【通所介護】大阪府茨木市庄２－７－３８", "url": "https://www.kaigokensaku.mhlw.go.jp/27/index.php?action_kouhyou_detail_004_kani=true&JigyosyoCd=2774200675-00&ServiceCd=150&Type=search", "url2": "http://care-net.biz/27/shouei" }, "geometry": { "type": "Point", "coordinates": [ 135.580925500000035, 34.8239909 ] } },
{ "type": "Feature", "properties": { "内容": "デイサービスセンター豊川の郷【通所介護】大阪府茨木市豊川４丁目３５番３１号", "url": "https://www.kaigokensaku.mhlw.go.jp/27/index.php?action_kouhyou_detail_004_kani=true&JigyosyoCd=2774202275-00&ServiceCd=150&Type=search", "url2": "http://www.to-wakai.or.jp" }, "geometry": { "type": "Point", "coordinates": [ 135.527818900000057, 34.8338801 ] } },
{ "type": "Feature", "properties": { "内容": "老人デイサービスセンター春風【通所介護】大阪府茨木市南安威2丁目10番5号", "url": "https://www.kaigokensaku.mhlw.go.jp/27/index.php?action_kouhyou_detail_004_kani=true&JigyosyoCd=2774201590-00&ServiceCd=150&Type=search", "url2": "http://www.tanaka-hsp.or.jp" }, "geometry": { "type": "Point", "coordinates": [ 135.5600048, 34.8422912 ] } },
{ "type": "Feature", "properties": { "内容": "沢池デイサービスセンター【通所介護】大阪府茨木市南春日丘５丁目１番８号", "url": "https://www.kaigokensaku.mhlw.go.jp/27/index.php?action_kouhyou_detail_004_kani=true&JigyosyoCd=2774200774-00&ServiceCd=150&Type=search", "url2": "http://www.kasugaoka.net/" }, "geometry": { "type": "Point", "coordinates": [ 135.537918499999932, 34.8168961 ] } },
{ "type": "Feature", "properties": { "内容": "南茨木デイサービスセンター【通所介護】大阪府茨木市東奈良3丁目16番14号", "url": "https://www.kaigokensaku.mhlw.go.jp/27/index.php?action_kouhyou_detail_004_kani=true&JigyosyoCd=2774201640-00&ServiceCd=150&Type=search", "url2": "http://www.kasugaoka.net" }, "geometry": { "type": "Point", "coordinates": [ 135.567618900000014, 34.8015837 ] } },
{ "type": "Feature", "properties": { "内容": "デイサービスセンターけいあいの里【通所介護】大阪府茨木市目垣3丁目12番5号", "url": "https://www.kaigokensaku.mhlw.go.jp/27/index.php?action_kouhyou_detail_004_kani=true&JigyosyoCd=2774200865-00&ServiceCd=150&Type=search", "url2": "http://keiainosato.com/" }, "geometry": { "type": "Point", "coordinates": [ 135.594438599999989, 34.8045903 ] } },
{ "type": "Feature", "properties": { "内容": "はつらつ【通所介護】大阪府茨木市東太田1丁目1番ローレルハイツ茨木総持寺２号棟112号", "url": "https://www.kaigokensaku.mhlw.go.jp/27/index.php?action_kouhyou_detail_004_kani=true&JigyosyoCd=2774204651-00&ServiceCd=150&Type=search", "url2": null }, "geometry": { "type": "Point", "coordinates": [ 135.57676040285105, 34.834995688274709 ] } },
{ "type": "Feature", "properties": { "内容": "たかとりデイサービス【通所介護】大阪府茨木市南春日丘一丁目1番1号", "url": "https://www.kaigokensaku.mhlw.go.jp/27/index.php?action_kouhyou_detail_004_kani=true&JigyosyoCd=2774204230-00&ServiceCd=150&Type=search", "url2": "https://www.takatori-day.com/" }, "geometry": { "type": "Point", "coordinates": [ 135.547868036770637, 34.81556933740989 ] } },
{ "type": "Feature", "properties": { "内容": "じんないケアセンター喜楽【通所介護】大阪府茨木市中津町５番３号", "url": "https://www.kaigokensaku.mhlw.go.jp/27/index.php?action_kouhyou_detail_004_kani=true&JigyosyoCd=2774201558-00&ServiceCd=150&Type=search", "url2": "http://kiraku-care.com/" }, "geometry": { "type": "Point", "coordinates": [ 135.582003399999962, 34.8176859 ] } },
{ "type": "Feature", "properties": { "内容": "ひだまりデイサービスセンター【通所介護】大阪府茨木市沢良宜西1丁目4-7ルミエール南茨木1階", "url": "https://www.kaigokensaku.mhlw.go.jp/27/index.php?action_kouhyou_detail_004_kani=true&JigyosyoCd=2774206359-00&ServiceCd=150&Type=search", "url2": "https://kishimoto-cl.jp/menu/medical08/" }, "geometry": { "type": "Point", "coordinates": [ 135.565468368122879, 34.800862669204449 ] } },
{ "type": "Feature", "properties": { "内容": "ツクイ茨木太田【通所介護】大阪府茨木市太田2-5-14", "url": "https://www.kaigokensaku.mhlw.go.jp/27/index.php?action_kouhyou_detail_004_kani=true&JigyosyoCd=2774204248-00&ServiceCd=150&Type=search", "url2": "http://www.tsukui.net/" }, "geometry": { "type": "Point", "coordinates": [ 135.573614539572901, 34.842406033787455 ] } },
{ "type": "Feature", "properties": { "内容": "デイサービスセンター常清の里【通所介護】大阪府茨木市清水一丁目28番22号", "url": "https://www.kaigokensaku.mhlw.go.jp/27/index.php?action_kouhyou_detail_004_kani=true&JigyosyoCd=2774200568-00&ServiceCd=150&Type=search", "url2": "http://www.keitokukai.or.jp/" }, "geometry": { "type": "Point", "coordinates": [ 135.528849300000047, 34.837577 ] } },
{ "type": "Feature", "properties": { "内容": "茨木ケアセンターラガールデイサービス【通所介護】大阪府茨木市太田東芝町2－9", "url": "https://www.kaigokensaku.mhlw.go.jp/27/index.php?action_kouhyou_detail_004_kani=true&JigyosyoCd=2774205534-00&ServiceCd=150&Type=search", "url2": "http://ibaraki-cc.koudoukai.or.jp/" }, "geometry": { "type": "Point", "coordinates": [ 135.577690299999972, 34.8399158 ] } },
{ "type": "Feature", "properties": { "内容": "デイサービスはーと＆はあと【通所介護】大阪府茨木市若草町5-31", "url": "https://www.kaigokensaku.mhlw.go.jp/27/index.php?action_kouhyou_detail_004_kani=true&JigyosyoCd=2774206094-00&ServiceCd=150&Type=search", "url2": "https://kr-service.co.jp/access/" }, "geometry": { "type": "Point", "coordinates": [ 135.5655854, 34.8042108 ] } },
{ "type": "Feature", "properties": { "内容": "デイサービス　ソラスト南茨木【通所介護】大阪府茨木市天王二丁目４番１３号", "url": "https://www.kaigokensaku.mhlw.go.jp/27/index.php?action_kouhyou_detail_004_kani=true&JigyosyoCd=2774202515-00&ServiceCd=150&Type=search", "url2": "http://solasto-kaigo.com/care/area/solastominamiibaraki.html" }, "geometry": { "type": "Point", "coordinates": [ 135.563697050331939, 34.802508970401249 ] } },
{ "type": "Feature", "properties": { "内容": "ほしみデイサービス【通所介護】大阪府茨木市星見町１７番２０号星見九番館１F", "url": "https://www.kaigokensaku.mhlw.go.jp/27/index.php?action_kouhyou_detail_004_kani=true&JigyosyoCd=2774202101-00&ServiceCd=150&Type=search", "url2": "http://take-care.biz/" }, "geometry": { "type": "Point", "coordinates": [ 135.58870109999998, 34.8079756 ] } },
{ "type": "Feature", "properties": { "内容": "デイサービスきたえるーむ茨木太田【通所介護】大阪府茨木市太田2-4-26", "url": "https://www.kaigokensaku.mhlw.go.jp/27/index.php?action_kouhyou_detail_004_kani=true&JigyosyoCd=2774205088-00&ServiceCd=150&Type=search", "url2": "http://royal-juken.jp" }, "geometry": { "type": "Point", "coordinates": [ 135.572973100000013, 34.842308300000035 ] } },
{ "type": "Feature", "properties": { "内容": "春日丘荘デイサービスセンター【通所介護】大阪府茨木市南春日丘7丁目11番22号", "url": "https://www.kaigokensaku.mhlw.go.jp/27/index.php?action_kouhyou_detail_004_kani=true&JigyosyoCd=2774200881-00&ServiceCd=150&Type=search", "url2": "http://www.kasugaoka.net/" }, "geometry": { "type": "Point", "coordinates": [ 135.530335700000023, 34.821065 ] } },
{ "type": "Feature", "properties": { "内容": "パナソニックエイジフリーケアセンターいばらき・デイサービス【通所介護】大阪府茨木市東中条町1-6あいおいニッセイ同和損保茨木ビル", "url": "https://www.kaigokensaku.mhlw.go.jp/27/index.php?action_kouhyou_detail_004_kani=true&JigyosyoCd=2774202184-00&ServiceCd=150&Type=search", "url2": "https//panasonic.co.jp/paf/" }, "geometry": { "type": "Point", "coordinates": [ 135.567993600000023, 34.8146052 ] } },
{ "type": "Feature", "properties": { "内容": "パナソニックエイジフリー茨木美穂ケ丘デイサービス【通所介護】大阪府茨木市美穂ヶ丘13番4号", "url": "https://www.kaigokensaku.mhlw.go.jp/27/index.php?action_kouhyou_detail_004_kani=true&JigyosyoCd=2774204792-00&ServiceCd=150&Type=search", "url2": null }, "geometry": { "type": "Point", "coordinates": [ 135.527957, 34.8240347 ] } },
{ "type": "Feature", "properties": { "内容": "デイサービス　癒す手【通所介護】大阪府茨木市東奈良2丁目17番33号デイサービス癒す手", "url": "https://www.kaigokensaku.mhlw.go.jp/27/index.php?action_kouhyou_detail_004_kani=true&JigyosyoCd=2774202564-00&ServiceCd=150&Type=search", "url2": null }, "geometry": { "type": "Point", "coordinates": [ 135.569610499999953, 34.801553700000014 ] } },
{ "type": "Feature", "properties": { "内容": "デイサービス　エーガイヤ【通所介護】大阪府茨木市中穂積二丁目10番23号", "url": "https://www.kaigokensaku.mhlw.go.jp/27/index.php?action_kouhyou_detail_004_kani=true&JigyosyoCd=2774202838-00&ServiceCd=150&Type=search", "url2": "http://www.japan-maxcare.com" }, "geometry": { "type": "Point", "coordinates": [ 135.554164200000059, 34.8171935 ] } },
{ "type": "Feature", "properties": { "内容": "ヒューマンライフケア八尾の湯【通所介護】大阪府八尾市本町１－１－１８レジデンス八楽１０１", "url": "https://www.kaigokensaku.mhlw.go.jp/27/index.php?action_kouhyou_detail_004_kani=true&JigyosyoCd=2775503606-00&ServiceCd=150&Type=search", "url2": "https://kaigo.human-lifecare.jp/facilities/ds058_Yao/summary.html" }, "geometry": { "type": "Point", "coordinates": [ 135.600526299999956, 34.6274168 ] } },
{ "type": "Feature", "properties": { "内容": "通所介護はぁとふるプラス【通所介護】大阪府八尾市宮町六丁目6番16号", "url": "https://www.kaigokensaku.mhlw.go.jp/27/index.php?action_kouhyou_detail_004_kani=true&JigyosyoCd=2775505692-00&ServiceCd=150&Type=search", "url2": "http://www.heartful-health.or.jp" }, "geometry": { "type": "Point", "coordinates": [ 135.596688800000038, 34.6406223 ] } },
{ "type": "Feature", "properties": { "内容": "医療法人幸晴会　デイサービスセンター中谷【通所介護】八尾市八尾木北４丁目１１番地の２", "url": "https://www.kaigokensaku.mhlw.go.jp/27/index.php?action_kouhyou_detail_004_kani=true&JigyosyoCd=2775503119-00&ServiceCd=150&Type=search", "url2": "http://www.nakataniclinic.or.jp" }, "geometry": { "type": "Point", "coordinates": [ 135.612091031074556, 34.614680262387154 ] } },
{ "type": "Feature", "properties": { "内容": "医療法人　幸晴会　こうせい苑デイサービスセンター【通所介護】大阪府八尾市北木の本5-6-1", "url": "https://www.kaigokensaku.mhlw.go.jp/27/index.php?action_kouhyou_detail_004_kani=true&JigyosyoCd=2775502202-00&ServiceCd=150&Type=search", "url2": "http://www.nakataniclinic.or.jp" }, "geometry": { "type": "Point", "coordinates": [ 135.589454199999977, 34.609618 ] } },
{ "type": "Feature", "properties": { "内容": "医療法人山田医院　山田医院デイサービスセンター　クレイン【通所介護】大阪府八尾市山本町4-3-3", "url": "https://www.kaigokensaku.mhlw.go.jp/27/index.php?action_kouhyou_detail_004_kani=true&JigyosyoCd=2775504299-00&ServiceCd=150&Type=search", "url2": null }, "geometry": { "type": "Point", "coordinates": [ 135.619756199999983, 34.6321246 ] } },
{ "type": "Feature", "properties": { "内容": "デイサービスくつろぎの里八尾木店【通所介護】大阪府八尾市八尾木北四丁目１８番地", "url": "https://www.kaigokensaku.mhlw.go.jp/27/index.php?action_kouhyou_detail_004_kani=true&JigyosyoCd=2775505882-00&ServiceCd=150&Type=search", "url2": "http://kutsuroginosato.com" }, "geometry": { "type": "Point", "coordinates": [ 135.610638200000039, 34.6140168 ] } },
{ "type": "Feature", "properties": { "内容": "癒しの森デイサービス久宝寺【通所介護】大阪府八尾市北久宝寺2-2-54", "url": "https://www.kaigokensaku.mhlw.go.jp/27/index.php?action_kouhyou_detail_004_kani=true&JigyosyoCd=2775505767-00&ServiceCd=150&Type=search", "url2": "https://medical-up.net" }, "geometry": { "type": "Point", "coordinates": [ 135.585528899999986, 34.6316209 ] } },
{ "type": "Feature", "properties": { "内容": "長寿デイサービスセンター【通所介護】大阪府八尾市宮町１丁目１番５号", "url": "https://www.kaigokensaku.mhlw.go.jp/27/index.php?action_kouhyou_detail_004_kani=true&JigyosyoCd=2775500842-00&ServiceCd=150&Type=search", "url2": null }, "geometry": { "type": "Point", "coordinates": [ 135.597544400000061, 34.632035 ] } },
{ "type": "Feature", "properties": { "内容": "デイサービスセンター長寿の里【通所介護】大阪府八尾市小畑町３－５３－４", "url": "https://www.kaigokensaku.mhlw.go.jp/27/index.php?action_kouhyou_detail_004_kani=true&JigyosyoCd=2775504067-00&ServiceCd=150&Type=search", "url2": null }, "geometry": { "type": "Point", "coordinates": [ 135.611005822090164, 34.641901919123939 ] } },
{ "type": "Feature", "properties": { "内容": "デイサービスセンタースローライフ歓【通所介護】大阪府八尾市木の本２丁目１８６番地", "url": "https://www.kaigokensaku.mhlw.go.jp/27/index.php?action_kouhyou_detail_004_kani=true&JigyosyoCd=2775501899-00&ServiceCd=150&Type=search", "url2": "http://www.ouple.com/" }, "geometry": { "type": "Point", "coordinates": [ 135.586143192559803, 34.598201185404605 ] } },
{ "type": "Feature", "properties": { "内容": "デイサービス　ガーデンやお【通所介護】大阪府八尾市北本町２丁目１３-１３ベルデ北本町１階", "url": "https://www.kaigokensaku.mhlw.go.jp/27/index.php?action_kouhyou_detail_004_kani=true&JigyosyoCd=2775503655-00&ServiceCd=150&Type=search", "url2": null }, "geometry": { "type": "Point", "coordinates": [ 135.602532800000063, 34.6324185 ] } },
{ "type": "Feature", "properties": { "内容": "デイサービス　ソラスト八尾【通所介護】大阪府八尾市木の本二丁目8番地の1", "url": "https://www.kaigokensaku.mhlw.go.jp/27/index.php?action_kouhyou_detail_004_kani=true&JigyosyoCd=2775503069-00&ServiceCd=150&Type=search", "url2": "https://solasto-kaigo.com/service/dayservice/yao" }, "geometry": { "type": "Point", "coordinates": [ 135.585268700000029, 34.6012105 ] } },
{ "type": "Feature", "properties": { "内容": "ツクイ八尾弓削【通所介護】大阪府八尾市弓削町2-25-10", "url": "https://www.kaigokensaku.mhlw.go.jp/27/index.php?action_kouhyou_detail_004_kani=true&JigyosyoCd=2775505569-00&ServiceCd=150&Type=search", "url2": "http://www.tsukui.net/" }, "geometry": { "type": "Point", "coordinates": [ 135.613112799999953, 34.59732 ] } },
{ "type": "Feature", "properties": { "内容": "ビーナスクラブ八尾【通所介護】大阪府八尾市小阪合町2-3-39", "url": "https://www.kaigokensaku.mhlw.go.jp/27/index.php?action_kouhyou_detail_004_kani=true&JigyosyoCd=2775504513-00&ServiceCd=150&Type=search", "url2": "http://www.venus-comrade.co.jp/profile.html" }, "geometry": { "type": "Point", "coordinates": [ 135.612329199999976, 34.6262917 ] } },
{ "type": "Feature", "properties": { "内容": "老原デイサービスセンター愛の輪【通所介護】大阪府八尾市老原1-61-3", "url": "https://www.kaigokensaku.mhlw.go.jp/27/index.php?action_kouhyou_detail_004_kani=true&JigyosyoCd=2775501816-00&ServiceCd=150&Type=search", "url2": "https://genkinakaigo.co.jp" }, "geometry": { "type": "Point", "coordinates": [ 135.60398310000005, 34.6087158 ] } },
{ "type": "Feature", "properties": { "内容": "千歳デイサービス【通所介護】大阪府八尾市桜ヶ丘三丁目74番地", "url": "https://www.kaigokensaku.mhlw.go.jp/27/index.php?action_kouhyou_detail_004_kani=true&JigyosyoCd=2775507508-00&ServiceCd=150&Type=search", "url2": "https://www.rokuhachi68-titose.com" }, "geometry": { "type": "Point", "coordinates": [ 135.607292735581979, 34.632018881299565 ] } },
{ "type": "Feature", "properties": { "内容": "萱振苑デイサービスセンター【通所介護】大阪府八尾市萱振町5-10", "url": "https://www.kaigokensaku.mhlw.go.jp/27/index.php?action_kouhyou_detail_004_kani=true&JigyosyoCd=2775500305-00&ServiceCd=150&Type=search", "url2": "http://tukushikayahuri.sakura.ne.jp/" }, "geometry": { "type": "Point", "coordinates": [ 135.606704400000012, 34.643550699999984 ] } },
{ "type": "Feature", "properties": { "内容": "デイサービスセンターやまなみ【通所介護】大阪府八尾市都塚５０－１", "url": "https://www.kaigokensaku.mhlw.go.jp/27/index.php?action_kouhyou_detail_004_kani=true&JigyosyoCd=2775500727-00&ServiceCd=150&Type=search", "url2": "http://www.ishinkai.or.jp/" }, "geometry": { "type": "Point", "coordinates": [ 135.619553499999938, 34.6076636 ] } },
{ "type": "Feature", "properties": { "内容": "社会福祉法人　医真福祉会　デイサービスセンターつながり【通所介護】大阪府八尾市都塚3丁目1015番地3", "url": "https://www.kaigokensaku.mhlw.go.jp/27/index.php?action_kouhyou_detail_004_kani=true&JigyosyoCd=2775506781-00&ServiceCd=150&Type=search", "url2": "http://ishinfukushikai.or.jp" }, "geometry": { "type": "Point", "coordinates": [ 135.6238903, 34.6050752 ] } },
{ "type": "Feature", "properties": { "内容": "デイサービスセンターさとやま【通所介護】大阪府八尾市安中町9丁目1-12", "url": "https://www.kaigokensaku.mhlw.go.jp/27/index.php?action_kouhyou_detail_004_kani=true&JigyosyoCd=2775502947-00&ServiceCd=150&Type=search", "url2": "http://www.ishinkai.or.jp/" }, "geometry": { "type": "Point", "coordinates": [ 135.602291499999978, 34.6149094 ] } },
{ "type": "Feature", "properties": { "内容": "デイサービスセンターピュア【通所介護】大阪府八尾市郡川２丁目３３番地1", "url": "https://www.kaigokensaku.mhlw.go.jp/27/index.php?action_kouhyou_detail_004_kani=true&JigyosyoCd=2775501964-00&ServiceCd=150&Type=search", "url2": "http://www.kaguyamakai.com" }, "geometry": { "type": "Point", "coordinates": [ 135.636557499999981, 34.6242976 ] } },
{ "type": "Feature", "properties": { "内容": "信貴の里　デイサービスセンター【通所介護】八尾市服部川5丁目7番地2", "url": "https://www.kaigokensaku.mhlw.go.jp/27/index.php?action_kouhyou_detail_004_kani=true&JigyosyoCd=2775500404-00&ServiceCd=150&Type=search", "url2": "http://shiginosato.com" }, "geometry": { "type": "Point", "coordinates": [ 135.63881, 34.628125 ] } },
{ "type": "Feature", "properties": { "内容": "デイサービスセンター　楽寿【通所介護】大阪府八尾市神宮寺一丁目１５４番地八尾地域密着型高齢者施設　楽寿", "url": "https://www.kaigokensaku.mhlw.go.jp/27/index.php?action_kouhyou_detail_004_kani=true&JigyosyoCd=2775502863-00&ServiceCd=150&Type=search", "url2": "http://jyukoukai.org/" }, "geometry": { "type": "Point", "coordinates": [ 135.62303380000003, 34.6010033 ] } },
{ "type": "Feature", "properties": { "内容": "デイサービスセンター　サポートやお【通所介護】大阪府八尾市青山町４丁目４番１８号", "url": "https://www.kaigokensaku.mhlw.go.jp/27/index.php?action_kouhyou_detail_004_kani=true&JigyosyoCd=2775500685-00&ServiceCd=150&Type=search", "url2": "http://www.yaorinpokan.or.jp" }, "geometry": { "type": "Point", "coordinates": [ 135.611607099999986, 34.6219311 ] } },
{ "type": "Feature", "properties": { "内容": "デイサービスセンター成法苑【通所介護】大阪府八尾市南本町3-4-5", "url": "https://www.kaigokensaku.mhlw.go.jp/27/index.php?action_kouhyou_detail_004_kani=true&JigyosyoCd=2775500362-00&ServiceCd=150&Type=search", "url2": "http://www.yaorinpokan.or.jp/" }, "geometry": { "type": "Point", "coordinates": [ 135.60546880000004, 34.6226392 ] } },
{ "type": "Feature", "properties": { "内容": "あすか八尾　デイサービスセンター【通所介護】大阪府八尾市太子堂4-2-33", "url": "https://www.kaigokensaku.mhlw.go.jp/27/index.php?action_kouhyou_detail_004_kani=true&JigyosyoCd=2775500982-00&ServiceCd=150&Type=search", "url2": "http://www.tomojyu.or.jp/" }, "geometry": { "type": "Point", "coordinates": [ 135.586118199999987, 34.6144063 ] } },
{ "type": "Feature", "properties": { "内容": "デイサービスセンター長生園【通所介護】大阪府八尾市光南町１丁目４番８号", "url": "https://www.kaigokensaku.mhlw.go.jp/27/index.php?action_kouhyou_detail_004_kani=true&JigyosyoCd=2775501733-00&ServiceCd=150&Type=search", "url2": "https://www.yojukai.net/" }, "geometry": { "type": "Point", "coordinates": [ 135.598683599999987, 34.6240992 ] } },
{ "type": "Feature", "properties": { "内容": "ホーム太子堂デイサービスセンター【通所介護】八尾市太子堂４－１－３２", "url": "https://www.kaigokensaku.mhlw.go.jp/27/index.php?action_kouhyou_detail_004_kani=true&JigyosyoCd=2775500602-00&ServiceCd=150&Type=search", "url2": "http://www.ryuge.or.jp" }, "geometry": { "type": "Point", "coordinates": [ 135.586193200000025, 34.6150395 ] } },
{ "type": "Feature", "properties": { "内容": "松本デイサービスセンター【通所介護】大阪府八尾市志紀町南3丁目180番地", "url": "https://www.kaigokensaku.mhlw.go.jp/27/index.php?action_kouhyou_detail_004_kani=true&JigyosyoCd=2775503457-00&ServiceCd=150&Type=search", "url2": "http://www.matsumoto-reha.jp/" }, "geometry": { "type": "Point", "coordinates": [ 135.615179399336284, 34.595304151983257 ] } },
{ "type": "Feature", "properties": { "内容": "リハビリデイサービス爽快【通所介護】大阪府八尾市上尾町１－１－１", "url": "https://www.kaigokensaku.mhlw.go.jp/27/index.php?action_kouhyou_detail_004_kani=true&JigyosyoCd=2775506930-00&ServiceCd=150&Type=search", "url2": null }, "geometry": { "type": "Point", "coordinates": [ 135.6298531, 34.6362273 ] } },
{ "type": "Feature", "properties": { "内容": "八尾老原の風　にしがきデイサービスセンター　ゆめゆめらいふ【通所介護】大阪府八尾市老原3-11-3八尾老原の風　にしがきデイサービスセンター　ゆめゆめらいふ", "url": "https://www.kaigokensaku.mhlw.go.jp/27/index.php?action_kouhyou_detail_004_kani=true&JigyosyoCd=2775505387-00&ServiceCd=150&Type=search", "url2": "http://kaze-yume.jp/blog/category/oihara" }, "geometry": { "type": "Point", "coordinates": [ 135.602036099999964, 34.6081019 ] } },
{ "type": "Feature", "properties": { "内容": "老人デイサービスセンター　しあわせの郷【通所介護】大阪府八尾市郡川３丁目８０番地１", "url": "https://www.kaigokensaku.mhlw.go.jp/27/index.php?action_kouhyou_detail_004_kani=true&JigyosyoCd=2775502210-00&ServiceCd=150&Type=search", "url2": null }, "geometry": { "type": "Point", "coordinates": [ 135.635068700000033, 34.6221173 ] } },
{ "type": "Feature", "properties": { "内容": "かがやきデイサービス八尾南本町【通所介護】大阪府八尾市南本町1-1-40", "url": "https://www.kaigokensaku.mhlw.go.jp/27/index.php?action_kouhyou_detail_004_kani=true&JigyosyoCd=2775505106-00&ServiceCd=150&Type=search", "url2": "http://www.ymmd-scc.jp/location/yaominamihonmachi/" }, "geometry": { "type": "Point", "coordinates": [ 135.602594100000033, 34.625560900000018 ] } },
{ "type": "Feature", "properties": { "内容": "ケアパートナー八尾【通所介護】大阪府八尾市小畑町3-62-2", "url": "https://www.kaigokensaku.mhlw.go.jp/27/index.php?action_kouhyou_detail_004_kani=true&JigyosyoCd=2775502459-00&ServiceCd=150&Type=search", "url2": "https://www.care-partner.com/place/yao/" }, "geometry": { "type": "Point", "coordinates": [ 135.613066900000035, 34.6412588 ] } },
{ "type": "Feature", "properties": { "内容": "医療法人　永光会　新井クリニック　デイサービスセンター【通所介護】大阪府八尾市久宝園2丁目１２７番地", "url": "https://www.kaigokensaku.mhlw.go.jp/27/index.php?action_kouhyou_detail_004_kani=true&JigyosyoCd=2775503168-00&ServiceCd=150&Type=search", "url2": "http://eikoukai.or.jp" }, "geometry": { "type": "Point", "coordinates": [ 135.591011500000036, 34.6376758 ] } },
{ "type": "Feature", "properties": { "内容": "デイサービスセンター　いろり【通所介護】大阪府八尾市萱振町３丁目８５番地の１", "url": "https://www.kaigokensaku.mhlw.go.jp/27/index.php?action_kouhyou_detail_004_kani=true&JigyosyoCd=2775502103-00&ServiceCd=150&Type=search", "url2": null }, "geometry": { "type": "Point", "coordinates": [ 135.605118599999969, 34.637143 ] } },
{ "type": "Feature", "properties": { "内容": "デイサービスあぷりForHealthyLife【通所介護】大阪府八尾市太田7-55-6-2階", "url": "https://www.kaigokensaku.mhlw.go.jp/27/index.php?action_kouhyou_detail_004_kani=true&JigyosyoCd=2775505601-00&ServiceCd=150&Type=search", "url2": "http://www.apri-kaigo.com/ds-ohta-info/" }, "geometry": { "type": "Point", "coordinates": [ 135.599098099999964, 34.589162 ] } },
{ "type": "Feature", "properties": { "内容": "ルーチェ八尾デイサービスセンター【通所介護】大阪府八尾市楠根町四丁目３５番地の１", "url": "https://www.kaigokensaku.mhlw.go.jp/27/index.php?action_kouhyou_detail_004_kani=true&JigyosyoCd=2775504877-00&ServiceCd=150&Type=search", "url2": "http://japan-estate.jp/luce_yao/day/index.html" }, "geometry": { "type": "Point", "coordinates": [ 135.600691099999949, 34.64317 ] } },
{ "type": "Feature", "properties": { "内容": "デイサービス笑楽　八尾【通所介護】大阪府八尾市萱振町5丁目１５－７デイサービス笑楽", "url": "https://www.kaigokensaku.mhlw.go.jp/27/index.php?action_kouhyou_detail_004_kani=true&JigyosyoCd=2775505254-00&ServiceCd=150&Type=search", "url2": "http://わらく.com/" }, "geometry": { "type": "Point", "coordinates": [ 135.606693299999961, 34.6420592 ] } },
{ "type": "Feature", "properties": { "内容": "デイサービスセンター　やまぶき【通所介護】大阪府八尾市東山本新町１丁目９番２４号", "url": "https://www.kaigokensaku.mhlw.go.jp/27/index.php?action_kouhyou_detail_004_kani=true&JigyosyoCd=2775504281-00&ServiceCd=150&Type=search", "url2": "http://www.ishinfukushikai.or.jp/" }, "geometry": { "type": "Point", "coordinates": [ 135.625473112966887, 34.626290881050743 ] } },
{ "type": "Feature", "properties": { "内容": "デイサービスセンター　高秀苑【通所介護】八尾市桂町５丁目１１-６", "url": "https://www.kaigokensaku.mhlw.go.jp/27/index.php?action_kouhyou_detail_004_kani=true&JigyosyoCd=2775502293-00&ServiceCd=150&Type=search", "url2": "http://koushuen..com" }, "geometry": { "type": "Point", "coordinates": [ 135.6140676, 34.6439536 ] } },
{ "type": "Feature", "properties": { "内容": "デイサービス久宝寺愛の郷【通所介護】大阪府八尾市久宝寺三丁目15-38", "url": "https://www.kaigokensaku.mhlw.go.jp/27/index.php?action_kouhyou_detail_004_kani=true&JigyosyoCd=2775505213-00&ServiceCd=150&Type=search", "url2": "https://kyuhoji-ainosato.jp/" }, "geometry": { "type": "Point", "coordinates": [ 135.588331399999987, 34.630235 ] } },
{ "type": "Feature", "properties": { "内容": "デイサービス　ガーデンたかやす【通所介護】大阪府八尾市高安町北三丁目７７番地の１", "url": "https://www.kaigokensaku.mhlw.go.jp/27/index.php?action_kouhyou_detail_004_kani=true&JigyosyoCd=2775507995-00&ServiceCd=150&Type=search", "url2": null }, "geometry": { "type": "Point", "coordinates": [ 135.624707899999976, 34.6212606 ] } },
{ "type": "Feature", "properties": { "内容": "レッツ倶楽部　八尾北【通所介護】大阪府八尾市楠根町4-34-1", "url": "https://www.kaigokensaku.mhlw.go.jp/27/index.php?action_kouhyou_detail_004_kani=true&JigyosyoCd=2775506864-00&ServiceCd=150&Type=search", "url2": null }, "geometry": { "type": "Point", "coordinates": [ 135.6010425, 34.6433121 ] } },
{ "type": "Feature", "properties": { "内容": "たのし処いろは【通所介護】大阪府八尾市南本町六丁目7番16号", "url": "https://www.kaigokensaku.mhlw.go.jp/27/index.php?action_kouhyou_detail_004_kani=true&JigyosyoCd=2775506443-00&ServiceCd=150&Type=search", "url2": "https://komame-kaigo.com/" }, "geometry": { "type": "Point", "coordinates": [ 135.608008547885106, 34.617705667655194 ] } },
{ "type": "Feature", "properties": { "内容": "かがやきデイサービス八尾恩智【通所介護】大阪府八尾市恩智中町2-154-6", "url": "https://www.kaigokensaku.mhlw.go.jp/27/index.php?action_kouhyou_detail_004_kani=true&JigyosyoCd=2775505536-00&ServiceCd=150&Type=search", "url2": "http://www.ymmd.co.jp/" }, "geometry": { "type": "Point", "coordinates": [ 135.6305913, 34.6101437 ] } },
{ "type": "Feature", "properties": { "内容": "癒しの森デイサービス八尾【通所介護】大阪府八尾市渋川町4-9-1", "url": "https://www.kaigokensaku.mhlw.go.jp/27/index.php?action_kouhyou_detail_004_kani=true&JigyosyoCd=2775507664-00&ServiceCd=150&Type=search", "url2": "https://medical-up.net/" }, "geometry": { "type": "Point", "coordinates": [ 135.592863599999987, 34.6210689 ] } },
{ "type": "Feature", "properties": { "内容": "デイサービス　ライフケア【通所介護】大阪府八尾市福万寺町南4丁目１２－１", "url": "https://www.kaigokensaku.mhlw.go.jp/27/index.php?action_kouhyou_detail_004_kani=true&JigyosyoCd=2775505577-00&ServiceCd=150&Type=search", "url2": "http://lifecare-ikkyu.com" }, "geometry": { "type": "Point", "coordinates": [ 135.62279460000002, 34.6422484 ] } },
{ "type": "Feature", "properties": { "内容": "ヒューマンライフケア日根野湯【通所介護】大阪府泉佐野市日根野7157", "url": "https://www.kaigokensaku.mhlw.go.jp/27/index.php?action_kouhyou_detail_004_kani=true&JigyosyoCd=2774502385-00&ServiceCd=150&Type=search", "url2": "http://kaigo.human-lifecare.jp/facilities/ds080_Hineno/summary.html" }, "geometry": { "type": "Point", "coordinates": [ 135.332173199999943, 34.3879976 ] } },
{ "type": "Feature", "properties": { "内容": "デイサービス花りぼん日根野【通所介護】大阪府泉佐野市俵屋２４０-３", "url": "https://www.kaigokensaku.mhlw.go.jp/27/index.php?action_kouhyou_detail_004_kani=true&JigyosyoCd=2774503284-00&ServiceCd=150&Type=search", "url2": null }, "geometry": { "type": "Point", "coordinates": [ 135.325638156925578, 34.395868014424835 ] } },
{ "type": "Feature", "properties": { "内容": "デイサービス花りぼん俵屋【通所介護】大阪府泉佐野市俵屋240-10", "url": "https://www.kaigokensaku.mhlw.go.jp/27/index.php?action_kouhyou_detail_004_kani=true&JigyosyoCd=2774503433-00&ServiceCd=150&Type=search", "url2": "http://hanaribon.net" }, "geometry": { "type": "Point", "coordinates": [ 135.325250393779044, 34.395849223068403 ] } },
{ "type": "Feature", "properties": { "内容": "かじのリハビリデイサービス【通所介護】大阪府泉佐野市高松南一丁目4番11号", "url": "https://www.kaigokensaku.mhlw.go.jp/27/index.php?action_kouhyou_detail_004_kani=true&JigyosyoCd=2774502542-00&ServiceCd=150&Type=search", "url2": null }, "geometry": { "type": "Point", "coordinates": [ 135.311716400000023, 34.4042089 ] } },
{ "type": "Feature", "properties": { "内容": "いきいきデイサービスセンター【通所介護】大阪府泉佐野市日根野4097-2ミヤコピア日根野1階102号", "url": "https://www.kaigokensaku.mhlw.go.jp/27/index.php?action_kouhyou_detail_004_kani=true&JigyosyoCd=2774501494-00&ServiceCd=150&Type=search", "url2": null }, "geometry": { "type": "Point", "coordinates": [ 135.329424199999949, 34.3919758 ] } },
{ "type": "Feature", "properties": { "内容": "デイサービス咲【通所介護】大阪府泉佐野市岡本２丁目２番１号", "url": "https://www.kaigokensaku.mhlw.go.jp/27/index.php?action_kouhyou_detail_004_kani=true&JigyosyoCd=2774503987-00&ServiceCd=150&Type=search", "url2": "https://kanom-kaigo.com/emi" }, "geometry": { "type": "Point", "coordinates": [ 135.30265270000001, 34.3933504 ] } },
{ "type": "Feature", "properties": { "内容": "デイサービス泉佐野３番館【通所介護】大阪府泉佐野市中庄1081-183", "url": "https://www.kaigokensaku.mhlw.go.jp/27/index.php?action_kouhyou_detail_004_kani=true&JigyosyoCd=2774502609-00&ServiceCd=150&Type=search", "url2": null }, "geometry": { "type": "Point", "coordinates": [ 135.33552009999994, 34.4030261 ] } },
{ "type": "Feature", "properties": { "内容": "リニエデイサービス泉佐野【通所介護】大阪府泉佐野市日根野5954番地2", "url": "https://www.kaigokensaku.mhlw.go.jp/27/index.php?action_kouhyou_detail_004_kani=true&JigyosyoCd=2774503979-00&ServiceCd=150&Type=search", "url2": "https://linie-group.jp/office/izumisano/" }, "geometry": { "type": "Point", "coordinates": [ 135.3236445, 34.3950754 ] } },
{ "type": "Feature", "properties": { "内容": "デイサービスそらまめ【通所介護】大阪府泉佐野市長滝２１８９－１", "url": "https://www.kaigokensaku.mhlw.go.jp/27/index.php?action_kouhyou_detail_004_kani=true&JigyosyoCd=2774501528-00&ServiceCd=150&Type=search", "url2": "http://www4.plala.or.jp/kyu-group/" }, "geometry": { "type": "Point", "coordinates": [ 135.314199700000017, 34.3908746 ] } },
{ "type": "Feature", "properties": { "内容": "幸デイサービスセンター【通所介護】大阪府泉佐野市東羽倉崎町９番１４号", "url": "https://www.kaigokensaku.mhlw.go.jp/27/index.php?action_kouhyou_detail_004_kani=true&JigyosyoCd=2774500389-00&ServiceCd=150&Type=search", "url2": "http://www.ans.co.jp/u/kouraku/" }, "geometry": { "type": "Point", "coordinates": [ 135.303566899999964, 34.4017731 ] } },
{ "type": "Feature", "properties": { "内容": "ラポートデイサービスセンター【通所介護】大阪府泉佐野市長滝3672番地", "url": "https://www.kaigokensaku.mhlw.go.jp/27/index.php?action_kouhyou_detail_004_kani=true&JigyosyoCd=2774500207-00&ServiceCd=150&Type=search", "url2": "http://www.tomoekai.or.jp" }, "geometry": { "type": "Point", "coordinates": [ 135.317407799999955, 34.3953351 ] } },
{ "type": "Feature", "properties": { "内容": "泉ヶ丘園デイサービスセンター【通所介護】大阪府泉佐野市土丸５３１番地", "url": "https://www.kaigokensaku.mhlw.go.jp/27/index.php?action_kouhyou_detail_004_kani=true&JigyosyoCd=2774500371-00&ServiceCd=150&Type=search", "url2": "http://www005.upp.so-net.ne.jp/izumi/" }, "geometry": { "type": "Point", "coordinates": [ 135.346941300000026, 34.3699279 ] } },
{ "type": "Feature", "properties": { "内容": "デイサービスニコフィット【通所介護】大阪府泉佐野市鶴原1-2-20ふたつ星ビル2階", "url": "https://www.kaigokensaku.mhlw.go.jp/27/index.php?action_kouhyou_detail_004_kani=true&JigyosyoCd=2774504027-00&ServiceCd=150&Type=search", "url2": "https://www.nicogusa.info/" }, "geometry": { "type": "Point", "coordinates": [ 135.3379464, 34.4272918 ] } },
{ "type": "Feature", "properties": { "内容": "スーパーデイサービス泉佐野【通所介護】大阪府　泉佐野市　新町三丁目１‐８", "url": "https://www.kaigokensaku.mhlw.go.jp/27/index.php?action_kouhyou_detail_004_kani=true&JigyosyoCd=2774500751-00&ServiceCd=150&Type=search", "url2": "http://www.rehabilicenter-tenjyu.jp/" }, "geometry": { "type": "Point", "coordinates": [ 135.319304500000044, 34.4164467 ] } },
{ "type": "Feature", "properties": { "内容": "デイサービスセンターアムリタ【通所介護】大阪府泉佐野市３丁目４番５号ジリタス高齢者複合施設ジリタス", "url": "https://www.kaigokensaku.mhlw.go.jp/27/index.php?action_kouhyou_detail_004_kani=true&JigyosyoCd=2774503680-00&ServiceCd=150&Type=search", "url2": "http://www.sanokinen.jp/" }, "geometry": { "type": "Point", "coordinates": [ 135.316029155631924, 34.400213683583843 ] } },
{ "type": "Feature", "properties": { "内容": "デイサービス　アクアライフジリタス【通所介護】大阪府泉佐野市中町3丁目4-5", "url": "https://www.kaigokensaku.mhlw.go.jp/27/index.php?action_kouhyou_detail_004_kani=true&JigyosyoCd=2774504159-00&ServiceCd=150&Type=search", "url2": "https://sanokinen.jp/" }, "geometry": { "type": "Point", "coordinates": [ 135.3159504, 34.4001984 ] } },
{ "type": "Feature", "properties": { "内容": "プライマリーリハビリ・デイサービスあいのわ泉佐野【通所介護】泉佐野市長滝１１０８－１イルシオン長滝１F", "url": "https://www.kaigokensaku.mhlw.go.jp/27/index.php?action_kouhyou_detail_004_kani=true&JigyosyoCd=2774503565-00&ServiceCd=150&Type=search", "url2": "https://ainowa.info" }, "geometry": { "type": "Point", "coordinates": [ 135.318612900000034, 34.3819083 ] } },
{ "type": "Feature", "properties": { "内容": "かふぇぐるっぽ参番館【通所介護】大阪府泉佐野市鶴原2813-1", "url": "https://www.kaigokensaku.mhlw.go.jp/27/index.php?action_kouhyou_detail_004_kani=true&JigyosyoCd=2774504092-00&ServiceCd=150&Type=search", "url2": "https://www.eternity-life.co.jp/eternal-izumisano/" }, "geometry": { "type": "Point", "coordinates": [ 135.3353816, 34.4219453 ] } },
{ "type": "Feature", "properties": { "内容": "なの花デイサービス【通所介護】大阪府泉佐野市下瓦屋三丁目１番１号有本医療ビル３階", "url": "https://www.kaigokensaku.mhlw.go.jp/27/index.php?action_kouhyou_detail_004_kani=true&JigyosyoCd=2774502419-00&ServiceCd=150&Type=search", "url2": "http://www2.hp-ez.com/hp/nanohanaday/page1" }, "geometry": { "type": "Point", "coordinates": [ 135.330147799999963, 34.4216491 ] } },
{ "type": "Feature", "properties": { "内容": "デイサービスセンター犬鳴山荘【通所介護】大阪府泉佐野市土丸３８８番地", "url": "https://www.kaigokensaku.mhlw.go.jp/27/index.php?action_kouhyou_detail_004_kani=true&JigyosyoCd=2774500298-00&ServiceCd=150&Type=search", "url2": "http://www.inunaki.or.jp" }, "geometry": { "type": "Point", "coordinates": [ 135.3493522, 34.3725359 ] } },
{ "type": "Feature", "properties": { "内容": "フォーライフデイサービスセンター【通所介護】大阪府富田林寿町４丁目19-2-1", "url": "https://www.kaigokensaku.mhlw.go.jp/27/index.php?action_kouhyou_detail_004_kani=true&JigyosyoCd=2774901546-00&ServiceCd=150&Type=search", "url2": null }, "geometry": { "type": "Point", "coordinates": [ 135.5906319, 34.4973118 ] } },
{ "type": "Feature", "properties": { "内容": "希望やデイサービス煌【通所介護】大阪府富田林市若松町西1-1887-1第2中西ビル2階", "url": "https://www.kaigokensaku.mhlw.go.jp/27/index.php?action_kouhyou_detail_004_kani=true&JigyosyoCd=2774903153-00&ServiceCd=150&Type=search", "url2": "https://www.hopemillion.com/" }, "geometry": { "type": "Point", "coordinates": [ 135.5992795, 34.5057099 ] } },
{ "type": "Feature", "properties": { "内容": "株式会社M＆C　やすらぎの村　デイサービスセンター【通所介護】大阪府　富田林市　向陽台　２丁目　2-12", "url": "https://www.kaigokensaku.mhlw.go.jp/27/index.php?action_kouhyou_detail_004_kani=true&JigyosyoCd=2774900670-00&ServiceCd=150&Type=search", "url2": "http://www.inforlive.com" }, "geometry": { "type": "Point", "coordinates": [ 135.580834900000013, 34.5018936 ] } },
{ "type": "Feature", "properties": { "内容": "デイサービス寿福の家富田林【通所介護】大阪府富田林市西板持町七丁目1番25号", "url": "https://www.kaigokensaku.mhlw.go.jp/27/index.php?action_kouhyou_detail_004_kani=true&JigyosyoCd=2774903252-00&ServiceCd=150&Type=search", "url2": "https://www.kent-medical.com/daycare/tondabayashi" }, "geometry": { "type": "Point", "coordinates": [ 135.60526, 34.4932719 ] } },
{ "type": "Feature", "properties": { "内容": "エテルノスポーツ富田林【通所介護】大阪府富田林昭和町２丁目4-23", "url": "https://www.kaigokensaku.mhlw.go.jp/27/index.php?action_kouhyou_detail_004_kani=true&JigyosyoCd=2774903187-00&ServiceCd=150&Type=search", "url2": "https://selvice.co.jp/" }, "geometry": { "type": "Point", "coordinates": [ 135.600111977350196, 34.508107481684789 ] } },
{ "type": "Feature", "properties": { "内容": "ツクイ富田林中野【通所介護】大阪府富田林市中野町1-127-1", "url": "https://www.kaigokensaku.mhlw.go.jp/27/index.php?action_kouhyou_detail_004_kani=true&JigyosyoCd=2774902296-00&ServiceCd=150&Type=search", "url2": "http://www.tsukui.net/" }, "geometry": { "type": "Point", "coordinates": [ 135.608312299999966, 34.5140592 ] } },
{ "type": "Feature", "properties": { "内容": "デイサービストライズ富田林【通所介護】大阪府富田林市若松町1-10-7プレナス富田林101号", "url": "https://www.kaigokensaku.mhlw.go.jp/27/index.php?action_kouhyou_detail_004_kani=true&JigyosyoCd=2774902890-00&ServiceCd=150&Type=search", "url2": "https://t-triz.com/" }, "geometry": { "type": "Point", "coordinates": [ 135.603552300000047, 34.5036471 ] } },
{ "type": "Feature", "properties": { "内容": "デイセンターリハビリプラザ桜ケ丘【通所介護】富田林市桜ケ丘町１番４０号", "url": "https://www.kaigokensaku.mhlw.go.jp/27/index.php?action_kouhyou_detail_004_kani=true&JigyosyoCd=2774900449-00&ServiceCd=150&Type=search", "url2": "https://www.medi-care.co.jp" }, "geometry": { "type": "Point", "coordinates": [ 135.570558099999971, 34.500601799999984 ] } },
{ "type": "Feature", "properties": { "内容": "デイサービス富田林【通所介護】大阪府富田林市喜志町３丁目６－７", "url": "https://www.kaigokensaku.mhlw.go.jp/27/index.php?action_kouhyou_detail_004_kani=true&JigyosyoCd=2774901884-00&ServiceCd=150&Type=search", "url2": "https://naiseikai.jimdofree.com/" }, "geometry": { "type": "Point", "coordinates": [ 135.608592700000031, 34.5230222 ] } },
{ "type": "Feature", "properties": { "内容": "デイサービス　百合の家【通所介護】大阪府富田林市寿町3丁目3-21", "url": "https://www.kaigokensaku.mhlw.go.jp/27/index.php?action_kouhyou_detail_004_kani=true&JigyosyoCd=2774903005-00&ServiceCd=150&Type=search", "url2": null }, "geometry": { "type": "Point", "coordinates": [ 135.5915788, 34.5020582 ] } },
{ "type": "Feature", "properties": { "内容": "喜志菊水苑デイサービスセンター【通所介護】大阪府富田林市喜志町3丁目１－３３", "url": "https://www.kaigokensaku.mhlw.go.jp/27/index.php?action_kouhyou_detail_004_kani=true&JigyosyoCd=2774900829-00&ServiceCd=150&Type=search", "url2": "http://www.kikusuien.com/" }, "geometry": { "type": "Point", "coordinates": [ 135.609767599999941, 34.5222778 ] } },
{ "type": "Feature", "properties": { "内容": "デイサービスセンター　さえずり【通所介護】大阪府富田林市五軒家1-25-10", "url": "https://www.kaigokensaku.mhlw.go.jp/27/index.php?action_kouhyou_detail_004_kani=true&JigyosyoCd=2774902007-00&ServiceCd=150&Type=search", "url2": "http://www.tenjukai.or.jp" }, "geometry": { "type": "Point", "coordinates": [ 135.567412752461991, 34.511504760746554 ] } },
{ "type": "Feature", "properties": { "内容": "Nishikiデイサービスセンター【通所介護】大阪府富田林市錦織南二丁目1番1号ケアセンターNishiki", "url": "https://www.kaigokensaku.mhlw.go.jp/27/index.php?action_kouhyou_detail_004_kani=true&JigyosyoCd=2774902361-00&ServiceCd=150&Type=search", "url2": "http://tomiwakai.or.jp/" }, "geometry": { "type": "Point", "coordinates": [ 135.581529942991693, 34.476591810330483 ] } },
{ "type": "Feature", "properties": { "内容": "錦織荘デイサービスセンター【通所介護】大阪府富田林市錦織東三丁目4番１８号", "url": "https://www.kaigokensaku.mhlw.go.jp/27/index.php?action_kouhyou_detail_004_kani=true&JigyosyoCd=2774900167-00&ServiceCd=150&Type=search", "url2": "http://tomiwakai.or.jp" }, "geometry": { "type": "Point", "coordinates": [ 135.584742900000037, 34.4778744 ] } },
{ "type": "Feature", "properties": { "内容": "サンキューネット・デイサービスセンター【通所介護】大阪府富田林市五軒家1-4-11", "url": "https://www.kaigokensaku.mhlw.go.jp/27/index.php?action_kouhyou_detail_004_kani=true&JigyosyoCd=2774900639-00&ServiceCd=150&Type=search", "url2": "http://www.san9net.com/" }, "geometry": { "type": "Point", "coordinates": [ 135.564133500000025, 34.5090868 ] } },
{ "type": "Feature", "properties": { "内容": "ケアはんどデイサービスよりあい金剛【通所介護】大阪府富田林市久野喜台一丁目２４番地２号", "url": "https://www.kaigokensaku.mhlw.go.jp/27/index.php?action_kouhyou_detail_004_kani=true&JigyosyoCd=2774902601-00&ServiceCd=150&Type=search", "url2": "http://hand.daynight.jp/" }, "geometry": { "type": "Point", "coordinates": [ 135.5605895, 34.502254 ] } },
{ "type": "Feature", "properties": { "内容": "サンケアライフ寿町デイサービス【通所介護】大阪府富田林市寿町4丁目5‐20", "url": "https://www.kaigokensaku.mhlw.go.jp/27/index.php?action_kouhyou_detail_004_kani=true&JigyosyoCd=2774902726-00&ServiceCd=150&Type=search", "url2": "http://sun-care-life.sakura.ne.jp/" }, "geometry": { "type": "Point", "coordinates": [ 135.592847600000027, 34.5000829 ] } },
{ "type": "Feature", "properties": { "内容": "富美ヶ丘荘デイ・サービスセンター【通所介護】大阪府富田林市向陽台一丁目３番２２号", "url": "https://www.kaigokensaku.mhlw.go.jp/27/index.php?action_kouhyou_detail_004_kani=true&JigyosyoCd=2774902502-00&ServiceCd=150&Type=search", "url2": "https://tondabayashi.saiseikai.or.jp/fumigaokasou/" }, "geometry": { "type": "Point", "coordinates": [ 135.583005313491867, 34.502090416977445 ] } },
{ "type": "Feature", "properties": { "内容": "医療法人　今城クリニック　デイサービスセンター　ツバサ【通所介護】大阪府富田林市向陽台5-7-2", "url": "https://www.kaigokensaku.mhlw.go.jp/27/index.php?action_kouhyou_detail_004_kani=true&JigyosyoCd=2774902627-00&ServiceCd=150&Type=search", "url2": null }, "geometry": { "type": "Point", "coordinates": [ 135.581370800000059, 34.5085428 ] } },
{ "type": "Feature", "properties": { "内容": "オレンジ荘デイサービスセンター【通所介護】大阪府富田林市龍泉877-78特別養護老人ホームオレンジ荘", "url": "https://www.kaigokensaku.mhlw.go.jp/27/index.php?action_kouhyou_detail_004_kani=true&JigyosyoCd=2774900290-00&ServiceCd=150&Type=search", "url2": "http://www.orange.or.jp" }, "geometry": { "type": "Point", "coordinates": [ 135.596530900000062, 34.4645871 ] } },
{ "type": "Feature", "properties": { "内容": "寿里苑夢の杜デイサービスセンター【通所介護】大阪府富田林市高辺台2-8-12", "url": "https://www.kaigokensaku.mhlw.go.jp/27/index.php?action_kouhyou_detail_004_kani=true&JigyosyoCd=2774903427-00&ServiceCd=150&Type=search", "url2": "http://www.julien.or.jp" }, "geometry": { "type": "Point", "coordinates": [ 135.5715438, 34.4989816 ] } },
{ "type": "Feature", "properties": { "内容": "デイサービスつつじ【通所介護】大阪府富田林市廿山一丁目８番２０号", "url": "https://www.kaigokensaku.mhlw.go.jp/27/index.php?action_kouhyou_detail_004_kani=true&JigyosyoCd=2774903278-00&ServiceCd=150&Type=search", "url2": null }, "geometry": { "type": "Point", "coordinates": [ 135.577054299999986, 34.491989600000032 ] } },
{ "type": "Feature", "properties": { "内容": "デイサービスはなまるの湯　寝屋川店【通所介護】大阪府寝屋川市池田旭町9-11ホーユーパレス寝屋川1階", "url": "https://www.kaigokensaku.mhlw.go.jp/27/index.php?action_kouhyou_detail_004_kani=true&JigyosyoCd=2770306252-00&ServiceCd=150&Type=search", "url2": "http://hanamaru2002.com/" }, "geometry": { "type": "Point", "coordinates": [ 135.612852800000013, 34.7678634 ] } },
{ "type": "Feature", "properties": { "内容": "エルケア株式会社　エルケアデイサービス香里園【通所介護】大阪府寝屋川市香里本通町10-22香里本通ビル", "url": "https://www.kaigokensaku.mhlw.go.jp/27/index.php?action_kouhyou_detail_004_kani=true&JigyosyoCd=2770304190-00&ServiceCd=150&Type=search", "url2": "https://www.l-care.jp/" }, "geometry": { "type": "Point", "coordinates": [ 135.633773900000051, 34.785135 ] } },
{ "type": "Feature", "properties": { "内容": "ヒューマンライフケア寝屋川の湯【通所介護】大阪府寝屋川市平池町5番1号ジョリーハイツ1", "url": "https://www.kaigokensaku.mhlw.go.jp/27/index.php?action_kouhyou_detail_004_kani=true&JigyosyoCd=2770303036-00&ServiceCd=150&Type=search", "url2": "https://kaigo.human-lifecare.jp/facilities/ds062_Neyagawa/summary.html" }, "geometry": { "type": "Point", "coordinates": [ 135.62370569999996, 34.7684595 ] } },
{ "type": "Feature", "properties": { "内容": "医療法人　河北会　リハビリデイ河北【通所介護】大阪府寝屋川市河北東町７番６号", "url": "https://www.kaigokensaku.mhlw.go.jp/27/index.php?action_kouhyou_detail_004_kani=true&JigyosyoCd=2770305049-00&ServiceCd=150&Type=search", "url2": null }, "geometry": { "type": "Point", "coordinates": [ 135.632085245368984, 34.729970607555209 ] } },
{ "type": "Feature", "properties": { "内容": "医療法人協仁会こまつデイサービスセンター【通所介護】大阪府寝屋川市秦町３－８", "url": "https://www.kaigokensaku.mhlw.go.jp/27/index.php?action_kouhyou_detail_004_kani=true&JigyosyoCd=2770301642-00&ServiceCd=150&Type=search", "url2": "http://www.komatsu.or.jp" }, "geometry": { "type": "Point", "coordinates": [ 135.632640900000013, 34.7666451 ] } },
{ "type": "Feature", "properties": { "内容": "デイサービスセンター　友遊萱島【通所介護】大阪府寝屋川市御幸東町39-12", "url": "https://www.kaigokensaku.mhlw.go.jp/27/index.php?action_kouhyou_detail_004_kani=true&JigyosyoCd=2770306542-00&ServiceCd=150&Type=search", "url2": "https://www.kenkoukai.net/facility1" }, "geometry": { "type": "Point", "coordinates": [ 135.6071253, 34.7502695 ] } },
{ "type": "Feature", "properties": { "内容": "医療法人和敬会サザンデイサービス【通所介護】大阪府寝屋川市対馬江東町１番２３号", "url": "https://www.kaigokensaku.mhlw.go.jp/27/index.php?action_kouhyou_detail_004_kani=true&JigyosyoCd=2770301618-00&ServiceCd=150&Type=search", "url2": "http://www.wakeikai.or.jp" }, "geometry": { "type": "Point", "coordinates": [ 135.606039005905274, 34.765937547236277 ] } },
{ "type": "Feature", "properties": { "内容": "寝屋川ケアセンターそよ風【通所介護】大阪府寝屋川市葛原新町3-48", "url": "https://www.kaigokensaku.mhlw.go.jp/27/index.php?action_kouhyou_detail_004_kani=true&JigyosyoCd=2770301840-00&ServiceCd=150&Type=search", "url2": "http://www.neyagawa.sykz.co.jp/" }, "geometry": { "type": "Point", "coordinates": [ 135.606198899999981, 34.769655899999989 ] } },
{ "type": "Feature", "properties": { "内容": "株式会社エフ・エム・シー介護サービス　デイサービス　あおぞら【通所介護】大阪府寝屋川市高倉1丁目4番1号", "url": "https://www.kaigokensaku.mhlw.go.jp/27/index.php?action_kouhyou_detail_004_kani=true&JigyosyoCd=2770305486-00&ServiceCd=150&Type=search", "url2": "http://www.fmckaigo.com/" }, "geometry": { "type": "Point", "coordinates": [ 135.642168699999957, 34.7499405 ] } },
{ "type": "Feature", "properties": { "内容": "ツクイ寝屋川【通所介護】大阪府寝屋川市黒原旭町13-3", "url": "https://www.kaigokensaku.mhlw.go.jp/27/index.php?action_kouhyou_detail_004_kani=true&JigyosyoCd=2770304273-00&ServiceCd=150&Type=search", "url2": "http://www.tsukui.net" }, "geometry": { "type": "Point", "coordinates": [ 135.602793900000052, 34.7604347 ] } },
{ "type": "Feature", "properties": { "内容": "デイサービス　ステラ【通所介護】大阪府寝屋川市寝屋南２丁目１４番５号", "url": "https://www.kaigokensaku.mhlw.go.jp/27/index.php?action_kouhyou_detail_004_kani=true&JigyosyoCd=2770302442-00&ServiceCd=150&Type=search", "url2": "https://bighappy-stella.com/" }, "geometry": { "type": "Point", "coordinates": [ 135.654257759524569, 34.76771277986456 ] } },
{ "type": "Feature", "properties": { "内容": "ワンダーねやがわ【通所介護】大阪府寝屋川市黒原橘町20-12", "url": "https://www.kaigokensaku.mhlw.go.jp/27/index.php?action_kouhyou_detail_004_kani=true&JigyosyoCd=2770307029-00&ServiceCd=150&Type=search", "url2": null }, "geometry": { "type": "Point", "coordinates": [ 135.600489399999987, 34.7565287 ] } },
{ "type": "Feature", "properties": { "内容": "寝屋川デイサービスセンターうずまさ【通所介護】大阪府寝屋川市太秦中町36-24", "url": "https://www.kaigokensaku.mhlw.go.jp/27/index.php?action_kouhyou_detail_004_kani=true&JigyosyoCd=2770306971-00&ServiceCd=150&Type=search", "url2": null }, "geometry": { "type": "Point", "coordinates": [ 135.6409035, 34.7607816 ] } },
{ "type": "Feature", "properties": { "内容": "ラフィン・ハーツ寝屋川【通所介護】大阪府寝屋川市黒原旭町2番18号", "url": "https://www.kaigokensaku.mhlw.go.jp/27/index.php?action_kouhyou_detail_004_kani=true&JigyosyoCd=2770304059-00&ServiceCd=150&Type=search", "url2": "https://raffin-hearts.jp/" }, "geometry": { "type": "Point", "coordinates": [ 135.604216100000031, 34.7578461 ] } },
{ "type": "Feature", "properties": { "内容": "デイルーム寝屋川【通所介護】寝屋川市対馬江東町3番1号", "url": "https://www.kaigokensaku.mhlw.go.jp/27/index.php?action_kouhyou_detail_004_kani=true&JigyosyoCd=2770305650-00&ServiceCd=150&Type=search", "url2": "http://www.medi-care.co.jp" }, "geometry": { "type": "Point", "coordinates": [ 135.605643500000042, 34.7641565 ] } },
{ "type": "Feature", "properties": { "内容": "デイサービスセンター寝屋川十字の園【通所介護】大阪府寝屋川市　池田３丁目１番３３号", "url": "https://www.kaigokensaku.mhlw.go.jp/27/index.php?action_kouhyou_detail_004_kani=true&JigyosyoCd=2770300412-00&ServiceCd=150&Type=search", "url2": "http://jyuji.net" }, "geometry": { "type": "Point", "coordinates": [ 135.614045300000043, 34.77337510000001 ] } },
{ "type": "Feature", "properties": { "内容": "社会福祉法人敬英福祉会　幸楽の里ねや川デイサービスセンター【通所介護】大阪府寝屋川市葛原2丁目4番31号", "url": "https://www.kaigokensaku.mhlw.go.jp/27/index.php?action_kouhyou_detail_004_kani=true&JigyosyoCd=2770304646-00&ServiceCd=150&Type=search", "url2": "http://keieifukushikai.com/institution" }, "geometry": { "type": "Point", "coordinates": [ 135.603188, 34.7713528 ] } },
{ "type": "Feature", "properties": { "内容": "デイサービスまごころ【通所介護】大阪府寝屋川市寝屋南2-14-12真心ハウス1F", "url": "https://www.kaigokensaku.mhlw.go.jp/27/index.php?action_kouhyou_detail_004_kani=true&JigyosyoCd=2770306500-00&ServiceCd=150&Type=search", "url2": "https://koukikai.or.jp/" }, "geometry": { "type": "Point", "coordinates": [ 135.65394114907383, 34.7678791 ] } },
{ "type": "Feature", "properties": { "内容": "老人デイサービスセンター香里寿苑【通所介護】大阪府寝屋川市寿町32番20号", "url": "https://www.kaigokensaku.mhlw.go.jp/27/index.php?action_kouhyou_detail_004_kani=true&JigyosyoCd=2770302178-00&ServiceCd=150&Type=search", "url2": "https://kousei-fukushikai.or.jp" }, "geometry": { "type": "Point", "coordinates": [ 135.628671599999961, 34.7818771 ] } },
{ "type": "Feature", "properties": { "内容": "社会福祉法人真清福祉会　通所介護事業所デイサービスセンター　ロイヤルライフ・カミダ【通所介護】大阪府寝屋川市上神田1丁目26番27号", "url": "https://www.kaigokensaku.mhlw.go.jp/27/index.php?action_kouhyou_detail_004_kani=true&JigyosyoCd=2770300651-00&ServiceCd=150&Type=search", "url2": "http://royalkam.jimdofree.com/" }, "geometry": { "type": "Point", "coordinates": [ 135.6097906, 34.7569936 ] } },
{ "type": "Feature", "properties": { "内容": "デイサービスセンターロイヤルライフ・天寿苑【通所介護】大阪府寝屋川市御幸東町９番２号", "url": "https://www.kaigokensaku.mhlw.go.jp/27/index.php?action_kouhyou_detail_004_kani=true&JigyosyoCd=2770302749-00&ServiceCd=150&Type=search", "url2": "http://tenjyuen.jimdoweb.com" }, "geometry": { "type": "Point", "coordinates": [ 135.606691, 34.7524385 ] } },
{ "type": "Feature", "properties": { "内容": "いちょう園　デイサービスセンター【通所介護】大阪府寝屋川市打上南町１４番１号", "url": "https://www.kaigokensaku.mhlw.go.jp/27/index.php?action_kouhyou_detail_004_kani=true&JigyosyoCd=2770300628-00&ServiceCd=150&Type=search", "url2": "https://ichouen.org/" }, "geometry": { "type": "Point", "coordinates": [ 135.649331599999982, 34.7535138 ] } },
{ "type": "Feature", "properties": { "内容": "清徳デイサービスセンター【通所介護】大阪府寝屋川市石津中町１５番１３号", "url": "https://www.kaigokensaku.mhlw.go.jp/27/index.php?action_kouhyou_detail_004_kani=true&JigyosyoCd=2770300271-00&ServiceCd=150&Type=search", "url2": "http://www.yurikai.or.jp/" }, "geometry": { "type": "Point", "coordinates": [ 135.621244499999989, 34.7793441 ] } },
{ "type": "Feature", "properties": { "内容": "合掌荘デイサービスセンター【通所介護】大阪府寝屋川市成田東が丘28番7号", "url": "https://www.kaigokensaku.mhlw.go.jp/27/index.php?action_kouhyou_detail_004_kani=true&JigyosyoCd=2770300487-00&ServiceCd=150&Type=search", "url2": "http://www.gassyoukai.com/" }, "geometry": { "type": "Point", "coordinates": [ 135.646440575393598, 34.778208838699364 ] } },
{ "type": "Feature", "properties": { "内容": "デイサービスくつろぎ黒原橘町【通所介護】大阪府寝屋川市黒原橘町4-5", "url": "https://www.kaigokensaku.mhlw.go.jp/27/index.php?action_kouhyou_detail_004_kani=true&JigyosyoCd=2770305627-00&ServiceCd=150&Type=search", "url2": null }, "geometry": { "type": "Point", "coordinates": [ 135.603693900000053, 34.757224 ] } },
{ "type": "Feature", "properties": { "内容": "デイサービスりんく寝屋川【通所介護】大阪府寝屋川市下木田町１３番１号", "url": "https://www.kaigokensaku.mhlw.go.jp/27/index.php?action_kouhyou_detail_004_kani=true&JigyosyoCd=2770301048-00&ServiceCd=150&Type=search", "url2": "https://www.daycarenett.com/" }, "geometry": { "type": "Point", "coordinates": [ 135.61899, 34.7498836 ] } },
{ "type": "Feature", "properties": { "内容": "寝屋川中央リハビリセンタ―【通所介護】大阪府寝屋川市日之出町３番１号", "url": "https://www.kaigokensaku.mhlw.go.jp/27/index.php?action_kouhyou_detail_004_kani=true&JigyosyoCd=2770306013-00&ServiceCd=150&Type=search", "url2": "https://www.daycarenett.com/" }, "geometry": { "type": "Point", "coordinates": [ 135.624064194589607, 34.762724341335634 ] } },
{ "type": "Feature", "properties": { "内容": "はなまるデイサービス寝屋川【通所介護】大阪府寝屋川市打上元町12-18田伏ビル102", "url": "https://www.kaigokensaku.mhlw.go.jp/27/index.php?action_kouhyou_detail_004_kani=true&JigyosyoCd=2770306575-00&ServiceCd=150&Type=search", "url2": "https://www.hanamaru-day.com" }, "geometry": { "type": "Point", "coordinates": [ 135.654827399999988, 34.7573608 ] } },
{ "type": "Feature", "properties": { "内容": "くすのきデイサービスセンター【通所介護】大阪府寝屋川市寿町56番12号", "url": "https://www.kaigokensaku.mhlw.go.jp/27/index.php?action_kouhyou_detail_004_kani=true&JigyosyoCd=2770301469-00&ServiceCd=150&Type=search", "url2": null }, "geometry": { "type": "Point", "coordinates": [ 135.6267911, 34.7820188 ] } },
{ "type": "Feature", "properties": { "内容": "社会福祉法人いわき会　デイサービス東神田の里【通所介護】大阪府寝屋川市東神田町19番1号", "url": "https://www.kaigokensaku.mhlw.go.jp/27/index.php?action_kouhyou_detail_004_kani=true&JigyosyoCd=2770304521-00&ServiceCd=150&Type=search", "url2": "http://www.iwaki-kai.or.jp" }, "geometry": { "type": "Point", "coordinates": [ 135.613576400000056, 34.7558633 ] } },
{ "type": "Feature", "properties": { "内容": "寝屋川石津園デイサービス【通所介護】大阪府寝屋川市石津中町３５番８号", "url": "https://www.kaigokensaku.mhlw.go.jp/27/index.php?action_kouhyou_detail_004_kani=true&JigyosyoCd=2770300537-00&ServiceCd=150&Type=search", "url2": "http://www.ishiduen.net" }, "geometry": { "type": "Point", "coordinates": [ 135.62090569999998, 34.7772776 ] } },
{ "type": "Feature", "properties": { "内容": "香西園デイセンター【通所介護】大阪府寝屋川市香里西之町14番24号", "url": "https://www.kaigokensaku.mhlw.go.jp/27/index.php?action_kouhyou_detail_004_kani=true&JigyosyoCd=2770301725-00&ServiceCd=150&Type=search", "url2": null }, "geometry": { "type": "Point", "coordinates": [ 135.627252, 34.7892318 ] } },
{ "type": "Feature", "properties": { "内容": "輝きのまちデイサービスセンター池田【通所介護】大阪府寝屋川市池田本町５番１５号", "url": "https://www.kaigokensaku.mhlw.go.jp/27/index.php?action_kouhyou_detail_004_kani=true&JigyosyoCd=2770300420-00&ServiceCd=150&Type=search", "url2": "http://www.shujyukai.jp/" }, "geometry": { "type": "Point", "coordinates": [ 135.615634099999966, 34.77022 ] } },
{ "type": "Feature", "properties": { "内容": "社会福祉法人東和福祉会デイサービスセンター寝屋川苑【通所介護】大阪府寝屋川市宇谷町１番３６号", "url": "https://www.kaigokensaku.mhlw.go.jp/27/index.php?action_kouhyou_detail_004_kani=true&JigyosyoCd=2770300255-00&ServiceCd=150&Type=search", "url2": "http://www.neyagawaen.com/" }, "geometry": { "type": "Point", "coordinates": [ 135.645059299999957, 34.7673344 ] } },
{ "type": "Feature", "properties": { "内容": "DSガネーシャ池田新町【通所介護】大阪府寝屋川市池田新町1-22コーポシバタ102号", "url": "https://www.kaigokensaku.mhlw.go.jp/27/index.php?action_kouhyou_detail_004_kani=true&JigyosyoCd=2770307243-00&ServiceCd=150&Type=search", "url2": null }, "geometry": { "type": "Point", "coordinates": [ 135.612895, 34.774169 ] } },
{ "type": "Feature", "properties": { "内容": "デイルーム宝町【通所介護】大阪府寝屋川市宝町14番2号", "url": "https://www.kaigokensaku.mhlw.go.jp/27/index.php?action_kouhyou_detail_004_kani=true&JigyosyoCd=2770307235-00&ServiceCd=150&Type=search", "url2": "http://www.medi-care.co.jp" }, "geometry": { "type": "Point", "coordinates": [ 135.603663, 34.7673676 ] } },
{ "type": "Feature", "properties": { "内容": "あいリハビリデイサービス萱島【通所介護】大阪府寝屋川市萱島東2丁目12番36号", "url": "https://www.kaigokensaku.mhlw.go.jp/27/index.php?action_kouhyou_detail_004_kani=true&JigyosyoCd=2770305726-00&ServiceCd=150&Type=search", "url2": null }, "geometry": { "type": "Point", "coordinates": [ 135.6182423, 34.747401800000041 ] } },
{ "type": "Feature", "properties": { "内容": "かがやきデイサービス萱島【通所介護】大阪府寝屋川市東神田町23-11", "url": "https://www.kaigokensaku.mhlw.go.jp/27/index.php?action_kouhyou_detail_004_kani=true&JigyosyoCd=2770304869-00&ServiceCd=150&Type=search", "url2": "http://www.ymmd-scc.jp/location/kayashima/" }, "geometry": { "type": "Point", "coordinates": [ 135.613052274257143, 34.755836445132367 ] } },
{ "type": "Feature", "properties": { "内容": "リハビリデイかがやき香里園【通所介護】大阪府寝屋川市香里新町28番30ロイヤルメドゥ香里園タワー301号室", "url": "https://www.kaigokensaku.mhlw.go.jp/27/index.php?action_kouhyou_detail_004_kani=true&JigyosyoCd=2770306203-00&ServiceCd=150&Type=search", "url2": null }, "geometry": { "type": "Point", "coordinates": [ 135.63007284418029, 34.78621410622123 ] } },
{ "type": "Feature", "properties": { "内容": "そうごうデイサービス寝屋川本町【通所介護】大阪府寝屋川市本町５番４４号", "url": "https://www.kaigokensaku.mhlw.go.jp/27/index.php?action_kouhyou_detail_004_kani=true&JigyosyoCd=2770305783-00&ServiceCd=150&Type=search", "url2": "https://www.sogo-care.co.jp/" }, "geometry": { "type": "Point", "coordinates": [ 135.629074300000013, 34.7656365 ] } },
{ "type": "Feature", "properties": { "内容": "介護ステーションふわり【通所介護】大阪府寝屋川市池田３丁目４－７有料老人ホームふわり", "url": "https://www.kaigokensaku.mhlw.go.jp/27/index.php?action_kouhyou_detail_004_kani=true&JigyosyoCd=2770305114-00&ServiceCd=150&Type=search", "url2": "http://fuwari-home.com/" }, "geometry": { "type": "Point", "coordinates": [ 135.615111460713251, 34.774360190339834 ] } },
{ "type": "Feature", "properties": { "内容": "リハプライドＨＧ寝屋川【通所介護】大阪府寝屋川市寿町48－11イズミビル１F", "url": "https://www.kaigokensaku.mhlw.go.jp/27/index.php?action_kouhyou_detail_004_kani=true&JigyosyoCd=2770307318-00&ServiceCd=150&Type=search", "url2": "http://www.hitguard.net/" }, "geometry": { "type": "Point", "coordinates": [ 135.6273684, 34.7832691 ] } },
{ "type": "Feature", "properties": { "内容": "デイサービスセンター　ナービス寝屋川【通所介護】大阪府寝屋川市対馬江東町6-13", "url": "https://www.kaigokensaku.mhlw.go.jp/27/index.php?action_kouhyou_detail_004_kani=true&JigyosyoCd=2770302293-00&ServiceCd=150&Type=search", "url2": "https://joylife.alsok.co.jp" }, "geometry": { "type": "Point", "coordinates": [ 135.6043909, 34.764523100000019 ] } },
{ "type": "Feature", "properties": { "内容": "スマイルらいふ寝屋川デイサービスセンター【通所介護】大阪府寝屋川市東神田町32-31スマイルらいふ寝屋川", "url": "https://www.kaigokensaku.mhlw.go.jp/27/index.php?action_kouhyou_detail_004_kani=true&JigyosyoCd=2770307201-00&ServiceCd=150&Type=search", "url2": "https://smile-lifecare.jp/" }, "geometry": { "type": "Point", "coordinates": [ 135.613671799999963, 34.7540296 ] } },
{ "type": "Feature", "properties": { "内容": "デイサービスセンターモネ【通所介護】大阪府河内長野市木戸１丁目１４番４８号", "url": "https://www.kaigokensaku.mhlw.go.jp/27/index.php?action_kouhyou_detail_004_kani=true&JigyosyoCd=2770703185-00&ServiceCd=150&Type=search", "url2": null }, "geometry": { "type": "Point", "coordinates": [ 135.56834139999998, 34.469166 ] } },
{ "type": "Feature", "properties": { "内容": "ヒューマンライフケア河内長野の湯【通所介護】大阪府河内長野市原町6-6-10", "url": "https://www.kaigokensaku.mhlw.go.jp/27/index.php?action_kouhyou_detail_004_kani=true&JigyosyoCd=2770701916-00&ServiceCd=150&Type=search", "url2": "https://kaigo.human-lifecare.jp/facilities/ds076_KawachiNagano/summary.html" }, "geometry": { "type": "Point", "coordinates": [ 135.56771692457167, 34.457466260733781 ] } },
{ "type": "Feature", "properties": { "内容": "貴望ヶ丘リハビリテーションセンター【通所介護】大阪府河内長野市北貴望ヶ丘２丁目１７番地", "url": "https://www.kaigokensaku.mhlw.go.jp/27/index.php?action_kouhyou_detail_004_kani=true&JigyosyoCd=2770702724-00&ServiceCd=150&Type=search", "url2": null }, "geometry": { "type": "Point", "coordinates": [ 135.560634099999987, 34.4669305 ] } },
{ "type": "Feature", "properties": { "内容": "医療法人　健真会　福寿デイサービスセンター【通所介護】大阪府河内長野市西代町2-12サービス付き高齢者向け住宅福寿", "url": "https://www.kaigokensaku.mhlw.go.jp/27/index.php?action_kouhyou_detail_004_kani=true&JigyosyoCd=2770701536-00&ServiceCd=150&Type=search", "url2": "http://fukuju-fukushi.jp/" }, "geometry": { "type": "Point", "coordinates": [ 135.568475499999977, 34.4524989 ] } },
{ "type": "Feature", "properties": { "内容": "株式会社M＆C　やすらぎの村　デイサービスセンター河内長野【通所介護】河内長野市西之山町7-2", "url": "https://www.kaigokensaku.mhlw.go.jp/27/index.php?action_kouhyou_detail_004_kani=true&JigyosyoCd=2770701650-00&ServiceCd=150&Type=search", "url2": "http://www.inforlive.com" }, "geometry": { "type": "Point", "coordinates": [ 135.561539900000071, 34.4548708 ] } },
{ "type": "Feature", "properties": { "内容": "デイサービスステーションＵＲＡＲＡ【通所介護】大阪府河内長野市錦町2番1号", "url": "https://www.kaigokensaku.mhlw.go.jp/27/index.php?action_kouhyou_detail_004_kani=true&JigyosyoCd=2770702088-00&ServiceCd=150&Type=search", "url2": null }, "geometry": { "type": "Point", "coordinates": [ 135.566984699891691, 34.452513768593768 ] } },
{ "type": "Feature", "properties": { "内容": "デイサービスヒーリング【通所介護】大阪府河内長野市木戸町６７８－１", "url": "https://www.kaigokensaku.mhlw.go.jp/27/index.php?action_kouhyou_detail_004_kani=true&JigyosyoCd=2770701940-00&ServiceCd=150&Type=search", "url2": null }, "geometry": { "type": "Point", "coordinates": [ 135.571501593865861, 34.470709110391155 ] } },
{ "type": "Feature", "properties": { "内容": "青春デイサービス【通所介護】大阪府河内長野市小山田町677-1", "url": "https://www.kaigokensaku.mhlw.go.jp/27/index.php?action_kouhyou_detail_004_kani=true&JigyosyoCd=2770702823-00&ServiceCd=150&Type=search", "url2": "https://mizukuri.net/" }, "geometry": { "type": "Point", "coordinates": [ 135.558828400000039, 34.457427 ] } },
{ "type": "Feature", "properties": { "内容": "デイサービスかれん【通所介護】大阪府河内長野市南花台4丁目18番23号", "url": "https://www.kaigokensaku.mhlw.go.jp/27/index.php?action_kouhyou_detail_004_kani=true&JigyosyoCd=2770701908-00&ServiceCd=150&Type=search", "url2": "https://dykaren.web.fc2.com/karen/index.html" }, "geometry": { "type": "Point", "coordinates": [ 135.5526719, 34.4266964 ] } },
{ "type": "Feature", "properties": { "内容": "河内長野市立障がい者福祉センター「あかみね」【通所介護】大阪府河内長野市小山田町379番地の16", "url": "https://www.kaigokensaku.mhlw.go.jp/27/index.php?action_kouhyou_detail_004_kani=true&JigyosyoCd=2770702856-00&ServiceCd=150&Type=search", "url2": "https://akaminex.jp/" }, "geometry": { "type": "Point", "coordinates": [ 135.553014600000012, 34.4514978 ] } },
{ "type": "Feature", "properties": { "内容": "生登福祉デイサービスセンター【通所介護】大阪府河内長野市原町5-6-12", "url": "https://www.kaigokensaku.mhlw.go.jp/27/index.php?action_kouhyou_detail_004_kani=true&JigyosyoCd=2770702302-00&ServiceCd=150&Type=search", "url2": "http://www.teramoto.or.jp/" }, "geometry": { "type": "Point", "coordinates": [ 135.569141899999977, 34.4577039 ] } },
{ "type": "Feature", "properties": { "内容": "生登福祉ケアセンター【通所介護】大阪府河内長野市高向２７４番１", "url": "https://www.kaigokensaku.mhlw.go.jp/27/index.php?action_kouhyou_detail_004_kani=true&JigyosyoCd=2770700645-00&ServiceCd=150&Type=search", "url2": "http://www.teramoto.or.jp/" }, "geometry": { "type": "Point", "coordinates": [ 135.546414, 34.4367309 ] } },
{ "type": "Feature", "properties": { "内容": "デイサービスセンター　ふれあいの丘【通所介護】河内長野市上田町１５５番地5", "url": "https://www.kaigokensaku.mhlw.go.jp/27/index.php?action_kouhyou_detail_004_kani=true&JigyosyoCd=2770700231-00&ServiceCd=150&Type=search", "url2": "http://www.keirouin.or.jp" }, "geometry": { "type": "Point", "coordinates": [ 135.567942499999958, 34.440828 ] } },
{ "type": "Feature", "properties": { "内容": "老人デイサービスセンター翠浩苑【通所介護】大阪府河内長野市松ヶ丘中町1454-1", "url": "https://www.kaigokensaku.mhlw.go.jp/27/index.php?action_kouhyou_detail_004_kani=true&JigyosyoCd=2770700371-00&ServiceCd=150&Type=search", "url2": "http://tenshokai.jp" }, "geometry": { "type": "Point", "coordinates": [ 135.559111900000062, 34.4775292 ] } },
{ "type": "Feature", "properties": { "内容": "寿里苑加賀田デイサービスセンター【通所介護】大阪府河内長野市加賀田3047番地の１", "url": "https://www.kaigokensaku.mhlw.go.jp/27/index.php?action_kouhyou_detail_004_kani=true&JigyosyoCd=2770700322-00&ServiceCd=150&Type=search", "url2": "http://www.julien.or.jp/" }, "geometry": { "type": "Point", "coordinates": [ 135.563290300000062, 34.4259908 ] } },
{ "type": "Feature", "properties": { "内容": "寿里苑デイサービスセンター【通所介護】大阪府河内長野市小山田町448番地の2", "url": "https://www.kaigokensaku.mhlw.go.jp/27/index.php?action_kouhyou_detail_004_kani=true&JigyosyoCd=2770700199-00&ServiceCd=150&Type=search", "url2": "http://www.julien.or.jp" }, "geometry": { "type": "Point", "coordinates": [ 135.553021299999955, 34.451821 ] } },
{ "type": "Feature", "properties": { "内容": "リハビリ介護デイサービスかんがるー【通所介護】大阪府河内長野市楠ヶ丘28-20", "url": "https://www.kaigokensaku.mhlw.go.jp/27/index.php?action_kouhyou_detail_004_kani=true&JigyosyoCd=2770702567-00&ServiceCd=150&Type=search", "url2": null }, "geometry": { "type": "Point", "coordinates": [ 135.559065700000019, 34.4365062 ] } },
{ "type": "Feature", "properties": { "内容": "デイサービスすみか寿【通所介護】大阪府河内長野市寿町1番27号", "url": "https://www.kaigokensaku.mhlw.go.jp/27/index.php?action_kouhyou_detail_004_kani=true&JigyosyoCd=2770702468-00&ServiceCd=150&Type=search", "url2": "http://well2007.com/" }, "geometry": { "type": "Point", "coordinates": [ 135.558392261272843, 34.451354458839575 ] } },
{ "type": "Feature", "properties": { "内容": "デイサービスセンタークローバーの丘【通所介護】大阪府河内長野市小塩町４３１番地３", "url": "https://www.kaigokensaku.mhlw.go.jp/27/index.php?action_kouhyou_detail_004_kani=true&JigyosyoCd=2770701627-00&ServiceCd=150&Type=search", "url2": "http://www.naganozaidan.or.jp/" }, "geometry": { "type": "Point", "coordinates": [ 135.563562499999989, 34.4329539 ] } },
{ "type": "Feature", "properties": { "内容": "デイサービスセンターcocoro大堀【通所介護】大阪府松原市大堀2丁目18-14", "url": "https://www.kaigokensaku.mhlw.go.jp/27/index.php?action_kouhyou_detail_004_kani=true&JigyosyoCd=2774801506-00&ServiceCd=150&Type=search", "url2": "http://shoseikai.jp/" }, "geometry": { "type": "Point", "coordinates": [ 135.5724897, 34.5888642 ] } },
{ "type": "Feature", "properties": { "内容": "ニチイケアセンター松原【通所介護】松原市三宅中３－１６－２", "url": "https://www.kaigokensaku.mhlw.go.jp/27/index.php?action_kouhyou_detail_004_kani=true&JigyosyoCd=2774800136-00&ServiceCd=150&Type=search", "url2": "http://www.nichiigakkan.co.jp" }, "geometry": { "type": "Point", "coordinates": [ 135.554977399999984, 34.5876058 ] } },
{ "type": "Feature", "properties": { "内容": "ビーナスクラブ松原阿保【通所介護】大阪府松原市阿保2-122-4", "url": "https://www.kaigokensaku.mhlw.go.jp/27/index.php?action_kouhyou_detail_004_kani=true&JigyosyoCd=2774802611-00&ServiceCd=150&Type=search", "url2": "https://www.venus-comrade.co.jp/" }, "geometry": { "type": "Point", "coordinates": [ 135.5539252, 34.5836743 ] } },
{ "type": "Feature", "properties": { "内容": "ビーナスクラブ松原【通所介護】大阪府松原市三宅中5-5-3", "url": "https://www.kaigokensaku.mhlw.go.jp/27/index.php?action_kouhyou_detail_004_kani=true&JigyosyoCd=2774802314-00&ServiceCd=150&Type=search", "url2": "https://www.venus-comrade.co.jp/" }, "geometry": { "type": "Point", "coordinates": [ 135.553446, 34.5885003 ] } },
{ "type": "Feature", "properties": { "内容": "デイセンターリハビリプラザ松原【通所介護】松原市松ヶ丘3-4-10", "url": "https://www.kaigokensaku.mhlw.go.jp/27/index.php?action_kouhyou_detail_004_kani=true&JigyosyoCd=2774801480-00&ServiceCd=150&Type=search", "url2": "https://www.medi-care.co.jp/" }, "geometry": { "type": "Point", "coordinates": [ 135.563518400000021, 34.5837619 ] } },
{ "type": "Feature", "properties": { "内容": "かがやきデイサービス河内天美【通所介護】大阪府松原市天美東1-93-2総合ケアセンター河内天美", "url": "https://www.kaigokensaku.mhlw.go.jp/27/index.php?action_kouhyou_detail_004_kani=true&JigyosyoCd=2774801829-00&ServiceCd=150&Type=search", "url2": "http://www.ymmd.co.jp" }, "geometry": { "type": "Point", "coordinates": [ 135.543572499999982, 34.5875113 ] } },
{ "type": "Feature", "properties": { "内容": "デイサービスセンターひまわり【通所介護】大阪府松原市田井城6丁目282-2", "url": "https://www.kaigokensaku.mhlw.go.jp/27/index.php?action_kouhyou_detail_004_kani=true&JigyosyoCd=2774800599-00&ServiceCd=150&Type=search", "url2": null }, "geometry": { "type": "Point", "coordinates": [ 135.545447500000023, 34.5835118 ] } },
{ "type": "Feature", "properties": { "内容": "デイサービスセンター華まつばら【通所介護】大阪府松原市松ヶ丘1丁目10番61号", "url": "https://www.kaigokensaku.mhlw.go.jp/27/index.php?action_kouhyou_detail_004_kani=true&JigyosyoCd=2774801613-00&ServiceCd=150&Type=search", "url2": "http://harukazefukushikai.com/hanamatsubara/" }, "geometry": { "type": "Point", "coordinates": [ 135.5595356, 34.5776459 ] } },
{ "type": "Feature", "properties": { "内容": "デイサービスユニール【通所介護】大阪府松原市東新町２１５－１", "url": "https://www.kaigokensaku.mhlw.go.jp/27/index.php?action_kouhyou_detail_004_kani=true&JigyosyoCd=2774802272-00&ServiceCd=150&Type=search", "url2": "https://unir-kaigo.com" }, "geometry": { "type": "Point", "coordinates": [ 135.539294006110822, 34.579140047333418 ] } },
{ "type": "Feature", "properties": { "内容": "松原ケアセンターそよ風【通所介護】松原市天美我堂七丁目463番地", "url": "https://www.kaigokensaku.mhlw.go.jp/27/index.php?action_kouhyou_detail_004_kani=true&JigyosyoCd=2774800920-00&ServiceCd=150&Type=search", "url2": "http://www.sykz.co.jp/" }, "geometry": { "type": "Point", "coordinates": [ 135.524545900000021, 34.5854393 ] } },
{ "type": "Feature", "properties": { "内容": "遊づるデイサービスセンター【通所介護】大阪府松原市岡1－184－1", "url": "https://www.kaigokensaku.mhlw.go.jp/27/index.php?action_kouhyou_detail_004_kani=true&JigyosyoCd=2774800235-00&ServiceCd=150&Type=search", "url2": "http://www.akatsuki.or.jp/" }, "geometry": { "type": "Point", "coordinates": [ 135.551650399999971, 34.5631698 ] } },
{ "type": "Feature", "properties": { "内容": "寿里苑サラデイサービスセンター【通所介護】大阪府松原市丹南４丁目１７２", "url": "https://www.kaigokensaku.mhlw.go.jp/27/index.php?action_kouhyou_detail_004_kani=true&JigyosyoCd=2774800672-00&ServiceCd=150&Type=search", "url2": "http://www.julien.or.jp/" }, "geometry": { "type": "Point", "coordinates": [ 135.5610663, 34.5589148 ] } },
{ "type": "Feature", "properties": { "内容": "MDKリハビリセンター【通所介護】大阪府松原市上田4－3－22", "url": "https://www.kaigokensaku.mhlw.go.jp/27/index.php?action_kouhyou_detail_004_kani=true&JigyosyoCd=2774801696-00&ServiceCd=150&Type=search", "url2": "http://www.masudaseikei.com/" }, "geometry": { "type": "Point", "coordinates": [ 135.554022300000042, 34.575154499999954 ] } },
{ "type": "Feature", "properties": { "内容": "ベリーうえだデイトレーニングセンター【通所介護】大阪府松原市上田7-6-31", "url": "https://www.kaigokensaku.mhlw.go.jp/27/index.php?action_kouhyou_detail_004_kani=true&JigyosyoCd=2774802033-00&ServiceCd=150&Type=search", "url2": null }, "geometry": { "type": "Point", "coordinates": [ 135.557727600000021, 34.5720465 ] } },
{ "type": "Feature", "properties": { "内容": "ベリー松原デイトレーニングセンター【通所介護】大阪府松原市田井城4-145-1", "url": "https://www.kaigokensaku.mhlw.go.jp/27/index.php?action_kouhyou_detail_004_kani=true&JigyosyoCd=2774801704-00&ServiceCd=150&Type=search", "url2": "https://veryday.co.jp/" }, "geometry": { "type": "Point", "coordinates": [ 135.544898100000012, 34.5785621 ] } },
{ "type": "Feature", "properties": { "内容": "ベリースパgadoデイトレーニングセンター【通所介護】松原市天美我堂1-11-1", "url": "https://www.kaigokensaku.mhlw.go.jp/27/index.php?action_kouhyou_detail_004_kani=true&JigyosyoCd=2774802660-00&ServiceCd=150&Type=search", "url2": "https://veryday.co.jp/" }, "geometry": { "type": "Point", "coordinates": [ 135.528235600000016, 34.5781989 ] } },
{ "type": "Feature", "properties": { "内容": "デイサービスセンターつむぎ【通所介護】大阪府松原市岡３丁目３番８号ルナアークファースト１F", "url": "https://www.kaigokensaku.mhlw.go.jp/27/index.php?action_kouhyou_detail_004_kani=true&JigyosyoCd=2774802025-00&ServiceCd=150&Type=search", "url2": null }, "geometry": { "type": "Point", "coordinates": [ 135.5574255, 34.5652164 ] } },
{ "type": "Feature", "properties": { "内容": "デイサービス縁【通所介護】大阪府大東市栄和町15番3号", "url": "https://www.kaigokensaku.mhlw.go.jp/27/index.php?action_kouhyou_detail_004_kani=true&JigyosyoCd=2771900640-00&ServiceCd=150&Type=search", "url2": "http://goenkansha.com/" }, "geometry": { "type": "Point", "coordinates": [ 135.6257148, 34.702991300000022 ] } },
{ "type": "Feature", "properties": { "内容": "ケアパートナー大東【通所介護】大東市三箇3－9－20サンハイムエレガンス", "url": "https://www.kaigokensaku.mhlw.go.jp/27/index.php?action_kouhyou_detail_004_kani=true&JigyosyoCd=2771900590-00&ServiceCd=150&Type=search", "url2": "https://www.care-partner.com/corporate/" }, "geometry": { "type": "Point", "coordinates": [ 135.6222402, 34.7195933 ] } },
{ "type": "Feature", "properties": { "内容": "ヒューマンライフケア大東の湯【通所介護】大阪府大東市寺川３丁目５番１号", "url": "https://www.kaigokensaku.mhlw.go.jp/27/index.php?action_kouhyou_detail_004_kani=true&JigyosyoCd=2771901499-00&ServiceCd=150&Type=search", "url2": null }, "geometry": { "type": "Point", "coordinates": [ 135.641155499999968, 34.7105742 ] } },
{ "type": "Feature", "properties": { "内容": "花いろ【通所介護】大阪府大東市御領1-7-30", "url": "https://www.kaigokensaku.mhlw.go.jp/27/index.php?action_kouhyou_detail_004_kani=true&JigyosyoCd=2771902604-00&ServiceCd=150&Type=search", "url2": "https://hana-iro.jp/" }, "geometry": { "type": "Point", "coordinates": [ 135.615528899999987, 34.7187689 ] } },
{ "type": "Feature", "properties": { "内容": "リハビリデイサービスもりガーデン　三箇店【通所介護】大阪府大東市三箇1丁目1-30シェリーヌＹＧ", "url": "https://www.kaigokensaku.mhlw.go.jp/27/index.php?action_kouhyou_detail_004_kani=true&JigyosyoCd=2771902000-00&ServiceCd=150&Type=search", "url2": "https://www.mori-garden.jp/" }, "geometry": { "type": "Point", "coordinates": [ 135.623329281806946, 34.714158668242966 ] } },
{ "type": "Feature", "properties": { "内容": "デイサービスりんく【通所介護】大阪府大東市野崎三丁目2番18号", "url": "https://www.kaigokensaku.mhlw.go.jp/27/index.php?action_kouhyou_detail_004_kani=true&JigyosyoCd=2771901184-00&ServiceCd=150&Type=search", "url2": "http://www.advance0207.co.jp" }, "geometry": { "type": "Point", "coordinates": [ 135.642724381411341, 34.715014638597729 ] } },
{ "type": "Feature", "properties": { "内容": "デイセンターリハビリプラザ大東【通所介護】大阪府大東市御領１丁目９番２８号", "url": "https://www.kaigokensaku.mhlw.go.jp/27/index.php?action_kouhyou_detail_004_kani=true&JigyosyoCd=2771901747-00&ServiceCd=150&Type=search", "url2": "https://www.medi-care.co.jp" }, "geometry": { "type": "Point", "coordinates": [ 135.618959899999936, 34.7182008 ] } },
{ "type": "Feature", "properties": { "内容": "デイセンターリハビリプラザ深野【通所介護】大阪府大東市深野５丁目３番２２号", "url": "https://www.kaigokensaku.mhlw.go.jp/27/index.php?action_kouhyou_detail_004_kani=true&JigyosyoCd=2771902034-00&ServiceCd=150&Type=search", "url2": "https://www.medi-care.co.jp" }, "geometry": { "type": "Point", "coordinates": [ 135.636944228836001, 34.712233909672314 ] } },
{ "type": "Feature", "properties": { "内容": "デイサービスセンター百楽荘寺川館【通所介護】大阪府大東市寺川4丁目3番30", "url": "https://www.kaigokensaku.mhlw.go.jp/27/index.php?action_kouhyou_detail_004_kani=true&JigyosyoCd=2771902158-00&ServiceCd=150&Type=search", "url2": "http://fukushi-kotobuki.or.jp" }, "geometry": { "type": "Point", "coordinates": [ 135.644514396298746, 34.713004018960305 ] } },
{ "type": "Feature", "properties": { "内容": "デイサービスセンター百楽荘【通所介護】大阪府大東市栄和町９－２０", "url": "https://www.kaigokensaku.mhlw.go.jp/27/index.php?action_kouhyou_detail_004_kani=true&JigyosyoCd=2771901192-00&ServiceCd=150&Type=search", "url2": "http://fukushi-kotobuki.or.jp" }, "geometry": { "type": "Point", "coordinates": [ 135.6253233, 34.7013942 ] } },
{ "type": "Feature", "properties": { "内容": "デイサービスセンターみどりの里【通所介護】大阪府大東市北条6丁目2230番地の2", "url": "https://www.kaigokensaku.mhlw.go.jp/27/index.php?action_kouhyou_detail_004_kani=true&JigyosyoCd=2771900400-00&ServiceCd=150&Type=search", "url2": "http://www.osaka-midorinosato.com/" }, "geometry": { "type": "Point", "coordinates": [ 135.647340900000017, 34.7253533 ] } },
{ "type": "Feature", "properties": { "内容": "慶生会　リハｂｙデイ北条【通所介護】大阪府大東市北条七丁目４番１号", "url": "https://www.kaigokensaku.mhlw.go.jp/27/index.php?action_kouhyou_detail_004_kani=true&JigyosyoCd=2771900905-00&ServiceCd=150&Type=search", "url2": "http://www.kyouseikai.org/" }, "geometry": { "type": "Point", "coordinates": [ 135.642180199999984, 34.7221813 ] } },
{ "type": "Feature", "properties": { "内容": "通所介護事業所あいの里竜間【通所介護】大阪府大東市大字龍間６７３番地３", "url": "https://www.kaigokensaku.mhlw.go.jp/27/index.php?action_kouhyou_detail_004_kani=true&JigyosyoCd=2771900145-00&ServiceCd=150&Type=search", "url2": "http://ainosato-tatsuma.or.jp/" }, "geometry": { "type": "Point", "coordinates": [ 135.660776199999987, 34.7079443 ] } },
{ "type": "Feature", "properties": { "内容": "デイサービスサンサリテ大東【通所介護】大東市深野2-6-1", "url": "https://www.kaigokensaku.mhlw.go.jp/27/index.php?action_kouhyou_detail_004_kani=true&JigyosyoCd=2771901960-00&ServiceCd=150&Type=search", "url2": "https://www.sincerite-kenwakai.com/" }, "geometry": { "type": "Point", "coordinates": [ 135.628558938717788, 34.717973927292299 ] } },
{ "type": "Feature", "properties": { "内容": "デイサービスセンター南郷の里【通所介護】大阪府大東市氷野２丁目１番１３号", "url": "https://www.kaigokensaku.mhlw.go.jp/27/index.php?action_kouhyou_detail_004_kani=true&JigyosyoCd=2771900814-00&ServiceCd=150&Type=search", "url2": "http://www.souseifukusikai.com" }, "geometry": { "type": "Point", "coordinates": [ 135.617985, 34.7110431 ] } },
{ "type": "Feature", "properties": { "内容": "デイサービスのスパイラル【通所介護】大阪府大東市北条1－16－23コーポ田中１F", "url": "https://www.kaigokensaku.mhlw.go.jp/27/index.php?action_kouhyou_detail_004_kani=true&JigyosyoCd=2771900863-00&ServiceCd=150&Type=search", "url2": null }, "geometry": { "type": "Point", "coordinates": [ 135.638997, 34.7216274 ] } },
{ "type": "Feature", "properties": { "内容": "和光苑デイサービスセンター【通所介護】大阪府大東市野崎3丁目12番1号", "url": "https://www.kaigokensaku.mhlw.go.jp/27/index.php?action_kouhyou_detail_004_kani=true&JigyosyoCd=2771900228-00&ServiceCd=150&Type=search", "url2": "http://www.kyouseikai.org/wakouen/day.html" }, "geometry": { "type": "Point", "coordinates": [ 135.645719, 34.7151544 ] } },
{ "type": "Feature", "properties": { "内容": "慶生会　リハbyデイ　諸福【通所介護】大阪府大東市諸福1丁目13番6号丸治ビル", "url": "https://www.kaigokensaku.mhlw.go.jp/27/index.php?action_kouhyou_detail_004_kani=true&JigyosyoCd=2771901143-00&ServiceCd=150&Type=search", "url2": "http://www.kyouseikai.org" }, "geometry": { "type": "Point", "coordinates": [ 135.604767199999969, 34.705427 ] } },
{ "type": "Feature", "properties": { "内容": "ニチイケアセンター御領【通所介護】大阪府大東市御領1丁目13番33号", "url": "https://www.kaigokensaku.mhlw.go.jp/27/index.php?action_kouhyou_detail_004_kani=true&JigyosyoCd=2771900046-00&ServiceCd=150&Type=search", "url2": "http://www.nichiigakkan.co.jp" }, "geometry": { "type": "Point", "coordinates": [ 135.616246300000057, 34.717898 ] } },
{ "type": "Feature", "properties": { "内容": "デイサービスあかり【通所介護】大阪府大東市明美の里1-15", "url": "https://www.kaigokensaku.mhlw.go.jp/27/index.php?action_kouhyou_detail_004_kani=true&JigyosyoCd=2771901531-00&ServiceCd=150&Type=search", "url2": null }, "geometry": { "type": "Point", "coordinates": [ 135.636697300000037, 34.7257781 ] } },
{ "type": "Feature", "properties": { "内容": "一笑苑大東デイサービス【通所介護】大阪府大東市新田中町1-1センチュリービル1", "url": "https://www.kaigokensaku.mhlw.go.jp/27/index.php?action_kouhyou_detail_004_kani=true&JigyosyoCd=2771902562-00&ServiceCd=150&Type=search", "url2": null }, "geometry": { "type": "Point", "coordinates": [ 135.605785, 34.7120435 ] } },
{ "type": "Feature", "properties": { "内容": "若水デイサービスセンター【通所介護】大阪府大東市末広町１５番２５号アーバニティ若水", "url": "https://www.kaigokensaku.mhlw.go.jp/27/index.php?action_kouhyou_detail_004_kani=true&JigyosyoCd=2771901614-00&ServiceCd=150&Type=search", "url2": "http://www.wakamizu.kaigo.jp" }, "geometry": { "type": "Point", "coordinates": [ 135.620240299999978, 34.7040549 ] } },
{ "type": "Feature", "properties": { "内容": "アビリティーズ・デイサービス和泉府中【通所介護】大阪府和泉市府中町6丁目１１－１９", "url": "https://www.kaigokensaku.mhlw.go.jp/27/index.php?action_kouhyou_detail_004_kani=true&JigyosyoCd=2770501340-00&ServiceCd=150&Type=search", "url2": "http://www.abilities.jp/" }, "geometry": { "type": "Point", "coordinates": [ 135.428493099999969, 34.48954 ] } },
{ "type": "Feature", "properties": { "内容": "デイサービスセンターゆすら【通所介護】大阪府和泉市仏並町２６５番地", "url": "https://www.kaigokensaku.mhlw.go.jp/27/index.php?action_kouhyou_detail_004_kani=true&JigyosyoCd=2770501001-00&ServiceCd=150&Type=search", "url2": "http://www.tachibana-med.or.jp/yokoyama/" }, "geometry": { "type": "Point", "coordinates": [ 135.4868305, 34.4246177 ] } },
{ "type": "Feature", "properties": { "内容": "医療法人　守田会　アネモネデイサービス【通所介護】大阪府和泉市伏屋町3-22-30サービス付き高齢者向け住宅アネモネ", "url": "https://www.kaigokensaku.mhlw.go.jp/27/index.php?action_kouhyou_detail_004_kani=true&JigyosyoCd=2770504393-00&ServiceCd=150&Type=search", "url2": "http://www.moritakai.jp" }, "geometry": { "type": "Point", "coordinates": [ 135.470183799999973, 34.4812721 ] } },
{ "type": "Feature", "properties": { "内容": "デイサービスセンターひかりえ【通所介護】大阪府和泉市寺田町1丁目6番12号", "url": "https://www.kaigokensaku.mhlw.go.jp/27/index.php?action_kouhyou_detail_004_kani=true&JigyosyoCd=2770504799-00&ServiceCd=150&Type=search", "url2": "http://hp.kaipoke.biz/k8x/" }, "geometry": { "type": "Point", "coordinates": [ 135.437253400000031, 34.4698401 ] } },
{ "type": "Feature", "properties": { "内容": "デイサービスきのこ【通所介護】大阪府和泉市太町47-4", "url": "https://www.kaigokensaku.mhlw.go.jp/27/index.php?action_kouhyou_detail_004_kani=true&JigyosyoCd=2770504195-00&ServiceCd=150&Type=search", "url2": null }, "geometry": { "type": "Point", "coordinates": [ 135.443110730688431, 34.50849673892359 ] } },
{ "type": "Feature", "properties": { "内容": "エデンデイサービス【通所介護】大阪府和泉市和田町408番地1", "url": "https://www.kaigokensaku.mhlw.go.jp/27/index.php?action_kouhyou_detail_004_kani=true&JigyosyoCd=2770503973-00&ServiceCd=150&Type=search", "url2": "http://www.edenkaigo.com" }, "geometry": { "type": "Point", "coordinates": [ 135.476405365081746, 34.459923969245992 ] } },
{ "type": "Feature", "properties": { "内容": "リハビリデイＳＨＡＰＥ【通所介護】大阪府和泉市池田下町2866-6パルス和泉中央", "url": "https://www.kaigokensaku.mhlw.go.jp/27/index.php?action_kouhyou_detail_004_kani=true&JigyosyoCd=2770503809-00&ServiceCd=150&Type=search", "url2": "http://www.cs-ring.co.jp" }, "geometry": { "type": "Point", "coordinates": [ 135.466150447290829, 34.468694253770295 ] } },
{ "type": "Feature", "properties": { "内容": "デイサービス縁のいえ【通所介護】大阪府和泉市伯太町4丁目13番21号さくら・桜", "url": "https://www.kaigokensaku.mhlw.go.jp/27/index.php?action_kouhyou_detail_004_kani=true&JigyosyoCd=2770505242-00&ServiceCd=150&Type=search", "url2": "https://izumi-sakura.com" }, "geometry": { "type": "Point", "coordinates": [ 135.441064299999965, 34.4978182 ] } },
{ "type": "Feature", "properties": { "内容": "きよかぜデイサービス和気店【通所介護】大阪府和泉市和気町1丁目26番19号", "url": "https://www.kaigokensaku.mhlw.go.jp/27/index.php?action_kouhyou_detail_004_kani=true&JigyosyoCd=2770503825-00&ServiceCd=150&Type=search", "url2": null }, "geometry": { "type": "Point", "coordinates": [ 135.42527819999998, 34.4749587 ] } },
{ "type": "Feature", "properties": { "内容": "株式会社　ツクイ和泉くずのは【通所介護】大阪府和泉市葛の葉町二丁目2番2号", "url": "https://www.kaigokensaku.mhlw.go.jp/27/index.php?action_kouhyou_detail_004_kani=true&JigyosyoCd=2770501431-00&ServiceCd=150&Type=search", "url2": "http://www.tsukui.net/" }, "geometry": { "type": "Point", "coordinates": [ 135.4397169, 34.5096711 ] } },
{ "type": "Feature", "properties": { "内容": "ビーナスクラブ室堂【通所介護】和泉市室堂町５２番地の１", "url": "https://www.kaigokensaku.mhlw.go.jp/27/index.php?action_kouhyou_detail_004_kani=true&JigyosyoCd=2770501696-00&ServiceCd=150&Type=search", "url2": null }, "geometry": { "type": "Point", "coordinates": [ 135.465653800000041, 34.465835 ] } },
{ "type": "Feature", "properties": { "内容": "ビーナスプラス室堂【通所介護】大阪府和泉市室堂町173－1", "url": "https://www.kaigokensaku.mhlw.go.jp/27/index.php?action_kouhyou_detail_004_kani=true&JigyosyoCd=2770503999-00&ServiceCd=150&Type=search", "url2": null }, "geometry": { "type": "Point", "coordinates": [ 135.466012200000023, 34.4660159 ] } },
{ "type": "Feature", "properties": { "内容": "わが家和泉【通所介護】大阪府和泉市池田下町1763-1サンフォレスタ和泉1F", "url": "https://www.kaigokensaku.mhlw.go.jp/27/index.php?action_kouhyou_detail_004_kani=true&JigyosyoCd=2770504625-00&ServiceCd=150&Type=search", "url2": "https://www.helianthus-kk.com" }, "geometry": { "type": "Point", "coordinates": [ 135.462097050926246, 34.470338019769166 ] } },
{ "type": "Feature", "properties": { "内容": "通所介護サービス　いずみテラス【通所介護】大阪府和泉市和気町3丁目16番11号いずみテラスわけベース", "url": "https://www.kaigokensaku.mhlw.go.jp/27/index.php?action_kouhyou_detail_004_kani=true&JigyosyoCd=2770505671-00&ServiceCd=150&Type=search", "url2": "https://izumiterrace.com/" }, "geometry": { "type": "Point", "coordinates": [ 135.427344477246095, 34.478490620989078 ] } },
{ "type": "Feature", "properties": { "内容": "デイサービス・やまりは【通所介護】大阪府和泉市黒鳥町3-2-12", "url": "https://www.kaigokensaku.mhlw.go.jp/27/index.php?action_kouhyou_detail_004_kani=true&JigyosyoCd=2770505069-00&ServiceCd=150&Type=search", "url2": null }, "geometry": { "type": "Point", "coordinates": [ 135.440372700000012, 34.484619 ] } },
{ "type": "Feature", "properties": { "内容": "リハビリデイサービス　かえる【通所介護】大阪府和泉市富秋町二丁目８番１３号", "url": "https://www.kaigokensaku.mhlw.go.jp/27/index.php?action_kouhyou_detail_004_kani=true&JigyosyoCd=2770503742-00&ServiceCd=150&Type=search", "url2": null }, "geometry": { "type": "Point", "coordinates": [ 135.4329505, 34.5073699 ] } },
{ "type": "Feature", "properties": { "内容": "デイサービスおっ魚っト【通所介護】大阪府和泉市伯太町六丁目10番20号ロフティロット1CD", "url": "https://www.kaigokensaku.mhlw.go.jp/27/index.php?action_kouhyou_detail_004_kani=true&JigyosyoCd=2770505572-00&ServiceCd=150&Type=search", "url2": null }, "geometry": { "type": "Point", "coordinates": [ 135.434422771827656, 34.499034544882512 ] } },
{ "type": "Feature", "properties": { "内容": "カーサのぞみ野デイサービスセンター【通所介護】大阪府和泉市のぞみ野２－１－１１カーサ咲花のぞみ野館　１階", "url": "https://www.kaigokensaku.mhlw.go.jp/27/index.php?action_kouhyou_detail_004_kani=true&JigyosyoCd=2770502090-00&ServiceCd=150&Type=search", "url2": "http://www.sakibana.or.jp/casa-sakibana/" }, "geometry": { "type": "Point", "coordinates": [ 135.458177, 34.4555529 ] } },
{ "type": "Feature", "properties": { "内容": "北信太老人デイサービスセンター【通所介護】大阪府和泉市上町403番地の１", "url": "https://www.kaigokensaku.mhlw.go.jp/27/index.php?action_kouhyou_detail_004_kani=true&JigyosyoCd=2770500888-00&ServiceCd=150&Type=search", "url2": "http://www.itokukai.com" }, "geometry": { "type": "Point", "coordinates": [ 135.449613199999931, 34.5106267 ] } },
{ "type": "Feature", "properties": { "内容": "光明荘デイサービスセンター【通所介護】大阪府和泉市伏屋町三丁目８番１号", "url": "https://www.kaigokensaku.mhlw.go.jp/27/index.php?action_kouhyou_detail_004_kani=true&JigyosyoCd=2770500524-00&ServiceCd=150&Type=search", "url2": "http://www.komyoso.jp/" }, "geometry": { "type": "Point", "coordinates": [ 135.47031990000005, 34.476481 ] } },
{ "type": "Feature", "properties": { "内容": "ビオラ和泉デイサービスセンター【通所介護】大阪府和泉市和気町三丁目５番１９号", "url": "https://www.kaigokensaku.mhlw.go.jp/27/index.php?action_kouhyou_detail_004_kani=true&JigyosyoCd=2770500300-00&ServiceCd=150&Type=search", "url2": "http://viola-izumi.com" }, "geometry": { "type": "Point", "coordinates": [ 135.425565600000027, 34.4796387 ] } },
{ "type": "Feature", "properties": { "内容": "ひかりの園　デイサービス【通所介護】大阪府　和泉市　下宮町141番地1", "url": "https://www.kaigokensaku.mhlw.go.jp/27/index.php?action_kouhyou_detail_004_kani=true&JigyosyoCd=2770500375-00&ServiceCd=150&Type=search", "url2": "http://izumi-fukushikai.com/hikari/" }, "geometry": { "type": "Point", "coordinates": [ 135.491524499999969, 34.4320197 ] } },
{ "type": "Feature", "properties": { "内容": "白ゆりデイサービスセンター【通所介護】大阪府和泉市和気町1-27-6くつろぎの家　別館", "url": "https://www.kaigokensaku.mhlw.go.jp/27/index.php?action_kouhyou_detail_004_kani=true&JigyosyoCd=2770504955-00&ServiceCd=150&Type=search", "url2": "https://www.shirayuri-station.co.jp/" }, "geometry": { "type": "Point", "coordinates": [ 135.425557199999986, 34.4738645 ] } },
{ "type": "Feature", "properties": { "内容": "麦の里【通所介護】大阪府和泉市府中町6丁目14番15号", "url": "https://www.kaigokensaku.mhlw.go.jp/27/index.php?action_kouhyou_detail_004_kani=true&JigyosyoCd=2770502009-00&ServiceCd=150&Type=search", "url2": null }, "geometry": { "type": "Point", "coordinates": [ 135.430165200000033, 34.4910288 ] } },
{ "type": "Feature", "properties": { "内容": "リハビリセンター　ライム【通所介護】大阪府和泉市観音寺町847番地の2", "url": "https://www.kaigokensaku.mhlw.go.jp/27/index.php?action_kouhyou_detail_004_kani=true&JigyosyoCd=2770505606-00&ServiceCd=150&Type=search", "url2": null }, "geometry": { "type": "Point", "coordinates": [ 135.435589900000025, 34.4763787 ] } },
{ "type": "Feature", "properties": { "内容": "サニーヴィラデイサービスセンター【通所介護】大阪府和泉市府中町5丁目8番14号", "url": "https://www.kaigokensaku.mhlw.go.jp/27/index.php?action_kouhyou_detail_004_kani=true&JigyosyoCd=2770500284-00&ServiceCd=150&Type=search", "url2": "http://www.sunnyvilla.or.jp" }, "geometry": { "type": "Point", "coordinates": [ 135.432284399999958, 34.4878959 ] } },
{ "type": "Feature", "properties": { "内容": "リハビリ専科グリーンデイ【通所介護】大阪府和泉市尾井町３４３", "url": "https://www.kaigokensaku.mhlw.go.jp/27/index.php?action_kouhyou_detail_004_kani=true&JigyosyoCd=2770501795-00&ServiceCd=150&Type=search", "url2": null }, "geometry": { "type": "Point", "coordinates": [ 135.455965600000013, 34.4920847 ] } },
{ "type": "Feature", "properties": { "内容": "なおファミリーⅡ【通所介護】和泉市室堂町726-38", "url": "https://www.kaigokensaku.mhlw.go.jp/27/index.php?action_kouhyou_detail_004_kani=true&JigyosyoCd=2770505259-00&ServiceCd=150&Type=search", "url2": null }, "geometry": { "type": "Point", "coordinates": [ 135.471605399999987, 34.4704629 ] } },
{ "type": "Feature", "properties": { "内容": "リプラス和泉【通所介護】大阪府和泉市府中町七丁目3番21号浅井ビル１階", "url": "https://www.kaigokensaku.mhlw.go.jp/27/index.php?action_kouhyou_detail_004_kani=true&JigyosyoCd=2770503874-00&ServiceCd=150&Type=search", "url2": null }, "geometry": { "type": "Point", "coordinates": [ 135.42725841719664, 34.488476860863862 ] } },
{ "type": "Feature", "properties": { "内容": "ハートフルサンク唐国デイサービス【通所介護】大阪府和泉市唐国町一丁目３番３１号", "url": "https://www.kaigokensaku.mhlw.go.jp/27/index.php?action_kouhyou_detail_004_kani=true&JigyosyoCd=2770501670-00&ServiceCd=150&Type=search", "url2": "https://heartfulthank.co.jp/karakuni" }, "geometry": { "type": "Point", "coordinates": [ 135.4476416, 34.4600024 ] } },
{ "type": "Feature", "properties": { "内容": "デイサービス　月うさぎ【通所介護】大阪府和泉市王子町2丁目13番65号", "url": "https://www.kaigokensaku.mhlw.go.jp/27/index.php?action_kouhyou_detail_004_kani=true&JigyosyoCd=2770504344-00&ServiceCd=150&Type=search", "url2": "https://www.tsukiusagi1001.com" }, "geometry": { "type": "Point", "coordinates": [ 135.441054563593241, 34.505633306452374 ] } },
{ "type": "Feature", "properties": { "内容": "デイサービスセンターあゆみ野【通所介護】大阪府和泉市あゆみ野１丁目４番１号", "url": "https://www.kaigokensaku.mhlw.go.jp/27/index.php?action_kouhyou_detail_004_kani=true&JigyosyoCd=2770505424-00&ServiceCd=150&Type=search", "url2": "https://inabasou.com" }, "geometry": { "type": "Point", "coordinates": [ 135.4476904, 34.4520869 ] } },
{ "type": "Feature", "properties": { "内容": "デイサービスセンターサザンパーク【通所介護】大阪府和泉市和気町2丁目３－７朝日プラザサザンパーク商業棟", "url": "https://www.kaigokensaku.mhlw.go.jp/27/index.php?action_kouhyou_detail_004_kani=true&JigyosyoCd=2770502231-00&ServiceCd=150&Type=search", "url2": "http://www.sazanpark.jp/" }, "geometry": { "type": "Point", "coordinates": [ 135.419627200000036, 34.480813400000024 ] } },
{ "type": "Feature", "properties": { "内容": "ウェルカーサのぞみ野デイサービスセンター【通所介護】大阪府和泉市のぞみ野3丁目2-23", "url": "https://www.kaigokensaku.mhlw.go.jp/27/index.php?action_kouhyou_detail_004_kani=true&JigyosyoCd=2770503734-00&ServiceCd=150&Type=search", "url2": null }, "geometry": { "type": "Point", "coordinates": [ 135.45861224047556, 34.453530111902232 ] } },
{ "type": "Feature", "properties": { "内容": "ブルーミングケアSpring和泉【通所介護】大阪府和泉市山荘町２丁目３－４１", "url": "https://www.kaigokensaku.mhlw.go.jp/27/index.php?action_kouhyou_detail_004_kani=true&JigyosyoCd=2770506034-00&ServiceCd=150&Type=search", "url2": "https://atom-kaigo.jp/" }, "geometry": { "type": "Point", "coordinates": [ 135.4497146, 34.485536700000011 ] } },
{ "type": "Feature", "properties": { "内容": "デイサービスきたえるーむ和泉和田【通所介護】大阪府和泉市和田町67-2", "url": "https://www.kaigokensaku.mhlw.go.jp/27/index.php?action_kouhyou_detail_004_kani=true&JigyosyoCd=2770504419-00&ServiceCd=150&Type=search", "url2": "http://kitaeroom.com/" }, "geometry": { "type": "Point", "coordinates": [ 135.473653300000024, 34.4561223 ] } },
{ "type": "Feature", "properties": { "内容": "ポシブル箕面牧落【通所介護】大阪府箕面市牧落５－５－１シャレード牧落Ⅲ　１階", "url": "https://www.kaigokensaku.mhlw.go.jp/27/index.php?action_kouhyou_detail_004_kani=true&JigyosyoCd=2771402282-00&ServiceCd=150&Type=search", "url2": null }, "geometry": { "type": "Point", "coordinates": [ 135.471521100000018, 34.8209225 ] } },
{ "type": "Feature", "properties": { "内容": "デイサービス　ロ・スカーロ　あおまだに【通所介護】大阪府箕面市粟生間谷西3丁目5番7号", "url": "https://www.kaigokensaku.mhlw.go.jp/27/index.php?action_kouhyou_detail_004_kani=true&JigyosyoCd=2771401219-00&ServiceCd=150&Type=search", "url2": "https://www.shinmeikai.jp" }, "geometry": { "type": "Point", "coordinates": [ 135.513319899999942, 34.8453619 ] } },
{ "type": "Feature", "properties": { "内容": "通所介護さざんか【通所介護】大阪府箕面市外院二丁目14番1号MKビル3階", "url": "https://www.kaigokensaku.mhlw.go.jp/27/index.php?action_kouhyou_detail_004_kani=true&JigyosyoCd=2771402407-00&ServiceCd=150&Type=search", "url2": null }, "geometry": { "type": "Point", "coordinates": [ 135.500594299999989, 34.8417787 ] } },
{ "type": "Feature", "properties": { "内容": "デイサービス　あ・マノマノ箕面駅前【通所介護】大阪府箕面市箕面1-2-12ラ・ソーラみのお駅前", "url": "https://www.kaigokensaku.mhlw.go.jp/27/index.php?action_kouhyou_detail_004_kani=true&JigyosyoCd=2771401946-00&ServiceCd=150&Type=search", "url2": "http://www.shinmeikai.jp" }, "geometry": { "type": "Point", "coordinates": [ 135.4674903, 34.834707 ] } },
{ "type": "Feature", "properties": { "内容": "医療法人米永会　デイサービス　ルアナ【通所介護】大阪府箕面市彩都粟生南一丁目18番41号リラフィール彩都内１F", "url": "https://www.kaigokensaku.mhlw.go.jp/27/index.php?action_kouhyou_detail_004_kani=true&JigyosyoCd=2771402464-00&ServiceCd=150&Type=search", "url2": null }, "geometry": { "type": "Point", "coordinates": [ 135.522418, 34.8508139 ] } },
{ "type": "Feature", "properties": { "内容": "あい・シビル【通所介護】大阪府箕面市半町二丁目１２番２２号", "url": "https://www.kaigokensaku.mhlw.go.jp/27/index.php?action_kouhyou_detail_004_kani=true&JigyosyoCd=2771400849-00&ServiceCd=150&Type=search", "url2": "http://www.aicivil.com/" }, "geometry": { "type": "Point", "coordinates": [ 135.458183100000042, 34.8169144 ] } },
{ "type": "Feature", "properties": { "内容": "アジュール彩都【通所介護】大阪府箕面市彩都粟生南1丁目1-35ボナール・ディアコート101号室", "url": "https://www.kaigokensaku.mhlw.go.jp/27/index.php?action_kouhyou_detail_004_kani=true&JigyosyoCd=2771402167-00&ServiceCd=150&Type=search", "url2": null }, "geometry": { "type": "Point", "coordinates": [ 135.522188095106458, 34.844960266429766 ] } },
{ "type": "Feature", "properties": { "内容": "ニチイケアセンター箕面【通所介護】箕面市箕面６－６－５２", "url": "https://www.kaigokensaku.mhlw.go.jp/27/index.php?action_kouhyou_detail_004_kani=true&JigyosyoCd=2771400138-00&ServiceCd=150&Type=search", "url2": null }, "geometry": { "type": "Point", "coordinates": [ 135.468187599999965, 34.8316685 ] } },
{ "type": "Feature", "properties": { "内容": "ニチイケアセンター箕面船場【通所介護】大阪府箕面市萱野五丁目11番-3号", "url": "https://www.kaigokensaku.mhlw.go.jp/27/index.php?action_kouhyou_detail_004_kani=true&JigyosyoCd=2771402829-00&ServiceCd=150&Type=search", "url2": null }, "geometry": { "type": "Point", "coordinates": [ 135.486397387171962, 34.823673545347717 ] } },
{ "type": "Feature", "properties": { "内容": "ニチイケアセンター箕面半町【通所介護】大阪府箕面市半町1丁目11番16号", "url": "https://www.kaigokensaku.mhlw.go.jp/27/index.php?action_kouhyou_detail_004_kani=true&JigyosyoCd=2771402811-00&ServiceCd=150&Type=search", "url2": "https://www.nichiigakkan.co.jp/" }, "geometry": { "type": "Point", "coordinates": [ 135.456154, 34.8192421 ] } },
{ "type": "Feature", "properties": { "内容": "パピルス箕面【通所介護】大阪府箕面市牧落2丁目7番15号", "url": "https://www.kaigokensaku.mhlw.go.jp/27/index.php?action_kouhyou_detail_004_kani=true&JigyosyoCd=2771401185-00&ServiceCd=150&Type=search", "url2": "http://www.papyrus1124.com" }, "geometry": { "type": "Point", "coordinates": [ 135.472131671198667, 34.822203676894077 ] } },
{ "type": "Feature", "properties": { "内容": "デイサービス千里苑【通所介護】大阪府箕面市今宮4丁目22-2ハーティーヒルズ1F", "url": "https://www.kaigokensaku.mhlw.go.jp/27/index.php?action_kouhyou_detail_004_kani=true&JigyosyoCd=2771402662-00&ServiceCd=150&Type=search", "url2": "https://bwb.co.jp" }, "geometry": { "type": "Point", "coordinates": [ 135.497740599999986, 34.826050700000039 ] } },
{ "type": "Feature", "properties": { "内容": "デイサービスセンター箕面の郷【通所介護】大阪府箕面市石丸1丁目14番1号", "url": "https://www.kaigokensaku.mhlw.go.jp/27/index.php?action_kouhyou_detail_004_kani=true&JigyosyoCd=2771400773-00&ServiceCd=150&Type=search", "url2": "http://www.sanyouhukushikai.com/" }, "geometry": { "type": "Point", "coordinates": [ 135.4996602, 34.8369768 ] } },
{ "type": "Feature", "properties": { "内容": "箕面市立光明の郷ケアセンター【通所介護】大阪府箕面市粟生新家3丁目12番5号", "url": "https://www.kaigokensaku.mhlw.go.jp/27/index.php?action_kouhyou_detail_004_kani=true&JigyosyoCd=2771400823-00&ServiceCd=150&Type=search", "url2": "http://www.osj.or.jp/hakushima/" }, "geometry": { "type": "Point", "coordinates": [ 135.51350619999991, 34.83826 ] } },
{ "type": "Feature", "properties": { "内容": "デイサービスセンターアリス箕面【通所介護】大阪府箕面市稲5丁目2番40号", "url": "https://www.kaigokensaku.mhlw.go.jp/27/index.php?action_kouhyou_detail_004_kani=true&JigyosyoCd=2771401441-00&ServiceCd=150&Type=search", "url2": "http://www.toyonakafamily.jp/Mino/" }, "geometry": { "type": "Point", "coordinates": [ 135.480728799999952, 34.8233946 ] } },
{ "type": "Feature", "properties": { "内容": "社会福祉法人箕面市社会福祉協議会稲デイサービスセンター【通所介護】大阪府箕面市稲１－１４－５", "url": "https://www.kaigokensaku.mhlw.go.jp/27/index.php?action_kouhyou_detail_004_kani=true&JigyosyoCd=2771400252-00&ServiceCd=150&Type=search", "url2": "https://minoh-syakyo.or.jp/" }, "geometry": { "type": "Point", "coordinates": [ 135.47606780000001, 34.8275857 ] } },
{ "type": "Feature", "properties": { "内容": "あそびりクラブ　西小路デイサービス【通所介護】大阪府箕面市西小路三丁目11番６号", "url": "https://www.kaigokensaku.mhlw.go.jp/27/index.php?action_kouhyou_detail_004_kani=true&JigyosyoCd=2771401409-00&ServiceCd=150&Type=search", "url2": "https://asobiri-club.org/" }, "geometry": { "type": "Point", "coordinates": [ 135.471559699999943, 34.8291077 ] } },
{ "type": "Feature", "properties": { "内容": "西南デイサービスセンターあそびりクラブ【通所介護】大阪府箕面市瀬川３－２－１", "url": "https://www.kaigokensaku.mhlw.go.jp/27/index.php?action_kouhyou_detail_004_kani=true&JigyosyoCd=2771400328-00&ServiceCd=150&Type=search", "url2": "https://asobiri-club.org" }, "geometry": { "type": "Point", "coordinates": [ 135.452863525131193, 34.812733284783626 ] } },
{ "type": "Feature", "properties": { "内容": "ビーナスクラブ石橋【通所介護】大阪府箕面市瀬川5-3-23", "url": "https://www.kaigokensaku.mhlw.go.jp/27/index.php?action_kouhyou_detail_004_kani=true&JigyosyoCd=2771401615-00&ServiceCd=150&Type=search", "url2": "http://www.venus-comrade.co.jp/" }, "geometry": { "type": "Point", "coordinates": [ 135.4493979, 34.8097845 ] } },
{ "type": "Feature", "properties": { "内容": "Ｂａｓｅ　Ｓｕｚｕｋａｚｅ【通所介護】大阪府箕面市牧落３丁目１４−３２クオリティⅠ", "url": "https://www.kaigokensaku.mhlw.go.jp/27/index.php?action_kouhyou_detail_004_kani=true&JigyosyoCd=2771402795-00&ServiceCd=150&Type=search", "url2": "https://earth-mind.co.jp/" }, "geometry": { "type": "Point", "coordinates": [ 135.4721654, 34.8234964 ] } },
{ "type": "Feature", "properties": { "内容": "紅葉の郷デイサービスセンター【通所介護】大阪府箕面市稲6-11-20", "url": "https://www.kaigokensaku.mhlw.go.jp/27/index.php?action_kouhyou_detail_004_kani=true&JigyosyoCd=2771400187-00&ServiceCd=150&Type=search", "url2": "http://www.hijiri.or.jp" }, "geometry": { "type": "Point", "coordinates": [ 135.4814927, 34.8191228 ] } },
{ "type": "Feature", "properties": { "内容": "照葉の里デイサービスセンターサルタリス【通所介護】大阪府箕面市下止々呂美561番地", "url": "https://www.kaigokensaku.mhlw.go.jp/27/index.php?action_kouhyou_detail_004_kani=true&JigyosyoCd=2771400179-00&ServiceCd=150&Type=search", "url2": "http://www.terihanosato.com" }, "geometry": { "type": "Point", "coordinates": [ 135.4626515, 34.88510770000002 ] } },
{ "type": "Feature", "properties": { "内容": "あかつきデイ・サービス・センター【通所介護】大阪府箕面市白島３丁目１６－１", "url": "https://www.kaigokensaku.mhlw.go.jp/27/index.php?action_kouhyou_detail_004_kani=true&JigyosyoCd=2771400294-00&ServiceCd=150&Type=search", "url2": "https://gyoukoukai.jp/" }, "geometry": { "type": "Point", "coordinates": [ 135.489130499999987, 34.8415596 ] } },
{ "type": "Feature", "properties": { "内容": "はくとうデイサービスセンター【通所介護】大阪府柏原市大字青谷2104番地1", "url": "https://www.kaigokensaku.mhlw.go.jp/27/index.php?action_kouhyou_detail_004_kani=true&JigyosyoCd=2774600064-00&ServiceCd=150&Type=search", "url2": "https://meijyukai.jp/office/hakutou/" }, "geometry": { "type": "Point", "coordinates": [ 135.655781599999955, 34.5737445 ] } },
{ "type": "Feature", "properties": { "内容": "ハローデイサービスセンター本郷【通所介護】大阪府柏原市本郷２丁目５番３号", "url": "https://www.kaigokensaku.mhlw.go.jp/27/index.php?action_kouhyou_detail_004_kani=true&JigyosyoCd=2774600882-00&ServiceCd=150&Type=search", "url2": null }, "geometry": { "type": "Point", "coordinates": [ 135.618574715344238, 34.589267829774442 ] } },
{ "type": "Feature", "properties": { "内容": "ハローデイサービスセンター【通所介護】大阪府柏原市大平寺２丁目８番４６号", "url": "https://www.kaigokensaku.mhlw.go.jp/27/index.php?action_kouhyou_detail_004_kani=true&JigyosyoCd=2774600502-00&ServiceCd=150&Type=search", "url2": "https://hello-86.jp/" }, "geometry": { "type": "Point", "coordinates": [ 135.630791188221792, 34.583910860196923 ] } },
{ "type": "Feature", "properties": { "内容": "国分デイサービスセンター愛の輪【通所介護】大阪府柏原市田辺1-13-12", "url": "https://www.kaigokensaku.mhlw.go.jp/27/index.php?action_kouhyou_detail_004_kani=true&JigyosyoCd=2774601005-00&ServiceCd=150&Type=search", "url2": "https://genkinakaigo.co.jp/" }, "geometry": { "type": "Point", "coordinates": [ 135.6413, 34.5603739 ] } },
{ "type": "Feature", "properties": { "内容": "松本デイサービスセンター国分【通所介護】大阪府柏原市国分市場2-9-26", "url": "https://www.kaigokensaku.mhlw.go.jp/27/index.php?action_kouhyou_detail_004_kani=true&JigyosyoCd=2774600585-00&ServiceCd=150&Type=search", "url2": "http://www.matsumoto-reha.jp" }, "geometry": { "type": "Point", "coordinates": [ 135.6455244, 34.5663399 ] } },
{ "type": "Feature", "properties": { "内容": "らいおんデイサービスセンター柏原【通所介護】大阪府柏原市大県4-10-4", "url": "https://www.kaigokensaku.mhlw.go.jp/27/index.php?action_kouhyou_detail_004_kani=true&JigyosyoCd=2774601237-00&ServiceCd=150&Type=search", "url2": "https://lionheartosaka.com/" }, "geometry": { "type": "Point", "coordinates": [ 135.6315147, 34.5893576 ] } },
{ "type": "Feature", "properties": { "内容": "リハビリデイサービスりんごの樹【通所介護】大阪府柏原市古町2丁目9－5", "url": "https://www.kaigokensaku.mhlw.go.jp/27/index.php?action_kouhyou_detail_004_kani=true&JigyosyoCd=2774601690-00&ServiceCd=150&Type=search", "url2": "ringonoki7045@yahoo.co.ip" }, "geometry": { "type": "Point", "coordinates": [ 135.621792099999965, 34.5823032 ] } },
{ "type": "Feature", "properties": { "内容": "デイサービススイッチ【通所介護】大阪府羽曳野市白鳥3丁目16-3", "url": "https://www.kaigokensaku.mhlw.go.jp/27/index.php?action_kouhyou_detail_004_kani=true&JigyosyoCd=2773803081-00&ServiceCd=150&Type=search", "url2": "https://www.yamakatsu-library.com" }, "geometry": { "type": "Point", "coordinates": [ 135.6081365, 34.5560482 ] } },
{ "type": "Feature", "properties": { "内容": "通所介護　悠々亭【通所介護】大阪府羽曳野市樫山100番１", "url": "https://www.kaigokensaku.mhlw.go.jp/27/index.php?action_kouhyou_detail_004_kani=true&JigyosyoCd=2773802497-00&ServiceCd=150&Type=search", "url2": "http://www.heartful-health.or.jp" }, "geometry": { "type": "Point", "coordinates": [ 135.579165200000034, 34.5585118 ] } },
{ "type": "Feature", "properties": { "内容": "医療法人健泉会　あそか西松庵デイサービス【通所介護】大阪府羽曳野市伊賀1-4-1", "url": "https://www.kaigokensaku.mhlw.go.jp/27/index.php?action_kouhyou_detail_004_kani=true&JigyosyoCd=2773802117-00&ServiceCd=150&Type=search", "url2": "http://saisyouan.jp/" }, "geometry": { "type": "Point", "coordinates": [ 135.583945576057431, 34.564082012950784 ] } },
{ "type": "Feature", "properties": { "内容": "医療法人健泉会　西松庵デイサービスセンター【通所介護】大阪府羽曳野市島泉4-3-18", "url": "https://www.kaigokensaku.mhlw.go.jp/27/index.php?action_kouhyou_detail_004_kani=true&JigyosyoCd=2773800855-00&ServiceCd=150&Type=search", "url2": "http://saisyouan.jp/" }, "geometry": { "type": "Point", "coordinates": [ 135.577639500000032, 34.5794736 ] } },
{ "type": "Feature", "properties": { "内容": "医療法人健泉会　西松庵たかわしデイサービス【通所介護】大阪府羽曳野市高鷲7-82", "url": "https://www.kaigokensaku.mhlw.go.jp/27/index.php?action_kouhyou_detail_004_kani=true&JigyosyoCd=2773801309-00&ServiceCd=150&Type=search", "url2": "http://saisyouan.jp/" }, "geometry": { "type": "Point", "coordinates": [ 135.58074780000004, 34.5665361 ] } },
{ "type": "Feature", "properties": { "内容": "ビーナスクラブ高鷲【通所介護】大阪府羽曳野市島泉9-14-3", "url": "https://www.kaigokensaku.mhlw.go.jp/27/index.php?action_kouhyou_detail_004_kani=true&JigyosyoCd=2773801994-00&ServiceCd=150&Type=search", "url2": "http://www.venus-comrade.co.jp/" }, "geometry": { "type": "Point", "coordinates": [ 135.583267, 34.572166 ] } },
{ "type": "Feature", "properties": { "内容": "デイサービスそら【通所介護】大阪府羽曳野市野492-8", "url": "https://www.kaigokensaku.mhlw.go.jp/27/index.php?action_kouhyou_detail_004_kani=true&JigyosyoCd=2773803008-00&ServiceCd=150&Type=search", "url2": null }, "geometry": { "type": "Point", "coordinates": [ 135.5746215, 34.5586856 ] } },
{ "type": "Feature", "properties": { "内容": "デイセンターリハビリプラザ羽曳野【通所介護】羽曳野市樫山45-1", "url": "https://www.kaigokensaku.mhlw.go.jp/27/index.php?action_kouhyou_detail_004_kani=true&JigyosyoCd=2773801275-00&ServiceCd=150&Type=search", "url2": "https://www.medi-care.co.jp" }, "geometry": { "type": "Point", "coordinates": [ 135.574937200000022, 34.557401 ] } },
{ "type": "Feature", "properties": { "内容": "わかばデイサービス【通所介護】大阪府羽曳野市はびきの3-10-1", "url": "https://www.kaigokensaku.mhlw.go.jp/27/index.php?action_kouhyou_detail_004_kani=true&JigyosyoCd=2773802133-00&ServiceCd=150&Type=search", "url2": null }, "geometry": { "type": "Point", "coordinates": [ 135.588413800000012, 34.5518462 ] } },
{ "type": "Feature", "properties": { "内容": "青山デイサービス伊賀【通所介護】大阪府羽曳野市伊賀四丁目7番6号", "url": "https://www.kaigokensaku.mhlw.go.jp/27/index.php?action_kouhyou_detail_004_kani=true&JigyosyoCd=2773800756-00&ServiceCd=150&Type=search", "url2": "http://www.aoyama-care.jp" }, "geometry": { "type": "Point", "coordinates": [ 135.583128200000033, 34.557476 ] } },
{ "type": "Feature", "properties": { "内容": "デイルーム伊賀【通所介護】大阪府羽曳野市伊賀1-16-1", "url": "https://www.kaigokensaku.mhlw.go.jp/27/index.php?action_kouhyou_detail_004_kani=true&JigyosyoCd=2773802059-00&ServiceCd=150&Type=search", "url2": "https://medi-care.co.jp/" }, "geometry": { "type": "Point", "coordinates": [ 135.586819500000047, 34.563192 ] } },
{ "type": "Feature", "properties": { "内容": "デイサービスほくさん【通所介護】大阪府羽曳野市恵我之荘1-5-1", "url": "https://www.kaigokensaku.mhlw.go.jp/27/index.php?action_kouhyou_detail_004_kani=true&JigyosyoCd=2773801960-00&ServiceCd=150&Type=search", "url2": "http://oasis-hokusan.co.jp" }, "geometry": { "type": "Point", "coordinates": [ 135.5747029, 34.5744613 ] } },
{ "type": "Feature", "properties": { "内容": "デイサービスさんさん【通所介護】大阪府羽曳野市郡戸334-96", "url": "https://www.kaigokensaku.mhlw.go.jp/27/index.php?action_kouhyou_detail_004_kani=true&JigyosyoCd=2773801689-00&ServiceCd=150&Type=search", "url2": null }, "geometry": { "type": "Point", "coordinates": [ 135.577466057672154, 34.554506644526349 ] } },
{ "type": "Feature", "properties": { "内容": "スマイルデイサービスセンター【通所介護】大阪府羽曳野市尺度３８２番地の5", "url": "https://www.kaigokensaku.mhlw.go.jp/27/index.php?action_kouhyou_detail_004_kani=true&JigyosyoCd=2773800780-00&ServiceCd=150&Type=search", "url2": "http://smile-habikino.jp/" }, "geometry": { "type": "Point", "coordinates": [ 135.598743499999955, 34.5316849 ] } },
{ "type": "Feature", "properties": { "内容": "デイサービスセンター華はびきの【通所介護】大阪府羽曳野市島泉8丁目5-19グループホーム華はびきの", "url": "https://www.kaigokensaku.mhlw.go.jp/27/index.php?action_kouhyou_detail_004_kani=true&JigyosyoCd=2773802620-00&ServiceCd=150&Type=search", "url2": "http://harukazefukushikai.com" }, "geometry": { "type": "Point", "coordinates": [ 135.586948799999988, 34.575255 ] } },
{ "type": "Feature", "properties": { "内容": "デイサービスセンターみやび【通所介護】大阪府羽曳野市西浦二丁目1844番1", "url": "https://www.kaigokensaku.mhlw.go.jp/27/index.php?action_kouhyou_detail_004_kani=true&JigyosyoCd=2773800988-00&ServiceCd=150&Type=search", "url2": "http://fukufukukai.com" }, "geometry": { "type": "Point", "coordinates": [ 135.6066343, 34.5426145 ] } },
{ "type": "Feature", "properties": { "内容": "はぴねす軽里【通所介護】大阪府　羽曳野市　軽里　２－１４－５はぴねす軽里", "url": "https://www.kaigokensaku.mhlw.go.jp/27/index.php?action_kouhyou_detail_004_kani=true&JigyosyoCd=2773800764-00&ServiceCd=150&Type=search", "url2": "https://hapinesukarusato.wixsite.com/0729" }, "geometry": { "type": "Point", "coordinates": [ 135.594694897553268, 34.552408154491523 ] } },
{ "type": "Feature", "properties": { "内容": "デイ・サービスセンター河原城苑【通所介護】大阪府羽曳野市河原城９２７番地", "url": "https://www.kaigokensaku.mhlw.go.jp/27/index.php?action_kouhyou_detail_004_kani=true&JigyosyoCd=2773800285-00&ServiceCd=150&Type=search", "url2": "http://kawaharajoen.com" }, "geometry": { "type": "Point", "coordinates": [ 135.575306700000056, 34.5479994 ] } },
{ "type": "Feature", "properties": { "内容": "四天王寺悲田院デイセンター【通所介護】羽曳野市学園前6-1-1", "url": "https://www.kaigokensaku.mhlw.go.jp/27/index.php?action_kouhyou_detail_004_kani=true&JigyosyoCd=2773800202-00&ServiceCd=150&Type=search", "url2": "http://www.shitennoji-fukushi.jp/" }, "geometry": { "type": "Point", "coordinates": [ 135.584641899999951, 34.5482521 ] } },
{ "type": "Feature", "properties": { "内容": "デイサービスセンターあすくの里【通所介護】大阪府羽曳野市飛鳥１１番", "url": "https://www.kaigokensaku.mhlw.go.jp/27/index.php?action_kouhyou_detail_004_kani=true&JigyosyoCd=2773801127-00&ServiceCd=150&Type=search", "url2": "https://www.daichofuku.or.jp/" }, "geometry": { "type": "Point", "coordinates": [ 135.634709599999951, 34.5358352 ] } },
{ "type": "Feature", "properties": { "内容": "デイサービスセンター羽曳野【通所介護】大阪府羽曳野市古市2271番地114", "url": "https://www.kaigokensaku.mhlw.go.jp/27/index.php?action_kouhyou_detail_004_kani=true&JigyosyoCd=2773800475-00&ServiceCd=150&Type=search", "url2": "http://www.waetsukai.jp/" }, "geometry": { "type": "Point", "coordinates": [ 135.62979340000004, 34.5305135 ] } },
{ "type": "Feature", "properties": { "内容": "ナースぷらすえん通所介護【通所介護】大阪府羽曳野市河原城6-1", "url": "https://www.kaigokensaku.mhlw.go.jp/27/index.php?action_kouhyou_detail_004_kani=true&JigyosyoCd=2773802521-00&ServiceCd=150&Type=search", "url2": "https://nursing-agency-2442.business.site/?utm_source=gmb&utm_medium=referral" }, "geometry": { "type": "Point", "coordinates": [ 135.579471486096509, 34.554966357775264 ] } },
{ "type": "Feature", "properties": { "内容": "アンジュデイサービスセンター【通所介護】大阪府羽曳野市野371番地", "url": "https://www.kaigokensaku.mhlw.go.jp/27/index.php?action_kouhyou_detail_004_kani=true&JigyosyoCd=2773800152-00&ServiceCd=150&Type=search", "url2": "http://www.tokuyou-ange.jp/" }, "geometry": { "type": "Point", "coordinates": [ 135.573267900000019, 34.5612756 ] } },
{ "type": "Feature", "properties": { "内容": "ホープスデイサービスセンター【通所介護】大阪府羽曳野市伊賀３丁目１８番１号", "url": "https://www.kaigokensaku.mhlw.go.jp/27/index.php?action_kouhyou_detail_004_kani=true&JigyosyoCd=2773801606-00&ServiceCd=150&Type=search", "url2": "https://hopes-hopes.jimdo.com/" }, "geometry": { "type": "Point", "coordinates": [ 135.586680600000022, 34.557689900000014 ] } },
{ "type": "Feature", "properties": { "内容": "株式会社元気【通所介護】大阪府羽曳野市西浦６丁目４－１７", "url": "https://www.kaigokensaku.mhlw.go.jp/27/index.php?action_kouhyou_detail_004_kani=true&JigyosyoCd=2773801879-00&ServiceCd=150&Type=search", "url2": null }, "geometry": { "type": "Point", "coordinates": [ 135.598927800000013, 34.5478943 ] } },
{ "type": "Feature", "properties": { "内容": "いやさか【通所介護】大阪府羽曳野市野々上5丁目6番10号", "url": "https://www.kaigokensaku.mhlw.go.jp/27/index.php?action_kouhyou_detail_004_kani=true&JigyosyoCd=2773802596-00&ServiceCd=150&Type=search", "url2": "https://sixbox.co.jp" }, "geometry": { "type": "Point", "coordinates": [ 135.5921137, 34.5622298 ] } },
{ "type": "Feature", "properties": { "内容": "げんき屋デイサービス大和田【通所介護】大阪府門真市宮野町３番１２号", "url": "https://www.kaigokensaku.mhlw.go.jp/27/index.php?action_kouhyou_detail_004_kani=true&JigyosyoCd=2772604662-00&ServiceCd=150&Type=search", "url2": "https://www.genkiya-hd.co.jp/" }, "geometry": { "type": "Point", "coordinates": [ 135.603535599999987, 34.743986 ] } },
{ "type": "Feature", "properties": { "内容": "けいはん医療生活協同組合　みどりデイサービスセンター【通所介護】門真市上島町３８番８号", "url": "https://www.kaigokensaku.mhlw.go.jp/27/index.php?action_kouhyou_detail_004_kani=true&JigyosyoCd=2772600934-00&ServiceCd=150&Type=search", "url2": "http://www.keihan-healthcoop.net/" }, "geometry": { "type": "Point", "coordinates": [ 135.6083605, 34.7466476 ] } },
{ "type": "Feature", "properties": { "内容": "医療法人健康会　デイサービスセンター友遊大和田【通所介護】大阪府門真市常称寺町29-18グラッツア常称寺101号", "url": "https://www.kaigokensaku.mhlw.go.jp/27/index.php?action_kouhyou_detail_004_kani=true&JigyosyoCd=2772602146-00&ServiceCd=150&Type=search", "url2": "https://www.kenkoukai.net" }, "geometry": { "type": "Point", "coordinates": [ 135.602894, 34.7452181 ] } },
{ "type": "Feature", "properties": { "内容": "門真レジデンスひかりデイサービスセンター【通所介護】大阪府門真市北岸和田１－１４－２３", "url": "https://www.kaigokensaku.mhlw.go.jp/27/index.php?action_kouhyou_detail_004_kani=true&JigyosyoCd=2772602476-00&ServiceCd=150&Type=search", "url2": "http://www.hikari.or.jp/" }, "geometry": { "type": "Point", "coordinates": [ 135.618608046032705, 34.737652986116331 ] } },
{ "type": "Feature", "properties": { "内容": "あれぐらデイサービス【通所介護】門真市小路町１０番７号", "url": "https://www.kaigokensaku.mhlw.go.jp/27/index.php?action_kouhyou_detail_004_kani=true&JigyosyoCd=2772601460-00&ServiceCd=150&Type=search", "url2": "http://www.aregura.com" }, "geometry": { "type": "Point", "coordinates": [ 135.579078782174292, 34.739390059252138 ] } },
{ "type": "Feature", "properties": { "内容": "デイサービスハイジ幸福町【通所介護】大阪府門真市幸福町２０番２号", "url": "https://www.kaigokensaku.mhlw.go.jp/27/index.php?action_kouhyou_detail_004_kani=true&JigyosyoCd=2772602393-00&ServiceCd=150&Type=search", "url2": "http://www.haiji1.jp" }, "geometry": { "type": "Point", "coordinates": [ 135.588860350297182, 34.741844623129019 ] } },
{ "type": "Feature", "properties": { "内容": "デイサービス　おもてなし　ハイジ【通所介護】大阪府門真市大倉町15-1", "url": "https://www.kaigokensaku.mhlw.go.jp/27/index.php?action_kouhyou_detail_004_kani=true&JigyosyoCd=2772603300-00&ServiceCd=150&Type=search", "url2": "http://hp.kaipoke.biz/k0r/" }, "geometry": { "type": "Point", "coordinates": [ 135.592512, 34.7449806 ] } },
{ "type": "Feature", "properties": { "内容": "ラフィン・ハーツ門真【通所介護】大阪府門真市下馬伏町9番32号グレイス門真", "url": "https://www.kaigokensaku.mhlw.go.jp/27/index.php?action_kouhyou_detail_004_kani=true&JigyosyoCd=2772602260-00&ServiceCd=150&Type=search", "url2": "http://raffin-hearts.jp/" }, "geometry": { "type": "Point", "coordinates": [ 135.6129082, 34.7276169 ] } },
{ "type": "Feature", "properties": { "内容": "デイサービス　花の里【通所介護】大阪府門真市野里町１２－２１", "url": "https://www.kaigokensaku.mhlw.go.jp/27/index.php?action_kouhyou_detail_004_kani=true&JigyosyoCd=2772603573-00&ServiceCd=150&Type=search", "url2": null }, "geometry": { "type": "Point", "coordinates": [ 135.604792715344274, 34.741743051158792 ] } },
{ "type": "Feature", "properties": { "内容": "デイサービスさくらんぼ【通所介護】大阪府門真市向島町３番１号", "url": "https://www.kaigokensaku.mhlw.go.jp/27/index.php?action_kouhyou_detail_004_kani=true&JigyosyoCd=2772602500-00&ServiceCd=150&Type=search", "url2": null }, "geometry": { "type": "Point", "coordinates": [ 135.581151800000043, 34.7472635 ] } },
{ "type": "Feature", "properties": { "内容": "デイルーム青蓮荘【通所介護】大阪府門真市三ツ島三丁目１３番２５号", "url": "https://www.kaigokensaku.mhlw.go.jp/27/index.php?action_kouhyou_detail_004_kani=true&JigyosyoCd=2772603235-00&ServiceCd=150&Type=search", "url2": "https://www.medi-care.co.jp" }, "geometry": { "type": "Point", "coordinates": [ 135.5952125, 34.713873200000023 ] } },
{ "type": "Feature", "properties": { "内容": "デイセンターリハビリプラザ門真【通所介護】大阪府門真市島頭４丁目８番１号", "url": "https://www.kaigokensaku.mhlw.go.jp/27/index.php?action_kouhyou_detail_004_kani=true&JigyosyoCd=2772601940-00&ServiceCd=150&Type=search", "url2": "https://www.medi-care.co.jp" }, "geometry": { "type": "Point", "coordinates": [ 135.608813599999962, 34.7274831 ] } },
{ "type": "Feature", "properties": { "内容": "なるなるデイサービス【通所介護】大阪府門真市常称寺町26-1-1", "url": "https://www.kaigokensaku.mhlw.go.jp/27/index.php?action_kouhyou_detail_004_kani=true&JigyosyoCd=2772603250-00&ServiceCd=150&Type=search", "url2": "https://www.narunaru-k.com/" }, "geometry": { "type": "Point", "coordinates": [ 135.602703499999961, 34.7447535 ] } },
{ "type": "Feature", "properties": { "内容": "デイサービスマルニ【通所介護】大阪府門真市浜町２３番１号", "url": "https://www.kaigokensaku.mhlw.go.jp/27/index.php?action_kouhyou_detail_004_kani=true&JigyosyoCd=2772603615-00&ServiceCd=150&Type=search", "url2": null }, "geometry": { "type": "Point", "coordinates": [ 135.586423599999989, 34.7459887 ] } },
{ "type": "Feature", "properties": { "内容": "ロータス　デイサービスはすゆめ【通所介護】大阪府門真市堂山町25番15号地域密着型介護老人福祉施設はすゆめ　5階", "url": "https://www.kaigokensaku.mhlw.go.jp/27/index.php?action_kouhyou_detail_004_kani=true&JigyosyoCd=2772603136-00&ServiceCd=150&Type=search", "url2": "http://www.kadomasou.jp" }, "geometry": { "type": "Point", "coordinates": [ 135.579457242538496, 34.744431246691576 ] } },
{ "type": "Feature", "properties": { "内容": "デイサービスセンター四宮三養苑【通所介護】大阪府門真市四宮5丁目4番22号", "url": "https://www.kaigokensaku.mhlw.go.jp/27/index.php?action_kouhyou_detail_004_kani=true&JigyosyoCd=2772602419-00&ServiceCd=150&Type=search", "url2": "http://www.sanyofukushikai.com/" }, "geometry": { "type": "Point", "coordinates": [ 135.615506988360607, 34.733313165809975 ] } },
{ "type": "Feature", "properties": { "内容": "デイサービスセンター・三養苑【通所介護】大阪府門真市桑才町19番25号　特別養護老人ホーム三養苑内", "url": "https://www.kaigokensaku.mhlw.go.jp/27/index.php?action_kouhyou_detail_004_kani=true&JigyosyoCd=2772600306-00&ServiceCd=150&Type=search", "url2": "http://www.sanyofukushikai.com" }, "geometry": { "type": "Point", "coordinates": [ 135.591796384380984, 34.722306109993568 ] } },
{ "type": "Feature", "properties": { "内容": "デイサービスセンター智鳥【通所介護】大阪府門真市北島町12番20号", "url": "https://www.kaigokensaku.mhlw.go.jp/27/index.php?action_kouhyou_detail_004_kani=true&JigyosyoCd=2772600165-00&ServiceCd=150&Type=search", "url2": "https://www.chidori.or.jp/" }, "geometry": { "type": "Point", "coordinates": [ 135.594329977909837, 34.723401537699552 ] } },
{ "type": "Feature", "properties": { "内容": "デイサービス　ブドウ【通所介護】大阪府門真市島頭4-11-11", "url": "https://www.kaigokensaku.mhlw.go.jp/27/index.php?action_kouhyou_detail_004_kani=true&JigyosyoCd=2772602898-00&ServiceCd=150&Type=search", "url2": "http://budou.osaka-christ.or.jp" }, "geometry": { "type": "Point", "coordinates": [ 135.607783199999972, 34.7282052 ] } },
{ "type": "Feature", "properties": { "内容": "デイサービス　めばえ【通所介護】門真市浜町25-7", "url": "https://www.kaigokensaku.mhlw.go.jp/27/index.php?action_kouhyou_detail_004_kani=true&JigyosyoCd=2772601924-00&ServiceCd=150&Type=search", "url2": null }, "geometry": { "type": "Point", "coordinates": [ 135.5868041, 34.7471886 ] } },
{ "type": "Feature", "properties": { "内容": "デイサービス和楽【通所介護】大阪府門真市沖町２５番９号", "url": "https://www.kaigokensaku.mhlw.go.jp/27/index.php?action_kouhyou_detail_004_kani=true&JigyosyoCd=2772601221-00&ServiceCd=150&Type=search", "url2": "https://waraku-care.jp" }, "geometry": { "type": "Point", "coordinates": [ 135.603766800000017, 34.7312409 ] } },
{ "type": "Feature", "properties": { "内容": "パナソニックエイジフリーケアセンター・なみはやデイサービス【通所介護】門真市常称寺町10-1", "url": "https://www.kaigokensaku.mhlw.go.jp/27/index.php?action_kouhyou_detail_004_kani=true&JigyosyoCd=2772601981-00&ServiceCd=150&Type=search", "url2": "http://panasonic.co.jp/hcc/phcasv/" }, "geometry": { "type": "Point", "coordinates": [ 135.599569699999961, 34.7449114 ] } },
{ "type": "Feature", "properties": { "内容": "デイサービス　みかんの家【通所介護】大阪府門真市岸和田4-7-15", "url": "https://www.kaigokensaku.mhlw.go.jp/27/index.php?action_kouhyou_detail_004_kani=true&JigyosyoCd=2772602252-00&ServiceCd=150&Type=search", "url2": null }, "geometry": { "type": "Point", "coordinates": [ 135.623734399999989, 34.7222561 ] } },
{ "type": "Feature", "properties": { "内容": "おふくろデイサービス【通所介護】大阪府門真市巣本町2-14", "url": "https://www.kaigokensaku.mhlw.go.jp/27/index.php?action_kouhyou_detail_004_kani=true&JigyosyoCd=2772602633-00&ServiceCd=150&Type=search", "url2": null }, "geometry": { "type": "Point", "coordinates": [ 135.618862300000018, 34.74002680000001 ] } },
{ "type": "Feature", "properties": { "内容": "デイサービス　りんく門真【通所介護】門真市五月田町30番7号", "url": "https://www.kaigokensaku.mhlw.go.jp/27/index.php?action_kouhyou_detail_004_kani=true&JigyosyoCd=2772600785-00&ServiceCd=150&Type=search", "url2": null }, "geometry": { "type": "Point", "coordinates": [ 135.597246798728321, 34.728606584312814 ] } },
{ "type": "Feature", "properties": { "内容": "なるなるデイサービスなるビル【通所介護】大阪府門真市宮野町2-3なるビル2階", "url": "https://www.kaigokensaku.mhlw.go.jp/27/index.php?action_kouhyou_detail_004_kani=true&JigyosyoCd=2772604563-00&ServiceCd=150&Type=search", "url2": "https://www.narunaru-k.com" }, "geometry": { "type": "Point", "coordinates": [ 135.602863413491832, 34.743702195928485 ] } },
{ "type": "Feature", "properties": { "内容": "デイサービスぽぽ【通所介護】大阪府門真市ひえ島町18番18号", "url": "https://www.kaigokensaku.mhlw.go.jp/27/index.php?action_kouhyou_detail_004_kani=true&JigyosyoCd=2772604514-00&ServiceCd=150&Type=search", "url2": "https://www.kabushikigaishapopo.com/" }, "geometry": { "type": "Point", "coordinates": [ 135.58995010000001, 34.7184601 ] } },
{ "type": "Feature", "properties": { "内容": "はるかの郷　通所介護事業所【通所介護】大阪府門真市柳田町27番21号", "url": "https://www.kaigokensaku.mhlw.go.jp/27/index.php?action_kouhyou_detail_004_kani=true&JigyosyoCd=2772600439-00&ServiceCd=150&Type=search", "url2": "http://www.eastroad.jp/" }, "geometry": { "type": "Point", "coordinates": [ 135.5922142, 34.728867600000015 ] } },
{ "type": "Feature", "properties": { "内容": "デイサービスセンター　門真千寿園【通所介護】大阪府門真市野口822", "url": "https://www.kaigokensaku.mhlw.go.jp/27/index.php?action_kouhyou_detail_004_kani=true&JigyosyoCd=2772600900-00&ServiceCd=150&Type=search", "url2": null }, "geometry": { "type": "Point", "coordinates": [ 135.6047112, 34.7280107 ] } },
{ "type": "Feature", "properties": { "内容": "SOMPOケア門真光の森デイサービス【通所介護】大阪府門真市岸和田2-16-10", "url": "https://www.kaigokensaku.mhlw.go.jp/27/index.php?action_kouhyou_detail_004_kani=true&JigyosyoCd=2772603714-00&ServiceCd=150&Type=search", "url2": "https://www.sompocare.com/service/zaitaku/dayservice/Z000615/" }, "geometry": { "type": "Point", "coordinates": [ 135.618869600000039, 34.7297055 ] } },
{ "type": "Feature", "properties": { "内容": "ポラリスデイサービスセンター門真上島【通所介護】大阪府門真市上島町5-22", "url": "https://www.kaigokensaku.mhlw.go.jp/27/index.php?action_kouhyou_detail_004_kani=true&JigyosyoCd=2772604183-00&ServiceCd=150&Type=search", "url2": null }, "geometry": { "type": "Point", "coordinates": [ 135.612353, 34.7429094 ] } },
{ "type": "Feature", "properties": { "内容": "リールデイサービス門真【通所介護】大阪府門真市江端町13-13", "url": "https://www.kaigokensaku.mhlw.go.jp/27/index.php?action_kouhyou_detail_004_kani=true&JigyosyoCd=2772603417-00&ServiceCd=150&Type=search", "url2": "http://www.rirestage.co.jp" }, "geometry": { "type": "Point", "coordinates": [ 135.617997832154856, 34.722351580501851 ] } },
{ "type": "Feature", "properties": { "内容": "芭食サービスくつろぎ石原町【通所介護】大阪府門真市石原町5-21", "url": "https://www.kaigokensaku.mhlw.go.jp/27/index.php?action_kouhyou_detail_004_kani=true&JigyosyoCd=2772600884-00&ServiceCd=150&Type=search", "url2": "http://hanashoku-service.com/" }, "geometry": { "type": "Point", "coordinates": [ 135.5917399, 34.7433808 ] } },
{ "type": "Feature", "properties": { "内容": "リハビリ特化型デイサービス　リ・ハート【通所介護】大阪府門真市東江端町1-11", "url": "https://www.kaigokensaku.mhlw.go.jp/27/index.php?action_kouhyou_detail_004_kani=true&JigyosyoCd=2772603532-00&ServiceCd=150&Type=search", "url2": "http://www.ranneiday.com/" }, "geometry": { "type": "Point", "coordinates": [ 135.618588044789988, 34.722593184141928 ] } },
{ "type": "Feature", "properties": { "内容": "サンいぶきデイサービス【通所介護】大阪府門真市幸福町1番20号", "url": "https://www.kaigokensaku.mhlw.go.jp/27/index.php?action_kouhyou_detail_004_kani=true&JigyosyoCd=2772604712-00&ServiceCd=150&Type=search", "url2": null }, "geometry": { "type": "Point", "coordinates": [ 135.590496533100492, 34.740002594648274 ] } },
{ "type": "Feature", "properties": { "内容": "デイサービス結　朝日町【通所介護】大阪府門真市朝日町11-10", "url": "https://www.kaigokensaku.mhlw.go.jp/27/index.php?action_kouhyou_detail_004_kani=true&JigyosyoCd=2772603102-00&ServiceCd=150&Type=search", "url2": "http://yui-group.jp" }, "geometry": { "type": "Point", "coordinates": [ 135.6074008, 34.7472807 ] } },
{ "type": "Feature", "properties": { "内容": "アシストリハビリデイサービス【通所介護】大阪府門真市三ツ島１丁目3-4", "url": "https://www.kaigokensaku.mhlw.go.jp/27/index.php?action_kouhyou_detail_004_kani=true&JigyosyoCd=2772603789-00&ServiceCd=150&Type=search", "url2": "https://assist-reha.jp" }, "geometry": { "type": "Point", "coordinates": [ 135.59319411481934, 34.721982288883247 ] } },
{ "type": "Feature", "properties": { "内容": "うちだデイサービスセンター【通所介護】大阪府門真市垣内町3-16", "url": "https://www.kaigokensaku.mhlw.go.jp/27/index.php?action_kouhyou_detail_004_kani=true&JigyosyoCd=2772603441-00&ServiceCd=150&Type=search", "url2": null }, "geometry": { "type": "Point", "coordinates": [ 135.5932163, 34.7410609 ] } },
{ "type": "Feature", "properties": { "内容": "デイサービス笑楽　門真【通所介護】大阪府門真市下馬伏町9番34号デイサービス笑楽", "url": "https://www.kaigokensaku.mhlw.go.jp/27/index.php?action_kouhyou_detail_004_kani=true&JigyosyoCd=2772603029-00&ServiceCd=150&Type=search", "url2": "http://わらく.com/" }, "geometry": { "type": "Point", "coordinates": [ 135.612926600000037, 34.7276428 ] } },
{ "type": "Feature", "properties": { "内容": "デイサービスはなのき　摂津【通所介護】大阪府摂津市鳥飼中一丁目4番3号", "url": "https://www.kaigokensaku.mhlw.go.jp/27/index.php?action_kouhyou_detail_004_kani=true&JigyosyoCd=2773701533-00&ServiceCd=150&Type=search", "url2": null }, "geometry": { "type": "Point", "coordinates": [ 135.5925401, 34.7814265 ] } },
{ "type": "Feature", "properties": { "内容": "摂津市保健センター通所介護事業所【通所介護】大阪府摂津市南千里丘5-30", "url": "https://www.kaigokensaku.mhlw.go.jp/27/index.php?action_kouhyou_detail_004_kani=true&JigyosyoCd=2773700329-00&ServiceCd=150&Type=search", "url2": "http://settsu-hoken-c.or.jp" }, "geometry": { "type": "Point", "coordinates": [ 135.554439600000023, 34.785883 ] } },
{ "type": "Feature", "properties": { "内容": "千里丘いやし園デイサービスセンター【通所介護】大阪府摂津市千里丘東2丁目14番13号", "url": "https://www.kaigokensaku.mhlw.go.jp/27/index.php?action_kouhyou_detail_004_kani=true&JigyosyoCd=2773701558-00&ServiceCd=150&Type=search", "url2": "https://iyashien.com/" }, "geometry": { "type": "Point", "coordinates": [ 135.554616399999986, 34.790872700000023 ] } },
{ "type": "Feature", "properties": { "内容": "摂津いやし園デイサービスセンター【通所介護】大阪府摂津市鳥飼下１－１３－７", "url": "https://www.kaigokensaku.mhlw.go.jp/27/index.php?action_kouhyou_detail_004_kani=true&JigyosyoCd=2773700154-00&ServiceCd=150&Type=search", "url2": "https://iyashien.com" }, "geometry": { "type": "Point", "coordinates": [ 135.587633899999986, 34.7766378 ] } },
{ "type": "Feature", "properties": { "内容": "デイサービスセンターせっつ桜苑【通所介護】大阪府摂津市桜町1丁目1番11号せっつ桜苑", "url": "https://www.kaigokensaku.mhlw.go.jp/27/index.php?action_kouhyou_detail_004_kani=true&JigyosyoCd=2773701111-00&ServiceCd=150&Type=search", "url2": "https://swc-seikouen.jp/settsu-sakuraen/" }, "geometry": { "type": "Point", "coordinates": [ 135.56016969999996, 34.7884856 ] } },
{ "type": "Feature", "properties": { "内容": "摂津特養ひかりデイサービスセンター【通所介護】摂津市鳥飼八防2-7-12", "url": "https://www.kaigokensaku.mhlw.go.jp/27/index.php?action_kouhyou_detail_004_kani=true&JigyosyoCd=2773700584-00&ServiceCd=150&Type=search", "url2": "https://settsu-tokuyou-hikari.jp/" }, "geometry": { "type": "Point", "coordinates": [ 135.573374100000024, 34.7695632 ] } },
{ "type": "Feature", "properties": { "内容": "デイサービスセンターとりかい白鷺園【通所介護】大阪府摂津市鳥飼中１丁目１９番８号", "url": "https://www.kaigokensaku.mhlw.go.jp/27/index.php?action_kouhyou_detail_004_kani=true&JigyosyoCd=2773700204-00&ServiceCd=150&Type=search", "url2": "http://www.shirasagien.com" }, "geometry": { "type": "Point", "coordinates": [ 135.5914252, 34.7798598 ] } },
{ "type": "Feature", "properties": { "内容": "リハビリセンターayumi千里丘【通所介護】大阪府摂津市千里丘6-5-5エイジングコート千里丘1F", "url": "https://www.kaigokensaku.mhlw.go.jp/27/index.php?action_kouhyou_detail_004_kani=true&JigyosyoCd=2773701640-00&ServiceCd=150&Type=search", "url2": null }, "geometry": { "type": "Point", "coordinates": [ 135.5397168, 34.7856213 ] } },
{ "type": "Feature", "properties": { "内容": "デイサービスやわらぎ【通所介護】大阪府摂津市別府1-17-1ルーラルベフ101", "url": "https://www.kaigokensaku.mhlw.go.jp/27/index.php?action_kouhyou_detail_004_kani=true&JigyosyoCd=2773701038-00&ServiceCd=150&Type=search", "url2": "http://hp.kaipoke.biz/ewk/" }, "geometry": { "type": "Point", "coordinates": [ 135.55636578161463, 34.765611940950407 ] } },
{ "type": "Feature", "properties": { "内容": "シニアハウス花みずきデイサービス【通所介護】大阪府摂津市東一津屋１２番５号", "url": "https://www.kaigokensaku.mhlw.go.jp/27/index.php?action_kouhyou_detail_004_kani=true&JigyosyoCd=2763790033-00&ServiceCd=150&Type=search", "url2": "http://www.s-hanamizuki.net/" }, "geometry": { "type": "Point", "coordinates": [ 135.569910599999957, 34.7655081 ] } },
{ "type": "Feature", "properties": { "内容": "デイサービス希楽瞳輝　鳥飼館【通所介護】大阪府摂津市鳥飼下3-35-14デイサービス希楽瞳輝　鳥飼館", "url": "https://www.kaigokensaku.mhlw.go.jp/27/index.php?action_kouhyou_detail_004_kani=true&JigyosyoCd=2773700832-00&ServiceCd=150&Type=search", "url2": null }, "geometry": { "type": "Point", "coordinates": [ 135.5841637, 34.771468 ] } },
{ "type": "Feature", "properties": { "内容": "オレンジハウス　デイサービス【通所介護】大阪府摂津市千里丘2-11-4", "url": "https://www.kaigokensaku.mhlw.go.jp/27/index.php?action_kouhyou_detail_004_kani=true&JigyosyoCd=2773701475-00&ServiceCd=150&Type=search", "url2": "https://www.instagram.com/orangehouse_osaka/" }, "geometry": { "type": "Point", "coordinates": [ 135.547690200000034, 34.789963 ] } },
{ "type": "Feature", "properties": { "内容": "ツクイ摂津別府【通所介護】大阪府摂津市別府2丁目30-28", "url": "https://www.kaigokensaku.mhlw.go.jp/27/index.php?action_kouhyou_detail_004_kani=true&JigyosyoCd=2773701269-00&ServiceCd=150&Type=search", "url2": "http://www.tsukui.net/search/2617/detail.html" }, "geometry": { "type": "Point", "coordinates": [ 135.552703899999983, 34.7613778 ] } },
{ "type": "Feature", "properties": { "内容": "デイサービス希楽瞳輝　南せっつ館【通所介護】大阪府摂津市一津屋1-32-18", "url": "https://www.kaigokensaku.mhlw.go.jp/27/index.php?action_kouhyou_detail_004_kani=true&JigyosyoCd=2773700964-00&ServiceCd=150&Type=search", "url2": "https://www.day-kirameki.com/minami/index.html" }, "geometry": { "type": "Point", "coordinates": [ 135.5668229, 34.762242 ] } },
{ "type": "Feature", "properties": { "内容": "ブルーミングケア大阪摂津【通所介護】大阪府摂津市別府3丁目4-10", "url": "https://www.kaigokensaku.mhlw.go.jp/27/index.php?action_kouhyou_detail_004_kani=true&JigyosyoCd=2773701780-00&ServiceCd=150&Type=search", "url2": "https://www.emiu.co.jp" }, "geometry": { "type": "Point", "coordinates": [ 135.551664206745897, 34.767037860743301 ] } },
{ "type": "Feature", "properties": { "内容": "デイサービスいきいき工房極【通所介護】大阪府高石市千代田3-8-28", "url": "https://www.kaigokensaku.mhlw.go.jp/27/index.php?action_kouhyou_detail_004_kani=true&JigyosyoCd=2775301555-00&ServiceCd=150&Type=search", "url2": null }, "geometry": { "type": "Point", "coordinates": [ 135.4303708, 34.520542400000011 ] } },
{ "type": "Feature", "properties": { "内容": "デイサービスいきいき工房高石【通所介護】大阪府高石市綾園１－１２－２１", "url": "https://www.kaigokensaku.mhlw.go.jp/27/index.php?action_kouhyou_detail_004_kani=true&JigyosyoCd=2775301084-00&ServiceCd=150&Type=search", "url2": null }, "geometry": { "type": "Point", "coordinates": [ 135.433042367459166, 34.520182582428895 ] } },
{ "type": "Feature", "properties": { "内容": "ケアパートナー高石【通所介護】大阪府高石市西取石8-6-25", "url": "https://www.kaigokensaku.mhlw.go.jp/27/index.php?action_kouhyou_detail_004_kani=true&JigyosyoCd=2775301191-00&ServiceCd=150&Type=search", "url2": "https://www.care-partner.com/" }, "geometry": { "type": "Point", "coordinates": [ 135.439304, 34.516166 ] } },
{ "type": "Feature", "properties": { "内容": "デイサービス蝶ちょ【通所介護】大阪府高石市千代田１－２５－１５", "url": "https://www.kaigokensaku.mhlw.go.jp/27/index.php?action_kouhyou_detail_004_kani=true&JigyosyoCd=2775300755-00&ServiceCd=150&Type=search", "url2": "http://www.ryoshukai.or.jp" }, "geometry": { "type": "Point", "coordinates": [ 135.430395099999942, 34.5220474 ] } },
{ "type": "Feature", "properties": { "内容": "ツクイ　高石羽衣　デイサービスセンター【通所介護】大阪府高石市羽衣5-16-8", "url": "https://www.kaigokensaku.mhlw.go.jp/27/index.php?action_kouhyou_detail_004_kani=true&JigyosyoCd=2775300821-00&ServiceCd=150&Type=search", "url2": "http://www.tsukui.net/" }, "geometry": { "type": "Point", "coordinates": [ 135.437541499999952, 34.5282607 ] } },
{ "type": "Feature", "properties": { "内容": "ビーナスプラス高石【通所介護】大阪府高石市綾園2丁目14番2号", "url": "https://www.kaigokensaku.mhlw.go.jp/27/index.php?action_kouhyou_detail_004_kani=true&JigyosyoCd=2775301225-00&ServiceCd=150&Type=search", "url2": null }, "geometry": { "type": "Point", "coordinates": [ 135.4361391, 34.5201449 ] } },
{ "type": "Feature", "properties": { "内容": "ちゅーりっぷ【通所介護】大阪府高石市西取石３丁目５番１０号", "url": "https://www.kaigokensaku.mhlw.go.jp/27/index.php?action_kouhyou_detail_004_kani=true&JigyosyoCd=2775301357-00&ServiceCd=150&Type=search", "url2": null }, "geometry": { "type": "Point", "coordinates": [ 135.446180567321051, 34.523157549039695 ] } },
{ "type": "Feature", "properties": { "内容": "デイサービスセンタークレール【通所介護】大阪府高石市西取石５丁目３番１３号", "url": "https://www.kaigokensaku.mhlw.go.jp/27/index.php?action_kouhyou_detail_004_kani=true&JigyosyoCd=2775300615-00&ServiceCd=150&Type=search", "url2": "https://fukushokai.org/" }, "geometry": { "type": "Point", "coordinates": [ 135.44707429999994, 34.5180231 ] } },
{ "type": "Feature", "properties": { "内容": "デイサービスセンターたかいし苑【通所介護】大阪府高石市取石３丁目４番７３号", "url": "https://www.kaigokensaku.mhlw.go.jp/27/index.php?action_kouhyou_detail_004_kani=true&JigyosyoCd=2775300128-00&ServiceCd=150&Type=search", "url2": "https://fukushokai.org/" }, "geometry": { "type": "Point", "coordinates": [ 135.450887800000032, 34.5188203 ] } },
{ "type": "Feature", "properties": { "内容": "デイサービス　ケアプラス鳳【通所介護】大阪府高石市取石2丁目48番16号", "url": "https://www.kaigokensaku.mhlw.go.jp/27/index.php?action_kouhyou_detail_004_kani=true&JigyosyoCd=2775301266-00&ServiceCd=150&Type=search", "url2": "https://www.care-otori.com/" }, "geometry": { "type": "Point", "coordinates": [ 135.4567222, 34.5203627 ] } },
{ "type": "Feature", "properties": { "内容": "デイサービスセンター和【通所介護】大阪府高石市西取石３丁６番２１号", "url": "https://www.kaigokensaku.mhlw.go.jp/27/index.php?action_kouhyou_detail_004_kani=true&JigyosyoCd=2775301217-00&ServiceCd=150&Type=search", "url2": "http://nagomi-tkb.byoinnavi.jp/pc/" }, "geometry": { "type": "Point", "coordinates": [ 135.44423, 34.5231364 ] } },
{ "type": "Feature", "properties": { "内容": "デイサービスあんず高石【通所介護】大阪府高石市西取石7丁目10-12", "url": "https://www.kaigokensaku.mhlw.go.jp/27/index.php?action_kouhyou_detail_004_kani=true&JigyosyoCd=2775300854-00&ServiceCd=150&Type=search", "url2": "http://www.apricot-web.co.jp/" }, "geometry": { "type": "Point", "coordinates": [ 135.441724900000054, 34.5144512 ] } },
{ "type": "Feature", "properties": { "内容": "co-workCATS(creativeandactivetrainingstudio)【通所介護】大阪府高石市西取石5-1-1セラフィーメゾン101", "url": "https://www.kaigokensaku.mhlw.go.jp/27/index.php?action_kouhyou_detail_004_kani=true&JigyosyoCd=2775301407-00&ServiceCd=150&Type=search", "url2": "https://www.co-work.life/" }, "geometry": { "type": "Point", "coordinates": [ 135.447694, 34.51939 ] } },
{ "type": "Feature", "properties": { "内容": "デイサービス　ソラスト高石【通所介護】大阪府高石市加茂四丁目10番9号", "url": "https://www.kaigokensaku.mhlw.go.jp/27/index.php?action_kouhyou_detail_004_kani=true&JigyosyoCd=2775300664-00&ServiceCd=150&Type=search", "url2": "https://solasto-kaigo.com/care/area/solastotakaishi.html" }, "geometry": { "type": "Point", "coordinates": [ 135.44168030000003, 34.5189451 ] } },
{ "type": "Feature", "properties": { "内容": "デイサービスりおん【通所介護】大阪府高石市東羽衣3丁目5番11号", "url": "https://www.kaigokensaku.mhlw.go.jp/27/index.php?action_kouhyou_detail_004_kani=true&JigyosyoCd=2775301746-00&ServiceCd=150&Type=search", "url2": null }, "geometry": { "type": "Point", "coordinates": [ 135.442285, 34.5338808 ] } },
{ "type": "Feature", "properties": { "内容": "おたふくDays【通所介護】大阪府藤井寺市春日丘２丁目19-2", "url": "https://www.kaigokensaku.mhlw.go.jp/27/index.php?action_kouhyou_detail_004_kani=true&JigyosyoCd=2773401985-00&ServiceCd=150&Type=search", "url2": "https://otafuku-care.com/" }, "geometry": { "type": "Point", "coordinates": [ 135.591398199999986, 34.5662164 ] } },
{ "type": "Feature", "properties": { "内容": "リハビリテーションデイ　アクティブ・ラヴィ【通所介護】大阪府藤井寺市沢田一丁目３０番２３号", "url": "https://www.kaigokensaku.mhlw.go.jp/27/index.php?action_kouhyou_detail_004_kani=true&JigyosyoCd=2773401712-00&ServiceCd=150&Type=search", "url2": null }, "geometry": { "type": "Point", "coordinates": [ 135.605239500000039, 34.5739052 ] } },
{ "type": "Feature", "properties": { "内容": "アクティブ・ラヴィ　小山【通所介護】大阪府藤井寺市小山9-16-10", "url": "https://www.kaigokensaku.mhlw.go.jp/27/index.php?action_kouhyou_detail_004_kani=true&JigyosyoCd=2773402025-00&ServiceCd=150&Type=search", "url2": null }, "geometry": { "type": "Point", "coordinates": [ 135.6013197, 34.5780547 ] } },
{ "type": "Feature", "properties": { "内容": "デイサービス元気藤井寺【通所介護】大阪府藤井寺市古室１丁目９－２７エスポワール古室", "url": "https://www.kaigokensaku.mhlw.go.jp/27/index.php?action_kouhyou_detail_004_kani=true&JigyosyoCd=2773401050-00&ServiceCd=150&Type=search", "url2": "http://www.genki-5301.com/company" }, "geometry": { "type": "Point", "coordinates": [ 135.60818919999997, 34.5705112 ] } },
{ "type": "Feature", "properties": { "内容": "青山デイサービス道明寺【通所介護】大阪府藤井寺市道明寺5-3-11", "url": "https://www.kaigokensaku.mhlw.go.jp/27/index.php?action_kouhyou_detail_004_kani=true&JigyosyoCd=2773400706-00&ServiceCd=150&Type=search", "url2": "http://www.aoyama-care.jp" }, "geometry": { "type": "Point", "coordinates": [ 135.6141192, 34.5660397 ] } },
{ "type": "Feature", "properties": { "内容": "デイルーム沢田【通所介護】大阪府藤井寺市林二丁目７番３５号", "url": "https://www.kaigokensaku.mhlw.go.jp/27/index.php?action_kouhyou_detail_004_kani=true&JigyosyoCd=2773401795-00&ServiceCd=150&Type=search", "url2": "https://medi-care.co.jp/" }, "geometry": { "type": "Point", "coordinates": [ 135.607353500000045, 34.5766194 ] } },
{ "type": "Feature", "properties": { "内容": "デイセンターリハビリプラザ小山【通所介護】大阪府藤井寺市小山７丁目１番５号", "url": "https://www.kaigokensaku.mhlw.go.jp/27/index.php?action_kouhyou_detail_004_kani=true&JigyosyoCd=2773400516-00&ServiceCd=150&Type=search", "url2": "https://www.medi-care.co.jp" }, "geometry": { "type": "Point", "coordinates": [ 135.598695799999973, 34.5734023 ] } },
{ "type": "Feature", "properties": { "内容": "デイサービスセンターつどうホール【通所介護】大阪府藤井寺市小山３丁目１５１番地の1", "url": "https://www.kaigokensaku.mhlw.go.jp/27/index.php?action_kouhyou_detail_004_kani=true&JigyosyoCd=2773400391-00&ServiceCd=150&Type=search", "url2": "http://www.misasagikai.or.jp/" }, "geometry": { "type": "Point", "coordinates": [ 135.587791299999907, 34.5816763 ] } },
{ "type": "Feature", "properties": { "内容": "デイサービスステップ【通所介護】大阪府藤井寺市野中1丁目44番地の11在宅複合施設ステップ1階", "url": "https://www.kaigokensaku.mhlw.go.jp/27/index.php?action_kouhyou_detail_004_kani=true&JigyosyoCd=2773401183-00&ServiceCd=150&Type=search", "url2": "http://aoyama-med.gr.jp/ontoku-welfare/" }, "geometry": { "type": "Point", "coordinates": [ 135.603159399999981, 34.5612899 ] } },
{ "type": "Feature", "properties": { "内容": "ビーナスプラス藤井寺【通所介護】大阪府藤井寺市林3丁目12-10", "url": "https://www.kaigokensaku.mhlw.go.jp/27/index.php?action_kouhyou_detail_004_kani=true&JigyosyoCd=2773401761-00&ServiceCd=150&Type=search", "url2": null }, "geometry": { "type": "Point", "coordinates": [ 135.610822800000051, 34.5767439 ] } },
{ "type": "Feature", "properties": { "内容": "デイサービスセンターどうみょうじ高殿苑【通所介護】大阪府藤井寺市道明寺３－２－２", "url": "https://www.kaigokensaku.mhlw.go.jp/27/index.php?action_kouhyou_detail_004_kani=true&JigyosyoCd=2773400805-00&ServiceCd=150&Type=search", "url2": "http://www.houjukai.jp" }, "geometry": { "type": "Point", "coordinates": [ 135.620468399999936, 34.5662843 ] } },
{ "type": "Feature", "properties": { "内容": "リハビリデイサービスひらき【通所介護】大阪府藤井寺市大井5-1-13", "url": "https://www.kaigokensaku.mhlw.go.jp/27/index.php?action_kouhyou_detail_004_kani=true&JigyosyoCd=2773401746-00&ServiceCd=150&Type=search", "url2": null }, "geometry": { "type": "Point", "coordinates": [ 135.612548800000013, 34.5799189 ] } },
{ "type": "Feature", "properties": { "内容": "藤井寺デイサービスセンター【通所介護】大阪府藤井寺市藤井寺4-11-7", "url": "https://www.kaigokensaku.mhlw.go.jp/27/index.php?action_kouhyou_detail_004_kani=true&JigyosyoCd=2773400136-00&ServiceCd=150&Type=search", "url2": "http://www.misasagikai.or.jp" }, "geometry": { "type": "Point", "coordinates": [ 135.595890700000041, 34.5651892 ] } },
{ "type": "Feature", "properties": { "内容": "介護事業所　可児　デイサービス【通所介護】大阪府藤井寺市藤ヶ丘4-6-20", "url": "https://www.kaigokensaku.mhlw.go.jp/27/index.php?action_kouhyou_detail_004_kani=true&JigyosyoCd=2773400268-00&ServiceCd=150&Type=search", "url2": "http://www.kaniiin.or.jp/kaigo/care_management.htm" }, "geometry": { "type": "Point", "coordinates": [ 135.5971045, 34.5630978 ] } },
{ "type": "Feature", "properties": { "内容": "通所介護ル・ボワ【通所介護】大阪府藤井寺市林4-8-2", "url": "https://www.kaigokensaku.mhlw.go.jp/27/index.php?action_kouhyou_detail_004_kani=true&JigyosyoCd=2773401993-00&ServiceCd=150&Type=search", "url2": null }, "geometry": { "type": "Point", "coordinates": [ 135.61272360000001, 34.5742877 ] } },
{ "type": "Feature", "properties": { "内容": "デイサービスはなのき布施【通所介護】大阪府東大阪市岸田堂南町12番20号1階", "url": "https://www.kaigokensaku.mhlw.go.jp/27/index.php?action_kouhyou_detail_004_kani=true&JigyosyoCd=2775016773-00&ServiceCd=150&Type=search", "url2": "https://ktc-hananoki.com/facilities/F-fuse.html" }, "geometry": { "type": "Point", "coordinates": [ 135.5633819, 34.6547506 ] } },
{ "type": "Feature", "properties": { "内容": "デイサービスはなまるの湯　東大阪店【通所介護】大阪府東大阪市長栄寺7-5グランパセオサウス1階", "url": "https://www.kaigokensaku.mhlw.go.jp/27/index.php?action_kouhyou_detail_004_kani=true&JigyosyoCd=2775015809-00&ServiceCd=150&Type=search", "url2": "https://hanamaru2002.com/day_service/" }, "geometry": { "type": "Point", "coordinates": [ 135.571482382139578, 34.66487130985346 ] } },
{ "type": "Feature", "properties": { "内容": "エルケア株式会社エルケアデイサービス若江岩田【通所介護】大阪府東大阪市瓜生堂2-6-23", "url": "https://www.kaigokensaku.mhlw.go.jp/27/index.php?action_kouhyou_detail_004_kani=true&JigyosyoCd=2775014257-00&ServiceCd=150&Type=search", "url2": "https://www.l-care.jp/" }, "geometry": { "type": "Point", "coordinates": [ 135.603495800000019, 34.66046 ] } },
{ "type": "Feature", "properties": { "内容": "デイサービスきたえるーむ東大阪石切【通所介護】大阪府東大阪市西石切町1-5-17パルティール新石切1階", "url": "https://www.kaigokensaku.mhlw.go.jp/27/index.php?action_kouhyou_detail_004_kani=true&JigyosyoCd=2775012863-00&ServiceCd=150&Type=search", "url2": "http://kitaeroom.com/" }, "geometry": { "type": "Point", "coordinates": [ 135.643669600000067, 34.6805028 ] } },
{ "type": "Feature", "properties": { "内容": "ヒューマンライフケア　大蓮の湯【通所介護】大阪府東大阪市大蓮東3-14-10グローズコート大蓮東1階", "url": "https://www.kaigokensaku.mhlw.go.jp/27/index.php?action_kouhyou_detail_004_kani=true&JigyosyoCd=2775009588-00&ServiceCd=150&Type=search", "url2": "http://hlc.athuman.com" }, "geometry": { "type": "Point", "coordinates": [ 135.583926099999985, 34.6359121 ] } },
{ "type": "Feature", "properties": { "内容": "ポシブル八戸ノ里【通所介護】大阪府東大阪市御厨東2-1-6", "url": "https://www.kaigokensaku.mhlw.go.jp/27/index.php?action_kouhyou_detail_004_kani=true&JigyosyoCd=2775009018-00&ServiceCd=150&Type=search", "url2": "http://www.possible-plus.co.jp" }, "geometry": { "type": "Point", "coordinates": [ 135.594921500000027, 34.6654205 ] } },
{ "type": "Feature", "properties": { "内容": "デイサービスロクマ【通所介護】大阪府東大阪市足代新町14-8ロクマコート４Ｆ", "url": "https://www.kaigokensaku.mhlw.go.jp/27/index.php?action_kouhyou_detail_004_kani=true&JigyosyoCd=2775009158-00&ServiceCd=150&Type=search", "url2": "https://lokma-kaigo.com/" }, "geometry": { "type": "Point", "coordinates": [ 135.5586303, 34.6648142 ] } },
{ "type": "Feature", "properties": { "内容": "医療法人隆星会デイサービスオアシス長瀬【通所介護】大阪府東大阪市小若江2-16-12", "url": "https://www.kaigokensaku.mhlw.go.jp/27/index.php?action_kouhyou_detail_004_kani=true&JigyosyoCd=2775010990-00&ServiceCd=150&Type=search", "url2": "http://oasisgroup.or.jp/" }, "geometry": { "type": "Point", "coordinates": [ 135.585373035581938, 34.64774231797999 ] } },
{ "type": "Feature", "properties": { "内容": "リハビリ特化型デイサービス　カラダラボ東大阪若江【通所介護】大阪府東大阪市若江南町1丁目4−6", "url": "https://www.kaigokensaku.mhlw.go.jp/27/index.php?action_kouhyou_detail_004_kani=true&JigyosyoCd=2775012301-00&ServiceCd=150&Type=search", "url2": "https://3eee.co.jp/" }, "geometry": { "type": "Point", "coordinates": [ 135.605840777979324, 34.651124967904494 ] } },
{ "type": "Feature", "properties": { "内容": "癒しの森デイサービス藤戸新田【通所介護】大阪府東大阪市藤戸新田2-8-5", "url": "https://www.kaigokensaku.mhlw.go.jp/27/index.php?action_kouhyou_detail_004_kani=true&JigyosyoCd=2775013937-00&ServiceCd=150&Type=search", "url2": "http://medical-up.net" }, "geometry": { "type": "Point", "coordinates": [ 135.588521899999932, 34.673778 ] } },
{ "type": "Feature", "properties": { "内容": "癒しの森デイサービス【通所介護】大阪府東大阪市瓜生堂1-13-21", "url": "https://www.kaigokensaku.mhlw.go.jp/27/index.php?action_kouhyou_detail_004_kani=true&JigyosyoCd=2775009182-00&ServiceCd=150&Type=search", "url2": "https://medical-up.net" }, "geometry": { "type": "Point", "coordinates": [ 135.59927195519262, 34.66116294725645 ] } },
{ "type": "Feature", "properties": { "内容": "リハビリテーションデイセンター　Optis【通所介護】大阪府東大阪市東山町14－20", "url": "https://www.kaigokensaku.mhlw.go.jp/27/index.php?action_kouhyou_detail_004_kani=true&JigyosyoCd=2775012764-00&ServiceCd=150&Type=search", "url2": "https://www.moral-code.com/" }, "geometry": { "type": "Point", "coordinates": [ 135.646877899999936, 34.6787499 ] } },
{ "type": "Feature", "properties": { "内容": "コンパスウォーク花園東町【通所介護】大阪府東大阪市花園東町1-17-30", "url": "https://www.kaigokensaku.mhlw.go.jp/27/index.php?action_kouhyou_detail_004_kani=true&JigyosyoCd=2775015668-00&ServiceCd=150&Type=search", "url2": "https://pluskeigo.jp/" }, "geometry": { "type": "Point", "coordinates": [ 135.619847800000031, 34.6604301 ] } },
{ "type": "Feature", "properties": { "内容": "ツクイ東大阪若草【通所介護】大阪府東大阪市若草町9-20", "url": "https://www.kaigokensaku.mhlw.go.jp/27/index.php?action_kouhyou_detail_004_kani=true&JigyosyoCd=2775012822-00&ServiceCd=150&Type=search", "url2": "http://www.tsukui.net" }, "geometry": { "type": "Point", "coordinates": [ 135.634341640441932, 34.655805550669648 ] } },
{ "type": "Feature", "properties": { "内容": "東大阪三島の風にしがきデイサービスセンターゆめゆめらいふ【通所介護】大阪府東大阪市三島1-2-15", "url": "https://www.kaigokensaku.mhlw.go.jp/27/index.php?action_kouhyou_detail_004_kani=true&JigyosyoCd=2775011873-00&ServiceCd=150&Type=search", "url2": "http://yumeyumelife.jp/" }, "geometry": { "type": "Point", "coordinates": [ 135.5998308, 34.690541 ] } },
{ "type": "Feature", "properties": { "内容": "デイサービスりんく東大阪【通所介護】大阪府東大阪市東鴻池町3丁目1-21", "url": "https://www.kaigokensaku.mhlw.go.jp/27/index.php?action_kouhyou_detail_004_kani=true&JigyosyoCd=2775010677-00&ServiceCd=150&Type=search", "url2": "http://www.neolinks.co.jp/" }, "geometry": { "type": "Point", "coordinates": [ 135.61218141289703, 34.692379895753454 ] } },
{ "type": "Feature", "properties": { "内容": "デイセンターリハビリプラザ東大阪【通所介護】大阪府東大阪市永和１丁目23-27", "url": "https://www.kaigokensaku.mhlw.go.jp/27/index.php?action_kouhyou_detail_004_kani=true&JigyosyoCd=2775015163-00&ServiceCd=150&Type=search", "url2": "http://www.medi-care.co.jp/" }, "geometry": { "type": "Point", "coordinates": [ 135.5731355, 34.658510400000033 ] } },
{ "type": "Feature", "properties": { "内容": "デイサービスセンターときめき【通所介護】大阪府東大阪市御厨東2丁目2番23号", "url": "https://www.kaigokensaku.mhlw.go.jp/27/index.php?action_kouhyou_detail_004_kani=true&JigyosyoCd=2775016401-00&ServiceCd=150&Type=search", "url2": "https://genkinakaigo.co.jp" }, "geometry": { "type": "Point", "coordinates": [ 135.595430599999986, 34.6659808 ] } },
{ "type": "Feature", "properties": { "内容": "デイルーム俊徳道【通所介護】大阪府東大阪市永和一丁目21番8号", "url": "https://www.kaigokensaku.mhlw.go.jp/27/index.php?action_kouhyou_detail_004_kani=true&JigyosyoCd=2775015155-00&ServiceCd=150&Type=search", "url2": "http://www.medi-care.co.jp" }, "geometry": { "type": "Point", "coordinates": [ 135.572748200000035, 34.6589762 ] } },
{ "type": "Feature", "properties": { "内容": "デイサービスゆめふる長田【通所介護】大阪府東大阪市長田東1-2-34", "url": "https://www.kaigokensaku.mhlw.go.jp/27/index.php?action_kouhyou_detail_004_kani=true&JigyosyoCd=2775012418-00&ServiceCd=150&Type=search", "url2": "http://www.nikken-m.jp/" }, "geometry": { "type": "Point", "coordinates": [ 135.5925771, 34.678133 ] } },
{ "type": "Feature", "properties": { "内容": "デイサービスひのき【通所介護】大阪府東大阪市六万寺町二丁目7番41号", "url": "https://www.kaigokensaku.mhlw.go.jp/27/index.php?action_kouhyou_detail_004_kani=true&JigyosyoCd=2775016831-00&ServiceCd=150&Type=search", "url2": null }, "geometry": { "type": "Point", "coordinates": [ 135.6421784, 34.6501525 ] } },
{ "type": "Feature", "properties": { "内容": "彩りの都デイサービスセンター東大阪あらもと【通所介護】大阪府東大阪市荒本北二丁目1番6号アンビション101", "url": "https://www.kaigokensaku.mhlw.go.jp/27/index.php?action_kouhyou_detail_004_kani=true&JigyosyoCd=2775016047-00&ServiceCd=150&Type=search", "url2": "https://ainomiyako.net" }, "geometry": { "type": "Point", "coordinates": [ 135.604376175245079, 34.678887199921661 ] } },
{ "type": "Feature", "properties": { "内容": "デイサービスセンターかんの【通所介護】大阪府東大阪市加納3-4-36", "url": "https://www.kaigokensaku.mhlw.go.jp/27/index.php?action_kouhyou_detail_004_kani=true&JigyosyoCd=2775012020-00&ServiceCd=150&Type=search", "url2": "http://kawatino.jp/" }, "geometry": { "type": "Point", "coordinates": [ 135.624084700000026, 34.6932979 ] } },
{ "type": "Feature", "properties": { "内容": "Will【通所介護】大阪府東大阪市荒本1-4-32", "url": "https://www.kaigokensaku.mhlw.go.jp/27/index.php?action_kouhyou_detail_004_kani=true&JigyosyoCd=2775015973-00&ServiceCd=150&Type=search", "url2": "http://www.young-green.or.jp" }, "geometry": { "type": "Point", "coordinates": [ 135.5989396, 34.6806505 ] } },
{ "type": "Feature", "properties": { "内容": "わかば【通所介護】大阪府東大阪市川田３－４－２", "url": "https://www.kaigokensaku.mhlw.go.jp/27/index.php?action_kouhyou_detail_004_kani=true&JigyosyoCd=2775014398-00&ServiceCd=150&Type=search", "url2": "http://www.wakakusakai.or.jp" }, "geometry": { "type": "Point", "coordinates": [ 135.6243086, 34.6915643 ] } },
{ "type": "Feature", "properties": { "内容": "デイサービスセンタープレミアムビオスの丘【通所介護】大阪府東大阪市善根寺町1丁目5番10号プレミアムビオスの丘デイサービスセンター", "url": "https://www.kaigokensaku.mhlw.go.jp/27/index.php?action_kouhyou_detail_004_kani=true&JigyosyoCd=2775013655-00&ServiceCd=150&Type=search", "url2": "http://www.jinpu-kai.jp" }, "geometry": { "type": "Point", "coordinates": [ 135.649619977909907, 34.698483329545446 ] } },
{ "type": "Feature", "properties": { "内容": "第二東福【通所介護】大阪府東大阪市旭町20番2号", "url": "https://www.kaigokensaku.mhlw.go.jp/27/index.php?action_kouhyou_detail_004_kani=true&JigyosyoCd=2775014448-00&ServiceCd=150&Type=search", "url2": "http://www.seizankai.or.jp" }, "geometry": { "type": "Point", "coordinates": [ 135.639411500000051, 34.6670919 ] } },
{ "type": "Feature", "properties": { "内容": "YMCAこさかデイサービス【通所介護】大阪府東大阪市小阪本町２丁目６番２６号", "url": "https://www.kaigokensaku.mhlw.go.jp/27/index.php?action_kouhyou_detail_004_kani=true&JigyosyoCd=2775012087-00&ServiceCd=150&Type=search", "url2": "https://www.osakaymca.or.jp/welfare/nursingcare/kosaka/index.html" }, "geometry": { "type": "Point", "coordinates": [ 135.580486899999983, 34.6587098 ] } },
{ "type": "Feature", "properties": { "内容": "アーバンケア八戸ノ里　デイサービスセンター【通所介護】東大阪市御厨中２丁目３番３２号", "url": "https://www.kaigokensaku.mhlw.go.jp/27/index.php?action_kouhyou_detail_004_kani=true&JigyosyoCd=2775009281-00&ServiceCd=150&Type=search", "url2": "http://yoshijukai.or.jp/" }, "geometry": { "type": "Point", "coordinates": [ 135.589649090737907, 34.668718067896755 ] } },
{ "type": "Feature", "properties": { "内容": "JA大阪中河内　デイサービスセンターあぐりんの家【通所介護】大阪府東大阪市日下町２丁目３番１号", "url": "https://www.kaigokensaku.mhlw.go.jp/27/index.php?action_kouhyou_detail_004_kani=true&JigyosyoCd=2775013531-00&ServiceCd=150&Type=search", "url2": "http://www.osaka-ja.co.jp/ja/nakakawachi/" }, "geometry": { "type": "Point", "coordinates": [ 135.6474998, 34.6919877 ] } },
{ "type": "Feature", "properties": { "内容": "五島整形外科リハビリテーションセンター【通所介護】大阪府東大阪市本町5-15", "url": "https://www.kaigokensaku.mhlw.go.jp/27/index.php?action_kouhyou_detail_004_kani=true&JigyosyoCd=2775011477-00&ServiceCd=150&Type=search", "url2": "http://www.goshima-ort.com/" }, "geometry": { "type": "Point", "coordinates": [ 135.640839599999936, 34.6639602 ] } },
{ "type": "Feature", "properties": { "内容": "ニコニコデイサービス高井田【通所介護】大阪府東大阪市高井田本通り2丁目3番8号", "url": "https://www.kaigokensaku.mhlw.go.jp/27/index.php?action_kouhyou_detail_004_kani=true&JigyosyoCd=2775013648-00&ServiceCd=150&Type=search", "url2": "http://2525kaigo.net/" }, "geometry": { "type": "Point", "coordinates": [ 135.566516099999944, 34.6731927 ] } },
{ "type": "Feature", "properties": { "内容": "デイサービスセンター野口Ⅱ【通所介護】大阪府東大阪市永和3-6-5", "url": "https://www.kaigokensaku.mhlw.go.jp/27/index.php?action_kouhyou_detail_004_kani=true&JigyosyoCd=2775009703-00&ServiceCd=150&Type=search", "url2": "https://day-noguchi.com/" }, "geometry": { "type": "Point", "coordinates": [ 135.5765288, 34.6611206 ] } },
{ "type": "Feature", "properties": { "内容": "エルケア株式会社　エルケアデイサービス枚岡【通所介護】大阪府東大阪市出雲井本町8番21号ツール・ド・オルフェ103号室", "url": "https://www.kaigokensaku.mhlw.go.jp/27/index.php?action_kouhyou_detail_004_kani=true&JigyosyoCd=2775008432-00&ServiceCd=150&Type=search", "url2": "https://www.l-care.jp/" }, "geometry": { "type": "Point", "coordinates": [ 135.647838800000045, 34.6698459 ] } },
{ "type": "Feature", "properties": { "内容": "ヒューマンライフケア東大阪の湯【通所介護】大阪府東大阪市菱江六丁目２番２２号", "url": "https://www.kaigokensaku.mhlw.go.jp/27/index.php?action_kouhyou_detail_004_kani=true&JigyosyoCd=2775007798-00&ServiceCd=150&Type=search", "url2": "http://human-lifecare.jp/" }, "geometry": { "type": "Point", "coordinates": [ 135.607267399999955, 34.6728864 ] } },
{ "type": "Feature", "properties": { "内容": "デイサービス　ソラスト東大阪【通所介護】大阪府東大阪市西堤楠町2-3-11", "url": "https://www.kaigokensaku.mhlw.go.jp/27/index.php?action_kouhyou_detail_004_kani=true&JigyosyoCd=2775006014-00&ServiceCd=150&Type=search", "url2": "https://solasto-kaigo.com/care/area/solasthigashiosaka.html" }, "geometry": { "type": "Point", "coordinates": [ 135.575618723313482, 34.674160829253466 ] } },
{ "type": "Feature", "properties": { "内容": "ツクイ東大阪中新開【通所介護】大阪府東大阪市中新開1丁目3番11号", "url": "https://www.kaigokensaku.mhlw.go.jp/27/index.php?action_kouhyou_detail_004_kani=true&JigyosyoCd=2775004886-00&ServiceCd=150&Type=search", "url2": "http://www.tsukui.net/home-care/2273/" }, "geometry": { "type": "Point", "coordinates": [ 135.61970210000004, 34.6807993 ] } },
{ "type": "Feature", "properties": { "内容": "とーますデイサービスセンター【通所介護】大阪府東大阪市足代２－６－６", "url": "https://www.kaigokensaku.mhlw.go.jp/27/index.php?action_kouhyou_detail_004_kani=true&JigyosyoCd=2775005057-00&ServiceCd=150&Type=search", "url2": "http://www.hayashida-net.jp/day/index.html" }, "geometry": { "type": "Point", "coordinates": [ 135.563727200000017, 34.6618203 ] } },
{ "type": "Feature", "properties": { "内容": "ビーナスクラブ河内小阪【通所介護】東大阪市小阪本町１丁目１２－１８", "url": "https://www.kaigokensaku.mhlw.go.jp/27/index.php?action_kouhyou_detail_004_kani=true&JigyosyoCd=2775008879-00&ServiceCd=150&Type=search", "url2": "http://www.venus-comrade.co.jp/profile.html" }, "geometry": { "type": "Point", "coordinates": [ 135.582117199999971, 34.6616429 ] } },
{ "type": "Feature", "properties": { "内容": "リープデイサービスセンター【通所介護】大阪府東大阪市永和１丁目１６番２号", "url": "https://www.kaigokensaku.mhlw.go.jp/27/index.php?action_kouhyou_detail_004_kani=true&JigyosyoCd=2775004357-00&ServiceCd=150&Type=search", "url2": "https://lieb-ph.jp/" }, "geometry": { "type": "Point", "coordinates": [ 135.572627124189694, 34.660436777455203 ] } },
{ "type": "Feature", "properties": { "内容": "デイサービスセンター「かわち野」【通所介護】東大阪市横小路町1-1-35", "url": "https://www.kaigokensaku.mhlw.go.jp/27/index.php?action_kouhyou_detail_004_kani=true&JigyosyoCd=2775001874-00&ServiceCd=150&Type=search", "url2": "http://www.kawatino.jp/" }, "geometry": { "type": "Point", "coordinates": [ 135.64721439999991, 34.64996450000001 ] } },
{ "type": "Feature", "properties": { "内容": "老人デイサービスセンターいちご【通所介護】東大阪市池島町８丁目２番１０号", "url": "https://www.kaigokensaku.mhlw.go.jp/27/index.php?action_kouhyou_detail_004_kani=true&JigyosyoCd=2775006493-00&ServiceCd=150&Type=search", "url2": "http://hohoemi-fukushi.jp/laplage/" }, "geometry": { "type": "Point", "coordinates": [ 135.6271494, 34.6544859 ] } },
{ "type": "Feature", "properties": { "内容": "きずり逢花苑　デイサービスセンター【通所介護】大阪府東大阪市衣摺6丁目12番３号", "url": "https://www.kaigokensaku.mhlw.go.jp/27/index.php?action_kouhyou_detail_004_kani=true&JigyosyoCd=2775005156-00&ServiceCd=150&Type=search", "url2": "https://www.ontoku.or.jp/facilities/kizuri-home/" }, "geometry": { "type": "Point", "coordinates": [ 135.566727600000036, 34.6392034 ] } },
{ "type": "Feature", "properties": { "内容": "社会福祉法人玉美福祉会デイサービスセンター向日葵【通所介護】大阪府東大阪市玉串町東１丁目１０番２０号", "url": "https://www.kaigokensaku.mhlw.go.jp/27/index.php?action_kouhyou_detail_004_kani=true&JigyosyoCd=2775004746-00&ServiceCd=150&Type=search", "url2": "http://www.tamami.or.jp" }, "geometry": { "type": "Point", "coordinates": [ 135.621538800000053, 34.6560079 ] } },
{ "type": "Feature", "properties": { "内容": "デイサービスセンター八戸ノ里向日葵【通所介護】大阪府東大阪市若江西新町3-1-9", "url": "https://www.kaigokensaku.mhlw.go.jp/27/index.php?action_kouhyou_detail_004_kani=true&JigyosyoCd=2775000991-00&ServiceCd=150&Type=search", "url2": "http://www.tamami.or.jp/" }, "geometry": { "type": "Point", "coordinates": [ 135.596572900000012, 34.6556977 ] } },
{ "type": "Feature", "properties": { "内容": "特別養護老人ホームたちばなの里【通所介護】大阪府東大阪市岸田堂北町６番１号", "url": "https://www.kaigokensaku.mhlw.go.jp/27/index.php?action_kouhyou_detail_004_kani=true&JigyosyoCd=2775001064-00&ServiceCd=150&Type=search", "url2": "http://tatibananosato.or.jp/" }, "geometry": { "type": "Point", "coordinates": [ 135.565108578573586, 34.656334951821407 ] } },
{ "type": "Feature", "properties": { "内容": "レーベンズラウムデイサービスセンター【通所介護】大阪府東大阪市高井田元町1-19-24", "url": "https://www.kaigokensaku.mhlw.go.jp/27/index.php?action_kouhyou_detail_004_kani=true&JigyosyoCd=2775007814-00&ServiceCd=150&Type=search", "url2": "http://jueikai.or.jp/port/" }, "geometry": { "type": "Point", "coordinates": [ 135.572467800000027, 34.6682365 ] } },
{ "type": "Feature", "properties": { "内容": "レーベンズポルト　デイサービスセンター【通所介護】大阪府東大阪市長栄寺21番24号", "url": "https://www.kaigokensaku.mhlw.go.jp/27/index.php?action_kouhyou_detail_004_kani=true&JigyosyoCd=2775000538-00&ServiceCd=150&Type=search", "url2": "http://jueikai.or.jp" }, "geometry": { "type": "Point", "coordinates": [ 135.57182724603274, 34.668491196032008 ] } },
{ "type": "Feature", "properties": { "内容": "老人デイサービスセンター「ビオスの丘」【通所介護】大阪府東大阪市善根寺町１丁目５番３１号", "url": "https://www.kaigokensaku.mhlw.go.jp/27/index.php?action_kouhyou_detail_004_kani=true&JigyosyoCd=2775003706-00&ServiceCd=150&Type=search", "url2": "http://jinpu-kai.jp/106.php" }, "geometry": { "type": "Point", "coordinates": [ 135.649932900000067, 34.6989175 ] } },
{ "type": "Feature", "properties": { "内容": "老人デイサービスセンタービオスの丘新町【通所介護】東大阪市新町１番３０号", "url": "https://www.kaigokensaku.mhlw.go.jp/27/index.php?action_kouhyou_detail_004_kani=true&JigyosyoCd=2775008333-00&ServiceCd=150&Type=search", "url2": "http://www.jinpu-kai.jp" }, "geometry": { "type": "Point", "coordinates": [ 135.640108899999973, 34.6710705 ] } },
{ "type": "Feature", "properties": { "内容": "みのわの里デイサービスセンター【通所介護】大阪府東大阪市古箕輪1-3-28", "url": "https://www.kaigokensaku.mhlw.go.jp/27/index.php?action_kouhyou_detail_004_kani=true&JigyosyoCd=2775000967-00&ServiceCd=150&Type=search", "url2": "https://www.kawafukukai.or.jp/" }, "geometry": { "type": "Point", "coordinates": [ 135.6166134, 34.6859959 ] } },
{ "type": "Feature", "properties": { "内容": "布市福寿苑デイサービスセンター【通所介護】大阪府東大阪市布市町2-12-2", "url": "https://www.kaigokensaku.mhlw.go.jp/27/index.php?action_kouhyou_detail_004_kani=true&JigyosyoCd=2775002294-00&ServiceCd=150&Type=search", "url2": "http://kawafukukai.jp/" }, "geometry": { "type": "Point", "coordinates": [ 135.639469700000063, 34.6945704 ] } },
{ "type": "Feature", "properties": { "内容": "福寿苑デイサービスセンター【通所介護】大阪府東大阪市出雲井本町3番25号", "url": "https://www.kaigokensaku.mhlw.go.jp/27/index.php?action_kouhyou_detail_004_kani=true&JigyosyoCd=2775001098-00&ServiceCd=150&Type=search", "url2": "http://kawafukukai.or.jp" }, "geometry": { "type": "Point", "coordinates": [ 135.6461084, 34.6692903 ] } },
{ "type": "Feature", "properties": { "内容": "デイサービスセンター　サンホーム【通所介護】大阪府東大阪市御厨南３－１－１８", "url": "https://www.kaigokensaku.mhlw.go.jp/27/index.php?action_kouhyou_detail_004_kani=true&JigyosyoCd=2775001320-00&ServiceCd=150&Type=search", "url2": "http://www.osakaymca.or.jp/kourei/sunhome/index.html" }, "geometry": { "type": "Point", "coordinates": [ 135.592902200000026, 34.6649011 ] } },
{ "type": "Feature", "properties": { "内容": "老人デイサービスセンター　もえぎ【通所介護】大阪府東大阪市下小阪四丁目7番36号", "url": "https://www.kaigokensaku.mhlw.go.jp/27/index.php?action_kouhyou_detail_004_kani=true&JigyosyoCd=2775003862-00&ServiceCd=150&Type=search", "url2": "https://verdy-ten.jp/" }, "geometry": { "type": "Point", "coordinates": [ 135.591316399999982, 34.6608654 ] } },
{ "type": "Feature", "properties": { "内容": "デイサービスセンター　千寿園【通所介護】東大阪市南荘町１３番３８号", "url": "https://www.kaigokensaku.mhlw.go.jp/27/index.php?action_kouhyou_detail_004_kani=true&JigyosyoCd=2775001924-00&ServiceCd=150&Type=search", "url2": null }, "geometry": { "type": "Point", "coordinates": [ 135.645580600000017, 34.674723 ] } },
{ "type": "Feature", "properties": { "内容": "アーバンケア稲田デイサービスセンター【通所介護】東大阪市稲田新町１丁目１０番１号", "url": "https://www.kaigokensaku.mhlw.go.jp/27/index.php?action_kouhyou_detail_004_kani=true&JigyosyoCd=2775001866-00&ServiceCd=150&Type=search", "url2": "http://yoshijukai.or.jp/" }, "geometry": { "type": "Point", "coordinates": [ 135.583547400000043, 34.689226 ] } },
{ "type": "Feature", "properties": { "内容": "アーバンケア島之内　デイサービスセンター【通所介護】大阪府東大阪市吉田本町一丁目１０番１３号", "url": "https://www.kaigokensaku.mhlw.go.jp/27/index.php?action_kouhyou_detail_004_kani=true&JigyosyoCd=2775001122-00&ServiceCd=150&Type=search", "url2": "https://yoshijukai.or.jp/urban-shimanouchi" }, "geometry": { "type": "Point", "coordinates": [ 135.6212577, 34.6753 ] } },
{ "type": "Feature", "properties": { "内容": "青い鳥介護サービス【通所介護】大阪府東大阪市長堂二丁目１７－３", "url": "https://www.kaigokensaku.mhlw.go.jp/27/index.php?action_kouhyou_detail_004_kani=true&JigyosyoCd=2775007376-00&ServiceCd=150&Type=search", "url2": "https://aoitorikaigo.net/" }, "geometry": { "type": "Point", "coordinates": [ 135.565160200000037, 34.6687306 ] } },
{ "type": "Feature", "properties": { "内容": "健康リハビリデイサービスセンター【通所介護】大阪府東大阪市鴻池本町６番２８号", "url": "https://www.kaigokensaku.mhlw.go.jp/27/index.php?action_kouhyou_detail_004_kani=true&JigyosyoCd=2775007061-00&ServiceCd=150&Type=search", "url2": "http://www.hohoemi-life.co.jp" }, "geometry": { "type": "Point", "coordinates": [ 135.5999511, 34.6989166 ] } },
{ "type": "Feature", "properties": { "内容": "さくらサポート２４【通所介護】大阪府東大阪市鴻池元町4-20", "url": "https://www.kaigokensaku.mhlw.go.jp/27/index.php?action_kouhyou_detail_004_kani=true&JigyosyoCd=2775003086-00&ServiceCd=150&Type=search", "url2": "https://sakura-support24.co.jp/" }, "geometry": { "type": "Point", "coordinates": [ 135.5991318, 34.6974085 ] } },
{ "type": "Feature", "properties": { "内容": "玉串デイサービスセンターあいあい【通所介護】大阪府東大阪市玉串町東2-1-35", "url": "https://www.kaigokensaku.mhlw.go.jp/27/index.php?action_kouhyou_detail_004_kani=true&JigyosyoCd=2775003540-00&ServiceCd=150&Type=search", "url2": "https://tamakushi-aiai.com/index.html" }, "geometry": { "type": "Point", "coordinates": [ 135.619847800000031, 34.6545842 ] } },
{ "type": "Feature", "properties": { "内容": "デイサービスセンターハートフル布施【通所介護】大阪府東大阪市足代新町19-13", "url": "https://www.kaigokensaku.mhlw.go.jp/27/index.php?action_kouhyou_detail_004_kani=true&JigyosyoCd=2775004464-00&ServiceCd=150&Type=search", "url2": null }, "geometry": { "type": "Point", "coordinates": [ 135.557936674083066, 34.664681062451585 ] } },
{ "type": "Feature", "properties": { "内容": "デイサービスセンター野口【通所介護】大阪府東大阪市小阪本町2-3-5ビレ小阪3110ビル１階", "url": "https://www.kaigokensaku.mhlw.go.jp/27/index.php?action_kouhyou_detail_004_kani=true&JigyosyoCd=2775003656-00&ServiceCd=150&Type=search", "url2": "https://day-noguchi.com/" }, "geometry": { "type": "Point", "coordinates": [ 135.581731200000036, 34.6598403 ] } },
{ "type": "Feature", "properties": { "内容": "デイサービスセンター”しろやま”【通所介護】大阪府東大阪市荒川１－１５－２３", "url": "https://www.kaigokensaku.mhlw.go.jp/27/index.php?action_kouhyou_detail_004_kani=true&JigyosyoCd=2775005552-00&ServiceCd=150&Type=search", "url2": null }, "geometry": { "type": "Point", "coordinates": [ 135.568085099999962, 34.6610704 ] } },
{ "type": "Feature", "properties": { "内容": "リハビリ特化型デイサービスセンター　フィットケア【通所介護】大阪府東大阪市神田町6-1", "url": "https://www.kaigokensaku.mhlw.go.jp/27/index.php?action_kouhyou_detail_004_kani=true&JigyosyoCd=2775011493-00&ServiceCd=150&Type=search", "url2": "http://aiju-fitcare.com/" }, "geometry": { "type": "Point", "coordinates": [ 135.638537405557287, 34.661760182278286 ] } },
{ "type": "Feature", "properties": { "内容": "ツクイ東大阪楠根【通所介護】大阪府東大阪市楠根1-5-33", "url": "https://www.kaigokensaku.mhlw.go.jp/27/index.php?action_kouhyou_detail_004_kani=true&JigyosyoCd=2775004894-00&ServiceCd=150&Type=search", "url2": "http://www.tsukui.net" }, "geometry": { "type": "Point", "coordinates": [ 135.586447099999987, 34.6826407 ] } },
{ "type": "Feature", "properties": { "内容": "特別養護老人ホームアンパス東大阪デイサービスセンター【通所介護】大阪府東大阪市若江南町３丁目７番７号", "url": "https://www.kaigokensaku.mhlw.go.jp/27/index.php?action_kouhyou_detail_004_kani=true&JigyosyoCd=2775001403-00&ServiceCd=150&Type=search", "url2": "http://www.ayumi-kai.net/" }, "geometry": { "type": "Point", "coordinates": [ 135.600129700000025, 34.6541689 ] } },
{ "type": "Feature", "properties": { "内容": "デイサービスセンター　なるかわ苑【通所介護】大阪府東大阪市上六万寺町１３番４０号", "url": "https://www.kaigokensaku.mhlw.go.jp/27/index.php?action_kouhyou_detail_004_kani=true&JigyosyoCd=2775003565-00&ServiceCd=150&Type=search", "url2": "https://koyu-fukushikai.jp/" }, "geometry": { "type": "Point", "coordinates": [ 135.651966600000037, 34.6552613 ] } },
{ "type": "Feature", "properties": { "内容": "あさひデイサービスセンター【通所介護】大阪府東大阪市高井田本通2-2-31", "url": "https://www.kaigokensaku.mhlw.go.jp/27/index.php?action_kouhyou_detail_004_kani=true&JigyosyoCd=2775003987-00&ServiceCd=150&Type=search", "url2": null }, "geometry": { "type": "Point", "coordinates": [ 135.56684329999996, 34.6694251 ] } },
{ "type": "Feature", "properties": { "内容": "ニチイケアセンター花園【通所介護】大阪府東大阪市稲葉2-1-13", "url": "https://www.kaigokensaku.mhlw.go.jp/27/index.php?action_kouhyou_detail_004_kani=true&JigyosyoCd=2775016013-00&ServiceCd=150&Type=search", "url2": "http://www.nichiigakkan.co.jp" }, "geometry": { "type": "Point", "coordinates": [ 135.6163247, 34.6697972 ] } },
{ "type": "Feature", "properties": { "内容": "OSJ工房よりそいの丘　生活介護【通所介護】大阪府東大阪市上六万寺町13番47号", "url": "https://www.kaigokensaku.mhlw.go.jp/27/index.php?action_kouhyou_detail_004_kani=true&JigyosyoCd=2775016799-00&ServiceCd=150&Type=search", "url2": "https://osj.or.jp/yorisoi" }, "geometry": { "type": "Point", "coordinates": [ 135.6508904, 34.6546773 ] } },
{ "type": "Feature", "properties": { "内容": "デイサービスゆうそら【通所介護】東大阪市鴻池徳庵町7番23号", "url": "https://www.kaigokensaku.mhlw.go.jp/27/index.php?action_kouhyou_detail_004_kani=true&JigyosyoCd=2775008812-00&ServiceCd=150&Type=search", "url2": null }, "geometry": { "type": "Point", "coordinates": [ 135.583836199999951, 34.6974416 ] } },
{ "type": "Feature", "properties": { "内容": "ケア＆リハビリデイサービスゆるくま【通所介護】大阪府東大阪市太平寺2-4-4コンドミニアム太平寺1階", "url": "https://www.kaigokensaku.mhlw.go.jp/27/index.php?action_kouhyou_detail_004_kani=true&JigyosyoCd=2775017052-00&ServiceCd=150&Type=search", "url2": null }, "geometry": { "type": "Point", "coordinates": [ 135.568448900000021, 34.6549852 ] } },
{ "type": "Feature", "properties": { "内容": "医療法人藤井会　藤井会新石切デイサービス【通所介護】大阪府東大阪市中石切町１丁目８番２２号2013ヴィラ１階", "url": "https://www.kaigokensaku.mhlw.go.jp/27/index.php?action_kouhyou_detail_004_kani=true&JigyosyoCd=2775010768-00&ServiceCd=150&Type=search", "url2": "http://www.shinishikiri.fujiikai.jp/" }, "geometry": { "type": "Point", "coordinates": [ 135.642974523278752, 34.683293788830483 ] } },
{ "type": "Feature", "properties": { "内容": "株式会社IKO【通所介護】大阪府東大阪市金岡4丁目13番地2号リバーサイト金岡5番館102号", "url": "https://www.kaigokensaku.mhlw.go.jp/27/index.php?action_kouhyou_detail_004_kani=true&JigyosyoCd=2775010784-00&ServiceCd=150&Type=search", "url2": "http://xyh123.daa.jp/" }, "geometry": { "type": "Point", "coordinates": [ 135.588815899999986, 34.6342522 ] } },
{ "type": "Feature", "properties": { "内容": "ツクイ東大阪きずり【通所介護】大阪府東大阪市衣摺2丁目18番17号", "url": "https://www.kaigokensaku.mhlw.go.jp/27/index.php?action_kouhyou_detail_004_kani=true&JigyosyoCd=2775004514-00&ServiceCd=150&Type=search", "url2": "http://www.tsukui.net" }, "geometry": { "type": "Point", "coordinates": [ 135.568788400000017, 34.6431946 ] } },
{ "type": "Feature", "properties": { "内容": "デイサービスセンターわかくさ瓢箪山【通所介護】大阪府東大阪市六万寺町3-2-32", "url": "https://www.kaigokensaku.mhlw.go.jp/27/index.php?action_kouhyou_detail_004_kani=true&JigyosyoCd=2775010438-00&ServiceCd=150&Type=search", "url2": "http://www.wakakusahyotanyama.com/" }, "geometry": { "type": "Point", "coordinates": [ 135.639653899999985, 34.654725 ] } },
{ "type": "Feature", "properties": { "内容": "きりんのあくびデイサービスこみのわ【通所介護】大阪府東大阪市古箕輪１丁目２番28号", "url": "https://www.kaigokensaku.mhlw.go.jp/27/index.php?action_kouhyou_detail_004_kani=true&JigyosyoCd=2775016500-00&ServiceCd=150&Type=search", "url2": "https://www.instagram.com/kirin_kominowa/?igsh#" }, "geometry": { "type": "Point", "coordinates": [ 135.6160993, 34.684026 ] } },
{ "type": "Feature", "properties": { "内容": "リハビリ特化型デイサービスリファイン【通所介護】大阪府東大阪岩田町4丁目15-13", "url": "https://www.kaigokensaku.mhlw.go.jp/27/index.php?action_kouhyou_detail_004_kani=true&JigyosyoCd=2775010214-00&ServiceCd=150&Type=search", "url2": "http://www.juzankai.com/" }, "geometry": { "type": "Point", "coordinates": [ 135.608145299999933, 34.664323500000016 ] } },
{ "type": "Feature", "properties": { "内容": "一笑苑デイサービス【通所介護】大阪府東大阪市吉田本町二丁目１０番１号", "url": "https://www.kaigokensaku.mhlw.go.jp/27/index.php?action_kouhyou_detail_004_kani=true&JigyosyoCd=2775014869-00&ServiceCd=150&Type=search", "url2": null }, "geometry": { "type": "Point", "coordinates": [ 135.6239635, 34.6755817 ] } },
{ "type": "Feature", "properties": { "内容": "フォレストガーデンデイサービスセンター六万寺【通所介護】大阪府東大阪市六万寺町1－1－4", "url": "https://www.kaigokensaku.mhlw.go.jp/27/index.php?action_kouhyou_detail_004_kani=true&JigyosyoCd=2775015569-00&ServiceCd=150&Type=search", "url2": null }, "geometry": { "type": "Point", "coordinates": [ 135.6435907, 34.6544153 ] } },
{ "type": "Feature", "properties": { "内容": "メルテルホーム　デイサービスセンター【通所介護】大阪府東大阪市西岩田4-4-82", "url": "https://www.kaigokensaku.mhlw.go.jp/27/index.php?action_kouhyou_detail_004_kani=true&JigyosyoCd=2775001296-00&ServiceCd=150&Type=search", "url2": null }, "geometry": { "type": "Point", "coordinates": [ 135.5993215, 34.6677677 ] } },
{ "type": "Feature", "properties": { "内容": "デイサービスここね【通所介護】大阪府東大阪市六万寺町二丁目７番２７号", "url": "https://www.kaigokensaku.mhlw.go.jp/27/index.php?action_kouhyou_detail_004_kani=true&JigyosyoCd=2775015098-00&ServiceCd=150&Type=search", "url2": null }, "geometry": { "type": "Point", "coordinates": [ 135.6430301, 34.6503025 ] } },
{ "type": "Feature", "properties": { "内容": "デイサービスセンターてぃだの家【通所介護】東大阪市南鴻池町2丁目14番22号", "url": "https://www.kaigokensaku.mhlw.go.jp/27/index.php?action_kouhyou_detail_004_kani=true&JigyosyoCd=2775010743-00&ServiceCd=150&Type=search", "url2": null }, "geometry": { "type": "Point", "coordinates": [ 135.60545502023777, 34.693858493502411 ] } },
{ "type": "Feature", "properties": { "内容": "通所介護トップフォース【通所介護】大阪府枚方市楠葉美咲3丁目22-6RBビル0102", "url": "https://www.kaigokensaku.mhlw.go.jp/27/index.php?action_kouhyou_detail_004_kani=true&JigyosyoCd=2772410276-00&ServiceCd=150&Type=search", "url2": "https://topforce.info" }, "geometry": { "type": "Point", "coordinates": [ 135.6944303, 34.8607366 ] } },
{ "type": "Feature", "properties": { "内容": "樹楽加納【通所介護】大阪府東大阪市加納7-12-23", "url": "https://www.kaigokensaku.mhlw.go.jp/27/index.php?action_kouhyou_detail_004_kani=true&JigyosyoCd=2775011527-00&ServiceCd=150&Type=search", "url2": "https://www.kiraku-ac.com" }, "geometry": { "type": "Point", "coordinates": [ 135.6231837, 34.6974013 ] } },
{ "type": "Feature", "properties": { "内容": "コンパスウォーク花園【通所介護】大阪府東大阪市花園本町2-8-26", "url": "https://www.kaigokensaku.mhlw.go.jp/27/index.php?action_kouhyou_detail_004_kani=true&JigyosyoCd=2775015346-00&ServiceCd=150&Type=search", "url2": "https://pluskeigo.jp/" }, "geometry": { "type": "Point", "coordinates": [ 135.618611200000032, 34.656993300000046 ] } },
{ "type": "Feature", "properties": { "内容": "onelink2nd【通所介護】大阪府東大阪市荒本2丁目14-24", "url": "https://www.kaigokensaku.mhlw.go.jp/27/index.php?action_kouhyou_detail_004_kani=true&JigyosyoCd=2775015726-00&ServiceCd=150&Type=search", "url2": "https://stoc9.com" }, "geometry": { "type": "Point", "coordinates": [ 135.605090152761306, 34.675975134044137 ] } },
{ "type": "Feature", "properties": { "内容": "あいあいケアサービス東大阪【通所介護】東大阪市吉田本町１－１３－２６", "url": "https://www.kaigokensaku.mhlw.go.jp/27/index.php?action_kouhyou_detail_004_kani=true&JigyosyoCd=2775003235-00&ServiceCd=150&Type=search", "url2": null }, "geometry": { "type": "Point", "coordinates": [ 135.623701900000043, 34.6746724 ] } },
{ "type": "Feature", "properties": { "内容": "デイステーションcomein西石切【通所介護】大阪府東大阪市西石切町1-4-39", "url": "https://www.kaigokensaku.mhlw.go.jp/27/index.php?action_kouhyou_detail_004_kani=true&JigyosyoCd=2775016898-00&ServiceCd=150&Type=search", "url2": "https://comeinsmile.com/" }, "geometry": { "type": "Point", "coordinates": [ 135.643204700000013, 34.679804 ] } },
{ "type": "Feature", "properties": { "内容": "なかよし【通所介護】大阪府東大阪市昭和町5番10号", "url": "https://www.kaigokensaku.mhlw.go.jp/27/index.php?action_kouhyou_detail_004_kani=true&JigyosyoCd=2775015981-00&ServiceCd=150&Type=search", "url2": "http://www.hiraokafukushikai.com/" }, "geometry": { "type": "Point", "coordinates": [ 135.6386688, 34.662619 ] } },
{ "type": "Feature", "properties": { "内容": "レッツ倶楽部　住道【通所介護】大阪府東大阪市加納６丁目１４－９　１Ｆ", "url": "https://www.kaigokensaku.mhlw.go.jp/27/index.php?action_kouhyou_detail_004_kani=true&JigyosyoCd=2775014976-00&ServiceCd=150&Type=search", "url2": "https://www.lets-club.jp/shop/suminodo/" }, "geometry": { "type": "Point", "coordinates": [ 135.6276071, 34.7024021 ] } },
{ "type": "Feature", "properties": { "内容": "イースタンビラ　デイサービスセンター【通所介護】大阪府東大阪市俊徳町五丁目１１番６号", "url": "https://www.kaigokensaku.mhlw.go.jp/27/index.php?action_kouhyou_detail_004_kani=true&JigyosyoCd=2775000801-00&ServiceCd=150&Type=search", "url2": "http://tojukai.or.jp/" }, "geometry": { "type": "Point", "coordinates": [ 135.569609496434026, 34.653047850767962 ] } },
{ "type": "Feature", "properties": { "内容": "デイサービス一休　加納【通所介護】大阪府東大阪市加納６丁目１５番１５号１F", "url": "https://www.kaigokensaku.mhlw.go.jp/27/index.php?action_kouhyou_detail_004_kani=true&JigyosyoCd=2775008739-00&ServiceCd=150&Type=search", "url2": null }, "geometry": { "type": "Point", "coordinates": [ 135.6275914, 34.702752599999982 ] } },
{ "type": "Feature", "properties": { "内容": "デイサービス一休　池島【通所介護】大阪府東大阪市池島町３丁目2－39", "url": "https://www.kaigokensaku.mhlw.go.jp/27/index.php?action_kouhyou_detail_004_kani=true&JigyosyoCd=2775009430-00&ServiceCd=150&Type=search", "url2": "https://lifecare-ikkyu.net" }, "geometry": { "type": "Point", "coordinates": [ 135.630700091679387, 34.654777670577737 ] } },
{ "type": "Feature", "properties": { "内容": "コンパスウォーク瓢箪山【通所介護】大阪府東大阪市昭和町7-18", "url": "https://www.kaigokensaku.mhlw.go.jp/27/index.php?action_kouhyou_detail_004_kani=true&JigyosyoCd=2775017318-00&ServiceCd=150&Type=search", "url2": "https://pluskeigo.jp/" }, "geometry": { "type": "Point", "coordinates": [ 135.638378299999971, 34.6637457 ] } },
{ "type": "Feature", "properties": { "内容": "リハートデイサービスセンター泉南【通所介護】大阪府泉南市信達市場１１６番地の５３９", "url": "https://www.kaigokensaku.mhlw.go.jp/27/index.php?action_kouhyou_detail_004_kani=true&JigyosyoCd=2775601970-00&ServiceCd=150&Type=search", "url2": "https://www.google.co.jp/maps/place/%E3%83%AA%E3%83%8F%E3%83%BC%E3%83%88%E3%83%87%E3%82%A4%E3%82%B5%E3%83%BC%E3%83%93%E3%82%B9%E3%82%BB%E3%83%B3%E3%82%BF%E3%83%BC%E6%B3%89%E5%8D%97/@34.3574186,135.2913468,21z/data=!4m6!3m5!1s0x6000b70a8536a5d5:0xc77ee9a6b" }, "geometry": { "type": "Point", "coordinates": [ 135.2914533, 34.3574259 ] } },
{ "type": "Feature", "properties": { "内容": "リハトレ・デイサービスすきっぷ【通所介護】大阪府泉南市樽井5-45-4", "url": "https://www.kaigokensaku.mhlw.go.jp/27/index.php?action_kouhyou_detail_004_kani=true&JigyosyoCd=2775601269-00&ServiceCd=150&Type=search", "url2": null }, "geometry": { "type": "Point", "coordinates": [ 135.258942723907893, 34.373388478119125 ] } },
{ "type": "Feature", "properties": { "内容": "デイサービス結【通所介護】大阪府泉南市男里３丁目５番４１", "url": "https://www.kaigokensaku.mhlw.go.jp/27/index.php?action_kouhyou_detail_004_kani=true&JigyosyoCd=2775601947-00&ServiceCd=150&Type=search", "url2": "https://kanom-kaigo.com/yui" }, "geometry": { "type": "Point", "coordinates": [ 135.255318, 34.36073040000003 ] } },
{ "type": "Feature", "properties": { "内容": "デイサービスふくはち【通所介護】大阪府泉南市信達大苗代930番地-1", "url": "https://www.kaigokensaku.mhlw.go.jp/27/index.php?action_kouhyou_detail_004_kani=true&JigyosyoCd=2775601756-00&ServiceCd=150&Type=search", "url2": null }, "geometry": { "type": "Point", "coordinates": [ 135.288828, 34.3739196 ] } },
{ "type": "Feature", "properties": { "内容": "デイサービスセンター虹【通所介護】大阪府泉南市新家6001-1", "url": "https://www.kaigokensaku.mhlw.go.jp/27/index.php?action_kouhyou_detail_004_kani=true&JigyosyoCd=2775600295-00&ServiceCd=150&Type=search", "url2": null }, "geometry": { "type": "Point", "coordinates": [ 135.302442400000018, 34.3767986 ] } },
{ "type": "Feature", "properties": { "内容": "せんわデイサービスセンター【通所介護】大阪府泉南市信達金熊寺530-1", "url": "https://www.kaigokensaku.mhlw.go.jp/27/index.php?action_kouhyou_detail_004_kani=true&JigyosyoCd=2775600089-00&ServiceCd=150&Type=search", "url2": "https://senwa.or.jp/" }, "geometry": { "type": "Point", "coordinates": [ 135.2920861, 34.3337007 ] } },
{ "type": "Feature", "properties": { "内容": "さくらっこ【通所介護】大阪府泉南市新家1495番地の5", "url": "https://www.kaigokensaku.mhlw.go.jp/27/index.php?action_kouhyou_detail_004_kani=true&JigyosyoCd=2775601822-00&ServiceCd=150&Type=search", "url2": "https://sakurakko.jimdofree.com" }, "geometry": { "type": "Point", "coordinates": [ 135.305059335045513, 34.36345654631706 ] } },
{ "type": "Feature", "properties": { "内容": "デイサービスセンター　六尾の郷【通所介護】大阪府泉南市信達金熊寺130番地", "url": "https://www.kaigokensaku.mhlw.go.jp/27/index.php?action_kouhyou_detail_004_kani=true&JigyosyoCd=2775600139-00&ServiceCd=150&Type=search", "url2": "http://www.chojukai.or.jp/" }, "geometry": { "type": "Point", "coordinates": [ 135.289250199999969, 34.3391417 ] } },
{ "type": "Feature", "properties": { "内容": "ユウ・ハピネス砂川　デイサービスセンター【通所介護】大阪府泉南市信達牧野1541番地の26", "url": "https://www.kaigokensaku.mhlw.go.jp/27/index.php?action_kouhyou_detail_004_kani=true&JigyosyoCd=2775600865-00&ServiceCd=150&Type=search", "url2": null }, "geometry": { "type": "Point", "coordinates": [ 135.2838971, 34.3619388 ] } },
{ "type": "Feature", "properties": { "内容": "ウイングデイサービス【通所介護】大阪府泉南市樽井６０３番地２号", "url": "https://www.kaigokensaku.mhlw.go.jp/27/index.php?action_kouhyou_detail_004_kani=true&JigyosyoCd=2775601160-00&ServiceCd=150&Type=search", "url2": null }, "geometry": { "type": "Point", "coordinates": [ 135.274769782208978, 34.359632678709325 ] } },
{ "type": "Feature", "properties": { "内容": "デイサービス薫【通所介護】大阪府泉南市信達市場1400", "url": "https://www.kaigokensaku.mhlw.go.jp/27/index.php?action_kouhyou_detail_004_kani=true&JigyosyoCd=2775601723-00&ServiceCd=150&Type=search", "url2": "https://www.drei-wind.co.jp/" }, "geometry": { "type": "Point", "coordinates": [ 135.281777304893495, 34.368830895318283 ] } },
{ "type": "Feature", "properties": { "内容": "ＨＡＮＡＭＡＲＵ　デイサービス【通所介護】大阪府泉南市樽井4丁目6番46号", "url": "https://www.kaigokensaku.mhlw.go.jp/27/index.php?action_kouhyou_detail_004_kani=true&JigyosyoCd=2775601699-00&ServiceCd=150&Type=search", "url2": "https://www.asahi-hanamaru.com/" }, "geometry": { "type": "Point", "coordinates": [ 135.259072699999933, 34.3661666 ] } },
{ "type": "Feature", "properties": { "内容": "デイサービスくすくす【通所介護】大阪府四條畷市二丁通町19-27", "url": "https://www.kaigokensaku.mhlw.go.jp/27/index.php?action_kouhyou_detail_004_kani=true&JigyosyoCd=2775701143-00&ServiceCd=150&Type=search", "url2": "https://ps-plus.co.jp/" }, "geometry": { "type": "Point", "coordinates": [ 135.6270629, 34.7360477 ] } },
{ "type": "Feature", "properties": { "内容": "アルファベットデイサービス【通所介護】大阪府四條畷市大字岡山１０１番地の２", "url": "https://www.kaigokensaku.mhlw.go.jp/27/index.php?action_kouhyou_detail_004_kani=true&JigyosyoCd=2775701291-00&ServiceCd=150&Type=search", "url2": null }, "geometry": { "type": "Point", "coordinates": [ 135.648096700000025, 34.7441321 ] } },
{ "type": "Feature", "properties": { "内容": "ビーナスプラス四條畷【通所介護】大阪府四條畷市雁屋北町２１－８", "url": "https://www.kaigokensaku.mhlw.go.jp/27/index.php?action_kouhyou_detail_004_kani=true&JigyosyoCd=2775701069-00&ServiceCd=150&Type=search", "url2": "http://www.venus-comrade.co.jp" }, "geometry": { "type": "Point", "coordinates": [ 135.636854584061439, 34.73418870212533 ] } },
{ "type": "Feature", "properties": { "内容": "慶生会　リハbyデイ四条畷【通所介護】大阪府四条畷市楠公２-10-16", "url": "https://www.kaigokensaku.mhlw.go.jp/27/index.php?action_kouhyou_detail_004_kani=true&JigyosyoCd=2775700798-00&ServiceCd=150&Type=search", "url2": "http://www.kyouseikai.org/" }, "geometry": { "type": "Point", "coordinates": [ 135.640608, 34.7321775 ] } },
{ "type": "Feature", "properties": { "内容": "デイサービスセンター田原荘【通所介護】大阪府四條畷市上田原597番地", "url": "https://www.kaigokensaku.mhlw.go.jp/27/index.php?action_kouhyou_detail_004_kani=true&JigyosyoCd=2775700152-00&ServiceCd=150&Type=search", "url2": "http://www.wakoucai.or.jp/tawarasou/" }, "geometry": { "type": "Point", "coordinates": [ 135.696658500000012, 34.7224983 ] } },
{ "type": "Feature", "properties": { "内容": "デイサービスセンター清滝らくらく苑【通所介護】大阪府四條畷市清滝中町1-3", "url": "https://www.kaigokensaku.mhlw.go.jp/27/index.php?action_kouhyou_detail_004_kani=true&JigyosyoCd=2775700384-00&ServiceCd=150&Type=search", "url2": "http://www.sanrokukai.com/inquiry/" }, "geometry": { "type": "Point", "coordinates": [ 135.651929339950584, 34.738766593273681 ] } },
{ "type": "Feature", "properties": { "内容": "四條畷荘デイサービスセンターほほえみ【通所介護】大阪府四條畷市北出町２８番１号", "url": "https://www.kaigokensaku.mhlw.go.jp/27/index.php?action_kouhyou_detail_004_kani=true&JigyosyoCd=2775700558-00&ServiceCd=150&Type=search", "url2": "https://4jou.jp/" }, "geometry": { "type": "Point", "coordinates": [ 135.630161600000065, 34.736477 ] } },
{ "type": "Feature", "properties": { "内容": "ふるさとデイサービスセンター【通所介護】大阪府四條畷市岡山二丁目１２－１８", "url": "https://www.kaigokensaku.mhlw.go.jp/27/index.php?action_kouhyou_detail_004_kani=true&JigyosyoCd=2775700442-00&ServiceCd=150&Type=search", "url2": "http://www.dsk.zaq.ne.jp/furusato/" }, "geometry": { "type": "Point", "coordinates": [ 135.640096500000027, 34.7473285 ] } },
{ "type": "Feature", "properties": { "内容": "ツクイ大阪四條畷【通所介護】大阪府四條畷市雁屋西町5番3号", "url": "https://www.kaigokensaku.mhlw.go.jp/27/index.php?action_kouhyou_detail_004_kani=true&JigyosyoCd=2775700707-00&ServiceCd=150&Type=search", "url2": "https://www.tsukui.net/home-care/2526/" }, "geometry": { "type": "Point", "coordinates": [ 135.631136020866791, 34.732965404094351 ] } },
{ "type": "Feature", "properties": { "内容": "デイサービスセンターるうてる【通所介護】大阪府四條畷市岡山五丁目１９番２０号", "url": "https://www.kaigokensaku.mhlw.go.jp/27/index.php?action_kouhyou_detail_004_kani=true&JigyosyoCd=2775700145-00&ServiceCd=150&Type=search", "url2": "http://www.ruuteruhome.or.jp/" }, "geometry": { "type": "Point", "coordinates": [ 135.637572304229707, 34.747759619199719 ] } },
{ "type": "Feature", "properties": { "内容": "デイサービスちよの里【通所介護】大阪府四條畷北出町18-24", "url": "https://www.kaigokensaku.mhlw.go.jp/27/index.php?action_kouhyou_detail_004_kani=true&JigyosyoCd=2775700723-00&ServiceCd=150&Type=search", "url2": "https://www.nawatecare.jp/day-service/" }, "geometry": { "type": "Point", "coordinates": [ 135.626795200000032, 34.737566 ] } },
{ "type": "Feature", "properties": { "内容": "デイサービス「ほつま」【通所介護】大阪府交野市私部西一丁目32番1号", "url": "https://www.kaigokensaku.mhlw.go.jp/27/index.php?action_kouhyou_detail_004_kani=true&JigyosyoCd=2773600388-00&ServiceCd=150&Type=search", "url2": null }, "geometry": { "type": "Point", "coordinates": [ 135.673866140336571, 34.786947826894639 ] } },
{ "type": "Feature", "properties": { "内容": "医療法人和敬会　デイサービスセンターほしだ【通所介護】大阪府交野市藤が尾三丁目５番７号", "url": "https://www.kaigokensaku.mhlw.go.jp/27/index.php?action_kouhyou_detail_004_kani=true&JigyosyoCd=2773600305-00&ServiceCd=150&Type=search", "url2": "http://www.wakeikai.or.jp/" }, "geometry": { "type": "Point", "coordinates": [ 135.676239799999962, 34.7678238 ] } },
{ "type": "Feature", "properties": { "内容": "かぐや【通所介護】大阪府交野市郡津3丁目11番10号", "url": "https://www.kaigokensaku.mhlw.go.jp/27/index.php?action_kouhyou_detail_004_kani=true&JigyosyoCd=2773601246-00&ServiceCd=150&Type=search", "url2": "http://www.care-life.jp/" }, "geometry": { "type": "Point", "coordinates": [ 135.672014898811312, 34.794597882616962 ] } },
{ "type": "Feature", "properties": { "内容": "デイサービスまつり妙見口【通所介護】大阪府交野市藤が尾5-11-13デイサービスまつり妙見口", "url": "https://www.kaigokensaku.mhlw.go.jp/27/index.php?action_kouhyou_detail_004_kani=true&JigyosyoCd=2773601436-00&ServiceCd=150&Type=search", "url2": "https://matsuri-koa.com/" }, "geometry": { "type": "Point", "coordinates": [ 135.674815, 34.7671655 ] } },
{ "type": "Feature", "properties": { "内容": "交野デイサービスセンターとまと【通所介護】大阪府交野市青山2丁目1番7号", "url": "https://www.kaigokensaku.mhlw.go.jp/27/index.php?action_kouhyou_detail_004_kani=true&JigyosyoCd=2773600966-00&ServiceCd=150&Type=search", "url2": null }, "geometry": { "type": "Point", "coordinates": [ 135.68952749999994, 34.78659420000001 ] } },
{ "type": "Feature", "properties": { "内容": "ビーナスプラス交野【通所介護】大阪府交野市私部2-11-24-101", "url": "https://www.kaigokensaku.mhlw.go.jp/27/index.php?action_kouhyou_detail_004_kani=true&JigyosyoCd=2773601493-00&ServiceCd=150&Type=search", "url2": "https://www.venus-comrade.co.jp/office/plus_katano/" }, "geometry": { "type": "Point", "coordinates": [ 135.6765106, 34.7863685 ] } },
{ "type": "Feature", "properties": { "内容": "ほっこりatホーム星田デイサービス【通所介護】大阪府交野市星田５丁目１７番27号", "url": "https://www.kaigokensaku.mhlw.go.jp/27/index.php?action_kouhyou_detail_004_kani=true&JigyosyoCd=2773600859-00&ServiceCd=150&Type=search", "url2": "http://www.hokkori-athome.com" }, "geometry": { "type": "Point", "coordinates": [ 135.663868800000046, 34.7661431 ] } },
{ "type": "Feature", "properties": { "内容": "星田北ほっこりａｔホームデイサービス【通所介護】大阪府交野市星田北7-13-3", "url": "https://www.kaigokensaku.mhlw.go.jp/27/index.php?action_kouhyou_detail_004_kani=true&JigyosyoCd=2773601485-00&ServiceCd=150&Type=search", "url2": "http://www.hokkori-athome.com/" }, "geometry": { "type": "Point", "coordinates": [ 135.664206400000012, 34.7683374 ] } },
{ "type": "Feature", "properties": { "内容": "デイサービス花ごころ【通所介護】大阪府交野市私市四丁目46番2号", "url": "https://www.kaigokensaku.mhlw.go.jp/27/index.php?action_kouhyou_detail_004_kani=true&JigyosyoCd=2773600933-00&ServiceCd=150&Type=search", "url2": "https://d-hanagokoro.com" }, "geometry": { "type": "Point", "coordinates": [ 135.682668582633966, 34.770604125031007 ] } },
{ "type": "Feature", "properties": { "内容": "きんもくせいデイサービスセンター【通所介護】交野市南星台2丁目５－１５ケアハウスきんもくせい", "url": "https://www.kaigokensaku.mhlw.go.jp/27/index.php?action_kouhyou_detail_004_kani=true&JigyosyoCd=2773600107-00&ServiceCd=150&Type=search", "url2": "http://care-net.biz/27/mokuseikai/" }, "geometry": { "type": "Point", "coordinates": [ 135.670629500000018, 34.758191400000015 ] } },
{ "type": "Feature", "properties": { "内容": "デイサービスセンター美来【通所介護】大阪府交野市倉治４丁目４０番７号", "url": "https://www.kaigokensaku.mhlw.go.jp/27/index.php?action_kouhyou_detail_004_kani=true&JigyosyoCd=2773600701-00&ServiceCd=150&Type=search", "url2": "http://www.misugikai.jp/" }, "geometry": { "type": "Point", "coordinates": [ 135.684886199999937, 34.7956513 ] } },
{ "type": "Feature", "properties": { "内容": "デイサービスセンター　明星【通所介護】大阪府交野市星田8-6-7", "url": "https://www.kaigokensaku.mhlw.go.jp/27/index.php?action_kouhyou_detail_004_kani=true&JigyosyoCd=2773600164-00&ServiceCd=150&Type=search", "url2": "https://www.h-myojo.or.jp" }, "geometry": { "type": "Point", "coordinates": [ 135.6700128, 34.7638407 ] } },
{ "type": "Feature", "properties": { "内容": "デイサービスセンター天の川【通所介護】大阪府交野市藤が尾2-5-22", "url": "https://www.kaigokensaku.mhlw.go.jp/27/index.php?action_kouhyou_detail_004_kani=true&JigyosyoCd=2773600206-00&ServiceCd=150&Type=search", "url2": "http://www.h-myojo.or.jp/" }, "geometry": { "type": "Point", "coordinates": [ 135.678564599999959, 34.7700264 ] } },
{ "type": "Feature", "properties": { "内容": "ニチイケアセンター幾野【通所介護】大阪府交野市幾野二丁目29番10号", "url": "https://www.kaigokensaku.mhlw.go.jp/27/index.php?action_kouhyou_detail_004_kani=true&JigyosyoCd=2773600149-00&ServiceCd=150&Type=search", "url2": "http://www.nichiigakkan.co.jp" }, "geometry": { "type": "Point", "coordinates": [ 135.683553, 34.7948097 ] } },
{ "type": "Feature", "properties": { "内容": "リンクデイサービス狭山【通所介護】大阪府大阪狭山市狭山二丁目902番4号", "url": "https://www.kaigokensaku.mhlw.go.jp/27/index.php?action_kouhyou_detail_004_kani=true&JigyosyoCd=2779300819-00&ServiceCd=150&Type=search", "url2": "https://www.healthcare-link.co.jp" }, "geometry": { "type": "Point", "coordinates": [ 135.554953899999987, 34.503351 ] } },
{ "type": "Feature", "properties": { "内容": "デイサービスセンターさんSUN【通所介護】大阪府大阪狭山市今熊１丁目62-4", "url": "https://www.kaigokensaku.mhlw.go.jp/27/index.php?action_kouhyou_detail_004_kani=true&JigyosyoCd=2779301593-00&ServiceCd=150&Type=search", "url2": "http://www.day-sunsun.com/index.html" }, "geometry": { "type": "Point", "coordinates": [ 135.544525799999974, 34.4958876 ] } },
{ "type": "Feature", "properties": { "内容": "やすらぎの村　デイサービスセンターくみの木【通所介護】大阪府大阪狭山市茱萸木4丁目345番地の1", "url": "https://www.kaigokensaku.mhlw.go.jp/27/index.php?action_kouhyou_detail_004_kani=true&JigyosyoCd=2779301221-00&ServiceCd=150&Type=search", "url2": "https://www.inforlive.com/index.html" }, "geometry": { "type": "Point", "coordinates": [ 135.54864185410608, 34.491477012139285 ] } },
{ "type": "Feature", "properties": { "内容": "ファヴォーレ・ディサービスセンター【通所介護】大阪狭山市大野西566-2", "url": "https://www.kaigokensaku.mhlw.go.jp/27/index.php?action_kouhyou_detail_004_kani=true&JigyosyoCd=2779300173-00&ServiceCd=150&Type=search", "url2": "http://kyoyukai.org" }, "geometry": { "type": "Point", "coordinates": [ 135.541807899999981, 34.4711909 ] } },
{ "type": "Feature", "properties": { "内容": "老人デイサービスセンター　陽だまりの丘【通所介護】大阪府大阪狭山市大野台一丁目14番20号", "url": "https://www.kaigokensaku.mhlw.go.jp/27/index.php?action_kouhyou_detail_004_kani=true&JigyosyoCd=2779300751-00&ServiceCd=150&Type=search", "url2": "http://osakasayamahakuyukai.jp/" }, "geometry": { "type": "Point", "coordinates": [ 135.550765400000046, 34.4828312 ] } },
{ "type": "Feature", "properties": { "内容": "寿里苑花舞の郷デイサービスセンター【通所介護】大阪狭山市東池尻４－１３３６－１", "url": "https://www.kaigokensaku.mhlw.go.jp/27/index.php?action_kouhyou_detail_004_kani=true&JigyosyoCd=2779301064-00&ServiceCd=150&Type=search", "url2": "http://www.julien.or.jp/hanamainosato/" }, "geometry": { "type": "Point", "coordinates": [ 135.5550925, 34.5140556 ] } },
{ "type": "Feature", "properties": { "内容": "ほねつぎデイサービス狭山【通所介護】大阪府大阪狭山市大野台2-19-8", "url": "https://www.kaigokensaku.mhlw.go.jp/27/index.php?action_kouhyou_detail_004_kani=true&JigyosyoCd=2779301734-00&ServiceCd=150&Type=search", "url2": null }, "geometry": { "type": "Point", "coordinates": [ 135.542538230415659, 34.483187032765642 ] } },
{ "type": "Feature", "properties": { "内容": "デイサービス心花【通所介護】大阪府大阪狭山市茱萸木七丁目1529番", "url": "https://www.kaigokensaku.mhlw.go.jp/27/index.php?action_kouhyou_detail_004_kani=true&JigyosyoCd=2779301791-00&ServiceCd=150&Type=search", "url2": null }, "geometry": { "type": "Point", "coordinates": [ 135.5559433, 34.4785544 ] } },
{ "type": "Feature", "properties": { "内容": "通所介護　トレーニングはうす【通所介護】大阪府大阪狭山市茱萸木四丁目1345番地の1", "url": "https://www.kaigokensaku.mhlw.go.jp/27/index.php?action_kouhyou_detail_004_kani=true&JigyosyoCd=2779301536-00&ServiceCd=150&Type=search", "url2": "https://sogoiryo-kikaku.com/service/training.html" }, "geometry": { "type": "Point", "coordinates": [ 135.547533376582322, 34.49048178690667 ] } },
{ "type": "Feature", "properties": { "内容": "林メディカル株式会社【通所介護】大阪府大阪狭山市大野台7丁目12-5", "url": "https://www.kaigokensaku.mhlw.go.jp/27/index.php?action_kouhyou_detail_004_kani=true&JigyosyoCd=2779301874-00&ServiceCd=150&Type=search", "url2": null }, "geometry": { "type": "Point", "coordinates": [ 135.5356646, 34.4804662 ] } },
{ "type": "Feature", "properties": { "内容": "くみのき苑デイサービスセンターさらさ【通所介護】大阪府大阪狭山市東茱萸木4丁目1162-2", "url": "https://www.kaigokensaku.mhlw.go.jp/27/index.php?action_kouhyou_detail_004_kani=true&JigyosyoCd=2779300124-00&ServiceCd=150&Type=search", "url2": "https://www.rapport-kuminoki.or.jp/sarasa/" }, "geometry": { "type": "Point", "coordinates": [ 135.557167599999957, 34.4831562 ] } },
{ "type": "Feature", "properties": { "内容": "デイサービスAQUAくみのき【通所介護】大阪府大阪狭山市池之原三丁目564番地１号", "url": "https://www.kaigokensaku.mhlw.go.jp/27/index.php?action_kouhyou_detail_004_kani=true&JigyosyoCd=2779300892-00&ServiceCd=150&Type=search", "url2": "http://www.rapport-kuminoki.jp/" }, "geometry": { "type": "Point", "coordinates": [ 135.546674100000018, 34.4994626 ] } },
{ "type": "Feature", "properties": { "内容": "尾崎デイサービスセンター【通所介護】大阪府阪南市下出274番1", "url": "https://www.kaigokensaku.mhlw.go.jp/27/index.php?action_kouhyou_detail_004_kani=true&JigyosyoCd=2779500541-00&ServiceCd=150&Type=search", "url2": "http://www.ozaki-dch.com/" }, "geometry": { "type": "Point", "coordinates": [ 135.247110742341079, 34.362102041267875 ] } },
{ "type": "Feature", "properties": { "内容": "さくらデイサービスセンター【通所介護】大阪府阪南市桃の木台一丁目２番地１", "url": "https://www.kaigokensaku.mhlw.go.jp/27/index.php?action_kouhyou_detail_004_kani=true&JigyosyoCd=2779500756-00&ServiceCd=150&Type=search", "url2": "http://sakura-h.or.jp" }, "geometry": { "type": "Point", "coordinates": [ 135.221024899999946, 34.3328525 ] } },
{ "type": "Feature", "properties": { "内容": "老人デイサービスセンターライフケア尾崎【通所介護】大阪府阪南市尾崎町204番地の6", "url": "https://www.kaigokensaku.mhlw.go.jp/27/index.php?action_kouhyou_detail_004_kani=true&JigyosyoCd=2779500335-00&ServiceCd=150&Type=search", "url2": "http://www.lifecare-ozaki.or.jp/" }, "geometry": { "type": "Point", "coordinates": [ 135.248441, 34.3633128 ] } },
{ "type": "Feature", "properties": { "内容": "デイサービスセンター海甍【通所介護】大阪府阪南市鳥取９９２", "url": "https://www.kaigokensaku.mhlw.go.jp/27/index.php?action_kouhyou_detail_004_kani=true&JigyosyoCd=2779501499-00&ServiceCd=150&Type=search", "url2": "https://www.sansyukai.jp/wadairaka_dayservice/" }, "geometry": { "type": "Point", "coordinates": [ 135.227199759524524, 34.350051500001392 ] } },
{ "type": "Feature", "properties": { "内容": "オアシス阪南デイサービスセンター【通所介護】大阪府阪南市箱の浦382番地の74", "url": "https://www.kaigokensaku.mhlw.go.jp/27/index.php?action_kouhyou_detail_004_kani=true&JigyosyoCd=2779501572-00&ServiceCd=150&Type=search", "url2": "http://oasis40.ec-net.jp/index.html" }, "geometry": { "type": "Point", "coordinates": [ 135.19468040000001, 34.331711700000014 ] } },
{ "type": "Feature", "properties": { "内容": "デイサービス・ミズナス【通所介護】大阪府阪南市鳥取４７５－１", "url": "https://www.kaigokensaku.mhlw.go.jp/27/index.php?action_kouhyou_detail_004_kani=true&JigyosyoCd=2779500681-00&ServiceCd=150&Type=search", "url2": "http://www.mizunasu777.com" }, "geometry": { "type": "Point", "coordinates": [ 135.23347339999998, 34.3495505 ] } },
{ "type": "Feature", "properties": { "内容": "デイサービス悠然荘【通所介護】大阪府阪南市自然田1619-13", "url": "https://www.kaigokensaku.mhlw.go.jp/27/index.php?action_kouhyou_detail_004_kani=true&JigyosyoCd=2779501663-00&ServiceCd=150&Type=search", "url2": null }, "geometry": { "type": "Point", "coordinates": [ 135.254474800000054, 34.3479693 ] } },
{ "type": "Feature", "properties": { "内容": "玉田山荘デイサービスセンター【通所介護】大阪府阪南市自然田1100番地", "url": "https://www.kaigokensaku.mhlw.go.jp/27/index.php?action_kouhyou_detail_004_kani=true&JigyosyoCd=2779500095-00&ServiceCd=150&Type=search", "url2": "http://www.tamadayama.or.jp" }, "geometry": { "type": "Point", "coordinates": [ 135.253835799999933, 34.3383574 ] } },
{ "type": "Feature", "properties": { "内容": "シャルムデイサービス【通所介護】大阪府阪南市舞3丁目31-21", "url": "https://www.kaigokensaku.mhlw.go.jp/27/index.php?action_kouhyou_detail_004_kani=true&JigyosyoCd=2779501531-00&ServiceCd=150&Type=search", "url2": null }, "geometry": { "type": "Point", "coordinates": [ 135.231036, 34.3438534 ] } },
{ "type": "Feature", "properties": { "内容": "山中渓デイサービス【通所介護】大阪府阪南市山中渓1253-2", "url": "https://www.kaigokensaku.mhlw.go.jp/27/index.php?action_kouhyou_detail_004_kani=true&JigyosyoCd=2779501077-00&ServiceCd=150&Type=search", "url2": "http://huku-8.net" }, "geometry": { "type": "Point", "coordinates": [ 135.268432500000017, 34.3242122 ] } },
{ "type": "Feature", "properties": { "内容": "老人デイサービスセンター友愛の里箱作【通所介護】大阪府阪南市箱作807-1", "url": "https://www.kaigokensaku.mhlw.go.jp/27/index.php?action_kouhyou_detail_004_kani=true&JigyosyoCd=2779500491-00&ServiceCd=150&Type=search", "url2": null }, "geometry": { "type": "Point", "coordinates": [ 135.214200500000061, 34.3343521 ] } },
{ "type": "Feature", "properties": { "内容": "万葉館デイサービスセンター【通所介護】大阪府三島郡島本町広瀬4丁目25番13号万葉館", "url": "https://www.kaigokensaku.mhlw.go.jp/27/index.php?action_kouhyou_detail_004_kani=true&JigyosyoCd=2773900705-00&ServiceCd=150&Type=search", "url2": "https://topcare.co.jp" }, "geometry": { "type": "Point", "coordinates": [ 135.6692914, 34.8795725 ] } },
{ "type": "Feature", "properties": { "内容": "エルケア株式会社エルケアデイサービスみなせ【通所介護】大阪府三島郡島本町水無瀬1-20-2", "url": "https://www.kaigokensaku.mhlw.go.jp/27/index.php?action_kouhyou_detail_004_kani=true&JigyosyoCd=2773900457-00&ServiceCd=150&Type=search", "url2": "https://www.l-care.jp/" }, "geometry": { "type": "Point", "coordinates": [ 135.666514544319199, 34.879017205334726 ] } },
{ "type": "Feature", "properties": { "内容": "デイサービスセンター島本【通所介護】大阪府三島郡島本町桜井2丁目6-17レジデンスTOWA", "url": "https://www.kaigokensaku.mhlw.go.jp/27/index.php?action_kouhyou_detail_004_kani=true&JigyosyoCd=2773900663-00&ServiceCd=150&Type=search", "url2": "http://www.r-towa.com" }, "geometry": { "type": "Point", "coordinates": [ 135.6617104, 34.8819512 ] } },
{ "type": "Feature", "properties": { "内容": "デイサービスセンター　種くら【通所介護】大阪府三島郡島本町高浜一丁目27番8号", "url": "https://www.kaigokensaku.mhlw.go.jp/27/index.php?action_kouhyou_detail_004_kani=true&JigyosyoCd=2773900523-00&ServiceCd=150&Type=search", "url2": "https://tanekura.net/" }, "geometry": { "type": "Point", "coordinates": [ 135.668509715344271, 34.872389008936089 ] } },
{ "type": "Feature", "properties": { "内容": "のせの里デイサービスセンター【通所介護】大阪府豊能郡豊能町木代３３５", "url": "https://www.kaigokensaku.mhlw.go.jp/27/index.php?action_kouhyou_detail_004_kani=true&JigyosyoCd=2774700153-00&ServiceCd=150&Type=search", "url2": null }, "geometry": { "type": "Point", "coordinates": [ 135.4972206, 34.9195005 ] } },
{ "type": "Feature", "properties": { "内容": "リビング・リハＧＯＡＬＤ【通所介護】大阪府豊能郡豊能町吉川187番地の１", "url": "https://www.kaigokensaku.mhlw.go.jp/27/index.php?action_kouhyou_detail_004_kani=true&JigyosyoCd=2774700633-00&ServiceCd=150&Type=search", "url2": "http://syownkan.jp" }, "geometry": { "type": "Point", "coordinates": [ 135.447591500000044, 34.9118783 ] } },
{ "type": "Feature", "properties": { "内容": "ポラリスデイサービスセンター忠岡町【通所介護】大阪府泉北郡忠岡町忠岡中1-8-17", "url": "https://www.kaigokensaku.mhlw.go.jp/27/index.php?action_kouhyou_detail_004_kani=true&JigyosyoCd=2775400654-00&ServiceCd=150&Type=search", "url2": null }, "geometry": { "type": "Point", "coordinates": [ 135.397835811639425, 34.491436485287245 ] } },
{ "type": "Feature", "properties": { "内容": "デイサービスセンターたゆた【通所介護】大阪府泉北郡忠岡町忠岡北2-11-24", "url": "https://www.kaigokensaku.mhlw.go.jp/27/index.php?action_kouhyou_detail_004_kani=true&JigyosyoCd=2775400746-00&ServiceCd=150&Type=search", "url2": "http://hp.kaipoke.biz/16d/" }, "geometry": { "type": "Point", "coordinates": [ 135.393054807409669, 34.49578609409874 ] } },
{ "type": "Feature", "properties": { "内容": "リハビリデイサービスルピナス忠岡【通所介護】大阪府泉北郡忠岡町忠岡南3丁目11-25", "url": "https://www.kaigokensaku.mhlw.go.jp/27/index.php?action_kouhyou_detail_004_kani=true&JigyosyoCd=2775400795-00&ServiceCd=150&Type=search", "url2": "https://www.rupinasu-inc.co.jp" }, "geometry": { "type": "Point", "coordinates": [ 135.3904056, 34.4930447 ] } },
{ "type": "Feature", "properties": { "内容": "よりあいデイサービス忠岡【通所介護】大阪府泉北郡忠岡町忠岡南一丁目3番19号", "url": "https://www.kaigokensaku.mhlw.go.jp/27/index.php?action_kouhyou_detail_004_kani=true&JigyosyoCd=2775400357-00&ServiceCd=150&Type=search", "url2": "https://npo-yoriai.org/" }, "geometry": { "type": "Point", "coordinates": [ 135.396577242327879, 34.488310062663011 ] } },
{ "type": "Feature", "properties": { "内容": "有限会社　あんずデイサービスセンター【通所介護】大阪府泉北郡忠岡町馬瀬１丁目９番２号", "url": "https://www.kaigokensaku.mhlw.go.jp/27/index.php?action_kouhyou_detail_004_kani=true&JigyosyoCd=2775400258-00&ServiceCd=150&Type=search", "url2": null }, "geometry": { "type": "Point", "coordinates": [ 135.401567699999987, 34.483846 ] } },
{ "type": "Feature", "properties": { "内容": "デイサービスセンターほがらか【通所介護】大阪府泉北郡忠岡町忠岡東2丁目14番6号", "url": "https://www.kaigokensaku.mhlw.go.jp/27/index.php?action_kouhyou_detail_004_kani=true&JigyosyoCd=2775400126-00&ServiceCd=150&Type=search", "url2": null }, "geometry": { "type": "Point", "coordinates": [ 135.400620600000025, 34.4898507 ] } },
{ "type": "Feature", "properties": { "内容": "デイサービスセンター健樂舎【通所介護】大阪府泉北郡忠岡町高月南2-2-8", "url": "https://www.kaigokensaku.mhlw.go.jp/27/index.php?action_kouhyou_detail_004_kani=true&JigyosyoCd=2775400761-00&ServiceCd=150&Type=search", "url2": "https://www.kenrakusya.com" }, "geometry": { "type": "Point", "coordinates": [ 135.410064335176457, 34.480102930506298 ] } },
{ "type": "Feature", "properties": { "内容": "デイサービスセンター健樂舎　母屋【通所介護】大阪府泉北郡忠岡町北出３丁目３番２０号", "url": "https://www.kaigokensaku.mhlw.go.jp/27/index.php?action_kouhyou_detail_004_kani=true&JigyosyoCd=2775400209-00&ServiceCd=150&Type=search", "url2": "http://www.kenrakusya.com" }, "geometry": { "type": "Point", "coordinates": [ 135.409853099999964, 34.4821769 ] } },
{ "type": "Feature", "properties": { "内容": "デイサービスつばき【通所介護】大阪府泉南郡熊取町大久保東2-2-1", "url": "https://www.kaigokensaku.mhlw.go.jp/27/index.php?action_kouhyou_detail_004_kani=true&JigyosyoCd=2771201205-00&ServiceCd=150&Type=search", "url2": "http://www.t-gp.co.jp/dstsubaki.html" }, "geometry": { "type": "Point", "coordinates": [ 135.345622, 34.3997463 ] } },
{ "type": "Feature", "properties": { "内容": "デイサービスセンターこんにちは熊取【通所介護】大阪府泉南郡熊取町小垣内三丁目２番２５号有料老人ホームこんにちは", "url": "https://www.kaigokensaku.mhlw.go.jp/27/index.php?action_kouhyou_detail_004_kani=true&JigyosyoCd=2771201775-00&ServiceCd=150&Type=search", "url2": "https://konnichiha/jp" }, "geometry": { "type": "Point", "coordinates": [ 135.365007, 34.3982914 ] } },
{ "type": "Feature", "properties": { "内容": "リハビリデイサービス開夢熊取【通所介護】大阪府泉南郡熊取町久保3-9-10", "url": "https://www.kaigokensaku.mhlw.go.jp/27/index.php?action_kouhyou_detail_004_kani=true&JigyosyoCd=2771201106-00&ServiceCd=150&Type=search", "url2": null }, "geometry": { "type": "Point", "coordinates": [ 135.370308300000033, 34.3934087 ] } },
{ "type": "Feature", "properties": { "内容": "デイサービスセンター永楽【通所介護】大阪府泉南郡熊取町野田３丁目１１１１番地２", "url": "https://www.kaigokensaku.mhlw.go.jp/27/index.php?action_kouhyou_detail_004_kani=true&JigyosyoCd=2771200173-00&ServiceCd=150&Type=search", "url2": "http://www.eiraku-fukushi.com" }, "geometry": { "type": "Point", "coordinates": [ 135.355518467459092, 34.40415146566842 ] } },
{ "type": "Feature", "properties": { "内容": "デイサービスセンターしんえい【通所介護】大阪府泉南郡熊取町大字小垣内１４４６番地６", "url": "https://www.kaigokensaku.mhlw.go.jp/27/index.php?action_kouhyou_detail_004_kani=true&JigyosyoCd=2771200421-00&ServiceCd=150&Type=search", "url2": "https://shineifukusikai.web.fc2.com" }, "geometry": { "type": "Point", "coordinates": [ 135.370922, 34.4026605 ] } },
{ "type": "Feature", "properties": { "内容": "ケアパートナー熊取【通所介護】大阪府泉南郡熊取町大久保中１丁目１５－２", "url": "https://www.kaigokensaku.mhlw.go.jp/27/index.php?action_kouhyou_detail_004_kani=true&JigyosyoCd=2771200504-00&ServiceCd=150&Type=search", "url2": "http://www.care-partner.com/" }, "geometry": { "type": "Point", "coordinates": [ 135.342405500000041, 34.4058954 ] } },
{ "type": "Feature", "properties": { "内容": "デイサービスセンターこぢんまり【通所介護】大阪府泉南郡熊取町大久保南3丁目1416-1", "url": "https://www.kaigokensaku.mhlw.go.jp/27/index.php?action_kouhyou_detail_004_kani=true&JigyosyoCd=2771201528-00&ServiceCd=150&Type=search", "url2": "http://www.haruhineno.net/" }, "geometry": { "type": "Point", "coordinates": [ 135.343139699999966, 34.391327099999977 ] } },
{ "type": "Feature", "properties": { "内容": "ARUKUJIRITAS【通所介護】大阪府泉南郡熊取町朝代東1-5-17", "url": "https://www.kaigokensaku.mhlw.go.jp/27/index.php?action_kouhyou_detail_004_kani=true&JigyosyoCd=2771201858-00&ServiceCd=150&Type=search", "url2": "http://eikoukai-group.com/service" }, "geometry": { "type": "Point", "coordinates": [ 135.349593818385301, 34.389993109189838 ] } },
{ "type": "Feature", "properties": { "内容": "デイサービス　ひなたぼっこ【通所介護】大阪府泉南郡熊取町和田3丁目3409番地", "url": "https://www.kaigokensaku.mhlw.go.jp/27/index.php?action_kouhyou_detail_004_kani=true&JigyosyoCd=2771201767-00&ServiceCd=150&Type=search", "url2": "http://hp.kaipoke.biz/mss/index.html" }, "geometry": { "type": "Point", "coordinates": [ 135.363373200000012, 34.3876753 ] } },
{ "type": "Feature", "properties": { "内容": "デイサービスセンター虹Ⅱ【通所介護】大阪府泉南郡熊取町大久保北3-262-1", "url": "https://www.kaigokensaku.mhlw.go.jp/27/index.php?action_kouhyou_detail_004_kani=true&JigyosyoCd=2771201395-00&ServiceCd=150&Type=search", "url2": null }, "geometry": { "type": "Point", "coordinates": [ 135.346450600000026, 34.4086545 ] } },
{ "type": "Feature", "properties": { "内容": "デイサービスセンター第２弥栄園【通所介護】大阪府泉南郡熊取町大久保南３丁目１５６９番地１", "url": "https://www.kaigokensaku.mhlw.go.jp/27/index.php?action_kouhyou_detail_004_kani=true&JigyosyoCd=2771200520-00&ServiceCd=150&Type=search", "url2": "http://www.yasakaen.com" }, "geometry": { "type": "Point", "coordinates": [ 135.342927799999984, 34.3959995 ] } },
{ "type": "Feature", "properties": { "内容": "デイサービスセンター　インテフィール【通所介護】大阪府泉南郡田尻町りんくうポート北3番25", "url": "https://www.kaigokensaku.mhlw.go.jp/27/index.php?action_kouhyou_detail_004_kani=true&JigyosyoCd=2771200876-00&ServiceCd=150&Type=search", "url2": "http://www.intefeel.jp/" }, "geometry": { "type": "Point", "coordinates": [ 135.288570700000037, 34.3986151 ] } },
{ "type": "Feature", "properties": { "内容": "フィオーレ南海　デイサービスセンター【通所介護】大阪府泉南郡田尻町吉見３２６－１", "url": "https://www.kaigokensaku.mhlw.go.jp/27/index.php?action_kouhyou_detail_004_kani=true&JigyosyoCd=2771200090-00&ServiceCd=150&Type=search", "url2": "http://www.fiorenankai.join-us.jp" }, "geometry": { "type": "Point", "coordinates": [ 135.286521200000038, 34.3862499 ] } },
{ "type": "Feature", "properties": { "内容": "医療法人誠人会デイサービスセンター花水木【通所介護】大阪府泉南郡岬町深日1484番1", "url": "https://www.kaigokensaku.mhlw.go.jp/27/index.php?action_kouhyou_detail_004_kani=true&JigyosyoCd=2771201445-00&ServiceCd=150&Type=search", "url2": "http://www.yoda.or.jp" }, "geometry": { "type": "Point", "coordinates": [ 135.149068419807037, 34.31861087769073 ] } },
{ "type": "Feature", "properties": { "内容": "ぽぽろ淡輪デイサービスセンター【通所介護】大阪府泉南郡岬町淡輪1149-3", "url": "https://www.kaigokensaku.mhlw.go.jp/27/index.php?action_kouhyou_detail_004_kani=true&JigyosyoCd=2771201817-00&ServiceCd=150&Type=search", "url2": "http://medi-wel.jp" }, "geometry": { "type": "Point", "coordinates": [ 135.1808811, 34.3305371 ] } },
{ "type": "Feature", "properties": { "内容": "医療法人愛輪会デイサービスあい【通所介護】大阪府泉南郡岬町淡輪4216-8デイサービスあい", "url": "https://www.kaigokensaku.mhlw.go.jp/27/index.php?action_kouhyou_detail_004_kani=true&JigyosyoCd=2771201411-00&ServiceCd=150&Type=search", "url2": null }, "geometry": { "type": "Point", "coordinates": [ 135.168462299999987, 34.333632 ] } },
{ "type": "Feature", "properties": { "内容": "社会福祉法人　順風会　ぽぽろ岬デイサービスセンター【通所介護】大阪府泉南郡岬町深日1308", "url": "https://www.kaigokensaku.mhlw.go.jp/27/index.php?action_kouhyou_detail_004_kani=true&JigyosyoCd=2771201718-00&ServiceCd=150&Type=search", "url2": "https://medi-wel.jp" }, "geometry": { "type": "Point", "coordinates": [ 135.156139, 34.315544 ] } },
{ "type": "Feature", "properties": { "内容": "リハビリデイサービス　サンテ【通所介護】大阪府南河内郡太子町大字太子1593番地の2", "url": "https://www.kaigokensaku.mhlw.go.jp/27/index.php?action_kouhyou_detail_004_kani=true&JigyosyoCd=2773501016-00&ServiceCd=150&Type=search", "url2": null }, "geometry": { "type": "Point", "coordinates": [ 135.636149, 34.5166225 ] } },
{ "type": "Feature", "properties": { "内容": "医療法人清秀会なかつじデイサービス【通所介護】大阪府南河内郡太子町大字太子1763番", "url": "https://www.kaigokensaku.mhlw.go.jp/27/index.php?action_kouhyou_detail_004_kani=true&JigyosyoCd=2773500943-00&ServiceCd=150&Type=search", "url2": null }, "geometry": { "type": "Point", "coordinates": [ 135.6381649, 34.517801 ] } },
{ "type": "Feature", "properties": { "内容": "デイサービスセンター　美野の里【通所介護】大阪府南河内郡太子町山田２５５０", "url": "https://www.kaigokensaku.mhlw.go.jp/27/index.php?action_kouhyou_detail_004_kani=true&JigyosyoCd=2773500208-00&ServiceCd=150&Type=search", "url2": "http://www.minonosato.com/" }, "geometry": { "type": "Point", "coordinates": [ 135.657535400000029, 34.5140433 ] } },
{ "type": "Feature", "properties": { "内容": "特定非営利活動法人　でいるーむコスモス【通所介護】大阪府南河内郡太子町大字山田７７番地５", "url": "https://www.kaigokensaku.mhlw.go.jp/27/index.php?action_kouhyou_detail_004_kani=true&JigyosyoCd=2773500729-00&ServiceCd=150&Type=search", "url2": null }, "geometry": { "type": "Point", "coordinates": [ 135.647550099999989, 34.5176845 ] } },
{ "type": "Feature", "properties": { "内容": "老人デイサービスセンター　カナン【通所介護】大阪府南河内郡河南町大字寛弘寺101番地", "url": "https://www.kaigokensaku.mhlw.go.jp/27/index.php?action_kouhyou_detail_004_kani=true&JigyosyoCd=2773500752-00&ServiceCd=150&Type=search", "url2": "http://www.jyunshin.or.jp/anri/" }, "geometry": { "type": "Point", "coordinates": [ 135.624339, 34.4824684 ] } },
{ "type": "Feature", "properties": { "内容": "菊水苑デイサービスセンター【通所介護】大阪府南河内郡河南町大字加納１７番地", "url": "https://www.kaigokensaku.mhlw.go.jp/27/index.php?action_kouhyou_detail_004_kani=true&JigyosyoCd=2773500166-00&ServiceCd=150&Type=search", "url2": "http://www.kikusuien.com" }, "geometry": { "type": "Point", "coordinates": [ 135.62969929999997, 34.4916369 ] } },
{ "type": "Feature", "properties": { "内容": "デイサービスくすのき【通所介護】大阪府南河内郡千早赤阪村森屋879番地3", "url": "https://www.kaigokensaku.mhlw.go.jp/27/index.php?action_kouhyou_detail_004_kani=true&JigyosyoCd=2773501099-00&ServiceCd=150&Type=search", "url2": null }, "geometry": { "type": "Point", "coordinates": [ 135.6189623, 34.4684373 ] } },
{ "type": "Feature", "properties": { "内容": "千早赤阪春の家デイサービスセンター【通所介護】大阪府南河内郡千早赤阪村東阪122-1番地", "url": "https://www.kaigokensaku.mhlw.go.jp/27/index.php?action_kouhyou_detail_004_kani=true&JigyosyoCd=2773500232-00&ServiceCd=150&Type=search", "url2": "http://www.harunoie.net" }, "geometry": { "type": "Point", "coordinates": [ 135.61437090000004, 34.4503832 ] } }
]
}
