{
"type": "FeatureCollection",
"name": "geo_27_通所リハビリテーション",
"crs": { "type": "name", "properties": { "name": "urn:ogc:def:crs:OGC:1.3:CRS84" } },
"features": [
{ "type": "Feature", "properties": { "内容": "ツヂ病院【通所リハビリテーション】大阪府大阪市都島区都島北通1-22-6", "url": "https://www.kaigokensaku.mhlw.go.jp/27/index.php?action_kouhyou_detail_004_kani=true&JigyosyoCd=2715201576-00&ServiceCd=160&Type=search", "url2": "https://www.tsuji-hospital.or.jp" }, "geometry": { "type": "Point", "coordinates": [ 135.528527700000012, 34.7118528 ] } },
{ "type": "Feature", "properties": { "内容": "介護老人保健施設　東雄苑都島【通所リハビリテーション】大阪市都島区中野町１丁目１３番１２号", "url": "https://www.kaigokensaku.mhlw.go.jp/27/index.php?action_kouhyou_detail_004_kani=true&JigyosyoCd=2755280027-00&ServiceCd=160&Type=search", "url2": "http://www.oukikai.or.jp" }, "geometry": { "type": "Point", "coordinates": [ 135.523937899999964, 34.7011875 ] } },
{ "type": "Feature", "properties": { "内容": "聖和病院【通所リハビリテーション】大阪府大阪市都島区中野町１－４－３", "url": "https://www.kaigokensaku.mhlw.go.jp/27/index.php?action_kouhyou_detail_004_kani=true&JigyosyoCd=2715202772-00&ServiceCd=160&Type=search", "url2": "http://seiwabyoin.com/" }, "geometry": { "type": "Point", "coordinates": [ 135.525096096295073, 34.698561960097621 ] } },
{ "type": "Feature", "properties": { "内容": "社会医療法人明生会　介護老人保健施設　桜の宮苑【通所リハビリテーション】大阪市都島区都島中通1丁目7番1号", "url": "https://www.kaigokensaku.mhlw.go.jp/27/index.php?action_kouhyou_detail_004_kani=true&JigyosyoCd=2755280019-00&ServiceCd=160&Type=search", "url2": "http://meiseigrp.jp/" }, "geometry": { "type": "Point", "coordinates": [ 135.5283154, 34.7048371 ] } },
{ "type": "Feature", "properties": { "内容": "淀川クリニック　通所リハビリテーション【通所リハビリテーション】大阪府大阪市都島区毛馬町4-4-6", "url": "https://www.kaigokensaku.mhlw.go.jp/27/index.php?action_kouhyou_detail_004_kani=true&JigyosyoCd=2715203408-00&ServiceCd=160&Type=search", "url2": "https://yodogawa-clinic.com/yodogawa/rihabiri" }, "geometry": { "type": "Point", "coordinates": [ 135.521556299999986, 34.723524599999983 ] } },
{ "type": "Feature", "properties": { "内容": "都島クリニック　通所リハビリテーション【通所リハビリテーション】大阪市都島区都島本通3-17-10", "url": "https://www.kaigokensaku.mhlw.go.jp/27/index.php?action_kouhyou_detail_004_kani=true&JigyosyoCd=2715202863-00&ServiceCd=160&Type=search", "url2": "https://health-coop.jp/pub/" }, "geometry": { "type": "Point", "coordinates": [ 135.527254299999981, 34.7079673 ] } },
{ "type": "Feature", "properties": { "内容": "フジタ病院【通所リハビリテーション】大阪府大阪市福島区吉野２－１０－１１", "url": "https://www.kaigokensaku.mhlw.go.jp/27/index.php?action_kouhyou_detail_004_kani=true&JigyosyoCd=2710200995-00&ServiceCd=160&Type=search", "url2": "https://www.fujitahp.com/" }, "geometry": { "type": "Point", "coordinates": [ 135.475275900000042, 34.6919817 ] } },
{ "type": "Feature", "properties": { "内容": "野田診療所【通所リハビリテーション】大阪府大阪市福島区野田３丁目13-44", "url": "https://www.kaigokensaku.mhlw.go.jp/27/index.php?action_kouhyou_detail_004_kani=true&JigyosyoCd=2710202819-00&ServiceCd=160&Type=search", "url2": "http://www.osaka-fukushima.coop/" }, "geometry": { "type": "Point", "coordinates": [ 135.4751066, 34.6882127 ] } },
{ "type": "Feature", "properties": { "内容": "介護老人保健施設のだふじ【通所リハビリテーション】大阪府大阪市福島区吉野4-29-18", "url": "https://www.kaigokensaku.mhlw.go.jp/27/index.php?action_kouhyou_detail_004_kani=true&JigyosyoCd=2750280014-00&ServiceCd=160&Type=search", "url2": "https://nodafuji.cocotte.jp/" }, "geometry": { "type": "Point", "coordinates": [ 135.469565399999965, 34.6896402 ] } },
{ "type": "Feature", "properties": { "内容": "通所リハビリテーション桔梗苑【通所リハビリテーション】大阪府大阪市此花区伝法4丁目3-14医療法人医方会　介護老人保健施設桔梗苑内１F", "url": "https://www.kaigokensaku.mhlw.go.jp/27/index.php?action_kouhyou_detail_004_kani=true&JigyosyoCd=2752880019-00&ServiceCd=160&Type=search", "url2": "https://www.ihoukai.jp/kikyouen/" }, "geometry": { "type": "Point", "coordinates": [ 135.452928500000013, 34.6881453 ] } },
{ "type": "Feature", "properties": { "内容": "医療法人義方会大津病院　通所リハビリテーションセンター【通所リハビリテーション】大阪府大阪市此花区酉島２丁目１番１５号", "url": "https://www.kaigokensaku.mhlw.go.jp/27/index.php?action_kouhyou_detail_004_kani=true&JigyosyoCd=2712801816-00&ServiceCd=160&Type=search", "url2": "https://www.otsu-hp.com/" }, "geometry": { "type": "Point", "coordinates": [ 135.4454383, 34.6859794 ] } },
{ "type": "Feature", "properties": { "内容": "介護老人保健施設　あかつき【通所リハビリテーション】大阪府大阪市此花区西九条5－3－51", "url": "https://www.kaigokensaku.mhlw.go.jp/27/index.php?action_kouhyou_detail_004_kani=true&JigyosyoCd=2752880027-00&ServiceCd=160&Type=search", "url2": "http://www.gyoumeikan.or.jp" }, "geometry": { "type": "Point", "coordinates": [ 135.464731199999989, 34.6847387 ] } },
{ "type": "Feature", "properties": { "内容": "あわ整形外科クリニック【通所リハビリテーション】大阪府大阪市西区新町4丁目6番23号阪急OASISクリニックモール2F", "url": "https://www.kaigokensaku.mhlw.go.jp/27/index.php?action_kouhyou_detail_004_kani=true&JigyosyoCd=2711804027-00&ServiceCd=160&Type=search", "url2": "https://awa-clinic.com/" }, "geometry": { "type": "Point", "coordinates": [ 135.486455799999987, 34.6769792 ] } },
{ "type": "Feature", "properties": { "内容": "医療法人優昌会デイケアセンターHOPES【通所リハビリテーション】大阪府大阪市西区境川１丁目１番３１号境川メディカルセンタービル２階", "url": "https://www.kaigokensaku.mhlw.go.jp/27/index.php?action_kouhyou_detail_004_kani=true&JigyosyoCd=2711803433-00&ServiceCd=160&Type=search", "url2": "https://orthonjo.com/" }, "geometry": { "type": "Point", "coordinates": [ 135.4726542, 34.6694107 ] } },
{ "type": "Feature", "properties": { "内容": "介護老人保健施設　えきさい大阪【通所リハビリテーション】大阪市西区本田２－１－１０", "url": "https://www.kaigokensaku.mhlw.go.jp/27/index.php?action_kouhyou_detail_004_kani=true&JigyosyoCd=2751880028-00&ServiceCd=160&Type=search", "url2": "http://www.ekisai-osaka.jp" }, "geometry": { "type": "Point", "coordinates": [ 135.479184300000043, 34.6785612 ] } },
{ "type": "Feature", "properties": { "内容": "介護老人保健施設　健勝園九条【通所リハビリテーション】大阪府大阪市西区九条南３丁目２０-６", "url": "https://www.kaigokensaku.mhlw.go.jp/27/index.php?action_kouhyou_detail_004_kani=true&JigyosyoCd=2751880010-00&ServiceCd=160&Type=search", "url2": "http://www.kensyokai.jp" }, "geometry": { "type": "Point", "coordinates": [ 135.470471299999986, 34.6739615 ] } },
{ "type": "Feature", "properties": { "内容": "医療法人尚信会整形外科河村医院【通所リハビリテーション】大阪府大阪市港区三先1-10-30", "url": "https://www.kaigokensaku.mhlw.go.jp/27/index.php?action_kouhyou_detail_004_kani=true&JigyosyoCd=2710402419-00&ServiceCd=160&Type=search", "url2": "https://www.kawamura-hp.jp/daycare-smile/" }, "geometry": { "type": "Point", "coordinates": [ 135.454550899999958, 34.6615292 ] } },
{ "type": "Feature", "properties": { "内容": "医療法人　徳寿会　金山記念クリニック【通所リハビリテーション】大阪市港区港晴１丁目２番１２号", "url": "https://www.kaigokensaku.mhlw.go.jp/27/index.php?action_kouhyou_detail_004_kani=true&JigyosyoCd=2710402336-00&ServiceCd=160&Type=search", "url2": "http://www.tokujyukai.com/" }, "geometry": { "type": "Point", "coordinates": [ 135.4437825, 34.6567656 ] } },
{ "type": "Feature", "properties": { "内容": "みなと生協診療所　デイケアセンター【通所リハビリテーション】大阪府大阪市港区磯路3-3-4", "url": "https://www.kaigokensaku.mhlw.go.jp/27/index.php?action_kouhyou_detail_004_kani=true&JigyosyoCd=2770400113-00&ServiceCd=160&Type=search", "url2": "http://www.osaka-kizugawa.coop/minato/" }, "geometry": { "type": "Point", "coordinates": [ 135.458176511639408, 34.664244928814504 ] } },
{ "type": "Feature", "properties": { "内容": "医療法人　やながクリニック【通所リハビリテーション】大阪府大阪市港区三先2丁目13-29　弥永ビル1Ｆ", "url": "https://www.kaigokensaku.mhlw.go.jp/27/index.php?action_kouhyou_detail_004_kani=true&JigyosyoCd=2710402575-00&ServiceCd=160&Type=search", "url2": "http://www.yanagaclinic.org" }, "geometry": { "type": "Point", "coordinates": [ 135.449947960118863, 34.65978329014586 ] } },
{ "type": "Feature", "properties": { "内容": "医療法人　英皐会　介護老人保健施設　港さつき苑【通所リハビリテーション】大阪市港区弁天４丁目１６番１８号", "url": "https://www.kaigokensaku.mhlw.go.jp/27/index.php?action_kouhyou_detail_004_kani=true&JigyosyoCd=2750480028-00&ServiceCd=160&Type=search", "url2": "http://www.minato-satsukien.jp/index.html/" }, "geometry": { "type": "Point", "coordinates": [ 135.456092099999978, 34.671150300000015 ] } },
{ "type": "Feature", "properties": { "内容": "多根介護老人保健施設てんぽーざん【通所リハビリテーション】大阪市港区築港3-4-25", "url": "https://www.kaigokensaku.mhlw.go.jp/27/index.php?action_kouhyou_detail_004_kani=true&JigyosyoCd=2750480010-00&ServiceCd=160&Type=search", "url2": "https://tenpozan.tane.or.jp/day.html" }, "geometry": { "type": "Point", "coordinates": [ 135.43493060000003, 34.6552127 ] } },
{ "type": "Feature", "properties": { "内容": "医療法人社団緑会介護老人保健施設エバーグリーン【通所リハビリテーション】大阪府大阪市大正区泉尾２丁目２０番４号", "url": "https://www.kaigokensaku.mhlw.go.jp/27/index.php?action_kouhyou_detail_004_kani=true&JigyosyoCd=2752780011-00&ServiceCd=160&Type=search", "url2": "http://www.midorikai.net/" }, "geometry": { "type": "Point", "coordinates": [ 135.471441, 34.660790899999981 ] } },
{ "type": "Feature", "properties": { "内容": "社会福祉法人　恩賜財団　大阪府済生会泉尾病院【通所リハビリテーション】大阪府大阪市大正区北村3-4⁻5", "url": "https://www.kaigokensaku.mhlw.go.jp/27/index.php?action_kouhyou_detail_004_kani=true&JigyosyoCd=2712701586-00&ServiceCd=160&Type=search", "url2": "https://www.izuo-saiseikai.gr.jp/" }, "geometry": { "type": "Point", "coordinates": [ 135.466732900000011, 34.6493864 ] } },
{ "type": "Feature", "properties": { "内容": "たいしょう生協診療所通所リハビリセンター【通所リハビリテーション】大阪府大阪市大正区千島一丁目20番12号たいしょう生協診療所内", "url": "https://www.kaigokensaku.mhlw.go.jp/27/index.php?action_kouhyou_detail_004_kani=true&JigyosyoCd=2712702634-00&ServiceCd=160&Type=search", "url2": null }, "geometry": { "type": "Point", "coordinates": [ 135.47330779999993, 34.6535224 ] } },
{ "type": "Feature", "properties": { "内容": "介護老人保健施設つるまち【通所リハビリテーション】大阪市大正区鶴町２丁目１５－１８", "url": "https://www.kaigokensaku.mhlw.go.jp/27/index.php?action_kouhyou_detail_004_kani=true&JigyosyoCd=2752780029-00&ServiceCd=160&Type=search", "url2": "http://www.keieikai.com/houjin/rinen.htm" }, "geometry": { "type": "Point", "coordinates": [ 135.454035, 34.6376348 ] } },
{ "type": "Feature", "properties": { "内容": "介護老人保健施設　愛の里【通所リハビリテーション】大阪府大阪市大正区小林東2-6-14", "url": "https://www.kaigokensaku.mhlw.go.jp/27/index.php?action_kouhyou_detail_004_kani=true&JigyosyoCd=2752780037-00&ServiceCd=160&Type=search", "url2": "http://ainosato-kaigo.com/" }, "geometry": { "type": "Point", "coordinates": [ 135.47612304617158, 34.643196793387709 ] } },
{ "type": "Feature", "properties": { "内容": "山北整形外科　通所リハビリテーションセンター【通所リハビリテーション】大阪府大阪市大正区平尾4-23-14", "url": "https://www.kaigokensaku.mhlw.go.jp/27/index.php?action_kouhyou_detail_004_kani=true&JigyosyoCd=2712702618-00&ServiceCd=160&Type=search", "url2": "https://yamakita-seikei.com/" }, "geometry": { "type": "Point", "coordinates": [ 135.4706, 34.6430125 ] } },
{ "type": "Feature", "properties": { "内容": "あづま脳神経外科リハビリクリニック【通所リハビリテーション】大阪府大阪市天王寺区生玉前町2-6", "url": "https://www.kaigokensaku.mhlw.go.jp/27/index.php?action_kouhyou_detail_004_kani=true&JigyosyoCd=2711704870-00&ServiceCd=160&Type=search", "url2": "http://nougeka.byoinnavi.jp" }, "geometry": { "type": "Point", "coordinates": [ 135.5162465, 34.6650632 ] } },
{ "type": "Feature", "properties": { "内容": "医療法人歓喜会　介護老人保健施設　れいんぼう夕陽丘【通所リハビリテーション】大阪府大阪市天王寺区生玉前町３番２４号", "url": "https://www.kaigokensaku.mhlw.go.jp/27/index.php?action_kouhyou_detail_004_kani=true&JigyosyoCd=2751780020-00&ServiceCd=160&Type=search", "url2": "http://www.kankikai.com/" }, "geometry": { "type": "Point", "coordinates": [ 135.51573140000005, 34.6644021 ] } },
{ "type": "Feature", "properties": { "内容": "介護老人保健施設みずほ倶楽部【通所リハビリテーション】大阪市天王寺区清水谷町5-27", "url": "https://www.kaigokensaku.mhlw.go.jp/27/index.php?action_kouhyou_detail_004_kani=true&JigyosyoCd=2751780012-00&ServiceCd=160&Type=search", "url2": "http://www.mizuho-kai.com" }, "geometry": { "type": "Point", "coordinates": [ 135.5221527, 34.6755204 ] } },
{ "type": "Feature", "properties": { "内容": "医療法人歓喜会　辻外科リハビリテーション病院デイケア【通所リハビリテーション】大阪府大阪市天王寺区生玉前町3番27号カサミラビル3階", "url": "https://www.kaigokensaku.mhlw.go.jp/27/index.php?action_kouhyou_detail_004_kani=true&JigyosyoCd=2711703229-00&ServiceCd=160&Type=search", "url2": "http://www.kankikai.com" }, "geometry": { "type": "Point", "coordinates": [ 135.51573140000005, 34.6644021 ] } },
{ "type": "Feature", "properties": { "内容": "社会医療法人弘道会なにわ老人保健施設ラガール【通所リハビリテーション】大阪府大阪市浪速区大国1丁目10番24号", "url": "https://www.kaigokensaku.mhlw.go.jp/27/index.php?action_kouhyou_detail_004_kani=true&JigyosyoCd=2754380026-00&ServiceCd=160&Type=search", "url2": "https://koudoukai.or.jp/naniwa-lagare/" }, "geometry": { "type": "Point", "coordinates": [ 135.496836300000012, 34.6528299 ] } },
{ "type": "Feature", "properties": { "内容": "社会医療法人寿会富永病院【通所リハビリテーション】大阪市浪速区桜川1－1－1エルカーサ富永2階", "url": "https://www.kaigokensaku.mhlw.go.jp/27/index.php?action_kouhyou_detail_004_kani=true&JigyosyoCd=2714301864-00&ServiceCd=160&Type=search", "url2": "https://www.tominaga.or.jp/touin.html" }, "geometry": { "type": "Point", "coordinates": [ 135.494272099999989, 34.6675239 ] } },
{ "type": "Feature", "properties": { "内容": "介護老人保健施設　さくらがわ【通所リハビリテーション】大阪市浪速区桜川４丁目１０－１３", "url": "https://www.kaigokensaku.mhlw.go.jp/27/index.php?action_kouhyou_detail_004_kani=true&JigyosyoCd=2754380018-00&ServiceCd=160&Type=search", "url2": "http://www.keieikai.com" }, "geometry": { "type": "Point", "coordinates": [ 135.485809099999983, 34.6656435 ] } },
{ "type": "Feature", "properties": { "内容": "介護老人保健施設セレーナなとり【通所リハビリテーション】大阪市西淀川区大野2-1-35", "url": "https://www.kaigokensaku.mhlw.go.jp/27/index.php?action_kouhyou_detail_004_kani=true&JigyosyoCd=2751080033-00&ServiceCd=160&Type=search", "url2": "http://www.hakuyuukai.or.jp" }, "geometry": { "type": "Point", "coordinates": [ 135.439042800000038, 34.700799 ] } },
{ "type": "Feature", "properties": { "内容": "たかやま整形外科【通所リハビリテーション】大阪府大阪市西淀川区姫里1-14-1高友ビル", "url": "https://www.kaigokensaku.mhlw.go.jp/27/index.php?action_kouhyou_detail_004_kani=true&JigyosyoCd=2711003216-00&ServiceCd=160&Type=search", "url2": "http://www.takayama-seikei.jp" }, "geometry": { "type": "Point", "coordinates": [ 135.461790599999972, 34.7063435 ] } },
{ "type": "Feature", "properties": { "内容": "社会医療法人愛仁会介護老人保健施設ユーアイ【通所リハビリテーション】大阪府大阪市西淀川区佃２丁目２－５８", "url": "https://www.kaigokensaku.mhlw.go.jp/27/index.php?action_kouhyou_detail_004_kani=true&JigyosyoCd=2751080025-00&ServiceCd=160&Type=search", "url2": "http://www.aijinkai.or.jp/" }, "geometry": { "type": "Point", "coordinates": [ 135.4468114, 34.7129729 ] } },
{ "type": "Feature", "properties": { "内容": "介護老人保健施設　フェリス大和田【通所リハビリテーション】大阪府大阪市西淀川区大和田6丁目13番48号", "url": "https://www.kaigokensaku.mhlw.go.jp/27/index.php?action_kouhyou_detail_004_kani=true&JigyosyoCd=2751080017-00&ServiceCd=160&Type=search", "url2": "http://www.matsui-iryofukushi.gr.jp/" }, "geometry": { "type": "Point", "coordinates": [ 135.441581300000053, 34.7060346 ] } },
{ "type": "Feature", "properties": { "内容": "介護老人保健施設よどの里【通所リハビリテーション】大阪市西淀川区姫島2丁目13番20号", "url": "https://www.kaigokensaku.mhlw.go.jp/27/index.php?action_kouhyou_detail_004_kani=true&JigyosyoCd=2751080041-00&ServiceCd=160&Type=search", "url2": "http://yodokyo.or.jp/yodonosato/" }, "geometry": { "type": "Point", "coordinates": [ 135.453406515344227, 34.702674322198249 ] } },
{ "type": "Feature", "properties": { "内容": "介護老人保健施設エスペラル井高野【通所リハビリテーション】大阪府大阪市東淀川区井高野4-6-37", "url": "https://www.kaigokensaku.mhlw.go.jp/27/index.php?action_kouhyou_detail_004_kani=true&JigyosyoCd=2753080031-00&ServiceCd=160&Type=search", "url2": "http://www.iseikaihp.or.jp/" }, "geometry": { "type": "Point", "coordinates": [ 135.548670799999968, 34.7670242 ] } },
{ "type": "Feature", "properties": { "内容": "介護老人保健施設エスペラル東淀川【通所リハビリテーション】大阪府大阪市東淀川区菅原１丁目１番２１号", "url": "https://www.kaigokensaku.mhlw.go.jp/27/index.php?action_kouhyou_detail_004_kani=true&JigyosyoCd=2753080015-00&ServiceCd=160&Type=search", "url2": "http://www.esp-higashiyodogawa.com/" }, "geometry": { "type": "Point", "coordinates": [ 135.52511549999997, 34.7355558 ] } },
{ "type": "Feature", "properties": { "内容": "医療法人敬心会勝久医院【通所リハビリテーション】大阪府大阪市東淀川区淡路４丁目１番２８号", "url": "https://www.kaigokensaku.mhlw.go.jp/27/index.php?action_kouhyou_detail_004_kani=true&JigyosyoCd=2713006472-00&ServiceCd=160&Type=search", "url2": "https://www.katuhisa-iin.com/" }, "geometry": { "type": "Point", "coordinates": [ 135.5155508, 34.7383504 ] } },
{ "type": "Feature", "properties": { "内容": "医療法人　健裕会　横井整形外科【通所リハビリテーション】大阪府大阪市東淀川区瑞光5-5-5アゼリアⅡ1階", "url": "https://www.kaigokensaku.mhlw.go.jp/27/index.php?action_kouhyou_detail_004_kani=true&JigyosyoCd=2713005870-00&ServiceCd=160&Type=search", "url2": "http://yokoi.clinic" }, "geometry": { "type": "Point", "coordinates": [ 135.5499931, 34.7534177 ] } },
{ "type": "Feature", "properties": { "内容": "医療法人光誠会ゆうメディカルクリニックゆう通所リハビリテーション【通所リハビリテーション】大阪府大阪市東淀川区豊新1丁目21番29号ゆうメディカルクリニック3階", "url": "https://www.kaigokensaku.mhlw.go.jp/27/index.php?action_kouhyou_detail_004_kani=true&JigyosyoCd=2713007637-00&ServiceCd=160&Type=search", "url2": "https://clinic.koseikai-jp.com" }, "geometry": { "type": "Point", "coordinates": [ 135.534417299999973, 34.7422773 ] } },
{ "type": "Feature", "properties": { "内容": "きたクリニック通所リハビリテーション【通所リハビリテーション】大阪府大阪市東淀川区豊新５丁目18-2メゾングレース1Ｆ", "url": "https://www.kaigokensaku.mhlw.go.jp/27/index.php?action_kouhyou_detail_004_kani=true&JigyosyoCd=2713006332-00&ServiceCd=160&Type=search", "url2": "http://www.shishinkai-kitaclinic.com/" }, "geometry": { "type": "Point", "coordinates": [ 135.534203942327849, 34.746531537265909 ] } },
{ "type": "Feature", "properties": { "内容": "医療法人　前田整形外科【通所リハビリテーション】大阪府大阪市東淀川区井高野2丁目5-8井高野中央ビル2階", "url": "https://www.kaigokensaku.mhlw.go.jp/27/index.php?action_kouhyou_detail_004_kani=true&JigyosyoCd=2713006647-00&ServiceCd=160&Type=search", "url2": "http://www.maeda-clinic.jp/" }, "geometry": { "type": "Point", "coordinates": [ 135.547575020674344, 34.762945287049021 ] } },
{ "type": "Feature", "properties": { "内容": "医療法人　中城クリニック【通所リハビリテーション】大阪市東淀川区西淡路4－25－70", "url": "https://www.kaigokensaku.mhlw.go.jp/27/index.php?action_kouhyou_detail_004_kani=true&JigyosyoCd=2713006241-00&ServiceCd=160&Type=search", "url2": null }, "geometry": { "type": "Point", "coordinates": [ 135.509205699999939, 34.7418434 ] } },
{ "type": "Feature", "properties": { "内容": "介護老人保健施設　菜乃花【通所リハビリテーション】大阪府大阪市東淀川区上新庄1-2-5", "url": "https://www.kaigokensaku.mhlw.go.jp/27/index.php?action_kouhyou_detail_004_kani=true&JigyosyoCd=2753080049-00&ServiceCd=160&Type=search", "url2": "https://www.ontoku.or.jp" }, "geometry": { "type": "Point", "coordinates": [ 135.526626599999986, 34.7441669 ] } },
{ "type": "Feature", "properties": { "内容": "淀川キリスト教病院老人保健施設【通所リハビリテーション】大阪市東淀川区淡路２－１－４１", "url": "https://www.kaigokensaku.mhlw.go.jp/27/index.php?action_kouhyou_detail_004_kani=true&JigyosyoCd=2753080023-00&ServiceCd=160&Type=search", "url2": "http://www.ych.or.jp/group/rouken/" }, "geometry": { "type": "Point", "coordinates": [ 135.511166799999955, 34.7354248 ] } },
{ "type": "Feature", "properties": { "内容": "医療法人健生会福田診療所【通所リハビリテーション】大阪府大阪市東成区東中本１丁目４番１７号", "url": "https://www.kaigokensaku.mhlw.go.jp/27/index.php?action_kouhyou_detail_004_kani=true&JigyosyoCd=2711502977-00&ServiceCd=160&Type=search", "url2": "https://fukudaclinic-midoribashi.com/" }, "geometry": { "type": "Point", "coordinates": [ 135.547161700000061, 34.6814064 ] } },
{ "type": "Feature", "properties": { "内容": "公道会病院デイケアセンター【通所リハビリテーション】大阪市東成区大今里南5-4-9", "url": "https://www.kaigokensaku.mhlw.go.jp/27/index.php?action_kouhyou_detail_004_kani=true&JigyosyoCd=2711504874-00&ServiceCd=160&Type=search", "url2": "https://kodokai.or.jp/" }, "geometry": { "type": "Point", "coordinates": [ 135.5548284, 34.6672396 ] } },
{ "type": "Feature", "properties": { "内容": "介護老人保健施設　おとしよりすこやかセンター東部館【通所リハビリテーション】大阪府大阪市東成区東中本２丁目５番３１号", "url": "https://www.kaigokensaku.mhlw.go.jp/27/index.php?action_kouhyou_detail_004_kani=true&JigyosyoCd=2751580040-00&ServiceCd=160&Type=search", "url2": "https://kodokai.or.jp/publics/index/37/" }, "geometry": { "type": "Point", "coordinates": [ 135.5482011, 34.679357900000014 ] } },
{ "type": "Feature", "properties": { "内容": "医療法人想千　そうせん整形外科クリニック【通所リハビリテーション】大阪府大阪市東成区大今里3-20-27Aria今里駅前ビル3階", "url": "https://www.kaigokensaku.mhlw.go.jp/27/index.php?action_kouhyou_detail_004_kani=true&JigyosyoCd=2711504932-00&ServiceCd=160&Type=search", "url2": "https://sousen-clinic.com/" }, "geometry": { "type": "Point", "coordinates": [ 135.543607, 34.6690707 ] } },
{ "type": "Feature", "properties": { "内容": "医療法人快生会　大今里ふれあいクリニックデイケアセンター【通所リハビリテーション】大阪府大阪市東成区大今里南1-3-1大今里リハビリテーションセンター　3階・4階", "url": "https://www.kaigokensaku.mhlw.go.jp/27/index.php?action_kouhyou_detail_004_kani=true&JigyosyoCd=2711504460-00&ServiceCd=160&Type=search", "url2": "http://kaiseikai.info/" }, "geometry": { "type": "Point", "coordinates": [ 135.543556599999988, 34.6682162 ] } },
{ "type": "Feature", "properties": { "内容": "医療法人浩治会大今里ケアホーム【通所リハビリテーション】大阪市東成区大今里西２－１７－１６", "url": "https://www.kaigokensaku.mhlw.go.jp/27/index.php?action_kouhyou_detail_004_kani=true&JigyosyoCd=2751580024-00&ServiceCd=160&Type=search", "url2": "http://www.i-carehome.com/" }, "geometry": { "type": "Point", "coordinates": [ 135.541434500000037, 34.6689132 ] } },
{ "type": "Feature", "properties": { "内容": "医療法人中本会　中本病院【通所リハビリテーション】大阪府大阪市東成区中道４丁目１３番１２号", "url": "https://www.kaigokensaku.mhlw.go.jp/27/index.php?action_kouhyou_detail_004_kani=true&JigyosyoCd=2711502050-00&ServiceCd=160&Type=search", "url2": "https://www.nakamoto.or.jp/" }, "geometry": { "type": "Point", "coordinates": [ 135.5366679, 34.6743422 ] } },
{ "type": "Feature", "properties": { "内容": "介護老人保健施設　すこやか生野【通所リハビリテーション】大阪市生野区勝山北４丁目1番8号", "url": "https://www.kaigokensaku.mhlw.go.jp/27/index.php?action_kouhyou_detail_004_kani=true&JigyosyoCd=2752280038-00&ServiceCd=160&Type=search", "url2": "http://www.aeba.or.jp/" }, "geometry": { "type": "Point", "coordinates": [ 135.535016, 34.6575839 ] } },
{ "type": "Feature", "properties": { "内容": "医療法人育和会　育和会介護老人保健施設ひまわり【通所リハビリテーション】大阪市生野区巽西2丁9番目31号", "url": "https://www.kaigokensaku.mhlw.go.jp/27/index.php?action_kouhyou_detail_004_kani=true&JigyosyoCd=2752280012-00&ServiceCd=160&Type=search", "url2": "https://himawari.ikuwakai.or.jp/" }, "geometry": { "type": "Point", "coordinates": [ 135.547029, 34.6498824 ] } },
{ "type": "Feature", "properties": { "内容": "医療法人海真会いわもとクリニック【通所リハビリテーション】大阪市生野区勝山北5丁目１－１２", "url": "https://www.kaigokensaku.mhlw.go.jp/27/index.php?action_kouhyou_detail_004_kani=true&JigyosyoCd=2712206255-00&ServiceCd=160&Type=search", "url2": "http://iwamoto-seikeigeka.com/" }, "geometry": { "type": "Point", "coordinates": [ 135.538201800000024, 34.6570507 ] } },
{ "type": "Feature", "properties": { "内容": "医療法人御幸会御幸森キムクリニック【通所リハビリテーション】大阪府大阪市生野区桃谷4丁目5-13", "url": "https://www.kaigokensaku.mhlw.go.jp/27/index.php?action_kouhyou_detail_004_kani=true&JigyosyoCd=2712206537-00&ServiceCd=160&Type=search", "url2": "http://kim.or.jp" }, "geometry": { "type": "Point", "coordinates": [ 135.5376129, 34.6607058 ] } },
{ "type": "Feature", "properties": { "内容": "医療法人　相生会　相生病院【通所リハビリテーション】大阪府大阪市生野区生野西3-2-5", "url": "https://www.kaigokensaku.mhlw.go.jp/27/index.php?action_kouhyou_detail_004_kani=true&JigyosyoCd=2712205687-00&ServiceCd=160&Type=search", "url2": "http://www.aioi-hospital.jp/" }, "geometry": { "type": "Point", "coordinates": [ 135.530397176092123, 34.651872290395715 ] } },
{ "type": "Feature", "properties": { "内容": "介護老人保健施設ハーモニー共和【通所リハビリテーション】大阪市生野区巽中１丁目２０番１４号", "url": "https://www.kaigokensaku.mhlw.go.jp/27/index.php?action_kouhyou_detail_004_kani=true&JigyosyoCd=2752280020-00&ServiceCd=160&Type=search", "url2": null }, "geometry": { "type": "Point", "coordinates": [ 135.553292300000066, 34.6516879 ] } },
{ "type": "Feature", "properties": { "内容": "社会福祉法人基弘会　ココナラ巽クリニック【通所リハビリテーション】大阪府大阪市生野区巽南3丁目4番25号", "url": "https://www.kaigokensaku.mhlw.go.jp/27/index.php?action_kouhyou_detail_004_kani=true&JigyosyoCd=2712207113-00&ServiceCd=160&Type=search", "url2": "http://www.yumenohako.info" }, "geometry": { "type": "Point", "coordinates": [ 135.550229, 34.6401836 ] } },
{ "type": "Feature", "properties": { "内容": "医療法人穂翔会穂翔クリニック　通所リハビリテーションAPERIO【通所リハビリテーション】大阪府大阪市生野区田島4丁目2番30号", "url": "https://www.kaigokensaku.mhlw.go.jp/27/index.php?action_kouhyou_detail_004_kani=true&JigyosyoCd=2712207410-00&ServiceCd=160&Type=search", "url2": "https://muratahospital.jp" }, "geometry": { "type": "Point", "coordinates": [ 135.5403354, 34.6470411 ] } },
{ "type": "Feature", "properties": { "内容": "医療法人たにぐちクリニック【通所リハビリテーション】大阪府大阪市旭区森小路２－３－２７サンハイツ1階", "url": "https://www.kaigokensaku.mhlw.go.jp/27/index.php?action_kouhyou_detail_004_kani=true&JigyosyoCd=2713104798-00&ServiceCd=160&Type=search", "url2": "https://www.tani-cl.jp" }, "geometry": { "type": "Point", "coordinates": [ 135.550102871164, 34.721968944432128 ] } },
{ "type": "Feature", "properties": { "内容": "医療法人　井上整形外科【通所リハビリテーション】大阪府大阪市旭区新森3-7-18", "url": "https://www.kaigokensaku.mhlw.go.jp/27/index.php?action_kouhyou_detail_004_kani=true&JigyosyoCd=2713104822-00&ServiceCd=160&Type=search", "url2": "http://www.inoue-seikei.jp/" }, "geometry": { "type": "Point", "coordinates": [ 135.553943900000036, 34.7202858 ] } },
{ "type": "Feature", "properties": { "内容": "医療法人永寿会　福島病院【通所リハビリテーション】大阪府大阪市旭区千林2-4-22", "url": "https://www.kaigokensaku.mhlw.go.jp/27/index.php?action_kouhyou_detail_004_kani=true&JigyosyoCd=2713102776-00&ServiceCd=160&Type=search", "url2": "http://www.fukushima-hosp.or.jp/" }, "geometry": { "type": "Point", "coordinates": [ 135.550686899999988, 34.7248775 ] } },
{ "type": "Feature", "properties": { "内容": "医療法人清水会介護老人保健施設おひさま園通所リハビリテーション【通所リハビリテーション】大阪府大阪市旭区清水二丁目１番２１号介護老人保健施設おひさま園", "url": "https://www.kaigokensaku.mhlw.go.jp/27/index.php?action_kouhyou_detail_004_kani=true&JigyosyoCd=2753180021-00&ServiceCd=160&Type=search", "url2": "http://www.seisuikai.net/" }, "geometry": { "type": "Point", "coordinates": [ 135.557110299999977, 34.7205858 ] } },
{ "type": "Feature", "properties": { "内容": "医療法人　藤仁会　藤立病院【通所リハビリテーション】大阪府大阪市旭区大宮５丁目４番２４号", "url": "https://www.kaigokensaku.mhlw.go.jp/27/index.php?action_kouhyou_detail_004_kani=true&JigyosyoCd=2713102701-00&ServiceCd=160&Type=search", "url2": "https://fujitate.jp/" }, "geometry": { "type": "Point", "coordinates": [ 135.5501353, 34.729641 ] } },
{ "type": "Feature", "properties": { "内容": "社会医療法人ＯＮＥ　ＦＬＡＧ　牧介護老人保健施設【通所リハビリテーション】大阪市旭区生江２丁目15-14", "url": "https://www.kaigokensaku.mhlw.go.jp/27/index.php?action_kouhyou_detail_004_kani=true&JigyosyoCd=2753180013-00&ServiceCd=160&Type=search", "url2": "http://www.maki-group.jp" }, "geometry": { "type": "Point", "coordinates": [ 135.538153400000056, 34.724176800000038 ] } },
{ "type": "Feature", "properties": { "内容": "社会医療法人ONEFLAG牧病院デイケアセンター【通所リハビリテーション】大阪府大阪市旭区新森7-10-28", "url": "https://www.kaigokensaku.mhlw.go.jp/27/index.php?action_kouhyou_detail_004_kani=true&JigyosyoCd=2713104251-00&ServiceCd=160&Type=search", "url2": "http://www.maki-group.jp" }, "geometry": { "type": "Point", "coordinates": [ 135.562701973016345, 34.719814652352483 ] } },
{ "type": "Feature", "properties": { "内容": "介護老人保健施設　牧すこやかセンター【通所リハビリテーション】大阪府大阪市旭区高殿6-14-41", "url": "https://www.kaigokensaku.mhlw.go.jp/27/index.php?action_kouhyou_detail_004_kani=true&JigyosyoCd=2753180054-00&ServiceCd=160&Type=search", "url2": "http://www.maki-group.jp" }, "geometry": { "type": "Point", "coordinates": [ 135.5462268, 34.7171631 ] } },
{ "type": "Feature", "properties": { "内容": "医療法人　桜医会　さくらクリニック　通所リハビリテーション【通所リハビリテーション】大阪府大阪市旭区大宮1-13-9", "url": "https://www.kaigokensaku.mhlw.go.jp/27/index.php?action_kouhyou_detail_004_kani=true&JigyosyoCd=2713103980-00&ServiceCd=160&Type=search", "url2": "https://www.ouikai-sakura.jp" }, "geometry": { "type": "Point", "coordinates": [ 135.547026499999987, 34.7209935 ] } },
{ "type": "Feature", "properties": { "内容": "村上整形外科リハビリセンター通所リハビリテーション【通所リハビリテーション】大阪府大阪市旭区大宮3-11-6", "url": "https://www.kaigokensaku.mhlw.go.jp/27/index.php?action_kouhyou_detail_004_kani=true&JigyosyoCd=2713104772-00&ServiceCd=160&Type=search", "url2": null }, "geometry": { "type": "Point", "coordinates": [ 135.5464197, 34.7264031 ] } },
{ "type": "Feature", "properties": { "内容": "サトウ病院通所リハ・ケアサービス【通所リハビリテーション】大阪市城東区東中浜1丁目2番23号", "url": "https://www.kaigokensaku.mhlw.go.jp/27/index.php?action_kouhyou_detail_004_kani=true&JigyosyoCd=2774400598-00&ServiceCd=160&Type=search", "url2": "http://www.sato-hos.or.jp" }, "geometry": { "type": "Point", "coordinates": [ 135.545761699999957, 34.687739 ] } },
{ "type": "Feature", "properties": { "内容": "医療法人晃和会　介護老人保健施設放出ふれあいセンター【通所リハビリテーション】大阪市城東区放出西2丁目１８番４号", "url": "https://www.kaigokensaku.mhlw.go.jp/27/index.php?action_kouhyou_detail_004_kani=true&JigyosyoCd=2754480024-00&ServiceCd=160&Type=search", "url2": "http://www.kitada-iin.com" }, "geometry": { "type": "Point", "coordinates": [ 135.5587885, 34.6939413 ] } },
{ "type": "Feature", "properties": { "内容": "医療法人　浩治会　大阪城ケアホーム【通所リハビリテーション】大阪市城東区鴫野西２－５－２４", "url": "https://www.kaigokensaku.mhlw.go.jp/27/index.php?action_kouhyou_detail_004_kani=true&JigyosyoCd=2754480040-00&ServiceCd=160&Type=search", "url2": "http://www.carehome.or.jp" }, "geometry": { "type": "Point", "coordinates": [ 135.5366679, 34.6902692 ] } },
{ "type": "Feature", "properties": { "内容": "社会医療法人大道会森之宮病院通所リハビリテーション【通所リハビリテーション】大阪府大阪市城東区森之宮2丁目1－88", "url": "https://www.kaigokensaku.mhlw.go.jp/27/index.php?action_kouhyou_detail_004_kani=true&JigyosyoCd=2714405723-00&ServiceCd=160&Type=search", "url2": "https://www.omichikai.or.jp/morinomiya_h/" }, "geometry": { "type": "Point", "coordinates": [ 135.538715, 34.682952400000019 ] } },
{ "type": "Feature", "properties": { "内容": "医療福祉生活協同組合おおさか蒲生厚生診療所【通所リハビリテーション】大阪市城東区蒲生３－１５－１２", "url": "https://www.kaigokensaku.mhlw.go.jp/27/index.php?action_kouhyou_detail_004_kani=true&JigyosyoCd=2714404965-00&ServiceCd=160&Type=search", "url2": "https://gamoshin.net/" }, "geometry": { "type": "Point", "coordinates": [ 135.54333680000002, 34.700071 ] } },
{ "type": "Feature", "properties": { "内容": "医療法人　上善会　にしじまファミリークリニック【通所リハビリテーション】大阪府大阪市城東区中央2-13-19YKマンション1F", "url": "https://www.kaigokensaku.mhlw.go.jp/27/index.php?action_kouhyou_detail_004_kani=true&JigyosyoCd=2714405400-00&ServiceCd=160&Type=search", "url2": "https://nfc-clinic.com/" }, "geometry": { "type": "Point", "coordinates": [ 135.543812800000012, 34.7031731 ] } },
{ "type": "Feature", "properties": { "内容": "医療法人仁翔会　松矢整形外科デイケア【通所リハビリテーション】大阪府大阪市城東区成育4－6－13", "url": "https://www.kaigokensaku.mhlw.go.jp/27/index.php?action_kouhyou_detail_004_kani=true&JigyosyoCd=2714404023-00&ServiceCd=160&Type=search", "url2": "http://www.matsuya-clinic.com/" }, "geometry": { "type": "Point", "coordinates": [ 135.5419478, 34.7121198 ] } },
{ "type": "Feature", "properties": { "内容": "介護老人保健施設グリーンライフ【通所リハビリテーション】大阪市城東区東中浜9-3-9", "url": "https://www.kaigokensaku.mhlw.go.jp/27/index.php?action_kouhyou_detail_004_kani=true&JigyosyoCd=2754480032-00&ServiceCd=160&Type=search", "url2": "https://www.omichikai.or.jp" }, "geometry": { "type": "Point", "coordinates": [ 135.5519696, 34.682537 ] } },
{ "type": "Feature", "properties": { "内容": "城東なかいクリニック【通所リハビリテーション】大阪府大阪市城東区関目3-12-31", "url": "https://www.kaigokensaku.mhlw.go.jp/27/index.php?action_kouhyou_detail_004_kani=true&JigyosyoCd=2714407034-00&ServiceCd=160&Type=search", "url2": "https://jyoto-nakai.com/" }, "geometry": { "type": "Point", "coordinates": [ 135.548839399999963, 34.709382 ] } },
{ "type": "Feature", "properties": { "内容": "整形外科川戸クリニック【通所リハビリテーション】大阪市城東区今福東1-13-8今福つるみクリニックビル2階", "url": "https://www.kaigokensaku.mhlw.go.jp/27/index.php?action_kouhyou_detail_004_kani=true&JigyosyoCd=2714406655-00&ServiceCd=160&Type=search", "url2": "https://www.kawato-cl.jp/index.php" }, "geometry": { "type": "Point", "coordinates": [ 135.559531600000014, 34.7007748 ] } },
{ "type": "Feature", "properties": { "内容": "医療法人一功会　やまなか脳神経外科・内科・リハビリクリニック【通所リハビリテーション】大阪府大阪市阿倍野区天王寺町北３－１１－４スギ薬局林寺店２F", "url": "https://www.kaigokensaku.mhlw.go.jp/27/index.php?action_kouhyou_detail_004_kani=true&JigyosyoCd=2712307863-00&ServiceCd=160&Type=search", "url2": "https://www.yamanakacl.com/" }, "geometry": { "type": "Point", "coordinates": [ 135.5278827, 34.6448869 ] } },
{ "type": "Feature", "properties": { "内容": "介護老人保健施設ホームランドあべの【通所リハビリテーション】大阪府大阪市阿倍野区王子町4-1-46", "url": "https://www.kaigokensaku.mhlw.go.jp/27/index.php?action_kouhyou_detail_004_kani=true&JigyosyoCd=2752380028-00&ServiceCd=160&Type=search", "url2": "http://hl-abeno.or.jp" }, "geometry": { "type": "Point", "coordinates": [ 135.510394169311581, 34.625422229612894 ] } },
{ "type": "Feature", "properties": { "内容": "医療法人　恵登久会　介護老人保健施設　美富士苑【通所リハビリテーション】大阪府大阪市阿倍野区阪南町7-2-10", "url": "https://www.kaigokensaku.mhlw.go.jp/27/index.php?action_kouhyou_detail_004_kani=true&JigyosyoCd=2752380036-00&ServiceCd=160&Type=search", "url2": "http://koshikawa-hospital.or.jp/mifujien/" }, "geometry": { "type": "Point", "coordinates": [ 135.511537299999986, 34.6189179 ] } },
{ "type": "Feature", "properties": { "内容": "医療法人祐里会かねこ整形外科【通所リハビリテーション】大阪府大阪市阿倍野区阪南町1-48-7グランヴォワール昭和町1階", "url": "https://www.kaigokensaku.mhlw.go.jp/27/index.php?action_kouhyou_detail_004_kani=true&JigyosyoCd=2712307814-00&ServiceCd=160&Type=search", "url2": "https://www.kaneko-seikeigeka.jp/" }, "geometry": { "type": "Point", "coordinates": [ 135.5165408, 34.6332888 ] } },
{ "type": "Feature", "properties": { "内容": "医療法人喜新会【通所リハビリテーション】大阪府大阪市阿倍野区王子町３ー12ー11", "url": "https://www.kaigokensaku.mhlw.go.jp/27/index.php?action_kouhyou_detail_004_kani=true&JigyosyoCd=2712306691-00&ServiceCd=160&Type=search", "url2": "http://www.kitaseikeigeka.com" }, "geometry": { "type": "Point", "coordinates": [ 135.510138446200727, 34.627478071922049 ] } },
{ "type": "Feature", "properties": { "内容": "社会医療法人山紀会　介護老人保健施設やまき・あべの苑【通所リハビリテーション】大阪市阿倍野区阪南町1-45-8", "url": "https://www.kaigokensaku.mhlw.go.jp/27/index.php?action_kouhyou_detail_004_kani=true&JigyosyoCd=2752380010-00&ServiceCd=160&Type=search", "url2": "http://www.yamakikai.or.jp/" }, "geometry": { "type": "Point", "coordinates": [ 135.515332299999955, 34.633903 ] } },
{ "type": "Feature", "properties": { "内容": "医療法人健友会帝塚山病院デイケアセンター【通所リハビリテーション】大阪府大阪市阿倍野区帝塚山1丁目12番11号", "url": "https://www.kaigokensaku.mhlw.go.jp/27/index.php?action_kouhyou_detail_004_kani=true&JigyosyoCd=2772300162-00&ServiceCd=160&Type=search", "url2": "http://tezukayama-hp.or.jp/" }, "geometry": { "type": "Point", "coordinates": [ 135.500286599999981, 34.6247791 ] } },
{ "type": "Feature", "properties": { "内容": "越宗整形外科病院【通所リハビリテーション】大阪府大阪市住吉区東粉浜３丁目26-6", "url": "https://www.kaigokensaku.mhlw.go.jp/27/index.php?action_kouhyou_detail_004_kani=true&JigyosyoCd=2712007448-00&ServiceCd=160&Type=search", "url2": "https://koshimune.jp/hospital/index.html" }, "geometry": { "type": "Point", "coordinates": [ 135.491723, 34.6155274 ] } },
{ "type": "Feature", "properties": { "内容": "医療法人錦秀会　錦秀苑通所リハビリテーション【通所リハビリテーション】大阪府大阪市住吉区南住吉一丁目２２番１７号", "url": "https://www.kaigokensaku.mhlw.go.jp/27/index.php?action_kouhyou_detail_004_kani=true&JigyosyoCd=2752080032-00&ServiceCd=160&Type=search", "url2": "https://www.kinshukai.or.jp" }, "geometry": { "type": "Point", "coordinates": [ 135.5014701, 34.6096753 ] } },
{ "type": "Feature", "properties": { "内容": "チョウクリニック通所リハビリセンター【通所リハビリテーション】大阪府大阪市住吉区長居東3-15-14", "url": "https://www.kaigokensaku.mhlw.go.jp/27/index.php?action_kouhyou_detail_004_kani=true&JigyosyoCd=2712006408-00&ServiceCd=160&Type=search", "url2": "http://www.agnus-jp.com/chou.html" }, "geometry": { "type": "Point", "coordinates": [ 135.513760400000024, 34.6054064 ] } },
{ "type": "Feature", "properties": { "内容": "医療法人秀整会長整形外科通所リハビリテーション【通所リハビリテーション】大阪府大阪市住吉区山之内１丁目２５番３０号プレジール・アン・山之内２階", "url": "https://www.kaigokensaku.mhlw.go.jp/27/index.php?action_kouhyou_detail_004_kani=true&JigyosyoCd=2712006358-00&ServiceCd=160&Type=search", "url2": null }, "geometry": { "type": "Point", "coordinates": [ 135.501089826844805, 34.599774353022475 ] } },
{ "type": "Feature", "properties": { "内容": "介護老人保健施設　聖和苑【通所リハビリテーション】大阪市住吉区帝塚山東2丁目1番35号", "url": "https://www.kaigokensaku.mhlw.go.jp/27/index.php?action_kouhyou_detail_004_kani=true&JigyosyoCd=2752080024-00&ServiceCd=160&Type=search", "url2": "http://www.tezukayama.or.jp/seiwa/index.html" }, "geometry": { "type": "Point", "coordinates": [ 135.502260961376919, 34.620566419346702 ] } },
{ "type": "Feature", "properties": { "内容": "医療法人健永会アビコながいデイケアセンター【通所リハビリテーション】大阪府大阪市住吉区我孫子東三丁目1番1号泰清ビル３階", "url": "https://www.kaigokensaku.mhlw.go.jp/27/index.php?action_kouhyou_detail_004_kani=true&JigyosyoCd=2772000606-00&ServiceCd=160&Type=search", "url2": "http://www.web-know.com/nagai/" }, "geometry": { "type": "Point", "coordinates": [ 135.511460899999946, 34.598335 ] } },
{ "type": "Feature", "properties": { "内容": "医療法人慈心会あびこ病院【通所リハビリテーション】大阪府大阪市住吉区我孫子３丁目３番２０号", "url": "https://www.kaigokensaku.mhlw.go.jp/27/index.php?action_kouhyou_detail_004_kani=true&JigyosyoCd=2712006440-00&ServiceCd=160&Type=search", "url2": null }, "geometry": { "type": "Point", "coordinates": [ 135.509592070500162, 34.600595434265273 ] } },
{ "type": "Feature", "properties": { "内容": "医療法人　翔寿会　こんどう整形外科クリニック【通所リハビリテーション】大阪府大阪市住吉区我孫子東2-4-29", "url": "https://www.kaigokensaku.mhlw.go.jp/27/index.php?action_kouhyou_detail_004_kani=true&JigyosyoCd=2712007216-00&ServiceCd=160&Type=search", "url2": "http://www.kondo-seikei.jp/" }, "geometry": { "type": "Point", "coordinates": [ 135.511535800000047, 34.6004514 ] } },
{ "type": "Feature", "properties": { "内容": "南大阪医療生活協同組合　住吉民主診療所【通所リハビリテーション】大阪府大阪市住吉区沢ノ町1丁目3番16号", "url": "https://www.kaigokensaku.mhlw.go.jp/27/index.php?action_kouhyou_detail_004_kani=true&JigyosyoCd=2712006796-00&ServiceCd=160&Type=search", "url2": "http://moisk.jp" }, "geometry": { "type": "Point", "coordinates": [ 135.495798400000012, 34.6062452 ] } },
{ "type": "Feature", "properties": { "内容": "山本医院【通所リハビリテーション】大阪府大阪市東住吉区湯里2-5-11パステル針中野1階", "url": "https://www.kaigokensaku.mhlw.go.jp/27/index.php?action_kouhyou_detail_004_kani=true&JigyosyoCd=2710806874-00&ServiceCd=160&Type=search", "url2": "http://kaseikai.or.jp/" }, "geometry": { "type": "Point", "coordinates": [ 135.536438327647346, 34.614198761749151 ] } },
{ "type": "Feature", "properties": { "内容": "介護老人保健施設ヴァンサンク【通所リハビリテーション】大阪府大阪市東住吉区湯里２－１２－２６", "url": "https://www.kaigokensaku.mhlw.go.jp/27/index.php?action_kouhyou_detail_004_kani=true&JigyosyoCd=2750880037-00&ServiceCd=160&Type=search", "url2": "http://www.kaseikai.or.jp/" }, "geometry": { "type": "Point", "coordinates": [ 135.536886200000026, 34.614286 ] } },
{ "type": "Feature", "properties": { "内容": "介護老人保健施設たちばな【通所リハビリテーション】大阪府大阪市東住吉区住道矢田９丁目１１番１１号", "url": "https://www.kaigokensaku.mhlw.go.jp/27/index.php?action_kouhyou_detail_004_kani=true&JigyosyoCd=2750880011-00&ServiceCd=160&Type=search", "url2": "http://www.tachibana-med.or.jp/rouken-tachibana/" }, "geometry": { "type": "Point", "coordinates": [ 135.543111, 34.6003792 ] } },
{ "type": "Feature", "properties": { "内容": "医療法人社団菫会介護老人保健施設東住吉すみれ苑【通所リハビリテーション】大阪府大阪市東住吉区矢田1-23-6", "url": "https://www.kaigokensaku.mhlw.go.jp/27/index.php?action_kouhyou_detail_004_kani=true&JigyosyoCd=2750880102-00&ServiceCd=160&Type=search", "url2": "https://higashi-sumiyoshi-sumire.jp/" }, "geometry": { "type": "Point", "coordinates": [ 135.529693099999946, 34.6062551 ] } },
{ "type": "Feature", "properties": { "内容": "医療法人　西中医学会　西中病院【通所リハビリテーション】大阪市東住吉区湯里5-9-6", "url": "https://www.kaigokensaku.mhlw.go.jp/27/index.php?action_kouhyou_detail_004_kani=true&JigyosyoCd=2710806924-00&ServiceCd=160&Type=search", "url2": "http://www.nishinaka.or.jp" }, "geometry": { "type": "Point", "coordinates": [ 135.5371973, 34.6097143 ] } },
{ "type": "Feature", "properties": { "内容": "西中介護老人保健施設　ヴィーブルジョワ【通所リハビリテーション】大阪府大阪市東住吉区公園南矢田四丁目19番29号", "url": "https://www.kaigokensaku.mhlw.go.jp/27/index.php?action_kouhyou_detail_004_kani=true&JigyosyoCd=2750880045-00&ServiceCd=160&Type=search", "url2": "http://www.nishinaka.or.jp/" }, "geometry": { "type": "Point", "coordinates": [ 135.524706599999945, 34.5988183 ] } },
{ "type": "Feature", "properties": { "内容": "介護老人保健施設　桑の実【通所リハビリテーション】大阪市東住吉区桑津4-4-5介護老人保健施設　桑の実", "url": "https://www.kaigokensaku.mhlw.go.jp/27/index.php?action_kouhyou_detail_004_kani=true&JigyosyoCd=2750880029-00&ServiceCd=160&Type=search", "url2": "http://www.kuwanomi-yodoi.or.jp/" }, "geometry": { "type": "Point", "coordinates": [ 135.532480699999951, 34.6375501 ] } },
{ "type": "Feature", "properties": { "内容": "東和病院　通所リハビリテーション【通所リハビリテーション】大阪府大阪市東住吉区田辺4-13-15", "url": "https://www.kaigokensaku.mhlw.go.jp/27/index.php?action_kouhyou_detail_004_kani=true&JigyosyoCd=2710808326-00&ServiceCd=160&Type=search", "url2": "http://www.towahospital.jp" }, "geometry": { "type": "Point", "coordinates": [ 135.526189804893534, 34.623295444981871 ] } },
{ "type": "Feature", "properties": { "内容": "東住吉森本リハビリテーション病院【通所リハビリテーション】大阪府大阪市東住吉区住道矢田4-21-10", "url": "https://www.kaigokensaku.mhlw.go.jp/27/index.php?action_kouhyou_detail_004_kani=true&JigyosyoCd=2710807609-00&ServiceCd=160&Type=search", "url2": "https://tachibana-med.or.jp/morimoto-riha/" }, "geometry": { "type": "Point", "coordinates": [ 135.539716199999987, 34.6012531 ] } },
{ "type": "Feature", "properties": { "内容": "医療法人金子外科リハビリテーションセンター【通所リハビリテーション】大阪府大阪市東住吉区東田辺2-27-8", "url": "https://www.kaigokensaku.mhlw.go.jp/27/index.php?action_kouhyou_detail_004_kani=true&JigyosyoCd=2710806213-00&ServiceCd=160&Type=search", "url2": "http://kaneko-geka.com/" }, "geometry": { "type": "Point", "coordinates": [ 135.526709100000062, 34.6187854 ] } },
{ "type": "Feature", "properties": { "内容": "医療法人玄竜会　田辺駅前ケアセンター【通所リハビリテーション】大阪府大阪市東住吉区北田辺６－１６－３０", "url": "https://www.kaigokensaku.mhlw.go.jp/27/index.php?action_kouhyou_detail_004_kani=true&JigyosyoCd=2750880094-00&ServiceCd=160&Type=search", "url2": "https://genryuukai.com/tanabeekimae-cc/" }, "geometry": { "type": "Point", "coordinates": [ 135.525836456344592, 34.628379187952724 ] } },
{ "type": "Feature", "properties": { "内容": "医療法人西村会西村診療所【通所リハビリテーション】大阪府大阪市東住吉区山坂2丁目4番4号", "url": "https://www.kaigokensaku.mhlw.go.jp/27/index.php?action_kouhyou_detail_004_kani=true&JigyosyoCd=2710806114-00&ServiceCd=160&Type=search", "url2": null }, "geometry": { "type": "Point", "coordinates": [ 135.521256, 34.6252942 ] } },
{ "type": "Feature", "properties": { "内容": "医療法人　ダイワ会　介護老人保健施設　南部花園館【通所リハビリテーション】大阪市西成区梅南1-4-26", "url": "https://www.kaigokensaku.mhlw.go.jp/27/index.php?action_kouhyou_detail_004_kani=true&JigyosyoCd=2753380068-00&ServiceCd=160&Type=search", "url2": "http://www.daiwakai.or.jp/sukoyaka/" }, "geometry": { "type": "Point", "coordinates": [ 135.494159, 34.6433096 ] } },
{ "type": "Feature", "properties": { "内容": "介護老人保健施設レジデント梅南【通所リハビリテーション】大阪市西成区梅南3―8―35", "url": "https://www.kaigokensaku.mhlw.go.jp/27/index.php?action_kouhyou_detail_004_kani=true&JigyosyoCd=2753380035-00&ServiceCd=160&Type=search", "url2": null }, "geometry": { "type": "Point", "coordinates": [ 135.486054200000012, 34.6427213 ] } },
{ "type": "Feature", "properties": { "内容": "整形外科ひろクリニック　通所リハビリテーション【通所リハビリテーション】大阪府大阪市西成区天下茶屋３－２６－１６オルソビル", "url": "https://www.kaigokensaku.mhlw.go.jp/27/index.php?action_kouhyou_detail_004_kani=true&JigyosyoCd=2713306690-00&ServiceCd=160&Type=search", "url2": "http://www.ortho-g.co.jp" }, "geometry": { "type": "Point", "coordinates": [ 135.496797900000047, 34.6353195 ] } },
{ "type": "Feature", "properties": { "内容": "社会医療法人　山紀会　介護老人保健施設　はるか【通所リハビリテーション】大阪府大阪市西成区岸里２丁目６番９号", "url": "https://www.kaigokensaku.mhlw.go.jp/27/index.php?action_kouhyou_detail_004_kani=true&JigyosyoCd=2753380050-00&ServiceCd=160&Type=search", "url2": "http://www.yamakikai.or.jp/haruka/" }, "geometry": { "type": "Point", "coordinates": [ 135.495267499999954, 34.6333503 ] } },
{ "type": "Feature", "properties": { "内容": "医療法人愛壽会　愛壽記念病院【通所リハビリテーション】大阪府大阪市西成区長橋3丁目6番45号", "url": "https://www.kaigokensaku.mhlw.go.jp/27/index.php?action_kouhyou_detail_004_kani=true&JigyosyoCd=2713307201-00&ServiceCd=160&Type=search", "url2": "http://www.aijyukai.jp" }, "geometry": { "type": "Point", "coordinates": [ 135.488407599999988, 34.6492787 ] } },
{ "type": "Feature", "properties": { "内容": "医療法人愛壽会　愛壽クリニック【通所リハビリテーション】大阪府大阪市西成区千本北2丁目6番1号", "url": "https://www.kaigokensaku.mhlw.go.jp/27/index.php?action_kouhyou_detail_004_kani=true&JigyosyoCd=2713307227-00&ServiceCd=160&Type=search", "url2": null }, "geometry": { "type": "Point", "coordinates": [ 135.487506726389313, 34.637896232090398 ] } },
{ "type": "Feature", "properties": { "内容": "医療法人溝口医院　通所リハビリテーション【通所リハビリテーション】大阪市西成区南津守7-5-7メゾン赤松１A", "url": "https://www.kaigokensaku.mhlw.go.jp/27/index.php?action_kouhyou_detail_004_kani=true&JigyosyoCd=2713304745-00&ServiceCd=160&Type=search", "url2": "https://mizoguchi-clinic.com/" }, "geometry": { "type": "Point", "coordinates": [ 135.485753268122892, 34.624102579015265 ] } },
{ "type": "Feature", "properties": { "内容": "社会医療法人山紀会介護老人保健施設やまき苑【通所リハビリテーション】大阪市西成区玉出西２-５-36介護老人保健施設やまき苑", "url": "https://www.kaigokensaku.mhlw.go.jp/27/index.php?action_kouhyou_detail_004_kani=true&JigyosyoCd=2753380027-00&ServiceCd=160&Type=search", "url2": "http://www.yamakikai.or.jp" }, "geometry": { "type": "Point", "coordinates": [ 135.489568299999974, 34.6247735 ] } },
{ "type": "Feature", "properties": { "内容": "ツルミ診療所【通所リハビリテーション】大阪府大阪市西成区長橋2-5-29", "url": "https://www.kaigokensaku.mhlw.go.jp/27/index.php?action_kouhyou_detail_004_kani=true&JigyosyoCd=2713306922-00&ServiceCd=160&Type=search", "url2": "http://www.humannnet.or.jp" }, "geometry": { "type": "Point", "coordinates": [ 135.490506399999958, 34.6485901 ] } },
{ "type": "Feature", "properties": { "内容": "西成民主診療所通所リハビリテーション【通所リハビリテーション】大阪府大阪市西成区松2丁目1番7号", "url": "https://www.kaigokensaku.mhlw.go.jp/27/index.php?action_kouhyou_detail_004_kani=true&JigyosyoCd=2713306732-00&ServiceCd=160&Type=search", "url2": "http://www.osaka-kizugawa.coop/" }, "geometry": { "type": "Point", "coordinates": [ 135.492382479762199, 34.64137001932238 ] } },
{ "type": "Feature", "properties": { "内容": "よどがわろうじんほけんしせつ通所リハビリテーションけあきのもり【通所リハビリテーション】大阪府大阪市淀川区新高1-7-20", "url": "https://www.kaigokensaku.mhlw.go.jp/27/index.php?action_kouhyou_detail_004_kani=true&JigyosyoCd=2759180033-00&ServiceCd=160&Type=search", "url2": "https://keakinomori.keakikai.com/" }, "geometry": { "type": "Point", "coordinates": [ 135.481080600000041, 34.7323993 ] } },
{ "type": "Feature", "properties": { "内容": "医療法人すずらん会　ながしま脳神経外科リハビリクリニック【通所リハビリテーション】大阪府大阪市淀川区新高2-3-2新高クリニックセンタービル1F・2F", "url": "https://www.kaigokensaku.mhlw.go.jp/27/index.php?action_kouhyou_detail_004_kani=true&JigyosyoCd=2719109197-00&ServiceCd=160&Type=search", "url2": "https://www.nnrc.jp/" }, "geometry": { "type": "Point", "coordinates": [ 135.476049500000016, 34.729101600000021 ] } },
{ "type": "Feature", "properties": { "内容": "医療法人医済会やん整形外科医院【通所リハビリテーション】大阪市淀川区東三国２丁目３１番１７号サンビラ東三国１階", "url": "https://www.kaigokensaku.mhlw.go.jp/27/index.php?action_kouhyou_detail_004_kani=true&JigyosyoCd=2719107522-00&ServiceCd=160&Type=search", "url2": "http://www.yanseikei.jp/" }, "geometry": { "type": "Point", "coordinates": [ 135.499387, 34.7444872 ] } },
{ "type": "Feature", "properties": { "内容": "秀壮会通所リハビリ【通所リハビリテーション】大阪市淀川区塚本2丁目18－3", "url": "https://www.kaigokensaku.mhlw.go.jp/27/index.php?action_kouhyou_detail_004_kani=true&JigyosyoCd=2719108009-00&ServiceCd=160&Type=search", "url2": "http://www.shusokai.jp" }, "geometry": { "type": "Point", "coordinates": [ 135.470709299999953, 34.7130041 ] } },
{ "type": "Feature", "properties": { "内容": "医療法人　西出医院【通所リハビリテーション】大阪府大阪市淀川区東三国6丁目10-1", "url": "https://www.kaigokensaku.mhlw.go.jp/27/index.php?action_kouhyou_detail_004_kani=true&JigyosyoCd=2719108231-00&ServiceCd=160&Type=search", "url2": "http://www.nishide.in/" }, "geometry": { "type": "Point", "coordinates": [ 135.495179099999973, 34.7431845 ] } },
{ "type": "Feature", "properties": { "内容": "医療法人　曉会　田辺整形外科【通所リハビリテーション】大阪府大阪市淀川区塚本２丁目２４番８号タバタビル２・３Ｆ", "url": "https://www.kaigokensaku.mhlw.go.jp/27/index.php?action_kouhyou_detail_004_kani=true&JigyosyoCd=2719106383-00&ServiceCd=160&Type=search", "url2": "http://www.akatsukikai.or.jp/" }, "geometry": { "type": "Point", "coordinates": [ 135.469564900000023, 34.7129735 ] } },
{ "type": "Feature", "properties": { "内容": "大阪回生病院　リハビリテーションセンター【通所リハビリテーション】大阪府大阪市淀川区宮原1-6-10", "url": "https://www.kaigokensaku.mhlw.go.jp/27/index.php?action_kouhyou_detail_004_kani=true&JigyosyoCd=2719107662-00&ServiceCd=160&Type=search", "url2": "https://kaisei-hp.co.jp/" }, "geometry": { "type": "Point", "coordinates": [ 135.499126199999978, 34.7353994 ] } },
{ "type": "Feature", "properties": { "内容": "社会医療法人協和会　淀川介護老人保健施設ハートフル【通所リハビリテーション】大阪府大阪市淀川区十三東５丁目３番２９号", "url": "https://www.kaigokensaku.mhlw.go.jp/27/index.php?action_kouhyou_detail_004_kani=true&JigyosyoCd=2759180017-00&ServiceCd=160&Type=search", "url2": "http://www.heartfull.or.jp" }, "geometry": { "type": "Point", "coordinates": [ 135.4835276, 34.724322500000014 ] } },
{ "type": "Feature", "properties": { "内容": "中川整形外科クリニック【通所リハビリテーション】大阪府大阪市淀川区新高6丁目7-14", "url": "https://www.kaigokensaku.mhlw.go.jp/27/index.php?action_kouhyou_detail_004_kani=true&JigyosyoCd=2719106649-00&ServiceCd=160&Type=search", "url2": "http://nkgw-clinic.jp/" }, "geometry": { "type": "Point", "coordinates": [ 135.4749227, 34.7320135 ] } },
{ "type": "Feature", "properties": { "内容": "うらいさみ整形外科【通所リハビリテーション】大阪府大阪市淀川区三国本町3丁目37番35号ヴュール阪急三国3階", "url": "https://www.kaigokensaku.mhlw.go.jp/27/index.php?action_kouhyou_detail_004_kani=true&JigyosyoCd=2719107472-00&ServiceCd=160&Type=search", "url2": "https://www.sites.google.com/view/uraisamiseikeigeka/%E3%83%9B%E3%83%BC%E3%83%A0" }, "geometry": { "type": "Point", "coordinates": [ 135.483432099999987, 34.737274 ] } },
{ "type": "Feature", "properties": { "内容": "医療法人　やすだ整形外科【通所リハビリテーション】大阪府大阪市淀川区三津屋北一丁目33番15号コーポ神崎川101号", "url": "https://www.kaigokensaku.mhlw.go.jp/27/index.php?action_kouhyou_detail_004_kani=true&JigyosyoCd=2719107761-00&ServiceCd=160&Type=search", "url2": "http://yasuda-seikei.com/index.html" }, "geometry": { "type": "Point", "coordinates": [ 135.471696799999989, 34.7311147 ] } },
{ "type": "Feature", "properties": { "内容": "医療法人陽希会　かたおか整形外科脳神経リハビリクリニック【通所リハビリテーション】大阪府大阪市淀川区西宮原３－３－９８宮原クリニックモール２F", "url": "https://www.kaigokensaku.mhlw.go.jp/27/index.php?action_kouhyou_detail_004_kani=true&JigyosyoCd=2719109114-00&ServiceCd=160&Type=search", "url2": "https://www.kataoka-seikei-cl.com/" }, "geometry": { "type": "Point", "coordinates": [ 135.4928094, 34.7391382 ] } },
{ "type": "Feature", "properties": { "内容": "医療法人いしだ会いしだ整形外科クリニック【通所リハビリテーション】大阪府大阪市鶴見区諸口4-7-7メゾン交楽園参番館", "url": "https://www.kaigokensaku.mhlw.go.jp/27/index.php?action_kouhyou_detail_004_kani=true&JigyosyoCd=2719204634-00&ServiceCd=160&Type=search", "url2": "http://ishidaseikei.com/" }, "geometry": { "type": "Point", "coordinates": [ 135.578734506745917, 34.703167455586048 ] } },
{ "type": "Feature", "properties": { "内容": "医療法人朋桜会たなかクリニック【通所リハビリテーション】大阪府大阪市鶴見区諸口２丁目４番１０号", "url": "https://www.kaigokensaku.mhlw.go.jp/27/index.php?action_kouhyou_detail_004_kani=true&JigyosyoCd=2719205086-00&ServiceCd=160&Type=search", "url2": "http://www.tana-cli.jp" }, "geometry": { "type": "Point", "coordinates": [ 135.57864, 34.6992241 ] } },
{ "type": "Feature", "properties": { "内容": "社会医療法人ささき会　藍の都脳神経外科病院【通所リハビリテーション】大阪府大阪市鶴見区放出東2丁目21番31号", "url": "https://www.kaigokensaku.mhlw.go.jp/27/index.php?action_kouhyou_detail_004_kani=true&JigyosyoCd=2719204824-00&ServiceCd=160&Type=search", "url2": "http://www.ainomiyko.net/" }, "geometry": { "type": "Point", "coordinates": [ 135.565587021426381, 34.690736529832918 ] } },
{ "type": "Feature", "properties": { "内容": "鶴見老人保健施設ラガール【通所リハビリテーション】大阪市鶴見区横堤４－３－３０", "url": "https://www.kaigokensaku.mhlw.go.jp/27/index.php?action_kouhyou_detail_004_kani=true&JigyosyoCd=2759280015-00&ServiceCd=160&Type=search", "url2": "https://www.koudoukai.or.jp/tsurumi-lagare/" }, "geometry": { "type": "Point", "coordinates": [ 135.57063740000001, 34.7042016 ] } },
{ "type": "Feature", "properties": { "内容": "社会医療法人盛和会　本田病院【通所リハビリテーション】大阪府大阪市鶴見区鶴見四丁目1番30号", "url": "https://www.kaigokensaku.mhlw.go.jp/27/index.php?action_kouhyou_detail_004_kani=true&JigyosyoCd=2719202877-00&ServiceCd=160&Type=search", "url2": "http://www.hondahp.or.jp" }, "geometry": { "type": "Point", "coordinates": [ 135.56058, 34.7023931 ] } },
{ "type": "Feature", "properties": { "内容": "介護老人保健施設　鶴見せいわ園【通所リハビリテーション】大阪市鶴見区鶴見一丁目６番１１１号", "url": "https://www.kaigokensaku.mhlw.go.jp/27/index.php?action_kouhyou_detail_004_kani=true&JigyosyoCd=2759280031-00&ServiceCd=160&Type=search", "url2": "https://www.hondahp.or.jp/facility_tsurumi_seiwa_en/index.html" }, "geometry": { "type": "Point", "coordinates": [ 135.567198800000028, 34.6967107 ] } },
{ "type": "Feature", "properties": { "内容": "通所リハビリテーション　すいれん【通所リハビリテーション】大阪府大阪市鶴見区諸口6-15-74", "url": "https://www.kaigokensaku.mhlw.go.jp/27/index.php?action_kouhyou_detail_004_kani=true&JigyosyoCd=2759280049-00&ServiceCd=160&Type=search", "url2": "http://kawafukukai.or.jp" }, "geometry": { "type": "Point", "coordinates": [ 135.57820670000001, 34.7080729 ] } },
{ "type": "Feature", "properties": { "内容": "医療福祉生活協同組合おおさかまった生協診療所通所リハビリテーション【通所リハビリテーション】大阪府大阪市鶴見区横堤３丁目６－７", "url": "https://www.kaigokensaku.mhlw.go.jp/27/index.php?action_kouhyou_detail_004_kani=true&JigyosyoCd=2719203891-00&ServiceCd=160&Type=search", "url2": "https://mattashin.net/" }, "geometry": { "type": "Point", "coordinates": [ 135.572868566934204, 34.700735910285218 ] } },
{ "type": "Feature", "properties": { "内容": "医療福祉生活協同組合おおさか　コープおおさか病院【通所リハビリテーション】大阪府大阪市鶴見区鶴見３－６－２２", "url": "https://www.kaigokensaku.mhlw.go.jp/27/index.php?action_kouhyou_detail_004_kani=true&JigyosyoCd=2719204394-00&ServiceCd=160&Type=search", "url2": "http://www.osh.coop/pub/" }, "geometry": { "type": "Point", "coordinates": [ 135.563007500000026, 34.7022766 ] } },
{ "type": "Feature", "properties": { "内容": "医療法人真和会老人保健施設プリオール【通所リハビリテーション】大阪府大阪市鶴見区中茶屋２丁目1-22", "url": "https://www.kaigokensaku.mhlw.go.jp/27/index.php?action_kouhyou_detail_004_kani=true&JigyosyoCd=2759280023-00&ServiceCd=160&Type=search", "url2": "http://www.shinwakai-or.or.jp/" }, "geometry": { "type": "Point", "coordinates": [ 135.586655400000041, 34.7013885 ] } },
{ "type": "Feature", "properties": { "内容": "医療福祉生活協同組合おおさか　今津生協診療所　通所リハビリテーション【通所リハビリテーション】大阪府大阪市鶴見区今津中3-7-9", "url": "https://www.kaigokensaku.mhlw.go.jp/27/index.php?action_kouhyou_detail_004_kani=true&JigyosyoCd=2719203644-00&ServiceCd=160&Type=search", "url2": "http://imazushin.net" }, "geometry": { "type": "Point", "coordinates": [ 135.574026, 34.6917976 ] } },
{ "type": "Feature", "properties": { "内容": "アロンティアクラブ【通所リハビリテーション】大阪市住之江区北島2-7-32", "url": "https://www.kaigokensaku.mhlw.go.jp/27/index.php?action_kouhyou_detail_004_kani=true&JigyosyoCd=2755980014-00&ServiceCd=160&Type=search", "url2": "http://www.kouzenkai.or.jp" }, "geometry": { "type": "Point", "coordinates": [ 135.476675600000021, 34.6033118 ] } },
{ "type": "Feature", "properties": { "内容": "介護老人保健施設カルチェ住吉川【通所リハビリテーション】大阪府大阪市住之江区北加賀屋1-11-20", "url": "https://www.kaigokensaku.mhlw.go.jp/27/index.php?action_kouhyou_detail_004_kani=true&JigyosyoCd=2755980063-00&ServiceCd=160&Type=search", "url2": null }, "geometry": { "type": "Point", "coordinates": [ 135.479978100000011, 34.624793900000043 ] } },
{ "type": "Feature", "properties": { "内容": "社会医療法人景岳会　南大阪病院附属リハビリテーションクリニック【通所リハビリテーション】大阪府大阪市住之江区中加賀屋2丁目1番24号", "url": "https://www.kaigokensaku.mhlw.go.jp/27/index.php?action_kouhyou_detail_004_kani=true&JigyosyoCd=2715906174-00&ServiceCd=160&Type=search", "url2": "http://www.minamiosaka.com/" }, "geometry": { "type": "Point", "coordinates": [ 135.481836899999962, 34.6188186 ] } },
{ "type": "Feature", "properties": { "内容": "社会医療法人三宝会南港クリニック【通所リハビリテーション】大阪市住之江区北加賀屋2丁目11番8号北加賀屋千島ビル101号", "url": "https://www.kaigokensaku.mhlw.go.jp/27/index.php?action_kouhyou_detail_004_kani=true&JigyosyoCd=2715905762-00&ServiceCd=160&Type=search", "url2": "http://www.nanko-hp.com/about.php" }, "geometry": { "type": "Point", "coordinates": [ 135.4768977, 34.621264300000014 ] } },
{ "type": "Feature", "properties": { "内容": "介護老人保健施設雅秀苑【通所リハビリテーション】大阪府大阪市住之江区南港北1-4-1", "url": "https://www.kaigokensaku.mhlw.go.jp/27/index.php?action_kouhyou_detail_004_kani=true&JigyosyoCd=2755980089-00&ServiceCd=160&Type=search", "url2": "http://www.tezukayama.or.jp" }, "geometry": { "type": "Point", "coordinates": [ 135.425184800000011, 34.6384061 ] } },
{ "type": "Feature", "properties": { "内容": "南大阪医療生活協同組合　加賀屋診療所デイケア室【通所リハビリテーション】大阪府大阪市住之江区西加賀屋2丁目5番25", "url": "https://www.kaigokensaku.mhlw.go.jp/27/index.php?action_kouhyou_detail_004_kani=true&JigyosyoCd=2715906513-00&ServiceCd=160&Type=search", "url2": "http://moisk.jp/" }, "geometry": { "type": "Point", "coordinates": [ 135.477913100000023, 34.617547500000022 ] } },
{ "type": "Feature", "properties": { "内容": "医療法人　育生会　三好病院【通所リハビリテーション】大阪府大阪市平野区流町４－１０－１０", "url": "https://www.kaigokensaku.mhlw.go.jp/27/index.php?action_kouhyou_detail_004_kani=true&JigyosyoCd=2715801979-00&ServiceCd=160&Type=search", "url2": "http://www.miyoshi-byouin.com/" }, "geometry": { "type": "Point", "coordinates": [ 135.554246, 34.6182247 ] } },
{ "type": "Feature", "properties": { "内容": "医療法人　一幸会　いっしん整形外科リハビリセンター【通所リハビリテーション】大阪府大阪市平野区喜連東5-16-222階", "url": "https://www.kaigokensaku.mhlw.go.jp/27/index.php?action_kouhyou_detail_004_kani=true&JigyosyoCd=2715809154-00&ServiceCd=160&Type=search", "url2": "http://isshin-clinic.com/" }, "geometry": { "type": "Point", "coordinates": [ 135.566253128835996, 34.609641133529848 ] } },
{ "type": "Feature", "properties": { "内容": "医療法人孝至会　みのりクリニック【通所リハビリテーション】大阪府大阪市平野区平野北1-9-8武陵平野駅前医療複合ビル3階", "url": "https://www.kaigokensaku.mhlw.go.jp/27/index.php?action_kouhyou_detail_004_kani=true&JigyosyoCd=2715808438-00&ServiceCd=160&Type=search", "url2": "http://minori-plum.com/" }, "geometry": { "type": "Point", "coordinates": [ 135.5517207, 34.631699900000015 ] } },
{ "type": "Feature", "properties": { "内容": "高遼会病院　リハビリテーションセンター【通所リハビリテーション】大阪府大阪市平野区平野本町4‐15‐6高遼会病院5階機能訓練室", "url": "https://www.kaigokensaku.mhlw.go.jp/27/index.php?action_kouhyou_detail_004_kani=true&JigyosyoCd=2715808529-00&ServiceCd=160&Type=search", "url2": "https://koryokai-hospital.com" }, "geometry": { "type": "Point", "coordinates": [ 135.555909899999989, 34.6229326 ] } },
{ "type": "Feature", "properties": { "内容": "医療法人松史会いぬいクリニック【通所リハビリテーション】大阪府大阪市平野区喜連東3-5-60", "url": "https://www.kaigokensaku.mhlw.go.jp/27/index.php?action_kouhyou_detail_004_kani=true&JigyosyoCd=2715808941-00&ServiceCd=160&Type=search", "url2": "https://www.inui-clinic.jp/" }, "geometry": { "type": "Point", "coordinates": [ 135.5598924, 34.609579 ] } },
{ "type": "Feature", "properties": { "内容": "介護老人保健施設おとしよりすこやかセンター南部館【通所リハビリテーション】大阪府大阪市平野区喜連西６丁目２番３３号", "url": "https://www.kaigokensaku.mhlw.go.jp/27/index.php?action_kouhyou_detail_004_kani=true&JigyosyoCd=2755880107-00&ServiceCd=160&Type=search", "url2": "http://nanbukan.org" }, "geometry": { "type": "Point", "coordinates": [ 135.547617752778592, 34.610582513429712 ] } },
{ "type": "Feature", "properties": { "内容": "介護老人保健施設　平野新生苑【通所リハビリテーション】大阪府大阪市平野区平野東１ー８ー２９", "url": "https://www.kaigokensaku.mhlw.go.jp/27/index.php?action_kouhyou_detail_004_kani=true&JigyosyoCd=2755880016-00&ServiceCd=160&Type=search", "url2": "http://www.hirano-shinseien.jp" }, "geometry": { "type": "Point", "coordinates": [ 135.5596009, 34.623591 ] } },
{ "type": "Feature", "properties": { "内容": "介護老人保健施設オアシス【通所リハビリテーション】大阪市平野区平野南一丁目7番7号", "url": "https://www.kaigokensaku.mhlw.go.jp/27/index.php?action_kouhyou_detail_004_kani=true&JigyosyoCd=2755880040-00&ServiceCd=160&Type=search", "url2": "http://oasisgroup.or.jp/" }, "geometry": { "type": "Point", "coordinates": [ 135.558493916008075, 34.61930214622295 ] } },
{ "type": "Feature", "properties": { "内容": "老人保健施設　永寿ケアセンター【通所リハビリテーション】大阪府大阪市平野区瓜破南１－２－３０", "url": "https://www.kaigokensaku.mhlw.go.jp/27/index.php?action_kouhyou_detail_004_kani=true&JigyosyoCd=2755880057-00&ServiceCd=160&Type=search", "url2": "http://www.eijyu.or.jp" }, "geometry": { "type": "Point", "coordinates": [ 135.546760899999981, 34.5966019 ] } },
{ "type": "Feature", "properties": { "内容": "介護老人保健施設　ながよし苑　通所リハビリテーション【通所リハビリテーション】大阪府大阪市平野区長吉川辺3丁目8番5号", "url": "https://www.kaigokensaku.mhlw.go.jp/27/index.php?action_kouhyou_detail_004_kani=true&JigyosyoCd=2755880081-00&ServiceCd=160&Type=search", "url2": "https://www.ontoku.or.jp/facilities/nagayoshien-day-care/" }, "geometry": { "type": "Point", "coordinates": [ 135.575458600000047, 34.5976189 ] } },
{ "type": "Feature", "properties": { "内容": "クリニック　オアシス・寿安【通所リハビリテーション】大阪府大阪市平野区長吉六反一丁目5番5号", "url": "https://www.kaigokensaku.mhlw.go.jp/27/index.php?action_kouhyou_detail_004_kani=true&JigyosyoCd=2715809253-00&ServiceCd=160&Type=search", "url2": "https://oasisgroup.or.jp/" }, "geometry": { "type": "Point", "coordinates": [ 135.579903300000012, 34.6108376 ] } },
{ "type": "Feature", "properties": { "内容": "社会医療法人　行岡医学研究会　行岡病院　行岡老人デイ・ケアセンター【通所リハビリテーション】大阪市北区浮田2-2-3", "url": "https://www.kaigokensaku.mhlw.go.jp/27/index.php?action_kouhyou_detail_004_kani=true&JigyosyoCd=2774100255-00&ServiceCd=160&Type=search", "url2": "http://www.yukioka.or.jp/" }, "geometry": { "type": "Point", "coordinates": [ 135.508971862040653, 34.710057377914445 ] } },
{ "type": "Feature", "properties": { "内容": "中村ファミリークリニック【通所リハビリテーション】大阪市北区本庄西二丁目６番１６号ミレニアムビル2階，3階", "url": "https://www.kaigokensaku.mhlw.go.jp/27/index.php?action_kouhyou_detail_004_kani=true&JigyosyoCd=2714107691-00&ServiceCd=160&Type=search", "url2": null }, "geometry": { "type": "Point", "coordinates": [ 135.506403299999988, 34.7136384 ] } },
{ "type": "Feature", "properties": { "内容": "介護老人保健施設　青美【通所リハビリテーション】大阪府大阪市北区中崎西３－３－４０", "url": "https://www.kaigokensaku.mhlw.go.jp/27/index.php?action_kouhyou_detail_004_kani=true&JigyosyoCd=2754180020-00&ServiceCd=160&Type=search", "url2": "http://taizankai.org" }, "geometry": { "type": "Point", "coordinates": [ 135.5022037, 34.7075751 ] } },
{ "type": "Feature", "properties": { "内容": "介護老人保健施設　老健そねざき【通所リハビリテーション】大阪府大阪市北区曽根崎1-1-20", "url": "https://www.kaigokensaku.mhlw.go.jp/27/index.php?action_kouhyou_detail_004_kani=true&JigyosyoCd=2754180046-00&ServiceCd=160&Type=search", "url2": "http://www.heiseifukushikai.com" }, "geometry": { "type": "Point", "coordinates": [ 135.503834800000021, 34.6985878 ] } },
{ "type": "Feature", "properties": { "内容": "介護老人保健施設おとしより健康センター【通所リハビリテーション】大阪府大阪市中央区島之内2丁目12番28号", "url": "https://www.kaigokensaku.mhlw.go.jp/27/index.php?action_kouhyou_detail_004_kani=true&JigyosyoCd=2759480029-00&ServiceCd=160&Type=search", "url2": "http://otoshiyori-kc.com/" }, "geometry": { "type": "Point", "coordinates": [ 135.507631899999978, 34.6716235 ] } },
{ "type": "Feature", "properties": { "内容": "うえに生協診療所【通所リハビリテーション】大阪府大阪市中央区玉造１丁目８番７号", "url": "https://www.kaigokensaku.mhlw.go.jp/27/index.php?action_kouhyou_detail_004_kani=true&JigyosyoCd=2719405991-00&ServiceCd=160&Type=search", "url2": "https://uenishin.net/tuureha" }, "geometry": { "type": "Point", "coordinates": [ 135.5305214, 34.6753289 ] } },
{ "type": "Feature", "properties": { "内容": "医療法人いずみ会　阪堺病院【通所リハビリテーション】大阪府堺市堺区大浜北町１丁８番８号", "url": "https://www.kaigokensaku.mhlw.go.jp/27/index.php?action_kouhyou_detail_004_kani=true&JigyosyoCd=2710118403-00&ServiceCd=160&Type=search", "url2": "http://www.hankai.or.jp/" }, "geometry": { "type": "Point", "coordinates": [ 135.46482627790985, 34.57757054541365 ] } },
{ "type": "Feature", "properties": { "内容": "香ヶ丘診療所【通所リハビリテーション】大阪府堺市堺区香ヶ丘町1-4-19", "url": "https://www.kaigokensaku.mhlw.go.jp/27/index.php?action_kouhyou_detail_004_kani=true&JigyosyoCd=2716000472-00&ServiceCd=160&Type=search", "url2": null }, "geometry": { "type": "Point", "coordinates": [ 135.491181549073758, 34.588634692569222 ] } },
{ "type": "Feature", "properties": { "内容": "吉川病院附属診療所　デイケア　リハライフ【通所リハビリテーション】大阪府堺市堺区南向陽町２丁３番７号", "url": "https://www.kaigokensaku.mhlw.go.jp/27/index.php?action_kouhyou_detail_004_kani=true&JigyosyoCd=2716000258-00&ServiceCd=160&Type=search", "url2": null }, "geometry": { "type": "Point", "coordinates": [ 135.485389188325854, 34.578880329348046 ] } },
{ "type": "Feature", "properties": { "内容": "介護老人保健施設みあ・かーさ【通所リハビリテーション】堺市堺区今池町4丁4番12号", "url": "https://www.kaigokensaku.mhlw.go.jp/27/index.php?action_kouhyou_detail_004_kani=true&JigyosyoCd=2750180024-00&ServiceCd=160&Type=search", "url2": "http://www.asakayama.or.jp/facility/miacasa.html" }, "geometry": { "type": "Point", "coordinates": [ 135.492913499999986, 34.5845556 ] } },
{ "type": "Feature", "properties": { "内容": "小規模介護老人保健施設　かーさ・あもーれ【通所リハビリテーション】大阪府堺市堺区今池町3丁3番16号", "url": "https://www.kaigokensaku.mhlw.go.jp/27/index.php?action_kouhyou_detail_004_kani=true&JigyosyoCd=2756080012-00&ServiceCd=160&Type=search", "url2": "https://www.asakayama.or.jp" }, "geometry": { "type": "Point", "coordinates": [ 135.491095, 34.5847774 ] } },
{ "type": "Feature", "properties": { "内容": "社会医療法人清恵会清恵会三宝病院【通所リハビリテーション】大阪府堺市堺区松屋町１丁４番地の1", "url": "https://www.kaigokensaku.mhlw.go.jp/27/index.php?action_kouhyou_detail_004_kani=true&JigyosyoCd=2710123536-00&ServiceCd=160&Type=search", "url2": "http://www.seikeikai.or.jp/" }, "geometry": { "type": "Point", "coordinates": [ 135.472056699999939, 34.5962179 ] } },
{ "type": "Feature", "properties": { "内容": "みみはら高砂クリニック【通所リハビリテーション】大阪府堺市堺区高砂町4-109-2", "url": "https://www.kaigokensaku.mhlw.go.jp/27/index.php?action_kouhyou_detail_004_kani=true&JigyosyoCd=2710121027-00&ServiceCd=160&Type=search", "url2": "http://mimihara.or.jp/takasago" }, "geometry": { "type": "Point", "coordinates": [ 135.468024199999945, 34.5614712 ] } },
{ "type": "Feature", "properties": { "内容": "堺ラ・メールデイケア【通所リハビリテーション】大阪府堺市堺区柏木町3丁3番9号", "url": "https://www.kaigokensaku.mhlw.go.jp/27/index.php?action_kouhyou_detail_004_kani=true&JigyosyoCd=2750180057-00&ServiceCd=160&Type=search", "url2": "http://www.otorifukushikai.or.jp/" }, "geometry": { "type": "Point", "coordinates": [ 135.458133099999941, 34.5636206 ] } },
{ "type": "Feature", "properties": { "内容": "介護老人保健施設ベルアルト【通所リハビリテーション】大阪府堺市堺区南安井町3丁1番1号", "url": "https://www.kaigokensaku.mhlw.go.jp/27/index.php?action_kouhyou_detail_004_kani=true&JigyosyoCd=2750180131-00&ServiceCd=160&Type=search", "url2": "http://www.yujinkai.com" }, "geometry": { "type": "Point", "coordinates": [ 135.476768979762227, 34.570810083291917 ] } },
{ "type": "Feature", "properties": { "内容": "堺北診療所【通所リハビリテーション】大阪府堺市堺区宿屋町東２丁１番５号", "url": "https://www.kaigokensaku.mhlw.go.jp/27/index.php?action_kouhyou_detail_004_kani=true&JigyosyoCd=2710121423-00&ServiceCd=160&Type=search", "url2": "http://www.osakaminami.net/sakai/clinic" }, "geometry": { "type": "Point", "coordinates": [ 135.479889700000058, 34.5829277 ] } },
{ "type": "Feature", "properties": { "内容": "医療法人守人会　塚田内科クリニックデイケアフェニックス【通所リハビリテーション】大阪府堺市堺区熊野町東３丁１－２７", "url": "https://www.kaigokensaku.mhlw.go.jp/27/index.php?action_kouhyou_detail_004_kani=true&JigyosyoCd=2716000324-00&ServiceCd=160&Type=search", "url2": "http://daycarephoenix.org/" }, "geometry": { "type": "Point", "coordinates": [ 135.476470599999971, 34.5776114 ] } },
{ "type": "Feature", "properties": { "内容": "医療法人　松並診療所【通所リハビリテーション】大阪府堺市堺区綾之町東1-3-32", "url": "https://www.kaigokensaku.mhlw.go.jp/27/index.php?action_kouhyou_detail_004_kani=true&JigyosyoCd=2710117983-00&ServiceCd=160&Type=search", "url2": "http://matsunami.starfree.jp/index.html" }, "geometry": { "type": "Point", "coordinates": [ 135.484014800000011, 34.5874711 ] } },
{ "type": "Feature", "properties": { "内容": "加藤内科みなとクリニック【通所リハビリテーション】大阪府堺市堺区出島海岸通2-6-20", "url": "https://www.kaigokensaku.mhlw.go.jp/27/index.php?action_kouhyou_detail_004_kani=true&JigyosyoCd=2716000670-00&ServiceCd=160&Type=search", "url2": "http://www.kato-cl.jp/" }, "geometry": { "type": "Point", "coordinates": [ 135.458687050926187, 34.569638317261251 ] } },
{ "type": "Feature", "properties": { "内容": "おうち診療所　堺【通所リハビリテーション】大阪府堺市中区東山62-1", "url": "https://www.kaigokensaku.mhlw.go.jp/27/index.php?action_kouhyou_detail_004_kani=true&JigyosyoCd=2716100504-00&ServiceCd=160&Type=search", "url2": "https://sakaiheisei.jp/homeservice/day" }, "geometry": { "type": "Point", "coordinates": [ 135.500978911706568, 34.525068300540006 ] } },
{ "type": "Feature", "properties": { "内容": "介護老人保健施設　ベルアモール【通所リハビリテーション】大阪府堺市中区深井畑山町211番地", "url": "https://www.kaigokensaku.mhlw.go.jp/27/index.php?action_kouhyou_detail_004_kani=true&JigyosyoCd=2750180040-00&ServiceCd=160&Type=search", "url2": "http://www.seichokai.or.jp/amor/" }, "geometry": { "type": "Point", "coordinates": [ 135.508280442327873, 34.526124123291282 ] } },
{ "type": "Feature", "properties": { "内容": "社会医療法人頌徳会　日野クリニック【通所リハビリテーション】大阪府堺市中区深井中町1248", "url": "https://www.kaigokensaku.mhlw.go.jp/27/index.php?action_kouhyou_detail_004_kani=true&JigyosyoCd=2716100124-00&ServiceCd=160&Type=search", "url2": "http://www.syo.or.jp" }, "geometry": { "type": "Point", "coordinates": [ 135.491611400000011, 34.5366581 ] } },
{ "type": "Feature", "properties": { "内容": "介護老人保健施設だいせん【通所リハビリテーション】大阪府堺市中区土塔町155番1", "url": "https://www.kaigokensaku.mhlw.go.jp/27/index.php?action_kouhyou_detail_004_kani=true&JigyosyoCd=2750180123-00&ServiceCd=160&Type=search", "url2": "http://daisenkai.jp/" }, "geometry": { "type": "Point", "coordinates": [ 135.5144659, 34.5302446 ] } },
{ "type": "Feature", "properties": { "内容": "医療法人　和昇会　阪本クリニック【通所リハビリテーション】大阪府堺市東区大美野２２番地４", "url": "https://www.kaigokensaku.mhlw.go.jp/27/index.php?action_kouhyou_detail_004_kani=true&JigyosyoCd=2710119476-00&ServiceCd=160&Type=search", "url2": "http://www.sakamoto-clinic.jp/" }, "geometry": { "type": "Point", "coordinates": [ 135.536841099999947, 34.5232739 ] } },
{ "type": "Feature", "properties": { "内容": "社会医療法人　頌徳会　日野病院【通所リハビリテーション】大阪府堺市東区北野田626番地", "url": "https://www.kaigokensaku.mhlw.go.jp/27/index.php?action_kouhyou_detail_004_kani=true&JigyosyoCd=2710109758-00&ServiceCd=160&Type=search", "url2": "http://www.syo.or.jp/hospital/outpatient/" }, "geometry": { "type": "Point", "coordinates": [ 135.548470400000042, 34.5306511 ] } },
{ "type": "Feature", "properties": { "内容": "介護老人保健施設　ソルヴィラージュ【通所リハビリテーション】大阪府堺市東区北野田636番地", "url": "https://www.kaigokensaku.mhlw.go.jp/27/index.php?action_kouhyou_detail_004_kani=true&JigyosyoCd=2750180032-00&ServiceCd=160&Type=search", "url2": "http://www.syo.or.jp" }, "geometry": { "type": "Point", "coordinates": [ 135.548806399999989, 34.5312094 ] } },
{ "type": "Feature", "properties": { "内容": "介護老人保健施設　クローバー悠苑【通所リハビリテーション】大阪府堺市東区西野229-1", "url": "https://www.kaigokensaku.mhlw.go.jp/27/index.php?action_kouhyou_detail_004_kani=true&JigyosyoCd=2750180065-00&ServiceCd=160&Type=search", "url2": "http://www.ko-syo-kai.or.jp/" }, "geometry": { "type": "Point", "coordinates": [ 135.543724200000042, 34.5109141 ] } },
{ "type": "Feature", "properties": { "内容": "オサダ整形外科通所リハビリテーション【通所リハビリテーション】大阪府堺市西区浜寺諏訪森町中１－１１２", "url": "https://www.kaigokensaku.mhlw.go.jp/27/index.php?action_kouhyou_detail_004_kani=true&JigyosyoCd=2710117009-00&ServiceCd=160&Type=search", "url2": "http://www.osada-oc.com/" }, "geometry": { "type": "Point", "coordinates": [ 135.449650900000051, 34.550972 ] } },
{ "type": "Feature", "properties": { "内容": "医療法人大泉会　大仙病院【通所リハビリテーション】大阪府堺市西区北条町1-2-31", "url": "https://www.kaigokensaku.mhlw.go.jp/27/index.php?action_kouhyou_detail_004_kani=true&JigyosyoCd=2710105020-00&ServiceCd=160&Type=search", "url2": "http://daisenkai.jo/daisen-hp/home" }, "geometry": { "type": "Point", "coordinates": [ 135.48447, 34.547987 ] } },
{ "type": "Feature", "properties": { "内容": "医療法人　雄徳会　たつみクリニック【通所リハビリテーション】大阪府堺市西区浜寺石津町中1-3-9たつみクリニック", "url": "https://www.kaigokensaku.mhlw.go.jp/27/index.php?action_kouhyou_detail_004_kani=true&JigyosyoCd=2716300575-00&ServiceCd=160&Type=search", "url2": "http://www.tatsumiclinic.com/index.html" }, "geometry": { "type": "Point", "coordinates": [ 135.457866500000023, 34.5608043 ] } },
{ "type": "Feature", "properties": { "内容": "社会医療法人ペガサス　ペガサスリハビリテーション病院【通所リハビリテーション】大阪府堺市西区浜寺船尾町東４丁２６９", "url": "https://www.kaigokensaku.mhlw.go.jp/27/index.php?action_kouhyou_detail_004_kani=true&JigyosyoCd=2716300062-00&ServiceCd=160&Type=search", "url2": "http://www.pegasus.or.jp/" }, "geometry": { "type": "Point", "coordinates": [ 135.462094400000069, 34.5458006 ] } },
{ "type": "Feature", "properties": { "内容": "ベルピアノ病院【通所リハビリテーション】大阪府堺市西区菱木一丁２３４３番１１", "url": "https://www.kaigokensaku.mhlw.go.jp/27/index.php?action_kouhyou_detail_004_kani=true&JigyosyoCd=2716300385-00&ServiceCd=160&Type=search", "url2": "http://www.seichokai.or.jp/" }, "geometry": { "type": "Point", "coordinates": [ 135.47778, 34.5122824 ] } },
{ "type": "Feature", "properties": { "内容": "老人保健施設みみはら【通所リハビリテーション】堺市西区鳳南町５丁５９４－１", "url": "https://www.kaigokensaku.mhlw.go.jp/27/index.php?action_kouhyou_detail_004_kani=true&JigyosyoCd=2750180081-00&ServiceCd=160&Type=search", "url2": "http://www.mimihara.or.jp" }, "geometry": { "type": "Point", "coordinates": [ 135.463303099999962, 34.5274611 ] } },
{ "type": "Feature", "properties": { "内容": "介護老人保健施設　愛和園【通所リハビリテーション】大阪府堺市西区大平寺327-1", "url": "https://www.kaigokensaku.mhlw.go.jp/27/index.php?action_kouhyou_detail_004_kani=true&JigyosyoCd=2750180073-00&ServiceCd=160&Type=search", "url2": "http://www.sakaifukushikai.jp" }, "geometry": { "type": "Point", "coordinates": [ 135.479475647885124, 34.504497849670031 ] } },
{ "type": "Feature", "properties": { "内容": "よしもと整形外科・内科・糖尿病内科【通所リハビリテーション】大阪府堺市西区上野芝町1-11-29", "url": "https://www.kaigokensaku.mhlw.go.jp/27/index.php?action_kouhyou_detail_004_kani=true&JigyosyoCd=2710116175-00&ServiceCd=160&Type=search", "url2": "http://www.ne.jp/asahi/x/yoshimoto" }, "geometry": { "type": "Point", "coordinates": [ 135.481079, 34.553711 ] } },
{ "type": "Feature", "properties": { "内容": "河野外科通所リハビリテーション【通所リハビリテーション】大阪府堺市南区若松台2-2-6", "url": "https://www.kaigokensaku.mhlw.go.jp/27/index.php?action_kouhyou_detail_004_kani=true&JigyosyoCd=2716400102-00&ServiceCd=160&Type=search", "url2": null }, "geometry": { "type": "Point", "coordinates": [ 135.507811800000013, 34.4898476 ] } },
{ "type": "Feature", "properties": { "内容": "一般社団法人堺市医師会　介護老人保健施設いずみの郷【通所リハビリテーション】大阪府堺市南区竹城台1-8-2", "url": "https://www.kaigokensaku.mhlw.go.jp/27/index.php?action_kouhyou_detail_004_kani=true&JigyosyoCd=2750180115-00&ServiceCd=160&Type=search", "url2": "http://www.sakai-med.jp/izuminosato/index.html" }, "geometry": { "type": "Point", "coordinates": [ 135.508258100000035, 34.500962 ] } },
{ "type": "Feature", "properties": { "内容": "社会福祉法人貞省会　介護老人保健施設カロス【通所リハビリテーション】堺市南区美木多上2308-1", "url": "https://www.kaigokensaku.mhlw.go.jp/27/index.php?action_kouhyou_detail_004_kani=true&JigyosyoCd=2750180099-00&ServiceCd=160&Type=search", "url2": "http://www.karos.or.jp" }, "geometry": { "type": "Point", "coordinates": [ 135.4873933, 34.4762977 ] } },
{ "type": "Feature", "properties": { "内容": "老人保健施設　美樹の園【通所リハビリテーション】大阪府堺市南区美木多上1359番地2", "url": "https://www.kaigokensaku.mhlw.go.jp/27/index.php?action_kouhyou_detail_004_kani=true&JigyosyoCd=2750180107-00&ServiceCd=160&Type=search", "url2": "http://mikinosono.sakura.ne.jp" }, "geometry": { "type": "Point", "coordinates": [ 135.492346, 34.4588054 ] } },
{ "type": "Feature", "properties": { "内容": "医療法人健生医心会くわ総合クリニック【通所リハビリテーション】大阪府堺市南区晴美台2丁35-10", "url": "https://www.kaigokensaku.mhlw.go.jp/27/index.php?action_kouhyou_detail_004_kani=true&JigyosyoCd=2716400151-00&ServiceCd=160&Type=search", "url2": "http://kuwa-sogo.jp/" }, "geometry": { "type": "Point", "coordinates": [ 135.522804, 34.4876473 ] } },
{ "type": "Feature", "properties": { "内容": "医療法人　恒進會　泉北陣内病院【通所リハビリテーション】大阪府堺市南区豊田４０番地", "url": "https://www.kaigokensaku.mhlw.go.jp/27/index.php?action_kouhyou_detail_004_kani=true&JigyosyoCd=2710116795-00&ServiceCd=160&Type=search", "url2": "http://www.baum-reha.jp/" }, "geometry": { "type": "Point", "coordinates": [ 135.489265400000022, 34.495862 ] } },
{ "type": "Feature", "properties": { "内容": "医療法人　以和貴会　北条病院【通所リハビリテーション】大阪府堺市北区百舌鳥陵南町1丁７７番地１", "url": "https://www.kaigokensaku.mhlw.go.jp/27/index.php?action_kouhyou_detail_004_kani=true&JigyosyoCd=2710121647-00&ServiceCd=160&Type=search", "url2": "https://houjyou.or.jp/" }, "geometry": { "type": "Point", "coordinates": [ 135.488031200000023, 34.5467541 ] } },
{ "type": "Feature", "properties": { "内容": "介護老人保健施設アイリス堺正風【通所リハビリテーション】大阪府堺市北区新金岡町五丁１番３号", "url": "https://www.kaigokensaku.mhlw.go.jp/27/index.php?action_kouhyou_detail_004_kani=true&JigyosyoCd=2750180016-00&ServiceCd=160&Type=search", "url2": "http://kiwakai-sakai.or.jp/" }, "geometry": { "type": "Point", "coordinates": [ 135.5164954, 34.5655572 ] } },
{ "type": "Feature", "properties": { "内容": "介護老人保健施設　真秀ら【通所リハビリテーション】大阪府堺市北区東三国ヶ丘町4丁1番1号", "url": "https://www.kaigokensaku.mhlw.go.jp/27/index.php?action_kouhyou_detail_004_kani=true&JigyosyoCd=2756580011-00&ServiceCd=160&Type=search", "url2": null }, "geometry": { "type": "Point", "coordinates": [ 135.50040406204073, 34.568603228695608 ] } },
{ "type": "Feature", "properties": { "内容": "みみはらファミリークリニック通所リハビリテーション【通所リハビリテーション】大阪府堺市北区蔵前町３丁５番４７号", "url": "https://www.kaigokensaku.mhlw.go.jp/27/index.php?action_kouhyou_detail_004_kani=true&JigyosyoCd=2716500067-00&ServiceCd=160&Type=search", "url2": "http://mimihara.or.jp/family-cl/daycare.html" }, "geometry": { "type": "Point", "coordinates": [ 135.5182413, 34.5755765 ] } },
{ "type": "Feature", "properties": { "内容": "医療法人　方佑会　植木病院　通所リハビリセンター【通所リハビリテーション】大阪府堺市北区黒土町3002番地5", "url": "https://www.kaigokensaku.mhlw.go.jp/27/index.php?action_kouhyou_detail_004_kani=true&JigyosyoCd=2710119971-00&ServiceCd=160&Type=search", "url2": "https://uekihospital.or.jp/" }, "geometry": { "type": "Point", "coordinates": [ 135.50282390000001, 34.5614207 ] } },
{ "type": "Feature", "properties": { "内容": "医療法人明友人会よしおクリニック通所リハビリテーション【通所リハビリテーション】大阪府堺市北区蔵前町1-7-2", "url": "https://www.kaigokensaku.mhlw.go.jp/27/index.php?action_kouhyou_detail_004_kani=true&JigyosyoCd=2710122918-00&ServiceCd=160&Type=search", "url2": null }, "geometry": { "type": "Point", "coordinates": [ 135.51095140000001, 34.5750288 ] } },
{ "type": "Feature", "properties": { "内容": "吉川病院デイケアセンター【通所リハビリテーション】大阪府堺市北区東三国ヶ丘町４－１－２５", "url": "https://www.kaigokensaku.mhlw.go.jp/27/index.php?action_kouhyou_detail_004_kani=true&JigyosyoCd=2716500331-00&ServiceCd=160&Type=search", "url2": "http://www.yoshikawabyouin.com/" }, "geometry": { "type": "Point", "coordinates": [ 135.500463, 34.5695545 ] } },
{ "type": "Feature", "properties": { "内容": "医療法人　好寿会　介護老人保健施設　かたおか【通所リハビリテーション】大阪府堺市美原区今井381番地", "url": "https://www.kaigokensaku.mhlw.go.jp/27/index.php?action_kouhyou_detail_004_kani=true&JigyosyoCd=2750180149-00&ServiceCd=160&Type=search", "url2": "http://rouken‐kataoka.com" }, "geometry": { "type": "Point", "coordinates": [ 135.551094899999953, 34.5553568 ] } },
{ "type": "Feature", "properties": { "内容": "介護老人保健施設ホットスプリング美原【通所リハビリテーション】大阪府堺市美原区菅生９０３番地３", "url": "https://www.kaigokensaku.mhlw.go.jp/27/index.php?action_kouhyou_detail_004_kani=true&JigyosyoCd=2750180156-00&ServiceCd=160&Type=search", "url2": "http://www.tenjukai.or.jp/" }, "geometry": { "type": "Point", "coordinates": [ 135.567860399999972, 34.5252714 ] } },
{ "type": "Feature", "properties": { "内容": "医療法人暁美会田中病院【通所リハビリテーション】大阪府堺市美原区黒山39番地の10", "url": "https://www.kaigokensaku.mhlw.go.jp/27/index.php?action_kouhyou_detail_004_kani=true&JigyosyoCd=2710123379-00&ServiceCd=160&Type=search", "url2": "http://www.mihara-tanaka.or.jp" }, "geometry": { "type": "Point", "coordinates": [ 135.5620745, 34.5420501 ] } },
{ "type": "Feature", "properties": { "内容": "デイケアまんじゅ【通所リハビリテーション】大阪府岸和田市南上町１丁目４８番５号", "url": "https://www.kaigokensaku.mhlw.go.jp/27/index.php?action_kouhyou_detail_004_kani=true&JigyosyoCd=2771100332-00&ServiceCd=160&Type=search", "url2": "https://www.terada-manju.jp/" }, "geometry": { "type": "Point", "coordinates": [ 135.371140400000058, 34.4533545 ] } },
{ "type": "Feature", "properties": { "内容": "寺田萬寿病院　指定通所リハビリテーション【通所リハビリテーション】大阪府岸和田市南上町１丁目４８番５号", "url": "https://www.kaigokensaku.mhlw.go.jp/27/index.php?action_kouhyou_detail_004_kani=true&JigyosyoCd=2711100640-00&ServiceCd=160&Type=search", "url2": "https://wwww.terada-manju.jp/" }, "geometry": { "type": "Point", "coordinates": [ 135.3708636, 34.4535988 ] } },
{ "type": "Feature", "properties": { "内容": "介護老人保健施設　岸和田徳洲苑【通所リハビリテーション】大阪府岸和田市三田町142番地", "url": "https://www.kaigokensaku.mhlw.go.jp/27/index.php?action_kouhyou_detail_004_kani=true&JigyosyoCd=2751180031-00&ServiceCd=160&Type=search", "url2": "http://kishiwada-tokusyuuen.tokushukai.or.jp" }, "geometry": { "type": "Point", "coordinates": [ 135.431142899999941, 34.4606607 ] } },
{ "type": "Feature", "properties": { "内容": "介護老人保健施設　華【通所リハビリテーション】岸和田市藤井町2丁目22-20", "url": "https://www.kaigokensaku.mhlw.go.jp/27/index.php?action_kouhyou_detail_004_kani=true&JigyosyoCd=2751180023-00&ServiceCd=160&Type=search", "url2": "http://www.ryoshukai.or.jp/index.html" }, "geometry": { "type": "Point", "coordinates": [ 135.387499700000035, 34.464673 ] } },
{ "type": "Feature", "properties": { "内容": "中嶋整形外科【通所リハビリテーション】大阪府岸和田市土生町4丁目５－６", "url": "https://www.kaigokensaku.mhlw.go.jp/27/index.php?action_kouhyou_detail_004_kani=true&JigyosyoCd=2711103529-00&ServiceCd=160&Type=search", "url2": "https://www.nakajima-orth.com/" }, "geometry": { "type": "Point", "coordinates": [ 135.387772400000017, 34.4492277 ] } },
{ "type": "Feature", "properties": { "内容": "医療法人利田会久米田病院【通所リハビリテーション】岸和田市尾生町６丁目１２番３１号", "url": "https://www.kaigokensaku.mhlw.go.jp/27/index.php?action_kouhyou_detail_004_kani=true&JigyosyoCd=2711101119-00&ServiceCd=160&Type=search", "url2": "http://www.tvk.zaq.ne.jp/yupal/" }, "geometry": { "type": "Point", "coordinates": [ 135.418054462704532, 34.448219958734164 ] } },
{ "type": "Feature", "properties": { "内容": "医療法人　吉栄会　吉川病院【通所リハビリテーション】大阪府岸和田市池尻町９８番地", "url": "https://www.kaigokensaku.mhlw.go.jp/27/index.php?action_kouhyou_detail_004_kani=true&JigyosyoCd=2711103560-00&ServiceCd=160&Type=search", "url2": "http://www.yoshieikai.com" }, "geometry": { "type": "Point", "coordinates": [ 135.415099899999973, 34.4601855 ] } },
{ "type": "Feature", "properties": { "内容": "医療法人希美会しのはら整形外科クリニックデイケア【通所リハビリテーション】大阪府岸和田市土生町２丁目26番地9号", "url": "https://www.kaigokensaku.mhlw.go.jp/27/index.php?action_kouhyou_detail_004_kani=true&JigyosyoCd=2711105797-00&ServiceCd=160&Type=search", "url2": null }, "geometry": { "type": "Point", "coordinates": [ 135.380503800000014, 34.4482818 ] } },
{ "type": "Feature", "properties": { "内容": "医療法人矢倉整形外科クリニック【通所リハビリテーション】大阪府岸和田市小松里町２１３６番地", "url": "https://www.kaigokensaku.mhlw.go.jp/27/index.php?action_kouhyou_detail_004_kani=true&JigyosyoCd=2711102737-00&ServiceCd=160&Type=search", "url2": "http://www.yagura-oc.or.jp" }, "geometry": { "type": "Point", "coordinates": [ 135.397274712303187, 34.464057671422225 ] } },
{ "type": "Feature", "properties": { "内容": "医療法人　悠由会　てい整形外科クリニック【通所リハビリテーション】大阪府岸和田市藤井町２丁目25番３号", "url": "https://www.kaigokensaku.mhlw.go.jp/27/index.php?action_kouhyou_detail_004_kani=true&JigyosyoCd=2711105458-00&ServiceCd=160&Type=search", "url2": "https://teiclinic.jp/" }, "geometry": { "type": "Point", "coordinates": [ 135.386574699999983, 34.4664367 ] } },
{ "type": "Feature", "properties": { "内容": "社会医療法人慈薫会　介護老人保健施設大阪緑ヶ丘【通所リハビリテーション】大阪府岸和田市流木町668番地の1", "url": "https://www.kaigokensaku.mhlw.go.jp/27/index.php?action_kouhyou_detail_004_kani=true&JigyosyoCd=2751180015-00&ServiceCd=160&Type=search", "url2": "http://osaka-midorigaoka.com//" }, "geometry": { "type": "Point", "coordinates": [ 135.39201950000006, 34.4263027 ] } },
{ "type": "Feature", "properties": { "内容": "医療法人　栗田整形外科【通所リハビリテーション】蛍池東町2-6-21", "url": "https://www.kaigokensaku.mhlw.go.jp/27/index.php?action_kouhyou_detail_004_kani=true&JigyosyoCd=2714014582-00&ServiceCd=160&Type=search", "url2": "http://kuritaseikeigeka.main.jp/" }, "geometry": { "type": "Point", "coordinates": [ 135.4500088, 34.7956165 ] } },
{ "type": "Feature", "properties": { "内容": "医療法人　啓明会　喜多整形外科　通所リハビリテーション【通所リハビリテーション】大阪府豊中市庄内栄町1丁目8番3号", "url": "https://www.kaigokensaku.mhlw.go.jp/27/index.php?action_kouhyou_detail_004_kani=true&JigyosyoCd=2714009046-00&ServiceCd=160&Type=search", "url2": "https://kita-seikei.com/" }, "geometry": { "type": "Point", "coordinates": [ 135.467763634358562, 34.751836264265577 ] } },
{ "type": "Feature", "properties": { "内容": "医療法人香英会片岡整形外科リウマチ科【通所リハビリテーション】大阪府豊中市新千里東町一丁目1番3号SENRITOよみうり3階", "url": "https://www.kaigokensaku.mhlw.go.jp/27/index.php?action_kouhyou_detail_004_kani=true&JigyosyoCd=2714013568-00&ServiceCd=160&Type=search", "url2": "https://kataoka-seikei.jp/" }, "geometry": { "type": "Point", "coordinates": [ 135.49440850000002, 34.8078453 ] } },
{ "type": "Feature", "properties": { "内容": "医療法人桜希会介護老人保健施設　東雄苑【通所リハビリテーション】大阪府豊中市曽根南町2丁目11番28号", "url": "https://www.kaigokensaku.mhlw.go.jp/27/index.php?action_kouhyou_detail_004_kani=true&JigyosyoCd=2754080055-00&ServiceCd=160&Type=search", "url2": "https://oukikai.or.jp/toyuen_sone/index.html" }, "geometry": { "type": "Point", "coordinates": [ 135.4633063, 34.7665592 ] } },
{ "type": "Feature", "properties": { "内容": "介護老人保健施設ロココリハ【通所リハビリテーション】豊中市宝山町6－7", "url": "https://www.kaigokensaku.mhlw.go.jp/27/index.php?action_kouhyou_detail_004_kani=true&JigyosyoCd=2754080113-00&ServiceCd=160&Type=search", "url2": "http://i-souseikai.jp/" }, "geometry": { "type": "Point", "coordinates": [ 135.458803499999931, 34.7801354 ] } },
{ "type": "Feature", "properties": { "内容": "医療法人石川会石川整形外科【通所リハビリテーション】大阪府豊中市新千里南町2-7-3", "url": "https://www.kaigokensaku.mhlw.go.jp/27/index.php?action_kouhyou_detail_004_kani=true&JigyosyoCd=2714013600-00&ServiceCd=160&Type=search", "url2": "http://ishikawa-seikei.net" }, "geometry": { "type": "Point", "coordinates": [ 135.490791800000011, 34.796795300000014 ] } },
{ "type": "Feature", "properties": { "内容": "医療法人島越内科【通所リハビリテーション】大阪府豊中市中桜塚２－２５－９", "url": "https://www.kaigokensaku.mhlw.go.jp/27/index.php?action_kouhyou_detail_004_kani=true&JigyosyoCd=2714010226-00&ServiceCd=160&Type=search", "url2": "http://shimakoshi-naika.com/" }, "geometry": { "type": "Point", "coordinates": [ 135.46879720000004, 34.7800188 ] } },
{ "type": "Feature", "properties": { "内容": "篤友会リハビリテーションクリニック【通所リハビリテーション】大阪府豊中市新千里西町2-24-18ブランシエール千里中央1階", "url": "https://www.kaigokensaku.mhlw.go.jp/27/index.php?action_kouhyou_detail_004_kani=true&JigyosyoCd=2714012057-00&ServiceCd=160&Type=search", "url2": "https://tokuyukai-reha.sakura.ne.jp/" }, "geometry": { "type": "Point", "coordinates": [ 135.490506, 34.8105578 ] } },
{ "type": "Feature", "properties": { "内容": "医療法人南谷継風会　南谷クリニックデイケアセンター【通所リハビリテーション】大阪府豊中市岡町北１－２－４", "url": "https://www.kaigokensaku.mhlw.go.jp/27/index.php?action_kouhyou_detail_004_kani=true&JigyosyoCd=2714009145-00&ServiceCd=160&Type=search", "url2": "http://www.minamitani-c.or.jp" }, "geometry": { "type": "Point", "coordinates": [ 135.463422600000058, 34.7799966 ] } },
{ "type": "Feature", "properties": { "内容": "介護老人保健施設　すずらん【通所リハビリテーション】大阪府　豊中市　本町　３－１－７", "url": "https://www.kaigokensaku.mhlw.go.jp/27/index.php?action_kouhyou_detail_004_kani=true&JigyosyoCd=2754080030-00&ServiceCd=160&Type=search", "url2": null }, "geometry": { "type": "Point", "coordinates": [ 135.461511400000063, 34.7888816 ] } },
{ "type": "Feature", "properties": { "内容": "医療法人豊成会豊中脳神経外科クリニック【通所リハビリテーション】豊中市岡上の町４丁目３番１７号", "url": "https://www.kaigokensaku.mhlw.go.jp/27/index.php?action_kouhyou_detail_004_kani=true&JigyosyoCd=2714009525-00&ServiceCd=160&Type=search", "url2": null }, "geometry": { "type": "Point", "coordinates": [ 135.466483299999936, 34.7865291 ] } },
{ "type": "Feature", "properties": { "内容": "医療法人明石医院通所リハビリテーション【通所リハビリテーション】大阪府豊中市庄内幸町3-18-21", "url": "https://www.kaigokensaku.mhlw.go.jp/27/index.php?action_kouhyou_detail_004_kani=true&JigyosyoCd=2714008089-00&ServiceCd=160&Type=search", "url2": "http://www.myclinic.ne.jp/akashi/" }, "geometry": { "type": "Point", "coordinates": [ 135.471608899999978, 34.7481056 ] } },
{ "type": "Feature", "properties": { "内容": "介護老人保健施設かがやき　通所リハビリテーション【通所リハビリテーション】大阪府豊中市刀根山元町5番60号介護老人保健施設かがやき　2階", "url": "https://www.kaigokensaku.mhlw.go.jp/27/index.php?action_kouhyou_detail_004_kani=true&JigyosyoCd=2754080121-00&ServiceCd=160&Type=search", "url2": "https://kagayaki-osj.jp/" }, "geometry": { "type": "Point", "coordinates": [ 135.459023584655796, 34.799621155100816 ] } },
{ "type": "Feature", "properties": { "内容": "介護老人保健施設「二葉園」【通所リハビリテーション】大阪府豊中市二葉町２丁目５番３号", "url": "https://www.kaigokensaku.mhlw.go.jp/27/index.php?action_kouhyou_detail_004_kani=true&JigyosyoCd=2754080063-00&ServiceCd=160&Type=search", "url2": "http://www.futabaen.jp" }, "geometry": { "type": "Point", "coordinates": [ 135.462451699999974, 34.7361621 ] } },
{ "type": "Feature", "properties": { "内容": "豊中診療所通所リハビリテーション【通所リハビリテーション】大阪府豊中市玉井町1-10-6", "url": "https://www.kaigokensaku.mhlw.go.jp/27/index.php?action_kouhyou_detail_004_kani=true&JigyosyoCd=2714009129-00&ServiceCd=160&Type=search", "url2": "https://health-coop.jp/pub/" }, "geometry": { "type": "Point", "coordinates": [ 135.460263200000014, 34.7877456 ] } },
{ "type": "Feature", "properties": { "内容": "介護老人保健施設　やすらぎ【通所リハビリテーション】豊中市　豊南町東　２丁目６番４号", "url": "https://www.kaigokensaku.mhlw.go.jp/27/index.php?action_kouhyou_detail_004_kani=true&JigyosyoCd=2754080014-00&ServiceCd=160&Type=search", "url2": "http://www.yasuragi1.or.jp" }, "geometry": { "type": "Point", "coordinates": [ 135.484921399999962, 34.7526026 ] } },
{ "type": "Feature", "properties": { "内容": "アサコ整形外科・リウマチクリニック【通所リハビリテーション】大阪府豊中市小路1-17-16MEDICALGATE2F", "url": "https://www.kaigokensaku.mhlw.go.jp/27/index.php?action_kouhyou_detail_004_kani=true&JigyosyoCd=2714013089-00&ServiceCd=160&Type=search", "url2": "https://www.asakoclinic.com/" }, "geometry": { "type": "Point", "coordinates": [ 135.474682242061363, 34.804368403461062 ] } },
{ "type": "Feature", "properties": { "内容": "医療法人敬仁会辺見クリニック【通所リハビリテーション】大阪府豊中市蛍池北町１－２－６", "url": "https://www.kaigokensaku.mhlw.go.jp/27/index.php?action_kouhyou_detail_004_kani=true&JigyosyoCd=2714006554-00&ServiceCd=160&Type=search", "url2": "https://www.henmiclinic.com" }, "geometry": { "type": "Point", "coordinates": [ 135.4470382, 34.796894899999984 ] } },
{ "type": "Feature", "properties": { "内容": "介護老人保健施設　東雄苑豊南【通所リハビリテーション】大阪府豊中市豊南町西３－１１－１５", "url": "https://www.kaigokensaku.mhlw.go.jp/27/index.php?action_kouhyou_detail_004_kani=true&JigyosyoCd=2754080089-00&ServiceCd=160&Type=search", "url2": "https://www.oukikai.or.jp" }, "geometry": { "type": "Point", "coordinates": [ 135.482757699999979, 34.7517776 ] } },
{ "type": "Feature", "properties": { "内容": "医療法人三和会わたなべ医院【通所リハビリテーション】大阪府豊中市服部本町一丁目７番１８号", "url": "https://www.kaigokensaku.mhlw.go.jp/27/index.php?action_kouhyou_detail_004_kani=true&JigyosyoCd=2714010291-00&ServiceCd=160&Type=search", "url2": "http://www.sanwa-med.or.jp/" }, "geometry": { "type": "Point", "coordinates": [ 135.4769718, 34.7642817 ] } },
{ "type": "Feature", "properties": { "内容": "医療法人　若葉会　介護老人保健施設　わかば【通所リハビリテーション】大阪府豊中市東泉丘３丁目１番１号", "url": "https://www.kaigokensaku.mhlw.go.jp/27/index.php?action_kouhyou_detail_004_kani=true&JigyosyoCd=2754080097-00&ServiceCd=160&Type=search", "url2": "http://kaigo.wakabakai-hp.com/" }, "geometry": { "type": "Point", "coordinates": [ 135.492717399999947, 34.7882623 ] } },
{ "type": "Feature", "properties": { "内容": "かとう整形在宅クリニック【通所リハビリテーション】大阪府豊中市上野西3丁目17-2", "url": "https://www.kaigokensaku.mhlw.go.jp/27/index.php?action_kouhyou_detail_004_kani=true&JigyosyoCd=2714012966-00&ServiceCd=160&Type=search", "url2": "http:/kato-seikei-zaitaku.com" }, "geometry": { "type": "Point", "coordinates": [ 135.4713716, 34.8003719 ] } },
{ "type": "Feature", "properties": { "内容": "医療法人　康生会　豊中平成病院【通所リハビリテーション】大阪府豊中市原田中1-16-18", "url": "https://www.kaigokensaku.mhlw.go.jp/27/index.php?action_kouhyou_detail_004_kani=true&JigyosyoCd=2714011992-00&ServiceCd=160&Type=search", "url2": "http://toyonakahp.jp" }, "geometry": { "type": "Point", "coordinates": [ 135.458906599999978, 34.7691728 ] } },
{ "type": "Feature", "properties": { "内容": "医療法人達成会浅井整形外科クリニック【通所リハビリテーション】大阪府豊中市岡上の町4-1-7-1F", "url": "https://www.kaigokensaku.mhlw.go.jp/27/index.php?action_kouhyou_detail_004_kani=true&JigyosyoCd=2714013709-00&ServiceCd=160&Type=search", "url2": "https://www.asaiseikei.jp/" }, "geometry": { "type": "Point", "coordinates": [ 135.466324899999989, 34.785085 ] } },
{ "type": "Feature", "properties": { "内容": "介護老人保健施設　きんもくせい【通所リハビリテーション】大阪府豊中市寺内1丁目1番10号", "url": "https://www.kaigokensaku.mhlw.go.jp/27/index.php?action_kouhyou_detail_004_kani=true&JigyosyoCd=2754080048-00&ServiceCd=160&Type=search", "url2": "https://swc-aiwakai.jp" }, "geometry": { "type": "Point", "coordinates": [ 135.491753600000038, 34.7766165 ] } },
{ "type": "Feature", "properties": { "内容": "医療法人マックシール巽病院介護老人保健施設通所リハビリテーション【通所リハビリテーション】大阪府池田市天神１丁目５番２２号", "url": "https://www.kaigokensaku.mhlw.go.jp/27/index.php?action_kouhyou_detail_004_kani=true&JigyosyoCd=2752580015-00&ServiceCd=160&Type=search", "url2": "http://www.mcsyl.com" }, "geometry": { "type": "Point", "coordinates": [ 135.442465199999987, 34.8091511 ] } },
{ "type": "Feature", "properties": { "内容": "介護老人保健施設　かいせい【通所リハビリテーション】大阪府池田市建石町８番４７号", "url": "https://www.kaigokensaku.mhlw.go.jp/27/index.php?action_kouhyou_detail_004_kani=true&JigyosyoCd=2752580023-00&ServiceCd=160&Type=search", "url2": "http://www.ikedakaisei-hp.com/" }, "geometry": { "type": "Point", "coordinates": [ 135.4297742, 34.8258825 ] } },
{ "type": "Feature", "properties": { "内容": "医療法人マックシール巽病院【通所リハビリテーション】大阪府池田市天神1丁目5番22号", "url": "https://www.kaigokensaku.mhlw.go.jp/27/index.php?action_kouhyou_detail_004_kani=true&JigyosyoCd=2712502174-00&ServiceCd=160&Type=search", "url2": "http://www.mcsyl.com/" }, "geometry": { "type": "Point", "coordinates": [ 135.4425516, 34.8088354 ] } },
{ "type": "Feature", "properties": { "内容": "医療法人明寿会林原整形外科通所リハビリテーション【通所リハビリテーション】大阪府池田市宇保町5-8", "url": "https://www.kaigokensaku.mhlw.go.jp/27/index.php?action_kouhyou_detail_004_kani=true&JigyosyoCd=2712502109-00&ServiceCd=160&Type=search", "url2": "http://hayashibara.info/" }, "geometry": { "type": "Point", "coordinates": [ 135.431332600000019, 34.8169584 ] } },
{ "type": "Feature", "properties": { "内容": "医療法人貴晶会戸田リウマチ科クリニック【通所リハビリテーション】大阪府吹田市豊津町14-1ブレスビル５階", "url": "https://www.kaigokensaku.mhlw.go.jp/27/index.php?action_kouhyou_detail_004_kani=true&JigyosyoCd=2711605978-00&ServiceCd=160&Type=search", "url2": null }, "geometry": { "type": "Point", "coordinates": [ 135.4957774, 34.7586302 ] } },
{ "type": "Feature", "properties": { "内容": "整友会デイケアセンター【通所リハビリテーション】大阪府吹田市岸部北3-1-26", "url": "https://www.kaigokensaku.mhlw.go.jp/27/index.php?action_kouhyou_detail_004_kani=true&JigyosyoCd=2711603148-00&ServiceCd=160&Type=search", "url2": "https://www.seiyukai.jp" }, "geometry": { "type": "Point", "coordinates": [ 135.534005400000069, 34.7802697 ] } },
{ "type": "Feature", "properties": { "内容": "介護老人保健施設吹田徳洲苑【通所リハビリテーション】大阪府吹田市千里丘西21番1号", "url": "https://www.kaigokensaku.mhlw.go.jp/27/index.php?action_kouhyou_detail_004_kani=true&JigyosyoCd=2751680097-00&ServiceCd=160&Type=search", "url2": "https://www.suita.tokushukai.or.jp/rouken/" }, "geometry": { "type": "Point", "coordinates": [ 135.5420011, 34.7976809 ] } },
{ "type": "Feature", "properties": { "内容": "医療法人高寿会　高津診療所デイケアリハビリセンター【通所リハビリテーション】大阪府吹田市桃山台2丁目5番2号", "url": "https://www.kaigokensaku.mhlw.go.jp/27/index.php?action_kouhyou_detail_004_kani=true&JigyosyoCd=2711605390-00&ServiceCd=160&Type=search", "url2": "https://www.koujukai-group.com" }, "geometry": { "type": "Point", "coordinates": [ 135.501605371163919, 34.7928835020317 ] } },
{ "type": "Feature", "properties": { "内容": "社会医療法人愛仁会　介護老人保健施設つくも【通所リハビリテーション】大阪府吹田市津雲台4丁目7番2号", "url": "https://www.kaigokensaku.mhlw.go.jp/27/index.php?action_kouhyou_detail_004_kani=true&JigyosyoCd=2751680089-00&ServiceCd=160&Type=search", "url2": "http://tsukumo.aijinkai.or.jp/" }, "geometry": { "type": "Point", "coordinates": [ 135.5112741, 34.8030508 ] } },
{ "type": "Feature", "properties": { "内容": "せんしゅんかい　デイケアセンター岸辺【通所リハビリテーション】大阪府吹田市岸部新町3-33patona吹田健都1・２F", "url": "https://www.kaigokensaku.mhlw.go.jp/27/index.php?action_kouhyou_detail_004_kani=true&JigyosyoCd=2711609566-00&ServiceCd=160&Type=search", "url2": "https://www.senshunkai.or.jp/" }, "geometry": { "type": "Point", "coordinates": [ 135.5358687, 34.7750413 ] } },
{ "type": "Feature", "properties": { "内容": "相川診療所通所リハビリテーション【通所リハビリテーション】大阪府吹田市南高浜町32番19号", "url": "https://www.kaigokensaku.mhlw.go.jp/27/index.php?action_kouhyou_detail_004_kani=true&JigyosyoCd=2711609715-00&ServiceCd=160&Type=search", "url2": "http://www.aikawabyouin.com/" }, "geometry": { "type": "Point", "coordinates": [ 135.531309, 34.7591101 ] } },
{ "type": "Feature", "properties": { "内容": "介護老人保健施設　フェリーチェ吹田【通所リハビリテーション】大阪府吹田市岸部南1丁目2番9号", "url": "https://www.kaigokensaku.mhlw.go.jp/27/index.php?action_kouhyou_detail_004_kani=true&JigyosyoCd=2751680048-00&ServiceCd=160&Type=search", "url2": "http://www.aoyama-med.gr.jp/ontoku/" }, "geometry": { "type": "Point", "coordinates": [ 135.5441267, 34.777311799999985 ] } },
{ "type": "Feature", "properties": { "内容": "吹田市介護老人保健施設【通所リハビリテーション】大阪府吹田市片山町２丁目１３番２５号", "url": "https://www.kaigokensaku.mhlw.go.jp/27/index.php?action_kouhyou_detail_004_kani=true&JigyosyoCd=2751680014-00&ServiceCd=160&Type=search", "url2": "http://www.suita-rouken.com/" }, "geometry": { "type": "Point", "coordinates": [ 135.5170875, 34.7690793 ] } },
{ "type": "Feature", "properties": { "内容": "医療法人協和会介護老人保健施設ウエルハウス協和【通所リハビリテーション】大阪府吹田市岸部北1丁目24番2号", "url": "https://www.kaigokensaku.mhlw.go.jp/27/index.php?action_kouhyou_detail_004_kani=true&JigyosyoCd=2751680022-00&ServiceCd=160&Type=search", "url2": "https://www.kyowakai.com/wh_kyowa/" }, "geometry": { "type": "Point", "coordinates": [ 135.525571500000012, 34.7808418 ] } },
{ "type": "Feature", "properties": { "内容": "医療法人　恒進會　介護老人保健施設　たるみの里　通所リハビリテーション【通所リハビリテーション】大阪府吹田市新芦屋下27-8", "url": "https://www.kaigokensaku.mhlw.go.jp/27/index.php?action_kouhyou_detail_004_kani=true&JigyosyoCd=2751680063-00&ServiceCd=160&Type=search", "url2": "http://taruminosato.jp" }, "geometry": { "type": "Point", "coordinates": [ 135.552105080950923, 34.803242449358656 ] } },
{ "type": "Feature", "properties": { "内容": "介護老人保健施設　千里【通所リハビリテーション】大阪府吹田市山田北5-14", "url": "https://www.kaigokensaku.mhlw.go.jp/27/index.php?action_kouhyou_detail_004_kani=true&JigyosyoCd=2751680055-00&ServiceCd=160&Type=search", "url2": "http://taizankai.org" }, "geometry": { "type": "Point", "coordinates": [ 135.51903429999993, 34.8087218 ] } },
{ "type": "Feature", "properties": { "内容": "医療法人　穂仁会　原病院【通所リハビリテーション】大阪府泉大津市東助松町1丁目7番1号", "url": "https://www.kaigokensaku.mhlw.go.jp/27/index.php?action_kouhyou_detail_004_kani=true&JigyosyoCd=2710601291-00&ServiceCd=160&Type=search", "url2": "http://www.suijinkai.jp" }, "geometry": { "type": "Point", "coordinates": [ 135.422374600000012, 34.5137288 ] } },
{ "type": "Feature", "properties": { "内容": "医療法人　泉秀会　かわい病院【通所リハビリテーション】大阪府泉大津市豊中町2-6-5", "url": "https://www.kaigokensaku.mhlw.go.jp/27/index.php?action_kouhyou_detail_004_kani=true&JigyosyoCd=2710600954-00&ServiceCd=160&Type=search", "url2": "http://www.kawai-hp.or.jp/sisetu/daycare.html" }, "geometry": { "type": "Point", "coordinates": [ 135.4244129, 34.4950614 ] } },
{ "type": "Feature", "properties": { "内容": "医療法人穂仁会　介護老人保健施設　アザリア【通所リハビリテーション】大阪府泉大津市下条町13-10", "url": "https://www.kaigokensaku.mhlw.go.jp/27/index.php?action_kouhyou_detail_004_kani=true&JigyosyoCd=2750680015-00&ServiceCd=160&Type=search", "url2": "http://www.suijinkai.jp" }, "geometry": { "type": "Point", "coordinates": [ 135.4126001, 34.501577 ] } },
{ "type": "Feature", "properties": { "内容": "介護老人保健施設　ラ・ポルトフィーナ高槻【通所リハビリテーション】大阪府高槻市玉川1丁目5-2", "url": "https://www.kaigokensaku.mhlw.go.jp/27/index.php?action_kouhyou_detail_004_kani=true&JigyosyoCd=2750980092-00&ServiceCd=160&Type=search", "url2": "http://www.shinmeikai.jp/" }, "geometry": { "type": "Point", "coordinates": [ 135.6052499, 34.8148254 ] } },
{ "type": "Feature", "properties": { "内容": "白石整形外科デイケア【通所リハビリテーション】大阪府高槻市藤の里町18-4", "url": "https://www.kaigokensaku.mhlw.go.jp/27/index.php?action_kouhyou_detail_004_kani=true&JigyosyoCd=2710906062-00&ServiceCd=160&Type=search", "url2": null }, "geometry": { "type": "Point", "coordinates": [ 135.629137300000025, 34.8440978 ] } },
{ "type": "Feature", "properties": { "内容": "医療法人啓友会　啓友クリニック【通所リハビリテーション】大阪府高槻市安岡寺町１丁目36-8", "url": "https://www.kaigokensaku.mhlw.go.jp/27/index.php?action_kouhyou_detail_004_kani=true&JigyosyoCd=2710905312-00&ServiceCd=160&Type=search", "url2": "http://www.keiyukai-nakajima.jp/" }, "geometry": { "type": "Point", "coordinates": [ 135.6077805, 34.8733334 ] } },
{ "type": "Feature", "properties": { "内容": "医療法人健和会介護老人保健施設ふれあい【通所リハビリテーション】大阪府高槻市登町33番2号", "url": "https://www.kaigokensaku.mhlw.go.jp/27/index.php?action_kouhyou_detail_004_kani=true&JigyosyoCd=2750980050-00&ServiceCd=160&Type=search", "url2": "http://www.ueda-simo.or.jp/roken_fureai/index.htm" }, "geometry": { "type": "Point", "coordinates": [ 135.618832900000029, 34.8240359 ] } },
{ "type": "Feature", "properties": { "内容": "医療法人社団　緑水会　介護老人保健施設　シルバーハウス高槻【通所リハビリテーション】大阪府高槻市成合南の町３番１号", "url": "https://www.kaigokensaku.mhlw.go.jp/27/index.php?action_kouhyou_detail_004_kani=true&JigyosyoCd=2750980068-00&ServiceCd=160&Type=search", "url2": "http://www.ryokusuikai.or.jp" }, "geometry": { "type": "Point", "coordinates": [ 135.629142300000012, 34.8686232 ] } },
{ "type": "Feature", "properties": { "内容": "医療法人真誠会　とみた整形外科クリニック【通所リハビリテーション】大阪府高槻市白梅町4-13ジオ高槻ミューズEX3F", "url": "https://www.kaigokensaku.mhlw.go.jp/27/index.php?action_kouhyou_detail_004_kani=true&JigyosyoCd=2710908886-00&ServiceCd=160&Type=search", "url2": "https://www.tomita-seikei.com/" }, "geometry": { "type": "Point", "coordinates": [ 135.6189488, 34.8534375 ] } },
{ "type": "Feature", "properties": { "内容": "すぎもと整形外科・麻酔科デイケアセンター【通所リハビリテーション】大阪府高槻市城南町2丁目46番26号", "url": "https://www.kaigokensaku.mhlw.go.jp/27/index.php?action_kouhyou_detail_004_kani=true&JigyosyoCd=2710905536-00&ServiceCd=160&Type=search", "url2": "http://jinjyu-kai.jp" }, "geometry": { "type": "Point", "coordinates": [ 135.622661, 34.839192100000034 ] } },
{ "type": "Feature", "properties": { "内容": "医療法人仁寿会　あけのデイケアセンター【通所リハビリテーション】大阪府高槻市明野町17番1号仁寿会ビル　3階", "url": "https://www.kaigokensaku.mhlw.go.jp/27/index.php?action_kouhyou_detail_004_kani=true&JigyosyoCd=2710908464-00&ServiceCd=160&Type=search", "url2": "https://www.akeno-clinic.com/" }, "geometry": { "type": "Point", "coordinates": [ 135.635061900000011, 34.848371200000017 ] } },
{ "type": "Feature", "properties": { "内容": "医療法人仁寿会　仁寿会郡家クリニック【通所リハビリテーション】大阪府高槻市郡家本町６－５　２階", "url": "https://www.kaigokensaku.mhlw.go.jp/27/index.php?action_kouhyou_detail_004_kani=true&JigyosyoCd=2710906864-00&ServiceCd=160&Type=search", "url2": "https://www.gunge-clinic.com/daycarecenter" }, "geometry": { "type": "Point", "coordinates": [ 135.5953793, 34.8547601 ] } },
{ "type": "Feature", "properties": { "内容": "医療法人庸愛会　富田町病院　通所リハビリテーション【通所リハビリテーション】富田町６丁目７番１７号", "url": "https://www.kaigokensaku.mhlw.go.jp/27/index.php?action_kouhyou_detail_004_kani=true&JigyosyoCd=2710903259-00&ServiceCd=160&Type=search", "url2": "https:www.youaikai.or.jp" }, "geometry": { "type": "Point", "coordinates": [ 135.5950068, 34.8286871 ] } },
{ "type": "Feature", "properties": { "内容": "大阪医科薬科大学三島南病院【通所リハビリテーション】大阪府高槻市玉川新町８－１", "url": "https://www.kaigokensaku.mhlw.go.jp/27/index.php?action_kouhyou_detail_004_kani=true&JigyosyoCd=2710907987-00&ServiceCd=160&Type=search", "url2": "https://www.omp.ac.jp/daycare/index.html" }, "geometry": { "type": "Point", "coordinates": [ 135.604365, 34.8155311 ] } },
{ "type": "Feature", "properties": { "内容": "社会医療法人愛仁会　介護老人保健施設しんあい【通所リハビリテーション】大阪府高槻市西之川原2丁目46番1号", "url": "https://www.kaigokensaku.mhlw.go.jp/27/index.php?action_kouhyou_detail_004_kani=true&JigyosyoCd=2750980084-00&ServiceCd=160&Type=search", "url2": "http://www.aijinkai.or.jp/shin-ai-carefacility/" }, "geometry": { "type": "Point", "coordinates": [ 135.595445899999959, 34.866256 ] } },
{ "type": "Feature", "properties": { "内容": "社会医療法人愛仁会　介護老人保健施設ケーアイ【通所リハビリテーション】大阪府高槻市大字原112番地", "url": "https://www.kaigokensaku.mhlw.go.jp/27/index.php?action_kouhyou_detail_004_kani=true&JigyosyoCd=2750980035-00&ServiceCd=160&Type=search", "url2": "http://www.aijinkai.or.jp/keai/" }, "geometry": { "type": "Point", "coordinates": [ 135.5981372, 34.884007099999984 ] } },
{ "type": "Feature", "properties": { "内容": "介護老人保健施設サンガピア館【通所リハビリテーション】大阪府高槻市大塚町5-20-3", "url": "https://www.kaigokensaku.mhlw.go.jp/27/index.php?action_kouhyou_detail_004_kani=true&JigyosyoCd=2750980043-00&ServiceCd=160&Type=search", "url2": "http://www.towa-med.or.jp" }, "geometry": { "type": "Point", "coordinates": [ 135.630779100000041, 34.8218363 ] } },
{ "type": "Feature", "properties": { "内容": "みどりヶ丘介護老人保健施設【通所リハビリテーション】大阪府高槻市奈佐原四丁目７番１号", "url": "https://www.kaigokensaku.mhlw.go.jp/27/index.php?action_kouhyou_detail_004_kani=true&JigyosyoCd=2750980027-00&ServiceCd=160&Type=search", "url2": null }, "geometry": { "type": "Point", "coordinates": [ 135.576300599999968, 34.8649557 ] } },
{ "type": "Feature", "properties": { "内容": "介護老人保健施設ローズマリー【通所リハビリテーション】大阪府高槻市東和町５７－１", "url": "https://www.kaigokensaku.mhlw.go.jp/27/index.php?action_kouhyou_detail_004_kani=true&JigyosyoCd=2750980019-00&ServiceCd=160&Type=search", "url2": "http://rosemary.or.jp/" }, "geometry": { "type": "Point", "coordinates": [ 135.63681459999998, 34.830205 ] } },
{ "type": "Feature", "properties": { "内容": "社会医療法人慈薫会　河崎病院【通所リハビリテーション】大阪府貝塚市水間183", "url": "https://www.kaigokensaku.mhlw.go.jp/27/index.php?action_kouhyou_detail_004_kani=true&JigyosyoCd=2711301065-00&ServiceCd=160&Type=search", "url2": "http://www.jikunnkai.or.jp/" }, "geometry": { "type": "Point", "coordinates": [ 135.386292400000031, 34.403077600000017 ] } },
{ "type": "Feature", "properties": { "内容": "医療法人なかいクリニックデイケアセンター鳥羽の郷【通所リハビリテーション】大阪府貝塚市海塚2-22-20", "url": "https://www.kaigokensaku.mhlw.go.jp/27/index.php?action_kouhyou_detail_004_kani=true&JigyosyoCd=2711301875-00&ServiceCd=160&Type=search", "url2": "http://www.medic-grp.co.jp/doctor/nakai/" }, "geometry": { "type": "Point", "coordinates": [ 135.3624728, 34.4395164 ] } },
{ "type": "Feature", "properties": { "内容": "医療法人　積善会【通所リハビリテーション】大阪府貝塚市堀1丁目16-6", "url": "https://www.kaigokensaku.mhlw.go.jp/27/index.php?action_kouhyou_detail_004_kani=true&JigyosyoCd=2711301479-00&ServiceCd=160&Type=search", "url2": "https://takahashibyoin.jp/" }, "geometry": { "type": "Point", "coordinates": [ 135.3657679, 34.4492885 ] } },
{ "type": "Feature", "properties": { "内容": "パナソニック健康保険組合　松下介護老人保健施設はーとぴあ【通所リハビリテーション】大阪府守口市外島町5番55号", "url": "https://www.kaigokensaku.mhlw.go.jp/27/index.php?action_kouhyou_detail_004_kani=true&JigyosyoCd=2753280037-00&ServiceCd=160&Type=search", "url2": "https://kenpo.jpn.panasonic.com/rouken/" }, "geometry": { "type": "Point", "coordinates": [ 135.562756300000046, 34.7436278 ] } },
{ "type": "Feature", "properties": { "内容": "愛泉会デイケアセンター【通所リハビリテーション】守口市八雲中町2-4-26", "url": "https://www.kaigokensaku.mhlw.go.jp/27/index.php?action_kouhyou_detail_004_kani=true&JigyosyoCd=2713205116-00&ServiceCd=160&Type=search", "url2": "http://ai-sen-kai.or.jp" }, "geometry": { "type": "Point", "coordinates": [ 135.569201319712874, 34.745061503468179 ] } },
{ "type": "Feature", "properties": { "内容": "医療法人　橋本クリニック　通所リハビリテーション【通所リハビリテーション】大阪府守口市金下町2－12－5", "url": "https://www.kaigokensaku.mhlw.go.jp/27/index.php?action_kouhyou_detail_004_kani=true&JigyosyoCd=2713203640-00&ServiceCd=160&Type=search", "url2": "http://www.hashimoto.or.jp/" }, "geometry": { "type": "Point", "coordinates": [ 135.559712499999932, 34.7329958 ] } },
{ "type": "Feature", "properties": { "内容": "医療法人西浦会　介護老人保健施設長生苑【通所リハビリテーション】大阪府守口市八雲中町３丁目１２番３号", "url": "https://www.kaigokensaku.mhlw.go.jp/27/index.php?action_kouhyou_detail_004_kani=true&JigyosyoCd=2753280029-00&ServiceCd=160&Type=search", "url2": "http://www.cyoseien.jp/index.html" }, "geometry": { "type": "Point", "coordinates": [ 135.5702, 34.7472717 ] } },
{ "type": "Feature", "properties": { "内容": "よしおかクリニック【通所リハビリテーション】大阪府守口市滝井西町２丁目２番６号", "url": "https://www.kaigokensaku.mhlw.go.jp/27/index.php?action_kouhyou_detail_004_kani=true&JigyosyoCd=2713205124-00&ServiceCd=160&Type=search", "url2": null }, "geometry": { "type": "Point", "coordinates": [ 135.556053100000014, 34.7268182 ] } },
{ "type": "Feature", "properties": { "内容": "守口老人保健施設ラガール【通所リハビリテーション】大阪府守口市大久保町３－３０－１５", "url": "https://www.kaigokensaku.mhlw.go.jp/27/index.php?action_kouhyou_detail_004_kani=true&JigyosyoCd=2753280011-00&ServiceCd=160&Type=search", "url2": "http://www.koudoukai.or.jp/m-lagare/" }, "geometry": { "type": "Point", "coordinates": [ 135.5965946, 34.7546324 ] } },
{ "type": "Feature", "properties": { "内容": "寺方老人保健施設ラガール【通所リハビリテーション】大阪府守口市寺方本通一丁目5番5号", "url": "https://www.kaigokensaku.mhlw.go.jp/27/index.php?action_kouhyou_detail_004_kani=true&JigyosyoCd=2753280045-00&ServiceCd=160&Type=search", "url2": "http://www.koudoukai.or.jp/terakata-lagare" }, "geometry": { "type": "Point", "coordinates": [ 135.57410589999995, 34.7248578 ] } },
{ "type": "Feature", "properties": { "内容": "医療法人清水会もりぐち清水会病院通所リハビリテーションセンター【通所リハビリテーション】大阪府守口市河原町3-12", "url": "https://www.kaigokensaku.mhlw.go.jp/27/index.php?action_kouhyou_detail_004_kani=true&JigyosyoCd=2773200650-00&ServiceCd=160&Type=search", "url2": "http://www.seisuikai.net" }, "geometry": { "type": "Point", "coordinates": [ 135.570154726070996, 34.73733555413753 ] } },
{ "type": "Feature", "properties": { "内容": "医療法人　裕仁会　森整形外科【通所リハビリテーション】大阪府守口市小春町2番15号DOIメディカルセンタービル1F", "url": "https://www.kaigokensaku.mhlw.go.jp/27/index.php?action_kouhyou_detail_004_kani=true&JigyosyoCd=2713203608-00&ServiceCd=160&Type=search", "url2": "http://moriseikei.net" }, "geometry": { "type": "Point", "coordinates": [ 135.561618, 34.7300488 ] } },
{ "type": "Feature", "properties": { "内容": "関西医科大学総合医療センター【通所リハビリテーション】大阪府守口市文園町10番15号関西医科大学総合医療センター　南館3階", "url": "https://www.kaigokensaku.mhlw.go.jp/27/index.php?action_kouhyou_detail_004_kani=true&JigyosyoCd=2713200703-00&ServiceCd=160&Type=search", "url2": "https://www.kmu.ac.jp/takii/hospital/daycare.html" }, "geometry": { "type": "Point", "coordinates": [ 135.5563291, 34.7286955 ] } },
{ "type": "Feature", "properties": { "内容": "介護老人保健施設なごみの里【通所リハビリテーション】大阪府枚方市長尾北町2-1845-1", "url": "https://www.kaigokensaku.mhlw.go.jp/27/index.php?action_kouhyou_detail_004_kani=true&JigyosyoCd=2752480067-00&ServiceCd=160&Type=search", "url2": "http://midori.jpn.org/nagomi" }, "geometry": { "type": "Point", "coordinates": [ 135.705694499999936, 34.8356949 ] } },
{ "type": "Feature", "properties": { "内容": "医療法人　香庸会　川口脳神経外科リハビリクリニック【通所リハビリテーション】大阪府枚方市香里園町9-25202号室", "url": "https://www.kaigokensaku.mhlw.go.jp/27/index.php?action_kouhyou_detail_004_kani=true&JigyosyoCd=2712409164-00&ServiceCd=160&Type=search", "url2": "https://kawaguchi-ns.com/access/" }, "geometry": { "type": "Point", "coordinates": [ 135.6323549, 34.7857195 ] } },
{ "type": "Feature", "properties": { "内容": "（医）讃高会　たかいクリニック通所リハビリセンター　あゆみ【通所リハビリテーション】大阪府枚方市津田西町１丁目３７番２０号", "url": "https://www.kaigokensaku.mhlw.go.jp/27/index.php?action_kouhyou_detail_004_kani=true&JigyosyoCd=2712407804-00&ServiceCd=160&Type=search", "url2": "https://sankokai.or.jp/hirakatahigashi/takai_cl/" }, "geometry": { "type": "Point", "coordinates": [ 135.6973597, 34.8086252 ] } },
{ "type": "Feature", "properties": { "内容": "医療法人松徳会　介護老人保健施設老健ふじさか【通所リハビリテーション】大阪府枚方市藤阪天神町1番60号", "url": "https://www.kaigokensaku.mhlw.go.jp/27/index.php?action_kouhyou_detail_004_kani=true&JigyosyoCd=2752480075-00&ServiceCd=160&Type=search", "url2": "http://www.matsutani.or.jp" }, "geometry": { "type": "Point", "coordinates": [ 135.703806100000065, 34.8157608 ] } },
{ "type": "Feature", "properties": { "内容": "医療法人　大潤会　よしだ医院デイケアセンター【通所リハビリテーション】大阪府枚方市磯島元町16-16", "url": "https://www.kaigokensaku.mhlw.go.jp/27/index.php?action_kouhyou_detail_004_kani=true&JigyosyoCd=2712406038-00&ServiceCd=160&Type=search", "url2": "http://www.ojunkai.com/" }, "geometry": { "type": "Point", "coordinates": [ 135.648088799999982, 34.8236559 ] } },
{ "type": "Feature", "properties": { "内容": "医療法人　田中外科【通所リハビリテーション】大阪府枚方市中宮本町１７－１０", "url": "https://www.kaigokensaku.mhlw.go.jp/27/index.php?action_kouhyou_detail_004_kani=true&JigyosyoCd=2712405949-00&ServiceCd=160&Type=search", "url2": "http://www.tanakageka.com/" }, "geometry": { "type": "Point", "coordinates": [ 135.659629699999982, 34.8180983 ] } },
{ "type": "Feature", "properties": { "内容": "医療法人友隣会　友隣会メディカルケアクリニック　通所リハビリテーション【通所リハビリテーション】大阪府枚方市伊加賀東町２-２１", "url": "https://www.kaigokensaku.mhlw.go.jp/27/index.php?action_kouhyou_detail_004_kani=true&JigyosyoCd=2712409107-00&ServiceCd=160&Type=search", "url2": "http://www.kyouritu.or.jp" }, "geometry": { "type": "Point", "coordinates": [ 135.6390664, 34.8100458 ] } },
{ "type": "Feature", "properties": { "内容": "こうの整形外科【通所リハビリテーション】大阪府枚方市花園町11-3-207メディケアモール2階207号室", "url": "https://www.kaigokensaku.mhlw.go.jp/27/index.php?action_kouhyou_detail_004_kani=true&JigyosyoCd=2712408315-00&ServiceCd=160&Type=search", "url2": "https://www.kohno-orthop.jp/" }, "geometry": { "type": "Point", "coordinates": [ 135.6511362, 34.8147385 ] } },
{ "type": "Feature", "properties": { "内容": "関西医科大学くずは病院【通所リハビリテーション】大阪府枚方市楠葉花園町4番1号", "url": "https://www.kaigokensaku.mhlw.go.jp/27/index.php?action_kouhyou_detail_004_kani=true&JigyosyoCd=2712408497-00&ServiceCd=160&Type=search", "url2": "https://www.kmu.ac.jp/kuzuha/visit/treatment/suport_section/daycare.html" }, "geometry": { "type": "Point", "coordinates": [ 135.676735900000011, 34.8575397 ] } },
{ "type": "Feature", "properties": { "内容": "関医デイケアセンター・枚方【通所リハビリテーション】大阪府枚方市新町2丁目3番1号関西医科大学附属病院", "url": "https://www.kaigokensaku.mhlw.go.jp/27/index.php?action_kouhyou_detail_004_kani=true&JigyosyoCd=2712406970-00&ServiceCd=160&Type=search", "url2": "https://www.kmu.ac.jp/hirakata/hospital/deikeac.html" }, "geometry": { "type": "Point", "coordinates": [ 135.6452343, 34.8174944 ] } },
{ "type": "Feature", "properties": { "内容": "介護老人保健施設カリタス東香里【通所リハビリテーション】大阪府枚方市東香里１丁目２４番３6号", "url": "https://www.kaigokensaku.mhlw.go.jp/27/index.php?action_kouhyou_detail_004_kani=true&JigyosyoCd=2752480059-00&ServiceCd=160&Type=search", "url2": "http://www.higashikouri-hp.com/caritas/index.html" }, "geometry": { "type": "Point", "coordinates": [ 135.656805399999939, 34.7802107 ] } },
{ "type": "Feature", "properties": { "内容": "介護老人保健施設美杉【通所リハビリテーション】大阪府枚方市西招提町２１６６番地", "url": "https://www.kaigokensaku.mhlw.go.jp/27/index.php?action_kouhyou_detail_004_kani=true&JigyosyoCd=2752480034-00&ServiceCd=160&Type=search", "url2": "http://www.misugikai.jp" }, "geometry": { "type": "Point", "coordinates": [ 135.681977, 34.8444625 ] } },
{ "type": "Feature", "properties": { "内容": "介護老人保健施設　勘右ェ門【通所リハビリテーション】大阪府枚方市春日北町４丁目２１番１号", "url": "https://www.kaigokensaku.mhlw.go.jp/27/index.php?action_kouhyou_detail_004_kani=true&JigyosyoCd=2752480091-00&ServiceCd=160&Type=search", "url2": null }, "geometry": { "type": "Point", "coordinates": [ 135.6890525, 34.8038227 ] } },
{ "type": "Feature", "properties": { "内容": "枚方老人保健施設のぞみ【通所リハビリテーション】大阪府枚方市田口山１丁目７番１号", "url": "https://www.kaigokensaku.mhlw.go.jp/27/index.php?action_kouhyou_detail_004_kani=true&JigyosyoCd=2752480117-00&ServiceCd=160&Type=search", "url2": "https://kiboukai-nozomi.jp" }, "geometry": { "type": "Point", "coordinates": [ 135.687846600000057, 34.8284255 ] } },
{ "type": "Feature", "properties": { "内容": "福田総合総合病院通所リハビリテーション【通所リハビリテーション】大阪府枚方市渚西1丁目18番11号", "url": "https://www.kaigokensaku.mhlw.go.jp/27/index.php?action_kouhyou_detail_004_kani=true&JigyosyoCd=2712408828-00&ServiceCd=160&Type=search", "url2": "https://fukuda-hsp.jp/" }, "geometry": { "type": "Point", "coordinates": [ 135.652743758860765, 34.829095228675371 ] } },
{ "type": "Feature", "properties": { "内容": "介護老人保健施設美樟苑【通所リハビリテーション】大阪府枚方市養父東町１８番３０号", "url": "https://www.kaigokensaku.mhlw.go.jp/27/index.php?action_kouhyou_detail_004_kani=true&JigyosyoCd=2752480042-00&ServiceCd=160&Type=search", "url2": "http://www.misugikai.jp" }, "geometry": { "type": "Point", "coordinates": [ 135.675677599999972, 34.8459845 ] } },
{ "type": "Feature", "properties": { "内容": "医療法人みどり会中村病院通所リハビリテーション【通所リハビリテーション】大阪府枚方市長尾播磨谷1-2834-5", "url": "https://www.kaigokensaku.mhlw.go.jp/27/index.php?action_kouhyou_detail_004_kani=true&JigyosyoCd=2712407945-00&ServiceCd=160&Type=search", "url2": "http://midori.jpn.org/" }, "geometry": { "type": "Point", "coordinates": [ 135.715223627647447, 34.828598958453306 ] } },
{ "type": "Feature", "properties": { "内容": "双葉クリニック【通所リハビリテーション】大阪府枚方市東牧野町３０番５号", "url": "https://www.kaigokensaku.mhlw.go.jp/27/index.php?action_kouhyou_detail_004_kani=true&JigyosyoCd=2712407135-00&ServiceCd=160&Type=search", "url2": "http://www.mukaiyama.or.jp/" }, "geometry": { "type": "Point", "coordinates": [ 135.6771331, 34.8405989 ] } },
{ "type": "Feature", "properties": { "内容": "医療法人大寿会介護老人保健施設ユートピア【通所リハビリテーション】大阪府枚方市伊加賀西町４７－１", "url": "https://www.kaigokensaku.mhlw.go.jp/27/index.php?action_kouhyou_detail_004_kani=true&JigyosyoCd=2752480083-00&ServiceCd=160&Type=search", "url2": "http://www.daijukai.com" }, "geometry": { "type": "Point", "coordinates": [ 135.623465799999963, 34.8041717 ] } },
{ "type": "Feature", "properties": { "内容": "長尾台診療所通所リハビリテーション【通所リハビリテーション】大阪府枚方市２－１－２６", "url": "https://www.kaigokensaku.mhlw.go.jp/27/index.php?action_kouhyou_detail_004_kani=true&JigyosyoCd=2712403993-00&ServiceCd=160&Type=search", "url2": "https://www.nagaodai.jp/" }, "geometry": { "type": "Point", "coordinates": [ 135.648023, 34.818338 ] } },
{ "type": "Feature", "properties": { "内容": "いかがデイケア【通所リハビリテーション】大阪府枚方市伊加賀西町51番25号", "url": "https://www.kaigokensaku.mhlw.go.jp/27/index.php?action_kouhyou_detail_004_kani=true&JigyosyoCd=2712407820-00&ServiceCd=160&Type=search", "url2": "http://naitoh-clinic.jp/" }, "geometry": { "type": "Point", "coordinates": [ 135.624936786508187, 34.80365797604216 ] } },
{ "type": "Feature", "properties": { "内容": "社会医療法人美杉会　佐藤病院【通所リハビリテーション】大阪府枚方市養父東町６５番１号大阪府枚方市養父東町６５番１号", "url": "https://www.kaigokensaku.mhlw.go.jp/27/index.php?action_kouhyou_detail_004_kani=true&JigyosyoCd=2712406244-00&ServiceCd=160&Type=search", "url2": "https://misugikai.jp/satou_h/doctor/kaigoservices/daycare/" }, "geometry": { "type": "Point", "coordinates": [ 135.6803984, 34.8443022 ] } },
{ "type": "Feature", "properties": { "内容": "渚うめだ整形外科クリニック【通所リハビリテーション】大阪府枚方市渚南町24-31なぎさクリニックモール　3F", "url": "https://www.kaigokensaku.mhlw.go.jp/27/index.php?action_kouhyou_detail_004_kani=true&JigyosyoCd=2712408612-00&ServiceCd=160&Type=search", "url2": "http://nagisa-ortho.jp/" }, "geometry": { "type": "Point", "coordinates": [ 135.654975900000011, 34.827572600000025 ] } },
{ "type": "Feature", "properties": { "内容": "医療法人健美会　ねぎ整形外科・リウマチクリニック【通所リハビリテーション】大阪府枚方市招堤平野町5－22", "url": "https://www.kaigokensaku.mhlw.go.jp/27/index.php?action_kouhyou_detail_004_kani=true&JigyosyoCd=2712408596-00&ServiceCd=160&Type=search", "url2": "http://www.negiseikei.com" }, "geometry": { "type": "Point", "coordinates": [ 135.679631293409756, 34.840134472322617 ] } },
{ "type": "Feature", "properties": { "内容": "医療法人恵仁会　介護老人保健施設めぐみ【通所リハビリテーション】大阪府茨木市南安威二丁目10-17", "url": "https://www.kaigokensaku.mhlw.go.jp/27/index.php?action_kouhyou_detail_004_kani=true&JigyosyoCd=2754280051-00&ServiceCd=160&Type=search", "url2": "http://www.tanaka-hsp.or.jp" }, "geometry": { "type": "Point", "coordinates": [ 135.559424300000046, 34.842419 ] } },
{ "type": "Feature", "properties": { "内容": "医療法人　恵仁会　　介護老人保健施設　たんぽぽ【通所リハビリテーション】大阪府茨木市真砂三丁目21番27号", "url": "https://www.kaigokensaku.mhlw.go.jp/27/index.php?action_kouhyou_detail_004_kani=true&JigyosyoCd=2754280044-00&ServiceCd=160&Type=search", "url2": "http://www.tanaka-hsp.or.jp" }, "geometry": { "type": "Point", "coordinates": [ 135.582556599999975, 34.7976268 ] } },
{ "type": "Feature", "properties": { "内容": "医療法人誠友会　茨木誠友クリニック【通所リハビリテーション】大阪府茨木市上中条1-9-32茨木メディカルビル１階", "url": "https://www.kaigokensaku.mhlw.go.jp/27/index.php?action_kouhyou_detail_004_kani=true&JigyosyoCd=2714206162-00&ServiceCd=160&Type=search", "url2": "http://www.seiyukai-fureai.com/ibaragi.html" }, "geometry": { "type": "Point", "coordinates": [ 135.569090599999981, 34.8192437 ] } },
{ "type": "Feature", "properties": { "内容": "医療法人　高島整形外科【通所リハビリテーション】大阪府茨木市沢良宜西一丁目13番22号高島整形外科", "url": "https://www.kaigokensaku.mhlw.go.jp/27/index.php?action_kouhyou_detail_004_kani=true&JigyosyoCd=2714206444-00&ServiceCd=160&Type=search", "url2": "http://www.takasima.jp" }, "geometry": { "type": "Point", "coordinates": [ 135.563413800000035, 34.7994121 ] } },
{ "type": "Feature", "properties": { "内容": "介護老人保健施設ひまわり通所リハビリテーション【通所リハビリテーション】大阪府茨木市南春日丘七丁目9番18号", "url": "https://www.kaigokensaku.mhlw.go.jp/27/index.php?action_kouhyou_detail_004_kani=true&JigyosyoCd=2754280077-00&ServiceCd=160&Type=search", "url2": "http://himawari.aijinkai.or.jp/" }, "geometry": { "type": "Point", "coordinates": [ 135.530417400000033, 34.820470300000046 ] } },
{ "type": "Feature", "properties": { "内容": "介護老人保健施設ライフポート茨木【通所リハビリテーション】大阪府茨木市見付山2丁目1番39号", "url": "https://www.kaigokensaku.mhlw.go.jp/27/index.php?action_kouhyou_detail_004_kani=true&JigyosyoCd=2754280036-00&ServiceCd=160&Type=search", "url2": "https://www.ibaraki.saiseikai.or.jp/lifeport-rouken/index.html" }, "geometry": { "type": "Point", "coordinates": [ 135.556041700000037, 34.8213182 ] } },
{ "type": "Feature", "properties": { "内容": "医療法人健彰会　健彰会クリニック整形外科リウマチ科【通所リハビリテーション】大阪府茨木市総持寺台１-１１ホクセツメディカルモール１階", "url": "https://www.kaigokensaku.mhlw.go.jp/27/index.php?action_kouhyou_detail_004_kani=true&JigyosyoCd=2714207707-00&ServiceCd=160&Type=search", "url2": "https://kenshoukai.org" }, "geometry": { "type": "Point", "coordinates": [ 135.5859141, 34.8250482 ] } },
{ "type": "Feature", "properties": { "内容": "老人保健施設　清渓苑【通所リハビリテーション】大阪府茨木市泉原38番地の1老人保健　清渓苑", "url": "https://www.kaigokensaku.mhlw.go.jp/27/index.php?action_kouhyou_detail_004_kani=true&JigyosyoCd=2754280010-00&ServiceCd=160&Type=search", "url2": "http://www.tenno.or.jp/" }, "geometry": { "type": "Point", "coordinates": [ 135.529853799999955, 34.8886942 ] } },
{ "type": "Feature", "properties": { "内容": "介護老人保健施設　あいの苑【通所リハビリテーション】大阪府茨木市東太田4丁目5番20号", "url": "https://www.kaigokensaku.mhlw.go.jp/27/index.php?action_kouhyou_detail_004_kani=true&JigyosyoCd=2754280069-00&ServiceCd=160&Type=search", "url2": "http://www.aino-fukushikai.or.jp" }, "geometry": { "type": "Point", "coordinates": [ 135.583574900000031, 34.8433696 ] } },
{ "type": "Feature", "properties": { "内容": "八尾はぁとふる病院通所リハビリテーション【通所リハビリテーション】大阪府八尾市美園町二丁目18番１", "url": "https://www.kaigokensaku.mhlw.go.jp/27/index.php?action_kouhyou_detail_004_kani=true&JigyosyoCd=2715505604-00&ServiceCd=160&Type=search", "url2": "http://www.heartful-health.or.jp" }, "geometry": { "type": "Point", "coordinates": [ 135.595263899999964, 34.6401313 ] } },
{ "type": "Feature", "properties": { "内容": "介護老人保健施設ノーブル楽音寺【通所リハビリテーション】大阪府八尾市楽音寺3-5", "url": "https://www.kaigokensaku.mhlw.go.jp/27/index.php?action_kouhyou_detail_004_kani=true&JigyosyoCd=2755580038-00&ServiceCd=160&Type=search", "url2": "http://www.noble.or.jp/" }, "geometry": { "type": "Point", "coordinates": [ 135.639823699999965, 34.6428901 ] } },
{ "type": "Feature", "properties": { "内容": "医療法人　幸晴会　中谷クリニック【通所リハビリテーション】大阪府八尾市八尾木北３丁目１２３番地", "url": "https://www.kaigokensaku.mhlw.go.jp/27/index.php?action_kouhyou_detail_004_kani=true&JigyosyoCd=2715506255-00&ServiceCd=160&Type=search", "url2": "http://www.nakataniclinic.or.jp/" }, "geometry": { "type": "Point", "coordinates": [ 135.615642799999932, 34.6151876 ] } },
{ "type": "Feature", "properties": { "内容": "介護老人保健施設悠久苑　通所リハビリテーション【通所リハビリテーション】大阪府八尾市大字山畑5番地1", "url": "https://www.kaigokensaku.mhlw.go.jp/27/index.php?action_kouhyou_detail_004_kani=true&JigyosyoCd=2755580020-00&ServiceCd=160&Type=search", "url2": "http://www.sakamotoiin-yao.or.jp" }, "geometry": { "type": "Point", "coordinates": [ 135.63834339999994, 34.6287666 ] } },
{ "type": "Feature", "properties": { "内容": "医療法人　山田医院【通所リハビリテーション】大阪府八尾市山本町4-1-14", "url": "https://www.kaigokensaku.mhlw.go.jp/27/index.php?action_kouhyou_detail_004_kani=true&JigyosyoCd=2715505349-00&ServiceCd=160&Type=search", "url2": null }, "geometry": { "type": "Point", "coordinates": [ 135.6199729, 34.6317274 ] } },
{ "type": "Feature", "properties": { "内容": "医療法人長寿会　長寿診療所【通所リハビリテーション】大阪府八尾市宮町一丁目１番５号", "url": "https://www.kaigokensaku.mhlw.go.jp/27/index.php?action_kouhyou_detail_004_kani=true&JigyosyoCd=2715505364-00&ServiceCd=160&Type=search", "url2": null }, "geometry": { "type": "Point", "coordinates": [ 135.597544400000061, 34.632035 ] } },
{ "type": "Feature", "properties": { "内容": "介護老人保健施設　　八尾徳洲苑【通所リハビリテーション】大阪府八尾市荘内町1丁目2-35", "url": "https://www.kaigokensaku.mhlw.go.jp/27/index.php?action_kouhyou_detail_004_kani=true&JigyosyoCd=2755580046-00&ServiceCd=160&Type=search", "url2": "https://yao-care.tokushukai.or.jp/" }, "geometry": { "type": "Point", "coordinates": [ 135.607926671821531, 34.627684812644688 ] } },
{ "type": "Feature", "properties": { "内容": "介護老人保健施設　スローライフ八尾【通所リハビリテーション】大阪府八尾市福栄町１丁目１２番地", "url": "https://www.kaigokensaku.mhlw.go.jp/27/index.php?action_kouhyou_detail_004_kani=true&JigyosyoCd=2755580061-00&ServiceCd=160&Type=search", "url2": "http://www.slowlife.or.jp/" }, "geometry": { "type": "Point", "coordinates": [ 135.625958200000014, 34.6427151 ] } },
{ "type": "Feature", "properties": { "内容": "医療福祉生活おおさか　八尾クリニック　通所リハビリテーション【通所リハビリテーション】八尾市八尾木6-100医療福祉生活おおさか　八尾クリニック", "url": "https://www.kaigokensaku.mhlw.go.jp/27/index.php?action_kouhyou_detail_004_kani=true&JigyosyoCd=2715506024-00&ServiceCd=160&Type=search", "url2": "https://iseikyoukawachino.jp/kawachino/" }, "geometry": { "type": "Point", "coordinates": [ 135.614745699999958, 34.6062247 ] } },
{ "type": "Feature", "properties": { "内容": "医療法人安田医院　通所リハビリセンターリハッピー【通所リハビリテーション】大阪府八尾市久宝寺２－１－１４", "url": "https://www.kaigokensaku.mhlw.go.jp/27/index.php?action_kouhyou_detail_004_kani=true&JigyosyoCd=2715504714-00&ServiceCd=160&Type=search", "url2": "https://kyuhoji-yasuda.com/rehappy/" }, "geometry": { "type": "Point", "coordinates": [ 135.591698699999966, 34.627875611687635 ] } },
{ "type": "Feature", "properties": { "内容": "医療法人　永光会　新井クリニック【通所リハビリテーション】大阪府八尾市美園町4-109-3", "url": "https://www.kaigokensaku.mhlw.go.jp/27/index.php?action_kouhyou_detail_004_kani=true&JigyosyoCd=2715506610-00&ServiceCd=160&Type=search", "url2": "http://www.eikoukai.or.jp" }, "geometry": { "type": "Point", "coordinates": [ 135.5911476, 34.6389396 ] } },
{ "type": "Feature", "properties": { "内容": "医療法人誠悠会　塩田整形外科【通所リハビリテーション】大阪府八尾市荘内町１丁目２－２０ボーリバージュ藤増１階", "url": "https://www.kaigokensaku.mhlw.go.jp/27/index.php?action_kouhyou_detail_004_kani=true&JigyosyoCd=2715504169-00&ServiceCd=160&Type=search", "url2": "http://www.shiota-seikei.jp/" }, "geometry": { "type": "Point", "coordinates": [ 135.607490800000051, 34.6282913 ] } },
{ "type": "Feature", "properties": { "内容": "介護老人保健施設あおぞら【通所リハビリテーション】大阪府八尾市沼１丁目４１番地", "url": "https://www.kaigokensaku.mhlw.go.jp/27/index.php?action_kouhyou_detail_004_kani=true&JigyosyoCd=2755580053-00&ServiceCd=160&Type=search", "url2": "http://www.ishinkai.or.jp/" }, "geometry": { "type": "Point", "coordinates": [ 135.601533900000049, 34.588701 ] } },
{ "type": "Feature", "properties": { "内容": "石垣クリニック【通所リハビリテーション】大阪府八尾市春日町１－４－４", "url": "https://www.kaigokensaku.mhlw.go.jp/27/index.php?action_kouhyou_detail_004_kani=true&JigyosyoCd=2715506693-00&ServiceCd=160&Type=search", "url2": null }, "geometry": { "type": "Point", "coordinates": [ 135.59067490000001, 34.6178595 ] } },
{ "type": "Feature", "properties": { "内容": "医療法人　おおうら整形外科　つるさわクラブ【通所リハビリテーション】大阪府泉佐野市鶴原４－３－８", "url": "https://www.kaigokensaku.mhlw.go.jp/27/index.php?action_kouhyou_detail_004_kani=true&JigyosyoCd=2714501182-00&ServiceCd=160&Type=search", "url2": "http://www.ooura-seikei.com" }, "geometry": { "type": "Point", "coordinates": [ 135.33864410000001, 34.4293873 ] } },
{ "type": "Feature", "properties": { "内容": "医療法人康生会泉佐野優人会病院【通所リハビリテーション】大阪府泉佐野市湊4丁目5番17号", "url": "https://www.kaigokensaku.mhlw.go.jp/27/index.php?action_kouhyou_detail_004_kani=true&JigyosyoCd=2714500978-00&ServiceCd=160&Type=search", "url2": "http://www.yujinkai.or.jp/" }, "geometry": { "type": "Point", "coordinates": [ 135.326956500000051, 34.4188104 ] } },
{ "type": "Feature", "properties": { "内容": "医療法人青洲会　なかつか整形外科リハビリクリニック【通所リハビリテーション】大阪府泉佐野市鶴原832-1", "url": "https://www.kaigokensaku.mhlw.go.jp/27/index.php?action_kouhyou_detail_004_kani=true&JigyosyoCd=2714502685-00&ServiceCd=160&Type=search", "url2": "http://nakatsukaseikeigeka.com/" }, "geometry": { "type": "Point", "coordinates": [ 135.3465771, 34.4152139 ] } },
{ "type": "Feature", "properties": { "内容": "栄公クリニック【通所リハビリテーション】大阪府泉佐野市中町3丁目4番5号ジリタス高齢者複合施設ジリタス１Ｆ", "url": "https://www.kaigokensaku.mhlw.go.jp/27/index.php?action_kouhyou_detail_004_kani=true&JigyosyoCd=2714502586-00&ServiceCd=160&Type=search", "url2": "http://www.sanokinen.jp/" }, "geometry": { "type": "Point", "coordinates": [ 135.316068959599221, 34.400133432577675 ] } },
{ "type": "Feature", "properties": { "内容": "介護老人保健施設ホライズン【通所リハビリテーション】大阪府泉佐野市下瓦屋２２１－１", "url": "https://www.kaigokensaku.mhlw.go.jp/27/index.php?action_kouhyou_detail_004_kani=true&JigyosyoCd=2754580021-00&ServiceCd=160&Type=search", "url2": "http://www.horizon.or.jp" }, "geometry": { "type": "Point", "coordinates": [ 135.34269960000006, 34.4171498 ] } },
{ "type": "Feature", "properties": { "内容": "介護老人保健施設　エルダーケア【通所リハビリテーション】大阪府泉佐野市中庄１３１０番地", "url": "https://www.kaigokensaku.mhlw.go.jp/27/index.php?action_kouhyou_detail_004_kani=true&JigyosyoCd=2754580039-00&ServiceCd=160&Type=search", "url2": "http://www.eldercare.or.jp" }, "geometry": { "type": "Point", "coordinates": [ 135.3307565, 34.4071561 ] } },
{ "type": "Feature", "properties": { "内容": "泉佐野介護医療院　通所リハビリテーション【通所リハビリテーション】大阪府泉佐野市大宮町4-16", "url": "https://www.kaigokensaku.mhlw.go.jp/27/index.php?action_kouhyou_detail_004_kani=true&JigyosyoCd=27B4500018-00&ServiceCd=160&Type=search", "url2": "http://senjyukai.com/" }, "geometry": { "type": "Point", "coordinates": [ 135.319612443516547, 34.413719646840114 ] } },
{ "type": "Feature", "properties": { "内容": "介護老人保健施設きし【通所リハビリテーション】大阪府富田林市中野町西２丁目273", "url": "https://www.kaigokensaku.mhlw.go.jp/27/index.php?action_kouhyou_detail_004_kani=true&JigyosyoCd=2754980023-00&ServiceCd=160&Type=search", "url2": "http://www.rouken-kishi.jp" }, "geometry": { "type": "Point", "coordinates": [ 135.601414281614666, 34.513499171856857 ] } },
{ "type": "Feature", "properties": { "内容": "医療法人　正清会　金剛病院【通所リハビリテーション】大阪府富田林市寿町1-6-10", "url": "https://www.kaigokensaku.mhlw.go.jp/27/index.php?action_kouhyou_detail_004_kani=true&JigyosyoCd=2714900988-00&ServiceCd=160&Type=search", "url2": "https://www.seiseikai-hp.jp/kongou_top" }, "geometry": { "type": "Point", "coordinates": [ 135.593958500000014, 34.4977282 ] } },
{ "type": "Feature", "properties": { "内容": "富田林市介護老人保健施設【通所リハビリテーション】大阪府富田林市向陽台一丁目４番３０号", "url": "https://www.kaigokensaku.mhlw.go.jp/27/index.php?action_kouhyou_detail_004_kani=true&JigyosyoCd=2754980015-00&ServiceCd=160&Type=search", "url2": "http://www.city.tondabayashi.osaka.jp/" }, "geometry": { "type": "Point", "coordinates": [ 135.583056899999974, 34.5065848 ] } },
{ "type": "Feature", "properties": { "内容": "明石整形外科クリニック【通所リハビリテーション】大阪府富田林市寺池台１－１４－２６", "url": "https://www.kaigokensaku.mhlw.go.jp/27/index.php?action_kouhyou_detail_004_kani=true&JigyosyoCd=2714901150-00&ServiceCd=160&Type=search", "url2": "https://akashi-seikei.com/" }, "geometry": { "type": "Point", "coordinates": [ 135.562779800000015, 34.4947224 ] } },
{ "type": "Feature", "properties": { "内容": "医療法人　和敬会　寝屋川南病院デイケア室【通所リハビリテーション】寝屋川市長栄寺町６－３８", "url": "https://www.kaigokensaku.mhlw.go.jp/27/index.php?action_kouhyou_detail_004_kani=true&JigyosyoCd=2770300198-00&ServiceCd=160&Type=search", "url2": "http://www.wakeikai.or.jp" }, "geometry": { "type": "Point", "coordinates": [ 135.6125207, 34.765476 ] } },
{ "type": "Feature", "properties": { "内容": "けいはん医療生活協同組合みい診療所通所リハビリテーション（みいデイケア）【通所リハビリテーション】大阪府寝屋川市三井南町20-173階", "url": "https://www.kaigokensaku.mhlw.go.jp/27/index.php?action_kouhyou_detail_004_kani=true&JigyosyoCd=2710304102-00&ServiceCd=160&Type=search", "url2": "http://www.keihan-healthcoop.net/" }, "geometry": { "type": "Point", "coordinates": [ 135.632979699999964, 34.7743974 ] } },
{ "type": "Feature", "properties": { "内容": "介護老人保健施設　ハーモニィー【通所リハビリテーション】大阪府寝屋川市寝屋２丁目１４番９号", "url": "https://www.kaigokensaku.mhlw.go.jp/27/index.php?action_kouhyou_detail_004_kani=true&JigyosyoCd=2750380020-00&ServiceCd=160&Type=search", "url2": "http://www.ichiyukai.jp/" }, "geometry": { "type": "Point", "coordinates": [ 135.661085700000058, 34.766668 ] } },
{ "type": "Feature", "properties": { "内容": "医療法人協仁会　介護老人保健施設　松柏苑【通所リハビリテーション】大阪府寝屋川市川勝町１１－２７", "url": "https://www.kaigokensaku.mhlw.go.jp/27/index.php?action_kouhyou_detail_004_kani=true&JigyosyoCd=2750380012-00&ServiceCd=160&Type=search", "url2": "http://www.komatsu.or.jp" }, "geometry": { "type": "Point", "coordinates": [ 135.6321994, 34.7673122 ] } },
{ "type": "Feature", "properties": { "内容": "医療法人　全心会　寝屋川ひかり病院【通所リハビリテーション】大阪府寝屋川市石津元町12－20", "url": "https://www.kaigokensaku.mhlw.go.jp/27/index.php?action_kouhyou_detail_004_kani=true&JigyosyoCd=2710305430-00&ServiceCd=160&Type=search", "url2": "http://www.hikari.or.jp/" }, "geometry": { "type": "Point", "coordinates": [ 135.619803, 34.7755278 ] } },
{ "type": "Feature", "properties": { "内容": "医療法人楠医院【通所リハビリテーション】大阪府寝屋川市寿町55番31号", "url": "https://www.kaigokensaku.mhlw.go.jp/27/index.php?action_kouhyou_detail_004_kani=true&JigyosyoCd=2710303542-00&ServiceCd=160&Type=search", "url2": "https://kusunokiiin.com" }, "geometry": { "type": "Point", "coordinates": [ 135.626405100000056, 34.782216 ] } },
{ "type": "Feature", "properties": { "内容": "介護老人保健施設くすのき【通所リハビリテーション】大阪府寝屋川市葛原1丁目29番13号", "url": "https://www.kaigokensaku.mhlw.go.jp/27/index.php?action_kouhyou_detail_004_kani=true&JigyosyoCd=2750380053-00&ServiceCd=160&Type=search", "url2": "https://kusunokiiin.com" }, "geometry": { "type": "Point", "coordinates": [ 135.60807090000003, 34.7732749 ] } },
{ "type": "Feature", "properties": { "内容": "医療法人　大雲会　介護老人保健施設　点野やすらぎの里【通所リハビリテーション】大阪府寝屋川市点野1丁目1番26号", "url": "https://www.kaigokensaku.mhlw.go.jp/27/index.php?action_kouhyou_detail_004_kani=true&JigyosyoCd=2750380038-00&ServiceCd=160&Type=search", "url2": "http://www.simenoyasuragi.com/" }, "geometry": { "type": "Point", "coordinates": [ 135.603018499999962, 34.7778576 ] } },
{ "type": "Feature", "properties": { "内容": "医療法人　河北会　河北病院【通所リハビリテーション】大阪府寝屋川市河北東町19番1号", "url": "https://www.kaigokensaku.mhlw.go.jp/27/index.php?action_kouhyou_detail_004_kani=true&JigyosyoCd=2710304946-00&ServiceCd=160&Type=search", "url2": "http://www.kahoku.or.jp" }, "geometry": { "type": "Point", "coordinates": [ 135.631339300000036, 34.7290583 ] } },
{ "type": "Feature", "properties": { "内容": "白井内科医院【通所リハビリテーション】大阪府寝屋川市大利元町２番１０号", "url": "https://www.kaigokensaku.mhlw.go.jp/27/index.php?action_kouhyou_detail_004_kani=true&JigyosyoCd=2710304334-00&ServiceCd=160&Type=search", "url2": "http://shirainaikaiin.com/" }, "geometry": { "type": "Point", "coordinates": [ 135.616675900000018, 34.764018 ] } },
{ "type": "Feature", "properties": { "内容": "医療法人生登会寺元記念病院【通所リハビリテーション】大阪府河内長野市古野町4番11号", "url": "https://www.kaigokensaku.mhlw.go.jp/27/index.php?action_kouhyou_detail_004_kani=true&JigyosyoCd=2710701513-00&ServiceCd=160&Type=search", "url2": "http://www.teramoto.or.jp/" }, "geometry": { "type": "Point", "coordinates": [ 135.569597499999986, 34.4558514 ] } },
{ "type": "Feature", "properties": { "内容": "てらもと医療リハビリ病院通所リハビリテーションセンター【通所リハビリテーション】大阪府河内長野市喜多町14-1", "url": "https://www.kaigokensaku.mhlw.go.jp/27/index.php?action_kouhyou_detail_004_kani=true&JigyosyoCd=2710702248-00&ServiceCd=160&Type=search", "url2": "http://www.teramoto.or.jp/rehabilitation/index.htm" }, "geometry": { "type": "Point", "coordinates": [ 135.570186499999977, 34.448666 ] } },
{ "type": "Feature", "properties": { "内容": "医療法人生登会　かわちながの介護老人保健施設　てらもと総合福祉センター【通所リハビリテーション】大阪府　河内長野市　小山田町　1701番地の1", "url": "https://www.kaigokensaku.mhlw.go.jp/27/index.php?action_kouhyou_detail_004_kani=true&JigyosyoCd=2750780013-00&ServiceCd=160&Type=search", "url2": "http://www.teramoto.or.jp" }, "geometry": { "type": "Point", "coordinates": [ 135.548714715344147, 34.447126879258697 ] } },
{ "type": "Feature", "properties": { "内容": "柏友千代田クリニック【通所リハビリテーション】大阪府河内長野市木戸西町２－１－２５", "url": "https://www.kaigokensaku.mhlw.go.jp/27/index.php?action_kouhyou_detail_004_kani=true&JigyosyoCd=2710702024-00&ServiceCd=160&Type=search", "url2": "https://www.hakuyuchiyodaclinic.jp/" }, "geometry": { "type": "Point", "coordinates": [ 135.5653361, 34.4673557 ] } },
{ "type": "Feature", "properties": { "内容": "介護老人保健施設あかしあ【通所リハビリテーション】大阪府河内長野市あかしあ台二丁目6番11号", "url": "https://www.kaigokensaku.mhlw.go.jp/27/index.php?action_kouhyou_detail_004_kani=true&JigyosyoCd=2750780021-00&ServiceCd=160&Type=search", "url2": "http://www.aoyama-med.gr.jp/ontoku-welfare/akashia/" }, "geometry": { "type": "Point", "coordinates": [ 135.553815200000031, 34.4671387 ] } },
{ "type": "Feature", "properties": { "内容": "介護老人保健施設　寿里苑フェリス【通所リハビリテーション】大阪府河内長野市加賀田885-2", "url": "https://www.kaigokensaku.mhlw.go.jp/27/index.php?action_kouhyou_detail_004_kani=true&JigyosyoCd=2750780039-00&ServiceCd=160&Type=search", "url2": "http://www.julien.or.jp" }, "geometry": { "type": "Point", "coordinates": [ 135.567678800000067, 34.4143783 ] } },
{ "type": "Feature", "properties": { "内容": "社会福祉法人恩徳福祉会　青山第二病院【通所リハビリテーション】大阪府河内長野市喜多町192-1", "url": "https://www.kaigokensaku.mhlw.go.jp/27/index.php?action_kouhyou_detail_004_kani=true&JigyosyoCd=2710702628-00&ServiceCd=160&Type=search", "url2": "https://www.ontoku.or.jp/aoyama-hospital2/" }, "geometry": { "type": "Point", "coordinates": [ 135.5684426, 34.4451853 ] } },
{ "type": "Feature", "properties": { "内容": "明治橋病院通所リハビリテーションセンター【通所リハビリテーション】大阪府松原市三宅西１丁目３５８番地３", "url": "https://www.kaigokensaku.mhlw.go.jp/27/index.php?action_kouhyou_detail_004_kani=true&JigyosyoCd=2774800318-00&ServiceCd=160&Type=search", "url2": null }, "geometry": { "type": "Point", "coordinates": [ 135.5500111, 34.5846033 ] } },
{ "type": "Feature", "properties": { "内容": "増田整形心臓血管クリニック【通所リハビリテーション】大阪府松原市上田4－4－5", "url": "https://www.kaigokensaku.mhlw.go.jp/27/index.php?action_kouhyou_detail_004_kani=true&JigyosyoCd=2714801780-00&ServiceCd=160&Type=search", "url2": null }, "geometry": { "type": "Point", "coordinates": [ 135.5540527, 34.57452560000003 ] } },
{ "type": "Feature", "properties": { "内容": "介護老人保健施設　松原徳洲苑【通所リハビリテーション】大阪府松原市天美東7丁目103番地", "url": "https://www.kaigokensaku.mhlw.go.jp/27/index.php?action_kouhyou_detail_004_kani=true&JigyosyoCd=2754880017-00&ServiceCd=160&Type=search", "url2": "http://www.tokushukai.jp" }, "geometry": { "type": "Point", "coordinates": [ 135.538102076919927, 34.588362516201833 ] } },
{ "type": "Feature", "properties": { "内容": "医療法人とよかわ整形外科リハビリクリニック【通所リハビリテーション】大阪府大東市北条2丁目19-1", "url": "https://www.kaigokensaku.mhlw.go.jp/27/index.php?action_kouhyou_detail_004_kani=true&JigyosyoCd=2711902581-00&ServiceCd=160&Type=search", "url2": "http://toyokawa-orthopaedic.com/" }, "geometry": { "type": "Point", "coordinates": [ 135.641436538140596, 34.723571303444686 ] } },
{ "type": "Feature", "properties": { "内容": "医療法人徳洲会　野崎徳洲会クリニック通所リハビリテーション【通所リハビリテーション】大阪府大東市深野３丁目１番１号", "url": "https://www.kaigokensaku.mhlw.go.jp/27/index.php?action_kouhyou_detail_004_kani=true&JigyosyoCd=2711902110-00&ServiceCd=160&Type=search", "url2": "http://nozacli.wixsite.com/home/riha" }, "geometry": { "type": "Point", "coordinates": [ 135.635446893254084, 34.718680691999488 ] } },
{ "type": "Feature", "properties": { "内容": "介護老人保健施設　竜間之郷【通所リハビリテーション】大阪府大東市大字龍間1595-7", "url": "https://www.kaigokensaku.mhlw.go.jp/27/index.php?action_kouhyou_detail_004_kani=true&JigyosyoCd=2751980018-00&ServiceCd=160&Type=search", "url2": "https://www.wakakoukai.or.jp/tatsumanosato/" }, "geometry": { "type": "Point", "coordinates": [ 135.657168299999967, 34.7093191 ] } },
{ "type": "Feature", "properties": { "内容": "協立診療所【通所リハビリテーション】大阪府大東市三箇１丁目3-8協立診療所2F", "url": "https://www.kaigokensaku.mhlw.go.jp/27/index.php?action_kouhyou_detail_004_kani=true&JigyosyoCd=2711901864-00&ServiceCd=160&Type=search", "url2": "https://iseikyoukawachino.jp/kawachino/" }, "geometry": { "type": "Point", "coordinates": [ 135.622004, 34.7152734 ] } },
{ "type": "Feature", "properties": { "内容": "介護老人保健施設　阪奈苑【通所リハビリテーション】大阪府大東市寺川１丁目１番１号", "url": "https://www.kaigokensaku.mhlw.go.jp/27/index.php?action_kouhyou_detail_004_kani=true&JigyosyoCd=2751980026-00&ServiceCd=160&Type=search", "url2": "http://www.jinsen.jp/~hannaen/" }, "geometry": { "type": "Point", "coordinates": [ 135.639464, 34.7085105 ] } },
{ "type": "Feature", "properties": { "内容": "医療法人河和会　河和会デイケアセンター【通所リハビリテーション】大阪府和泉市鶴山台2-4-6", "url": "https://www.kaigokensaku.mhlw.go.jp/27/index.php?action_kouhyou_detail_004_kani=true&JigyosyoCd=2710502044-00&ServiceCd=160&Type=search", "url2": "https://kouwakai-hp.org" }, "geometry": { "type": "Point", "coordinates": [ 135.4536172, 34.504798 ] } },
{ "type": "Feature", "properties": { "内容": "医療法人橘会　横山医院【通所リハビリテーション】大阪府和泉市仏並町287番地", "url": "https://www.kaigokensaku.mhlw.go.jp/27/index.php?action_kouhyou_detail_004_kani=true&JigyosyoCd=2710503778-00&ServiceCd=160&Type=search", "url2": "https://tachibana-med.or.jp/yokoyama/" }, "geometry": { "type": "Point", "coordinates": [ 135.487838399999987, 34.4238814 ] } },
{ "type": "Feature", "properties": { "内容": "介護老人保健施設プリムラ和泉【通所リハビリテーション】大阪府和泉市松尾寺町３３０番地", "url": "https://www.kaigokensaku.mhlw.go.jp/27/index.php?action_kouhyou_detail_004_kani=true&JigyosyoCd=2750580025-00&ServiceCd=160&Type=search", "url2": "http://hakuga.or.jp/" }, "geometry": { "type": "Point", "coordinates": [ 135.4563776, 34.4399937 ] } },
{ "type": "Feature", "properties": { "内容": "医療法人和泉会　介護老人保健施設　ザ・シーズン【通所リハビリテーション】大阪府和泉市若樫町30番１", "url": "https://www.kaigokensaku.mhlw.go.jp/27/index.php?action_kouhyou_detail_004_kani=true&JigyosyoCd=2750580033-00&ServiceCd=160&Type=search", "url2": "http://www.theseason.jp" }, "geometry": { "type": "Point", "coordinates": [ 135.470632, 34.4139242 ] } },
{ "type": "Feature", "properties": { "内容": "社会医療法人啓仁会　咲花病院【通所リハビリテーション】大阪府和泉市のぞみ野一丁目3番30号西館１F", "url": "https://www.kaigokensaku.mhlw.go.jp/27/index.php?action_kouhyou_detail_004_kani=true&JigyosyoCd=2710501848-00&ServiceCd=160&Type=search", "url2": "http://www.sakibana.or.jp/" }, "geometry": { "type": "Point", "coordinates": [ 135.460249, 34.4548641 ] } },
{ "type": "Feature", "properties": { "内容": "咲花クリニックコムフォンテデイケアセンター【通所リハビリテーション】大阪府和泉市のぞみ野3-3-17コムフォンテ咲花", "url": "https://www.kaigokensaku.mhlw.go.jp/27/index.php?action_kouhyou_detail_004_kani=true&JigyosyoCd=2710503653-00&ServiceCd=160&Type=search", "url2": "http://www.sakibana.or.jp/" }, "geometry": { "type": "Point", "coordinates": [ 135.457433, 34.4533248 ] } },
{ "type": "Feature", "properties": { "内容": "介護老人保健施設　サンガーデン府中【通所リハビリテーション】大阪府和泉市山荘町2-1-15", "url": "https://www.kaigokensaku.mhlw.go.jp/27/index.php?action_kouhyou_detail_004_kani=true&JigyosyoCd=2750580017-00&ServiceCd=160&Type=search", "url2": "https://www.yujinkai.com/sungarden/" }, "geometry": { "type": "Point", "coordinates": [ 135.449135699999943, 34.4881573 ] } },
{ "type": "Feature", "properties": { "内容": "社会医療法人ペガサス　介護療養型老人保健施設　エクウス【通所リハビリテーション】大阪府和泉市上町81番地介護療養型老人保健施設　エクウス", "url": "https://www.kaigokensaku.mhlw.go.jp/27/index.php?action_kouhyou_detail_004_kani=true&JigyosyoCd=2750580058-00&ServiceCd=160&Type=search", "url2": "http://www.pegasus.or.jp/" }, "geometry": { "type": "Point", "coordinates": [ 135.447594, 34.5091241 ] } },
{ "type": "Feature", "properties": { "内容": "医療法人紀生会大島クリニック【通所リハビリテーション】大阪府和泉市伯太町6丁目9番11号", "url": "https://www.kaigokensaku.mhlw.go.jp/27/index.php?action_kouhyou_detail_004_kani=true&JigyosyoCd=2710502804-00&ServiceCd=160&Type=search", "url2": null }, "geometry": { "type": "Point", "coordinates": [ 135.433758200000028, 34.498490800000035 ] } },
{ "type": "Feature", "properties": { "内容": "医療法人朝雲会　あさぐも整形外科クリニック【通所リハビリテーション】大阪府和泉市いぶき野5－1－2pivo和泉中央２F", "url": "https://www.kaigokensaku.mhlw.go.jp/27/index.php?action_kouhyou_detail_004_kani=true&JigyosyoCd=2710503471-00&ServiceCd=160&Type=search", "url2": "http://www.asagumo-seikei.com" }, "geometry": { "type": "Point", "coordinates": [ 135.457258305058247, 34.460909657012266 ] } },
{ "type": "Feature", "properties": { "内容": "医療法人　徳洲会　和泉市立和泉診療所【通所リハビリテーション】大阪府和泉市幸二丁目6番37号", "url": "https://www.kaigokensaku.mhlw.go.jp/27/index.php?action_kouhyou_detail_004_kani=true&JigyosyoCd=2719801587-00&ServiceCd=160&Type=search", "url2": "https://izumi-shinryosho.jp/" }, "geometry": { "type": "Point", "coordinates": [ 135.436426, 34.50135 ] } },
{ "type": "Feature", "properties": { "内容": "介護老人保健施設　くろいし【通所リハビリテーション】大阪府和泉市黒石町５６６番１", "url": "https://www.kaigokensaku.mhlw.go.jp/27/index.php?action_kouhyou_detail_004_kani=true&JigyosyoCd=2750580041-00&ServiceCd=160&Type=search", "url2": "http://daisenkai.jp/roken-kuroishi/" }, "geometry": { "type": "Point", "coordinates": [ 135.483202799999958, 34.4450292 ] } },
{ "type": "Feature", "properties": { "内容": "医療法人ガラシア会　介護老人保健施設　ニューライフガラシア【通所リハビリテーション】大阪府箕面市粟生間谷西６－１４－１", "url": "https://www.kaigokensaku.mhlw.go.jp/27/index.php?action_kouhyou_detail_004_kani=true&JigyosyoCd=2751480035-00&ServiceCd=160&Type=search", "url2": "http://www.gratia.or.jp" }, "geometry": { "type": "Point", "coordinates": [ 135.5068397, 34.8507224 ] } },
{ "type": "Feature", "properties": { "内容": "介護老人保健施設　ラ・アケソニア【通所リハビリテーション】大阪府箕面市白島1丁目19-3", "url": "https://www.kaigokensaku.mhlw.go.jp/27/index.php?action_kouhyou_detail_004_kani=true&JigyosyoCd=2751480043-00&ServiceCd=160&Type=search", "url2": "http://www.shinmeikai.jp/" }, "geometry": { "type": "Point", "coordinates": [ 135.4931914, 34.8345826 ] } },
{ "type": "Feature", "properties": { "内容": "社会医療法人寿楽会　介護老人保健施設箕面グリーンビィラ通所リハビリテーション事業所【通所リハビリテーション】大阪府箕面市粟生間谷東１－３３－２５", "url": "https://www.kaigokensaku.mhlw.go.jp/27/index.php?action_kouhyou_detail_004_kani=true&JigyosyoCd=2751480027-00&ServiceCd=160&Type=search", "url2": "https://minoh-greenvilla.jp/" }, "geometry": { "type": "Point", "coordinates": [ 135.514269799999965, 34.8459285 ] } },
{ "type": "Feature", "properties": { "内容": "箕面市立介護老人保健施設【通所リハビリテーション】大阪府箕面市萱野5丁目8番2号", "url": "https://www.kaigokensaku.mhlw.go.jp/27/index.php?action_kouhyou_detail_004_kani=true&JigyosyoCd=2751480019-00&ServiceCd=160&Type=search", "url2": "https://minoh-rouken.jp/" }, "geometry": { "type": "Point", "coordinates": [ 135.4846341, 34.8226975 ] } },
{ "type": "Feature", "properties": { "内容": "医療法人啓明会相原病院【通所リハビリテーション】大阪府箕面市牧落3丁目4番30号", "url": "https://www.kaigokensaku.mhlw.go.jp/27/index.php?action_kouhyou_detail_004_kani=true&JigyosyoCd=2711402632-00&ServiceCd=160&Type=search", "url2": "http://www.aiharahp.com" }, "geometry": { "type": "Point", "coordinates": [ 135.4744045, 34.8263673 ] } },
{ "type": "Feature", "properties": { "内容": "介護老人保健施設　知恵の和苑【通所リハビリテーション】大阪府柏原市古町3-2-17", "url": "https://www.kaigokensaku.mhlw.go.jp/27/index.php?action_kouhyou_detail_004_kani=true&JigyosyoCd=2754680029-00&ServiceCd=160&Type=search", "url2": "http://jinyuukai.or.jp/chienowaen/" }, "geometry": { "type": "Point", "coordinates": [ 135.620088986508108, 34.584821064555889 ] } },
{ "type": "Feature", "properties": { "内容": "介護老人保健施設　悠々亭【通所リハビリテーション】大阪府羽曳野市樫山100番地の1", "url": "https://www.kaigokensaku.mhlw.go.jp/27/index.php?action_kouhyou_detail_004_kani=true&JigyosyoCd=2753880018-00&ServiceCd=160&Type=search", "url2": "http://www.heartful-health.or.jp/" }, "geometry": { "type": "Point", "coordinates": [ 135.579767400000037, 34.5582954 ] } },
{ "type": "Feature", "properties": { "内容": "医療法人颯仁会しらとり病院【通所リハビリテーション】大阪府　羽曳野市　誉田　三丁目　15番　27号", "url": "https://www.kaigokensaku.mhlw.go.jp/27/index.php?action_kouhyou_detail_004_kani=true&JigyosyoCd=2713801393-00&ServiceCd=160&Type=search", "url2": "https://soujinkai-s.jp/" }, "geometry": { "type": "Point", "coordinates": [ 135.607503400000041, 34.5577988 ] } },
{ "type": "Feature", "properties": { "内容": "介護老人保健施設まほろば【通所リハビリテーション】大阪府　羽曳野市　誉田　三丁目　１５番　６号", "url": "https://www.kaigokensaku.mhlw.go.jp/27/index.php?action_kouhyou_detail_004_kani=true&JigyosyoCd=2753880026-00&ServiceCd=160&Type=search", "url2": "https://soujinkai-m.jp" }, "geometry": { "type": "Point", "coordinates": [ 135.607775599999968, 34.5580265 ] } },
{ "type": "Feature", "properties": { "内容": "医療法人　慶組　おとのクリニック【通所リハビリテーション】大阪府羽曳野市野370番地", "url": "https://www.kaigokensaku.mhlw.go.jp/27/index.php?action_kouhyou_detail_004_kani=true&JigyosyoCd=2713802425-00&ServiceCd=160&Type=search", "url2": null }, "geometry": { "type": "Point", "coordinates": [ 135.5726955, 34.5610648 ] } },
{ "type": "Feature", "properties": { "内容": "医療法人昌円会　高村病院【通所リハビリテーション】大阪府羽曳野市恵我之荘3-1-3", "url": "https://www.kaigokensaku.mhlw.go.jp/27/index.php?action_kouhyou_detail_004_kani=true&JigyosyoCd=2713801054-00&ServiceCd=160&Type=search", "url2": "http://www.shouenkai.or.jp/" }, "geometry": { "type": "Point", "coordinates": [ 135.573476, 34.5769627 ] } },
{ "type": "Feature", "properties": { "内容": "医療法人昌円会　老人保健施設あったか村【通所リハビリテーション】羽曳野市恵我之荘3-2-4", "url": "https://www.kaigokensaku.mhlw.go.jp/27/index.php?action_kouhyou_detail_004_kani=true&JigyosyoCd=2753880034-00&ServiceCd=160&Type=search", "url2": "http://www.shouenkai.or.jp/" }, "geometry": { "type": "Point", "coordinates": [ 135.573559400000022, 34.5775321 ] } },
{ "type": "Feature", "properties": { "内容": "医療法人　清晃会　やすだ内科クリニック【通所リハビリテーション】大阪府羽曳野市野々上3-4-30", "url": "https://www.kaigokensaku.mhlw.go.jp/27/index.php?action_kouhyou_detail_004_kani=true&JigyosyoCd=2713802276-00&ServiceCd=160&Type=search", "url2": "http://www.yasucli.jp" }, "geometry": { "type": "Point", "coordinates": [ 135.592946500000011, 34.5564143 ] } },
{ "type": "Feature", "properties": { "内容": "ますだ整形外科クリニック　通所リハビリテーション【通所リハビリテーション】大阪府羽曳野市白鳥2-16-29H＆Kビル1", "url": "https://www.kaigokensaku.mhlw.go.jp/27/index.php?action_kouhyou_detail_004_kani=true&JigyosyoCd=2713801856-00&ServiceCd=160&Type=search", "url2": "https://www.masuda-seikeigeka.com" }, "geometry": { "type": "Point", "coordinates": [ 135.608335899999986, 34.5547628 ] } },
{ "type": "Feature", "properties": { "内容": "社会医療法人　弘道会　門真介護医療院【通所リハビリテーション】大阪府門真市新橋町33番12号", "url": "https://www.kaigokensaku.mhlw.go.jp/27/index.php?action_kouhyou_detail_004_kani=true&JigyosyoCd=27B2600018-00&ServiceCd=160&Type=search", "url2": "http://www.koudoukai.or.jp/" }, "geometry": { "type": "Point", "coordinates": [ 135.583285255819703, 34.73415534882313 ] } },
{ "type": "Feature", "properties": { "内容": "牧リハビリテーション病院【通所リハビリテーション】大阪府　門真市　三ツ島３-６-３４", "url": "https://www.kaigokensaku.mhlw.go.jp/27/index.php?action_kouhyou_detail_004_kani=true&JigyosyoCd=2712603303-00&ServiceCd=160&Type=search", "url2": "http://www.maki-group.jp/" }, "geometry": { "type": "Point", "coordinates": [ 135.592809560713221, 34.716431092034526 ] } },
{ "type": "Feature", "properties": { "内容": "大谷整形外科クリニック【通所リハビリテーション】大阪府門真市幸福町２０－３", "url": "https://www.kaigokensaku.mhlw.go.jp/27/index.php?action_kouhyou_detail_004_kani=true&JigyosyoCd=2712603139-00&ServiceCd=160&Type=search", "url2": "http://www5f.biglobe.ne.jp/~otani-seikeigeka/" }, "geometry": { "type": "Point", "coordinates": [ 135.588765200000012, 34.7419976 ] } },
{ "type": "Feature", "properties": { "内容": "門真老健ひかり通所リハビリテーション【通所リハビリテーション】大阪府門真市北岸和田1丁目14-23", "url": "https://www.kaigokensaku.mhlw.go.jp/27/index.php?action_kouhyou_detail_004_kani=true&JigyosyoCd=2752680021-00&ServiceCd=160&Type=search", "url2": "https://hakuyukai-hmc.com" }, "geometry": { "type": "Point", "coordinates": [ 135.618512399999986, 34.738079 ] } },
{ "type": "Feature", "properties": { "内容": "介護老人保健施設　蒼の里【通所リハビリテーション】大阪府門真市島頭3-1-15", "url": "https://www.kaigokensaku.mhlw.go.jp/27/index.php?action_kouhyou_detail_004_kani=true&JigyosyoCd=2752680039-00&ServiceCd=160&Type=search", "url2": "https://sousei-hp.jp/aoinosato/" }, "geometry": { "type": "Point", "coordinates": [ 135.606616056344592, 34.730466047931735 ] } },
{ "type": "Feature", "properties": { "内容": "介護老人保健施設エスペラル摂津【通所リハビリテーション】大阪府摂津市南千里丘1番24号", "url": "https://www.kaigokensaku.mhlw.go.jp/27/index.php?action_kouhyou_detail_004_kani=true&JigyosyoCd=2753780010-00&ServiceCd=160&Type=search", "url2": "http://www.esp-settsu.com/" }, "geometry": { "type": "Point", "coordinates": [ 135.556953300000032, 34.7828445 ] } },
{ "type": "Feature", "properties": { "内容": "医療法人岩本医院　介護予防通所リハビリテーション【通所リハビリテーション】大阪府摂津市千里丘２丁目１２番１０号", "url": "https://www.kaigokensaku.mhlw.go.jp/27/index.php?action_kouhyou_detail_004_kani=true&JigyosyoCd=2713701502-00&ServiceCd=160&Type=search", "url2": null }, "geometry": { "type": "Point", "coordinates": [ 135.5484735, 34.7906296 ] } },
{ "type": "Feature", "properties": { "内容": "医療法人若葉会　昭和病院【通所リハビリテーション】大阪府摂津市昭和園11番29号", "url": "https://www.kaigokensaku.mhlw.go.jp/27/index.php?action_kouhyou_detail_004_kani=true&JigyosyoCd=2713701460-00&ServiceCd=160&Type=search", "url2": "http://syowa.wakabakai-hp.com" }, "geometry": { "type": "Point", "coordinates": [ 135.561969500000032, 34.792749 ] } },
{ "type": "Feature", "properties": { "内容": "摂津ひかり病院【通所リハビリテーション】大阪府摂津市鳥飼八防2丁目3番8号", "url": "https://www.kaigokensaku.mhlw.go.jp/27/index.php?action_kouhyou_detail_004_kani=true&JigyosyoCd=2713701072-00&ServiceCd=160&Type=search", "url2": "http://www.hikari.or.jp/hospital/settu/sp/index.html" }, "geometry": { "type": "Point", "coordinates": [ 135.574817199999984, 34.7713232 ] } },
{ "type": "Feature", "properties": { "内容": "老人保健施設　老健ひかり【通所リハビリテーション】摂津市東別府五丁目2番45号", "url": "https://www.kaigokensaku.mhlw.go.jp/27/index.php?action_kouhyou_detail_004_kani=true&JigyosyoCd=2753780028-00&ServiceCd=160&Type=search", "url2": "http://settsu-roken-hikari.jp" }, "geometry": { "type": "Point", "coordinates": [ 135.556317300000046, 34.7695794 ] } },
{ "type": "Feature", "properties": { "内容": "介護医療院菜の花デイケアセンター【通所リハビリテーション】大阪府高石市綾園2-15-18", "url": "https://www.kaigokensaku.mhlw.go.jp/27/index.php?action_kouhyou_detail_004_kani=true&JigyosyoCd=27B5300012-00&ServiceCd=160&Type=search", "url2": "https://www.ryoshukai.or.jp/kaigo/nanohana/" }, "geometry": { "type": "Point", "coordinates": [ 135.4356141, 34.5200394 ] } },
{ "type": "Feature", "properties": { "内容": "医療法人協生会玉川診療所【通所リハビリテーション】大阪府高石市千代田5丁目１９番３号", "url": "https://www.kaigokensaku.mhlw.go.jp/27/index.php?action_kouhyou_detail_004_kani=true&JigyosyoCd=2715301319-00&ServiceCd=160&Type=search", "url2": "http://www.e-sora.net/tamagawa/" }, "geometry": { "type": "Point", "coordinates": [ 135.4238431, 34.517145 ] } },
{ "type": "Feature", "properties": { "内容": "医療法人博我会　高石病院【通所リハビリテーション】大阪府高石市高師浜3丁目3-31", "url": "https://www.kaigokensaku.mhlw.go.jp/27/index.php?action_kouhyou_detail_004_kani=true&JigyosyoCd=2715300543-00&ServiceCd=160&Type=search", "url2": "http://www.takaishi-hp.jp/" }, "geometry": { "type": "Point", "coordinates": [ 135.4329864, 34.5262748 ] } },
{ "type": "Feature", "properties": { "内容": "高石市立老人保健施設【通所リハビリテーション】大阪府高石市羽衣４丁目４番２６号", "url": "https://www.kaigokensaku.mhlw.go.jp/27/index.php?action_kouhyou_detail_004_kani=true&JigyosyoCd=2755380025-00&ServiceCd=160&Type=search", "url2": "https://takaishi-lifecare.org/k/" }, "geometry": { "type": "Point", "coordinates": [ 135.435701928311119, 34.532332031974043 ] } },
{ "type": "Feature", "properties": { "内容": "あおやま通所リハビリ【通所リハビリテーション】大阪府藤井寺市野中4丁目17番26号", "url": "https://www.kaigokensaku.mhlw.go.jp/27/index.php?action_kouhyou_detail_004_kani=true&JigyosyoCd=2713402119-00&ServiceCd=160&Type=search", "url2": "http://www.aoyama-med.gr.jp/medical-rapport/care/a-daycare/" }, "geometry": { "type": "Point", "coordinates": [ 135.598968199999945, 34.5552405 ] } },
{ "type": "Feature", "properties": { "内容": "医療法人松青会　松田医院通所リハビリテーション【通所リハビリテーション】大阪府藤井寺市岡２丁目１２番３６号", "url": "https://www.kaigokensaku.mhlw.go.jp/27/index.php?action_kouhyou_detail_004_kani=true&JigyosyoCd=2713402168-00&ServiceCd=160&Type=search", "url2": "http://www.shoseikai.jp" }, "geometry": { "type": "Point", "coordinates": [ 135.591516100000035, 34.5737465 ] } },
{ "type": "Feature", "properties": { "内容": "介護老人保健施設ふじいでら【通所リハビリテーション】大阪府藤井寺市野中一丁目100番1", "url": "https://www.kaigokensaku.mhlw.go.jp/27/index.php?action_kouhyou_detail_004_kani=true&JigyosyoCd=2753480025-00&ServiceCd=160&Type=search", "url2": "http://www.aoyama-med.gr.jp/ontokuwelfare" }, "geometry": { "type": "Point", "coordinates": [ 135.604377860188293, 34.561888594930586 ] } },
{ "type": "Feature", "properties": { "内容": "デイケアコスモス【通所リハビリテーション】大阪府東大阪市喜里川町1番24号", "url": "https://www.kaigokensaku.mhlw.go.jp/27/index.php?action_kouhyou_detail_004_kani=true&JigyosyoCd=2775001635-00&ServiceCd=160&Type=search", "url2": "http://matsuura-cosmos.or.jp/" }, "geometry": { "type": "Point", "coordinates": [ 135.64066170000001, 34.6668543 ] } },
{ "type": "Feature", "properties": { "内容": "東大阪生協病院通所リハビリテーション【通所リハビリテーション】大阪府東大阪市長瀬町１丁目７番７号生協病院2Ｆ", "url": "https://www.kaigokensaku.mhlw.go.jp/27/index.php?action_kouhyou_detail_004_kani=true&JigyosyoCd=2775000751-00&ServiceCd=160&Type=search", "url2": "https://higasiosaka-hp.com/higasiosaka/care/daycare" }, "geometry": { "type": "Point", "coordinates": [ 135.576329100000066, 34.6508717 ] } },
{ "type": "Feature", "properties": { "内容": "介護老人保健施設　玉串すみれ苑【通所リハビリテーション】大阪府東大阪市玉串町西3丁目2番3号", "url": "https://www.kaigokensaku.mhlw.go.jp/27/index.php?action_kouhyou_detail_004_kani=true&JigyosyoCd=2755080104-00&ServiceCd=160&Type=search", "url2": "http://koshimune.jp/sumire/" }, "geometry": { "type": "Point", "coordinates": [ 135.615611700000045, 34.6520333 ] } },
{ "type": "Feature", "properties": { "内容": "医療法人　興世会　介護老人保健施設　石きり【通所リハビリテーション】東大阪市東石切町1丁目7番27号", "url": "https://www.kaigokensaku.mhlw.go.jp/27/index.php?action_kouhyou_detail_004_kani=true&JigyosyoCd=2755080070-00&ServiceCd=160&Type=search", "url2": "http://www.ishikiri.net/" }, "geometry": { "type": "Point", "coordinates": [ 135.646783199999959, 34.6809279 ] } },
{ "type": "Feature", "properties": { "内容": "医療法人　孝生会　津森医院デイケアセンター【通所リハビリテーション】東大阪市若江東町４丁目２番５号", "url": "https://www.kaigokensaku.mhlw.go.jp/27/index.php?action_kouhyou_detail_004_kani=true&JigyosyoCd=2715007874-00&ServiceCd=160&Type=search", "url2": "http://dr-tumori.net/" }, "geometry": { "type": "Point", "coordinates": [ 135.6104315, 34.6547023 ] } },
{ "type": "Feature", "properties": { "内容": "医療法人幸佑会溝畑クリニック【通所リハビリテーション】大阪府東大阪市下六万寺町２丁目２番１０号", "url": "https://www.kaigokensaku.mhlw.go.jp/27/index.php?action_kouhyou_detail_004_kani=true&JigyosyoCd=2715014201-00&ServiceCd=160&Type=search", "url2": "http://www.mizohata-clinic.com" }, "geometry": { "type": "Point", "coordinates": [ 135.6388541, 34.6523446 ] } },
{ "type": "Feature", "properties": { "内容": "医療法人　佐々木整形外科【通所リハビリテーション】大阪府東大阪市四条町１－１４　フォーチュンコート２F", "url": "https://www.kaigokensaku.mhlw.go.jp/27/index.php?action_kouhyou_detail_004_kani=true&JigyosyoCd=2715008476-00&ServiceCd=160&Type=search", "url2": null }, "geometry": { "type": "Point", "coordinates": [ 135.640177599999987, 34.6591267 ] } },
{ "type": "Feature", "properties": { "内容": "介護老人保健施設　　ヴァンベール【通所リハビリテーション】大阪府東大阪市岩田町４丁目２番１号", "url": "https://www.kaigokensaku.mhlw.go.jp/27/index.php?action_kouhyou_detail_004_kani=true&JigyosyoCd=2755080047-00&ServiceCd=160&Type=search", "url2": "https://kibarehasns.wixsite.com/ventvert-juzankai" }, "geometry": { "type": "Point", "coordinates": [ 135.609218042991643, 34.664611212209806 ] } },
{ "type": "Feature", "properties": { "内容": "医療法人真和会　真和整形外科【通所リハビリテーション】大阪府東大阪市荒川１丁目５－２４", "url": "https://www.kaigokensaku.mhlw.go.jp/27/index.php?action_kouhyou_detail_004_kani=true&JigyosyoCd=2715008948-00&ServiceCd=160&Type=search", "url2": "http://www.shinwakai-or.or.jp" }, "geometry": { "type": "Point", "coordinates": [ 135.566613, 34.6622897 ] } },
{ "type": "Feature", "properties": { "内容": "医療法人　中和会　中西医院【通所リハビリテーション】東大阪市小阪２－４－２３", "url": "https://www.kaigokensaku.mhlw.go.jp/27/index.php?action_kouhyou_detail_004_kani=true&JigyosyoCd=2715009904-00&ServiceCd=160&Type=search", "url2": "http://chuwakai.jp" }, "geometry": { "type": "Point", "coordinates": [ 135.5850474, 34.6643677 ] } },
{ "type": "Feature", "properties": { "内容": "医療法人展生会こみ整形外科【通所リハビリテーション】東大阪市小阪本町　1丁目3番2号", "url": "https://www.kaigokensaku.mhlw.go.jp/27/index.php?action_kouhyou_detail_004_kani=true&JigyosyoCd=2715010969-00&ServiceCd=160&Type=search", "url2": "https://komiseikei.jp/" }, "geometry": { "type": "Point", "coordinates": [ 135.580886700000065, 34.6634399 ] } },
{ "type": "Feature", "properties": { "内容": "医療法人藤井会　藤井外科通所リハビリテーション【通所リハビリテーション】大阪府東大阪市布市町３丁目６番２１号", "url": "https://www.kaigokensaku.mhlw.go.jp/27/index.php?action_kouhyou_detail_004_kani=true&JigyosyoCd=2715010829-00&ServiceCd=160&Type=search", "url2": "http://www.shinishikiri.fujiikai.jp/" }, "geometry": { "type": "Point", "coordinates": [ 135.637217100000044, 34.6939149 ] } },
{ "type": "Feature", "properties": { "内容": "医療法人徳洲会東大阪徳洲会病院【通所リハビリテーション】東大阪市菱江３－６－１１", "url": "https://www.kaigokensaku.mhlw.go.jp/27/index.php?action_kouhyou_detail_004_kani=true&JigyosyoCd=2715012783-00&ServiceCd=160&Type=search", "url2": "http://h-osaka.tokushukai.or.jp/" }, "geometry": { "type": "Point", "coordinates": [ 135.615027700000041, 34.6769526 ] } },
{ "type": "Feature", "properties": { "内容": "ハリ・デイケア【通所リハビリテーション】大阪府東大阪市永和2丁目1番30号", "url": "https://www.kaigokensaku.mhlw.go.jp/27/index.php?action_kouhyou_detail_004_kani=true&JigyosyoCd=2715012494-00&ServiceCd=160&Type=search", "url2": "http://ikeda-hospital.com/" }, "geometry": { "type": "Point", "coordinates": [ 135.574402281614653, 34.663132405407239 ] } },
{ "type": "Feature", "properties": { "内容": "介護老人保健施設ベルフラワー【通所リハビリテーション】東大阪市東鴻池町２－３－２２", "url": "https://www.kaigokensaku.mhlw.go.jp/27/index.php?action_kouhyou_detail_004_kani=true&JigyosyoCd=2755080054-00&ServiceCd=160&Type=search", "url2": "http://www.houai.or.jp/" }, "geometry": { "type": "Point", "coordinates": [ 135.61686039999995, 34.6924396 ] } },
{ "type": "Feature", "properties": { "内容": "介護老人保健施設　南荘の郷【通所リハビリテーション】大阪府東大阪市南荘町１３－４０", "url": "https://www.kaigokensaku.mhlw.go.jp/27/index.php?action_kouhyou_detail_004_kani=true&JigyosyoCd=2755080062-00&ServiceCd=160&Type=search", "url2": null }, "geometry": { "type": "Point", "coordinates": [ 135.645205600000054, 34.6747397 ] } },
{ "type": "Feature", "properties": { "内容": "通所リハビリテーション　五十忠【通所リハビリテーション】大阪府東大阪市御幸町3-34", "url": "https://www.kaigokensaku.mhlw.go.jp/27/index.php?action_kouhyou_detail_004_kani=true&JigyosyoCd=2755080120-00&ServiceCd=160&Type=search", "url2": "http://hohoemi-fukushi.jp/itochuu/" }, "geometry": { "type": "Point", "coordinates": [ 135.638937199999987, 34.658394 ] } },
{ "type": "Feature", "properties": { "内容": "介護老人保健施設長田の里【通所リハビリテーション】大阪府東大阪市長田東１丁目３番５号", "url": "https://www.kaigokensaku.mhlw.go.jp/27/index.php?action_kouhyou_detail_004_kani=true&JigyosyoCd=2755080088-00&ServiceCd=160&Type=search", "url2": "https://kawafukukai.or.jp/" }, "geometry": { "type": "Point", "coordinates": [ 135.594157499999937, 34.6777997 ] } },
{ "type": "Feature", "properties": { "内容": "介護老人保健施設　アーバンケア【通所リハビリテーション】東大阪市御厨東１丁目９番55号", "url": "https://www.kaigokensaku.mhlw.go.jp/27/index.php?action_kouhyou_detail_004_kani=true&JigyosyoCd=2755080096-00&ServiceCd=160&Type=search", "url2": "http://yoshijukai.or.jp/" }, "geometry": { "type": "Point", "coordinates": [ 135.591941, 34.6697062 ] } },
{ "type": "Feature", "properties": { "内容": "大友クリニックデイケア【通所リハビリテーション】大阪府東大阪市若江本町2-10-13", "url": "https://www.kaigokensaku.mhlw.go.jp/27/index.php?action_kouhyou_detail_004_kani=true&JigyosyoCd=2715013724-00&ServiceCd=160&Type=search", "url2": "http://otomo-clinic.com/" }, "geometry": { "type": "Point", "coordinates": [ 135.6032386, 34.6587744 ] } },
{ "type": "Feature", "properties": { "内容": "デイケアしろやま【通所リハビリテーション】大阪府東大阪市荒川１丁目１５－２３", "url": "https://www.kaigokensaku.mhlw.go.jp/27/index.php?action_kouhyou_detail_004_kani=true&JigyosyoCd=2715012429-00&ServiceCd=160&Type=search", "url2": null }, "geometry": { "type": "Point", "coordinates": [ 135.568085099999962, 34.6610704 ] } },
{ "type": "Feature", "properties": { "内容": "はなぞの生協診療所通所リハビリテーション【通所リハビリテーション】大阪府東大阪市玉串町西1-3-33", "url": "https://www.kaigokensaku.mhlw.go.jp/27/index.php?action_kouhyou_detail_004_kani=true&JigyosyoCd=2715014862-00&ServiceCd=160&Type=search", "url2": "https://hanazono-clinic.com/" }, "geometry": { "type": "Point", "coordinates": [ 135.6163594, 34.6560669 ] } },
{ "type": "Feature", "properties": { "内容": "小川クリニック【通所リハビリテーション】大阪府東大阪市永和2-17-7", "url": "https://www.kaigokensaku.mhlw.go.jp/27/index.php?action_kouhyou_detail_004_kani=true&JigyosyoCd=2715011645-00&ServiceCd=160&Type=search", "url2": null }, "geometry": { "type": "Point", "coordinates": [ 135.575503900000058, 34.6594208 ] } },
{ "type": "Feature", "properties": { "内容": "ながはら病院　デイケアひまわり【通所リハビリテーション】東大阪市長田西４丁目３番１３号", "url": "https://www.kaigokensaku.mhlw.go.jp/27/index.php?action_kouhyou_detail_004_kani=true&JigyosyoCd=2775001254-00&ServiceCd=160&Type=search", "url2": "http://www.nagahara-hp.jp" }, "geometry": { "type": "Point", "coordinates": [ 135.587458100000049, 34.6797994 ] } },
{ "type": "Feature", "properties": { "内容": "介護老人保健施設プレジャーライフ【通所リハビリテーション】宝持3丁目1-11", "url": "https://www.kaigokensaku.mhlw.go.jp/27/index.php?action_kouhyou_detail_004_kani=true&JigyosyoCd=2755080112-00&ServiceCd=160&Type=search", "url2": "http://bishofukushikai.jp" }, "geometry": { "type": "Point", "coordinates": [ 135.5907178, 34.6551188 ] } },
{ "type": "Feature", "properties": { "内容": "医療福祉生協おおさか　楠根診療所通所リハビリテーション【通所リハビリテーション】大阪府東大阪市楠根2-7-8楠根診療所3F", "url": "https://www.kaigokensaku.mhlw.go.jp/27/index.php?action_kouhyou_detail_004_kani=true&JigyosyoCd=2715012304-00&ServiceCd=160&Type=search", "url2": null }, "geometry": { "type": "Point", "coordinates": [ 135.5841413, 34.6854378 ] } },
{ "type": "Feature", "properties": { "内容": "生協加納診療所通所リハビリテーション【通所リハビリテーション】大阪府東大阪市加納3-5-1", "url": "https://www.kaigokensaku.mhlw.go.jp/27/index.php?action_kouhyou_detail_004_kani=true&JigyosyoCd=2775000769-00&ServiceCd=160&Type=search", "url2": "https://iseikyoukawachino.jp/seikyou-kano/" }, "geometry": { "type": "Point", "coordinates": [ 135.623948499999983, 34.6956476 ] } },
{ "type": "Feature", "properties": { "内容": "医療法人　篠原会　篠原クリニック指定通所リハビリテーション【通所リハビリテーション】大阪府東大阪市岩田町5丁目17番10号", "url": "https://www.kaigokensaku.mhlw.go.jp/27/index.php?action_kouhyou_detail_004_kani=true&JigyosyoCd=2715009789-00&ServiceCd=160&Type=search", "url2": null }, "geometry": { "type": "Point", "coordinates": [ 135.60712030000002, 34.6674954 ] } },
{ "type": "Feature", "properties": { "内容": "医療法人　妻鹿整形外科【通所リハビリテーション】大阪府東大阪市稲田新町2丁目30-13", "url": "https://www.kaigokensaku.mhlw.go.jp/27/index.php?action_kouhyou_detail_004_kani=true&JigyosyoCd=2715006405-00&ServiceCd=160&Type=search", "url2": "http://megaseikeigeka.com" }, "geometry": { "type": "Point", "coordinates": [ 135.588793399999986, 34.688833 ] } },
{ "type": "Feature", "properties": { "内容": "医療法人桜会はせがわ整形外科【通所リハビリテーション】大阪府東大阪市鴻池元町11-71階", "url": "https://www.kaigokensaku.mhlw.go.jp/27/index.php?action_kouhyou_detail_004_kani=true&JigyosyoCd=2715013948-00&ServiceCd=160&Type=search", "url2": "http://seikei-hasegawa.com" }, "geometry": { "type": "Point", "coordinates": [ 135.6027997, 34.6981725 ] } },
{ "type": "Feature", "properties": { "内容": "介護老人保健施設　プレシオ　通所リハビリテーション【通所リハビリテーション】大阪府東大阪市長堂3丁目2-11", "url": "https://www.kaigokensaku.mhlw.go.jp/27/index.php?action_kouhyou_detail_004_kani=true&JigyosyoCd=2755080138-00&ServiceCd=160&Type=search", "url2": "https://www.shinwakai-or.or.jp/" }, "geometry": { "type": "Point", "coordinates": [ 135.5666462, 34.6648683 ] } },
{ "type": "Feature", "properties": { "内容": "東大阪市荒本平和診療所【通所リハビリテーション】大阪府東大阪市荒本２丁目６番２１号", "url": "https://www.kaigokensaku.mhlw.go.jp/27/index.php?action_kouhyou_detail_004_kani=true&JigyosyoCd=2715005357-00&ServiceCd=160&Type=search", "url2": "http://aramotoheiwa.com/" }, "geometry": { "type": "Point", "coordinates": [ 135.602117799999974, 34.6745029 ] } },
{ "type": "Feature", "properties": { "内容": "介護老人保健施設ケアセンター虹【通所リハビリテーション】大阪府泉南市中小路２丁目1860-1", "url": "https://www.kaigokensaku.mhlw.go.jp/27/index.php?action_kouhyou_detail_004_kani=true&JigyosyoCd=2755680010-00&ServiceCd=160&Type=search", "url2": "https://sennan-osaka-seiai.or.jp/" }, "geometry": { "type": "Point", "coordinates": [ 135.279930299999933, 34.3732235 ] } },
{ "type": "Feature", "properties": { "内容": "医療法人　晴心会　野上病院【通所リハビリテーション】大阪府泉南市樽井１-２-５", "url": "https://www.kaigokensaku.mhlw.go.jp/27/index.php?action_kouhyou_detail_004_kani=true&JigyosyoCd=2715601296-00&ServiceCd=160&Type=search", "url2": "http://www.nogami.or.jp/" }, "geometry": { "type": "Point", "coordinates": [ 135.271842871688818, 34.367586226211301 ] } },
{ "type": "Feature", "properties": { "内容": "医療法人　白卯会　白井病院【通所リハビリテーション】大阪府泉南市新家2776番地", "url": "https://www.kaigokensaku.mhlw.go.jp/27/index.php?action_kouhyou_detail_004_kani=true&JigyosyoCd=2715600827-00&ServiceCd=160&Type=search", "url2": "http://www.shiraihp.or.jp/tsusho/index.htm" }, "geometry": { "type": "Point", "coordinates": [ 135.3077227, 34.3673305 ] } },
{ "type": "Feature", "properties": { "内容": "介護老人保健施設ライフポート泉南【通所リハビリテーション】大阪府泉南市りんくう南浜３番7", "url": "https://www.kaigokensaku.mhlw.go.jp/27/index.php?action_kouhyou_detail_004_kani=true&JigyosyoCd=2755680028-00&ServiceCd=160&Type=search", "url2": "http://www.saiseikaisennan.jp/" }, "geometry": { "type": "Point", "coordinates": [ 135.265036566934214, 34.379080976003607 ] } },
{ "type": "Feature", "properties": { "内容": "医療法人　のがみ泉州リハビリテーションクリニック【通所リハビリテーション】大阪府泉南市樽井1丁目4番11号", "url": "https://www.kaigokensaku.mhlw.go.jp/27/index.php?action_kouhyou_detail_004_kani=true&JigyosyoCd=2715601536-00&ServiceCd=160&Type=search", "url2": "http://www.nogami.or.jp/facilities/rehabilitation-senshu.html" }, "geometry": { "type": "Point", "coordinates": [ 135.2723171, 34.3676544 ] } },
{ "type": "Feature", "properties": { "内容": "医療法人　和幸会　介護老人保健施設　パークヒルズ田原苑【通所リハビリテーション】大阪府四條畷市上田原６１３番地", "url": "https://www.kaigokensaku.mhlw.go.jp/27/index.php?action_kouhyou_detail_004_kani=true&JigyosyoCd=2755780018-00&ServiceCd=160&Type=search", "url2": "http://www.wakoucai.or.jp" }, "geometry": { "type": "Point", "coordinates": [ 135.695605800000067, 34.7224955 ] } },
{ "type": "Feature", "properties": { "内容": "社会医療法人信愛会介護老人保健施設畷生会遊々館【通所リハビリテーション】大阪府四條畷市江瀬美町２６番７号", "url": "https://www.kaigokensaku.mhlw.go.jp/27/index.php?action_kouhyou_detail_004_kani=true&JigyosyoCd=2755780026-00&ServiceCd=160&Type=search", "url2": "http://www.tesseikai.jp/yuyukan" }, "geometry": { "type": "Point", "coordinates": [ 135.6369499, 34.7364159 ] } },
{ "type": "Feature", "properties": { "内容": "医療法人和敬会　星田南病院デイケア室【通所リハビリテーション】大阪府交野市藤が尾三丁目５番７号", "url": "https://www.kaigokensaku.mhlw.go.jp/27/index.php?action_kouhyou_detail_004_kani=true&JigyosyoCd=2773600057-00&ServiceCd=160&Type=search", "url2": "http://www.wakeikai.or.jp" }, "geometry": { "type": "Point", "coordinates": [ 135.676239799999962, 34.7678238 ] } },
{ "type": "Feature", "properties": { "内容": "医療法人　茂樹会　田中診療所【通所リハビリテーション】大阪府交野市私部７丁目48-3", "url": "https://www.kaigokensaku.mhlw.go.jp/27/index.php?action_kouhyou_detail_004_kani=true&JigyosyoCd=2713601520-00&ServiceCd=160&Type=search", "url2": "http://gokidoc.net/1501-00111589-000" }, "geometry": { "type": "Point", "coordinates": [ 135.68855259999998, 34.7893911 ] } },
{ "type": "Feature", "properties": { "内容": "介護老人保健施設　逢々館かたの【通所リハビリテーション】大阪府交野市私部二丁目１１番３８号", "url": "https://www.kaigokensaku.mhlw.go.jp/27/index.php?action_kouhyou_detail_004_kani=true&JigyosyoCd=2753680012-00&ServiceCd=160&Type=search", "url2": "http://www.katano-hp.or.jp/aiaikan/" }, "geometry": { "type": "Point", "coordinates": [ 135.677305392729181, 34.787066068160406 ] } },
{ "type": "Feature", "properties": { "内容": "大成整形外科【通所リハビリテーション】大阪府交野市私部西1-8-1京阪交野ビル2F", "url": "https://www.kaigokensaku.mhlw.go.jp/27/index.php?action_kouhyou_detail_004_kani=true&JigyosyoCd=2713601769-00&ServiceCd=160&Type=search", "url2": null }, "geometry": { "type": "Point", "coordinates": [ 135.675094800000011, 34.7872443 ] } },
{ "type": "Feature", "properties": { "内容": "医療法人医翔会　おがわクリニック　デイケアはばたき【通所リハビリテーション】大阪府交野市私部西2-5-1MSビル交野", "url": "https://www.kaigokensaku.mhlw.go.jp/27/index.php?action_kouhyou_detail_004_kani=true&JigyosyoCd=2713601926-00&ServiceCd=160&Type=search", "url2": null }, "geometry": { "type": "Point", "coordinates": [ 135.674737599999986, 34.7848412 ] } },
{ "type": "Feature", "properties": { "内容": "あおいクリニック【通所リハビリテーション】大阪府交野市松塚1-1", "url": "https://www.kaigokensaku.mhlw.go.jp/27/index.php?action_kouhyou_detail_004_kani=true&JigyosyoCd=2713601777-00&ServiceCd=160&Type=search", "url2": "http://www.aoi-cl.com/" }, "geometry": { "type": "Point", "coordinates": [ 135.670670800000039, 34.7928512 ] } },
{ "type": "Feature", "properties": { "内容": "半田あつたかクリニック【通所リハビリテーション】大阪府大阪狭山市半田３丁目４７１-１", "url": "https://www.kaigokensaku.mhlw.go.jp/27/index.php?action_kouhyou_detail_004_kani=true&JigyosyoCd=2719301125-00&ServiceCd=160&Type=search", "url2": "https://atsutakaclinic.jimdo.com" }, "geometry": { "type": "Point", "coordinates": [ 135.553368, 34.4915496 ] } },
{ "type": "Feature", "properties": { "内容": "社会医療法人さくら会さくら会病院【通所リハビリテーション】大阪府大阪狭山市半田五丁目２６１０－１", "url": "https://www.kaigokensaku.mhlw.go.jp/27/index.php?action_kouhyou_detail_004_kani=true&JigyosyoCd=2719300523-00&ServiceCd=160&Type=search", "url2": "https://www.sakurak.jp/" }, "geometry": { "type": "Point", "coordinates": [ 135.553346, 34.497568 ] } },
{ "type": "Feature", "properties": { "内容": "デイケア　ロコモ教室さやま【通所リハビリテーション】大阪府大阪狭山市池尻自由丘1-2-5西野ビル2階", "url": "https://www.kaigokensaku.mhlw.go.jp/27/index.php?action_kouhyou_detail_004_kani=true&JigyosyoCd=2719300739-00&ServiceCd=160&Type=search", "url2": null }, "geometry": { "type": "Point", "coordinates": [ 135.547492799999986, 34.5157551 ] } },
{ "type": "Feature", "properties": { "内容": "介護老人保健施設　さやまの里【通所リハビリテーション】大阪府大阪狭山市岩室２丁目１８５－１１", "url": "https://www.kaigokensaku.mhlw.go.jp/27/index.php?action_kouhyou_detail_004_kani=true&JigyosyoCd=2759380013-00&ServiceCd=160&Type=search", "url2": "http://www.sayama.or.jp" }, "geometry": { "type": "Point", "coordinates": [ 135.540266299999985, 34.5036759 ] } },
{ "type": "Feature", "properties": { "内容": "医療法人なぎさ会　第二なぎさクリニック【通所リハビリテーション】大阪府阪南市箱の浦452番地の3", "url": "https://www.kaigokensaku.mhlw.go.jp/27/index.php?action_kouhyou_detail_004_kani=true&JigyosyoCd=2719500676-00&ServiceCd=160&Type=search", "url2": null }, "geometry": { "type": "Point", "coordinates": [ 135.19344487605747, 34.331321204777296 ] } },
{ "type": "Feature", "properties": { "内容": "医療法人　薮下脳神経外科・内科【通所リハビリテーション】大阪府阪南市鳥取４４０－１", "url": "https://www.kaigokensaku.mhlw.go.jp/27/index.php?action_kouhyou_detail_004_kani=true&JigyosyoCd=2719500437-00&ServiceCd=160&Type=search", "url2": "https://yabushita.or.jp/" }, "geometry": { "type": "Point", "coordinates": [ 135.233023399999979, 34.3508809 ] } },
{ "type": "Feature", "properties": { "内容": "老人保健施設　メデケアタマイ　通所リハビリテーション【通所リハビリテーション】大阪府阪南市箱作　2047－3", "url": "https://www.kaigokensaku.mhlw.go.jp/27/index.php?action_kouhyou_detail_004_kani=true&JigyosyoCd=2759580018-00&ServiceCd=160&Type=search", "url2": "http://medekeatamai.com" }, "geometry": { "type": "Point", "coordinates": [ 135.2020238, 34.3347545 ] } },
{ "type": "Feature", "properties": { "内容": "医療法人泉南玉井会　玉井病院【通所リハビリテーション】大阪府阪南市下出４９２", "url": "https://www.kaigokensaku.mhlw.go.jp/27/index.php?action_kouhyou_detail_004_kani=true&JigyosyoCd=2719500064-00&ServiceCd=160&Type=search", "url2": "http://tamai-hp.or.jp" }, "geometry": { "type": "Point", "coordinates": [ 135.249310599999944, 34.3576385 ] } },
{ "type": "Feature", "properties": { "内容": "大阪リハビリテーション病院　デイケアセンター【通所リハビリテーション】大阪府阪南市自然田940", "url": "https://www.kaigokensaku.mhlw.go.jp/27/index.php?action_kouhyou_detail_004_kani=true&JigyosyoCd=2719500585-00&ServiceCd=160&Type=search", "url2": null }, "geometry": { "type": "Point", "coordinates": [ 135.254103430688474, 34.340267370688395 ] } },
{ "type": "Feature", "properties": { "内容": "介護老人保健施設若山荘【通所リハビリテーション】大阪府三島郡島本町大字広瀬１１２１番地", "url": "https://www.kaigokensaku.mhlw.go.jp/27/index.php?action_kouhyou_detail_004_kani=true&JigyosyoCd=2753980016-00&ServiceCd=160&Type=search", "url2": "http://www.minasehp.jp/" }, "geometry": { "type": "Point", "coordinates": [ 135.674027099999989, 34.885747 ] } },
{ "type": "Feature", "properties": { "内容": "医）誠友会　誠友会ふれあい診療所　通所リハビリテーション【通所リハビリテーション】大阪府三島郡島本町水無瀬２－５－１", "url": "https://www.kaigokensaku.mhlw.go.jp/27/index.php?action_kouhyou_detail_004_kani=true&JigyosyoCd=2713900997-00&ServiceCd=160&Type=search", "url2": "http://www.seiyukai-fureai.com" }, "geometry": { "type": "Point", "coordinates": [ 135.6670669, 34.8776754 ] } },
{ "type": "Feature", "properties": { "内容": "医療法人涿水会奥井医院【通所リハビリテーション】大阪府豊能郡能勢町平通80-5", "url": "https://www.kaigokensaku.mhlw.go.jp/27/index.php?action_kouhyou_detail_004_kani=true&JigyosyoCd=2714700420-00&ServiceCd=160&Type=search", "url2": "http://www.okui-iin.com" }, "geometry": { "type": "Point", "coordinates": [ 135.4113122, 34.9509237 ] } },
{ "type": "Feature", "properties": { "内容": "医療法人愛朗会おくだ医院【通所リハビリテーション】大阪府泉北郡忠岡町忠岡東１丁目２１番２７号プリムロウズ桜井１階", "url": "https://www.kaigokensaku.mhlw.go.jp/27/index.php?action_kouhyou_detail_004_kani=true&JigyosyoCd=2715400889-00&ServiceCd=160&Type=search", "url2": null }, "geometry": { "type": "Point", "coordinates": [ 135.399170700000013, 34.4905812 ] } },
{ "type": "Feature", "properties": { "内容": "医療法人社団EMIFULL　ただおかメディカルクリニック通所リハビリセンター【通所リハビリテーション】大阪府泉北郡忠岡町忠岡東１丁目３９番２９号", "url": "https://www.kaigokensaku.mhlw.go.jp/27/index.php?action_kouhyou_detail_004_kani=true&JigyosyoCd=2715401085-00&ServiceCd=160&Type=search", "url2": "https://emifull-group.or.jp/" }, "geometry": { "type": "Point", "coordinates": [ 135.400540131213347, 34.486663065331371 ] } },
{ "type": "Feature", "properties": { "内容": "聖祐病院【通所リハビリテーション】大阪府泉北郡忠岡町忠岡北１－３－７", "url": "https://www.kaigokensaku.mhlw.go.jp/27/index.php?action_kouhyou_detail_004_kani=true&JigyosyoCd=2715401051-00&ServiceCd=160&Type=search", "url2": "https://www.suijinkai.jp/seiyuu/" }, "geometry": { "type": "Point", "coordinates": [ 135.3985251, 34.4930842 ] } },
{ "type": "Feature", "properties": { "内容": "介護老人保健施設アルカディア【通所リハビリテーション】大阪府泉南郡熊取町七山２－２－１", "url": "https://www.kaigokensaku.mhlw.go.jp/27/index.php?action_kouhyou_detail_004_kani=true&JigyosyoCd=2751280021-00&ServiceCd=160&Type=search", "url2": "http://arc.soshindo.jp/" }, "geometry": { "type": "Point", "coordinates": [ 135.361044697622674, 34.411677330242483 ] } },
{ "type": "Feature", "properties": { "内容": "介護老人保健施設　ライフケアながやま【通所リハビリテーション】大阪府泉南郡熊取町大久保中２丁目１番２６号", "url": "https://www.kaigokensaku.mhlw.go.jp/27/index.php?action_kouhyou_detail_004_kani=true&JigyosyoCd=2751280039-00&ServiceCd=160&Type=search", "url2": "http://www.nagayama.or.jp" }, "geometry": { "type": "Point", "coordinates": [ 135.344808199999989, 34.4033708 ] } },
{ "type": "Feature", "properties": { "内容": "社会医療法人三和会　永山病院【通所リハビリテーション】大阪府泉南郡熊取町大久保東１丁目１番１０号", "url": "https://www.kaigokensaku.mhlw.go.jp/27/index.php?action_kouhyou_detail_004_kani=true&JigyosyoCd=2711200945-00&ServiceCd=160&Type=search", "url2": "http://www.nagayama.or.jp/" }, "geometry": { "type": "Point", "coordinates": [ 135.345973499999985, 34.40408679999998 ] } },
{ "type": "Feature", "properties": { "内容": "ひがしはら整形外科リウマチクリニック【通所リハビリテーション】大阪府泉南郡熊取町大久保中１−１０−２９", "url": "https://www.kaigokensaku.mhlw.go.jp/27/index.php?action_kouhyou_detail_004_kani=true&JigyosyoCd=2711202230-00&ServiceCd=160&Type=search", "url2": "http://higashihara-cl.jp/" }, "geometry": { "type": "Point", "coordinates": [ 135.343428813491755, 34.404927032163179 ] } },
{ "type": "Feature", "properties": { "内容": "関西医療大学附属診療所【通所リハビリテーション】大阪府泉南郡熊取町若葉２丁目１１番１号関西医療大学附属診療所", "url": "https://www.kaigokensaku.mhlw.go.jp/27/index.php?action_kouhyou_detail_004_kani=true&JigyosyoCd=2711202016-00&ServiceCd=160&Type=search", "url2": "http://www.kansai.ac.jp/attachment/" }, "geometry": { "type": "Point", "coordinates": [ 135.370086, 34.407931102190318 ] } },
{ "type": "Feature", "properties": { "内容": "医療法人　誠人会　与田病院【通所リハビリテーション】大阪府泉南郡岬町多奈川谷川1849-11", "url": "https://www.kaigokensaku.mhlw.go.jp/27/index.php?action_kouhyou_detail_004_kani=true&JigyosyoCd=2711201513-00&ServiceCd=160&Type=search", "url2": "http://www.yoda.or.jp" }, "geometry": { "type": "Point", "coordinates": [ 135.12427081904903, 34.313699250592599 ] } },
{ "type": "Feature", "properties": { "内容": "社会福祉法人ほたる　なぎさクリニック【通所リハビリテーション】大阪府泉南郡岬町淡輪1469番地の1", "url": "https://www.kaigokensaku.mhlw.go.jp/27/index.php?action_kouhyou_detail_004_kani=true&JigyosyoCd=2711202313-00&ServiceCd=160&Type=search", "url2": null }, "geometry": { "type": "Point", "coordinates": [ 135.174973099999988, 34.33310980000001 ] } },
{ "type": "Feature", "properties": { "内容": "みさき【通所リハビリテーション】大阪府泉南郡岬町淡輪1790番地介護老人保健施設みさき", "url": "https://www.kaigokensaku.mhlw.go.jp/27/index.php?action_kouhyou_detail_004_kani=true&JigyosyoCd=2751280013-00&ServiceCd=160&Type=search", "url2": "https://sw-shinkokai.com/" }, "geometry": { "type": "Point", "coordinates": [ 135.182972599999971, 34.3200141 ] } },
{ "type": "Feature", "properties": { "内容": "医療法人愛輪会　あい整形外科リハビリクリニック【通所リハビリテーション】大阪府泉南郡岬町淡輪3717", "url": "https://www.kaigokensaku.mhlw.go.jp/27/index.php?action_kouhyou_detail_004_kani=true&JigyosyoCd=2711202099-00&ServiceCd=160&Type=search", "url2": "http://ai-cl.jp" }, "geometry": { "type": "Point", "coordinates": [ 135.163140399999946, 34.324905 ] } }
]
}
