{
"type": "FeatureCollection",
"name": "geo_27_特定施設入居者生活介護（有料老人ホーム）",
"crs": { "type": "name", "properties": { "name": "urn:ogc:def:crs:OGC:1.3:CRS84" } },
"features": [
{ "type": "Feature", "properties": { "内容": "サラサ都島【特定施設入居者生活介護（有料老人ホーム）】大阪府大阪市都島区毛馬町５丁目１９番１６号", "url": "https://www.kaigokensaku.mhlw.go.jp/27/index.php?action_kouhyou_detail_004_kani=true&JigyosyoCd=2775200757-00&ServiceCd=331&Type=search", "url2": "http://www.sarasso.jp/" }, "geometry": { "type": "Point", "coordinates": [ 135.522313, 34.726404 ] } },
{ "type": "Feature", "properties": { "内容": "介護付き有料老人ホーム寿寿－ことこと－【特定施設入居者生活介護（有料老人ホーム）】大阪府大阪市都島区都島中通2-12-17", "url": "https://www.kaigokensaku.mhlw.go.jp/27/index.php?action_kouhyou_detail_004_kani=true&JigyosyoCd=2775202548-00&ServiceCd=331&Type=search", "url2": "http://liberta.or.jp" }, "geometry": { "type": "Point", "coordinates": [ 135.531796214294445, 34.704475430258725 ] } },
{ "type": "Feature", "properties": { "内容": "介護付き有料老人ホームゆう＆あい都島【特定施設入居者生活介護（有料老人ホーム）】大阪府大阪市都島区友渕町三丁目５番３７号", "url": "https://www.kaigokensaku.mhlw.go.jp/27/index.php?action_kouhyou_detail_004_kani=true&JigyosyoCd=2775202225-00&ServiceCd=331&Type=search", "url2": "http://www.aiai-1122.or.jp" }, "geometry": { "type": "Point", "coordinates": [ 135.5288875, 34.719966 ] } },
{ "type": "Feature", "properties": { "内容": "そんぽの家　城北【特定施設入居者生活介護（有料老人ホーム）】大阪府大阪市都島区大東町3丁目5番19号", "url": "https://www.kaigokensaku.mhlw.go.jp/27/index.php?action_kouhyou_detail_004_kani=true&JigyosyoCd=2775201540-00&ServiceCd=331&Type=search", "url2": "http://www.amille.jp/" }, "geometry": { "type": "Point", "coordinates": [ 135.528468, 34.7270041 ] } },
{ "type": "Feature", "properties": { "内容": "ハートフルリビングなでしこ都島【特定施設入居者生活介護（有料老人ホーム）】大阪府大阪市都島区友渕町3-8-10ハートフルリビングなでしこ都島", "url": "https://www.kaigokensaku.mhlw.go.jp/27/index.php?action_kouhyou_detail_004_kani=true&JigyosyoCd=2775202001-00&ServiceCd=331&Type=search", "url2": "http://www.745165.co.jp" }, "geometry": { "type": "Point", "coordinates": [ 135.5294513, 34.7208742 ] } },
{ "type": "Feature", "properties": { "内容": "グランダ野田【特定施設入居者生活介護（有料老人ホーム）】大阪府大阪市福島区海老江一丁目５番１４号", "url": "https://www.kaigokensaku.mhlw.go.jp/27/index.php?action_kouhyou_detail_004_kani=true&JigyosyoCd=2770200919-00&ServiceCd=331&Type=search", "url2": "http://www.benesse-style-care.co.jp/" }, "geometry": { "type": "Point", "coordinates": [ 135.475975699999935, 34.6965729 ] } },
{ "type": "Feature", "properties": { "内容": "メディカルホームここち野田阪神【特定施設入居者生活介護（有料老人ホーム）】大阪市福島区海老江二丁目8番2号", "url": "https://www.kaigokensaku.mhlw.go.jp/27/index.php?action_kouhyou_detail_004_kani=true&JigyosyoCd=2770201081-00&ServiceCd=331&Type=search", "url2": "http://www.benesse-style-care.co.jp/" }, "geometry": { "type": "Point", "coordinates": [ 135.474348, 34.6981143 ] } },
{ "type": "Feature", "properties": { "内容": "有料老人ホーム柴胡苑【特定施設入居者生活介護（有料老人ホーム）】大阪府大阪市此花区伝法4-4-24", "url": "https://www.kaigokensaku.mhlw.go.jp/27/index.php?action_kouhyou_detail_004_kani=true&JigyosyoCd=2772801045-00&ServiceCd=331&Type=search", "url2": "http://saikoen.jp" }, "geometry": { "type": "Point", "coordinates": [ 135.451330900000016, 34.688237 ] } },
{ "type": "Feature", "properties": { "内容": "ラ・ナシカ　このはな【特定施設入居者生活介護（有料老人ホーム）】大阪府大阪市此花区西九条1-7-9", "url": "https://www.kaigokensaku.mhlw.go.jp/27/index.php?action_kouhyou_detail_004_kani=true&JigyosyoCd=2772801110-00&ServiceCd=331&Type=search", "url2": "https://www.cedar-group.co.jp" }, "geometry": { "type": "Point", "coordinates": [ 135.469021200000043, 34.6827437 ] } },
{ "type": "Feature", "properties": { "内容": "介護付有料老人ホームプレザンメゾン此花高見【特定施設入居者生活介護（有料老人ホーム）】大阪府大阪市此花区高見2-7-3", "url": "https://www.kaigokensaku.mhlw.go.jp/27/index.php?action_kouhyou_detail_004_kani=true&JigyosyoCd=2772800831-00&ServiceCd=331&Type=search", "url2": "https://www.tanoshii-ie.jp/single057/" }, "geometry": { "type": "Point", "coordinates": [ 135.456991499999958, 34.6894037 ] } },
{ "type": "Feature", "properties": { "内容": "ロングライフうつぼ公園【特定施設入居者生活介護（有料老人ホーム）】大阪府大阪市西区京町堀2丁目12-15", "url": "https://www.kaigokensaku.mhlw.go.jp/27/index.php?action_kouhyou_detail_004_kani=true&JigyosyoCd=2771801269-00&ServiceCd=331&Type=search", "url2": "http://www.j-longlife.co.jp/utsubo/" }, "geometry": { "type": "Point", "coordinates": [ 135.489341500000023, 34.6850913 ] } },
{ "type": "Feature", "properties": { "内容": "介護付有料老人ホーム　花咲新町【特定施設入居者生活介護（有料老人ホーム）】大阪府大阪市西区新町2丁目15－22", "url": "https://www.kaigokensaku.mhlw.go.jp/27/index.php?action_kouhyou_detail_004_kani=true&JigyosyoCd=2771802051-00&ServiceCd=331&Type=search", "url2": "https://www.hanasaki.info" }, "geometry": { "type": "Point", "coordinates": [ 135.4908663, 34.6782914 ] } },
{ "type": "Feature", "properties": { "内容": "そんぽの家　弁天町【特定施設入居者生活介護（有料老人ホーム）】大阪府大阪市港区南市岡二丁目５番９号", "url": "https://www.kaigokensaku.mhlw.go.jp/27/index.php?action_kouhyou_detail_004_kani=true&JigyosyoCd=2770400709-00&ServiceCd=331&Type=search", "url2": "http://www.sompocare.com/service/home/kaigo/H000197" }, "geometry": { "type": "Point", "coordinates": [ 135.46913, 34.6649181 ] } },
{ "type": "Feature", "properties": { "内容": "ＳＯＭＰＯケア　ラヴィーレ弁天町【特定施設入居者生活介護（有料老人ホーム）】大阪市港区市岡1-2-24", "url": "https://www.kaigokensaku.mhlw.go.jp/27/index.php?action_kouhyou_detail_004_kani=true&JigyosyoCd=2770401954-00&ServiceCd=331&Type=search", "url2": "https://www.sompocare.com/" }, "geometry": { "type": "Point", "coordinates": [ 135.463838799999962, 34.6643458 ] } },
{ "type": "Feature", "properties": { "内容": "グッドタイムリビング大阪ベイ【特定施設入居者生活介護（有料老人ホーム）】大阪府大阪市港区弁天1-3-3", "url": "https://www.kaigokensaku.mhlw.go.jp/27/index.php?action_kouhyou_detail_004_kani=true&JigyosyoCd=2770401475-00&ServiceCd=331&Type=search", "url2": "https://www.gtl-daiwa.co.jp/guesthouse/gtl/osaka-bay/" }, "geometry": { "type": "Point", "coordinates": [ 135.461044500000071, 34.6685952 ] } },
{ "type": "Feature", "properties": { "内容": "リアンレーヴ大阪弁天町【特定施設入居者生活介護（有料老人ホーム）】大阪府大阪市港区市岡1-8-7リアンレーヴ大阪弁天町", "url": "https://www.kaigokensaku.mhlw.go.jp/27/index.php?action_kouhyou_detail_004_kani=true&JigyosyoCd=2770402184-00&ServiceCd=331&Type=search", "url2": "https://www.kinoshita-kaigo.co.jp" }, "geometry": { "type": "Point", "coordinates": [ 135.4629091, 34.662143 ] } },
{ "type": "Feature", "properties": { "内容": "介護付有料老人ホームプレザンメゾン大正泉尾【特定施設入居者生活介護（有料老人ホーム）】大阪市大正区泉尾1-18-1", "url": "https://www.kaigokensaku.mhlw.go.jp/27/index.php?action_kouhyou_detail_004_kani=true&JigyosyoCd=2772701294-00&ServiceCd=331&Type=search", "url2": "https://www.tanoshii-ie.jp/single056/" }, "geometry": { "type": "Point", "coordinates": [ 135.471179900000038, 34.662749 ] } },
{ "type": "Feature", "properties": { "内容": "メディケアー愛信【特定施設入居者生活介護（有料老人ホーム）】大阪市大正区小林西一丁目１０番８号", "url": "https://www.kaigokensaku.mhlw.go.jp/27/index.php?action_kouhyou_detail_004_kani=true&JigyosyoCd=2772700858-00&ServiceCd=331&Type=search", "url2": "http://aishin-kaigo.com/" }, "geometry": { "type": "Point", "coordinates": [ 135.469305599999984, 34.6463342 ] } },
{ "type": "Feature", "properties": { "内容": "社会医療法人　愛仁会　介護付有料老人ホーム　スローライフおかじま【特定施設入居者生活介護（有料老人ホーム）】大阪府大阪市大正区南恩加島五丁目４番５号", "url": "https://www.kaigokensaku.mhlw.go.jp/27/index.php?action_kouhyou_detail_004_kani=true&JigyosyoCd=2772701500-00&ServiceCd=331&Type=search", "url2": "http://www.aijinkai.or.jp/slowlife_okajima/" }, "geometry": { "type": "Point", "coordinates": [ 135.468944700000094, 34.6398239 ] } },
{ "type": "Feature", "properties": { "内容": "ベルパージュ大阪上本町【特定施設入居者生活介護（有料老人ホーム）】大阪市天王寺区筆ヶ崎町５番５２号ベルパージュ大阪上本町", "url": "https://www.kaigokensaku.mhlw.go.jp/27/index.php?action_kouhyou_detail_004_kani=true&JigyosyoCd=2771701212-00&ServiceCd=331&Type=search", "url2": "https://joylife.alsok.co.jp/facility/bellepage/bp_osakauehonmachi/" }, "geometry": { "type": "Point", "coordinates": [ 135.524525, 34.6650326 ] } },
{ "type": "Feature", "properties": { "内容": "ケアリビング楽寿【特定施設入居者生活介護（有料老人ホーム）】大阪市天王寺区生玉前町２番２３号", "url": "https://www.kaigokensaku.mhlw.go.jp/27/index.php?action_kouhyou_detail_004_kani=true&JigyosyoCd=2771700412-00&ServiceCd=331&Type=search", "url2": "http://www.kankikai.com/rakujyu/rakujyu.html" }, "geometry": { "type": "Point", "coordinates": [ 135.5163063, 34.6653409 ] } },
{ "type": "Feature", "properties": { "内容": "グランダ四天王寺【特定施設入居者生活介護（有料老人ホーム）】大阪府大阪市天王寺区勝山二丁目21番20号", "url": "https://www.kaigokensaku.mhlw.go.jp/27/index.php?action_kouhyou_detail_004_kani=true&JigyosyoCd=2771701311-00&ServiceCd=331&Type=search", "url2": "https://www.benesse-style-care.co.jp/" }, "geometry": { "type": "Point", "coordinates": [ 135.51792039999998, 34.6534256 ] } },
{ "type": "Feature", "properties": { "内容": "そんぽの家　真田山【特定施設入居者生活介護（有料老人ホーム）】大阪府大阪市天王寺区舟橋町3番4号", "url": "https://www.kaigokensaku.mhlw.go.jp/27/index.php?action_kouhyou_detail_004_kani=true&JigyosyoCd=2771701105-00&ServiceCd=331&Type=search", "url2": "https://www.sompocare.com/service/home/kaigo/H000220" }, "geometry": { "type": "Point", "coordinates": [ 135.530829899999958, 34.668363 ] } },
{ "type": "Feature", "properties": { "内容": "そんぽの家なんば【特定施設入居者生活介護（有料老人ホーム）】大阪市浪速区稲荷1丁目12番7号", "url": "https://www.kaigokensaku.mhlw.go.jp/27/index.php?action_kouhyou_detail_004_kani=true&JigyosyoCd=2774300772-00&ServiceCd=331&Type=search", "url2": "https://www.sompocare.com/service/home/kaigo/H000208" }, "geometry": { "type": "Point", "coordinates": [ 135.491547500000024, 34.6635633 ] } },
{ "type": "Feature", "properties": { "内容": "介護付き有料老人ホーム　グローバルケア桜川【特定施設入居者生活介護（有料老人ホーム）】大阪府大阪市浪速区塩草三丁目11番4号", "url": "https://www.kaigokensaku.mhlw.go.jp/27/index.php?action_kouhyou_detail_004_kani=true&JigyosyoCd=2774302836-00&ServiceCd=331&Type=search", "url2": null }, "geometry": { "type": "Point", "coordinates": [ 135.4896857, 34.6601925 ] } },
{ "type": "Feature", "properties": { "内容": "介護付有料老人ホーム健勝園なんば【特定施設入居者生活介護（有料老人ホーム）】大阪市浪速区稲荷2丁目7番11号", "url": "https://www.kaigokensaku.mhlw.go.jp/27/index.php?action_kouhyou_detail_004_kani=true&JigyosyoCd=2774300954-00&ServiceCd=331&Type=search", "url2": "https://www.kensyokai.jp/namba/" }, "geometry": { "type": "Point", "coordinates": [ 135.489911500000062, 34.6637272 ] } },
{ "type": "Feature", "properties": { "内容": "そんぽの家　姫島駅前【特定施設入居者生活介護（有料老人ホーム）】大阪府大阪市西淀川区姫里一丁目5番16号", "url": "https://www.kaigokensaku.mhlw.go.jp/27/index.php?action_kouhyou_detail_004_kani=true&JigyosyoCd=2771000383-00&ServiceCd=331&Type=search", "url2": "https://www.sompocare.com/service/home/kaigo/H000433" }, "geometry": { "type": "Point", "coordinates": [ 135.46138661121114, 34.704623281568438 ] } },
{ "type": "Feature", "properties": { "内容": "有料老人ホーム　クオレ西淀川【特定施設入居者生活介護（有料老人ホーム）】大阪市西淀川区中島1丁目19-43", "url": "https://www.kaigokensaku.mhlw.go.jp/27/index.php?action_kouhyou_detail_004_kani=true&JigyosyoCd=2771000805-00&ServiceCd=331&Type=search", "url2": "http://www.cuores.com/" }, "geometry": { "type": "Point", "coordinates": [ 135.427016099999946, 34.7013236 ] } },
{ "type": "Feature", "properties": { "内容": "れんげハイツ西淀川【特定施設入居者生活介護（有料老人ホーム）】大阪府大阪市西淀川区出来島1丁目7-20れんげハイツ西淀川", "url": "https://www.kaigokensaku.mhlw.go.jp/27/index.php?action_kouhyou_detail_004_kani=true&JigyosyoCd=2771002603-00&ServiceCd=331&Type=search", "url2": "http://renge.org" }, "geometry": { "type": "Point", "coordinates": [ 135.4389755, 34.7075631 ] } },
{ "type": "Feature", "properties": { "内容": "介護付有料老人ホーム　クオレ東淀川【特定施設入居者生活介護（有料老人ホーム）】大阪府大阪市東淀川区豊新2丁目4番9号", "url": "https://www.kaigokensaku.mhlw.go.jp/27/index.php?action_kouhyou_detail_004_kani=true&JigyosyoCd=2773004045-00&ServiceCd=331&Type=search", "url2": "http://cuores.com/" }, "geometry": { "type": "Point", "coordinates": [ 135.529913146032726, 34.742070608080958 ] } },
{ "type": "Feature", "properties": { "内容": "介護付有料老人ホームプレザンメゾン下新庄【特定施設入居者生活介護（有料老人ホーム）】大阪府大阪市東淀川区下新庄4-27-31", "url": "https://www.kaigokensaku.mhlw.go.jp/27/index.php?action_kouhyou_detail_004_kani=true&JigyosyoCd=2773003500-00&ServiceCd=331&Type=search", "url2": "https://www.tanoshii-ie.jp/single047/" }, "geometry": { "type": "Point", "coordinates": [ 135.515588864418049, 34.747992692235336 ] } },
{ "type": "Feature", "properties": { "内容": "スーパー・コート東淀川【特定施設入居者生活介護（有料老人ホーム）】大阪府大阪市東淀川区大道南一丁目6-28", "url": "https://www.kaigokensaku.mhlw.go.jp/27/index.php?action_kouhyou_detail_004_kani=true&JigyosyoCd=2773003294-00&ServiceCd=331&Type=search", "url2": "http://www.supercourt.jp/" }, "geometry": { "type": "Point", "coordinates": [ 135.548291100000029, 34.7406807 ] } },
{ "type": "Feature", "properties": { "内容": "ソーシャルコート小松【特定施設入居者生活介護（有料老人ホーム）】大阪府大阪市東淀川区小松２－１４－３４", "url": "https://www.kaigokensaku.mhlw.go.jp/27/index.php?action_kouhyou_detail_004_kani=true&JigyosyoCd=2773004474-00&ServiceCd=331&Type=search", "url2": "http://www.social-l.com" }, "geometry": { "type": "Point", "coordinates": [ 135.536642238622989, 34.753761468949214 ] } },
{ "type": "Feature", "properties": { "内容": "チャーム東淀川瑞光【特定施設入居者生活介護（有料老人ホーム）】南江口2丁目6－86", "url": "https://www.kaigokensaku.mhlw.go.jp/27/index.php?action_kouhyou_detail_004_kani=true&JigyosyoCd=2773002759-00&ServiceCd=331&Type=search", "url2": "https://www.charmcc.jp/home/charm_higashiyodogawazuiko/" }, "geometry": { "type": "Point", "coordinates": [ 135.5473643, 34.7550492 ] } },
{ "type": "Feature", "properties": { "内容": "Ｃｈａｒｍ（チャーム）東淀川豊里【特定施設入居者生活介護（有料老人ホーム）】大阪府大阪市東淀川区豊里5丁目23番22号チャーム東淀川豊里", "url": "https://www.kaigokensaku.mhlw.go.jp/27/index.php?action_kouhyou_detail_004_kani=true&JigyosyoCd=2773002833-00&ServiceCd=331&Type=search", "url2": "http://www.charmcc.jp" }, "geometry": { "type": "Point", "coordinates": [ 135.545576200000028, 34.7412234 ] } },
{ "type": "Feature", "properties": { "内容": "れんげハイツ井高野【特定施設入居者生活介護（有料老人ホーム）】大阪府大阪市井高野4-7-14れんげハイツ井高野", "url": "https://www.kaigokensaku.mhlw.go.jp/27/index.php?action_kouhyou_detail_004_kani=true&JigyosyoCd=2773004979-00&ServiceCd=331&Type=search", "url2": "http://renge.org" }, "geometry": { "type": "Point", "coordinates": [ 135.5502574, 34.7659178 ] } },
{ "type": "Feature", "properties": { "内容": "介護付有料老人ホームプレザンメゾン東淀川大隅【特定施設入居者生活介護（有料老人ホーム）】大阪府大阪市東淀川区大隅１丁目3-29", "url": "https://www.kaigokensaku.mhlw.go.jp/27/index.php?action_kouhyou_detail_004_kani=true&JigyosyoCd=2773002429-00&ServiceCd=331&Type=search", "url2": "https://www.tanoshii-ie.jp/single046/" }, "geometry": { "type": "Point", "coordinates": [ 135.539872100000025, 34.7484545 ] } },
{ "type": "Feature", "properties": { "内容": "エイジ・ガーデン上新庄【特定施設入居者生活介護（有料老人ホーム）】大阪府大阪市東淀川区上新庄1-3-41", "url": "https://www.kaigokensaku.mhlw.go.jp/27/index.php?action_kouhyou_detail_004_kani=true&JigyosyoCd=2773005083-00&ServiceCd=331&Type=search", "url2": "https://agecare.co.jp/pages/38/" }, "geometry": { "type": "Point", "coordinates": [ 135.530854620237733, 34.745999841718131 ] } },
{ "type": "Feature", "properties": { "内容": "介護付有料老人ホーム　プレザンメゾン深江橋【特定施設入居者生活介護（有料老人ホーム）】大阪府大阪市東成区神路2丁目4-22", "url": "https://www.kaigokensaku.mhlw.go.jp/27/index.php?action_kouhyou_detail_004_kani=true&JigyosyoCd=2771502081-00&ServiceCd=331&Type=search", "url2": "http://care21.co.jp" }, "geometry": { "type": "Point", "coordinates": [ 135.553425100000027, 34.6755878 ] } },
{ "type": "Feature", "properties": { "内容": "スーパー・コート今里【特定施設入居者生活介護（有料老人ホーム）】大阪府大阪市東成区大今里西2丁目8-22スーパー・コート今里", "url": "https://www.kaigokensaku.mhlw.go.jp/27/index.php?action_kouhyou_detail_004_kani=true&JigyosyoCd=2771502735-00&ServiceCd=331&Type=search", "url2": "http://www.supercourt.jp/" }, "geometry": { "type": "Point", "coordinates": [ 135.541591240694061, 34.669509483493314 ] } },
{ "type": "Feature", "properties": { "内容": "ブランシエール緑橋【特定施設入居者生活介護（有料老人ホーム）】大阪府大阪市東成区東中本２丁目１番１７号ブランシエール緑橋", "url": "https://www.kaigokensaku.mhlw.go.jp/27/index.php?action_kouhyou_detail_004_kani=true&JigyosyoCd=2771500408-00&ServiceCd=331&Type=search", "url2": "https://www.haseko-senior.co.jp" }, "geometry": { "type": "Point", "coordinates": [ 135.544803499999944, 34.6797316 ] } },
{ "type": "Feature", "properties": { "内容": "グラート大今里【特定施設入居者生活介護（有料老人ホーム）】大阪府大阪市東成区大今里南１丁目１番２１号", "url": "https://www.kaigokensaku.mhlw.go.jp/27/index.php?action_kouhyou_detail_004_kani=true&JigyosyoCd=2771501166-00&ServiceCd=331&Type=search", "url2": "https://kyouseikai.org/information/imazato/" }, "geometry": { "type": "Point", "coordinates": [ 135.543176, 34.6680995 ] } },
{ "type": "Feature", "properties": { "内容": "ケア・キューブいくの【特定施設入居者生活介護（有料老人ホーム）】大阪府大阪市生野区中川西3丁目5-16", "url": "https://www.kaigokensaku.mhlw.go.jp/27/index.php?action_kouhyou_detail_004_kani=true&JigyosyoCd=2772208506-00&ServiceCd=331&Type=search", "url2": "https://www.mediplan.jp/carecube_ikuno/" }, "geometry": { "type": "Point", "coordinates": [ 135.5408296, 34.6552231 ] } },
{ "type": "Feature", "properties": { "内容": "こうぜんかい・はうす生野【特定施設入居者生活介護（有料老人ホーム）】大阪府大阪市生野区巽西４－５－６２", "url": "https://www.kaigokensaku.mhlw.go.jp/27/index.php?action_kouhyou_detail_004_kani=true&JigyosyoCd=2772204380-00&ServiceCd=331&Type=search", "url2": "http://www.kouzenkai.or.jp/ikuno_house/index.html" }, "geometry": { "type": "Point", "coordinates": [ 135.5464237, 34.6435248 ] } },
{ "type": "Feature", "properties": { "内容": "介護付有料老人ホーム　メディケアホームきょうわ【特定施設入居者生活介護（有料老人ホーム）】大阪府大阪市生野区田島1-1-24", "url": "https://www.kaigokensaku.mhlw.go.jp/27/index.php?action_kouhyou_detail_004_kani=true&JigyosyoCd=2772206096-00&ServiceCd=331&Type=search", "url2": "https://kyowa-hp.net/care-kyowa/" }, "geometry": { "type": "Point", "coordinates": [ 135.541048223278835, 34.652637444701568 ] } },
{ "type": "Feature", "properties": { "内容": "ナーシングホーム　クランコート生野【特定施設入居者生活介護（有料老人ホーム）】大阪府大阪市生野区巽西3-13-4", "url": "https://www.kaigokensaku.mhlw.go.jp/27/index.php?action_kouhyou_detail_004_kani=true&JigyosyoCd=2772207938-00&ServiceCd=331&Type=search", "url2": "https://clan-net.jp/" }, "geometry": { "type": "Point", "coordinates": [ 135.5470101, 34.6477161 ] } },
{ "type": "Feature", "properties": { "内容": "介護付有料老人ホームそうせい田島【特定施設入居者生活介護（有料老人ホーム）】大阪府大阪市生野区巽西2-3-33", "url": "https://www.kaigokensaku.mhlw.go.jp/27/index.php?action_kouhyou_detail_004_kani=true&JigyosyoCd=2772205783-00&ServiceCd=331&Type=search", "url2": "http://www.sousei-group.com" }, "geometry": { "type": "Point", "coordinates": [ 135.544723699999963, 34.6486769 ] } },
{ "type": "Feature", "properties": { "内容": "サニーライフ　大阪巽【特定施設入居者生活介護（有料老人ホーム）】大阪府大阪市生野区巽北1-21-14", "url": "https://www.kaigokensaku.mhlw.go.jp/27/index.php?action_kouhyou_detail_004_kani=true&JigyosyoCd=2772205759-00&ServiceCd=331&Type=search", "url2": "http://www.sunnylife-group.co.jp" }, "geometry": { "type": "Point", "coordinates": [ 135.546313400000031, 34.6541181 ] } },
{ "type": "Feature", "properties": { "内容": "介護付き有料老人ホーム　ファイン舎利寺【特定施設入居者生活介護（有料老人ホーム）】大阪府大阪市生野区勝山南4丁目14番12号舎利寺リハビリテーションセンター", "url": "https://www.kaigokensaku.mhlw.go.jp/27/index.php?action_kouhyou_detail_004_kani=true&JigyosyoCd=2772206146-00&ServiceCd=331&Type=search", "url2": "http://kyouseikai.org/information/syariji/" }, "geometry": { "type": "Point", "coordinates": [ 135.538426299999969, 34.6520976 ] } },
{ "type": "Feature", "properties": { "内容": "そんぽの家生野巽中【特定施設入居者生活介護（有料老人ホーム）】大阪府大阪市生野区巽中4-6-25", "url": "https://www.kaigokensaku.mhlw.go.jp/27/index.php?action_kouhyou_detail_004_kani=true&JigyosyoCd=2772201402-00&ServiceCd=331&Type=search", "url2": "https://www.sompocare.com/service/home/kaigo/H000155" }, "geometry": { "type": "Point", "coordinates": [ 135.549576200000047, 34.6447831 ] } },
{ "type": "Feature", "properties": { "内容": "そんぽの家　生野林寺【特定施設入居者生活介護（有料老人ホーム）】大阪府大阪市生野区林寺3丁目1-15", "url": "https://www.kaigokensaku.mhlw.go.jp/27/index.php?action_kouhyou_detail_004_kani=true&JigyosyoCd=2772203895-00&ServiceCd=331&Type=search", "url2": "http://www.sompocare.com/" }, "geometry": { "type": "Point", "coordinates": [ 135.533441499999981, 34.6458102 ] } },
{ "type": "Feature", "properties": { "内容": "ツクイ・サンシャイン南巽【特定施設入居者生活介護（有料老人ホーム）】大阪府大阪市生野区巽中四丁目４番１６号", "url": "https://www.kaigokensaku.mhlw.go.jp/27/index.php?action_kouhyou_detail_004_kani=true&JigyosyoCd=2772202426-00&ServiceCd=331&Type=search", "url2": "http://www.tsukui.net" }, "geometry": { "type": "Point", "coordinates": [ 135.550173399999949, 34.6432833 ] } },
{ "type": "Feature", "properties": { "内容": "介護付き有料老人ホームアネシス寺田町【特定施設入居者生活介護（有料老人ホーム）】大阪府大阪市生野区林寺1丁目4-24", "url": "https://www.kaigokensaku.mhlw.go.jp/27/index.php?action_kouhyou_detail_004_kani=true&JigyosyoCd=2772205288-00&ServiceCd=331&Type=search", "url2": "http://i-souseikai.jp/" }, "geometry": { "type": "Point", "coordinates": [ 135.5282958, 34.645800200000011 ] } },
{ "type": "Feature", "properties": { "内容": "医療法人浩治会　大宮ケアホーム光【特定施設入居者生活介護（有料老人ホーム）】大阪府大阪市旭区大宮四丁目2番27号", "url": "https://www.kaigokensaku.mhlw.go.jp/27/index.php?action_kouhyou_detail_004_kani=true&JigyosyoCd=2773102666-00&ServiceCd=331&Type=search", "url2": "https://www.o-carehome.com" }, "geometry": { "type": "Point", "coordinates": [ 135.544875899999965, 34.7271092 ] } },
{ "type": "Feature", "properties": { "内容": "グランドホームゆとりえ【特定施設入居者生活介護（有料老人ホーム）】大阪市旭区新森３丁目１番１０号", "url": "https://www.kaigokensaku.mhlw.go.jp/27/index.php?action_kouhyou_detail_004_kani=true&JigyosyoCd=2773101163-00&ServiceCd=331&Type=search", "url2": "http://www.yutorie.co.jp" }, "geometry": { "type": "Point", "coordinates": [ 135.552671799999985, 34.7194442 ] } },
{ "type": "Feature", "properties": { "内容": "介護付き有料老人ホーム　ゆう＆あい【特定施設入居者生活介護（有料老人ホーム）】大阪府大阪市旭区生江1-10-35", "url": "https://www.kaigokensaku.mhlw.go.jp/27/index.php?action_kouhyou_detail_004_kani=true&JigyosyoCd=2773101908-00&ServiceCd=331&Type=search", "url2": "http://www.aiai-1122.or.jp" }, "geometry": { "type": "Point", "coordinates": [ 135.538278899999966, 34.7227929 ] } },
{ "type": "Feature", "properties": { "内容": "スーパー・コート大阪城公園【特定施設入居者生活介護（有料老人ホーム）】大阪市城東区鴫野西2丁目19-28", "url": "https://www.kaigokensaku.mhlw.go.jp/27/index.php?action_kouhyou_detail_004_kani=true&JigyosyoCd=2774400978-00&ServiceCd=331&Type=search", "url2": "http://www.supercourt.jp" }, "geometry": { "type": "Point", "coordinates": [ 135.536998400000016, 34.6928467 ] } },
{ "type": "Feature", "properties": { "内容": "エスペラル城東【特定施設入居者生活介護（有料老人ホーム）】大阪市城東区鴫野西四丁目1番24号", "url": "https://www.kaigokensaku.mhlw.go.jp/27/index.php?action_kouhyou_detail_004_kani=true&JigyosyoCd=2774401992-00&ServiceCd=331&Type=search", "url2": "http://www.greenlife-inc.co.jp/" }, "geometry": { "type": "Point", "coordinates": [ 135.540284978521527, 34.692557305360566 ] } },
{ "type": "Feature", "properties": { "内容": "メディカルホームまどか天王寺【特定施設入居者生活介護（有料老人ホーム）】大阪府大阪市阿倍野区天王寺町南2丁目9-28", "url": "https://www.kaigokensaku.mhlw.go.jp/27/index.php?action_kouhyou_detail_004_kani=true&JigyosyoCd=2772302564-00&ServiceCd=331&Type=search", "url2": "http://www.benesse-style-care.co.jp/" }, "geometry": { "type": "Point", "coordinates": [ 135.524350899999945, 34.6427845 ] } },
{ "type": "Feature", "properties": { "内容": "コンシェール阿倍野【特定施設入居者生活介護（有料老人ホーム）】大阪府大阪市阿倍野区旭町１‐３‐１１", "url": "https://www.kaigokensaku.mhlw.go.jp/27/index.php?action_kouhyou_detail_004_kani=true&JigyosyoCd=2772302606-00&ServiceCd=331&Type=search", "url2": "http://www.riei.co.jp/" }, "geometry": { "type": "Point", "coordinates": [ 135.509985, 34.6457111 ] } },
{ "type": "Feature", "properties": { "内容": "ロングライフ阿倍野【特定施設入居者生活介護（有料老人ホーム）】大阪府大阪市阿倍野区文の里2-1-19", "url": "https://www.kaigokensaku.mhlw.go.jp/27/index.php?action_kouhyou_detail_004_kani=true&JigyosyoCd=2772303323-00&ServiceCd=331&Type=search", "url2": "http://www.j-longlife.co.jp/abeno/" }, "geometry": { "type": "Point", "coordinates": [ 135.518530300000066, 34.636774 ] } },
{ "type": "Feature", "properties": { "内容": "そんぽの家　西田辺駅前【特定施設入居者生活介護（有料老人ホーム）】大阪府大阪市阿倍野区西田辺町１丁目１番２１号そんぽの家　西田辺駅前", "url": "https://www.kaigokensaku.mhlw.go.jp/27/index.php?action_kouhyou_detail_004_kani=true&JigyosyoCd=2772301590-00&ServiceCd=331&Type=search", "url2": "https://www.sompocare.com/" }, "geometry": { "type": "Point", "coordinates": [ 135.515571874868783, 34.621015680397406 ] } },
{ "type": "Feature", "properties": { "内容": "グレースマサコーヌ阪南町【特定施設入居者生活介護（有料老人ホーム）】大阪市阿倍野区阪南町3丁目10番3号", "url": "https://www.kaigokensaku.mhlw.go.jp/27/index.php?action_kouhyou_detail_004_kani=true&JigyosyoCd=2772301483-00&ServiceCd=331&Type=search", "url2": "http://www.masakone.co.jp/" }, "geometry": { "type": "Point", "coordinates": [ 135.515957299999968, 34.6293896 ] } },
{ "type": "Feature", "properties": { "内容": "マサコーヌ帝塚山【特定施設入居者生活介護（有料老人ホーム）】大阪市阿倍野区北畠３丁目１４番７号", "url": "https://www.kaigokensaku.mhlw.go.jp/27/index.php?action_kouhyou_detail_004_kani=true&JigyosyoCd=2772300667-00&ServiceCd=331&Type=search", "url2": "http://www.masakone.co.jp" }, "geometry": { "type": "Point", "coordinates": [ 135.498935928311198, 34.626802189719562 ] } },
{ "type": "Feature", "properties": { "内容": "介護付き有料老人ホーム　ニチイケアセンター西田辺【特定施設入居者生活介護（有料老人ホーム）】大阪府大阪市阿倍野区阪南町6-11-13", "url": "https://www.kaigokensaku.mhlw.go.jp/27/index.php?action_kouhyou_detail_004_kani=true&JigyosyoCd=2772303679-00&ServiceCd=331&Type=search", "url2": "https://www.nichiigakkan.co.jp" }, "geometry": { "type": "Point", "coordinates": [ 135.511225377246092, 34.619394063888798 ] } },
{ "type": "Feature", "properties": { "内容": "チャームスイート北畠【特定施設入居者生活介護（有料老人ホーム）】大阪府大阪市阿倍野区相生通一丁目4番15号", "url": "https://www.kaigokensaku.mhlw.go.jp/27/index.php?action_kouhyou_detail_004_kani=true&JigyosyoCd=2772304404-00&ServiceCd=331&Type=search", "url2": null }, "geometry": { "type": "Point", "coordinates": [ 135.5068439, 34.6299023 ] } },
{ "type": "Feature", "properties": { "内容": "介護付有料老人ホーム　プラウドコート晴明通【特定施設入居者生活介護（有料老人ホーム）】大阪府大阪市阿倍野区晴明通１１番４９号", "url": "https://www.kaigokensaku.mhlw.go.jp/27/index.php?action_kouhyou_detail_004_kani=true&JigyosyoCd=2772301970-00&ServiceCd=331&Type=search", "url2": "http://www.kensyokai.jp" }, "geometry": { "type": "Point", "coordinates": [ 135.505860199999972, 34.632622800000028 ] } },
{ "type": "Feature", "properties": { "内容": "介護付有料老人ホーム　ホームランドあべの【特定施設入居者生活介護（有料老人ホーム）】大阪府大阪市阿倍野区王子町4丁目1番37号", "url": "https://www.kaigokensaku.mhlw.go.jp/27/index.php?action_kouhyou_detail_004_kani=true&JigyosyoCd=2772303091-00&ServiceCd=331&Type=search", "url2": "http://hl-abeno.or.jp" }, "geometry": { "type": "Point", "coordinates": [ 135.510787236390854, 34.625397277081248 ] } },
{ "type": "Feature", "properties": { "内容": "ベルパージュ大阪帝塚山【特定施設入居者生活介護（有料老人ホーム）】大阪市住吉区万代３丁目６番２３号", "url": "https://www.kaigokensaku.mhlw.go.jp/27/index.php?action_kouhyou_detail_004_kani=true&JigyosyoCd=2772003329-00&ServiceCd=331&Type=search", "url2": "https://joylife.alsok.co.jp/" }, "geometry": { "type": "Point", "coordinates": [ 135.503950199999963, 34.6207601 ] } },
{ "type": "Feature", "properties": { "内容": "そんぽの家我孫子東【特定施設入居者生活介護（有料老人ホーム）】大阪府大阪市住吉区我孫子東1丁目9番13号", "url": "https://www.kaigokensaku.mhlw.go.jp/27/index.php?action_kouhyou_detail_004_kani=true&JigyosyoCd=2772005027-00&ServiceCd=331&Type=search", "url2": "https://www.sompocare.com/" }, "geometry": { "type": "Point", "coordinates": [ 135.511566499999986, 34.6027958 ] } },
{ "type": "Feature", "properties": { "内容": "介護付有料老人ホーム　メディケアー帝塚山【特定施設入居者生活介護（有料老人ホーム）】大阪市住吉区帝塚山西１－９－１２", "url": "https://www.kaigokensaku.mhlw.go.jp/27/index.php?action_kouhyou_detail_004_kani=true&JigyosyoCd=2772003287-00&ServiceCd=331&Type=search", "url2": "http://www.ac.auone-net.jp/~tezukaya/index.htm" }, "geometry": { "type": "Point", "coordinates": [ 135.496470400000021, 34.6221627 ] } },
{ "type": "Feature", "properties": { "内容": "介護付有料老人ホームプレザンメゾン東帝塚山【特定施設入居者生活介護（有料老人ホーム）】大阪府大阪市住吉区大領1-3-18", "url": "https://www.kaigokensaku.mhlw.go.jp/27/index.php?action_kouhyou_detail_004_kani=true&JigyosyoCd=2772005308-00&ServiceCd=331&Type=search", "url2": "https://www.tanoshii-ie.jp/single120/" }, "geometry": { "type": "Point", "coordinates": [ 135.5074292, 34.619475100000017 ] } },
{ "type": "Feature", "properties": { "内容": "高齢者向けマンション　リビングかずほ【特定施設入居者生活介護（有料老人ホーム）】大阪府大阪市住吉区我孫子1丁目4番18号高齢者向けマンションリビングかずほ", "url": "https://www.kaigokensaku.mhlw.go.jp/27/index.php?action_kouhyou_detail_004_kani=true&JigyosyoCd=2772003055-00&ServiceCd=331&Type=search", "url2": "http://www.circle-1.jp" }, "geometry": { "type": "Point", "coordinates": [ 135.510060899999985, 34.6047454 ] } },
{ "type": "Feature", "properties": { "内容": "有料老人ホーム我孫子【特定施設入居者生活介護（有料老人ホーム）】大阪府大阪市住吉区我孫子5丁目11-9", "url": "https://www.kaigokensaku.mhlw.go.jp/27/index.php?action_kouhyou_detail_004_kani=true&JigyosyoCd=2772005043-00&ServiceCd=331&Type=search", "url2": "http://www.heartco.jp/" }, "geometry": { "type": "Point", "coordinates": [ 135.505593333729564, 34.600147146920335 ] } },
{ "type": "Feature", "properties": { "内容": "ベストライフ大阪あびこ【特定施設入居者生活介護（有料老人ホーム）】大阪府大阪市住吉区苅田3-14-5ベストライフ大阪あびこ", "url": "https://www.kaigokensaku.mhlw.go.jp/27/index.php?action_kouhyou_detail_004_kani=true&JigyosyoCd=2772005134-00&ServiceCd=331&Type=search", "url2": null }, "geometry": { "type": "Point", "coordinates": [ 135.514633300000014, 34.6025798 ] } },
{ "type": "Feature", "properties": { "内容": "メディカルホームまどか住吉大社東【特定施設入居者生活介護（有料老人ホーム）】大阪府大阪市住吉区住吉1-14-25", "url": "https://www.kaigokensaku.mhlw.go.jp/27/index.php?action_kouhyou_detail_004_kani=true&JigyosyoCd=2772001828-00&ServiceCd=331&Type=search", "url2": "https://kaigo.benesse-style-care.co.jp/area_osaka/osaka/home_m-sumiyoshi" }, "geometry": { "type": "Point", "coordinates": [ 135.495108, 34.6128033 ] } },
{ "type": "Feature", "properties": { "内容": "サニーライフ大阪住吉【特定施設入居者生活介護（有料老人ホーム）】大阪府大阪市住吉区遠里小野１－１２－３１", "url": "https://www.kaigokensaku.mhlw.go.jp/27/index.php?action_kouhyou_detail_004_kani=true&JigyosyoCd=2772005225-00&ServiceCd=331&Type=search", "url2": "https://www.sunnylife-group.co.jp/" }, "geometry": { "type": "Point", "coordinates": [ 135.4977222, 34.6008964 ] } },
{ "type": "Feature", "properties": { "内容": "ブランシエールケア長居公園【特定施設入居者生活介護（有料老人ホーム）】大阪市住吉区長居東一丁目２７番２０号", "url": "https://www.kaigokensaku.mhlw.go.jp/27/index.php?action_kouhyou_detail_004_kani=true&JigyosyoCd=2772001695-00&ServiceCd=331&Type=search", "url2": "http://www.haseko-senior.co.jp/home/nagai/" }, "geometry": { "type": "Point", "coordinates": [ 135.520155380950882, 34.605472569287272 ] } },
{ "type": "Feature", "properties": { "内容": "さわやか住吉館【特定施設入居者生活介護（有料老人ホーム）】大阪府大阪市住吉区苅田10-6-20さわやか住吉館", "url": "https://www.kaigokensaku.mhlw.go.jp/27/index.php?action_kouhyou_detail_004_kani=true&JigyosyoCd=2772003568-00&ServiceCd=331&Type=search", "url2": "http://sumiyoshikan.sawayakaclub.jp/" }, "geometry": { "type": "Point", "coordinates": [ 135.512546055819712, 34.594136674336475 ] } },
{ "type": "Feature", "properties": { "内容": "そんぽの家　住吉遠里小野【特定施設入居者生活介護（有料老人ホーム）】大阪府大阪市住吉区遠里小野3丁目10番3号", "url": "https://www.kaigokensaku.mhlw.go.jp/27/index.php?action_kouhyou_detail_004_kani=true&JigyosyoCd=2772001265-00&ServiceCd=331&Type=search", "url2": "https://www.sompocare.com/" }, "geometry": { "type": "Point", "coordinates": [ 135.499137499999961, 34.5938048 ] } },
{ "type": "Feature", "properties": { "内容": "エルケア株式会社エルケアホームガーデン長居公園【特定施設入居者生活介護（有料老人ホーム）】大阪市東住吉区鷹合4丁目1-67", "url": "https://www.kaigokensaku.mhlw.go.jp/27/index.php?action_kouhyou_detail_004_kani=true&JigyosyoCd=2770806871-00&ServiceCd=331&Type=search", "url2": "https://www.l-care.jp/nagai/" }, "geometry": { "type": "Point", "coordinates": [ 135.530646499999989, 34.6127252 ] } },
{ "type": "Feature", "properties": { "内容": "介護付き有料老人ホームクランコート東住吉【特定施設入居者生活介護（有料老人ホーム）】大阪府大阪市東住吉区矢田2-11-7介護付き有料老人ホームクランコート東住吉", "url": "https://www.kaigokensaku.mhlw.go.jp/27/index.php?action_kouhyou_detail_004_kani=true&JigyosyoCd=2770806707-00&ServiceCd=331&Type=search", "url2": null }, "geometry": { "type": "Point", "coordinates": [ 135.531351199999989, 34.6067724 ] } },
{ "type": "Feature", "properties": { "内容": "ナーシングホームクランコート東住吉弐番館【特定施設入居者生活介護（有料老人ホーム）】大阪府大阪市東住吉区矢田三丁目11番16号", "url": "https://www.kaigokensaku.mhlw.go.jp/27/index.php?action_kouhyou_detail_004_kani=true&JigyosyoCd=2770806988-00&ServiceCd=331&Type=search", "url2": "https://clan-net.jp" }, "geometry": { "type": "Point", "coordinates": [ 135.5296749, 34.6048608 ] } },
{ "type": "Feature", "properties": { "内容": "ナーシングホーム　アルク東住吉弐番館【特定施設入居者生活介護（有料老人ホーム）】大阪府大阪市東住吉区湯里5-13-16", "url": "https://www.kaigokensaku.mhlw.go.jp/27/index.php?action_kouhyou_detail_004_kani=true&JigyosyoCd=2770807184-00&ServiceCd=331&Type=search", "url2": "https://ranok.jp/elderly-care-facilit/aruku-higashisumiyoshi-2bankan/" }, "geometry": { "type": "Point", "coordinates": [ 135.5374914, 34.6113784 ] } },
{ "type": "Feature", "properties": { "内容": "スーパー・コート東住吉2号館【特定施設入居者生活介護（有料老人ホーム）】大阪府大阪市東住吉区西今川4丁目17番13号", "url": "https://www.kaigokensaku.mhlw.go.jp/27/index.php?action_kouhyou_detail_004_kani=true&JigyosyoCd=2770806137-00&ServiceCd=331&Type=search", "url2": "https://www.supercourt.jp/osaka/higashisumiyoshi2.html" }, "geometry": { "type": "Point", "coordinates": [ 135.534058899999962, 34.62284529999998 ] } },
{ "type": "Feature", "properties": { "内容": "介護付有料老人ホームそうせい東住吉【特定施設入居者生活介護（有料老人ホーム）】大阪府大阪市東住吉区住道矢田八丁目9番30号", "url": "https://www.kaigokensaku.mhlw.go.jp/27/index.php?action_kouhyou_detail_004_kani=true&JigyosyoCd=2770805543-00&ServiceCd=331&Type=search", "url2": null }, "geometry": { "type": "Point", "coordinates": [ 135.541569399999958, 34.6028289 ] } },
{ "type": "Feature", "properties": { "内容": "介護付き有料老人ホーム「北田辺輝きの郷」【特定施設入居者生活介護（有料老人ホーム）】大阪府大阪市東住吉区北田辺1-9-9", "url": "https://www.kaigokensaku.mhlw.go.jp/27/index.php?action_kouhyou_detail_004_kani=true&JigyosyoCd=2770804801-00&ServiceCd=331&Type=search", "url2": "http://www.nihon-kaigo.com/" }, "geometry": { "type": "Point", "coordinates": [ 135.525529799999958, 34.6363027 ] } },
{ "type": "Feature", "properties": { "内容": "介護付有料老人ホームライフビュー長居公園通り【特定施設入居者生活介護（有料老人ホーム）】大阪府大阪市東住吉区矢田2丁目15-12ライフビュー長居公園通り", "url": "https://www.kaigokensaku.mhlw.go.jp/27/index.php?action_kouhyou_detail_004_kani=true&JigyosyoCd=2770803357-00&ServiceCd=331&Type=search", "url2": "http://www.life-view.jp/" }, "geometry": { "type": "Point", "coordinates": [ 135.531897699999945, 34.6085561 ] } },
{ "type": "Feature", "properties": { "内容": "ハートフルリビングなでしこ【特定施設入居者生活介護（有料老人ホーム）】大阪府大阪市東住吉区湯里一丁目１番８号", "url": "https://www.kaigokensaku.mhlw.go.jp/27/index.php?action_kouhyou_detail_004_kani=true&JigyosyoCd=2770802326-00&ServiceCd=331&Type=search", "url2": "http://www.745165.co.jp" }, "geometry": { "type": "Point", "coordinates": [ 135.534161400000016, 34.6163941 ] } },
{ "type": "Feature", "properties": { "内容": "れんげハイツ長居公園【特定施設入居者生活介護（有料老人ホーム）】大阪府大阪市東住吉区矢田4丁目１９番１０号れんげハイツ長居公園", "url": "https://www.kaigokensaku.mhlw.go.jp/27/index.php?action_kouhyou_detail_004_kani=true&JigyosyoCd=2770806046-00&ServiceCd=331&Type=search", "url2": "http://renge.org/" }, "geometry": { "type": "Point", "coordinates": [ 135.5325068, 34.6039006 ] } },
{ "type": "Feature", "properties": { "内容": "そんぽの家　天王寺【特定施設入居者生活介護（有料老人ホーム）】大阪府大阪市東住吉区桑津1-7-30", "url": "https://www.kaigokensaku.mhlw.go.jp/27/index.php?action_kouhyou_detail_004_kani=true&JigyosyoCd=2770805469-00&ServiceCd=331&Type=search", "url2": "https://www.sompocare.com/service/home/kaigo/H000429" }, "geometry": { "type": "Point", "coordinates": [ 135.528833599999984, 34.6430104 ] } },
{ "type": "Feature", "properties": { "内容": "ナーシングホームアルク東住吉【特定施設入居者生活介護（有料老人ホーム）】大阪府大阪市東住吉区照ヶ丘矢田3丁目7-35ナーシングホームアルク東住吉", "url": "https://www.kaigokensaku.mhlw.go.jp/27/index.php?action_kouhyou_detail_004_kani=true&JigyosyoCd=2770807176-00&ServiceCd=331&Type=search", "url2": null }, "geometry": { "type": "Point", "coordinates": [ 135.5349439, 34.6047165 ] } },
{ "type": "Feature", "properties": { "内容": "そんぽの家　岸里【特定施設入居者生活介護（有料老人ホーム）】大阪市西成区潮路1丁目5番28号", "url": "https://www.kaigokensaku.mhlw.go.jp/27/index.php?action_kouhyou_detail_004_kani=true&JigyosyoCd=2773301821-00&ServiceCd=331&Type=search", "url2": "http://www.sompocare.com/" }, "geometry": { "type": "Point", "coordinates": [ 135.49400616441801, 34.637003753809978 ] } },
{ "type": "Feature", "properties": { "内容": "有料老人ホーム　花園【特定施設入居者生活介護（有料老人ホーム）】大阪府大阪市西成区花園北2-3-16", "url": "https://www.kaigokensaku.mhlw.go.jp/27/index.php?action_kouhyou_detail_004_kani=true&JigyosyoCd=2773305806-00&ServiceCd=331&Type=search", "url2": null }, "geometry": { "type": "Point", "coordinates": [ 135.497766899999988, 34.6468931 ] } },
{ "type": "Feature", "properties": { "内容": "つむぎ苑【特定施設入居者生活介護（有料老人ホーム）】大阪府大阪市西成区南津守7-14-33ファンクス", "url": "https://www.kaigokensaku.mhlw.go.jp/27/index.php?action_kouhyou_detail_004_kani=true&JigyosyoCd=2773303587-00&ServiceCd=331&Type=search", "url2": "https://www.hakujuen.or.jp" }, "geometry": { "type": "Point", "coordinates": [ 135.482910599999968, 34.6226542 ] } },
{ "type": "Feature", "properties": { "内容": "介護付き有料老人ホーム　ミヨ倶楽部花園Ⅲ番館【特定施設入居者生活介護（有料老人ホーム）】大阪府大阪市西成区鶴見橋1丁目17番11号", "url": "https://www.kaigokensaku.mhlw.go.jp/27/index.php?action_kouhyou_detail_004_kani=true&JigyosyoCd=2773307778-00&ServiceCd=331&Type=search", "url2": "http://www.miyoclub.jp" }, "geometry": { "type": "Point", "coordinates": [ 135.493600600000036, 34.6468098 ] } },
{ "type": "Feature", "properties": { "内容": "介護付き有料老人ホーム　ミヨ倶楽部花園Ⅱ番館【特定施設入居者生活介護（有料老人ホーム）】大阪府大阪市西成区旭1丁目8番13号", "url": "https://www.kaigokensaku.mhlw.go.jp/27/index.php?action_kouhyou_detail_004_kani=true&JigyosyoCd=2773307109-00&ServiceCd=331&Type=search", "url2": "http://www.miyoclub.jp" }, "geometry": { "type": "Point", "coordinates": [ 135.4944269, 34.6446959 ] } },
{ "type": "Feature", "properties": { "内容": "介護付き有料老人ホーム　ミヨ倶楽部花園Ⅰ番館【特定施設入居者生活介護（有料老人ホーム）】大阪府大阪市西成区松１丁目３番１０号", "url": "https://www.kaigokensaku.mhlw.go.jp/27/index.php?action_kouhyou_detail_004_kani=true&JigyosyoCd=2773306168-00&ServiceCd=331&Type=search", "url2": "http://www.miyoclub.jp" }, "geometry": { "type": "Point", "coordinates": [ 135.494822900000031, 34.6400772 ] } },
{ "type": "Feature", "properties": { "内容": "社会医療法人　山紀会　有料老人ホーム　はるか【特定施設入居者生活介護（有料老人ホーム）】大阪府大阪市西成区岸里2丁目6番9号", "url": "https://www.kaigokensaku.mhlw.go.jp/27/index.php?action_kouhyou_detail_004_kani=true&JigyosyoCd=2773305418-00&ServiceCd=331&Type=search", "url2": "http://www.yamakikai.or.jp/" }, "geometry": { "type": "Point", "coordinates": [ 135.4953425, 34.6333586 ] } },
{ "type": "Feature", "properties": { "内容": "そんぽの家　天下茶屋駅前【特定施設入居者生活介護（有料老人ホーム）】大阪府大阪市西成区花園南2丁目5番1号", "url": "https://www.kaigokensaku.mhlw.go.jp/27/index.php?action_kouhyou_detail_004_kani=true&JigyosyoCd=2773301979-00&ServiceCd=331&Type=search", "url2": "http://www.sompocare.com" }, "geometry": { "type": "Point", "coordinates": [ 135.49606730000005, 34.6387191 ] } },
{ "type": "Feature", "properties": { "内容": "介護付有料老人ホーム　エイジ・ガーデン北加賀屋【特定施設入居者生活介護（有料老人ホーム）】大阪府大阪市西成区南津守7-4-32", "url": "https://www.kaigokensaku.mhlw.go.jp/27/index.php?action_kouhyou_detail_004_kani=true&JigyosyoCd=2773306507-00&ServiceCd=331&Type=search", "url2": "https://agecare.co.jp/" }, "geometry": { "type": "Point", "coordinates": [ 135.485681951049969, 34.623149387382206 ] } },
{ "type": "Feature", "properties": { "内容": "ユトリーム大阪北【特定施設入居者生活介護（有料老人ホーム）】大阪府大阪市淀川区野中南２丁目１０番７号", "url": "https://www.kaigokensaku.mhlw.go.jp/27/index.php?action_kouhyou_detail_004_kani=true&JigyosyoCd=2779100599-00&ServiceCd=331&Type=search", "url2": "https://joylife.alsok.co.jp/" }, "geometry": { "type": "Point", "coordinates": [ 135.480561200000011, 34.7253362 ] } },
{ "type": "Feature", "properties": { "内容": "介護付有料老人ホーム延寿【特定施設入居者生活介護（有料老人ホーム）】大阪府大阪市淀川区西三国4丁目5番22号", "url": "https://www.kaigokensaku.mhlw.go.jp/27/index.php?action_kouhyou_detail_004_kani=true&JigyosyoCd=2779104443-00&ServiceCd=331&Type=search", "url2": "https://enju-mikuni.com/" }, "geometry": { "type": "Point", "coordinates": [ 135.48568279999995, 34.7419011 ] } },
{ "type": "Feature", "properties": { "内容": "新大阪ケアコミュニティそよ風【特定施設入居者生活介護（有料老人ホーム）】大阪府　大阪市淀川区　西宮原３丁目２番２２号", "url": "https://www.kaigokensaku.mhlw.go.jp/27/index.php?action_kouhyou_detail_004_kani=true&JigyosyoCd=2779101563-00&ServiceCd=331&Type=search", "url2": "http://www.sykz.co.jp/" }, "geometry": { "type": "Point", "coordinates": [ 135.4933234, 34.7391304 ] } },
{ "type": "Feature", "properties": { "内容": "介護付有料老人ホームプレザンメゾン新大阪【特定施設入居者生活介護（有料老人ホーム）】大阪府大阪市淀川区西宮原2-5-6", "url": "https://www.kaigokensaku.mhlw.go.jp/27/index.php?action_kouhyou_detail_004_kani=true&JigyosyoCd=2779104500-00&ServiceCd=331&Type=search", "url2": "https://www.tanoshii-ie.jp/single106/" }, "geometry": { "type": "Point", "coordinates": [ 135.4912574, 34.7362574 ] } },
{ "type": "Feature", "properties": { "内容": "リュミエール加島【特定施設入居者生活介護（有料老人ホーム）】大阪府大阪市淀川区加島4丁目16番35号", "url": "https://www.kaigokensaku.mhlw.go.jp/27/index.php?action_kouhyou_detail_004_kani=true&JigyosyoCd=2779103080-00&ServiceCd=331&Type=search", "url2": null }, "geometry": { "type": "Point", "coordinates": [ 135.452730299999985, 34.732140200000011 ] } },
{ "type": "Feature", "properties": { "内容": "介護付有料老人ホーム　リベルテ加島【特定施設入居者生活介護（有料老人ホーム）】大阪府大阪市淀川区加島1丁目38番20号", "url": "https://www.kaigokensaku.mhlw.go.jp/27/index.php?action_kouhyou_detail_004_kani=true&JigyosyoCd=2779104997-00&ServiceCd=331&Type=search", "url2": null }, "geometry": { "type": "Point", "coordinates": [ 135.458508814680471, 34.726937291303038 ] } },
{ "type": "Feature", "properties": { "内容": "エバーライフ加島【特定施設入居者生活介護（有料老人ホーム）】大阪府大阪市淀川区加島３－１２－１６", "url": "https://www.kaigokensaku.mhlw.go.jp/27/index.php?action_kouhyou_detail_004_kani=true&JigyosyoCd=2779102967-00&ServiceCd=331&Type=search", "url2": "http://www.fureai-net.com" }, "geometry": { "type": "Point", "coordinates": [ 135.452099800000042, 34.7300765 ] } },
{ "type": "Feature", "properties": { "内容": "そんぽの家　加島駅前【特定施設入居者生活介護（有料老人ホーム）】大阪府大阪市淀川区加島３丁目中２番１９号そんぽの家　加島駅前", "url": "https://www.kaigokensaku.mhlw.go.jp/27/index.php?action_kouhyou_detail_004_kani=true&JigyosyoCd=2779101787-00&ServiceCd=331&Type=search", "url2": "https://www.sompocare.com/service/home/kaigo/H000213" }, "geometry": { "type": "Point", "coordinates": [ 135.453646899999967, 34.7288545 ] } },
{ "type": "Feature", "properties": { "内容": "ソルケア西中島【特定施設入居者生活介護（有料老人ホーム）】大阪市淀川区木川東1丁目6-14ソルケア西中島", "url": "https://www.kaigokensaku.mhlw.go.jp/27/index.php?action_kouhyou_detail_004_kani=true&JigyosyoCd=2779103015-00&ServiceCd=331&Type=search", "url2": "http://alpha-life.jp" }, "geometry": { "type": "Point", "coordinates": [ 135.493214782764397, 34.722623657387615 ] } },
{ "type": "Feature", "properties": { "内容": "そんぽの家鶴見緑地【特定施設入居者生活介護（有料老人ホーム）】大阪府大阪市鶴見区諸口5丁目浜6番10号", "url": "https://www.kaigokensaku.mhlw.go.jp/27/index.php?action_kouhyou_detail_004_kani=true&JigyosyoCd=2779200688-00&ServiceCd=331&Type=search", "url2": "https://www.sompocare.com/service/home/kaigo/H000187" }, "geometry": { "type": "Point", "coordinates": [ 135.582519600000069, 34.7043991 ] } },
{ "type": "Feature", "properties": { "内容": "ラ・ナシカ　つるみ【特定施設入居者生活介護（有料老人ホーム）】大阪市鶴見区今津北3丁目8-3", "url": "https://www.kaigokensaku.mhlw.go.jp/27/index.php?action_kouhyou_detail_004_kani=true&JigyosyoCd=2779200837-00&ServiceCd=331&Type=search", "url2": "http://www.cedar-web.com/index.php" }, "geometry": { "type": "Point", "coordinates": [ 135.573242700000037, 34.6935946 ] } },
{ "type": "Feature", "properties": { "内容": "チャーム鶴見緑地【特定施設入居者生活介護（有料老人ホーム）】大阪府大阪市鶴見区焼野２丁目南４番３号", "url": "https://www.kaigokensaku.mhlw.go.jp/27/index.php?action_kouhyou_detail_004_kani=true&JigyosyoCd=2779202270-00&ServiceCd=331&Type=search", "url2": "http://www.charmcc.jp" }, "geometry": { "type": "Point", "coordinates": [ 135.585547, 34.714899 ] } },
{ "type": "Feature", "properties": { "内容": "メディカルホームまどか鶴見徳庵【特定施設入居者生活介護（有料老人ホーム）】大阪府大阪市鶴見区徳庵一丁目1番52号", "url": "https://www.kaigokensaku.mhlw.go.jp/27/index.php?action_kouhyou_detail_004_kani=true&JigyosyoCd=2779201280-00&ServiceCd=331&Type=search", "url2": "http://www.benesse-style-care.co.jp/" }, "geometry": { "type": "Point", "coordinates": [ 135.580450400000018, 34.6975415 ] } },
{ "type": "Feature", "properties": { "内容": "有料老人ホームゆうわ【特定施設入居者生活介護（有料老人ホーム）】大阪府大阪市鶴見区諸口6-1-16", "url": "https://www.kaigokensaku.mhlw.go.jp/27/index.php?action_kouhyou_detail_004_kani=true&JigyosyoCd=2779202056-00&ServiceCd=331&Type=search", "url2": "http://yu-shuwa.sakura.ne.jp/index.html" }, "geometry": { "type": "Point", "coordinates": [ 135.574924199999941, 34.7053504 ] } },
{ "type": "Feature", "properties": { "内容": "サニーライフ大阪鶴見【特定施設入居者生活介護（有料老人ホーム）】大阪府大阪市鶴見区今津北1-9-9", "url": "https://www.kaigokensaku.mhlw.go.jp/27/index.php?action_kouhyou_detail_004_kani=true&JigyosyoCd=2779202205-00&ServiceCd=331&Type=search", "url2": "http://www.sunnylife-group.co.jp" }, "geometry": { "type": "Point", "coordinates": [ 135.568773700000065, 34.693925 ] } },
{ "type": "Feature", "properties": { "内容": "有料老人ホーム　貴美苑【特定施設入居者生活介護（有料老人ホーム）】大阪府大阪市鶴見区安田一丁目11番35号", "url": "https://www.kaigokensaku.mhlw.go.jp/27/index.php?action_kouhyou_detail_004_kani=true&JigyosyoCd=2779200514-00&ServiceCd=331&Type=search", "url2": "https://kimi-en.co.jp" }, "geometry": { "type": "Point", "coordinates": [ 135.58692480000002, 34.7051408 ] } },
{ "type": "Feature", "properties": { "内容": "介護付有料老人ホーム　アグナス住吉公園【特定施設入居者生活介護（有料老人ホーム）】大阪府大阪市住之江区浜口西1丁目14番4号", "url": "https://www.kaigokensaku.mhlw.go.jp/27/index.php?action_kouhyou_detail_004_kani=true&JigyosyoCd=2775903061-00&ServiceCd=331&Type=search", "url2": "http://www.agnus.jp" }, "geometry": { "type": "Point", "coordinates": [ 135.486272500000041, 34.6120108 ] } },
{ "type": "Feature", "properties": { "内容": "ラ・ナシカ　すみのえ【特定施設入居者生活介護（有料老人ホーム）】大阪府大阪市住之江区北加賀屋5丁目4－34ラ・ナシカ　すみのえ", "url": "https://www.kaigokensaku.mhlw.go.jp/27/index.php?action_kouhyou_detail_004_kani=true&JigyosyoCd=2775902907-00&ServiceCd=331&Type=search", "url2": "https://www.cedar-group.co.jp" }, "geometry": { "type": "Point", "coordinates": [ 135.4743143, 34.6223058 ] } },
{ "type": "Feature", "properties": { "内容": "スーパー・コート住之江【特定施設入居者生活介護（有料老人ホーム）】大阪府大阪市住之江区新北島８丁目１番６３号", "url": "https://www.kaigokensaku.mhlw.go.jp/27/index.php?action_kouhyou_detail_004_kani=true&JigyosyoCd=2775904028-00&ServiceCd=331&Type=search", "url2": "https://www.supercourt.jp/" }, "geometry": { "type": "Point", "coordinates": [ 135.46044, 34.6075705 ] } },
{ "type": "Feature", "properties": { "内容": "そんぽの家北加賀屋【特定施設入居者生活介護（有料老人ホーム）】大阪府大阪市住之江区東加賀屋1丁目10-6", "url": "https://www.kaigokensaku.mhlw.go.jp/27/index.php?action_kouhyou_detail_004_kani=true&JigyosyoCd=2775900976-00&ServiceCd=331&Type=search", "url2": "https://www.sompocare.com/service/home/kaigo/H000174" }, "geometry": { "type": "Point", "coordinates": [ 135.485032700000033, 34.6217932 ] } },
{ "type": "Feature", "properties": { "内容": "そんぽの家　平野長吉【特定施設入居者生活介護（有料老人ホーム）】大阪府大阪市平野区長吉六反１丁目11番31号", "url": "https://www.kaigokensaku.mhlw.go.jp/27/index.php?action_kouhyou_detail_004_kani=true&JigyosyoCd=2775801208-00&ServiceCd=331&Type=search", "url2": "https://www.sompocare.com/" }, "geometry": { "type": "Point", "coordinates": [ 135.580885500000022, 34.6083985 ] } },
{ "type": "Feature", "properties": { "内容": "介護付き有料老人ホーム　クランコート平野【特定施設入居者生活介護（有料老人ホーム）】大阪府大阪市長吉六反4丁目1番26号介護付き有料老人ホーム　クランコート平野", "url": "https://www.kaigokensaku.mhlw.go.jp/27/index.php?action_kouhyou_detail_004_kani=true&JigyosyoCd=2775808641-00&ServiceCd=331&Type=search", "url2": "http://clan-net.jp" }, "geometry": { "type": "Point", "coordinates": [ 135.582505006134255, 34.611562258266517 ] } },
{ "type": "Feature", "properties": { "内容": "ナーシングホーム　クランコート平野弐番館【特定施設入居者生活介護（有料老人ホーム）】大阪府大阪市平野区瓜破六丁目8番30号クランコート平野弐番館", "url": "https://www.kaigokensaku.mhlw.go.jp/27/index.php?action_kouhyou_detail_004_kani=true&JigyosyoCd=2775809201-00&ServiceCd=331&Type=search", "url2": "https://clan-net.jp/" }, "geometry": { "type": "Point", "coordinates": [ 135.550819662951682, 34.600088099908447 ] } },
{ "type": "Feature", "properties": { "内容": "介護付有料老人ホームグローバルケア平野【特定施設入居者生活介護（有料老人ホーム）】大阪府大阪市平野区長吉長原1-13-23", "url": "https://www.kaigokensaku.mhlw.go.jp/27/index.php?action_kouhyou_detail_004_kani=true&JigyosyoCd=2775805704-00&ServiceCd=331&Type=search", "url2": "http://globalcare-gc.co.jp" }, "geometry": { "type": "Point", "coordinates": [ 135.572019059524592, 34.60654635410252 ] } },
{ "type": "Feature", "properties": { "内容": "有料老人ホーム　リビングフォレスト【特定施設入居者生活介護（有料老人ホーム）】大阪市平野区加美正覚寺１丁目７番１０号", "url": "https://www.kaigokensaku.mhlw.go.jp/27/index.php?action_kouhyou_detail_004_kani=true&JigyosyoCd=2775801950-00&ServiceCd=331&Type=search", "url2": "http://www.circle-1.jp" }, "geometry": { "type": "Point", "coordinates": [ 135.559197899999958, 34.632854 ] } },
{ "type": "Feature", "properties": { "内容": "スーパー・コート平野【特定施設入居者生活介護（有料老人ホーム）】大阪比大阪市平野区長吉長原4-15-24", "url": "https://www.kaigokensaku.mhlw.go.jp/27/index.php?action_kouhyou_detail_004_kani=true&JigyosyoCd=2775801976-00&ServiceCd=331&Type=search", "url2": "https://www.supercourt.jp/facility/osaka/hirano/" }, "geometry": { "type": "Point", "coordinates": [ 135.572158199999961, 34.599842200000019 ] } },
{ "type": "Feature", "properties": { "内容": "クレ－ル平野【特定施設入居者生活介護（有料老人ホーム）】大阪府大阪市平野区瓜破西2丁目1番24号介護付有料老人ホーム　クレール平野", "url": "https://www.kaigokensaku.mhlw.go.jp/27/index.php?action_kouhyou_detail_004_kani=true&JigyosyoCd=2775806801-00&ServiceCd=331&Type=search", "url2": "http://www.genkinakaigo.co.jp" }, "geometry": { "type": "Point", "coordinates": [ 135.5454691, 34.6042316 ] } },
{ "type": "Feature", "properties": { "内容": "介護付有料老人ホームゆたか【特定施設入居者生活介護（有料老人ホーム）】大阪府大阪市平野区喜連西5-1-22", "url": "https://www.kaigokensaku.mhlw.go.jp/27/index.php?action_kouhyou_detail_004_kani=true&JigyosyoCd=2775806066-00&ServiceCd=331&Type=search", "url2": "http://www.yutakafukushikai.or.jp/nursing-home/" }, "geometry": { "type": "Point", "coordinates": [ 135.548075289163222, 34.615532440642745 ] } },
{ "type": "Feature", "properties": { "内容": "介護付き有料老人ホーム　デュランタ平野【特定施設入居者生活介護（有料老人ホーム）】大阪府大阪市平野区平野元町２－３", "url": "https://www.kaigokensaku.mhlw.go.jp/27/index.php?action_kouhyou_detail_004_kani=true&JigyosyoCd=2775808484-00&ServiceCd=331&Type=search", "url2": "https://www.ontoku.or.jp/facilities/duranta-home/" }, "geometry": { "type": "Point", "coordinates": [ 135.5493544, 34.6306318 ] } },
{ "type": "Feature", "properties": { "内容": "社会福祉法人　聖綾福祉会　有料老人ホームせいりょう平野喜連【特定施設入居者生活介護（有料老人ホーム）】大阪府大阪市平野区喜連西五丁目４番１８号", "url": "https://www.kaigokensaku.mhlw.go.jp/27/index.php?action_kouhyou_detail_004_kani=true&JigyosyoCd=2775802396-00&ServiceCd=331&Type=search", "url2": "http://www.f-seiryou.com" }, "geometry": { "type": "Point", "coordinates": [ 135.54867, 34.6144324 ] } },
{ "type": "Feature", "properties": { "内容": "明日香の里【特定施設入居者生活介護（有料老人ホーム）】大阪府大阪市平野区加美北4-7-10", "url": "https://www.kaigokensaku.mhlw.go.jp/27/index.php?action_kouhyou_detail_004_kani=true&JigyosyoCd=2775801810-00&ServiceCd=331&Type=search", "url2": "http://www.asukanosato.co.jp" }, "geometry": { "type": "Point", "coordinates": [ 135.560439299999985, 34.6377563 ] } },
{ "type": "Feature", "properties": { "内容": "ひだまりの家【特定施設入居者生活介護（有料老人ホーム）】大阪府大阪市瓜破西三丁目11番1号", "url": "https://www.kaigokensaku.mhlw.go.jp/27/index.php?action_kouhyou_detail_004_kani=true&JigyosyoCd=2775801992-00&ServiceCd=331&Type=search", "url2": null }, "geometry": { "type": "Point", "coordinates": [ 135.5451224, 34.6002245 ] } },
{ "type": "Feature", "properties": { "内容": "エトナ大川端【特定施設入居者生活介護（有料老人ホーム）】大阪府大阪市北区天満橋2-2-28", "url": "https://www.kaigokensaku.mhlw.go.jp/27/index.php?action_kouhyou_detail_004_kani=true&JigyosyoCd=2774101063-00&ServiceCd=331&Type=search", "url2": "http://www.osaka-everycare-home-etna.com/" }, "geometry": { "type": "Point", "coordinates": [ 135.517624500000011, 34.7037205 ] } },
{ "type": "Feature", "properties": { "内容": "一般財団法人成研会　マイステージ・桜花【特定施設入居者生活介護（有料老人ホーム）】大阪市北区菅栄町5-4", "url": "https://www.kaigokensaku.mhlw.go.jp/27/index.php?action_kouhyou_detail_004_kani=true&JigyosyoCd=2774102616-00&ServiceCd=331&Type=search", "url2": "http://www.mystage-ouka.com/" }, "geometry": { "type": "Point", "coordinates": [ 135.5144692, 34.7091531 ] } },
{ "type": "Feature", "properties": { "内容": "介護付有料老人ホーム　ルーブル中崎【特定施設入居者生活介護（有料老人ホーム）】大阪府大阪市北区中崎1丁目7番14号", "url": "https://www.kaigokensaku.mhlw.go.jp/27/index.php?action_kouhyou_detail_004_kani=true&JigyosyoCd=2774102475-00&ServiceCd=331&Type=search", "url2": "https://kk-libre.co.jp/" }, "geometry": { "type": "Point", "coordinates": [ 135.507112299999989, 34.7067994 ] } },
{ "type": "Feature", "properties": { "内容": "ラ・ナシカ　かみいし【特定施設入居者生活介護（有料老人ホーム）】堺市堺区神石市之町１４番１３号", "url": "https://www.kaigokensaku.mhlw.go.jp/27/index.php?action_kouhyou_detail_004_kani=true&JigyosyoCd=2776000214-00&ServiceCd=331&Type=search", "url2": "http://www.cedar-web.com" }, "geometry": { "type": "Point", "coordinates": [ 135.464327499999968, 34.547831 ] } },
{ "type": "Feature", "properties": { "内容": "介護付有料老人ホーム　ゆうあい【特定施設入居者生活介護（有料老人ホーム）】大阪府堺市堺区七道東町179-1", "url": "https://www.kaigokensaku.mhlw.go.jp/27/index.php?action_kouhyou_detail_004_kani=true&JigyosyoCd=2776003580-00&ServiceCd=331&Type=search", "url2": "http://www.yuuai.ne.jp" }, "geometry": { "type": "Point", "coordinates": [ 135.484799400000043, 34.5924798 ] } },
{ "type": "Feature", "properties": { "内容": "介護付き有料老人ホームくみのき苑堺北【特定施設入居者生活介護（有料老人ホーム）】大阪府堺市堺区北田出井町1-5-5くみのき苑堺北", "url": "https://www.kaigokensaku.mhlw.go.jp/27/index.php?action_kouhyou_detail_004_kani=true&JigyosyoCd=2776004216-00&ServiceCd=331&Type=search", "url2": "https://rapport-kuminoki.or.jp/sakai_kita/" }, "geometry": { "type": "Point", "coordinates": [ 135.4877449, 34.5809781 ] } },
{ "type": "Feature", "properties": { "内容": "介護付き有料老人ホームミヨ倶楽部堺【特定施設入居者生活介護（有料老人ホーム）】大阪府堺市堺区宿屋町東1-1-4介護付き有料老人ホームミヨ倶楽部堺", "url": "https://www.kaigokensaku.mhlw.go.jp/27/index.php?action_kouhyou_detail_004_kani=true&JigyosyoCd=2776003598-00&ServiceCd=331&Type=search", "url2": "http://www.miyoclub.jp" }, "geometry": { "type": "Point", "coordinates": [ 135.478965699999947, 34.5833698 ] } },
{ "type": "Feature", "properties": { "内容": "介護付き有料老人ホームクランコート堺【特定施設入居者生活介護（有料老人ホーム）】大阪府堺市堺区海山町1丁7番1号", "url": "https://www.kaigokensaku.mhlw.go.jp/27/index.php?action_kouhyou_detail_004_kani=true&JigyosyoCd=2776004232-00&ServiceCd=331&Type=search", "url2": "https://clan-net.jp/" }, "geometry": { "type": "Point", "coordinates": [ 135.4775258, 34.5886399 ] } },
{ "type": "Feature", "properties": { "内容": "有料老人ホーム　サニーライフ堺三国ヶ丘【特定施設入居者生活介護（有料老人ホーム）】大阪府堺市堺区向陵中町四丁4番22号有料老人ホーム　サニーライフ堺三国ヶ丘", "url": "https://www.kaigokensaku.mhlw.go.jp/27/index.php?action_kouhyou_detail_004_kani=true&JigyosyoCd=2776003572-00&ServiceCd=331&Type=search", "url2": "https://www.sunnylife-group.co.jp/" }, "geometry": { "type": "Point", "coordinates": [ 135.494577126983586, 34.565274087467834 ] } },
{ "type": "Feature", "properties": { "内容": "スーパー・コート堺神石【特定施設入居者生活介護（有料老人ホーム）】大阪府堺市堺区神石市之町7番28号", "url": "https://www.kaigokensaku.mhlw.go.jp/27/index.php?action_kouhyou_detail_004_kani=true&JigyosyoCd=2770109136-00&ServiceCd=331&Type=search", "url2": "https://www.supercourt.jp/osaka/kamiishi.html" }, "geometry": { "type": "Point", "coordinates": [ 135.463240399999989, 34.5492375 ] } },
{ "type": "Feature", "properties": { "内容": "スーパー・コートプライム神石【特定施設入居者生活介護（有料老人ホーム）】大阪府堺市堺区神石市之町１９番２７号", "url": "https://www.kaigokensaku.mhlw.go.jp/27/index.php?action_kouhyou_detail_004_kani=true&JigyosyoCd=2776000461-00&ServiceCd=331&Type=search", "url2": "http://www.supercourt.jp/" }, "geometry": { "type": "Point", "coordinates": [ 135.464741299999986, 34.550028 ] } },
{ "type": "Feature", "properties": { "内容": "スーパー・コート堺白鷺【特定施設入居者生活介護（有料老人ホーム）】大阪府堺市中区新家町531-1", "url": "https://www.kaigokensaku.mhlw.go.jp/27/index.php?action_kouhyou_detail_004_kani=true&JigyosyoCd=2776103141-00&ServiceCd=331&Type=search", "url2": "http://www.supercourt.jp/" }, "geometry": { "type": "Point", "coordinates": [ 135.51102620000006, 34.5423797 ] } },
{ "type": "Feature", "properties": { "内容": "介護付有料老人ホームたなごころ小阪西【特定施設入居者生活介護（有料老人ホーム）】堺市中区小阪西町5-14", "url": "https://www.kaigokensaku.mhlw.go.jp/27/index.php?action_kouhyou_detail_004_kani=true&JigyosyoCd=2776103216-00&ServiceCd=331&Type=search", "url2": "https://daifuku-osaka.com/" }, "geometry": { "type": "Point", "coordinates": [ 135.4860174202378, 34.517565940940621 ] } },
{ "type": "Feature", "properties": { "内容": "介護付有料老人ホーム　たなごころ毛穴【特定施設入居者生活介護（有料老人ホーム）】大阪府堺市中区毛穴町174番地1", "url": "https://www.kaigokensaku.mhlw.go.jp/27/index.php?action_kouhyou_detail_004_kani=true&JigyosyoCd=2776103208-00&ServiceCd=331&Type=search", "url2": "https://daifuku-osaka.com/" }, "geometry": { "type": "Point", "coordinates": [ 135.4716105, 34.5274543 ] } },
{ "type": "Feature", "properties": { "内容": "介護付き住宅みのり堺【特定施設入居者生活介護（有料老人ホーム）】大阪府堺市中区新家町485-1介護付き住宅みのり堺", "url": "https://www.kaigokensaku.mhlw.go.jp/27/index.php?action_kouhyou_detail_004_kani=true&JigyosyoCd=2776100170-00&ServiceCd=331&Type=search", "url2": "http://orangecoop.jp/" }, "geometry": { "type": "Point", "coordinates": [ 135.510440199999948, 34.5419798 ] } },
{ "type": "Feature", "properties": { "内容": "介護付き有料老人ホームシャローム晴れる家１号館【特定施設入居者生活介護（有料老人ホーム）】堺市中区土塔町２０４４－６０", "url": "https://www.kaigokensaku.mhlw.go.jp/27/index.php?action_kouhyou_detail_004_kani=true&JigyosyoCd=2776103455-00&ServiceCd=331&Type=search", "url2": "http://www.kaigo-shalom.co.jp" }, "geometry": { "type": "Point", "coordinates": [ 135.5049421, 34.5371615 ] } },
{ "type": "Feature", "properties": { "内容": "介護付き有料老人ホーム晴れる家2号館【特定施設入居者生活介護（有料老人ホーム）】大阪府堺市中区平井533-1", "url": "https://www.kaigokensaku.mhlw.go.jp/27/index.php?action_kouhyou_detail_004_kani=true&JigyosyoCd=2776103489-00&ServiceCd=331&Type=search", "url2": "http://www.kaigo-shalom.co.jp" }, "geometry": { "type": "Point", "coordinates": [ 135.4990109, 34.5183836 ] } },
{ "type": "Feature", "properties": { "内容": "ロングライフ上野芝【特定施設入居者生活介護（有料老人ホーム）】大阪府堺市中区深井中町897番地1", "url": "https://www.kaigokensaku.mhlw.go.jp/27/index.php?action_kouhyou_detail_004_kani=true&JigyosyoCd=2776100436-00&ServiceCd=331&Type=search", "url2": "http://www.j-longlife.co.jp/uenoshiba" }, "geometry": { "type": "Point", "coordinates": [ 135.482245599999942, 34.5363968 ] } },
{ "type": "Feature", "properties": { "内容": "有料老人ホーム　フロイデンハイム【特定施設入居者生活介護（有料老人ホーム）】堺市中区伏尾２３０番地フロイデンハイム", "url": "https://www.kaigokensaku.mhlw.go.jp/27/index.php?action_kouhyou_detail_004_kani=true&JigyosyoCd=2770102396-00&ServiceCd=331&Type=search", "url2": "http://www.fukuseikai.org" }, "geometry": { "type": "Point", "coordinates": [ 135.491455080950942, 34.515181549053167 ] } },
{ "type": "Feature", "properties": { "内容": "そんぽの家狭山【特定施設入居者生活介護（有料老人ホーム）】大阪府堺市東区南野田５４８－１", "url": "https://www.kaigokensaku.mhlw.go.jp/27/index.php?action_kouhyou_detail_004_kani=true&JigyosyoCd=2770108344-00&ServiceCd=331&Type=search", "url2": "https://www.sompocare.com/" }, "geometry": { "type": "Point", "coordinates": [ 135.548965100000032, 34.518044 ] } },
{ "type": "Feature", "properties": { "内容": "介護付有料老人ホーム　エコハウスゆらら【特定施設入居者生活介護（有料老人ホーム）】大阪府堺市東区南野田330－1", "url": "https://www.kaigokensaku.mhlw.go.jp/27/index.php?action_kouhyou_detail_004_kani=true&JigyosyoCd=2776201515-00&ServiceCd=331&Type=search", "url2": "https://rapport-kuminoki.or.jp/" }, "geometry": { "type": "Point", "coordinates": [ 135.546535900000038, 34.519447 ] } },
{ "type": "Feature", "properties": { "内容": "そんぽの家　堺浜寺【特定施設入居者生活介護（有料老人ホーム）】大阪府堺市西区浜寺石津町中４丁１番１５号", "url": "https://www.kaigokensaku.mhlw.go.jp/27/index.php?action_kouhyou_detail_004_kani=true&JigyosyoCd=2770107015-00&ServiceCd=331&Type=search", "url2": "http://www.amille.jp/home/home/76" }, "geometry": { "type": "Point", "coordinates": [ 135.454925199999934, 34.5555604 ] } },
{ "type": "Feature", "properties": { "内容": "介護付有料老人ホーム　エテルノ　テレサ　浜寺元町【特定施設入居者生活介護（有料老人ホーム）】堺市西区浜寺元町1丁120番地1", "url": "https://www.kaigokensaku.mhlw.go.jp/27/index.php?action_kouhyou_detail_004_kani=true&JigyosyoCd=2776300168-00&ServiceCd=331&Type=search", "url2": "http://eterno-teresa.jp/" }, "geometry": { "type": "Point", "coordinates": [ 135.454106200000069, 34.5439201 ] } },
{ "type": "Feature", "properties": { "内容": "ベストライフ堺西【特定施設入居者生活介護（有料老人ホーム）】大阪府堺市西区下田町18-7ベストライフ堺西", "url": "https://www.kaigokensaku.mhlw.go.jp/27/index.php?action_kouhyou_detail_004_kani=true&JigyosyoCd=2776303261-00&ServiceCd=331&Type=search", "url2": null }, "geometry": { "type": "Point", "coordinates": [ 135.465886899999987, 34.5438089 ] } },
{ "type": "Feature", "properties": { "内容": "やすらぎの園津久野【特定施設入居者生活介護（有料老人ホーム）】大阪府堺市西区鶴田町１０番７号", "url": "https://www.kaigokensaku.mhlw.go.jp/27/index.php?action_kouhyou_detail_004_kani=true&JigyosyoCd=2770109102-00&ServiceCd=331&Type=search", "url2": "https://www.yasuraginosono.jp/" }, "geometry": { "type": "Point", "coordinates": [ 135.465660899999989, 34.5396404 ] } },
{ "type": "Feature", "properties": { "内容": "介護付有料老人ホーム花咲浜寺【特定施設入居者生活介護（有料老人ホーム）】大阪府堺市西区浜寺石津町中1丁1番1号", "url": "https://www.kaigokensaku.mhlw.go.jp/27/index.php?action_kouhyou_detail_004_kani=true&JigyosyoCd=2776302891-00&ServiceCd=331&Type=search", "url2": "http://www.hanasaki.info" }, "geometry": { "type": "Point", "coordinates": [ 135.459669800000029, 34.5616106 ] } },
{ "type": "Feature", "properties": { "内容": "介護付有料老人ホーム　ルルポ泉ヶ丘【特定施設入居者生活介護（有料老人ホーム）】大阪府堺市南区三原台1-2-3ルルポ泉ヶ丘", "url": "https://www.kaigokensaku.mhlw.go.jp/27/index.php?action_kouhyou_detail_004_kani=true&JigyosyoCd=2776402212-00&ServiceCd=331&Type=search", "url2": "http://www.familycore.jp" }, "geometry": { "type": "Point", "coordinates": [ 135.5172784, 34.4977262 ] } },
{ "type": "Feature", "properties": { "内容": "特定有料老人ホーム　清和苑【特定施設入居者生活介護（有料老人ホーム）】大阪府堺市南区御池台５丁２番６号", "url": "https://www.kaigokensaku.mhlw.go.jp/27/index.php?action_kouhyou_detail_004_kani=true&JigyosyoCd=2770102347-00&ServiceCd=331&Type=search", "url2": "http://www.satsuki.gr.jp" }, "geometry": { "type": "Point", "coordinates": [ 135.505308799999966, 34.4557615 ] } },
{ "type": "Feature", "properties": { "内容": "そんぽの家　泉北【特定施設入居者生活介護（有料老人ホーム）】大阪府堺市南区竹城台３丁２２番４号", "url": "https://www.kaigokensaku.mhlw.go.jp/27/index.php?action_kouhyou_detail_004_kani=true&JigyosyoCd=2770107569-00&ServiceCd=331&Type=search", "url2": "http://www.sompocare.com/service/home/kaigo/H000190" }, "geometry": { "type": "Point", "coordinates": [ 135.497947899999986, 34.490924 ] } },
{ "type": "Feature", "properties": { "内容": "グッドタイムリビングなかもず【特定施設入居者生活介護（有料老人ホーム）】大阪府堺市北区金岡町1423番77", "url": "https://www.kaigokensaku.mhlw.go.jp/27/index.php?action_kouhyou_detail_004_kani=true&JigyosyoCd=2776502763-00&ServiceCd=331&Type=search", "url2": "https://www.gtl-daiwa.co.jp/guesthouse/gtl/nakamozu/" }, "geometry": { "type": "Point", "coordinates": [ 135.512530691796201, 34.552441483241033 ] } },
{ "type": "Feature", "properties": { "内容": "介護付有料老人ホーム　フェリーチェ三国ヶ丘【特定施設入居者生活介護（有料老人ホーム）】大阪府堺市北区東三国ヶ丘町４丁１－２８", "url": "https://www.kaigokensaku.mhlw.go.jp/27/index.php?action_kouhyou_detail_004_kani=true&JigyosyoCd=2776500551-00&ServiceCd=331&Type=search", "url2": "http://www.felice-mikunigaoka.com/" }, "geometry": { "type": "Point", "coordinates": [ 135.5003408, 34.5689601 ] } },
{ "type": "Feature", "properties": { "内容": "ライフハーモニー堺なかもず【特定施設入居者生活介護（有料老人ホーム）】大阪府堺市北区百舌鳥梅町一丁3番地6", "url": "https://www.kaigokensaku.mhlw.go.jp/27/index.php?action_kouhyou_detail_004_kani=true&JigyosyoCd=2776502771-00&ServiceCd=331&Type=search", "url2": "https://www.life-harmony.biz" }, "geometry": { "type": "Point", "coordinates": [ 135.499894700000027, 34.5544888 ] } },
{ "type": "Feature", "properties": { "内容": "ベストライフ堺北【特定施設入居者生活介護（有料老人ホーム）】大阪府堺市北区金岡町3034-21ベストライフ堺北", "url": "https://www.kaigokensaku.mhlw.go.jp/27/index.php?action_kouhyou_detail_004_kani=true&JigyosyoCd=2776503548-00&ServiceCd=331&Type=search", "url2": null }, "geometry": { "type": "Point", "coordinates": [ 135.512858, 34.5575871 ] } },
{ "type": "Feature", "properties": { "内容": "介護付き有料老人ホーム　くみのき苑北長尾【特定施設入居者生活介護（有料老人ホーム）】大阪府堺市北区北長尾町８丁１-25", "url": "https://www.kaigokensaku.mhlw.go.jp/27/index.php?action_kouhyou_detail_004_kani=true&JigyosyoCd=2776503274-00&ServiceCd=331&Type=search", "url2": "https://rapport-kuminoki.or.jp/" }, "geometry": { "type": "Point", "coordinates": [ 135.506741, 34.5748027 ] } },
{ "type": "Feature", "properties": { "内容": "メディカルホームまどか中百舌鳥【特定施設入居者生活介護（有料老人ホーム）】大阪府堺市北区百舌鳥梅町三丁57番21号", "url": "https://www.kaigokensaku.mhlw.go.jp/27/index.php?action_kouhyou_detail_004_kani=true&JigyosyoCd=2770106926-00&ServiceCd=331&Type=search", "url2": "http://www.benesse-style-care.co.jp/" }, "geometry": { "type": "Point", "coordinates": [ 135.498082900000014, 34.5493956 ] } },
{ "type": "Feature", "properties": { "内容": "エコハウス三国ヶ丘【特定施設入居者生活介護（有料老人ホーム）】大阪府堺市北区南長尾町1丁3番13号エコハウス三国ヶ丘", "url": "https://www.kaigokensaku.mhlw.go.jp/27/index.php?action_kouhyou_detail_004_kani=true&JigyosyoCd=2770109011-00&ServiceCd=331&Type=search", "url2": "http://www.rapport-kuminoki.jp/" }, "geometry": { "type": "Point", "coordinates": [ 135.496527300000025, 34.572068 ] } },
{ "type": "Feature", "properties": { "内容": "介護付有料老人ホーム　花りぼん堺北花田【特定施設入居者生活介護（有料老人ホーム）】大阪府堺市北区新堀町1－76－1介護付有料老人ホーム　花りぼん堺北花田", "url": "https://www.kaigokensaku.mhlw.go.jp/27/index.php?action_kouhyou_detail_004_kani=true&JigyosyoCd=2776503092-00&ServiceCd=331&Type=search", "url2": "http://hanaribbon.info/" }, "geometry": { "type": "Point", "coordinates": [ 135.5104638, 34.5777425 ] } },
{ "type": "Feature", "properties": { "内容": "スーパ・ーコート　堺【特定施設入居者生活介護（有料老人ホーム）】大阪府堺市北区百舌鳥赤畑町４丁３４１－１", "url": "https://www.kaigokensaku.mhlw.go.jp/27/index.php?action_kouhyou_detail_004_kani=true&JigyosyoCd=2770108609-00&ServiceCd=331&Type=search", "url2": "http://www.supercourt.jp/" }, "geometry": { "type": "Point", "coordinates": [ 135.493094499999984, 34.5571363 ] } },
{ "type": "Feature", "properties": { "内容": "ベストライフ岸和田【特定施設入居者生活介護（有料老人ホーム）】大阪府岸和田市南上町2-5-28", "url": "https://www.kaigokensaku.mhlw.go.jp/27/index.php?action_kouhyou_detail_004_kani=true&JigyosyoCd=2771107246-00&ServiceCd=331&Type=search", "url2": "https://bestlife.jp" }, "geometry": { "type": "Point", "coordinates": [ 135.3713165, 34.453017300000035 ] } },
{ "type": "Feature", "properties": { "内容": "介護付有料老人ホーム　いなば荘【特定施設入居者生活介護（有料老人ホーム）】大阪府岸和田市稲葉町1066番地", "url": "https://www.kaigokensaku.mhlw.go.jp/27/index.php?action_kouhyou_detail_004_kani=true&JigyosyoCd=2771106511-00&ServiceCd=331&Type=search", "url2": "https://inabasou.com/" }, "geometry": { "type": "Point", "coordinates": [ 135.448261699999989, 34.4321947 ] } },
{ "type": "Feature", "properties": { "内容": "リーブル岸和田【特定施設入居者生活介護（有料老人ホーム）】大阪府岸和田市土生町二丁目29番12号", "url": "https://www.kaigokensaku.mhlw.go.jp/27/index.php?action_kouhyou_detail_004_kani=true&JigyosyoCd=2771106099-00&ServiceCd=331&Type=search", "url2": "https://e-lifepartner.co.jp" }, "geometry": { "type": "Point", "coordinates": [ 135.3819412, 34.450134900000023 ] } },
{ "type": "Feature", "properties": { "内容": "そんぽの家豊中南曽根【特定施設入居者生活介護（有料老人ホーム）】大阪府豊中市曽根南町二丁目１２－２５", "url": "https://www.kaigokensaku.mhlw.go.jp/27/index.php?action_kouhyou_detail_004_kani=true&JigyosyoCd=2774001131-00&ServiceCd=331&Type=search", "url2": "https://www.sompocare.com/" }, "geometry": { "type": "Point", "coordinates": [ 135.462831300000062, 34.7658787 ] } },
{ "type": "Feature", "properties": { "内容": "そんぽの家豊中野田【特定施設入居者生活介護（有料老人ホーム）】大阪府豊中市野田町20番1号", "url": "https://www.kaigokensaku.mhlw.go.jp/27/index.php?action_kouhyou_detail_004_kani=true&JigyosyoCd=2774001859-00&ServiceCd=331&Type=search", "url2": "https://www.sompocare.com/service/home/kaigo/H000143" }, "geometry": { "type": "Point", "coordinates": [ 135.47126794418034, 34.75398669255523 ] } },
{ "type": "Feature", "properties": { "内容": "ＳＯＭＰＯケア　ラヴィーレ豊中【特定施設入居者生活介護（有料老人ホーム）】大阪府豊中市岡町北3丁目5番22号", "url": "https://www.kaigokensaku.mhlw.go.jp/27/index.php?action_kouhyou_detail_004_kani=true&JigyosyoCd=2774001537-00&ServiceCd=331&Type=search", "url2": "https://www.sompocare.com/service/home/kaigo/H000456" }, "geometry": { "type": "Point", "coordinates": [ 135.462639291851048, 34.781664342229583 ] } },
{ "type": "Feature", "properties": { "内容": "医療法人　敬英会【特定施設入居者生活介護（有料老人ホーム）】大阪府豊中市北条町４丁目９番５号介護付有料老人ホーム　幸楽の里服部緑地", "url": "https://www.kaigokensaku.mhlw.go.jp/27/index.php?action_kouhyou_detail_004_kani=true&JigyosyoCd=2774003863-00&ServiceCd=331&Type=search", "url2": "http://www.keieikai.com/" }, "geometry": { "type": "Point", "coordinates": [ 135.487079674868681, 34.767678514171855 ] } },
{ "type": "Feature", "properties": { "内容": "アクティブライフ豊中【特定施設入居者生活介護（有料老人ホーム）】大阪府豊中市北緑丘２－８－７", "url": "https://www.kaigokensaku.mhlw.go.jp/27/index.php?action_kouhyou_detail_004_kani=true&JigyosyoCd=2774003350-00&ServiceCd=331&Type=search", "url2": "https://activelife.co.jp/" }, "geometry": { "type": "Point", "coordinates": [ 135.481456900000012, 34.8171052 ] } },
{ "type": "Feature", "properties": { "内容": "メルシー緑が丘【特定施設入居者生活介護（有料老人ホーム）】大阪府豊中市少路1丁目7番21号", "url": "https://www.kaigokensaku.mhlw.go.jp/27/index.php?action_kouhyou_detail_004_kani=true&JigyosyoCd=2774003046-00&ServiceCd=331&Type=search", "url2": "https://www.merci-life.jp/midori/" }, "geometry": { "type": "Point", "coordinates": [ 135.474104761953924, 34.803973173739394 ] } },
{ "type": "Feature", "properties": { "内容": "介護付有料老人ホーム　クルーヴ豊中・服部【特定施設入居者生活介護（有料老人ホーム）】豊中市服部元町2-7-15", "url": "https://www.kaigokensaku.mhlw.go.jp/27/index.php?action_kouhyou_detail_004_kani=true&JigyosyoCd=2774002626-00&ServiceCd=331&Type=search", "url2": "http://www.cleuve.jp/" }, "geometry": { "type": "Point", "coordinates": [ 135.47424419999993, 34.766687 ] } },
{ "type": "Feature", "properties": { "内容": "ブランシエール千里中央【特定施設入居者生活介護（有料老人ホーム）】豊中市新千里西町２丁目24番18", "url": "https://www.kaigokensaku.mhlw.go.jp/27/index.php?action_kouhyou_detail_004_kani=true&JigyosyoCd=2774004473-00&ServiceCd=331&Type=search", "url2": "http://www.seikatsu-kagaku.co.jp/" }, "geometry": { "type": "Point", "coordinates": [ 135.49033959999997, 34.810482 ] } },
{ "type": "Feature", "properties": { "内容": "そんぽの家　豊中庄本町【特定施設入居者生活介護（有料老人ホーム）】大阪府豊中市庄本町3丁目9番20号", "url": "https://www.kaigokensaku.mhlw.go.jp/27/index.php?action_kouhyou_detail_004_kani=true&JigyosyoCd=2774002014-00&ServiceCd=331&Type=search", "url2": "https://www.sompocare.com/service/home/kaigo/H000151" }, "geometry": { "type": "Point", "coordinates": [ 135.4614656, 34.7398506 ] } },
{ "type": "Feature", "properties": { "内容": "メディカル・リハビリホームくらら豊中【特定施設入居者生活介護（有料老人ホーム）】大阪府豊中市末広町一丁目９番１３号", "url": "https://www.kaigokensaku.mhlw.go.jp/27/index.php?action_kouhyou_detail_004_kani=true&JigyosyoCd=2774001172-00&ServiceCd=331&Type=search", "url2": "http://www.benesse-style-care.co.jp/" }, "geometry": { "type": "Point", "coordinates": [ 135.459700600000019, 34.784632100000017 ] } },
{ "type": "Feature", "properties": { "内容": "ラビアンローズ緑地公園【特定施設入居者生活介護（有料老人ホーム）】大阪府豊中市長興寺北3-1-40", "url": "https://www.kaigokensaku.mhlw.go.jp/27/index.php?action_kouhyou_detail_004_kani=true&JigyosyoCd=2774003996-00&ServiceCd=331&Type=search", "url2": "https://www.j-longlife.co.jp/ryokuchi/" }, "geometry": { "type": "Point", "coordinates": [ 135.478788099999946, 34.7758859 ] } },
{ "type": "Feature", "properties": { "内容": "CharmSuite（チャームスイート）緑地公園【特定施設入居者生活介護（有料老人ホーム）】大阪府豊中市西泉丘三丁目2番21号", "url": "https://www.kaigokensaku.mhlw.go.jp/27/index.php?action_kouhyou_detail_004_kani=true&JigyosyoCd=2774003459-00&ServiceCd=331&Type=search", "url2": "http://www.charmcc.jp/" }, "geometry": { "type": "Point", "coordinates": [ 135.490373200000022, 34.7827852 ] } },
{ "type": "Feature", "properties": { "内容": "メディカル・リハビリホームくらら桃山台【特定施設入居者生活介護（有料老人ホーム）】大阪府豊中市東泉丘一丁目４番２０号", "url": "https://www.kaigokensaku.mhlw.go.jp/27/index.php?action_kouhyou_detail_004_kani=true&JigyosyoCd=2774001602-00&ServiceCd=331&Type=search", "url2": "http://www.benesse-style-care.co.jp/" }, "geometry": { "type": "Point", "coordinates": [ 135.488273400000054, 34.7885316 ] } },
{ "type": "Feature", "properties": { "内容": "アシステッドリビングホーム豊泉家桃山台【特定施設入居者生活介護（有料老人ホーム）】大阪府豊中市上新田3丁目10番36号", "url": "https://www.kaigokensaku.mhlw.go.jp/27/index.php?action_kouhyou_detail_004_kani=true&JigyosyoCd=2774003475-00&ServiceCd=331&Type=search", "url2": "http://www.housenka.com" }, "geometry": { "type": "Point", "coordinates": [ 135.497847500000034, 34.7999028 ] } },
{ "type": "Feature", "properties": { "内容": "サニーライフ　桃山台【特定施設入居者生活介護（有料老人ホーム）】大阪府豊中市東泉丘4-5-55", "url": "https://www.kaigokensaku.mhlw.go.jp/27/index.php?action_kouhyou_detail_004_kani=true&JigyosyoCd=2774010041-00&ServiceCd=331&Type=search", "url2": "http://www.sunnylife-group.co.jp" }, "geometry": { "type": "Point", "coordinates": [ 135.490321900000026, 34.7860801 ] } },
{ "type": "Feature", "properties": { "内容": "パークウェルステイト千里中央ケアレジデンス【特定施設入居者生活介護（有料老人ホーム）】大阪府豊中市北緑丘一丁目７番５号", "url": "https://www.kaigokensaku.mhlw.go.jp/27/index.php?action_kouhyou_detail_004_kani=true&JigyosyoCd=2774010918-00&ServiceCd=331&Type=search", "url2": "https://www.mfrw.co.jp/parkwellstate/senri-chuo/" }, "geometry": { "type": "Point", "coordinates": [ 135.4747231, 34.8185406 ] } },
{ "type": "Feature", "properties": { "内容": "ＳＯＭＰＯケア　ラヴィーレ池田【特定施設入居者生活介護（有料老人ホーム）】大阪府池田市井口堂二丁目9番14号", "url": "https://www.kaigokensaku.mhlw.go.jp/27/index.php?action_kouhyou_detail_004_kani=true&JigyosyoCd=2772500480-00&ServiceCd=331&Type=search", "url2": "https://www.sompocare.com/service/home/kaigo/H000454" }, "geometry": { "type": "Point", "coordinates": [ 135.443860120432845, 34.816054474266139 ] } },
{ "type": "Feature", "properties": { "内容": "メルシーますみ【特定施設入居者生活介護（有料老人ホーム）】大阪府池田市満寿美町8番16号", "url": "https://www.kaigokensaku.mhlw.go.jp/27/index.php?action_kouhyou_detail_004_kani=true&JigyosyoCd=2772501181-00&ServiceCd=331&Type=search", "url2": "http://www.merci-life.jp" }, "geometry": { "type": "Point", "coordinates": [ 135.42672749999997, 34.8174555 ] } },
{ "type": "Feature", "properties": { "内容": "介護付有料老人ホームレリーサポプラ【特定施設入居者生活介護（有料老人ホーム）】大阪府池田市東山町546番介護付有料老人ホームレリーサポプラ", "url": "https://www.kaigokensaku.mhlw.go.jp/27/index.php?action_kouhyou_detail_004_kani=true&JigyosyoCd=2772501421-00&ServiceCd=331&Type=search", "url2": "https://satsuki-kai.com/" }, "geometry": { "type": "Point", "coordinates": [ 135.434906500000011, 34.8483078 ] } },
{ "type": "Feature", "properties": { "内容": "介護付有料老人ホーム　花咲池田21【特定施設入居者生活介護（有料老人ホーム）】大阪府池田市井口堂3丁目7番14号", "url": "https://www.kaigokensaku.mhlw.go.jp/27/index.php?action_kouhyou_detail_004_kani=true&JigyosyoCd=2772501207-00&ServiceCd=331&Type=search", "url2": "http://www.hanasaki.info" }, "geometry": { "type": "Point", "coordinates": [ 135.44841729999996, 34.8138368 ] } },
{ "type": "Feature", "properties": { "内容": "チャーム池田満寿美町【特定施設入居者生活介護（有料老人ホーム）】大阪府池田市満寿美町８番１６号", "url": "https://www.kaigokensaku.mhlw.go.jp/27/index.php?action_kouhyou_detail_004_kani=true&JigyosyoCd=2772502726-00&ServiceCd=331&Type=search", "url2": "https://www.charmcc.jp/home/charm_ikedamasumicho/" }, "geometry": { "type": "Point", "coordinates": [ 135.4267385, 34.8174373 ] } },
{ "type": "Feature", "properties": { "内容": "ベルパージュ千里けやき通り【特定施設入居者生活介護（有料老人ホーム）】大阪府吹田市古江台５丁目３番４号", "url": "https://www.kaigokensaku.mhlw.go.jp/27/index.php?action_kouhyou_detail_004_kani=true&JigyosyoCd=2771602899-00&ServiceCd=331&Type=search", "url2": "http://joylie.alsok.co.jp/" }, "geometry": { "type": "Point", "coordinates": [ 135.514618, 34.8112686 ] } },
{ "type": "Feature", "properties": { "内容": "ケアレジデンス千里山【特定施設入居者生活介護（有料老人ホーム）】大阪府吹田市千里山竹園1-50-22ケアレジデンス千里山", "url": "https://www.kaigokensaku.mhlw.go.jp/27/index.php?action_kouhyou_detail_004_kani=true&JigyosyoCd=2771607286-00&ServiceCd=331&Type=search", "url2": "https://sangajapan.jp" }, "geometry": { "type": "Point", "coordinates": [ 135.4996001, 34.7833426 ] } },
{ "type": "Feature", "properties": { "内容": "グレース・イン　緑地公園【特定施設入居者生活介護（有料老人ホーム）】大阪府吹田市春日1丁目1番18号グレース・イン緑地公園", "url": "https://www.kaigokensaku.mhlw.go.jp/27/index.php?action_kouhyou_detail_004_kani=true&JigyosyoCd=2771607583-00&ServiceCd=331&Type=search", "url2": "https://hinode.or.jp/grace-lp/" }, "geometry": { "type": "Point", "coordinates": [ 135.495614591995974, 34.77882084283884 ] } },
{ "type": "Feature", "properties": { "内容": "介護付有料老人ホーム　プレザンメゾン吹田【特定施設入居者生活介護（有料老人ホーム）】吹田市南金田２丁目４番１６号", "url": "https://www.kaigokensaku.mhlw.go.jp/27/index.php?action_kouhyou_detail_004_kani=true&JigyosyoCd=2771602436-00&ServiceCd=331&Type=search", "url2": "https://www.tanoshii-ie.jp/single060/" }, "geometry": { "type": "Point", "coordinates": [ 135.505602899999985, 34.7537085 ] } },
{ "type": "Feature", "properties": { "内容": "メディカル・リハビリホームくらら吹田【特定施設入居者生活介護（有料老人ホーム）】大阪府吹田市朝日が丘町24番3号", "url": "https://www.kaigokensaku.mhlw.go.jp/27/index.php?action_kouhyou_detail_004_kani=true&JigyosyoCd=2771601339-00&ServiceCd=331&Type=search", "url2": "http://www.benesse-style-care.co.jp/" }, "geometry": { "type": "Point", "coordinates": [ 135.519415, 34.7712763 ] } },
{ "type": "Feature", "properties": { "内容": "ベルパージュ千里古江台【特定施設入居者生活介護（有料老人ホーム）】大阪府吹田市古江台5丁目3-7", "url": "https://www.kaigokensaku.mhlw.go.jp/27/index.php?action_kouhyou_detail_004_kani=true&JigyosyoCd=2771608433-00&ServiceCd=331&Type=search", "url2": "http://joylife.alsok.co.jp/" }, "geometry": { "type": "Point", "coordinates": [ 135.5143119, 34.8120222 ] } },
{ "type": "Feature", "properties": { "内容": "そんぽの家万博公園【特定施設入居者生活介護（有料老人ホーム）】大阪府吹田市山田東三丁目28番11号", "url": "https://www.kaigokensaku.mhlw.go.jp/27/index.php?action_kouhyou_detail_004_kani=true&JigyosyoCd=2771602048-00&ServiceCd=331&Type=search", "url2": "https://www.sompocare.com/service/home/kaigo/H000165" }, "geometry": { "type": "Point", "coordinates": [ 135.529830700000048, 34.802231 ] } },
{ "type": "Feature", "properties": { "内容": "カルム桃山台【特定施設入居者生活介護（有料老人ホーム）】大阪府吹田市春日４丁目１２番２６号", "url": "https://www.kaigokensaku.mhlw.go.jp/27/index.php?action_kouhyou_detail_004_kani=true&JigyosyoCd=2771601370-00&ServiceCd=331&Type=search", "url2": "http://www.calme.jp" }, "geometry": { "type": "Point", "coordinates": [ 135.498489100000029, 34.7854629 ] } },
{ "type": "Feature", "properties": { "内容": "ルナハート千里　丘の街【特定施設入居者生活介護（有料老人ホーム）】大阪府吹田市新芦屋上3番20号", "url": "https://www.kaigokensaku.mhlw.go.jp/27/index.php?action_kouhyou_detail_004_kani=true&JigyosyoCd=2771603962-00&ServiceCd=331&Type=search", "url2": "http://www.luna-heart.com" }, "geometry": { "type": "Point", "coordinates": [ 135.552578700000026, 34.7995674 ] } },
{ "type": "Feature", "properties": { "内容": "ティエラことぶき【特定施設入居者生活介護（有料老人ホーム）】大阪府泉大津市寿町8-16", "url": "https://www.kaigokensaku.mhlw.go.jp/27/index.php?action_kouhyou_detail_004_kani=true&JigyosyoCd=2770601348-00&ServiceCd=331&Type=search", "url2": null }, "geometry": { "type": "Point", "coordinates": [ 135.4187412, 34.5020686 ] } },
{ "type": "Feature", "properties": { "内容": "スーパー・コート高槻【特定施設入居者生活介護（有料老人ホーム）】大阪府高槻市南庄所町14-4", "url": "https://www.kaigokensaku.mhlw.go.jp/27/index.php?action_kouhyou_detail_004_kani=true&JigyosyoCd=2770904197-00&ServiceCd=331&Type=search", "url2": "http://www.supercourt.jp/" }, "geometry": { "type": "Point", "coordinates": [ 135.613211099999944, 34.8365122 ] } },
{ "type": "Feature", "properties": { "内容": "スーパー・コート高槻城内【特定施設入居者生活介護（有料老人ホーム）】大阪府高槻市城内町1-24", "url": "https://www.kaigokensaku.mhlw.go.jp/27/index.php?action_kouhyou_detail_004_kani=true&JigyosyoCd=2770904692-00&ServiceCd=331&Type=search", "url2": "http://www.supercourt.jp/" }, "geometry": { "type": "Point", "coordinates": [ 135.624190499999941, 34.8444921 ] } },
{ "type": "Feature", "properties": { "内容": "みやの楽々園【特定施設入居者生活介護（有料老人ホーム）】大阪府高槻市宮野町7番1号", "url": "https://www.kaigokensaku.mhlw.go.jp/27/index.php?action_kouhyou_detail_004_kani=true&JigyosyoCd=2770902563-00&ServiceCd=331&Type=search", "url2": "https://rakuraku.towakai-med.or.jp" }, "geometry": { "type": "Point", "coordinates": [ 135.635261600000035, 34.8517611 ] } },
{ "type": "Feature", "properties": { "内容": "ロングライフ高槻【特定施設入居者生活介護（有料老人ホーム）】大阪府高槻市南松原町11-6", "url": "https://www.kaigokensaku.mhlw.go.jp/27/index.php?action_kouhyou_detail_004_kani=true&JigyosyoCd=2770903116-00&ServiceCd=331&Type=search", "url2": "http://www.j-longlife.co.jp/takatsuki/" }, "geometry": { "type": "Point", "coordinates": [ 135.629751, 34.8501722 ] } },
{ "type": "Feature", "properties": { "内容": "ラビアンローズ高槻【特定施設入居者生活介護（有料老人ホーム）】大阪府高槻市月見町11-1", "url": "https://www.kaigokensaku.mhlw.go.jp/27/index.php?action_kouhyou_detail_004_kani=true&JigyosyoCd=2770903124-00&ServiceCd=331&Type=search", "url2": "http://www.j-longlife.co.jp/takatsuki_2/" }, "geometry": { "type": "Point", "coordinates": [ 135.6132523, 34.8591961 ] } },
{ "type": "Feature", "properties": { "内容": "有料老人ホーム朋央【特定施設入居者生活介護（有料老人ホーム）】大阪府高槻市城南町2丁目45-10", "url": "https://www.kaigokensaku.mhlw.go.jp/27/index.php?action_kouhyou_detail_004_kani=true&JigyosyoCd=2770904403-00&ServiceCd=331&Type=search", "url2": "http://www.houou.care" }, "geometry": { "type": "Point", "coordinates": [ 135.6219241, 34.8393509 ] } },
{ "type": "Feature", "properties": { "内容": "サンシティ高槻【特定施設入居者生活介護（有料老人ホーム）】大阪府高槻市芝谷町５３－３", "url": "https://www.kaigokensaku.mhlw.go.jp/27/index.php?action_kouhyou_detail_004_kani=true&JigyosyoCd=2770901094-00&ServiceCd=331&Type=search", "url2": "http://www.hcm-suncity.jp" }, "geometry": { "type": "Point", "coordinates": [ 135.608127700000068, 34.8668702 ] } },
{ "type": "Feature", "properties": { "内容": "癒しの高槻館【特定施設入居者生活介護（有料老人ホーム）】大阪府高槻市八丁西町３番１９号", "url": "https://www.kaigokensaku.mhlw.go.jp/27/index.php?action_kouhyou_detail_004_kani=true&JigyosyoCd=2770902415-00&ServiceCd=331&Type=search", "url2": "http://www.riei.co.jp/" }, "geometry": { "type": "Point", "coordinates": [ 135.623648600000024, 34.8537496 ] } },
{ "type": "Feature", "properties": { "内容": "介護付き住宅みのり貝塚【特定施設入居者生活介護（有料老人ホーム）】大阪府貝塚市王子1092番2介護付き住宅みのり貝塚", "url": "https://www.kaigokensaku.mhlw.go.jp/27/index.php?action_kouhyou_detail_004_kani=true&JigyosyoCd=2771300833-00&ServiceCd=331&Type=search", "url2": "http://www.orangecoop.jp/" }, "geometry": { "type": "Point", "coordinates": [ 135.359403499999985, 34.4207608 ] } },
{ "type": "Feature", "properties": { "内容": "そんぽの家　守口南【特定施設入居者生活介護（有料老人ホーム）】大阪府守口市南寺方中通一丁目7番27号", "url": "https://www.kaigokensaku.mhlw.go.jp/27/index.php?action_kouhyou_detail_004_kani=true&JigyosyoCd=2773201542-00&ServiceCd=331&Type=search", "url2": "https://www.sompocare.com/service/home/kaigo/H000211" }, "geometry": { "type": "Point", "coordinates": [ 135.567206599999963, 34.7221497 ] } },
{ "type": "Feature", "properties": { "内容": "けいはん医療生活協同組合【特定施設入居者生活介護（有料老人ホーム）】大阪府守口市菊水通4丁目１１－５けいはん医療生協介護付有料老人ホームさつき", "url": "https://www.kaigokensaku.mhlw.go.jp/27/index.php?action_kouhyou_detail_004_kani=true&JigyosyoCd=2773203100-00&ServiceCd=331&Type=search", "url2": "http://www.keihan-healtcoop.net/" }, "geometry": { "type": "Point", "coordinates": [ 135.5778166, 34.7265077 ] } },
{ "type": "Feature", "properties": { "内容": "一般財団法人　日本老人福祉財団　大阪〈ゆうゆうの里〉【特定施設入居者生活介護（有料老人ホーム）】大阪府守口市河原町10-15", "url": "https://www.kaigokensaku.mhlw.go.jp/27/index.php?action_kouhyou_detail_004_kani=true&JigyosyoCd=2773200429-00&ServiceCd=331&Type=search", "url2": "http://www.yuyunosato.or.jp/place/osaka/index.html" }, "geometry": { "type": "Point", "coordinates": [ 135.5667201, 34.7349678 ] } },
{ "type": "Feature", "properties": { "内容": "介護付有料老人ホーム　ソラスト守口【特定施設入居者生活介護（有料老人ホーム）】大阪府守口市大久保町1丁目18番10号", "url": "https://www.kaigokensaku.mhlw.go.jp/27/index.php?action_kouhyou_detail_004_kani=true&JigyosyoCd=2773204025-00&ServiceCd=331&Type=search", "url2": "https://solasto-kaigo.com/home/area/moriguchi.html" }, "geometry": { "type": "Point", "coordinates": [ 135.594140850926237, 34.75076789903656 ] } },
{ "type": "Feature", "properties": { "内容": "介護付有料老人ホーム　「クルーヴ　なみはや」【特定施設入居者生活介護（有料老人ホーム）】大阪府守口市寺方錦通３丁目６番７号介護付有料老人ホーム　「クルーヴ　なみはや」", "url": "https://www.kaigokensaku.mhlw.go.jp/27/index.php?action_kouhyou_detail_004_kani=true&JigyosyoCd=2773201096-00&ServiceCd=331&Type=search", "url2": "http://www.cleuve.jp" }, "geometry": { "type": "Point", "coordinates": [ 135.579683199999977, 34.7223859 ] } },
{ "type": "Feature", "properties": { "内容": "有料老人ホーム鶴見緑地【特定施設入居者生活介護（有料老人ホーム）】大阪府守口市南寺方東通一丁目1番31号", "url": "https://www.kaigokensaku.mhlw.go.jp/27/index.php?action_kouhyou_detail_004_kani=true&JigyosyoCd=2773203134-00&ServiceCd=331&Type=search", "url2": "http://www.seisuikai.net/" }, "geometry": { "type": "Point", "coordinates": [ 135.5704786, 34.7189778 ] } },
{ "type": "Feature", "properties": { "内容": "寺方介護付有料老人ホームラガール【特定施設入居者生活介護（有料老人ホーム）】大阪府守口市寺方本通一丁目5番1号", "url": "https://www.kaigokensaku.mhlw.go.jp/27/index.php?action_kouhyou_detail_004_kani=true&JigyosyoCd=2773205022-00&ServiceCd=331&Type=search", "url2": "http://koudoukai.or.jp/terakata-sakojyu/" }, "geometry": { "type": "Point", "coordinates": [ 135.5737631, 34.7249715 ] } },
{ "type": "Feature", "properties": { "内容": "グリーンライフ守口【特定施設入居者生活介護（有料老人ホーム）】大阪府守口市佐太中町六丁目１７番３４号", "url": "https://www.kaigokensaku.mhlw.go.jp/27/index.php?action_kouhyou_detail_004_kani=true&JigyosyoCd=2773201971-00&ServiceCd=331&Type=search", "url2": "http://www.greenlife-inc.co.jp" }, "geometry": { "type": "Point", "coordinates": [ 135.589681199999973, 34.7608592 ] } },
{ "type": "Feature", "properties": { "内容": "介護付有料老人ホーム友隣園【特定施設入居者生活介護（有料老人ホーム）】大阪府枚方市伊加賀東町2-17", "url": "https://www.kaigokensaku.mhlw.go.jp/27/index.php?action_kouhyou_detail_004_kani=true&JigyosyoCd=2772406357-00&ServiceCd=331&Type=search", "url2": "http://www.kyouritu.or.jp//" }, "geometry": { "type": "Point", "coordinates": [ 135.639285313491882, 34.809775434062459 ] } },
{ "type": "Feature", "properties": { "内容": "ハーモニーハウスくずは【特定施設入居者生活介護（有料老人ホーム）】大阪府枚方市町楠葉１丁目１８番４０号", "url": "https://www.kaigokensaku.mhlw.go.jp/27/index.php?action_kouhyou_detail_004_kani=true&JigyosyoCd=2772406076-00&ServiceCd=331&Type=search", "url2": "http://www.h-ikkou.co.jp" }, "geometry": { "type": "Point", "coordinates": [ 135.677913100000069, 34.8639077 ] } },
{ "type": "Feature", "properties": { "内容": "メディカルホームグランダ香里園【特定施設入居者生活介護（有料老人ホーム）】大阪府枚方市香里園山之手町３４番１号", "url": "https://www.kaigokensaku.mhlw.go.jp/27/index.php?action_kouhyou_detail_004_kani=true&JigyosyoCd=2772405276-00&ServiceCd=331&Type=search", "url2": "http://www.benesse-style-care.co.jp/" }, "geometry": { "type": "Point", "coordinates": [ 135.636484699999983, 34.7908233 ] } },
{ "type": "Feature", "properties": { "内容": "有料老人ホーム　ふる郷【特定施設入居者生活介護（有料老人ホーム）】大阪府枚方市印田町13番5号", "url": "https://www.kaigokensaku.mhlw.go.jp/27/index.php?action_kouhyou_detail_004_kani=true&JigyosyoCd=2772401762-00&ServiceCd=331&Type=search", "url2": "http://sakano.or.jp" }, "geometry": { "type": "Point", "coordinates": [ 135.664876899999967, 34.8048524 ] } },
{ "type": "Feature", "properties": { "内容": "有料老人ホームフィオーレ美杉【特定施設入居者生活介護（有料老人ホーム）】枚方市西招提町1255番地", "url": "https://www.kaigokensaku.mhlw.go.jp/27/index.php?action_kouhyou_detail_004_kani=true&JigyosyoCd=2772405284-00&ServiceCd=331&Type=search", "url2": "http://www.misugikai.jp" }, "geometry": { "type": "Point", "coordinates": [ 135.681138199999964, 34.8449096 ] } },
{ "type": "Feature", "properties": { "内容": "有料老人ホーム美華【特定施設入居者生活介護（有料老人ホーム）】枚方市招提北町二丁目３４番１号", "url": "https://www.kaigokensaku.mhlw.go.jp/27/index.php?action_kouhyou_detail_004_kani=true&JigyosyoCd=2772403727-00&ServiceCd=331&Type=search", "url2": "http://www.misugikai.jp" }, "geometry": { "type": "Point", "coordinates": [ 135.689029, 34.845345800000018 ] } },
{ "type": "Feature", "properties": { "内容": "有料老人ホームまきの美郷【特定施設入居者生活介護（有料老人ホーム）】大阪府枚方市牧野北町11-15", "url": "https://www.kaigokensaku.mhlw.go.jp/27/index.php?action_kouhyou_detail_004_kani=true&JigyosyoCd=2772405714-00&ServiceCd=331&Type=search", "url2": "http://www.misugikai.jp/" }, "geometry": { "type": "Point", "coordinates": [ 135.662350388885443, 34.84899600679676 ] } },
{ "type": "Feature", "properties": { "内容": "介護付有料老人ホームはなまる香里園【特定施設入居者生活介護（有料老人ホーム）】大阪府枚方市香里園山之手町23‐30", "url": "https://www.kaigokensaku.mhlw.go.jp/27/index.php?action_kouhyou_detail_004_kani=true&JigyosyoCd=2772408551-00&ServiceCd=331&Type=search", "url2": "http://hanamaru-day.com/" }, "geometry": { "type": "Point", "coordinates": [ 135.6344626, 34.792287 ] } },
{ "type": "Feature", "properties": { "内容": "介護付有料老人ホームはなまる招提【特定施設入居者生活介護（有料老人ホーム）】大阪府枚方市招提東町２番10-1", "url": "https://www.kaigokensaku.mhlw.go.jp/27/index.php?action_kouhyou_detail_004_kani=true&JigyosyoCd=2772408387-00&ServiceCd=331&Type=search", "url2": "http://www.hanamaru-day.com" }, "geometry": { "type": "Point", "coordinates": [ 135.687544500000058, 34.8339191 ] } },
{ "type": "Feature", "properties": { "内容": "そんぽの家　枚方西【特定施設入居者生活介護（有料老人ホーム）】大阪府枚方市出口1-5-50", "url": "https://www.kaigokensaku.mhlw.go.jp/27/index.php?action_kouhyou_detail_004_kani=true&JigyosyoCd=2772408619-00&ServiceCd=331&Type=search", "url2": "http://www.sompocare.com/service/home/kaigo/H" }, "geometry": { "type": "Point", "coordinates": [ 135.626896100000067, 34.8049577 ] } },
{ "type": "Feature", "properties": { "内容": "介護付有料老人ホームあおい【特定施設入居者生活介護（有料老人ホーム）】大阪府枚方市尊延寺６丁目２６番１０号", "url": "https://www.kaigokensaku.mhlw.go.jp/27/index.php?action_kouhyou_detail_004_kani=true&JigyosyoCd=2772402497-00&ServiceCd=331&Type=search", "url2": "http://www.items.co.jp" }, "geometry": { "type": "Point", "coordinates": [ 135.731836599999951, 34.8011684 ] } },
{ "type": "Feature", "properties": { "内容": "さわやか枚方館【特定施設入居者生活介護（有料老人ホーム）】大阪府枚方市招提大谷2丁目21-7さわやか枚方館", "url": "https://www.kaigokensaku.mhlw.go.jp/27/index.php?action_kouhyou_detail_004_kani=true&JigyosyoCd=2772406035-00&ServiceCd=331&Type=search", "url2": "http://hirakatakan.sawayakaclub.jp/" }, "geometry": { "type": "Point", "coordinates": [ 135.696824500000048, 34.8325001 ] } },
{ "type": "Feature", "properties": { "内容": "Charm（チャーム）枚方山之上【特定施設入居者生活介護（有料老人ホーム）】大阪府枚方市山之上東町11番8号", "url": "https://www.kaigokensaku.mhlw.go.jp/27/index.php?action_kouhyou_detail_004_kani=true&JigyosyoCd=2772404063-00&ServiceCd=331&Type=search", "url2": "http://www.charmcc.jp/" }, "geometry": { "type": "Point", "coordinates": [ 135.656708200000025, 34.8023997 ] } },
{ "type": "Feature", "properties": { "内容": "エイジフリー・ライフ星が丘【特定施設入居者生活介護（有料老人ホーム）】大阪府枚方市印田町9番60号", "url": "https://www.kaigokensaku.mhlw.go.jp/27/index.php?action_kouhyou_detail_004_kani=true&JigyosyoCd=2772404857-00&ServiceCd=331&Type=search", "url2": "http://panasonic.co.jp/ls/paf/" }, "geometry": { "type": "Point", "coordinates": [ 135.663313099999982, 34.8040941 ] } },
{ "type": "Feature", "properties": { "内容": "ローズライフくずは【特定施設入居者生活介護（有料老人ホーム）】大阪府枚方市楠葉朝日1丁目2番5号", "url": "https://www.kaigokensaku.mhlw.go.jp/27/index.php?action_kouhyou_detail_004_kani=true&JigyosyoCd=2772403289-00&ServiceCd=331&Type=search", "url2": "https://joylife.alsok.co.jp" }, "geometry": { "type": "Point", "coordinates": [ 135.68454870000005, 34.8555364 ] } },
{ "type": "Feature", "properties": { "内容": "ベストライフ南茨木【特定施設入居者生活介護（有料老人ホーム）】大阪府茨木市天王2-3-20", "url": "https://www.kaigokensaku.mhlw.go.jp/27/index.php?action_kouhyou_detail_004_kani=true&JigyosyoCd=2774206201-00&ServiceCd=331&Type=search", "url2": null }, "geometry": { "type": "Point", "coordinates": [ 135.5629419, 34.802311 ] } },
{ "type": "Feature", "properties": { "内容": "そんぽの家　茨木島【特定施設入居者生活介護（有料老人ホーム）】大阪府茨木市島四丁目8番8号", "url": "https://www.kaigokensaku.mhlw.go.jp/27/index.php?action_kouhyou_detail_004_kani=true&JigyosyoCd=2774202259-00&ServiceCd=331&Type=search", "url2": "https://www.sompocare.com/" }, "geometry": { "type": "Point", "coordinates": [ 135.572440799999981, 34.7898774 ] } },
{ "type": "Feature", "properties": { "内容": "そんぽの家　茨木東奈良【特定施設入居者生活介護（有料老人ホーム）】大阪府茨木市東奈良三丁目8番13号", "url": "https://www.kaigokensaku.mhlw.go.jp/27/index.php?action_kouhyou_detail_004_kani=true&JigyosyoCd=2774201335-00&ServiceCd=331&Type=search", "url2": "http://www.sompocare.com/" }, "geometry": { "type": "Point", "coordinates": [ 135.567616199999947, 34.8043728 ] } },
{ "type": "Feature", "properties": { "内容": "カリエール茨木【特定施設入居者生活介護（有料老人ホーム）】大阪府茨木市東太田4丁目6番16号介護付有料老人ホーム　カリエール茨木", "url": "https://www.kaigokensaku.mhlw.go.jp/27/index.php?action_kouhyou_detail_004_kani=true&JigyosyoCd=2774202796-00&ServiceCd=331&Type=search", "url2": "http://www.greenlife-inc.co.jp/facility/carriere_ibaraki/" }, "geometry": { "type": "Point", "coordinates": [ 135.583217206745843, 34.841744141364913 ] } },
{ "type": "Feature", "properties": { "内容": "介護付有料老人ホーム　プレザンメゾン茨木【特定施設入居者生活介護（有料老人ホーム）】大阪府茨木市水尾1丁目14番5号プレザンメゾン茨木", "url": "https://www.kaigokensaku.mhlw.go.jp/27/index.php?action_kouhyou_detail_004_kani=true&JigyosyoCd=2774202234-00&ServiceCd=331&Type=search", "url2": "http://www.care21.co.jp/" }, "geometry": { "type": "Point", "coordinates": [ 135.57596250000006, 34.8092171 ] } },
{ "type": "Feature", "properties": { "内容": "まどか茨木【特定施設入居者生活介護（有料老人ホーム）】大阪府茨木市寺田町5番14号", "url": "https://www.kaigokensaku.mhlw.go.jp/27/index.php?action_kouhyou_detail_004_kani=true&JigyosyoCd=2774202309-00&ServiceCd=331&Type=search", "url2": "http://www.benesse-style-care.co.jp/" }, "geometry": { "type": "Point", "coordinates": [ 135.5865169, 34.8175139 ] } },
{ "type": "Feature", "properties": { "内容": "メディカルホームボンセジュール茨木万博公園【特定施設入居者生活介護（有料老人ホーム）】大阪府茨木市西豊川町25番2号", "url": "https://www.kaigokensaku.mhlw.go.jp/27/index.php?action_kouhyou_detail_004_kani=true&JigyosyoCd=2774203554-00&ServiceCd=331&Type=search", "url2": "http://www.benesse-style-care.co.jp/" }, "geometry": { "type": "Point", "coordinates": [ 135.527385800000047, 34.8285002 ] } },
{ "type": "Feature", "properties": { "内容": "ピア茨木【特定施設入居者生活介護（有料老人ホーム）】大阪府茨木市宿川原町20番26号ピア茨木", "url": "https://www.kaigokensaku.mhlw.go.jp/27/index.php?action_kouhyou_detail_004_kani=true&JigyosyoCd=2774206300-00&ServiceCd=331&Type=search", "url2": "http://renge.org" }, "geometry": { "type": "Point", "coordinates": [ 135.5401876, 34.8332325 ] } },
{ "type": "Feature", "properties": { "内容": "スーパー・コート茨木彩都【特定施設入居者生活介護（有料老人ホーム）】大阪府茨木市彩都やまぶき2丁目5-36", "url": "https://www.kaigokensaku.mhlw.go.jp/27/index.php?action_kouhyou_detail_004_kani=true&JigyosyoCd=2774206219-00&ServiceCd=331&Type=search", "url2": "https://www.supercourt.jp" }, "geometry": { "type": "Point", "coordinates": [ 135.5214009, 34.857825 ] } },
{ "type": "Feature", "properties": { "内容": "スーパー・コート茨木さくら通り【特定施設入居者生活介護（有料老人ホーム）】大阪府茨木市沢良宜東19-36", "url": "https://www.kaigokensaku.mhlw.go.jp/27/index.php?action_kouhyou_detail_004_kani=true&JigyosyoCd=2774206227-00&ServiceCd=331&Type=search", "url2": "https://www.supercourt.jp" }, "geometry": { "type": "Point", "coordinates": [ 135.569542, 34.7967462 ] } },
{ "type": "Feature", "properties": { "内容": "チャーム南いばらき【特定施設入居者生活介護（有料老人ホーム）】大阪府茨木市東奈良3-16-16", "url": "https://www.kaigokensaku.mhlw.go.jp/27/index.php?action_kouhyou_detail_004_kani=true&JigyosyoCd=2774202119-00&ServiceCd=331&Type=search", "url2": null }, "geometry": { "type": "Point", "coordinates": [ 135.567541299999988, 34.8012427 ] } },
{ "type": "Feature", "properties": { "内容": "サラサ八尾【特定施設入居者生活介護（有料老人ホーム）】大阪府八尾市上之島町南4丁目41－2", "url": "https://www.kaigokensaku.mhlw.go.jp/27/index.php?action_kouhyou_detail_004_kani=true&JigyosyoCd=2775502053-00&ServiceCd=331&Type=search", "url2": "http://www.sarasso.jp/yao/" }, "geometry": { "type": "Point", "coordinates": [ 135.6245179, 34.634152 ] } },
{ "type": "Feature", "properties": { "内容": "八尾みとうの里【特定施設入居者生活介護（有料老人ホーム）】大阪府八尾市田井中1丁目233番2号八尾みとうの里", "url": "https://www.kaigokensaku.mhlw.go.jp/27/index.php?action_kouhyou_detail_004_kani=true&JigyosyoCd=2775506146-00&ServiceCd=331&Type=search", "url2": "http://mitouph.com" }, "geometry": { "type": "Point", "coordinates": [ 135.601275200000032, 34.6016693 ] } },
{ "type": "Feature", "properties": { "内容": "介護付き有料老人ホーム　クランコート八尾弐番館【特定施設入居者生活介護（有料老人ホーム）】大阪府八尾市沼1-114", "url": "https://www.kaigokensaku.mhlw.go.jp/27/index.php?action_kouhyou_detail_004_kani=true&JigyosyoCd=2775507474-00&ServiceCd=331&Type=search", "url2": null }, "geometry": { "type": "Point", "coordinates": [ 135.599217784655764, 34.587255459309603 ] } },
{ "type": "Feature", "properties": { "内容": "ソルケア　八尾中田【特定施設入居者生活介護（有料老人ホーム）】大阪府八尾市中田二丁目43番2", "url": "https://www.kaigokensaku.mhlw.go.jp/27/index.php?action_kouhyou_detail_004_kani=true&JigyosyoCd=2775501881-00&ServiceCd=331&Type=search", "url2": null }, "geometry": { "type": "Point", "coordinates": [ 135.619645100000071, 34.6191206 ] } },
{ "type": "Feature", "properties": { "内容": "有料老人ホームさとやま【特定施設入居者生活介護（有料老人ホーム）】大阪府八尾市安中町9丁目1番12号", "url": "https://www.kaigokensaku.mhlw.go.jp/27/index.php?action_kouhyou_detail_004_kani=true&JigyosyoCd=2775502954-00&ServiceCd=331&Type=search", "url2": "http://www.ishinfukushikai.or.jp/index.html" }, "geometry": { "type": "Point", "coordinates": [ 135.602291499999978, 34.614909400000023 ] } },
{ "type": "Feature", "properties": { "内容": "寿樹苑【特定施設入居者生活介護（有料老人ホーム）】大阪府八尾市曙川東八丁目１２０番地の１寿樹苑", "url": "https://www.kaigokensaku.mhlw.go.jp/27/index.php?action_kouhyou_detail_004_kani=true&JigyosyoCd=2775505817-00&ServiceCd=331&Type=search", "url2": "http://jyujyuen.com/" }, "geometry": { "type": "Point", "coordinates": [ 135.622432, 34.6018491 ] } },
{ "type": "Feature", "properties": { "内容": "クランコート八尾上尾町【特定施設入居者生活介護（有料老人ホーム）】大阪府八尾市上尾町1-21-1", "url": "https://www.kaigokensaku.mhlw.go.jp/27/index.php?action_kouhyou_detail_004_kani=true&JigyosyoCd=2775508001-00&ServiceCd=331&Type=search", "url2": "http://clan-net.jp/" }, "geometry": { "type": "Point", "coordinates": [ 135.6293546, 34.6347288 ] } },
{ "type": "Feature", "properties": { "内容": "介護付有料老人ホーム花咲【特定施設入居者生活介護（有料老人ホーム）】大阪府八尾市北本町２丁目１０番５０号", "url": "https://www.kaigokensaku.mhlw.go.jp/27/index.php?action_kouhyou_detail_004_kani=true&JigyosyoCd=2775502384-00&ServiceCd=331&Type=search", "url2": "http://www.hanasaki.info" }, "geometry": { "type": "Point", "coordinates": [ 135.603282700000022, 34.6334211 ] } },
{ "type": "Feature", "properties": { "内容": "ビハーラ・ワタナベ【特定施設入居者生活介護（有料老人ホーム）】大阪府八尾市大字大窪１１３２番地の２", "url": "https://www.kaigokensaku.mhlw.go.jp/27/index.php?action_kouhyou_detail_004_kani=true&JigyosyoCd=2775502830-00&ServiceCd=331&Type=search", "url2": "http://vihara-w.com/" }, "geometry": { "type": "Point", "coordinates": [ 135.63533259999997, 34.6298526 ] } },
{ "type": "Feature", "properties": { "内容": "介護付有料老人ホーム　エナジー青山【特定施設入居者生活介護（有料老人ホーム）】大阪府八尾市青山町3丁目1-12", "url": "https://www.kaigokensaku.mhlw.go.jp/27/index.php?action_kouhyou_detail_004_kani=true&JigyosyoCd=2775505999-00&ServiceCd=331&Type=search", "url2": "http://www.energy-aoyama.jp" }, "geometry": { "type": "Point", "coordinates": [ 135.612779, 34.6241161 ] } },
{ "type": "Feature", "properties": { "内容": "有料老人ホーム・ラポート【特定施設入居者生活介護（有料老人ホーム）】大阪府泉佐野市長滝3735番地1", "url": "https://www.kaigokensaku.mhlw.go.jp/27/index.php?action_kouhyou_detail_004_kani=true&JigyosyoCd=2774501189-00&ServiceCd=331&Type=search", "url2": "http://www.tomoekai.or.jp" }, "geometry": { "type": "Point", "coordinates": [ 135.317178532788148, 34.39545423710301 ] } },
{ "type": "Feature", "properties": { "内容": "カルム泉佐野【特定施設入居者生活介護（有料老人ホーム）】大阪府泉佐野市羽倉崎上町３丁目３番４１号", "url": "https://www.kaigokensaku.mhlw.go.jp/27/index.php?action_kouhyou_detail_004_kani=true&JigyosyoCd=2774501130-00&ServiceCd=331&Type=search", "url2": "http://calmekaigo.jp/izumisano/" }, "geometry": { "type": "Point", "coordinates": [ 135.299439332540942, 34.397446284727607 ] } },
{ "type": "Feature", "properties": { "内容": "リヤンド（絆）・泉佐野【特定施設入居者生活介護（有料老人ホーム）】大阪府泉佐野市泉ケ丘2-4-10", "url": "https://www.kaigokensaku.mhlw.go.jp/27/index.php?action_kouhyou_detail_004_kani=true&JigyosyoCd=2774504084-00&ServiceCd=331&Type=search", "url2": "https://liende-kizuna.jp/" }, "geometry": { "type": "Point", "coordinates": [ 135.35366917195924, 34.407745858174074 ] } },
{ "type": "Feature", "properties": { "内容": "グランド泉佐野【特定施設入居者生活介護（有料老人ホーム）】大阪府泉佐野市泉ヶ丘二丁目4番10号", "url": "https://www.kaigokensaku.mhlw.go.jp/27/index.php?action_kouhyou_detail_004_kani=true&JigyosyoCd=2774504241-00&ServiceCd=331&Type=search", "url2": null }, "geometry": { "type": "Point", "coordinates": [ 135.353686399999987, 34.4077541 ] } },
{ "type": "Feature", "properties": { "内容": "介護付き有料老人ホーム　クランコート寝屋川【特定施設入居者生活介護（有料老人ホーム）】大阪府寝屋川市点野5-25-12クランコート寝屋川", "url": "https://www.kaigokensaku.mhlw.go.jp/27/index.php?action_kouhyou_detail_004_kani=true&JigyosyoCd=2770306468-00&ServiceCd=331&Type=search", "url2": "http://clan-net.jp/" }, "geometry": { "type": "Point", "coordinates": [ 135.6015596, 34.7725535 ] } },
{ "type": "Feature", "properties": { "内容": "介護付有料老人ホーム　プレザンメゾン寝屋川【特定施設入居者生活介護（有料老人ホーム）】大阪府寝屋川市池田3丁目9番5号", "url": "https://www.kaigokensaku.mhlw.go.jp/27/index.php?action_kouhyou_detail_004_kani=true&JigyosyoCd=2770302129-00&ServiceCd=331&Type=search", "url2": "https://www.tanoshii-ie.jp/single065/" }, "geometry": { "type": "Point", "coordinates": [ 135.615409, 34.7755554 ] } },
{ "type": "Feature", "properties": { "内容": "カルデアの家　寝屋川【特定施設入居者生活介護（有料老人ホーム）】寝屋川市打上中町7番21号", "url": "https://www.kaigokensaku.mhlw.go.jp/27/index.php?action_kouhyou_detail_004_kani=true&JigyosyoCd=2770303259-00&ServiceCd=331&Type=search", "url2": "http://chaldea-home.com/neyagawa/" }, "geometry": { "type": "Point", "coordinates": [ 135.656533500000023, 34.7595576 ] } },
{ "type": "Feature", "properties": { "内容": "介護付有料老人ホーム　ぽぷら【特定施設入居者生活介護（有料老人ホーム）】大阪府寝屋川市三井が丘１丁目１３番１号", "url": "https://www.kaigokensaku.mhlw.go.jp/27/index.php?action_kouhyou_detail_004_kani=true&JigyosyoCd=2770302020-00&ServiceCd=331&Type=search", "url2": "http://www.popura.jp" }, "geometry": { "type": "Point", "coordinates": [ 135.643553800000063, 34.7756029 ] } },
{ "type": "Feature", "properties": { "内容": "ソレイユねやがわ【特定施設入居者生活介護（有料老人ホーム）】大阪府寝屋川市高柳1丁目12番30号", "url": "https://www.kaigokensaku.mhlw.go.jp/27/index.php?action_kouhyou_detail_004_kani=true&JigyosyoCd=2770301626-00&ServiceCd=331&Type=search", "url2": "https://www.mediplan.jp" }, "geometry": { "type": "Point", "coordinates": [ 135.6114986, 34.7624736 ] } },
{ "type": "Feature", "properties": { "内容": "れんげハイツ黒原【特定施設入居者生活介護（有料老人ホーム）】大阪府寝屋川市黒原橘町19番26号れんげハイツ黒原", "url": "https://www.kaigokensaku.mhlw.go.jp/27/index.php?action_kouhyou_detail_004_kani=true&JigyosyoCd=2770306658-00&ServiceCd=331&Type=search", "url2": "http://renge.org" }, "geometry": { "type": "Point", "coordinates": [ 135.6007477, 34.7566124 ] } },
{ "type": "Feature", "properties": { "内容": "れんげハイツ東寝屋川【特定施設入居者生活介護（有料老人ホーム）】大阪府寝屋川市明和1-13-6れんげハイツ東寝屋川", "url": "https://www.kaigokensaku.mhlw.go.jp/27/index.php?action_kouhyou_detail_004_kani=true&JigyosyoCd=2770306641-00&ServiceCd=331&Type=search", "url2": null }, "geometry": { "type": "Point", "coordinates": [ 135.643581399999988, 34.7525781 ] } },
{ "type": "Feature", "properties": { "内容": "そんぽの家寝屋川寿町【特定施設入居者生活介護（有料老人ホーム）】大阪府寝屋川市寿町５３番８号", "url": "https://www.kaigokensaku.mhlw.go.jp/27/index.php?action_kouhyou_detail_004_kani=true&JigyosyoCd=2770301352-00&ServiceCd=331&Type=search", "url2": "http://www.sompocare-message.jp/" }, "geometry": { "type": "Point", "coordinates": [ 135.626468899999963, 34.7831575 ] } },
{ "type": "Feature", "properties": { "内容": "そんぽの家星田【特定施設入居者生活介護（有料老人ホーム）】大阪府寝屋川市大谷町９番３号", "url": "https://www.kaigokensaku.mhlw.go.jp/27/index.php?action_kouhyou_detail_004_kani=true&JigyosyoCd=2770301261-00&ServiceCd=331&Type=search", "url2": "https://www.sompocare.com" }, "geometry": { "type": "Point", "coordinates": [ 135.66017480000005, 34.7633711 ] } },
{ "type": "Feature", "properties": { "内容": "エイジフリー・ライフ香里園【特定施設入居者生活介護（有料老人ホーム）】大阪府寝屋川市香里西之町２２番7号エイジフリー・ライフ香里園", "url": "https://www.kaigokensaku.mhlw.go.jp/27/index.php?action_kouhyou_detail_004_kani=true&JigyosyoCd=2770304356-00&ServiceCd=331&Type=search", "url2": "https://sumai.panasonic.jp/agefree/" }, "geometry": { "type": "Point", "coordinates": [ 135.6256105, 34.790028899999989 ] } },
{ "type": "Feature", "properties": { "内容": "さくらの杜・千代田【特定施設入居者生活介護（有料老人ホーム）】大阪府河内長野市木戸1丁目33－1", "url": "https://www.kaigokensaku.mhlw.go.jp/27/index.php?action_kouhyou_detail_004_kani=true&JigyosyoCd=2770702385-00&ServiceCd=331&Type=search", "url2": "http://www.healthcare-link.co.jp" }, "geometry": { "type": "Point", "coordinates": [ 135.570707930024696, 34.470771287882883 ] } },
{ "type": "Feature", "properties": { "内容": "コープアイメゾン河内長野【特定施設入居者生活介護（有料老人ホーム）】大阪府河内長野市北青葉台51-46コープアイメゾン河内長野", "url": "https://www.kaigokensaku.mhlw.go.jp/27/index.php?action_kouhyou_detail_004_kani=true&JigyosyoCd=2770701320-00&ServiceCd=331&Type=search", "url2": "http://imaison.izumi.coop/" }, "geometry": { "type": "Point", "coordinates": [ 135.570595200000071, 34.426079700000024 ] } },
{ "type": "Feature", "properties": { "内容": "パームコートまつばら【特定施設入居者生活介護（有料老人ホーム）】大阪府松原市阿保3丁目6番18号", "url": "https://www.kaigokensaku.mhlw.go.jp/27/index.php?action_kouhyou_detail_004_kani=true&JigyosyoCd=2774801100-00&ServiceCd=331&Type=search", "url2": "https://palmcourt-matsubara.com" }, "geometry": { "type": "Point", "coordinates": [ 135.554966499999978, 34.5787651 ] } },
{ "type": "Feature", "properties": { "内容": "松原なごみの里【特定施設入居者生活介護（有料老人ホーム）】大阪府松原市別所７丁目12番26号", "url": "https://www.kaigokensaku.mhlw.go.jp/27/index.php?action_kouhyou_detail_004_kani=true&JigyosyoCd=2774801159-00&ServiceCd=331&Type=search", "url2": "https://daitaka.co.jp/" }, "geometry": { "type": "Point", "coordinates": [ 135.5644083, 34.5898239 ] } },
{ "type": "Feature", "properties": { "内容": "介護付有料老人ホーム　コープアイメゾン松原【特定施設入居者生活介護（有料老人ホーム）】大阪府松原市岡7丁目229番1", "url": "https://www.kaigokensaku.mhlw.go.jp/27/index.php?action_kouhyou_detail_004_kani=true&JigyosyoCd=2774801597-00&ServiceCd=331&Type=search", "url2": "http://imaison.izumi.coop/" }, "geometry": { "type": "Point", "coordinates": [ 135.549185217196623, 34.561783911611315 ] } },
{ "type": "Feature", "properties": { "内容": "そんぽの家　住道【特定施設入居者生活介護（有料老人ホーム）】大阪府大東市御領一丁目7番22号", "url": "https://www.kaigokensaku.mhlw.go.jp/27/index.php?action_kouhyou_detail_004_kani=true&JigyosyoCd=2771900624-00&ServiceCd=331&Type=search", "url2": "https://www.sompocare.com/service/home/kaigo/H000152" }, "geometry": { "type": "Point", "coordinates": [ 135.616315699999973, 34.7188841 ] } },
{ "type": "Feature", "properties": { "内容": "レザミ住道【特定施設入居者生活介護（有料老人ホーム）】大阪府大東市赤井2丁目19-5レザミ住道", "url": "https://www.kaigokensaku.mhlw.go.jp/27/index.php?action_kouhyou_detail_004_kani=true&JigyosyoCd=2771901010-00&ServiceCd=331&Type=search", "url2": "http://www.les-amis.co.jp" }, "geometry": { "type": "Point", "coordinates": [ 135.613605, 34.7063241 ] } },
{ "type": "Feature", "properties": { "内容": "シニアホーム飯盛【特定施設入居者生活介護（有料老人ホーム）】大阪府大東市北条七丁目４番１号和光苑北条ふれあいホーム", "url": "https://www.kaigokensaku.mhlw.go.jp/27/index.php?action_kouhyou_detail_004_kani=true&JigyosyoCd=2771900921-00&ServiceCd=331&Type=search", "url2": "http://www.kyouseikai.org/" }, "geometry": { "type": "Point", "coordinates": [ 135.642180199999984, 34.7221813 ] } },
{ "type": "Feature", "properties": { "内容": "スーパー・コート大東【特定施設入居者生活介護（有料老人ホーム）】大阪府大東市扇町13-1", "url": "https://www.kaigokensaku.mhlw.go.jp/27/index.php?action_kouhyou_detail_004_kani=true&JigyosyoCd=2771901036-00&ServiceCd=331&Type=search", "url2": "http://www.supercourt.jp/" }, "geometry": { "type": "Point", "coordinates": [ 135.620907, 34.7014608 ] } },
{ "type": "Feature", "properties": { "内容": "ツクイ・サンシャイン大東【特定施設入居者生活介護（有料老人ホーム）】大阪府大東市南津の辺町18番11号", "url": "https://www.kaigokensaku.mhlw.go.jp/27/index.php?action_kouhyou_detail_004_kani=true&JigyosyoCd=2771901135-00&ServiceCd=331&Type=search", "url2": "https://www.tsukui.net/sunshine/daito/" }, "geometry": { "type": "Point", "coordinates": [ 135.637122299999987, 34.7206259 ] } },
{ "type": "Feature", "properties": { "内容": "ソルケア大東深野【特定施設入居者生活介護（有料老人ホーム）】大阪府大東市深野北1-15-6", "url": "https://www.kaigokensaku.mhlw.go.jp/27/index.php?action_kouhyou_detail_004_kani=true&JigyosyoCd=2771900608-00&ServiceCd=331&Type=search", "url2": "http://alpha-life.jp" }, "geometry": { "type": "Point", "coordinates": [ 135.6324869, 34.7202262 ] } },
{ "type": "Feature", "properties": { "内容": "ティエラ【特定施設入居者生活介護（有料老人ホーム）】大阪府和泉市肥子町2-4-99", "url": "https://www.kaigokensaku.mhlw.go.jp/27/index.php?action_kouhyou_detail_004_kani=true&JigyosyoCd=2770505341-00&ServiceCd=331&Type=search", "url2": null }, "geometry": { "type": "Point", "coordinates": [ 135.4171915, 34.4871971 ] } },
{ "type": "Feature", "properties": { "内容": "介護付き有料老人ホーム　ミヨ俱楽部　光明池【特定施設入居者生活介護（有料老人ホーム）】大阪府和泉市室堂町1206-24", "url": "https://www.kaigokensaku.mhlw.go.jp/27/index.php?action_kouhyou_detail_004_kani=true&JigyosyoCd=2770505333-00&ServiceCd=331&Type=search", "url2": "http://miyoclub.jp/nissei/nissei_kaigo" }, "geometry": { "type": "Point", "coordinates": [ 135.473479600000019, 34.4626291 ] } },
{ "type": "Feature", "properties": { "内容": "ユトリーム箕面桜ヶ丘【特定施設入居者生活介護（有料老人ホーム）】大阪府箕面市桜ヶ丘3丁目8番36号", "url": "https://www.kaigokensaku.mhlw.go.jp/27/index.php?action_kouhyou_detail_004_kani=true&JigyosyoCd=2771402027-00&ServiceCd=331&Type=search", "url2": "https://joylife.alsok.co.jp/facility/yt_minoosakuragaoka/index.html" }, "geometry": { "type": "Point", "coordinates": [ 135.455876100000069, 34.8238305 ] } },
{ "type": "Feature", "properties": { "内容": "介護付有料老人ホームプレザンメゾン箕面【特定施設入居者生活介護（有料老人ホーム）】箕面市半町3丁目14番10号", "url": "https://www.kaigokensaku.mhlw.go.jp/27/index.php?action_kouhyou_detail_004_kani=true&JigyosyoCd=2771401011-00&ServiceCd=331&Type=search", "url2": "https://www.tanoshii-ie.jp/single059/" }, "geometry": { "type": "Point", "coordinates": [ 135.458719299999984, 34.8138453 ] } },
{ "type": "Feature", "properties": { "内容": "メディカル・リハビリホームくらら箕面小野原【特定施設入居者生活介護（有料老人ホーム）】大阪府箕面市小野原東五丁目25番8号", "url": "https://www.kaigokensaku.mhlw.go.jp/27/index.php?action_kouhyou_detail_004_kani=true&JigyosyoCd=2771400609-00&ServiceCd=331&Type=search", "url2": "http://www.benesse-style-care.co.jp/" }, "geometry": { "type": "Point", "coordinates": [ 135.5179283, 34.827989 ] } },
{ "type": "Feature", "properties": { "内容": "ファンライフ箕面【特定施設入居者生活介護（有料老人ホーム）】箕面市粟生間谷東1-14-8", "url": "https://www.kaigokensaku.mhlw.go.jp/27/index.php?action_kouhyou_detail_004_kani=true&JigyosyoCd=2771401425-00&ServiceCd=331&Type=search", "url2": "http://www.altidea.com/funlife-minoh/index.html" }, "geometry": { "type": "Point", "coordinates": [ 135.516603, 34.8430289 ] } },
{ "type": "Feature", "properties": { "内容": "アクティブライフ箕面【特定施設入居者生活介護（有料老人ホーム）】大阪府箕面市小野原東六丁目２４番３号", "url": "https://www.kaigokensaku.mhlw.go.jp/27/index.php?action_kouhyou_detail_004_kani=true&JigyosyoCd=2771400336-00&ServiceCd=331&Type=search", "url2": "http://www.activelife.co.jp" }, "geometry": { "type": "Point", "coordinates": [ 135.524254, 34.8286491 ] } },
{ "type": "Feature", "properties": { "内容": "そんぽの家箕面【特定施設入居者生活介護（有料老人ホーム）】大阪府箕面市新稲五丁目16番50号", "url": "https://www.kaigokensaku.mhlw.go.jp/27/index.php?action_kouhyou_detail_004_kani=true&JigyosyoCd=2771400815-00&ServiceCd=331&Type=search", "url2": "https://www.sompocare.com/service/home/kaigo/H000170" }, "geometry": { "type": "Point", "coordinates": [ 135.457288299999959, 34.8284602 ] } },
{ "type": "Feature", "properties": { "内容": "オリーブ柏原PLUS【特定施設入居者生活介護（有料老人ホーム）】大阪府柏原市大県一丁目5-36", "url": "https://www.kaigokensaku.mhlw.go.jp/27/index.php?action_kouhyou_detail_004_kani=true&JigyosyoCd=2774602060-00&ServiceCd=331&Type=search", "url2": "http://kashiwara-olive.co.jp" }, "geometry": { "type": "Point", "coordinates": [ 135.625970593254095, 34.588808237586697 ] } },
{ "type": "Feature", "properties": { "内容": "介護付有料老人ホーム　ライフビュー【特定施設入居者生活介護（有料老人ホーム）】大阪府羽曳野市島泉5丁目11番2号", "url": "https://www.kaigokensaku.mhlw.go.jp/27/index.php?action_kouhyou_detail_004_kani=true&JigyosyoCd=2773801242-00&ServiceCd=331&Type=search", "url2": "https://www.life-view.jp" }, "geometry": { "type": "Point", "coordinates": [ 135.580619800000022, 34.5798541 ] } },
{ "type": "Feature", "properties": { "内容": "愛幸苑やすらぎ【特定施設入居者生活介護（有料老人ホーム）】大阪府羽曳野市西浦２丁目１７０６－１", "url": "https://www.kaigokensaku.mhlw.go.jp/27/index.php?action_kouhyou_detail_004_kani=true&JigyosyoCd=2773801234-00&ServiceCd=331&Type=search", "url2": "http://www.aikouenyasuragi.jp" }, "geometry": { "type": "Point", "coordinates": [ 135.606675900000027, 34.5454697 ] } },
{ "type": "Feature", "properties": { "内容": "ライフコート春秋【特定施設入居者生活介護（有料老人ホーム）】大阪府羽曳野市はびきの2丁目8番2号", "url": "https://www.kaigokensaku.mhlw.go.jp/27/index.php?action_kouhyou_detail_004_kani=true&JigyosyoCd=2773801598-00&ServiceCd=331&Type=search", "url2": "http://www.greenlife-inc.co.jp/home/habikino/index.html" }, "geometry": { "type": "Point", "coordinates": [ 135.595163100000036, 34.5483079 ] } },
{ "type": "Feature", "properties": { "内容": "介護付有料老人ホーム　クオレ門真【特定施設入居者生活介護（有料老人ホーム）】門真市南野口町１０－８", "url": "https://www.kaigokensaku.mhlw.go.jp/27/index.php?action_kouhyou_detail_004_kani=true&JigyosyoCd=2772600868-00&ServiceCd=331&Type=search", "url2": "http://www.cuores.com" }, "geometry": { "type": "Point", "coordinates": [ 135.608183, 34.736887600000017 ] } },
{ "type": "Feature", "properties": { "内容": "介護付有料老人ホーム　クルーヴくすのき・萱島【特定施設入居者生活介護（有料老人ホーム）】大阪府門真市上島町46-1", "url": "https://www.kaigokensaku.mhlw.go.jp/27/index.php?action_kouhyou_detail_004_kani=true&JigyosyoCd=2772603276-00&ServiceCd=331&Type=search", "url2": "http://www.cleuve.jp" }, "geometry": { "type": "Point", "coordinates": [ 135.6106436, 34.7465949 ] } },
{ "type": "Feature", "properties": { "内容": "エイジフリー・ライフなみはや【特定施設入居者生活介護（有料老人ホーム）】大阪府門真市常称寺町10-1", "url": "https://www.kaigokensaku.mhlw.go.jp/27/index.php?action_kouhyou_detail_004_kani=true&JigyosyoCd=2772601973-00&ServiceCd=331&Type=search", "url2": "https://panasonic.co.jp/paf/" }, "geometry": { "type": "Point", "coordinates": [ 135.599657613491786, 34.744937096958203 ] } },
{ "type": "Feature", "properties": { "内容": "介護付有料老人ホームファミリーコア【特定施設入居者生活介護（有料老人ホーム）】大阪府高石市西取石1丁目27番5号", "url": "https://www.kaigokensaku.mhlw.go.jp/27/index.php?action_kouhyou_detail_004_kani=true&JigyosyoCd=2775300631-00&ServiceCd=331&Type=search", "url2": "http://www.familycore.jp/" }, "geometry": { "type": "Point", "coordinates": [ 135.4457974, 34.5236542 ] } },
{ "type": "Feature", "properties": { "内容": "介護付有料老人ホーム　和【特定施設入居者生活介護（有料老人ホーム）】大阪府高石市西取石３丁目６番２１号", "url": "https://www.kaigokensaku.mhlw.go.jp/27/index.php?action_kouhyou_detail_004_kani=true&JigyosyoCd=2775300672-00&ServiceCd=331&Type=search", "url2": "https://www.nagomi-tkb.com/" }, "geometry": { "type": "Point", "coordinates": [ 135.44423, 34.5231364 ] } },
{ "type": "Feature", "properties": { "内容": "ヘルスケアライフ野中【特定施設入居者生活介護（有料老人ホーム）】大阪府藤井寺市野中１丁目２４２番地の２", "url": "https://www.kaigokensaku.mhlw.go.jp/27/index.php?action_kouhyou_detail_004_kani=true&JigyosyoCd=2773401464-00&ServiceCd=331&Type=search", "url2": "http://kaigo-hcl.com/" }, "geometry": { "type": "Point", "coordinates": [ 135.600954099999967, 34.5617564 ] } },
{ "type": "Feature", "properties": { "内容": "フィレンツェライフ青山【特定施設入居者生活介護（有料老人ホーム）】大阪府藤井寺市青山2丁目６５１番地", "url": "https://www.kaigokensaku.mhlw.go.jp/27/index.php?action_kouhyou_detail_004_kani=true&JigyosyoCd=2773400284-00&ServiceCd=331&Type=search", "url2": "http://www.firenzelife.co.jp" }, "geometry": { "type": "Point", "coordinates": [ 135.599239077771017, 34.555740810994131 ] } },
{ "type": "Feature", "properties": { "内容": "株式会社さわやか倶楽部さわやかひがしおおさか館【特定施設入居者生活介護（有料老人ホーム）】大阪府東大阪市若江東町5丁目3番20号さわやかひがしおおさか館", "url": "https://www.kaigokensaku.mhlw.go.jp/27/index.php?action_kouhyou_detail_004_kani=true&JigyosyoCd=2775013986-00&ServiceCd=331&Type=search", "url2": "http://www.sawayakaclub.jp/higashiosakakan/" }, "geometry": { "type": "Point", "coordinates": [ 135.611967, 34.6524901 ] } },
{ "type": "Feature", "properties": { "内容": "スーパー・コート東大阪高井田【特定施設入居者生活介護（有料老人ホーム）】大阪府東大阪市森河内西一丁目26番21号スーパー・コート東大阪高井田", "url": "https://www.kaigokensaku.mhlw.go.jp/27/index.php?action_kouhyou_detail_004_kani=true&JigyosyoCd=2775012079-00&ServiceCd=331&Type=search", "url2": "http://www.supercourt.jp" }, "geometry": { "type": "Point", "coordinates": [ 135.566700500000024, 34.6841602 ] } },
{ "type": "Feature", "properties": { "内容": "介護付き有料老人ホーム「オーパーオーマ八戸ノ里」【特定施設入居者生活介護（有料老人ホーム）】大阪府東大阪市小阪3-2-17介護付き有料老人ホーム「オーパーオーマ八戸ノ里」", "url": "https://www.kaigokensaku.mhlw.go.jp/27/index.php?action_kouhyou_detail_004_kani=true&JigyosyoCd=2775015825-00&ServiceCd=331&Type=search", "url2": "http://www.nihon-kaigo.com" }, "geometry": { "type": "Point", "coordinates": [ 135.590103, 34.6643056 ] } },
{ "type": "Feature", "properties": { "内容": "オーパオーマ源氏ケ丘【特定施設入居者生活介護（有料老人ホーム）】大阪府東大阪市吉松2-8-14", "url": "https://www.kaigokensaku.mhlw.go.jp/27/index.php?action_kouhyou_detail_004_kani=true&JigyosyoCd=2775015817-00&ServiceCd=331&Type=search", "url2": null }, "geometry": { "type": "Point", "coordinates": [ 135.5767129, 34.6456462 ] } },
{ "type": "Feature", "properties": { "内容": "そんぽの家　鶴見徳庵【特定施設入居者生活介護（有料老人ホーム）】大阪府東大阪市稲田上町2-2-53", "url": "https://www.kaigokensaku.mhlw.go.jp/27/index.php?action_kouhyou_detail_004_kani=true&JigyosyoCd=2775004423-00&ServiceCd=331&Type=search", "url2": "https://www.sompocare.com/service/home/kaigo/H000183" }, "geometry": { "type": "Point", "coordinates": [ 135.583029, 34.693323 ] } },
{ "type": "Feature", "properties": { "内容": "そんぽの家　東大阪日下【特定施設入居者生活介護（有料老人ホーム）】大阪府東大阪市日下町5丁目4番31号", "url": "https://www.kaigokensaku.mhlw.go.jp/27/index.php?action_kouhyou_detail_004_kani=true&JigyosyoCd=2775002773-00&ServiceCd=331&Type=search", "url2": "https://www.sompocare.com/service/home/kaigo/H000136/about/" }, "geometry": { "type": "Point", "coordinates": [ 135.643036200000012, 34.6957954 ] } },
{ "type": "Feature", "properties": { "内容": "そんぽの家　新石切【特定施設入居者生活介護（有料老人ホーム）】大阪府東大阪市北石切町6-25", "url": "https://www.kaigokensaku.mhlw.go.jp/27/index.php?action_kouhyou_detail_004_kani=true&JigyosyoCd=2775004738-00&ServiceCd=331&Type=search", "url2": "https://www.sompocare.com" }, "geometry": { "type": "Point", "coordinates": [ 135.649073700000031, 34.6872734 ] } },
{ "type": "Feature", "properties": { "内容": "介護付有料老人ホーム　緑風館【特定施設入居者生活介護（有料老人ホーム）】大阪府東大阪市菱屋東1丁目１２－２５", "url": "https://www.kaigokensaku.mhlw.go.jp/27/index.php?action_kouhyou_detail_004_kani=true&JigyosyoCd=2775005792-00&ServiceCd=331&Type=search", "url2": "http://www.juzankai.com/rokufukan/index.html" }, "geometry": { "type": "Point", "coordinates": [ 135.611275500000033, 34.6657844 ] } },
{ "type": "Feature", "properties": { "内容": "ニチイケアセンター池島【特定施設入居者生活介護（有料老人ホーム）】大阪府東大阪市池島町8丁目2番43号", "url": "https://www.kaigokensaku.mhlw.go.jp/27/index.php?action_kouhyou_detail_004_kani=true&JigyosyoCd=2775013242-00&ServiceCd=331&Type=search", "url2": null }, "geometry": { "type": "Point", "coordinates": [ 135.6274795, 34.6553313 ] } },
{ "type": "Feature", "properties": { "内容": "グリーンライフ東大阪【特定施設入居者生活介護（有料老人ホーム）】大阪府東大阪市長堂3ー7－18", "url": "https://www.kaigokensaku.mhlw.go.jp/27/index.php?action_kouhyou_detail_004_kani=true&JigyosyoCd=2775016138-00&ServiceCd=331&Type=search", "url2": "http:/www.greenlife-inc.co.jp/" }, "geometry": { "type": "Point", "coordinates": [ 135.5665018, 34.6659167 ] } },
{ "type": "Feature", "properties": { "内容": "介護付有料老人ホーム　クルーヴ布施【特定施設入居者生活介護（有料老人ホーム）】東大阪市長堂1丁目27-19", "url": "https://www.kaigokensaku.mhlw.go.jp/27/index.php?action_kouhyou_detail_004_kani=true&JigyosyoCd=2775006428-00&ServiceCd=331&Type=search", "url2": "http://cleuve.jp/" }, "geometry": { "type": "Point", "coordinates": [ 135.5648314, 34.6685996 ] } },
{ "type": "Feature", "properties": { "内容": "あさなぎ【特定施設入居者生活介護（有料老人ホーム）】大阪府泉南市新家1811番地", "url": "https://www.kaigokensaku.mhlw.go.jp/27/index.php?action_kouhyou_detail_004_kani=true&JigyosyoCd=2775600774-00&ServiceCd=331&Type=search", "url2": "https://asanagi.wixsite.com/home" }, "geometry": { "type": "Point", "coordinates": [ 135.298717900000042, 34.3689245 ] } },
{ "type": "Feature", "properties": { "内容": "Charm(チャーム)四條畷【特定施設入居者生活介護（有料老人ホーム）】大阪府四條畷市西中野一丁目２番１８号", "url": "https://www.kaigokensaku.mhlw.go.jp/27/index.php?action_kouhyou_detail_004_kani=true&JigyosyoCd=2775700848-00&ServiceCd=331&Type=search", "url2": "https://www.charmcc.jp/westhomes/charm_shijonawate/" }, "geometry": { "type": "Point", "coordinates": [ 135.6433375, 34.738608 ] } },
{ "type": "Feature", "properties": { "内容": "そんぽの家　交野駅前【特定施設入居者生活介護（有料老人ホーム）】大阪府交野市私部2-5-2", "url": "https://www.kaigokensaku.mhlw.go.jp/27/index.php?action_kouhyou_detail_004_kani=true&JigyosyoCd=2773601410-00&ServiceCd=331&Type=search", "url2": "https://www.sompocare.com" }, "geometry": { "type": "Point", "coordinates": [ 135.677961900000014, 34.7870772 ] } },
{ "type": "Feature", "properties": { "内容": "ベストライフ交野【特定施設入居者生活介護（有料老人ホーム）】大阪府交野市星田1-32-1", "url": "https://www.kaigokensaku.mhlw.go.jp/27/index.php?action_kouhyou_detail_004_kani=true&JigyosyoCd=2773601527-00&ServiceCd=331&Type=search", "url2": null }, "geometry": { "type": "Point", "coordinates": [ 135.669281, 34.7696388 ] } },
{ "type": "Feature", "properties": { "内容": "そんぽの家交野【特定施設入居者生活介護（有料老人ホーム）】大阪府交野市森北1丁目21番7号", "url": "https://www.kaigokensaku.mhlw.go.jp/27/index.php?action_kouhyou_detail_004_kani=true&JigyosyoCd=2773600289-00&ServiceCd=331&Type=search", "url2": "https://www.sompocare.com/service/home/kaigo/H000130" }, "geometry": { "type": "Point", "coordinates": [ 135.6838391, 34.7772646 ] } },
{ "type": "Feature", "properties": { "内容": "さくらの杜【特定施設入居者生活介護（有料老人ホーム）】大阪府大阪狭山市池之原2-1114", "url": "https://www.kaigokensaku.mhlw.go.jp/27/index.php?action_kouhyou_detail_004_kani=true&JigyosyoCd=2779301452-00&ServiceCd=331&Type=search", "url2": "http://www.healthcare-link.co.jp" }, "geometry": { "type": "Point", "coordinates": [ 135.546757399999933, 34.5017984 ] } },
{ "type": "Feature", "properties": { "内容": "有料老人ホーム　エコハウス　くみのき【特定施設入居者生活介護（有料老人ホーム）】大阪府大阪狭山市東茱萸木４丁目１１５５番地", "url": "https://www.kaigokensaku.mhlw.go.jp/27/index.php?action_kouhyou_detail_004_kani=true&JigyosyoCd=2779300835-00&ServiceCd=331&Type=search", "url2": "http://www.rapport-kuminoki.jp/eco.kuminoki/" }, "geometry": { "type": "Point", "coordinates": [ 135.556228799999985, 34.4835256 ] } },
{ "type": "Feature", "properties": { "内容": "介護付き住宅みのり阪南【特定施設入居者生活介護（有料老人ホーム）】大阪府阪南市和泉鳥取951-1", "url": "https://www.kaigokensaku.mhlw.go.jp/27/index.php?action_kouhyou_detail_004_kani=true&JigyosyoCd=2779500392-00&ServiceCd=331&Type=search", "url2": "http://orangecoop.jp" }, "geometry": { "type": "Point", "coordinates": [ 135.263990499999977, 34.3446042 ] } }
]
}
