{
"type": "FeatureCollection",
"name": "geo_27_認知症対応型共同生活介護",
"crs": { "type": "name", "properties": { "name": "urn:ogc:def:crs:OGC:1.3:CRS84" } },
"features": [
{ "type": "Feature", "properties": { "内容": "グループホーム沙羅の樹【認知症対応型共同生活介護】大阪府大阪市都島区毛馬町５丁目１９－２６", "url": "https://www.kaigokensaku.mhlw.go.jp/27/index.php?action_kouhyou_detail_004_kani=true&JigyosyoCd=2795200068-00&ServiceCd=320&Type=search", "url2": "https://www.jol.co.jp/saranoki/" }, "geometry": { "type": "Point", "coordinates": [ 135.522371300000032, 34.7261651 ] } },
{ "type": "Feature", "properties": { "内容": "グループホームたのしい家都島【認知症対応型共同生活介護】大阪府大阪市都島区御幸町１丁目６番５号", "url": "https://www.kaigokensaku.mhlw.go.jp/27/index.php?action_kouhyou_detail_004_kani=true&JigyosyoCd=2795200126-00&ServiceCd=320&Type=search", "url2": null }, "geometry": { "type": "Point", "coordinates": [ 135.533952582139619, 34.713654105575003 ] } },
{ "type": "Feature", "properties": { "内容": "なでしこの家友渕町【認知症対応型共同生活介護】大阪府大阪市都島区友渕町3丁目８番地14号", "url": "https://www.kaigokensaku.mhlw.go.jp/27/index.php?action_kouhyou_detail_004_kani=true&JigyosyoCd=2795200092-00&ServiceCd=320&Type=search", "url2": "http://www.745165.co.jp" }, "geometry": { "type": "Point", "coordinates": [ 135.529718, 34.7209464 ] } },
{ "type": "Feature", "properties": { "内容": "社会医療法人明生会　グループホーム片町苑【認知症対応型共同生活介護】大阪市都島区片町二丁目9番25号", "url": "https://www.kaigokensaku.mhlw.go.jp/27/index.php?action_kouhyou_detail_004_kani=true&JigyosyoCd=2795200019-00&ServiceCd=320&Type=search", "url2": "http://www.meiseigrp.jp" }, "geometry": { "type": "Point", "coordinates": [ 135.529235, 34.6949326 ] } },
{ "type": "Feature", "properties": { "内容": "グループホーム桜ノ宮なごみ【認知症対応型共同生活介護】大阪府大阪市都島区中野町1丁目12-11アロンディール3F", "url": "https://www.kaigokensaku.mhlw.go.jp/27/index.php?action_kouhyou_detail_004_kani=true&JigyosyoCd=2795200027-00&ServiceCd=320&Type=search", "url2": "https://namihaya.net/grouphome.html" }, "geometry": { "type": "Point", "coordinates": [ 135.523089516532877, 34.70132161565558 ] } },
{ "type": "Feature", "properties": { "内容": "愛の家グループホーム　大阪都島中通【認知症対応型共同生活介護】大阪府大阪市都島区都島中通2丁目20番30号", "url": "https://www.kaigokensaku.mhlw.go.jp/27/index.php?action_kouhyou_detail_004_kani=true&JigyosyoCd=2795200043-00&ServiceCd=320&Type=search", "url2": "http://www.mcsg.co.jp/" }, "geometry": { "type": "Point", "coordinates": [ 135.53095129999997, 34.7047455 ] } },
{ "type": "Feature", "properties": { "内容": "医療福祉生協おおさか　グループホーム　びろうじゅ高倉【認知症対応型共同生活介護】大阪府大阪市都島区高倉町2-3-4びろうじゅ高倉", "url": "https://www.kaigokensaku.mhlw.go.jp/27/index.php?action_kouhyou_detail_004_kani=true&JigyosyoCd=2775201003-00&ServiceCd=320&Type=search", "url2": "https://health-coop.jp" }, "geometry": { "type": "Point", "coordinates": [ 135.531412852743898, 34.715634052203271 ] } },
{ "type": "Feature", "properties": { "内容": "グループホームハッピーライフ【認知症対応型共同生活介護】大阪市福島区福島四丁目４番１４号", "url": "https://www.kaigokensaku.mhlw.go.jp/27/index.php?action_kouhyou_detail_004_kani=true&JigyosyoCd=2790200048-00&ServiceCd=320&Type=search", "url2": "http://www.jsk-holdings.com" }, "geometry": { "type": "Point", "coordinates": [ 135.48253909999994, 34.6931707 ] } },
{ "type": "Feature", "properties": { "内容": "グループホームこころあい　海老江【認知症対応型共同生活介護】大阪府大阪市福島区海老江1丁目9-13", "url": "https://www.kaigokensaku.mhlw.go.jp/27/index.php?action_kouhyou_detail_004_kani=true&JigyosyoCd=2790200022-00&ServiceCd=320&Type=search", "url2": "https://gh-field.com/gh/ebie.html" }, "geometry": { "type": "Point", "coordinates": [ 135.475106200000027, 34.7003279 ] } },
{ "type": "Feature", "properties": { "内容": "グループホームこころあい大開【認知症対応型共同生活介護】大阪市福島区大開4丁目1-152グループホームこころあい大開", "url": "https://www.kaigokensaku.mhlw.go.jp/27/index.php?action_kouhyou_detail_004_kani=true&JigyosyoCd=2790200105-00&ServiceCd=320&Type=search", "url2": "http://www.gh-field.com" }, "geometry": { "type": "Point", "coordinates": [ 135.464287499999955, 34.6943941 ] } },
{ "type": "Feature", "properties": { "内容": "グループホームおひさま【認知症対応型共同生活介護】大阪府大阪市福島区大開3丁目６番４号フローラ二番館", "url": "https://www.kaigokensaku.mhlw.go.jp/27/index.php?action_kouhyou_detail_004_kani=true&JigyosyoCd=2790200055-00&ServiceCd=320&Type=search", "url2": "http://ohisama-flora.com/" }, "geometry": { "type": "Point", "coordinates": [ 135.467002588360572, 34.692807860645033 ] } },
{ "type": "Feature", "properties": { "内容": "グループホーム野田いやし園【認知症対応型共同生活介護】大阪府大阪市福島区野田5丁目15番20号", "url": "https://www.kaigokensaku.mhlw.go.jp/27/index.php?action_kouhyou_detail_004_kani=true&JigyosyoCd=2790200014-00&ServiceCd=320&Type=search", "url2": "http://iyashien.web.fc2.com/index.htm" }, "geometry": { "type": "Point", "coordinates": [ 135.474034300000028, 34.6867707 ] } },
{ "type": "Feature", "properties": { "内容": "グループホームたのしい家西九条【認知症対応型共同生活介護】大阪府大阪市此花区西九条3-4-73", "url": "https://www.kaigokensaku.mhlw.go.jp/27/index.php?action_kouhyou_detail_004_kani=true&JigyosyoCd=2792800068-00&ServiceCd=320&Type=search", "url2": null }, "geometry": { "type": "Point", "coordinates": [ 135.468254500000057, 34.6848379 ] } },
{ "type": "Feature", "properties": { "内容": "ラヴィータ　ドゥーエ【認知症対応型共同生活介護】大阪府大阪市此花区西九条2-15-6", "url": "https://www.kaigokensaku.mhlw.go.jp/27/index.php?action_kouhyou_detail_004_kani=true&JigyosyoCd=2792800035-00&ServiceCd=320&Type=search", "url2": "http://lavita-syafuku.com" }, "geometry": { "type": "Point", "coordinates": [ 135.462716300000011, 34.6792495 ] } },
{ "type": "Feature", "properties": { "内容": "グループホーム　桂枝苑【認知症対応型共同生活介護】大阪府大阪市此花区西九条3-8-25", "url": "https://www.kaigokensaku.mhlw.go.jp/27/index.php?action_kouhyou_detail_004_kani=true&JigyosyoCd=2792800084-00&ServiceCd=320&Type=search", "url2": "http://www.ihoukai.jp" }, "geometry": { "type": "Point", "coordinates": [ 135.465751899999987, 34.6841026 ] } },
{ "type": "Feature", "properties": { "内容": "グループホームソシアス此花【認知症対応型共同生活介護】大阪市此花区酉島６－１－６４", "url": "https://www.kaigokensaku.mhlw.go.jp/27/index.php?action_kouhyou_detail_004_kani=true&JigyosyoCd=2772800526-00&ServiceCd=320&Type=search", "url2": "https://honami.or.jp" }, "geometry": { "type": "Point", "coordinates": [ 135.43740583183191, 34.683234069883447 ] } },
{ "type": "Feature", "properties": { "内容": "ケアヴィレッジ九条グループホーム事業所ナイスホーム九条【認知症対応型共同生活介護】大阪府大阪市西区九条1-21-24", "url": "https://www.kaigokensaku.mhlw.go.jp/27/index.php?action_kouhyou_detail_004_kani=true&JigyosyoCd=2771800980-00&ServiceCd=320&Type=search", "url2": "http://www.nisshinkai.jp/" }, "geometry": { "type": "Point", "coordinates": [ 135.474873699999989, 34.6745838 ] } },
{ "type": "Feature", "properties": { "内容": "グループホーム西本町【認知症対応型共同生活介護】大阪府大阪市西区阿波座1-2-12", "url": "https://www.kaigokensaku.mhlw.go.jp/27/index.php?action_kouhyou_detail_004_kani=true&JigyosyoCd=2791800093-00&ServiceCd=320&Type=search", "url2": null }, "geometry": { "type": "Point", "coordinates": [ 135.497510299999931, 34.6810946 ] } },
{ "type": "Feature", "properties": { "内容": "グループホームウェル浪花【認知症対応型共同生活介護】境川1-1-15", "url": "https://www.kaigokensaku.mhlw.go.jp/27/index.php?action_kouhyou_detail_004_kani=true&JigyosyoCd=2791800036-00&ServiceCd=320&Type=search", "url2": "https://wellgroup-service.jp/search/well_naniwa/" }, "geometry": { "type": "Point", "coordinates": [ 135.4735168, 34.6686241 ] } },
{ "type": "Feature", "properties": { "内容": "ニチイケアセンター天保山　認知症対応型共同生活介護【認知症対応型共同生活介護】大阪府大阪市港区港晴2丁目８－２２", "url": "https://www.kaigokensaku.mhlw.go.jp/27/index.php?action_kouhyou_detail_004_kani=true&JigyosyoCd=2790400010-00&ServiceCd=320&Type=search", "url2": "http://www.nichiigakkan.co.jp/" }, "geometry": { "type": "Point", "coordinates": [ 135.441916099999958, 34.6550601 ] } },
{ "type": "Feature", "properties": { "内容": "グループホームのどか弁天町【認知症対応型共同生活介護】大阪市港区市岡元町1-6-37", "url": "https://www.kaigokensaku.mhlw.go.jp/27/index.php?action_kouhyou_detail_004_kani=true&JigyosyoCd=2790400069-00&ServiceCd=320&Type=search", "url2": "http://nodoka-kaigo.co.jp/" }, "geometry": { "type": "Point", "coordinates": [ 135.466696800000022, 34.6687426 ] } },
{ "type": "Feature", "properties": { "内容": "第3グループホーム「やすらぎ」【認知症対応型共同生活介護】大阪市港区弁天5丁目11番20号", "url": "https://www.kaigokensaku.mhlw.go.jp/27/index.php?action_kouhyou_detail_004_kani=true&JigyosyoCd=2790400036-00&ServiceCd=320&Type=search", "url2": "https://sankyo-group.co.jp/" }, "geometry": { "type": "Point", "coordinates": [ 135.457007420901533, 34.672782453341568 ] } },
{ "type": "Feature", "properties": { "内容": "認知症対応型共同生活介護ときめき【認知症対応型共同生活介護】大阪府大阪市港区八幡屋4丁目8番1号", "url": "https://www.kaigokensaku.mhlw.go.jp/27/index.php?action_kouhyou_detail_004_kani=true&JigyosyoCd=2770400329-00&ServiceCd=320&Type=search", "url2": "https://dai2aikoen.jp" }, "geometry": { "type": "Point", "coordinates": [ 135.446984054631031, 34.651691628998023 ] } },
{ "type": "Feature", "properties": { "内容": "グループホームしおかぜ【認知症対応型共同生活介護】大阪市港区磯路3-3-26介護複合型施設いそじ", "url": "https://www.kaigokensaku.mhlw.go.jp/27/index.php?action_kouhyou_detail_004_kani=true&JigyosyoCd=2770400535-00&ServiceCd=320&Type=search", "url2": "http://www.osaka-kizugawa.coop/minato/jigyosyo/" }, "geometry": { "type": "Point", "coordinates": [ 135.458616012691181, 34.664396938875349 ] } },
{ "type": "Feature", "properties": { "内容": "三協グループ(株)介護事業部　グループホーム「やすらぎ」【認知症対応型共同生活介護】大阪市港区弁天5丁目14番3号シーサイドヴィラ５番館", "url": "https://www.kaigokensaku.mhlw.go.jp/27/index.php?action_kouhyou_detail_004_kani=true&JigyosyoCd=2770400428-00&ServiceCd=320&Type=search", "url2": "https://sankyo-group.co.jp/" }, "geometry": { "type": "Point", "coordinates": [ 135.455756, 34.6726723 ] } },
{ "type": "Feature", "properties": { "内容": "三協グループ(株)介護事業部　第2グループホーム「やすらぎ」【認知症対応型共同生活介護】大阪市港区弁天5丁目12番8号", "url": "https://www.kaigokensaku.mhlw.go.jp/27/index.php?action_kouhyou_detail_004_kani=true&JigyosyoCd=2770400626-00&ServiceCd=320&Type=search", "url2": "https://sankyo-group.co.jp/" }, "geometry": { "type": "Point", "coordinates": [ 135.456423326389341, 34.672881717654406 ] } },
{ "type": "Feature", "properties": { "内容": "医療法人港南会グループホーム三軒家【認知症対応型共同生活介護】大阪府大阪市大正区三軒家東6丁目7番16号グループホーム三軒家", "url": "https://www.kaigokensaku.mhlw.go.jp/27/index.php?action_kouhyou_detail_004_kani=true&JigyosyoCd=2792700060-00&ServiceCd=320&Type=search", "url2": null }, "geometry": { "type": "Point", "coordinates": [ 135.474667149073724, 34.65813155162423 ] } },
{ "type": "Feature", "properties": { "内容": "医療法人港南会グループホームノーサイド【認知症対応型共同生活介護】大阪府大阪市大正区千島3-8-8グループホームノーサイド", "url": "https://www.kaigokensaku.mhlw.go.jp/27/index.php?action_kouhyou_detail_004_kani=true&JigyosyoCd=2792700169-00&ServiceCd=320&Type=search", "url2": null }, "geometry": { "type": "Point", "coordinates": [ 135.470268726983704, 34.6514059000001 ] } },
{ "type": "Feature", "properties": { "内容": "医療法人港南会グループホームフルライン【認知症対応型共同生活介護】大阪市大正区鶴町一丁目2番21号", "url": "https://www.kaigokensaku.mhlw.go.jp/27/index.php?action_kouhyou_detail_004_kani=true&JigyosyoCd=2792700011-00&ServiceCd=320&Type=search", "url2": null }, "geometry": { "type": "Point", "coordinates": [ 135.460715279406713, 34.635349662468641 ] } },
{ "type": "Feature", "properties": { "内容": "そうごうケアホーム大正千島【認知症対応型共同生活介護】大阪府大阪市大正区千島1－3－12", "url": "https://www.kaigokensaku.mhlw.go.jp/27/index.php?action_kouhyou_detail_004_kani=true&JigyosyoCd=2792700276-00&ServiceCd=320&Type=search", "url2": "https://www.sogo-care.co.jp/" }, "geometry": { "type": "Point", "coordinates": [ 135.4757418, 34.6556176 ] } },
{ "type": "Feature", "properties": { "内容": "医療法人港南会グループホーム南風【認知症対応型共同生活介護】大阪市大正区鶴町1丁目4番36号", "url": "https://www.kaigokensaku.mhlw.go.jp/27/index.php?action_kouhyou_detail_004_kani=true&JigyosyoCd=2772700767-00&ServiceCd=320&Type=search", "url2": null }, "geometry": { "type": "Point", "coordinates": [ 135.461320500000056, 34.6346132 ] } },
{ "type": "Feature", "properties": { "内容": "ウェル永楽【認知症対応型共同生活介護】大阪府大阪市大正区三軒家東一丁目12番7号", "url": "https://www.kaigokensaku.mhlw.go.jp/27/index.php?action_kouhyou_detail_004_kani=true&JigyosyoCd=2792700094-00&ServiceCd=320&Type=search", "url2": "http://www.wellconsul.co.jp/" }, "geometry": { "type": "Point", "coordinates": [ 135.48104005033187, 34.664045675455739 ] } },
{ "type": "Feature", "properties": { "内容": "つじれいんぼうホーム【認知症対応型共同生活介護】大阪府大阪市天王寺区生玉前町3番27号カサミラビル4F", "url": "https://www.kaigokensaku.mhlw.go.jp/27/index.php?action_kouhyou_detail_004_kani=true&JigyosyoCd=2791700087-00&ServiceCd=320&Type=search", "url2": "http://www.kankikai.com" }, "geometry": { "type": "Point", "coordinates": [ 135.51573140000005, 34.6644021 ] } },
{ "type": "Feature", "properties": { "内容": "グループホーム　フレンド筆ヶ崎【認知症対応型共同生活介護】大阪府大阪市天王寺区筆ヶ崎町３番２０号", "url": "https://www.kaigokensaku.mhlw.go.jp/27/index.php?action_kouhyou_detail_004_kani=true&JigyosyoCd=2791700079-00&ServiceCd=320&Type=search", "url2": "https://www.friend-grouphome.com/product/fudegasaki/" }, "geometry": { "type": "Point", "coordinates": [ 135.527813599999945, 34.6648355 ] } },
{ "type": "Feature", "properties": { "内容": "ニチイケアセンター夕陽丘【認知症対応型共同生活介護】大阪市天王寺区上汐6-3-9", "url": "https://www.kaigokensaku.mhlw.go.jp/27/index.php?action_kouhyou_detail_004_kani=true&JigyosyoCd=2791700038-00&ServiceCd=320&Type=search", "url2": "https://www.nichii-kaigo.jp/base/base-result/05R98/" }, "geometry": { "type": "Point", "coordinates": [ 135.515925024606275, 34.65805560000009 ] } },
{ "type": "Feature", "properties": { "内容": "グループホーム　フレンド天王寺【認知症対応型共同生活介護】大阪府大阪市天王寺区味原町１５番１１号", "url": "https://www.kaigokensaku.mhlw.go.jp/27/index.php?action_kouhyou_detail_004_kani=true&JigyosyoCd=2791700020-00&ServiceCd=320&Type=search", "url2": "http://www.friend-grouphome.com/product/tennoji/" }, "geometry": { "type": "Point", "coordinates": [ 135.52776080000001, 34.66545490000005 ] } },
{ "type": "Feature", "properties": { "内容": "いきいきグループホーム日本橋【認知症対応型共同生活介護】大阪府大阪市浪速区日本橋東２丁目５番１８号", "url": "https://www.kaigokensaku.mhlw.go.jp/27/index.php?action_kouhyou_detail_004_kani=true&JigyosyoCd=2794300174-00&ServiceCd=320&Type=search", "url2": "https://summits.jp/" }, "geometry": { "type": "Point", "coordinates": [ 135.508889442991631, 34.659708537192515 ] } },
{ "type": "Feature", "properties": { "内容": "グループホーム　浪速さくらんぼ【認知症対応型共同生活介護】大阪市浪速区塩草2丁目3番21", "url": "https://www.kaigokensaku.mhlw.go.jp/27/index.php?action_kouhyou_detail_004_kani=true&JigyosyoCd=2794300026-00&ServiceCd=320&Type=search", "url2": "http://www.kaigo-sakuranbo.com/" }, "geometry": { "type": "Point", "coordinates": [ 135.491461500000014, 34.6600609 ] } },
{ "type": "Feature", "properties": { "内容": "グループホーム　豆の希【認知症対応型共同生活介護】大阪府大阪市浪速区浪速西二丁目11番6号", "url": "https://www.kaigokensaku.mhlw.go.jp/27/index.php?action_kouhyou_detail_004_kani=true&JigyosyoCd=2794300158-00&ServiceCd=320&Type=search", "url2": "http://care-net.biz/27/swan/" }, "geometry": { "type": "Point", "coordinates": [ 135.486148699999973, 34.656917600000021 ] } },
{ "type": "Feature", "properties": { "内容": "グループホーム　ひかり幸町【認知症対応型共同生活介護】大阪府大阪市浪速区幸町３－７－２５", "url": "https://www.kaigokensaku.mhlw.go.jp/27/index.php?action_kouhyou_detail_004_kani=true&JigyosyoCd=2794300059-00&ServiceCd=320&Type=search", "url2": "http://gh-hikari.co.jp" }, "geometry": { "type": "Point", "coordinates": [ 135.483731400000011, 34.668673700000014 ] } },
{ "type": "Feature", "properties": { "内容": "グループホーム　リフレ・えびす【認知症対応型共同生活介護】大阪市浪速区恵美須西1丁目4番8号", "url": "https://www.kaigokensaku.mhlw.go.jp/27/index.php?action_kouhyou_detail_004_kani=true&JigyosyoCd=2794300109-00&ServiceCd=320&Type=search", "url2": "https://www.refre-g.com" }, "geometry": { "type": "Point", "coordinates": [ 135.503474162565709, 34.655206032292234 ] } },
{ "type": "Feature", "properties": { "内容": "たのしい家姫島【認知症対応型共同生活介護】大阪府大阪市西淀川区姫里3-6-13たのしい家姫島", "url": "https://www.kaigokensaku.mhlw.go.jp/27/index.php?action_kouhyou_detail_004_kani=true&JigyosyoCd=2791000298-00&ServiceCd=320&Type=search", "url2": "https://www.tanoshii-ie.jp/single152/" }, "geometry": { "type": "Point", "coordinates": [ 135.456096637434399, 34.706513759663814 ] } },
{ "type": "Feature", "properties": { "内容": "グループホームのどか西淀川【認知症対応型共同生活介護】大阪市西淀川大和田５丁目21番7号", "url": "https://www.kaigokensaku.mhlw.go.jp/27/index.php?action_kouhyou_detail_004_kani=true&JigyosyoCd=2791000157-00&ServiceCd=320&Type=search", "url2": "http://nodoka-kaigo.co.jp" }, "geometry": { "type": "Point", "coordinates": [ 135.4427632, 34.7090343 ] } },
{ "type": "Feature", "properties": { "内容": "グループホーム　スリール西淀川【認知症対応型共同生活介護】大阪府大阪市西淀川区竹島2-4-3", "url": "https://www.kaigokensaku.mhlw.go.jp/27/index.php?action_kouhyou_detail_004_kani=true&JigyosyoCd=2791000132-00&ServiceCd=320&Type=search", "url2": "http://hina-corp.com/" }, "geometry": { "type": "Point", "coordinates": [ 135.4534691, 34.7245577 ] } },
{ "type": "Feature", "properties": { "内容": "グループホームほのぼの塚本【認知症対応型共同生活介護】大阪府大阪市西淀川区花川2-10-28", "url": "https://www.kaigokensaku.mhlw.go.jp/27/index.php?action_kouhyou_detail_004_kani=true&JigyosyoCd=2791000066-00&ServiceCd=320&Type=search", "url2": "http://honobono-gr.com" }, "geometry": { "type": "Point", "coordinates": [ 135.466168, 34.7089433 ] } },
{ "type": "Feature", "properties": { "内容": "グループホームみさき西淀川【認知症対応型共同生活介護】大阪府大阪市西淀川区福町1丁目6番9号", "url": "https://www.kaigokensaku.mhlw.go.jp/27/index.php?action_kouhyou_detail_004_kani=true&JigyosyoCd=2791000108-00&ServiceCd=320&Type=search", "url2": "http://www.misaki-kaigo.co.jp" }, "geometry": { "type": "Point", "coordinates": [ 135.446528299999954, 34.6975552 ] } },
{ "type": "Feature", "properties": { "内容": "グループホームソシアス西淀川大野【認知症対応型共同生活介護】大阪府大阪市西淀川区大野１丁目1１番１８号", "url": "https://www.kaigokensaku.mhlw.go.jp/27/index.php?action_kouhyou_detail_004_kani=true&JigyosyoCd=2771000961-00&ServiceCd=320&Type=search", "url2": "https://honami.or.jp" }, "geometry": { "type": "Point", "coordinates": [ 135.439042213561294, 34.703969408308211 ] } },
{ "type": "Feature", "properties": { "内容": "グループホームさくらんぼ中島【認知症対応型共同生活介護】大阪市西淀川区大野2-1-41レーベンビル", "url": "https://www.kaigokensaku.mhlw.go.jp/27/index.php?action_kouhyou_detail_004_kani=true&JigyosyoCd=2771000557-00&ServiceCd=320&Type=search", "url2": "http://www.hakuyuukai.or.jp" }, "geometry": { "type": "Point", "coordinates": [ 135.43934312944441, 34.700578742355816 ] } },
{ "type": "Feature", "properties": { "内容": "グループホーム　クオレ歌島【認知症対応型共同生活介護】大阪市西淀川区歌島4丁目3番22号", "url": "https://www.kaigokensaku.mhlw.go.jp/27/index.php?action_kouhyou_detail_004_kani=true&JigyosyoCd=2771000995-00&ServiceCd=320&Type=search", "url2": "http://cuores.com/" }, "geometry": { "type": "Point", "coordinates": [ 135.461897177909776, 34.718090715339095 ] } },
{ "type": "Feature", "properties": { "内容": "グループホーム　雅の家【認知症対応型共同生活介護】大阪市西淀川区大和田５－４－１４", "url": "https://www.kaigokensaku.mhlw.go.jp/27/index.php?action_kouhyou_detail_004_kani=true&JigyosyoCd=2771000862-00&ServiceCd=320&Type=search", "url2": "http://www.shoujinkai.or.jp/grouphome_miyabinoie/index.html" }, "geometry": { "type": "Point", "coordinates": [ 135.441239699999983, 34.7064207 ] } },
{ "type": "Feature", "properties": { "内容": "医療法人　正志会　グループホーム　ひりゅう【認知症対応型共同生活介護】大阪府大阪市東淀川区大道南１丁目４番１３号", "url": "https://www.kaigokensaku.mhlw.go.jp/27/index.php?action_kouhyou_detail_004_kani=true&JigyosyoCd=2793000015-00&ServiceCd=320&Type=search", "url2": "http://www.shoshikai.or.jp/" }, "geometry": { "type": "Point", "coordinates": [ 135.5494632, 34.7404891 ] } },
{ "type": "Feature", "properties": { "内容": "グループホーム菅原【認知症対応型共同生活介護】大阪府大阪市東淀川区菅原3-18-23", "url": "https://www.kaigokensaku.mhlw.go.jp/27/index.php?action_kouhyou_detail_004_kani=true&JigyosyoCd=2793000304-00&ServiceCd=320&Type=search", "url2": "https://youi-r.info/group/sugawara" }, "geometry": { "type": "Point", "coordinates": [ 135.525114799999983, 34.7406488 ] } },
{ "type": "Feature", "properties": { "内容": "グループホームたのしい家瑞光【認知症対応型共同生活介護】大阪府大阪市東淀川区瑞光２－８－１５", "url": "https://www.kaigokensaku.mhlw.go.jp/27/index.php?action_kouhyou_detail_004_kani=true&JigyosyoCd=2793000064-00&ServiceCd=320&Type=search", "url2": null }, "geometry": { "type": "Point", "coordinates": [ 135.539544400000068, 34.7500626 ] } },
{ "type": "Feature", "properties": { "内容": "たのしい家　東淀川菅原【認知症対応型共同生活介護】大阪府大阪市東淀川区菅原7-9-19", "url": "https://www.kaigokensaku.mhlw.go.jp/27/index.php?action_kouhyou_detail_004_kani=true&JigyosyoCd=2793000031-00&ServiceCd=320&Type=search", "url2": null }, "geometry": { "type": "Point", "coordinates": [ 135.5243556, 34.7422722 ] } },
{ "type": "Feature", "properties": { "内容": "グループホームフォーユー淡路【認知症対応型共同生活介護】大阪府大阪市東淀川区西淡路4-15-25", "url": "https://www.kaigokensaku.mhlw.go.jp/27/index.php?action_kouhyou_detail_004_kani=true&JigyosyoCd=2793000288-00&ServiceCd=320&Type=search", "url2": "https://www.suzuran-hobbies-lifestyle.com/" }, "geometry": { "type": "Point", "coordinates": [ 135.5069466, 34.7429301 ] } },
{ "type": "Feature", "properties": { "内容": "グループホームのどか豊里【認知症対応型共同生活介護】大阪府大阪市東淀川区豊里2丁目9番7号", "url": "https://www.kaigokensaku.mhlw.go.jp/27/index.php?action_kouhyou_detail_004_kani=true&JigyosyoCd=2793000122-00&ServiceCd=320&Type=search", "url2": "http://nodoka-kaigo.co.jp" }, "geometry": { "type": "Point", "coordinates": [ 135.537042030024736, 34.737991184320698 ] } },
{ "type": "Feature", "properties": { "内容": "グループホーム　あす～る豊新【認知症対応型共同生活介護】大阪府大阪市東淀川区豊新5丁目15番2号", "url": "https://www.kaigokensaku.mhlw.go.jp/27/index.php?action_kouhyou_detail_004_kani=true&JigyosyoCd=2793000155-00&ServiceCd=320&Type=search", "url2": "http://azul.or.jp/" }, "geometry": { "type": "Point", "coordinates": [ 135.535617, 34.7470351 ] } },
{ "type": "Feature", "properties": { "内容": "医療法人　正志会　グループホーム　しょうかく【認知症対応型共同生活介護】大阪府大阪市東淀川区大道南３丁目１５番１０号", "url": "https://www.kaigokensaku.mhlw.go.jp/27/index.php?action_kouhyou_detail_004_kani=true&JigyosyoCd=2773001306-00&ServiceCd=320&Type=search", "url2": "http://www.shoshikai.or.jp" }, "geometry": { "type": "Point", "coordinates": [ 135.548263200000065, 34.7452051 ] } },
{ "type": "Feature", "properties": { "内容": "ゆうとぴ庵大阪・淡路【認知症対応型共同生活介護】大阪市東淀川区東淡路５丁目８番３８号", "url": "https://www.kaigokensaku.mhlw.go.jp/27/index.php?action_kouhyou_detail_004_kani=true&JigyosyoCd=2773000688-00&ServiceCd=320&Type=search", "url2": "https://www.lsj-yutopian.com" }, "geometry": { "type": "Point", "coordinates": [ 135.521921300000031, 34.7361417 ] } },
{ "type": "Feature", "properties": { "内容": "飛鳥ともしび苑【認知症対応型共同生活介護】大阪府大阪市東淀川区東中島3-16-20", "url": "https://www.kaigokensaku.mhlw.go.jp/27/index.php?action_kouhyou_detail_004_kani=true&JigyosyoCd=2773001504-00&ServiceCd=320&Type=search", "url2": "https://www.tomoshibifukushikai.jp/" }, "geometry": { "type": "Point", "coordinates": [ 135.5095246, 34.7315102 ] } },
{ "type": "Feature", "properties": { "内容": "ニチイケアセンターだいどう【認知症対応型共同生活介護】大阪府大阪市東淀川区大桐1丁目3番19号", "url": "https://www.kaigokensaku.mhlw.go.jp/27/index.php?action_kouhyou_detail_004_kani=true&JigyosyoCd=2793000379-00&ServiceCd=320&Type=search", "url2": "http://www.nichiigakkan.co.jp" }, "geometry": { "type": "Point", "coordinates": [ 135.545353100000057, 34.7440744 ] } },
{ "type": "Feature", "properties": { "内容": "グループホームきらら東淀川【認知症対応型共同生活介護】大阪府大阪市東淀川区東中島6-8-12グループホームきらら東淀川", "url": "https://www.kaigokensaku.mhlw.go.jp/27/index.php?action_kouhyou_detail_004_kani=true&JigyosyoCd=2793000197-00&ServiceCd=320&Type=search", "url2": "https://www.starts.co.jp/s-careservice/" }, "geometry": { "type": "Point", "coordinates": [ 135.512377636193577, 34.734217027484021 ] } },
{ "type": "Feature", "properties": { "内容": "グループホーム　ここから上新庄【認知症対応型共同生活介護】大阪府大阪市東淀川区豊新4-18-7", "url": "https://www.kaigokensaku.mhlw.go.jp/27/index.php?action_kouhyou_detail_004_kani=true&JigyosyoCd=2793000163-00&ServiceCd=320&Type=search", "url2": "http://www.cocokaragp.com/kamishinjo/" }, "geometry": { "type": "Point", "coordinates": [ 135.535714195631414, 34.745385400000139 ] } },
{ "type": "Feature", "properties": { "内容": "グループホームここから西淡路【認知症対応型共同生活介護】大阪府大阪市東淀川区西淡路４丁目１８-２１", "url": "https://www.kaigokensaku.mhlw.go.jp/27/index.php?action_kouhyou_detail_004_kani=true&JigyosyoCd=2793000205-00&ServiceCd=320&Type=search", "url2": "http://www.cocokaragp.com/nishiawaji/" }, "geometry": { "type": "Point", "coordinates": [ 135.507172500000024, 34.7418739 ] } },
{ "type": "Feature", "properties": { "内容": "グループホーム　フォーユー緑橋【認知症対応型共同生活介護】大阪府大阪市東成区中本5丁目21-14グループホーム　フォーユー緑橋", "url": "https://www.kaigokensaku.mhlw.go.jp/27/index.php?action_kouhyou_detail_004_kani=true&JigyosyoCd=2791500107-00&ServiceCd=320&Type=search", "url2": null }, "geometry": { "type": "Point", "coordinates": [ 135.543169786305612, 34.677691526620222 ] } },
{ "type": "Feature", "properties": { "内容": "グループホーム　ハミングベル緑橋【認知症対応型共同生活介護】大阪府大阪市東成区中本1-11-1", "url": "https://www.kaigokensaku.mhlw.go.jp/27/index.php?action_kouhyou_detail_004_kani=true&JigyosyoCd=2791500057-00&ServiceCd=320&Type=search", "url2": "http://www.humming-bell.or.jp/" }, "geometry": { "type": "Point", "coordinates": [ 135.543664700000022, 34.6813508 ] } },
{ "type": "Feature", "properties": { "内容": "医療法人浩治会　グループホームゆめの里【認知症対応型共同生活介護】大阪市東成区大今里西２－１７－１６", "url": "https://www.kaigokensaku.mhlw.go.jp/27/index.php?action_kouhyou_detail_004_kani=true&JigyosyoCd=2771501083-00&ServiceCd=320&Type=search", "url2": "http://www.i-carehome.com/" }, "geometry": { "type": "Point", "coordinates": [ 135.541434500000037, 34.6689132 ] } },
{ "type": "Feature", "properties": { "内容": "グループホーム緑橋なごみ【認知症対応型共同生活介護】大阪府大阪市東成区中本３－１７－１", "url": "https://www.kaigokensaku.mhlw.go.jp/27/index.php?action_kouhyou_detail_004_kani=true&JigyosyoCd=2771501158-00&ServiceCd=320&Type=search", "url2": "https://namihaya.net/" }, "geometry": { "type": "Point", "coordinates": [ 135.5438203, 34.6786095 ] } },
{ "type": "Feature", "properties": { "内容": "グループホームゆおびか【認知症対応型共同生活介護】大阪府大阪市東成区大今里1-23-12", "url": "https://www.kaigokensaku.mhlw.go.jp/27/index.php?action_kouhyou_detail_004_kani=true&JigyosyoCd=2771500705-00&ServiceCd=320&Type=search", "url2": null }, "geometry": { "type": "Point", "coordinates": [ 135.544578600000023, 34.6723907 ] } },
{ "type": "Feature", "properties": { "内容": "グループホーム公道会とびら【認知症対応型共同生活介護】大阪府大阪市東成区大今里南4丁目8番11号", "url": "https://www.kaigokensaku.mhlw.go.jp/27/index.php?action_kouhyou_detail_004_kani=true&JigyosyoCd=2791500131-00&ServiceCd=320&Type=search", "url2": "https://kodokai.or.jp" }, "geometry": { "type": "Point", "coordinates": [ 135.552380193254095, 34.666859521993246 ] } },
{ "type": "Feature", "properties": { "内容": "グループホーム今里の憩【認知症対応型共同生活介護】大阪府大阪市東成区大今里南2丁目20番3号", "url": "https://www.kaigokensaku.mhlw.go.jp/27/index.php?action_kouhyou_detail_004_kani=true&JigyosyoCd=2791500271-00&ServiceCd=320&Type=search", "url2": "https:/www.frontier-gp.jp/" }, "geometry": { "type": "Point", "coordinates": [ 135.547378226983625, 34.665440692792608 ] } },
{ "type": "Feature", "properties": { "内容": "アミライフ・林寺【認知症対応型共同生活介護】大阪府大阪市生野区林寺２丁目２５－１５", "url": "https://www.kaigokensaku.mhlw.go.jp/27/index.php?action_kouhyou_detail_004_kani=true&JigyosyoCd=2792200244-00&ServiceCd=320&Type=search", "url2": "http://abikocare.co.jp" }, "geometry": { "type": "Point", "coordinates": [ 135.5321619, 34.642824399999967 ] } },
{ "type": "Feature", "properties": { "内容": "ヒューマンライフケア生野グループホーム【認知症対応型共同生活介護】大阪市生野区小路2-2-2", "url": "https://www.kaigokensaku.mhlw.go.jp/27/index.php?action_kouhyou_detail_004_kani=true&JigyosyoCd=2792200327-00&ServiceCd=320&Type=search", "url2": "http://kaigo.human-lifecare.jp/" }, "geometry": { "type": "Point", "coordinates": [ 135.55259287168883, 34.661150313248328 ] } },
{ "type": "Feature", "properties": { "内容": "グループホームここから中川西【認知症対応型共同生活介護】大阪市生野区中川西1-14-7", "url": "https://www.kaigokensaku.mhlw.go.jp/27/index.php?action_kouhyou_detail_004_kani=true&JigyosyoCd=2792200111-00&ServiceCd=320&Type=search", "url2": "http://www.cocokaragp.com/nakagawanishi/" }, "geometry": { "type": "Point", "coordinates": [ 135.540657, 34.6632695 ] } },
{ "type": "Feature", "properties": { "内容": "グループホームのどか生野【認知症対応型共同生活介護】大阪市生野区巽南2-3-21", "url": "https://www.kaigokensaku.mhlw.go.jp/27/index.php?action_kouhyou_detail_004_kani=true&JigyosyoCd=2792200137-00&ServiceCd=320&Type=search", "url2": "http://nodoka-kaigo.co.jp" }, "geometry": { "type": "Point", "coordinates": [ 135.5532432, 34.6431099 ] } },
{ "type": "Feature", "properties": { "内容": "グループホーム瑞光苑別邸【認知症対応型共同生活介護】大阪府大阪市生野区巽東四丁目9番34号", "url": "https://www.kaigokensaku.mhlw.go.jp/27/index.php?action_kouhyou_detail_004_kani=true&JigyosyoCd=2792200699-00&ServiceCd=320&Type=search", "url2": "https://kyouseikai.org/sp/information/grouphome_zuikouen/" }, "geometry": { "type": "Point", "coordinates": [ 135.5575796, 34.6461793 ] } },
{ "type": "Feature", "properties": { "内容": "グループホームぷも【認知症対応型共同生活介護】大阪府大阪市生野区鶴橋2－15－27グループホームぷも", "url": "https://www.kaigokensaku.mhlw.go.jp/27/index.php?action_kouhyou_detail_004_kani=true&JigyosyoCd=2792200558-00&ServiceCd=320&Type=search", "url2": null }, "geometry": { "type": "Point", "coordinates": [ 135.533237, 34.6626845 ] } },
{ "type": "Feature", "properties": { "内容": "グループホームさざなみ大池橋【認知症対応型共同生活介護】大阪府大阪市生野区中川西2-26-5", "url": "https://www.kaigokensaku.mhlw.go.jp/27/index.php?action_kouhyou_detail_004_kani=true&JigyosyoCd=2792200228-00&ServiceCd=320&Type=search", "url2": "http://sazanami-g.co.jp" }, "geometry": { "type": "Point", "coordinates": [ 135.541270814448126, 34.658232891262273 ] } },
{ "type": "Feature", "properties": { "内容": "ニチイケアセンター今里【認知症対応型共同生活介護】大阪府大阪市生野区新今里7-3-8", "url": "https://www.kaigokensaku.mhlw.go.jp/27/index.php?action_kouhyou_detail_004_kani=true&JigyosyoCd=2792200418-00&ServiceCd=320&Type=search", "url2": "http://www.nichiigakkan.cp" }, "geometry": { "type": "Point", "coordinates": [ 135.551397700000052, 34.6612922 ] } },
{ "type": "Feature", "properties": { "内容": "ニチイケアセンター生野巽【認知症対応型共同生活介護】大阪府大阪市生野区巽中２丁目５番１６号", "url": "https://www.kaigokensaku.mhlw.go.jp/27/index.php?action_kouhyou_detail_004_kani=true&JigyosyoCd=2792200053-00&ServiceCd=320&Type=search", "url2": "http://www.nichiigakkan.co.jp" }, "geometry": { "type": "Point", "coordinates": [ 135.5502788, 34.6487132 ] } },
{ "type": "Feature", "properties": { "内容": "ニチイケアセンター巽東【認知症対応型共同生活介護】大阪府大阪市生野区巽東３丁目９-１４", "url": "https://www.kaigokensaku.mhlw.go.jp/27/index.php?action_kouhyou_detail_004_kani=true&JigyosyoCd=2792200335-00&ServiceCd=320&Type=search", "url2": null }, "geometry": { "type": "Point", "coordinates": [ 135.56008339999994, 34.649355 ] } },
{ "type": "Feature", "properties": { "内容": "グループホーム　あさひ【認知症対応型共同生活介護】大阪市生野区生野西４－４－１１", "url": "https://www.kaigokensaku.mhlw.go.jp/27/index.php?action_kouhyou_detail_004_kani=true&JigyosyoCd=2772202103-00&ServiceCd=320&Type=search", "url2": "http://asahi-dei.jimdosite.com" }, "geometry": { "type": "Point", "coordinates": [ 135.529430600000069, 34.6484542 ] } },
{ "type": "Feature", "properties": { "内容": "グループホームジョイフル小路【認知症対応型共同生活介護】大阪市生野区小路東４－５－１６", "url": "https://www.kaigokensaku.mhlw.go.jp/27/index.php?action_kouhyou_detail_004_kani=true&JigyosyoCd=2772202012-00&ServiceCd=320&Type=search", "url2": null }, "geometry": { "type": "Point", "coordinates": [ 135.55681960000004, 34.6563791 ] } },
{ "type": "Feature", "properties": { "内容": "グループホーム　みのり苑【認知症対応型共同生活介護】大阪市生野区巽中２丁目１４番１号", "url": "https://www.kaigokensaku.mhlw.go.jp/27/index.php?action_kouhyou_detail_004_kani=true&JigyosyoCd=2772201790-00&ServiceCd=320&Type=search", "url2": "http://www.minori-en.com/index.html" }, "geometry": { "type": "Point", "coordinates": [ 135.5514925, 34.6485021 ] } },
{ "type": "Feature", "properties": { "内容": "社会福祉法人　弘仁会　グループホームやすらぎ苑【認知症対応型共同生活介護】大阪府大阪市生野区田島３丁目６番１３号", "url": "https://www.kaigokensaku.mhlw.go.jp/27/index.php?action_kouhyou_detail_004_kani=true&JigyosyoCd=2772200503-00&ServiceCd=320&Type=search", "url2": "http://www.kozinkai.or.jp/" }, "geometry": { "type": "Point", "coordinates": [ 135.542535, 34.6488185 ] } },
{ "type": "Feature", "properties": { "内容": "社会福祉法人　聖綾福祉会グループホーム　デイサービス　せいりょう巽北【認知症対応型共同生活介護】大阪府大阪市生野区巽北３丁目４－１３", "url": "https://www.kaigokensaku.mhlw.go.jp/27/index.php?action_kouhyou_detail_004_kani=true&JigyosyoCd=2772202186-00&ServiceCd=320&Type=search", "url2": "http://www.supercourt.jp/supercourt/tatsumi/" }, "geometry": { "type": "Point", "coordinates": [ 135.552936600000066, 34.6558513 ] } },
{ "type": "Feature", "properties": { "内容": "グループホーム・田島サンライフ【認知症対応型共同生活介護】大阪市生野区田島４－３－２", "url": "https://www.kaigokensaku.mhlw.go.jp/27/index.php?action_kouhyou_detail_004_kani=true&JigyosyoCd=2772201832-00&ServiceCd=320&Type=search", "url2": "https://wada-kaigo.com/" }, "geometry": { "type": "Point", "coordinates": [ 135.539971400000013, 34.6468686 ] } },
{ "type": "Feature", "properties": { "内容": "グループホームきらら南巽【認知症対応型共同生活介護】大阪府大阪市生野区巽中4丁目12-35グループホームきらら南巽", "url": "https://www.kaigokensaku.mhlw.go.jp/27/index.php?action_kouhyou_detail_004_kani=true&JigyosyoCd=2792200376-00&ServiceCd=320&Type=search", "url2": "https://www.starts.co.jp/s-careservice" }, "geometry": { "type": "Point", "coordinates": [ 135.5514038, 34.6432888 ] } },
{ "type": "Feature", "properties": { "内容": "グループホームみさき巽北【認知症対応型共同生活介護】大阪府大阪市生野区巽北4-1-15グループホームみさき巽北", "url": "https://www.kaigokensaku.mhlw.go.jp/27/index.php?action_kouhyou_detail_004_kani=true&JigyosyoCd=2792200269-00&ServiceCd=320&Type=search", "url2": "https://misaki-kaigo.co.jp/about/" }, "geometry": { "type": "Point", "coordinates": [ 135.556309900000031, 34.6553653 ] } },
{ "type": "Feature", "properties": { "内容": "医療法人真芳会　いきいきグループホーム太子橋【認知症対応型共同生活介護】大阪府大阪市旭区太子橋３丁目２番８号", "url": "https://www.kaigokensaku.mhlw.go.jp/27/index.php?action_kouhyou_detail_004_kani=true&JigyosyoCd=2793100112-00&ServiceCd=320&Type=search", "url2": "http://www.shinhoukai.or.jp" }, "geometry": { "type": "Point", "coordinates": [ 135.557968100000039, 34.7381619 ] } },
{ "type": "Feature", "properties": { "内容": "エクセレント城北公園前【認知症対応型共同生活介護】大阪府大阪市旭区中宮5丁目2番30エクセレント城北公園前", "url": "https://www.kaigokensaku.mhlw.go.jp/27/index.php?action_kouhyou_detail_004_kani=true&JigyosyoCd=2793100245-00&ServiceCd=320&Type=search", "url2": "https://www.excare.co.jp" }, "geometry": { "type": "Point", "coordinates": [ 135.541823809717584, 34.728681883531451 ] } },
{ "type": "Feature", "properties": { "内容": "グループホームここから新森公園【認知症対応型共同生活介護】大阪府大阪市旭区新森4丁目14-8", "url": "https://www.kaigokensaku.mhlw.go.jp/27/index.php?action_kouhyou_detail_004_kani=true&JigyosyoCd=2793100054-00&ServiceCd=320&Type=search", "url2": "http://www.cocokaragp.com/" }, "geometry": { "type": "Point", "coordinates": [ 135.5579742, 34.7168334 ] } },
{ "type": "Feature", "properties": { "内容": "グループホームつながり城北【認知症対応型共同生活介護】大阪府大阪市旭区赤川1-3-24", "url": "https://www.kaigokensaku.mhlw.go.jp/27/index.php?action_kouhyou_detail_004_kani=true&JigyosyoCd=2793100146-00&ServiceCd=320&Type=search", "url2": "https://tsunagari.biz" }, "geometry": { "type": "Point", "coordinates": [ 135.531979299999989, 34.7231585 ] } },
{ "type": "Feature", "properties": { "内容": "グループホーム　あさひの憩【認知症対応型共同生活介護】大阪府大阪市旭区生江２丁目１４番２４号", "url": "https://www.kaigokensaku.mhlw.go.jp/27/index.php?action_kouhyou_detail_004_kani=true&JigyosyoCd=2793100286-00&ServiceCd=320&Type=search", "url2": "https://www.frontier-gp.jp/nursing-home-search/detail/asahi_gh" }, "geometry": { "type": "Point", "coordinates": [ 135.538371, 34.7244855 ] } },
{ "type": "Feature", "properties": { "内容": "医療福祉生協おおさか　グループホーム花しょうぶ【認知症対応型共同生活介護】大阪府大阪市旭区生江２丁目４番１６号グループホーム花しょうぶ", "url": "https://www.kaigokensaku.mhlw.go.jp/27/index.php?action_kouhyou_detail_004_kani=true&JigyosyoCd=2793100088-00&ServiceCd=320&Type=search", "url2": "http://www.health-coop.jp/" }, "geometry": { "type": "Point", "coordinates": [ 135.535678599999983, 34.725337700000019 ] } },
{ "type": "Feature", "properties": { "内容": "セントケアホームいくえ【認知症対応型共同生活介護】大阪府大阪市旭区生江2-11-15セントケアホームいくえ", "url": "https://www.kaigokensaku.mhlw.go.jp/27/index.php?action_kouhyou_detail_004_kani=true&JigyosyoCd=2793100021-00&ServiceCd=320&Type=search", "url2": null }, "geometry": { "type": "Point", "coordinates": [ 135.537642, 34.724971 ] } },
{ "type": "Feature", "properties": { "内容": "グループホームらんまん高殿【認知症対応型共同生活介護】大阪府大阪市旭区高殿7丁目19番7号", "url": "https://www.kaigokensaku.mhlw.go.jp/27/index.php?action_kouhyou_detail_004_kani=true&JigyosyoCd=2793100237-00&ServiceCd=320&Type=search", "url2": "https://www.man-ten.org/" }, "geometry": { "type": "Point", "coordinates": [ 135.548667119049071, 34.718693230611358 ] } },
{ "type": "Feature", "properties": { "内容": "グループホームのどか蒲生【認知症対応型共同生活介護】大阪府大阪市城東区蒲生3-1-10", "url": "https://www.kaigokensaku.mhlw.go.jp/27/index.php?action_kouhyou_detail_004_kani=true&JigyosyoCd=2794400123-00&ServiceCd=320&Type=search", "url2": "http://nodoka-kaigo.co.jp/" }, "geometry": { "type": "Point", "coordinates": [ 135.54249870000001, 34.6979575 ] } },
{ "type": "Feature", "properties": { "内容": "まんてん堂グループホームじょうとう関目【認知症対応型共同生活介護】大阪府大阪市城東関目2丁目1番8号", "url": "https://www.kaigokensaku.mhlw.go.jp/27/index.php?action_kouhyou_detail_004_kani=true&JigyosyoCd=2794400222-00&ServiceCd=320&Type=search", "url2": "http://www.manten.org/service/facility01.html#anchor04" }, "geometry": { "type": "Point", "coordinates": [ 135.550652899999932, 34.7056704 ] } },
{ "type": "Feature", "properties": { "内容": "グループホームさざなみ城東【認知症対応型共同生活介護】大阪府大阪市城東区今福南４丁目３番６４号グループホームさざなみ城東", "url": "https://www.kaigokensaku.mhlw.go.jp/27/index.php?action_kouhyou_detail_004_kani=true&JigyosyoCd=2794400248-00&ServiceCd=320&Type=search", "url2": "https://sazanami-g.co.jp/" }, "geometry": { "type": "Point", "coordinates": [ 135.5555062, 34.6974676 ] } },
{ "type": "Feature", "properties": { "内容": "ニチイケセンター森ノ宮【認知症対応型共同生活介護】大阪府大阪市城東区中浜3-1-21", "url": "https://www.kaigokensaku.mhlw.go.jp/27/index.php?action_kouhyou_detail_004_kani=true&JigyosyoCd=2794400206-00&ServiceCd=320&Type=search", "url2": null }, "geometry": { "type": "Point", "coordinates": [ 135.54054270000006, 34.6840727 ] } },
{ "type": "Feature", "properties": { "内容": "グループホームアイケア城東【認知症対応型共同生活介護】大阪市城東区関目1-20-15", "url": "https://www.kaigokensaku.mhlw.go.jp/27/index.php?action_kouhyou_detail_004_kani=true&JigyosyoCd=2774401562-00&ServiceCd=320&Type=search", "url2": null }, "geometry": { "type": "Point", "coordinates": [ 135.549664, 34.7072481 ] } },
{ "type": "Feature", "properties": { "内容": "安さ１ばん・陽当り良好　みんなの家【認知症対応型共同生活介護】大阪府大阪市城東区諏訪2-8-4諏訪エコーハイツ５階・６階", "url": "https://www.kaigokensaku.mhlw.go.jp/27/index.php?action_kouhyou_detail_004_kani=true&JigyosyoCd=2774401232-00&ServiceCd=320&Type=search", "url2": "http://minnanoie-osaka.com/" }, "geometry": { "type": "Point", "coordinates": [ 135.561335500000013, 34.68442790000001 ] } },
{ "type": "Feature", "properties": { "内容": "愛の家グループホーム　大阪城東中央【認知症対応型共同生活介護】大阪府大阪市城東区中央２－８－１２", "url": "https://www.kaigokensaku.mhlw.go.jp/27/index.php?action_kouhyou_detail_004_kani=true&JigyosyoCd=2794400107-00&ServiceCd=320&Type=search", "url2": "http://mcs-ainoie.com/gh213.html" }, "geometry": { "type": "Point", "coordinates": [ 135.542425, 34.7026501 ] } },
{ "type": "Feature", "properties": { "内容": "ヒューマンライフケア城東の湯　グループホーム【認知症対応型共同生活介護】大阪市城東区東中浜4－2－7", "url": "https://www.kaigokensaku.mhlw.go.jp/27/index.php?action_kouhyou_detail_004_kani=true&JigyosyoCd=2794400057-00&ServiceCd=320&Type=search", "url2": "http://hlc.athuman.com/" }, "geometry": { "type": "Point", "coordinates": [ 135.549392, 34.6875002 ] } },
{ "type": "Feature", "properties": { "内容": "グループホーム野江ゆおびか【認知症対応型共同生活介護】大阪府大阪市城東区成育4-6-29", "url": "https://www.kaigokensaku.mhlw.go.jp/27/index.php?action_kouhyou_detail_004_kani=true&JigyosyoCd=2794400032-00&ServiceCd=320&Type=search", "url2": "http://health-coop.jp/" }, "geometry": { "type": "Point", "coordinates": [ 135.542195, 34.7118198 ] } },
{ "type": "Feature", "properties": { "内容": "ジラソーレ【認知症対応型共同生活介護】大阪府大阪市城東区東中浜5-2-2", "url": "https://www.kaigokensaku.mhlw.go.jp/27/index.php?action_kouhyou_detail_004_kani=true&JigyosyoCd=2794400321-00&ServiceCd=320&Type=search", "url2": null }, "geometry": { "type": "Point", "coordinates": [ 135.5489565, 34.685699 ] } },
{ "type": "Feature", "properties": { "内容": "ニチイケアセンター城東諏訪【認知症対応型共同生活介護】大阪府大阪市城東区諏訪2-9-25", "url": "https://www.kaigokensaku.mhlw.go.jp/27/index.php?action_kouhyou_detail_004_kani=true&JigyosyoCd=2794400016-00&ServiceCd=320&Type=search", "url2": "http://www.nichiigakkan.co.jp" }, "geometry": { "type": "Point", "coordinates": [ 135.560221700000056, 34.684733032577753 ] } },
{ "type": "Feature", "properties": { "内容": "グループホームたのしい家帝塚山【認知症対応型共同生活介護】大阪府大阪市阿倍野区帝塚山一丁目10-27", "url": "https://www.kaigokensaku.mhlw.go.jp/27/index.php?action_kouhyou_detail_004_kani=true&JigyosyoCd=2792300119-00&ServiceCd=320&Type=search", "url2": null }, "geometry": { "type": "Point", "coordinates": [ 135.501292030059403, 34.624994597155485 ] } },
{ "type": "Feature", "properties": { "内容": "グループホーム　まごころ【認知症対応型共同生活介護】大阪市阿倍野区阪南町２丁目１６番７号", "url": "https://www.kaigokensaku.mhlw.go.jp/27/index.php?action_kouhyou_detail_004_kani=true&JigyosyoCd=2792300028-00&ServiceCd=320&Type=search", "url2": "https://teru.or.jp/magokoro/" }, "geometry": { "type": "Point", "coordinates": [ 135.512204800000063, 34.6316394 ] } },
{ "type": "Feature", "properties": { "内容": "グループホームグランオアシス帝塚山【認知症対応型共同生活介護】大阪市阿倍野区帝塚山一丁目7番27号", "url": "https://www.kaigokensaku.mhlw.go.jp/27/index.php?action_kouhyou_detail_004_kani=true&JigyosyoCd=2792300275-00&ServiceCd=320&Type=search", "url2": "https://oasisgroup.or.jp" }, "geometry": { "type": "Point", "coordinates": [ 135.502787500000011, 34.6246961 ] } },
{ "type": "Feature", "properties": { "内容": "グレースマサコーヌ西田辺　認知症対応型生活介護【認知症対応型共同生活介護】大阪市阿倍野区昭和町5-12-16シーダバレーⅢ　6階　7階", "url": "https://www.kaigokensaku.mhlw.go.jp/27/index.php?action_kouhyou_detail_004_kani=true&JigyosyoCd=2792300077-00&ServiceCd=320&Type=search", "url2": null }, "geometry": { "type": "Point", "coordinates": [ 135.516057300000057, 34.62171 ] } },
{ "type": "Feature", "properties": { "内容": "ニチイケアセンターさくら北畠【認知症対応型共同生活介護】大阪府大阪市阿倍野区播磨町1-19-9", "url": "https://www.kaigokensaku.mhlw.go.jp/27/index.php?action_kouhyou_detail_004_kani=true&JigyosyoCd=2772300972-00&ServiceCd=320&Type=search", "url2": "https://www.nichii-kaigo.jp/base/base-result/05R95/" }, "geometry": { "type": "Point", "coordinates": [ 135.508274935581994, 34.622701153500323 ] } },
{ "type": "Feature", "properties": { "内容": "ニチイケアセンター阿倍野南【認知症対応型共同生活介護】大阪府大阪市阿倍野区播磨町1-20-3エクレールビル3F・4F", "url": "https://www.kaigokensaku.mhlw.go.jp/27/index.php?action_kouhyou_detail_004_kani=true&JigyosyoCd=2772301467-00&ServiceCd=320&Type=search", "url2": "https://www.nichii-kaigo.jp/base/base-result/05R96/" }, "geometry": { "type": "Point", "coordinates": [ 135.508608, 34.6224238 ] } },
{ "type": "Feature", "properties": { "内容": "ドゥマサコーヌ鶴ヶ丘グループホーム【認知症対応型共同生活介護】大阪府大阪市阿倍野区西田辺町1-11-3", "url": "https://www.kaigokensaku.mhlw.go.jp/27/index.php?action_kouhyou_detail_004_kani=true&JigyosyoCd=2772301285-00&ServiceCd=320&Type=search", "url2": "http://tezukayama-hp.or.jp/" }, "geometry": { "type": "Point", "coordinates": [ 135.517035, 34.6188326 ] } },
{ "type": "Feature", "properties": { "内容": "ニチイケアセンター文の里【認知症対応型共同生活介護】大阪府大阪市阿倍野区文の里４－２１－２３", "url": "https://www.kaigokensaku.mhlw.go.jp/27/index.php?action_kouhyou_detail_004_kani=true&JigyosyoCd=2792300036-00&ServiceCd=320&Type=search", "url2": "https://www.nichiigakkan.co.jp/" }, "geometry": { "type": "Point", "coordinates": [ 135.521903306745941, 34.632752640903576 ] } },
{ "type": "Feature", "properties": { "内容": "グループホーム笑楽　北畠【認知症対応型共同生活介護】大阪府大阪市阿倍野区北畠1-23-22", "url": "https://www.kaigokensaku.mhlw.go.jp/27/index.php?action_kouhyou_detail_004_kani=true&JigyosyoCd=2792300234-00&ServiceCd=320&Type=search", "url2": "http://わらく.com" }, "geometry": { "type": "Point", "coordinates": [ 135.5074806, 34.6241197 ] } },
{ "type": "Feature", "properties": { "内容": "みとうグループホームおりおの【認知症対応型共同生活介護】大阪府大阪市住吉区遠里小野６－１－１０みとう介護センターおりおの", "url": "https://www.kaigokensaku.mhlw.go.jp/27/index.php?action_kouhyou_detail_004_kani=true&JigyosyoCd=2792000149-00&ServiceCd=320&Type=search", "url2": "http://www.mitouph.com/" }, "geometry": { "type": "Point", "coordinates": [ 135.495996099999957, 34.598246 ] } },
{ "type": "Feature", "properties": { "内容": "グループホームあろんてぃあ住吉【認知症対応型共同生活介護】大阪府大阪市住吉区南住吉1-4-34", "url": "https://www.kaigokensaku.mhlw.go.jp/27/index.php?action_kouhyou_detail_004_kani=true&JigyosyoCd=2792000370-00&ServiceCd=320&Type=search", "url2": "http://www.kouzenkai.or.jp/" }, "geometry": { "type": "Point", "coordinates": [ 135.506301677402377, 34.60983144469526 ] } },
{ "type": "Feature", "properties": { "内容": "医療法人　真芳会　いきいきグループホーム杉本【認知症対応型共同生活介護】大阪府大阪市住吉区杉本1丁目6番16号", "url": "https://www.kaigokensaku.mhlw.go.jp/27/index.php?action_kouhyou_detail_004_kani=true&JigyosyoCd=2792000115-00&ServiceCd=320&Type=search", "url2": "http://www.shinhoukai.or.jp/" }, "geometry": { "type": "Point", "coordinates": [ 135.509066800000028, 34.5941215 ] } },
{ "type": "Feature", "properties": { "内容": "スイート帝塚山【認知症対応型共同生活介護】大阪府大阪市住吉区帝塚山東5丁目13-8", "url": "https://www.kaigokensaku.mhlw.go.jp/27/index.php?action_kouhyou_detail_004_kani=true&JigyosyoCd=2792000453-00&ServiceCd=320&Type=search", "url2": "https://www.excare.co.jp/facility/03/tezukayama/" }, "geometry": { "type": "Point", "coordinates": [ 135.497960695106514, 34.611971194787849 ] } },
{ "type": "Feature", "properties": { "内容": "グループホーム我孫子【認知症対応型共同生活介護】大阪府大阪市住吉区我孫子五丁目11番3号", "url": "https://www.kaigokensaku.mhlw.go.jp/27/index.php?action_kouhyou_detail_004_kani=true&JigyosyoCd=2792000487-00&ServiceCd=320&Type=search", "url2": "http://www.heartco.jp/" }, "geometry": { "type": "Point", "coordinates": [ 135.5060335, 34.6003534 ] } },
{ "type": "Feature", "properties": { "内容": "大領地域の家グループホームであい【認知症対応型共同生活介護】大阪府大阪市住吉区大領５－６－２", "url": "https://www.kaigokensaku.mhlw.go.jp/27/index.php?action_kouhyou_detail_004_kani=true&JigyosyoCd=2792000172-00&ServiceCd=320&Type=search", "url2": "http://lifesupport.or.jp" }, "geometry": { "type": "Point", "coordinates": [ 135.504214199999979, 34.6126889 ] } },
{ "type": "Feature", "properties": { "内容": "社会福祉法人健成会グル―プホーム万代のつるさんかめさんの家【認知症対応型共同生活介護】大阪府大阪市住吉区万代６－８－３１", "url": "https://www.kaigokensaku.mhlw.go.jp/27/index.php?action_kouhyou_detail_004_kani=true&JigyosyoCd=2792000354-00&ServiceCd=320&Type=search", "url2": "http://kenseikaigroup.or.jp/" }, "geometry": { "type": "Point", "coordinates": [ 135.500575900000058, 34.6142551 ] } },
{ "type": "Feature", "properties": { "内容": "社会福祉法人宥恵会　グループホームゆうけいスマイル【認知症対応型共同生活介護】大阪府大阪市住吉区遠里小野２丁目７番２０号", "url": "https://www.kaigokensaku.mhlw.go.jp/27/index.php?action_kouhyou_detail_004_kani=true&JigyosyoCd=2792000016-00&ServiceCd=320&Type=search", "url2": "https://yukeikai-web.com/" }, "geometry": { "type": "Point", "coordinates": [ 135.4974681, 34.5966379 ] } },
{ "type": "Feature", "properties": { "内容": "アライヴ株式会社　　グループホームあいむ【認知症対応型共同生活介護】大阪市住吉区南住吉２丁目６番２号", "url": "https://www.kaigokensaku.mhlw.go.jp/27/index.php?action_kouhyou_detail_004_kani=true&JigyosyoCd=2772001539-00&ServiceCd=320&Type=search", "url2": "http://www.im-gh.com" }, "geometry": { "type": "Point", "coordinates": [ 135.50600570000006, 34.6081755 ] } },
{ "type": "Feature", "properties": { "内容": "みとうグループホーム長居【認知症対応型共同生活介護】大阪府大阪市住吉区長居西3-6-21", "url": "https://www.kaigokensaku.mhlw.go.jp/27/index.php?action_kouhyou_detail_004_kani=true&JigyosyoCd=2772001869-00&ServiceCd=320&Type=search", "url2": "http://www.mitouph.com/" }, "geometry": { "type": "Point", "coordinates": [ 135.506816800000024, 34.6072978 ] } },
{ "type": "Feature", "properties": { "内容": "ニチイケアセンター我孫子　認知症対応型共同生活介護【認知症対応型共同生活介護】大阪市住吉区山之内1-20-4", "url": "https://www.kaigokensaku.mhlw.go.jp/27/index.php?action_kouhyou_detail_004_kani=true&JigyosyoCd=2792000073-00&ServiceCd=320&Type=search", "url2": "http://www.nichiigakkan.co.jp" }, "geometry": { "type": "Point", "coordinates": [ 135.50190079999993, 34.6004097 ] } },
{ "type": "Feature", "properties": { "内容": "アミコ愛・あい・大領【認知症対応型共同生活介護】大阪府大阪市住吉区大領5丁目5番24号", "url": "https://www.kaigokensaku.mhlw.go.jp/27/index.php?action_kouhyou_detail_004_kani=true&JigyosyoCd=2792000396-00&ServiceCd=320&Type=search", "url2": "http://abikocare.co.jp/index.php" }, "geometry": { "type": "Point", "coordinates": [ 135.503898347238732, 34.613649000362443 ] } },
{ "type": "Feature", "properties": { "内容": "グループホームフォーユーあびこ【認知症対応型共同生活介護】大阪府大阪市住吉区杉本1-13-30", "url": "https://www.kaigokensaku.mhlw.go.jp/27/index.php?action_kouhyou_detail_004_kani=true&JigyosyoCd=2792000313-00&ServiceCd=320&Type=search", "url2": "http://www.nikken-m.jp/" }, "geometry": { "type": "Point", "coordinates": [ 135.508639, 34.5965963 ] } },
{ "type": "Feature", "properties": { "内容": "あびこケアセンターそよ風【認知症対応型共同生活介護】大阪府大阪市住吉区我孫子東3-3-11", "url": "https://www.kaigokensaku.mhlw.go.jp/27/index.php?action_kouhyou_detail_004_kani=true&JigyosyoCd=2772001745-00&ServiceCd=320&Type=search", "url2": "http://www.sykz.co.jp" }, "geometry": { "type": "Point", "coordinates": [ 135.511272, 34.5972045 ] } },
{ "type": "Feature", "properties": { "内容": "グループホームあびこやすらぎの里【認知症対応型共同生活介護】大阪府大阪市住吉区我孫子2-1-18", "url": "https://www.kaigokensaku.mhlw.go.jp/27/index.php?action_kouhyou_detail_004_kani=true&JigyosyoCd=2772001604-00&ServiceCd=320&Type=search", "url2": null }, "geometry": { "type": "Point", "coordinates": [ 135.509808578348697, 34.603332065839595 ] } },
{ "type": "Feature", "properties": { "内容": "みとうグループホーム公園通り【認知症対応型共同生活介護】大阪府大阪市東住吉区矢田2丁目4番4号", "url": "https://www.kaigokensaku.mhlw.go.jp/27/index.php?action_kouhyou_detail_004_kani=true&JigyosyoCd=2790800565-00&ServiceCd=320&Type=search", "url2": "http://www.mitouph.com/care/537/" }, "geometry": { "type": "Point", "coordinates": [ 135.530416669328872, 34.607592203810995 ] } },
{ "type": "Feature", "properties": { "内容": "医療法人淀井病院グループホームマルベリー【認知症対応型共同生活介護】大阪府大阪市東住吉区桑津５－８－１８", "url": "https://www.kaigokensaku.mhlw.go.jp/27/index.php?action_kouhyou_detail_004_kani=true&JigyosyoCd=2790800086-00&ServiceCd=320&Type=search", "url2": "http://www.kuwanomi-yodoi.or.jp" }, "geometry": { "type": "Point", "coordinates": [ 135.52935320000006, 34.635503 ] } },
{ "type": "Feature", "properties": { "内容": "グループホームたのしい家駒川中野【認知症対応型共同生活介護】大阪府大阪市東住吉区中野1丁目6番28号", "url": "https://www.kaigokensaku.mhlw.go.jp/27/index.php?action_kouhyou_detail_004_kani=true&JigyosyoCd=2790800524-00&ServiceCd=320&Type=search", "url2": "tanosiiie-komagawanakano@care.21co.jp" }, "geometry": { "type": "Point", "coordinates": [ 135.5365093, 34.623153245110473 ] } },
{ "type": "Feature", "properties": { "内容": "なでしこの家【認知症対応型共同生活介護】大阪市東住吉区中野２丁目５番１１号", "url": "https://www.kaigokensaku.mhlw.go.jp/27/index.php?action_kouhyou_detail_004_kani=true&JigyosyoCd=2790800110-00&ServiceCd=320&Type=search", "url2": "http://www.745165.co.jp/" }, "geometry": { "type": "Point", "coordinates": [ 135.5389887, 34.6223685 ] } },
{ "type": "Feature", "properties": { "内容": "グループホームのどか長居【認知症対応型共同生活介護】大阪府大阪市東住吉区公園南矢田１－１５－２２", "url": "https://www.kaigokensaku.mhlw.go.jp/27/index.php?action_kouhyou_detail_004_kani=true&JigyosyoCd=2790800128-00&ServiceCd=320&Type=search", "url2": "http://nodoka-kaigo.co.jp/" }, "geometry": { "type": "Point", "coordinates": [ 135.524301, 34.6078644 ] } },
{ "type": "Feature", "properties": { "内容": "グループホームつむぐ【認知症対応型共同生活介護】大阪府大阪市東住吉区矢田矢田３－１６－８花未来プラザ３階", "url": "https://www.kaigokensaku.mhlw.go.jp/27/index.php?action_kouhyou_detail_004_kani=true&JigyosyoCd=2790800482-00&ServiceCd=320&Type=search", "url2": "http://www.karan.or.jp/" }, "geometry": { "type": "Point", "coordinates": [ 135.529760376721214, 34.602649579158729 ] } },
{ "type": "Feature", "properties": { "内容": "グループホームうさぎ【認知症対応型共同生活介護】大阪府大阪市東住吉区矢田2-17-26", "url": "https://www.kaigokensaku.mhlw.go.jp/27/index.php?action_kouhyou_detail_004_kani=true&JigyosyoCd=2790800250-00&ServiceCd=320&Type=search", "url2": "https://kaigo-usagi.com" }, "geometry": { "type": "Point", "coordinates": [ 135.532195756097366, 34.608941756510141 ] } },
{ "type": "Feature", "properties": { "内容": "グループホームしらさぎ【認知症対応型共同生活介護】大阪府大阪市東住吉区今川８丁目３番１０号", "url": "https://www.kaigokensaku.mhlw.go.jp/27/index.php?action_kouhyou_detail_004_kani=true&JigyosyoCd=2770800809-00&ServiceCd=320&Type=search", "url2": "http://www.kjl.co.jp/" }, "geometry": { "type": "Point", "coordinates": [ 135.541349328172373, 34.626328298801326 ] } },
{ "type": "Feature", "properties": { "内容": "グループホーム　ジョイフル　しらさぎ【認知症対応型共同生活介護】大阪市東住吉区今川6-2-23", "url": "https://www.kaigokensaku.mhlw.go.jp/27/index.php?action_kouhyou_detail_004_kani=true&JigyosyoCd=2770801195-00&ServiceCd=320&Type=search", "url2": null }, "geometry": { "type": "Point", "coordinates": [ 135.542988299999934, 34.6288291 ] } },
{ "type": "Feature", "properties": { "内容": "グループホームたのしい家田辺【認知症対応型共同生活介護】大阪市東住吉区田辺２－１１－４３", "url": "https://www.kaigokensaku.mhlw.go.jp/27/index.php?action_kouhyou_detail_004_kani=true&JigyosyoCd=2770801682-00&ServiceCd=320&Type=search", "url2": null }, "geometry": { "type": "Point", "coordinates": [ 135.5279395, 34.6252264 ] } },
{ "type": "Feature", "properties": { "内容": "グループホームゆめ長居公園【認知症対応型共同生活介護】大阪府大阪市東住吉区鷹合３－１－３３", "url": "https://www.kaigokensaku.mhlw.go.jp/27/index.php?action_kouhyou_detail_004_kani=true&JigyosyoCd=2770801633-00&ServiceCd=320&Type=search", "url2": "https://www.smile-yume.com/nagai/grouphome/" }, "geometry": { "type": "Point", "coordinates": [ 135.527159100000063, 34.6123084 ] } },
{ "type": "Feature", "properties": { "内容": "認知症高齢者グループホームヴァンサンクソレイユ【認知症対応型共同生活介護】大阪府大阪市東住吉区湯里1-18-12", "url": "https://www.kaigokensaku.mhlw.go.jp/27/index.php?action_kouhyou_detail_004_kani=true&JigyosyoCd=2790800292-00&ServiceCd=320&Type=search", "url2": "http://kaseikai.or.jp/kaseikai/facility05" }, "geometry": { "type": "Point", "coordinates": [ 135.5356993, 34.613984800000047 ] } },
{ "type": "Feature", "properties": { "内容": "グループホーム　はなの街【認知症対応型共同生活介護】大阪府大阪市東住吉区住道矢田一丁目６番１０号グループホーム　はなの街", "url": "https://www.kaigokensaku.mhlw.go.jp/27/index.php?action_kouhyou_detail_004_kani=true&JigyosyoCd=2790800052-00&ServiceCd=320&Type=search", "url2": null }, "geometry": { "type": "Point", "coordinates": [ 135.533541, 34.60241810000003 ] } },
{ "type": "Feature", "properties": { "内容": "いこいの守・東住吉【認知症対応型共同生活介護】大阪市東住吉区住道矢田７丁目１２番３２号", "url": "https://www.kaigokensaku.mhlw.go.jp/27/index.php?action_kouhyou_detail_004_kani=true&JigyosyoCd=2770801203-00&ServiceCd=320&Type=search", "url2": "http://abikocare.co.jp" }, "geometry": { "type": "Point", "coordinates": [ 135.542233200000027, 34.6048009 ] } },
{ "type": "Feature", "properties": { "内容": "はーとふる【認知症対応型共同生活介護】大阪市東住吉区住道矢田4-20-5", "url": "https://www.kaigokensaku.mhlw.go.jp/27/index.php?action_kouhyou_detail_004_kani=true&JigyosyoCd=2790800201-00&ServiceCd=320&Type=search", "url2": null }, "geometry": { "type": "Point", "coordinates": [ 135.5399957, 34.600528 ] } },
{ "type": "Feature", "properties": { "内容": "アミライフ・東住吉【認知症対応型共同生活介護】大阪市東住吉区住道矢田６丁目２－２４", "url": "https://www.kaigokensaku.mhlw.go.jp/27/index.php?action_kouhyou_detail_004_kani=true&JigyosyoCd=2770801450-00&ServiceCd=320&Type=search", "url2": "http://abikocare.co.jp/ichiran/03.php" }, "geometry": { "type": "Point", "coordinates": [ 135.5394, 34.6063508 ] } },
{ "type": "Feature", "properties": { "内容": "いきいきグループホーム北津守【認知症対応型共同生活介護】大阪府大阪市西成区北津守１丁目６番２４号いきいきグループホーム北津守", "url": "https://www.kaigokensaku.mhlw.go.jp/27/index.php?action_kouhyou_detail_004_kani=true&JigyosyoCd=2793300522-00&ServiceCd=320&Type=search", "url2": null }, "geometry": { "type": "Point", "coordinates": [ 135.484828444844055, 34.654056708813599 ] } },
{ "type": "Feature", "properties": { "内容": "医療法人博愛会　グループホーム輝きの里【認知症対応型共同生活介護】大阪府大阪市西成区南津守3-9-15", "url": "https://www.kaigokensaku.mhlw.go.jp/27/index.php?action_kouhyou_detail_004_kani=true&JigyosyoCd=2793300456-00&ServiceCd=320&Type=search", "url2": null }, "geometry": { "type": "Point", "coordinates": [ 135.483348299999989, 34.6315679 ] } },
{ "type": "Feature", "properties": { "内容": "グループホーム　フレンド天下茶屋【認知症対応型共同生活介護】大阪府大阪市西成区天下茶屋北二丁目1番22号", "url": "https://www.kaigokensaku.mhlw.go.jp/27/index.php?action_kouhyou_detail_004_kani=true&JigyosyoCd=2793300118-00&ServiceCd=320&Type=search", "url2": "https://www.friend-grouphome.com/" }, "geometry": { "type": "Point", "coordinates": [ 135.501686000594333, 34.644707529387205 ] } },
{ "type": "Feature", "properties": { "内容": "グループホームのどか花園【認知症対応型共同生活介護】大阪市西成区花園南一丁目１３番３号", "url": "https://www.kaigokensaku.mhlw.go.jp/27/index.php?action_kouhyou_detail_004_kani=true&JigyosyoCd=2793300068-00&ServiceCd=320&Type=search", "url2": "http://nodoka-kaigo.co.jp/" }, "geometry": { "type": "Point", "coordinates": [ 135.496145, 34.64058 ] } },
{ "type": "Feature", "properties": { "内容": "グループホーム花園南【認知症対応型共同生活介護】大阪府大阪市西成区花園南1-13-24", "url": "https://www.kaigokensaku.mhlw.go.jp/27/index.php?action_kouhyou_detail_004_kani=true&JigyosyoCd=2793300084-00&ServiceCd=320&Type=search", "url2": "https://www.koikekaigo.co.jp/" }, "geometry": { "type": "Point", "coordinates": [ 135.495917899999966, 34.640590500000016 ] } },
{ "type": "Feature", "properties": { "内容": "グループホームモアーマインド千本北【認知症対応型共同生活介護】大阪府大阪市西成区千本北2-6-5", "url": "https://www.kaigokensaku.mhlw.go.jp/27/index.php?action_kouhyou_detail_004_kani=true&JigyosyoCd=2793300100-00&ServiceCd=320&Type=search", "url2": "http://moremind.jp/" }, "geometry": { "type": "Point", "coordinates": [ 135.487479200000053, 34.6377414 ] } },
{ "type": "Feature", "properties": { "内容": "グループホームのどか津守【認知症対応型共同生活介護】大阪府大阪市西成区津守一丁目７番３３号", "url": "https://www.kaigokensaku.mhlw.go.jp/27/index.php?action_kouhyou_detail_004_kani=true&JigyosyoCd=2773301789-00&ServiceCd=320&Type=search", "url2": "http://nodoka-kaigo.co.jp" }, "geometry": { "type": "Point", "coordinates": [ 135.484592626983613, 34.644935679547423 ] } },
{ "type": "Feature", "properties": { "内容": "グループホームハウゼン【認知症対応型共同生活介護】大阪市西成区南津守3丁目1番6号", "url": "https://www.kaigokensaku.mhlw.go.jp/27/index.php?action_kouhyou_detail_004_kani=true&JigyosyoCd=2773301623-00&ServiceCd=320&Type=search", "url2": "http://www.1049.cc/web/altcare-c/" }, "geometry": { "type": "Point", "coordinates": [ 135.485768399999984, 34.6330391 ] } },
{ "type": "Feature", "properties": { "内容": "グループホーム天下茶屋【認知症対応型共同生活介護】大阪市西成区天下茶屋2-18-32", "url": "https://www.kaigokensaku.mhlw.go.jp/27/index.php?action_kouhyou_detail_004_kani=true&JigyosyoCd=2773302159-00&ServiceCd=320&Type=search", "url2": "https://www.koikekaigo.co.jp/" }, "geometry": { "type": "Point", "coordinates": [ 135.499405700000011, 34.6426103 ] } },
{ "type": "Feature", "properties": { "内容": "グループホーム松通り【認知症対応型共同生活介護】大阪府大阪市西成区松2-8-4", "url": "https://www.kaigokensaku.mhlw.go.jp/27/index.php?action_kouhyou_detail_004_kani=true&JigyosyoCd=2773302167-00&ServiceCd=320&Type=search", "url2": "https://www.koikekaigo.co.jp/" }, "geometry": { "type": "Point", "coordinates": [ 135.491166300000032, 34.640707700000014 ] } },
{ "type": "Feature", "properties": { "内容": "グループホーム　モアーマインド【認知症対応型共同生活介護】大阪府大阪市西成区天下茶屋北2-4-14", "url": "https://www.kaigokensaku.mhlw.go.jp/27/index.php?action_kouhyou_detail_004_kani=true&JigyosyoCd=2773302175-00&ServiceCd=320&Type=search", "url2": "http://moremind.jp/" }, "geometry": { "type": "Point", "coordinates": [ 135.501075, 34.6431685 ] } },
{ "type": "Feature", "properties": { "内容": "愛の家グループホーム大阪松【認知症対応型共同生活介護】大阪府大阪市西成区松1-8-32", "url": "https://www.kaigokensaku.mhlw.go.jp/27/index.php?action_kouhyou_detail_004_kani=true&JigyosyoCd=2793300159-00&ServiceCd=320&Type=search", "url2": "https://mcs-ainoie.com/search/osaka/nishinariku/gh169/" }, "geometry": { "type": "Point", "coordinates": [ 135.493503499999946, 34.64158128061861 ] } },
{ "type": "Feature", "properties": { "内容": "株式会社　ツクイ　　ツクイ大阪玉出グループホーム【認知症対応型共同生活介護】大阪府大阪市西成区玉出西２－１１－７", "url": "https://www.kaigokensaku.mhlw.go.jp/27/index.php?action_kouhyou_detail_004_kani=true&JigyosyoCd=2773302183-00&ServiceCd=320&Type=search", "url2": "http://tsukui.net/" }, "geometry": { "type": "Point", "coordinates": [ 135.489232192030727, 34.625210660394323 ] } },
{ "type": "Feature", "properties": { "内容": "グループホームＡＭＧ【認知症対応型共同生活介護】大阪府大阪市西成区津守2-5-18メディカル・ケア・ビル", "url": "https://www.kaigokensaku.mhlw.go.jp/27/index.php?action_kouhyou_detail_004_kani=true&JigyosyoCd=2773302035-00&ServiceCd=320&Type=search", "url2": "http://ohb-amg.co.jp/osakahealthbank.html" }, "geometry": { "type": "Point", "coordinates": [ 135.484957442940868, 34.641417062591273 ] } },
{ "type": "Feature", "properties": { "内容": "高齢者グループホームなでしこ【認知症対応型共同生活介護】大阪府大阪市西成区南開１－６－１０アイビスコート２階３階", "url": "https://www.kaigokensaku.mhlw.go.jp/27/index.php?action_kouhyou_detail_004_kani=true&JigyosyoCd=2773300906-00&ServiceCd=320&Type=search", "url2": null }, "geometry": { "type": "Point", "coordinates": [ 135.4908785, 34.6514981 ] } },
{ "type": "Feature", "properties": { "内容": "グループホームめぐみ苑【認知症対応型共同生活介護】大阪市西成区千本北２－１２－２", "url": "https://www.kaigokensaku.mhlw.go.jp/27/index.php?action_kouhyou_detail_004_kani=true&JigyosyoCd=2773300328-00&ServiceCd=320&Type=search", "url2": "http://jifukukai-fukushi.jp/" }, "geometry": { "type": "Point", "coordinates": [ 135.487054299999954, 34.636261 ] } },
{ "type": "Feature", "properties": { "内容": "アンセジュール塚本【認知症対応型共同生活介護】大阪市淀川区塚本2丁目１８－１４", "url": "https://www.kaigokensaku.mhlw.go.jp/27/index.php?action_kouhyou_detail_004_kani=true&JigyosyoCd=2799100116-00&ServiceCd=320&Type=search", "url2": "http://www.shusokai.jp" }, "geometry": { "type": "Point", "coordinates": [ 135.4706787, 34.7131263 ] } },
{ "type": "Feature", "properties": { "内容": "グループホームここから加島Ⅱ【認知症対応型共同生活介護】大阪市淀川区加島4丁目2番30号", "url": "https://www.kaigokensaku.mhlw.go.jp/27/index.php?action_kouhyou_detail_004_kani=true&JigyosyoCd=2799100066-00&ServiceCd=320&Type=search", "url2": "http://www.cocokaragp.com/kashima2/" }, "geometry": { "type": "Point", "coordinates": [ 135.457135500000049, 34.7305765 ] } },
{ "type": "Feature", "properties": { "内容": "グループホームたのしい家木川東【認知症対応型共同生活介護】大阪府大阪市淀川区木川東１丁目５番１３号", "url": "https://www.kaigokensaku.mhlw.go.jp/27/index.php?action_kouhyou_detail_004_kani=true&JigyosyoCd=2799100108-00&ServiceCd=320&Type=search", "url2": null }, "geometry": { "type": "Point", "coordinates": [ 135.493026699999973, 34.7229952 ] } },
{ "type": "Feature", "properties": { "内容": "グループホームのどか三津屋【認知症対応型共同生活介護】大阪市淀川区三津屋中３－１－１２", "url": "https://www.kaigokensaku.mhlw.go.jp/27/index.php?action_kouhyou_detail_004_kani=true&JigyosyoCd=2799100082-00&ServiceCd=320&Type=search", "url2": "http://nodoka-kaigo.co.jp" }, "geometry": { "type": "Point", "coordinates": [ 135.466731900000013, 34.7257302 ] } },
{ "type": "Feature", "properties": { "内容": "グループホームこころあい三津屋【認知症対応型共同生活介護】大阪府大阪市淀川区三津屋中2丁目11-2", "url": "https://www.kaigokensaku.mhlw.go.jp/27/index.php?action_kouhyou_detail_004_kani=true&JigyosyoCd=2799100090-00&ServiceCd=320&Type=search", "url2": "http://gh-field.com/home/mitsuya/index.html" }, "geometry": { "type": "Point", "coordinates": [ 135.468301200000042, 34.7266662 ] } },
{ "type": "Feature", "properties": { "内容": "新大阪ケアコミュニティそよ風【認知症対応型共同生活介護】大阪府　大阪市淀川区　西宮原３丁目２番２２", "url": "https://www.kaigokensaku.mhlw.go.jp/27/index.php?action_kouhyou_detail_004_kani=true&JigyosyoCd=2779101563-00&ServiceCd=320&Type=search", "url2": "http://www.sykz.co.jp/" }, "geometry": { "type": "Point", "coordinates": [ 135.493298800000048, 34.7391155 ] } },
{ "type": "Feature", "properties": { "内容": "グループホームここから加島【認知症対応型共同生活介護】大阪府大阪市淀川区加島4丁目17番29号", "url": "https://www.kaigokensaku.mhlw.go.jp/27/index.php?action_kouhyou_detail_004_kani=true&JigyosyoCd=2779101803-00&ServiceCd=320&Type=search", "url2": "http://www.cocokaragp.com" }, "geometry": { "type": "Point", "coordinates": [ 135.451741500000026, 34.7319596 ] } },
{ "type": "Feature", "properties": { "内容": "グループホームたのしい家淀川【認知症対応型共同生活介護】大阪府大阪市淀川区十三元今里1-9-6", "url": "https://www.kaigokensaku.mhlw.go.jp/27/index.php?action_kouhyou_detail_004_kani=true&JigyosyoCd=2779101795-00&ServiceCd=320&Type=search", "url2": null }, "geometry": { "type": "Point", "coordinates": [ 135.4753229, 34.7169275 ] } },
{ "type": "Feature", "properties": { "内容": "ニチイケアセンター大阪加島　認知症対応型共同生活介護【認知症対応型共同生活介護】大阪府大阪市淀川区加島三丁目1番26号", "url": "https://www.kaigokensaku.mhlw.go.jp/27/index.php?action_kouhyou_detail_004_kani=true&JigyosyoCd=2799100025-00&ServiceCd=320&Type=search", "url2": "http://www.nichiigakkan.co.jp/" }, "geometry": { "type": "Point", "coordinates": [ 135.455771177315455, 34.727030011180581 ] } },
{ "type": "Feature", "properties": { "内容": "グループホーム　まつひろ【認知症対応型共同生活介護】大阪府大阪市淀川区三津屋南2-18-5", "url": "https://www.kaigokensaku.mhlw.go.jp/27/index.php?action_kouhyou_detail_004_kani=true&JigyosyoCd=2779101589-00&ServiceCd=320&Type=search", "url2": "https://sunhopelife.wordpress.com/" }, "geometry": { "type": "Point", "coordinates": [ 135.4702982, 34.7251554 ] } },
{ "type": "Feature", "properties": { "内容": "グループホームエベッサよどがわ【認知症対応型共同生活介護】大阪府大阪市淀川区西中島6丁目11番31号レーベネックス４F・５F・６F", "url": "https://www.kaigokensaku.mhlw.go.jp/27/index.php?action_kouhyou_detail_004_kani=true&JigyosyoCd=2799100447-00&ServiceCd=320&Type=search", "url2": "https://ebessa-cs.jp" }, "geometry": { "type": "Point", "coordinates": [ 135.4954026, 34.7291976 ] } },
{ "type": "Feature", "properties": { "内容": "グループホームこころあい塚本【認知症対応型共同生活介護】大阪府大阪市淀川区塚本5丁目12－18", "url": "https://www.kaigokensaku.mhlw.go.jp/27/index.php?action_kouhyou_detail_004_kani=true&JigyosyoCd=2799100496-00&ServiceCd=320&Type=search", "url2": "http://www.gh-field.com" }, "geometry": { "type": "Point", "coordinates": [ 135.4679858, 34.7187076 ] } },
{ "type": "Feature", "properties": { "内容": "グループホーム　リーベ・ファミリエ【認知症対応型共同生活介護】大阪府　大阪市　淀川区　十三本町　一丁目２１番１１号", "url": "https://www.kaigokensaku.mhlw.go.jp/27/index.php?action_kouhyou_detail_004_kani=true&JigyosyoCd=2779101696-00&ServiceCd=320&Type=search", "url2": "https://www.orres.jp/kaigonavi/" }, "geometry": { "type": "Point", "coordinates": [ 135.478430800000069, 34.719684 ] } },
{ "type": "Feature", "properties": { "内容": "アミライフ・鶴見【認知症対応型共同生活介護】大阪府大阪市鶴見区今津北２丁目６番８号アミライフ・鶴見", "url": "https://www.kaigokensaku.mhlw.go.jp/27/index.php?action_kouhyou_detail_004_kani=true&JigyosyoCd=2799200122-00&ServiceCd=320&Type=search", "url2": "http://abikocare.co.jp/index.php" }, "geometry": { "type": "Point", "coordinates": [ 135.5702774, 34.6945276 ] } },
{ "type": "Feature", "properties": { "内容": "グループホームきらら鶴見緑地【認知症対応型共同生活介護】大阪府大阪市鶴見区浜3-4-64", "url": "https://www.kaigokensaku.mhlw.go.jp/27/index.php?action_kouhyou_detail_004_kani=true&JigyosyoCd=2799200189-00&ServiceCd=320&Type=search", "url2": "https://www.starts-care.jp/kirara_tsurumiryokuchi/" }, "geometry": { "type": "Point", "coordinates": [ 135.584328551416377, 34.705433070175644 ] } },
{ "type": "Feature", "properties": { "内容": "グループホームさざなみ鶴見【認知症対応型共同生活介護】大阪府大阪市鶴見区中茶屋1丁目12番21号グループホームさざなみ鶴見", "url": "https://www.kaigokensaku.mhlw.go.jp/27/index.php?action_kouhyou_detail_004_kani=true&JigyosyoCd=2799200049-00&ServiceCd=320&Type=search", "url2": "https://sazanami-g.co.jp/" }, "geometry": { "type": "Point", "coordinates": [ 135.58475390000001, 34.7014979 ] } },
{ "type": "Feature", "properties": { "内容": "グループホーム放出ゆおびか【認知症対応型共同生活介護】大阪市鶴見区放出東一丁目28番21号", "url": "https://www.kaigokensaku.mhlw.go.jp/27/index.php?action_kouhyou_detail_004_kani=true&JigyosyoCd=2799200056-00&ServiceCd=320&Type=search", "url2": null }, "geometry": { "type": "Point", "coordinates": [ 135.565510099999983, 34.6933305 ] } },
{ "type": "Feature", "properties": { "内容": "まんてん堂グループホームつるみ緑地【認知症対応型共同生活介護】大阪府大阪市鶴見区鶴見６丁目３番２３号", "url": "https://www.kaigokensaku.mhlw.go.jp/27/index.php?action_kouhyou_detail_004_kani=true&JigyosyoCd=2799200155-00&ServiceCd=320&Type=search", "url2": "http://www.manten.org/service/facility01.html#anchor04" }, "geometry": { "type": "Point", "coordinates": [ 135.562429599999973, 34.7085676 ] } },
{ "type": "Feature", "properties": { "内容": "グループホームみさき中茶屋【認知症対応型共同生活介護】大阪府大阪市鶴見区中茶屋1-2-12", "url": "https://www.kaigokensaku.mhlw.go.jp/27/index.php?action_kouhyou_detail_004_kani=true&JigyosyoCd=2799200072-00&ServiceCd=320&Type=search", "url2": "https://misaki-kaigo.co.jp" }, "geometry": { "type": "Point", "coordinates": [ 135.584963900000048, 34.7011829 ] } },
{ "type": "Feature", "properties": { "内容": "グループホーム　たんぽぽの里【認知症対応型共同生活介護】大阪市鶴見区今津南3丁目5番5号", "url": "https://www.kaigokensaku.mhlw.go.jp/27/index.php?action_kouhyou_detail_004_kani=true&JigyosyoCd=2779200647-00&ServiceCd=320&Type=search", "url2": "http://www.liberta-vita.jp/" }, "geometry": { "type": "Point", "coordinates": [ 135.5738371, 34.6887424 ] } },
{ "type": "Feature", "properties": { "内容": "ニチイケアセンター鶴見今津　認知症対応型共同生活介護【認知症対応型共同生活介護】大阪府大阪市鶴見区今津南１-６-８", "url": "https://www.kaigokensaku.mhlw.go.jp/27/index.php?action_kouhyou_detail_004_kani=true&JigyosyoCd=2799200031-00&ServiceCd=320&Type=search", "url2": "http://www.nichiigakkan.co.jp" }, "geometry": { "type": "Point", "coordinates": [ 135.5687292, 34.6891839 ] } },
{ "type": "Feature", "properties": { "内容": "アミコ愛・あい・東加賀屋【認知症対応型共同生活介護】大阪市住之江区東加賀屋1丁目11番15号アミコ愛・あい・東加賀屋", "url": "https://www.kaigokensaku.mhlw.go.jp/27/index.php?action_kouhyou_detail_004_kani=true&JigyosyoCd=2795900261-00&ServiceCd=320&Type=search", "url2": "http://abikocare.co.jp/index.php" }, "geometry": { "type": "Point", "coordinates": [ 135.482812299999978, 34.62147420000003 ] } },
{ "type": "Feature", "properties": { "内容": "アミライフ・住之江【認知症対応型共同生活介護】大阪市住之江区御崎七丁目１１番２６号エル・セレーノ住之江", "url": "https://www.kaigokensaku.mhlw.go.jp/27/index.php?action_kouhyou_detail_004_kani=true&JigyosyoCd=2795900055-00&ServiceCd=320&Type=search", "url2": "https://abikocare.co.jp/index.php?ichiran-amisuminoe" }, "geometry": { "type": "Point", "coordinates": [ 135.480208599999969, 34.6046451 ] } },
{ "type": "Feature", "properties": { "内容": "グループホーム住之江【認知症対応型共同生活介護】大阪府大阪市住之江区新北島3丁目6番7号", "url": "https://www.kaigokensaku.mhlw.go.jp/27/index.php?action_kouhyou_detail_004_kani=true&JigyosyoCd=2795900113-00&ServiceCd=320&Type=search", "url2": null }, "geometry": { "type": "Point", "coordinates": [ 135.469070699999946, 34.6068973 ] } },
{ "type": "Feature", "properties": { "内容": "ニチイケアセンター住之江安立【認知症対応型共同生活介護】大阪府大阪市住之江区安立4-9-1", "url": "https://www.kaigokensaku.mhlw.go.jp/27/index.php?action_kouhyou_detail_004_kani=true&JigyosyoCd=2795900329-00&ServiceCd=320&Type=search", "url2": "https://www.nichiigakkan.co.jp/" }, "geometry": { "type": "Point", "coordinates": [ 135.487091499999963, 34.5996891 ] } },
{ "type": "Feature", "properties": { "内容": "グループホームのどか住之江【認知症対応型共同生活介護】大阪府大阪市住之江区北島2丁目2番8号", "url": "https://www.kaigokensaku.mhlw.go.jp/27/index.php?action_kouhyou_detail_004_kani=true&JigyosyoCd=2795900014-00&ServiceCd=320&Type=search", "url2": "http://nodoka-kaigo.co.jp" }, "geometry": { "type": "Point", "coordinates": [ 135.478611600000022, 34.6036757 ] } },
{ "type": "Feature", "properties": { "内容": "グループホーム北加賀屋【認知症対応型共同生活介護】大阪市住之江区東加賀屋1-10-10", "url": "https://www.kaigokensaku.mhlw.go.jp/27/index.php?action_kouhyou_detail_004_kani=true&JigyosyoCd=2795900071-00&ServiceCd=320&Type=search", "url2": null }, "geometry": { "type": "Point", "coordinates": [ 135.484699399999954, 34.6219071 ] } },
{ "type": "Feature", "properties": { "内容": "社会医療法人三宝会　グループホーム　北加賀屋１丁目のつるさんかめさんの家【認知症対応型共同生活介護】大阪府大阪市住之江区北加賀屋１丁目6-18", "url": "https://www.kaigokensaku.mhlw.go.jp/27/index.php?action_kouhyou_detail_004_kani=true&JigyosyoCd=2795900139-00&ServiceCd=320&Type=search", "url2": "http://www.nanko-hp.com/" }, "geometry": { "type": "Point", "coordinates": [ 135.479927500000031, 34.6224541 ] } },
{ "type": "Feature", "properties": { "内容": "東加賀屋のつるさんかめさんとみんなの家【認知症対応型共同生活介護】大阪府大阪市住之江区東加賀屋3丁目16番10号", "url": "https://www.kaigokensaku.mhlw.go.jp/27/index.php?action_kouhyou_detail_004_kani=true&JigyosyoCd=2795900287-00&ServiceCd=320&Type=search", "url2": null }, "geometry": { "type": "Point", "coordinates": [ 135.481767216532887, 34.614767110830272 ] } },
{ "type": "Feature", "properties": { "内容": "中加賀屋３丁目のつるさんかめさんとみんなの家【認知症対応型共同生活介護】大阪府大阪市住之江区中加賀屋3-1-21", "url": "https://www.kaigokensaku.mhlw.go.jp/27/index.php?action_kouhyou_detail_004_kani=true&JigyosyoCd=2795900337-00&ServiceCd=320&Type=search", "url2": "https://kenseikaigroup.or.jp/" }, "geometry": { "type": "Point", "coordinates": [ 135.481039384655759, 34.616812906572299 ] } },
{ "type": "Feature", "properties": { "内容": "グループホーム北加賀屋のつるさんかめさんの家【認知症対応型共同生活介護】大阪府大阪市住之江区北加賀屋５丁目2番２号北加賀屋のつるさんかめさんの家", "url": "https://www.kaigokensaku.mhlw.go.jp/27/index.php?action_kouhyou_detail_004_kani=true&JigyosyoCd=2795900196-00&ServiceCd=320&Type=search", "url2": "http://kenseikaigroup.or.jp/" }, "geometry": { "type": "Point", "coordinates": [ 135.47615086839005, 34.621816985429518 ] } },
{ "type": "Feature", "properties": { "内容": "高齢者グループホームしらなみ【認知症対応型共同生活介護】大阪府大阪市住之江区南港中３－３－４３", "url": "https://www.kaigokensaku.mhlw.go.jp/27/index.php?action_kouhyou_detail_004_kani=true&JigyosyoCd=2775900604-00&ServiceCd=320&Type=search", "url2": "http://kenseikaigroup.or.jp/" }, "geometry": { "type": "Point", "coordinates": [ 135.42190759999994, 34.6280711 ] } },
{ "type": "Feature", "properties": { "内容": "南加賀屋のつるさんかめさんの家【認知症対応型共同生活介護】大阪府大阪市住之江区南加賀屋４丁目８番２２号南加賀屋のつるさんかめさんの家", "url": "https://www.kaigokensaku.mhlw.go.jp/27/index.php?action_kouhyou_detail_004_kani=true&JigyosyoCd=2795900154-00&ServiceCd=320&Type=search", "url2": "http://www.nanko-hp.com/" }, "geometry": { "type": "Point", "coordinates": [ 135.474491543481832, 34.602577996125426 ] } },
{ "type": "Feature", "properties": { "内容": "グループホームのどか新北島【認知症対応型共同生活介護】大阪府大阪市住之江区新北島６-２-６０", "url": "https://www.kaigokensaku.mhlw.go.jp/27/index.php?action_kouhyou_detail_004_kani=true&JigyosyoCd=2795900063-00&ServiceCd=320&Type=search", "url2": "http://nodoka-kaigo.co.jp" }, "geometry": { "type": "Point", "coordinates": [ 135.464065311812988, 34.605702085202005 ] } },
{ "type": "Feature", "properties": { "内容": "グループホーム　れもんの樹加美正覚寺【認知症対応型共同生活介護】大阪府大阪市平野区加美正覚寺3-7-19", "url": "https://www.kaigokensaku.mhlw.go.jp/27/index.php?action_kouhyou_detail_004_kani=true&JigyosyoCd=2795800560-00&ServiceCd=320&Type=search", "url2": "http://warm-up.co.jp" }, "geometry": { "type": "Point", "coordinates": [ 135.564583500000026, 34.6324735 ] } },
{ "type": "Feature", "properties": { "内容": "グループホームハピネスくるみの里【認知症対応型共同生活介護】大阪府大阪市平野区瓜破西2-5-25グループホームハピネスくるみの里", "url": "https://www.kaigokensaku.mhlw.go.jp/27/index.php?action_kouhyou_detail_004_kani=true&JigyosyoCd=2795800651-00&ServiceCd=320&Type=search", "url2": "https://e-kaigo.net/" }, "geometry": { "type": "Point", "coordinates": [ 135.547943708598325, 34.603882254423404 ] } },
{ "type": "Feature", "properties": { "内容": "ニチイケアセンター長原　認知症対応型共同生活介護【認知症対応型共同生活介護】大阪市平野区長吉長原東3-2-5", "url": "https://www.kaigokensaku.mhlw.go.jp/27/index.php?action_kouhyou_detail_004_kani=true&JigyosyoCd=2795800099-00&ServiceCd=320&Type=search", "url2": "http://www.nichiigakkan.co.jp" }, "geometry": { "type": "Point", "coordinates": [ 135.575544600000057, 34.6013658 ] } },
{ "type": "Feature", "properties": { "内容": "ニチイケアセンターかわなべ【認知症対応型共同生活介護】大阪府大阪市平野区長吉川辺2丁目北2番3号", "url": "https://www.kaigokensaku.mhlw.go.jp/27/index.php?action_kouhyou_detail_004_kani=true&JigyosyoCd=2795800073-00&ServiceCd=320&Type=search", "url2": "http://www.nichiigakkan.co.jp" }, "geometry": { "type": "Point", "coordinates": [ 135.571979816532917, 34.598679967236194 ] } },
{ "type": "Feature", "properties": { "内容": "ニチイケアセンター平野北　認知症対応型共同生活介護【認知症対応型共同生活介護】大阪市平野区平野北２丁目１４番６号オオクラ医療複合ビル　３・４階", "url": "https://www.kaigokensaku.mhlw.go.jp/27/index.php?action_kouhyou_detail_004_kani=true&JigyosyoCd=2795800131-00&ServiceCd=320&Type=search", "url2": "http://www.nichiigakkan.co.jp" }, "geometry": { "type": "Point", "coordinates": [ 135.55718980000006, 34.6302737 ] } },
{ "type": "Feature", "properties": { "内容": "グループホームオアシス平野【認知症対応型共同生活介護】大阪府大阪市平野区背戸口三丁目7番18号", "url": "https://www.kaigokensaku.mhlw.go.jp/27/index.php?action_kouhyou_detail_004_kani=true&JigyosyoCd=2795800404-00&ServiceCd=320&Type=search", "url2": "http://oasisgroup.or.jp/" }, "geometry": { "type": "Point", "coordinates": [ 135.54638197983175, 34.621588118125047 ] } },
{ "type": "Feature", "properties": { "内容": "みとうグループホーム花の里【認知症対応型共同生活介護】大阪府大阪市平野区長吉出戸4-1-5", "url": "https://www.kaigokensaku.mhlw.go.jp/27/index.php?action_kouhyou_detail_004_kani=true&JigyosyoCd=2775802131-00&ServiceCd=320&Type=search", "url2": "http://www.mitouph.com/" }, "geometry": { "type": "Point", "coordinates": [ 135.56662289999997, 34.6113923 ] } },
{ "type": "Feature", "properties": { "内容": "ひらのケアセンターそよ風【認知症対応型共同生活介護】大阪府大阪市平野区長吉長原４－１７－６", "url": "https://www.kaigokensaku.mhlw.go.jp/27/index.php?action_kouhyou_detail_004_kani=true&JigyosyoCd=2775801398-00&ServiceCd=320&Type=search", "url2": null }, "geometry": { "type": "Point", "coordinates": [ 135.572417099999939, 34.601449 ] } },
{ "type": "Feature", "properties": { "内容": "グループホームのどか平野【認知症対応型共同生活介護】大阪府大阪市平野区瓜破東3丁目1番15号", "url": "https://www.kaigokensaku.mhlw.go.jp/27/index.php?action_kouhyou_detail_004_kani=true&JigyosyoCd=2775802081-00&ServiceCd=320&Type=search", "url2": "http://nodoka-kaigo.co.jp" }, "geometry": { "type": "Point", "coordinates": [ 135.5575012, 34.6057732 ] } },
{ "type": "Feature", "properties": { "内容": "グループホームアムール平野【認知症対応型共同生活介護】大阪府大阪市平野区背戸口1-12-10", "url": "https://www.kaigokensaku.mhlw.go.jp/27/index.php?action_kouhyou_detail_004_kani=true&JigyosyoCd=2775801935-00&ServiceCd=320&Type=search", "url2": "https://www.e-lifepartner.co.jp/" }, "geometry": { "type": "Point", "coordinates": [ 135.5417431, 34.6228096 ] } },
{ "type": "Feature", "properties": { "内容": "グループホーム　明日香の里【認知症対応型共同生活介護】大阪府大阪市平野区加美北４丁目７番１０号", "url": "https://www.kaigokensaku.mhlw.go.jp/27/index.php?action_kouhyou_detail_004_kani=true&JigyosyoCd=2775802206-00&ServiceCd=320&Type=search", "url2": "http://www.asukanosato.co.jp" }, "geometry": { "type": "Point", "coordinates": [ 135.560439299999985, 34.6377563 ] } },
{ "type": "Feature", "properties": { "内容": "ニチイケアセンター加美北　認知症対応型共同生活介護【認知症対応型共同生活介護】大阪市平野区加美北六丁目１０番１３号", "url": "https://www.kaigokensaku.mhlw.go.jp/27/index.php?action_kouhyou_detail_004_kani=true&JigyosyoCd=2795800081-00&ServiceCd=320&Type=search", "url2": "http://www.nichiigakkan.co.jp" }, "geometry": { "type": "Point", "coordinates": [ 135.553828800000019, 34.6351621 ] } },
{ "type": "Feature", "properties": { "内容": "ニチイケアセンター平野南【認知症対応型共同生活介護】大阪府大阪市平野区喜連東５丁目１５番２６号", "url": "https://www.kaigokensaku.mhlw.go.jp/27/index.php?action_kouhyou_detail_004_kani=true&JigyosyoCd=2795800321-00&ServiceCd=320&Type=search", "url2": "https://www.nichii-kaigo.jp/base/base-result/05Q98/" }, "geometry": { "type": "Point", "coordinates": [ 135.565622662565602, 34.611028580750791 ] } },
{ "type": "Feature", "properties": { "内容": "グループホーム　成寿苑【認知症対応型共同生活介護】大阪府大阪市平野区平野東4丁目1-26", "url": "https://www.kaigokensaku.mhlw.go.jp/27/index.php?action_kouhyou_detail_004_kani=true&JigyosyoCd=2775802214-00&ServiceCd=320&Type=search", "url2": "https://seijyuen.com/" }, "geometry": { "type": "Point", "coordinates": [ 135.561426576057443, 34.623218762277403 ] } },
{ "type": "Feature", "properties": { "内容": "グループホームナチュラル【認知症対応型共同生活介護】大阪府大阪市平野区西脇2-12-23", "url": "https://www.kaigokensaku.mhlw.go.jp/27/index.php?action_kouhyou_detail_004_kani=true&JigyosyoCd=2775801737-00&ServiceCd=320&Type=search", "url2": "https://www.natureheals.net/" }, "geometry": { "type": "Point", "coordinates": [ 135.544432699999987, 34.6256523 ] } },
{ "type": "Feature", "properties": { "内容": "グループホームたのしい家平野【認知症対応型共同生活介護】大阪市平野区加美西2-6-13", "url": "https://www.kaigokensaku.mhlw.go.jp/27/index.php?action_kouhyou_detail_004_kani=true&JigyosyoCd=2775802198-00&ServiceCd=320&Type=search", "url2": null }, "geometry": { "type": "Point", "coordinates": [ 135.564244899999977, 34.624404900000023 ] } },
{ "type": "Feature", "properties": { "内容": "グループホームサンビック【認知症対応型共同生活介護】大阪市平野区加美北一丁目１３番１９号グループホームサンビック", "url": "https://www.kaigokensaku.mhlw.go.jp/27/index.php?action_kouhyou_detail_004_kani=true&JigyosyoCd=2775802164-00&ServiceCd=320&Type=search", "url2": "http://www.sunbic-home.com/" }, "geometry": { "type": "Point", "coordinates": [ 135.555347899999987, 34.6423085 ] } },
{ "type": "Feature", "properties": { "内容": "グループホームサンビック２【認知症対応型共同生活介護】大阪市平野区加美北一丁目２２番２９号グループホームサンビック２", "url": "https://www.kaigokensaku.mhlw.go.jp/27/index.php?action_kouhyou_detail_004_kani=true&JigyosyoCd=2795800164-00&ServiceCd=320&Type=search", "url2": "http://www.sunbic-home.com/" }, "geometry": { "type": "Point", "coordinates": [ 135.556300700000065, 34.6404587 ] } },
{ "type": "Feature", "properties": { "内容": "みのりグループホーム平野【認知症対応型共同生活介護】大阪府大阪市平野区長吉川辺４丁目１番５６号みのりグループホーム平野", "url": "https://www.kaigokensaku.mhlw.go.jp/27/index.php?action_kouhyou_detail_004_kani=true&JigyosyoCd=2795800115-00&ServiceCd=320&Type=search", "url2": "http://www.minori-gh.jp/" }, "geometry": { "type": "Point", "coordinates": [ 135.569903699999941, 34.5907362 ] } },
{ "type": "Feature", "properties": { "内容": "アイケアホーム瓜破【認知症対応型共同生活介護】大阪府大阪市平野区瓜破南2丁目4番3号アイケアホーム瓜破", "url": "https://www.kaigokensaku.mhlw.go.jp/27/index.php?action_kouhyou_detail_004_kani=true&JigyosyoCd=2775802008-00&ServiceCd=320&Type=search", "url2": null }, "geometry": { "type": "Point", "coordinates": [ 135.559989800000011, 34.5960059 ] } },
{ "type": "Feature", "properties": { "内容": "グループホームひかり天神橋【認知症対応型共同生活介護】大阪府大阪市北区長柄西2丁目12番19号", "url": "https://www.kaigokensaku.mhlw.go.jp/27/index.php?action_kouhyou_detail_004_kani=true&JigyosyoCd=2794100053-00&ServiceCd=320&Type=search", "url2": "http://www.gh-hikari.co.jp" }, "geometry": { "type": "Point", "coordinates": [ 135.514041499999962, 34.7186547 ] } },
{ "type": "Feature", "properties": { "内容": "グループホーム　天神橋やすらぎの里【認知症対応型共同生活介護】大阪市北区菅栄町5-2", "url": "https://www.kaigokensaku.mhlw.go.jp/27/index.php?action_kouhyou_detail_004_kani=true&JigyosyoCd=2794100079-00&ServiceCd=320&Type=search", "url2": null }, "geometry": { "type": "Point", "coordinates": [ 135.514605299999971, 34.7089947 ] } },
{ "type": "Feature", "properties": { "内容": "医療福祉生協おおさかグループホームびろうじゅおおよど【認知症対応型共同生活介護】大阪市北区大淀中1丁目6番26号", "url": "https://www.kaigokensaku.mhlw.go.jp/27/index.php?action_kouhyou_detail_004_kani=true&JigyosyoCd=2774101550-00&ServiceCd=320&Type=search", "url2": "http://www.coop-naniwa.com" }, "geometry": { "type": "Point", "coordinates": [ 135.489077100000031, 34.7071525 ] } },
{ "type": "Feature", "properties": { "内容": "グループホームアセス北梅田【認知症対応型共同生活介護】大阪府大阪市北区本庄西一丁目９番１２号朝日プラザ北梅田2階", "url": "https://www.kaigokensaku.mhlw.go.jp/27/index.php?action_kouhyou_detail_004_kani=true&JigyosyoCd=2794100020-00&ServiceCd=320&Type=search", "url2": "http://www.aseskitaumeda.co.jp/pc/index.html" }, "geometry": { "type": "Point", "coordinates": [ 135.505034, 34.7105943 ] } },
{ "type": "Feature", "properties": { "内容": "大阪城南ケアセンターそよ風【認知症対応型共同生活介護】大阪府大阪市中央区森ノ宮中央2-5-3", "url": "https://www.kaigokensaku.mhlw.go.jp/27/index.php?action_kouhyou_detail_004_kani=true&JigyosyoCd=2799400011-00&ServiceCd=320&Type=search", "url2": "http://www.unimat-rc.co.jp/" }, "geometry": { "type": "Point", "coordinates": [ 135.529152, 34.6802756 ] } },
{ "type": "Feature", "properties": { "内容": "グループホームさざなみ　松屋町【認知症対応型共同生活介護】大阪府大阪市中央区瓦屋町１－７－１１", "url": "https://www.kaigokensaku.mhlw.go.jp/27/index.php?action_kouhyou_detail_004_kani=true&JigyosyoCd=2799400045-00&ServiceCd=320&Type=search", "url2": "http://www.sazanami-g.co.jp" }, "geometry": { "type": "Point", "coordinates": [ 135.51240370000005, 34.67309 ] } },
{ "type": "Feature", "properties": { "内容": "ニッケてとて本町【認知症対応型共同生活介護】大阪府大阪市中央区内淡路町３丁目1-18", "url": "https://www.kaigokensaku.mhlw.go.jp/27/index.php?action_kouhyou_detail_004_kani=true&JigyosyoCd=2799400086-00&ServiceCd=320&Type=search", "url2": "http://nikkecare.com/" }, "geometry": { "type": "Point", "coordinates": [ 135.510302979133201, 34.687202644948414 ] } },
{ "type": "Feature", "properties": { "内容": "グループホーム　フレンド大阪中央【認知症対応型共同生活介護】大阪府大阪市中央区高津３丁目１４－２６", "url": "https://www.kaigokensaku.mhlw.go.jp/27/index.php?action_kouhyou_detail_004_kani=true&JigyosyoCd=2799400060-00&ServiceCd=320&Type=search", "url2": "http://www.friend-grouphome.com/product/osakachuoh/" }, "geometry": { "type": "Point", "coordinates": [ 135.510595700000067, 34.664441 ] } },
{ "type": "Feature", "properties": { "内容": "ニチイケアセンター堺緑ヶ丘グループホームニチイのほほえみ【認知症対応型共同生活介護】大阪府堺市堺区緑ヶ丘中町1-4-30", "url": "https://www.kaigokensaku.mhlw.go.jp/27/index.php?action_kouhyou_detail_004_kani=true&JigyosyoCd=2796000095-00&ServiceCd=320&Type=search", "url2": "http://www.nichiigakkan.co.jp/" }, "geometry": { "type": "Point", "coordinates": [ 135.470043600000054, 34.5557275 ] } },
{ "type": "Feature", "properties": { "内容": "ニチイケアセンター津久野　グループホーム　ニチイのほほえみ【認知症対応型共同生活介護】大阪府堺市堺区神石市之町16番25号FOCTファーストビル3Ｆ", "url": "https://www.kaigokensaku.mhlw.go.jp/27/index.php?action_kouhyou_detail_004_kani=true&JigyosyoCd=2796000079-00&ServiceCd=320&Type=search", "url2": "http://www.nichii-kaigo.jp/" }, "geometry": { "type": "Point", "coordinates": [ 135.465754599999968, 34.5480779 ] } },
{ "type": "Feature", "properties": { "内容": "グループホーム少林寺館【認知症対応型共同生活介護】大阪府堺市堺区寺地町東4丁2番31号", "url": "https://www.kaigokensaku.mhlw.go.jp/27/index.php?action_kouhyou_detail_004_kani=true&JigyosyoCd=2796000194-00&ServiceCd=320&Type=search", "url2": "http://www.alliance-club.jp/" }, "geometry": { "type": "Point", "coordinates": [ 135.473325445921887, 34.57179323868025 ] } },
{ "type": "Feature", "properties": { "内容": "グループホームたいよう堺東【認知症対応型共同生活介護】大阪府堺市堺区今池町1-1-56", "url": "https://www.kaigokensaku.mhlw.go.jp/27/index.php?action_kouhyou_detail_004_kani=true&JigyosyoCd=2796000434-00&ServiceCd=320&Type=search", "url2": "https://taiyounoie.com/" }, "geometry": { "type": "Point", "coordinates": [ 135.488264822568908, 34.582054693949743 ] } },
{ "type": "Feature", "properties": { "内容": "堺ケアセンターそよ風【認知症対応型共同生活介護】大阪府堺市堺区南島町5-161-2", "url": "https://www.kaigokensaku.mhlw.go.jp/27/index.php?action_kouhyou_detail_004_kani=true&JigyosyoCd=2770109078-00&ServiceCd=320&Type=search", "url2": "https://www.sykz.co.jp" }, "geometry": { "type": "Point", "coordinates": [ 135.473178800000028, 34.5960902 ] } },
{ "type": "Feature", "properties": { "内容": "グループホーム　ピジョン霞ヶ丘【認知症対応型共同生活介護】大阪府堺市堺区霞ヶ丘町３丁６番２号", "url": "https://www.kaigokensaku.mhlw.go.jp/27/index.php?action_kouhyou_detail_004_kani=true&JigyosyoCd=2770107106-00&ServiceCd=320&Type=search", "url2": "http://h-mutsuo.com" }, "geometry": { "type": "Point", "coordinates": [ 135.469688099999985, 34.5531833 ] } },
{ "type": "Feature", "properties": { "内容": "グループホーム翁園【認知症対応型共同生活介護】大阪府堺市堺区翁橋町２丁５番２０号", "url": "https://www.kaigokensaku.mhlw.go.jp/27/index.php?action_kouhyou_detail_004_kani=true&JigyosyoCd=2770107882-00&ServiceCd=320&Type=search", "url2": "http://www.okinaen.net" }, "geometry": { "type": "Point", "coordinates": [ 135.480562100000043, 34.5711399 ] } },
{ "type": "Feature", "properties": { "内容": "グループホームアル・ソーレ【認知症対応型共同生活介護】大阪府堺市堺区甲斐町西２丁１番１５号", "url": "https://www.kaigokensaku.mhlw.go.jp/27/index.php?action_kouhyou_detail_004_kani=true&JigyosyoCd=2770104848-00&ServiceCd=320&Type=search", "url2": "http://www.alsole.or.jp/" }, "geometry": { "type": "Point", "coordinates": [ 135.472220900000025, 34.5784723 ] } },
{ "type": "Feature", "properties": { "内容": "グループホームたいよう浅香山【認知症対応型共同生活介護】大阪府堺市堺区今池町１－３－２１", "url": "https://www.kaigokensaku.mhlw.go.jp/27/index.php?action_kouhyou_detail_004_kani=true&JigyosyoCd=2776004281-00&ServiceCd=320&Type=search", "url2": "http://www.taiyounoie.com/" }, "geometry": { "type": "Point", "coordinates": [ 135.48926997976227, 34.583216681208462 ] } },
{ "type": "Feature", "properties": { "内容": "グループホーム　こころとからだ東湊【認知症対応型共同生活介護】大阪府堺市堺区東湊町6丁358-1", "url": "https://www.kaigokensaku.mhlw.go.jp/27/index.php?action_kouhyou_detail_004_kani=true&JigyosyoCd=2796000053-00&ServiceCd=320&Type=search", "url2": "http://cocokaragp.com/" }, "geometry": { "type": "Point", "coordinates": [ 135.4660858, 34.5633575 ] } },
{ "type": "Feature", "properties": { "内容": "医療法人藤田好生会グループホームいこいの家【認知症対応型共同生活介護】大阪府堺市堺区出島浜通35-5", "url": "https://www.kaigokensaku.mhlw.go.jp/27/index.php?action_kouhyou_detail_004_kani=true&JigyosyoCd=2770104053-00&ServiceCd=320&Type=search", "url2": "http://towncorp.jp/ikoinoie/" }, "geometry": { "type": "Point", "coordinates": [ 135.4573476, 34.5701363 ] } },
{ "type": "Feature", "properties": { "内容": "ピュアネス三国ヶ丘【認知症対応型共同生活介護】大阪府堺市堺区向陵西町4丁６番３号", "url": "https://www.kaigokensaku.mhlw.go.jp/27/index.php?action_kouhyou_detail_004_kani=true&JigyosyoCd=2796000368-00&ServiceCd=320&Type=search", "url2": null }, "geometry": { "type": "Point", "coordinates": [ 135.4922177, 34.5671559 ] } },
{ "type": "Feature", "properties": { "内容": "グループホームソラストまなか堺【認知症対応型共同生活介護】大阪府堺市堺区緑ヶ丘中町1-4-25", "url": "https://www.kaigokensaku.mhlw.go.jp/27/index.php?action_kouhyou_detail_004_kani=true&JigyosyoCd=2796000335-00&ServiceCd=320&Type=search", "url2": "https://solasto-kaigo.com/service/grouphome/manakasakai" }, "geometry": { "type": "Point", "coordinates": [ 135.4702307, 34.5556217 ] } },
{ "type": "Feature", "properties": { "内容": "医療法人真芳会　いきいきグループホーム【認知症対応型共同生活介護】堺市堺区大浜北町３丁１０－１６いきいき俱楽部館大浜", "url": "https://www.kaigokensaku.mhlw.go.jp/27/index.php?action_kouhyou_detail_004_kani=true&JigyosyoCd=2796000038-00&ServiceCd=320&Type=search", "url2": "http://www.shinhoukai.or.jp" }, "geometry": { "type": "Point", "coordinates": [ 135.461699299999964, 34.5787636 ] } },
{ "type": "Feature", "properties": { "内容": "ニチイケアセンター堺八田荘【認知症対応型共同生活介護】大阪府堺市中区八田北町320-1", "url": "https://www.kaigokensaku.mhlw.go.jp/27/index.php?action_kouhyou_detail_004_kani=true&JigyosyoCd=2796100077-00&ServiceCd=320&Type=search", "url2": "https://www.nichii-kaigo.jp/base/base-result/05K68/" }, "geometry": { "type": "Point", "coordinates": [ 135.4880177, 34.5222538 ] } },
{ "type": "Feature", "properties": { "内容": "グループホームひがしやま【認知症対応型共同生活介護】大阪府堺市中区東山７１９－１", "url": "https://www.kaigokensaku.mhlw.go.jp/27/index.php?action_kouhyou_detail_004_kani=true&JigyosyoCd=2796100101-00&ServiceCd=320&Type=search", "url2": "http://www.community.or.jp" }, "geometry": { "type": "Point", "coordinates": [ 135.504419, 34.5219596 ] } },
{ "type": "Feature", "properties": { "内容": "グループホーム　いこいの守・堺【認知症対応型共同生活介護】大阪府堺市中区深井北町３５００番地", "url": "https://www.kaigokensaku.mhlw.go.jp/27/index.php?action_kouhyou_detail_004_kani=true&JigyosyoCd=2770106785-00&ServiceCd=320&Type=search", "url2": "http://abikocare.co.jp/index.php" }, "geometry": { "type": "Point", "coordinates": [ 135.491894699999989, 34.5386245 ] } },
{ "type": "Feature", "properties": { "内容": "ベルアモールハウス【認知症対応型共同生活介護】大阪府堺市中区深井畑山町211", "url": "https://www.kaigokensaku.mhlw.go.jp/27/index.php?action_kouhyou_detail_004_kani=true&JigyosyoCd=2770103295-00&ServiceCd=320&Type=search", "url2": "http://www.seichokai.or.jp/amorhouse/" }, "geometry": { "type": "Point", "coordinates": [ 135.508505747885124, 34.52576282253419 ] } },
{ "type": "Feature", "properties": { "内容": "グループホーム　クレーネ堺【認知症対応型共同生活介護】大阪府堺市中区福田３３９番地２", "url": "https://www.kaigokensaku.mhlw.go.jp/27/index.php?action_kouhyou_detail_004_kani=true&JigyosyoCd=2770104251-00&ServiceCd=320&Type=search", "url2": "https://kurene.jp/" }, "geometry": { "type": "Point", "coordinates": [ 135.526208799999949, 34.5186131 ] } },
{ "type": "Feature", "properties": { "内容": "あいする久世グループホーム【認知症対応型共同生活介護】大阪府堺市中区東八田３８７－１", "url": "https://www.kaigokensaku.mhlw.go.jp/27/index.php?action_kouhyou_detail_004_kani=true&JigyosyoCd=2770105860-00&ServiceCd=320&Type=search", "url2": "http://www.houseikai.net" }, "geometry": { "type": "Point", "coordinates": [ 135.493695041698857, 34.523403260568656 ] } },
{ "type": "Feature", "properties": { "内容": "ツクイ堺深阪グループホーム【認知症対応型共同生活介護】大阪府堺市中区深阪4丁1番62号", "url": "https://www.kaigokensaku.mhlw.go.jp/27/index.php?action_kouhyou_detail_004_kani=true&JigyosyoCd=2770109003-00&ServiceCd=320&Type=search", "url2": "http://www.tsukui.net" }, "geometry": { "type": "Point", "coordinates": [ 135.502238900000066, 34.5126828 ] } },
{ "type": "Feature", "properties": { "内容": "ニチイケアセンター泉ヶ丘【認知症対応型共同生活介護】大阪府堺市中区深阪3丁1番74号", "url": "https://www.kaigokensaku.mhlw.go.jp/27/index.php?action_kouhyou_detail_004_kani=true&JigyosyoCd=2796100069-00&ServiceCd=320&Type=search", "url2": "https://www.nichiigakkan.co.jp/" }, "geometry": { "type": "Point", "coordinates": [ 135.5018897, 34.5096039 ] } },
{ "type": "Feature", "properties": { "内容": "グループホーム福田の郷【認知症対応型共同生活介護】大阪府堺市中区福田258番地", "url": "https://www.kaigokensaku.mhlw.go.jp/27/index.php?action_kouhyou_detail_004_kani=true&JigyosyoCd=2796100309-00&ServiceCd=320&Type=search", "url2": "http://fukudanosato.com" }, "geometry": { "type": "Point", "coordinates": [ 135.528488900000013, 34.5156118 ] } },
{ "type": "Feature", "properties": { "内容": "ラビアンローズ上野芝【認知症対応型共同生活介護】大阪府堺市中区深井中町880番地24ラビアンローズ上野芝", "url": "https://www.kaigokensaku.mhlw.go.jp/27/index.php?action_kouhyou_detail_004_kani=true&JigyosyoCd=2796100044-00&ServiceCd=320&Type=search", "url2": "http://www.j-longlife.co.jp/ueno/" }, "geometry": { "type": "Point", "coordinates": [ 135.481714499999981, 34.5366047 ] } },
{ "type": "Feature", "properties": { "内容": "グループホーム　フローラ【認知症対応型共同生活介護】大阪府堺市中区福田　５４９番地8", "url": "https://www.kaigokensaku.mhlw.go.jp/27/index.php?action_kouhyou_detail_004_kani=true&JigyosyoCd=2770108971-00&ServiceCd=320&Type=search", "url2": "https://kurene.jp/" }, "geometry": { "type": "Point", "coordinates": [ 135.524174300000027, 34.521081 ] } },
{ "type": "Feature", "properties": { "内容": "白鷺すみれホーム【認知症対応型共同生活介護】大阪府堺市東区白鷺町3丁13-25", "url": "https://www.kaigokensaku.mhlw.go.jp/27/index.php?action_kouhyou_detail_004_kani=true&JigyosyoCd=2796200166-00&ServiceCd=320&Type=search", "url2": "https://shirasagi-sumire.jp/" }, "geometry": { "type": "Point", "coordinates": [ 135.521841240475453, 34.547854418418204 ] } },
{ "type": "Feature", "properties": { "内容": "グループホーム　さかいの憩【認知症対応型共同生活介護】大阪府堺市東区日置荘原寺町402-1グループホーム　さかいの憩", "url": "https://www.kaigokensaku.mhlw.go.jp/27/index.php?action_kouhyou_detail_004_kani=true&JigyosyoCd=2796200083-00&ServiceCd=320&Type=search", "url2": "https://www.frontier-gp.jp/nursing-home-search/detail/sakai_gh" }, "geometry": { "type": "Point", "coordinates": [ 135.541240300000027, 34.5369559 ] } },
{ "type": "Feature", "properties": { "内容": "グループホーム　マーヤの家日置荘【認知症対応型共同生活介護】大阪府堺市東区日置荘原寺町390-3", "url": "https://www.kaigokensaku.mhlw.go.jp/27/index.php?action_kouhyou_detail_004_kani=true&JigyosyoCd=2796200018-00&ServiceCd=320&Type=search", "url2": "http://ma-ya.org" }, "geometry": { "type": "Point", "coordinates": [ 135.54192782980806, 34.535828349991242 ] } },
{ "type": "Feature", "properties": { "内容": "ハーモニープラザ【認知症対応型共同生活介護】大阪府堺市東区南野田35番地", "url": "https://www.kaigokensaku.mhlw.go.jp/27/index.php?action_kouhyou_detail_004_kani=true&JigyosyoCd=2770108963-00&ServiceCd=320&Type=search", "url2": "http://www.harmony.or.jp/" }, "geometry": { "type": "Point", "coordinates": [ 135.548142900000016, 34.522226900000021 ] } },
{ "type": "Feature", "properties": { "内容": "つるぎ荘・やしもグループホーム【認知症対応型共同生活介護】大阪府堺市東区石原町３丁１５０番地", "url": "https://www.kaigokensaku.mhlw.go.jp/27/index.php?action_kouhyou_detail_004_kani=true&JigyosyoCd=2770108013-00&ServiceCd=320&Type=search", "url2": "http://sobikai.or.jp/" }, "geometry": { "type": "Point", "coordinates": [ 135.532821300000023, 34.5522124 ] } },
{ "type": "Feature", "properties": { "内容": "愛の家グループホーム堺日置荘北町【認知症対応型共同生活介護】大阪府堺市東区日置荘北町3丁1-52", "url": "https://www.kaigokensaku.mhlw.go.jp/27/index.php?action_kouhyou_detail_004_kani=true&JigyosyoCd=2796200117-00&ServiceCd=320&Type=search", "url2": "https://www.mcsg.co.jp/" }, "geometry": { "type": "Point", "coordinates": [ 135.535400399999986, 34.5416688 ] } },
{ "type": "Feature", "properties": { "内容": "愛の家グループホーム堺浜寺【認知症対応型共同生活介護】大阪府堺市西区浜寺南町1丁30番", "url": "https://www.kaigokensaku.mhlw.go.jp/27/index.php?action_kouhyou_detail_004_kani=true&JigyosyoCd=2796300230-00&ServiceCd=320&Type=search", "url2": "http://www.mcsg.co.jp" }, "geometry": { "type": "Point", "coordinates": [ 135.44783480000001, 34.5365904 ] } },
{ "type": "Feature", "properties": { "内容": "ニチイケアセンターおおとり【認知症対応型共同生活介護】大阪府堺市西区鳳中町７丁２４０番", "url": "https://www.kaigokensaku.mhlw.go.jp/27/index.php?action_kouhyou_detail_004_kani=true&JigyosyoCd=2796300107-00&ServiceCd=320&Type=search", "url2": null }, "geometry": { "type": "Point", "coordinates": [ 135.455848, 34.5363433 ] } },
{ "type": "Feature", "properties": { "内容": "グループホーム上野芝【認知症対応型共同生活介護】大阪府堺市西区北条町1丁目8番21号", "url": "https://www.kaigokensaku.mhlw.go.jp/27/index.php?action_kouhyou_detail_004_kani=true&JigyosyoCd=2796300453-00&ServiceCd=320&Type=search", "url2": "http://www.heartco.jp/profile/index.html" }, "geometry": { "type": "Point", "coordinates": [ 135.4861333, 34.5474517 ] } },
{ "type": "Feature", "properties": { "内容": "グループホーム華の里【認知症対応型共同生活介護】大阪府堺市西区鳳中町九丁290番地グループホーム華の里", "url": "https://www.kaigokensaku.mhlw.go.jp/27/index.php?action_kouhyou_detail_004_kani=true&JigyosyoCd=2796300206-00&ServiceCd=320&Type=search", "url2": "http://www.shojukai.or.jp/hananosato/" }, "geometry": { "type": "Point", "coordinates": [ 135.455423099999962, 34.533063100000014 ] } },
{ "type": "Feature", "properties": { "内容": "グループホーム　ミモザ【認知症対応型共同生活介護】大阪府堺市西区鳳北町7丁3番", "url": "https://www.kaigokensaku.mhlw.go.jp/27/index.php?action_kouhyou_detail_004_kani=true&JigyosyoCd=2796300156-00&ServiceCd=320&Type=search", "url2": "http://www.morinokodomo.or.jp/sophia/index.html" }, "geometry": { "type": "Point", "coordinates": [ 135.461110600000012, 34.541002400000025 ] } },
{ "type": "Feature", "properties": { "内容": "おおとりグループホーム【認知症対応型共同生活介護】大阪府堺市西区鳳南町５丁５７５－１おおとりグループホーム", "url": "https://www.kaigokensaku.mhlw.go.jp/27/index.php?action_kouhyou_detail_004_kani=true&JigyosyoCd=2796300446-00&ServiceCd=320&Type=search", "url2": "https://yuyufukushikai.or.jp/" }, "geometry": { "type": "Point", "coordinates": [ 135.4652146, 34.5274204 ] } },
{ "type": "Feature", "properties": { "内容": "グループホーム紫苑【認知症対応型共同生活介護】大阪府堺市西区草部1458", "url": "https://www.kaigokensaku.mhlw.go.jp/27/index.php?action_kouhyou_detail_004_kani=true&JigyosyoCd=2796300081-00&ServiceCd=320&Type=search", "url2": "https://www.wafukai.net/" }, "geometry": { "type": "Point", "coordinates": [ 135.462545200000022, 34.5164096 ] } },
{ "type": "Feature", "properties": { "内容": "グループホーム　クオレ堺鳳【認知症対応型共同生活介護】大阪府堺市西区鳳西町2丁89番地の7", "url": "https://www.kaigokensaku.mhlw.go.jp/27/index.php?action_kouhyou_detail_004_kani=true&JigyosyoCd=2770108575-00&ServiceCd=320&Type=search", "url2": "http://www.cuores.com" }, "geometry": { "type": "Point", "coordinates": [ 135.450590299999931, 34.5292385 ] } },
{ "type": "Feature", "properties": { "内容": "ほがらか草部グループホーム【認知症対応型共同生活介護】大阪府堺市西区草部933番地1", "url": "https://www.kaigokensaku.mhlw.go.jp/27/index.php?action_kouhyou_detail_004_kani=true&JigyosyoCd=2770106298-00&ServiceCd=320&Type=search", "url2": "http://www.otorifukushikai.or.jp/" }, "geometry": { "type": "Point", "coordinates": [ 135.474410899336249, 34.518497899570839 ] } },
{ "type": "Feature", "properties": { "内容": "ほがらか福泉グループホーム【認知症対応型共同生活介護】大阪府堺市西区草部933番地2ほがらか福泉グループホーム", "url": "https://www.kaigokensaku.mhlw.go.jp/27/index.php?action_kouhyou_detail_004_kani=true&JigyosyoCd=2770108468-00&ServiceCd=320&Type=search", "url2": "http://www.otorifukushikai.or.jp/" }, "geometry": { "type": "Point", "coordinates": [ 135.4747274, 34.5184095 ] } },
{ "type": "Feature", "properties": { "内容": "エクセレント杜の里【認知症対応型共同生活介護】大阪府堺市西区山田3丁1034番地23エクセレント杜の里", "url": "https://www.kaigokensaku.mhlw.go.jp/27/index.php?action_kouhyou_detail_004_kani=true&JigyosyoCd=2796300461-00&ServiceCd=320&Type=search", "url2": "https://www.excare.co.jp/facility/03/morinosato/" }, "geometry": { "type": "Point", "coordinates": [ 135.4676495, 34.509883200000012 ] } },
{ "type": "Feature", "properties": { "内容": "うぃるグループホーム草部【認知症対応型共同生活介護】大阪府堺市西区草部84番地", "url": "https://www.kaigokensaku.mhlw.go.jp/27/index.php?action_kouhyou_detail_004_kani=true&JigyosyoCd=2796300289-00&ServiceCd=320&Type=search", "url2": "https://www.w-holdings.jp/company/" }, "geometry": { "type": "Point", "coordinates": [ 135.4656111, 34.519109 ] } },
{ "type": "Feature", "properties": { "内容": "グループホーム高倉【認知症対応型共同生活介護】大阪府堺市南区高倉台３丁３番４号", "url": "https://www.kaigokensaku.mhlw.go.jp/27/index.php?action_kouhyou_detail_004_kani=true&JigyosyoCd=2796400113-00&ServiceCd=320&Type=search", "url2": "http://www.makiduka.jp" }, "geometry": { "type": "Point", "coordinates": [ 135.525212199999942, 34.4944215 ] } },
{ "type": "Feature", "properties": { "内容": "グループホーム美樹の園【認知症対応型共同生活介護】大阪府堺市南区小代４１４番地１５", "url": "https://www.kaigokensaku.mhlw.go.jp/27/index.php?action_kouhyou_detail_004_kani=true&JigyosyoCd=2796400014-00&ServiceCd=320&Type=search", "url2": "http://mikinosono.sakura.ne.jp/" }, "geometry": { "type": "Point", "coordinates": [ 135.4879264, 34.5091439 ] } },
{ "type": "Feature", "properties": { "内容": "ハーモニーくすのき【認知症対応型共同生活介護】大阪府堺市南区美木多上55番地7", "url": "https://www.kaigokensaku.mhlw.go.jp/27/index.php?action_kouhyou_detail_004_kani=true&JigyosyoCd=2796400279-00&ServiceCd=320&Type=search", "url2": "http://www.harmony.or.jp" }, "geometry": { "type": "Point", "coordinates": [ 135.489187503679432, 34.475984033237552 ] } },
{ "type": "Feature", "properties": { "内容": "医療法人　錦秀会　グループホーム清泉【認知症対応型共同生活介護】大阪府堺市南区豊田1748番地-2", "url": "https://www.kaigokensaku.mhlw.go.jp/27/index.php?action_kouhyou_detail_004_kani=true&JigyosyoCd=2770106918-00&ServiceCd=320&Type=search", "url2": "http://www.kinshukai.or.jp/kinshukai/seisen/" }, "geometry": { "type": "Point", "coordinates": [ 135.500197699999944, 34.493757 ] } },
{ "type": "Feature", "properties": { "内容": "グループホーム　いちょうの家【認知症対応型共同生活介護】大阪府堺市南区檜尾550番地", "url": "https://www.kaigokensaku.mhlw.go.jp/27/index.php?action_kouhyou_detail_004_kani=true&JigyosyoCd=2770105282-00&ServiceCd=320&Type=search", "url2": "http://upward-kaigo.jp/" }, "geometry": { "type": "Point", "coordinates": [ 135.4876461, 34.4836496 ] } },
{ "type": "Feature", "properties": { "内容": "グループホームカロス【認知症対応型共同生活介護】大阪府堺市南区庭代台1丁50番1号", "url": "https://www.kaigokensaku.mhlw.go.jp/27/index.php?action_kouhyou_detail_004_kani=true&JigyosyoCd=2770107544-00&ServiceCd=320&Type=search", "url2": "http://www.karos.or.jp/guide.html" }, "geometry": { "type": "Point", "coordinates": [ 135.4939316, 34.4703319 ] } },
{ "type": "Feature", "properties": { "内容": "グループホーム年輪【認知症対応型共同生活介護】大阪府堺市南区御池台5丁2番2号", "url": "https://www.kaigokensaku.mhlw.go.jp/27/index.php?action_kouhyou_detail_004_kani=true&JigyosyoCd=2770102735-00&ServiceCd=320&Type=search", "url2": "http://www.s-nenrin.or.jp" }, "geometry": { "type": "Point", "coordinates": [ 135.504873, 34.4578053 ] } },
{ "type": "Feature", "properties": { "内容": "ハーモニー美木多【認知症対応型共同生活介護】大阪府堺市南区美木多上５５番地１１", "url": "https://www.kaigokensaku.mhlw.go.jp/27/index.php?action_kouhyou_detail_004_kani=true&JigyosyoCd=2770105175-00&ServiceCd=320&Type=search", "url2": "http://www.harmony.or.jp" }, "geometry": { "type": "Point", "coordinates": [ 135.489176500000013, 34.475978300000016 ] } },
{ "type": "Feature", "properties": { "内容": "グループホームみんなのわが家はるか【認知症対応型共同生活介護】大阪府堺市南区晴美台3丁9番5号", "url": "https://www.kaigokensaku.mhlw.go.jp/27/index.php?action_kouhyou_detail_004_kani=true&JigyosyoCd=2796400105-00&ServiceCd=320&Type=search", "url2": null }, "geometry": { "type": "Point", "coordinates": [ 135.530814400000054, 34.4854559 ] } },
{ "type": "Feature", "properties": { "内容": "グループホーム　アステリスク【認知症対応型共同生活介護】大阪府堺市南区檜尾147-1アステリスク", "url": "https://www.kaigokensaku.mhlw.go.jp/27/index.php?action_kouhyou_detail_004_kani=true&JigyosyoCd=2796400154-00&ServiceCd=320&Type=search", "url2": "https://asterisq.amebaownd.com/" }, "geometry": { "type": "Point", "coordinates": [ 135.480794847221432, 34.488885908842668 ] } },
{ "type": "Feature", "properties": { "内容": "グループホーム　万葉【認知症対応型共同生活介護】大阪府堺市南区豊田865番地3", "url": "https://www.kaigokensaku.mhlw.go.jp/27/index.php?action_kouhyou_detail_004_kani=true&JigyosyoCd=2796400121-00&ServiceCd=320&Type=search", "url2": "http://www.tsukushinokai.com/" }, "geometry": { "type": "Point", "coordinates": [ 135.494545499999958, 34.4956927 ] } },
{ "type": "Feature", "properties": { "内容": "グループホーム北花田【認知症対応型共同生活介護】大阪府堺市北区新堀町2丁119", "url": "https://www.kaigokensaku.mhlw.go.jp/27/index.php?action_kouhyou_detail_004_kani=true&JigyosyoCd=2796500334-00&ServiceCd=320&Type=search", "url2": "https://koume-imatoku-medic.electro-cute.com/wp/" }, "geometry": { "type": "Point", "coordinates": [ 135.515584865485806, 34.578137671725258 ] } },
{ "type": "Feature", "properties": { "内容": "ニチイケアセンター北花田【認知症対応型共同生活介護】大阪府堺市北区北花田町3丁38番地2", "url": "https://www.kaigokensaku.mhlw.go.jp/27/index.php?action_kouhyou_detail_004_kani=true&JigyosyoCd=2796500078-00&ServiceCd=320&Type=search", "url2": "http://www.nichiigakkan.co.jp/" }, "geometry": { "type": "Point", "coordinates": [ 135.5185242, 34.587939 ] } },
{ "type": "Feature", "properties": { "内容": "陵東館秀光苑【認知症対応型共同生活介護】大阪府堺市北区長曽根町１１９９－６", "url": "https://www.kaigokensaku.mhlw.go.jp/27/index.php?action_kouhyou_detail_004_kani=true&JigyosyoCd=2770103782-00&ServiceCd=320&Type=search", "url2": "https://kansaifukushikai.or.jp" }, "geometry": { "type": "Point", "coordinates": [ 135.507992800000011, 34.5658134 ] } },
{ "type": "Feature", "properties": { "内容": "ハピネス金岡グループホーム【認知症対応型共同生活介護】大阪府堺市北区金岡町2725番", "url": "https://www.kaigokensaku.mhlw.go.jp/27/index.php?action_kouhyou_detail_004_kani=true&JigyosyoCd=2770103758-00&ServiceCd=320&Type=search", "url2": "http://osakafukushikai.or.jp/" }, "geometry": { "type": "Point", "coordinates": [ 135.525244, 34.5561342 ] } },
{ "type": "Feature", "properties": { "内容": "グループホーム　華表【認知症対応型共同生活介護】大阪府堺市北区宮本町77-1", "url": "https://www.kaigokensaku.mhlw.go.jp/27/index.php?action_kouhyou_detail_004_kani=true&JigyosyoCd=2770104335-00&ServiceCd=320&Type=search", "url2": "https://www.kahyo77.com/" }, "geometry": { "type": "Point", "coordinates": [ 135.5148888, 34.5789066 ] } },
{ "type": "Feature", "properties": { "内容": "グループホーム　ここから堺たんぽぽ村【認知症対応型共同生活介護】大阪府堺市北区中村町198番地1", "url": "https://www.kaigokensaku.mhlw.go.jp/27/index.php?action_kouhyou_detail_004_kani=true&JigyosyoCd=2796500011-00&ServiceCd=320&Type=search", "url2": "http://www.cocokaragp.com/tanpopo/" }, "geometry": { "type": "Point", "coordinates": [ 135.536159700000013, 34.5661166 ] } },
{ "type": "Feature", "properties": { "内容": "グループホームアローラドゥーエ【認知症対応型共同生活介護】大阪府堺市北区金岡町3002番10グループホームアローラドゥーエ", "url": "https://www.kaigokensaku.mhlw.go.jp/27/index.php?action_kouhyou_detail_004_kani=true&JigyosyoCd=2796500219-00&ServiceCd=320&Type=search", "url2": "http://cerun-allora.org/" }, "geometry": { "type": "Point", "coordinates": [ 135.513787799999989, 34.5618828 ] } },
{ "type": "Feature", "properties": { "内容": "グループホーム　アローラ【認知症対応型共同生活介護】大阪府堺市北区長曽根町３０６５番地１", "url": "https://www.kaigokensaku.mhlw.go.jp/27/index.php?action_kouhyou_detail_004_kani=true&JigyosyoCd=2770106991-00&ServiceCd=320&Type=search", "url2": "http://cerne-allora.org/" }, "geometry": { "type": "Point", "coordinates": [ 135.511806200000024, 34.5643803 ] } },
{ "type": "Feature", "properties": { "内容": "グループホーム　ここから百舌鳥西之町【認知症対応型共同生活介護】大阪府堺市北区百舌鳥西之町2丁218-1", "url": "https://www.kaigokensaku.mhlw.go.jp/27/index.php?action_kouhyou_detail_004_kani=true&JigyosyoCd=2770109128-00&ServiceCd=320&Type=search", "url2": "http://www.cocokaragp.com/mozu" }, "geometry": { "type": "Point", "coordinates": [ 135.493044599999962, 34.5496955 ] } },
{ "type": "Feature", "properties": { "内容": "ニチイケアセンターなかもず【認知症対応型共同生活介護】大阪府堺市北区長曾根町3021-5", "url": "https://www.kaigokensaku.mhlw.go.jp/27/index.php?action_kouhyou_detail_004_kani=true&JigyosyoCd=2796500060-00&ServiceCd=320&Type=search", "url2": null }, "geometry": { "type": "Point", "coordinates": [ 135.50562089999994, 34.562211 ] } },
{ "type": "Feature", "properties": { "内容": "ハピネス陵南グループホーム【認知症対応型共同生活介護】堺市北区百舌鳥陵南町２丁６６２番", "url": "https://www.kaigokensaku.mhlw.go.jp/27/index.php?action_kouhyou_detail_004_kani=true&JigyosyoCd=2770105738-00&ServiceCd=320&Type=search", "url2": "http://osakafukushikai.or.jp/" }, "geometry": { "type": "Point", "coordinates": [ 135.4910281, 34.545957 ] } },
{ "type": "Feature", "properties": { "内容": "いやしのグループホームええじゃないか【認知症対応型共同生活介護】大阪府堺市北区長曽根町１９４９－１", "url": "https://www.kaigokensaku.mhlw.go.jp/27/index.php?action_kouhyou_detail_004_kani=true&JigyosyoCd=2770109094-00&ServiceCd=320&Type=search", "url2": "http://www.tsukushinokai.com" }, "geometry": { "type": "Point", "coordinates": [ 135.501943399999959, 34.5680825 ] } },
{ "type": "Feature", "properties": { "内容": "グループホーム　和の家【認知症対応型共同生活介護】大阪府堺市北区東上野芝町２丁２８７", "url": "https://www.kaigokensaku.mhlw.go.jp/27/index.php?action_kouhyou_detail_004_kani=true&JigyosyoCd=2770107411-00&ServiceCd=320&Type=search", "url2": "http://www.nagominoie.co.jp/" }, "geometry": { "type": "Point", "coordinates": [ 135.483376, 34.5523866 ] } },
{ "type": "Feature", "properties": { "内容": "美原荘グループホーム「すごうの郷」【認知症対応型共同生活介護】大阪府堺市美原区菅生１番地１", "url": "https://www.kaigokensaku.mhlw.go.jp/27/index.php?action_kouhyou_detail_004_kani=true&JigyosyoCd=2796600035-00&ServiceCd=320&Type=search", "url2": "http://miharasou-group.net/sugou/" }, "geometry": { "type": "Point", "coordinates": [ 135.561668305140728, 34.532255766958954 ] } },
{ "type": "Feature", "properties": { "内容": "医療法人一隅会　グループホーム美原【認知症対応型共同生活介護】大阪府堺市美原区太井９１番", "url": "https://www.kaigokensaku.mhlw.go.jp/27/index.php?action_kouhyou_detail_004_kani=true&JigyosyoCd=2770108583-00&ServiceCd=320&Type=search", "url2": "http://www.grouphomemihara.com" }, "geometry": { "type": "Point", "coordinates": [ 135.553161400000022, 34.5497353 ] } },
{ "type": "Feature", "properties": { "内容": "マーヤの家【認知症対応型共同生活介護】大阪府堺市美原区阿弥９２－１", "url": "https://www.kaigokensaku.mhlw.go.jp/27/index.php?action_kouhyou_detail_004_kani=true&JigyosyoCd=2770109052-00&ServiceCd=320&Type=search", "url2": "http://ma-ya.org" }, "geometry": { "type": "Point", "coordinates": [ 135.555791799999952, 34.5358036 ] } },
{ "type": "Feature", "properties": { "内容": "グループホーム　ファミリーハウス美原【認知症対応型共同生活介護】大阪府堺市美原区平尾１８４８－１", "url": "https://www.kaigokensaku.mhlw.go.jp/27/index.php?action_kouhyou_detail_004_kani=true&JigyosyoCd=2770107320-00&ServiceCd=320&Type=search", "url2": "http://www.tenjukai.or.jp/" }, "geometry": { "type": "Point", "coordinates": [ 135.573845799999958, 34.5337677 ] } },
{ "type": "Feature", "properties": { "内容": "グループホームアムール岸和田【認知症対応型共同生活介護】大阪府岸和田市池尻町686番地の７", "url": "https://www.kaigokensaku.mhlw.go.jp/27/index.php?action_kouhyou_detail_004_kani=true&JigyosyoCd=2791100148-00&ServiceCd=320&Type=search", "url2": "https://www.e-lifepartner.co.jp" }, "geometry": { "type": "Point", "coordinates": [ 135.411311771163895, 34.45594285623158 ] } },
{ "type": "Feature", "properties": { "内容": "グループホーム　凪の里【認知症対応型共同生活介護】大阪府岸和田市中井町３丁目２－２７", "url": "https://www.kaigokensaku.mhlw.go.jp/27/index.php?action_kouhyou_detail_004_kani=true&JigyosyoCd=2791100064-00&ServiceCd=320&Type=search", "url2": "http://www.koyokai.or.jp" }, "geometry": { "type": "Point", "coordinates": [ 135.404100800000037, 34.477583 ] } },
{ "type": "Feature", "properties": { "内容": "グループホーム　まんじゅ【認知症対応型共同生活介護】大阪府岸和田市南上町２丁目５番６号", "url": "https://www.kaigokensaku.mhlw.go.jp/27/index.php?action_kouhyou_detail_004_kani=true&JigyosyoCd=2791100106-00&ServiceCd=320&Type=search", "url2": "https://www.terada-manju.jp/" }, "geometry": { "type": "Point", "coordinates": [ 135.371809799999937, 34.4526907 ] } },
{ "type": "Feature", "properties": { "内容": "グループホーム　三田【認知症対応型共同生活介護】大阪府岸和田市三田町134", "url": "https://www.kaigokensaku.mhlw.go.jp/27/index.php?action_kouhyou_detail_004_kani=true&JigyosyoCd=2771100902-00&ServiceCd=320&Type=search", "url2": "https://kishiwada-tokusyuuen.tokushukai.or.jp/" }, "geometry": { "type": "Point", "coordinates": [ 135.432009906745918, 34.460453972649603 ] } },
{ "type": "Feature", "properties": { "内容": "グループホームいなば【認知症対応型共同生活介護】大阪府岸和田市稲葉町1066番地", "url": "https://www.kaigokensaku.mhlw.go.jp/27/index.php?action_kouhyou_detail_004_kani=true&JigyosyoCd=2771100845-00&ServiceCd=320&Type=search", "url2": "http://www.inabasou.com" }, "geometry": { "type": "Point", "coordinates": [ 135.447739400000046, 34.4320973 ] } },
{ "type": "Feature", "properties": { "内容": "グループホームやすらぎ【認知症対応型共同生活介護】岸和田市尾生町2980-1", "url": "https://www.kaigokensaku.mhlw.go.jp/27/index.php?action_kouhyou_detail_004_kani=true&JigyosyoCd=2771101355-00&ServiceCd=320&Type=search", "url2": "https://yasuragi-gh.com/" }, "geometry": { "type": "Point", "coordinates": [ 135.418083, 34.448237 ] } },
{ "type": "Feature", "properties": { "内容": "グループホーム大阪緑ヶ丘【認知症対応型共同生活介護】大阪府岸和田市神須屋町６６２番地の２", "url": "https://www.kaigokensaku.mhlw.go.jp/27/index.php?action_kouhyou_detail_004_kani=true&JigyosyoCd=2771100894-00&ServiceCd=320&Type=search", "url2": "http://osaka-midorigaoka.com/" }, "geometry": { "type": "Point", "coordinates": [ 135.393691399999966, 34.4397956 ] } },
{ "type": "Feature", "properties": { "内容": "ロ・スカーロ　しばはら・リボーン【認知症対応型共同生活介護】大阪府豊中市柴原2丁目7－15", "url": "https://www.kaigokensaku.mhlw.go.jp/27/index.php?action_kouhyou_detail_004_kani=true&JigyosyoCd=2794000253-00&ServiceCd=320&Type=search", "url2": "https://www.shinmeikai.jp/" }, "geometry": { "type": "Point", "coordinates": [ 135.461672300000032, 34.7988276 ] } },
{ "type": "Feature", "properties": { "内容": "グループホームここから緑地公園【認知症対応型共同生活介護】豊中市西泉丘３丁目９番２２号", "url": "https://www.kaigokensaku.mhlw.go.jp/27/index.php?action_kouhyou_detail_004_kani=true&JigyosyoCd=2794000022-00&ServiceCd=320&Type=search", "url2": "http://www.cocokaragp.com" }, "geometry": { "type": "Point", "coordinates": [ 135.4887261, 34.781335299999981 ] } },
{ "type": "Feature", "properties": { "内容": "ニチイケアセンター豊中少路　認知症対応型共同生活介護【認知症対応型共同生活介護】大阪府豊中市少路一丁目4番5号", "url": "https://www.kaigokensaku.mhlw.go.jp/27/index.php?action_kouhyou_detail_004_kani=true&JigyosyoCd=2794000204-00&ServiceCd=320&Type=search", "url2": "http://www.nichii-kaigo.jp/base/base-result/05T47/" }, "geometry": { "type": "Point", "coordinates": [ 135.472043799999938, 34.803516 ] } },
{ "type": "Feature", "properties": { "内容": "ニチイケアセンター豊中服部【認知症対応型共同生活介護】豊中市服部本町3丁目13－11", "url": "https://www.kaigokensaku.mhlw.go.jp/27/index.php?action_kouhyou_detail_004_kani=true&JigyosyoCd=2794000212-00&ServiceCd=320&Type=search", "url2": "http://www.nichii-kaigo.jp/base/base-result/05T48/" }, "geometry": { "type": "Point", "coordinates": [ 135.477441099999965, 34.7670342 ] } },
{ "type": "Feature", "properties": { "内容": "ニチイケアセンター山ノ上【認知症対応型共同生活介護】大阪府豊中市山ノ上町4番22号", "url": "https://www.kaigokensaku.mhlw.go.jp/27/index.php?action_kouhyou_detail_004_kani=true&JigyosyoCd=2794000196-00&ServiceCd=320&Type=search", "url2": "http://www.nichiigakkan.co.jp" }, "geometry": { "type": "Point", "coordinates": [ 135.457137, 34.7813047 ] } },
{ "type": "Feature", "properties": { "内容": "グループホーム豊中末広【認知症対応型共同生活介護】大阪府豊中市末広町1-2-16グループホーム豊中末広", "url": "https://www.kaigokensaku.mhlw.go.jp/27/index.php?action_kouhyou_detail_004_kani=true&JigyosyoCd=2794000949-00&ServiceCd=320&Type=search", "url2": "http://www.heartco.jp" }, "geometry": { "type": "Point", "coordinates": [ 135.461469099999988, 34.7858087 ] } },
{ "type": "Feature", "properties": { "内容": "グループホーム曽根オアシス【認知症対応型共同生活介護】大阪府豊中市曽根西町2丁目10-36", "url": "https://www.kaigokensaku.mhlw.go.jp/27/index.php?action_kouhyou_detail_004_kani=true&JigyosyoCd=2794000956-00&ServiceCd=320&Type=search", "url2": null }, "geometry": { "type": "Point", "coordinates": [ 135.46327260000001, 34.7703646 ] } },
{ "type": "Feature", "properties": { "内容": "グループホーム豊中【認知症対応型共同生活介護】大阪府豊中市曽根西町2-10-35グループホーム豊中", "url": "https://www.kaigokensaku.mhlw.go.jp/27/index.php?action_kouhyou_detail_004_kani=true&JigyosyoCd=2794000964-00&ServiceCd=320&Type=search", "url2": "http://www.heartco.jp/" }, "geometry": { "type": "Point", "coordinates": [ 135.463363, 34.7704137 ] } },
{ "type": "Feature", "properties": { "内容": "グループホーム豊中南【認知症対応型共同生活介護】大阪府豊中市稲津町3-5-5", "url": "https://www.kaigokensaku.mhlw.go.jp/27/index.php?action_kouhyou_detail_004_kani=true&JigyosyoCd=2794001137-00&ServiceCd=320&Type=search", "url2": "https://www.heartco.jp" }, "geometry": { "type": "Point", "coordinates": [ 135.478763500000014, 34.7536161 ] } },
{ "type": "Feature", "properties": { "内容": "ピグマリオン　豊中桜ノ庄【認知症対応型共同生活介護】大阪府豊中市庄内栄町２－１１－５", "url": "https://www.kaigokensaku.mhlw.go.jp/27/index.php?action_kouhyou_detail_004_kani=true&JigyosyoCd=2794000501-00&ServiceCd=320&Type=search", "url2": "http://pgmalion.com/" }, "geometry": { "type": "Point", "coordinates": [ 135.464692799999966, 34.7499386 ] } },
{ "type": "Feature", "properties": { "内容": "グループホーム輝豊苑【認知症対応型共同生活介護】大阪府豊中市上野東2-4-47", "url": "https://www.kaigokensaku.mhlw.go.jp/27/index.php?action_kouhyou_detail_004_kani=true&JigyosyoCd=2794000345-00&ServiceCd=320&Type=search", "url2": "http://well-seikokai.jp/" }, "geometry": { "type": "Point", "coordinates": [ 135.474818699999986, 34.7936283 ] } },
{ "type": "Feature", "properties": { "内容": "グループホーム利倉清豊苑【認知症対応型共同生活介護】大阪府豊中市利倉3-4-19", "url": "https://www.kaigokensaku.mhlw.go.jp/27/index.php?action_kouhyou_detail_004_kani=true&JigyosyoCd=2794000758-00&ServiceCd=320&Type=search", "url2": "http://www.well-seikokai.jp" }, "geometry": { "type": "Point", "coordinates": [ 135.458529099999964, 34.7612486 ] } },
{ "type": "Feature", "properties": { "内容": "グループホーム清浄苑【認知症対応型共同生活介護】大阪府豊中市豊南町東2-10-1", "url": "https://www.kaigokensaku.mhlw.go.jp/27/index.php?action_kouhyou_detail_004_kani=true&JigyosyoCd=2794001061-00&ServiceCd=320&Type=search", "url2": "https://kyouseikai.org/information/seijyogh/" }, "geometry": { "type": "Point", "coordinates": [ 135.4850577, 34.7511345 ] } },
{ "type": "Feature", "properties": { "内容": "グループホーム宙（すばる）豊中【認知症対応型共同生活介護】大阪府豊中市永楽荘４丁目１番３号", "url": "https://www.kaigokensaku.mhlw.go.jp/27/index.php?action_kouhyou_detail_004_kani=true&JigyosyoCd=2794000600-00&ServiceCd=320&Type=search", "url2": "http://koseikai-subaru.com/" }, "geometry": { "type": "Point", "coordinates": [ 135.47213837486882, 34.81734099111879 ] } },
{ "type": "Feature", "properties": { "内容": "グループホームアイケア服部【認知症対応型共同生活介護】大阪府豊中市服部寿町1丁目11番6号", "url": "https://www.kaigokensaku.mhlw.go.jp/27/index.php?action_kouhyou_detail_004_kani=true&JigyosyoCd=2774002246-00&ServiceCd=320&Type=search", "url2": null }, "geometry": { "type": "Point", "coordinates": [ 135.473322300000063, 34.758379500000018 ] } },
{ "type": "Feature", "properties": { "内容": "グループホームアミティ豊中【認知症対応型共同生活介護】大阪府豊中市蛍池南町３丁目８番１号", "url": "https://www.kaigokensaku.mhlw.go.jp/27/index.php?action_kouhyou_detail_004_kani=true&JigyosyoCd=2774002170-00&ServiceCd=320&Type=search", "url2": "http://www.tcct.zaq.ne.jp/amity-toyonaka/" }, "geometry": { "type": "Point", "coordinates": [ 135.448756799999956, 34.7894258 ] } },
{ "type": "Feature", "properties": { "内容": "そんぽの家　豊中南曽根【認知症対応型共同生活介護】大阪府豊中市曽根南町2丁目12番25号", "url": "https://www.kaigokensaku.mhlw.go.jp/27/index.php?action_kouhyou_detail_004_kani=true&JigyosyoCd=2774001131-00&ServiceCd=320&Type=search", "url2": "https://www.sompocare.com" }, "geometry": { "type": "Point", "coordinates": [ 135.462831300000062, 34.765878700000023 ] } },
{ "type": "Feature", "properties": { "内容": "なごみの鈴【認知症対応型共同生活介護】大阪府豊中市服部寿町2-1-12", "url": "https://www.kaigokensaku.mhlw.go.jp/27/index.php?action_kouhyou_detail_004_kani=true&JigyosyoCd=2794000808-00&ServiceCd=320&Type=search", "url2": null }, "geometry": { "type": "Point", "coordinates": [ 135.472886, 34.760588 ] } },
{ "type": "Feature", "properties": { "内容": "グループホーム清揚苑【認知症対応型共同生活介護】大阪府豊中市庄内宝町1-4-5", "url": "https://www.kaigokensaku.mhlw.go.jp/27/index.php?action_kouhyou_detail_004_kani=true&JigyosyoCd=2794001012-00&ServiceCd=320&Type=search", "url2": "https://kyouseikai.org/" }, "geometry": { "type": "Point", "coordinates": [ 135.4625398, 34.7465283 ] } },
{ "type": "Feature", "properties": { "内容": "グループホームロココ【認知症対応型共同生活介護】大阪府豊中市宝山町７－８－１", "url": "https://www.kaigokensaku.mhlw.go.jp/27/index.php?action_kouhyou_detail_004_kani=true&JigyosyoCd=2794000147-00&ServiceCd=320&Type=search", "url2": "http://www.kouyukai.jp" }, "geometry": { "type": "Point", "coordinates": [ 135.4585591, 34.780191 ] } },
{ "type": "Feature", "properties": { "内容": "医療法人全心会　東豊中グループホームひかりの家【認知症対応型共同生活介護】大阪府豊中市東豊中町２丁目２番２２号", "url": "https://www.kaigokensaku.mhlw.go.jp/27/index.php?action_kouhyou_detail_004_kani=true&JigyosyoCd=2774001644-00&ServiceCd=320&Type=search", "url2": "https://www.higashitoyonaka-hikari.jp/" }, "geometry": { "type": "Point", "coordinates": [ 135.479132, 34.802566 ] } },
{ "type": "Feature", "properties": { "内容": "グループホームいきいき東豊中【認知症対応型共同生活介護】大阪府豊中市熊野町3丁目3番47号", "url": "https://www.kaigokensaku.mhlw.go.jp/27/index.php?action_kouhyou_detail_004_kani=true&JigyosyoCd=2774002352-00&ServiceCd=320&Type=search", "url2": "http://www.iilife.or.jp" }, "geometry": { "type": "Point", "coordinates": [ 135.484762499999988, 34.790109200000018 ] } },
{ "type": "Feature", "properties": { "内容": "グループホームひより【認知症対応型共同生活介護】大阪府豊中市原田元町２丁目6-26", "url": "https://www.kaigokensaku.mhlw.go.jp/27/index.php?action_kouhyou_detail_004_kani=true&JigyosyoCd=2774000992-00&ServiceCd=320&Type=search", "url2": "http://www.ori-bu.net/" }, "geometry": { "type": "Point", "coordinates": [ 135.462919864418069, 34.771386243409438 ] } },
{ "type": "Feature", "properties": { "内容": "メルシー緑が丘　グループホーム【認知症対応型共同生活介護】大阪府豊中市少路1-8-22", "url": "https://www.kaigokensaku.mhlw.go.jp/27/index.php?action_kouhyou_detail_004_kani=true&JigyosyoCd=2774002857-00&ServiceCd=320&Type=search", "url2": "http://www.kaigonochikara.com" }, "geometry": { "type": "Point", "coordinates": [ 135.473740490178301, 34.804322274946472 ] } },
{ "type": "Feature", "properties": { "内容": "グループホームひより南【認知症対応型共同生活介護】大阪府豊中市曽根南町2丁目7－14", "url": "https://www.kaigokensaku.mhlw.go.jp/27/index.php?action_kouhyou_detail_004_kani=true&JigyosyoCd=2774001206-00&ServiceCd=320&Type=search", "url2": "http://www.ori-bu.net/" }, "geometry": { "type": "Point", "coordinates": [ 135.463081200000033, 34.7682007 ] } },
{ "type": "Feature", "properties": { "内容": "グループホームユーアイ緑丘【認知症対応型共同生活介護】大阪府豊中市西緑丘3-5-2", "url": "https://www.kaigokensaku.mhlw.go.jp/27/index.php?action_kouhyou_detail_004_kani=true&JigyosyoCd=2794001152-00&ServiceCd=320&Type=search", "url2": null }, "geometry": { "type": "Point", "coordinates": [ 135.4771441, 34.8122747 ] } },
{ "type": "Feature", "properties": { "内容": "グループホームポプラ豊中南【認知症対応型共同生活介護】大阪府豊中市大島町１丁目3-5", "url": "https://www.kaigokensaku.mhlw.go.jp/27/index.php?action_kouhyou_detail_004_kani=true&JigyosyoCd=2794000246-00&ServiceCd=320&Type=search", "url2": "http://www.satsuki-kai.com/" }, "geometry": { "type": "Point", "coordinates": [ 135.4665291, 34.7375621 ] } },
{ "type": "Feature", "properties": { "内容": "グループホームふるる【認知症対応型共同生活介護】大阪府豊中市浜3丁目8番4号地域密着型複合施設ふるる2号館", "url": "https://www.kaigokensaku.mhlw.go.jp/27/index.php?action_kouhyou_detail_004_kani=true&JigyosyoCd=2794000295-00&ServiceCd=320&Type=search", "url2": "http://www.fururu-home.com" }, "geometry": { "type": "Point", "coordinates": [ 135.480466100000058, 34.7572964 ] } },
{ "type": "Feature", "properties": { "内容": "ラ・セゾン【認知症対応型共同生活介護】大阪府池田市井口堂3-10-7", "url": "https://www.kaigokensaku.mhlw.go.jp/27/index.php?action_kouhyou_detail_004_kani=true&JigyosyoCd=2792500155-00&ServiceCd=320&Type=search", "url2": "https://ailife-service.com/saison" }, "geometry": { "type": "Point", "coordinates": [ 135.445573200000013, 34.8119286 ] } },
{ "type": "Feature", "properties": { "内容": "クレハピア【認知症対応型共同生活介護】大阪府池田市呉服町8-10", "url": "https://www.kaigokensaku.mhlw.go.jp/27/index.php?action_kouhyou_detail_004_kani=true&JigyosyoCd=2792500304-00&ServiceCd=320&Type=search", "url2": "https://ailife-service.com/kurehapia/" }, "geometry": { "type": "Point", "coordinates": [ 135.425352299999986, 34.8179922 ] } },
{ "type": "Feature", "properties": { "内容": "アイフロント城南【認知症対応型共同生活介護】大阪府池田市城南３丁目１０－１１アイフロント城南", "url": "https://www.kaigokensaku.mhlw.go.jp/27/index.php?action_kouhyou_detail_004_kani=true&JigyosyoCd=2792500130-00&ServiceCd=320&Type=search", "url2": null }, "geometry": { "type": "Point", "coordinates": [ 135.432613952149637, 34.817542436460194 ] } },
{ "type": "Feature", "properties": { "内容": "グループホームポプラ神田【認知症対応型共同生活介護】大阪府池田市神田１丁目１８番２４号", "url": "https://www.kaigokensaku.mhlw.go.jp/27/index.php?action_kouhyou_detail_004_kani=true&JigyosyoCd=2792500015-00&ServiceCd=320&Type=search", "url2": "http://satsuki-kai.com/" }, "geometry": { "type": "Point", "coordinates": [ 135.429124600000023, 34.8136281 ] } },
{ "type": "Feature", "properties": { "内容": "グループホームよもぎ豊島南【認知症対応型共同生活介護】大阪府池田市豊島南１丁目１３番２号　３階", "url": "https://www.kaigokensaku.mhlw.go.jp/27/index.php?action_kouhyou_detail_004_kani=true&JigyosyoCd=2792500114-00&ServiceCd=320&Type=search", "url2": "http://nakatakaigo.com/" }, "geometry": { "type": "Point", "coordinates": [ 135.43543550000004, 34.798904800000024 ] } },
{ "type": "Feature", "properties": { "内容": "グループホームあゆむ【認知症対応型共同生活介護】大阪府池田市室町７－７", "url": "https://www.kaigokensaku.mhlw.go.jp/27/index.php?action_kouhyou_detail_004_kani=true&JigyosyoCd=2792500098-00&ServiceCd=320&Type=search", "url2": null }, "geometry": { "type": "Point", "coordinates": [ 135.4222638, 34.8225549 ] } },
{ "type": "Feature", "properties": { "内容": "グループホームポプラ東山【認知症対応型共同生活介護】大阪府池田市東山町５５５番１", "url": "https://www.kaigokensaku.mhlw.go.jp/27/index.php?action_kouhyou_detail_004_kani=true&JigyosyoCd=2772501132-00&ServiceCd=320&Type=search", "url2": "http://satsuki-kai.com/" }, "geometry": { "type": "Point", "coordinates": [ 135.434457783467082, 34.848969574035074 ] } },
{ "type": "Feature", "properties": { "内容": "むつみ庵【認知症対応型共同生活介護】大阪府池田市古江町４番地１２", "url": "https://www.kaigokensaku.mhlw.go.jp/27/index.php?action_kouhyou_detail_004_kani=true&JigyosyoCd=2772500639-00&ServiceCd=320&Type=search", "url2": "http://mutsumi-an.jp" }, "geometry": { "type": "Point", "coordinates": [ 135.4255683, 34.8498243 ] } },
{ "type": "Feature", "properties": { "内容": "グループホームかなめ【認知症対応型共同生活介護】大阪府池田市室町4-37", "url": "https://www.kaigokensaku.mhlw.go.jp/27/index.php?action_kouhyou_detail_004_kani=true&JigyosyoCd=2772500423-00&ServiceCd=320&Type=search", "url2": "https://homeen21home.wixsite.com" }, "geometry": { "type": "Point", "coordinates": [ 135.4227416, 34.8213078 ] } },
{ "type": "Feature", "properties": { "内容": "グループホームうらら【認知症対応型共同生活介護】大阪府池田市栄町１０－９", "url": "https://www.kaigokensaku.mhlw.go.jp/27/index.php?action_kouhyou_detail_004_kani=true&JigyosyoCd=2772500902-00&ServiceCd=320&Type=search", "url2": "http://care-net.biz/27/ikedakaigo/" }, "geometry": { "type": "Point", "coordinates": [ 135.425760699999955, 34.8227661 ] } },
{ "type": "Feature", "properties": { "内容": "グループホーム自由時館【認知症対応型共同生活介護】大阪府池田市鉢塚2丁目5番29号", "url": "https://www.kaigokensaku.mhlw.go.jp/27/index.php?action_kouhyou_detail_004_kani=true&JigyosyoCd=2772500761-00&ServiceCd=320&Type=search", "url2": "http://www.rirakushin.co.jp/507556370" }, "geometry": { "type": "Point", "coordinates": [ 135.43831810000006, 34.8162697 ] } },
{ "type": "Feature", "properties": { "内容": "グループホームさんふらわぁ【認知症対応型共同生活介護】大阪府池田市宇保町6-17グループホームさんふらわあ", "url": "https://www.kaigokensaku.mhlw.go.jp/27/index.php?action_kouhyou_detail_004_kani=true&JigyosyoCd=2772500977-00&ServiceCd=320&Type=search", "url2": "http://www.sunflower-ikeda.com" }, "geometry": { "type": "Point", "coordinates": [ 135.429510599999958, 34.8168556 ] } },
{ "type": "Feature", "properties": { "内容": "アイフロント神田【認知症対応型共同生活介護】大阪府池田市神田3丁目2-2", "url": "https://www.kaigokensaku.mhlw.go.jp/27/index.php?action_kouhyou_detail_004_kani=true&JigyosyoCd=2792500163-00&ServiceCd=320&Type=search", "url2": "http://platinalife.com" }, "geometry": { "type": "Point", "coordinates": [ 135.423461800000041, 34.8086537 ] } },
{ "type": "Feature", "properties": { "内容": "グループホームよもぎ鉢塚【認知症対応型共同生活介護】大阪府池田市鉢塚３－７－２", "url": "https://www.kaigokensaku.mhlw.go.jp/27/index.php?action_kouhyou_detail_004_kani=true&JigyosyoCd=2792500205-00&ServiceCd=320&Type=search", "url2": "http://nakatakaigo.com/" }, "geometry": { "type": "Point", "coordinates": [ 135.442707293453992, 34.818351697300855 ] } },
{ "type": "Feature", "properties": { "内容": "さんふらわぁ石橋【認知症対応型共同生活介護】大阪府池田市石橋４－２０－１９", "url": "https://www.kaigokensaku.mhlw.go.jp/27/index.php?action_kouhyou_detail_004_kani=true&JigyosyoCd=2792500106-00&ServiceCd=320&Type=search", "url2": "https://www.sunflower-ikeda.com/facility/ishibashi/" }, "geometry": { "type": "Point", "coordinates": [ 135.443508799999989, 34.800756900000017 ] } },
{ "type": "Feature", "properties": { "内容": "ポジティブリーケア池田【認知症対応型共同生活介護】大阪府池田市木部町416ポジティブリーケア池田", "url": "https://www.kaigokensaku.mhlw.go.jp/27/index.php?action_kouhyou_detail_004_kani=true&JigyosyoCd=2792500320-00&ServiceCd=320&Type=search", "url2": null }, "geometry": { "type": "Point", "coordinates": [ 135.4283395, 34.8405251 ] } },
{ "type": "Feature", "properties": { "内容": "グループホーム髙寿　古江台【認知症対応型共同生活介護】大阪府吹田市古江台5-3-3サンライフケア北千里４F", "url": "https://www.kaigokensaku.mhlw.go.jp/27/index.php?action_kouhyou_detail_004_kani=true&JigyosyoCd=2791600311-00&ServiceCd=320&Type=search", "url2": null }, "geometry": { "type": "Point", "coordinates": [ 135.513629199999968, 34.8116047 ] } },
{ "type": "Feature", "properties": { "内容": "グループホーム　きさく苑　吹田【認知症対応型共同生活介護】大阪府吹田市内本町１丁目17-17", "url": "https://www.kaigokensaku.mhlw.go.jp/27/index.php?action_kouhyou_detail_004_kani=true&JigyosyoCd=2791600352-00&ServiceCd=320&Type=search", "url2": "http://kisakuensuita.com/" }, "geometry": { "type": "Point", "coordinates": [ 135.5221484, 34.7590084 ] } },
{ "type": "Feature", "properties": { "内容": "認知症高齢者グループホームハピネスさんあい【認知症対応型共同生活介護】大阪府吹田市幸町25番1号", "url": "https://www.kaigokensaku.mhlw.go.jp/27/index.php?action_kouhyou_detail_004_kani=true&JigyosyoCd=2791600808-00&ServiceCd=320&Type=search", "url2": "http://www.happiness-sanai.com/" }, "geometry": { "type": "Point", "coordinates": [ 135.536362600000018, 34.769151100000023 ] } },
{ "type": "Feature", "properties": { "内容": "吹田市立岸部中グループホーム【認知症対応型共同生活介護】大阪府吹田市岸部中1-26-1102号", "url": "https://www.kaigokensaku.mhlw.go.jp/27/index.php?action_kouhyou_detail_004_kani=true&JigyosyoCd=2791600485-00&ServiceCd=320&Type=search", "url2": "http://juraku-osaka.jp" }, "geometry": { "type": "Point", "coordinates": [ 135.535603693254103, 34.775748526343484 ] } },
{ "type": "Feature", "properties": { "内容": "認知症高齢者グループホーム　憩～江坂～【認知症対応型共同生活介護】大阪府吹田市江坂町2丁目14-22", "url": "https://www.kaigokensaku.mhlw.go.jp/27/index.php?action_kouhyou_detail_004_kani=true&JigyosyoCd=2791600303-00&ServiceCd=320&Type=search", "url2": "http://www.nisitanikai.jp/" }, "geometry": { "type": "Point", "coordinates": [ 135.491951, 34.7636792 ] } },
{ "type": "Feature", "properties": { "内容": "認知症高齢者グループホーム　憩～北千里～【認知症対応型共同生活介護】大阪府吹田市古江台3丁目9番2号", "url": "https://www.kaigokensaku.mhlw.go.jp/27/index.php?action_kouhyou_detail_004_kani=true&JigyosyoCd=2791600725-00&ServiceCd=320&Type=search", "url2": "https://nisitanikai.jp/" }, "geometry": { "type": "Point", "coordinates": [ 135.507407, 34.8196268 ] } },
{ "type": "Feature", "properties": { "内容": "グループホーム寿【認知症対応型共同生活介護】大阪府吹田市寿町2-26-9藤原工業ビル", "url": "https://www.kaigokensaku.mhlw.go.jp/27/index.php?action_kouhyou_detail_004_kani=true&JigyosyoCd=2791600188-00&ServiceCd=320&Type=search", "url2": "http://www.youi-r.info/" }, "geometry": { "type": "Point", "coordinates": [ 135.518622400000027, 34.753232 ] } },
{ "type": "Feature", "properties": { "内容": "グループホームここから南千里【認知症対応型共同生活介護】大阪府吹田市山田南52番11号グループホームここから南千里", "url": "https://www.kaigokensaku.mhlw.go.jp/27/index.php?action_kouhyou_detail_004_kani=true&JigyosyoCd=2791600154-00&ServiceCd=320&Type=search", "url2": "http://www.cocokaragp.com/minamisenri" }, "geometry": { "type": "Point", "coordinates": [ 135.5321, 34.787305 ] } },
{ "type": "Feature", "properties": { "内容": "グループホーム　里【認知症対応型共同生活介護】大阪府吹田市千里山竹園1-50-18離宮千里山", "url": "https://www.kaigokensaku.mhlw.go.jp/27/index.php?action_kouhyou_detail_004_kani=true&JigyosyoCd=2791600238-00&ServiceCd=320&Type=search", "url2": "http://www.rokushinkai.jp" }, "geometry": { "type": "Point", "coordinates": [ 135.499330699999973, 34.783277 ] } },
{ "type": "Feature", "properties": { "内容": "グループホームたんぽぽ【認知症対応型共同生活介護】大阪府吹田市山田東2-31-5", "url": "https://www.kaigokensaku.mhlw.go.jp/27/index.php?action_kouhyou_detail_004_kani=true&JigyosyoCd=2771601974-00&ServiceCd=320&Type=search", "url2": "http://www.kobatokai.jp/" }, "geometry": { "type": "Point", "coordinates": [ 135.527475399999958, 34.8015172 ] } },
{ "type": "Feature", "properties": { "内容": "エコ吹田【認知症対応型共同生活介護】吹田市南金田2-3-1", "url": "https://www.kaigokensaku.mhlw.go.jp/27/index.php?action_kouhyou_detail_004_kani=true&JigyosyoCd=2771602063-00&ServiceCd=320&Type=search", "url2": null }, "geometry": { "type": "Point", "coordinates": [ 135.506319399999938, 34.7557472 ] } },
{ "type": "Feature", "properties": { "内容": "ヴィラコティ岸部【認知症対応型共同生活介護】大阪府吹田市岸辺中４丁目１２－２－１００", "url": "https://www.kaigokensaku.mhlw.go.jp/27/index.php?action_kouhyou_detail_004_kani=true&JigyosyoCd=2771602139-00&ServiceCd=320&Type=search", "url2": "http://www.villakoti.com" }, "geometry": { "type": "Point", "coordinates": [ 135.538285500000029, 34.779853100000025 ] } },
{ "type": "Feature", "properties": { "内容": "愛の家グループホーム吹田【認知症対応型共同生活介護】大阪府吹田市岸部中５丁目２番３号Gakken多世代スクエア吹田SST", "url": "https://www.kaigokensaku.mhlw.go.jp/27/index.php?action_kouhyou_detail_004_kani=true&JigyosyoCd=2791600675-00&ServiceCd=320&Type=search", "url2": "http://mcs-ainoie.com" }, "geometry": { "type": "Point", "coordinates": [ 135.5406605, 34.7805623 ] } },
{ "type": "Feature", "properties": { "内容": "グループホーム　スローライフ千里【認知症対応型共同生活介護】大阪府吹田市千里万博公園6番8号", "url": "https://www.kaigokensaku.mhlw.go.jp/27/index.php?action_kouhyou_detail_004_kani=true&JigyosyoCd=2791600071-00&ServiceCd=320&Type=search", "url2": "http://www.slowlife.or.jp" }, "geometry": { "type": "Point", "coordinates": [ 135.535007700000051, 34.8147074 ] } },
{ "type": "Feature", "properties": { "内容": "グループホームめいの家【認知症対応型共同生活介護】大阪府吹田市五月が丘北6-12", "url": "https://www.kaigokensaku.mhlw.go.jp/27/index.php?action_kouhyou_detail_004_kani=true&JigyosyoCd=2791600436-00&ServiceCd=320&Type=search", "url2": "https://b-place.co.jp" }, "geometry": { "type": "Point", "coordinates": [ 135.524850600000036, 34.7892548 ] } },
{ "type": "Feature", "properties": { "内容": "グループホーム　明日葉【認知症対応型共同生活介護】大阪府吹田市南吹田２丁目３番１６号", "url": "https://www.kaigokensaku.mhlw.go.jp/27/index.php?action_kouhyou_detail_004_kani=true&JigyosyoCd=2791600162-00&ServiceCd=320&Type=search", "url2": null }, "geometry": { "type": "Point", "coordinates": [ 135.510516400000029, 34.748937 ] } },
{ "type": "Feature", "properties": { "内容": "ケアポート大阪西吹田センター　グループホームやすらぎ【認知症対応型共同生活介護】大阪府吹田市出口町１７番３３号", "url": "https://www.kaigokensaku.mhlw.go.jp/27/index.php?action_kouhyou_detail_004_kani=true&JigyosyoCd=2771602311-00&ServiceCd=320&Type=search", "url2": "https://www.telwel-west.co.jp/service/nursing/nursing/" }, "geometry": { "type": "Point", "coordinates": [ 135.515354500000058, 34.7635688 ] } },
{ "type": "Feature", "properties": { "内容": "グループホームたのしい家南千里【認知症対応型共同生活介護】大阪府吹田市高野台1-6-2千里高野台ハイツ101号室", "url": "https://www.kaigokensaku.mhlw.go.jp/27/index.php?action_kouhyou_detail_004_kani=true&JigyosyoCd=2791600147-00&ServiceCd=320&Type=search", "url2": null }, "geometry": { "type": "Point", "coordinates": [ 135.5166834, 34.79481 ] } },
{ "type": "Feature", "properties": { "内容": "グループホーム　アリス佐竹台【認知症対応型共同生活介護】大阪府吹田市佐竹台５－３－２０アリス佐竹台", "url": "https://www.kaigokensaku.mhlw.go.jp/27/index.php?action_kouhyou_detail_004_kani=true&JigyosyoCd=2791600840-00&ServiceCd=320&Type=search", "url2": "https://toyonakafamily.com/" }, "geometry": { "type": "Point", "coordinates": [ 135.517940900000013, 34.7897025 ] } },
{ "type": "Feature", "properties": { "内容": "愛の家グループホームいけうら【認知症対応型共同生活介護】大阪府泉大津市池浦町四丁目7番18号", "url": "https://www.kaigokensaku.mhlw.go.jp/27/index.php?action_kouhyou_detail_004_kani=true&JigyosyoCd=2770600415-00&ServiceCd=320&Type=search", "url2": "https://mcs-ainoie.com/search/osaka/izumiotsushi/gh011/" }, "geometry": { "type": "Point", "coordinates": [ 135.416088800000011, 34.4995581 ] } },
{ "type": "Feature", "properties": { "内容": "愛の家グループホームあびこ【認知症対応型共同生活介護】大阪府泉大津市我孫子150", "url": "https://www.kaigokensaku.mhlw.go.jp/27/index.php?action_kouhyou_detail_004_kani=true&JigyosyoCd=2770600423-00&ServiceCd=320&Type=search", "url2": "https://www.mcsg.co.jp" }, "geometry": { "type": "Point", "coordinates": [ 135.4155745, 34.4890961 ] } },
{ "type": "Feature", "properties": { "内容": "まかみグループホーム翔裕館【認知症対応型共同生活介護】大阪府高槻市西真上１丁目３６－１５たかつき翔裕館", "url": "https://www.kaigokensaku.mhlw.go.jp/27/index.php?action_kouhyou_detail_004_kani=true&JigyosyoCd=2790900340-00&ServiceCd=320&Type=search", "url2": "https://sangajapan.jp/" }, "geometry": { "type": "Point", "coordinates": [ 135.6060281, 34.8591793 ] } },
{ "type": "Feature", "properties": { "内容": "グループホーム　きらら【認知症対応型共同生活介護】大阪府高槻市大字原1109番地", "url": "https://www.kaigokensaku.mhlw.go.jp/27/index.php?action_kouhyou_detail_004_kani=true&JigyosyoCd=2790900290-00&ServiceCd=320&Type=search", "url2": "http://kirara-npo.com/" }, "geometry": { "type": "Point", "coordinates": [ 135.601872899999989, 34.8988362 ] } },
{ "type": "Feature", "properties": { "内容": "グループホームきらら摂津峡【認知症対応型共同生活介護】大阪府高槻市大字原３１４２番1きらら摂津峡", "url": "https://www.kaigokensaku.mhlw.go.jp/27/index.php?action_kouhyou_detail_004_kani=true&JigyosyoCd=2790900647-00&ServiceCd=320&Type=search", "url2": "http://kirara-npo.com/" }, "geometry": { "type": "Point", "coordinates": [ 135.595987799999989, 34.9010808 ] } },
{ "type": "Feature", "properties": { "内容": "グループホーム高槻あいわ【認知症対応型共同生活介護】大阪府高槻市西之川原2丁目46番3号", "url": "https://www.kaigokensaku.mhlw.go.jp/27/index.php?action_kouhyou_detail_004_kani=true&JigyosyoCd=2790900860-00&ServiceCd=320&Type=search", "url2": "https://swc-aiwakai.jp/" }, "geometry": { "type": "Point", "coordinates": [ 135.5952151, 34.8658486 ] } },
{ "type": "Feature", "properties": { "内容": "社会福祉法人ほのぼの荘グループホームみのり【認知症対応型共同生活介護】大阪府高槻市郡家新町７４－１", "url": "https://www.kaigokensaku.mhlw.go.jp/27/index.php?action_kouhyou_detail_004_kani=true&JigyosyoCd=2790900217-00&ServiceCd=320&Type=search", "url2": "https://honobonoso.jp" }, "geometry": { "type": "Point", "coordinates": [ 135.601046479762289, 34.850925166055504 ] } },
{ "type": "Feature", "properties": { "内容": "グループホーム　ティアラ【認知症対応型共同生活介護】大阪府高槻市大冠町二丁目19番1号", "url": "https://www.kaigokensaku.mhlw.go.jp/27/index.php?action_kouhyou_detail_004_kani=true&JigyosyoCd=2790900084-00&ServiceCd=320&Type=search", "url2": "http://kouseikai-web.com/index.html" }, "geometry": { "type": "Point", "coordinates": [ 135.639156842327907, 34.833902598511393 ] } },
{ "type": "Feature", "properties": { "内容": "グループホーム西之川原の郷【認知症対応型共同生活介護】大阪府高槻市西之川原1丁目17番1号", "url": "https://www.kaigokensaku.mhlw.go.jp/27/index.php?action_kouhyou_detail_004_kani=true&JigyosyoCd=2790900571-00&ServiceCd=320&Type=search", "url2": "http://www.syunjyukai.or.jp/" }, "geometry": { "type": "Point", "coordinates": [ 135.59346830000004, 34.8669226 ] } },
{ "type": "Feature", "properties": { "内容": "グループホーム今城の丘【認知症対応型共同生活介護】大阪府高槻市郡家本町１２－２４", "url": "https://www.kaigokensaku.mhlw.go.jp/27/index.php?action_kouhyou_detail_004_kani=true&JigyosyoCd=2790900134-00&ServiceCd=320&Type=search", "url2": "http://www.syunjyukai.or.jp/" }, "geometry": { "type": "Point", "coordinates": [ 135.59764569999993, 34.8533714 ] } },
{ "type": "Feature", "properties": { "内容": "グループホーム今城の杜【認知症対応型共同生活介護】大阪府高槻市郡家本町8番5号", "url": "https://www.kaigokensaku.mhlw.go.jp/27/index.php?action_kouhyou_detail_004_kani=true&JigyosyoCd=2790900738-00&ServiceCd=320&Type=search", "url2": "http://www.syunjyukai.or.jp./" }, "geometry": { "type": "Point", "coordinates": [ 135.5973899, 34.8548678 ] } },
{ "type": "Feature", "properties": { "内容": "グループホームはむろの庄【認知症対応型共同生活介護】大阪府高槻市土室町32番1号", "url": "https://www.kaigokensaku.mhlw.go.jp/27/index.php?action_kouhyou_detail_004_kani=true&JigyosyoCd=2790900936-00&ServiceCd=320&Type=search", "url2": "https://www.syunjyukai.or.jp/" }, "geometry": { "type": "Point", "coordinates": [ 135.583001700000011, 34.8495772 ] } },
{ "type": "Feature", "properties": { "内容": "グループホーム上牧の郷【認知症対応型共同生活介護】大阪府高槻市東上牧２丁目３７番８号", "url": "https://www.kaigokensaku.mhlw.go.jp/27/index.php?action_kouhyou_detail_004_kani=true&JigyosyoCd=2790900365-00&ServiceCd=320&Type=search", "url2": "http://shinshokai.or.jp/" }, "geometry": { "type": "Point", "coordinates": [ 135.663639699999976, 34.8645156 ] } },
{ "type": "Feature", "properties": { "内容": "グループホーム高槻荘「ゆらら」【認知症対応型共同生活介護】大阪府高槻市郡家新町48番7号", "url": "https://www.kaigokensaku.mhlw.go.jp/27/index.php?action_kouhyou_detail_004_kani=true&JigyosyoCd=2790900423-00&ServiceCd=320&Type=search", "url2": "http://www.osj.or.jp/takatuki" }, "geometry": { "type": "Point", "coordinates": [ 135.595629300000041, 34.8518355 ] } },
{ "type": "Feature", "properties": { "内容": "医療法人啓友会グループホームめぐみ【認知症対応型共同生活介護】大阪府高槻市安岡寺町1丁目36番8号　めぐみの家２階", "url": "https://www.kaigokensaku.mhlw.go.jp/27/index.php?action_kouhyou_detail_004_kani=true&JigyosyoCd=2770901045-00&ServiceCd=320&Type=search", "url2": "http://www.keiyukai-nakajima.jp/" }, "geometry": { "type": "Point", "coordinates": [ 135.607759399999964, 34.8733431 ] } },
{ "type": "Feature", "properties": { "内容": "医療法人仁寿会　グループホーム円珠荘【認知症対応型共同生活介護】大阪府高槻市北柳川町２番６号", "url": "https://www.kaigokensaku.mhlw.go.jp/27/index.php?action_kouhyou_detail_004_kani=true&JigyosyoCd=2770901573-00&ServiceCd=320&Type=search", "url2": "http://jinjyu-kai.jp/" }, "geometry": { "type": "Point", "coordinates": [ 135.592868800000019, 34.8269687 ] } },
{ "type": "Feature", "properties": { "内容": "サポートハウス　灯り【認知症対応型共同生活介護】大阪府高槻市八幡町10－7", "url": "https://www.kaigokensaku.mhlw.go.jp/27/index.php?action_kouhyou_detail_004_kani=true&JigyosyoCd=2770901870-00&ServiceCd=320&Type=search", "url2": "https://k-sugita.com" }, "geometry": { "type": "Point", "coordinates": [ 135.626032310846227, 34.841213164101106 ] } },
{ "type": "Feature", "properties": { "内容": "社会医療法人祐生会　グループホームみどりヶ丘荘【認知症対応型共同生活介護】大阪府高槻市奈佐原四丁目7番1号", "url": "https://www.kaigokensaku.mhlw.go.jp/27/index.php?action_kouhyou_detail_004_kani=true&JigyosyoCd=2770901037-00&ServiceCd=320&Type=search", "url2": null }, "geometry": { "type": "Point", "coordinates": [ 135.576300599999968, 34.8649557 ] } },
{ "type": "Feature", "properties": { "内容": "グループホーム和朗園【認知症対応型共同生活介護】大阪府高槻市井尻２－３７－８", "url": "https://www.kaigokensaku.mhlw.go.jp/27/index.php?action_kouhyou_detail_004_kani=true&JigyosyoCd=2770901342-00&ServiceCd=320&Type=search", "url2": "http://www.kyousei-fukushi.or.jp" }, "geometry": { "type": "Point", "coordinates": [ 135.649033035581965, 34.855180828541712 ] } },
{ "type": "Feature", "properties": { "内容": "れんげ荘グループホーム【認知症対応型共同生活介護】高槻市三島江四丁目１５－５", "url": "https://www.kaigokensaku.mhlw.go.jp/27/index.php?action_kouhyou_detail_004_kani=true&JigyosyoCd=2770901664-00&ServiceCd=320&Type=search", "url2": "http://www.rengesou.or.jp" }, "geometry": { "type": "Point", "coordinates": [ 135.610875599999986, 34.7993469 ] } },
{ "type": "Feature", "properties": { "内容": "グループホーム柚木【認知症対応型共同生活介護】大阪府高槻市富田町五丁目16番6号", "url": "https://www.kaigokensaku.mhlw.go.jp/27/index.php?action_kouhyou_detail_004_kani=true&JigyosyoCd=2770901904-00&ServiceCd=320&Type=search", "url2": "http://tumuginoie.jimdo.com/" }, "geometry": { "type": "Point", "coordinates": [ 135.5968349, 34.830979400000018 ] } },
{ "type": "Feature", "properties": { "内容": "医療法人啓友会グループホームめぐみ2【認知症対応型共同生活介護】大阪府高槻市安岡寺町1丁目36番8号めぐみの家", "url": "https://www.kaigokensaku.mhlw.go.jp/27/index.php?action_kouhyou_detail_004_kani=true&JigyosyoCd=2770901516-00&ServiceCd=320&Type=search", "url2": "http://www.keiyukai-nakajima.jp/" }, "geometry": { "type": "Point", "coordinates": [ 135.607759399999964, 34.8733431 ] } },
{ "type": "Feature", "properties": { "内容": "医療法人仁寿会　グループホーム円珠の丘【認知症対応型共同生活介護】大阪府高槻市北柳川町２番６号", "url": "https://www.kaigokensaku.mhlw.go.jp/27/index.php?action_kouhyou_detail_004_kani=true&JigyosyoCd=2790900597-00&ServiceCd=320&Type=search", "url2": "http://jinjyu-kai.jp" }, "geometry": { "type": "Point", "coordinates": [ 135.592868800000019, 34.8269687 ] } },
{ "type": "Feature", "properties": { "内容": "グループホームつむぎの家【認知症対応型共同生活介護】大阪府高槻市富田町５丁目１６番６号", "url": "https://www.kaigokensaku.mhlw.go.jp/27/index.php?action_kouhyou_detail_004_kani=true&JigyosyoCd=2770902514-00&ServiceCd=320&Type=search", "url2": "http://tumuginoie.jimdo.com/" }, "geometry": { "type": "Point", "coordinates": [ 135.596632738623043, 34.831004830463279 ] } },
{ "type": "Feature", "properties": { "内容": "グループホームみさき高槻【認知症対応型共同生活介護】大阪府高槻市北昭和台町17番10号", "url": "https://www.kaigokensaku.mhlw.go.jp/27/index.php?action_kouhyou_detail_004_kani=true&JigyosyoCd=2790900209-00&ServiceCd=320&Type=search", "url2": "https://misaki-kaigo.co.jp" }, "geometry": { "type": "Point", "coordinates": [ 135.5862803, 34.8332708 ] } },
{ "type": "Feature", "properties": { "内容": "高槻黄金の里グループホーム【認知症対応型共同生活介護】大阪府高槻市黄金の里1丁目14番8号", "url": "https://www.kaigokensaku.mhlw.go.jp/27/index.php?action_kouhyou_detail_004_kani=true&JigyosyoCd=2770902233-00&ServiceCd=320&Type=search", "url2": "http://www.kogane.or.jp" }, "geometry": { "type": "Point", "coordinates": [ 135.592104599999971, 34.8748051 ] } },
{ "type": "Feature", "properties": { "内容": "大冠カームグループホーム【認知症対応型共同生活介護】大阪府高槻市須賀町65番10号複合型介護施設大冠カーム", "url": "https://www.kaigokensaku.mhlw.go.jp/27/index.php?action_kouhyou_detail_004_kani=true&JigyosyoCd=2790900456-00&ServiceCd=320&Type=search", "url2": "http://www.ojunkai.com" }, "geometry": { "type": "Point", "coordinates": [ 135.6353924, 34.8401928 ] } },
{ "type": "Feature", "properties": { "内容": "グループホーム翠明【認知症対応型共同生活介護】大阪府高槻市上牧北駅前町10番8号グループホーム翠明", "url": "https://www.kaigokensaku.mhlw.go.jp/27/index.php?action_kouhyou_detail_004_kani=true&JigyosyoCd=2790900704-00&ServiceCd=320&Type=search", "url2": "https://hironokai.com/" }, "geometry": { "type": "Point", "coordinates": [ 135.657931997344974, 34.869533988178354 ] } },
{ "type": "Feature", "properties": { "内容": "グループホーム灯喜【認知症対応型共同生活介護】大阪府高槻市上牧北駅前町10番3号グループホーム灯喜", "url": "https://www.kaigokensaku.mhlw.go.jp/27/index.php?action_kouhyou_detail_004_kani=true&JigyosyoCd=2790900969-00&ServiceCd=320&Type=search", "url2": "https://hironokai.com/" }, "geometry": { "type": "Point", "coordinates": [ 135.659198, 34.8706574 ] } },
{ "type": "Feature", "properties": { "内容": "エイペックスひろの　グループホーム【認知症対応型共同生活介護】大阪府高槻市前島1丁目36-1", "url": "https://www.kaigokensaku.mhlw.go.jp/27/index.php?action_kouhyou_detail_004_kani=true&JigyosyoCd=2770902282-00&ServiceCd=320&Type=search", "url2": "https://hironokai.com" }, "geometry": { "type": "Point", "coordinates": [ 135.6452554, 34.8436843 ] } },
{ "type": "Feature", "properties": { "内容": "グループホーム蒼寿【認知症対応型共同生活介護】大阪府高槻市深沢本町8番10号", "url": "https://www.kaigokensaku.mhlw.go.jp/27/index.php?action_kouhyou_detail_004_kani=true&JigyosyoCd=2790900852-00&ServiceCd=320&Type=search", "url2": "https://hironokai.com/" }, "geometry": { "type": "Point", "coordinates": [ 135.63670289999996, 34.8272386 ] } },
{ "type": "Feature", "properties": { "内容": "グループホームひふみ【認知症対応型共同生活介護】大阪府高槻市津之江北町2番3号グループホームひふみ", "url": "https://www.kaigokensaku.mhlw.go.jp/27/index.php?action_kouhyou_detail_004_kani=true&JigyosyoCd=2790900662-00&ServiceCd=320&Type=search", "url2": "https://hironokai.com/" }, "geometry": { "type": "Point", "coordinates": [ 135.604105800000013, 34.8419106 ] } },
{ "type": "Feature", "properties": { "内容": "グループホームまほろ【認知症対応型共同生活介護】大阪府高槻市津之江北町4番12号", "url": "https://www.kaigokensaku.mhlw.go.jp/27/index.php?action_kouhyou_detail_004_kani=true&JigyosyoCd=2790900951-00&ServiceCd=320&Type=search", "url2": "https://hironokai.com/" }, "geometry": { "type": "Point", "coordinates": [ 135.603956821805099, 34.840848008595174 ] } },
{ "type": "Feature", "properties": { "内容": "グループホーム楽彩【認知症対応型共同生活介護】大阪府高槻市別所本町13番6号", "url": "https://www.kaigokensaku.mhlw.go.jp/27/index.php?action_kouhyou_detail_004_kani=true&JigyosyoCd=2790900613-00&ServiceCd=320&Type=search", "url2": "https://hironokai.com/" }, "geometry": { "type": "Point", "coordinates": [ 135.629003900000043, 34.8642594 ] } },
{ "type": "Feature", "properties": { "内容": "ひむろの里【認知症対応型共同生活介護】大阪府高槻市氷室町2-14-7グループホームひむろの里", "url": "https://www.kaigokensaku.mhlw.go.jp/27/index.php?action_kouhyou_detail_004_kani=true&JigyosyoCd=2790900514-00&ServiceCd=320&Type=search", "url2": "https://nasuconet.wixsite.com/my-site-8" }, "geometry": { "type": "Point", "coordinates": [ 135.5900292, 34.8464354 ] } },
{ "type": "Feature", "properties": { "内容": "グループホーム　ブルーベリー【認知症対応型共同生活介護】大阪府高槻市東和町57-1", "url": "https://www.kaigokensaku.mhlw.go.jp/27/index.php?action_kouhyou_detail_004_kani=true&JigyosyoCd=2770900856-00&ServiceCd=320&Type=search", "url2": "http://rosemary.or.jp/" }, "geometry": { "type": "Point", "coordinates": [ 135.63681459999998, 34.830205 ] } },
{ "type": "Feature", "properties": { "内容": "グループホーム共生の里【認知症対応型共同生活介護】大阪府高槻市成合北の町８４０番１０", "url": "https://www.kaigokensaku.mhlw.go.jp/27/index.php?action_kouhyou_detail_004_kani=true&JigyosyoCd=2790900183-00&ServiceCd=320&Type=search", "url2": "http://www.kyouseinosato.co.jp" }, "geometry": { "type": "Point", "coordinates": [ 135.6210595, 34.8784248 ] } },
{ "type": "Feature", "properties": { "内容": "グループホームともしび【認知症対応型共同生活介護】大阪府高槻市安岡寺町6-5-14", "url": "https://www.kaigokensaku.mhlw.go.jp/27/index.php?action_kouhyou_detail_004_kani=true&JigyosyoCd=2770901193-00&ServiceCd=320&Type=search", "url2": "http://tomoshibifukushikai.jp/" }, "geometry": { "type": "Point", "coordinates": [ 135.607305499999939, 34.8807409 ] } },
{ "type": "Feature", "properties": { "内容": "グループホーム　まんじゅ貝塚【認知症対応型共同生活介護】大阪府貝塚市加神二丁目２番７号まんじゅ貝塚", "url": "https://www.kaigokensaku.mhlw.go.jp/27/index.php?action_kouhyou_detail_004_kani=true&JigyosyoCd=2791300086-00&ServiceCd=320&Type=search", "url2": "https://www.terada-manju.jp/" }, "geometry": { "type": "Point", "coordinates": [ 135.351298199999974, 34.4394279 ] } },
{ "type": "Feature", "properties": { "内容": "グループホームきしまの里【認知症対応型共同生活介護】大阪府貝塚市三ツ松８６９－１", "url": "https://www.kaigokensaku.mhlw.go.jp/27/index.php?action_kouhyou_detail_004_kani=true&JigyosyoCd=2791300029-00&ServiceCd=320&Type=search", "url2": "http://seishinen.com" }, "geometry": { "type": "Point", "coordinates": [ 135.382551199999966, 34.4076881 ] } },
{ "type": "Feature", "properties": { "内容": "グループホーム　惠の家【認知症対応型共同生活介護】大阪府貝塚市窪田166-6", "url": "https://www.kaigokensaku.mhlw.go.jp/27/index.php?action_kouhyou_detail_004_kani=true&JigyosyoCd=2791300102-00&ServiceCd=320&Type=search", "url2": "http://kei-care.com" }, "geometry": { "type": "Point", "coordinates": [ 135.34976570459844, 34.434027668443221 ] } },
{ "type": "Feature", "properties": { "内容": "認知症老人グループホームコスモスガーデン【認知症対応型共同生活介護】大阪府貝塚市森853番地", "url": "https://www.kaigokensaku.mhlw.go.jp/27/index.php?action_kouhyou_detail_004_kani=true&JigyosyoCd=2771300346-00&ServiceCd=320&Type=search", "url2": "http://www.kijima.or.jp/kaigo/garden/index.html" }, "geometry": { "type": "Point", "coordinates": [ 135.378996, 34.4140372 ] } },
{ "type": "Feature", "properties": { "内容": "社会医療法人慈薫会グループホームひまわり河崎【認知症対応型共同生活介護】大阪府貝塚市水間１８３", "url": "https://www.kaigokensaku.mhlw.go.jp/27/index.php?action_kouhyou_detail_004_kani=true&JigyosyoCd=2771300288-00&ServiceCd=320&Type=search", "url2": "http://www.16.ocn.ne.jp/~kawahp/" }, "geometry": { "type": "Point", "coordinates": [ 135.386895099999947, 34.402869299999985 ] } },
{ "type": "Feature", "properties": { "内容": "ニチイケアセンター堀【認知症対応型共同生活介護】大阪府貝塚市堀1丁目２番６号", "url": "https://www.kaigokensaku.mhlw.go.jp/27/index.php?action_kouhyou_detail_004_kani=true&JigyosyoCd=2791300094-00&ServiceCd=320&Type=search", "url2": null }, "geometry": { "type": "Point", "coordinates": [ 135.360530400000044, 34.4476993 ] } },
{ "type": "Feature", "properties": { "内容": "ニチイケアセンンター貝塚【認知症対応型共同生活介護】大阪府貝塚市加神1-10-3ニチイケアセンター貝塚", "url": "https://www.kaigokensaku.mhlw.go.jp/27/index.php?action_kouhyou_detail_004_kani=true&JigyosyoCd=2791300078-00&ServiceCd=320&Type=search", "url2": "http://www.nichiigakkan.co.jp" }, "geometry": { "type": "Point", "coordinates": [ 135.3551033, 34.4412027 ] } },
{ "type": "Feature", "properties": { "内容": "グループホーム　めぐる【認知症対応型共同生活介護】大阪府守口市八雲八雲北町1丁目17番12号", "url": "https://www.kaigokensaku.mhlw.go.jp/27/index.php?action_kouhyou_detail_004_kani=true&JigyosyoCd=2793200169-00&ServiceCd=320&Type=search", "url2": "http://www.anshin-care.net" }, "geometry": { "type": "Point", "coordinates": [ 135.563566199999968, 34.7514323 ] } },
{ "type": "Feature", "properties": { "内容": "グループホームたのしい家西三荘【認知症対応型共同生活介護】大阪府守口市橋波西之町1-6-11", "url": "https://www.kaigokensaku.mhlw.go.jp/27/index.php?action_kouhyou_detail_004_kani=true&JigyosyoCd=2793200094-00&ServiceCd=320&Type=search", "url2": null }, "geometry": { "type": "Point", "coordinates": [ 135.571433599999978, 34.7360344 ] } },
{ "type": "Feature", "properties": { "内容": "ニチイケアセンター守口大日認知症対応型共同生活介護【認知症対応型共同生活介護】大阪府守口市大日町４丁目２７－１０", "url": "https://www.kaigokensaku.mhlw.go.jp/27/index.php?action_kouhyou_detail_004_kani=true&JigyosyoCd=2793200078-00&ServiceCd=320&Type=search", "url2": "http://www.nichiigakkan.co.jp/" }, "geometry": { "type": "Point", "coordinates": [ 135.578424, 34.7552763 ] } },
{ "type": "Feature", "properties": { "内容": "守口金田グループホームラガール【認知症対応型共同生活介護】守口市金田町4-5-16", "url": "https://www.kaigokensaku.mhlw.go.jp/27/index.php?action_kouhyou_detail_004_kani=true&JigyosyoCd=2793200227-00&ServiceCd=320&Type=search", "url2": "http://www.koudoukai.or.jp/mk-cc/" }, "geometry": { "type": "Point", "coordinates": [ 135.592130600000019, 34.7601884 ] } },
{ "type": "Feature", "properties": { "内容": "グループホームノーマライ心の花守口南寺方【認知症対応型共同生活介護】大阪府守口市南寺方中通３丁目１４−１２", "url": "https://www.kaigokensaku.mhlw.go.jp/27/index.php?action_kouhyou_detail_004_kani=true&JigyosyoCd=2793200334-00&ServiceCd=320&Type=search", "url2": "https://www.jcanvas.jp/" }, "geometry": { "type": "Point", "coordinates": [ 135.571559900000011, 34.7215082 ] } },
{ "type": "Feature", "properties": { "内容": "グループホームここから大枝公園【認知症対応型共同生活介護】大阪府守口市東光町３丁目5-5", "url": "https://www.kaigokensaku.mhlw.go.jp/27/index.php?action_kouhyou_detail_004_kani=true&JigyosyoCd=2793200011-00&ServiceCd=320&Type=search", "url2": "http://www.cocokaragp.com/oeda/" }, "geometry": { "type": "Point", "coordinates": [ 135.5695839, 34.7299822 ] } },
{ "type": "Feature", "properties": { "内容": "グループホーム　こころ【認知症対応型共同生活介護】大阪府守口市北斗町１０番１号", "url": "https://www.kaigokensaku.mhlw.go.jp/27/index.php?action_kouhyou_detail_004_kani=true&JigyosyoCd=2773201187-00&ServiceCd=320&Type=search", "url2": null }, "geometry": { "type": "Point", "coordinates": [ 135.56512, 34.7436916 ] } },
{ "type": "Feature", "properties": { "内容": "グループホームたのしい家佐太中町【認知症対応型共同生活介護】大阪府守口市佐太中町七丁目10-20", "url": "https://www.kaigokensaku.mhlw.go.jp/27/index.php?action_kouhyou_detail_004_kani=true&JigyosyoCd=2793200128-00&ServiceCd=320&Type=search", "url2": null }, "geometry": { "type": "Point", "coordinates": [ 135.592217446627075, 34.76417969331424 ] } },
{ "type": "Feature", "properties": { "内容": "グループホームくずは丘【認知症対応型共同生活介護】大阪府枚方市南楠葉２丁目25-3", "url": "https://www.kaigokensaku.mhlw.go.jp/27/index.php?action_kouhyou_detail_004_kani=true&JigyosyoCd=2792400232-00&ServiceCd=320&Type=search", "url2": "http://nakaya-kakushikai.com/kuzuhaoka/" }, "geometry": { "type": "Point", "coordinates": [ 135.68589, 34.8626664 ] } },
{ "type": "Feature", "properties": { "内容": "グループホームのぞみ【認知症対応型共同生活介護】大阪府枚方市西船橋1丁目38番1号", "url": "https://www.kaigokensaku.mhlw.go.jp/27/index.php?action_kouhyou_detail_004_kani=true&JigyosyoCd=2792400430-00&ServiceCd=320&Type=search", "url2": "https://kiboukai-nozomi.jp" }, "geometry": { "type": "Point", "coordinates": [ 135.675343, 34.8530839 ] } },
{ "type": "Feature", "properties": { "内容": "たんぽぽ田口【認知症対応型共同生活介護】大阪府枚方市交北２－８－１０", "url": "https://www.kaigokensaku.mhlw.go.jp/27/index.php?action_kouhyou_detail_004_kani=true&JigyosyoCd=2792400166-00&ServiceCd=320&Type=search", "url2": "http://www.syoujukai.org/" }, "geometry": { "type": "Point", "coordinates": [ 135.676916634393365, 34.828586854372737 ] } },
{ "type": "Feature", "properties": { "内容": "グループホームむらの美来【認知症対応型共同生活介護】大阪府枚方市村野本町24番69号", "url": "https://www.kaigokensaku.mhlw.go.jp/27/index.php?action_kouhyou_detail_004_kani=true&JigyosyoCd=2792400950-00&ServiceCd=320&Type=search", "url2": "https://misugikai.jp" }, "geometry": { "type": "Point", "coordinates": [ 135.6674748, 34.8021715 ] } },
{ "type": "Feature", "properties": { "内容": "グループホーム　つくし野香里ケ丘【認知症対応型共同生活介護】大阪府枚方市東中振2丁目11-18", "url": "https://www.kaigokensaku.mhlw.go.jp/27/index.php?action_kouhyou_detail_004_kani=true&JigyosyoCd=2792400174-00&ServiceCd=320&Type=search", "url2": "http://www.gh-tsukushino.net/" }, "geometry": { "type": "Point", "coordinates": [ 135.640739899999971, 34.7965587 ] } },
{ "type": "Feature", "properties": { "内容": "社会医療法人みどり会　グループホームたんぽぽ長尾【認知症対応型共同生活介護】大阪府枚方市長尾荒阪1-2827-8", "url": "https://www.kaigokensaku.mhlw.go.jp/27/index.php?action_kouhyou_detail_004_kani=true&JigyosyoCd=2772401028-00&ServiceCd=320&Type=search", "url2": "http://midori.jpn.org/" }, "geometry": { "type": "Point", "coordinates": [ 135.7145566, 34.8299021 ] } },
{ "type": "Feature", "properties": { "内容": "グループホーム青翠園【認知症対応型共同生活介護】大阪府枚方市招提中町3丁目3-23", "url": "https://www.kaigokensaku.mhlw.go.jp/27/index.php?action_kouhyou_detail_004_kani=true&JigyosyoCd=2772401515-00&ServiceCd=320&Type=search", "url2": "http://www.mukaiyama.or.jp/" }, "geometry": { "type": "Point", "coordinates": [ 135.6889903, 34.8387991 ] } },
{ "type": "Feature", "properties": { "内容": "医療法人中屋覚志会　グループホームくにみ坂【認知症対応型共同生活介護】大阪府枚方市津田南町2丁目40-20", "url": "https://www.kaigokensaku.mhlw.go.jp/27/index.php?action_kouhyou_detail_004_kani=true&JigyosyoCd=2772402588-00&ServiceCd=320&Type=search", "url2": "http://www.nakaya-kakushikai.com/kunimizaka/index.html" }, "geometry": { "type": "Point", "coordinates": [ 135.704939500000023, 34.8033094 ] } },
{ "type": "Feature", "properties": { "内容": "グループホームそぉれ【認知症対応型共同生活介護】大阪府枚方市長尾元町7-36-1", "url": "https://www.kaigokensaku.mhlw.go.jp/27/index.php?action_kouhyou_detail_004_kani=true&JigyosyoCd=2772402703-00&ServiceCd=320&Type=search", "url2": "http://wcs-sole.com" }, "geometry": { "type": "Point", "coordinates": [ 135.708566840444973, 34.833859443421368 ] } },
{ "type": "Feature", "properties": { "内容": "グループホーム　おだやか村野【認知症対応型共同生活介護】大阪府枚方市村野本町１８－１７", "url": "https://www.kaigokensaku.mhlw.go.jp/27/index.php?action_kouhyou_detail_004_kani=true&JigyosyoCd=2772402307-00&ServiceCd=320&Type=search", "url2": "http://odayaka.jp" }, "geometry": { "type": "Point", "coordinates": [ 135.666698799999978, 34.7994871 ] } },
{ "type": "Feature", "properties": { "内容": "ウイズユー【認知症対応型共同生活介護】大阪府枚方市三矢町６－１２ケアセンター　３Ｆ", "url": "https://www.kaigokensaku.mhlw.go.jp/27/index.php?action_kouhyou_detail_004_kani=true&JigyosyoCd=2772403149-00&ServiceCd=320&Type=search", "url2": "http://www.care-life.jp/" }, "geometry": { "type": "Point", "coordinates": [ 135.641770100000031, 34.8147345 ] } },
{ "type": "Feature", "properties": { "内容": "グループホームくすのき【認知症対応型共同生活介護】大阪府枚方市養父東町18番30号", "url": "https://www.kaigokensaku.mhlw.go.jp/27/index.php?action_kouhyou_detail_004_kani=true&JigyosyoCd=2772401291-00&ServiceCd=320&Type=search", "url2": "http://www.misugikai.jp/" }, "geometry": { "type": "Point", "coordinates": [ 135.675677599999972, 34.8459845 ] } },
{ "type": "Feature", "properties": { "内容": "グループホーム美杉【認知症対応型共同生活介護】大阪府枚方市西招提町２１６６番地", "url": "https://www.kaigokensaku.mhlw.go.jp/27/index.php?action_kouhyou_detail_004_kani=true&JigyosyoCd=2772401259-00&ServiceCd=320&Type=search", "url2": "http://www.misugikai.jp" }, "geometry": { "type": "Point", "coordinates": [ 135.681977, 34.8444625 ] } },
{ "type": "Feature", "properties": { "内容": "グループホーム樹の実【認知症対応型共同生活介護】大阪府枚方市春日北町4丁目1－20", "url": "https://www.kaigokensaku.mhlw.go.jp/27/index.php?action_kouhyou_detail_004_kani=true&JigyosyoCd=2772401895-00&ServiceCd=320&Type=search", "url2": "http://marimokai.kids.coocan.jp/" }, "geometry": { "type": "Point", "coordinates": [ 135.686388800000032, 34.8044031 ] } },
{ "type": "Feature", "properties": { "内容": "しらかばグループホーム【認知症対応型共同生活介護】大阪府枚方市出屋敷西町二丁目５番1号", "url": "https://www.kaigokensaku.mhlw.go.jp/27/index.php?action_kouhyou_detail_004_kani=true&JigyosyoCd=2772403099-00&ServiceCd=320&Type=search", "url2": "http://www.misuzufukushikai.jp/" }, "geometry": { "type": "Point", "coordinates": [ 135.683149700000058, 34.8212316 ] } },
{ "type": "Feature", "properties": { "内容": "たんぽぽ藤阪【認知症対応型共同生活介護】大阪府枚方市藤阪南町一丁目10番1号", "url": "https://www.kaigokensaku.mhlw.go.jp/27/index.php?action_kouhyou_detail_004_kani=true&JigyosyoCd=2772402539-00&ServiceCd=320&Type=search", "url2": "http://www.syoujukai.org/" }, "geometry": { "type": "Point", "coordinates": [ 135.695807, 34.8147022 ] } },
{ "type": "Feature", "properties": { "内容": "グループホーム敬愛【認知症対応型共同生活介護】大阪府枚方市香里ヶ丘8丁目1番地", "url": "https://www.kaigokensaku.mhlw.go.jp/27/index.php?action_kouhyou_detail_004_kani=true&JigyosyoCd=2772401010-00&ServiceCd=320&Type=search", "url2": "http://www.shotokuen.or.jp/" }, "geometry": { "type": "Point", "coordinates": [ 135.645042399999966, 34.7951672 ] } },
{ "type": "Feature", "properties": { "内容": "グループホーム　うららの家【認知症対応型共同生活介護】大阪府枚方市村野東町10番35号", "url": "https://www.kaigokensaku.mhlw.go.jp/27/index.php?action_kouhyou_detail_004_kani=true&JigyosyoCd=2772402745-00&ServiceCd=320&Type=search", "url2": "https://urara-2000.co.jp/" }, "geometry": { "type": "Point", "coordinates": [ 135.6716374, 34.8020974 ] } },
{ "type": "Feature", "properties": { "内容": "グループホームえがお【認知症対応型共同生活介護】大阪府枚方市長尾宮前二丁目２０番１２号", "url": "https://www.kaigokensaku.mhlw.go.jp/27/index.php?action_kouhyou_detail_004_kani=true&JigyosyoCd=2772401168-00&ServiceCd=320&Type=search", "url2": null }, "geometry": { "type": "Point", "coordinates": [ 135.71482709999998, 34.8223773 ] } },
{ "type": "Feature", "properties": { "内容": "グループホーム　やまびこ【認知症対応型共同生活介護】大阪府枚方市磯島元町9-10", "url": "https://www.kaigokensaku.mhlw.go.jp/27/index.php?action_kouhyou_detail_004_kani=true&JigyosyoCd=2772402331-00&ServiceCd=320&Type=search", "url2": "http://www.orient-medis.co.jp/index.html" }, "geometry": { "type": "Point", "coordinates": [ 135.645822400000043, 34.822656 ] } },
{ "type": "Feature", "properties": { "内容": "グループホームつくし野【認知症対応型共同生活介護】大阪府枚方市三矢町8番9号", "url": "https://www.kaigokensaku.mhlw.go.jp/27/index.php?action_kouhyou_detail_004_kani=true&JigyosyoCd=2772401457-00&ServiceCd=320&Type=search", "url2": "http://www.gh-tsukushino.net/" }, "geometry": { "type": "Point", "coordinates": [ 135.639859099999967, 34.812618 ] } },
{ "type": "Feature", "properties": { "内容": "グループホーム安曇野【認知症対応型共同生活介護】大阪府枚方市東中振1-63-5", "url": "https://www.kaigokensaku.mhlw.go.jp/27/index.php?action_kouhyou_detail_004_kani=true&JigyosyoCd=2772403271-00&ServiceCd=320&Type=search", "url2": "https://gh-tsukushino.net/" }, "geometry": { "type": "Point", "coordinates": [ 135.64335, 34.7970964 ] } },
{ "type": "Feature", "properties": { "内容": "グループホーム　「マナ」【認知症対応型共同生活介護】大阪府枚方市東香里元町28-30", "url": "https://www.kaigokensaku.mhlw.go.jp/27/index.php?action_kouhyou_detail_004_kani=true&JigyosyoCd=2772401432-00&ServiceCd=320&Type=search", "url2": "https://www.genkitonya.com/" }, "geometry": { "type": "Point", "coordinates": [ 135.65413860000001, 34.7816014 ] } },
{ "type": "Feature", "properties": { "内容": "グループホームこみち【認知症対応型共同生活介護】大阪府枚方市招提元町2-22-1", "url": "https://www.kaigokensaku.mhlw.go.jp/27/index.php?action_kouhyou_detail_004_kani=true&JigyosyoCd=2772403164-00&ServiceCd=320&Type=search", "url2": null }, "geometry": { "type": "Point", "coordinates": [ 135.684257300000013, 34.8432126 ] } },
{ "type": "Feature", "properties": { "内容": "グループホーム杉の里【認知症対応型共同生活介護】大阪府枚方市大字杉4607番地", "url": "https://www.kaigokensaku.mhlw.go.jp/27/index.php?action_kouhyou_detail_004_kani=true&JigyosyoCd=2772403263-00&ServiceCd=320&Type=search", "url2": null }, "geometry": { "type": "Point", "coordinates": [ 135.7222041, 34.8085538 ] } },
{ "type": "Feature", "properties": { "内容": "グループホーム　なかよし【認知症対応型共同生活介護】大阪府枚方市東香里元町4-13", "url": "https://www.kaigokensaku.mhlw.go.jp/27/index.php?action_kouhyou_detail_004_kani=true&JigyosyoCd=2772401788-00&ServiceCd=320&Type=search", "url2": "https://nakayoshi-hirakata.com/" }, "geometry": { "type": "Point", "coordinates": [ 135.658994099999973, 34.7827438 ] } },
{ "type": "Feature", "properties": { "内容": "ニチイケアセンター藤阪　認知症対応型共同生活介護【認知症対応型共同生活介護】大阪府枚方市藤阪東町四丁目４７番２０号", "url": "https://www.kaigokensaku.mhlw.go.jp/27/index.php?action_kouhyou_detail_004_kani=true&JigyosyoCd=2792400117-00&ServiceCd=320&Type=search", "url2": "http://www.nichiigakkan.co.jp" }, "geometry": { "type": "Point", "coordinates": [ 135.712671799999953, 34.8162805 ] } },
{ "type": "Feature", "properties": { "内容": "グループホームひら中振長寿の里【認知症対応型共同生活介護】枚方市北中振4-18-20ひら中振長寿の里", "url": "https://www.kaigokensaku.mhlw.go.jp/27/index.php?action_kouhyou_detail_004_kani=true&JigyosyoCd=2792400554-00&ServiceCd=320&Type=search", "url2": "http://hira.kisyokai.or.jp" }, "geometry": { "type": "Point", "coordinates": [ 135.626131385844474, 34.796478323769485 ] } },
{ "type": "Feature", "properties": { "内容": "グループホーム杉山手【認知症対応型共同生活介護】大阪府枚方市杉山手３丁目２７番１２号", "url": "https://www.kaigokensaku.mhlw.go.jp/27/index.php?action_kouhyou_detail_004_kani=true&JigyosyoCd=2772402554-00&ServiceCd=320&Type=search", "url2": "http://sugiyamate.com/" }, "geometry": { "type": "Point", "coordinates": [ 135.7240789, 34.8156143 ] } },
{ "type": "Feature", "properties": { "内容": "岡本商店参号館【認知症対応型共同生活介護】大阪府枚方市東田宮1-16-3", "url": "https://www.kaigokensaku.mhlw.go.jp/27/index.php?action_kouhyou_detail_004_kani=true&JigyosyoCd=2772402257-00&ServiceCd=320&Type=search", "url2": null }, "geometry": { "type": "Point", "coordinates": [ 135.653839035581996, 34.80812263710299 ] } },
{ "type": "Feature", "properties": { "内容": "グループホーム美郷【認知症対応型共同生活介護】大阪府枚方市西招提町1253番地", "url": "https://www.kaigokensaku.mhlw.go.jp/27/index.php?action_kouhyou_detail_004_kani=true&JigyosyoCd=2772402125-00&ServiceCd=320&Type=search", "url2": "http://www.misugikai.jp/" }, "geometry": { "type": "Point", "coordinates": [ 135.6811993, 34.8443208 ] } },
{ "type": "Feature", "properties": { "内容": "グループホーム　さち【認知症対応型共同生活介護】大阪府枚方市釈尊寺町３－３８", "url": "https://www.kaigokensaku.mhlw.go.jp/27/index.php?action_kouhyou_detail_004_kani=true&JigyosyoCd=2772403016-00&ServiceCd=320&Type=search", "url2": null }, "geometry": { "type": "Point", "coordinates": [ 135.667848899999967, 34.7887767 ] } },
{ "type": "Feature", "properties": { "内容": "グループホームたのしい家茨木真砂【認知症対応型共同生活介護】大阪府茨木市真砂玉島台3番28号たのしい家茨木真砂", "url": "https://www.kaigokensaku.mhlw.go.jp/27/index.php?action_kouhyou_detail_004_kani=true&JigyosyoCd=2794200804-00&ServiceCd=320&Type=search", "url2": "https://www.tanoshii-ie.jp/single135/" }, "geometry": { "type": "Point", "coordinates": [ 135.5852888, 34.7986114 ] } },
{ "type": "Feature", "properties": { "内容": "ニチイケアセンター茨木上穂積【認知症対応型共同生活介護】大阪府茨木市上穂積二丁目６番２０号", "url": "https://www.kaigokensaku.mhlw.go.jp/27/index.php?action_kouhyou_detail_004_kani=true&JigyosyoCd=2794200085-00&ServiceCd=320&Type=search", "url2": "http://www.nichiigakkan.co.jp" }, "geometry": { "type": "Point", "coordinates": [ 135.558558100000027, 34.8249124 ] } },
{ "type": "Feature", "properties": { "内容": "グループホームコティ上穂積【認知症対応型共同生活介護】大阪府茨木市上穂積２－８－１６", "url": "https://www.kaigokensaku.mhlw.go.jp/27/index.php?action_kouhyou_detail_004_kani=true&JigyosyoCd=2794200796-00&ServiceCd=320&Type=search", "url2": "http://www.fami-com/" }, "geometry": { "type": "Point", "coordinates": [ 135.559351496295164, 34.823636316403331 ] } },
{ "type": "Feature", "properties": { "内容": "グループホームコティ東彩都【認知症対応型共同生活介護】大阪府茨木市佐保２６６番地コティ東彩都", "url": "https://www.kaigokensaku.mhlw.go.jp/27/index.php?action_kouhyou_detail_004_kani=true&JigyosyoCd=2794200218-00&ServiceCd=320&Type=search", "url2": "http://www.fami-n.com/" }, "geometry": { "type": "Point", "coordinates": [ 135.529726269944859, 34.862647152751101 ] } },
{ "type": "Feature", "properties": { "内容": "認知症対応型グループホーム　コムシェいばらき佳のか【認知症対応型共同生活介護】大阪府茨木市新堂二丁目2番5号", "url": "https://www.kaigokensaku.mhlw.go.jp/27/index.php?action_kouhyou_detail_004_kani=true&JigyosyoCd=2794200507-00&ServiceCd=320&Type=search", "url2": "https://keishokai.org" }, "geometry": { "type": "Point", "coordinates": [ 135.5950099, 34.8119626 ] } },
{ "type": "Feature", "properties": { "内容": "グループホーム安威ぽっぽ【認知症対応型共同生活介護】大阪府茨木市安威四丁目13-20", "url": "https://www.kaigokensaku.mhlw.go.jp/27/index.php?action_kouhyou_detail_004_kani=true&JigyosyoCd=2794200184-00&ServiceCd=320&Type=search", "url2": "http://www.fureai-poppo.jp/" }, "geometry": { "type": "Point", "coordinates": [ 135.562182399999983, 34.8563757 ] } },
{ "type": "Feature", "properties": { "内容": "グループホームぽっぽ大手町【認知症対応型共同生活介護】大阪府茨木市大手町２－３０", "url": "https://www.kaigokensaku.mhlw.go.jp/27/index.php?action_kouhyou_detail_004_kani=true&JigyosyoCd=2794200374-00&ServiceCd=320&Type=search", "url2": "http://fureai-poppo.jp/" }, "geometry": { "type": "Point", "coordinates": [ 135.5723979, 34.8162186 ] } },
{ "type": "Feature", "properties": { "内容": "ぐるーぷほーむ　ふれあい【認知症対応型共同生活介護】大阪府茨木市安威4-13-18", "url": "https://www.kaigokensaku.mhlw.go.jp/27/index.php?action_kouhyou_detail_004_kani=true&JigyosyoCd=2794200671-00&ServiceCd=320&Type=search", "url2": null }, "geometry": { "type": "Point", "coordinates": [ 135.562589099999968, 34.8561776 ] } },
{ "type": "Feature", "properties": { "内容": "グループホームふじい【認知症対応型共同生活介護】大阪府茨木市見付山１－３－２９グループホームふじい", "url": "https://www.kaigokensaku.mhlw.go.jp/27/index.php?action_kouhyou_detail_004_kani=true&JigyosyoCd=2774200923-00&ServiceCd=320&Type=search", "url2": "https://www.keitokukai.or.jp/" }, "geometry": { "type": "Point", "coordinates": [ 135.553906001852397, 34.819277374240414 ] } },
{ "type": "Feature", "properties": { "内容": "グループホーム末広【認知症対応型共同生活介護】大阪府茨木市庄2丁目5番1号", "url": "https://www.kaigokensaku.mhlw.go.jp/27/index.php?action_kouhyou_detail_004_kani=true&JigyosyoCd=2774201798-00&ServiceCd=320&Type=search", "url2": "https://www.suehiro.or.jp/" }, "geometry": { "type": "Point", "coordinates": [ 135.581917100000027, 34.8246381 ] } },
{ "type": "Feature", "properties": { "内容": "春日丘荘グループホーム【認知症対応型共同生活介護】大阪府茨木市南春日丘７丁目１１番２２号", "url": "https://www.kaigokensaku.mhlw.go.jp/27/index.php?action_kouhyou_detail_004_kani=true&JigyosyoCd=2774201368-00&ServiceCd=320&Type=search", "url2": "http://www.kasugaoka.net/" }, "geometry": { "type": "Point", "coordinates": [ 135.530335700000023, 34.821065 ] } },
{ "type": "Feature", "properties": { "内容": "グループホームお多福の家【認知症対応型共同生活介護】大阪府茨木市真砂玉島台10-26お多福の街", "url": "https://www.kaigokensaku.mhlw.go.jp/27/index.php?action_kouhyou_detail_004_kani=true&JigyosyoCd=2794200622-00&ServiceCd=320&Type=search", "url2": "http://waninc.co.jp/" }, "geometry": { "type": "Point", "coordinates": [ 135.582261875415497, 34.798644432375752 ] } },
{ "type": "Feature", "properties": { "内容": "グループホーム　ソラスト茨木駅前【認知症対応型共同生活介護】大阪府茨木市駅前1丁目9番23号", "url": "https://www.kaigokensaku.mhlw.go.jp/27/index.php?action_kouhyou_detail_004_kani=true&JigyosyoCd=2794200358-00&ServiceCd=320&Type=search", "url2": "https://solasto-kaigo.com/care/area/solastoibarakiekimae.html" }, "geometry": { "type": "Point", "coordinates": [ 135.565233204893502, 34.816590412304031 ] } },
{ "type": "Feature", "properties": { "内容": "グループホームみさき花園【認知症対応型共同生活介護】大阪府茨木市花園２丁目２４番１７号", "url": "https://www.kaigokensaku.mhlw.go.jp/27/index.php?action_kouhyou_detail_004_kani=true&JigyosyoCd=2794200127-00&ServiceCd=320&Type=search", "url2": "https://www.misaki-kaigo.co.jp" }, "geometry": { "type": "Point", "coordinates": [ 135.574195199999963, 34.8486798 ] } },
{ "type": "Feature", "properties": { "内容": "茨木グループホームラガール【認知症対応型共同生活介護】大阪府茨木市太田東芝町2－9", "url": "https://www.kaigokensaku.mhlw.go.jp/27/index.php?action_kouhyou_detail_004_kani=true&JigyosyoCd=2794200713-00&ServiceCd=320&Type=search", "url2": "http://ibaraki-cc.koudoukai.or.jp/" }, "geometry": { "type": "Point", "coordinates": [ 135.577690299999972, 34.8399158 ] } },
{ "type": "Feature", "properties": { "内容": "コティホーム茨木【認知症対応型共同生活介護】大阪府茨木市鮎川1-12-7", "url": "https://www.kaigokensaku.mhlw.go.jp/27/index.php?action_kouhyou_detail_004_kani=true&JigyosyoCd=2794200903-00&ServiceCd=320&Type=search", "url2": "https://www.ikufuku.or.jp/" }, "geometry": { "type": "Point", "coordinates": [ 135.593016299999988, 34.8183041 ] } },
{ "type": "Feature", "properties": { "内容": "グループホームここからさくら苑南茨木【認知症対応型共同生活介護】大阪府茨木市島4丁目4-17", "url": "https://www.kaigokensaku.mhlw.go.jp/27/index.php?action_kouhyou_detail_004_kani=true&JigyosyoCd=2794200200-00&ServiceCd=320&Type=search", "url2": "http://www.cocokaragp.com/sakuraen/" }, "geometry": { "type": "Point", "coordinates": [ 135.570474223600883, 34.790346653089877 ] } },
{ "type": "Feature", "properties": { "内容": "グループホーム悠々【認知症対応型共同生活介護】大阪府八尾市大字山畑7番地１", "url": "https://www.kaigokensaku.mhlw.go.jp/27/index.php?action_kouhyou_detail_004_kani=true&JigyosyoCd=2795500343-00&ServiceCd=320&Type=search", "url2": "http://www.sakamotoiin-yao.or.jp" }, "geometry": { "type": "Point", "coordinates": [ 135.646276, 34.6269806 ] } },
{ "type": "Feature", "properties": { "内容": "グループホームスローライフ八尾南【認知症対応型共同生活介護】大阪府八尾市木の本2丁目186番地スローライフ八尾南", "url": "https://www.kaigokensaku.mhlw.go.jp/27/index.php?action_kouhyou_detail_004_kani=true&JigyosyoCd=2795500434-00&ServiceCd=320&Type=search", "url2": "http://www.ouple.com/" }, "geometry": { "type": "Point", "coordinates": [ 135.5862663, 34.5982825 ] } },
{ "type": "Feature", "properties": { "内容": "グループホーム　しぎのさと恩智【認知症対応型共同生活介護】大阪府八尾市垣内1丁目182番地", "url": "https://www.kaigokensaku.mhlw.go.jp/27/index.php?action_kouhyou_detail_004_kani=true&JigyosyoCd=2795500566-00&ServiceCd=320&Type=search", "url2": "http://www.shiginosato.com/" }, "geometry": { "type": "Point", "coordinates": [ 135.6299454, 34.6149471 ] } },
{ "type": "Feature", "properties": { "内容": "医療法人　幸晴会　第二こうせい苑グループホーム【認知症対応型共同生活介護】大阪府八尾市中田３－５４－２６", "url": "https://www.kaigokensaku.mhlw.go.jp/27/index.php?action_kouhyou_detail_004_kani=true&JigyosyoCd=2775502525-00&ServiceCd=320&Type=search", "url2": "http://www.nakataniclinic.or.jp" }, "geometry": { "type": "Point", "coordinates": [ 135.611307200000027, 34.6170817 ] } },
{ "type": "Feature", "properties": { "内容": "医療法人　幸晴会　こうせい苑グループホーム【認知症対応型共同生活介護】大阪府八尾市北木の本５－６－１", "url": "https://www.kaigokensaku.mhlw.go.jp/27/index.php?action_kouhyou_detail_004_kani=true&JigyosyoCd=2775502194-00&ServiceCd=320&Type=search", "url2": "http://www.nakataniclinic.or.jp" }, "geometry": { "type": "Point", "coordinates": [ 135.589454199999977, 34.609618 ] } },
{ "type": "Feature", "properties": { "内容": "グループホーム悠久【認知症対応型共同生活介護】大阪府八尾市山畑１番地", "url": "https://www.kaigokensaku.mhlw.go.jp/27/index.php?action_kouhyou_detail_004_kani=true&JigyosyoCd=2775502533-00&ServiceCd=320&Type=search", "url2": "http://www.sakamotoiin-yao.or.jp" }, "geometry": { "type": "Point", "coordinates": [ 135.63891, 34.6293249 ] } },
{ "type": "Feature", "properties": { "内容": "グループホーム　吉兆苑【認知症対応型共同生活介護】大阪府八尾市幸町六丁目33番地2", "url": "https://www.kaigokensaku.mhlw.go.jp/27/index.php?action_kouhyou_detail_004_kani=true&JigyosyoCd=2775502350-00&ServiceCd=320&Type=search", "url2": "http://www.kicchouen.com" }, "geometry": { "type": "Point", "coordinates": [ 135.606432, 34.6500555 ] } },
{ "type": "Feature", "properties": { "内容": "グループホームしぎのさと【認知症対応型共同生活介護】大阪府八尾市服部川５丁目７番地１", "url": "https://www.kaigokensaku.mhlw.go.jp/27/index.php?action_kouhyou_detail_004_kani=true&JigyosyoCd=2775502442-00&ServiceCd=320&Type=search", "url2": "http://shiginosato.com/" }, "geometry": { "type": "Point", "coordinates": [ 135.63881, 34.628125 ] } },
{ "type": "Feature", "properties": { "内容": "グループホーム寿光園【認知症対応型共同生活介護】大阪府八尾市楽音寺2丁目125番地", "url": "https://www.kaigokensaku.mhlw.go.jp/27/index.php?action_kouhyou_detail_004_kani=true&JigyosyoCd=2775500834-00&ServiceCd=320&Type=search", "url2": "http://jyukouen.jyukoukai.org" }, "geometry": { "type": "Point", "coordinates": [ 135.638759899999968, 34.6410847 ] } },
{ "type": "Feature", "properties": { "内容": "あすか八尾グループホーム【認知症対応型共同生活介護】大阪府八尾市南太子堂４－１－１４サンライズ東宝２階", "url": "https://www.kaigokensaku.mhlw.go.jp/27/index.php?action_kouhyou_detail_004_kani=true&JigyosyoCd=2775502012-00&ServiceCd=320&Type=search", "url2": "http://www.tomojyu.or.jp" }, "geometry": { "type": "Point", "coordinates": [ 135.5861516, 34.6120093 ] } },
{ "type": "Feature", "properties": { "内容": "グループホームすみれ八尾【認知症対応型共同生活介護】大阪府八尾市太子堂２丁目４番６号", "url": "https://www.kaigokensaku.mhlw.go.jp/27/index.php?action_kouhyou_detail_004_kani=true&JigyosyoCd=2775502335-00&ServiceCd=320&Type=search", "url2": null }, "geometry": { "type": "Point", "coordinates": [ 135.585640499999954, 34.6158811 ] } },
{ "type": "Feature", "properties": { "内容": "ケアホーム愛生（たかやす）【認知症対応型共同生活介護】大阪府八尾市山本高安町２丁目３番８号", "url": "https://www.kaigokensaku.mhlw.go.jp/27/index.php?action_kouhyou_detail_004_kani=true&JigyosyoCd=2775501337-00&ServiceCd=320&Type=search", "url2": "https://aiseikai-careservice.jp" }, "geometry": { "type": "Point", "coordinates": [ 135.622458700000038, 34.6179486 ] } },
{ "type": "Feature", "properties": { "内容": "ケアホーム愛生（しおんじ）【認知症対応型共同生活介護】大阪府八尾市大竹六丁目１６９番地", "url": "https://www.kaigokensaku.mhlw.go.jp/27/index.php?action_kouhyou_detail_004_kani=true&JigyosyoCd=2775500891-00&ServiceCd=320&Type=search", "url2": "https://aiseikai-careservice.jp/" }, "geometry": { "type": "Point", "coordinates": [ 135.643838986508172, 34.636656182191224 ] } },
{ "type": "Feature", "properties": { "内容": "医療福祉生協おおさか　グループホームよおぎ【認知症対応型共同生活介護】大阪府八尾市八尾木6-100ふれあいセンター八尾", "url": "https://www.kaigokensaku.mhlw.go.jp/27/index.php?action_kouhyou_detail_004_kani=true&JigyosyoCd=2775502814-00&ServiceCd=320&Type=search", "url2": "http://iseikyoukawachino.jp/yao-clinic/index.html" }, "geometry": { "type": "Point", "coordinates": [ 135.614720626440061, 34.606196824089515 ] } },
{ "type": "Feature", "properties": { "内容": "グループホーム　ここから陽光園【認知症対応型共同生活介護】八尾市陽光園１丁目５－１１", "url": "https://www.kaigokensaku.mhlw.go.jp/27/index.php?action_kouhyou_detail_004_kani=true&JigyosyoCd=2775502798-00&ServiceCd=320&Type=search", "url2": "http://www.cocokaragp.com/yokoen/" }, "geometry": { "type": "Point", "coordinates": [ 135.600091600000042, 34.6212558 ] } },
{ "type": "Feature", "properties": { "内容": "グループホーム　ソラストいずみ八尾【認知症対応型共同生活介護】大阪府八尾市泉町一丁目２番地", "url": "https://www.kaigokensaku.mhlw.go.jp/27/index.php?action_kouhyou_detail_004_kani=true&JigyosyoCd=2795500764-00&ServiceCd=320&Type=search", "url2": "https://www.solasto.co.jp" }, "geometry": { "type": "Point", "coordinates": [ 135.6051923, 34.6463449 ] } },
{ "type": "Feature", "properties": { "内容": "グループホーム桜ヶ丘【認知症対応型共同生活介護】大阪府八尾市桜ヶ丘１－２０", "url": "https://www.kaigokensaku.mhlw.go.jp/27/index.php?action_kouhyou_detail_004_kani=true&JigyosyoCd=2775502418-00&ServiceCd=320&Type=search", "url2": null }, "geometry": { "type": "Point", "coordinates": [ 135.607835099999988, 34.6305216 ] } },
{ "type": "Feature", "properties": { "内容": "グループホーム　うれし家・たのし家【認知症対応型共同生活介護】大阪府八尾市東山本町6-9-35サンピアハイツＩ-2Ｆ", "url": "https://www.kaigokensaku.mhlw.go.jp/27/index.php?action_kouhyou_detail_004_kani=true&JigyosyoCd=2775502004-00&ServiceCd=320&Type=search", "url2": "http://www.ureshiyatanoshiya.com/" }, "geometry": { "type": "Point", "coordinates": [ 135.628092436770658, 34.627806073330298 ] } },
{ "type": "Feature", "properties": { "内容": "二チイケアセンター八尾萱振　認知症対応型共同生活介護【認知症対応型共同生活介護】大阪府八尾市萱振町七丁目７１―２", "url": "https://www.kaigokensaku.mhlw.go.jp/27/index.php?action_kouhyou_detail_004_kani=true&JigyosyoCd=2795500129-00&ServiceCd=320&Type=search", "url2": "http://www.nichiigakkan.co.jp/" }, "geometry": { "type": "Point", "coordinates": [ 135.605004600000029, 34.6416008 ] } },
{ "type": "Feature", "properties": { "内容": "グループホームノーブル【認知症対応型共同生活介護】大阪府八尾市楽音寺6-45", "url": "https://www.kaigokensaku.mhlw.go.jp/27/index.php?action_kouhyou_detail_004_kani=true&JigyosyoCd=2775501071-00&ServiceCd=320&Type=search", "url2": "http://www.noble.or.jp/" }, "geometry": { "type": "Point", "coordinates": [ 135.643192799999952, 34.6420513 ] } },
{ "type": "Feature", "properties": { "内容": "グループホーム穴太のせせらぎ【認知症対応型共同生活介護】八尾市宮町３－４－５２", "url": "https://www.kaigokensaku.mhlw.go.jp/27/index.php?action_kouhyou_detail_004_kani=true&JigyosyoCd=2775502699-00&ServiceCd=320&Type=search", "url2": "https://www.toshukai.com" }, "geometry": { "type": "Point", "coordinates": [ 135.596972100000016, 34.6377371 ] } },
{ "type": "Feature", "properties": { "内容": "泉佐野介護福祉センター【認知症対応型共同生活介護】大阪府　泉佐野市　中庄１２８４－３", "url": "https://www.kaigokensaku.mhlw.go.jp/27/index.php?action_kouhyou_detail_004_kani=true&JigyosyoCd=2794500088-00&ServiceCd=320&Type=search", "url2": "http://izumisano-kaigo.com/" }, "geometry": { "type": "Point", "coordinates": [ 135.329923300000019, 34.406192300000022 ] } },
{ "type": "Feature", "properties": { "内容": "グループホームやすらぎのさと【認知症対応型共同生活介護】大阪府泉佐野市岡本三丁目9番6号", "url": "https://www.kaigokensaku.mhlw.go.jp/27/index.php?action_kouhyou_detail_004_kani=true&JigyosyoCd=2794500054-00&ServiceCd=320&Type=search", "url2": "http://tanpopo.ever.jp" }, "geometry": { "type": "Point", "coordinates": [ 135.30184220000001, 34.391966 ] } },
{ "type": "Feature", "properties": { "内容": "グループホーム栄公【認知症対応型共同生活介護】大阪府泉佐野市中町３丁目４番５号ジリタス高齢者複合施設　ジリタス", "url": "https://www.kaigokensaku.mhlw.go.jp/27/index.php?action_kouhyou_detail_004_kani=true&JigyosyoCd=2774500504-00&ServiceCd=320&Type=search", "url2": "http://www.sanokinen.jp" }, "geometry": { "type": "Point", "coordinates": [ 135.315978000460831, 34.400204151998061 ] } },
{ "type": "Feature", "properties": { "内容": "グループホームアムリタ【認知症対応型共同生活介護】大阪府泉佐野市中町3丁目4番5号ジリタス高齢者複合施設ジリタス", "url": "https://www.kaigokensaku.mhlw.go.jp/27/index.php?action_kouhyou_detail_004_kani=true&JigyosyoCd=2774500835-00&ServiceCd=320&Type=search", "url2": "http://www.sanokinen.jp" }, "geometry": { "type": "Point", "coordinates": [ 135.316042196376969, 34.400215864795115 ] } },
{ "type": "Feature", "properties": { "内容": "グループホーム・ラポート【認知症対応型共同生活介護】大阪府泉佐野市長滝3735番地1", "url": "https://www.kaigokensaku.mhlw.go.jp/27/index.php?action_kouhyou_detail_004_kani=true&JigyosyoCd=2774501171-00&ServiceCd=320&Type=search", "url2": "http://www.tomoekai.or.jp" }, "geometry": { "type": "Point", "coordinates": [ 135.317175850579133, 34.395463090096179 ] } },
{ "type": "Feature", "properties": { "内容": "泉ヶ丘園グループホーム【認知症対応型共同生活介護】大阪府泉佐野市日根野5565－136", "url": "https://www.kaigokensaku.mhlw.go.jp/27/index.php?action_kouhyou_detail_004_kani=true&JigyosyoCd=2774500447-00&ServiceCd=320&Type=search", "url2": "http://izumigaokaen.or.jp/" }, "geometry": { "type": "Point", "coordinates": [ 135.3470635, 34.3721748 ] } },
{ "type": "Feature", "properties": { "内容": "グループホーム　桂苑【認知症対応型共同生活介護】大阪府泉佐野市羽倉崎一丁目１番４号", "url": "https://www.kaigokensaku.mhlw.go.jp/27/index.php?action_kouhyou_detail_004_kani=true&JigyosyoCd=2774500991-00&ServiceCd=320&Type=search", "url2": "http://ffsg.jp/" }, "geometry": { "type": "Point", "coordinates": [ 135.300457181614661, 34.40047068549454 ] } },
{ "type": "Feature", "properties": { "内容": "グループホーム　泉州【認知症対応型共同生活介護】大阪府泉佐野市湊二丁目１番32号", "url": "https://www.kaigokensaku.mhlw.go.jp/27/index.php?action_kouhyou_detail_004_kani=true&JigyosyoCd=2774500827-00&ServiceCd=320&Type=search", "url2": "https://grouphome-sensyu.jimdo.com/" }, "geometry": { "type": "Point", "coordinates": [ 135.321677274205058, 34.416591650752331 ] } },
{ "type": "Feature", "properties": { "内容": "医療法人今城クリニック認知症対応型共同生活介護事業所楓【認知症対応型共同生活介護】大阪府富田林市錦織東1丁目18-2", "url": "https://www.kaigokensaku.mhlw.go.jp/27/index.php?action_kouhyou_detail_004_kani=true&JigyosyoCd=2794900312-00&ServiceCd=320&Type=search", "url2": "https://imajo.org/" }, "geometry": { "type": "Point", "coordinates": [ 135.589436510311913, 34.488005077513883 ] } },
{ "type": "Feature", "properties": { "内容": "グループホーム　マーヤの家伏山【認知症対応型共同生活介護】大阪府富田林市伏山２－２－８", "url": "https://www.kaigokensaku.mhlw.go.jp/27/index.php?action_kouhyou_detail_004_kani=true&JigyosyoCd=2794900031-00&ServiceCd=320&Type=search", "url2": "http://ma-ya.org" }, "geometry": { "type": "Point", "coordinates": [ 135.5616367, 34.4881252 ] } },
{ "type": "Feature", "properties": { "内容": "「さらそうじゅ」の家【認知症対応型共同生活介護】大阪府富田林市若松町1－1247－4", "url": "https://www.kaigokensaku.mhlw.go.jp/27/index.php?action_kouhyou_detail_004_kani=true&JigyosyoCd=2774901132-00&ServiceCd=320&Type=search", "url2": null }, "geometry": { "type": "Point", "coordinates": [ 135.603985593115226, 34.50286081677919 ] } },
{ "type": "Feature", "properties": { "内容": "ケア・プラザれんげの里【認知症対応型共同生活介護】大阪府富田林市向陽台一丁目４番１６号", "url": "https://www.kaigokensaku.mhlw.go.jp/27/index.php?action_kouhyou_detail_004_kani=true&JigyosyoCd=2774900555-00&ServiceCd=320&Type=search", "url2": null }, "geometry": { "type": "Point", "coordinates": [ 135.583091476582354, 34.505436726949625 ] } },
{ "type": "Feature", "properties": { "内容": "愛の家グループホーム富田林佐備【認知症対応型共同生活介護】大阪府富田林市大字佐備348番地", "url": "https://www.kaigokensaku.mhlw.go.jp/27/index.php?action_kouhyou_detail_004_kani=true&JigyosyoCd=2794900247-00&ServiceCd=320&Type=search", "url2": "https://mcs-ainoie.com/" }, "geometry": { "type": "Point", "coordinates": [ 135.6052683, 34.4867456 ] } },
{ "type": "Feature", "properties": { "内容": "ぐるーぷはうす　なごみ【認知症対応型共同生活介護】大阪府　富田林市　東板持町　３－１５－５", "url": "https://www.kaigokensaku.mhlw.go.jp/27/index.php?action_kouhyou_detail_004_kani=true&JigyosyoCd=2774900530-00&ServiceCd=320&Type=search", "url2": "https://gh-nagomi.com/" }, "geometry": { "type": "Point", "coordinates": [ 135.609287600000016, 34.4887037 ] } },
{ "type": "Feature", "properties": { "内容": "ジェントレス宮【認知症対応型共同生活介護】大阪府富田林市宮町一丁目3番5号", "url": "https://www.kaigokensaku.mhlw.go.jp/27/index.php?action_kouhyou_detail_004_kani=true&JigyosyoCd=2774901165-00&ServiceCd=320&Type=search", "url2": "http://www.friend-kids.com/" }, "geometry": { "type": "Point", "coordinates": [ 135.6036239, 34.5162312 ] } },
{ "type": "Feature", "properties": { "内容": "ポジティブリーケア喜志の郷【認知症対応型共同生活介護】大阪府富田林市桜井町2丁目18350721-20-1171", "url": "https://www.kaigokensaku.mhlw.go.jp/27/index.php?action_kouhyou_detail_004_kani=true&JigyosyoCd=2794900296-00&ServiceCd=320&Type=search", "url2": "http://reborn-corp.com›kisinosato" }, "geometry": { "type": "Point", "coordinates": [ 135.6092641, 34.5186392 ] } },
{ "type": "Feature", "properties": { "内容": "グループホームくすのき【認知症対応型共同生活介護】大阪府寝屋川市木屋元町5-35", "url": "https://www.kaigokensaku.mhlw.go.jp/27/index.php?action_kouhyou_detail_004_kani=true&JigyosyoCd=2790300137-00&ServiceCd=320&Type=search", "url2": "https://kusunokiiin.com" }, "geometry": { "type": "Point", "coordinates": [ 135.617955700000039, 34.7867181 ] } },
{ "type": "Feature", "properties": { "内容": "ＦＭＣグループホーム香里園【認知症対応型共同生活介護】大阪府寝屋川市美井元町１９番５号", "url": "https://www.kaigokensaku.mhlw.go.jp/27/index.php?action_kouhyou_detail_004_kani=true&JigyosyoCd=2790300251-00&ServiceCd=320&Type=search", "url2": "http://www.fmckaigo.com" }, "geometry": { "type": "Point", "coordinates": [ 135.635598800000054, 34.779305200000017 ] } },
{ "type": "Feature", "properties": { "内容": "グループホーム　FMC大利ホーム【認知症対応型共同生活介護】大阪府寝屋川市北大利町19番10号", "url": "https://www.kaigokensaku.mhlw.go.jp/27/index.php?action_kouhyou_detail_004_kani=true&JigyosyoCd=2790300111-00&ServiceCd=320&Type=search", "url2": "http://www.fmckaigo.com/otoshi" }, "geometry": { "type": "Point", "coordinates": [ 135.61765349999996, 34.7673093 ] } },
{ "type": "Feature", "properties": { "内容": "社会福祉法人いわき会グループホーム東神田の里【認知症対応型共同生活介護】大阪府寝屋川市東神田19-1", "url": "https://www.kaigokensaku.mhlw.go.jp/27/index.php?action_kouhyou_detail_004_kani=true&JigyosyoCd=2790300194-00&ServiceCd=320&Type=search", "url2": "http://www.iwaki-kai.or.jp" }, "geometry": { "type": "Point", "coordinates": [ 135.613764154631099, 34.755620895685446 ] } },
{ "type": "Feature", "properties": { "内容": "ボンビー【認知症対応型共同生活介護】大阪府寝屋川市木屋町6-16", "url": "https://www.kaigokensaku.mhlw.go.jp/27/index.php?action_kouhyou_detail_004_kani=true&JigyosyoCd=2790300350-00&ServiceCd=320&Type=search", "url2": "http://www.bellevie-np.org/service.html#bon-vie" }, "geometry": { "type": "Point", "coordinates": [ 135.621527499999956, 34.7862635 ] } },
{ "type": "Feature", "properties": { "内容": "社会福祉法人いわき会グループホーム第2東神田の里【認知症対応型共同生活介護】大阪府寝屋川市東神田町19-1", "url": "https://www.kaigokensaku.mhlw.go.jp/27/index.php?action_kouhyou_detail_004_kani=true&JigyosyoCd=2790300319-00&ServiceCd=320&Type=search", "url2": "http://www.iwaki-kai.or.jp" }, "geometry": { "type": "Point", "coordinates": [ 135.613443400000051, 34.7558997 ] } },
{ "type": "Feature", "properties": { "内容": "グループホーム日乃出【認知症対応型共同生活介護】大阪府寝屋川市宇谷町10番1号グリーンヒルウエヒラ　２・３階", "url": "https://www.kaigokensaku.mhlw.go.jp/27/index.php?action_kouhyou_detail_004_kani=true&JigyosyoCd=2770300867-00&ServiceCd=320&Type=search", "url2": "http://flash-hinode.jp/" }, "geometry": { "type": "Point", "coordinates": [ 135.646295400000014, 34.7661068 ] } },
{ "type": "Feature", "properties": { "内容": "医療法人協仁会グループホーム第２なごやか【認知症対応型共同生活介護】大阪府寝屋川市黒原城内町２５－７", "url": "https://www.kaigokensaku.mhlw.go.jp/27/index.php?action_kouhyou_detail_004_kani=true&JigyosyoCd=2770302186-00&ServiceCd=320&Type=search", "url2": "http://komatu.or.jp" }, "geometry": { "type": "Point", "coordinates": [ 135.600005900000014, 34.7594047 ] } },
{ "type": "Feature", "properties": { "内容": "医療法人協仁会グループホームなごやか【認知症対応型共同生活介護】大阪府寝屋川市川勝町１１－２７", "url": "https://www.kaigokensaku.mhlw.go.jp/27/index.php?action_kouhyou_detail_004_kani=true&JigyosyoCd=2770300917-00&ServiceCd=320&Type=search", "url2": "http://www.komatsu.or.jp/" }, "geometry": { "type": "Point", "coordinates": [ 135.6321994, 34.7673122 ] } },
{ "type": "Feature", "properties": { "内容": "寝屋川ケアセンターそよ風【認知症対応型共同生活介護】大阪府寝屋川市葛原新町３番４８号", "url": "https://www.kaigokensaku.mhlw.go.jp/27/index.php?action_kouhyou_detail_004_kani=true&JigyosyoCd=2770301840-00&ServiceCd=320&Type=search", "url2": "http://sykz.co.jp" }, "geometry": { "type": "Point", "coordinates": [ 135.606198899999981, 34.7696559 ] } },
{ "type": "Feature", "properties": { "内容": "ＦＭＣグループホーム【認知症対応型共同生活介護】大阪府寝屋川市本町１６番５号", "url": "https://www.kaigokensaku.mhlw.go.jp/27/index.php?action_kouhyou_detail_004_kani=true&JigyosyoCd=2770301162-00&ServiceCd=320&Type=search", "url2": "http://www.fmckaigo.com/" }, "geometry": { "type": "Point", "coordinates": [ 135.627208200000041, 34.7656679 ] } },
{ "type": "Feature", "properties": { "内容": "グループホーム緑樹【認知症対応型共同生活介護】大阪府寝屋川市梅が丘二丁目２６番１号", "url": "https://www.kaigokensaku.mhlw.go.jp/27/index.php?action_kouhyou_detail_004_kani=true&JigyosyoCd=2770302004-00&ServiceCd=320&Type=search", "url2": "http://www.ryokuju.net/" }, "geometry": { "type": "Point", "coordinates": [ 135.6548173, 34.7499309 ] } },
{ "type": "Feature", "properties": { "内容": "グループホームみさき寝屋川【認知症対応型共同生活介護】大阪府寝屋川市高宮新町30-5", "url": "https://www.kaigokensaku.mhlw.go.jp/27/index.php?action_kouhyou_detail_004_kani=true&JigyosyoCd=2790300541-00&ServiceCd=320&Type=search", "url2": "https://www.misaki-kaigo.co.jp/" }, "geometry": { "type": "Point", "coordinates": [ 135.63288, 34.7609057 ] } },
{ "type": "Feature", "properties": { "内容": "ソラストあやか寝屋川【認知症対応型共同生活介護】大阪府寝屋川市木屋元町13-5", "url": "https://www.kaigokensaku.mhlw.go.jp/27/index.php?action_kouhyou_detail_004_kani=true&JigyosyoCd=2790300012-00&ServiceCd=320&Type=search", "url2": "https://solasto-kaigo.com" }, "geometry": { "type": "Point", "coordinates": [ 135.618362423942614, 34.788284778612386 ] } },
{ "type": "Feature", "properties": { "内容": "高齢者認知症共同生活介護事業　つかさの家【認知症対応型共同生活介護】大阪府寝屋川市仁和寺本町２－３－５", "url": "https://www.kaigokensaku.mhlw.go.jp/27/index.php?action_kouhyou_detail_004_kani=true&JigyosyoCd=2770302202-00&ServiceCd=320&Type=search", "url2": "http://tsukinowa.kids.coocan.jp/" }, "geometry": { "type": "Point", "coordinates": [ 135.596066400000041, 34.769963900000015 ] } },
{ "type": "Feature", "properties": { "内容": "グループホーム　マザー館【認知症対応型共同生活介護】大阪府寝屋川市讃良西町7番47号", "url": "https://www.kaigokensaku.mhlw.go.jp/27/index.php?action_kouhyou_detail_004_kani=true&JigyosyoCd=2790300624-00&ServiceCd=320&Type=search", "url2": "http://kouseikai-web.com" }, "geometry": { "type": "Point", "coordinates": [ 135.621384799999987, 34.7423905 ] } },
{ "type": "Feature", "properties": { "内容": "社会福祉法人秋桜福祉会　グループホーム楠根の里【認知症対応型共同生活介護】大阪府寝屋川市楠根南町24－22", "url": "https://www.kaigokensaku.mhlw.go.jp/27/index.php?action_kouhyou_detail_004_kani=true&JigyosyoCd=2770301774-00&ServiceCd=320&Type=search", "url2": "http://cosmos-welfare.net" }, "geometry": { "type": "Point", "coordinates": [ 135.631424899999956, 34.7527139 ] } },
{ "type": "Feature", "properties": { "内容": "グループホームみかんの里【認知症対応型共同生活介護】大阪府寝屋川市池田中町２番２０号", "url": "https://www.kaigokensaku.mhlw.go.jp/27/index.php?action_kouhyou_detail_004_kani=true&JigyosyoCd=2790300236-00&ServiceCd=320&Type=search", "url2": null }, "geometry": { "type": "Point", "coordinates": [ 135.6116677, 34.7754331 ] } },
{ "type": "Feature", "properties": { "内容": "社会福祉法人いわき会小規模多機能ホーム/グループホーム錦の里【認知症対応型共同生活介護】大阪府寝屋川市錦町２０番５号", "url": "https://www.kaigokensaku.mhlw.go.jp/27/index.php?action_kouhyou_detail_004_kani=true&JigyosyoCd=2790300095-00&ServiceCd=320&Type=search", "url2": "http://www.iwaki-kai.or.jp" }, "geometry": { "type": "Point", "coordinates": [ 135.61502889999997, 34.7614321 ] } },
{ "type": "Feature", "properties": { "内容": "グループホーム　こころ　新家【認知症対応型共同生活介護】大阪府寝屋川市新家1丁目23番5号", "url": "https://www.kaigokensaku.mhlw.go.jp/27/index.php?action_kouhyou_detail_004_kani=true&JigyosyoCd=2790300210-00&ServiceCd=320&Type=search", "url2": null }, "geometry": { "type": "Point", "coordinates": [ 135.629075100000023, 34.7518696 ] } },
{ "type": "Feature", "properties": { "内容": "グループホーム　ここから　木田元宮【認知症対応型共同生活介護】大阪府寝屋川市木田元宮２－６－１３", "url": "https://www.kaigokensaku.mhlw.go.jp/27/index.php?action_kouhyou_detail_004_kani=true&JigyosyoCd=2790300079-00&ServiceCd=320&Type=search", "url2": "http://www.cocokaragp.com" }, "geometry": { "type": "Point", "coordinates": [ 135.620495300000016, 34.7527917 ] } },
{ "type": "Feature", "properties": { "内容": "ニチイケアセンター河内長野【認知症対応型共同生活介護】大阪府河内長野市中片添町8番8号", "url": "https://www.kaigokensaku.mhlw.go.jp/27/index.php?action_kouhyou_detail_004_kani=true&JigyosyoCd=2790700096-00&ServiceCd=320&Type=search", "url2": "https://www.nichii-kaigo.jp/base/base-result/05T58/" }, "geometry": { "type": "Point", "coordinates": [ 135.570573, 34.4333399 ] } },
{ "type": "Feature", "properties": { "内容": "グループホーム　スリーハートの丘【認知症対応型共同生活介護】大阪府河内長野市上原町554番地", "url": "https://www.kaigokensaku.mhlw.go.jp/27/index.php?action_kouhyou_detail_004_kani=true&JigyosyoCd=2790700211-00&ServiceCd=320&Type=search", "url2": "http://naganozaidan.jp/" }, "geometry": { "type": "Point", "coordinates": [ 135.555270800000017, 34.4456417 ] } },
{ "type": "Feature", "properties": { "内容": "くみのき苑　グループホーム　千寿【認知症対応型共同生活介護】大阪府河内長野市木戸2丁目33-5", "url": "https://www.kaigokensaku.mhlw.go.jp/27/index.php?action_kouhyou_detail_004_kani=true&JigyosyoCd=2770701049-00&ServiceCd=320&Type=search", "url2": "http://www.rapport-kuminoki.jp/" }, "geometry": { "type": "Point", "coordinates": [ 135.563817, 34.4749907 ] } },
{ "type": "Feature", "properties": { "内容": "寿里苑フェリスグループホーム【認知症対応型共同生活介護】河内長野市加賀田885-2", "url": "https://www.kaigokensaku.mhlw.go.jp/27/index.php?action_kouhyou_detail_004_kani=true&JigyosyoCd=2770700678-00&ServiceCd=320&Type=search", "url2": "http://www.julien.or.jp" }, "geometry": { "type": "Point", "coordinates": [ 135.567678800000067, 34.4143783 ] } },
{ "type": "Feature", "properties": { "内容": "サポートハウス藤千代田【認知症対応型共同生活介護】大阪府河内長野市小山田町１３０４", "url": "https://www.kaigokensaku.mhlw.go.jp/27/index.php?action_kouhyou_detail_004_kani=true&JigyosyoCd=2770701130-00&ServiceCd=320&Type=search", "url2": "https://sapofuji.com" }, "geometry": { "type": "Point", "coordinates": [ 135.5548059, 34.45830620000001 ] } },
{ "type": "Feature", "properties": { "内容": "グループホーム　老蘇さん【認知症対応型共同生活介護】大阪府河内長野市木戸西町2丁目8番20号", "url": "https://www.kaigokensaku.mhlw.go.jp/27/index.php?action_kouhyou_detail_004_kani=true&JigyosyoCd=2770700876-00&ServiceCd=320&Type=search", "url2": null }, "geometry": { "type": "Point", "coordinates": [ 135.566464200000041, 34.4638449 ] } },
{ "type": "Feature", "properties": { "内容": "グループホーム花すいせん【認知症対応型共同生活介護】大阪府河内長野市木戸西町１－９－５１千代田グリーンハイツ１階", "url": "https://www.kaigokensaku.mhlw.go.jp/27/index.php?action_kouhyou_detail_004_kani=true&JigyosyoCd=2770700801-00&ServiceCd=320&Type=search", "url2": "http://www.eonet.ne.jp/~suzuran-ran/" }, "geometry": { "type": "Point", "coordinates": [ 135.569030600000019, 34.463931 ] } },
{ "type": "Feature", "properties": { "内容": "グループホームこころの家【認知症対応型共同生活介護】大阪府河内長野市汐ノ宮町17-3", "url": "https://www.kaigokensaku.mhlw.go.jp/27/index.php?action_kouhyou_detail_004_kani=true&JigyosyoCd=2790700161-00&ServiceCd=320&Type=search", "url2": null }, "geometry": { "type": "Point", "coordinates": [ 135.580871099999968, 34.4676115 ] } },
{ "type": "Feature", "properties": { "内容": "グループホームらん【認知症対応型共同生活介護】大阪府河内長野市原町3丁目5番21号", "url": "https://www.kaigokensaku.mhlw.go.jp/27/index.php?action_kouhyou_detail_004_kani=true&JigyosyoCd=2770701023-00&ServiceCd=320&Type=search", "url2": null }, "geometry": { "type": "Point", "coordinates": [ 135.565364300000027, 34.4618062 ] } },
{ "type": "Feature", "properties": { "内容": "グループホーム華まつばら【認知症対応型共同生活介護】大阪府松原市松ヶ丘1丁目10番61号", "url": "https://www.kaigokensaku.mhlw.go.jp/27/index.php?action_kouhyou_detail_004_kani=true&JigyosyoCd=2794800033-00&ServiceCd=320&Type=search", "url2": "http://harukazefukushikai.com/hanamatsubara/" }, "geometry": { "type": "Point", "coordinates": [ 135.5595356, 34.5776459 ] } },
{ "type": "Feature", "properties": { "内容": "グループホーム　マーヤの家柴垣【認知症対応型共同生活介護】大阪府松原市柴垣2-506-1", "url": "https://www.kaigokensaku.mhlw.go.jp/27/index.php?action_kouhyou_detail_004_kani=true&JigyosyoCd=2794800025-00&ServiceCd=320&Type=search", "url2": "http://ma-ya.org" }, "geometry": { "type": "Point", "coordinates": [ 135.56344660000002, 34.5665777 ] } },
{ "type": "Feature", "properties": { "内容": "フィレ－ルまつばら【認知症対応型共同生活介護】大阪府松原市阿保3-15-22", "url": "https://www.kaigokensaku.mhlw.go.jp/27/index.php?action_kouhyou_detail_004_kani=true&JigyosyoCd=2794800116-00&ServiceCd=320&Type=search", "url2": "http://www.shoutokukai.net" }, "geometry": { "type": "Point", "coordinates": [ 135.555178599999977, 34.579516 ] } },
{ "type": "Feature", "properties": { "内容": "社会医療法人垣谷会　グループホーム田井城の里【認知症対応型共同生活介護】大阪府松原市田井城6丁目282-2", "url": "https://www.kaigokensaku.mhlw.go.jp/27/index.php?action_kouhyou_detail_004_kani=true&JigyosyoCd=2774800581-00&ServiceCd=320&Type=search", "url2": null }, "geometry": { "type": "Point", "coordinates": [ 135.545447500000023, 34.583511800000011 ] } },
{ "type": "Feature", "properties": { "内容": "グループホーム松原なごみ【認知症対応型共同生活介護】大阪府松原市東新町５－４－１０グループホーム松原なごみ", "url": "https://www.kaigokensaku.mhlw.go.jp/27/index.php?action_kouhyou_detail_004_kani=true&JigyosyoCd=2794800066-00&ServiceCd=320&Type=search", "url2": "http://namihaya.net/" }, "geometry": { "type": "Point", "coordinates": [ 135.543753198811345, 34.573340890129565 ] } },
{ "type": "Feature", "properties": { "内容": "グループホーム花水木【認知症対応型共同生活介護】大阪府大東市寺川5丁目19番18号グループホーム花水木", "url": "https://www.kaigokensaku.mhlw.go.jp/27/index.php?action_kouhyou_detail_004_kani=true&JigyosyoCd=2791900042-00&ServiceCd=320&Type=search", "url2": "http://www.jinsen.jp/hanamizuki/index.html" }, "geometry": { "type": "Point", "coordinates": [ 135.648641199999929, 34.7087135 ] } },
{ "type": "Feature", "properties": { "内容": "グループホーム　八重桜【認知症対応型共同生活介護】大阪府大東市諸福７丁目４－４５", "url": "https://www.kaigokensaku.mhlw.go.jp/27/index.php?action_kouhyou_detail_004_kani=true&JigyosyoCd=2791900109-00&ServiceCd=320&Type=search", "url2": null }, "geometry": { "type": "Point", "coordinates": [ 135.594633291679429, 34.705310447343344 ] } },
{ "type": "Feature", "properties": { "内容": "グループホームあいの里きらら【認知症対応型共同生活介護】大阪府大東市大字龍間６７３－３", "url": "https://www.kaigokensaku.mhlw.go.jp/27/index.php?action_kouhyou_detail_004_kani=true&JigyosyoCd=2791900059-00&ServiceCd=320&Type=search", "url2": "http://www.ainosato-tatsuma.or.jp/" }, "geometry": { "type": "Point", "coordinates": [ 135.660776199999987, 34.7079443 ] } },
{ "type": "Feature", "properties": { "内容": "グループホーム　あいの里すばる【認知症対応型共同生活介護】大阪府大東市大字龍間６７３番地３", "url": "https://www.kaigokensaku.mhlw.go.jp/27/index.php?action_kouhyou_detail_004_kani=true&JigyosyoCd=2791900125-00&ServiceCd=320&Type=search", "url2": "http://www.ainosato-tatsuma.or.jp/" }, "geometry": { "type": "Point", "coordinates": [ 135.660819115344225, 34.707939890099063 ] } },
{ "type": "Feature", "properties": { "内容": "北条グループホーム【認知症対応型共同生活介護】大阪府大東市北条七丁目4番1号和光苑北条ふれあいホーム", "url": "https://www.kaigokensaku.mhlw.go.jp/27/index.php?action_kouhyou_detail_004_kani=true&JigyosyoCd=2771900913-00&ServiceCd=320&Type=search", "url2": "http://www.kyouseikai.org" }, "geometry": { "type": "Point", "coordinates": [ 135.642180199999984, 34.722181300000024 ] } },
{ "type": "Feature", "properties": { "内容": "グループホーム奏音【認知症対応型共同生活介護】大阪府大東市御領1丁目10-18", "url": "https://www.kaigokensaku.mhlw.go.jp/27/index.php?action_kouhyou_detail_004_kani=true&JigyosyoCd=2771900632-00&ServiceCd=320&Type=search", "url2": null }, "geometry": { "type": "Point", "coordinates": [ 135.617332300000044, 34.716837 ] } },
{ "type": "Feature", "properties": { "内容": "グループホーム　さんがの杜【認知症対応型共同生活介護】大阪府大東市三箇５丁目6－22グループホーム　さんがの杜", "url": "https://www.kaigokensaku.mhlw.go.jp/27/index.php?action_kouhyou_detail_004_kani=true&JigyosyoCd=2791900117-00&ServiceCd=320&Type=search", "url2": null }, "geometry": { "type": "Point", "coordinates": [ 135.624920400000065, 34.7251169 ] } },
{ "type": "Feature", "properties": { "内容": "いずみ池上の里【認知症対応型共同生活介護】大阪府和泉市池上町３丁目１４－２８", "url": "https://www.kaigokensaku.mhlw.go.jp/27/index.php?action_kouhyou_detail_004_kani=true&JigyosyoCd=2790500058-00&ServiceCd=320&Type=search", "url2": "http://www.shinjinkai-hp.or.jp/group/index.html" }, "geometry": { "type": "Point", "coordinates": [ 135.430592899999965, 34.5011662 ] } },
{ "type": "Feature", "properties": { "内容": "グループホームのぞみ野【認知症対応型共同生活介護】大阪府和泉市のぞみ野３丁目１３番１０号", "url": "https://www.kaigokensaku.mhlw.go.jp/27/index.php?action_kouhyou_detail_004_kani=true&JigyosyoCd=2790500033-00&ServiceCd=320&Type=search", "url2": "http://www.koyokai.or.jp/" }, "geometry": { "type": "Point", "coordinates": [ 135.459265800000026, 34.4526366 ] } },
{ "type": "Feature", "properties": { "内容": "ファミーユグループホーム【認知症対応型共同生活介護】大阪府和泉市いぶき野5-5-1", "url": "https://www.kaigokensaku.mhlw.go.jp/27/index.php?action_kouhyou_detail_004_kani=true&JigyosyoCd=2790500256-00&ServiceCd=320&Type=search", "url2": "http://izumi-fukushikai.com/famille/" }, "geometry": { "type": "Point", "coordinates": [ 135.4598493, 34.4601062 ] } },
{ "type": "Feature", "properties": { "内容": "ひかりの園グループホーム【認知症対応型共同生活介護】大阪府和泉市下宮町２０５－５", "url": "https://www.kaigokensaku.mhlw.go.jp/27/index.php?action_kouhyou_detail_004_kani=true&JigyosyoCd=2770500698-00&ServiceCd=320&Type=search", "url2": "http://izumi-fukushikai.com/gh/" }, "geometry": { "type": "Point", "coordinates": [ 135.49373259999993, 34.4306448 ] } },
{ "type": "Feature", "properties": { "内容": "グループホームサニーヴィラ【認知症対応型共同生活介護】大阪府和泉市府中町6丁目13番11号", "url": "https://www.kaigokensaku.mhlw.go.jp/27/index.php?action_kouhyou_detail_004_kani=true&JigyosyoCd=2790500025-00&ServiceCd=320&Type=search", "url2": "http://www.sunnyvilla.or.jp" }, "geometry": { "type": "Point", "coordinates": [ 135.431340099999943, 34.4883069 ] } },
{ "type": "Feature", "properties": { "内容": "医療法人徳洲会　グループホーム認知症対応型共同生活介護いずみ【認知症対応型共同生活介護】大阪府和泉市府中町5丁目5-7グループホームいずみ", "url": "https://www.kaigokensaku.mhlw.go.jp/27/index.php?action_kouhyou_detail_004_kani=true&JigyosyoCd=2790500355-00&ServiceCd=320&Type=search", "url2": "https://izumi-care.tokushukai.or.jp/facility/izumi/" }, "geometry": { "type": "Point", "coordinates": [ 135.4317299, 34.4841655 ] } },
{ "type": "Feature", "properties": { "内容": "愛の家グループホーム箕面稲【認知症対応型共同生活介護】大阪府箕面市稲５丁目４番４５号", "url": "https://www.kaigokensaku.mhlw.go.jp/27/index.php?action_kouhyou_detail_004_kani=true&JigyosyoCd=2791400290-00&ServiceCd=320&Type=search", "url2": "https://mcs-ainoie.com/search/osaka/minohshi/gh308/" }, "geometry": { "type": "Point", "coordinates": [ 135.4817429, 34.8231125 ] } },
{ "type": "Feature", "properties": { "内容": "グループホーム　ロ・スカーロあおまだに【認知症対応型共同生活介護】大阪府箕面市粟生間谷西3-5-7", "url": "https://www.kaigokensaku.mhlw.go.jp/27/index.php?action_kouhyou_detail_004_kani=true&JigyosyoCd=2791400076-00&ServiceCd=320&Type=search", "url2": "http://www.shinmeikai.jp/04_loScalo_ao.html" }, "geometry": { "type": "Point", "coordinates": [ 135.513319899999942, 34.8453619 ] } },
{ "type": "Feature", "properties": { "内容": "あそびりクラブ　西小路の家【認知症対応型共同生活介護】大阪府箕面市西小路3丁目11-６", "url": "https://www.kaigokensaku.mhlw.go.jp/27/index.php?action_kouhyou_detail_004_kani=true&JigyosyoCd=2791400068-00&ServiceCd=320&Type=search", "url2": "https://asobiri-club.org/" }, "geometry": { "type": "Point", "coordinates": [ 135.471559699999943, 34.8291077 ] } },
{ "type": "Feature", "properties": { "内容": "グループホーム　ラ・アケソニア【認知症対応型共同生活介護】大阪府箕面市白島１丁目１９－３", "url": "https://www.kaigokensaku.mhlw.go.jp/27/index.php?action_kouhyou_detail_004_kani=true&JigyosyoCd=2771400914-00&ServiceCd=320&Type=search", "url2": "http://www.shinmeikai.jp/" }, "geometry": { "type": "Point", "coordinates": [ 135.4931914, 34.8345826 ] } },
{ "type": "Feature", "properties": { "内容": "白島荘グループホーム「華の家」【認知症対応型共同生活介護】大阪府箕面市白島三丁目5番50号", "url": "https://www.kaigokensaku.mhlw.go.jp/27/index.php?action_kouhyou_detail_004_kani=true&JigyosyoCd=2771400484-00&ServiceCd=320&Type=search", "url2": "http://www.osj.or.jp/hakushima/" }, "geometry": { "type": "Point", "coordinates": [ 135.490716398147612, 34.839039302899934 ] } },
{ "type": "Feature", "properties": { "内容": "あすなるグループホーム牧落【認知症対応型共同生活介護】大阪府箕面市牧落３－１５－４", "url": "https://www.kaigokensaku.mhlw.go.jp/27/index.php?action_kouhyou_detail_004_kani=true&JigyosyoCd=2791400159-00&ServiceCd=320&Type=search", "url2": "http://asunaru-makiochi.com/" }, "geometry": { "type": "Point", "coordinates": [ 135.473035369404187, 34.824276047790754 ] } },
{ "type": "Feature", "properties": { "内容": "グループホーム　メイプル箕面【認知症対応型共同生活介護】大阪府箕面市桜1丁目7-15グループホーム　メイプル箕面", "url": "https://www.kaigokensaku.mhlw.go.jp/27/index.php?action_kouhyou_detail_004_kani=true&JigyosyoCd=2791400308-00&ServiceCd=320&Type=search", "url2": "https://maple-minoh.org" }, "geometry": { "type": "Point", "coordinates": [ 135.462007699999987, 34.8248232 ] } },
{ "type": "Feature", "properties": { "内容": "ライブラリ箕面Ⅰ【認知症対応型共同生活介護】大阪府箕面市桜4-9-13", "url": "https://www.kaigokensaku.mhlw.go.jp/27/index.php?action_kouhyou_detail_004_kani=true&JigyosyoCd=2791400258-00&ServiceCd=320&Type=search", "url2": "http://www.living-platform.com" }, "geometry": { "type": "Point", "coordinates": [ 135.461756396876666, 34.82381042617898 ] } },
{ "type": "Feature", "properties": { "内容": "ライブラリ箕面Ⅱ【認知症対応型共同生活介護】大阪府箕面市桜4-9-13", "url": "https://www.kaigokensaku.mhlw.go.jp/27/index.php?action_kouhyou_detail_004_kani=true&JigyosyoCd=2791400266-00&ServiceCd=320&Type=search", "url2": null }, "geometry": { "type": "Point", "coordinates": [ 135.461627517966207, 34.823789733645363 ] } },
{ "type": "Feature", "properties": { "内容": "グループホーム令寿の杜【認知症対応型共同生活介護】大阪府柏原市大字安堂１００８番地", "url": "https://www.kaigokensaku.mhlw.go.jp/27/index.php?action_kouhyou_detail_004_kani=true&JigyosyoCd=2794600169-00&ServiceCd=320&Type=search", "url2": "http://jyukoukai.org/" }, "geometry": { "type": "Point", "coordinates": [ 135.6346349, 34.5816068 ] } },
{ "type": "Feature", "properties": { "内容": "グループホーム　太寿【認知症対応型共同生活介護】大阪府柏原市太平寺1丁目4番30号", "url": "https://www.kaigokensaku.mhlw.go.jp/27/index.php?action_kouhyou_detail_004_kani=true&JigyosyoCd=2794600045-00&ServiceCd=320&Type=search", "url2": "http://taijyu.jyukoukai.org/" }, "geometry": { "type": "Point", "coordinates": [ 135.628144900000052, 34.5851602 ] } },
{ "type": "Feature", "properties": { "内容": "グループホームはくとう【認知症対応型共同生活介護】大阪府柏原市大正３丁目２－３３", "url": "https://www.kaigokensaku.mhlw.go.jp/27/index.php?action_kouhyou_detail_004_kani=true&JigyosyoCd=2794600094-00&ServiceCd=320&Type=search", "url2": "https://meijyukai.jp/office/hakutou/" }, "geometry": { "type": "Point", "coordinates": [ 135.618843, 34.587335 ] } },
{ "type": "Feature", "properties": { "内容": "グループホーム神田イン国分【認知症対応型共同生活介護】大阪府柏原市片山町１－２４", "url": "https://www.kaigokensaku.mhlw.go.jp/27/index.php?action_kouhyou_detail_004_kani=true&JigyosyoCd=2774600551-00&ServiceCd=320&Type=search", "url2": "http://senkikai.com/" }, "geometry": { "type": "Point", "coordinates": [ 135.633300500000018, 34.5675619 ] } },
{ "type": "Feature", "properties": { "内容": "グループホーム柏原【認知症対応型共同生活介護】大阪府柏原市石川町４－２", "url": "https://www.kaigokensaku.mhlw.go.jp/27/index.php?action_kouhyou_detail_004_kani=true&JigyosyoCd=2774600635-00&ServiceCd=320&Type=search", "url2": "http://ai-you-kan.com/" }, "geometry": { "type": "Point", "coordinates": [ 135.623847864418025, 34.569829942849125 ] } },
{ "type": "Feature", "properties": { "内容": "グループホームかがやき【認知症対応型共同生活介護】大阪府柏原市上市三丁目13番16号", "url": "https://www.kaigokensaku.mhlw.go.jp/27/index.php?action_kouhyou_detail_004_kani=true&JigyosyoCd=2774600650-00&ServiceCd=320&Type=search", "url2": null }, "geometry": { "type": "Point", "coordinates": [ 135.627792199999931, 34.5816133 ] } },
{ "type": "Feature", "properties": { "内容": "グループホームソラスト柏原【認知症対応型共同生活介護】大阪府柏原市玉手町18-51", "url": "https://www.kaigokensaku.mhlw.go.jp/27/index.php?action_kouhyou_detail_004_kani=true&JigyosyoCd=2794600193-00&ServiceCd=320&Type=search", "url2": "https://solasto-kaigo.com/service/grouphome/kashiwara" }, "geometry": { "type": "Point", "coordinates": [ 135.623851800000011, 34.566233 ] } },
{ "type": "Feature", "properties": { "内容": "グループホーム華はびきの【認知症対応型共同生活介護】大阪府羽曳野市島泉8丁目5-19", "url": "https://www.kaigokensaku.mhlw.go.jp/27/index.php?action_kouhyou_detail_004_kani=true&JigyosyoCd=2793800208-00&ServiceCd=320&Type=search", "url2": "http://harukazefukushikai.com/" }, "geometry": { "type": "Point", "coordinates": [ 135.586948799999988, 34.575255 ] } },
{ "type": "Feature", "properties": { "内容": "グループホーム　みやびのもり【認知症対応型共同生活介護】大阪府羽曳野市西浦3丁目3番23号", "url": "https://www.kaigokensaku.mhlw.go.jp/27/index.php?action_kouhyou_detail_004_kani=true&JigyosyoCd=2793800109-00&ServiceCd=320&Type=search", "url2": "http://fukufukukai.com" }, "geometry": { "type": "Point", "coordinates": [ 135.603958961376946, 34.544171017241403 ] } },
{ "type": "Feature", "properties": { "内容": "医療法人健泉会　グループホーム西松庵【認知症対応型共同生活介護】大阪府羽曳野市高鷲7-82", "url": "https://www.kaigokensaku.mhlw.go.jp/27/index.php?action_kouhyou_detail_004_kani=true&JigyosyoCd=2773801291-00&ServiceCd=320&Type=search", "url2": "http://saisyouan.jp/" }, "geometry": { "type": "Point", "coordinates": [ 135.58074780000004, 34.5665361 ] } },
{ "type": "Feature", "properties": { "内容": "グループホームすみれ【認知症対応型共同生活介護】大阪府羽曳野市野々上2丁目31番2号", "url": "https://www.kaigokensaku.mhlw.go.jp/27/index.php?action_kouhyou_detail_004_kani=true&JigyosyoCd=2773800889-00&ServiceCd=320&Type=search", "url2": null }, "geometry": { "type": "Point", "coordinates": [ 135.593155, 34.5588455 ] } },
{ "type": "Feature", "properties": { "内容": "グループホーム　こころあい【認知症対応型共同生活介護】大阪府羽曳野市　島泉　４－３－１８", "url": "https://www.kaigokensaku.mhlw.go.jp/27/index.php?action_kouhyou_detail_004_kani=true&JigyosyoCd=2773801085-00&ServiceCd=320&Type=search", "url2": "http://www.gh-field.com" }, "geometry": { "type": "Point", "coordinates": [ 135.577639500000032, 34.5794736 ] } },
{ "type": "Feature", "properties": { "内容": "グループホームたんぴ野【認知症対応型共同生活介護】大阪府羽曳野市野６６番２", "url": "https://www.kaigokensaku.mhlw.go.jp/27/index.php?action_kouhyou_detail_004_kani=true&JigyosyoCd=2793800075-00&ServiceCd=320&Type=search", "url2": "http://www.sansyoukai.jp" }, "geometry": { "type": "Point", "coordinates": [ 135.569248900000048, 34.561367200000021 ] } },
{ "type": "Feature", "properties": { "内容": "グループホーム　みやび【認知症対応型共同生活介護】大阪府羽曳野市西浦二丁目１８４４番1", "url": "https://www.kaigokensaku.mhlw.go.jp/27/index.php?action_kouhyou_detail_004_kani=true&JigyosyoCd=2773800970-00&ServiceCd=320&Type=search", "url2": "http://fukufukukai.com" }, "geometry": { "type": "Point", "coordinates": [ 135.6066343, 34.5426145 ] } },
{ "type": "Feature", "properties": { "内容": "グルーホームぶどうの家２番館【認知症対応型共同生活介護】大阪府羽曳野市駒ヶ谷1105ぶどうの家２番館", "url": "https://www.kaigokensaku.mhlw.go.jp/27/index.php?action_kouhyou_detail_004_kani=true&JigyosyoCd=2793800125-00&ServiceCd=320&Type=search", "url2": "http://www.budo-s.com/" }, "geometry": { "type": "Point", "coordinates": [ 135.627910494334401, 34.547058297704432 ] } },
{ "type": "Feature", "properties": { "内容": "ＦＭＣグループホーム一番町【認知症対応型共同生活介護】大阪府門真市一番町６番７号", "url": "https://www.kaigokensaku.mhlw.go.jp/27/index.php?action_kouhyou_detail_004_kani=true&JigyosyoCd=2792600070-00&ServiceCd=320&Type=search", "url2": "http://www.fmckaigo.com/" }, "geometry": { "type": "Point", "coordinates": [ 135.594553799999971, 34.7325294 ] } },
{ "type": "Feature", "properties": { "内容": "グループホームソラストれんか門真【認知症対応型共同生活介護】大阪府門真市三ツ島1丁目１７－１０グループホームソラストれんか門真", "url": "https://www.kaigokensaku.mhlw.go.jp/27/index.php?action_kouhyou_detail_004_kani=true&JigyosyoCd=2792600062-00&ServiceCd=320&Type=search", "url2": "https://www.solasto.co.jp/" }, "geometry": { "type": "Point", "coordinates": [ 135.596001099999967, 34.7223417 ] } },
{ "type": "Feature", "properties": { "内容": "グループホームみどり【認知症対応型共同生活介護】門真市城垣町2番33号", "url": "https://www.kaigokensaku.mhlw.go.jp/27/index.php?action_kouhyou_detail_004_kani=true&JigyosyoCd=2772600959-00&ServiceCd=320&Type=search", "url2": "http://www.keihan-healthcoop.net/" }, "geometry": { "type": "Point", "coordinates": [ 135.613410199999947, 34.7418428 ] } },
{ "type": "Feature", "properties": { "内容": "サンホーム　桑才【認知症対応型共同生活介護】大阪府門真市桑才町２２番１２号", "url": "https://www.kaigokensaku.mhlw.go.jp/27/index.php?action_kouhyou_detail_004_kani=true&JigyosyoCd=2772600587-00&ServiceCd=320&Type=search", "url2": "http://www.sanyofukushikai.com/" }, "geometry": { "type": "Point", "coordinates": [ 135.59086, 34.7211945 ] } },
{ "type": "Feature", "properties": { "内容": "門真グループホームラガール【認知症対応型共同生活介護】大阪府門真市新橋町２７番１２号", "url": "https://www.kaigokensaku.mhlw.go.jp/27/index.php?action_kouhyou_detail_004_kani=true&JigyosyoCd=2792600112-00&ServiceCd=320&Type=search", "url2": "http://www.koudoukai.or.jp/k-cc/" }, "geometry": { "type": "Point", "coordinates": [ 135.584854599999971, 34.7340985 ] } },
{ "type": "Feature", "properties": { "内容": "グループホーム門真千寿園【認知症対応型共同生活介護】大阪府門真市野口822", "url": "https://www.kaigokensaku.mhlw.go.jp/27/index.php?action_kouhyou_detail_004_kani=true&JigyosyoCd=2772601080-00&ServiceCd=320&Type=search", "url2": null }, "geometry": { "type": "Point", "coordinates": [ 135.6047112, 34.7280107 ] } },
{ "type": "Feature", "properties": { "内容": "SOMPOケア株式会社　そんぽの家　ＧＨ門真【認知症対応型共同生活介護】大阪府門真市岸和田2丁目16番10号", "url": "https://www.kaigokensaku.mhlw.go.jp/27/index.php?action_kouhyou_detail_004_kani=true&JigyosyoCd=2792600203-00&ServiceCd=320&Type=search", "url2": "https://www.sompocare.com/service/home/grouphome/Z000616" }, "geometry": { "type": "Point", "coordinates": [ 135.619065399999954, 34.729572 ] } },
{ "type": "Feature", "properties": { "内容": "ゆうとぴ庵摂津・千里丘【認知症対応型共同生活介護】大阪府摂津市千里丘東1-13-7", "url": "https://www.kaigokensaku.mhlw.go.jp/27/index.php?action_kouhyou_detail_004_kani=true&JigyosyoCd=2773700469-00&ServiceCd=320&Type=search", "url2": "https://www.lsj-yutopian.com" }, "geometry": { "type": "Point", "coordinates": [ 135.552814799999965, 34.7920322 ] } },
{ "type": "Feature", "properties": { "内容": "グループホーム　摂津ひかりの家【認知症対応型共同生活介護】大阪府摂津市鳥飼八防2-7-12", "url": "https://www.kaigokensaku.mhlw.go.jp/27/index.php?action_kouhyou_detail_004_kani=true&JigyosyoCd=2773700576-00&ServiceCd=320&Type=search", "url2": "https://settsu-tokuyou-hikari.jp/" }, "geometry": { "type": "Point", "coordinates": [ 135.573374100000024, 34.7695632 ] } },
{ "type": "Feature", "properties": { "内容": "グループホームきらら千里丘【認知症対応型共同生活介護】大阪府摂津市千里丘6-6-35", "url": "https://www.kaigokensaku.mhlw.go.jp/27/index.php?action_kouhyou_detail_004_kani=true&JigyosyoCd=2793700069-00&ServiceCd=320&Type=search", "url2": "https://www.starts-care.jp/kirara_senrioka/" }, "geometry": { "type": "Point", "coordinates": [ 135.539367569744286, 34.78693449949661 ] } },
{ "type": "Feature", "properties": { "内容": "きらめきTOWN【認知症対応型共同生活介護】大阪府摂津市鳥飼下３丁目35-14", "url": "https://www.kaigokensaku.mhlw.go.jp/27/index.php?action_kouhyou_detail_004_kani=true&JigyosyoCd=2793700101-00&ServiceCd=320&Type=search", "url2": null }, "geometry": { "type": "Point", "coordinates": [ 135.5841637, 34.771468 ] } },
{ "type": "Feature", "properties": { "内容": "医療法人博我会グループホーム高石【認知症対応型共同生活介護】大阪府高石市高師浜3丁目3番31号", "url": "https://www.kaigokensaku.mhlw.go.jp/27/index.php?action_kouhyou_detail_004_kani=true&JigyosyoCd=2775300532-00&ServiceCd=320&Type=search", "url2": "http://www.ghome-takaishi.jp/" }, "geometry": { "type": "Point", "coordinates": [ 135.4329864, 34.5262748 ] } },
{ "type": "Feature", "properties": { "内容": "グループホーム　アムール高石【認知症対応型共同生活介護】大阪府高石市加茂２丁目６－６", "url": "https://www.kaigokensaku.mhlw.go.jp/27/index.php?action_kouhyou_detail_004_kani=true&JigyosyoCd=2775300524-00&ServiceCd=320&Type=search", "url2": "https://www.e-lifepartner.co.jp/" }, "geometry": { "type": "Point", "coordinates": [ 135.440830199999937, 34.524464 ] } },
{ "type": "Feature", "properties": { "内容": "グループホームクレール【認知症対応型共同生活介護】大阪府高石市西取石５丁目３番１３号", "url": "https://www.kaigokensaku.mhlw.go.jp/27/index.php?action_kouhyou_detail_004_kani=true&JigyosyoCd=2775300623-00&ServiceCd=320&Type=search", "url2": "http://www9.plala.or.jp/fukushoukai/index.html" }, "geometry": { "type": "Point", "coordinates": [ 135.44707429999994, 34.5180231 ] } },
{ "type": "Feature", "properties": { "内容": "グループホーム　ソラスト高石【認知症対応型共同生活介護】大阪府高石市西取石7-5-30", "url": "https://www.kaigokensaku.mhlw.go.jp/27/index.php?action_kouhyou_detail_004_kani=true&JigyosyoCd=2795300058-00&ServiceCd=320&Type=search", "url2": "https://solasto-kaigo.com/care/area/solastotakaishi3.html" }, "geometry": { "type": "Point", "coordinates": [ 135.442835899999977, 34.5152983 ] } },
{ "type": "Feature", "properties": { "内容": "グループホームあおやま【認知症対応型共同生活介護】大阪府藤井寺市野中4丁目17番26号", "url": "https://www.kaigokensaku.mhlw.go.jp/27/index.php?action_kouhyou_detail_004_kani=true&JigyosyoCd=2793400066-00&ServiceCd=320&Type=search", "url2": "http://www.aoyama-med.gr.jp/medical-rapport/care/gh-aoyama/" }, "geometry": { "type": "Point", "coordinates": [ 135.598968199999945, 34.5552405 ] } },
{ "type": "Feature", "properties": { "内容": "グループホームたのしい家藤井寺【認知症対応型共同生活介護】大阪府藤井寺市惣社一丁目10-7", "url": "https://www.kaigokensaku.mhlw.go.jp/27/index.php?action_kouhyou_detail_004_kani=true&JigyosyoCd=2793400058-00&ServiceCd=320&Type=search", "url2": null }, "geometry": { "type": "Point", "coordinates": [ 135.616557, 34.5769938 ] } },
{ "type": "Feature", "properties": { "内容": "グループホームステップ【認知症対応型共同生活介護】大阪府藤井寺市野中1丁目44番地の11在宅複合施設ステップ3階", "url": "https://www.kaigokensaku.mhlw.go.jp/27/index.php?action_kouhyou_detail_004_kani=true&JigyosyoCd=2793400108-00&ServiceCd=320&Type=search", "url2": "https://www.ontoku.or.jp" }, "geometry": { "type": "Point", "coordinates": [ 135.603159399999981, 34.5612899 ] } },
{ "type": "Feature", "properties": { "内容": "グループホーム　つどうホール【認知症対応型共同生活介護】大阪府藤井寺市小山３丁目１５１番地の１", "url": "https://www.kaigokensaku.mhlw.go.jp/27/index.php?action_kouhyou_detail_004_kani=true&JigyosyoCd=2773400409-00&ServiceCd=320&Type=search", "url2": "http://www.misasagikai.or.jp" }, "geometry": { "type": "Point", "coordinates": [ 135.587791299999907, 34.5816763 ] } },
{ "type": "Feature", "properties": { "内容": "サポートハウス藤【認知症対応型共同生活介護】大阪府藤井寺市野中4丁目11-14", "url": "https://www.kaigokensaku.mhlw.go.jp/27/index.php?action_kouhyou_detail_004_kani=true&JigyosyoCd=2773400276-00&ServiceCd=320&Type=search", "url2": null }, "geometry": { "type": "Point", "coordinates": [ 135.600343100000032, 34.5573681 ] } },
{ "type": "Feature", "properties": { "内容": "グループホームフィレール惣社【認知症対応型共同生活介護】大阪府藤井寺市惣社2丁目5番15号", "url": "https://www.kaigokensaku.mhlw.go.jp/27/index.php?action_kouhyou_detail_004_kani=true&JigyosyoCd=2773400318-00&ServiceCd=320&Type=search", "url2": "https://www.shoutokukai.net/" }, "geometry": { "type": "Point", "coordinates": [ 135.621037500000057, 34.5765277 ] } },
{ "type": "Feature", "properties": { "内容": "どうみょうじ高殿苑【認知症対応型共同生活介護】大阪府藤井寺市道明寺３丁目２－２", "url": "https://www.kaigokensaku.mhlw.go.jp/27/index.php?action_kouhyou_detail_004_kani=true&JigyosyoCd=2793400025-00&ServiceCd=320&Type=search", "url2": "https://www.houjukai.jp/domyoji/" }, "geometry": { "type": "Point", "coordinates": [ 135.620468399999936, 34.5662843 ] } },
{ "type": "Feature", "properties": { "内容": "医療法人宝三会　グループホームさくら【認知症対応型共同生活介護】大阪府東大阪市宝持３丁目８番６号", "url": "https://www.kaigokensaku.mhlw.go.jp/27/index.php?action_kouhyou_detail_004_kani=true&JigyosyoCd=2795000203-00&ServiceCd=320&Type=search", "url2": "http://www.housankai.com" }, "geometry": { "type": "Point", "coordinates": [ 135.593641571827675, 34.655256681339289 ] } },
{ "type": "Feature", "properties": { "内容": "グループホームBISCUSSForest【認知症対応型共同生活介護】大阪府東大阪市河内町3-5", "url": "https://www.kaigokensaku.mhlw.go.jp/27/index.php?action_kouhyou_detail_004_kani=true&JigyosyoCd=2795001342-00&ServiceCd=320&Type=search", "url2": "https://www.biscuss.co.jp/" }, "geometry": { "type": "Point", "coordinates": [ 135.6463761, 34.6662475 ] } },
{ "type": "Feature", "properties": { "内容": "グループホームたのしい家八戸ノ里【認知症対応型共同生活介護】大阪府東大阪市下小阪4-4-13", "url": "https://www.kaigokensaku.mhlw.go.jp/27/index.php?action_kouhyou_detail_004_kani=true&JigyosyoCd=2795000161-00&ServiceCd=320&Type=search", "url2": "https://www.tanoshii-ie.jp/single067/" }, "geometry": { "type": "Point", "coordinates": [ 135.590719199999967, 34.6613959 ] } },
{ "type": "Feature", "properties": { "内容": "グループホーム　フレンド東大阪【認知症対応型共同生活介護】大阪府東大阪市小若江4丁目6番7号", "url": "https://www.kaigokensaku.mhlw.go.jp/27/index.php?action_kouhyou_detail_004_kani=true&JigyosyoCd=2795000245-00&ServiceCd=320&Type=search", "url2": "http://www.friend-grouphome.com/product/higashiosaka/" }, "geometry": { "type": "Point", "coordinates": [ 135.582706300000069, 34.652016099999983 ] } },
{ "type": "Feature", "properties": { "内容": "グループホーム東大阪【認知症対応型共同生活介護】大阪府東大阪市横枕１番２１号", "url": "https://www.kaigokensaku.mhlw.go.jp/27/index.php?action_kouhyou_detail_004_kani=true&JigyosyoCd=2795001136-00&ServiceCd=320&Type=search", "url2": "http://www.heartco.jp" }, "geometry": { "type": "Point", "coordinates": [ 135.607818853711706, 34.679485530787922 ] } },
{ "type": "Feature", "properties": { "内容": "グループホームときめき苑【認知症対応型共同生活介護】大阪府東大阪市御厨東2丁目2-23", "url": "https://www.kaigokensaku.mhlw.go.jp/27/index.php?action_kouhyou_detail_004_kani=true&JigyosyoCd=2795001474-00&ServiceCd=320&Type=search", "url2": "https://genkinakaigo.co.jp/gr/service/care/group.html" }, "geometry": { "type": "Point", "coordinates": [ 135.595430599999986, 34.6659808 ] } },
{ "type": "Feature", "properties": { "内容": "グループホーム　向日葵【認知症対応型共同生活介護】大阪府東大阪市玉串元町2丁目12番20号高齢者ケアセンターサテライト向日葵", "url": "https://www.kaigokensaku.mhlw.go.jp/27/index.php?action_kouhyou_detail_004_kani=true&JigyosyoCd=2795000948-00&ServiceCd=320&Type=search", "url2": "http://www.tamami.or.jp" }, "geometry": { "type": "Point", "coordinates": [ 135.617208900000037, 34.6491392 ] } },
{ "type": "Feature", "properties": { "内容": "グループホーム　慈温の郷【認知症対応型共同生活介護】東大阪市新町１番３０号グループホーム慈温の郷", "url": "https://www.kaigokensaku.mhlw.go.jp/27/index.php?action_kouhyou_detail_004_kani=true&JigyosyoCd=2795000195-00&ServiceCd=320&Type=search", "url2": "http://www.jinpu-kai.jp" }, "geometry": { "type": "Point", "coordinates": [ 135.640108899999973, 34.6710705 ] } },
{ "type": "Feature", "properties": { "内容": "グループホーム　くつろぎ・友井荘【認知症対応型共同生活介護】大阪府東大阪市友井四丁目8番5号", "url": "https://www.kaigokensaku.mhlw.go.jp/27/index.php?action_kouhyou_detail_004_kani=true&JigyosyoCd=2795000260-00&ServiceCd=320&Type=search", "url2": "http://www.elfkaigo.co.jp/shofukukai/" }, "geometry": { "type": "Point", "coordinates": [ 135.58795340000006, 34.64052550000001 ] } },
{ "type": "Feature", "properties": { "内容": "くつろぎの家エルフ・みと【認知症対応型共同生活介護】大阪府東大阪市近江堂2-6-17", "url": "https://www.kaigokensaku.mhlw.go.jp/27/index.php?action_kouhyou_detail_004_kani=true&JigyosyoCd=2795000062-00&ServiceCd=320&Type=search", "url2": "https://www.shofukukai.net/" }, "geometry": { "type": "Point", "coordinates": [ 135.583986900000014, 34.6468138 ] } },
{ "type": "Feature", "properties": { "内容": "社会福祉法人　天気会　グループホーム　ながた尚老苑【認知症対応型共同生活介護】大阪府東大阪市長田１丁目２番１１号グループホーム　ながた尚老苑", "url": "https://www.kaigokensaku.mhlw.go.jp/27/index.php?action_kouhyou_detail_004_kani=true&JigyosyoCd=2795000856-00&ServiceCd=320&Type=search", "url2": "http://www.tenkikai.jp" }, "geometry": { "type": "Point", "coordinates": [ 135.585241600000018, 34.675960900000021 ] } },
{ "type": "Feature", "properties": { "内容": "グループホームおてんとさん【認知症対応型共同生活介護】大阪府東大阪市吉田一丁目５番３０号ノーマルライフ在宅サポートセンター", "url": "https://www.kaigokensaku.mhlw.go.jp/27/index.php?action_kouhyou_detail_004_kani=true&JigyosyoCd=2795000328-00&ServiceCd=320&Type=search", "url2": null }, "geometry": { "type": "Point", "coordinates": [ 135.618888800000036, 34.6645457 ] } },
{ "type": "Feature", "properties": { "内容": "医療福祉生協おおさか　グループホームくすね【認知症対応型共同生活介護】大阪府東大阪市楠根2丁目7番8号楠根診療所５階", "url": "https://www.kaigokensaku.mhlw.go.jp/27/index.php?action_kouhyou_detail_004_kani=true&JigyosyoCd=2795000088-00&ServiceCd=320&Type=search", "url2": "http://iseikyoukawachino.jp/kusune/a01/b01_04.htm" }, "geometry": { "type": "Point", "coordinates": [ 135.584172299999977, 34.6854542 ] } },
{ "type": "Feature", "properties": { "内容": "ニチイケアセンター東大阪加納【認知症対応型共同生活介護】大阪府東大阪市加納１丁目４番２２号", "url": "https://www.kaigokensaku.mhlw.go.jp/27/index.php?action_kouhyou_detail_004_kani=true&JigyosyoCd=2795000120-00&ServiceCd=320&Type=search", "url2": "http://www.nichiigakkan.co.jp/" }, "geometry": { "type": "Point", "coordinates": [ 135.620577747885108, 34.693772946722007 ] } },
{ "type": "Feature", "properties": { "内容": "ニチイケアセンター花園【認知症対応型共同生活介護】大阪府東大阪市稲葉２丁目１番１３号ニチイケアセンター花園", "url": "https://www.kaigokensaku.mhlw.go.jp/27/index.php?action_kouhyou_detail_004_kani=true&JigyosyoCd=2795000724-00&ServiceCd=320&Type=search", "url2": null }, "geometry": { "type": "Point", "coordinates": [ 135.616386690807332, 34.669803783537937 ] } },
{ "type": "Feature", "properties": { "内容": "ニチイケアセンター石切　認知症対応型共同生活介護【認知症対応型共同生活介護】大阪府東大阪市東石切町4-14-39", "url": "https://www.kaigokensaku.mhlw.go.jp/27/index.php?action_kouhyou_detail_004_kani=true&JigyosyoCd=2795000112-00&ServiceCd=320&Type=search", "url2": "http://www.nichiigakkan.co.jp/" }, "geometry": { "type": "Point", "coordinates": [ 135.655110400000012, 34.6855748 ] } },
{ "type": "Feature", "properties": { "内容": "医療法人寿山会グループホームヴァンベール【認知症対応型共同生活介護】大阪府東大阪市岩田町１丁目１番４３号", "url": "https://www.kaigokensaku.mhlw.go.jp/27/index.php?action_kouhyou_detail_004_kani=true&JigyosyoCd=2775002500-00&ServiceCd=320&Type=search", "url2": "http://www.juzankai.com/" }, "geometry": { "type": "Point", "coordinates": [ 135.609714599999961, 34.6651567 ] } },
{ "type": "Feature", "properties": { "内容": "グループホーム布市真寿庵【認知症対応型共同生活介護】大阪府東大阪市布市町２－１２－２", "url": "https://www.kaigokensaku.mhlw.go.jp/27/index.php?action_kouhyou_detail_004_kani=true&JigyosyoCd=2775003078-00&ServiceCd=320&Type=search", "url2": "http://kawafukukai.or.jp//" }, "geometry": { "type": "Point", "coordinates": [ 135.639469700000063, 34.6945704 ] } },
{ "type": "Feature", "properties": { "内容": "グループホーム　サニーハウス【認知症対応型共同生活介護】大阪府東大阪市御厨南2-6-11", "url": "https://www.kaigokensaku.mhlw.go.jp/27/index.php?action_kouhyou_detail_004_kani=true&JigyosyoCd=2775004902-00&ServiceCd=320&Type=search", "url2": "http://bishofukushikai.jp/" }, "geometry": { "type": "Point", "coordinates": [ 135.589330199999949, 34.6674898 ] } },
{ "type": "Feature", "properties": { "内容": "グループホーム　香寿庵【認知症対応型共同生活介護】大阪府東大阪市稲田新町１丁目１０番１号", "url": "https://www.kaigokensaku.mhlw.go.jp/27/index.php?action_kouhyou_detail_004_kani=true&JigyosyoCd=2775002542-00&ServiceCd=320&Type=search", "url2": "https://yoshijukai.or.jp/kojuan/" }, "geometry": { "type": "Point", "coordinates": [ 135.583547399999986, 34.689226 ] } },
{ "type": "Feature", "properties": { "内容": "グループホームさざなみ【認知症対応型共同生活介護】大阪府東大阪市加納2丁目12番7号さざなみ壱番館", "url": "https://www.kaigokensaku.mhlw.go.jp/27/index.php?action_kouhyou_detail_004_kani=true&JigyosyoCd=2775003151-00&ServiceCd=320&Type=search", "url2": null }, "geometry": { "type": "Point", "coordinates": [ 135.623365299999932, 34.693670099999984 ] } },
{ "type": "Feature", "properties": { "内容": "グループホームほほえみ【認知症対応型共同生活介護】大阪府東大阪市岸田堂北町５－６", "url": "https://www.kaigokensaku.mhlw.go.jp/27/index.php?action_kouhyou_detail_004_kani=true&JigyosyoCd=2775003060-00&ServiceCd=320&Type=search", "url2": null }, "geometry": { "type": "Point", "coordinates": [ 135.564388399999984, 34.656357 ] } },
{ "type": "Feature", "properties": { "内容": "医療福祉生協おおさか　グループホームかわち野【認知症対応型共同生活介護】東大阪市加納１－９－２１", "url": "https://www.kaigokensaku.mhlw.go.jp/27/index.php?action_kouhyou_detail_004_kani=true&JigyosyoCd=2775004647-00&ServiceCd=320&Type=search", "url2": "http://iseikyoukawachino.jp/grouphome/index.html" }, "geometry": { "type": "Point", "coordinates": [ 135.619579499999986, 34.6960475 ] } },
{ "type": "Feature", "properties": { "内容": "グループホームみさき西堤【認知症対応型共同生活介護】大阪府東大阪市西堤楠町3-5-24", "url": "https://www.kaigokensaku.mhlw.go.jp/27/index.php?action_kouhyou_detail_004_kani=true&JigyosyoCd=2795000344-00&ServiceCd=320&Type=search", "url2": "http://misaki-kaigo.co.jp/" }, "geometry": { "type": "Point", "coordinates": [ 135.576050297622714, 34.676152433618995 ] } },
{ "type": "Feature", "properties": { "内容": "グループホームみさき瓢箪山【認知症対応型共同生活介護】大阪府東大阪市喜里川町10-2", "url": "https://www.kaigokensaku.mhlw.go.jp/27/index.php?action_kouhyou_detail_004_kani=true&JigyosyoCd=2795000518-00&ServiceCd=320&Type=search", "url2": "http://misaki-kaigo.co.jp" }, "geometry": { "type": "Point", "coordinates": [ 135.64192550000007, 34.6667099 ] } },
{ "type": "Feature", "properties": { "内容": "グループホームみんなの家・福ちゃん【認知症対応型共同生活介護】大阪府東大阪市六万寺町一丁目14番20号", "url": "https://www.kaigokensaku.mhlw.go.jp/27/index.php?action_kouhyou_detail_004_kani=true&JigyosyoCd=2795000286-00&ServiceCd=320&Type=search", "url2": "https://community-house-yume.com/" }, "geometry": { "type": "Point", "coordinates": [ 135.647432400000014, 34.6513754 ] } },
{ "type": "Feature", "properties": { "内容": "ニチイケアセンター東大阪御厨　認知症対応型共同生活介護【認知症対応型共同生活介護】大阪府東大阪市御厨二丁目４番８号", "url": "https://www.kaigokensaku.mhlw.go.jp/27/index.php?action_kouhyou_detail_004_kani=true&JigyosyoCd=2795000138-00&ServiceCd=320&Type=search", "url2": "http://www.nichiigakkan.co.jp" }, "geometry": { "type": "Point", "coordinates": [ 135.5844528, 34.6745555 ] } },
{ "type": "Feature", "properties": { "内容": "ニチイケアセンター八戸ノ里東【認知症対応型共同生活介護】大阪府東大阪市瓜生堂3丁目9番-19", "url": "https://www.kaigokensaku.mhlw.go.jp/27/index.php?action_kouhyou_detail_004_kani=true&JigyosyoCd=2795000740-00&ServiceCd=320&Type=search", "url2": "https://www.nichiigakkan.co.jp/" }, "geometry": { "type": "Point", "coordinates": [ 135.595675471491205, 34.662914313207274 ] } },
{ "type": "Feature", "properties": { "内容": "ニチイケアセンターひょうたん山西【認知症対応型共同生活介護】大阪府東大阪市新池島町1丁目１-５", "url": "https://www.kaigokensaku.mhlw.go.jp/27/index.php?action_kouhyou_detail_004_kani=true&JigyosyoCd=2795000732-00&ServiceCd=320&Type=search", "url2": "http://www.nichiigakkan.cp" }, "geometry": { "type": "Point", "coordinates": [ 135.6324059, 34.6615791 ] } },
{ "type": "Feature", "properties": { "内容": "グループホーム　仁の郷【認知症対応型共同生活介護】大阪府東大阪市善根寺町１－４－２８グループホーム　仁の郷", "url": "https://www.kaigokensaku.mhlw.go.jp/27/index.php?action_kouhyou_detail_004_kani=true&JigyosyoCd=2775004944-00&ServiceCd=320&Type=search", "url2": "http://www.jinpu-kai.jp/" }, "geometry": { "type": "Point", "coordinates": [ 135.64997459999995, 34.699431300000015 ] } },
{ "type": "Feature", "properties": { "内容": "グループホーム　フォレストガーデン【認知症対応型共同生活介護】大阪府東大阪市池之端町5番43号", "url": "https://www.kaigokensaku.mhlw.go.jp/27/index.php?action_kouhyou_detail_004_kani=true&JigyosyoCd=2795000302-00&ServiceCd=320&Type=search", "url2": "http://care-net.biz/27/hakujyukai/" }, "geometry": { "type": "Point", "coordinates": [ 135.6489209767212, 34.696006726027043 ] } },
{ "type": "Feature", "properties": { "内容": "フォレストガーデン　くさか【認知症対応型共同生活介護】大阪府東大阪市日下町3丁目7番14号", "url": "https://www.kaigokensaku.mhlw.go.jp/27/index.php?action_kouhyou_detail_004_kani=true&JigyosyoCd=2795000559-00&ServiceCd=320&Type=search", "url2": "http://care-net.biz/27/fg-kusaka/" }, "geometry": { "type": "Point", "coordinates": [ 135.645639661238079, 34.693190859185776 ] } },
{ "type": "Feature", "properties": { "内容": "あいおいホーム【認知症対応型共同生活介護】大阪府東大阪市大蓮北２丁目１番２２号", "url": "https://www.kaigokensaku.mhlw.go.jp/27/index.php?action_kouhyou_detail_004_kani=true&JigyosyoCd=2795000153-00&ServiceCd=320&Type=search", "url2": "https://sinsir.jp/aioihome/" }, "geometry": { "type": "Point", "coordinates": [ 135.580526400000053, 34.6378174 ] } },
{ "type": "Feature", "properties": { "内容": "あいおいホームグループホーム英田【認知症対応型共同生活介護】大阪府東大阪市吉田本町一丁目５番２６号", "url": "https://www.kaigokensaku.mhlw.go.jp/27/index.php?action_kouhyou_detail_004_kani=true&JigyosyoCd=2795000500-00&ServiceCd=320&Type=search", "url2": "https://sinsir.jp/aioihomeakada/" }, "geometry": { "type": "Point", "coordinates": [ 135.623082029499756, 34.673510212258435 ] } },
{ "type": "Feature", "properties": { "内容": "グループホーム　やよい【認知症対応型共同生活介護】大阪府東大阪市大蓮北3-5-5", "url": "https://www.kaigokensaku.mhlw.go.jp/27/index.php?action_kouhyou_detail_004_kani=true&JigyosyoCd=2775004399-00&ServiceCd=320&Type=search", "url2": null }, "geometry": { "type": "Point", "coordinates": [ 135.57734060000007, 34.6366287 ] } },
{ "type": "Feature", "properties": { "内容": "株式会社　孝生会　グループホーム　フォレスト【認知症対応型共同生活介護】大阪府東大阪市若江東町四丁目２番５号", "url": "https://www.kaigokensaku.mhlw.go.jp/27/index.php?action_kouhyou_detail_004_kani=true&JigyosyoCd=2795000070-00&ServiceCd=320&Type=search", "url2": "http://www.dr-tumori.net/tsumori_forest.html" }, "geometry": { "type": "Point", "coordinates": [ 135.6104315, 34.6547023 ] } },
{ "type": "Feature", "properties": { "内容": "医療福祉生協おおさか　グループホームはなぞの【認知症対応型共同生活介護】大阪府東大阪市玉串町西1丁目3-33", "url": "https://www.kaigokensaku.mhlw.go.jp/27/index.php?action_kouhyou_detail_004_kani=true&JigyosyoCd=2795000211-00&ServiceCd=320&Type=search", "url2": "https://iseikyoukawachino.jp/hanazono/care/grouphome" }, "geometry": { "type": "Point", "coordinates": [ 135.615642100000088, 34.655496700000043 ] } },
{ "type": "Feature", "properties": { "内容": "医療法人博愛会　グループホーム輝きの里東大阪【認知症対応型共同生活介護】大阪府東大阪市大蓮北1-9-26そよかぜビル　2.3階", "url": "https://www.kaigokensaku.mhlw.go.jp/27/index.php?action_kouhyou_detail_004_kani=true&JigyosyoCd=2795001359-00&ServiceCd=320&Type=search", "url2": null }, "geometry": { "type": "Point", "coordinates": [ 135.578981199999987, 34.6391198 ] } },
{ "type": "Feature", "properties": { "内容": "ほほえみの郷【認知症対応型共同生活介護】大阪府東大阪市上四条町１１番２８号", "url": "https://www.kaigokensaku.mhlw.go.jp/27/index.php?action_kouhyou_detail_004_kani=true&JigyosyoCd=2775004332-00&ServiceCd=320&Type=search", "url2": "http://www.hohoemi-group.com/" }, "geometry": { "type": "Point", "coordinates": [ 135.649078, 34.6561333 ] } },
{ "type": "Feature", "properties": { "内容": "グループホーム虹Ⅱ【認知症対応型共同生活介護】大阪府泉南市中小路二丁目1860番地の1", "url": "https://www.kaigokensaku.mhlw.go.jp/27/index.php?action_kouhyou_detail_004_kani=true&JigyosyoCd=2795600010-00&ServiceCd=320&Type=search", "url2": null }, "geometry": { "type": "Point", "coordinates": [ 135.279958099999931, 34.3729565 ] } },
{ "type": "Feature", "properties": { "内容": "グループホームゆうゆう【認知症対応型共同生活介護】大阪府泉南市信達市場394-1", "url": "https://www.kaigokensaku.mhlw.go.jp/27/index.php?action_kouhyou_detail_004_kani=true&JigyosyoCd=2775600659-00&ServiceCd=320&Type=search", "url2": "https://rinkulifeosaka.wixsite.com/home" }, "geometry": { "type": "Point", "coordinates": [ 135.288864699999976, 34.3620089 ] } },
{ "type": "Feature", "properties": { "内容": "グループホーム虹【認知症対応型共同生活介護】大阪府泉南市新家6001番地の３", "url": "https://www.kaigokensaku.mhlw.go.jp/27/index.php?action_kouhyou_detail_004_kani=true&JigyosyoCd=2775600584-00&ServiceCd=320&Type=search", "url2": null }, "geometry": { "type": "Point", "coordinates": [ 135.302711734393398, 34.377071480278225 ] } },
{ "type": "Feature", "properties": { "内容": "グループホーム六尾の郷【認知症対応型共同生活介護】大阪府泉南市信達金熊寺１１８番地", "url": "https://www.kaigokensaku.mhlw.go.jp/27/index.php?action_kouhyou_detail_004_kani=true&JigyosyoCd=2775600287-00&ServiceCd=320&Type=search", "url2": "http://www.chojukai.or.jp" }, "geometry": { "type": "Point", "coordinates": [ 135.286036299999978, 34.3470629 ] } },
{ "type": "Feature", "properties": { "内容": "グループホームさくら荘【認知症対応型共同生活介護】大阪府泉南市新家3566番地の4", "url": "https://www.kaigokensaku.mhlw.go.jp/27/index.php?action_kouhyou_detail_004_kani=true&JigyosyoCd=2775600519-00&ServiceCd=320&Type=search", "url2": null }, "geometry": { "type": "Point", "coordinates": [ 135.296983033252019, 34.377626617464003 ] } },
{ "type": "Feature", "properties": { "内容": "グループホーム平和苑【認知症対応型共同生活介護】大阪府泉南市樽井1丁目6番地1号", "url": "https://www.kaigokensaku.mhlw.go.jp/27/index.php?action_kouhyou_detail_004_kani=true&JigyosyoCd=2795600150-00&ServiceCd=320&Type=search", "url2": "http://heart-lc.com" }, "geometry": { "type": "Point", "coordinates": [ 135.271317676057436, 34.36821436607822 ] } },
{ "type": "Feature", "properties": { "内容": "医療法人　協仁会　グループホーム第3なごやか【認知症対応型共同生活介護】大阪府四条畷市南野2丁目1番24号", "url": "https://www.kaigokensaku.mhlw.go.jp/27/index.php?action_kouhyou_detail_004_kani=true&JigyosyoCd=2795700059-00&ServiceCd=320&Type=search", "url2": "http://www.komatsu.or.jp" }, "geometry": { "type": "Point", "coordinates": [ 135.644765558197037, 34.733568701923346 ] } },
{ "type": "Feature", "properties": { "内容": "医療法人和幸会　グループホームたわら【認知症対応型共同生活介護】大阪府四條畷市田原台4丁目8番6号", "url": "https://www.kaigokensaku.mhlw.go.jp/27/index.php?action_kouhyou_detail_004_kani=true&JigyosyoCd=2795700042-00&ServiceCd=320&Type=search", "url2": "http://www.wakoucai.or.jp" }, "geometry": { "type": "Point", "coordinates": [ 135.695605800000067, 34.7224955 ] } },
{ "type": "Feature", "properties": { "内容": "グループホームたのしい家四條畷【認知症対応型共同生活介護】大阪府四條畷市雁屋北町15-16", "url": "https://www.kaigokensaku.mhlw.go.jp/27/index.php?action_kouhyou_detail_004_kani=true&JigyosyoCd=2795700026-00&ServiceCd=320&Type=search", "url2": null }, "geometry": { "type": "Point", "coordinates": [ 135.634264, 34.7341578 ] } },
{ "type": "Feature", "properties": { "内容": "グループホームふるさと【認知症対応型共同生活介護】大阪府四條畷市岡山東４丁目７番８号", "url": "https://www.kaigokensaku.mhlw.go.jp/27/index.php?action_kouhyou_detail_004_kani=true&JigyosyoCd=2795700083-00&ServiceCd=320&Type=search", "url2": null }, "geometry": { "type": "Point", "coordinates": [ 135.652215599999977, 34.7460555 ] } },
{ "type": "Feature", "properties": { "内容": "グループホーム　茂樹の里【認知症対応型共同生活介護】大阪府交野市神宮寺1丁目24-5", "url": "https://www.kaigokensaku.mhlw.go.jp/27/index.php?action_kouhyou_detail_004_kani=true&JigyosyoCd=2793600038-00&ServiceCd=320&Type=search", "url2": null }, "geometry": { "type": "Point", "coordinates": [ 135.698332100000016, 34.790977200000015 ] } },
{ "type": "Feature", "properties": { "内容": "グループホーム希望【認知症対応型共同生活介護】大阪府交野市東倉治３－８－１１", "url": "https://www.kaigokensaku.mhlw.go.jp/27/index.php?action_kouhyou_detail_004_kani=true&JigyosyoCd=2773600313-00&ServiceCd=320&Type=search", "url2": "http://www.aya-group.com/kibou/" }, "geometry": { "type": "Point", "coordinates": [ 135.703660943252572, 34.797186613874075 ] } },
{ "type": "Feature", "properties": { "内容": "グループホーム　アキラ【認知症対応型共同生活介護】大阪府交野市藤が尾６－４－１", "url": "https://www.kaigokensaku.mhlw.go.jp/27/index.php?action_kouhyou_detail_004_kani=true&JigyosyoCd=2773600453-00&ServiceCd=320&Type=search", "url2": null }, "geometry": { "type": "Point", "coordinates": [ 135.672730552778603, 34.770441458861711 ] } },
{ "type": "Feature", "properties": { "内容": "グループホーム　きさべ【認知症対応型共同生活介護】大阪府交野市私部南２丁目１８-６", "url": "https://www.kaigokensaku.mhlw.go.jp/27/index.php?action_kouhyou_detail_004_kani=true&JigyosyoCd=2773600479-00&ServiceCd=320&Type=search", "url2": null }, "geometry": { "type": "Point", "coordinates": [ 135.6808117, 34.781802399999989 ] } },
{ "type": "Feature", "properties": { "内容": "グループホームおだやか星田【認知症対応型共同生活介護】大阪府交野市星田5-2-9", "url": "https://www.kaigokensaku.mhlw.go.jp/27/index.php?action_kouhyou_detail_004_kani=true&JigyosyoCd=2793600160-00&ServiceCd=320&Type=search", "url2": "https://odayaka.jp" }, "geometry": { "type": "Point", "coordinates": [ 135.667054900000039, 34.7680616 ] } },
{ "type": "Feature", "properties": { "内容": "「グループホーム」ラ・フォート東池尻【認知症対応型共同生活介護】大阪府大阪狭山市東池尻2-1176-3", "url": "https://www.kaigokensaku.mhlw.go.jp/27/index.php?action_kouhyou_detail_004_kani=true&JigyosyoCd=2799300211-00&ServiceCd=320&Type=search", "url2": "http://www.inforlive.com/index.html" }, "geometry": { "type": "Point", "coordinates": [ 135.558172478187544, 34.508331349243946 ] } },
{ "type": "Feature", "properties": { "内容": "ラ・フォート狭山池【認知症対応型共同生活介護】大阪府大阪狭山市池尻中2-960-2「グループホーム」ラ・フォート狭山池", "url": "https://www.kaigokensaku.mhlw.go.jp/27/index.php?action_kouhyou_detail_004_kani=true&JigyosyoCd=2799300138-00&ServiceCd=320&Type=search", "url2": "http://www.inforlive.com" }, "geometry": { "type": "Point", "coordinates": [ 135.552026800000021, 34.5102056 ] } },
{ "type": "Feature", "properties": { "内容": "グループホーム　マーヤの家東野【認知症対応型共同生活介護】大阪府大阪狭山市東野中４－５９２－１", "url": "https://www.kaigokensaku.mhlw.go.jp/27/index.php?action_kouhyou_detail_004_kani=true&JigyosyoCd=2799300047-00&ServiceCd=320&Type=search", "url2": "http://ma-ya.org" }, "geometry": { "type": "Point", "coordinates": [ 135.559536200000025, 34.5247408 ] } },
{ "type": "Feature", "properties": { "内容": "グループホームさやまの里【認知症対応型共同生活介護】大阪府大阪狭山市岩室２丁目１８５の１１", "url": "https://www.kaigokensaku.mhlw.go.jp/27/index.php?action_kouhyou_detail_004_kani=true&JigyosyoCd=2779300348-00&ServiceCd=320&Type=search", "url2": "http://www.sayama.or.jp/" }, "geometry": { "type": "Point", "coordinates": [ 135.540266299999985, 34.5036759 ] } },
{ "type": "Feature", "properties": { "内容": "くみのき苑グループホーム【認知症対応型共同生活介護】大阪府大阪狭山市東茱萸木４丁目１１６０－２", "url": "https://www.kaigokensaku.mhlw.go.jp/27/index.php?action_kouhyou_detail_004_kani=true&JigyosyoCd=2779300355-00&ServiceCd=320&Type=search", "url2": "https://rapport-kuminoki.or.jp/" }, "geometry": { "type": "Point", "coordinates": [ 135.556477116007954, 34.483460592007951 ] } },
{ "type": "Feature", "properties": { "内容": "グループホームあおぞら【認知症対応型共同生活介護】大阪府大阪狭山市山本東7‐1", "url": "https://www.kaigokensaku.mhlw.go.jp/27/index.php?action_kouhyou_detail_004_kani=true&JigyosyoCd=2799300237-00&ServiceCd=320&Type=search", "url2": "https://ichiichi.hp.peraichi.com/ichi-1" }, "geometry": { "type": "Point", "coordinates": [ 135.5424802, 34.5095591 ] } },
{ "type": "Feature", "properties": { "内容": "グループホーム白馬【認知症対応型共同生活介護】大阪府阪南市箱の浦４５7-1", "url": "https://www.kaigokensaku.mhlw.go.jp/27/index.php?action_kouhyou_detail_004_kani=true&JigyosyoCd=2799500133-00&ServiceCd=320&Type=search", "url2": "https://nagisa-clinic.jp/hakuba/" }, "geometry": { "type": "Point", "coordinates": [ 135.193546800000064, 34.331113 ] } },
{ "type": "Feature", "properties": { "内容": "グループホーム　ふれ愛四季の郷【認知症対応型共同生活介護】大阪府阪南市尾崎町５０４番１", "url": "https://www.kaigokensaku.mhlw.go.jp/27/index.php?action_kouhyou_detail_004_kani=true&JigyosyoCd=2799500067-00&ServiceCd=320&Type=search", "url2": "http://shikinosato-fureai.net" }, "geometry": { "type": "Point", "coordinates": [ 135.249885400000039, 34.361051899999985 ] } },
{ "type": "Feature", "properties": { "内容": "グループホーム　第2ふれ愛四季の郷【認知症対応型共同生活介護】大阪府阪南市下出373番地", "url": "https://www.kaigokensaku.mhlw.go.jp/27/index.php?action_kouhyou_detail_004_kani=true&JigyosyoCd=2799500125-00&ServiceCd=320&Type=search", "url2": "http://shikinosato-fureai.net" }, "geometry": { "type": "Point", "coordinates": [ 135.2442026, 34.359716 ] } },
{ "type": "Feature", "properties": { "内容": "グループホームはるすのお家・阪南【認知症対応型共同生活介護】大阪府阪南市鳥取105番地の1", "url": "https://www.kaigokensaku.mhlw.go.jp/27/index.php?action_kouhyou_detail_004_kani=true&JigyosyoCd=2779500517-00&ServiceCd=320&Type=search", "url2": "http://hals-hals.co.jp/service_gh_hannan" }, "geometry": { "type": "Point", "coordinates": [ 135.23318990000007, 34.3555082 ] } },
{ "type": "Feature", "properties": { "内容": "社会福祉法人野のはなグループホーム野のはな【認知症対応型共同生活介護】大阪府阪南市和泉鳥取950番7", "url": "https://www.kaigokensaku.mhlw.go.jp/27/index.php?action_kouhyou_detail_004_kani=true&JigyosyoCd=2779500475-00&ServiceCd=320&Type=search", "url2": "http://野のはな.com" }, "geometry": { "type": "Point", "coordinates": [ 135.263801599999965, 34.3448153 ] } },
{ "type": "Feature", "properties": { "内容": "グループホーム・ミズナス【認知症対応型共同生活介護】大阪府阪南市鳥取475-1", "url": "https://www.kaigokensaku.mhlw.go.jp/27/index.php?action_kouhyou_detail_004_kani=true&JigyosyoCd=2779500673-00&ServiceCd=320&Type=search", "url2": "http://www.mizunasu777.com" }, "geometry": { "type": "Point", "coordinates": [ 135.233492915621923, 34.349515807694203 ] } },
{ "type": "Feature", "properties": { "内容": "エルケア株式会社　エルケアグループホームみなせ【認知症対応型共同生活介護】大阪府三島郡島本町青葉1-20-13", "url": "https://www.kaigokensaku.mhlw.go.jp/27/index.php?action_kouhyou_detail_004_kani=true&JigyosyoCd=2793900081-00&ServiceCd=320&Type=search", "url2": "https://www.l-care.jp/" }, "geometry": { "type": "Point", "coordinates": [ 135.6641122, 34.877946399999978 ] } },
{ "type": "Feature", "properties": { "内容": "グループホーム桜井の里【認知症対応型共同生活介護】大阪府三島郡島本町大字桜井４４２－２", "url": "https://www.kaigokensaku.mhlw.go.jp/27/index.php?action_kouhyou_detail_004_kani=true&JigyosyoCd=2793900057-00&ServiceCd=320&Type=search", "url2": "http://care-net.biz/27/smile/" }, "geometry": { "type": "Point", "coordinates": [ 135.656231899999966, 34.8795445 ] } },
{ "type": "Feature", "properties": { "内容": "セカンド・リビング祥雲館【認知症対応型共同生活介護】大阪府豊能郡豊能町吉川36番地の1", "url": "https://www.kaigokensaku.mhlw.go.jp/27/index.php?action_kouhyou_detail_004_kani=true&JigyosyoCd=2794700068-00&ServiceCd=320&Type=search", "url2": "https://shounkan.jp/" }, "geometry": { "type": "Point", "coordinates": [ 135.446961, 34.9164362 ] } },
{ "type": "Feature", "properties": { "内容": "グループホームアムール忠岡アネックス【認知症対応型共同生活介護】大阪府泉北郡忠岡町忠岡中1丁目5番26号", "url": "https://www.kaigokensaku.mhlw.go.jp/27/index.php?action_kouhyou_detail_004_kani=true&JigyosyoCd=2795400023-00&ServiceCd=320&Type=search", "url2": "https://www.e-lifepartner.co.jp" }, "geometry": { "type": "Point", "coordinates": [ 135.397545900000068, 34.4904423 ] } },
{ "type": "Feature", "properties": { "内容": "グループホームアムール忠岡【認知症対応型共同生活介護】大阪府泉北郡忠岡町忠岡東2丁目15－38", "url": "https://www.kaigokensaku.mhlw.go.jp/27/index.php?action_kouhyou_detail_004_kani=true&JigyosyoCd=2775400266-00&ServiceCd=320&Type=search", "url2": "https://www.e-lifepartner.co.jp/" }, "geometry": { "type": "Point", "coordinates": [ 135.400206700000012, 34.4902923 ] } },
{ "type": "Feature", "properties": { "内容": "グループホームつばき【認知症対応型共同生活介護】大阪府泉南郡熊取町１丁目７番１３号", "url": "https://www.kaigokensaku.mhlw.go.jp/27/index.php?action_kouhyou_detail_004_kani=true&JigyosyoCd=2791200039-00&ServiceCd=320&Type=search", "url2": "http://www.t-gp.co.jp/kaigo.html" }, "geometry": { "type": "Point", "coordinates": [ 135.345844199999988, 34.401771 ] } },
{ "type": "Feature", "properties": { "内容": "グループホーム熊取【認知症対応型共同生活介護】大阪府泉南郡熊取町五月ケ丘2丁目18番19号", "url": "https://www.kaigokensaku.mhlw.go.jp/27/index.php?action_kouhyou_detail_004_kani=true&JigyosyoCd=2791200120-00&ServiceCd=320&Type=search", "url2": null }, "geometry": { "type": "Point", "coordinates": [ 135.3721305, 34.3973594 ] } },
{ "type": "Feature", "properties": { "内容": "グループホーム　永楽【認知症対応型共同生活介護】大阪府泉南郡熊取町野田三丁目２０６９番地２", "url": "https://www.kaigokensaku.mhlw.go.jp/27/index.php?action_kouhyou_detail_004_kani=true&JigyosyoCd=2771200330-00&ServiceCd=320&Type=search", "url2": "http://www.eiraku-hukushi.com" }, "geometry": { "type": "Point", "coordinates": [ 135.355959900000016, 34.404348800000022 ] } },
{ "type": "Feature", "properties": { "内容": "グループホーム春日苑田尻【認知症対応型共同生活介護】大阪府泉南郡田尻町吉見384番地", "url": "https://www.kaigokensaku.mhlw.go.jp/27/index.php?action_kouhyou_detail_004_kani=true&JigyosyoCd=2791200088-00&ServiceCd=320&Type=search", "url2": "https://k-kowa-corp.com" }, "geometry": { "type": "Point", "coordinates": [ 135.2881155, 34.3875581 ] } },
{ "type": "Feature", "properties": { "内容": "グループホームなぎさ【認知症対応型共同生活介護】大阪府岬町淡輪４６５８－１", "url": "https://www.kaigokensaku.mhlw.go.jp/27/index.php?action_kouhyou_detail_004_kani=true&JigyosyoCd=2791200054-00&ServiceCd=320&Type=search", "url2": null }, "geometry": { "type": "Point", "coordinates": [ 135.174762, 34.3330154 ] } },
{ "type": "Feature", "properties": { "内容": "グループホーム　美野の里【認知症対応型共同生活介護】大阪府南河内郡太子町山田2558", "url": "https://www.kaigokensaku.mhlw.go.jp/27/index.php?action_kouhyou_detail_004_kani=true&JigyosyoCd=2773500604-00&ServiceCd=320&Type=search", "url2": "http://www.minonosato.com" }, "geometry": { "type": "Point", "coordinates": [ 135.657383502222928, 34.514232024001338 ] } },
{ "type": "Feature", "properties": { "内容": "グループホームなずなの里【認知症対応型共同生活介護】大阪府南河内郡河南町大宝2丁目29-6", "url": "https://www.kaigokensaku.mhlw.go.jp/27/index.php?action_kouhyou_detail_004_kani=true&JigyosyoCd=2793500071-00&ServiceCd=320&Type=search", "url2": null }, "geometry": { "type": "Point", "coordinates": [ 135.6340913, 34.5078618 ] } },
{ "type": "Feature", "properties": { "内容": "サポートハウス　悠楽園【認知症対応型共同生活介護】大阪府南太子群河南町寺田590-1", "url": "https://www.kaigokensaku.mhlw.go.jp/27/index.php?action_kouhyou_detail_004_kani=true&JigyosyoCd=2773500737-00&ServiceCd=320&Type=search", "url2": null }, "geometry": { "type": "Point", "coordinates": [ 135.63594, 34.49522 ] } },
{ "type": "Feature", "properties": { "内容": "ケア・プラザなずなの里【認知症対応型共同生活介護】大阪府南河内郡千早赤阪村水分482-7", "url": "https://www.kaigokensaku.mhlw.go.jp/27/index.php?action_kouhyou_detail_004_kani=true&JigyosyoCd=2793500063-00&ServiceCd=320&Type=search", "url2": null }, "geometry": { "type": "Point", "coordinates": [ 135.6305323, 34.4625102 ] } },
{ "type": "Feature", "properties": { "内容": "グループホーム夢野家【認知症対応型共同生活介護】大阪府南河内郡千早赤阪村水分593番1", "url": "https://www.kaigokensaku.mhlw.go.jp/27/index.php?action_kouhyou_detail_004_kani=true&JigyosyoCd=2773500406-00&ServiceCd=320&Type=search", "url2": "http://www.eonet.ne.jp/~yumenouchi" }, "geometry": { "type": "Point", "coordinates": [ 135.6340842, 34.4597555 ] } }
]
}
