{
"type": "FeatureCollection",
"name": "geo_27_介護老人福祉施設",
"crs": { "type": "name", "properties": { "name": "urn:ogc:def:crs:OGC:1.3:CRS84" } },
"features": [
{ "type": "Feature", "properties": { "内容": "特別養護老人ホーム　網島の郷【介護老人福祉施設】大阪府大阪市都島区網島町8番7号", "url": "https://www.kaigokensaku.mhlw.go.jp/27/index.php?action_kouhyou_detail_004_kani=true&JigyosyoCd=2775202670-00&ServiceCd=510&Type=search", "url2": "http://sanyofukushikai.com/" }, "geometry": { "type": "Point", "coordinates": [ 135.526071535581991, 34.69455544862592 ] } },
{ "type": "Feature", "properties": { "内容": "社会福祉法人　治栄会　特別養護老人ホーム　からまつ苑【介護老人福祉施設】大阪府大阪市都島区中野町５丁目１０番７０号", "url": "https://www.kaigokensaku.mhlw.go.jp/27/index.php?action_kouhyou_detail_004_kani=true&JigyosyoCd=2775200260-00&ServiceCd=510&Type=search", "url2": "http://www.karamatsuen.com/" }, "geometry": { "type": "Point", "coordinates": [ 135.5240351, 34.7065203 ] } },
{ "type": "Feature", "properties": { "内容": "特別養護老人ホーム青都荘【介護老人福祉施設】大阪市都島区都島中通三丁目１４番２０号", "url": "https://www.kaigokensaku.mhlw.go.jp/27/index.php?action_kouhyou_detail_004_kani=true&JigyosyoCd=2775201250-00&ServiceCd=510&Type=search", "url2": "http://www.seitoso.jp/" }, "geometry": { "type": "Point", "coordinates": [ 135.535959400000024, 34.7048788 ] } },
{ "type": "Feature", "properties": { "内容": "特別養護老人ホームグリーン野田【介護老人福祉施設】大阪府大阪市福島区海老江２丁目１番３６号", "url": "https://www.kaigokensaku.mhlw.go.jp/27/index.php?action_kouhyou_detail_004_kani=true&JigyosyoCd=2770200240-00&ServiceCd=510&Type=search", "url2": "https://ebieshikikai.net/" }, "geometry": { "type": "Point", "coordinates": [ 135.474400800000012, 34.6958534 ] } },
{ "type": "Feature", "properties": { "内容": "特別養護老人ホーム　福島ともしび苑【介護老人福祉施設】大阪府大阪市福島区吉野５丁目６番１１号", "url": "https://www.kaigokensaku.mhlw.go.jp/27/index.php?action_kouhyou_detail_004_kani=true&JigyosyoCd=2770200158-00&ServiceCd=510&Type=search", "url2": "http://www.tomoshibifukushikai.jp/" }, "geometry": { "type": "Point", "coordinates": [ 135.466993399999978, 34.6867904 ] } },
{ "type": "Feature", "properties": { "内容": "特別養護老人ホーム平成福島苑【介護老人福祉施設】大阪府大阪市福島区海老江3-20-8", "url": "https://www.kaigokensaku.mhlw.go.jp/27/index.php?action_kouhyou_detail_004_kani=true&JigyosyoCd=2770201693-00&ServiceCd=510&Type=search", "url2": "https://www.heiseifukushikai.com/" }, "geometry": { "type": "Point", "coordinates": [ 135.4718086, 34.7009627 ] } },
{ "type": "Feature", "properties": { "内容": "特別養護老人ホームガーデン天使【介護老人福祉施設】大阪府大阪市此花区島屋４丁目１番１１号", "url": "https://www.kaigokensaku.mhlw.go.jp/27/index.php?action_kouhyou_detail_004_kani=true&JigyosyoCd=2772800211-00&ServiceCd=510&Type=search", "url2": "http://garden-tenshi.jp" }, "geometry": { "type": "Point", "coordinates": [ 135.443737599999963, 34.674044 ] } },
{ "type": "Feature", "properties": { "内容": "ケアセンター水都ホーム【介護老人福祉施設】大阪府大阪市此花区西九条1-1-2", "url": "https://www.kaigokensaku.mhlw.go.jp/27/index.php?action_kouhyou_detail_004_kani=true&JigyosyoCd=2772800229-00&ServiceCd=510&Type=search", "url2": "http://www.fuyoufukusikai.com/index.html" }, "geometry": { "type": "Point", "coordinates": [ 135.469835, 34.6833159 ] } },
{ "type": "Feature", "properties": { "内容": "特別養護老人ホーム　ラヴィータウーノ【介護老人福祉施設】大阪市此花区伝法六丁目５番１２号", "url": "https://www.kaigokensaku.mhlw.go.jp/27/index.php?action_kouhyou_detail_004_kani=true&JigyosyoCd=2772800443-00&ServiceCd=510&Type=search", "url2": "http://www.lavita-uno.jp" }, "geometry": { "type": "Point", "coordinates": [ 135.447984099999985, 34.6853539 ] } },
{ "type": "Feature", "properties": { "内容": "特別養護老人ホームクレーネ大阪【介護老人福祉施設】大阪府大阪市此花区春日出北1-22-3", "url": "https://www.kaigokensaku.mhlw.go.jp/27/index.php?action_kouhyou_detail_004_kani=true&JigyosyoCd=2772801169-00&ServiceCd=510&Type=search", "url2": "https://kurene.jp" }, "geometry": { "type": "Point", "coordinates": [ 135.450828569311511, 34.684092403631645 ] } },
{ "type": "Feature", "properties": { "内容": "社会福祉法人緑修会　特別養護老人ホームクローバー【介護老人福祉施設】大阪府大阪市此花区高見2-8-1", "url": "https://www.kaigokensaku.mhlw.go.jp/27/index.php?action_kouhyou_detail_004_kani=true&JigyosyoCd=2772801367-00&ServiceCd=510&Type=search", "url2": "https://www.ryokushukai.jp/" }, "geometry": { "type": "Point", "coordinates": [ 135.456378065099216, 34.689262349756504 ] } },
{ "type": "Feature", "properties": { "内容": "特別養護老人ホーム　江之子島コスモス苑【介護老人福祉施設】大阪市西区江之子島１－８－４４", "url": "https://www.kaigokensaku.mhlw.go.jp/27/index.php?action_kouhyou_detail_004_kani=true&JigyosyoCd=2771800188-00&ServiceCd=510&Type=search", "url2": "https://cosmos-en.tane.or.jp" }, "geometry": { "type": "Point", "coordinates": [ 135.484247500000038, 34.684119 ] } },
{ "type": "Feature", "properties": { "内容": "特別養護老人ホームすみれ苑【介護老人福祉施設】大阪府大阪市西区川口3－6－14", "url": "https://www.kaigokensaku.mhlw.go.jp/27/index.php?action_kouhyou_detail_004_kani=true&JigyosyoCd=2771800923-00&ServiceCd=510&Type=search", "url2": "http://www.sumire-en.jp" }, "geometry": { "type": "Point", "coordinates": [ 135.477512100000013, 34.6816969 ] } },
{ "type": "Feature", "properties": { "内容": "特別養護老人ホーム　ザイオン【介護老人福祉施設】大阪市港区市岡１丁目５番３０号", "url": "https://www.kaigokensaku.mhlw.go.jp/27/index.php?action_kouhyou_detail_004_kani=true&JigyosyoCd=2770400253-00&ServiceCd=510&Type=search", "url2": "http://www.zaion.or.jp" }, "geometry": { "type": "Point", "coordinates": [ 135.46214729999997, 34.6642513 ] } },
{ "type": "Feature", "properties": { "内容": "特別養護老人ホーム　ザイオン大阪港【介護老人福祉施設】大阪府大阪市港区築港一丁目９番７号", "url": "https://www.kaigokensaku.mhlw.go.jp/27/index.php?action_kouhyou_detail_004_kani=true&JigyosyoCd=2770401905-00&ServiceCd=510&Type=search", "url2": "http://osakakou.zaion.or.jp/" }, "geometry": { "type": "Point", "coordinates": [ 135.436397199999988, 34.653415700000011 ] } },
{ "type": "Feature", "properties": { "内容": "特別養護老人ホーム　愛港園【介護老人福祉施設】大阪府大阪市港区八幡屋４丁目８番１号", "url": "https://www.kaigokensaku.mhlw.go.jp/27/index.php?action_kouhyou_detail_004_kani=true&JigyosyoCd=2770400147-00&ServiceCd=510&Type=search", "url2": "http://www.aikoen.jp" }, "geometry": { "type": "Point", "coordinates": [ 135.44679629999996, 34.6515107 ] } },
{ "type": "Feature", "properties": { "内容": "特別養護老人ホーム第２愛港園【介護老人福祉施設】大阪府大阪市港区八幡屋４丁目８番１号", "url": "https://www.kaigokensaku.mhlw.go.jp/27/index.php?action_kouhyou_detail_004_kani=true&JigyosyoCd=2770400154-00&ServiceCd=510&Type=search", "url2": "https://dai2aikoen.jp" }, "geometry": { "type": "Point", "coordinates": [ 135.44701624113921, 34.651404790159383 ] } },
{ "type": "Feature", "properties": { "内容": "特別養護老人ホーム　平成みなと苑【介護老人福祉施設】大阪府大阪市港区弁天２－８－１６", "url": "https://www.kaigokensaku.mhlw.go.jp/27/index.php?action_kouhyou_detail_004_kani=true&JigyosyoCd=2770401525-00&ServiceCd=510&Type=search", "url2": "http://www.heiseifukushikai.com/" }, "geometry": { "type": "Point", "coordinates": [ 135.454590747221346, 34.668585755994165 ] } },
{ "type": "Feature", "properties": { "内容": "社会福祉法人恩賜財団済生会支部大阪府済生会　泉尾特別養護老人ホーム大正園【介護老人福祉施設】大阪市大正区北村3-4-3", "url": "https://www.kaigokensaku.mhlw.go.jp/27/index.php?action_kouhyou_detail_004_kani=true&JigyosyoCd=2772700262-00&ServiceCd=510&Type=search", "url2": "https://izuo-taishyoen.jp/" }, "geometry": { "type": "Point", "coordinates": [ 135.467289, 34.6497254 ] } },
{ "type": "Feature", "properties": { "内容": "特別養護老人ホーム幸楽園【介護老人福祉施設】大阪府大阪市大正区鶴町二丁目１９番２８号", "url": "https://www.kaigokensaku.mhlw.go.jp/27/index.php?action_kouhyou_detail_004_kani=true&JigyosyoCd=2772701666-00&ServiceCd=510&Type=search", "url2": "http://kourakuen.osakakoufuukai.com/" }, "geometry": { "type": "Point", "coordinates": [ 135.454609900000037, 34.6393013 ] } },
{ "type": "Feature", "properties": { "内容": "特別養護老人ホームビーナスホーム千島園【介護老人福祉施設】大阪府大阪市大正区千島１－２３－２６", "url": "https://www.kaigokensaku.mhlw.go.jp/27/index.php?action_kouhyou_detail_004_kani=true&JigyosyoCd=2772700502-00&ServiceCd=510&Type=search", "url2": "http://www.venushome.jp/" }, "geometry": { "type": "Point", "coordinates": [ 135.476196399999907, 34.6522226 ] } },
{ "type": "Feature", "properties": { "内容": "泉尾特別養護老人ホーム第二大正園【介護老人福祉施設】大阪市大正区北村3-5-10", "url": "https://www.kaigokensaku.mhlw.go.jp/27/index.php?action_kouhyou_detail_004_kani=true&JigyosyoCd=2772700270-00&ServiceCd=510&Type=search", "url2": "https://izuo-dai2taishyoen.jp/" }, "geometry": { "type": "Point", "coordinates": [ 135.467322299999978, 34.6505837 ] } },
{ "type": "Feature", "properties": { "内容": "特別養護老人ホーム　悠の里【介護老人福祉施設】大阪府大阪市大正区小林東2-6-15", "url": "https://www.kaigokensaku.mhlw.go.jp/27/index.php?action_kouhyou_detail_004_kani=true&JigyosyoCd=2772701831-00&ServiceCd=510&Type=search", "url2": "http://yuunosato.com" }, "geometry": { "type": "Point", "coordinates": [ 135.476302300000043, 34.6431709 ] } },
{ "type": "Feature", "properties": { "内容": "特別養護老人ホーム　四天王寺たまつくり苑【介護老人福祉施設】大阪府大阪市天王寺区玉造元町1-29", "url": "https://www.kaigokensaku.mhlw.go.jp/27/index.php?action_kouhyou_detail_004_kani=true&JigyosyoCd=2771700156-00&ServiceCd=510&Type=search", "url2": "http://www.shitennoji-fukushi.jp/" }, "geometry": { "type": "Point", "coordinates": [ 135.532610200000022, 34.6731125 ] } },
{ "type": "Feature", "properties": { "内容": "特別養護老人ホーム四天王寺きたやま苑【介護老人福祉施設】大阪府大阪市天王寺区北山町９－６", "url": "https://www.kaigokensaku.mhlw.go.jp/27/index.php?action_kouhyou_detail_004_kani=true&JigyosyoCd=2771700149-00&ServiceCd=510&Type=search", "url2": "http://www.shitennoji-fukushi.jp/" }, "geometry": { "type": "Point", "coordinates": [ 135.5227559, 34.6599832 ] } },
{ "type": "Feature", "properties": { "内容": "天王寺特別養護老人ホーム【介護老人福祉施設】大阪府大阪市天王寺区勝山2-14-20", "url": "https://www.kaigokensaku.mhlw.go.jp/27/index.php?action_kouhyou_detail_004_kani=true&JigyosyoCd=2771702798-00&ServiceCd=510&Type=search", "url2": null }, "geometry": { "type": "Point", "coordinates": [ 135.5195249, 34.652492100000011 ] } },
{ "type": "Feature", "properties": { "内容": "特別養護老人ホームなにわ【介護老人福祉施設】大阪府大阪市浪速区幸町二丁目３番１１号特別養護老人ホームなにわ", "url": "https://www.kaigokensaku.mhlw.go.jp/27/index.php?action_kouhyou_detail_004_kani=true&JigyosyoCd=2774301200-00&ServiceCd=510&Type=search", "url2": "http://www.kensyokai.jp" }, "geometry": { "type": "Point", "coordinates": [ 135.489429449073782, 34.668707088736411 ] } },
{ "type": "Feature", "properties": { "内容": "特別養護老人ホームあいぜん【介護老人福祉施設】大阪府大阪市浪速区日本橋５丁目１６番１９号", "url": "https://www.kaigokensaku.mhlw.go.jp/27/index.php?action_kouhyou_detail_004_kani=true&JigyosyoCd=2774300319-00&ServiceCd=510&Type=search", "url2": "http://www.aizenen.or.jp" }, "geometry": { "type": "Point", "coordinates": [ 135.504707599999961, 34.6576668 ] } },
{ "type": "Feature", "properties": { "内容": "特別養護老人ホーム　アシステンツァ　桜川【介護老人福祉施設】大阪市浪速区桜川三丁目7番2号特別養護老人ホーム　アシステンツァ桜川", "url": "https://www.kaigokensaku.mhlw.go.jp/27/index.php?action_kouhyou_detail_004_kani=true&JigyosyoCd=2774301184-00&ServiceCd=510&Type=search", "url2": "http://www.kensyokai.jp" }, "geometry": { "type": "Point", "coordinates": [ 135.48716730000001, 34.6661574 ] } },
{ "type": "Feature", "properties": { "内容": "特別養護老人ホーム　大国さわやか苑【介護老人福祉施設】大阪府大阪市浪速区大国2-17-9", "url": "https://www.kaigokensaku.mhlw.go.jp/27/index.php?action_kouhyou_detail_004_kani=true&JigyosyoCd=2774302224-00&ServiceCd=510&Type=search", "url2": "http://d-sawayakaen.com/" }, "geometry": { "type": "Point", "coordinates": [ 135.495366900000022, 34.6521425 ] } },
{ "type": "Feature", "properties": { "内容": "特別養護老人ホームルーチェ千舟【介護老人福祉施設】大阪市西淀川区千舟2丁目７番２号", "url": "https://www.kaigokensaku.mhlw.go.jp/27/index.php?action_kouhyou_detail_004_kani=true&JigyosyoCd=2771000706-00&ServiceCd=510&Type=search", "url2": "http://s-f-k.or.jp" }, "geometry": { "type": "Point", "coordinates": [ 135.453041399999961, 34.7117842 ] } },
{ "type": "Feature", "properties": { "内容": "介護老人福祉施設水都ホーム福町【介護老人福祉施設】大阪府大阪市西淀川区福町2丁目11番７号", "url": "https://www.kaigokensaku.mhlw.go.jp/27/index.php?action_kouhyou_detail_004_kani=true&JigyosyoCd=2771001498-00&ServiceCd=510&Type=search", "url2": "http://www.fuyoufukusikai.com/" }, "geometry": { "type": "Point", "coordinates": [ 135.442609704893471, 34.69561334667312 ] } },
{ "type": "Feature", "properties": { "内容": "特別養護老人ホーム陽光ひめじま苑【介護老人福祉施設】大阪府大阪市西淀川区姫島5丁目16番36号", "url": "https://www.kaigokensaku.mhlw.go.jp/27/index.php?action_kouhyou_detail_004_kani=true&JigyosyoCd=2771002322-00&ServiceCd=510&Type=search", "url2": "http://youkou-wel.com/" }, "geometry": { "type": "Point", "coordinates": [ 135.448175200000037, 34.7044516 ] } },
{ "type": "Feature", "properties": { "内容": "社会福祉法人　松福会　西淀川特別養護老人ホーム【介護老人福祉施設】大阪府大阪市西淀川区大和田二丁目５番１１号", "url": "https://www.kaigokensaku.mhlw.go.jp/27/index.php?action_kouhyou_detail_004_kani=true&JigyosyoCd=2771000300-00&ServiceCd=510&Type=search", "url2": "http://s-f-k.or.jp" }, "geometry": { "type": "Point", "coordinates": [ 135.442476442327916, 34.702821796568912 ] } },
{ "type": "Feature", "properties": { "内容": "特別養護老人ホーム　姫島みずほ苑【介護老人福祉施設】大阪市西淀川区姫島5丁目11番24号", "url": "https://www.kaigokensaku.mhlw.go.jp/27/index.php?action_kouhyou_detail_004_kani=true&JigyosyoCd=2771001308-00&ServiceCd=510&Type=search", "url2": "https://himejima-mizuhoen.jp/" }, "geometry": { "type": "Point", "coordinates": [ 135.449589, 34.7033518 ] } },
{ "type": "Feature", "properties": { "内容": "特別養護老人ホームせいりょう姫島【介護老人福祉施設】大阪府大阪市姫島2丁目15-8", "url": "https://www.kaigokensaku.mhlw.go.jp/27/index.php?action_kouhyou_detail_004_kani=true&JigyosyoCd=2771002348-00&ServiceCd=510&Type=search", "url2": "https://www.f-seiryou.com/info/himejima.html" }, "geometry": { "type": "Point", "coordinates": [ 135.4527144, 34.7013622 ] } },
{ "type": "Feature", "properties": { "内容": "特別養護老人ホームともしび【介護老人福祉施設】大阪府大阪市東淀川区東中島5-19-3", "url": "https://www.kaigokensaku.mhlw.go.jp/27/index.php?action_kouhyou_detail_004_kani=true&JigyosyoCd=2773004730-00&ServiceCd=510&Type=search", "url2": "https://www.tomoshibifukushikai.jp" }, "geometry": { "type": "Point", "coordinates": [ 135.509731062565606, 34.732853602886955 ] } },
{ "type": "Feature", "properties": { "内容": "特別養護老人ホーム　だんらん【介護老人福祉施設】大阪市東淀川区淡路3丁目13-37", "url": "https://www.kaigokensaku.mhlw.go.jp/27/index.php?action_kouhyou_detail_004_kani=true&JigyosyoCd=2773000357-00&ServiceCd=510&Type=search", "url2": "http://www.normalization-kyokai.jp/" }, "geometry": { "type": "Point", "coordinates": [ 135.513327835582004, 34.738358139109238 ] } },
{ "type": "Feature", "properties": { "内容": "特別養護老人ホーム　井高野園【介護老人福祉施設】大阪府大阪市東淀川区井高野３丁目１番５８号", "url": "https://www.kaigokensaku.mhlw.go.jp/27/index.php?action_kouhyou_detail_004_kani=true&JigyosyoCd=2773000266-00&ServiceCd=510&Type=search", "url2": "http://www.itakanoen.or.jp/" }, "geometry": { "type": "Point", "coordinates": [ 135.5439907, 34.7666326 ] } },
{ "type": "Feature", "properties": { "内容": "淡路介護老人福祉施設ビハーラ【介護老人福祉施設】大阪府大阪市東淀川区淡路5-11-17", "url": "https://www.kaigokensaku.mhlw.go.jp/27/index.php?action_kouhyou_detail_004_kani=true&JigyosyoCd=2773001041-00&ServiceCd=510&Type=search", "url2": "http://vihara-sisinkai.jp/" }, "geometry": { "type": "Point", "coordinates": [ 135.517143799999985, 34.7433018 ] } },
{ "type": "Feature", "properties": { "内容": "特別養護老人ホームザイオン新大阪【介護老人福祉施設】大阪府大阪市東淀川区東中島２丁目１４番１３号", "url": "https://www.kaigokensaku.mhlw.go.jp/27/index.php?action_kouhyou_detail_004_kani=true&JigyosyoCd=2773003666-00&ServiceCd=510&Type=search", "url2": "http://shinosaka.zaion.or.jp/" }, "geometry": { "type": "Point", "coordinates": [ 135.504939599999943, 34.7290364 ] } },
{ "type": "Feature", "properties": { "内容": "特別養護老人ホーム　とよさと黄金の里【介護老人福祉施設】大阪市東淀川区大桐１丁目７－１６", "url": "https://www.kaigokensaku.mhlw.go.jp/27/index.php?action_kouhyou_detail_004_kani=true&JigyosyoCd=2773001819-00&ServiceCd=510&Type=search", "url2": "http://www.kogane.or.jp" }, "geometry": { "type": "Point", "coordinates": [ 135.543938499999967, 34.7451856 ] } },
{ "type": "Feature", "properties": { "内容": "特別養護老人ホーム　ジュネス【介護老人福祉施設】大阪府大阪市東淀川区東淡路1-4-49メゾン　リベルテ", "url": "https://www.kaigokensaku.mhlw.go.jp/27/index.php?action_kouhyou_detail_004_kani=true&JigyosyoCd=2773000407-00&ServiceCd=510&Type=search", "url2": "http://www.ojk.or.jp/" }, "geometry": { "type": "Point", "coordinates": [ 135.51965210000003, 34.7335308 ] } },
{ "type": "Feature", "properties": { "内容": "特別養護老人ホームポプラ上新庄【介護老人福祉施設】大阪府大阪市東淀川区上新庄三丁目15番9号", "url": "https://www.kaigokensaku.mhlw.go.jp/27/index.php?action_kouhyou_detail_004_kani=true&JigyosyoCd=2773005091-00&ServiceCd=510&Type=search", "url2": "https://poplar-group.jp/yougo/tokuyokamisinjyo" }, "geometry": { "type": "Point", "coordinates": [ 135.531488099999962, 34.7511746 ] } },
{ "type": "Feature", "properties": { "内容": "特別養護老人ホーム　菜乃花【介護老人福祉施設】大阪府大阪市東淀川区上新庄１丁目２番５号特別養護老人ホーム　菜乃花", "url": "https://www.kaigokensaku.mhlw.go.jp/27/index.php?action_kouhyou_detail_004_kani=true&JigyosyoCd=2773004557-00&ServiceCd=510&Type=search", "url2": "https://www.ontoku.or.jp" }, "geometry": { "type": "Point", "coordinates": [ 135.527473399999963, 34.7442381 ] } },
{ "type": "Feature", "properties": { "内容": "特別養護老人ホーム寿楽荘いたかの【介護老人福祉施設】大阪府大阪市東淀川区井高野４丁目６番６１号", "url": "https://www.kaigokensaku.mhlw.go.jp/27/index.php?action_kouhyou_detail_004_kani=true&JigyosyoCd=2773003336-00&ServiceCd=510&Type=search", "url2": "http://juraku-osaka.jp/" }, "geometry": { "type": "Point", "coordinates": [ 135.54863469999998, 34.7667825 ] } },
{ "type": "Feature", "properties": { "内容": "介護老人福祉施設　さわやか苑【介護老人福祉施設】大阪府大阪市東淀川区豊新2-15-20", "url": "https://www.kaigokensaku.mhlw.go.jp/27/index.php?action_kouhyou_detail_004_kani=true&JigyosyoCd=2773000662-00&ServiceCd=510&Type=search", "url2": "http://yukohukushikai.com" }, "geometry": { "type": "Point", "coordinates": [ 135.527373899999986, 34.742509200000022 ] } },
{ "type": "Feature", "properties": { "内容": "特別養護老人ホーム称揚苑【介護老人福祉施設】大阪府大阪市東成区深江北1-14-8", "url": "https://www.kaigokensaku.mhlw.go.jp/27/index.php?action_kouhyou_detail_004_kani=true&JigyosyoCd=2771502826-00&ServiceCd=510&Type=search", "url2": "http://www.kyouseikai.org/" }, "geometry": { "type": "Point", "coordinates": [ 135.556504906337182, 34.675190409122301 ] } },
{ "type": "Feature", "properties": { "内容": "特別養護老人ホームアルカンシエル東成【介護老人福祉施設】大阪市東成区中本四丁目１番２１号", "url": "https://www.kaigokensaku.mhlw.go.jp/27/index.php?action_kouhyou_detail_004_kani=true&JigyosyoCd=2771501307-00&ServiceCd=510&Type=search", "url2": "http://gogroup.jp" }, "geometry": { "type": "Point", "coordinates": [ 135.539496820376598, 34.67770573726628 ] } },
{ "type": "Feature", "properties": { "内容": "特別養護老人ホーム　サンローズオオサカ【介護老人福祉施設】大阪府大阪市東成区神路１丁目１０番３号", "url": "https://www.kaigokensaku.mhlw.go.jp/27/index.php?action_kouhyou_detail_004_kani=true&JigyosyoCd=2771500176-00&ServiceCd=510&Type=search", "url2": "http://www.omichikai.or.jp/sunrose/index.htm" }, "geometry": { "type": "Point", "coordinates": [ 135.554999899999984, 34.6786208 ] } },
{ "type": "Feature", "properties": { "内容": "特別養護老人ホーム　ハミングベル中道【介護老人福祉施設】大阪府大阪市東成区中道２丁目７-１", "url": "https://www.kaigokensaku.mhlw.go.jp/27/index.php?action_kouhyou_detail_004_kani=true&JigyosyoCd=2771500846-00&ServiceCd=510&Type=search", "url2": "http://www.humming-bell.or.jp" }, "geometry": { "type": "Point", "coordinates": [ 135.539373399999931, 34.6805592 ] } },
{ "type": "Feature", "properties": { "内容": "特別養護老人ホーム　サン・アクエリア【介護老人福祉施設】大阪府大阪市生野区新今里4-11-17", "url": "https://www.kaigokensaku.mhlw.go.jp/27/index.php?action_kouhyou_detail_004_kani=true&JigyosyoCd=2772200321-00&ServiceCd=510&Type=search", "url2": "http://www.sun-aquaria.com/" }, "geometry": { "type": "Point", "coordinates": [ 135.548884, 34.6624726 ] } },
{ "type": "Feature", "properties": { "内容": "特別養護老人ホームあじさいの里【介護老人福祉施設】大阪府大阪市生野区勝山北3-13-20", "url": "https://www.kaigokensaku.mhlw.go.jp/27/index.php?action_kouhyou_detail_004_kani=true&JigyosyoCd=2772200479-00&ServiceCd=510&Type=search", "url2": "https://www.fukushi-aiseikai.or.jp/" }, "geometry": { "type": "Point", "coordinates": [ 135.5339306, 34.6546926 ] } },
{ "type": "Feature", "properties": { "内容": "特別養護老人ホーム夢の箱　勝山【介護老人福祉施設】大阪市生野区勝山南１丁目１７番４３号", "url": "https://www.kaigokensaku.mhlw.go.jp/27/index.php?action_kouhyou_detail_004_kani=true&JigyosyoCd=2772203887-00&ServiceCd=510&Type=search", "url2": "http://www.yumenohako.info" }, "geometry": { "type": "Point", "coordinates": [ 135.526644600000054, 34.6529675 ] } },
{ "type": "Feature", "properties": { "内容": "インパレスみのり苑【介護老人福祉施設】大阪府大阪市生野区巽中３丁目１４番３号", "url": "https://www.kaigokensaku.mhlw.go.jp/27/index.php?action_kouhyou_detail_004_kani=true&JigyosyoCd=2772200461-00&ServiceCd=510&Type=search", "url2": "http://www.minori-en.com/" }, "geometry": { "type": "Point", "coordinates": [ 135.5517648, 34.647655 ] } },
{ "type": "Feature", "properties": { "内容": "社会福祉法人　慶生会　特別養護老人ホーム　瑞光苑【介護老人福祉施設】大阪市生野区巽東4丁目11番10号特別養護老人ホーム　　瑞光苑", "url": "https://www.kaigokensaku.mhlw.go.jp/27/index.php?action_kouhyou_detail_004_kani=true&JigyosyoCd=2772200420-00&ServiceCd=510&Type=search", "url2": "https://kyouseikai.org/" }, "geometry": { "type": "Point", "coordinates": [ 135.557953199999929, 34.645797 ] } },
{ "type": "Feature", "properties": { "内容": "特別養護老人ホーム　甍【介護老人福祉施設】大阪市生野区巽南3丁目7番30号", "url": "https://www.kaigokensaku.mhlw.go.jp/27/index.php?action_kouhyou_detail_004_kani=true&JigyosyoCd=2772200495-00&ServiceCd=510&Type=search", "url2": "http://sansyukai.jp" }, "geometry": { "type": "Point", "coordinates": [ 135.5499929, 34.6421973 ] } },
{ "type": "Feature", "properties": { "内容": "特別養護老人ホーム　せんぽ【介護老人福祉施設】大阪市生野区巽北一丁目14番3号", "url": "https://www.kaigokensaku.mhlw.go.jp/27/index.php?action_kouhyou_detail_004_kani=true&JigyosyoCd=2772204851-00&ServiceCd=510&Type=search", "url2": "http://senpokai.org/" }, "geometry": { "type": "Point", "coordinates": [ 135.54426239999998, 34.6561621 ] } },
{ "type": "Feature", "properties": { "内容": "特別養護老人ホーム　寿幸苑【介護老人福祉施設】大阪府大阪市生野区林寺４丁目１３番１４号", "url": "https://www.kaigokensaku.mhlw.go.jp/27/index.php?action_kouhyou_detail_004_kani=true&JigyosyoCd=2772202442-00&ServiceCd=510&Type=search", "url2": "http://www.jukouen.com" }, "geometry": { "type": "Point", "coordinates": [ 135.534985900000038, 34.641608 ] } },
{ "type": "Feature", "properties": { "内容": "上本町特別養護老人ホームラガール【介護老人福祉施設】大阪府大阪市生野区鶴橋一丁目9番34号", "url": "https://www.kaigokensaku.mhlw.go.jp/27/index.php?action_kouhyou_detail_004_kani=true&JigyosyoCd=2772207185-00&ServiceCd=510&Type=search", "url2": "http://uehonmachi.koudoukai.or.jp/" }, "geometry": { "type": "Point", "coordinates": [ 135.5304577, 34.6626493 ] } },
{ "type": "Feature", "properties": { "内容": "特別養護老人ホーム巽さくらら苑【介護老人福祉施設】大阪府大阪市生野区巽中１－５－８", "url": "https://www.kaigokensaku.mhlw.go.jp/27/index.php?action_kouhyou_detail_004_kani=true&JigyosyoCd=2772201253-00&ServiceCd=510&Type=search", "url2": "http://sakuraraen.jp" }, "geometry": { "type": "Point", "coordinates": [ 135.5499787, 34.6516739 ] } },
{ "type": "Feature", "properties": { "内容": "特別養護老人ホーム　レインボー今里【介護老人福祉施設】大阪府大阪市生野区中川１－６－２０", "url": "https://www.kaigokensaku.mhlw.go.jp/27/index.php?action_kouhyou_detail_004_kani=true&JigyosyoCd=2772200685-00&ServiceCd=510&Type=search", "url2": "https://gogroup.jp/" }, "geometry": { "type": "Point", "coordinates": [ 135.542479, 34.6624835 ] } },
{ "type": "Feature", "properties": { "内容": "特別養護老人ホーム　　ライフライト【介護老人福祉施設】大阪市旭区赤川2-1-20", "url": "https://www.kaigokensaku.mhlw.go.jp/27/index.php?action_kouhyou_detail_004_kani=true&JigyosyoCd=2773100249-00&ServiceCd=510&Type=search", "url2": "http://hoshino-kai.com" }, "geometry": { "type": "Point", "coordinates": [ 135.530912299999954, 34.7244155 ] } },
{ "type": "Feature", "properties": { "内容": "特別養護老人ホームゆうゆう【介護老人福祉施設】大阪府大阪市旭区高殿６－２４－１２", "url": "https://www.kaigokensaku.mhlw.go.jp/27/index.php?action_kouhyou_detail_004_kani=true&JigyosyoCd=2773100520-00&ServiceCd=510&Type=search", "url2": "http://www.aiai-1122.or.jp/yuyu/" }, "geometry": { "type": "Point", "coordinates": [ 135.546561200000042, 34.719408 ] } },
{ "type": "Feature", "properties": { "内容": "特別養護老人ホーム旭さくら苑【介護老人福祉施設】大阪府大阪市旭区清水三丁目１５番２３号", "url": "https://www.kaigokensaku.mhlw.go.jp/27/index.php?action_kouhyou_detail_004_kani=true&JigyosyoCd=2773101007-00&ServiceCd=510&Type=search", "url2": "http://www.seisuikai.net/" }, "geometry": { "type": "Point", "coordinates": [ 135.558960100000036, 34.72298 ] } },
{ "type": "Feature", "properties": { "内容": "社会福祉法人　邦寿会　高殿苑【介護老人福祉施設】大阪府大阪市旭区高殿５－１０－７", "url": "https://www.kaigokensaku.mhlw.go.jp/27/index.php?action_kouhyou_detail_004_kani=true&JigyosyoCd=2773103110-00&ServiceCd=510&Type=search", "url2": "http://www.houjukai.jp/takadono/index.html" }, "geometry": { "type": "Point", "coordinates": [ 135.53864629476152, 34.718449092427811 ] } },
{ "type": "Feature", "properties": { "内容": "特別養護老人ホームあいあい【介護老人福祉施設】大阪市旭区赤川１－6－12", "url": "https://www.kaigokensaku.mhlw.go.jp/27/index.php?action_kouhyou_detail_004_kani=true&JigyosyoCd=2773100314-00&ServiceCd=510&Type=search", "url2": "http://www.aiai-1122.or.jp/" }, "geometry": { "type": "Point", "coordinates": [ 135.532767700000022, 34.7225324 ] } },
{ "type": "Feature", "properties": { "内容": "生江特別養護老人ホーム白寿荘【介護老人福祉施設】大阪府大阪市旭区生江３－２７－１", "url": "https://www.kaigokensaku.mhlw.go.jp/27/index.php?action_kouhyou_detail_004_kani=true&JigyosyoCd=2773101015-00&ServiceCd=510&Type=search", "url2": "http://www.liberta.or.jp/index.html" }, "geometry": { "type": "Point", "coordinates": [ 135.5351508, 34.7291734 ] } },
{ "type": "Feature", "properties": { "内容": "野江特別養護老人ホーム　城東園【介護老人福祉施設】大阪府大阪市城東区今福東２丁目２番２５号", "url": "https://www.kaigokensaku.mhlw.go.jp/27/index.php?action_kouhyou_detail_004_kani=true&JigyosyoCd=2774400192-00&ServiceCd=510&Type=search", "url2": "http://www.noe.saiseikai.or.jp/jotoen/index.html" }, "geometry": { "type": "Point", "coordinates": [ 135.55507769999997, 34.7033762 ] } },
{ "type": "Feature", "properties": { "内容": "特別養護老人ホーム　至善荘【介護老人福祉施設】大阪市城東区蒲生4-2-10", "url": "https://www.kaigokensaku.mhlw.go.jp/27/index.php?action_kouhyou_detail_004_kani=true&JigyosyoCd=2774400390-00&ServiceCd=510&Type=search", "url2": "http://www.shizenkai.or.jp/" }, "geometry": { "type": "Point", "coordinates": [ 135.543922899999984, 34.6980573 ] } },
{ "type": "Feature", "properties": { "内容": "特別養護老人ホームしぎの黄金の里【介護老人福祉施設】大阪市城東区鴫野東2丁目26番12号", "url": "https://www.kaigokensaku.mhlw.go.jp/27/index.php?action_kouhyou_detail_004_kani=true&JigyosyoCd=2774400267-00&ServiceCd=510&Type=search", "url2": "http://www.kogane.or.jp" }, "geometry": { "type": "Point", "coordinates": [ 135.548525400000017, 34.6919136 ] } },
{ "type": "Feature", "properties": { "内容": "社会福祉法人清水福祉会　特別養護老人ホーム城東さくら苑【介護老人福祉施設】大阪府大阪市城東区今福西6-6-20", "url": "https://www.kaigokensaku.mhlw.go.jp/27/index.php?action_kouhyou_detail_004_kani=true&JigyosyoCd=2774403998-00&ServiceCd=510&Type=search", "url2": "http://www.seisuikai.net" }, "geometry": { "type": "Point", "coordinates": [ 135.551805599999966, 34.7033258 ] } },
{ "type": "Feature", "properties": { "内容": "特別養護老人ホーム平成森之宮苑【介護老人福祉施設】大阪府大阪市城東区森之宮２－１－４９", "url": "https://www.kaigokensaku.mhlw.go.jp/27/index.php?action_kouhyou_detail_004_kani=true&JigyosyoCd=2774404269-00&ServiceCd=510&Type=search", "url2": "http://www.heiseifukushikai.com/facility/facility/morinomiya/" }, "geometry": { "type": "Point", "coordinates": [ 135.539361497028352, 34.684922092542543 ] } },
{ "type": "Feature", "properties": { "内容": "特別養護老人ホーム城東こすもす苑【介護老人福祉施設】大阪府大阪市城東区蒲生2-2-38", "url": "https://www.kaigokensaku.mhlw.go.jp/27/index.php?action_kouhyou_detail_004_kani=true&JigyosyoCd=2774402578-00&ServiceCd=510&Type=search", "url2": "http://www.seisuikai.net/" }, "geometry": { "type": "Point", "coordinates": [ 135.540470300000038, 34.698097164485318 ] } },
{ "type": "Feature", "properties": { "内容": "城東特別養護老人ホーム【介護老人福祉施設】大阪府大阪市城東区古市1-20-17", "url": "https://www.kaigokensaku.mhlw.go.jp/27/index.php?action_kouhyou_detail_004_kani=true&JigyosyoCd=2774400507-00&ServiceCd=510&Type=search", "url2": "http://joto-tokuyou.com" }, "geometry": { "type": "Point", "coordinates": [ 135.557494, 34.7088285 ] } },
{ "type": "Feature", "properties": { "内容": "特別養護老人ホームミネルヴァあべの【介護老人福祉施設】大阪府大阪市阿倍野区昭和町3丁目4番27号", "url": "https://www.kaigokensaku.mhlw.go.jp/27/index.php?action_kouhyou_detail_004_kani=true&JigyosyoCd=2772303315-00&ServiceCd=510&Type=search", "url2": "http://helenkeller.jp/" }, "geometry": { "type": "Point", "coordinates": [ 135.516240599999946, 34.6280342 ] } },
{ "type": "Feature", "properties": { "内容": "特別養護老人ホーム　いくとく【介護老人福祉施設】大阪府大阪市阿倍野区天王寺町北3-18-16", "url": "https://www.kaigokensaku.mhlw.go.jp/27/index.php?action_kouhyou_detail_004_kani=true&JigyosyoCd=2772300253-00&ServiceCd=510&Type=search", "url2": "https://ikutokuen.or.jp" }, "geometry": { "type": "Point", "coordinates": [ 135.5264783, 34.6429381 ] } },
{ "type": "Feature", "properties": { "内容": "ふれ愛丸山荘【介護老人福祉施設】大阪市阿倍野区丸山通１丁目2番8号", "url": "https://www.kaigokensaku.mhlw.go.jp/27/index.php?action_kouhyou_detail_004_kani=true&JigyosyoCd=2772300345-00&ServiceCd=510&Type=search", "url2": "http://www.freai-m.jp/" }, "geometry": { "type": "Point", "coordinates": [ 135.508021800000051, 34.63778580000001 ] } },
{ "type": "Feature", "properties": { "内容": "特別養護老人ホーム阪和苑【介護老人福祉施設】大阪市阿倍野区松崎町２丁目３番１０号", "url": "https://www.kaigokensaku.mhlw.go.jp/27/index.php?action_kouhyou_detail_004_kani=true&JigyosyoCd=2772300527-00&ServiceCd=510&Type=search", "url2": "http://tezukayama.or.jp/hanwaen/index.html" }, "geometry": { "type": "Point", "coordinates": [ 135.515198700000042, 34.6442267 ] } },
{ "type": "Feature", "properties": { "内容": "特別養護老人ホーム　なごみ【介護老人福祉施設】大阪府大阪市住吉区帝塚山東５丁目１０番１５号", "url": "https://www.kaigokensaku.mhlw.go.jp/27/index.php?action_kouhyou_detail_004_kani=true&JigyosyoCd=2772001398-00&ServiceCd=510&Type=search", "url2": "http://www.lifesupport.or.jp/index.html" }, "geometry": { "type": "Point", "coordinates": [ 135.498612099999946, 34.61275 ] } },
{ "type": "Feature", "properties": { "内容": "特別養護老人ホーム　ウェルネスあびこ【介護老人福祉施設】大阪市住吉区我孫子西1-2-15", "url": "https://www.kaigokensaku.mhlw.go.jp/27/index.php?action_kouhyou_detail_004_kani=true&JigyosyoCd=2772000465-00&ServiceCd=510&Type=search", "url2": "http://teru.or.jp/wellness-abiko" }, "geometry": { "type": "Point", "coordinates": [ 135.508405499999981, 34.604737 ] } },
{ "type": "Feature", "properties": { "内容": "特別養護老人ホームさんらく苑【介護老人福祉施設】大阪府大阪市住吉区苅田5丁目16番10号", "url": "https://www.kaigokensaku.mhlw.go.jp/27/index.php?action_kouhyou_detail_004_kani=true&JigyosyoCd=2772000705-00&ServiceCd=510&Type=search", "url2": "https://sanrakucare.or.jp/" }, "geometry": { "type": "Point", "coordinates": [ 135.514135500000066, 34.600731899999978 ] } },
{ "type": "Feature", "properties": { "内容": "帝塚山特別養護老人ホーム【介護老人福祉施設】大阪府大阪市住吉区帝塚山東2丁目1番35号", "url": "https://www.kaigokensaku.mhlw.go.jp/27/index.php?action_kouhyou_detail_004_kani=true&JigyosyoCd=2772000457-00&ServiceCd=510&Type=search", "url2": "http://www.tezukayama.or.jp/reifu/index.html" }, "geometry": { "type": "Point", "coordinates": [ 135.502089299999966, 34.6202574 ] } },
{ "type": "Feature", "properties": { "内容": "特別養護老人ホーム　阪和帝塚山苑【介護老人福祉施設】大阪府大阪市住吉区帝塚山東２－１－41", "url": "https://www.kaigokensaku.mhlw.go.jp/27/index.php?action_kouhyou_detail_004_kani=true&JigyosyoCd=2772003444-00&ServiceCd=510&Type=search", "url2": "http://tezukayama.or.jp/" }, "geometry": { "type": "Point", "coordinates": [ 135.502614200000039, 34.620854500000014 ] } },
{ "type": "Feature", "properties": { "内容": "特別養護老人ホームゆうけい創和【介護老人福祉施設】大阪府大阪市住吉区遠里小野２丁目７番２０号", "url": "https://www.kaigokensaku.mhlw.go.jp/27/index.php?action_kouhyou_detail_004_kani=true&JigyosyoCd=2772002024-00&ServiceCd=510&Type=search", "url2": "http://www.yukeikai-web.com/links/" }, "geometry": { "type": "Point", "coordinates": [ 135.4974681, 34.5966379 ] } },
{ "type": "Feature", "properties": { "内容": "特別養護老人ホームあじさい苑大阪住吉【介護老人福祉施設】大阪府大阪市住吉区住吉一丁目９番１８号", "url": "https://www.kaigokensaku.mhlw.go.jp/27/index.php?action_kouhyou_detail_004_kani=true&JigyosyoCd=2772005241-00&ServiceCd=510&Type=search", "url2": "https://koshokai-swc.oe.jo" }, "geometry": { "type": "Point", "coordinates": [ 135.496204177909817, 34.612245135053179 ] } },
{ "type": "Feature", "properties": { "内容": "特別養護老人ホーム　アップリケア・ホーム【介護老人福祉施設】大阪市住吉区浅香1丁目8番38号", "url": "https://www.kaigokensaku.mhlw.go.jp/27/index.php?action_kouhyou_detail_004_kani=true&JigyosyoCd=2772000242-00&ServiceCd=510&Type=search", "url2": "http://www.apricare.com/" }, "geometry": { "type": "Point", "coordinates": [ 135.5108639, 34.5919412 ] } },
{ "type": "Feature", "properties": { "内容": "特別養護老人ホームヴァンサンクボヌール【介護老人福祉施設】大阪府大阪市東住吉区公園南矢田3-21-4", "url": "https://www.kaigokensaku.mhlw.go.jp/27/index.php?action_kouhyou_detail_004_kani=true&JigyosyoCd=2770805303-00&ServiceCd=510&Type=search", "url2": "https://kaseikai.org/" }, "geometry": { "type": "Point", "coordinates": [ 135.526950069311511, 34.600908974449631 ] } },
{ "type": "Feature", "properties": { "内容": "特別養護老人ホ－ム　せんぽ東住吉【介護老人福祉施設】大阪府大阪市東住吉区住道矢田4丁目7番2号", "url": "https://www.kaigokensaku.mhlw.go.jp/27/index.php?action_kouhyou_detail_004_kani=true&JigyosyoCd=2770806376-00&ServiceCd=510&Type=search", "url2": "http://www.senpokai.org" }, "geometry": { "type": "Point", "coordinates": [ 135.5405269, 34.6032252 ] } },
{ "type": "Feature", "properties": { "内容": "特別養護老人ホームしらさぎ苑【介護老人福祉施設】大阪府大阪市東住吉区今川六丁目6番6号", "url": "https://www.kaigokensaku.mhlw.go.jp/27/index.php?action_kouhyou_detail_004_kani=true&JigyosyoCd=2770807267-00&ServiceCd=510&Type=search", "url2": "https://harukazefukushikai.com/" }, "geometry": { "type": "Point", "coordinates": [ 135.54283973795927, 34.628146896308991 ] } },
{ "type": "Feature", "properties": { "内容": "特別養護老人ホームくれない【介護老人福祉施設】大阪府大阪市東住吉区今川7-9-7", "url": "https://www.kaigokensaku.mhlw.go.jp/27/index.php?action_kouhyou_detail_004_kani=true&JigyosyoCd=2770800247-00&ServiceCd=510&Type=search", "url2": "http://www.9071.jp/" }, "geometry": { "type": "Point", "coordinates": [ 135.53812, 34.6251827 ] } },
{ "type": "Feature", "properties": { "内容": "特別養護老人ホームヴァンサンク東住吉【介護老人福祉施設】大阪市東住吉区湯里5丁目13番5号", "url": "https://www.kaigokensaku.mhlw.go.jp/27/index.php?action_kouhyou_detail_004_kani=true&JigyosyoCd=2770803068-00&ServiceCd=510&Type=search", "url2": "https://kaseikai.org" }, "geometry": { "type": "Point", "coordinates": [ 135.537133400000016, 34.611428 ] } },
{ "type": "Feature", "properties": { "内容": "特別養護老人ホーム　あっとほうむ【介護老人福祉施設】大阪府大阪市東住吉区杭全１丁目４番２０号", "url": "https://www.kaigokensaku.mhlw.go.jp/27/index.php?action_kouhyou_detail_004_kani=true&JigyosyoCd=2770800395-00&ServiceCd=510&Type=search", "url2": "http://www.keiyo.org/index.html" }, "geometry": { "type": "Point", "coordinates": [ 135.535891399999969, 34.640547 ] } },
{ "type": "Feature", "properties": { "内容": "特別養護老人ホーム　ゆめあまみ【介護老人福祉施設】大阪市東住吉区矢田7-6-10", "url": "https://www.kaigokensaku.mhlw.go.jp/27/index.php?action_kouhyou_detail_004_kani=true&JigyosyoCd=2770800973-00&ServiceCd=510&Type=search", "url2": "http://www.smile-yume.com" }, "geometry": { "type": "Point", "coordinates": [ 135.530028600000037, 34.5955298 ] } },
{ "type": "Feature", "properties": { "内容": "特別養護老人ホーム　くつろぎ【介護老人福祉施設】大阪府大阪市東住吉区公園南矢田1-4-17", "url": "https://www.kaigokensaku.mhlw.go.jp/27/index.php?action_kouhyou_detail_004_kani=true&JigyosyoCd=2770802771-00&ServiceCd=510&Type=search", "url2": "http://kuturogi-r.lovepop.jp/" }, "geometry": { "type": "Point", "coordinates": [ 135.523459399999979, 34.6070645 ] } },
{ "type": "Feature", "properties": { "内容": "特別養護老人ホーム　城南ホーム【介護老人福祉施設】大阪市東住吉区住道矢田４－２０－１７", "url": "https://www.kaigokensaku.mhlw.go.jp/27/index.php?action_kouhyou_detail_004_kani=true&JigyosyoCd=2770800601-00&ServiceCd=510&Type=search", "url2": "http://www.jonanhome.jp" }, "geometry": { "type": "Point", "coordinates": [ 135.539855699999947, 34.6000182 ] } },
{ "type": "Feature", "properties": { "内容": "特別養護老人ホーム　花嵐【介護老人福祉施設】大阪市東住吉区矢田6丁目８番７号", "url": "https://www.kaigokensaku.mhlw.go.jp/27/index.php?action_kouhyou_detail_004_kani=true&JigyosyoCd=2770800213-00&ServiceCd=510&Type=search", "url2": "http://www.karan.or.jp/" }, "geometry": { "type": "Point", "coordinates": [ 135.5322033, 34.6022679 ] } },
{ "type": "Feature", "properties": { "内容": "特別養護老人ホームローズ【介護老人福祉施設】大阪府大阪市西成区天下茶屋北２丁目４番７号", "url": "https://www.kaigokensaku.mhlw.go.jp/27/index.php?action_kouhyou_detail_004_kani=true&JigyosyoCd=2773304312-00&ServiceCd=510&Type=search", "url2": "http://www.hajime-kai.com/" }, "geometry": { "type": "Point", "coordinates": [ 135.501291700000024, 34.642888 ] } },
{ "type": "Feature", "properties": { "内容": "特別養護老人ホームかがやき【介護老人福祉施設】大阪府大阪市西成区聖天下二丁目８番５号", "url": "https://www.kaigokensaku.mhlw.go.jp/27/index.php?action_kouhyou_detail_004_kani=true&JigyosyoCd=2773306879-00&ServiceCd=510&Type=search", "url2": "http://www.soyokai.or.jp" }, "geometry": { "type": "Point", "coordinates": [ 135.50163079999993, 34.6351389 ] } },
{ "type": "Feature", "properties": { "内容": "特別養護老人ホーム　白寿苑【介護老人福祉施設】大阪府大阪市西成区南津守７丁目１２番３２号", "url": "https://www.kaigokensaku.mhlw.go.jp/27/index.php?action_kouhyou_detail_004_kani=true&JigyosyoCd=2773300153-00&ServiceCd=510&Type=search", "url2": "http://www.hakujuen.or.jp" }, "geometry": { "type": "Point", "coordinates": [ 135.48360219999995, 34.624265100000024 ] } },
{ "type": "Feature", "properties": { "内容": "社会福祉法人　枚方療育園　特別養護老人ホーム　山愛【介護老人福祉施設】大阪府大阪市西成区南津守1丁目4番7号", "url": "https://www.kaigokensaku.mhlw.go.jp/27/index.php?action_kouhyou_detail_004_kani=true&JigyosyoCd=2773300229-00&ServiceCd=510&Type=search", "url2": "http://www.bienetre-k.jp/" }, "geometry": { "type": "Point", "coordinates": [ 135.484573899999987, 34.6358498 ] } },
{ "type": "Feature", "properties": { "内容": "特別養護老人ホームにちげつの光【介護老人福祉施設】大阪市西成区萩之茶屋１－２－５", "url": "https://www.kaigokensaku.mhlw.go.jp/27/index.php?action_kouhyou_detail_004_kani=true&JigyosyoCd=2773307075-00&ServiceCd=510&Type=search", "url2": "https://s-koutokukai.or.jp/" }, "geometry": { "type": "Point", "coordinates": [ 135.5024108, 34.6495428 ] } },
{ "type": "Feature", "properties": { "内容": "まちかどホーム　すずらん【介護老人福祉施設】大阪市西成区出城2丁目４番10号", "url": "https://www.kaigokensaku.mhlw.go.jp/27/index.php?action_kouhyou_detail_004_kani=true&JigyosyoCd=2773300245-00&ServiceCd=510&Type=search", "url2": "http://www.humannet.or.jp" }, "geometry": { "type": "Point", "coordinates": [ 135.490961800000036, 34.650526 ] } },
{ "type": "Feature", "properties": { "内容": "特別養護老人ホーム　ライフカーサ【介護老人福祉施設】大阪府大阪市西成区松３－１２－３５特別養護老人ホーム　ライフカーサ", "url": "https://www.kaigokensaku.mhlw.go.jp/27/index.php?action_kouhyou_detail_004_kani=true&JigyosyoCd=2773306929-00&ServiceCd=510&Type=search", "url2": "http://hoshino-kai.com/" }, "geometry": { "type": "Point", "coordinates": [ 135.486133525251944, 34.641748249998415 ] } },
{ "type": "Feature", "properties": { "内容": "特別養護老人ホーム加寿苑【介護老人福祉施設】大阪市淀川区加島1丁目34番8号", "url": "https://www.kaigokensaku.mhlw.go.jp/27/index.php?action_kouhyou_detail_004_kani=true&JigyosyoCd=2779100441-00&ServiceCd=510&Type=search", "url2": "http://www1.odn.ne.jp/~aap70820" }, "geometry": { "type": "Point", "coordinates": [ 135.458927, 34.7251606 ] } },
{ "type": "Feature", "properties": { "内容": "特別養護老人ホーム博愛の園【介護老人福祉施設】大阪府大阪市淀川区十三元今里３丁目１－88", "url": "https://www.kaigokensaku.mhlw.go.jp/27/index.php?action_kouhyou_detail_004_kani=true&JigyosyoCd=2779100235-00&ServiceCd=510&Type=search", "url2": "http://www.hakuaisha-welfare.net" }, "geometry": { "type": "Point", "coordinates": [ 135.476219899999933, 34.7228808 ] } },
{ "type": "Feature", "properties": { "内容": "特別養護老人ホーム寿里苑ラピス【介護老人福祉施設】大阪市淀川区木川東2-19-15", "url": "https://www.kaigokensaku.mhlw.go.jp/27/index.php?action_kouhyou_detail_004_kani=true&JigyosyoCd=2779104013-00&ServiceCd=510&Type=search", "url2": "https://www.julien.or.jp/lapis/" }, "geometry": { "type": "Point", "coordinates": [ 135.490388100000018, 34.7243172 ] } },
{ "type": "Feature", "properties": { "内容": "特別養護老人ホーム　平成新高苑【介護老人福祉施設】大阪府大阪市淀川区新高4-15-25", "url": "https://www.kaigokensaku.mhlw.go.jp/27/index.php?action_kouhyou_detail_004_kani=true&JigyosyoCd=2779100946-00&ServiceCd=510&Type=search", "url2": "http://www.heiseifukushikai.com" }, "geometry": { "type": "Point", "coordinates": [ 135.4791169, 34.7354238 ] } },
{ "type": "Feature", "properties": { "内容": "特別養護老人ホーム　淀川暖気の苑【介護老人福祉施設】大阪府大阪市淀川区木川西4-5-40淀川暖気の苑", "url": "https://www.kaigokensaku.mhlw.go.jp/27/index.php?action_kouhyou_detail_004_kani=true&JigyosyoCd=2779100383-00&ServiceCd=510&Type=search", "url2": "http://danke.tokuyou.jp/" }, "geometry": { "type": "Point", "coordinates": [ 135.486971700000026, 34.7277167 ] } },
{ "type": "Feature", "properties": { "内容": "特別養護老人ホーム愛孝野中苑【介護老人福祉施設】大阪府大阪市淀川区野中南２丁目８番２７号", "url": "https://www.kaigokensaku.mhlw.go.jp/27/index.php?action_kouhyou_detail_004_kani=true&JigyosyoCd=2779104765-00&ServiceCd=510&Type=search", "url2": "http://aikoufukushikai.com" }, "geometry": { "type": "Point", "coordinates": [ 135.48189210000001, 34.7255832 ] } },
{ "type": "Feature", "properties": { "内容": "特別養護老人ホ－ムコティコ－ト北大阪【介護老人福祉施設】大阪府大阪市淀川区田川北3-4-3", "url": "https://www.kaigokensaku.mhlw.go.jp/27/index.php?action_kouhyou_detail_004_kani=true&JigyosyoCd=2779104252-00&ServiceCd=510&Type=search", "url2": "https://www.ikufuku.or.jp/" }, "geometry": { "type": "Point", "coordinates": [ 135.468420599999945, 34.7222529 ] } },
{ "type": "Feature", "properties": { "内容": "特別養護老人ホーム　ファミリー【介護老人福祉施設】大阪市鶴見区安田2丁目１番２７号", "url": "https://www.kaigokensaku.mhlw.go.jp/27/index.php?action_kouhyou_detail_004_kani=true&JigyosyoCd=2779200258-00&ServiceCd=510&Type=search", "url2": "http://www2.family.ed.jp/~family/" }, "geometry": { "type": "Point", "coordinates": [ 135.59125210000002, 34.7026745 ] } },
{ "type": "Feature", "properties": { "内容": "特別養護老人ホームらんまん鶴見【介護老人福祉施設】大阪府大阪市鶴見区鶴見5丁目2番10号", "url": "https://www.kaigokensaku.mhlw.go.jp/27/index.php?action_kouhyou_detail_004_kani=true&JigyosyoCd=2779202106-00&ServiceCd=510&Type=search", "url2": "http://www.man-ten.org/" }, "geometry": { "type": "Point", "coordinates": [ 135.561235300000021, 34.707864800000017 ] } },
{ "type": "Feature", "properties": { "内容": "特別養護老人ホーム　グリーンランドみずき【介護老人福祉施設】大阪府大阪市鶴見区緑３丁目１６番２７号", "url": "https://www.kaigokensaku.mhlw.go.jp/27/index.php?action_kouhyou_detail_004_kani=true&JigyosyoCd=2779202064-00&ServiceCd=510&Type=search", "url2": "http://mizuki-osaka.jp" }, "geometry": { "type": "Point", "coordinates": [ 135.566340299999979, 34.7128672 ] } },
{ "type": "Feature", "properties": { "内容": "浜特別養護老人ホーム【介護老人福祉施設】大阪府大阪市鶴見区浜５丁目６番１４号", "url": "https://www.kaigokensaku.mhlw.go.jp/27/index.php?action_kouhyou_detail_004_kani=true&JigyosyoCd=2779200860-00&ServiceCd=510&Type=search", "url2": "http://www.waetsukai.jp/" }, "geometry": { "type": "Point", "coordinates": [ 135.5816221, 34.7163588 ] } },
{ "type": "Feature", "properties": { "内容": "特別養護老人ホーム　ウェルシーライフ【介護老人福祉施設】大阪府大阪市鶴見区諸口1丁目１４－４３", "url": "https://www.kaigokensaku.mhlw.go.jp/27/index.php?action_kouhyou_detail_004_kani=true&JigyosyoCd=2779200399-00&ServiceCd=510&Type=search", "url2": "https://houjyu-w.sakura.ne.jp/" }, "geometry": { "type": "Point", "coordinates": [ 135.577820100000054, 34.701091 ] } },
{ "type": "Feature", "properties": { "内容": "特別養護老人ホーム　リベルタヴィータ【介護老人福祉施設】大阪市鶴見区今津南3丁目5番5号", "url": "https://www.kaigokensaku.mhlw.go.jp/27/index.php?action_kouhyou_detail_004_kani=true&JigyosyoCd=2779200324-00&ServiceCd=510&Type=search", "url2": "http://www.liberta-vita.jp/" }, "geometry": { "type": "Point", "coordinates": [ 135.5738371, 34.6887424 ] } },
{ "type": "Feature", "properties": { "内容": "特別養護老人ホームくつろぎ・つるみ荘【介護老人福祉施設】大阪府大阪市鶴見区中茶屋１丁目１番１０号特別養護老人ホームくつろぎ・つるみ荘", "url": "https://www.kaigokensaku.mhlw.go.jp/27/index.php?action_kouhyou_detail_004_kani=true&JigyosyoCd=2779202197-00&ServiceCd=510&Type=search", "url2": "http://www.elfkaigo.co.jp/tsurumi/" }, "geometry": { "type": "Point", "coordinates": [ 135.584046921951312, 34.699610727648562 ] } },
{ "type": "Feature", "properties": { "内容": "介護老人福祉施設　グルメ杵屋社会貢献の家【介護老人福祉施設】大阪府大阪市住之江区浜口東2-5-14", "url": "https://www.kaigokensaku.mhlw.go.jp/27/index.php?action_kouhyou_detail_004_kani=true&JigyosyoCd=2775900323-00&ServiceCd=510&Type=search", "url2": "http://www.gksc.jp/" }, "geometry": { "type": "Point", "coordinates": [ 135.487037471758327, 34.610945441824619 ] } },
{ "type": "Feature", "properties": { "内容": "南港咲洲特別養護老人ホーム【介護老人福祉施設】大阪市住之江区南港中２－１－３５", "url": "https://www.kaigokensaku.mhlw.go.jp/27/index.php?action_kouhyou_detail_004_kani=true&JigyosyoCd=2775900612-00&ServiceCd=510&Type=search", "url2": "http://www.itokukai.com" }, "geometry": { "type": "Point", "coordinates": [ 135.430348500000036, 34.6293101 ] } },
{ "type": "Feature", "properties": { "内容": "特別養護老人ホーム加賀屋の森【介護老人福祉施設】大阪府大阪市住之江区北加賀屋5丁目4番23号", "url": "https://www.kaigokensaku.mhlw.go.jp/27/index.php?action_kouhyou_detail_004_kani=true&JigyosyoCd=2775902303-00&ServiceCd=510&Type=search", "url2": "https://kenseikaigroup.or.jp/" }, "geometry": { "type": "Point", "coordinates": [ 135.474582, 34.6222928 ] } },
{ "type": "Feature", "properties": { "内容": "特別養護老人ホーム　浜木綿苑【介護老人福祉施設】大阪府大阪市住之江区南港北１丁目４番地１号", "url": "https://www.kaigokensaku.mhlw.go.jp/27/index.php?action_kouhyou_detail_004_kani=true&JigyosyoCd=2775902485-00&ServiceCd=510&Type=search", "url2": "http://www.tezukayama.or.jp/hamayuen/index.html" }, "geometry": { "type": "Point", "coordinates": [ 135.425148700000022, 34.6384033 ] } },
{ "type": "Feature", "properties": { "内容": "特別養護老人ホーム　いわき園【介護老人福祉施設】大阪府大阪市住之江区南加賀屋三丁目９番２号", "url": "https://www.kaigokensaku.mhlw.go.jp/27/index.php?action_kouhyou_detail_004_kani=true&JigyosyoCd=2775900315-00&ServiceCd=510&Type=search", "url2": "http://www.iwakigakuen.or.jp/iwakien/" }, "geometry": { "type": "Point", "coordinates": [ 135.474200800000062, 34.605297476832561 ] } },
{ "type": "Feature", "properties": { "内容": "特別養護老人ホーム　健祥会エンリケ【介護老人福祉施設】大阪府大阪市住之江区南港北二丁目7番48号", "url": "https://www.kaigokensaku.mhlw.go.jp/27/index.php?action_kouhyou_detail_004_kani=true&JigyosyoCd=2775902204-00&ServiceCd=510&Type=search", "url2": "http://www.kenshokai.group" }, "geometry": { "type": "Point", "coordinates": [ 135.408289100000047, 34.640063300000023 ] } },
{ "type": "Feature", "properties": { "内容": "特別養護老人ホームやぐるま苑【介護老人福祉施設】大阪府大阪市瓜破南2丁目4番10号", "url": "https://www.kaigokensaku.mhlw.go.jp/27/index.php?action_kouhyou_detail_004_kani=true&JigyosyoCd=2775806330-00&ServiceCd=510&Type=search", "url2": "https://harukazefukushikai.com/" }, "geometry": { "type": "Point", "coordinates": [ 135.555049599999961, 34.5970122 ] } },
{ "type": "Feature", "properties": { "内容": "特別養護老人ホーム　愛和【介護老人福祉施設】大阪市平野区長吉六反２－１－６", "url": "https://www.kaigokensaku.mhlw.go.jp/27/index.php?action_kouhyou_detail_004_kani=true&JigyosyoCd=2775800366-00&ServiceCd=510&Type=search", "url2": "http://www.a-kaigo.gr.jp/contents/map_page/tokuyou_index/t4aiwa/t4aiwa.htm" }, "geometry": { "type": "Point", "coordinates": [ 135.578535800000026, 34.6085707 ] } },
{ "type": "Feature", "properties": { "内容": "特別養護老人ホーム　喜連【介護老人福祉施設】大阪市平野区喜連２丁目２番４０号", "url": "https://www.kaigokensaku.mhlw.go.jp/27/index.php?action_kouhyou_detail_004_kani=true&JigyosyoCd=2775800390-00&ServiceCd=510&Type=search", "url2": "http://www.eijyu.or.jp/" }, "geometry": { "type": "Point", "coordinates": [ 135.55121859999997, 34.612128 ] } },
{ "type": "Feature", "properties": { "内容": "特別養護老人ホーム　万寿苑【介護老人福祉施設】大阪市平野区加美東4丁目18番23号", "url": "https://www.kaigokensaku.mhlw.go.jp/27/index.php?action_kouhyou_detail_004_kani=true&JigyosyoCd=2775803980-00&ServiceCd=510&Type=search", "url2": "http://kyowahukushi.xsrv.jp/" }, "geometry": { "type": "Point", "coordinates": [ 135.568183299999987, 34.6288711 ] } },
{ "type": "Feature", "properties": { "内容": "特別養護老人ホーム　プラーナ【介護老人福祉施設】大阪府大阪市平野区長吉川辺2-1-32", "url": "https://www.kaigokensaku.mhlw.go.jp/27/index.php?action_kouhyou_detail_004_kani=true&JigyosyoCd=2775807296-00&ServiceCd=510&Type=search", "url2": "https://koyu-fukushikai.jp/" }, "geometry": { "type": "Point", "coordinates": [ 135.572296358999637, 34.597640495881443 ] } },
{ "type": "Feature", "properties": { "内容": "特別養護老人ホーム四天王寺紅生園【介護老人福祉施設】大阪府大阪市平野区喜連東五丁目13番30号", "url": "https://www.kaigokensaku.mhlw.go.jp/27/index.php?action_kouhyou_detail_004_kani=true&JigyosyoCd=2775805712-00&ServiceCd=510&Type=search", "url2": "http://www.shitennoji-fukushi.jp" }, "geometry": { "type": "Point", "coordinates": [ 135.56504110000003, 34.6094904 ] } },
{ "type": "Feature", "properties": { "内容": "特別養護老人ホーム　こうのとり【介護老人福祉施設】大阪府大阪市平野区長吉川辺三丁目２番３号", "url": "https://www.kaigokensaku.mhlw.go.jp/27/index.php?action_kouhyou_detail_004_kani=true&JigyosyoCd=2775804731-00&ServiceCd=510&Type=search", "url2": "http://yuushinkai.or.jp/" }, "geometry": { "type": "Point", "coordinates": [ 135.576055699999984, 34.5991966 ] } },
{ "type": "Feature", "properties": { "内容": "加美北特別養護老人ホーム【介護老人福祉施設】大阪府大阪市平野区加美北7丁目1番2号加美北特別養護老人ホーム", "url": "https://www.kaigokensaku.mhlw.go.jp/27/index.php?action_kouhyou_detail_004_kani=true&JigyosyoCd=2775800762-00&ServiceCd=510&Type=search", "url2": "http://www.waetsukai.jp" }, "geometry": { "type": "Point", "coordinates": [ 135.557706199999984, 34.6361954 ] } },
{ "type": "Feature", "properties": { "内容": "特別養護老人ホームせんぽ瓜破東【介護老人福祉施設】大阪府大阪市平野区瓜破東8丁目8番6号", "url": "https://www.kaigokensaku.mhlw.go.jp/27/index.php?action_kouhyou_detail_004_kani=true&JigyosyoCd=2775807171-00&ServiceCd=510&Type=search", "url2": "http://senpokai.org/" }, "geometry": { "type": "Point", "coordinates": [ 135.561115400000062, 34.5990268 ] } },
{ "type": "Feature", "properties": { "内容": "特別養護老人ホームオアシス寿安【介護老人福祉施設】大阪府大阪市平野区長吉六反一丁目5番7号", "url": "https://www.kaigokensaku.mhlw.go.jp/27/index.php?action_kouhyou_detail_004_kani=true&JigyosyoCd=2775807353-00&ServiceCd=510&Type=search", "url2": "https://oasisgroup.or.jp/" }, "geometry": { "type": "Point", "coordinates": [ 135.57962729999997, 34.6108482 ] } },
{ "type": "Feature", "properties": { "内容": "特別養護老人ホーム　桜苑【介護老人福祉施設】大阪府大阪市平野区平野東3-7-16", "url": "https://www.kaigokensaku.mhlw.go.jp/27/index.php?action_kouhyou_detail_004_kani=true&JigyosyoCd=2775806975-00&ServiceCd=510&Type=search", "url2": null }, "geometry": { "type": "Point", "coordinates": [ 135.5599482, 34.6208786 ] } },
{ "type": "Feature", "properties": { "内容": "特別養護老人ホーム長吉【介護老人福祉施設】大阪市平野区長吉川辺３－２０－１４", "url": "https://www.kaigokensaku.mhlw.go.jp/27/index.php?action_kouhyou_detail_004_kani=true&JigyosyoCd=2775800432-00&ServiceCd=510&Type=search", "url2": "http://www.eijyu.or.jp/" }, "geometry": { "type": "Point", "coordinates": [ 135.578464, 34.5939305 ] } },
{ "type": "Feature", "properties": { "内容": "永寿特別養護老人ホーム【介護老人福祉施設】大阪市平野区瓜破南１－２－１１", "url": "https://www.kaigokensaku.mhlw.go.jp/27/index.php?action_kouhyou_detail_004_kani=true&JigyosyoCd=2775800705-00&ServiceCd=510&Type=search", "url2": "https://eijyu.or.jp/index.html" }, "geometry": { "type": "Point", "coordinates": [ 135.545383300000026, 34.595902 ] } },
{ "type": "Feature", "properties": { "内容": "中津特別養護老人ホーム喜久寿苑【介護老人福祉施設】大阪府大阪市北区大淀南2丁目2番51号", "url": "https://www.kaigokensaku.mhlw.go.jp/27/index.php?action_kouhyou_detail_004_kani=true&JigyosyoCd=2774103945-00&ServiceCd=510&Type=search", "url2": "https://www.nakatsu.saiseikai.or.jp/kikujuen/" }, "geometry": { "type": "Point", "coordinates": [ 135.486877922090116, 34.702188669801004 ] } },
{ "type": "Feature", "properties": { "内容": "特別養護老人ホーム　藤ミレニアム【介護老人福祉施設】大阪府大阪市北区本庄西2-6-15藤ミレニアム", "url": "https://www.kaigokensaku.mhlw.go.jp/27/index.php?action_kouhyou_detail_004_kani=true&JigyosyoCd=2774100388-00&ServiceCd=510&Type=search", "url2": "http://www.fuji-m.net/" }, "geometry": { "type": "Point", "coordinates": [ 135.5063811, 34.7139356 ] } },
{ "type": "Feature", "properties": { "内容": "特別養護老人ホーム　北野よろこび苑【介護老人福祉施設】大阪府大阪市北区神山町１５－１２", "url": "https://www.kaigokensaku.mhlw.go.jp/27/index.php?action_kouhyou_detail_004_kani=true&JigyosyoCd=2774100495-00&ServiceCd=510&Type=search", "url2": "http://yorokobien.com/" }, "geometry": { "type": "Point", "coordinates": [ 135.505011800000034, 34.7042172 ] } },
{ "type": "Feature", "properties": { "内容": "特別養護老人ホーム鶴満寺聚楽院【介護老人福祉施設】大阪府大阪市北区長柄東1-3-12", "url": "https://www.kaigokensaku.mhlw.go.jp/27/index.php?action_kouhyou_detail_004_kani=true&JigyosyoCd=2774100206-00&ServiceCd=510&Type=search", "url2": "http://www.kinder.ne.jp/~kakumanji-jikouen/" }, "geometry": { "type": "Point", "coordinates": [ 135.516191299999946, 34.7109584 ] } },
{ "type": "Feature", "properties": { "内容": "特別養護老人ホーム　平成曽根崎苑【介護老人福祉施設】大阪府大阪市北区曽根崎1-1-20", "url": "https://www.kaigokensaku.mhlw.go.jp/27/index.php?action_kouhyou_detail_004_kani=true&JigyosyoCd=2774103283-00&ServiceCd=510&Type=search", "url2": "http://www.heiseifukushikai.com" }, "geometry": { "type": "Point", "coordinates": [ 135.50383480000005, 34.6985878 ] } },
{ "type": "Feature", "properties": { "内容": "特別養護老人ホーム　淳風おおさか【介護老人福祉施設】大阪府大阪市北区大淀南二丁目５番２０号", "url": "https://www.kaigokensaku.mhlw.go.jp/27/index.php?action_kouhyou_detail_004_kani=true&JigyosyoCd=2774101337-00&ServiceCd=510&Type=search", "url2": "http://junpu-kai.or.jp" }, "geometry": { "type": "Point", "coordinates": [ 135.485386499999976, 34.7008006 ] } },
{ "type": "Feature", "properties": { "内容": "特別養護老人ホーム　さくら【介護老人福祉施設】大阪市中央区農人橋一丁目４番２０号", "url": "https://www.kaigokensaku.mhlw.go.jp/27/index.php?action_kouhyou_detail_004_kani=true&JigyosyoCd=2779400213-00&ServiceCd=510&Type=search", "url2": "http://www.kensyokai.jp" }, "geometry": { "type": "Point", "coordinates": [ 135.514683800000057, 34.6807254 ] } },
{ "type": "Feature", "properties": { "内容": "特別養護老人ホーム大仙もずの音【介護老人福祉施設】大阪府堺市堺区大仙町1-2", "url": "https://www.kaigokensaku.mhlw.go.jp/27/index.php?action_kouhyou_detail_004_kani=true&JigyosyoCd=2776001758-00&ServiceCd=510&Type=search", "url2": "http://www.misasagikai.or.jp/" }, "geometry": { "type": "Point", "coordinates": [ 135.481997923803618, 34.565699936069329 ] } },
{ "type": "Feature", "properties": { "内容": "特別養護老人ホーム　グレース堺【介護老人福祉施設】大阪府堺市堺区京町通1-21", "url": "https://www.kaigokensaku.mhlw.go.jp/27/index.php?action_kouhyou_detail_004_kani=true&JigyosyoCd=2770102826-00&ServiceCd=510&Type=search", "url2": "http://gracesakai.or.jp/" }, "geometry": { "type": "Point", "coordinates": [ 135.472040500000048, 34.5680844 ] } },
{ "type": "Feature", "properties": { "内容": "特別養護老人ホーム愛らいふ【介護老人福祉施設】大阪府堺市堺区協和町３丁１２８－１１", "url": "https://www.kaigokensaku.mhlw.go.jp/27/index.php?action_kouhyou_detail_004_kani=true&JigyosyoCd=2770101547-00&ServiceCd=510&Type=search", "url2": "http://www.ailife.or.jp/" }, "geometry": { "type": "Point", "coordinates": [ 135.470557300000024, 34.5640098 ] } },
{ "type": "Feature", "properties": { "内容": "特別養護老人ホーム　ハートピア堺【介護老人福祉施設】堺市堺区海山町３－１５０－１", "url": "https://www.kaigokensaku.mhlw.go.jp/27/index.php?action_kouhyou_detail_004_kani=true&JigyosyoCd=2770101109-00&ServiceCd=510&Type=search", "url2": "http://www.heartpia-sakai.or.jp/" }, "geometry": { "type": "Point", "coordinates": [ 135.472979, 34.5897185 ] } },
{ "type": "Feature", "properties": { "内容": "特別養護老人ホームアル・ソーレ【介護老人福祉施設】堺市堺区甲斐町西２丁１－１５", "url": "https://www.kaigokensaku.mhlw.go.jp/27/index.php?action_kouhyou_detail_004_kani=true&JigyosyoCd=2770104814-00&ServiceCd=510&Type=search", "url2": "http://www.alsole.or.jp/" }, "geometry": { "type": "Point", "coordinates": [ 135.472220900000025, 34.5784723 ] } },
{ "type": "Feature", "properties": { "内容": "特別養護老人ホームベルライブ【介護老人福祉施設】大阪府堺市堺区南安井町３丁１番１号", "url": "https://www.kaigokensaku.mhlw.go.jp/27/index.php?action_kouhyou_detail_004_kani=true&JigyosyoCd=2770106199-00&ServiceCd=510&Type=search", "url2": "http://www.yujinkai.com" }, "geometry": { "type": "Point", "coordinates": [ 135.476720699999987, 34.5704037 ] } },
{ "type": "Feature", "properties": { "内容": "特別養護老人ホームかーさ・びあんか【介護老人福祉施設】堺市堺区今池町４丁４番８号", "url": "https://www.kaigokensaku.mhlw.go.jp/27/index.php?action_kouhyou_detail_004_kani=true&JigyosyoCd=2770102677-00&ServiceCd=510&Type=search", "url2": "http://www.asakayama-kinenkai.or.jp" }, "geometry": { "type": "Point", "coordinates": [ 135.492349699999977, 34.5846945 ] } },
{ "type": "Feature", "properties": { "内容": "松屋茶論【介護老人福祉施設】大阪府堺市堺区松屋大和川通1丁13番1松屋茶論", "url": "https://www.kaigokensaku.mhlw.go.jp/27/index.php?action_kouhyou_detail_004_kani=true&JigyosyoCd=2776002558-00&ServiceCd=510&Type=search", "url2": "http://www.misasakai.or.jp/shisetsu/matsuyasalon.php" }, "geometry": { "type": "Point", "coordinates": [ 135.4701513, 34.5993703 ] } },
{ "type": "Feature", "properties": { "内容": "特別養護老人ホーム　あいする久世【介護老人福祉施設】大阪府堺市中区平井６７５番地1", "url": "https://www.kaigokensaku.mhlw.go.jp/27/index.php?action_kouhyou_detail_004_kani=true&JigyosyoCd=2776104149-00&ServiceCd=510&Type=search", "url2": "http://www.houseikai.net/" }, "geometry": { "type": "Point", "coordinates": [ 135.493654026289363, 34.516489256995406 ] } },
{ "type": "Feature", "properties": { "内容": "特別養護老人ホームふれ愛の家【介護老人福祉施設】大阪府堺市中区土塔町2028番地", "url": "https://www.kaigokensaku.mhlw.go.jp/27/index.php?action_kouhyou_detail_004_kani=true&JigyosyoCd=2770101240-00&ServiceCd=510&Type=search", "url2": "https://tokogakuen.com" }, "geometry": { "type": "Point", "coordinates": [ 135.505430308598307, 34.534387280867158 ] } },
{ "type": "Feature", "properties": { "内容": "特別養護老人ホーム嘉齢荘【介護老人福祉施設】大阪府堺市中区伏尾１９６番地", "url": "https://www.kaigokensaku.mhlw.go.jp/27/index.php?action_kouhyou_detail_004_kani=true&JigyosyoCd=2770101901-00&ServiceCd=510&Type=search", "url2": "http://www.fukuseikai.org" }, "geometry": { "type": "Point", "coordinates": [ 135.492439800000056, 34.5146879 ] } },
{ "type": "Feature", "properties": { "内容": "特別養護老人ホーム　ベルファミリア【介護老人福祉施設】大阪府堺市中区東山841番地1", "url": "https://www.kaigokensaku.mhlw.go.jp/27/index.php?action_kouhyou_detail_004_kani=true&JigyosyoCd=2770101794-00&ServiceCd=510&Type=search", "url2": "http://www.yujinkai.com" }, "geometry": { "type": "Point", "coordinates": [ 135.506735599999985, 34.517452712068142 ] } },
{ "type": "Feature", "properties": { "内容": "特別養護老人ホーム　マーヤの里　鈴の宮【介護老人福祉施設】大阪府堺市中区毛穴町294-1", "url": "https://www.kaigokensaku.mhlw.go.jp/27/index.php?action_kouhyou_detail_004_kani=true&JigyosyoCd=2776103588-00&ServiceCd=510&Type=search", "url2": "http://ma-ya.org" }, "geometry": { "type": "Point", "coordinates": [ 135.4743781, 34.5282541 ] } },
{ "type": "Feature", "properties": { "内容": "特別養護老人ホーム　クレーネ堺【介護老人福祉施設】堺市中区福田339-2", "url": "https://www.kaigokensaku.mhlw.go.jp/27/index.php?action_kouhyou_detail_004_kani=true&JigyosyoCd=2770104236-00&ServiceCd=510&Type=search", "url2": "https://kurene.jp/" }, "geometry": { "type": "Point", "coordinates": [ 135.526208799999949, 34.5186131 ] } },
{ "type": "Feature", "properties": { "内容": "特別養護老人ホームやすらぎの園【介護老人福祉施設】大阪府堺市中区深井畑山町2528番地の1", "url": "https://www.kaigokensaku.mhlw.go.jp/27/index.php?action_kouhyou_detail_004_kani=true&JigyosyoCd=2770102644-00&ServiceCd=510&Type=search", "url2": "http://www.yasuraginosono.jp/" }, "geometry": { "type": "Point", "coordinates": [ 135.511321100000032, 34.5244511 ] } },
{ "type": "Feature", "properties": { "内容": "特別養護老人ホームゆーとりあ【介護老人福祉施設】大阪府堺市中区見野山164番地", "url": "https://www.kaigokensaku.mhlw.go.jp/27/index.php?action_kouhyou_detail_004_kani=true&JigyosyoCd=2776102242-00&ServiceCd=510&Type=search", "url2": "http://yutoria.or.jp" }, "geometry": { "type": "Point", "coordinates": [ 135.53532789999997, 34.5030066 ] } },
{ "type": "Feature", "properties": { "内容": "特別養護老人ホーム　つるぎ荘【介護老人福祉施設】堺市東区日置荘田中町143-1", "url": "https://www.kaigokensaku.mhlw.go.jp/27/index.php?action_kouhyou_detail_004_kani=true&JigyosyoCd=2770101703-00&ServiceCd=510&Type=search", "url2": "http://www.sobikai.or.jp" }, "geometry": { "type": "Point", "coordinates": [ 135.531557900000053, 34.5332143 ] } },
{ "type": "Feature", "properties": { "内容": "特別養護老人ホームくみのき苑しらさぎ【介護老人福祉施設】大阪府堺市東区白鷺町3丁18番17号", "url": "https://www.kaigokensaku.mhlw.go.jp/27/index.php?action_kouhyou_detail_004_kani=true&JigyosyoCd=2776201184-00&ServiceCd=510&Type=search", "url2": "http://www.rapport-kuminoki.jp/shirasagi/" }, "geometry": { "type": "Point", "coordinates": [ 135.5209168, 34.54601 ] } },
{ "type": "Feature", "properties": { "内容": "特別養護老人ホーム　くみのき苑ゆらら【介護老人福祉施設】大阪府堺市東区南野田454‐2", "url": "https://www.kaigokensaku.mhlw.go.jp/27/index.php?action_kouhyou_detail_004_kani=true&JigyosyoCd=2776200459-00&ServiceCd=510&Type=search", "url2": "http://www.rapport-kuminoki.jp/" }, "geometry": { "type": "Point", "coordinates": [ 135.546675286508162, 34.518854821845188 ] } },
{ "type": "Feature", "properties": { "内容": "特別養護老人ホーム　ハーモニー【介護老人福祉施設】大阪府堺市東区南野田33番地", "url": "https://www.kaigokensaku.mhlw.go.jp/27/index.php?action_kouhyou_detail_004_kani=true&JigyosyoCd=2770101653-00&ServiceCd=510&Type=search", "url2": "http://www.harmony.or.jp" }, "geometry": { "type": "Point", "coordinates": [ 135.550212099999953, 34.5226103 ] } },
{ "type": "Feature", "properties": { "内容": "特別養護老人ホーム　ソルメゾン【介護老人福祉施設】堺市東区菩提町２丁６２番地の１", "url": "https://www.kaigokensaku.mhlw.go.jp/27/index.php?action_kouhyou_detail_004_kani=true&JigyosyoCd=2770108427-00&ServiceCd=510&Type=search", "url2": "http://www.syofuku.or.jp/" }, "geometry": { "type": "Point", "coordinates": [ 135.534237395106516, 34.550348372006162 ] } },
{ "type": "Feature", "properties": { "内容": "特別養護老人ホーム・おおみの【介護老人福祉施設】大阪府堺市東区西野42番地", "url": "https://www.kaigokensaku.mhlw.go.jp/27/index.php?action_kouhyou_detail_004_kani=true&JigyosyoCd=2770102800-00&ServiceCd=510&Type=search", "url2": "http://www.oomino.jp" }, "geometry": { "type": "Point", "coordinates": [ 135.53793, 34.5189577 ] } },
{ "type": "Feature", "properties": { "内容": "特別養護老人ホーム　朗友館【介護老人福祉施設】大阪府堺市西区鳳東町6丁659番地１", "url": "https://www.kaigokensaku.mhlw.go.jp/27/index.php?action_kouhyou_detail_004_kani=true&JigyosyoCd=2770101745-00&ServiceCd=510&Type=search", "url2": "http://www.otorifukushikai.or.jp/" }, "geometry": { "type": "Point", "coordinates": [ 135.464530037578385, 34.537489992549197 ] } },
{ "type": "Feature", "properties": { "内容": "特別養護老人ホーム　マーヤの里　上野芝【介護老人福祉施設】大阪府堺市西区上野芝町5-9-20", "url": "https://www.kaigokensaku.mhlw.go.jp/27/index.php?action_kouhyou_detail_004_kani=true&JigyosyoCd=2776302172-00&ServiceCd=510&Type=search", "url2": "http://ma-ya.org" }, "geometry": { "type": "Point", "coordinates": [ 135.4732798, 34.5475187 ] } },
{ "type": "Feature", "properties": { "内容": "特別養護老人ホームパルハウスくさべ【介護老人福祉施設】大阪府堺市西区草部1417", "url": "https://www.kaigokensaku.mhlw.go.jp/27/index.php?action_kouhyou_detail_004_kani=true&JigyosyoCd=2776300564-00&ServiceCd=510&Type=search", "url2": "https://www.wafukai.net/" }, "geometry": { "type": "Point", "coordinates": [ 135.463203499999963, 34.5155486 ] } },
{ "type": "Feature", "properties": { "内容": "特別養護老人ホーム　朗友サロン【介護老人福祉施設】堺市西区草部743番地", "url": "https://www.kaigokensaku.mhlw.go.jp/27/index.php?action_kouhyou_detail_004_kani=true&JigyosyoCd=2770103147-00&ServiceCd=510&Type=search", "url2": "http://www.otorifukusikai.or.jp/" }, "geometry": { "type": "Point", "coordinates": [ 135.471624799999972, 34.5197538 ] } },
{ "type": "Feature", "properties": { "内容": "特別養護老人ホーム　ハートピア泉北【介護老人福祉施設】大阪府堺市西区太平寺331-1", "url": "https://www.kaigokensaku.mhlw.go.jp/27/index.php?action_kouhyou_detail_004_kani=true&JigyosyoCd=2770101893-00&ServiceCd=510&Type=search", "url2": "http://www.sakaifukushikai.jp/" }, "geometry": { "type": "Point", "coordinates": [ 135.478951793254026, 34.50385376635311 ] } },
{ "type": "Feature", "properties": { "内容": "特別養護老人ホーム　アリオン【介護老人福祉施設】大阪府堺市西区浜寺石津町西1-2-7", "url": "https://www.kaigokensaku.mhlw.go.jp/27/index.php?action_kouhyou_detail_004_kani=true&JigyosyoCd=2776302164-00&ServiceCd=510&Type=search", "url2": "http://windhorse.or.jp/" }, "geometry": { "type": "Point", "coordinates": [ 135.454693556483448, 34.562441906056243 ] } },
{ "type": "Feature", "properties": { "内容": "特別養護老人ホーム　ベルアルプ【介護老人福祉施設】大阪府堺市西区菱木1丁2343番16", "url": "https://www.kaigokensaku.mhlw.go.jp/27/index.php?action_kouhyou_detail_004_kani=true&JigyosyoCd=2776301257-00&ServiceCd=510&Type=search", "url2": "http://www.yujinkai.com/bellharpe/" }, "geometry": { "type": "Point", "coordinates": [ 135.477632800000038, 34.5130157 ] } },
{ "type": "Feature", "properties": { "内容": "特別養護老人ホーム　泉北園百寿荘【介護老人福祉施設】大阪府堺市南区茶山台３－２３－２", "url": "https://www.kaigokensaku.mhlw.go.jp/27/index.php?action_kouhyou_detail_004_kani=true&JigyosyoCd=2770102453-00&ServiceCd=510&Type=search", "url2": "http://www.hyakujusou.or.jp/" }, "geometry": { "type": "Point", "coordinates": [ 135.5178962, 34.48863870000001 ] } },
{ "type": "Feature", "properties": { "内容": "特別養護老人ホーム槇塚荘【介護老人福祉施設】大阪府堺市南区逆瀬川１０３８－２", "url": "https://www.kaigokensaku.mhlw.go.jp/27/index.php?action_kouhyou_detail_004_kani=true&JigyosyoCd=2770101166-00&ServiceCd=510&Type=search", "url2": "http://www.makiduka.jp" }, "geometry": { "type": "Point", "coordinates": [ 135.527517499999931, 34.4788178 ] } },
{ "type": "Feature", "properties": { "内容": "特別養護老人ホーム　美樹の園【介護老人福祉施設】大阪府堺市南区美木多上１２７７番地１", "url": "https://www.kaigokensaku.mhlw.go.jp/27/index.php?action_kouhyou_detail_004_kani=true&JigyosyoCd=2770102198-00&ServiceCd=510&Type=search", "url2": "http://mikinosono.sakura.ne.jp" }, "geometry": { "type": "Point", "coordinates": [ 135.493057, 34.4607357 ] } },
{ "type": "Feature", "properties": { "内容": "特別養護老人ホーム　年輪【介護老人福祉施設】大阪府堺市南区御池台５－２－２", "url": "https://www.kaigokensaku.mhlw.go.jp/27/index.php?action_kouhyou_detail_004_kani=true&JigyosyoCd=2770102313-00&ServiceCd=510&Type=search", "url2": "http://www.s-nenrin.or.jp" }, "geometry": { "type": "Point", "coordinates": [ 135.504798576057368, 34.458057176019075 ] } },
{ "type": "Feature", "properties": { "内容": "特別養護老人ホーム故郷の家【介護老人福祉施設】大阪府堺市南区檜尾３３６０－１２", "url": "https://www.kaigokensaku.mhlw.go.jp/27/index.php?action_kouhyou_detail_004_kani=true&JigyosyoCd=2770101299-00&ServiceCd=510&Type=search", "url2": "http://www.kokorono.or.jp" }, "geometry": { "type": "Point", "coordinates": [ 135.467345099999989, 34.489921 ] } },
{ "type": "Feature", "properties": { "内容": "特別養護老人ホーム　梢，よろこび園【介護老人福祉施設】大阪府堺市北区中村町３６７番地３", "url": "https://www.kaigokensaku.mhlw.go.jp/27/index.php?action_kouhyou_detail_004_kani=true&JigyosyoCd=2776503506-00&ServiceCd=510&Type=search", "url2": "https://kankikai.jp" }, "geometry": { "type": "Point", "coordinates": [ 135.536504651542543, 34.562162806068315 ] } },
{ "type": "Feature", "properties": { "内容": "特別養護老人ホーム　朱雀【介護老人福祉施設】大阪府堺市北区中長尾町1-2-12", "url": "https://www.kaigokensaku.mhlw.go.jp/27/index.php?action_kouhyou_detail_004_kani=true&JigyosyoCd=2776503134-00&ServiceCd=510&Type=search", "url2": "http://www.alsole.or.jp/" }, "geometry": { "type": "Point", "coordinates": [ 135.498067498449387, 34.57302018070741 ] } },
{ "type": "Feature", "properties": { "内容": "特別養護老人ホーム　陵東館【介護老人福祉施設】大阪府堺市北区長曽根町１２１０番地の１", "url": "https://www.kaigokensaku.mhlw.go.jp/27/index.php?action_kouhyou_detail_004_kani=true&JigyosyoCd=2770102628-00&ServiceCd=510&Type=search", "url2": "https://kansaifukushikai.or.jp" }, "geometry": { "type": "Point", "coordinates": [ 135.50806220000004, 34.5662023 ] } },
{ "type": "Feature", "properties": { "内容": "特別養護老人ホーム　あけぼの苑【介護老人福祉施設】大阪府堺市北区野遠町３４４－１", "url": "https://www.kaigokensaku.mhlw.go.jp/27/index.php?action_kouhyou_detail_004_kani=true&JigyosyoCd=2770102529-00&ServiceCd=510&Type=search", "url2": "http://www.akatsuki.or.jp" }, "geometry": { "type": "Point", "coordinates": [ 135.539815, 34.5654889 ] } },
{ "type": "Feature", "properties": { "内容": "特別養護老人ホーム　グリーンハウス【介護老人福祉施設】大阪府堺市北区百舌鳥本町三丁430番地2", "url": "https://www.kaigokensaku.mhlw.go.jp/27/index.php?action_kouhyou_detail_004_kani=true&JigyosyoCd=2770107619-00&ServiceCd=510&Type=search", "url2": "http://www.sakura-kai.or.jp" }, "geometry": { "type": "Point", "coordinates": [ 135.486914599999977, 34.5524478 ] } },
{ "type": "Feature", "properties": { "内容": "ハピネス金岡【介護老人福祉施設】堺市北区金岡町2725番", "url": "https://www.kaigokensaku.mhlw.go.jp/27/index.php?action_kouhyou_detail_004_kani=true&JigyosyoCd=2770102669-00&ServiceCd=510&Type=search", "url2": "http://osakafukushikai.or.jp/tokuyo" }, "geometry": { "type": "Point", "coordinates": [ 135.525244, 34.5561342 ] } },
{ "type": "Feature", "properties": { "内容": "特別養護老人ホーム美原荘【介護老人福祉施設】大阪府堺市美原区平尾595番1号", "url": "https://www.kaigokensaku.mhlw.go.jp/27/index.php?action_kouhyou_detail_004_kani=true&JigyosyoCd=2770107304-00&ServiceCd=510&Type=search", "url2": "http://miharasou-group.net/mihara/" }, "geometry": { "type": "Point", "coordinates": [ 135.569965700000012, 34.5286849 ] } },
{ "type": "Feature", "properties": { "内容": "特別養護老人ホーム　平尾荘【介護老人福祉施設】大阪府堺市美原区平尾1938-1", "url": "https://www.kaigokensaku.mhlw.go.jp/27/index.php?action_kouhyou_detail_004_kani=true&JigyosyoCd=2770107205-00&ServiceCd=510&Type=search", "url2": "http://www.tenjukai.or.jp" }, "geometry": { "type": "Point", "coordinates": [ 135.57489570000007, 34.5319207 ] } },
{ "type": "Feature", "properties": { "内容": "特別養護老人ホームCiao神於山園【介護老人福祉施設】大阪府岸和田市尾生町3192番1", "url": "https://www.kaigokensaku.mhlw.go.jp/27/index.php?action_kouhyou_detail_004_kani=true&JigyosyoCd=2771107022-00&ServiceCd=510&Type=search", "url2": "http://kounoyamaen.or.jp" }, "geometry": { "type": "Point", "coordinates": [ 135.418332262040707, 34.421294454581719 ] } },
{ "type": "Feature", "properties": { "内容": "特別養護老人ホーム　いなば荘【介護老人福祉施設】大阪府岸和田市稲葉町1066番地", "url": "https://www.kaigokensaku.mhlw.go.jp/27/index.php?action_kouhyou_detail_004_kani=true&JigyosyoCd=2771100696-00&ServiceCd=510&Type=search", "url2": "http://inabasou.com" }, "geometry": { "type": "Point", "coordinates": [ 135.447739400000046, 34.4320973 ] } },
{ "type": "Feature", "properties": { "内容": "特別養護老人ホーム　萬寿園【介護老人福祉施設】大阪府岸和田市尾生町808番地", "url": "https://www.kaigokensaku.mhlw.go.jp/27/index.php?action_kouhyou_detail_004_kani=true&JigyosyoCd=2771100126-00&ServiceCd=510&Type=search", "url2": "http://www13.ocn.ne.jp/~man/MyPage/menu0.html" }, "geometry": { "type": "Point", "coordinates": [ 135.407417500000065, 34.4513474 ] } },
{ "type": "Feature", "properties": { "内容": "特別養護老人ホーム　神於山園【介護老人福祉施設】大阪府岸和田市尾生町３１９２番２", "url": "https://www.kaigokensaku.mhlw.go.jp/27/index.php?action_kouhyou_detail_004_kani=true&JigyosyoCd=2771100290-00&ServiceCd=510&Type=search", "url2": "https://kounoyamaen.or.jp" }, "geometry": { "type": "Point", "coordinates": [ 135.418011200000024, 34.4215176 ] } },
{ "type": "Feature", "properties": { "内容": "特別養護老人ホーム　千亀利荘【介護老人福祉施設】大阪府岸和田市積川町３５８番地", "url": "https://www.kaigokensaku.mhlw.go.jp/27/index.php?action_kouhyou_detail_004_kani=true&JigyosyoCd=2771100217-00&ServiceCd=510&Type=search", "url2": "http://www.chikiriso.jp" }, "geometry": { "type": "Point", "coordinates": [ 135.43989830000001, 34.424744500000017 ] } },
{ "type": "Feature", "properties": { "内容": "岸和田特別養護老人ホーム【介護老人福祉施設】大阪府岸和田市藤井町２丁目１３番１３号", "url": "https://www.kaigokensaku.mhlw.go.jp/27/index.php?action_kouhyou_detail_004_kani=true&JigyosyoCd=2771100308-00&ServiceCd=510&Type=search", "url2": "https://washukai.com/service/service_001/" }, "geometry": { "type": "Point", "coordinates": [ 135.384688899999986, 34.4641619 ] } },
{ "type": "Feature", "properties": { "内容": "第二岸和田特別養護老人ホーム【介護老人福祉施設】大阪府岸和田市藤井町2-13-19", "url": "https://www.kaigokensaku.mhlw.go.jp/27/index.php?action_kouhyou_detail_004_kani=true&JigyosyoCd=2771106313-00&ServiceCd=510&Type=search", "url2": "https://kishiwada.or.jp/" }, "geometry": { "type": "Point", "coordinates": [ 135.3847461, 34.4642333 ] } },
{ "type": "Feature", "properties": { "内容": "特別養護老人ホーム美豊苑【介護老人福祉施設】大阪府豊中市箕輪2-13-12", "url": "https://www.kaigokensaku.mhlw.go.jp/27/index.php?action_kouhyou_detail_004_kani=true&JigyosyoCd=2774003491-00&ServiceCd=510&Type=search", "url2": "http://well-seikokai.jp/" }, "geometry": { "type": "Point", "coordinates": [ 135.450487299999963, 34.7863401 ] } },
{ "type": "Feature", "properties": { "内容": "特別養護老人ホーム清豊苑【介護老人福祉施設】大阪府豊中市走井2-8-5", "url": "https://www.kaigokensaku.mhlw.go.jp/27/index.php?action_kouhyou_detail_004_kani=true&JigyosyoCd=2774005074-00&ServiceCd=510&Type=search", "url2": "http://seihoen.well-seikokai.jp/" }, "geometry": { "type": "Point", "coordinates": [ 135.449954199999979, 34.7810296 ] } },
{ "type": "Feature", "properties": { "内容": "特別養護老人ホーム　豊中あいわ苑【介護老人福祉施設】大阪府豊中市寺内1丁目1番10号", "url": "https://www.kaigokensaku.mhlw.go.jp/27/index.php?action_kouhyou_detail_004_kani=true&JigyosyoCd=2774001933-00&ServiceCd=510&Type=search", "url2": "http://www.aijinkai.or.jp/aiwaen/" }, "geometry": { "type": "Point", "coordinates": [ 135.491753600000038, 34.7766165 ] } },
{ "type": "Feature", "properties": { "内容": "特別養護老人ホーム　ふるる【介護老人福祉施設】大阪府豊中市小曽根4丁目5-1", "url": "https://www.kaigokensaku.mhlw.go.jp/27/index.php?action_kouhyou_detail_004_kani=true&JigyosyoCd=2774002584-00&ServiceCd=510&Type=search", "url2": "http://www.fururu-home.com" }, "geometry": { "type": "Point", "coordinates": [ 135.484088, 34.7564521 ] } },
{ "type": "Feature", "properties": { "内容": "特別養護老人ホーム　豊中グリーンヒル【介護老人福祉施設】豊中市緑丘３－３３０－２", "url": "https://www.kaigokensaku.mhlw.go.jp/27/index.php?action_kouhyou_detail_004_kani=true&JigyosyoCd=2774000414-00&ServiceCd=510&Type=search", "url2": "https://www.syoujyukai.com/" }, "geometry": { "type": "Point", "coordinates": [ 135.487503599999968, 34.8156176 ] } },
{ "type": "Feature", "properties": { "内容": "特別養護老人ホームほづみ【介護老人福祉施設】大阪府豊中市穂積一丁目9番1号", "url": "https://www.kaigokensaku.mhlw.go.jp/27/index.php?action_kouhyou_detail_004_kani=true&JigyosyoCd=2774000687-00&ServiceCd=510&Type=search", "url2": "https://www.shoujyukai.com/" }, "geometry": { "type": "Point", "coordinates": [ 135.471419700000069, 34.7564603 ] } },
{ "type": "Feature", "properties": { "内容": "特別養護老人ホームきらぼし【介護老人福祉施設】大阪府豊中市上新田２丁目１７番１号", "url": "https://www.kaigokensaku.mhlw.go.jp/27/index.php?action_kouhyou_detail_004_kani=true&JigyosyoCd=2774001719-00&ServiceCd=510&Type=search", "url2": "http://www.kiraboshi.jp" }, "geometry": { "type": "Point", "coordinates": [ 135.500597199999987, 34.8066938 ] } },
{ "type": "Feature", "properties": { "内容": "特別養護老人ホーム豊寿荘【介護老人福祉施設】大阪府豊中市新千里西町二丁目7番2号", "url": "https://www.kaigokensaku.mhlw.go.jp/27/index.php?action_kouhyou_detail_004_kani=true&JigyosyoCd=2774003327-00&ServiceCd=510&Type=search", "url2": "http://www.osj.or.jp/houju/" }, "geometry": { "type": "Point", "coordinates": [ 135.48509, 34.8092265 ] } },
{ "type": "Feature", "properties": { "内容": "特別養護老人ホーム　アリス千里【介護老人福祉施設】大阪府豊中市新千里北町1-18-2", "url": "https://www.kaigokensaku.mhlw.go.jp/27/index.php?action_kouhyou_detail_004_kani=true&JigyosyoCd=2774001297-00&ServiceCd=510&Type=search", "url2": "http://www.toyonakafamily.com/" }, "geometry": { "type": "Point", "coordinates": [ 135.4963917, 34.8153123 ] } },
{ "type": "Feature", "properties": { "内容": "特別養護老人ホームユーフォリア豊中【介護老人福祉施設】大阪府豊中市勝部1-12-21ユーフォリア豊中", "url": "https://www.kaigokensaku.mhlw.go.jp/27/index.php?action_kouhyou_detail_004_kani=true&JigyosyoCd=2774001495-00&ServiceCd=510&Type=search", "url2": "http://www.euphoria-toyonaka.com/" }, "geometry": { "type": "Point", "coordinates": [ 135.455834500000037, 34.7737612 ] } },
{ "type": "Feature", "properties": { "内容": "特別養護老人ホーム淳風とよなか【介護老人福祉施設】豊中市二葉町2-4-5", "url": "https://www.kaigokensaku.mhlw.go.jp/27/index.php?action_kouhyou_detail_004_kani=true&JigyosyoCd=2774000851-00&ServiceCd=510&Type=search", "url2": "http://junpu-kai.or.jp" }, "geometry": { "type": "Point", "coordinates": [ 135.46335160000001, 34.7366288 ] } },
{ "type": "Feature", "properties": { "内容": "特別養護老人ホーム　ロココ豊中【介護老人福祉施設】大阪府豊中市宝山町7番8号", "url": "https://www.kaigokensaku.mhlw.go.jp/27/index.php?action_kouhyou_detail_004_kani=true&JigyosyoCd=2774003541-00&ServiceCd=510&Type=search", "url2": "http://www.kouyukai.jp/" }, "geometry": { "type": "Point", "coordinates": [ 135.458064700000023, 34.7802715 ] } },
{ "type": "Feature", "properties": { "内容": "特別養護老人ホーム　豊泉家　北緑丘【介護老人福祉施設】大阪府豊中市北緑丘2丁目9番5号", "url": "https://www.kaigokensaku.mhlw.go.jp/27/index.php?action_kouhyou_detail_004_kani=true&JigyosyoCd=2774001529-00&ServiceCd=510&Type=search", "url2": "http://www.housenka.com" }, "geometry": { "type": "Point", "coordinates": [ 135.481998299999987, 34.8182062 ] } },
{ "type": "Feature", "properties": { "内容": "特別養護老人ホーム　豊中千寿園【介護老人福祉施設】大阪府豊中市東豊中町六丁目１０番４７号", "url": "https://www.kaigokensaku.mhlw.go.jp/27/index.php?action_kouhyou_detail_004_kani=true&JigyosyoCd=2774005025-00&ServiceCd=510&Type=search", "url2": "https://toyonaka-senjyuen.com/" }, "geometry": { "type": "Point", "coordinates": [ 135.482439150262422, 34.795436399440234 ] } },
{ "type": "Feature", "properties": { "内容": "特別養護老人ホーム　古江台ホール【介護老人福祉施設】大阪府池田市古江町18番地の2", "url": "https://www.kaigokensaku.mhlw.go.jp/27/index.php?action_kouhyou_detail_004_kani=true&JigyosyoCd=2772500258-00&ServiceCd=510&Type=search", "url2": "https://nozomi-care.jp/" }, "geometry": { "type": "Point", "coordinates": [ 135.4271764, 34.8534266 ] } },
{ "type": "Feature", "properties": { "内容": "特別養護老人ホームポプラ【介護老人福祉施設】大阪府池田市東山町555-1", "url": "https://www.kaigokensaku.mhlw.go.jp/27/index.php?action_kouhyou_detail_004_kani=true&JigyosyoCd=2772501017-00&ServiceCd=510&Type=search", "url2": "http://satsuki-kai.com/" }, "geometry": { "type": "Point", "coordinates": [ 135.4342593, 34.8484633 ] } },
{ "type": "Feature", "properties": { "内容": "特別養護老人ホームオレンジ池田【介護老人福祉施設】大阪府池田市井口堂２丁目４番６号特別養護老人ホームオレンジ池田", "url": "https://www.kaigokensaku.mhlw.go.jp/27/index.php?action_kouhyou_detail_004_kani=true&JigyosyoCd=2772502023-00&ServiceCd=510&Type=search", "url2": "http://keiaikai-swc.com/" }, "geometry": { "type": "Point", "coordinates": [ 135.444778700000029, 34.8165836 ] } },
{ "type": "Feature", "properties": { "内容": "特別養護老人ホーム　ハートフルふしお【介護老人福祉施設】大阪府池田市伏尾町１２番地1", "url": "https://www.kaigokensaku.mhlw.go.jp/27/index.php?action_kouhyou_detail_004_kani=true&JigyosyoCd=2772500209-00&ServiceCd=510&Type=search", "url2": "http://www.daikyokai.or.jp" }, "geometry": { "type": "Point", "coordinates": [ 135.4462833, 34.8602425 ] } },
{ "type": "Feature", "properties": { "内容": "ほほえみの園【介護老人福祉施設】大阪府池田市建石町８番１０号", "url": "https://www.kaigokensaku.mhlw.go.jp/27/index.php?action_kouhyou_detail_004_kani=true&JigyosyoCd=2772500357-00&ServiceCd=510&Type=search", "url2": "http://www.hohoemi-no-sono.or.jp" }, "geometry": { "type": "Point", "coordinates": [ 135.4297381, 34.8264769 ] } },
{ "type": "Feature", "properties": { "内容": "特別養護老人ホームいのこの里【介護老人福祉施設】大阪府吹田市山田西1-26-27", "url": "https://www.kaigokensaku.mhlw.go.jp/27/index.php?action_kouhyou_detail_004_kani=true&JigyosyoCd=2771601115-00&ServiceCd=510&Type=search", "url2": "http://www.kobatokai.jp/" }, "geometry": { "type": "Point", "coordinates": [ 135.528975299999956, 34.7904935 ] } },
{ "type": "Feature", "properties": { "内容": "特別養護老人ホームみらい【介護老人福祉施設】大阪府吹田市山田北５番１３号特別養護老人ホームみらい", "url": "https://www.kaigokensaku.mhlw.go.jp/27/index.php?action_kouhyou_detail_004_kani=true&JigyosyoCd=2771603426-00&ServiceCd=510&Type=search", "url2": "http://www.mirai-kai.com/" }, "geometry": { "type": "Point", "coordinates": [ 135.519026, 34.8093523 ] } },
{ "type": "Feature", "properties": { "内容": "社会福祉法人恩賜財団済生会支部大阪府済生会吹田特別養護老人ホーム高寿園【介護老人福祉施設】大阪府吹田市山手町１－１－１", "url": "https://www.kaigokensaku.mhlw.go.jp/27/index.php?action_kouhyou_detail_004_kani=true&JigyosyoCd=2771600240-00&ServiceCd=510&Type=search", "url2": "http://www.suita.saiseikai.or.jp/koujyuen/" }, "geometry": { "type": "Point", "coordinates": [ 135.514742075749183, 34.766951987218349 ] } },
{ "type": "Feature", "properties": { "内容": "特別養護老人ホーム　メルヴェイユ吹田【介護老人福祉施設】大阪府吹田市岸部南1-4-24", "url": "https://www.kaigokensaku.mhlw.go.jp/27/index.php?action_kouhyou_detail_004_kani=true&JigyosyoCd=2771602816-00&ServiceCd=510&Type=search", "url2": "http://www.aoyama-med.gr.jp/ontoku-welfare/merveille-suita" }, "geometry": { "type": "Point", "coordinates": [ 135.544443300000012, 34.776248 ] } },
{ "type": "Feature", "properties": { "内容": "特別養護老人ホームハピネスさんあい【介護老人福祉施設】吹田市幸町22-5", "url": "https://www.kaigokensaku.mhlw.go.jp/27/index.php?action_kouhyou_detail_004_kani=true&JigyosyoCd=2771600992-00&ServiceCd=510&Type=search", "url2": "http://www.sanaikai-official.com/" }, "geometry": { "type": "Point", "coordinates": [ 135.535441399999968, 34.7690655 ] } },
{ "type": "Feature", "properties": { "内容": "特別養護老人ホーム　あす～る吹田【介護老人福祉施設】大阪府吹田市岸部中２丁目７番１２号", "url": "https://www.kaigokensaku.mhlw.go.jp/27/index.php?action_kouhyou_detail_004_kani=true&JigyosyoCd=2771603095-00&ServiceCd=510&Type=search", "url2": "http://azul.or.jp" }, "geometry": { "type": "Point", "coordinates": [ 135.532677700000022, 34.7753231 ] } },
{ "type": "Feature", "properties": { "内容": "介護老人福祉施設　ちくりんの里【介護老人福祉施設】大阪府吹田市春日　２丁目２５番地１０号", "url": "https://www.kaigokensaku.mhlw.go.jp/27/index.php?action_kouhyou_detail_004_kani=true&JigyosyoCd=2771602527-00&ServiceCd=510&Type=search", "url2": "http://shunpu.jp/" }, "geometry": { "type": "Point", "coordinates": [ 135.4935451, 34.7853016 ] } },
{ "type": "Feature", "properties": { "内容": "特別養護老人ホーム　エバーグリーン【介護老人福祉施設】大阪府吹田市江坂町４－２０－１", "url": "https://www.kaigokensaku.mhlw.go.jp/27/index.php?action_kouhyou_detail_004_kani=true&JigyosyoCd=2771600380-00&ServiceCd=510&Type=search", "url2": "http://www.evergreen.or.jp" }, "geometry": { "type": "Point", "coordinates": [ 135.494392299999959, 34.7706923 ] } },
{ "type": "Feature", "properties": { "内容": "介護老人福祉施設吹田竜ヶ池ホーム【介護老人福祉施設】大阪府吹田市原町３丁目２１番２５号", "url": "https://www.kaigokensaku.mhlw.go.jp/27/index.php?action_kouhyou_detail_004_kani=true&JigyosyoCd=2771603418-00&ServiceCd=510&Type=search", "url2": "https://swc-seikouen.jp/tatsugaike/" }, "geometry": { "type": "Point", "coordinates": [ 135.526236599999947, 34.7787005 ] } },
{ "type": "Feature", "properties": { "内容": "特別養護老人ホーム　青藍荘【介護老人福祉施設】大阪府吹田市佐竹台２丁目３番１号", "url": "https://www.kaigokensaku.mhlw.go.jp/27/index.php?action_kouhyou_detail_004_kani=true&JigyosyoCd=2771600356-00&ServiceCd=510&Type=search", "url2": "http://www.aino-fukushikai.or.jp/" }, "geometry": { "type": "Point", "coordinates": [ 135.514462699999967, 34.79197090000001 ] } },
{ "type": "Feature", "properties": { "内容": "吹田特別養護老人ホーム松風園【介護老人福祉施設】大阪府吹田市川園町１番１号", "url": "https://www.kaigokensaku.mhlw.go.jp/27/index.php?action_kouhyou_detail_004_kani=true&JigyosyoCd=2771600232-00&ServiceCd=510&Type=search", "url2": "http://www.suita.saiseikai.or.jp/shofuuen/" }, "geometry": { "type": "Point", "coordinates": [ 135.534111199999984, 34.7612777 ] } },
{ "type": "Feature", "properties": { "内容": "特別養護老人ホーム　寿楽荘【介護老人福祉施設】吹田市岸部北４丁目９番３号", "url": "https://www.kaigokensaku.mhlw.go.jp/27/index.php?action_kouhyou_detail_004_kani=true&JigyosyoCd=2771600554-00&ServiceCd=510&Type=search", "url2": null }, "geometry": { "type": "Point", "coordinates": [ 135.5277754, 34.7820584 ] } },
{ "type": "Feature", "properties": { "内容": "大阪市立弘済院第２特別養護老人ホーム【介護老人福祉施設】大阪府吹田市古江台６－２－１", "url": "https://www.kaigokensaku.mhlw.go.jp/27/index.php?action_kouhyou_detail_004_kani=true&JigyosyoCd=2771600588-00&ServiceCd=510&Type=search", "url2": "https://www.city.osaka.lg.jp/fukushi/page/0000507393.html" }, "geometry": { "type": "Point", "coordinates": [ 135.51321901484107, 34.806897796600701 ] } },
{ "type": "Feature", "properties": { "内容": "特別養護老人ホームみなと弘済園【介護老人福祉施設】大阪府吹田市古江台6-2-1", "url": "https://www.kaigokensaku.mhlw.go.jp/27/index.php?action_kouhyou_detail_004_kani=true&JigyosyoCd=2771607682-00&ServiceCd=510&Type=search", "url2": "https://minato-kosaien.jp/" }, "geometry": { "type": "Point", "coordinates": [ 135.511680899999988, 34.8081965 ] } },
{ "type": "Feature", "properties": { "内容": "特別養護老人ホーム吹田千寿園【介護老人福祉施設】大阪府吹田市南吹田4-13-36", "url": "https://www.kaigokensaku.mhlw.go.jp/27/index.php?action_kouhyou_detail_004_kani=true&JigyosyoCd=2771606312-00&ServiceCd=510&Type=search", "url2": "https://moujinkai-grp.com/" }, "geometry": { "type": "Point", "coordinates": [ 135.5055764, 34.7492316 ] } },
{ "type": "Feature", "properties": { "内容": "特別養護老人ホーム　緑風会イサベル【介護老人福祉施設】大阪府吹田市岸部北５丁目４３番１０号", "url": "https://www.kaigokensaku.mhlw.go.jp/27/index.php?action_kouhyou_detail_004_kani=true&JigyosyoCd=2771602931-00&ServiceCd=510&Type=search", "url2": "https://www.kenshokai.group" }, "geometry": { "type": "Point", "coordinates": [ 135.5315005, 34.786450699999989 ] } },
{ "type": "Feature", "properties": { "内容": "特別養護老人ホーム　オズ【介護老人福祉施設】大阪府泉大津市菅原町１０－３３", "url": "https://www.kaigokensaku.mhlw.go.jp/27/index.php?action_kouhyou_detail_004_kani=true&JigyosyoCd=2770600076-00&ServiceCd=510&Type=search", "url2": "http://www.oz-tokuyo.jp" }, "geometry": { "type": "Point", "coordinates": [ 135.402817499999969, 34.5066153 ] } },
{ "type": "Feature", "properties": { "内容": "特別養護老人ホーム　覚寿園【介護老人福祉施設】大阪府泉大津市曽根町2丁目2番38号", "url": "https://www.kaigokensaku.mhlw.go.jp/27/index.php?action_kouhyou_detail_004_kani=true&JigyosyoCd=2770600100-00&ServiceCd=510&Type=search", "url2": "http://www.kakujuen.or.jp/" }, "geometry": { "type": "Point", "coordinates": [ 135.422552, 34.5017548 ] } },
{ "type": "Feature", "properties": { "内容": "特別養護老人ホーム百楽園【介護老人福祉施設】大阪府泉大津市板原町一丁目９番１８号", "url": "https://www.kaigokensaku.mhlw.go.jp/27/index.php?action_kouhyou_detail_004_kani=true&JigyosyoCd=2770600084-00&ServiceCd=510&Type=search", "url2": "http://www.hyakurakuen.soudancenter.com/" }, "geometry": { "type": "Point", "coordinates": [ 135.41127240000003, 34.4905147 ] } },
{ "type": "Feature", "properties": { "内容": "特別養護老人ホームローズガーデン条南苑【介護老人福祉施設】大阪府泉大津市東豊中町2丁目4番26号", "url": "https://www.kaigokensaku.mhlw.go.jp/27/index.php?action_kouhyou_detail_004_kani=true&JigyosyoCd=2770600597-00&ServiceCd=510&Type=search", "url2": "http://www.toyonaka-fukushikai.com" }, "geometry": { "type": "Point", "coordinates": [ 135.426189099999988, 34.4931733 ] } },
{ "type": "Feature", "properties": { "内容": "特別養護老人ホーム　美休【介護老人福祉施設】大阪府泉大津市河原町11番6号特別養護老人ホーム　美休", "url": "https://www.kaigokensaku.mhlw.go.jp/27/index.php?action_kouhyou_detail_004_kani=true&JigyosyoCd=2770601843-00&ServiceCd=510&Type=search", "url2": "https://vikyu.jp/" }, "geometry": { "type": "Point", "coordinates": [ 135.390600168122859, 34.500358392885609 ] } },
{ "type": "Feature", "properties": { "内容": "特別養護老人ホーム　高槻ともしび苑【介護老人福祉施設】高槻市安岡寺町6丁目6番1号", "url": "https://www.kaigokensaku.mhlw.go.jp/27/index.php?action_kouhyou_detail_004_kani=true&JigyosyoCd=2770900393-00&ServiceCd=510&Type=search", "url2": "http://tomoshibifukushikai.jp/" }, "geometry": { "type": "Point", "coordinates": [ 135.606675099999961, 34.8818491 ] } },
{ "type": "Feature", "properties": { "内容": "グリーン特別養護老人ホーム【介護老人福祉施設】大阪府高槻市奈佐原4-7-15", "url": "https://www.kaigokensaku.mhlw.go.jp/27/index.php?action_kouhyou_detail_004_kani=true&JigyosyoCd=2770901359-00&ServiceCd=510&Type=search", "url2": null }, "geometry": { "type": "Point", "coordinates": [ 135.5755117, 34.8653667 ] } },
{ "type": "Feature", "properties": { "内容": "特別養護老人ホーム　和朗園【介護老人福祉施設】高槻市井尻二丁目37-8", "url": "https://www.kaigokensaku.mhlw.go.jp/27/index.php?action_kouhyou_detail_004_kani=true&JigyosyoCd=2770901326-00&ServiceCd=510&Type=search", "url2": "http://www.kyousei-fukushi.or.jp/" }, "geometry": { "type": "Point", "coordinates": [ 135.6490384, 34.8551192 ] } },
{ "type": "Feature", "properties": { "内容": "特別養護老人ホーム　れんげ荘【介護老人福祉施設】高槻市三島江４丁目３８番７号", "url": "https://www.kaigokensaku.mhlw.go.jp/27/index.php?action_kouhyou_detail_004_kani=true&JigyosyoCd=2770900849-00&ServiceCd=510&Type=search", "url2": "http://www.rengesou.or.jp" }, "geometry": { "type": "Point", "coordinates": [ 135.609095300000035, 34.796811 ] } },
{ "type": "Feature", "properties": { "内容": "特別養護老人ホームぐんげ今城の丘【介護老人福祉施設】大阪府高槻市郡家本町１３番２３号", "url": "https://www.kaigokensaku.mhlw.go.jp/27/index.php?action_kouhyou_detail_004_kani=true&JigyosyoCd=2770903868-00&ServiceCd=510&Type=search", "url2": "http://www.syunjyukai.or.jp/" }, "geometry": { "type": "Point", "coordinates": [ 135.597792900000059, 34.8542519 ] } },
{ "type": "Feature", "properties": { "内容": "介護老人福祉施設　高槻けやきの郷【介護老人福祉施設】大阪府高槻市番田１丁目６０番１号", "url": "https://www.kaigokensaku.mhlw.go.jp/27/index.php?action_kouhyou_detail_004_kani=true&JigyosyoCd=2770901813-00&ServiceCd=510&Type=search", "url2": "http://swc-seikouen.jp/takatsuki/index.html" }, "geometry": { "type": "Point", "coordinates": [ 135.624676799999946, 34.8179784 ] } },
{ "type": "Feature", "properties": { "内容": "特別養護老人ホームミス・ブール記念ホーム【介護老人福祉施設】高槻市松ヶ丘１－２１－９", "url": "https://www.kaigokensaku.mhlw.go.jp/27/index.php?action_kouhyou_detail_004_kani=true&JigyosyoCd=2770900674-00&ServiceCd=510&Type=search", "url2": "http://yohane-g.jp/" }, "geometry": { "type": "Point", "coordinates": [ 135.599455574350486, 34.871634899206974 ] } },
{ "type": "Feature", "properties": { "内容": "特別養護老人ホームひばり苑【介護老人福祉施設】大阪府高槻市三箇牧二丁目20番3号", "url": "https://www.kaigokensaku.mhlw.go.jp/27/index.php?action_kouhyou_detail_004_kani=true&JigyosyoCd=2770901953-00&ServiceCd=510&Type=search", "url2": "http://tahoukai-hibarien.com" }, "geometry": { "type": "Point", "coordinates": [ 135.601785, 34.7978662 ] } },
{ "type": "Feature", "properties": { "内容": "特別養護老人ホーム高槻荘【介護老人福祉施設】大阪府高槻市郡家新町４８番７号", "url": "https://www.kaigokensaku.mhlw.go.jp/27/index.php?action_kouhyou_detail_004_kani=true&JigyosyoCd=2770901227-00&ServiceCd=510&Type=search", "url2": "https://takatsuki-huku2.wixsite.com/osj-takatukisou" }, "geometry": { "type": "Point", "coordinates": [ 135.595446909787029, 34.85184870664709 ] } },
{ "type": "Feature", "properties": { "内容": "特別養護老人ホーム　樫田の里【介護老人福祉施設】大阪府高槻市大字田能小字畑子谷１５番地１", "url": "https://www.kaigokensaku.mhlw.go.jp/27/index.php?action_kouhyou_detail_004_kani=true&JigyosyoCd=2770902266-00&ServiceCd=510&Type=search", "url2": "http://www.ryokufu1984.or.jp" }, "geometry": { "type": "Point", "coordinates": [ 135.589936699999953, 34.9530164 ] } },
{ "type": "Feature", "properties": { "内容": "高槻黄金の里特別養護老人ホーム【介護老人福祉施設】大阪府高槻市黄金の里1丁目14番8号", "url": "https://www.kaigokensaku.mhlw.go.jp/27/index.php?action_kouhyou_detail_004_kani=true&JigyosyoCd=2770900633-00&ServiceCd=510&Type=search", "url2": "http://www.kogane.or.jp" }, "geometry": { "type": "Point", "coordinates": [ 135.592104599999971, 34.87480510000001 ] } },
{ "type": "Feature", "properties": { "内容": "特別養護老人ホームエイペックスひろの【介護老人福祉施設】大阪府高槻市前島1丁目36番1号", "url": "https://www.kaigokensaku.mhlw.go.jp/27/index.php?action_kouhyou_detail_004_kani=true&JigyosyoCd=2770900831-00&ServiceCd=510&Type=search", "url2": "https://hironokai.com/" }, "geometry": { "type": "Point", "coordinates": [ 135.6452554, 34.8436843 ] } },
{ "type": "Feature", "properties": { "内容": "特別養護老人ホームリヴェスタ　ひろの【介護老人福祉施設】大阪府高槻市唐崎南３丁目３０番５号", "url": "https://www.kaigokensaku.mhlw.go.jp/27/index.php?action_kouhyou_detail_004_kani=true&JigyosyoCd=2770903256-00&ServiceCd=510&Type=search", "url2": "https://hironokai.com/" }, "geometry": { "type": "Point", "coordinates": [ 135.612866899999972, 34.8095569 ] } },
{ "type": "Feature", "properties": { "内容": "特別養護老人ホーム出丸苑【介護老人福祉施設】大阪府高槻市出丸町４番６２号", "url": "https://www.kaigokensaku.mhlw.go.jp/27/index.php?action_kouhyou_detail_004_kani=true&JigyosyoCd=2770902597-00&ServiceCd=510&Type=search", "url2": "http://demaruen-takatsuki.com" }, "geometry": { "type": "Point", "coordinates": [ 135.619179900000063, 34.8427172 ] } },
{ "type": "Feature", "properties": { "内容": "特別養護老人ホーム貝塚誠心園【介護老人福祉施設】大阪府貝塚市森1103-2", "url": "https://www.kaigokensaku.mhlw.go.jp/27/index.php?action_kouhyou_detail_004_kani=true&JigyosyoCd=2771300114-00&ServiceCd=510&Type=search", "url2": "http://seishinen.com" }, "geometry": { "type": "Point", "coordinates": [ 135.377351699999963, 34.4138872 ] } },
{ "type": "Feature", "properties": { "内容": "特別養護老人ホーム　水間ヶ丘【介護老人福祉施設】大阪府貝塚市水間１３７番１", "url": "https://www.kaigokensaku.mhlw.go.jp/27/index.php?action_kouhyou_detail_004_kani=true&JigyosyoCd=2771300122-00&ServiceCd=510&Type=search", "url2": "http://www.kenjinkai-mizuma.jp/" }, "geometry": { "type": "Point", "coordinates": [ 135.388136600000053, 34.4043275 ] } },
{ "type": "Feature", "properties": { "内容": "特別養護老人ホーム鶴見緑地苑【介護老人福祉施設】大阪府守口市菊水通3丁目16番2号", "url": "https://www.kaigokensaku.mhlw.go.jp/27/index.php?action_kouhyou_detail_004_kani=true&JigyosyoCd=2773202557-00&ServiceCd=510&Type=search", "url2": "https://www.seisuikai.net/" }, "geometry": { "type": "Point", "coordinates": [ 135.578330400000027, 34.7292546 ] } },
{ "type": "Feature", "properties": { "内容": "特別養護老人ホーム　なずな園【介護老人福祉施設】大阪府守口市八雲北町2丁目26番1号", "url": "https://www.kaigokensaku.mhlw.go.jp/27/index.php?action_kouhyou_detail_004_kani=true&JigyosyoCd=2773201872-00&ServiceCd=510&Type=search", "url2": "http://hakuseikai.jp" }, "geometry": { "type": "Point", "coordinates": [ 135.56271449999997, 34.75126 ] } },
{ "type": "Feature", "properties": { "内容": "特別養護老人ホームすずしろ園【介護老人福祉施設】守口市南寺方東通１－１３－１６", "url": "https://www.kaigokensaku.mhlw.go.jp/27/index.php?action_kouhyou_detail_004_kani=true&JigyosyoCd=2773200395-00&ServiceCd=510&Type=search", "url2": "http://www.hakuseikai.jp" }, "geometry": { "type": "Point", "coordinates": [ 135.5696815, 34.717203 ] } },
{ "type": "Feature", "properties": { "内容": "特別養護老人ホーム　フローラル【介護老人福祉施設】大阪府守口市大日町1-11-11", "url": "https://www.kaigokensaku.mhlw.go.jp/27/index.php?action_kouhyou_detail_004_kani=true&JigyosyoCd=2773200718-00&ServiceCd=510&Type=search", "url2": "http://www.floral.or.jp/" }, "geometry": { "type": "Point", "coordinates": [ 135.575360499999988, 34.75266 ] } },
{ "type": "Feature", "properties": { "内容": "特別養護老人ホーム守口荘【介護老人福祉施設】大阪府守口市八雲中町三丁目13番17号", "url": "https://www.kaigokensaku.mhlw.go.jp/27/index.php?action_kouhyou_detail_004_kani=true&JigyosyoCd=2773200338-00&ServiceCd=510&Type=search", "url2": "https://shirayuri-net.jp/" }, "geometry": { "type": "Point", "coordinates": [ 135.570769400000017, 34.7473467 ] } },
{ "type": "Feature", "properties": { "内容": "特別養護老人ホームたかせ若葉苑【介護老人福祉施設】守口市高瀬町５－８－１６", "url": "https://www.kaigokensaku.mhlw.go.jp/27/index.php?action_kouhyou_detail_004_kani=true&JigyosyoCd=2773200296-00&ServiceCd=510&Type=search", "url2": "https://www.takasewakabaen.com/" }, "geometry": { "type": "Point", "coordinates": [ 135.565612200000032, 34.72458 ] } },
{ "type": "Feature", "properties": { "内容": "特別養護老人ホーム梅香苑【介護老人福祉施設】大阪府守口市佐太中町６丁目４１番１９号", "url": "https://www.kaigokensaku.mhlw.go.jp/27/index.php?action_kouhyou_detail_004_kani=true&JigyosyoCd=2773200593-00&ServiceCd=510&Type=search", "url2": "http://www.bikouen.or.jp" }, "geometry": { "type": "Point", "coordinates": [ 135.588253500000064, 34.761909 ] } },
{ "type": "Feature", "properties": { "内容": "特別養護老人ホームしらかばホール【介護老人福祉施設】大阪府枚方市出屋敷西町２丁目１番１号", "url": "https://www.kaigokensaku.mhlw.go.jp/27/index.php?action_kouhyou_detail_004_kani=true&JigyosyoCd=2772402208-00&ServiceCd=510&Type=search", "url2": "http://www.misuzufukusikai.jp/" }, "geometry": { "type": "Point", "coordinates": [ 135.682613700000047, 34.8211539 ] } },
{ "type": "Feature", "properties": { "内容": "社会福祉法人希望会　特別養護老人ホームのぞみの杜【介護老人福祉施設】大阪府枚方市東中振２丁目１７番１３号", "url": "https://www.kaigokensaku.mhlw.go.jp/27/index.php?action_kouhyou_detail_004_kani=true&JigyosyoCd=2772408262-00&ServiceCd=510&Type=search", "url2": "http://kiboukai-nozomi.jp" }, "geometry": { "type": "Point", "coordinates": [ 135.6412454, 34.796344200000014 ] } },
{ "type": "Feature", "properties": { "内容": "ピープルハウス枚方【介護老人福祉施設】大阪府枚方市尊延寺１丁目４番１号", "url": "https://www.kaigokensaku.mhlw.go.jp/27/index.php?action_kouhyou_detail_004_kani=true&JigyosyoCd=2772400798-00&ServiceCd=510&Type=search", "url2": "http://www.koseikai.org" }, "geometry": { "type": "Point", "coordinates": [ 135.7254094, 34.805868 ] } },
{ "type": "Feature", "properties": { "内容": "アイリス【介護老人福祉施設】大阪府枚方市春日東町2丁目12番10号", "url": "https://www.kaigokensaku.mhlw.go.jp/27/index.php?action_kouhyou_detail_004_kani=true&JigyosyoCd=2772400665-00&ServiceCd=510&Type=search", "url2": "http://my-iris.jp/" }, "geometry": { "type": "Point", "coordinates": [ 135.693510300000071, 34.8022425 ] } },
{ "type": "Feature", "properties": { "内容": "特別養護老人ホーム　夢心【介護老人福祉施設】枚方市長尾北町１丁目１７８５番２", "url": "https://www.kaigokensaku.mhlw.go.jp/27/index.php?action_kouhyou_detail_004_kani=true&JigyosyoCd=2772403511-00&ServiceCd=510&Type=search", "url2": "http://www.seishow.or.jp" }, "geometry": { "type": "Point", "coordinates": [ 135.7000256, 34.8351807 ] } },
{ "type": "Feature", "properties": { "内容": "介護老人福祉施設　安心苑【介護老人福祉施設】大阪府枚方市招提北町2-25-1", "url": "https://www.kaigokensaku.mhlw.go.jp/27/index.php?action_kouhyou_detail_004_kani=true&JigyosyoCd=2772400483-00&ServiceCd=510&Type=search", "url2": "http://www.seishow.or.jp/" }, "geometry": { "type": "Point", "coordinates": [ 135.687551399999961, 34.8470317 ] } },
{ "type": "Feature", "properties": { "内容": "ひらかた聖徳園【介護老人福祉施設】大阪府枚方市香里ヶ丘3丁目15-1", "url": "https://www.kaigokensaku.mhlw.go.jp/27/index.php?action_kouhyou_detail_004_kani=true&JigyosyoCd=2772400889-00&ServiceCd=510&Type=search", "url2": "http://www.shotokuen.or.jp/" }, "geometry": { "type": "Point", "coordinates": [ 135.657485899999983, 34.7927675 ] } },
{ "type": "Feature", "properties": { "内容": "枚方市立特別養護老人ホーム【介護老人福祉施設】大阪府枚方市交北３丁目１－５２", "url": "https://www.kaigokensaku.mhlw.go.jp/27/index.php?action_kouhyou_detail_004_kani=true&JigyosyoCd=2772400590-00&ServiceCd=510&Type=search", "url2": "http://www.3poem.or.jp" }, "geometry": { "type": "Point", "coordinates": [ 135.67754709999997, 34.8342274 ] } },
{ "type": "Feature", "properties": { "内容": "特別養護老人ホーム御殿山カーム【介護老人福祉施設】大阪府枚方市渚西２丁目７番３０号", "url": "https://www.kaigokensaku.mhlw.go.jp/27/index.php?action_kouhyou_detail_004_kani=true&JigyosyoCd=2772402653-00&ServiceCd=510&Type=search", "url2": "http://www.ojunkai.com" }, "geometry": { "type": "Point", "coordinates": [ 135.652696600000013, 34.8318025 ] } },
{ "type": "Feature", "properties": { "内容": "特別養護老人ホーム里仁館【介護老人福祉施設】大阪府枚方市田口山2丁目5番1号", "url": "https://www.kaigokensaku.mhlw.go.jp/27/index.php?action_kouhyou_detail_004_kani=true&JigyosyoCd=2772400905-00&ServiceCd=510&Type=search", "url2": "http://rijinkan.or.jp/" }, "geometry": { "type": "Point", "coordinates": [ 135.6909571, 34.8307613 ] } },
{ "type": "Feature", "properties": { "内容": "特別養護老人ホーム　うぐいすの里【介護老人福祉施設】大阪府枚方市南中振3-8-20", "url": "https://www.kaigokensaku.mhlw.go.jp/27/index.php?action_kouhyou_detail_004_kani=true&JigyosyoCd=2772404246-00&ServiceCd=510&Type=search", "url2": "https://uguisunosato.or.jp/" }, "geometry": { "type": "Point", "coordinates": [ 135.6211025, 34.7907649 ] } },
{ "type": "Feature", "properties": { "内容": "特別養護老人ホーム　津田荘【介護老人福祉施設】大阪府枚方市津田東町２丁目１番１号", "url": "https://www.kaigokensaku.mhlw.go.jp/27/index.php?action_kouhyou_detail_004_kani=true&JigyosyoCd=2772400319-00&ServiceCd=510&Type=search", "url2": "http://hirakataryoiku-med.or.jp" }, "geometry": { "type": "Point", "coordinates": [ 135.711160899999982, 34.8114421 ] } },
{ "type": "Feature", "properties": { "内容": "特別養護老人ホーム　いこいの里【介護老人福祉施設】大阪府枚方市交北二丁目10-1", "url": "https://www.kaigokensaku.mhlw.go.jp/27/index.php?action_kouhyou_detail_004_kani=true&JigyosyoCd=2772403735-00&ServiceCd=510&Type=search", "url2": "http://www.syoujukai.org/" }, "geometry": { "type": "Point", "coordinates": [ 135.676536199999987, 34.8285696 ] } },
{ "type": "Feature", "properties": { "内容": "いこいの里【介護老人福祉施設】大阪府枚方市交北二丁目10番1号", "url": "https://www.kaigokensaku.mhlw.go.jp/27/index.php?action_kouhyou_detail_004_kani=true&JigyosyoCd=2772409468-00&ServiceCd=510&Type=search", "url2": "http://www.syoujukai.org" }, "geometry": { "type": "Point", "coordinates": [ 135.6764921, 34.8286855 ] } },
{ "type": "Feature", "properties": { "内容": "特別養護老人ホーム　悠々の苑【介護老人福祉施設】大阪府枚方市交北３－１－５０", "url": "https://www.kaigokensaku.mhlw.go.jp/27/index.php?action_kouhyou_detail_004_kani=true&JigyosyoCd=2772400947-00&ServiceCd=510&Type=search", "url2": "https://care-net.biz/27/yuuyuunosono/" }, "geometry": { "type": "Point", "coordinates": [ 135.67712210000002, 34.8346912 ] } },
{ "type": "Feature", "properties": { "内容": "特別養護老人ホーム美郷【介護老人福祉施設】大阪府枚方市西招提町1253番地", "url": "https://www.kaigokensaku.mhlw.go.jp/27/index.php?action_kouhyou_detail_004_kani=true&JigyosyoCd=2772402166-00&ServiceCd=510&Type=search", "url2": "http://www.misugikai.jp/" }, "geometry": { "type": "Point", "coordinates": [ 135.6811993, 34.8443208 ] } },
{ "type": "Feature", "properties": { "内容": "特別養護老人ホーム香里美来【介護老人福祉施設】大阪府枚方市東香里1丁目18-12", "url": "https://www.kaigokensaku.mhlw.go.jp/27/index.php?action_kouhyou_detail_004_kani=true&JigyosyoCd=2772410128-00&ServiceCd=510&Type=search", "url2": "https://misugikai.jp" }, "geometry": { "type": "Point", "coordinates": [ 135.654003, 34.779772806068323 ] } },
{ "type": "Feature", "properties": { "内容": "特別養護老人ホーム　サール・ナート【介護老人福祉施設】大阪府枚方市高田２丁目４０－１", "url": "https://www.kaigokensaku.mhlw.go.jp/27/index.php?action_kouhyou_detail_004_kani=true&JigyosyoCd=2772402844-00&ServiceCd=510&Type=search", "url2": "http://www.valsta.jp" }, "geometry": { "type": "Point", "coordinates": [ 135.6633187, 34.777014 ] } },
{ "type": "Feature", "properties": { "内容": "特別養護老人ホームコムシェいばらき【介護老人福祉施設】大阪府茨木市玉島1丁目28番1号", "url": "https://www.kaigokensaku.mhlw.go.jp/27/index.php?action_kouhyou_detail_004_kani=true&JigyosyoCd=2774202010-00&ServiceCd=510&Type=search", "url2": "http://keishokai.org/" }, "geometry": { "type": "Point", "coordinates": [ 135.5874533, 34.7987546 ] } },
{ "type": "Feature", "properties": { "内容": "茨木特別養護老人ホームラガール【介護老人福祉施設】大阪府茨木市大字安威12番地", "url": "https://www.kaigokensaku.mhlw.go.jp/27/index.php?action_kouhyou_detail_004_kani=true&JigyosyoCd=2774202051-00&ServiceCd=510&Type=search", "url2": "http://www.koudoukai.or.jp/ibaraki/" }, "geometry": { "type": "Point", "coordinates": [ 135.565362700000037, 34.8489767 ] } },
{ "type": "Feature", "properties": { "内容": "特別養護老人ホーム豊川の郷【介護老人福祉施設】大阪府茨木市豊川４丁目３５番３１号", "url": "https://www.kaigokensaku.mhlw.go.jp/27/index.php?action_kouhyou_detail_004_kani=true&JigyosyoCd=2774202283-00&ServiceCd=510&Type=search", "url2": "http://www.to-wakai.or.jp" }, "geometry": { "type": "Point", "coordinates": [ 135.527818900000057, 34.8338801 ] } },
{ "type": "Feature", "properties": { "内容": "特別養護老人ホーム　春風【介護老人福祉施設】大阪府茨木市南安威2丁目10番5号", "url": "https://www.kaigokensaku.mhlw.go.jp/27/index.php?action_kouhyou_detail_004_kani=true&JigyosyoCd=2774201616-00&ServiceCd=510&Type=search", "url2": "http://www.tanaka-hsp.or.jp" }, "geometry": { "type": "Point", "coordinates": [ 135.5600048, 34.8422912 ] } },
{ "type": "Feature", "properties": { "内容": "特別養護老人ホーム春日丘荘【介護老人福祉施設】茨木市南春日丘7丁目11番22号", "url": "https://www.kaigokensaku.mhlw.go.jp/27/index.php?action_kouhyou_detail_004_kani=true&JigyosyoCd=2774201160-00&ServiceCd=510&Type=search", "url2": "http://www.kasugaoka.net/" }, "geometry": { "type": "Point", "coordinates": [ 135.530335700000023, 34.821065 ] } },
{ "type": "Feature", "properties": { "内容": "特別養護老人ホーム　茨木荘【介護老人福祉施設】大阪府茨木市丑寅2-1-5", "url": "https://www.kaigokensaku.mhlw.go.jp/27/index.php?action_kouhyou_detail_004_kani=true&JigyosyoCd=2774200832-00&ServiceCd=510&Type=search", "url2": "http://www.tenno.or.jp" }, "geometry": { "type": "Point", "coordinates": [ 135.558362632540934, 34.797105629214322 ] } },
{ "type": "Feature", "properties": { "内容": "特別養護老人ホーム　聖和荘【介護老人福祉施設】大阪府茨木市畑田町11番25号", "url": "https://www.kaigokensaku.mhlw.go.jp/27/index.php?action_kouhyou_detail_004_kani=true&JigyosyoCd=2774200360-00&ServiceCd=510&Type=search", "url2": "http://www.ibarakikouseikai.or.jp" }, "geometry": { "type": "Point", "coordinates": [ 135.565660100000059, 34.8296344 ] } },
{ "type": "Feature", "properties": { "内容": "特別養護老人ホーム　常清の里【介護老人福祉施設】大阪府茨木市清水一丁目２８番２２号", "url": "https://www.kaigokensaku.mhlw.go.jp/27/index.php?action_kouhyou_detail_004_kani=true&JigyosyoCd=2774200444-00&ServiceCd=510&Type=search", "url2": "http://www.keitokukai.or.jp/" }, "geometry": { "type": "Point", "coordinates": [ 135.528849300000047, 34.837577 ] } },
{ "type": "Feature", "properties": { "内容": "特別養護老人ホーム春菊苑【介護老人福祉施設】茨木市見付山1-10-25", "url": "https://www.kaigokensaku.mhlw.go.jp/27/index.php?action_kouhyou_detail_004_kani=true&JigyosyoCd=2774200410-00&ServiceCd=510&Type=search", "url2": "http://www.keitokukai.or.jp/" }, "geometry": { "type": "Point", "coordinates": [ 135.554433600000038, 34.8195961 ] } },
{ "type": "Feature", "properties": { "内容": "特別養護老人ホーム　庄栄エルダーセンター【介護老人福祉施設】大阪府茨木市庄2丁目7番38号", "url": "https://www.kaigokensaku.mhlw.go.jp/27/index.php?action_kouhyou_detail_004_kani=true&JigyosyoCd=2774200840-00&ServiceCd=510&Type=search", "url2": "http://care-net.biz/27/shouei" }, "geometry": { "type": "Point", "coordinates": [ 135.580925500000035, 34.8239909 ] } },
{ "type": "Feature", "properties": { "内容": "特別養護老人ホーム　萱振苑【介護老人福祉施設】大阪府八尾市萱振町5丁目10番地", "url": "https://www.kaigokensaku.mhlw.go.jp/27/index.php?action_kouhyou_detail_004_kani=true&JigyosyoCd=2775500313-00&ServiceCd=510&Type=search", "url2": "tukushikayahuri.sakura.ne.jp/" }, "geometry": { "type": "Point", "coordinates": [ 135.606704400000012, 34.6435507 ] } },
{ "type": "Feature", "properties": { "内容": "特別養護老人ホーム　吉兆苑【介護老人福祉施設】大阪府八尾市幸町六丁目33番地2", "url": "https://www.kaigokensaku.mhlw.go.jp/27/index.php?action_kouhyou_detail_004_kani=true&JigyosyoCd=2775500354-00&ServiceCd=510&Type=search", "url2": "http://www.kicchouen.com" }, "geometry": { "type": "Point", "coordinates": [ 135.606432, 34.6500555 ] } },
{ "type": "Feature", "properties": { "内容": "特別養護老人ホーム　ピュア【介護老人福祉施設】大阪府八尾市郡川2丁目33番地１", "url": "https://www.kaigokensaku.mhlw.go.jp/27/index.php?action_kouhyou_detail_004_kani=true&JigyosyoCd=2775501980-00&ServiceCd=510&Type=search", "url2": "http://www.kaguyamakai.com" }, "geometry": { "type": "Point", "coordinates": [ 135.6365575, 34.6242976 ] } },
{ "type": "Feature", "properties": { "内容": "特別養護老人ホーム　信貴の里【介護老人福祉施設】八尾市服部川5丁目7番地2", "url": "https://www.kaigokensaku.mhlw.go.jp/27/index.php?action_kouhyou_detail_004_kani=true&JigyosyoCd=2775500412-00&ServiceCd=510&Type=search", "url2": "http://shiginosato.com" }, "geometry": { "type": "Point", "coordinates": [ 135.63881, 34.628125 ] } },
{ "type": "Feature", "properties": { "内容": "特別養護老人ホーム四天王寺大畑山苑【介護老人福祉施設】大阪府八尾市大字恩智1092-2", "url": "https://www.kaigokensaku.mhlw.go.jp/27/index.php?action_kouhyou_detail_004_kani=true&JigyosyoCd=2775505791-00&ServiceCd=510&Type=search", "url2": "http://www.shitennoji-fukushi.jp/oohatayamaen/" }, "geometry": { "type": "Point", "coordinates": [ 135.6362603, 34.6095687 ] } },
{ "type": "Feature", "properties": { "内容": "特別養護老人ホーム成法苑【介護老人福祉施設】大阪府八尾市南本町3-4-5", "url": "https://www.kaigokensaku.mhlw.go.jp/27/index.php?action_kouhyou_detail_004_kani=true&JigyosyoCd=2775500321-00&ServiceCd=510&Type=search", "url2": "http://www.yaorinpokan.or.jp/" }, "geometry": { "type": "Point", "coordinates": [ 135.60546880000004, 34.6226392 ] } },
{ "type": "Feature", "properties": { "内容": "特別養護老人ホームあすか八尾【介護老人福祉施設】大阪府八尾市太子堂四丁目２番３３号", "url": "https://www.kaigokensaku.mhlw.go.jp/27/index.php?action_kouhyou_detail_004_kani=true&JigyosyoCd=2775500990-00&ServiceCd=510&Type=search", "url2": "http://www.tomojyu.or.jp" }, "geometry": { "type": "Point", "coordinates": [ 135.586118199999987, 34.6144063 ] } },
{ "type": "Feature", "properties": { "内容": "特別養護老人ホーム長生園【介護老人福祉施設】大阪府八尾市光南町１丁目４番８号", "url": "https://www.kaigokensaku.mhlw.go.jp/27/index.php?action_kouhyou_detail_004_kani=true&JigyosyoCd=2775501758-00&ServiceCd=510&Type=search", "url2": "https://www.yojukai.net/" }, "geometry": { "type": "Point", "coordinates": [ 135.598738899999944, 34.6241666 ] } },
{ "type": "Feature", "properties": { "内容": "特別養護老人ホーム　ホーム太子堂【介護老人福祉施設】八尾市太子堂４－１－３２", "url": "https://www.kaigokensaku.mhlw.go.jp/27/index.php?action_kouhyou_detail_004_kani=true&JigyosyoCd=2775500610-00&ServiceCd=510&Type=search", "url2": "http://www.ryuge.or.jp/" }, "geometry": { "type": "Point", "coordinates": [ 135.586193200000025, 34.6150395 ] } },
{ "type": "Feature", "properties": { "内容": "特別養護老人ホーム　幸寿【介護老人福祉施設】八尾市太田３丁目１９２番地２特別養護老人ホーム　幸寿", "url": "https://www.kaigokensaku.mhlw.go.jp/27/index.php?action_kouhyou_detail_004_kani=true&JigyosyoCd=2775501147-00&ServiceCd=510&Type=search", "url2": null }, "geometry": { "type": "Point", "coordinates": [ 135.589302, 34.5903866 ] } },
{ "type": "Feature", "properties": { "内容": "特別養護老人ホーム寿光園【介護老人福祉施設】大阪府八尾市楽音寺2-125", "url": "https://www.kaigokensaku.mhlw.go.jp/27/index.php?action_kouhyou_detail_004_kani=true&JigyosyoCd=2775500552-00&ServiceCd=510&Type=search", "url2": "http://jyukouen.jyukoukai.org" }, "geometry": { "type": "Point", "coordinates": [ 135.638759899999968, 34.6410847 ] } },
{ "type": "Feature", "properties": { "内容": "特別養護老人ホーム　しあわせの郷【介護老人福祉施設】大阪府八尾市郡川三丁目80番地1", "url": "https://www.kaigokensaku.mhlw.go.jp/27/index.php?action_kouhyou_detail_004_kani=true&JigyosyoCd=2775502244-00&ServiceCd=510&Type=search", "url2": "http://shiawasenosato.com/" }, "geometry": { "type": "Point", "coordinates": [ 135.635068700000033, 34.6221173 ] } },
{ "type": "Feature", "properties": { "内容": "特別養護老人ホーム　高秀苑【介護老人福祉施設】八尾市桂町５丁目１１－６特別養護老人ホーム　高秀苑", "url": "https://www.kaigokensaku.mhlw.go.jp/27/index.php?action_kouhyou_detail_004_kani=true&JigyosyoCd=2775502236-00&ServiceCd=510&Type=search", "url2": "http://koushuen.com" }, "geometry": { "type": "Point", "coordinates": [ 135.614161200000012, 34.643882800000021 ] } },
{ "type": "Feature", "properties": { "内容": "特別養護老人ホーム久宝寺愛の郷【介護老人福祉施設】大阪府八尾市久宝寺三丁目15-38", "url": "https://www.kaigokensaku.mhlw.go.jp/27/index.php?action_kouhyou_detail_004_kani=true&JigyosyoCd=2775505221-00&ServiceCd=510&Type=search", "url2": "https://kyuhoji-ainosato.jp/" }, "geometry": { "type": "Point", "coordinates": [ 135.587679998757949, 34.629708447586026 ] } },
{ "type": "Feature", "properties": { "内容": "特別養護老人ホーム　高安の郷【介護老人福祉施設】大阪府八尾市服部川４丁目７７番地１", "url": "https://www.kaigokensaku.mhlw.go.jp/27/index.php?action_kouhyou_detail_004_kani=true&JigyosyoCd=2775501725-00&ServiceCd=510&Type=search", "url2": "www.meiwa.or.jp" }, "geometry": { "type": "Point", "coordinates": [ 135.641648700000019, 34.6253447 ] } },
{ "type": "Feature", "properties": { "内容": "特別養護老人ホーム　犬鳴山荘【介護老人福祉施設】大阪府泉佐野市土丸３８８番地", "url": "https://www.kaigokensaku.mhlw.go.jp/27/index.php?action_kouhyou_detail_004_kani=true&JigyosyoCd=2774500306-00&ServiceCd=510&Type=search", "url2": "http://www.inunaki.or.jp" }, "geometry": { "type": "Point", "coordinates": [ 135.348992783992003, 34.372571321640194 ] } },
{ "type": "Feature", "properties": { "内容": "特別養護老人ホーム　泉ヶ丘園【介護老人福祉施設】大阪府泉佐野市土丸531", "url": "https://www.kaigokensaku.mhlw.go.jp/27/index.php?action_kouhyou_detail_004_kani=true&JigyosyoCd=2774500421-00&ServiceCd=510&Type=search", "url2": "http://izumigaokaen.or.jp/" }, "geometry": { "type": "Point", "coordinates": [ 135.346941300000026, 34.3699279 ] } },
{ "type": "Feature", "properties": { "内容": "特別養護老人ホーム　泉ヶ丘園りんくう【介護老人福祉施設】大阪府泉佐野市りんくう往来南５－１７", "url": "https://www.kaigokensaku.mhlw.go.jp/27/index.php?action_kouhyou_detail_004_kani=true&JigyosyoCd=2774501007-00&ServiceCd=510&Type=search", "url2": "http://izumigaokaen.or.jp" }, "geometry": { "type": "Point", "coordinates": [ 135.292634200000066, 34.4034534 ] } },
{ "type": "Feature", "properties": { "内容": "特別養護老人ホーム　ホライズン【介護老人福祉施設】大阪府泉佐野市鶴原1071－1", "url": "https://www.kaigokensaku.mhlw.go.jp/27/index.php?action_kouhyou_detail_004_kani=true&JigyosyoCd=2774500884-00&ServiceCd=510&Type=search", "url2": "http://www.horizon.or.jp" }, "geometry": { "type": "Point", "coordinates": [ 135.3435217, 34.4177747 ] } },
{ "type": "Feature", "properties": { "内容": "特別養護老人ホーム　　オレンジ荘【介護老人福祉施設】大阪府富田林市大字龍泉８７７－７８", "url": "https://www.kaigokensaku.mhlw.go.jp/27/index.php?action_kouhyou_detail_004_kani=true&JigyosyoCd=2774900308-00&ServiceCd=510&Type=search", "url2": "http://www.orange.or.jp/" }, "geometry": { "type": "Point", "coordinates": [ 135.596530900000062, 34.4645871 ] } },
{ "type": "Feature", "properties": { "内容": "特別養護老人ホーム　喜志菊水苑【介護老人福祉施設】大阪府富田林市喜志町３丁目１番３３号", "url": "https://www.kaigokensaku.mhlw.go.jp/27/index.php?action_kouhyou_detail_004_kani=true&JigyosyoCd=2774900845-00&ServiceCd=510&Type=search", "url2": "http://www.kikusuien.com/" }, "geometry": { "type": "Point", "coordinates": [ 135.609767599999941, 34.5222778 ] } },
{ "type": "Feature", "properties": { "内容": "特別養護老人ホーム　錦織荘【介護老人福祉施設】大阪府富田林市錦織東三丁目４番１８号", "url": "https://www.kaigokensaku.mhlw.go.jp/27/index.php?action_kouhyou_detail_004_kani=true&JigyosyoCd=2774900118-00&ServiceCd=510&Type=search", "url2": "http://tomiwakai.or.jp" }, "geometry": { "type": "Point", "coordinates": [ 135.585097809834707, 34.47777919148394 ] } },
{ "type": "Feature", "properties": { "内容": "富田林特別養護老人ホーム富美ヶ丘荘【介護老人福祉施設】大阪府富田林市向陽台一丁目3番22号", "url": "https://www.kaigokensaku.mhlw.go.jp/27/index.php?action_kouhyou_detail_004_kani=true&JigyosyoCd=2774900621-00&ServiceCd=510&Type=search", "url2": "https://tondabayashi.saiseikai.or.jp/fumigaokasou/" }, "geometry": { "type": "Point", "coordinates": [ 135.583032943516542, 34.502081033178072 ] } },
{ "type": "Feature", "properties": { "内容": "かんなびのさと【介護老人福祉施設】大阪府富田林市大字甘南備216番地", "url": "https://www.kaigokensaku.mhlw.go.jp/27/index.php?action_kouhyou_detail_004_kani=true&JigyosyoCd=2774901520-00&ServiceCd=510&Type=search", "url2": "http://www.sfj-osaka.net" }, "geometry": { "type": "Point", "coordinates": [ 135.5966922, 34.453721500000015 ] } },
{ "type": "Feature", "properties": { "内容": "特別養護老人ホーム東神田の里【介護老人福祉施設】大阪府寝屋川市東神田町19番1号", "url": "https://www.kaigokensaku.mhlw.go.jp/27/index.php?action_kouhyou_detail_004_kani=true&JigyosyoCd=2770304562-00&ServiceCd=510&Type=search", "url2": "http://www.iwaki-kai.or.jp/" }, "geometry": { "type": "Point", "coordinates": [ 135.613576400000056, 34.7558633 ] } },
{ "type": "Feature", "properties": { "内容": "特別養護老人ホーム　寝屋川十字の園【介護老人福祉施設】大阪府寝屋川市池田3丁目1番33号", "url": "https://www.kaigokensaku.mhlw.go.jp/27/index.php?action_kouhyou_detail_004_kani=true&JigyosyoCd=2770300396-00&ServiceCd=510&Type=search", "url2": "https://jyuji.net" }, "geometry": { "type": "Point", "coordinates": [ 135.614112490213017, 34.773601072091921 ] } },
{ "type": "Feature", "properties": { "内容": "特別養護老人ホーム幸楽の里ねや川【介護老人福祉施設】大阪府寝屋川市葛原二丁目4番31号特別養護老人ホーム幸楽の里ねや川", "url": "https://www.kaigokensaku.mhlw.go.jp/27/index.php?action_kouhyou_detail_004_kani=true&JigyosyoCd=2770304638-00&ServiceCd=510&Type=search", "url2": "http://keieifukushikai.com/" }, "geometry": { "type": "Point", "coordinates": [ 135.603215175198443, 34.771352381523592 ] } },
{ "type": "Feature", "properties": { "内容": "特別養護老人ホーム　香里寿苑【介護老人福祉施設】大阪府寝屋川市寿町32番20号", "url": "https://www.kaigokensaku.mhlw.go.jp/27/index.php?action_kouhyou_detail_004_kani=true&JigyosyoCd=2770302244-00&ServiceCd=510&Type=search", "url2": "https://kousei-fukushikai.or.jp" }, "geometry": { "type": "Point", "coordinates": [ 135.628671599999961, 34.7818771 ] } },
{ "type": "Feature", "properties": { "内容": "特別養護老人ホームロイヤルライフ天寿苑【介護老人福祉施設】大阪府寝屋川市御幸東町９番２号", "url": "https://www.kaigokensaku.mhlw.go.jp/27/index.php?action_kouhyou_detail_004_kani=true&JigyosyoCd=2770302772-00&ServiceCd=510&Type=search", "url2": "https://tenjyuen.jimdoweb.com" }, "geometry": { "type": "Point", "coordinates": [ 135.606691, 34.7524385 ] } },
{ "type": "Feature", "properties": { "内容": "特別養護老人ホーム　かわきた園【介護老人福祉施設】大阪府寝屋川市河北東町18-1", "url": "https://www.kaigokensaku.mhlw.go.jp/27/index.php?action_kouhyou_detail_004_kani=true&JigyosyoCd=2770300305-00&ServiceCd=510&Type=search", "url2": "http://syueikai.jp/tokuyou/" }, "geometry": { "type": "Point", "coordinates": [ 135.6319254, 34.7289139 ] } },
{ "type": "Feature", "properties": { "内容": "特別養護老人ホームさくら園【介護老人福祉施設】大阪府寝屋川市打上南町14番1-2号", "url": "https://www.kaigokensaku.mhlw.go.jp/27/index.php?action_kouhyou_detail_004_kani=true&JigyosyoCd=2770305601-00&ServiceCd=510&Type=search", "url2": "https://sakuraen-osaka.org" }, "geometry": { "type": "Point", "coordinates": [ 135.648672176582323, 34.753417775848526 ] } },
{ "type": "Feature", "properties": { "内容": "特別養護老人ホーム寝屋川苑【介護老人福祉施設】大阪府寝屋川市宇谷町１番３６号", "url": "https://www.kaigokensaku.mhlw.go.jp/27/index.php?action_kouhyou_detail_004_kani=true&JigyosyoCd=2770300701-00&ServiceCd=510&Type=search", "url2": "http://www.neyagawaen.com/" }, "geometry": { "type": "Point", "coordinates": [ 135.645059299999957, 34.7673344 ] } },
{ "type": "Feature", "properties": { "内容": "特別養護老人ホーム和の里【介護老人福祉施設】大阪府寝屋川市高柳一丁目１番１５号", "url": "https://www.kaigokensaku.mhlw.go.jp/27/index.php?action_kouhyou_detail_004_kani=true&JigyosyoCd=2770302657-00&ServiceCd=510&Type=search", "url2": "http://www.iwaki-kai.or.jp" }, "geometry": { "type": "Point", "coordinates": [ 135.613041213491783, 34.765026680742565 ] } },
{ "type": "Feature", "properties": { "内容": "特別養護老人ホーム　寝屋川石津園【介護老人福祉施設】大阪府寝屋川市石津中町35番8号", "url": "https://www.kaigokensaku.mhlw.go.jp/27/index.php?action_kouhyou_detail_004_kani=true&JigyosyoCd=2770300727-00&ServiceCd=510&Type=search", "url2": "http://www.ishiduen.net" }, "geometry": { "type": "Point", "coordinates": [ 135.62090569999998, 34.7772776 ] } },
{ "type": "Feature", "properties": { "内容": "特別養護老人ホーム　香西園【介護老人福祉施設】大阪府寝屋川市香里西之町１４番２４号", "url": "https://www.kaigokensaku.mhlw.go.jp/27/index.php?action_kouhyou_detail_004_kani=true&JigyosyoCd=2770300693-00&ServiceCd=510&Type=search", "url2": null }, "geometry": { "type": "Point", "coordinates": [ 135.627252, 34.7892318 ] } },
{ "type": "Feature", "properties": { "内容": "特別養護老人ホーム　いちょう園【介護老人福祉施設】大阪府寝屋川市打上南町１４番１号", "url": "https://www.kaigokensaku.mhlw.go.jp/27/index.php?action_kouhyou_detail_004_kani=true&JigyosyoCd=2770300636-00&ServiceCd=510&Type=search", "url2": "https://ichouen.org/" }, "geometry": { "type": "Point", "coordinates": [ 135.649331599999982, 34.7535138 ] } },
{ "type": "Feature", "properties": { "内容": "特別養護老人ホーム合掌荘【介護老人福祉施設】大阪府寝屋川市成田東が丘28番7号", "url": "https://www.kaigokensaku.mhlw.go.jp/27/index.php?action_kouhyou_detail_004_kani=true&JigyosyoCd=2770300495-00&ServiceCd=510&Type=search", "url2": "http://www.gassyoukai.com/" }, "geometry": { "type": "Point", "coordinates": [ 135.646547528528458, 34.777922944918018 ] } },
{ "type": "Feature", "properties": { "内容": "特別養護老人ホーム　ラ・フォート河内長野【介護老人福祉施設】大阪府河内長野市木戸1丁目31番25号", "url": "https://www.kaigokensaku.mhlw.go.jp/27/index.php?action_kouhyou_detail_004_kani=true&JigyosyoCd=2770703094-00&ServiceCd=510&Type=search", "url2": "https://yasuragi-kai.com/" }, "geometry": { "type": "Point", "coordinates": [ 135.570413563229408, 34.47011781758048 ] } },
{ "type": "Feature", "properties": { "内容": "特別養護老人ホーム　あかしあ【介護老人福祉施設】大阪府河内長野市あかしあ台2丁目6番15号", "url": "https://www.kaigokensaku.mhlw.go.jp/27/index.php?action_kouhyou_detail_004_kani=true&JigyosyoCd=2770700538-00&ServiceCd=510&Type=search", "url2": "https://www.ontoku.or.jp/" }, "geometry": { "type": "Point", "coordinates": [ 135.553608516587218, 34.467235189477925 ] } },
{ "type": "Feature", "properties": { "内容": "特別養護老人ホーム生登福祉ケアセンター【介護老人福祉施設】大阪府河内長野市高向２７４番１", "url": "https://www.kaigokensaku.mhlw.go.jp/27/index.php?action_kouhyou_detail_004_kani=true&JigyosyoCd=2770700652-00&ServiceCd=510&Type=search", "url2": "http://www.teramoto.or.jp" }, "geometry": { "type": "Point", "coordinates": [ 135.546414, 34.4367309 ] } },
{ "type": "Feature", "properties": { "内容": "特別養護老人ホーム　スリーハートの丘【介護老人福祉施設】大阪府河内長野市上原町５５４番地", "url": "https://www.kaigokensaku.mhlw.go.jp/27/index.php?action_kouhyou_detail_004_kani=true&JigyosyoCd=2770700355-00&ServiceCd=510&Type=search", "url2": "http://www.naganozaidan.jp" }, "geometry": { "type": "Point", "coordinates": [ 135.557110911024552, 34.444528577353658 ] } },
{ "type": "Feature", "properties": { "内容": "特別養護老人ホーム　寿里苑【介護老人福祉施設】大阪府河内長野市小山田町448番地の2", "url": "https://www.kaigokensaku.mhlw.go.jp/27/index.php?action_kouhyou_detail_004_kani=true&JigyosyoCd=2770700207-00&ServiceCd=510&Type=search", "url2": "http://www.julien.or.jp" }, "geometry": { "type": "Point", "coordinates": [ 135.553021299999955, 34.451821 ] } },
{ "type": "Feature", "properties": { "内容": "大阪老人ホームうえだ【介護老人福祉施設】松原市上田８－１１－１１", "url": "https://www.kaigokensaku.mhlw.go.jp/27/index.php?action_kouhyou_detail_004_kani=true&JigyosyoCd=2774801415-00&ServiceCd=510&Type=search", "url2": "http://www.shoutokukai.net" }, "geometry": { "type": "Point", "coordinates": [ 135.562124499999982, 34.571005 ] } },
{ "type": "Feature", "properties": { "内容": "大阪老人ホーム【介護老人福祉施設】大阪府松原市阿保3－14－22", "url": "https://www.kaigokensaku.mhlw.go.jp/27/index.php?action_kouhyou_detail_004_kani=true&JigyosyoCd=2774800243-00&ServiceCd=510&Type=search", "url2": "http://www.shoutokukai.net/" }, "geometry": { "type": "Point", "coordinates": [ 135.5542527, 34.5795567 ] } },
{ "type": "Feature", "properties": { "内容": "特別養護老人ホーム　遊づる【介護老人福祉施設】大阪府松原市岡１丁目１８４－１", "url": "https://www.kaigokensaku.mhlw.go.jp/27/index.php?action_kouhyou_detail_004_kani=true&JigyosyoCd=2774800219-00&ServiceCd=510&Type=search", "url2": "http://www.akatsuki.or.jp/" }, "geometry": { "type": "Point", "coordinates": [ 135.551650399999971, 34.5631698 ] } },
{ "type": "Feature", "properties": { "内容": "特別養護老人ホーム寿里苑サラ【介護老人福祉施設】松原市丹南4丁目172", "url": "https://www.kaigokensaku.mhlw.go.jp/27/index.php?action_kouhyou_detail_004_kani=true&JigyosyoCd=2774800706-00&ServiceCd=510&Type=search", "url2": "http://www.julien.or.jp/" }, "geometry": { "type": "Point", "coordinates": [ 135.5610663, 34.5589148 ] } },
{ "type": "Feature", "properties": { "内容": "特別養護老人ホーム　和光苑【介護老人福祉施設】大東市野崎3丁目12番1号", "url": "https://www.kaigokensaku.mhlw.go.jp/27/index.php?action_kouhyou_detail_004_kani=true&JigyosyoCd=2771900244-00&ServiceCd=510&Type=search", "url2": "http://www.kyouseikai.org/" }, "geometry": { "type": "Point", "coordinates": [ 135.645719, 34.7151544 ] } },
{ "type": "Feature", "properties": { "内容": "特別養護老人ホームあいの里竜間【介護老人福祉施設】大阪府大東市大字龍間６７３番地３", "url": "https://www.kaigokensaku.mhlw.go.jp/27/index.php?action_kouhyou_detail_004_kani=true&JigyosyoCd=2771900319-00&ServiceCd=510&Type=search", "url2": "http://ainosato-tatsuma.or.jp/" }, "geometry": { "type": "Point", "coordinates": [ 135.660776199999987, 34.7079443 ] } },
{ "type": "Feature", "properties": { "内容": "特別養護老人ホーム　生駒園【介護老人福祉施設】大東市龍間1304番地の4", "url": "https://www.kaigokensaku.mhlw.go.jp/27/index.php?action_kouhyou_detail_004_kani=true&JigyosyoCd=2771900061-00&ServiceCd=510&Type=search", "url2": "http://syueikai.jp/tokuyou/" }, "geometry": { "type": "Point", "coordinates": [ 135.6612705, 34.7111689 ] } },
{ "type": "Feature", "properties": { "内容": "特別養護老人ホーム　南郷の里【介護老人福祉施設】大阪府大東市氷野二丁目１番１３号", "url": "https://www.kaigokensaku.mhlw.go.jp/27/index.php?action_kouhyou_detail_004_kani=true&JigyosyoCd=2771900822-00&ServiceCd=510&Type=search", "url2": "http://www.souseifukusikai.com/" }, "geometry": { "type": "Point", "coordinates": [ 135.617985, 34.7110431 ] } },
{ "type": "Feature", "properties": { "内容": "特別養護老人ホーム　みどりの里【介護老人福祉施設】大阪府大東市北条６丁目２２３０番地の２", "url": "https://www.kaigokensaku.mhlw.go.jp/27/index.php?action_kouhyou_detail_004_kani=true&JigyosyoCd=2771900392-00&ServiceCd=510&Type=search", "url2": "http://www.osaka-midorinosato.com/" }, "geometry": { "type": "Point", "coordinates": [ 135.647340900000017, 34.7253533 ] } },
{ "type": "Feature", "properties": { "内容": "和泉北信太特別養護老人ホーム【介護老人福祉施設】大阪府和泉市上町４０３番地の１", "url": "https://www.kaigokensaku.mhlw.go.jp/27/index.php?action_kouhyou_detail_004_kani=true&JigyosyoCd=2770500920-00&ServiceCd=510&Type=search", "url2": "http://www.itokukai.com" }, "geometry": { "type": "Point", "coordinates": [ 135.449613199999931, 34.5106267 ] } },
{ "type": "Feature", "properties": { "内容": "ピープルハウス和泉【介護老人福祉施設】大阪府和泉市和気町２丁目１３番３５号", "url": "https://www.kaigokensaku.mhlw.go.jp/27/index.php?action_kouhyou_detail_004_kani=true&JigyosyoCd=2770500755-00&ServiceCd=510&Type=search", "url2": "http://www.koseikai.org" }, "geometry": { "type": "Point", "coordinates": [ 135.418955099999948, 34.4778833 ] } },
{ "type": "Feature", "properties": { "内容": "特別養護老人ホーム光明荘【介護老人福祉施設】大阪府和泉市伏屋町３丁目８番１号", "url": "https://www.kaigokensaku.mhlw.go.jp/27/index.php?action_kouhyou_detail_004_kani=true&JigyosyoCd=2770500706-00&ServiceCd=510&Type=search", "url2": "http://www.komyoso.jp/" }, "geometry": { "type": "Point", "coordinates": [ 135.470300400000042, 34.4765421 ] } },
{ "type": "Feature", "properties": { "内容": "特別養護老人ホーム　唐国園【介護老人福祉施設】大阪府和泉市唐国町四丁目１５－５６", "url": "https://www.kaigokensaku.mhlw.go.jp/27/index.php?action_kouhyou_detail_004_kani=true&JigyosyoCd=2770500250-00&ServiceCd=510&Type=search", "url2": "http://ctaka81.moon.bindcloud.jp/" }, "geometry": { "type": "Point", "coordinates": [ 135.444592100000023, 34.4485566 ] } },
{ "type": "Feature", "properties": { "内容": "特別養護老人ホーム　ビオラ和泉【介護老人福祉施設】大阪府和泉市和気町３丁目５－１９", "url": "https://www.kaigokensaku.mhlw.go.jp/27/index.php?action_kouhyou_detail_004_kani=true&JigyosyoCd=2770500243-00&ServiceCd=510&Type=search", "url2": "http://viola-izumi.com/" }, "geometry": { "type": "Point", "coordinates": [ 135.425565600000027, 34.4796387 ] } },
{ "type": "Feature", "properties": { "内容": "特別養護老人ホーム　ＦＬＯＲＡ【介護老人福祉施設】大阪府和泉市内田町三丁目９番３８号", "url": "https://www.kaigokensaku.mhlw.go.jp/27/index.php?action_kouhyou_detail_004_kani=true&JigyosyoCd=2770504658-00&ServiceCd=510&Type=search", "url2": "http://floraizumikai.com/" }, "geometry": { "type": "Point", "coordinates": [ 135.450874856437281, 34.44722096484184 ] } },
{ "type": "Feature", "properties": { "内容": "特別養護老人ホームひかりの園【介護老人福祉施設】大阪府　和泉市　下宮町141番地1", "url": "https://www.kaigokensaku.mhlw.go.jp/27/index.php?action_kouhyou_detail_004_kani=true&JigyosyoCd=2770500383-00&ServiceCd=510&Type=search", "url2": "http://izumi-fukushikai.com/hikari/" }, "geometry": { "type": "Point", "coordinates": [ 135.491524499999969, 34.4320197 ] } },
{ "type": "Feature", "properties": { "内容": "特別養護老人ホーム箕面の郷【介護老人福祉施設】大阪府箕面市石丸1丁目14番1号", "url": "https://www.kaigokensaku.mhlw.go.jp/27/index.php?action_kouhyou_detail_004_kani=true&JigyosyoCd=2771400781-00&ServiceCd=510&Type=search", "url2": "http://www.sanyoufukushikai.com/" }, "geometry": { "type": "Point", "coordinates": [ 135.4996602, 34.8369768 ] } },
{ "type": "Feature", "properties": { "内容": "特別養護老人ホーム白島荘【介護老人福祉施設】大阪府箕面市白島三丁目５番５０号", "url": "https://www.kaigokensaku.mhlw.go.jp/27/index.php?action_kouhyou_detail_004_kani=true&JigyosyoCd=2771400500-00&ServiceCd=510&Type=search", "url2": "https://hakushimasou.jp/" }, "geometry": { "type": "Point", "coordinates": [ 135.490775406745911, 34.838880798327821 ] } },
{ "type": "Feature", "properties": { "内容": "特別養護老人ホーム紅葉の郷【介護老人福祉施設】大阪府箕面市稲6-11-20", "url": "https://www.kaigokensaku.mhlw.go.jp/27/index.php?action_kouhyou_detail_004_kani=true&JigyosyoCd=2771400195-00&ServiceCd=510&Type=search", "url2": "http://www.hijiri.or.jp" }, "geometry": { "type": "Point", "coordinates": [ 135.4814927, 34.8191228 ] } },
{ "type": "Feature", "properties": { "内容": "あかつき特別養護老人ホーム【介護老人福祉施設】大阪府箕面市白島3-16-1", "url": "https://www.kaigokensaku.mhlw.go.jp/27/index.php?action_kouhyou_detail_004_kani=true&JigyosyoCd=2771400302-00&ServiceCd=510&Type=search", "url2": "https://gyoukoukai.jp/" }, "geometry": { "type": "Point", "coordinates": [ 135.489130499999987, 34.8415596 ] } },
{ "type": "Feature", "properties": { "内容": "特別養護老人ホーム照葉の里【介護老人福祉施設】大阪府箕面市下止々呂美561番地", "url": "https://www.kaigokensaku.mhlw.go.jp/27/index.php?action_kouhyou_detail_004_kani=true&JigyosyoCd=2771400203-00&ServiceCd=510&Type=search", "url2": "http://www.terihanosato.com/" }, "geometry": { "type": "Point", "coordinates": [ 135.4626515, 34.8851077 ] } },
{ "type": "Feature", "properties": { "内容": "特別養護老人ホームはくとう【介護老人福祉施設】大阪府柏原市大字青谷2104番地の1", "url": "https://www.kaigokensaku.mhlw.go.jp/27/index.php?action_kouhyou_detail_004_kani=true&JigyosyoCd=2774600114-00&ServiceCd=510&Type=search", "url2": "https://meijyukai.jp/" }, "geometry": { "type": "Point", "coordinates": [ 135.655781599999955, 34.5737445 ] } },
{ "type": "Feature", "properties": { "内容": "特別養護老人ホーム柏寿【介護老人福祉施設】大阪府柏原市大字高井田650番1", "url": "https://www.kaigokensaku.mhlw.go.jp/27/index.php?action_kouhyou_detail_004_kani=true&JigyosyoCd=2774600320-00&ServiceCd=510&Type=search", "url2": "http://kasijyu.jyukoukai.org/" }, "geometry": { "type": "Point", "coordinates": [ 135.633752004320513, 34.57333299690378 ] } },
{ "type": "Feature", "properties": { "内容": "特別養護老人ホーム高寿【介護老人福祉施設】大阪府柏原市大字高井田650番1", "url": "https://www.kaigokensaku.mhlw.go.jp/27/index.php?action_kouhyou_detail_004_kani=true&JigyosyoCd=2774600320-00&ServiceCd=510&Type=search", "url2": "http://jyukoukai.org/index1.html" }, "geometry": { "type": "Point", "coordinates": [ 135.6374805, 34.5720948 ] } },
{ "type": "Feature", "properties": { "内容": "特別養護老人ホーム　大阪「好意の庭」【介護老人福祉施設】大阪府柏原市旭ヶ丘3丁目13番45号", "url": "https://www.kaigokensaku.mhlw.go.jp/27/index.php?action_kouhyou_detail_004_kani=true&JigyosyoCd=2774600213-00&ServiceCd=510&Type=search", "url2": "http://www.osakakoinonia.jp" }, "geometry": { "type": "Point", "coordinates": [ 135.6388614, 34.5571993 ] } },
{ "type": "Feature", "properties": { "内容": "特別養護老人ホーム　第二好意の庭【介護老人福祉施設】大阪府柏原市国分市場1-9-45特別養護老人ホーム第二好意の庭", "url": "https://www.kaigokensaku.mhlw.go.jp/27/index.php?action_kouhyou_detail_004_kani=true&JigyosyoCd=2774600254-00&ServiceCd=510&Type=search", "url2": "http://www.koinonia.or.jp/koinonia2/" }, "geometry": { "type": "Point", "coordinates": [ 135.6487802, 34.5715238 ] } },
{ "type": "Feature", "properties": { "内容": "特別養護老人ホーム　スマイル【介護老人福祉施設】大阪府羽曳野市尺度３８２番地の5", "url": "https://www.kaigokensaku.mhlw.go.jp/27/index.php?action_kouhyou_detail_004_kani=true&JigyosyoCd=2773800798-00&ServiceCd=510&Type=search", "url2": "http://smile-habikino.jp/" }, "geometry": { "type": "Point", "coordinates": [ 135.598743499999955, 34.5316849 ] } },
{ "type": "Feature", "properties": { "内容": "特別養護老人ホーム河原城苑【介護老人福祉施設】大阪府羽曳野市河原城９２７番地", "url": "https://www.kaigokensaku.mhlw.go.jp/27/index.php?action_kouhyou_detail_004_kani=true&JigyosyoCd=2773800517-00&ServiceCd=510&Type=search", "url2": "http://kawaharajoen.com" }, "geometry": { "type": "Point", "coordinates": [ 135.575306700000027, 34.5479994 ] } },
{ "type": "Feature", "properties": { "内容": "四天王寺悲田院特別養護老人ホーム【介護老人福祉施設】羽曳野市学園前6-1-1", "url": "https://www.kaigokensaku.mhlw.go.jp/27/index.php?action_kouhyou_detail_004_kani=true&JigyosyoCd=2773800509-00&ServiceCd=510&Type=search", "url2": "http://www.shitennoji-fukushi.jp/" }, "geometry": { "type": "Point", "coordinates": [ 135.584641899999951, 34.5482521 ] } },
{ "type": "Feature", "properties": { "内容": "特別養護老人ホームあすくの里【介護老人福祉施設】大阪府羽曳野市飛鳥１１番", "url": "https://www.kaigokensaku.mhlw.go.jp/27/index.php?action_kouhyou_detail_004_kani=true&JigyosyoCd=2773801135-00&ServiceCd=510&Type=search", "url2": "https://www.daichofuku.or.jp/" }, "geometry": { "type": "Point", "coordinates": [ 135.634561100000042, 34.5357963 ] } },
{ "type": "Feature", "properties": { "内容": "羽曳野特別養護老人ホーム【介護老人福祉施設】大阪府羽曳野市古市2271番地114", "url": "https://www.kaigokensaku.mhlw.go.jp/27/index.php?action_kouhyou_detail_004_kani=true&JigyosyoCd=2773800434-00&ServiceCd=510&Type=search", "url2": "http://www.waetsukai.jp/" }, "geometry": { "type": "Point", "coordinates": [ 135.62979340000004, 34.5305135 ] } },
{ "type": "Feature", "properties": { "内容": "特別養護老人ホーム　アンジュ【介護老人福祉施設】大阪府羽曳野市野371番地", "url": "https://www.kaigokensaku.mhlw.go.jp/27/index.php?action_kouhyou_detail_004_kani=true&JigyosyoCd=2773800111-00&ServiceCd=510&Type=search", "url2": "http://tokuyou-ange.jp" }, "geometry": { "type": "Point", "coordinates": [ 135.573267900000019, 34.5612756 ] } },
{ "type": "Feature", "properties": { "内容": "特別養護老人ホーム門真荘【介護老人福祉施設】大阪府門真市堂山町２５－２０", "url": "https://www.kaigokensaku.mhlw.go.jp/27/index.php?action_kouhyou_detail_004_kani=true&JigyosyoCd=2772600363-00&ServiceCd=510&Type=search", "url2": "http://www.kadomasou.jp" }, "geometry": { "type": "Point", "coordinates": [ 135.5796742, 34.744796874633614 ] } },
{ "type": "Feature", "properties": { "内容": "特別養護老人ホーム三養苑【介護老人福祉施設】大阪府門真市桑才町19番25号特別養護老人ホーム三養苑", "url": "https://www.kaigokensaku.mhlw.go.jp/27/index.php?action_kouhyou_detail_004_kani=true&JigyosyoCd=2772600314-00&ServiceCd=510&Type=search", "url2": "http://www.sanyofukushikai.com" }, "geometry": { "type": "Point", "coordinates": [ 135.591773800000027, 34.7222222 ] } },
{ "type": "Feature", "properties": { "内容": "ナーシングホーム智鳥【介護老人福祉施設】大阪府門真市北島町12番20号", "url": "https://www.kaigokensaku.mhlw.go.jp/27/index.php?action_kouhyou_detail_004_kani=true&JigyosyoCd=2772600223-00&ServiceCd=510&Type=search", "url2": "https://www.chidori.or.jp" }, "geometry": { "type": "Point", "coordinates": [ 135.594651842991624, 34.723467673822874 ] } },
{ "type": "Feature", "properties": { "内容": "ケアホームちどり【介護老人福祉施設】大阪府門真市柳田町15番23号", "url": "https://www.kaigokensaku.mhlw.go.jp/27/index.php?action_kouhyou_detail_004_kani=true&JigyosyoCd=2772603649-00&ServiceCd=510&Type=search", "url2": "http://www.chidori.or.jp" }, "geometry": { "type": "Point", "coordinates": [ 135.589127123360669, 34.730905876512473 ] } },
{ "type": "Feature", "properties": { "内容": "特別養護老人ホーム　門真千寿園【介護老人福祉施設】大阪府門真市野口822", "url": "https://www.kaigokensaku.mhlw.go.jp/27/index.php?action_kouhyou_detail_004_kani=true&JigyosyoCd=2772600926-00&ServiceCd=510&Type=search", "url2": null }, "geometry": { "type": "Point", "coordinates": [ 135.6047112, 34.7280107 ] } },
{ "type": "Feature", "properties": { "内容": "特別養護老人ホーム　はるかの郷【介護老人福祉施設】大阪府門真市柳田町27番21号", "url": "https://www.kaigokensaku.mhlw.go.jp/27/index.php?action_kouhyou_detail_004_kani=true&JigyosyoCd=2772600470-00&ServiceCd=510&Type=search", "url2": "https://eastroad.jp" }, "geometry": { "type": "Point", "coordinates": [ 135.5922402, 34.7288548 ] } },
{ "type": "Feature", "properties": { "内容": "特別養護老人ホームせっつ桜苑【介護老人福祉施設】大阪府摂津市桜町1丁目1番11号せっつ桜苑", "url": "https://www.kaigokensaku.mhlw.go.jp/27/index.php?action_kouhyou_detail_004_kani=true&JigyosyoCd=2773701145-00&ServiceCd=510&Type=search", "url2": "https://swc-seikouen.jp/settsu-sakuraen/" }, "geometry": { "type": "Point", "coordinates": [ 135.56016969999996, 34.7884856 ] } },
{ "type": "Feature", "properties": { "内容": "特別養護老人ホームとりかい白鷺園【介護老人福祉施設】大阪府摂津市鳥飼中１丁目19番8号", "url": "https://www.kaigokensaku.mhlw.go.jp/27/index.php?action_kouhyou_detail_004_kani=true&JigyosyoCd=2773700212-00&ServiceCd=510&Type=search", "url2": "http://www.shirasagien.com/" }, "geometry": { "type": "Point", "coordinates": [ 135.5914252, 34.7798598 ] } },
{ "type": "Feature", "properties": { "内容": "介護老人福祉施設　「摂津特養ひかり」【介護老人福祉施設】摂津市鳥飼八防2-7-12", "url": "https://www.kaigokensaku.mhlw.go.jp/27/index.php?action_kouhyou_detail_004_kani=true&JigyosyoCd=2773700592-00&ServiceCd=510&Type=search", "url2": "https://settsu-tokuyou-hikari.jp/" }, "geometry": { "type": "Point", "coordinates": [ 135.573374100000024, 34.7695632 ] } },
{ "type": "Feature", "properties": { "内容": "特別養護老人ホーム摂津いやし園【介護老人福祉施設】大阪府摂津市鳥飼下１－１３－７", "url": "https://www.kaigokensaku.mhlw.go.jp/27/index.php?action_kouhyou_detail_004_kani=true&JigyosyoCd=2773700162-00&ServiceCd=510&Type=search", "url2": "https://iyashien.com" }, "geometry": { "type": "Point", "coordinates": [ 135.587633899999986, 34.7766378 ] } },
{ "type": "Feature", "properties": { "内容": "高石特別養護老人ホーム【介護老人福祉施設】大阪府高石市取石５丁目８番１５号", "url": "https://www.kaigokensaku.mhlw.go.jp/27/index.php?action_kouhyou_detail_004_kani=true&JigyosyoCd=2775300177-00&ServiceCd=510&Type=search", "url2": "http://www.itokukai.com" }, "geometry": { "type": "Point", "coordinates": [ 135.444577399999957, 34.5132847 ] } },
{ "type": "Feature", "properties": { "内容": "特別養護老人ホーム　アウェイク東羽衣【介護老人福祉施設】大阪府高石市東羽衣2-14-18", "url": "https://www.kaigokensaku.mhlw.go.jp/27/index.php?action_kouhyou_detail_004_kani=true&JigyosyoCd=2775300151-00&ServiceCd=510&Type=search", "url2": "http://aueiku.jp/" }, "geometry": { "type": "Point", "coordinates": [ 135.444963, 34.5314188 ] } },
{ "type": "Feature", "properties": { "内容": "藤井寺特別養護老人ホーム【介護老人福祉施設】大阪府藤井寺市藤井寺4-11-7", "url": "https://www.kaigokensaku.mhlw.go.jp/27/index.php?action_kouhyou_detail_004_kani=true&JigyosyoCd=2773400151-00&ServiceCd=510&Type=search", "url2": "http://www.misasagikai.or.jp" }, "geometry": { "type": "Point", "coordinates": [ 135.595890700000041, 34.5651892 ] } },
{ "type": "Feature", "properties": { "内容": "特別養護老人ホーム　つどうホール【介護老人福祉施設】大阪府藤井寺市小山３丁目１５１番地の1", "url": "https://www.kaigokensaku.mhlw.go.jp/27/index.php?action_kouhyou_detail_004_kani=true&JigyosyoCd=2773400375-00&ServiceCd=510&Type=search", "url2": "http://www.misasagikai.or.jp" }, "geometry": { "type": "Point", "coordinates": [ 135.587791299999907, 34.5816763 ] } },
{ "type": "Feature", "properties": { "内容": "大阪老人ホーム惣社【介護老人福祉施設】大阪府藤井寺市惣社2丁目5番15号", "url": "https://www.kaigokensaku.mhlw.go.jp/27/index.php?action_kouhyou_detail_004_kani=true&JigyosyoCd=2773400193-00&ServiceCd=510&Type=search", "url2": "https://www.shoutokukai.net/" }, "geometry": { "type": "Point", "coordinates": [ 135.621037500000057, 34.5765277 ] } },
{ "type": "Feature", "properties": { "内容": "特別養護老人ホーム八戸ノ里向日葵【介護老人福祉施設】大阪府東大阪市若江西新町3-1-9", "url": "https://www.kaigokensaku.mhlw.go.jp/27/index.php?action_kouhyou_detail_004_kani=true&JigyosyoCd=2775012525-00&ServiceCd=510&Type=search", "url2": "http://www.tamami.or.jp/yaenosato.shtml" }, "geometry": { "type": "Point", "coordinates": [ 135.596593799999937, 34.6556576 ] } },
{ "type": "Feature", "properties": { "内容": "特別養護老人ホームアーバンケア八戸ノ里【介護老人福祉施設】大阪府東大阪市御厨中２－３－３２", "url": "https://www.kaigokensaku.mhlw.go.jp/27/index.php?action_kouhyou_detail_004_kani=true&JigyosyoCd=2775009331-00&ServiceCd=510&Type=search", "url2": "http://yoshijukai.or.jp/" }, "geometry": { "type": "Point", "coordinates": [ 135.591909877632162, 34.666087225448457 ] } },
{ "type": "Feature", "properties": { "内容": "特別養護老人ホーム　恵の里【介護老人福祉施設】大阪府東大阪市東鴻池町２丁目３番２５号", "url": "https://www.kaigokensaku.mhlw.go.jp/27/index.php?action_kouhyou_detail_004_kani=true&JigyosyoCd=2775005966-00&ServiceCd=510&Type=search", "url2": "http://www.meguminosato.jp/" }, "geometry": { "type": "Point", "coordinates": [ 135.61739369999998, 34.692370199999978 ] } },
{ "type": "Feature", "properties": { "内容": "特別養護老人ホーム　ラプラージュ【介護老人福祉施設】大阪府東大阪市池島町８－２－１０", "url": "https://www.kaigokensaku.mhlw.go.jp/27/index.php?action_kouhyou_detail_004_kani=true&JigyosyoCd=2775006451-00&ServiceCd=510&Type=search", "url2": "http://hohoemi-fukushi.jp/laplage/" }, "geometry": { "type": "Point", "coordinates": [ 135.6271494, 34.6544859 ] } },
{ "type": "Feature", "properties": { "内容": "特別養護老人ホーム　きずり逢花苑【介護老人福祉施設】大阪府東大阪市衣摺６－１２－３", "url": "https://www.kaigokensaku.mhlw.go.jp/27/index.php?action_kouhyou_detail_004_kani=true&JigyosyoCd=2775005172-00&ServiceCd=510&Type=search", "url2": "https://www.ontoku.or.jp/facilities/kizuri-home/" }, "geometry": { "type": "Point", "coordinates": [ 135.566727600000036, 34.6392034 ] } },
{ "type": "Feature", "properties": { "内容": "特別養護老人ホーム向日葵【介護老人福祉施設】大阪府東大阪市玉串町東1丁目10番20号", "url": "https://www.kaigokensaku.mhlw.go.jp/27/index.php?action_kouhyou_detail_004_kani=true&JigyosyoCd=2775004787-00&ServiceCd=510&Type=search", "url2": "http://www.tamami.or.jp" }, "geometry": { "type": "Point", "coordinates": [ 135.621538800000053, 34.6560079 ] } },
{ "type": "Feature", "properties": { "内容": "特別養護老人ホーム　なるかわ苑【介護老人福祉施設】大阪府東大阪市上六万寺町１３番４０号", "url": "https://www.kaigokensaku.mhlw.go.jp/27/index.php?action_kouhyou_detail_004_kani=true&JigyosyoCd=2775003557-00&ServiceCd=510&Type=search", "url2": "https://koyu-fukushikai.jp/" }, "geometry": { "type": "Point", "coordinates": [ 135.651966600000037, 34.6552613 ] } },
{ "type": "Feature", "properties": { "内容": "特別養護老人ホーム　レーベンズポルト【介護老人福祉施設】大阪府東大阪市長栄寺21番24号", "url": "https://www.kaigokensaku.mhlw.go.jp/27/index.php?action_kouhyou_detail_004_kani=true&JigyosyoCd=2775001544-00&ServiceCd=510&Type=search", "url2": "https://jueikai.or.jp" }, "geometry": { "type": "Point", "coordinates": [ 135.571698500000025, 34.6684559 ] } },
{ "type": "Feature", "properties": { "内容": "特別養護老人ホーム　六万寺園【介護老人福祉施設】大阪府東大阪市六万寺町1-21-7", "url": "https://www.kaigokensaku.mhlw.go.jp/27/index.php?action_kouhyou_detail_004_kani=true&JigyosyoCd=2775000660-00&ServiceCd=510&Type=search", "url2": "http://syueikai.jp/tokuyou/" }, "geometry": { "type": "Point", "coordinates": [ 135.6510862, 34.6525615 ] } },
{ "type": "Feature", "properties": { "内容": "特別養護老人ホーム　春光園【介護老人福祉施設】大阪府東大阪市横枕８番３４号", "url": "https://www.kaigokensaku.mhlw.go.jp/27/index.php?action_kouhyou_detail_004_kani=true&JigyosyoCd=2775001437-00&ServiceCd=510&Type=search", "url2": "http://www.shunkouen.jp/" }, "geometry": { "type": "Point", "coordinates": [ 135.6082894, 34.6809049 ] } },
{ "type": "Feature", "properties": { "内容": "特別養護老人ホーム　みのわの里【介護老人福祉施設】東大阪市古箕輪１－３－２８", "url": "https://www.kaigokensaku.mhlw.go.jp/27/index.php?action_kouhyou_detail_004_kani=true&JigyosyoCd=2775000975-00&ServiceCd=510&Type=search", "url2": "https://www.kawafukukai.or.jp/" }, "geometry": { "type": "Point", "coordinates": [ 135.6166134, 34.6859959 ] } },
{ "type": "Feature", "properties": { "内容": "特別養護老人ホーム布市福寿苑【介護老人福祉施設】東大阪市布市町２－１２－２", "url": "https://www.kaigokensaku.mhlw.go.jp/27/index.php?action_kouhyou_detail_004_kani=true&JigyosyoCd=2775002351-00&ServiceCd=510&Type=search", "url2": "https://kawafukukai.or.jp/" }, "geometry": { "type": "Point", "coordinates": [ 135.639469700000063, 34.6945704 ] } },
{ "type": "Feature", "properties": { "内容": "特別養護老人ホーム　福寿苑【介護老人福祉施設】大阪府東大阪市出雲井本町3番25号", "url": "https://www.kaigokensaku.mhlw.go.jp/27/index.php?action_kouhyou_detail_004_kani=true&JigyosyoCd=2775001106-00&ServiceCd=510&Type=search", "url2": "http://kawafukukai.or.jp" }, "geometry": { "type": "Point", "coordinates": [ 135.6461084, 34.6692903 ] } },
{ "type": "Feature", "properties": { "内容": "特別養護老人ホーム　サンホーム【介護老人福祉施設】大阪府東大阪市御厨南3-1-18", "url": "https://www.kaigokensaku.mhlw.go.jp/27/index.php?action_kouhyou_detail_004_kani=true&JigyosyoCd=2775001270-00&ServiceCd=510&Type=search", "url2": "http://osakaymca.or.jp/kourei/sunhome/index.html" }, "geometry": { "type": "Point", "coordinates": [ 135.592902200000026, 34.6649011 ] } },
{ "type": "Feature", "properties": { "内容": "特別養護老人ホーム　ヴェルディ八戸ノ里【介護老人福祉施設】大阪府東大阪市下小阪四丁目7番36号", "url": "https://www.kaigokensaku.mhlw.go.jp/27/index.php?action_kouhyou_detail_004_kani=true&JigyosyoCd=2775003946-00&ServiceCd=510&Type=search", "url2": "https://verdy-ten.jp/" }, "geometry": { "type": "Point", "coordinates": [ 135.591316399999982, 34.6608654 ] } },
{ "type": "Feature", "properties": { "内容": "特別養護老人ホーム　千寿園【介護老人福祉施設】大阪府東大阪市南荘町１３番３８号", "url": "https://www.kaigokensaku.mhlw.go.jp/27/index.php?action_kouhyou_detail_004_kani=true&JigyosyoCd=2775001981-00&ServiceCd=510&Type=search", "url2": null }, "geometry": { "type": "Point", "coordinates": [ 135.645580600000017, 34.674723 ] } },
{ "type": "Feature", "properties": { "内容": "特別養護老人ホーム　アーバンケア稲田【介護老人福祉施設】東大阪市稲田新町１丁目１０番１号", "url": "https://www.kaigokensaku.mhlw.go.jp/27/index.php?action_kouhyou_detail_004_kani=true&JigyosyoCd=2775001908-00&ServiceCd=510&Type=search", "url2": "http://yoshijukai.or.jp/" }, "geometry": { "type": "Point", "coordinates": [ 135.583547400000043, 34.689226 ] } },
{ "type": "Feature", "properties": { "内容": "特別養護老人ホームアーバンケア御厨【介護老人福祉施設】東大阪市御厨東１丁目９番１６号", "url": "https://www.kaigokensaku.mhlw.go.jp/27/index.php?action_kouhyou_detail_004_kani=true&JigyosyoCd=2775005487-00&ServiceCd=510&Type=search", "url2": "http://yoshijukai.or.jp/" }, "geometry": { "type": "Point", "coordinates": [ 135.591838300000063, 34.6701201 ] } },
{ "type": "Feature", "properties": { "内容": "特別養護老人ホーム　アーバンケア島之内【介護老人福祉施設】東大阪市吉田本町１丁目１０番１３号", "url": "https://www.kaigokensaku.mhlw.go.jp/27/index.php?action_kouhyou_detail_004_kani=true&JigyosyoCd=2775001130-00&ServiceCd=510&Type=search", "url2": "http://yoshijukai.or.jp/" }, "geometry": { "type": "Point", "coordinates": [ 135.6212577, 34.6753 ] } },
{ "type": "Feature", "properties": { "内容": "特別養護老人ホーム　ビオスの丘【介護老人福祉施設】大阪府東大阪市善根寺町１丁目５番３１号", "url": "https://www.kaigokensaku.mhlw.go.jp/27/index.php?action_kouhyou_detail_004_kani=true&JigyosyoCd=2775003763-00&ServiceCd=510&Type=search", "url2": "https://jinpu-kai.com/company/" }, "geometry": { "type": "Point", "coordinates": [ 135.649932900000067, 34.6989175 ] } },
{ "type": "Feature", "properties": { "内容": "特別養護老人ホームアンパス東大阪【介護老人福祉施設】大阪府東大阪市若江南町3丁目7番7号", "url": "https://www.kaigokensaku.mhlw.go.jp/27/index.php?action_kouhyou_detail_004_kani=true&JigyosyoCd=2775001411-00&ServiceCd=510&Type=search", "url2": "http://www.ayumi-kai.net/" }, "geometry": { "type": "Point", "coordinates": [ 135.600129700000025, 34.6541689 ] } },
{ "type": "Feature", "properties": { "内容": "特別養護老人ホームかわち野里ながせ【介護老人福祉施設】大阪府東大阪市長瀬町１－５－１３", "url": "https://www.kaigokensaku.mhlw.go.jp/27/index.php?action_kouhyou_detail_004_kani=true&JigyosyoCd=2775013853-00&ServiceCd=510&Type=search", "url2": "http://kawatino.jp/" }, "geometry": { "type": "Point", "coordinates": [ 135.5753681, 34.6511522 ] } },
{ "type": "Feature", "properties": { "内容": "特別養護老人ホーム　イースタンビラ【介護老人福祉施設】東大阪市寿町1‐9‐39", "url": "https://www.kaigokensaku.mhlw.go.jp/27/index.php?action_kouhyou_detail_004_kani=true&JigyosyoCd=2775001536-00&ServiceCd=510&Type=search", "url2": "http://toujyukai.or.jp/" }, "geometry": { "type": "Point", "coordinates": [ 135.568885300000034, 34.65254920000001 ] } },
{ "type": "Feature", "properties": { "内容": "特別養護老人ホーム　たちばなの里【介護老人福祉施設】大阪府東大阪市岸田堂北町6番1号", "url": "https://www.kaigokensaku.mhlw.go.jp/27/index.php?action_kouhyou_detail_004_kani=true&JigyosyoCd=2775001064-00&ServiceCd=510&Type=search", "url2": "http://tatibananosato.or.jp/" }, "geometry": { "type": "Point", "coordinates": [ 135.565028112303139, 34.656339364471677 ] } },
{ "type": "Feature", "properties": { "内容": "特別養護老人ホーム　たちばなの里別館永楽【介護老人福祉施設】大阪府東大阪市寺前町1丁目４番２１号", "url": "https://www.kaigokensaku.mhlw.go.jp/27/index.php?action_kouhyou_detail_004_kani=true&JigyosyoCd=2775009612-00&ServiceCd=510&Type=search", "url2": "http://tatibananosato.or.jp" }, "geometry": { "type": "Point", "coordinates": [ 135.566068800000039, 34.6559904 ] } },
{ "type": "Feature", "properties": { "内容": "特別養護老人ホームせんわ【介護老人福祉施設】大阪府泉南市信達金熊寺530-1", "url": "https://www.kaigokensaku.mhlw.go.jp/27/index.php?action_kouhyou_detail_004_kani=true&JigyosyoCd=2775600220-00&ServiceCd=510&Type=search", "url2": "http://www.senwa.or.jp" }, "geometry": { "type": "Point", "coordinates": [ 135.2920861, 34.3337007 ] } },
{ "type": "Feature", "properties": { "内容": "泉南特別養護老人ホームなでしこりんくう【介護老人福祉施設】大阪府泉南市りんくう南浜3番7", "url": "https://www.kaigokensaku.mhlw.go.jp/27/index.php?action_kouhyou_detail_004_kani=true&JigyosyoCd=2775600337-00&ServiceCd=510&Type=search", "url2": "http://www.saiseikaisennan.jp" }, "geometry": { "type": "Point", "coordinates": [ 135.26463960000001, 34.3794086 ] } },
{ "type": "Feature", "properties": { "内容": "特別養護養護老人ホーム　六尾の郷【介護老人福祉施設】泉南市信達金熊寺130番地", "url": "https://www.kaigokensaku.mhlw.go.jp/27/index.php?action_kouhyou_detail_004_kani=true&JigyosyoCd=2775600147-00&ServiceCd=510&Type=search", "url2": "http://www.chojukai.or.jp" }, "geometry": { "type": "Point", "coordinates": [ 135.286106651034515, 34.346715752329921 ] } },
{ "type": "Feature", "properties": { "内容": "特別養護老人ホーム　田原荘【介護老人福祉施設】大阪府四條畷市上田原597番地", "url": "https://www.kaigokensaku.mhlw.go.jp/27/index.php?action_kouhyou_detail_004_kani=true&JigyosyoCd=2775700160-00&ServiceCd=510&Type=search", "url2": "http://www.wakoucai.or.jp/taharasou/" }, "geometry": { "type": "Point", "coordinates": [ 135.696658500000012, 34.7224983 ] } },
{ "type": "Feature", "properties": { "内容": "特別養護老人ホーム清滝らくらく苑【介護老人福祉施設】大阪府四條畷市清滝中町1-3", "url": "https://www.kaigokensaku.mhlw.go.jp/27/index.php?action_kouhyou_detail_004_kani=true&JigyosyoCd=2775700392-00&ServiceCd=510&Type=search", "url2": "http://www.sanrokukai.com/" }, "geometry": { "type": "Point", "coordinates": [ 135.651468, 34.7386101 ] } },
{ "type": "Feature", "properties": { "内容": "特別養護老人ホーム四條畷荘【介護老人福祉施設】四條畷市北出町28番1号", "url": "https://www.kaigokensaku.mhlw.go.jp/27/index.php?action_kouhyou_detail_004_kani=true&JigyosyoCd=2775700269-00&ServiceCd=510&Type=search", "url2": "https://4jou.jp/" }, "geometry": { "type": "Point", "coordinates": [ 135.630161600000065, 34.736477 ] } },
{ "type": "Feature", "properties": { "内容": "特別養護老人ホームるうてるホーム【介護老人福祉施設】大阪府四條畷市岡山五丁目１９番２０号", "url": "https://www.kaigokensaku.mhlw.go.jp/27/index.php?action_kouhyou_detail_004_kani=true&JigyosyoCd=2775700194-00&ServiceCd=510&Type=search", "url2": "https://www.ruuteruhome.or.jp" }, "geometry": { "type": "Point", "coordinates": [ 135.637861855558782, 34.74797584488978 ] } },
{ "type": "Feature", "properties": { "内容": "特別養護老人ホーム美来【介護老人福祉施設】大阪府交野市倉治四丁目４０番７号", "url": "https://www.kaigokensaku.mhlw.go.jp/27/index.php?action_kouhyou_detail_004_kani=true&JigyosyoCd=2773600719-00&ServiceCd=510&Type=search", "url2": "http://www.misugikai.jp" }, "geometry": { "type": "Point", "coordinates": [ 135.684886199999937, 34.7956513 ] } },
{ "type": "Feature", "properties": { "内容": "特別養護老人ホーム明星【介護老人福祉施設】大阪府交野市星田８丁目６番７号", "url": "https://www.kaigokensaku.mhlw.go.jp/27/index.php?action_kouhyou_detail_004_kani=true&JigyosyoCd=2773600172-00&ServiceCd=510&Type=search", "url2": "https://www.h-myojo.or.jp" }, "geometry": { "type": "Point", "coordinates": [ 135.6700128, 34.7638407 ] } },
{ "type": "Feature", "properties": { "内容": "特別養護老人ホーム　天の川明星【介護老人福祉施設】大阪府交野市藤が尾２－５－２２", "url": "https://www.kaigokensaku.mhlw.go.jp/27/index.php?action_kouhyou_detail_004_kani=true&JigyosyoCd=2773600156-00&ServiceCd=510&Type=search", "url2": "https://www.h-myojo.or.jp/" }, "geometry": { "type": "Point", "coordinates": [ 135.678564599999959, 34.7700264 ] } },
{ "type": "Feature", "properties": { "内容": "きんもくせい特別養護老人ホーム【介護老人福祉施設】大阪府交野市大字星田５１５６－８", "url": "https://www.kaigokensaku.mhlw.go.jp/27/index.php?action_kouhyou_detail_004_kani=true&JigyosyoCd=2773600115-00&ServiceCd=510&Type=search", "url2": "http://care-net.biz/27/mokuseikai/" }, "geometry": { "type": "Point", "coordinates": [ 135.6701213, 34.7569387 ] } },
{ "type": "Feature", "properties": { "内容": "特別養護老人ホームくみのき苑【介護老人福祉施設】大阪狭山市東茱萸木四丁目1977番地", "url": "https://www.kaigokensaku.mhlw.go.jp/27/index.php?action_kouhyou_detail_004_kani=true&JigyosyoCd=2779300132-00&ServiceCd=510&Type=search", "url2": "https://rapport-kuminoki.or.jp/" }, "geometry": { "type": "Point", "coordinates": [ 135.557167599999957, 34.4831562 ] } },
{ "type": "Feature", "properties": { "内容": "特別養護老人ホーム　ファヴォーレ【介護老人福祉施設】大阪府大阪狭山市大野西５６６－２", "url": "https://www.kaigokensaku.mhlw.go.jp/27/index.php?action_kouhyou_detail_004_kani=true&JigyosyoCd=2779300181-00&ServiceCd=510&Type=search", "url2": "http://kyoyukai.org" }, "geometry": { "type": "Point", "coordinates": [ 135.541807899999981, 34.4711909 ] } },
{ "type": "Feature", "properties": { "内容": "特別養護老人ホーム　陽だまりの丘【介護老人福祉施設】大阪府大阪狭山市大野台１丁目１４番２０号", "url": "https://www.kaigokensaku.mhlw.go.jp/27/index.php?action_kouhyou_detail_004_kani=true&JigyosyoCd=2779300769-00&ServiceCd=510&Type=search", "url2": "http://osakasayamahakuyukai.jp/" }, "geometry": { "type": "Point", "coordinates": [ 135.550765400000046, 34.4828312 ] } },
{ "type": "Feature", "properties": { "内容": "特別養護老人ホーム　玉井泉陽園【介護老人福祉施設】大阪府阪南市下出371番地の1", "url": "https://www.kaigokensaku.mhlw.go.jp/27/index.php?action_kouhyou_detail_004_kani=true&JigyosyoCd=2779500210-00&ServiceCd=510&Type=search", "url2": "http://senyoen.jp" }, "geometry": { "type": "Point", "coordinates": [ 135.249115695106525, 34.359539098050725 ] } },
{ "type": "Feature", "properties": { "内容": "特別養護老人ホーム玉田山荘【介護老人福祉施設】大阪府阪南市石田738番地の4", "url": "https://www.kaigokensaku.mhlw.go.jp/27/index.php?action_kouhyou_detail_004_kani=true&JigyosyoCd=2779500202-00&ServiceCd=510&Type=search", "url2": "http://www.tamadayama.or.jp" }, "geometry": { "type": "Point", "coordinates": [ 135.24848634720172, 34.342657305179685 ] } },
{ "type": "Feature", "properties": { "内容": "特別養護老人ホーム　弥栄の郷【介護老人福祉施設】大阪府三島郡島本町山崎五丁目３番２５号", "url": "https://www.kaigokensaku.mhlw.go.jp/27/index.php?action_kouhyou_detail_004_kani=true&JigyosyoCd=2773900069-00&ServiceCd=510&Type=search", "url2": "https://yaenosato-19910801.jp/" }, "geometry": { "type": "Point", "coordinates": [ 135.67562410000005, 34.8937239 ] } },
{ "type": "Feature", "properties": { "内容": "特別養護老人ホーム　のせの里【介護老人福祉施設】大阪府豊能郡豊能町木代３３５", "url": "https://www.kaigokensaku.mhlw.go.jp/27/index.php?action_kouhyou_detail_004_kani=true&JigyosyoCd=2774700187-00&ServiceCd=510&Type=search", "url2": null }, "geometry": { "type": "Point", "coordinates": [ 135.4972206, 34.9195005 ] } },
{ "type": "Feature", "properties": { "内容": "特別養護老人ホーム祥雲館【介護老人福祉施設】大阪府豊能郡豊能町吉川１８７－１", "url": "https://www.kaigokensaku.mhlw.go.jp/27/index.php?action_kouhyou_detail_004_kani=true&JigyosyoCd=2774700682-00&ServiceCd=510&Type=search", "url2": "http://syownkan.jp" }, "geometry": { "type": "Point", "coordinates": [ 135.447591500000044, 34.9118783 ] } },
{ "type": "Feature", "properties": { "内容": "特別養護老人ホーム　青山荘【介護老人福祉施設】大阪府豊能郡能勢町平野142番地の1", "url": "https://www.kaigokensaku.mhlw.go.jp/27/index.php?action_kouhyou_detail_004_kani=true&JigyosyoCd=2774700088-00&ServiceCd=510&Type=search", "url2": "http://fuyoufukusikai.com/" }, "geometry": { "type": "Point", "coordinates": [ 135.394868, 34.9556542 ] } },
{ "type": "Feature", "properties": { "内容": "ピープルハウス忠岡【介護老人福祉施設】大阪府泉北郡忠岡町高月北１－１１－３", "url": "https://www.kaigokensaku.mhlw.go.jp/27/index.php?action_kouhyou_detail_004_kani=true&JigyosyoCd=2775400043-00&ServiceCd=510&Type=search", "url2": "http://www.koseikai.org" }, "geometry": { "type": "Point", "coordinates": [ 135.417135799999983, 34.477811 ] } },
{ "type": "Feature", "properties": { "内容": "特別養護老人ホーム第１永楽荘【介護老人福祉施設】大阪府泉南郡熊取町野田三丁目1111番地2", "url": "https://www.kaigokensaku.mhlw.go.jp/27/index.php?action_kouhyou_detail_004_kani=true&JigyosyoCd=2771200165-00&ServiceCd=510&Type=search", "url2": "http://www.eiraku-fukushi.com" }, "geometry": { "type": "Point", "coordinates": [ 135.355565500000012, 34.4047404 ] } },
{ "type": "Feature", "properties": { "内容": "特別養護老人ホーム　第３永楽荘【介護老人福祉施設】大阪府泉南郡熊取町野田３丁目２２８１番地１", "url": "https://www.kaigokensaku.mhlw.go.jp/27/index.php?action_kouhyou_detail_004_kani=true&JigyosyoCd=2771201221-00&ServiceCd=510&Type=search", "url2": "http://www.eiraku-fukushi.com/" }, "geometry": { "type": "Point", "coordinates": [ 135.355565500000012, 34.4047404 ] } },
{ "type": "Feature", "properties": { "内容": "特別養護老人ホーム弥栄園【介護老人福祉施設】大阪府泉南郡熊取町大久保南三丁目1380番地の1", "url": "https://www.kaigokensaku.mhlw.go.jp/27/index.php?action_kouhyou_detail_004_kani=true&JigyosyoCd=2771200132-00&ServiceCd=510&Type=search", "url2": "http://www.yasakaen.com" }, "geometry": { "type": "Point", "coordinates": [ 135.342975, 34.3955745 ] } },
{ "type": "Feature", "properties": { "内容": "特別養護老人ホーム　フィオーレ南海【介護老人福祉施設】大阪府泉南郡田尻町吉見326-1", "url": "https://www.kaigokensaku.mhlw.go.jp/27/index.php?action_kouhyou_detail_004_kani=true&JigyosyoCd=2771200074-00&ServiceCd=510&Type=search", "url2": "http://www.fiorenankai.join-us.jp" }, "geometry": { "type": "Point", "coordinates": [ 135.286521200000038, 34.3862499 ] } },
{ "type": "Feature", "properties": { "内容": "淡輪園（特別養護老人ホーム）【介護老人福祉施設】大阪府泉南郡　岬町淡輪5635番地1", "url": "https://www.kaigokensaku.mhlw.go.jp/27/index.php?action_kouhyou_detail_004_kani=true&JigyosyoCd=2771200058-00&ServiceCd=510&Type=search", "url2": "http://www5.ocn.ne.jp/~tannowa/index.html" }, "geometry": { "type": "Point", "coordinates": [ 135.176396966348307, 34.328232777936456 ] } },
{ "type": "Feature", "properties": { "内容": "特別養護老人ホーム　美野の里【介護老人福祉施設】大阪府南河内郡太子町山田２５５０", "url": "https://www.kaigokensaku.mhlw.go.jp/27/index.php?action_kouhyou_detail_004_kani=true&JigyosyoCd=2773500216-00&ServiceCd=510&Type=search", "url2": "http://www.minonosato.com" }, "geometry": { "type": "Point", "coordinates": [ 135.657535400000029, 34.5140433 ] } },
{ "type": "Feature", "properties": { "内容": "特別養護老人ホーム　あんり【介護老人福祉施設】大阪府南河内郡河南町大字寛弘寺１０１番地", "url": "https://www.kaigokensaku.mhlw.go.jp/27/index.php?action_kouhyou_detail_004_kani=true&JigyosyoCd=2773500778-00&ServiceCd=510&Type=search", "url2": "http://www.jyunshin.or.jp/anri/" }, "geometry": { "type": "Point", "coordinates": [ 135.624339, 34.4824684 ] } },
{ "type": "Feature", "properties": { "内容": "特別養護老人ホーム菊水苑【介護老人福祉施設】大阪府南河内郡河南町大字加納元南１７番地", "url": "https://www.kaigokensaku.mhlw.go.jp/27/index.php?action_kouhyou_detail_004_kani=true&JigyosyoCd=2773500158-00&ServiceCd=510&Type=search", "url2": "http://www.kikusuien.com/" }, "geometry": { "type": "Point", "coordinates": [ 135.645932028958072, 34.485751807844231 ] } },
{ "type": "Feature", "properties": { "内容": "特別養護老人ホーム　千早赤阪春の家【介護老人福祉施設】大阪府南河内郡千早赤阪村東阪122-1番地", "url": "https://www.kaigokensaku.mhlw.go.jp/27/index.php?action_kouhyou_detail_004_kani=true&JigyosyoCd=2773500356-00&ServiceCd=510&Type=search", "url2": "http://www.harunoie.net" }, "geometry": { "type": "Point", "coordinates": [ 135.614515739286816, 34.450170867556928 ] } }
]
}
