{
"type": "FeatureCollection",
"name": "geo_27_4",
"crs": { "type": "name", "properties": { "name": "urn:ogc:def:crs:OGC:1.3:CRS84" } },
"features": [
{ "type": "Feature", "properties": { "ID": 2749278000040, "正式名称": "深井　和恵", "機関区分": 4, "都道府県コード": 27, "市区町村コード": 114, "所在地": "大阪府大阪市東淀川区上新庄２丁目４番４４号フローレスⅡ　３０３号室", "緯度": 34.747975, "経度": 135.528742, "url": "https://www.iryou.teikyouseido.mhlw.go.jp/znk-web/juminkanja/S2430/initialize?prefCd=27&kikanCd=9278000040&kikanKbn=4", "url2": null, "内容": "深井　和恵【4:助産院】大阪府大阪市東淀川区上新庄２丁目４番４４号フローレスⅡ　３０３号室" }, "geometry": { "type": "Point", "coordinates": [ 135.528742, 34.747975 ] } },
{ "type": "Feature", "properties": { "ID": 2749278000060, "正式名称": "めぐみ助産院", "機関区分": 4, "都道府県コード": 27, "市区町村コード": 102, "所在地": "大阪府大阪市都島区高倉町１丁目２番２７－８０５号", "緯度": 34.712424, "経度": 135.53016, "url": "https://www.iryou.teikyouseido.mhlw.go.jp/znk-web/juminkanja/S2430/initialize?prefCd=27&kikanCd=9278000060&kikanKbn=4", "url2": null, "内容": "めぐみ助産院【4:助産院】大阪府大阪市都島区高倉町１丁目２番２７－８０５号" }, "geometry": { "type": "Point", "coordinates": [ 135.53016, 34.712424 ] } },
{ "type": "Feature", "properties": { "ID": 2749278000120, "正式名称": "西村助産所", "機関区分": 4, "都道府県コード": 27, "市区町村コード": 104, "所在地": "大阪府大阪市此花区島屋３丁目６番３２号", "緯度": 34.677148, "経度": 135.44303, "url": "https://www.iryou.teikyouseido.mhlw.go.jp/znk-web/juminkanja/S2430/initialize?prefCd=27&kikanCd=9278000120&kikanKbn=4", "url2": null, "内容": "西村助産所【4:助産院】大阪府大阪市此花区島屋３丁目６番３２号" }, "geometry": { "type": "Point", "coordinates": [ 135.44303, 34.677148 ] } },
{ "type": "Feature", "properties": { "ID": 2749278000150, "正式名称": "三浦助産所", "機関区分": 4, "都道府県コード": 27, "市区町村コード": 106, "所在地": "大阪府大阪市西区江戸堀３－４－１９", "緯度": 34.685037, "経度": 135.486915, "url": "https://www.iryou.teikyouseido.mhlw.go.jp/znk-web/juminkanja/S2430/initialize?prefCd=27&kikanCd=9278000150&kikanKbn=4", "url2": null, "内容": "三浦助産所【4:助産院】大阪府大阪市西区江戸堀３－４－１９" }, "geometry": { "type": "Point", "coordinates": [ 135.486915, 34.685037 ] } },
{ "type": "Feature", "properties": { "ID": 2749278000170, "正式名称": "宇野　美紀", "機関区分": 4, "都道府県コード": 27, "市区町村コード": 107, "所在地": "大阪府大阪市港区磯路２－１９－１４", "緯度": 34.65765, "経度": 135.447364, "url": "https://www.iryou.teikyouseido.mhlw.go.jp/znk-web/juminkanja/S2430/initialize?prefCd=27&kikanCd=9278000170&kikanKbn=4", "url2": null, "内容": "宇野　美紀【4:助産院】大阪府大阪市港区磯路２－１９－１４" }, "geometry": { "type": "Point", "coordinates": [ 135.447364, 34.65765 ] } },
{ "type": "Feature", "properties": { "ID": 2749278000210, "正式名称": "神田助産所", "機関区分": 4, "都道府県コード": 27, "市区町村コード": 109, "所在地": "大阪府大阪市天王寺区寺田町２－６－１４", "緯度": 34.64968, "経度": 135.524163, "url": "https://www.iryou.teikyouseido.mhlw.go.jp/znk-web/juminkanja/S2430/initialize?prefCd=27&kikanCd=9278000210&kikanKbn=4", "url2": null, "内容": "神田助産所【4:助産院】大阪府大阪市天王寺区寺田町２－６－１４" }, "geometry": { "type": "Point", "coordinates": [ 135.524163, 34.64968 ] } },
{ "type": "Feature", "properties": { "ID": 2749278000230, "正式名称": "さいき助産院", "機関区分": 4, "都道府県コード": 27, "市区町村コード": 109, "所在地": "大阪府大阪市天王寺区勝山１丁目８番３１号", "緯度": 34.655429, "経度": 135.521594, "url": "https://www.iryou.teikyouseido.mhlw.go.jp/znk-web/juminkanja/S2430/initialize?prefCd=27&kikanCd=9278000230&kikanKbn=4", "url2": "https://www.goodlifesolution.co.jp/", "内容": "さいき助産院【4:助産院】大阪府大阪市天王寺区勝山１丁目８番３１号" }, "geometry": { "type": "Point", "coordinates": [ 135.521594, 34.655429 ] } },
{ "type": "Feature", "properties": { "ID": 2749278000240, "正式名称": "小池助産院", "機関区分": 4, "都道府県コード": 27, "市区町村コード": 109, "所在地": "大阪府大阪市天王寺区北山町５番６号", "緯度": 34.661235, "経度": 135.522996, "url": "https://www.iryou.teikyouseido.mhlw.go.jp/znk-web/juminkanja/S2430/initialize?prefCd=27&kikanCd=9278000240&kikanKbn=4", "url2": "https://midwifekyoko.com/", "内容": "小池助産院【4:助産院】大阪府大阪市天王寺区北山町５番６号" }, "geometry": { "type": "Point", "coordinates": [ 135.522996, 34.661235 ] } },
{ "type": "Feature", "properties": { "ID": 2749278000310, "正式名称": "久古　登志恵", "機関区分": 4, "都道府県コード": 27, "市区町村コード": 115, "所在地": "大阪府大阪市東成区大今里南４丁目１４番１８号", "緯度": 34.665873, "経度": 135.552549, "url": "https://www.iryou.teikyouseido.mhlw.go.jp/znk-web/juminkanja/S2430/initialize?prefCd=27&kikanCd=9278000310&kikanKbn=4", "url2": null, "内容": "久古　登志恵【4:助産院】大阪府大阪市東成区大今里南４丁目１４番１８号" }, "geometry": { "type": "Point", "coordinates": [ 135.552549, 34.665873 ] } },
{ "type": "Feature", "properties": { "ID": 2749278000320, "正式名称": "ｍｏｔｈｅｒゆり助産所", "機関区分": 4, "都道府県コード": 27, "市区町村コード": 116, "所在地": "大阪府大阪市生野区巽南３丁目１２番９号", "緯度": 34.641848, "経度": 135.552252, "url": "https://www.iryou.teikyouseido.mhlw.go.jp/znk-web/juminkanja/S2430/initialize?prefCd=27&kikanCd=9278000320&kikanKbn=4", "url2": "http://www.mother-yuri.com/", "内容": "ｍｏｔｈｅｒゆり助産所【4:助産院】大阪府大阪市生野区巽南３丁目１２番９号" }, "geometry": { "type": "Point", "coordinates": [ 135.552252, 34.641848 ] } },
{ "type": "Feature", "properties": { "ID": 2749278000410, "正式名称": "安里助産所", "機関区分": 4, "都道府県コード": 27, "市区町村コード": 124, "所在地": "大阪府大阪市鶴見区鶴見５丁目９番３－７０４号", "緯度": 34.706758, "経度": 135.566296, "url": "https://www.iryou.teikyouseido.mhlw.go.jp/znk-web/juminkanja/S2430/initialize?prefCd=27&kikanCd=9278000410&kikanKbn=4", "url2": null, "内容": "安里助産所【4:助産院】大阪府大阪市鶴見区鶴見５丁目９番３－７０４号" }, "geometry": { "type": "Point", "coordinates": [ 135.566296, 34.706758 ] } },
{ "type": "Feature", "properties": { "ID": 2749278000460, "正式名称": "河本助産院", "機関区分": 4, "都道府県コード": 27, "市区町村コード": 119, "所在地": "大阪府大阪市阿倍野区播磨町１丁目１８番１３号", "緯度": 34.6226, "経度": 135.509166, "url": "https://www.iryou.teikyouseido.mhlw.go.jp/znk-web/juminkanja/S2430/initialize?prefCd=27&kikanCd=9278000460&kikanKbn=4", "url2": null, "内容": "河本助産院【4:助産院】大阪府大阪市阿倍野区播磨町１丁目１８番１３号" }, "geometry": { "type": "Point", "coordinates": [ 135.509166, 34.6226 ] } },
{ "type": "Feature", "properties": { "ID": 2749278000490, "正式名称": "井田助産院　母乳育児相談室", "機関区分": 4, "都道府県コード": 27, "市区町村コード": 125, "所在地": "大阪府大阪市住之江区粉浜西３－１－１３－１１", "緯度": 34.6151, "経度": 135.487307, "url": "https://www.iryou.teikyouseido.mhlw.go.jp/znk-web/juminkanja/S2430/initialize?prefCd=27&kikanCd=9278000490&kikanKbn=4", "url2": "http://www.ida-josanin.com/", "内容": "井田助産院　母乳育児相談室【4:助産院】大阪府大阪市住之江区粉浜西３－１－１３－１１" }, "geometry": { "type": "Point", "coordinates": [ 135.487307, 34.6151 ] } },
{ "type": "Feature", "properties": { "ID": 2749278000610, "正式名称": "のりみ母乳育児相談室", "機関区分": 4, "都道府県コード": 27, "市区町村コード": 126, "所在地": "大阪府大阪市平野区喜連４丁目１７番１４号斉藤ビル２Ｆ", "緯度": 34.60938, "経度": 135.556023, "url": "https://www.iryou.teikyouseido.mhlw.go.jp/znk-web/juminkanja/S2430/initialize?prefCd=27&kikanCd=9278000610&kikanKbn=4", "url2": null, "内容": "のりみ母乳育児相談室【4:助産院】大阪府大阪市平野区喜連４丁目１７番１４号斉藤ビル２Ｆ" }, "geometry": { "type": "Point", "coordinates": [ 135.556023, 34.60938 ] } },
{ "type": "Feature", "properties": { "ID": 2749278000670, "正式名称": "金田・母と子の母乳相談室", "機関区分": 4, "都道府県コード": 27, "市区町村コード": 142, "所在地": "大阪府堺市中区伏尾２７－１９", "緯度": 34.514416, "経度": 135.495255, "url": "https://www.iryou.teikyouseido.mhlw.go.jp/znk-web/juminkanja/S2430/initialize?prefCd=27&kikanCd=9278000670&kikanKbn=4", "url2": null, "内容": "金田・母と子の母乳相談室【4:助産院】大阪府堺市中区伏尾２７－１９" }, "geometry": { "type": "Point", "coordinates": [ 135.495255, 34.514416 ] } },
{ "type": "Feature", "properties": { "ID": 2749278000690, "正式名称": "北口助産所", "機関区分": 4, "都道府県コード": 27, "市区町村コード": 142, "所在地": "大阪府堺市中区福田３５５番１号", "緯度": 34.518194, "経度": 135.528641, "url": "https://www.iryou.teikyouseido.mhlw.go.jp/znk-web/juminkanja/S2430/initialize?prefCd=27&kikanCd=9278000690&kikanKbn=4", "url2": null, "内容": "北口助産所【4:助産院】大阪府堺市中区福田３５５番１号" }, "geometry": { "type": "Point", "coordinates": [ 135.528641, 34.518194 ] } },
{ "type": "Feature", "properties": { "ID": 2749278000720, "正式名称": "椎葉助産院", "機関区分": 4, "都道府県コード": 27, "市区町村コード": 146, "所在地": "大阪府堺市北区百舌鳥本町３丁５３８番１－１１１号", "緯度": 34.551301, "経度": 135.489448, "url": "https://www.iryou.teikyouseido.mhlw.go.jp/znk-web/juminkanja/S2430/initialize?prefCd=27&kikanCd=9278000720&kikanKbn=4", "url2": null, "内容": "椎葉助産院【4:助産院】大阪府堺市北区百舌鳥本町３丁５３８番１－１１１号" }, "geometry": { "type": "Point", "coordinates": [ 135.489448, 34.551301 ] } },
{ "type": "Feature", "properties": { "ID": 2749278000730, "正式名称": "出産と育児の相談室　母微笑助産院", "機関区分": 4, "都道府県コード": 27, "市区町村コード": 146, "所在地": "大阪府堺市北区新堀町２丁８１番８号", "緯度": 34.578743, "経度": 135.513973, "url": "https://www.iryou.teikyouseido.mhlw.go.jp/znk-web/juminkanja/S2430/initialize?prefCd=27&kikanCd=9278000730&kikanKbn=4", "url2": null, "内容": "出産と育児の相談室　母微笑助産院【4:助産院】大阪府堺市北区新堀町２丁８１番８号" }, "geometry": { "type": "Point", "coordinates": [ 135.513973, 34.578743 ] } },
{ "type": "Feature", "properties": { "ID": 2749278000760, "正式名称": "なかむら助産所", "機関区分": 4, "都道府県コード": 27, "市区町村コード": 146, "所在地": "大阪府堺市北区金岡町３０２９番１２号", "緯度": 34.558523, "経度": 135.513946, "url": "https://www.iryou.teikyouseido.mhlw.go.jp/znk-web/juminkanja/S2430/initialize?prefCd=27&kikanCd=9278000760&kikanKbn=4", "url2": null, "内容": "なかむら助産所【4:助産院】大阪府堺市北区金岡町３０２９番１２号" }, "geometry": { "type": "Point", "coordinates": [ 135.513946, 34.558523 ] } },
{ "type": "Feature", "properties": { "ID": 2749278000870, "正式名称": "八木助産院", "機関区分": 4, "都道府県コード": 27, "市区町村コード": 141, "所在地": "大阪府堺市堺区七道西町１２番２２－４－１０５号", "緯度": 34.594074, "経度": 135.484225, "url": "https://www.iryou.teikyouseido.mhlw.go.jp/znk-web/juminkanja/S2430/initialize?prefCd=27&kikanCd=9278000870&kikanKbn=4", "url2": null, "内容": "八木助産院【4:助産院】大阪府堺市堺区七道西町１２番２２－４－１０５号" }, "geometry": { "type": "Point", "coordinates": [ 135.484225, 34.594074 ] } },
{ "type": "Feature", "properties": { "ID": 2749278000880, "正式名称": "山口助産院", "機関区分": 4, "都道府県コード": 27, "市区町村コード": 145, "所在地": "大阪府堺市南区三原台二丁七－三十三", "緯度": 34.503807, "経度": 135.515115, "url": "https://www.iryou.teikyouseido.mhlw.go.jp/znk-web/juminkanja/S2430/initialize?prefCd=27&kikanCd=9278000880&kikanKbn=4", "url2": null, "内容": "山口助産院【4:助産院】大阪府堺市南区三原台二丁七－三十三" }, "geometry": { "type": "Point", "coordinates": [ 135.515115, 34.503807 ] } },
{ "type": "Feature", "properties": { "ID": 2749278000900, "正式名称": "山中助産院", "機関区分": 4, "都道府県コード": 27, "市区町村コード": 141, "所在地": "大阪府堺市堺区香ヶ丘町１丁１０番９号", "緯度": 34.588658, "経度": 135.492196, "url": "https://www.iryou.teikyouseido.mhlw.go.jp/znk-web/juminkanja/S2430/initialize?prefCd=27&kikanCd=9278000900&kikanKbn=4", "url2": null, "内容": "山中助産院【4:助産院】大阪府堺市堺区香ヶ丘町１丁１０番９号" }, "geometry": { "type": "Point", "coordinates": [ 135.492196, 34.588658 ] } },
{ "type": "Feature", "properties": { "ID": 2749278000940, "正式名称": "枝元助産所", "機関区分": 4, "都道府県コード": 27, "市区町村コード": 143, "所在地": "大阪府堺市東区菩提町４丁３８番７号", "緯度": 34.545886, "経度": 135.532139, "url": "https://www.iryou.teikyouseido.mhlw.go.jp/znk-web/juminkanja/S2430/initialize?prefCd=27&kikanCd=9278000940&kikanKbn=4", "url2": null, "内容": "枝元助産所【4:助産院】大阪府堺市東区菩提町４丁３８番７号" }, "geometry": { "type": "Point", "coordinates": [ 135.532139, 34.545886 ] } },
{ "type": "Feature", "properties": { "ID": 2749278000960, "正式名称": "松吉助産院", "機関区分": 4, "都道府県コード": 27, "市区町村コード": 227, "所在地": "大阪府東大阪市足代２丁目１番５号布施山大ビル４０３号室", "緯度": 34.663679, "経度": 135.564381, "url": "https://www.iryou.teikyouseido.mhlw.go.jp/znk-web/juminkanja/S2430/initialize?prefCd=27&kikanCd=9278000960&kikanKbn=4", "url2": null, "内容": "松吉助産院【4:助産院】大阪府東大阪市足代２丁目１番５号布施山大ビル４０３号室" }, "geometry": { "type": "Point", "coordinates": [ 135.564381, 34.663679 ] } },
{ "type": "Feature", "properties": { "ID": 2749278001070, "正式名称": "あぼしおっぱい相談室", "機関区分": 4, "都道府県コード": 27, "市区町村コード": 207, "所在地": "大阪府高槻市寺谷町１７番３号", "緯度": 34.871436, "経度": 135.610229, "url": "https://www.iryou.teikyouseido.mhlw.go.jp/znk-web/juminkanja/S2430/initialize?prefCd=27&kikanCd=9278001070&kikanKbn=4", "url2": null, "内容": "あぼしおっぱい相談室【4:助産院】大阪府高槻市寺谷町１７番３号" }, "geometry": { "type": "Point", "coordinates": [ 135.610229, 34.871436 ] } },
{ "type": "Feature", "properties": { "ID": 2749278001150, "正式名称": "大西　佳子", "機関区分": 4, "都道府県コード": 27, "市区町村コード": 203, "所在地": "大阪府豊中市千里園３丁目６番１６号", "緯度": 34.794469, "経度": 135.463411, "url": "https://www.iryou.teikyouseido.mhlw.go.jp/znk-web/juminkanja/S2430/initialize?prefCd=27&kikanCd=9278001150&kikanKbn=4", "url2": null, "内容": "大西　佳子【4:助産院】大阪府豊中市千里園３丁目６番１６号" }, "geometry": { "type": "Point", "coordinates": [ 135.463411, 34.794469 ] } },
{ "type": "Feature", "properties": { "ID": 2749278001160, "正式名称": "成田助産所", "機関区分": 4, "都道府県コード": 27, "市区町村コード": 203, "所在地": "大阪府豊中市東豊中町４丁目１番４５－６０４号", "緯度": 34.797525, "経度": 135.480549, "url": "https://www.iryou.teikyouseido.mhlw.go.jp/znk-web/juminkanja/S2430/initialize?prefCd=27&kikanCd=9278001160&kikanKbn=4", "url2": null, "内容": "成田助産所【4:助産院】大阪府豊中市東豊中町４丁目１番４５－６０４号" }, "geometry": { "type": "Point", "coordinates": [ 135.480549, 34.797525 ] } },
{ "type": "Feature", "properties": { "ID": 2749278001190, "正式名称": "岡本　千加", "機関区分": 4, "都道府県コード": 27, "市区町村コード": 203, "所在地": "大阪府豊中市小曽根２丁目１８番１０号", "緯度": 34.760334, "経度": 135.487272, "url": "https://www.iryou.teikyouseido.mhlw.go.jp/znk-web/juminkanja/S2430/initialize?prefCd=27&kikanCd=9278001190&kikanKbn=4", "url2": null, "内容": "岡本　千加【4:助産院】大阪府豊中市小曽根２丁目１８番１０号" }, "geometry": { "type": "Point", "coordinates": [ 135.487272, 34.760334 ] } },
{ "type": "Feature", "properties": { "ID": 2749278001220, "正式名称": "内田　有紀", "機関区分": 4, "都道府県コード": 27, "市区町村コード": 205, "所在地": "大阪府吹田市", "緯度": 34.764529, "経度": 135.53599, "url": "https://www.iryou.teikyouseido.mhlw.go.jp/znk-web/juminkanja/S2430/initialize?prefCd=27&kikanCd=9278001220&kikanKbn=4", "url2": null, "内容": "内田　有紀【4:助産院】大阪府吹田市" }, "geometry": { "type": "Point", "coordinates": [ 135.53599, 34.764529 ] } },
{ "type": "Feature", "properties": { "ID": 2749278001300, "正式名称": "大島母乳・育児相談室（出張専門）", "機関区分": 4, "都道府県コード": 27, "市区町村コード": 211, "所在地": "大阪府茨木市東宮町１番３６号", "緯度": 34.82219, "経度": 135.574095, "url": "https://www.iryou.teikyouseido.mhlw.go.jp/znk-web/juminkanja/S2430/initialize?prefCd=27&kikanCd=9278001300&kikanKbn=4", "url2": null, "内容": "大島母乳・育児相談室（出張専門）【4:助産院】大阪府茨木市東宮町１番３６号" }, "geometry": { "type": "Point", "coordinates": [ 135.574095, 34.82219 ] } },
{ "type": "Feature", "properties": { "ID": 2749278001350, "正式名称": "花のこ助産院", "機関区分": 4, "都道府県コード": 27, "市区町村コード": 211, "所在地": "大阪府茨木市中穂積３丁目９番２２号", "緯度": 34.816441, "経度": 135.550792, "url": "https://www.iryou.teikyouseido.mhlw.go.jp/znk-web/juminkanja/S2430/initialize?prefCd=27&kikanCd=9278001350&kikanKbn=4", "url2": null, "内容": "花のこ助産院【4:助産院】大阪府茨木市中穂積３丁目９番２２号" }, "geometry": { "type": "Point", "coordinates": [ 135.550792, 34.816441 ] } },
{ "type": "Feature", "properties": { "ID": 2749278001370, "正式名称": "こころ助産院", "機関区分": 4, "都道府県コード": 27, "市区町村コード": 211, "所在地": "大阪府茨木市総持寺駅前町１－３－２０４", "緯度": 34.816414, "経度": 135.589789, "url": "https://www.iryou.teikyouseido.mhlw.go.jp/znk-web/juminkanja/S2430/initialize?prefCd=27&kikanCd=9278001370&kikanKbn=4", "url2": "https://cocoro310.net/", "内容": "こころ助産院【4:助産院】大阪府茨木市総持寺駅前町１－３－２０４" }, "geometry": { "type": "Point", "coordinates": [ 135.589789, 34.816414 ] } },
{ "type": "Feature", "properties": { "ID": 2749278001440, "正式名称": "松本助産所", "機関区分": 4, "都道府県コード": 27, "市区町村コード": 210, "所在地": "大阪府枚方市杉山手３丁目１４番１６号", "緯度": 34.814277, "経度": 135.722222, "url": "https://www.iryou.teikyouseido.mhlw.go.jp/znk-web/juminkanja/S2430/initialize?prefCd=27&kikanCd=9278001440&kikanKbn=4", "url2": null, "内容": "松本助産所【4:助産院】大阪府枚方市杉山手３丁目１４番１６号" }, "geometry": { "type": "Point", "coordinates": [ 135.722222, 34.814277 ] } },
{ "type": "Feature", "properties": { "ID": 2749278001480, "正式名称": "なごみ助産院", "機関区分": 4, "都道府県コード": 27, "市区町村コード": 210, "所在地": "大阪府枚方市養父丘２丁目３番３８号", "緯度": 34.843496, "経度": 135.676919, "url": "https://www.iryou.teikyouseido.mhlw.go.jp/znk-web/juminkanja/S2430/initialize?prefCd=27&kikanCd=9278001480&kikanKbn=4", "url2": null, "内容": "なごみ助産院【4:助産院】大阪府枚方市養父丘２丁目３番３８号" }, "geometry": { "type": "Point", "coordinates": [ 135.676919, 34.843496 ] } },
{ "type": "Feature", "properties": { "ID": 2749278001490, "正式名称": "阿部助産院", "機関区分": 4, "都道府県コード": 27, "市区町村コード": 215, "所在地": "大阪府寝屋川市美井元町２０番２５号香里山ノ手アーバンコンフォート４０３号室", "緯度": 34.778196, "経度": 135.636287, "url": "https://www.iryou.teikyouseido.mhlw.go.jp/znk-web/juminkanja/S2430/initialize?prefCd=27&kikanCd=9278001490&kikanKbn=4", "url2": null, "内容": "阿部助産院【4:助産院】大阪府寝屋川市美井元町２０番２５号香里山ノ手アーバンコンフォート４０３号室" }, "geometry": { "type": "Point", "coordinates": [ 135.636287, 34.778196 ] } },
{ "type": "Feature", "properties": { "ID": 2749278001510, "正式名称": "久保　助産院", "機関区分": 4, "都道府県コード": 27, "市区町村コード": 215, "所在地": "大阪府寝屋川市昭栄町６－１１", "緯度": 34.758865, "経度": 135.60804, "url": "https://www.iryou.teikyouseido.mhlw.go.jp/znk-web/juminkanja/S2430/initialize?prefCd=27&kikanCd=9278001510&kikanKbn=4", "url2": null, "内容": "久保　助産院【4:助産院】大阪府寝屋川市昭栄町６－１１" }, "geometry": { "type": "Point", "coordinates": [ 135.60804, 34.758865 ] } },
{ "type": "Feature", "properties": { "ID": 2749278001520, "正式名称": "ママとベビーの相談室・村上助産院", "機関区分": 4, "都道府県コード": 27, "市区町村コード": 215, "所在地": "大阪府寝屋川市楠根南町１４－２５", "緯度": 34.753977, "経度": 135.629816, "url": "https://www.iryou.teikyouseido.mhlw.go.jp/znk-web/juminkanja/S2430/initialize?prefCd=27&kikanCd=9278001520&kikanKbn=4", "url2": null, "内容": "ママとベビーの相談室・村上助産院【4:助産院】大阪府寝屋川市楠根南町１４－２５" }, "geometry": { "type": "Point", "coordinates": [ 135.629816, 34.753977 ] } },
{ "type": "Feature", "properties": { "ID": 2749278001550, "正式名称": "橋本助産院", "機関区分": 4, "都道府県コード": 27, "市区町村コード": 215, "所在地": "大阪府寝屋川市堀溝北町１０番６号", "緯度": 34.753143, "経度": 135.628844, "url": "https://www.iryou.teikyouseido.mhlw.go.jp/znk-web/juminkanja/S2430/initialize?prefCd=27&kikanCd=9278001550&kikanKbn=4", "url2": "http://www.josanin.com", "内容": "橋本助産院【4:助産院】大阪府寝屋川市堀溝北町１０番６号" }, "geometry": { "type": "Point", "coordinates": [ 135.628844, 34.753143 ] } },
{ "type": "Feature", "properties": { "ID": 2749278001600, "正式名称": "浅井助産院", "機関区分": 4, "都道府県コード": 27, "市区町村コード": 230, "所在地": "大阪府交野市星田４丁目１０番１３－７０３号", "緯度": 34.765698, "経度": 135.665813, "url": "https://www.iryou.teikyouseido.mhlw.go.jp/znk-web/juminkanja/S2430/initialize?prefCd=27&kikanCd=9278001600&kikanKbn=4", "url2": null, "内容": "浅井助産院【4:助産院】大阪府交野市星田４丁目１０番１３－７０３号" }, "geometry": { "type": "Point", "coordinates": [ 135.665813, 34.765698 ] } },
{ "type": "Feature", "properties": { "ID": 2749278001610, "正式名称": "岸本助産院", "機関区分": 4, "都道府県コード": 27, "市区町村コード": 230, "所在地": "大阪府交野市星田９丁目１９番７号", "緯度": 34.762338, "経度": 135.673673, "url": "https://www.iryou.teikyouseido.mhlw.go.jp/znk-web/juminkanja/S2430/initialize?prefCd=27&kikanCd=9278001610&kikanKbn=4", "url2": "http//kishimotojosanin.com/", "内容": "岸本助産院【4:助産院】大阪府交野市星田９丁目１９番７号" }, "geometry": { "type": "Point", "coordinates": [ 135.673673, 34.762338 ] } },
{ "type": "Feature", "properties": { "ID": 2749278001620, "正式名称": "助産院じゅねい", "機関区分": 4, "都道府県コード": 27, "市区町村コード": 218, "所在地": "大阪府大東市太子田１丁目１２－８", "緯度": 34.707648, "経度": 135.611598, "url": "https://www.iryou.teikyouseido.mhlw.go.jp/znk-web/juminkanja/S2430/initialize?prefCd=27&kikanCd=9278001620&kikanKbn=4", "url2": null, "内容": "助産院じゅねい【4:助産院】大阪府大東市太子田１丁目１２－８" }, "geometry": { "type": "Point", "coordinates": [ 135.611598, 34.707648 ] } },
{ "type": "Feature", "properties": { "ID": 2749278001630, "正式名称": "菅澤助産院", "機関区分": 4, "都道府県コード": 27, "市区町村コード": 230, "所在地": "大阪府交野市星田西５の９の２", "緯度": 34.750339, "経度": 135.660036, "url": "https://www.iryou.teikyouseido.mhlw.go.jp/znk-web/juminkanja/S2430/initialize?prefCd=27&kikanCd=9278001630&kikanKbn=4", "url2": null, "内容": "菅澤助産院【4:助産院】大阪府交野市星田西５の９の２" }, "geometry": { "type": "Point", "coordinates": [ 135.660036, 34.750339 ] } },
{ "type": "Feature", "properties": { "ID": 2749278001640, "正式名称": "安井助産院", "機関区分": 4, "都道府県コード": 27, "市区町村コード": 230, "所在地": "大阪府交野市私部２丁目１４番１９号", "緯度": 34.786252, "経度": 135.677283, "url": "https://www.iryou.teikyouseido.mhlw.go.jp/znk-web/juminkanja/S2430/initialize?prefCd=27&kikanCd=9278001640&kikanKbn=4", "url2": null, "内容": "安井助産院【4:助産院】大阪府交野市私部２丁目１４番１９号" }, "geometry": { "type": "Point", "coordinates": [ 135.677283, 34.786252 ] } },
{ "type": "Feature", "properties": { "ID": 2749278001690, "正式名称": "藤本助産院", "機関区分": 4, "都道府県コード": 27, "市区町村コード": 217, "所在地": "大阪府松原市", "緯度": 34.580936, "経度": 135.5466, "url": "https://www.iryou.teikyouseido.mhlw.go.jp/znk-web/juminkanja/S2430/initialize?prefCd=27&kikanCd=9278001690&kikanKbn=4", "url2": null, "内容": "藤本助産院【4:助産院】大阪府松原市" }, "geometry": { "type": "Point", "coordinates": [ 135.5466, 34.580936 ] } },
{ "type": "Feature", "properties": { "ID": 2749278001780, "正式名称": "高石市立母子健康センター", "機関区分": 4, "都道府県コード": 27, "市区町村コード": 225, "所在地": "大阪府高石市羽衣４丁目４番２６号", "緯度": 34.532078, "経度": 135.435117, "url": "https://www.iryou.teikyouseido.mhlw.go.jp/znk-web/juminkanja/S2430/initialize?prefCd=27&kikanCd=9278001780&kikanKbn=4", "url2": "http://takaishi-lifecare.org/b/", "内容": "高石市立母子健康センター【4:助産院】大阪府高石市羽衣４丁目４番２６号" }, "geometry": { "type": "Point", "coordinates": [ 135.435117, 34.532078 ] } },
{ "type": "Feature", "properties": { "ID": 2749278001860, "正式名称": "助産院マミー＆ミー", "機関区分": 4, "都道府県コード": 27, "市区町村コード": 219, "所在地": "大阪府和泉市はつが野２丁目５番１７号", "緯度": 34.451506, "経度": 135.462483, "url": "https://www.iryou.teikyouseido.mhlw.go.jp/znk-web/juminkanja/S2430/initialize?prefCd=27&kikanCd=9278001860&kikanKbn=4", "url2": null, "内容": "助産院マミー＆ミー【4:助産院】大阪府和泉市はつが野２丁目５番１７号" }, "geometry": { "type": "Point", "coordinates": [ 135.462483, 34.451506 ] } },
{ "type": "Feature", "properties": { "ID": 2749278001930, "正式名称": "森下助産所", "機関区分": 4, "都道府県コード": 27, "市区町村コード": 213, "所在地": "大阪府泉佐野市高松東", "緯度": 34.40387, "経度": 135.314414, "url": "https://www.iryou.teikyouseido.mhlw.go.jp/znk-web/juminkanja/S2430/initialize?prefCd=27&kikanCd=9278001930&kikanKbn=4", "url2": null, "内容": "森下助産所【4:助産院】大阪府泉佐野市高松東" }, "geometry": { "type": "Point", "coordinates": [ 135.314414, 34.40387 ] } },
{ "type": "Feature", "properties": { "ID": 2749278001970, "正式名称": "母乳相談助産所", "機関区分": 4, "都道府県コード": 27, "市区町村コード": 214, "所在地": "大阪府富田林市須賀２丁目１０番３７号", "緯度": 34.478394, "経度": 135.564612, "url": "https://www.iryou.teikyouseido.mhlw.go.jp/znk-web/juminkanja/S2430/initialize?prefCd=27&kikanCd=9278001970&kikanKbn=4", "url2": null, "内容": "母乳相談助産所【4:助産院】大阪府富田林市須賀２丁目１０番３７号" }, "geometry": { "type": "Point", "coordinates": [ 135.564612, 34.478394 ] } },
{ "type": "Feature", "properties": { "ID": 2749278001990, "正式名称": "ねね助産院", "機関区分": 4, "都道府県コード": 27, "市区町村コード": 109, "所在地": "大阪府大阪市天王寺区国分町", "緯度": 34.652847, "経度": 135.523274, "url": "https://www.iryou.teikyouseido.mhlw.go.jp/znk-web/juminkanja/S2430/initialize?prefCd=27&kikanCd=9278001990&kikanKbn=4", "url2": "nenejosanin.localinfo.jp", "内容": "ねね助産院【4:助産院】大阪府大阪市天王寺区国分町" }, "geometry": { "type": "Point", "coordinates": [ 135.523274, 34.652847 ] } },
{ "type": "Feature", "properties": { "ID": 2749278002010, "正式名称": "ハート助産院", "機関区分": 4, "都道府県コード": 27, "市区町村コード": 115, "所在地": "大阪府大阪市東成区神路４－６－１９－３０２", "緯度": 34.666651, "経度": 135.543577, "url": "https://www.iryou.teikyouseido.mhlw.go.jp/znk-web/juminkanja/S2430/initialize?prefCd=27&kikanCd=9278002010&kikanKbn=4", "url2": null, "内容": "ハート助産院【4:助産院】大阪府大阪市東成区神路４－６－１９－３０２" }, "geometry": { "type": "Point", "coordinates": [ 135.543577, 34.666651 ] } },
{ "type": "Feature", "properties": { "ID": 2749278002100, "正式名称": "３丁目香りの助産院", "機関区分": 4, "都道府県コード": 27, "市区町村コード": 205, "所在地": "大阪府吹田市原町３丁目２－７", "緯度": 34.776389, "経度": 135.526546, "url": "https://www.iryou.teikyouseido.mhlw.go.jp/znk-web/juminkanja/S2430/initialize?prefCd=27&kikanCd=9278002100&kikanKbn=4", "url2": null, "内容": "３丁目香りの助産院【4:助産院】大阪府吹田市原町３丁目２－７" }, "geometry": { "type": "Point", "coordinates": [ 135.526546, 34.776389 ] } },
{ "type": "Feature", "properties": { "ID": 2749278002120, "正式名称": "堀川　眞知子", "機関区分": 4, "都道府県コード": 27, "市区町村コード": 211, "所在地": "大阪府茨木市紫明園１－４３－９０４", "緯度": 34.814913, "経度": 135.550903, "url": "https://www.iryou.teikyouseido.mhlw.go.jp/znk-web/juminkanja/S2430/initialize?prefCd=27&kikanCd=9278002120&kikanKbn=4", "url2": null, "内容": "堀川　眞知子【4:助産院】大阪府茨木市紫明園１－４３－９０４" }, "geometry": { "type": "Point", "coordinates": [ 135.550903, 34.814913 ] } },
{ "type": "Feature", "properties": { "ID": 2749278002160, "正式名称": "助産院はぐくみ", "機関区分": 4, "都道府県コード": 27, "市区町村コード": 223, "所在地": "大阪府門真市常盤町１－９", "緯度": 34.741616, "経度": 135.598403, "url": "https://www.iryou.teikyouseido.mhlw.go.jp/znk-web/juminkanja/S2430/initialize?prefCd=27&kikanCd=9278002160&kikanKbn=4", "url2": null, "内容": "助産院はぐくみ【4:助産院】大阪府門真市常盤町１－９" }, "geometry": { "type": "Point", "coordinates": [ 135.598403, 34.741616 ] } },
{ "type": "Feature", "properties": { "ID": 2749278002220, "正式名称": "しな助産院", "機関区分": 4, "都道府県コード": 27, "市区町村コード": 222, "所在地": "大阪府羽曳野市西浦４丁目３－１９", "緯度": 34.543415, "経度": 135.600495, "url": "https://www.iryou.teikyouseido.mhlw.go.jp/znk-web/juminkanja/S2430/initialize?prefCd=27&kikanCd=9278002220&kikanKbn=4", "url2": null, "内容": "しな助産院【4:助産院】大阪府羽曳野市西浦４丁目３－１９" }, "geometry": { "type": "Point", "coordinates": [ 135.600495, 34.543415 ] } },
{ "type": "Feature", "properties": { "ID": 2749278002230, "正式名称": "プライム・リーフ", "機関区分": 4, "都道府県コード": 27, "市区町村コード": 382, "所在地": "大阪府南河内郡河南町寛弘寺４３９－３", "緯度": 34.483664, "経度": 135.619722, "url": "https://www.iryou.teikyouseido.mhlw.go.jp/znk-web/juminkanja/S2430/initialize?prefCd=27&kikanCd=9278002230&kikanKbn=4", "url2": null, "内容": "プライム・リーフ【4:助産院】大阪府南河内郡河南町寛弘寺４３９－３" }, "geometry": { "type": "Point", "coordinates": [ 135.619722, 34.483664 ] } },
{ "type": "Feature", "properties": { "ID": 2749278002290, "正式名称": "三澤助産院", "機関区分": 4, "都道府県コード": 27, "市区町村コード": 361, "所在地": "大阪府泉南郡熊取町五門西４丁目８２６－２", "緯度": 34.394881, "経度": 135.348767, "url": "https://www.iryou.teikyouseido.mhlw.go.jp/znk-web/juminkanja/S2430/initialize?prefCd=27&kikanCd=9278002290&kikanKbn=4", "url2": null, "内容": "三澤助産院【4:助産院】大阪府泉南郡熊取町五門西４丁目８２６－２" }, "geometry": { "type": "Point", "coordinates": [ 135.348767, 34.394881 ] } },
{ "type": "Feature", "properties": { "ID": 2749278002300, "正式名称": "増冨助産院", "機関区分": 4, "都道府県コード": 27, "市区町村コード": 213, "所在地": "大阪府泉佐野市", "緯度": 34.395073, "経度": 135.32239, "url": "https://www.iryou.teikyouseido.mhlw.go.jp/znk-web/juminkanja/S2430/initialize?prefCd=27&kikanCd=9278002300&kikanKbn=4", "url2": null, "内容": "増冨助産院【4:助産院】大阪府泉佐野市" }, "geometry": { "type": "Point", "coordinates": [ 135.32239, 34.395073 ] } },
{ "type": "Feature", "properties": { "ID": 2749278002310, "正式名称": "竹内助産院母乳育児相談室", "機関区分": 4, "都道府県コード": 27, "市区町村コード": 128, "所在地": "大阪府大阪市中央区森ノ宮中央１－１６－１７－７０７", "緯度": 34.681205, "経度": 135.531939, "url": "https://www.iryou.teikyouseido.mhlw.go.jp/znk-web/juminkanja/S2430/initialize?prefCd=27&kikanCd=9278002310&kikanKbn=4", "url2": "http://homepage3.nifty.com/bonyu/", "内容": "竹内助産院母乳育児相談室【4:助産院】大阪府大阪市中央区森ノ宮中央１－１６－１７－７０７" }, "geometry": { "type": "Point", "coordinates": [ 135.531939, 34.681205 ] } },
{ "type": "Feature", "properties": { "ID": 2749278002370, "正式名称": "あいっこ助産院", "機関区分": 4, "都道府県コード": 27, "市区町村コード": 120, "所在地": "大阪府大阪市住吉区墨江１丁目２番２２号", "緯度": 34.609508, "経度": 135.495917, "url": "https://www.iryou.teikyouseido.mhlw.go.jp/znk-web/juminkanja/S2430/initialize?prefCd=27&kikanCd=9278002370&kikanKbn=4", "url2": "aikko.jp", "内容": "あいっこ助産院【4:助産院】大阪府大阪市住吉区墨江１丁目２番２２号" }, "geometry": { "type": "Point", "coordinates": [ 135.495917, 34.609508 ] } },
{ "type": "Feature", "properties": { "ID": 2749278002410, "正式名称": "ゆずりは助産院", "機関区分": 4, "都道府県コード": 27, "市区町村コード": 210, "所在地": "大阪府枚方市氷室台１丁目４４番３２号", "緯度": 34.807917, "経度": 135.728861, "url": "https://www.iryou.teikyouseido.mhlw.go.jp/znk-web/juminkanja/S2430/initialize?prefCd=27&kikanCd=9278002410&kikanKbn=4", "url2": "http://yuzurihajosanin.petit.cc/", "内容": "ゆずりは助産院【4:助産院】大阪府枚方市氷室台１丁目４４番３２号" }, "geometry": { "type": "Point", "coordinates": [ 135.728861, 34.807917 ] } },
{ "type": "Feature", "properties": { "ID": 2749278002450, "正式名称": "やすだ助産院", "機関区分": 4, "都道府県コード": 27, "市区町村コード": 217, "所在地": "大阪府松原市西野々１丁目１０番２－６１１号", "緯度": 34.575461, "経度": 135.565067, "url": "https://www.iryou.teikyouseido.mhlw.go.jp/znk-web/juminkanja/S2430/initialize?prefCd=27&kikanCd=9278002450&kikanKbn=4", "url2": null, "内容": "やすだ助産院【4:助産院】大阪府松原市西野々１丁目１０番２－６１１号" }, "geometry": { "type": "Point", "coordinates": [ 135.565067, 34.575461 ] } },
{ "type": "Feature", "properties": { "ID": 2749278002540, "正式名称": "ゆう助産院", "機関区分": 4, "都道府県コード": 27, "市区町村コード": 227, "所在地": "大阪府東大阪市小阪１－４－３７", "緯度": 34.674762, "経度": 135.591934, "url": "https://www.iryou.teikyouseido.mhlw.go.jp/znk-web/juminkanja/S2430/initialize?prefCd=27&kikanCd=9278002540&kikanKbn=4", "url2": "http://www.baby.zaq.jp/youjosanin", "内容": "ゆう助産院【4:助産院】大阪府東大阪市小阪１－４－３７" }, "geometry": { "type": "Point", "coordinates": [ 135.591934, 34.674762 ] } },
{ "type": "Feature", "properties": { "ID": 2749278002580, "正式名称": "きた助産所", "機関区分": 4, "都道府県コード": 27, "市区町村コード": 213, "所在地": "大阪府泉佐野市上之郷５０９０－５", "緯度": 34.372984, "経度": 135.327526, "url": "https://www.iryou.teikyouseido.mhlw.go.jp/znk-web/juminkanja/S2430/initialize?prefCd=27&kikanCd=9278002580&kikanKbn=4", "url2": "http://misaki0107.sakura.ne.jp/kitajs/", "内容": "きた助産所【4:助産院】大阪府泉佐野市上之郷５０９０－５" }, "geometry": { "type": "Point", "coordinates": [ 135.327526, 34.372984 ] } },
{ "type": "Feature", "properties": { "ID": 2749278002600, "正式名称": "フクヱ母乳相談室", "機関区分": 4, "都道府県コード": 27, "市区町村コード": 209, "所在地": "大阪府守口市橋波東之町３－６－１０", "緯度": 34.737005, "経度": 135.573544, "url": "https://www.iryou.teikyouseido.mhlw.go.jp/znk-web/juminkanja/S2430/initialize?prefCd=27&kikanCd=9278002600&kikanKbn=4", "url2": "http://fukue2.blog.fc2.com", "内容": "フクヱ母乳相談室【4:助産院】大阪府守口市橋波東之町３－６－１０" }, "geometry": { "type": "Point", "coordinates": [ 135.573544, 34.737005 ] } },
{ "type": "Feature", "properties": { "ID": 2749278002620, "正式名称": "原助産院", "機関区分": 4, "都道府県コード": 27, "市区町村コード": 217, "所在地": "大阪府松原市天美南５－６－３０－７０３（アドリーム松原天美）", "緯度": 34.584493, "経度": 135.535443, "url": "https://www.iryou.teikyouseido.mhlw.go.jp/znk-web/juminkanja/S2430/initialize?prefCd=27&kikanCd=9278002620&kikanKbn=4", "url2": null, "内容": "原助産院【4:助産院】大阪府松原市天美南５－６－３０－７０３（アドリーム松原天美）" }, "geometry": { "type": "Point", "coordinates": [ 135.535443, 34.584493 ] } },
{ "type": "Feature", "properties": { "ID": 2749278002670, "正式名称": "おのだ助産所", "機関区分": 4, "都道府県コード": 27, "市区町村コード": 207, "所在地": "大阪府高槻市西真上１－７－１０", "緯度": 34.857576, "経度": 135.60273, "url": "https://www.iryou.teikyouseido.mhlw.go.jp/znk-web/juminkanja/S2430/initialize?prefCd=27&kikanCd=9278002670&kikanKbn=4", "url2": null, "内容": "おのだ助産所【4:助産院】大阪府高槻市西真上１－７－１０" }, "geometry": { "type": "Point", "coordinates": [ 135.60273, 34.857576 ] } },
{ "type": "Feature", "properties": { "ID": 2749278002680, "正式名称": "石田助産院", "機関区分": 4, "都道府県コード": 27, "市区町村コード": 207, "所在地": "大阪府高槻市奈佐原２－１４－１５－３０１", "緯度": 34.86127, "経度": 135.579482, "url": "https://www.iryou.teikyouseido.mhlw.go.jp/znk-web/juminkanja/S2430/initialize?prefCd=27&kikanCd=9278002680&kikanKbn=4", "url2": null, "内容": "石田助産院【4:助産院】大阪府高槻市奈佐原２－１４－１５－３０１" }, "geometry": { "type": "Point", "coordinates": [ 135.579482, 34.86127 ] } },
{ "type": "Feature", "properties": { "ID": 2749278002700, "正式名称": "せきもと助産院", "機関区分": 4, "都道府県コード": 27, "市区町村コード": 147, "所在地": "大阪府堺市美原区多治井", "緯度": 34.545803, "経度": 135.565692, "url": "https://www.iryou.teikyouseido.mhlw.go.jp/znk-web/juminkanja/S2430/initialize?prefCd=27&kikanCd=9278002700&kikanKbn=4", "url2": null, "内容": "せきもと助産院【4:助産院】大阪府堺市美原区多治井" }, "geometry": { "type": "Point", "coordinates": [ 135.565692, 34.545803 ] } },
{ "type": "Feature", "properties": { "ID": 2749278002770, "正式名称": "ゆい助産院", "機関区分": 4, "都道府県コード": 27, "市区町村コード": 220, "所在地": "大阪府箕面市桜４－４－８", "緯度": 34.82355, "経度": 135.463327, "url": "https://www.iryou.teikyouseido.mhlw.go.jp/znk-web/juminkanja/S2430/initialize?prefCd=27&kikanCd=9278002770&kikanKbn=4", "url2": null, "内容": "ゆい助産院【4:助産院】大阪府箕面市桜４－４－８" }, "geometry": { "type": "Point", "coordinates": [ 135.463327, 34.82355 ] } },
{ "type": "Feature", "properties": { "ID": 2749278002860, "正式名称": "なかの助産所", "機関区分": 4, "都道府県コード": 27, "市区町村コード": 217, "所在地": "大阪府松原市新堂３丁目１２１番地", "緯度": 34.567662, "経度": 135.554637, "url": "https://www.iryou.teikyouseido.mhlw.go.jp/znk-web/juminkanja/S2430/initialize?prefCd=27&kikanCd=9278002860&kikanKbn=4", "url2": null, "内容": "なかの助産所【4:助産院】大阪府松原市新堂３丁目１２１番地" }, "geometry": { "type": "Point", "coordinates": [ 135.554637, 34.567662 ] } },
{ "type": "Feature", "properties": { "ID": 2749278002930, "正式名称": "さとみ助産院「ほほえみ」", "機関区分": 4, "都道府県コード": 27, "市区町村コード": 227, "所在地": "大阪府東大阪市御厨東２－３－２２", "緯度": 34.665846, "経度": 135.594018, "url": "https://www.iryou.teikyouseido.mhlw.go.jp/znk-web/juminkanja/S2430/initialize?prefCd=27&kikanCd=9278002930&kikanKbn=4", "url2": null, "内容": "さとみ助産院「ほほえみ」【4:助産院】大阪府東大阪市御厨東２－３－２２" }, "geometry": { "type": "Point", "coordinates": [ 135.594018, 34.665846 ] } },
{ "type": "Feature", "properties": { "ID": 2749278002940, "正式名称": "マーガレット出張助産院", "機関区分": 4, "都道府県コード": 27, "市区町村コード": 207, "所在地": "大阪府高槻市大畑町１２－１６－３０１", "緯度": 34.837911, "経度": 135.589816, "url": "https://www.iryou.teikyouseido.mhlw.go.jp/znk-web/juminkanja/S2430/initialize?prefCd=27&kikanCd=9278002940&kikanKbn=4", "url2": "https://ma-galetto.ztokyo.xyz/", "内容": "マーガレット出張助産院【4:助産院】大阪府高槻市大畑町１２－１６－３０１" }, "geometry": { "type": "Point", "coordinates": [ 135.589816, 34.837911 ] } },
{ "type": "Feature", "properties": { "ID": 2749278002960, "正式名称": "たか助産院", "機関区分": 4, "都道府県コード": 27, "市区町村コード": 226, "所在地": "大阪府藤井寺市岡１丁目２－３５", "緯度": 34.573419, "経度": 135.598161, "url": "https://www.iryou.teikyouseido.mhlw.go.jp/znk-web/juminkanja/S2430/initialize?prefCd=27&kikanCd=9278002960&kikanKbn=4", "url2": null, "内容": "たか助産院【4:助産院】大阪府藤井寺市岡１丁目２－３５" }, "geometry": { "type": "Point", "coordinates": [ 135.598161, 34.573419 ] } },
{ "type": "Feature", "properties": { "ID": 2749278002980, "正式名称": "前川助産院", "機関区分": 4, "都道府県コード": 27, "市区町村コード": 210, "所在地": "大阪府枚方市牧野北町１４－９", "緯度": 34.849467, "経度": 135.663309, "url": "https://www.iryou.teikyouseido.mhlw.go.jp/znk-web/juminkanja/S2430/initialize?prefCd=27&kikanCd=9278002980&kikanKbn=4", "url2": null, "内容": "前川助産院【4:助産院】大阪府枚方市牧野北町１４－９" }, "geometry": { "type": "Point", "coordinates": [ 135.663309, 34.849467 ] } },
{ "type": "Feature", "properties": { "ID": 2749278003030, "正式名称": "裕助産院", "機関区分": 4, "都道府県コード": 27, "市区町村コード": 123, "所在地": "大阪府大阪市淀川区三国本町２－２－２５", "緯度": 34.734476, "経度": 135.488495, "url": "https://www.iryou.teikyouseido.mhlw.go.jp/znk-web/juminkanja/S2430/initialize?prefCd=27&kikanCd=9278003030&kikanKbn=4", "url2": null, "内容": "裕助産院【4:助産院】大阪府大阪市淀川区三国本町２－２－２５" }, "geometry": { "type": "Point", "coordinates": [ 135.488495, 34.734476 ] } },
{ "type": "Feature", "properties": { "ID": 2749278003040, "正式名称": "上田助産院", "機関区分": 4, "都道府県コード": 27, "市区町村コード": 117, "所在地": "大阪府大阪市旭区大宮３－２０－２２－４０２", "緯度": 34.725367, "経度": 135.549185, "url": "https://www.iryou.teikyouseido.mhlw.go.jp/znk-web/juminkanja/S2430/initialize?prefCd=27&kikanCd=9278003040&kikanKbn=4", "url2": null, "内容": "上田助産院【4:助産院】大阪府大阪市旭区大宮３－２０－２２－４０２" }, "geometry": { "type": "Point", "coordinates": [ 135.549185, 34.725367 ] } },
{ "type": "Feature", "properties": { "ID": 2749278003060, "正式名称": "ひだまり助産所", "機関区分": 4, "都道府県コード": 27, "市区町村コード": 144, "所在地": "大阪府堺市西区", "緯度": 34.54033, "経度": 135.470423, "url": "https://www.iryou.teikyouseido.mhlw.go.jp/znk-web/juminkanja/S2430/initialize?prefCd=27&kikanCd=9278003060&kikanKbn=4", "url2": null, "内容": "ひだまり助産所【4:助産院】大阪府堺市西区" }, "geometry": { "type": "Point", "coordinates": [ 135.470423, 34.54033 ] } },
{ "type": "Feature", "properties": { "ID": 2749278003100, "正式名称": "出張専門ともえ助産院", "機関区分": 4, "都道府県コード": 27, "市区町村コード": 207, "所在地": "大阪府高槻市", "緯度": 34.830329, "経度": 135.593955, "url": "https://www.iryou.teikyouseido.mhlw.go.jp/znk-web/juminkanja/S2430/initialize?prefCd=27&kikanCd=9278003100&kikanKbn=4", "url2": null, "内容": "出張専門ともえ助産院【4:助産院】大阪府高槻市" }, "geometry": { "type": "Point", "coordinates": [ 135.593955, 34.830329 ] } },
{ "type": "Feature", "properties": { "ID": 2749278003150, "正式名称": "長谷川助産所", "機関区分": 4, "都道府県コード": 27, "市区町村コード": 225, "所在地": "大阪府高石市取石７丁目５番５７号", "緯度": 34.519276, "経度": 135.456314, "url": "https://www.iryou.teikyouseido.mhlw.go.jp/znk-web/juminkanja/S2430/initialize?prefCd=27&kikanCd=9278003150&kikanKbn=4", "url2": "https://hasegawa-jyosansho.jimdosite.com/", "内容": "長谷川助産所【4:助産院】大阪府高石市取石７丁目５番５７号" }, "geometry": { "type": "Point", "coordinates": [ 135.456314, 34.519276 ] } },
{ "type": "Feature", "properties": { "ID": 2749278003190, "正式名称": "癒しの森　出張助産院", "機関区分": 4, "都道府県コード": 27, "市区町村コード": 211, "所在地": "大阪府茨木市南春日丘５－１０－２１", "緯度": 34.816496, "経度": 135.531238, "url": "https://www.iryou.teikyouseido.mhlw.go.jp/znk-web/juminkanja/S2430/initialize?prefCd=27&kikanCd=9278003190&kikanKbn=4", "url2": null, "内容": "癒しの森　出張助産院【4:助産院】大阪府茨木市南春日丘５－１０－２１" }, "geometry": { "type": "Point", "coordinates": [ 135.531238, 34.816496 ] } },
{ "type": "Feature", "properties": { "ID": 2749278003210, "正式名称": "もんでん助産院", "機関区分": 4, "都道府県コード": 27, "市区町村コード": 220, "所在地": "大阪府箕面市稲３－９－２４", "緯度": 34.824189, "経度": 135.479631, "url": "https://www.iryou.teikyouseido.mhlw.go.jp/znk-web/juminkanja/S2430/initialize?prefCd=27&kikanCd=9278003210&kikanKbn=4", "url2": null, "内容": "もんでん助産院【4:助産院】大阪府箕面市稲３－９－２４" }, "geometry": { "type": "Point", "coordinates": [ 135.479631, 34.824189 ] } },
{ "type": "Feature", "properties": { "ID": 2749278003260, "正式名称": "助産師いとう", "機関区分": 4, "都道府県コード": 27, "市区町村コード": 117, "所在地": "大阪府大阪市旭区大宮１－１７－８", "緯度": 34.722006, "経度": 135.548074, "url": "https://www.iryou.teikyouseido.mhlw.go.jp/znk-web/juminkanja/S2430/initialize?prefCd=27&kikanCd=9278003260&kikanKbn=4", "url2": null, "内容": "助産師いとう【4:助産院】大阪府大阪市旭区大宮１－１７－８" }, "geometry": { "type": "Point", "coordinates": [ 135.548074, 34.722006 ] } },
{ "type": "Feature", "properties": { "ID": 2749278003280, "正式名称": "あかりの家助産院", "機関区分": 4, "都道府県コード": 27, "市区町村コード": 141, "所在地": "大阪府堺市堺区百舌鳥夕雲町１－１００－３", "緯度": 34.552718, "経度": 135.506697, "url": "https://www.iryou.teikyouseido.mhlw.go.jp/znk-web/juminkanja/S2430/initialize?prefCd=27&kikanCd=9278003280&kikanKbn=4", "url2": "http://akarinoie.moo.jp", "内容": "あかりの家助産院【4:助産院】大阪府堺市堺区百舌鳥夕雲町１－１００－３" }, "geometry": { "type": "Point", "coordinates": [ 135.506697, 34.552718 ] } },
{ "type": "Feature", "properties": { "ID": 2749278003290, "正式名称": "ははこ助産院", "機関区分": 4, "都道府県コード": 27, "市区町村コード": 203, "所在地": "大阪府豊中市寺内２－１０－１　緑地野元ビル２０４", "緯度": 34.773361, "経度": 135.493299, "url": "https://www.iryou.teikyouseido.mhlw.go.jp/znk-web/juminkanja/S2430/initialize?prefCd=27&kikanCd=9278003290&kikanKbn=4", "url2": "http://www.hahako-mw.com", "内容": "ははこ助産院【4:助産院】大阪府豊中市寺内２－１０－１　緑地野元ビル２０４" }, "geometry": { "type": "Point", "coordinates": [ 135.493299, 34.773361 ] } },
{ "type": "Feature", "properties": { "ID": 2749278003360, "正式名称": "あさひ助産院", "機関区分": 4, "都道府県コード": 27, "市区町村コード": 211, "所在地": "大阪府茨木市沢良宜西", "緯度": 34.80116, "経度": 135.56563, "url": "https://www.iryou.teikyouseido.mhlw.go.jp/znk-web/juminkanja/S2430/initialize?prefCd=27&kikanCd=9278003360&kikanKbn=4", "url2": null, "内容": "あさひ助産院【4:助産院】大阪府茨木市沢良宜西" }, "geometry": { "type": "Point", "coordinates": [ 135.56563, 34.80116 ] } },
{ "type": "Feature", "properties": { "ID": 2749278003370, "正式名称": "ママサポートひらり", "機関区分": 4, "都道府県コード": 27, "市区町村コード": 224, "所在地": "大阪府摂津市昭和園５－８", "緯度": 34.789686, "経度": 135.558908, "url": "https://www.iryou.teikyouseido.mhlw.go.jp/znk-web/juminkanja/S2430/initialize?prefCd=27&kikanCd=9278003370&kikanKbn=4", "url2": "https://www.mama-hirari.com", "内容": "ママサポートひらり【4:助産院】大阪府摂津市昭和園５－８" }, "geometry": { "type": "Point", "coordinates": [ 135.558908, 34.789686 ] } },
{ "type": "Feature", "properties": { "ID": 2749278003390, "正式名称": "たなかや助産院", "機関区分": 4, "都道府県コード": 27, "市区町村コード": 102, "所在地": "大阪府大阪市都島区内代町１－８－３８－１００４", "緯度": 34.709341, "経度": 135.538187, "url": "https://www.iryou.teikyouseido.mhlw.go.jp/znk-web/juminkanja/S2430/initialize?prefCd=27&kikanCd=9278003390&kikanKbn=4", "url2": null, "内容": "たなかや助産院【4:助産院】大阪府大阪市都島区内代町１－８－３８－１００４" }, "geometry": { "type": "Point", "coordinates": [ 135.538187, 34.709341 ] } },
{ "type": "Feature", "properties": { "ID": 2749278003400, "正式名称": "はる助産院", "機関区分": 4, "都道府県コード": 27, "市区町村コード": 102, "所在地": "大阪府大阪市都島区内代町３－２－７", "緯度": 34.713736, "経度": 135.537525, "url": "https://www.iryou.teikyouseido.mhlw.go.jp/znk-web/juminkanja/S2430/initialize?prefCd=27&kikanCd=9278003400&kikanKbn=4", "url2": "http//:hana-josanin.com", "内容": "はる助産院【4:助産院】大阪府大阪市都島区内代町３－２－７" }, "geometry": { "type": "Point", "coordinates": [ 135.537525, 34.713736 ] } },
{ "type": "Feature", "properties": { "ID": 2749278003410, "正式名称": "大阪府助産師会産前産後ケアセンター", "機関区分": 4, "都道府県コード": 27, "市区町村コード": 109, "所在地": "大阪府大阪市天王寺区細工谷一丁目１番５号", "緯度": 34.662984, "経度": 135.525468, "url": "https://www.iryou.teikyouseido.mhlw.go.jp/znk-web/juminkanja/S2430/initialize?prefCd=27&kikanCd=9278003410&kikanKbn=4", "url2": "http://www.josansi.org/carecenter/", "内容": "大阪府助産師会産前産後ケアセンター【4:助産院】大阪府大阪市天王寺区細工谷一丁目１番５号" }, "geometry": { "type": "Point", "coordinates": [ 135.525468, 34.662984 ] } },
{ "type": "Feature", "properties": { "ID": 2749278003430, "正式名称": "はるる助産院", "機関区分": 4, "都道府県コード": 27, "市区町村コード": 116, "所在地": "大阪府大阪市生野区中川東１－１３－１２", "緯度": 34.656513, "経度": 135.547605, "url": "https://www.iryou.teikyouseido.mhlw.go.jp/znk-web/juminkanja/S2430/initialize?prefCd=27&kikanCd=9278003430&kikanKbn=4", "url2": "https://osaka-harurujyosanin.AmebaOwnd.com", "内容": "はるる助産院【4:助産院】大阪府大阪市生野区中川東１－１３－１２" }, "geometry": { "type": "Point", "coordinates": [ 135.547605, 34.656513 ] } },
{ "type": "Feature", "properties": { "ID": 2749278003440, "正式名称": "すぎもと助産院", "機関区分": 4, "都道府県コード": 27, "市区町村コード": 118, "所在地": "大阪府大阪市城東区中央３－１－２９－５０１", "緯度": 34.701786, "経度": 135.544909, "url": "https://www.iryou.teikyouseido.mhlw.go.jp/znk-web/juminkanja/S2430/initialize?prefCd=27&kikanCd=9278003440&kikanKbn=4", "url2": "http://sugimoto-josanin.jimdo.com/", "内容": "すぎもと助産院【4:助産院】大阪府大阪市城東区中央３－１－２９－５０１" }, "geometry": { "type": "Point", "coordinates": [ 135.544909, 34.701786 ] } },
{ "type": "Feature", "properties": { "ID": 2749278003460, "正式名称": "ひな助産院", "機関区分": 4, "都道府県コード": 27, "市区町村コード": 119, "所在地": "大阪府大阪市阿倍野区松崎町２－４－４", "緯度": 34.64332, "経度": 135.516358, "url": "https://www.iryou.teikyouseido.mhlw.go.jp/znk-web/juminkanja/S2430/initialize?prefCd=27&kikanCd=9278003460&kikanKbn=4", "url2": null, "内容": "ひな助産院【4:助産院】大阪府大阪市阿倍野区松崎町２－４－４" }, "geometry": { "type": "Point", "coordinates": [ 135.516358, 34.64332 ] } },
{ "type": "Feature", "properties": { "ID": 2749278003470, "正式名称": "岡田助産院", "機関区分": 4, "都道府県コード": 27, "市区町村コード": 121, "所在地": "大阪府大阪市東住吉区杭全３－８－９", "緯度": 34.635238, "経度": 135.538301, "url": "https://www.iryou.teikyouseido.mhlw.go.jp/znk-web/juminkanja/S2430/initialize?prefCd=27&kikanCd=9278003470&kikanKbn=4", "url2": "https://www.okadajyosanin.com/", "内容": "岡田助産院【4:助産院】大阪府大阪市東住吉区杭全３－８－９" }, "geometry": { "type": "Point", "coordinates": [ 135.538301, 34.635238 ] } },
{ "type": "Feature", "properties": { "ID": 2749278003480, "正式名称": "咲楽助産院", "機関区分": 4, "都道府県コード": 27, "市区町村コード": 141, "所在地": "大阪府堺市堺区新在家町西２－２－８", "緯度": 34.572549, "経度": 135.466255, "url": "https://www.iryou.teikyouseido.mhlw.go.jp/znk-web/juminkanja/S2430/initialize?prefCd=27&kikanCd=9278003480&kikanKbn=4", "url2": null, "内容": "咲楽助産院【4:助産院】大阪府堺市堺区新在家町西２－２－８" }, "geometry": { "type": "Point", "coordinates": [ 135.466255, 34.572549 ] } },
{ "type": "Feature", "properties": { "ID": 2749278003490, "正式名称": "あや助産所", "機関区分": 4, "都道府県コード": 27, "市区町村コード": 141, "所在地": "大阪府堺市堺区大仙中町１４－１８", "緯度": 34.561189, "経度": 135.477254, "url": "https://www.iryou.teikyouseido.mhlw.go.jp/znk-web/juminkanja/S2430/initialize?prefCd=27&kikanCd=9278003490&kikanKbn=4", "url2": null, "内容": "あや助産所【4:助産院】大阪府堺市堺区大仙中町１４－１８" }, "geometry": { "type": "Point", "coordinates": [ 135.477254, 34.561189 ] } },
{ "type": "Feature", "properties": { "ID": 2749278003520, "正式名称": "ひょうたんやま助産院", "機関区分": 4, "都道府県コード": 27, "市区町村コード": 227, "所在地": "大阪府東大阪市喜里川町２－１８", "緯度": 34.666115, "経度": 135.640497, "url": "https://www.iryou.teikyouseido.mhlw.go.jp/znk-web/juminkanja/S2430/initialize?prefCd=27&kikanCd=9278003520&kikanKbn=4", "url2": null, "内容": "ひょうたんやま助産院【4:助産院】大阪府東大阪市喜里川町２－１８" }, "geometry": { "type": "Point", "coordinates": [ 135.640497, 34.666115 ] } },
{ "type": "Feature", "properties": { "ID": 2749278003540, "正式名称": "橋場助産院", "機関区分": 4, "都道府県コード": 27, "市区町村コード": 227, "所在地": "大阪府東大阪市荒川３－２４－３０", "緯度": 34.661069, "経度": 135.571186, "url": "https://www.iryou.teikyouseido.mhlw.go.jp/znk-web/juminkanja/S2430/initialize?prefCd=27&kikanCd=9278003540&kikanKbn=4", "url2": null, "内容": "橋場助産院【4:助産院】大阪府東大阪市荒川３－２４－３０" }, "geometry": { "type": "Point", "coordinates": [ 135.571186, 34.661069 ] } },
{ "type": "Feature", "properties": { "ID": 2749278003550, "正式名称": "こはる助産院", "機関区分": 4, "都道府県コード": 27, "市区町村コード": 227, "所在地": "大阪府東大阪市若江東町２－３－４０", "緯度": 34.658483, "経度": 135.613233, "url": "https://www.iryou.teikyouseido.mhlw.go.jp/znk-web/juminkanja/S2430/initialize?prefCd=27&kikanCd=9278003550&kikanKbn=4", "url2": null, "内容": "こはる助産院【4:助産院】大阪府東大阪市若江東町２－３－４０" }, "geometry": { "type": "Point", "coordinates": [ 135.613233, 34.658483 ] } },
{ "type": "Feature", "properties": { "ID": 2749278003580, "正式名称": "日登美助産院", "機関区分": 4, "都道府県コード": 27, "市区町村コード": 210, "所在地": "大阪府枚方市藤阪天神町１１－９", "緯度": 34.816027, "経度": 135.70589, "url": "https://www.iryou.teikyouseido.mhlw.go.jp/znk-web/juminkanja/S2430/initialize?prefCd=27&kikanCd=9278003580&kikanKbn=4", "url2": "http://yasashiiumi.wix.com/hitomijosanin", "内容": "日登美助産院【4:助産院】大阪府枚方市藤阪天神町１１－９" }, "geometry": { "type": "Point", "coordinates": [ 135.70589, 34.816027 ] } },
{ "type": "Feature", "properties": { "ID": 2749278003590, "正式名称": "はるか助産院", "機関区分": 4, "都道府県コード": 27, "市区町村コード": 210, "所在地": "大阪府枚方市三矢町４－６－２", "緯度": 34.814887, "経度": 135.642812, "url": "https://www.iryou.teikyouseido.mhlw.go.jp/znk-web/juminkanja/S2430/initialize?prefCd=27&kikanCd=9278003590&kikanKbn=4", "url2": "http://haruka-mom.com", "内容": "はるか助産院【4:助産院】大阪府枚方市三矢町４－６－２" }, "geometry": { "type": "Point", "coordinates": [ 135.642812, 34.814887 ] } },
{ "type": "Feature", "properties": { "ID": 2749278003620, "正式名称": "まある助産院", "機関区分": 4, "都道府県コード": 27, "市区町村コード": 205, "所在地": "大阪府吹田市円山町２９－７", "緯度": 34.768917, "経度": 135.50502, "url": "https://www.iryou.teikyouseido.mhlw.go.jp/znk-web/juminkanja/S2430/initialize?prefCd=27&kikanCd=9278003620&kikanKbn=4", "url2": null, "内容": "まある助産院【4:助産院】大阪府吹田市円山町２９－７" }, "geometry": { "type": "Point", "coordinates": [ 135.50502, 34.768917 ] } },
{ "type": "Feature", "properties": { "ID": 2749278003660, "正式名称": "ちえ助産サロン　ｓｍｉｌｉｎ′", "機関区分": 4, "都道府県コード": 27, "市区町村コード": 216, "所在地": "大阪府河内長野市長野町４丁目９番うすやビル５Ｆ", "緯度": 34.316846, "経度": 135.609788, "url": "https://www.iryou.teikyouseido.mhlw.go.jp/znk-web/juminkanja/S2430/initialize?prefCd=27&kikanCd=9278003660&kikanKbn=4", "url2": null, "内容": "ちえ助産サロン　ｓｍｉｌｉｎ′【4:助産院】大阪府河内長野市長野町４丁目９番うすやビル５Ｆ" }, "geometry": { "type": "Point", "coordinates": [ 135.609788, 34.316846 ] } },
{ "type": "Feature", "properties": { "ID": 2749278003700, "正式名称": "心和あおい助産院", "機関区分": 4, "都道府県コード": 27, "市区町村コード": 212, "所在地": "大阪府八尾市亀井町", "緯度": 34.618518, "経度": 135.577743, "url": "https://www.iryou.teikyouseido.mhlw.go.jp/znk-web/juminkanja/S2430/initialize?prefCd=27&kikanCd=9278003700&kikanKbn=4", "url2": "http://shinwaaoi.com/", "内容": "心和あおい助産院【4:助産院】大阪府八尾市亀井町" }, "geometry": { "type": "Point", "coordinates": [ 135.577743, 34.618518 ] } },
{ "type": "Feature", "properties": { "ID": 2749278003710, "正式名称": "菜の花助産院", "機関区分": 4, "都道府県コード": 27, "市区町村コード": 230, "所在地": "大阪府交野市妙見坂６－１５－２１", "緯度": 34.764976, "経度": 135.674923, "url": "https://www.iryou.teikyouseido.mhlw.go.jp/znk-web/juminkanja/S2430/initialize?prefCd=27&kikanCd=9278003710&kikanKbn=4", "url2": "http://www2.hp-ez.com/hp/nanohanazyosanin", "内容": "菜の花助産院【4:助産院】大阪府交野市妙見坂６－１５－２１" }, "geometry": { "type": "Point", "coordinates": [ 135.674923, 34.764976 ] } },
{ "type": "Feature", "properties": { "ID": 2749278003740, "正式名称": "ここ笑み助産院", "機関区分": 4, "都道府県コード": 27, "市区町村コード": 229, "所在地": "大阪府四條畷市田原台９丁目４番１１号", "緯度": 34.719426, "経度": 135.684591, "url": "https://www.iryou.teikyouseido.mhlw.go.jp/znk-web/juminkanja/S2430/initialize?prefCd=27&kikanCd=9278003740&kikanKbn=4", "url2": null, "内容": "ここ笑み助産院【4:助産院】大阪府四條畷市田原台９丁目４番１１号" }, "geometry": { "type": "Point", "coordinates": [ 135.684591, 34.719426 ] } },
{ "type": "Feature", "properties": { "ID": 2749278003790, "正式名称": "木村助産院", "機関区分": 4, "都道府県コード": 27, "市区町村コード": 102, "所在地": "大阪府大阪市都島区都島北通２－１６－１８", "緯度": 34.710646, "経度": 135.532993, "url": "https://www.iryou.teikyouseido.mhlw.go.jp/znk-web/juminkanja/S2430/initialize?prefCd=27&kikanCd=9278003790&kikanKbn=4", "url2": null, "内容": "木村助産院【4:助産院】大阪府大阪市都島区都島北通２－１６－１８" }, "geometry": { "type": "Point", "coordinates": [ 135.532993, 34.710646 ] } },
{ "type": "Feature", "properties": { "ID": 2749278003810, "正式名称": "はました助産院", "機関区分": 4, "都道府県コード": 27, "市区町村コード": 123, "所在地": "大阪府大阪市淀川区", "緯度": 34.725372, "経度": 135.48431, "url": "https://www.iryou.teikyouseido.mhlw.go.jp/znk-web/juminkanja/S2430/initialize?prefCd=27&kikanCd=9278003810&kikanKbn=4", "url2": null, "内容": "はました助産院【4:助産院】大阪府大阪市淀川区" }, "geometry": { "type": "Point", "coordinates": [ 135.48431, 34.725372 ] } },
{ "type": "Feature", "properties": { "ID": 2749278003840, "正式名称": "井原助産所", "機関区分": 4, "都道府県コード": 27, "市区町村コード": 108, "所在地": "大阪府大阪市大正区小林東２－１１－１７", "緯度": 34.643874, "経度": 135.473806, "url": "https://www.iryou.teikyouseido.mhlw.go.jp/znk-web/juminkanja/S2430/initialize?prefCd=27&kikanCd=9278003840&kikanKbn=4", "url2": null, "内容": "井原助産所【4:助産院】大阪府大阪市大正区小林東２－１１－１７" }, "geometry": { "type": "Point", "coordinates": [ 135.473806, 34.643874 ] } },
{ "type": "Feature", "properties": { "ID": 2749278003850, "正式名称": "竹中助産院", "機関区分": 4, "都道府県コード": 27, "市区町村コード": 103, "所在地": "大阪府大阪市福島区海老江４－１４－１４　吉井発條製作所２Ｆ", "緯度": 34.700091, "経度": 135.470943, "url": "https://www.iryou.teikyouseido.mhlw.go.jp/znk-web/juminkanja/S2430/initialize?prefCd=27&kikanCd=9278003850&kikanKbn=4", "url2": null, "内容": "竹中助産院【4:助産院】大阪府大阪市福島区海老江４－１４－１４　吉井発條製作所２Ｆ" }, "geometry": { "type": "Point", "coordinates": [ 135.470943, 34.700091 ] } },
{ "type": "Feature", "properties": { "ID": 2749278003860, "正式名称": "崔助産院", "機関区分": 4, "都道府県コード": 27, "市区町村コード": 120, "所在地": "大阪府大阪市住吉区東粉浜３－１３－１９　ビルトモアー住吉東粉浜２０５号", "緯度": 34.615711, "経度": 135.492501, "url": "https://www.iryou.teikyouseido.mhlw.go.jp/znk-web/juminkanja/S2430/initialize?prefCd=27&kikanCd=9278003860&kikanKbn=4", "url2": null, "内容": "崔助産院【4:助産院】大阪府大阪市住吉区東粉浜３－１３－１９　ビルトモアー住吉東粉浜２０５号" }, "geometry": { "type": "Point", "coordinates": [ 135.492501, 34.615711 ] } },
{ "type": "Feature", "properties": { "ID": 2749278003890, "正式名称": "山下助産院", "機関区分": 4, "都道府県コード": 27, "市区町村コード": 103, "所在地": "大阪府大阪市福島区福島５－１７－２１", "緯度": 34.6956, "経度": 135.484497, "url": "https://www.iryou.teikyouseido.mhlw.go.jp/znk-web/juminkanja/S2430/initialize?prefCd=27&kikanCd=9278003890&kikanKbn=4", "url2": "https://yamashita-dnt.com", "内容": "山下助産院【4:助産院】大阪府大阪市福島区福島５－１７－２１" }, "geometry": { "type": "Point", "coordinates": [ 135.484497, 34.6956 ] } },
{ "type": "Feature", "properties": { "ID": 2749278003930, "正式名称": "石黒助産院", "機関区分": 4, "都道府県コード": 27, "市区町村コード": 146, "所在地": "大阪府堺市北区百舌鳥梅北町４－３６－６", "緯度": 34.557856, "経度": 135.498697, "url": "https://www.iryou.teikyouseido.mhlw.go.jp/znk-web/juminkanja/S2430/initialize?prefCd=27&kikanCd=9278003930&kikanKbn=4", "url2": null, "内容": "石黒助産院【4:助産院】大阪府堺市北区百舌鳥梅北町４－３６－６" }, "geometry": { "type": "Point", "coordinates": [ 135.498697, 34.557856 ] } },
{ "type": "Feature", "properties": { "ID": 2749278003940, "正式名称": "医療法人竹村医学研究会（財団）　産後ケアセンター小阪", "機関区分": 4, "都道府県コード": 27, "市区町村コード": 227, "所在地": "大阪府東大阪市菱屋西３－４－１３", "緯度": 34.686315, "経度": 135.51969, "url": "https://www.iryou.teikyouseido.mhlw.go.jp/znk-web/juminkanja/S2430/initialize?prefCd=27&kikanCd=9278003940&kikanKbn=4", "url2": "http://www.kosaka.or.jp/sango/", "内容": "医療法人竹村医学研究会（財団）　産後ケアセンター小阪【4:助産院】大阪府東大阪市菱屋西３－４－１３" }, "geometry": { "type": "Point", "coordinates": [ 135.51969, 34.686315 ] } },
{ "type": "Feature", "properties": { "ID": 2749278003950, "正式名称": "ふみこ助産院", "機関区分": 4, "都道府県コード": 27, "市区町村コード": 227, "所在地": "大阪府東大阪市吉松１－４－５", "緯度": 34.641599, "経度": 135.584853, "url": "https://www.iryou.teikyouseido.mhlw.go.jp/znk-web/juminkanja/S2430/initialize?prefCd=27&kikanCd=9278003950&kikanKbn=4", "url2": null, "内容": "ふみこ助産院【4:助産院】大阪府東大阪市吉松１－４－５" }, "geometry": { "type": "Point", "coordinates": [ 135.584853, 34.641599 ] } },
{ "type": "Feature", "properties": { "ID": 2749278003970, "正式名称": "高島助産所　たんぽぽ", "機関区分": 4, "都道府県コード": 27, "市区町村コード": 227, "所在地": "大阪府東大阪市高井田", "緯度": 34.675446, "経度": 135.56976, "url": "https://www.iryou.teikyouseido.mhlw.go.jp/znk-web/juminkanja/S2430/initialize?prefCd=27&kikanCd=9278003970&kikanKbn=4", "url2": "tanpopo_takashimamw", "内容": "高島助産所　たんぽぽ【4:助産院】大阪府東大阪市高井田" }, "geometry": { "type": "Point", "coordinates": [ 135.56976, 34.675446 ] } },
{ "type": "Feature", "properties": { "ID": 2749278003980, "正式名称": "原田助産院", "機関区分": 4, "都道府県コード": 27, "市区町村コード": 210, "所在地": "大阪府枚方市楠葉並木２－３０－１０－１３０５", "緯度": 34.86041, "経度": 135.67989, "url": "https://www.iryou.teikyouseido.mhlw.go.jp/znk-web/juminkanja/S2430/initialize?prefCd=27&kikanCd=9278003980&kikanKbn=4", "url2": null, "内容": "原田助産院【4:助産院】大阪府枚方市楠葉並木２－３０－１０－１３０５" }, "geometry": { "type": "Point", "coordinates": [ 135.67989, 34.86041 ] } },
{ "type": "Feature", "properties": { "ID": 2749278004000, "正式名称": "あいちょ助産院", "機関区分": 4, "都道府県コード": 27, "市区町村コード": 203, "所在地": "大阪府豊中市刀根山３－６－５２", "緯度": 34.79233, "経度": 135.455218, "url": "https://www.iryou.teikyouseido.mhlw.go.jp/znk-web/juminkanja/S2430/initialize?prefCd=27&kikanCd=9278004000&kikanKbn=4", "url2": null, "内容": "あいちょ助産院【4:助産院】大阪府豊中市刀根山３－６－５２" }, "geometry": { "type": "Point", "coordinates": [ 135.455218, 34.79233 ] } },
{ "type": "Feature", "properties": { "ID": 2749278004080, "正式名称": "青木　靖子", "機関区分": 4, "都道府県コード": 27, "市区町村コード": 203, "所在地": "大阪府豊中市新千里東町３－７－１－２１６", "緯度": 34.812942, "経度": 135.504508, "url": "https://www.iryou.teikyouseido.mhlw.go.jp/znk-web/juminkanja/S2430/initialize?prefCd=27&kikanCd=9278004080&kikanKbn=4", "url2": null, "内容": "青木　靖子【4:助産院】大阪府豊中市新千里東町３－７－１－２１６" }, "geometry": { "type": "Point", "coordinates": [ 135.504508, 34.812942 ] } },
{ "type": "Feature", "properties": { "ID": 2749278004090, "正式名称": "助産院ひまわり", "機関区分": 4, "都道府県コード": 27, "市区町村コード": 205, "所在地": "大阪府吹田市古江台５丁目３番１０－４０２号", "緯度": 34.810928, "経度": 135.512903, "url": "https://www.iryou.teikyouseido.mhlw.go.jp/znk-web/juminkanja/S2430/initialize?prefCd=27&kikanCd=9278004090&kikanKbn=4", "url2": null, "内容": "助産院ひまわり【4:助産院】大阪府吹田市古江台５丁目３番１０－４０２号" }, "geometry": { "type": "Point", "coordinates": [ 135.512903, 34.810928 ] } },
{ "type": "Feature", "properties": { "ID": 2749278004110, "正式名称": "ゆづき助産院", "機関区分": 4, "都道府県コード": 27, "市区町村コード": 215, "所在地": "大阪府寝屋川市寝屋１丁目１１番７号", "緯度": 34.771253, "経度": 135.654119, "url": "https://www.iryou.teikyouseido.mhlw.go.jp/znk-web/juminkanja/S2430/initialize?prefCd=27&kikanCd=9278004110&kikanKbn=4", "url2": null, "内容": "ゆづき助産院【4:助産院】大阪府寝屋川市寝屋１丁目１１番７号" }, "geometry": { "type": "Point", "coordinates": [ 135.654119, 34.771253 ] } },
{ "type": "Feature", "properties": { "ID": 2749278004140, "正式名称": "まき助産院", "機関区分": 4, "都道府県コード": 27, "市区町村コード": 215, "所在地": "大阪府寝屋川市", "緯度": 34.76689, "経度": 135.63326, "url": "https://www.iryou.teikyouseido.mhlw.go.jp/znk-web/juminkanja/S2430/initialize?prefCd=27&kikanCd=9278004140&kikanKbn=4", "url2": "https://www.makijosanin.com/", "内容": "まき助産院【4:助産院】大阪府寝屋川市" }, "geometry": { "type": "Point", "coordinates": [ 135.63326, 34.76689 ] } },
{ "type": "Feature", "properties": { "ID": 2749278004160, "正式名称": "そらね助産院", "機関区分": 4, "都道府県コード": 27, "市区町村コード": 220, "所在地": "大阪府箕面市萱野５丁目１３番５０号", "緯度": 34.823772, "経度": 135.487269, "url": "https://www.iryou.teikyouseido.mhlw.go.jp/znk-web/juminkanja/S2430/initialize?prefCd=27&kikanCd=9278004160&kikanKbn=4", "url2": null, "内容": "そらね助産院【4:助産院】大阪府箕面市萱野５丁目１３番５０号" }, "geometry": { "type": "Point", "coordinates": [ 135.487269, 34.823772 ] } },
{ "type": "Feature", "properties": { "ID": 2749278004170, "正式名称": "桃の香助産院", "機関区分": 4, "都道府県コード": 27, "市区町村コード": 205, "所在地": "大阪府吹田市桃山台２－８－Ａ１－１１１４", "緯度": 34.79272, "経度": 135.500159, "url": "https://www.iryou.teikyouseido.mhlw.go.jp/znk-web/juminkanja/S2430/initialize?prefCd=27&kikanCd=9278004170&kikanKbn=4", "url2": null, "内容": "桃の香助産院【4:助産院】大阪府吹田市桃山台２－８－Ａ１－１１１４" }, "geometry": { "type": "Point", "coordinates": [ 135.500159, 34.79272 ] } },
{ "type": "Feature", "properties": { "ID": 2749278004180, "正式名称": "いるかこもれび助産院", "機関区分": 4, "都道府県コード": 27, "市区町村コード": 116, "所在地": "大阪府大阪市生野区勝山南", "緯度": 34.65409, "経度": 135.53471, "url": "https://www.iryou.teikyouseido.mhlw.go.jp/znk-web/juminkanja/S2430/initialize?prefCd=27&kikanCd=9278004180&kikanKbn=4", "url2": null, "内容": "いるかこもれび助産院【4:助産院】大阪府大阪市生野区勝山南" }, "geometry": { "type": "Point", "coordinates": [ 135.53471, 34.65409 ] } },
{ "type": "Feature", "properties": { "ID": 2749278004200, "正式名称": "ほがらか助産院", "機関区分": 4, "都道府県コード": 27, "市区町村コード": 106, "所在地": "大阪府大阪市西区川口３丁目４－２６－１４０７", "緯度": 34.678427, "経度": 135.486526, "url": "https://www.iryou.teikyouseido.mhlw.go.jp/znk-web/juminkanja/S2430/initialize?prefCd=27&kikanCd=9278004200&kikanKbn=4", "url2": null, "内容": "ほがらか助産院【4:助産院】大阪府大阪市西区川口３丁目４－２６－１４０７" }, "geometry": { "type": "Point", "coordinates": [ 135.486526, 34.678427 ] } },
{ "type": "Feature", "properties": { "ID": 2749278004210, "正式名称": "ぽえむ助産院", "機関区分": 4, "都道府県コード": 27, "市区町村コード": 127, "所在地": "大阪府大阪市北区天神橋３－９－２４－８１１", "緯度": 34.702258, "経度": 135.512051, "url": "https://www.iryou.teikyouseido.mhlw.go.jp/znk-web/juminkanja/S2430/initialize?prefCd=27&kikanCd=9278004210&kikanKbn=4", "url2": null, "内容": "ぽえむ助産院【4:助産院】大阪府大阪市北区天神橋３－９－２４－８１１" }, "geometry": { "type": "Point", "coordinates": [ 135.512051, 34.702258 ] } },
{ "type": "Feature", "properties": { "ID": 2749278004230, "正式名称": "芳中助産院", "機関区分": 4, "都道府県コード": 27, "市区町村コード": 227, "所在地": "大阪府東大阪市稲田本町３丁目１８番７号", "緯度": 34.688816, "経度": 135.580823, "url": "https://www.iryou.teikyouseido.mhlw.go.jp/znk-web/juminkanja/S2430/initialize?prefCd=27&kikanCd=9278004230&kikanKbn=4", "url2": "http://anpasan.wixsite.com/yoshinakajosannin", "内容": "芳中助産院【4:助産院】大阪府東大阪市稲田本町３丁目１８番７号" }, "geometry": { "type": "Point", "coordinates": [ 135.580823, 34.688816 ] } },
{ "type": "Feature", "properties": { "ID": 2749278004240, "正式名称": "山本助産院", "機関区分": 4, "都道府県コード": 27, "市区町村コード": 227, "所在地": "大阪府東大阪市桜町６－１５", "緯度": 34.664153, "経度": 135.633459, "url": "https://www.iryou.teikyouseido.mhlw.go.jp/znk-web/juminkanja/S2430/initialize?prefCd=27&kikanCd=9278004240&kikanKbn=4", "url2": null, "内容": "山本助産院【4:助産院】大阪府東大阪市桜町６－１５" }, "geometry": { "type": "Point", "coordinates": [ 135.633459, 34.664153 ] } },
{ "type": "Feature", "properties": { "ID": 2749278004260, "正式名称": "ぽっかぽか助産院", "機関区分": 4, "都道府県コード": 27, "市区町村コード": 114, "所在地": "大阪府大阪市東淀川区菅原７－１０－３", "緯度": 34.741893, "経度": 135.522215, "url": "https://www.iryou.teikyouseido.mhlw.go.jp/znk-web/juminkanja/S2430/initialize?prefCd=27&kikanCd=9278004260&kikanKbn=4", "url2": "http://www.midwife383.com/pokkapoka/midwife.html", "内容": "ぽっかぽか助産院【4:助産院】大阪府大阪市東淀川区菅原７－１０－３" }, "geometry": { "type": "Point", "coordinates": [ 135.522215, 34.741893 ] } },
{ "type": "Feature", "properties": { "ID": 2749278004300, "正式名称": "助産院Ｌａ　Ｍｅｒｅ", "機関区分": 4, "都道府県コード": 27, "市区町村コード": 127, "所在地": "大阪府大阪市北区", "緯度": 34.710776, "経度": 135.510749, "url": "https://www.iryou.teikyouseido.mhlw.go.jp/znk-web/juminkanja/S2430/initialize?prefCd=27&kikanCd=9278004300&kikanKbn=4", "url2": "https://lamere18.jimdo.com", "内容": "助産院Ｌａ　Ｍｅｒｅ【4:助産院】大阪府大阪市北区" }, "geometry": { "type": "Point", "coordinates": [ 135.510749, 34.710776 ] } },
{ "type": "Feature", "properties": { "ID": 2749278004310, "正式名称": "豊田助産院", "機関区分": 4, "都道府県コード": 27, "市区町村コード": 210, "所在地": "大阪府枚方市西牧野４丁目１－１－７０８", "緯度": 34.844801, "経度": 135.664115, "url": "https://www.iryou.teikyouseido.mhlw.go.jp/znk-web/juminkanja/S2430/initialize?prefCd=27&kikanCd=9278004310&kikanKbn=4", "url2": null, "内容": "豊田助産院【4:助産院】大阪府枚方市西牧野４丁目１－１－７０８" }, "geometry": { "type": "Point", "coordinates": [ 135.664115, 34.844801 ] } },
{ "type": "Feature", "properties": { "ID": 2749278004320, "正式名称": "もみじ助産所", "機関区分": 4, "都道府県コード": 27, "市区町村コード": 220, "所在地": "大阪府箕面市粟生間谷東６丁目１５番４号", "緯度": 34.851492, "経度": 135.514016, "url": "https://www.iryou.teikyouseido.mhlw.go.jp/znk-web/juminkanja/S2430/initialize?prefCd=27&kikanCd=9278004320&kikanKbn=4", "url2": null, "内容": "もみじ助産所【4:助産院】大阪府箕面市粟生間谷東６丁目１５番４号" }, "geometry": { "type": "Point", "coordinates": [ 135.514016, 34.851492 ] } },
{ "type": "Feature", "properties": { "ID": 2749278004330, "正式名称": "ゆな助産院", "機関区分": 4, "都道府県コード": 27, "市区町村コード": 205, "所在地": "大阪府吹田市千里山高塚２１番２－３号", "緯度": 34.782583, "経度": 135.512547, "url": "https://www.iryou.teikyouseido.mhlw.go.jp/znk-web/juminkanja/S2430/initialize?prefCd=27&kikanCd=9278004330&kikanKbn=4", "url2": null, "内容": "ゆな助産院【4:助産院】大阪府吹田市千里山高塚２１番２－３号" }, "geometry": { "type": "Point", "coordinates": [ 135.512547, 34.782583 ] } },
{ "type": "Feature", "properties": { "ID": 2749278004370, "正式名称": "はむろ助産院", "機関区分": 4, "都道府県コード": 27, "市区町村コード": 205, "所在地": "大阪府吹田市津雲台６丁目１１番１２－２", "緯度": 34.804775, "経度": 135.509713, "url": "https://www.iryou.teikyouseido.mhlw.go.jp/znk-web/juminkanja/S2430/initialize?prefCd=27&kikanCd=9278004370&kikanKbn=4", "url2": null, "内容": "はむろ助産院【4:助産院】大阪府吹田市津雲台６丁目１１番１２－２" }, "geometry": { "type": "Point", "coordinates": [ 135.509713, 34.804775 ] } },
{ "type": "Feature", "properties": { "ID": 2749278004380, "正式名称": "まどか助産院", "機関区分": 4, "都道府県コード": 27, "市区町村コード": 220, "所在地": "大阪府箕面市外院２丁目５番２８号", "緯度": 34.840271, "経度": 135.499712, "url": "https://www.iryou.teikyouseido.mhlw.go.jp/znk-web/juminkanja/S2430/initialize?prefCd=27&kikanCd=9278004380&kikanKbn=4", "url2": null, "内容": "まどか助産院【4:助産院】大阪府箕面市外院２丁目５番２８号" }, "geometry": { "type": "Point", "coordinates": [ 135.499712, 34.840271 ] } },
{ "type": "Feature", "properties": { "ID": 2749278004390, "正式名称": "さくら助産院", "機関区分": 4, "都道府県コード": 27, "市区町村コード": 215, "所在地": "大阪府寝屋川市秦町３０－２６", "緯度": 34.76392, "経度": 135.631232, "url": "https://www.iryou.teikyouseido.mhlw.go.jp/znk-web/juminkanja/S2430/initialize?prefCd=27&kikanCd=9278004390&kikanKbn=4", "url2": null, "内容": "さくら助産院【4:助産院】大阪府寝屋川市秦町３０－２６" }, "geometry": { "type": "Point", "coordinates": [ 135.631232, 34.76392 ] } },
{ "type": "Feature", "properties": { "ID": 2749278004400, "正式名称": "おっぱい相談室　こさか助産院", "機関区分": 4, "都道府県コード": 27, "市区町村コード": 217, "所在地": "大阪府松原市南新町１－７－４３", "緯度": 34.576494, "経度": 135.536665, "url": "https://www.iryou.teikyouseido.mhlw.go.jp/znk-web/juminkanja/S2430/initialize?prefCd=27&kikanCd=9278004400&kikanKbn=4", "url2": "http://kosaka-josanin.com/", "内容": "おっぱい相談室　こさか助産院【4:助産院】大阪府松原市南新町１－７－４３" }, "geometry": { "type": "Point", "coordinates": [ 135.536665, 34.576494 ] } },
{ "type": "Feature", "properties": { "ID": 2749278004420, "正式名称": "陽だまり助産院", "機関区分": 4, "都道府県コード": 27, "市区町村コード": 204, "所在地": "大阪府池田市石橋１丁目１５番１７号", "緯度": 34.80569, "経度": 135.444857, "url": "https://www.iryou.teikyouseido.mhlw.go.jp/znk-web/juminkanja/S2430/initialize?prefCd=27&kikanCd=9278004420&kikanKbn=4", "url2": "https://www.hidamari-yama.com", "内容": "陽だまり助産院【4:助産院】大阪府池田市石橋１丁目１５番１７号" }, "geometry": { "type": "Point", "coordinates": [ 135.444857, 34.80569 ] } },
{ "type": "Feature", "properties": { "ID": 2749278004430, "正式名称": "中島助産院", "機関区分": 4, "都道府県コード": 27, "市区町村コード": 220, "所在地": "大阪府箕面市今宮４丁目１４番６７号", "緯度": 34.827827, "経度": 135.498907, "url": "https://www.iryou.teikyouseido.mhlw.go.jp/znk-web/juminkanja/S2430/initialize?prefCd=27&kikanCd=9278004430&kikanKbn=4", "url2": null, "内容": "中島助産院【4:助産院】大阪府箕面市今宮４丁目１４番６７号" }, "geometry": { "type": "Point", "coordinates": [ 135.498907, 34.827827 ] } },
{ "type": "Feature", "properties": { "ID": 2749278004490, "正式名称": "希助産院", "機関区分": 4, "都道府県コード": 27, "市区町村コード": 114, "所在地": "大阪府大阪市東淀川区上新庄２－４－２４　レジオン上新庄１００４号", "緯度": 34.7486742, "経度": 135.5290812, "url": "https://www.iryou.teikyouseido.mhlw.go.jp/znk-web/juminkanja/S2430/initialize?prefCd=27&kikanCd=9278004490&kikanKbn=4", "url2": null, "内容": "希助産院【4:助産院】大阪府大阪市東淀川区上新庄２－４－２４　レジオン上新庄１００４号" }, "geometry": { "type": "Point", "coordinates": [ 135.5290812, 34.7486742 ] } },
{ "type": "Feature", "properties": { "ID": 2749278004500, "正式名称": "ぴょん助産院", "機関区分": 4, "都道府県コード": 27, "市区町村コード": 115, "所在地": "大阪府大阪市東成区東小橋３－５－１８", "緯度": 34.667817, "経度": 135.533634, "url": "https://www.iryou.teikyouseido.mhlw.go.jp/znk-web/juminkanja/S2430/initialize?prefCd=27&kikanCd=9278004500&kikanKbn=4", "url2": null, "内容": "ぴょん助産院【4:助産院】大阪府大阪市東成区東小橋３－５－１８" }, "geometry": { "type": "Point", "coordinates": [ 135.533634, 34.667817 ] } },
{ "type": "Feature", "properties": { "ID": 2749278004520, "正式名称": "彩り助産院", "機関区分": 4, "都道府県コード": 27, "市区町村コード": 118, "所在地": "大阪府大阪市城東区永田４－５－１１", "緯度": 34.680955, "経度": 135.555465, "url": "https://www.iryou.teikyouseido.mhlw.go.jp/znk-web/juminkanja/S2430/initialize?prefCd=27&kikanCd=9278004520&kikanKbn=4", "url2": "http://www.midwifemap.com/irodori/mysite/", "内容": "彩り助産院【4:助産院】大阪府大阪市城東区永田４－５－１１" }, "geometry": { "type": "Point", "coordinates": [ 135.555465, 34.680955 ] } },
{ "type": "Feature", "properties": { "ID": 2749278004550, "正式名称": "みゆママ助産院", "機関区分": 4, "都道府県コード": 27, "市区町村コード": 121, "所在地": "大阪府大阪市東住吉区今川８－１０－１４", "緯度": 34.624905, "経度": 135.540468, "url": "https://www.iryou.teikyouseido.mhlw.go.jp/znk-web/juminkanja/S2430/initialize?prefCd=27&kikanCd=9278004550&kikanKbn=4", "url2": "https://miyumama-josanin.com", "内容": "みゆママ助産院【4:助産院】大阪府大阪市東住吉区今川８－１０－１４" }, "geometry": { "type": "Point", "coordinates": [ 135.540468, 34.624905 ] } },
{ "type": "Feature", "properties": { "ID": 2749278004580, "正式名称": "助産院　くろねこ", "機関区分": 4, "都道府県コード": 27, "市区町村コード": 145, "所在地": "大阪府堺市南区三原台２－６－２－１１０６", "緯度": 34.505668, "経度": 135.514337, "url": "https://www.iryou.teikyouseido.mhlw.go.jp/znk-web/juminkanja/S2430/initialize?prefCd=27&kikanCd=9278004580&kikanKbn=4", "url2": null, "内容": "助産院　くろねこ【4:助産院】大阪府堺市南区三原台２－６－２－１１０６" }, "geometry": { "type": "Point", "coordinates": [ 135.514337, 34.505668 ] } },
{ "type": "Feature", "properties": { "ID": 2749278004600, "正式名称": "あもーる助産院", "機関区分": 4, "都道府県コード": 27, "市区町村コード": 203, "所在地": "大阪府豊中市新千里西町２－２４－３０－２０１", "緯度": 34.81094, "経度": 135.490603, "url": "https://www.iryou.teikyouseido.mhlw.go.jp/znk-web/juminkanja/S2430/initialize?prefCd=27&kikanCd=9278004600&kikanKbn=4", "url2": null, "内容": "あもーる助産院【4:助産院】大阪府豊中市新千里西町２－２４－３０－２０１" }, "geometry": { "type": "Point", "coordinates": [ 135.490603, 34.81094 ] } },
{ "type": "Feature", "properties": { "ID": 2749278004610, "正式名称": "幸助産院", "機関区分": 4, "都道府県コード": 27, "市区町村コード": 203, "所在地": "大阪府豊中市野田町１６番１号６０９", "緯度": 34.754418, "経度": 135.472496, "url": "https://www.iryou.teikyouseido.mhlw.go.jp/znk-web/juminkanja/S2430/initialize?prefCd=27&kikanCd=9278004610&kikanKbn=4", "url2": null, "内容": "幸助産院【4:助産院】大阪府豊中市野田町１６番１号６０９" }, "geometry": { "type": "Point", "coordinates": [ 135.472496, 34.754418 ] } },
{ "type": "Feature", "properties": { "ID": 2749278004640, "正式名称": "あん助産院", "機関区分": 4, "都道府県コード": 27, "市区町村コード": 210, "所在地": "大阪府枚方市藤阪元町３丁目６－２２", "緯度": 34.81936, "経度": 135.702696, "url": "https://www.iryou.teikyouseido.mhlw.go.jp/znk-web/juminkanja/S2430/initialize?prefCd=27&kikanCd=9278004640&kikanKbn=4", "url2": "anjosanin.com", "内容": "あん助産院【4:助産院】大阪府枚方市藤阪元町３丁目６－２２" }, "geometry": { "type": "Point", "coordinates": [ 135.702696, 34.81936 ] } },
{ "type": "Feature", "properties": { "ID": 2749278004650, "正式名称": "一般社団法人　ふなき助産院", "機関区分": 4, "都道府県コード": 27, "市区町村コード": 124, "所在地": "大阪府大阪市鶴見区鶴見２－４－７　リブラン山内１０１号", "緯度": 34.700092, "経度": 135.561935, "url": "https://www.iryou.teikyouseido.mhlw.go.jp/znk-web/juminkanja/S2430/initialize?prefCd=27&kikanCd=9278004650&kikanKbn=4", "url2": null, "内容": "一般社団法人　ふなき助産院【4:助産院】大阪府大阪市鶴見区鶴見２－４－７　リブラン山内１０１号" }, "geometry": { "type": "Point", "coordinates": [ 135.561935, 34.700092 ] } },
{ "type": "Feature", "properties": { "ID": 2749278004660, "正式名称": "ひなた助産院　母乳育児相談室", "機関区分": 4, "都道府県コード": 27, "市区町村コード": 227, "所在地": "大阪府東大阪市吉田６－２－５８　シャトーエイジ－２０１", "緯度": 34.663764, "経度": 135.625487, "url": "https://www.iryou.teikyouseido.mhlw.go.jp/znk-web/juminkanja/S2430/initialize?prefCd=27&kikanCd=9278004660&kikanKbn=4", "url2": null, "内容": "ひなた助産院　母乳育児相談室【4:助産院】大阪府東大阪市吉田６－２－５８　シャトーエイジ－２０１" }, "geometry": { "type": "Point", "coordinates": [ 135.625487, 34.663764 ] } },
{ "type": "Feature", "properties": { "ID": 2749278004680, "正式名称": "植田桶谷式母乳育児相談室", "機関区分": 4, "都道府県コード": 27, "市区町村コード": 203, "所在地": "大阪府豊中市末広町２丁目８番２３号", "緯度": 34.783054, "経度": 135.462773, "url": "https://www.iryou.teikyouseido.mhlw.go.jp/znk-web/juminkanja/S2430/initialize?prefCd=27&kikanCd=9278004680&kikanKbn=4", "url2": null, "内容": "植田桶谷式母乳育児相談室【4:助産院】大阪府豊中市末広町２丁目８番２３号" }, "geometry": { "type": "Point", "coordinates": [ 135.462773, 34.783054 ] } },
{ "type": "Feature", "properties": { "ID": 2749278004690, "正式名称": "すぎもと助産院", "機関区分": 4, "都道府県コード": 27, "市区町村コード": 202, "所在地": "大阪府岸和田市下松町５丁目２番２０号", "緯度": 34.455227, "経度": 135.400321, "url": "https://www.iryou.teikyouseido.mhlw.go.jp/znk-web/juminkanja/S2430/initialize?prefCd=27&kikanCd=9278004690&kikanKbn=4", "url2": null, "内容": "すぎもと助産院【4:助産院】大阪府岸和田市下松町５丁目２番２０号" }, "geometry": { "type": "Point", "coordinates": [ 135.400321, 34.455227 ] } },
{ "type": "Feature", "properties": { "ID": 2749278004710, "正式名称": "津田助産院", "機関区分": 4, "都道府県コード": 27, "市区町村コード": 202, "所在地": "大阪府岸和田市下野町２丁目２番１号", "緯度": 34.471725, "経度": 135.379628, "url": "https://www.iryou.teikyouseido.mhlw.go.jp/znk-web/juminkanja/S2430/initialize?prefCd=27&kikanCd=9278004710&kikanKbn=4", "url2": "https://tsudasanfujinka.sakura.ne.jp/", "内容": "津田助産院【4:助産院】大阪府岸和田市下野町２丁目２番１号" }, "geometry": { "type": "Point", "coordinates": [ 135.379628, 34.471725 ] } },
{ "type": "Feature", "properties": { "ID": 2749278004720, "正式名称": "保田助産院", "機関区分": 4, "都道府県コード": 27, "市区町村コード": 321, "所在地": "大阪府豊能郡豊能町光風台１丁目６番の１３", "緯度": 34.901152, "経度": 135.437353, "url": "https://www.iryou.teikyouseido.mhlw.go.jp/znk-web/juminkanja/S2430/initialize?prefCd=27&kikanCd=9278004720&kikanKbn=4", "url2": null, "内容": "保田助産院【4:助産院】大阪府豊能郡豊能町光風台１丁目６番の１３" }, "geometry": { "type": "Point", "coordinates": [ 135.437353, 34.901152 ] } },
{ "type": "Feature", "properties": { "ID": 2749278004730, "正式名称": "大西助産院", "機関区分": 4, "都道府県コード": 27, "市区町村コード": 222, "所在地": "大阪府羽曳野市南恵我之荘５丁目１８番１５号", "緯度": 34.567718, "経度": 135.570802, "url": "https://www.iryou.teikyouseido.mhlw.go.jp/znk-web/juminkanja/S2430/initialize?prefCd=27&kikanCd=9278004730&kikanKbn=4", "url2": null, "内容": "大西助産院【4:助産院】大阪府羽曳野市南恵我之荘５丁目１８番１５号" }, "geometry": { "type": "Point", "coordinates": [ 135.570802, 34.567718 ] } },
{ "type": "Feature", "properties": { "ID": 2749278004750, "正式名称": "リプロダクティブヘルスケア　満てり（みてり）助産院", "機関区分": 4, "都道府県コード": 27, "市区町村コード": 211, "所在地": "大阪府茨木市", "緯度": 34.809719, "経度": 135.568958, "url": "https://www.iryou.teikyouseido.mhlw.go.jp/znk-web/juminkanja/S2430/initialize?prefCd=27&kikanCd=9278004750&kikanKbn=4", "url2": "https://miterijyosanninn.jimdofree.com/", "内容": "リプロダクティブヘルスケア　満てり（みてり）助産院【4:助産院】大阪府茨木市" }, "geometry": { "type": "Point", "coordinates": [ 135.568958, 34.809719 ] } },
{ "type": "Feature", "properties": { "ID": 2749278004760, "正式名称": "森　麻紀", "機関区分": 4, "都道府県コード": 27, "市区町村コード": 203, "所在地": "大阪府豊中市春日町２－４－５－４０３", "緯度": 34.809607, "経度": 135.466355, "url": "https://www.iryou.teikyouseido.mhlw.go.jp/znk-web/juminkanja/S2430/initialize?prefCd=27&kikanCd=9278004760&kikanKbn=4", "url2": null, "内容": "森　麻紀【4:助産院】大阪府豊中市春日町２－４－５－４０３" }, "geometry": { "type": "Point", "coordinates": [ 135.466355, 34.809607 ] } },
{ "type": "Feature", "properties": { "ID": 2749278004790, "正式名称": "もとやま助産所", "機関区分": 4, "都道府県コード": 27, "市区町村コード": 232, "所在地": "大阪府阪南市桃の木台７丁目３番地の２", "緯度": 34.326492, "経度": 135.224625, "url": "https://www.iryou.teikyouseido.mhlw.go.jp/znk-web/juminkanja/S2430/initialize?prefCd=27&kikanCd=9278004790&kikanKbn=4", "url2": null, "内容": "もとやま助産所【4:助産院】大阪府阪南市桃の木台７丁目３番地の２" }, "geometry": { "type": "Point", "coordinates": [ 135.224625, 34.326492 ] } },
{ "type": "Feature", "properties": { "ID": 2749278004820, "正式名称": "あきこ助産院", "機関区分": 4, "都道府県コード": 27, "市区町村コード": 120, "所在地": "大阪府大阪市住吉区苅田", "緯度": 34.599567, "経度": 135.51288, "url": "https://www.iryou.teikyouseido.mhlw.go.jp/znk-web/juminkanja/S2430/initialize?prefCd=27&kikanCd=9278004820&kikanKbn=4", "url2": "https://akikojyosannin.amebaownd.com/", "内容": "あきこ助産院【4:助産院】大阪府大阪市住吉区苅田" }, "geometry": { "type": "Point", "coordinates": [ 135.51288, 34.599567 ] } },
{ "type": "Feature", "properties": { "ID": 2749278004830, "正式名称": "まるたに助産院", "機関区分": 4, "都道府県コード": 27, "市区町村コード": 103, "所在地": "大阪府大阪市福島区野田", "緯度": 34.685406, "経度": 135.47705, "url": "https://www.iryou.teikyouseido.mhlw.go.jp/znk-web/juminkanja/S2430/initialize?prefCd=27&kikanCd=9278004830&kikanKbn=4", "url2": null, "内容": "まるたに助産院【4:助産院】大阪府大阪市福島区野田" }, "geometry": { "type": "Point", "coordinates": [ 135.47705, 34.685406 ] } },
{ "type": "Feature", "properties": { "ID": 2749278004860, "正式名称": "西助産院", "機関区分": 4, "都道府県コード": 27, "市区町村コード": 109, "所在地": "大阪府大阪市天王寺区上本町９丁目３番１２号５０５号", "緯度": 34.6581075, "経度": 135.5171277, "url": "https://www.iryou.teikyouseido.mhlw.go.jp/znk-web/juminkanja/S2430/initialize?prefCd=27&kikanCd=9278004860&kikanKbn=4", "url2": null, "内容": "西助産院【4:助産院】大阪府大阪市天王寺区上本町９丁目３番１２号５０５号" }, "geometry": { "type": "Point", "coordinates": [ 135.5171277, 34.6581075 ] } },
{ "type": "Feature", "properties": { "ID": 2749278004880, "正式名称": "はる助産院", "機関区分": 4, "都道府県コード": 27, "市区町村コード": 119, "所在地": "大阪府大阪市阿倍野区北畠１丁目", "緯度": 34.627418, "経度": 135.508612, "url": "https://www.iryou.teikyouseido.mhlw.go.jp/znk-web/juminkanja/S2430/initialize?prefCd=27&kikanCd=9278004880&kikanKbn=4", "url2": "http://www.midwifemap.com/hanajyosanin/mysite/", "内容": "はる助産院【4:助産院】大阪府大阪市阿倍野区北畠１丁目" }, "geometry": { "type": "Point", "coordinates": [ 135.508612, 34.627418 ] } },
{ "type": "Feature", "properties": { "ID": 2749278004890, "正式名称": "まえはら助産院", "機関区分": 4, "都道府県コード": 27, "市区町村コード": 215, "所在地": "大阪府寝屋川市寝屋新町１２番１０号", "緯度": 34.771586, "経度": 135.654174, "url": "https://www.iryou.teikyouseido.mhlw.go.jp/znk-web/juminkanja/S2430/initialize?prefCd=27&kikanCd=9278004890&kikanKbn=4", "url2": null, "内容": "まえはら助産院【4:助産院】大阪府寝屋川市寝屋新町１２番１０号" }, "geometry": { "type": "Point", "coordinates": [ 135.654174, 34.771586 ] } },
{ "type": "Feature", "properties": { "ID": 2749278004900, "正式名称": "さち　助産院　まこっちゃん家", "機関区分": 4, "都道府県コード": 27, "市区町村コード": 212, "所在地": "大阪府八尾市安中町８丁目３番３号マンション矢作Ⅱ２０２号室", "緯度": 34.616907, "経度": 135.604186, "url": "https://www.iryou.teikyouseido.mhlw.go.jp/znk-web/juminkanja/S2430/initialize?prefCd=27&kikanCd=9278004900&kikanKbn=4", "url2": "http://www.eonet.ne.jp/~yao/sachijosanninn/", "内容": "さち　助産院　まこっちゃん家【4:助産院】大阪府八尾市安中町８丁目３番３号マンション矢作Ⅱ２０２号室" }, "geometry": { "type": "Point", "coordinates": [ 135.604186, 34.616907 ] } },
{ "type": "Feature", "properties": { "ID": 2749278004940, "正式名称": "あゆみ助産院", "機関区分": 4, "都道府県コード": 27, "市区町村コード": 144, "所在地": "大阪府堺市西区浜寺諏訪森町東２－１１２－１１", "緯度": 34.549121, "経度": 135.450396, "url": "https://www.iryou.teikyouseido.mhlw.go.jp/znk-web/juminkanja/S2430/initialize?prefCd=27&kikanCd=9278004940&kikanKbn=4", "url2": null, "内容": "あゆみ助産院【4:助産院】大阪府堺市西区浜寺諏訪森町東２－１１２－１１" }, "geometry": { "type": "Point", "coordinates": [ 135.450396, 34.549121 ] } },
{ "type": "Feature", "properties": { "ID": 2749278004950, "正式名称": "にしだ助産院", "機関区分": 4, "都道府県コード": 27, "市区町村コード": 203, "所在地": "大阪府豊中市桜の町５丁目９番１号", "緯度": 34.804072, "経度": 135.466458, "url": "https://www.iryou.teikyouseido.mhlw.go.jp/znk-web/juminkanja/S2430/initialize?prefCd=27&kikanCd=9278004950&kikanKbn=4", "url2": null, "内容": "にしだ助産院【4:助産院】大阪府豊中市桜の町５丁目９番１号" }, "geometry": { "type": "Point", "coordinates": [ 135.466458, 34.804072 ] } },
{ "type": "Feature", "properties": { "ID": 2749278004960, "正式名称": "まめ助産院", "機関区分": 4, "都道府県コード": 27, "市区町村コード": 203, "所在地": "大阪府豊中市城山町１－８－３－８０２", "緯度": 34.771528, "経度": 135.476139, "url": "https://www.iryou.teikyouseido.mhlw.go.jp/znk-web/juminkanja/S2430/initialize?prefCd=27&kikanCd=9278004960&kikanKbn=4", "url2": null, "内容": "まめ助産院【4:助産院】大阪府豊中市城山町１－８－３－８０２" }, "geometry": { "type": "Point", "coordinates": [ 135.476139, 34.771528 ] } },
{ "type": "Feature", "properties": { "ID": 2749278004980, "正式名称": "あまのしずく助産院", "機関区分": 4, "都道府県コード": 27, "市区町村コード": 230, "所在地": "大阪府交野市倉治６丁目２５番２０号", "緯度": 34.797667, "経度": 135.69217, "url": "https://www.iryou.teikyouseido.mhlw.go.jp/znk-web/juminkanja/S2430/initialize?prefCd=27&kikanCd=9278004980&kikanKbn=4", "url2": null, "内容": "あまのしずく助産院【4:助産院】大阪府交野市倉治６丁目２５番２０号" }, "geometry": { "type": "Point", "coordinates": [ 135.69217, 34.797667 ] } },
{ "type": "Feature", "properties": { "ID": 2749278004990, "正式名称": "小林助産院　～Ｆｕｒｅｒｕ～", "機関区分": 4, "都道府県コード": 27, "市区町村コード": 232, "所在地": "大阪府阪南市", "緯度": 34.36072, "経度": 135.24113, "url": "https://www.iryou.teikyouseido.mhlw.go.jp/znk-web/juminkanja/S2430/initialize?prefCd=27&kikanCd=9278004990&kikanKbn=4", "url2": null, "内容": "小林助産院　～Ｆｕｒｅｒｕ～【4:助産院】大阪府阪南市" }, "geometry": { "type": "Point", "coordinates": [ 135.24113, 34.36072 ] } },
{ "type": "Feature", "properties": { "ID": 2749278005000, "正式名称": "プリマ助産院", "機関区分": 4, "都道府県コード": 27, "市区町村コード": 204, "所在地": "大阪府池田市八王寺１丁目７番３号", "緯度": 34.81405, "経度": 135.433219, "url": "https://www.iryou.teikyouseido.mhlw.go.jp/znk-web/juminkanja/S2430/initialize?prefCd=27&kikanCd=9278005000&kikanKbn=4", "url2": "http://prima-baby.net/index.html", "内容": "プリマ助産院【4:助産院】大阪府池田市八王寺１丁目７番３号" }, "geometry": { "type": "Point", "coordinates": [ 135.433219, 34.81405 ] } },
{ "type": "Feature", "properties": { "ID": 2749278005010, "正式名称": "かりゆし助産院", "機関区分": 4, "都道府県コード": 27, "市区町村コード": 220, "所在地": "大阪府箕面市", "緯度": 34.84752, "経度": 135.520404, "url": "https://www.iryou.teikyouseido.mhlw.go.jp/znk-web/juminkanja/S2430/initialize?prefCd=27&kikanCd=9278005010&kikanKbn=4", "url2": "https://midwife-kariyushi2020.com", "内容": "かりゆし助産院【4:助産院】大阪府箕面市" }, "geometry": { "type": "Point", "coordinates": [ 135.520404, 34.84752 ] } },
{ "type": "Feature", "properties": { "ID": 2749278005040, "正式名称": "百花ーｍｏｃｈａー助産院", "機関区分": 4, "都道府県コード": 27, "市区町村コード": 205, "所在地": "大阪府吹田市円山町３０－３", "緯度": 34.768704, "経度": 135.504337, "url": "https://www.iryou.teikyouseido.mhlw.go.jp/znk-web/juminkanja/S2430/initialize?prefCd=27&kikanCd=9278005040&kikanKbn=4", "url2": null, "内容": "百花ーｍｏｃｈａー助産院【4:助産院】大阪府吹田市円山町３０－３" }, "geometry": { "type": "Point", "coordinates": [ 135.504337, 34.768704 ] } },
{ "type": "Feature", "properties": { "ID": 2749278005050, "正式名称": "からふるＭｕｍ", "機関区分": 4, "都道府県コード": 27, "市区町村コード": 211, "所在地": "大阪府茨木市総持寺駅前町８－５", "緯度": 34.827746, "経度": 135.5839, "url": "https://www.iryou.teikyouseido.mhlw.go.jp/znk-web/juminkanja/S2430/initialize?prefCd=27&kikanCd=9278005050&kikanKbn=4", "url2": null, "内容": "からふるＭｕｍ【4:助産院】大阪府茨木市総持寺駅前町８－５" }, "geometry": { "type": "Point", "coordinates": [ 135.5839, 34.827746 ] } },
{ "type": "Feature", "properties": { "ID": 2749278005080, "正式名称": "森の助産院", "機関区分": 4, "都道府県コード": 27, "市区町村コード": 211, "所在地": "大阪府茨木市彩都やまぶき２丁目２番　Ａー６０７号", "緯度": 34.857852, "経度": 135.523126, "url": "https://www.iryou.teikyouseido.mhlw.go.jp/znk-web/juminkanja/S2430/initialize?prefCd=27&kikanCd=9278005080&kikanKbn=4", "url2": null, "内容": "森の助産院【4:助産院】大阪府茨木市彩都やまぶき２丁目２番　Ａー６０７号" }, "geometry": { "type": "Point", "coordinates": [ 135.523126, 34.857852 ] } },
{ "type": "Feature", "properties": { "ID": 2749278005090, "正式名称": "マタニティホーム矢場", "機関区分": 4, "都道府県コード": 27, "市区町村コード": 221, "所在地": "大阪府柏原市古町２丁目８－３９", "緯度": 34.582467, "経度": 135.622214, "url": "https://www.iryou.teikyouseido.mhlw.go.jp/znk-web/juminkanja/S2430/initialize?prefCd=27&kikanCd=9278005090&kikanKbn=4", "url2": "http://www.maternity-yaba.work", "内容": "マタニティホーム矢場【4:助産院】大阪府柏原市古町２丁目８－３９" }, "geometry": { "type": "Point", "coordinates": [ 135.622214, 34.582467 ] } },
{ "type": "Feature", "properties": { "ID": 2749278005190, "正式名称": "はせがわ助産院", "機関区分": 4, "都道府県コード": 27, "市区町村コード": 116, "所在地": "大阪府大阪市生野区桃谷１丁目１０番４号ヒルクライム桃谷２０６号", "緯度": 34.659318, "経度": 135.530079, "url": "https://www.iryou.teikyouseido.mhlw.go.jp/znk-web/juminkanja/S2430/initialize?prefCd=27&kikanCd=9278005190&kikanKbn=4", "url2": null, "内容": "はせがわ助産院【4:助産院】大阪府大阪市生野区桃谷１丁目１０番４号ヒルクライム桃谷２０６号" }, "geometry": { "type": "Point", "coordinates": [ 135.530079, 34.659318 ] } },
{ "type": "Feature", "properties": { "ID": 2749278005200, "正式名称": "田中助産院", "機関区分": 4, "都道府県コード": 27, "市区町村コード": 115, "所在地": "大阪府大阪市東成区大今里西２丁目４番３号", "緯度": 34.670095, "経度": 135.539494, "url": "https://www.iryou.teikyouseido.mhlw.go.jp/znk-web/juminkanja/S2430/initialize?prefCd=27&kikanCd=9278005200&kikanKbn=4", "url2": null, "内容": "田中助産院【4:助産院】大阪府大阪市東成区大今里西２丁目４番３号" }, "geometry": { "type": "Point", "coordinates": [ 135.539494, 34.670095 ] } },
{ "type": "Feature", "properties": { "ID": 2749278005210, "正式名称": "木原助産院", "機関区分": 4, "都道府県コード": 27, "市区町村コード": 102, "所在地": "大阪府大阪市都島区中野町２丁目１５番５号朝日プラザ大宝４１８", "緯度": 34.701175, "経度": 135.526938, "url": "https://www.iryou.teikyouseido.mhlw.go.jp/znk-web/juminkanja/S2430/initialize?prefCd=27&kikanCd=9278005210&kikanKbn=4", "url2": null, "内容": "木原助産院【4:助産院】大阪府大阪市都島区中野町２丁目１５番５号朝日プラザ大宝４１８" }, "geometry": { "type": "Point", "coordinates": [ 135.526938, 34.701175 ] } },
{ "type": "Feature", "properties": { "ID": 2749278005220, "正式名称": "アミプラ助産院　ひろ先輩", "機関区分": 4, "都道府県コード": 27, "市区町村コード": 127, "所在地": "大阪府大阪市北区東天満２丁目８番７号エスリード東天満１１０１号", "緯度": 34.698175, "経度": 135.514078, "url": "https://www.iryou.teikyouseido.mhlw.go.jp/znk-web/juminkanja/S2430/initialize?prefCd=27&kikanCd=9278005220&kikanKbn=4", "url2": null, "内容": "アミプラ助産院　ひろ先輩【4:助産院】大阪府大阪市北区東天満２丁目８番７号エスリード東天満１１０１号" }, "geometry": { "type": "Point", "coordinates": [ 135.514078, 34.698175 ] } },
{ "type": "Feature", "properties": { "ID": 2749278005230, "正式名称": "岡地助産院", "機関区分": 4, "都道府県コード": 27, "市区町村コード": 102, "所在地": "大阪府大阪市都島区都島南通２丁目１番京橋グリーンハイツ４号棟１３０７号", "緯度": 34.701064, "経度": 135.53116, "url": "https://www.iryou.teikyouseido.mhlw.go.jp/znk-web/juminkanja/S2430/initialize?prefCd=27&kikanCd=9278005230&kikanKbn=4", "url2": null, "内容": "岡地助産院【4:助産院】大阪府大阪市都島区都島南通２丁目１番京橋グリーンハイツ４号棟１３０７号" }, "geometry": { "type": "Point", "coordinates": [ 135.53116, 34.701064 ] } },
{ "type": "Feature", "properties": { "ID": 2749278005240, "正式名称": "優助産院", "機関区分": 4, "都道府県コード": 27, "市区町村コード": 114, "所在地": "大阪府大阪市東淀川区下新庄２－８－１２", "緯度": 34.743511, "経度": 135.521356, "url": "https://www.iryou.teikyouseido.mhlw.go.jp/znk-web/juminkanja/S2430/initialize?prefCd=27&kikanCd=9278005240&kikanKbn=4", "url2": null, "内容": "優助産院【4:助産院】大阪府大阪市東淀川区下新庄２－８－１２" }, "geometry": { "type": "Point", "coordinates": [ 135.521356, 34.743511 ] } },
{ "type": "Feature", "properties": { "ID": 2749278005250, "正式名称": "うすい助産院", "機関区分": 4, "都道府県コード": 27, "市区町村コード": 109, "所在地": "大阪府大阪市天王寺区小橋町１３‐１７リッチハイム上本町１００１", "緯度": 34.666373, "経度": 135.523912, "url": "https://www.iryou.teikyouseido.mhlw.go.jp/znk-web/juminkanja/S2430/initialize?prefCd=27&kikanCd=9278005250&kikanKbn=4", "url2": null, "内容": "うすい助産院【4:助産院】大阪府大阪市天王寺区小橋町１３‐１７リッチハイム上本町１００１" }, "geometry": { "type": "Point", "coordinates": [ 135.523912, 34.666373 ] } },
{ "type": "Feature", "properties": { "ID": 2749278005260, "正式名称": "ともこ助産院", "機関区分": 4, "都道府県コード": 27, "市区町村コード": 107, "所在地": "大阪府大阪市港区市岡元町３－１０－１６－１４０３", "緯度": 34.667594, "経度": 135.464195, "url": "https://www.iryou.teikyouseido.mhlw.go.jp/znk-web/juminkanja/S2430/initialize?prefCd=27&kikanCd=9278005260&kikanKbn=4", "url2": null, "内容": "ともこ助産院【4:助産院】大阪府大阪市港区市岡元町３－１０－１６－１４０３" }, "geometry": { "type": "Point", "coordinates": [ 135.464195, 34.667594 ] } },
{ "type": "Feature", "properties": { "ID": 2749278005270, "正式名称": "うえはら助産所", "機関区分": 4, "都道府県コード": 27, "市区町村コード": 114, "所在地": "大阪府大阪市東淀川区菅原２丁目１０番１７‐７０６号", "緯度": 34.739719, "経度": 135.531742, "url": "https://www.iryou.teikyouseido.mhlw.go.jp/znk-web/juminkanja/S2430/initialize?prefCd=27&kikanCd=9278005270&kikanKbn=4", "url2": null, "内容": "うえはら助産所【4:助産院】大阪府大阪市東淀川区菅原２丁目１０番１７‐７０６号" }, "geometry": { "type": "Point", "coordinates": [ 135.531742, 34.739719 ] } },
{ "type": "Feature", "properties": { "ID": 2749278005280, "正式名称": "たんじ助産院", "機関区分": 4, "都道府県コード": 27, "市区町村コード": 103, "所在地": "大阪府大阪市福島区鷺洲５－１２ー１ー６１８", "緯度": 34.698406, "経度": 135.482694, "url": "https://www.iryou.teikyouseido.mhlw.go.jp/znk-web/juminkanja/S2430/initialize?prefCd=27&kikanCd=9278005280&kikanKbn=4", "url2": null, "内容": "たんじ助産院【4:助産院】大阪府大阪市福島区鷺洲５－１２ー１ー６１８" }, "geometry": { "type": "Point", "coordinates": [ 135.482694, 34.698406 ] } },
{ "type": "Feature", "properties": { "ID": 2749278005290, "正式名称": "スミレ助産院", "機関区分": 4, "都道府県コード": 27, "市区町村コード": 116, "所在地": "大阪府大阪市生野区鶴橋４丁目８番２号", "緯度": 34.66379, "経度": 135.537217, "url": "https://www.iryou.teikyouseido.mhlw.go.jp/znk-web/juminkanja/S2430/initialize?prefCd=27&kikanCd=9278005290&kikanKbn=4", "url2": "http://yong102ko.wixsite.com/-site", "内容": "スミレ助産院【4:助産院】大阪府大阪市生野区鶴橋４丁目８番２号" }, "geometry": { "type": "Point", "coordinates": [ 135.537217, 34.66379 ] } },
{ "type": "Feature", "properties": { "ID": 2749278005310, "正式名称": "和田助産院", "機関区分": 4, "都道府県コード": 27, "市区町村コード": 118, "所在地": "大阪府大阪市城東区鴫野西２丁目１０番２７－７０２", "緯度": 34.692537, "経度": 135.537382, "url": "https://www.iryou.teikyouseido.mhlw.go.jp/znk-web/juminkanja/S2430/initialize?prefCd=27&kikanCd=9278005310&kikanKbn=4", "url2": null, "内容": "和田助産院【4:助産院】大阪府大阪市城東区鴫野西２丁目１０番２７－７０２" }, "geometry": { "type": "Point", "coordinates": [ 135.537382, 34.692537 ] } },
{ "type": "Feature", "properties": { "ID": 2749278005320, "正式名称": "稲田助産院", "機関区分": 4, "都道府県コード": 27, "市区町村コード": 118, "所在地": "大阪府大阪市城東区関目１丁目１８番３１号", "緯度": 34.706091, "経度": 135.548631, "url": "https://www.iryou.teikyouseido.mhlw.go.jp/znk-web/juminkanja/S2430/initialize?prefCd=27&kikanCd=9278005320&kikanKbn=4", "url2": null, "内容": "稲田助産院【4:助産院】大阪府大阪市城東区関目１丁目１８番３１号" }, "geometry": { "type": "Point", "coordinates": [ 135.548631, 34.706091 ] } },
{ "type": "Feature", "properties": { "ID": 2749278005330, "正式名称": "助産院うまうま", "機関区分": 4, "都道府県コード": 27, "市区町村コード": 119, "所在地": "大阪府大阪市阿倍野区文の里４丁目１６番６号", "緯度": 34.634258, "経度": 135.520558, "url": "https://www.iryou.teikyouseido.mhlw.go.jp/znk-web/juminkanja/S2430/initialize?prefCd=27&kikanCd=9278005330&kikanKbn=4", "url2": "josaninumauma49.com", "内容": "助産院うまうま【4:助産院】大阪府大阪市阿倍野区文の里４丁目１６番６号" }, "geometry": { "type": "Point", "coordinates": [ 135.520558, 34.634258 ] } },
{ "type": "Feature", "properties": { "ID": 2749278005340, "正式名称": "すみの助産院", "機関区分": 4, "都道府県コード": 27, "市区町村コード": 121, "所在地": "大阪府大阪市東住吉区南田辺２丁目６番２号", "緯度": 34.6201, "経度": 135.521026, "url": "https://www.iryou.teikyouseido.mhlw.go.jp/znk-web/juminkanja/S2430/initialize?prefCd=27&kikanCd=9278005340&kikanKbn=4", "url2": null, "内容": "すみの助産院【4:助産院】大阪府大阪市東住吉区南田辺２丁目６番２号" }, "geometry": { "type": "Point", "coordinates": [ 135.521026, 34.6201 ] } },
{ "type": "Feature", "properties": { "ID": 2749278005350, "正式名称": "とくまる助産院", "機関区分": 4, "都道府県コード": 27, "市区町村コード": 117, "所在地": "大阪府大阪市旭区清水４丁目６番１号　ヴィラージュ清水Ｂ１０２", "緯度": 34.721146, "経度": 135.563045, "url": "https://www.iryou.teikyouseido.mhlw.go.jp/znk-web/juminkanja/S2430/initialize?prefCd=27&kikanCd=9278005350&kikanKbn=4", "url2": null, "内容": "とくまる助産院【4:助産院】大阪府大阪市旭区清水４丁目６番１号　ヴィラージュ清水Ｂ１０２" }, "geometry": { "type": "Point", "coordinates": [ 135.563045, 34.721146 ] } },
{ "type": "Feature", "properties": { "ID": 2749278005360, "正式名称": "中薗助産院", "機関区分": 4, "都道府県コード": 27, "市区町村コード": 118, "所在地": "大阪府大阪市城東区東中浜２丁目１３番２０号", "緯度": 34.682816, "経度": 135.548493, "url": "https://www.iryou.teikyouseido.mhlw.go.jp/znk-web/juminkanja/S2430/initialize?prefCd=27&kikanCd=9278005360&kikanKbn=4", "url2": null, "内容": "中薗助産院【4:助産院】大阪府大阪市城東区東中浜２丁目１３番２０号" }, "geometry": { "type": "Point", "coordinates": [ 135.548493, 34.682816 ] } },
{ "type": "Feature", "properties": { "ID": 2749278005380, "正式名称": "岩谷助産院", "機関区分": 4, "都道府県コード": 27, "市区町村コード": 143, "所在地": "大阪府堺市東区高松", "緯度": 34.527131, "経度": 135.537023, "url": "https://www.iryou.teikyouseido.mhlw.go.jp/znk-web/juminkanja/S2430/initialize?prefCd=27&kikanCd=9278005380&kikanKbn=4", "url2": null, "内容": "岩谷助産院【4:助産院】大阪府堺市東区高松" }, "geometry": { "type": "Point", "coordinates": [ 135.537023, 34.527131 ] } },
{ "type": "Feature", "properties": { "ID": 2749278005400, "正式名称": "稲森助産所", "機関区分": 4, "都道府県コード": 27, "市区町村コード": 146, "所在地": "大阪府堺市北区中百舌鳥町６丁９９８番地３　中百舌鳥公園団地５号棟６１７号", "緯度": 34.5521386, "経度": 135.5077964, "url": "https://www.iryou.teikyouseido.mhlw.go.jp/znk-web/juminkanja/S2430/initialize?prefCd=27&kikanCd=9278005400&kikanKbn=4", "url2": null, "内容": "稲森助産所【4:助産院】大阪府堺市北区中百舌鳥町６丁９９８番地３　中百舌鳥公園団地５号棟６１７号" }, "geometry": { "type": "Point", "coordinates": [ 135.507796399999989, 34.5521386 ] } },
{ "type": "Feature", "properties": { "ID": 2749278005410, "正式名称": "淺香助産院", "機関区分": 4, "都道府県コード": 27, "市区町村コード": 145, "所在地": "大阪府堺市南区大庭寺２６３番地", "緯度": 34.500973, "経度": 135.48234, "url": "https://www.iryou.teikyouseido.mhlw.go.jp/znk-web/juminkanja/S2430/initialize?prefCd=27&kikanCd=9278005410&kikanKbn=4", "url2": null, "内容": "淺香助産院【4:助産院】大阪府堺市南区大庭寺２６３番地" }, "geometry": { "type": "Point", "coordinates": [ 135.48234, 34.500973 ] } },
{ "type": "Feature", "properties": { "ID": 2749278005420, "正式名称": "貞野助産所", "機関区分": 4, "都道府県コード": 27, "市区町村コード": 145, "所在地": "大阪府堺市南区御池台４丁２３番５", "緯度": 34.461476, "経度": 135.5057, "url": "https://www.iryou.teikyouseido.mhlw.go.jp/znk-web/juminkanja/S2430/initialize?prefCd=27&kikanCd=9278005420&kikanKbn=4", "url2": null, "内容": "貞野助産所【4:助産院】大阪府堺市南区御池台４丁２３番５" }, "geometry": { "type": "Point", "coordinates": [ 135.5057, 34.461476 ] } },
{ "type": "Feature", "properties": { "ID": 2749278005430, "正式名称": "樹の下助産院", "機関区分": 4, "都道府県コード": 27, "市区町村コード": 227, "所在地": "大阪府東大阪市若江北町２丁目８番２７号", "緯度": 34.659486, "経度": 135.601378, "url": "https://www.iryou.teikyouseido.mhlw.go.jp/znk-web/juminkanja/S2430/initialize?prefCd=27&kikanCd=9278005430&kikanKbn=4", "url2": "https://kinoshita-midwifery.com", "内容": "樹の下助産院【4:助産院】大阪府東大阪市若江北町２丁目８番２７号" }, "geometry": { "type": "Point", "coordinates": [ 135.601378, 34.659486 ] } },
{ "type": "Feature", "properties": { "ID": 2749278005440, "正式名称": "たかおか助産院", "機関区分": 4, "都道府県コード": 27, "市区町村コード": 227, "所在地": "大阪府東大阪市加納２－７－２２", "緯度": 34.693261, "経度": 135.62157, "url": "https://www.iryou.teikyouseido.mhlw.go.jp/znk-web/juminkanja/S2430/initialize?prefCd=27&kikanCd=9278005440&kikanKbn=4", "url2": null, "内容": "たかおか助産院【4:助産院】大阪府東大阪市加納２－７－２２" }, "geometry": { "type": "Point", "coordinates": [ 135.62157, 34.693261 ] } },
{ "type": "Feature", "properties": { "ID": 2749278005460, "正式名称": "ひなたぼっこ助産院", "機関区分": 4, "都道府県コード": 27, "市区町村コード": 207, "所在地": "大阪府高槻市大冠町２丁目２３番３号", "緯度": 34.833024, "経度": 135.637701, "url": "https://www.iryou.teikyouseido.mhlw.go.jp/znk-web/juminkanja/S2430/initialize?prefCd=27&kikanCd=9278005460&kikanKbn=4", "url2": "https://www.hinatabokkojosanin.com/.", "内容": "ひなたぼっこ助産院【4:助産院】大阪府高槻市大冠町２丁目２３番３号" }, "geometry": { "type": "Point", "coordinates": [ 135.637701, 34.833024 ] } },
{ "type": "Feature", "properties": { "ID": 2749278005490, "正式名称": "上野出張助産院", "機関区分": 4, "都道府県コード": 27, "市区町村コード": 207, "所在地": "大阪府高槻市古曽部町３－５－１", "緯度": 34.860606, "経度": 135.623989, "url": "https://www.iryou.teikyouseido.mhlw.go.jp/znk-web/juminkanja/S2430/initialize?prefCd=27&kikanCd=9278005490&kikanKbn=4", "url2": null, "内容": "上野出張助産院【4:助産院】大阪府高槻市古曽部町３－５－１" }, "geometry": { "type": "Point", "coordinates": [ 135.623989, 34.860606 ] } },
{ "type": "Feature", "properties": { "ID": 2749278005500, "正式名称": "よしなが出張助産院", "機関区分": 4, "都道府県コード": 27, "市区町村コード": 207, "所在地": "大阪府高槻市", "緯度": 34.841634, "経度": 135.614286, "url": "https://www.iryou.teikyouseido.mhlw.go.jp/znk-web/juminkanja/S2430/initialize?prefCd=27&kikanCd=9278005500&kikanKbn=4", "url2": null, "内容": "よしなが出張助産院【4:助産院】大阪府高槻市" }, "geometry": { "type": "Point", "coordinates": [ 135.614286, 34.841634 ] } },
{ "type": "Feature", "properties": { "ID": 2749278005560, "正式名称": "助産院　ほんわか　～抱和香産前産後ケアルーム～", "機関区分": 4, "都道府県コード": 27, "市区町村コード": 203, "所在地": "大阪府豊中市北桜塚２丁目２番１８号", "緯度": 34.784637, "経度": 135.468106, "url": "https://www.iryou.teikyouseido.mhlw.go.jp/znk-web/juminkanja/S2430/initialize?prefCd=27&kikanCd=9278005560&kikanKbn=4", "url2": "https://honwaka-okanmw.com/wp-admin/", "内容": "助産院　ほんわか　～抱和香産前産後ケアルーム～【4:助産院】大阪府豊中市北桜塚２丁目２番１８号" }, "geometry": { "type": "Point", "coordinates": [ 135.468106, 34.784637 ] } },
{ "type": "Feature", "properties": { "ID": 2749278005570, "正式名称": "増田助産院", "機関区分": 4, "都道府県コード": 27, "市区町村コード": 212, "所在地": "大阪府八尾市小畑町４丁目５番地の１３", "緯度": 34.643155, "経度": 135.614739, "url": "https://www.iryou.teikyouseido.mhlw.go.jp/znk-web/juminkanja/S2430/initialize?prefCd=27&kikanCd=9278005570&kikanKbn=4", "url2": null, "内容": "増田助産院【4:助産院】大阪府八尾市小畑町４丁目５番地の１３" }, "geometry": { "type": "Point", "coordinates": [ 135.614739, 34.643155 ] } },
{ "type": "Feature", "properties": { "ID": 2749278005580, "正式名称": "かな助産院", "機関区分": 4, "都道府県コード": 27, "市区町村コード": 212, "所在地": "大阪府八尾市太田新町２丁目１１８番", "緯度": 34.594715, "経度": 135.589105, "url": "https://www.iryou.teikyouseido.mhlw.go.jp/znk-web/juminkanja/S2430/initialize?prefCd=27&kikanCd=9278005580&kikanKbn=4", "url2": null, "内容": "かな助産院【4:助産院】大阪府八尾市太田新町２丁目１１８番" }, "geometry": { "type": "Point", "coordinates": [ 135.589105, 34.594715 ] } },
{ "type": "Feature", "properties": { "ID": 2749278005590, "正式名称": "西本助産院", "機関区分": 4, "都道府県コード": 27, "市区町村コード": 212, "所在地": "大阪府八尾市", "緯度": 34.624795, "経度": 135.590714, "url": "https://www.iryou.teikyouseido.mhlw.go.jp/znk-web/juminkanja/S2430/initialize?prefCd=27&kikanCd=9278005590&kikanKbn=4", "url2": null, "内容": "西本助産院【4:助産院】大阪府八尾市" }, "geometry": { "type": "Point", "coordinates": [ 135.590714, 34.624795 ] } },
{ "type": "Feature", "properties": { "ID": 2749278005620, "正式名称": "山田助産院", "機関区分": 4, "都道府県コード": 27, "市区町村コード": 212, "所在地": "大阪府八尾市竹渕４丁目７番地", "緯度": 34.618462, "経度": 135.5678, "url": "https://www.iryou.teikyouseido.mhlw.go.jp/znk-web/juminkanja/S2430/initialize?prefCd=27&kikanCd=9278005620&kikanKbn=4", "url2": null, "内容": "山田助産院【4:助産院】大阪府八尾市竹渕４丁目７番地" }, "geometry": { "type": "Point", "coordinates": [ 135.5678, 34.618462 ] } },
{ "type": "Feature", "properties": { "ID": 2749278005630, "正式名称": "奥田助産院", "機関区分": 4, "都道府県コード": 27, "市区町村コード": 212, "所在地": "大阪府八尾市東山本新町７丁目３番２１号", "緯度": 34.624319, "経度": 135.628233, "url": "https://www.iryou.teikyouseido.mhlw.go.jp/znk-web/juminkanja/S2430/initialize?prefCd=27&kikanCd=9278005630&kikanKbn=4", "url2": null, "内容": "奥田助産院【4:助産院】大阪府八尾市東山本新町７丁目３番２１号" }, "geometry": { "type": "Point", "coordinates": [ 135.628233, 34.624319 ] } },
{ "type": "Feature", "properties": { "ID": 2749278005650, "正式名称": "村島助産院", "機関区分": 4, "都道府県コード": 27, "市区町村コード": 212, "所在地": "大阪府八尾市南木の本４丁目５０番地の５", "緯度": 34.604714, "経度": 135.586577, "url": "https://www.iryou.teikyouseido.mhlw.go.jp/znk-web/juminkanja/S2430/initialize?prefCd=27&kikanCd=9278005650&kikanKbn=4", "url2": null, "内容": "村島助産院【4:助産院】大阪府八尾市南木の本４丁目５０番地の５" }, "geometry": { "type": "Point", "coordinates": [ 135.586577, 34.604714 ] } },
{ "type": "Feature", "properties": { "ID": 2749278005660, "正式名称": "なな助産院", "機関区分": 4, "都道府県コード": 27, "市区町村コード": 212, "所在地": "大阪府八尾市渋川町４丁目１１番１３号", "緯度": 34.620796, "経度": 135.591214, "url": "https://www.iryou.teikyouseido.mhlw.go.jp/znk-web/juminkanja/S2430/initialize?prefCd=27&kikanCd=9278005660&kikanKbn=4", "url2": null, "内容": "なな助産院【4:助産院】大阪府八尾市渋川町４丁目１１番１３号" }, "geometry": { "type": "Point", "coordinates": [ 135.591214, 34.620796 ] } },
{ "type": "Feature", "properties": { "ID": 2749278005670, "正式名称": "稲村助産所", "機関区分": 4, "都道府県コード": 27, "市区町村コード": 205, "所在地": "大阪府吹田市江坂町５丁目２番ー４ー４０３号", "緯度": 34.769713, "経度": 135.500276, "url": "https://www.iryou.teikyouseido.mhlw.go.jp/znk-web/juminkanja/S2430/initialize?prefCd=27&kikanCd=9278005670&kikanKbn=4", "url2": null, "内容": "稲村助産所【4:助産院】大阪府吹田市江坂町５丁目２番ー４ー４０３号" }, "geometry": { "type": "Point", "coordinates": [ 135.500276, 34.769713 ] } },
{ "type": "Feature", "properties": { "ID": 2749278005690, "正式名称": "助産院Ｋｅｒｏｋｏ　Ｃｌｕｂ", "機関区分": 4, "都道府県コード": 27, "市区町村コード": 205, "所在地": "大阪府吹田市千里山西２－１０－２－２", "緯度": 34.771344, "経度": 135.503289, "url": "https://www.iryou.teikyouseido.mhlw.go.jp/znk-web/juminkanja/S2430/initialize?prefCd=27&kikanCd=9278005690&kikanKbn=4", "url2": "https://kerokoclub.com", "内容": "助産院Ｋｅｒｏｋｏ　Ｃｌｕｂ【4:助産院】大阪府吹田市千里山西２－１０－２－２" }, "geometry": { "type": "Point", "coordinates": [ 135.503289, 34.771344 ] } },
{ "type": "Feature", "properties": { "ID": 2749278005700, "正式名称": "助産院Ｔｒｕｓｔ", "機関区分": 4, "都道府県コード": 27, "市区町村コード": 205, "所在地": "大阪府吹田市江坂町１－１４－４－９０６", "緯度": 34.772417, "経度": 135.506687, "url": "https://www.iryou.teikyouseido.mhlw.go.jp/znk-web/juminkanja/S2430/initialize?prefCd=27&kikanCd=9278005700&kikanKbn=4", "url2": "https://josanin-trust-masuda.localinfo.jp/", "内容": "助産院Ｔｒｕｓｔ【4:助産院】大阪府吹田市江坂町１－１４－４－９０６" }, "geometry": { "type": "Point", "coordinates": [ 135.506687, 34.772417 ] } },
{ "type": "Feature", "properties": { "ID": 2749278005710, "正式名称": "千里丘はな助産院", "機関区分": 4, "都道府県コード": 27, "市区町村コード": 205, "所在地": "大阪府吹田市千里丘上２２－４", "緯度": 34.796089, "経度": 135.550089, "url": "https://www.iryou.teikyouseido.mhlw.go.jp/znk-web/juminkanja/S2430/initialize?prefCd=27&kikanCd=9278005710&kikanKbn=4", "url2": null, "内容": "千里丘はな助産院【4:助産院】大阪府吹田市千里丘上２２－４" }, "geometry": { "type": "Point", "coordinates": [ 135.550089, 34.796089 ] } },
{ "type": "Feature", "properties": { "ID": 2749278005760, "正式名称": "中野助産院", "機関区分": 4, "都道府県コード": 27, "市区町村コード": 210, "所在地": "大阪府枚方市楠葉並木２－４－１７", "緯度": 34.858997, "経度": 135.682772, "url": "https://www.iryou.teikyouseido.mhlw.go.jp/znk-web/juminkanja/S2430/initialize?prefCd=27&kikanCd=9278005760&kikanKbn=4", "url2": null, "内容": "中野助産院【4:助産院】大阪府枚方市楠葉並木２－４－１７" }, "geometry": { "type": "Point", "coordinates": [ 135.682772, 34.858997 ] } },
{ "type": "Feature", "properties": { "ID": 2749278005770, "正式名称": "つきやま助産院", "機関区分": 4, "都道府県コード": 27, "市区町村コード": 210, "所在地": "大阪府枚方市禁野本町２丁目２番５号", "緯度": 34.820414, "経度": 135.653783, "url": "https://www.iryou.teikyouseido.mhlw.go.jp/znk-web/juminkanja/S2430/initialize?prefCd=27&kikanCd=9278005770&kikanKbn=4", "url2": null, "内容": "つきやま助産院【4:助産院】大阪府枚方市禁野本町２丁目２番５号" }, "geometry": { "type": "Point", "coordinates": [ 135.653783, 34.820414 ] } },
{ "type": "Feature", "properties": { "ID": 2749278005780, "正式名称": "あいいろ助産院", "機関区分": 4, "都道府県コード": 27, "市区町村コード": 210, "所在地": "大阪府枚方市", "緯度": 34.815643, "経度": 135.64969, "url": "https://www.iryou.teikyouseido.mhlw.go.jp/znk-web/juminkanja/S2430/initialize?prefCd=27&kikanCd=9278005780&kikanKbn=4", "url2": null, "内容": "あいいろ助産院【4:助産院】大阪府枚方市" }, "geometry": { "type": "Point", "coordinates": [ 135.64969, 34.815643 ] } },
{ "type": "Feature", "properties": { "ID": 2749278005800, "正式名称": "じゅり助産院", "機関区分": 4, "都道府県コード": 27, "市区町村コード": 209, "所在地": "大阪府守口市", "緯度": 34.746727, "経度": 135.601874, "url": "https://www.iryou.teikyouseido.mhlw.go.jp/znk-web/juminkanja/S2430/initialize?prefCd=27&kikanCd=9278005800&kikanKbn=4", "url2": null, "内容": "じゅり助産院【4:助産院】大阪府守口市" }, "geometry": { "type": "Point", "coordinates": [ 135.601874, 34.746727 ] } },
{ "type": "Feature", "properties": { "ID": 2749278005810, "正式名称": "Ｍａｍｙｓ－ｃｏｃｏ　助産院", "機関区分": 4, "都道府県コード": 27, "市区町村コード": 217, "所在地": "大阪府松原市阿保４丁目１番２０号", "緯度": 34.577272, "経度": 135.556747, "url": "https://www.iryou.teikyouseido.mhlw.go.jp/znk-web/juminkanja/S2430/initialize?prefCd=27&kikanCd=9278005810&kikanKbn=4", "url2": "http://mamys-coco.com/", "内容": "Ｍａｍｙｓ－ｃｏｃｏ　助産院【4:助産院】大阪府松原市阿保４丁目１番２０号" }, "geometry": { "type": "Point", "coordinates": [ 135.556747, 34.577272 ] } },
{ "type": "Feature", "properties": { "ID": 2749278005830, "正式名称": "みつばち助産院", "機関区分": 4, "都道府県コード": 27, "市区町村コード": 147, "所在地": "大阪府堺市美原区大保１３", "緯度": 34.548244, "経度": 135.56065, "url": "https://www.iryou.teikyouseido.mhlw.go.jp/znk-web/juminkanja/S2430/initialize?prefCd=27&kikanCd=9278005830&kikanKbn=4", "url2": "honeycomb-3.com", "内容": "みつばち助産院【4:助産院】大阪府堺市美原区大保１３" }, "geometry": { "type": "Point", "coordinates": [ 135.56065, 34.548244 ] } },
{ "type": "Feature", "properties": { "ID": 2749278005840, "正式名称": "植田助産院", "機関区分": 4, "都道府県コード": 27, "市区町村コード": 202, "所在地": "大阪府岸和田市土生町２丁目３１－５１", "緯度": 34.448853, "経度": 135.381802, "url": "https://www.iryou.teikyouseido.mhlw.go.jp/znk-web/juminkanja/S2430/initialize?prefCd=27&kikanCd=9278005840&kikanKbn=4", "url2": "https://www.uedajyosanin.net", "内容": "植田助産院【4:助産院】大阪府岸和田市土生町２丁目３１－５１" }, "geometry": { "type": "Point", "coordinates": [ 135.381802, 34.448853 ] } },
{ "type": "Feature", "properties": { "ID": 2749278005850, "正式名称": "くるみ助産院", "機関区分": 4, "都道府県コード": 27, "市区町村コード": 211, "所在地": "大阪府茨木市上穂積１丁目４－３３－５０３", "緯度": 34.821412, "経度": 135.557291, "url": "https://www.iryou.teikyouseido.mhlw.go.jp/znk-web/juminkanja/S2430/initialize?prefCd=27&kikanCd=9278005850&kikanKbn=4", "url2": null, "内容": "くるみ助産院【4:助産院】大阪府茨木市上穂積１丁目４－３３－５０３" }, "geometry": { "type": "Point", "coordinates": [ 135.557291, 34.821412 ] } },
{ "type": "Feature", "properties": { "ID": 2749278005900, "正式名称": "助産院かおり", "機関区分": 4, "都道府県コード": 27, "市区町村コード": 220, "所在地": "大阪府箕面市箕面４丁目７－５", "緯度": 34.830802, "経度": 135.476923, "url": "https://www.iryou.teikyouseido.mhlw.go.jp/znk-web/juminkanja/S2430/initialize?prefCd=27&kikanCd=9278005900&kikanKbn=4", "url2": null, "内容": "助産院かおり【4:助産院】大阪府箕面市箕面４丁目７－５" }, "geometry": { "type": "Point", "coordinates": [ 135.476923, 34.830802 ] } },
{ "type": "Feature", "properties": { "ID": 2749278005910, "正式名称": "出張専門助産院　ＯＨＡＮＡ", "機関区分": 4, "都道府県コード": 27, "市区町村コード": 209, "所在地": "大阪府守口市大日東町２番１３－７１０号", "緯度": 34.749948, "経度": 135.579848, "url": "https://www.iryou.teikyouseido.mhlw.go.jp/znk-web/juminkanja/S2430/initialize?prefCd=27&kikanCd=9278005910&kikanKbn=4", "url2": "https://www.ohana-josanin.com/", "内容": "出張専門助産院　ＯＨＡＮＡ【4:助産院】大阪府守口市大日東町２番１３－７１０号" }, "geometry": { "type": "Point", "coordinates": [ 135.579848, 34.749948 ] } },
{ "type": "Feature", "properties": { "ID": 2749278005950, "正式名称": "ちひろ助産院", "機関区分": 4, "都道府県コード": 27, "市区町村コード": 227, "所在地": "大阪府東大阪市御厨４丁目３番１１号", "緯度": 34.670735, "経度": 135.587657, "url": "https://www.iryou.teikyouseido.mhlw.go.jp/znk-web/juminkanja/S2430/initialize?prefCd=27&kikanCd=9278005950&kikanKbn=4", "url2": null, "内容": "ちひろ助産院【4:助産院】大阪府東大阪市御厨４丁目３番１１号" }, "geometry": { "type": "Point", "coordinates": [ 135.587657, 34.670735 ] } },
{ "type": "Feature", "properties": { "ID": 2749278005960, "正式名称": "あゆ助産院", "機関区分": 4, "都道府県コード": 27, "市区町村コード": 227, "所在地": "大阪府東大阪市新池島町２丁目１８番３０号", "緯度": 34.656942, "経度": 135.629461, "url": "https://www.iryou.teikyouseido.mhlw.go.jp/znk-web/juminkanja/S2430/initialize?prefCd=27&kikanCd=9278005960&kikanKbn=4", "url2": null, "内容": "あゆ助産院【4:助産院】大阪府東大阪市新池島町２丁目１８番３０号" }, "geometry": { "type": "Point", "coordinates": [ 135.629461, 34.656942 ] } },
{ "type": "Feature", "properties": { "ID": 2749278005970, "正式名称": "はなそら助産院", "機関区分": 4, "都道府県コード": 27, "市区町村コード": 227, "所在地": "大阪府東大阪市", "緯度": 34.678467, "経度": 135.5977, "url": "https://www.iryou.teikyouseido.mhlw.go.jp/znk-web/juminkanja/S2430/initialize?prefCd=27&kikanCd=9278005970&kikanKbn=4", "url2": "https://www.hanasora-jyosanin.com/", "内容": "はなそら助産院【4:助産院】大阪府東大阪市" }, "geometry": { "type": "Point", "coordinates": [ 135.5977, 34.678467 ] } },
{ "type": "Feature", "properties": { "ID": 2749278005990, "正式名称": "あい助産院", "機関区分": 4, "都道府県コード": 27, "市区町村コード": 227, "所在地": "大阪府東大阪市高井田本通", "緯度": 34.679456, "経度": 135.569269, "url": "https://www.iryou.teikyouseido.mhlw.go.jp/znk-web/juminkanja/S2430/initialize?prefCd=27&kikanCd=9278005990&kikanKbn=4", "url2": null, "内容": "あい助産院【4:助産院】大阪府東大阪市高井田本通" }, "geometry": { "type": "Point", "coordinates": [ 135.569269, 34.679456 ] } },
{ "type": "Feature", "properties": { "ID": 2749278006000, "正式名称": "助産院もものいえ", "機関区分": 4, "都道府県コード": 27, "市区町村コード": 227, "所在地": "大阪府東大阪市源氏ケ丘１－１", "緯度": 34.647626, "経度": 135.578631, "url": "https://www.iryou.teikyouseido.mhlw.go.jp/znk-web/juminkanja/S2430/initialize?prefCd=27&kikanCd=9278006000&kikanKbn=4", "url2": "https://momonoie.mystrikingly.com/", "内容": "助産院もものいえ【4:助産院】大阪府東大阪市源氏ケ丘１－１" }, "geometry": { "type": "Point", "coordinates": [ 135.578631, 34.647626 ] } },
{ "type": "Feature", "properties": { "ID": 2749278006010, "正式名称": "佐藤助産院", "機関区分": 4, "都道府県コード": 27, "市区町村コード": 227, "所在地": "大阪府東大阪市", "緯度": 34.678467, "経度": 135.5977, "url": "https://www.iryou.teikyouseido.mhlw.go.jp/znk-web/juminkanja/S2430/initialize?prefCd=27&kikanCd=9278006010&kikanKbn=4", "url2": null, "内容": "佐藤助産院【4:助産院】大阪府東大阪市" }, "geometry": { "type": "Point", "coordinates": [ 135.5977, 34.678467 ] } },
{ "type": "Feature", "properties": { "ID": 2749278006020, "正式名称": "彩助産院", "機関区分": 4, "都道府県コード": 27, "市区町村コード": 207, "所在地": "大阪府高槻市桜ケ丘北町６－７", "緯度": 34.837031, "経度": 135.595611, "url": "https://www.iryou.teikyouseido.mhlw.go.jp/znk-web/juminkanja/S2430/initialize?prefCd=27&kikanCd=9278006020&kikanKbn=4", "url2": null, "内容": "彩助産院【4:助産院】大阪府高槻市桜ケ丘北町６－７" }, "geometry": { "type": "Point", "coordinates": [ 135.595611, 34.837031 ] } },
{ "type": "Feature", "properties": { "ID": 2749278006040, "正式名称": "はづき助産院", "機関区分": 4, "都道府県コード": 27, "市区町村コード": 207, "所在地": "大阪府高槻市郡家新町８‐８", "緯度": 34.84866, "経度": 135.599981, "url": "https://www.iryou.teikyouseido.mhlw.go.jp/znk-web/juminkanja/S2430/initialize?prefCd=27&kikanCd=9278006040&kikanKbn=4", "url2": null, "内容": "はづき助産院【4:助産院】大阪府高槻市郡家新町８‐８" }, "geometry": { "type": "Point", "coordinates": [ 135.599981, 34.84866 ] } },
{ "type": "Feature", "properties": { "ID": 2749278006060, "正式名称": "ほたる助産院", "機関区分": 4, "都道府県コード": 27, "市区町村コード": 203, "所在地": "大阪府豊中市", "緯度": 34.789414, "経度": 135.454885, "url": "https://www.iryou.teikyouseido.mhlw.go.jp/znk-web/juminkanja/S2430/initialize?prefCd=27&kikanCd=9278006060&kikanKbn=4", "url2": null, "内容": "ほたる助産院【4:助産院】大阪府豊中市" }, "geometry": { "type": "Point", "coordinates": [ 135.454885, 34.789414 ] } },
{ "type": "Feature", "properties": { "ID": 2749278006070, "正式名称": "笹田助産院", "機関区分": 4, "都道府県コード": 27, "市区町村コード": 203, "所在地": "大阪府豊中市上野西３丁目２番５６‐１号", "緯度": 34.797389, "経度": 135.471931, "url": "https://www.iryou.teikyouseido.mhlw.go.jp/znk-web/juminkanja/S2430/initialize?prefCd=27&kikanCd=9278006070&kikanKbn=4", "url2": null, "内容": "笹田助産院【4:助産院】大阪府豊中市上野西３丁目２番５６‐１号" }, "geometry": { "type": "Point", "coordinates": [ 135.471931, 34.797389 ] } },
{ "type": "Feature", "properties": { "ID": 2749278006080, "正式名称": "助産院　いちご", "機関区分": 4, "都道府県コード": 27, "市区町村コード": 203, "所在地": "大阪府豊中市旭丘４－９８－１０５", "緯度": 34.786425, "経度": 135.479561, "url": "https://www.iryou.teikyouseido.mhlw.go.jp/znk-web/juminkanja/S2430/initialize?prefCd=27&kikanCd=9278006080&kikanKbn=4", "url2": null, "内容": "助産院　いちご【4:助産院】大阪府豊中市旭丘４－９８－１０５" }, "geometry": { "type": "Point", "coordinates": [ 135.479561, 34.786425 ] } },
{ "type": "Feature", "properties": { "ID": 2749278006090, "正式名称": "母と子のサロン　きらり助産院", "機関区分": 4, "都道府県コード": 27, "市区町村コード": 203, "所在地": "大阪府豊中市緑丘３－２９－１５－２１２", "緯度": 34.812496, "経度": 135.485659, "url": "https://www.iryou.teikyouseido.mhlw.go.jp/znk-web/juminkanja/S2430/initialize?prefCd=27&kikanCd=9278006090&kikanKbn=4", "url2": null, "内容": "母と子のサロン　きらり助産院【4:助産院】大阪府豊中市緑丘３－２９－１５－２１２" }, "geometry": { "type": "Point", "coordinates": [ 135.485659, 34.812496 ] } },
{ "type": "Feature", "properties": { "ID": 2749278006100, "正式名称": "まんまる助産院", "機関区分": 4, "都道府県コード": 27, "市区町村コード": 203, "所在地": "大阪府豊中市東豊中町２丁目１２－５０－３０４", "緯度": 34.804517, "経度": 135.479201, "url": "https://www.iryou.teikyouseido.mhlw.go.jp/znk-web/juminkanja/S2430/initialize?prefCd=27&kikanCd=9278006100&kikanKbn=4", "url2": null, "内容": "まんまる助産院【4:助産院】大阪府豊中市東豊中町２丁目１２－５０－３０４" }, "geometry": { "type": "Point", "coordinates": [ 135.479201, 34.804517 ] } },
{ "type": "Feature", "properties": { "ID": 2749278006110, "正式名称": "沈助産所", "機関区分": 4, "都道府県コード": 27, "市区町村コード": 227, "所在地": "大阪府東大阪市寺前町２丁目７番２９号２０１号室", "緯度": 34.645737, "経度": 135.57752, "url": "https://www.iryou.teikyouseido.mhlw.go.jp/znk-web/juminkanja/S2430/initialize?prefCd=27&kikanCd=9278006110&kikanKbn=4", "url2": null, "内容": "沈助産所【4:助産院】大阪府東大阪市寺前町２丁目７番２９号２０１号室" }, "geometry": { "type": "Point", "coordinates": [ 135.57752, 34.645737 ] } },
{ "type": "Feature", "properties": { "ID": 2749278006120, "正式名称": "黒田助産所", "機関区分": 4, "都道府県コード": 27, "市区町村コード": 141, "所在地": "大阪府堺市堺区五月町７番２３横山方", "緯度": 34.571855, "経度": 135.483864, "url": "https://www.iryou.teikyouseido.mhlw.go.jp/znk-web/juminkanja/S2430/initialize?prefCd=27&kikanCd=9278006120&kikanKbn=4", "url2": null, "内容": "黒田助産所【4:助産院】大阪府堺市堺区五月町７番２３横山方" }, "geometry": { "type": "Point", "coordinates": [ 135.483864, 34.571855 ] } },
{ "type": "Feature", "properties": { "ID": 2749278006130, "正式名称": "青空助産所", "機関区分": 4, "都道府県コード": 27, "市区町村コード": 142, "所在地": "大阪府堺市中区陶器北１１３７番地", "緯度": 34.511345, "経度": 135.5273, "url": "https://www.iryou.teikyouseido.mhlw.go.jp/znk-web/juminkanja/S2430/initialize?prefCd=27&kikanCd=9278006130&kikanKbn=4", "url2": null, "内容": "青空助産所【4:助産院】大阪府堺市中区陶器北１１３７番地" }, "geometry": { "type": "Point", "coordinates": [ 135.5273, 34.511345 ] } },
{ "type": "Feature", "properties": { "ID": 2749278006140, "正式名称": "たかぎ助産所", "機関区分": 4, "都道府県コード": 27, "市区町村コード": 144, "所在地": "大阪府堺市西区浜寺諏訪森町東３丁２６６‐４", "緯度": 34.546558, "経度": 135.449258, "url": "https://www.iryou.teikyouseido.mhlw.go.jp/znk-web/juminkanja/S2430/initialize?prefCd=27&kikanCd=9278006140&kikanKbn=4", "url2": null, "内容": "たかぎ助産所【4:助産院】大阪府堺市西区浜寺諏訪森町東３丁２６６‐４" }, "geometry": { "type": "Point", "coordinates": [ 135.449258, 34.546558 ] } },
{ "type": "Feature", "properties": { "ID": 2749278006150, "正式名称": "助産院　ハーナウ", "機関区分": 4, "都道府県コード": 27, "市区町村コード": 141, "所在地": "大阪府堺市堺区榎元町４‐１‐３０", "緯度": 34.570077, "経度": 135.486781, "url": "https://www.iryou.teikyouseido.mhlw.go.jp/znk-web/juminkanja/S2430/initialize?prefCd=27&kikanCd=9278006150&kikanKbn=4", "url2": "https://www.jyosanin-hawnau.com/", "内容": "助産院　ハーナウ【4:助産院】大阪府堺市堺区榎元町４‐１‐３０" }, "geometry": { "type": "Point", "coordinates": [ 135.486781, 34.570077 ] } },
{ "type": "Feature", "properties": { "ID": 2749278006170, "正式名称": "Ｐｉｓｔａ助産院", "機関区分": 4, "都道府県コード": 27, "市区町村コード": 142, "所在地": "大阪府堺市中区深井東町２５４６番２号", "緯度": 34.528943, "経度": 135.509087, "url": "https://www.iryou.teikyouseido.mhlw.go.jp/znk-web/juminkanja/S2430/initialize?prefCd=27&kikanCd=9278006170&kikanKbn=4", "url2": "https://pista-midwifely.com/", "内容": "Ｐｉｓｔａ助産院【4:助産院】大阪府堺市中区深井東町２５４６番２号" }, "geometry": { "type": "Point", "coordinates": [ 135.509087, 34.528943 ] } },
{ "type": "Feature", "properties": { "ID": 2749278006180, "正式名称": "かすみ草助産所", "機関区分": 4, "都道府県コード": 27, "市区町村コード": 146, "所在地": "大阪府堺市北区百舌鳥本町３‐５６３‐１３", "緯度": 34.550357, "経度": 135.487004, "url": "https://www.iryou.teikyouseido.mhlw.go.jp/znk-web/juminkanja/S2430/initialize?prefCd=27&kikanCd=9278006180&kikanKbn=4", "url2": null, "内容": "かすみ草助産所【4:助産院】大阪府堺市北区百舌鳥本町３‐５６３‐１３" }, "geometry": { "type": "Point", "coordinates": [ 135.487004, 34.550357 ] } },
{ "type": "Feature", "properties": { "ID": 2749278006190, "正式名称": "わたなべ育児相談室", "機関区分": 4, "都道府県コード": 27, "市区町村コード": 143, "所在地": "大阪府堺市東区日置荘田中町２１９－１　アルモニー３０５号室", "緯度": 34.532443, "経度": 135.528946, "url": "https://www.iryou.teikyouseido.mhlw.go.jp/znk-web/juminkanja/S2430/initialize?prefCd=27&kikanCd=9278006190&kikanKbn=4", "url2": null, "内容": "わたなべ育児相談室【4:助産院】大阪府堺市東区日置荘田中町２１９－１　アルモニー３０５号室" }, "geometry": { "type": "Point", "coordinates": [ 135.528946, 34.532443 ] } },
{ "type": "Feature", "properties": { "ID": 2749278006220, "正式名称": "にしもと助産院", "機関区分": 4, "都道府県コード": 27, "市区町村コード": 215, "所在地": "大阪府寝屋川市初町２番１７－２０６号", "緯度": 34.763031, "経度": 135.628371, "url": "https://www.iryou.teikyouseido.mhlw.go.jp/znk-web/juminkanja/S2430/initialize?prefCd=27&kikanCd=9278006220&kikanKbn=4", "url2": null, "内容": "にしもと助産院【4:助産院】大阪府寝屋川市初町２番１７－２０６号" }, "geometry": { "type": "Point", "coordinates": [ 135.628371, 34.763031 ] } },
{ "type": "Feature", "properties": { "ID": 2749278006230, "正式名称": "ゆの助産院", "機関区分": 4, "都道府県コード": 27, "市区町村コード": 215, "所在地": "大阪府寝屋川市太間東町２番４号", "緯度": 34.781918, "経度": 135.616899, "url": "https://www.iryou.teikyouseido.mhlw.go.jp/znk-web/juminkanja/S2430/initialize?prefCd=27&kikanCd=9278006230&kikanKbn=4", "url2": "https://yunojosanin.studio.site/", "内容": "ゆの助産院【4:助産院】大阪府寝屋川市太間東町２番４号" }, "geometry": { "type": "Point", "coordinates": [ 135.616899, 34.781918 ] } },
{ "type": "Feature", "properties": { "ID": 2749278006240, "正式名称": "いやま母乳育児相談室", "機関区分": 4, "都道府県コード": 27, "市区町村コード": 215, "所在地": "大阪府寝屋川市出雲町１６番１９号", "緯度": 34.757039, "経度": 135.62345, "url": "https://www.iryou.teikyouseido.mhlw.go.jp/znk-web/juminkanja/S2430/initialize?prefCd=27&kikanCd=9278006240&kikanKbn=4", "url2": null, "内容": "いやま母乳育児相談室【4:助産院】大阪府寝屋川市出雲町１６番１９号" }, "geometry": { "type": "Point", "coordinates": [ 135.62345, 34.757039 ] } },
{ "type": "Feature", "properties": { "ID": 2749278006250, "正式名称": "くまさん助産院", "機関区分": 4, "都道府県コード": 27, "市区町村コード": 127, "所在地": "大阪府大阪市北区天神西町４番４－４０５号", "緯度": 34.694509, "経度": 135.510496, "url": "https://www.iryou.teikyouseido.mhlw.go.jp/znk-web/juminkanja/S2430/initialize?prefCd=27&kikanCd=9278006250&kikanKbn=4", "url2": null, "内容": "くまさん助産院【4:助産院】大阪府大阪市北区天神西町４番４－４０５号" }, "geometry": { "type": "Point", "coordinates": [ 135.510496, 34.694509 ] } },
{ "type": "Feature", "properties": { "ID": 2749278006260, "正式名称": "ふくち助産院", "機関区分": 4, "都道府県コード": 27, "市区町村コード": 127, "所在地": "大阪府大阪市北区天神橋３丁目５番８‐９０１号", "緯度": 34.700892, "経度": 135.512008, "url": "https://www.iryou.teikyouseido.mhlw.go.jp/znk-web/juminkanja/S2430/initialize?prefCd=27&kikanCd=9278006260&kikanKbn=4", "url2": null, "内容": "ふくち助産院【4:助産院】大阪府大阪市北区天神橋３丁目５番８‐９０１号" }, "geometry": { "type": "Point", "coordinates": [ 135.512008, 34.700892 ] } },
{ "type": "Feature", "properties": { "ID": 2749278006270, "正式名称": "杉本助産所", "機関区分": 4, "都道府県コード": 27, "市区町村コード": 127, "所在地": "大阪府大阪市北区天満４丁目１６番２－３０３号", "緯度": 34.695536, "経度": 135.514217, "url": "https://www.iryou.teikyouseido.mhlw.go.jp/znk-web/juminkanja/S2430/initialize?prefCd=27&kikanCd=9278006270&kikanKbn=4", "url2": null, "内容": "杉本助産所【4:助産院】大阪府大阪市北区天満４丁目１６番２－３０３号" }, "geometry": { "type": "Point", "coordinates": [ 135.514217, 34.695536 ] } },
{ "type": "Feature", "properties": { "ID": 2749278006280, "正式名称": "ゆりの助産院", "機関区分": 4, "都道府県コード": 27, "市区町村コード": 102, "所在地": "大阪府大阪市都島区友渕町１丁目３番１０号友渕コーポ１００３", "緯度": 34.719923, "経度": 135.52641, "url": "https://www.iryou.teikyouseido.mhlw.go.jp/znk-web/juminkanja/S2430/initialize?prefCd=27&kikanCd=9278006280&kikanKbn=4", "url2": "https://www.yurino-josanin.com", "内容": "ゆりの助産院【4:助産院】大阪府大阪市都島区友渕町１丁目３番１０号友渕コーポ１００３" }, "geometry": { "type": "Point", "coordinates": [ 135.52641, 34.719923 ] } },
{ "type": "Feature", "properties": { "ID": 2749278006330, "正式名称": "磯福助産所", "機関区分": 4, "都道府県コード": 27, "市区町村コード": 109, "所在地": "大阪府大阪市天王寺区北河堀町１０番１－３０５号", "緯度": 34.649236, "経度": 135.516803, "url": "https://www.iryou.teikyouseido.mhlw.go.jp/znk-web/juminkanja/S2430/initialize?prefCd=27&kikanCd=9278006330&kikanKbn=4", "url2": null, "内容": "磯福助産所【4:助産院】大阪府大阪市天王寺区北河堀町１０番１－３０５号" }, "geometry": { "type": "Point", "coordinates": [ 135.516803, 34.649236 ] } },
{ "type": "Feature", "properties": { "ID": 2749278006340, "正式名称": "アピアランスケア　産後ケア院　恵", "機関区分": 4, "都道府県コード": 27, "市区町村コード": 113, "所在地": "大阪府大阪市西淀川区佃１丁目１番６４－３５号", "緯度": 34.715505, "経度": 135.449361, "url": "https://www.iryou.teikyouseido.mhlw.go.jp/znk-web/juminkanja/S2430/initialize?prefCd=27&kikanCd=9278006340&kikanKbn=4", "url2": null, "内容": "アピアランスケア　産後ケア院　恵【4:助産院】大阪府大阪市西淀川区佃１丁目１番６４－３５号" }, "geometry": { "type": "Point", "coordinates": [ 135.449361, 34.715505 ] } },
{ "type": "Feature", "properties": { "ID": 2749278006350, "正式名称": "涌嶋助産院", "機関区分": 4, "都道府県コード": 27, "市区町村コード": 113, "所在地": "大阪府大阪市西淀川区佃１丁目１番７４－９０５号", "緯度": 34.716477, "経度": 135.450055, "url": "https://www.iryou.teikyouseido.mhlw.go.jp/znk-web/juminkanja/S2430/initialize?prefCd=27&kikanCd=9278006350&kikanKbn=4", "url2": null, "内容": "涌嶋助産院【4:助産院】大阪府大阪市西淀川区佃１丁目１番７４－９０５号" }, "geometry": { "type": "Point", "coordinates": [ 135.450055, 34.716477 ] } },
{ "type": "Feature", "properties": { "ID": 2749278006380, "正式名称": "とも助産院", "機関区分": 4, "都道府県コード": 27, "市区町村コード": 123, "所在地": "大阪府大阪市淀川区加島", "緯度": 34.729675, "経度": 135.4575, "url": "https://www.iryou.teikyouseido.mhlw.go.jp/znk-web/juminkanja/S2430/initialize?prefCd=27&kikanCd=9278006380&kikanKbn=4", "url2": null, "内容": "とも助産院【4:助産院】大阪府大阪市淀川区加島" }, "geometry": { "type": "Point", "coordinates": [ 135.4575, 34.729675 ] } },
{ "type": "Feature", "properties": { "ID": 2749278006390, "正式名称": "にじいろ助産院", "機関区分": 4, "都道府県コード": 27, "市区町村コード": 123, "所在地": "大阪府大阪市淀川区十三東４丁目３番４９号", "緯度": 34.724199, "経度": 135.486357, "url": "https://www.iryou.teikyouseido.mhlw.go.jp/znk-web/juminkanja/S2430/initialize?prefCd=27&kikanCd=9278006390&kikanKbn=4", "url2": "https://www.nijiiro-mamanote.com", "内容": "にじいろ助産院【4:助産院】大阪府大阪市淀川区十三東４丁目３番４９号" }, "geometry": { "type": "Point", "coordinates": [ 135.486357, 34.724199 ] } },
{ "type": "Feature", "properties": { "ID": 2749278006400, "正式名称": "晴助産院", "機関区分": 4, "都道府県コード": 27, "市区町村コード": 123, "所在地": "大阪府大阪市淀川区塚本２丁目１番６号", "緯度": 34.714784, "経度": 135.473859, "url": "https://www.iryou.teikyouseido.mhlw.go.jp/znk-web/juminkanja/S2430/initialize?prefCd=27&kikanCd=9278006400&kikanKbn=4", "url2": "http://haru-jyosanin.hp.peraichi.com/", "内容": "晴助産院【4:助産院】大阪府大阪市淀川区塚本２丁目１番６号" }, "geometry": { "type": "Point", "coordinates": [ 135.473859, 34.714784 ] } },
{ "type": "Feature", "properties": { "ID": 2749278006440, "正式名称": "四ツ井田助産院", "機関区分": 4, "都道府県コード": 27, "市区町村コード": 115, "所在地": "大阪府大阪市東成区", "緯度": 34.668318, "経度": 135.560631, "url": "https://www.iryou.teikyouseido.mhlw.go.jp/znk-web/juminkanja/S2430/initialize?prefCd=27&kikanCd=9278006440&kikanKbn=4", "url2": null, "内容": "四ツ井田助産院【4:助産院】大阪府大阪市東成区" }, "geometry": { "type": "Point", "coordinates": [ 135.560631, 34.668318 ] } },
{ "type": "Feature", "properties": { "ID": 2749278006450, "正式名称": "助産師たけいち", "機関区分": 4, "都道府県コード": 27, "市区町村コード": 117, "所在地": "大阪府大阪市旭区大宮５丁目５番２５号ラクシア大宮クロスコンフォート１５０４号", "緯度": 34.730089, "経度": 135.549824, "url": "https://www.iryou.teikyouseido.mhlw.go.jp/znk-web/juminkanja/S2430/initialize?prefCd=27&kikanCd=9278006450&kikanKbn=4", "url2": null, "内容": "助産師たけいち【4:助産院】大阪府大阪市旭区大宮５丁目５番２５号ラクシア大宮クロスコンフォート１５０４号" }, "geometry": { "type": "Point", "coordinates": [ 135.549824, 34.730089 ] } },
{ "type": "Feature", "properties": { "ID": 2749278006460, "正式名称": "塚本助産院", "機関区分": 4, "都道府県コード": 27, "市区町村コード": 118, "所在地": "大阪府大阪市城東区放出西３丁目９番２号", "緯度": 34.691704, "経度": 135.555603, "url": "https://www.iryou.teikyouseido.mhlw.go.jp/znk-web/juminkanja/S2430/initialize?prefCd=27&kikanCd=9278006460&kikanKbn=4", "url2": null, "内容": "塚本助産院【4:助産院】大阪府大阪市城東区放出西３丁目９番２号" }, "geometry": { "type": "Point", "coordinates": [ 135.555603, 34.691704 ] } },
{ "type": "Feature", "properties": { "ID": 2749278006470, "正式名称": "みづき助産院", "機関区分": 4, "都道府県コード": 27, "市区町村コード": 118, "所在地": "大阪府大阪市城東区東中浜６丁目３番１８号", "緯度": 34.682455, "経度": 135.549521, "url": "https://www.iryou.teikyouseido.mhlw.go.jp/znk-web/juminkanja/S2430/initialize?prefCd=27&kikanCd=9278006470&kikanKbn=4", "url2": "https://miyuki-mw-2.jimdosite.com/", "内容": "みづき助産院【4:助産院】大阪府大阪市城東区東中浜６丁目３番１８号" }, "geometry": { "type": "Point", "coordinates": [ 135.549521, 34.682455 ] } },
{ "type": "Feature", "properties": { "ID": 2749278006480, "正式名称": "内田助産院", "機関区分": 4, "都道府県コード": 27, "市区町村コード": 124, "所在地": "大阪府大阪市鶴見区", "緯度": 34.706064, "経度": 135.582239, "url": "https://www.iryou.teikyouseido.mhlw.go.jp/znk-web/juminkanja/S2430/initialize?prefCd=27&kikanCd=9278006480&kikanKbn=4", "url2": null, "内容": "内田助産院【4:助産院】大阪府大阪市鶴見区" }, "geometry": { "type": "Point", "coordinates": [ 135.582239, 34.706064 ] } },
{ "type": "Feature", "properties": { "ID": 2749278006490, "正式名称": "黒倉助産所", "機関区分": 4, "都道府県コード": 27, "市区町村コード": 119, "所在地": "大阪府大阪市阿倍野区天王寺町北３丁目５番２５‐９０８号", "緯度": 34.644542, "経度": 135.525663, "url": "https://www.iryou.teikyouseido.mhlw.go.jp/znk-web/juminkanja/S2430/initialize?prefCd=27&kikanCd=9278006490&kikanKbn=4", "url2": null, "内容": "黒倉助産所【4:助産院】大阪府大阪市阿倍野区天王寺町北３丁目５番２５‐９０８号" }, "geometry": { "type": "Point", "coordinates": [ 135.525663, 34.644542 ] } },
{ "type": "Feature", "properties": { "ID": 2749278006500, "正式名称": "風の助産院", "機関区分": 4, "都道府県コード": 27, "市区町村コード": 119, "所在地": "大阪府大阪市阿倍野区阪南町３丁目１番８‐３０５号", "緯度": 34.6300687, "経度": 135.5158132, "url": "https://www.iryou.teikyouseido.mhlw.go.jp/znk-web/juminkanja/S2430/initialize?prefCd=27&kikanCd=9278006500&kikanKbn=4", "url2": null, "内容": "風の助産院【4:助産院】大阪府大阪市阿倍野区阪南町３丁目１番８‐３０５号" }, "geometry": { "type": "Point", "coordinates": [ 135.5158132, 34.6300687 ] } },
{ "type": "Feature", "properties": { "ID": 2749278006510, "正式名称": "そら助産院", "機関区分": 4, "都道府県コード": 27, "市区町村コード": 125, "所在地": "大阪府大阪市住之江区安立２丁目４番１号", "緯度": 34.606018, "経度": 135.489307, "url": "https://www.iryou.teikyouseido.mhlw.go.jp/znk-web/juminkanja/S2430/initialize?prefCd=27&kikanCd=9278006510&kikanKbn=4", "url2": null, "内容": "そら助産院【4:助産院】大阪府大阪市住之江区安立２丁目４番１号" }, "geometry": { "type": "Point", "coordinates": [ 135.489307, 34.606018 ] } },
{ "type": "Feature", "properties": { "ID": 2749278006520, "正式名称": "とみた助産所", "機関区分": 4, "都道府県コード": 27, "市区町村コード": 125, "所在地": "大阪府大阪市住之江区粉浜西３丁目４番７号", "緯度": 34.614511, "経度": 135.486258, "url": "https://www.iryou.teikyouseido.mhlw.go.jp/znk-web/juminkanja/S2430/initialize?prefCd=27&kikanCd=9278006520&kikanKbn=4", "url2": null, "内容": "とみた助産所【4:助産院】大阪府大阪市住之江区粉浜西３丁目４番７号" }, "geometry": { "type": "Point", "coordinates": [ 135.486258, 34.614511 ] } },
{ "type": "Feature", "properties": { "ID": 2749278006530, "正式名称": "浅山助産院", "機関区分": 4, "都道府県コード": 27, "市区町村コード": 125, "所在地": "大阪府大阪市住之江区南港中３丁目４番１４‐２０９号", "緯度": 34.628681, "経度": 135.423728, "url": "https://www.iryou.teikyouseido.mhlw.go.jp/znk-web/juminkanja/S2430/initialize?prefCd=27&kikanCd=9278006530&kikanKbn=4", "url2": null, "内容": "浅山助産院【4:助産院】大阪府大阪市住之江区南港中３丁目４番１４‐２０９号" }, "geometry": { "type": "Point", "coordinates": [ 135.423728, 34.628681 ] } },
{ "type": "Feature", "properties": { "ID": 2749278006540, "正式名称": "ヒロ助産院", "機関区分": 4, "都道府県コード": 27, "市区町村コード": 120, "所在地": "大阪府大阪市住吉区清水丘１丁目１４番５号", "緯度": 34.606101, "経度": 135.492473, "url": "https://www.iryou.teikyouseido.mhlw.go.jp/znk-web/juminkanja/S2430/initialize?prefCd=27&kikanCd=9278006540&kikanKbn=4", "url2": null, "内容": "ヒロ助産院【4:助産院】大阪府大阪市住吉区清水丘１丁目１４番５号" }, "geometry": { "type": "Point", "coordinates": [ 135.492473, 34.606101 ] } },
{ "type": "Feature", "properties": { "ID": 2749278006550, "正式名称": "光助産所", "機関区分": 4, "都道府県コード": 27, "市区町村コード": 121, "所在地": "大阪府大阪市東住吉区田辺３丁目８番１０号", "緯度": 34.624988, "経度": 135.525331, "url": "https://www.iryou.teikyouseido.mhlw.go.jp/znk-web/juminkanja/S2430/initialize?prefCd=27&kikanCd=9278006550&kikanKbn=4", "url2": null, "内容": "光助産所【4:助産院】大阪府大阪市東住吉区田辺３丁目８番１０号" }, "geometry": { "type": "Point", "coordinates": [ 135.525331, 34.624988 ] } },
{ "type": "Feature", "properties": { "ID": 2749278006590, "正式名称": "おうち助産院", "機関区分": 4, "都道府県コード": 27, "市区町村コード": 205, "所在地": "大阪府吹田市山田西１－２５－２０－７", "緯度": 34.792253, "経度": 135.534736, "url": "https://www.iryou.teikyouseido.mhlw.go.jp/znk-web/juminkanja/S2430/initialize?prefCd=27&kikanCd=9278006590&kikanKbn=4", "url2": null, "内容": "おうち助産院【4:助産院】大阪府吹田市山田西１－２５－２０－７" }, "geometry": { "type": "Point", "coordinates": [ 135.534736, 34.792253 ] } },
{ "type": "Feature", "properties": { "ID": 2749278006600, "正式名称": "ひらり助産院", "機関区分": 4, "都道府県コード": 27, "市区町村コード": 205, "所在地": "大阪府吹田市西の庄町３－２２", "緯度": 34.760641, "経度": 135.520019, "url": "https://www.iryou.teikyouseido.mhlw.go.jp/znk-web/juminkanja/S2430/initialize?prefCd=27&kikanCd=9278006600&kikanKbn=4", "url2": "https://1996hirari-sanbamom.amebaownd.com/.", "内容": "ひらり助産院【4:助産院】大阪府吹田市西の庄町３－２２" }, "geometry": { "type": "Point", "coordinates": [ 135.520019, 34.760641 ] } },
{ "type": "Feature", "properties": { "ID": 2749278006610, "正式名称": "林助産院", "機関区分": 4, "都道府県コード": 27, "市区町村コード": 210, "所在地": "大阪府枚方市楠葉野田２丁目１６番１０号　ラ・ヴェール３０９号", "緯度": 34.865438, "経度": 135.686779, "url": "https://www.iryou.teikyouseido.mhlw.go.jp/znk-web/juminkanja/S2430/initialize?prefCd=27&kikanCd=9278006610&kikanKbn=4", "url2": null, "内容": "林助産院【4:助産院】大阪府枚方市楠葉野田２丁目１６番１０号　ラ・ヴェール３０９号" }, "geometry": { "type": "Point", "coordinates": [ 135.686779, 34.865438 ] } },
{ "type": "Feature", "properties": { "ID": 2749278006620, "正式名称": "みのり助産院", "機関区分": 4, "都道府県コード": 27, "市区町村コード": 210, "所在地": "大阪府枚方市渚西１丁目３６－７", "緯度": 34.829875, "経度": 135.652358, "url": "https://www.iryou.teikyouseido.mhlw.go.jp/znk-web/juminkanja/S2430/initialize?prefCd=27&kikanCd=9278006620&kikanKbn=4", "url2": "https://minori-josanin.jimdosite.com/", "内容": "みのり助産院【4:助産院】大阪府枚方市渚西１丁目３６－７" }, "geometry": { "type": "Point", "coordinates": [ 135.652358, 34.829875 ] } },
{ "type": "Feature", "properties": { "ID": 2749278006630, "正式名称": "医療法人れんげ会　助産院　はぐくみ", "機関区分": 4, "都道府県コード": 27, "市区町村コード": 126, "所在地": "大阪府大阪市平野区平野本町２丁目１０番６号", "緯度": 34.621295, "経度": 135.549773, "url": "https://www.iryou.teikyouseido.mhlw.go.jp/znk-web/juminkanja/S2430/initialize?prefCd=27&kikanCd=9278006630&kikanKbn=4", "url2": null, "内容": "医療法人れんげ会　助産院　はぐくみ【4:助産院】大阪府大阪市平野区平野本町２丁目１０番６号" }, "geometry": { "type": "Point", "coordinates": [ 135.549773, 34.621295 ] } },
{ "type": "Feature", "properties": { "ID": 2749278006660, "正式名称": "木洩れ日助産院", "機関区分": 4, "都道府県コード": 27, "市区町村コード": 220, "所在地": "大阪府箕面市小野原西５丁目８番６号セブンハイツ２０６号室", "緯度": 34.831633, "経度": 135.513739, "url": "https://www.iryou.teikyouseido.mhlw.go.jp/znk-web/juminkanja/S2430/initialize?prefCd=27&kikanCd=9278006660&kikanKbn=4", "url2": null, "内容": "木洩れ日助産院【4:助産院】大阪府箕面市小野原西５丁目８番６号セブンハイツ２０６号室" }, "geometry": { "type": "Point", "coordinates": [ 135.513739, 34.831633 ] } },
{ "type": "Feature", "properties": { "ID": 2749278006680, "正式名称": "山代助産所", "機関区分": 4, "都道府県コード": 27, "市区町村コード": 213, "所在地": "大阪府泉佐野市日根野", "緯度": 34.37965, "経度": 135.334775, "url": "https://www.iryou.teikyouseido.mhlw.go.jp/znk-web/juminkanja/S2430/initialize?prefCd=27&kikanCd=9278006680&kikanKbn=4", "url2": null, "内容": "山代助産所【4:助産院】大阪府泉佐野市日根野" }, "geometry": { "type": "Point", "coordinates": [ 135.334775, 34.37965 ] } },
{ "type": "Feature", "properties": { "ID": 2749278006700, "正式名称": "森岡助産院", "機関区分": 4, "都道府県コード": 27, "市区町村コード": 211, "所在地": "大阪府茨木市", "緯度": 34.833847, "経度": 135.55379, "url": "https://www.iryou.teikyouseido.mhlw.go.jp/znk-web/juminkanja/S2430/initialize?prefCd=27&kikanCd=9278006700&kikanKbn=4", "url2": null, "内容": "森岡助産院【4:助産院】大阪府茨木市" }, "geometry": { "type": "Point", "coordinates": [ 135.55379, 34.833847 ] } },
{ "type": "Feature", "properties": { "ID": 2749278006710, "正式名称": "たんぽぽ助産院", "機関区分": 4, "都道府県コード": 27, "市区町村コード": 220, "所在地": "大阪府箕面市", "緯度": 34.892292, "経度": 135.463574, "url": "https://www.iryou.teikyouseido.mhlw.go.jp/znk-web/juminkanja/S2430/initialize?prefCd=27&kikanCd=9278006710&kikanKbn=4", "url2": "https://jyosanmama.com/", "内容": "たんぽぽ助産院【4:助産院】大阪府箕面市" }, "geometry": { "type": "Point", "coordinates": [ 135.463574, 34.892292 ] } },
{ "type": "Feature", "properties": { "ID": 2749278006720, "正式名称": "福島助産所", "機関区分": 4, "都道府県コード": 27, "市区町村コード": 213, "所在地": "大阪府泉佐野市笠松１丁目７番５１－８号", "緯度": 34.413146, "経度": 135.307609, "url": "https://www.iryou.teikyouseido.mhlw.go.jp/znk-web/juminkanja/S2430/initialize?prefCd=27&kikanCd=9278006720&kikanKbn=4", "url2": null, "内容": "福島助産所【4:助産院】大阪府泉佐野市笠松１丁目７番５１－８号" }, "geometry": { "type": "Point", "coordinates": [ 135.307609, 34.413146 ] } },
{ "type": "Feature", "properties": { "ID": 2749278006730, "正式名称": "産後ケアハウス笑咲　やまもと助産院", "機関区分": 4, "都道府県コード": 27, "市区町村コード": 230, "所在地": "大阪府交野市妙見坂７丁目１４番２１号", "緯度": 34.762643, "経度": 135.676256, "url": "https://www.iryou.teikyouseido.mhlw.go.jp/znk-web/juminkanja/S2430/initialize?prefCd=27&kikanCd=9278006730&kikanKbn=4", "url2": "https://yamamotojosanin.jimdofree.com/", "内容": "産後ケアハウス笑咲　やまもと助産院【4:助産院】大阪府交野市妙見坂７丁目１４番２１号" }, "geometry": { "type": "Point", "coordinates": [ 135.676256, 34.762643 ] } },
{ "type": "Feature", "properties": { "ID": 2749278006740, "正式名称": "助産所　オリーブの樹", "機関区分": 4, "都道府県コード": 27, "市区町村コード": 231, "所在地": "大阪府大阪狭山市半田５丁目２３２番３号", "緯度": 34.493836, "経度": 135.55639, "url": "https://www.iryou.teikyouseido.mhlw.go.jp/znk-web/juminkanja/S2430/initialize?prefCd=27&kikanCd=9278006740&kikanKbn=4", "url2": "https://josanjo-olivenoki.com", "内容": "助産所　オリーブの樹【4:助産院】大阪府大阪狭山市半田５丁目２３２番３号" }, "geometry": { "type": "Point", "coordinates": [ 135.55639, 34.493836 ] } },
{ "type": "Feature", "properties": { "ID": 2749278006750, "正式名称": "暮らしの助産所", "機関区分": 4, "都道府県コード": 27, "市区町村コード": 216, "所在地": "大阪府河内長野市北青葉台４－７", "緯度": 34.425261, "経度": 135.569697, "url": "https://www.iryou.teikyouseido.mhlw.go.jp/znk-web/juminkanja/S2430/initialize?prefCd=27&kikanCd=9278006750&kikanKbn=4", "url2": "https://kurashi-no-josanjo.com/", "内容": "暮らしの助産所【4:助産院】大阪府河内長野市北青葉台４－７" }, "geometry": { "type": "Point", "coordinates": [ 135.569697, 34.425261 ] } },
{ "type": "Feature", "properties": { "ID": 2749278006770, "正式名称": "たかひ助産院", "機関区分": 4, "都道府県コード": 27, "市区町村コード": 228, "所在地": "大阪府泉南市信達市場１１６－３３６", "緯度": 34.359828, "経度": 135.289072, "url": "https://www.iryou.teikyouseido.mhlw.go.jp/znk-web/juminkanja/S2430/initialize?prefCd=27&kikanCd=9278006770&kikanKbn=4", "url2": null, "内容": "たかひ助産院【4:助産院】大阪府泉南市信達市場１１６－３３６" }, "geometry": { "type": "Point", "coordinates": [ 135.289072, 34.359828 ] } },
{ "type": "Feature", "properties": { "ID": 2749278006780, "正式名称": "やの助産所", "機関区分": 4, "都道府県コード": 27, "市区町村コード": 219, "所在地": "大阪府和泉市", "緯度": 34.43108, "経度": 135.4748, "url": "https://www.iryou.teikyouseido.mhlw.go.jp/znk-web/juminkanja/S2430/initialize?prefCd=27&kikanCd=9278006780&kikanKbn=4", "url2": null, "内容": "やの助産所【4:助産院】大阪府和泉市" }, "geometry": { "type": "Point", "coordinates": [ 135.4748, 34.43108 ] } },
{ "type": "Feature", "properties": { "ID": 2749278006810, "正式名称": "いちご助産ステーション", "機関区分": 4, "都道府県コード": 27, "市区町村コード": 127, "所在地": "大阪府大阪市北区本庄東１丁目１番１－３０３号", "緯度": 34.711197, "経度": 135.510397, "url": "https://www.iryou.teikyouseido.mhlw.go.jp/znk-web/juminkanja/S2430/initialize?prefCd=27&kikanCd=9278006810&kikanKbn=4", "url2": null, "内容": "いちご助産ステーション【4:助産院】大阪府大阪市北区本庄東１丁目１番１－３０３号" }, "geometry": { "type": "Point", "coordinates": [ 135.510397, 34.711197 ] } },
{ "type": "Feature", "properties": { "ID": 2749278006820, "正式名称": "松田助産院", "機関区分": 4, "都道府県コード": 27, "市区町村コード": 102, "所在地": "大阪府大阪市都島区都島南通１丁目１３番２号寺田マンション３０２号", "緯度": 34.7043897, "経度": 135.5265924, "url": "https://www.iryou.teikyouseido.mhlw.go.jp/znk-web/juminkanja/S2430/initialize?prefCd=27&kikanCd=9278006820&kikanKbn=4", "url2": null, "内容": "松田助産院【4:助産院】大阪府大阪市都島区都島南通１丁目１３番２号寺田マンション３０２号" }, "geometry": { "type": "Point", "coordinates": [ 135.5265924, 34.7043897 ] } },
{ "type": "Feature", "properties": { "ID": 2749278006830, "正式名称": "片野田助産院", "機関区分": 4, "都道府県コード": 27, "市区町村コード": 128, "所在地": "大阪府大阪市中央区上汐", "緯度": 34.667539, "経度": 135.517552, "url": "https://www.iryou.teikyouseido.mhlw.go.jp/znk-web/juminkanja/S2430/initialize?prefCd=27&kikanCd=9278006830&kikanKbn=4", "url2": null, "内容": "片野田助産院【4:助産院】大阪府大阪市中央区上汐" }, "geometry": { "type": "Point", "coordinates": [ 135.517552, 34.667539 ] } },
{ "type": "Feature", "properties": { "ID": 2749278006840, "正式名称": "わたの出張助産院", "機関区分": 4, "都道府県コード": 27, "市区町村コード": 128, "所在地": "大阪府大阪市中央区粉川町", "緯度": 34.67836, "経度": 135.51419, "url": "https://www.iryou.teikyouseido.mhlw.go.jp/znk-web/juminkanja/S2430/initialize?prefCd=27&kikanCd=9278006840&kikanKbn=4", "url2": null, "内容": "わたの出張助産院【4:助産院】大阪府大阪市中央区粉川町" }, "geometry": { "type": "Point", "coordinates": [ 135.51419, 34.67836 ] } },
{ "type": "Feature", "properties": { "ID": 2749278006850, "正式名称": "あすみ助産院", "機関区分": 4, "都道府県コード": 27, "市区町村コード": 128, "所在地": "大阪府大阪市中央区島町１丁目４番１号　第五双基マンション９０２号", "緯度": 34.688398, "経度": 135.514857, "url": "https://www.iryou.teikyouseido.mhlw.go.jp/znk-web/juminkanja/S2430/initialize?prefCd=27&kikanCd=9278006850&kikanKbn=4", "url2": null, "内容": "あすみ助産院【4:助産院】大阪府大阪市中央区島町１丁目４番１号　第五双基マンション９０２号" }, "geometry": { "type": "Point", "coordinates": [ 135.514857, 34.688398 ] } },
{ "type": "Feature", "properties": { "ID": 2749278006860, "正式名称": "璃助産所", "機関区分": 4, "都道府県コード": 27, "市区町村コード": 106, "所在地": "大阪府大阪市西区新町２丁目２０番４－４０３号", "緯度": 34.67594, "経度": 135.4915, "url": "https://www.iryou.teikyouseido.mhlw.go.jp/znk-web/juminkanja/S2430/initialize?prefCd=27&kikanCd=9278006860&kikanKbn=4", "url2": null, "内容": "璃助産所【4:助産院】大阪府大阪市西区新町２丁目２０番４－４０３号" }, "geometry": { "type": "Point", "coordinates": [ 135.4915, 34.67594 ] } },
{ "type": "Feature", "properties": { "ID": 2749278006870, "正式名称": "ＫＡＹＡ助産院", "機関区分": 4, "都道府県コード": 27, "市区町村コード": 108, "所在地": "大阪府大阪市大正区泉尾３丁目７番８－１５０１号", "緯度": 34.657656, "経度": 135.472783, "url": "https://www.iryou.teikyouseido.mhlw.go.jp/znk-web/juminkanja/S2430/initialize?prefCd=27&kikanCd=9278006870&kikanKbn=4", "url2": null, "内容": "ＫＡＹＡ助産院【4:助産院】大阪府大阪市大正区泉尾３丁目７番８－１５０１号" }, "geometry": { "type": "Point", "coordinates": [ 135.472783, 34.657656 ] } },
{ "type": "Feature", "properties": { "ID": 2749278006880, "正式名称": "のま助産院", "機関区分": 4, "都道府県コード": 27, "市区町村コード": 108, "所在地": "大阪府大阪市大正区", "緯度": 34.650234, "経度": 135.46956, "url": "https://www.iryou.teikyouseido.mhlw.go.jp/znk-web/juminkanja/S2430/initialize?prefCd=27&kikanCd=9278006880&kikanKbn=4", "url2": null, "内容": "のま助産院【4:助産院】大阪府大阪市大正区" }, "geometry": { "type": "Point", "coordinates": [ 135.46956, 34.650234 ] } },
{ "type": "Feature", "properties": { "ID": 2749278006910, "正式名称": "いわしま助産院", "機関区分": 4, "都道府県コード": 27, "市区町村コード": 123, "所在地": "大阪府大阪市淀川区西宮原１丁目８番４８号　ホワイトハイデンス新大阪６０１号室", "緯度": 34.733726, "経度": 135.494412, "url": "https://www.iryou.teikyouseido.mhlw.go.jp/znk-web/juminkanja/S2430/initialize?prefCd=27&kikanCd=9278006910&kikanKbn=4", "url2": "https://iwamamacot.p-kit.com", "内容": "いわしま助産院【4:助産院】大阪府大阪市淀川区西宮原１丁目８番４８号　ホワイトハイデンス新大阪６０１号室" }, "geometry": { "type": "Point", "coordinates": [ 135.494412, 34.733726 ] } },
{ "type": "Feature", "properties": { "ID": 2749278006920, "正式名称": "田中助産院", "機関区分": 4, "都道府県コード": 27, "市区町村コード": 116, "所在地": "大阪府大阪市生野区鶴橋５丁目１９番１１号", "緯度": 34.662735, "経度": 135.5393, "url": "https://www.iryou.teikyouseido.mhlw.go.jp/znk-web/juminkanja/S2430/initialize?prefCd=27&kikanCd=9278006920&kikanKbn=4", "url2": null, "内容": "田中助産院【4:助産院】大阪府大阪市生野区鶴橋５丁目１９番１１号" }, "geometry": { "type": "Point", "coordinates": [ 135.5393, 34.662735 ] } },
{ "type": "Feature", "properties": { "ID": 2749278006930, "正式名称": "松田　助産院", "機関区分": 4, "都道府県コード": 27, "市区町村コード": 118, "所在地": "大阪府大阪市城東区", "緯度": 34.693844, "経度": 135.54628, "url": "https://www.iryou.teikyouseido.mhlw.go.jp/znk-web/juminkanja/S2430/initialize?prefCd=27&kikanCd=9278006930&kikanKbn=4", "url2": null, "内容": "松田　助産院【4:助産院】大阪府大阪市城東区" }, "geometry": { "type": "Point", "coordinates": [ 135.54628, 34.693844 ] } },
{ "type": "Feature", "properties": { "ID": 2749278006940, "正式名称": "楽々助産院", "機関区分": 4, "都道府県コード": 27, "市区町村コード": 124, "所在地": "大阪府大阪市鶴見区緑１丁目１２番１７号　コスモ鶴見緑地弐番館９０１", "緯度": 34.7128984, "経度": 135.5626402, "url": "https://www.iryou.teikyouseido.mhlw.go.jp/znk-web/juminkanja/S2430/initialize?prefCd=27&kikanCd=9278006940&kikanKbn=4", "url2": null, "内容": "楽々助産院【4:助産院】大阪府大阪市鶴見区緑１丁目１２番１７号　コスモ鶴見緑地弐番館９０１" }, "geometry": { "type": "Point", "coordinates": [ 135.5626402, 34.7128984 ] } },
{ "type": "Feature", "properties": { "ID": 2749278006950, "正式名称": "きのした訪問助産院", "機関区分": 4, "都道府県コード": 27, "市区町村コード": 119, "所在地": "大阪府大阪市阿倍野区共立通１丁目１０番４－３０３号グランシエル共立通", "緯度": 34.638542, "経度": 135.508082, "url": "https://www.iryou.teikyouseido.mhlw.go.jp/znk-web/juminkanja/S2430/initialize?prefCd=27&kikanCd=9278006950&kikanKbn=4", "url2": null, "内容": "きのした訪問助産院【4:助産院】大阪府大阪市阿倍野区共立通１丁目１０番４－３０３号グランシエル共立通" }, "geometry": { "type": "Point", "coordinates": [ 135.508082, 34.638542 ] } },
{ "type": "Feature", "properties": { "ID": 2749278006960, "正式名称": "結音助産院", "機関区分": 4, "都道府県コード": 27, "市区町村コード": 119, "所在地": "大阪府大阪市阿倍野区松虫通２丁目３番７号", "緯度": 34.635959, "経度": 135.506249, "url": "https://www.iryou.teikyouseido.mhlw.go.jp/znk-web/juminkanja/S2430/initialize?prefCd=27&kikanCd=9278006960&kikanKbn=4", "url2": null, "内容": "結音助産院【4:助産院】大阪府大阪市阿倍野区松虫通２丁目３番７号" }, "geometry": { "type": "Point", "coordinates": [ 135.506249, 34.635959 ] } },
{ "type": "Feature", "properties": { "ID": 2749278006970, "正式名称": "天子助産院", "機関区分": 4, "都道府県コード": 27, "市区町村コード": 125, "所在地": "大阪府大阪市住之江区粉浜２丁目１番１９号", "緯度": 34.618044, "経度": 135.490723, "url": "https://www.iryou.teikyouseido.mhlw.go.jp/znk-web/juminkanja/S2430/initialize?prefCd=27&kikanCd=9278006970&kikanKbn=4", "url2": "https://tenshi-josanin.com/", "内容": "天子助産院【4:助産院】大阪府大阪市住之江区粉浜２丁目１番１９号" }, "geometry": { "type": "Point", "coordinates": [ 135.490723, 34.618044 ] } },
{ "type": "Feature", "properties": { "ID": 2749278006980, "正式名称": "まみこ助産院", "機関区分": 4, "都道府県コード": 27, "市区町村コード": 121, "所在地": "大阪府大阪市東住吉区桑津３丁目６番２４号スプランディット天王寺パークサイド１００２", "緯度": 34.638487, "経度": 135.529802, "url": "https://www.iryou.teikyouseido.mhlw.go.jp/znk-web/juminkanja/S2430/initialize?prefCd=27&kikanCd=9278006980&kikanKbn=4", "url2": null, "内容": "まみこ助産院【4:助産院】大阪府大阪市東住吉区桑津３丁目６番２４号スプランディット天王寺パークサイド１００２" }, "geometry": { "type": "Point", "coordinates": [ 135.529802, 34.638487 ] } },
{ "type": "Feature", "properties": { "ID": 2749278007000, "正式名称": "ｔｅｔｅ助産院", "機関区分": 4, "都道府県コード": 27, "市区町村コード": 146, "所在地": "大阪府堺市北区新金岡町２－５－３－３２２", "緯度": 34.571077, "経度": 135.513723, "url": "https://www.iryou.teikyouseido.mhlw.go.jp/znk-web/juminkanja/S2430/initialize?prefCd=27&kikanCd=9278007000&kikanKbn=4", "url2": null, "内容": "ｔｅｔｅ助産院【4:助産院】大阪府堺市北区新金岡町２－５－３－３２２" }, "geometry": { "type": "Point", "coordinates": [ 135.513723, 34.571077 ] } },
{ "type": "Feature", "properties": { "ID": 2749278007010, "正式名称": "なごみまごころ助産院", "機関区分": 4, "都道府県コード": 27, "市区町村コード": 146, "所在地": "大阪府堺市北区新金岡町２－５－９－３１２", "緯度": 34.572867, "経度": 135.512069, "url": "https://www.iryou.teikyouseido.mhlw.go.jp/znk-web/juminkanja/S2430/initialize?prefCd=27&kikanCd=9278007010&kikanKbn=4", "url2": "https://nagomimagokoro-josanin.com/", "内容": "なごみまごころ助産院【4:助産院】大阪府堺市北区新金岡町２－５－９－３１２" }, "geometry": { "type": "Point", "coordinates": [ 135.512069, 34.572867 ] } },
{ "type": "Feature", "properties": { "ID": 2749278007020, "正式名称": "よしみ助産院", "機関区分": 4, "都道府県コード": 27, "市区町村コード": 227, "所在地": "大阪府東大阪市中石切町２丁目２番３０号", "緯度": 34.68504, "経度": 135.646818, "url": "https://www.iryou.teikyouseido.mhlw.go.jp/znk-web/juminkanja/S2430/initialize?prefCd=27&kikanCd=9278007020&kikanKbn=4", "url2": null, "内容": "よしみ助産院【4:助産院】大阪府東大阪市中石切町２丁目２番３０号" }, "geometry": { "type": "Point", "coordinates": [ 135.646818, 34.68504 ] } },
{ "type": "Feature", "properties": { "ID": 2749278007060, "正式名称": "助産院といろ", "機関区分": 4, "都道府県コード": 27, "市区町村コード": 212, "所在地": "大阪府八尾市亀井町２－４－２０ボースウィングス久宝寺１０５", "緯度": 34.617768, "経度": 135.578105, "url": "https://www.iryou.teikyouseido.mhlw.go.jp/znk-web/juminkanja/S2430/initialize?prefCd=27&kikanCd=9278007060&kikanKbn=4", "url2": null, "内容": "助産院といろ【4:助産院】大阪府八尾市亀井町２－４－２０ボースウィングス久宝寺１０５" }, "geometry": { "type": "Point", "coordinates": [ 135.578105, 34.617768 ] } },
{ "type": "Feature", "properties": { "ID": 2749278007070, "正式名称": "助産院ｃｉｅｓｔａ", "機関区分": 4, "都道府県コード": 27, "市区町村コード": 212, "所在地": "大阪府八尾市本町３－９－１１－５０６", "緯度": 34.626573, "経度": 135.596103, "url": "https://www.iryou.teikyouseido.mhlw.go.jp/znk-web/juminkanja/S2430/initialize?prefCd=27&kikanCd=9278007070&kikanKbn=4", "url2": null, "内容": "助産院ｃｉｅｓｔａ【4:助産院】大阪府八尾市本町３－９－１１－５０６" }, "geometry": { "type": "Point", "coordinates": [ 135.596103, 34.626573 ] } },
{ "type": "Feature", "properties": { "ID": 2749278007120, "正式名称": "つきこ助産院", "機関区分": 4, "都道府県コード": 27, "市区町村コード": 210, "所在地": "大阪府枚方市黄金野２丁目３７番２０号ＰＡＬハウスＫ１０８号", "緯度": 34.83608, "経度": 135.669365, "url": "https://www.iryou.teikyouseido.mhlw.go.jp/znk-web/juminkanja/S2430/initialize?prefCd=27&kikanCd=9278007120&kikanKbn=4", "url2": null, "内容": "つきこ助産院【4:助産院】大阪府枚方市黄金野２丁目３７番２０号ＰＡＬハウスＫ１０８号" }, "geometry": { "type": "Point", "coordinates": [ 135.669365, 34.83608 ] } },
{ "type": "Feature", "properties": { "ID": 2749278007140, "正式名称": "みつばち助産院", "機関区分": 4, "都道府県コード": 27, "市区町村コード": 210, "所在地": "大阪府枚方市招提平野町２２番９号", "緯度": 34.838968, "経度": 135.679697, "url": "https://www.iryou.teikyouseido.mhlw.go.jp/znk-web/juminkanja/S2430/initialize?prefCd=27&kikanCd=9278007140&kikanKbn=4", "url2": null, "内容": "みつばち助産院【4:助産院】大阪府枚方市招提平野町２２番９号" }, "geometry": { "type": "Point", "coordinates": [ 135.679697, 34.838968 ] } },
{ "type": "Feature", "properties": { "ID": 2749278007160, "正式名称": "ふじなが助産院", "機関区分": 4, "都道府県コード": 27, "市区町村コード": 203, "所在地": "大阪府豊中市桜の町６丁目１０番３０ー２０１", "緯度": 34.802781, "経度": 135.469793, "url": "https://www.iryou.teikyouseido.mhlw.go.jp/znk-web/juminkanja/S2430/initialize?prefCd=27&kikanCd=9278007160&kikanKbn=4", "url2": null, "内容": "ふじなが助産院【4:助産院】大阪府豊中市桜の町６丁目１０番３０ー２０１" }, "geometry": { "type": "Point", "coordinates": [ 135.469793, 34.802781 ] } },
{ "type": "Feature", "properties": { "ID": 2749278007170, "正式名称": "てのての助産所", "機関区分": 4, "都道府県コード": 27, "市区町村コード": 203, "所在地": "大阪府豊中市螢池東町３丁目７－１４", "緯度": 34.798233, "経度": 135.449591, "url": "https://www.iryou.teikyouseido.mhlw.go.jp/znk-web/juminkanja/S2430/initialize?prefCd=27&kikanCd=9278007170&kikanKbn=4", "url2": null, "内容": "てのての助産所【4:助産院】大阪府豊中市螢池東町３丁目７－１４" }, "geometry": { "type": "Point", "coordinates": [ 135.449591, 34.798233 ] } },
{ "type": "Feature", "properties": { "ID": 2749278007180, "正式名称": "助産院　にじ", "機関区分": 4, "都道府県コード": 27, "市区町村コード": 203, "所在地": "大阪府豊中市永楽荘３丁目１番１８の５", "緯度": 34.814828, "経度": 135.470132, "url": "https://www.iryou.teikyouseido.mhlw.go.jp/znk-web/juminkanja/S2430/initialize?prefCd=27&kikanCd=9278007180&kikanKbn=4", "url2": "http://r.goope.jp/nijimw", "内容": "助産院　にじ【4:助産院】大阪府豊中市永楽荘３丁目１番１８の５" }, "geometry": { "type": "Point", "coordinates": [ 135.470132, 34.814828 ] } },
{ "type": "Feature", "properties": { "ID": 2749278007200, "正式名称": "ペップベース　まはろ　助産院", "機関区分": 4, "都道府県コード": 27, "市区町村コード": 204, "所在地": "大阪府池田市", "緯度": 34.827854, "経度": 135.444162, "url": "https://www.iryou.teikyouseido.mhlw.go.jp/znk-web/juminkanja/S2430/initialize?prefCd=27&kikanCd=9278007200&kikanKbn=4", "url2": null, "内容": "ペップベース　まはろ　助産院【4:助産院】大阪府池田市" }, "geometry": { "type": "Point", "coordinates": [ 135.444162, 34.827854 ] } },
{ "type": "Feature", "properties": { "ID": 2749278007210, "正式名称": "武藤助産院", "機関区分": 4, "都道府県コード": 27, "市区町村コード": 213, "所在地": "大阪府泉佐野市日根野３８８４番地の２５", "緯度": 34.390183, "経度": 135.335389, "url": "https://www.iryou.teikyouseido.mhlw.go.jp/znk-web/juminkanja/S2430/initialize?prefCd=27&kikanCd=9278007210&kikanKbn=4", "url2": null, "内容": "武藤助産院【4:助産院】大阪府泉佐野市日根野３８８４番地の２５" }, "geometry": { "type": "Point", "coordinates": [ 135.335389, 34.390183 ] } },
{ "type": "Feature", "properties": { "ID": 2749278007240, "正式名称": "ちなみマタニティホーム", "機関区分": 4, "都道府県コード": 27, "市区町村コード": 228, "所在地": "大阪府泉南市信達市場２２３７番地の２", "緯度": 34.359068, "経度": 135.287085, "url": "https://www.iryou.teikyouseido.mhlw.go.jp/znk-web/juminkanja/S2430/initialize?prefCd=27&kikanCd=9278007240&kikanKbn=4", "url2": null, "内容": "ちなみマタニティホーム【4:助産院】大阪府泉南市信達市場２２３７番地の２" }, "geometry": { "type": "Point", "coordinates": [ 135.287085, 34.359068 ] } },
{ "type": "Feature", "properties": { "ID": 2749278007250, "正式名称": "みらい助産院", "機関区分": 4, "都道府県コード": 27, "市区町村コード": 211, "所在地": "大阪府茨木市彩都やまぶき３－４－３", "緯度": 34.857769, "経度": 135.519098, "url": "https://www.iryou.teikyouseido.mhlw.go.jp/znk-web/juminkanja/S2430/initialize?prefCd=27&kikanCd=9278007250&kikanKbn=4", "url2": null, "内容": "みらい助産院【4:助産院】大阪府茨木市彩都やまぶき３－４－３" }, "geometry": { "type": "Point", "coordinates": [ 135.519098, 34.857769 ] } },
{ "type": "Feature", "properties": { "ID": 2749278007260, "正式名称": "ｔｓｕｍｕｇｉ助産院", "機関区分": 4, "都道府県コード": 27, "市区町村コード": 210, "所在地": "大阪府枚方市招提元町３丁目５番６号", "緯度": 34.844468, "経度": 135.685169, "url": "https://www.iryou.teikyouseido.mhlw.go.jp/znk-web/juminkanja/S2430/initialize?prefCd=27&kikanCd=9278007260&kikanKbn=4", "url2": "https://tsumugi-mw.com/", "内容": "ｔｓｕｍｕｇｉ助産院【4:助産院】大阪府枚方市招提元町３丁目５番６号" }, "geometry": { "type": "Point", "coordinates": [ 135.685169, 34.844468 ] } },
{ "type": "Feature", "properties": { "ID": 2749278007280, "正式名称": "出張専門助産院さくら", "機関区分": 4, "都道府県コード": 27, "市区町村コード": 223, "所在地": "大阪府門真市沖町２８番１１－２", "緯度": 34.732117, "経度": 135.604792, "url": "https://www.iryou.teikyouseido.mhlw.go.jp/znk-web/juminkanja/S2430/initialize?prefCd=27&kikanCd=9278007280&kikanKbn=4", "url2": null, "内容": "出張専門助産院さくら【4:助産院】大阪府門真市沖町２８番１１－２" }, "geometry": { "type": "Point", "coordinates": [ 135.604792, 34.732117 ] } },
{ "type": "Feature", "properties": { "ID": 2749278007330, "正式名称": "さち助産所", "機関区分": 4, "都道府県コード": 27, "市区町村コード": 214, "所在地": "大阪府富田林市若松町西２丁目１３７９番地６", "緯度": 34.507656, "経度": 135.603286, "url": "https://www.iryou.teikyouseido.mhlw.go.jp/znk-web/juminkanja/S2430/initialize?prefCd=27&kikanCd=9278007330&kikanKbn=4", "url2": null, "内容": "さち助産所【4:助産院】大阪府富田林市若松町西２丁目１３７９番地６" }, "geometry": { "type": "Point", "coordinates": [ 135.603286, 34.507656 ] } },
{ "type": "Feature", "properties": { "ID": 2749278007340, "正式名称": "りつ助産所", "機関区分": 4, "都道府県コード": 27, "市区町村コード": 222, "所在地": "大阪府羽曳野市南恵我之荘１－７－１０", "緯度": 34.571075, "経度": 135.575925, "url": "https://www.iryou.teikyouseido.mhlw.go.jp/znk-web/juminkanja/S2430/initialize?prefCd=27&kikanCd=9278007340&kikanKbn=4", "url2": null, "内容": "りつ助産所【4:助産院】大阪府羽曳野市南恵我之荘１－７－１０" }, "geometry": { "type": "Point", "coordinates": [ 135.575925, 34.571075 ] } },
{ "type": "Feature", "properties": { "ID": 2749278007370, "正式名称": "Ｗｉｔｈ助産院", "機関区分": 4, "都道府県コード": 27, "市区町村コード": 231, "所在地": "大阪府大阪狭山市西山台２－２６－４", "緯度": 34.487432, "経度": 135.54921, "url": "https://www.iryou.teikyouseido.mhlw.go.jp/znk-web/juminkanja/S2430/initialize?prefCd=27&kikanCd=9278007370&kikanKbn=4", "url2": null, "内容": "Ｗｉｔｈ助産院【4:助産院】大阪府大阪狭山市西山台２－２６－４" }, "geometry": { "type": "Point", "coordinates": [ 135.54921, 34.487432 ] } },
{ "type": "Feature", "properties": { "ID": 2749278007380, "正式名称": "あいのわ助産院", "機関区分": 4, "都道府県コード": 27, "市区町村コード": 220, "所在地": "大阪府箕面市箕面", "緯度": 34.830871, "経度": 135.467119, "url": "https://www.iryou.teikyouseido.mhlw.go.jp/znk-web/juminkanja/S2430/initialize?prefCd=27&kikanCd=9278007380&kikanKbn=4", "url2": "https://www.ainowajosanin.com/", "内容": "あいのわ助産院【4:助産院】大阪府箕面市箕面" }, "geometry": { "type": "Point", "coordinates": [ 135.467119, 34.830871 ] } },
{ "type": "Feature", "properties": { "ID": 2749278007390, "正式名称": "恵み助産院", "機関区分": 4, "都道府県コード": 27, "市区町村コード": 216, "所在地": "大阪府河内長野市南花台２丁目４－１５", "緯度": 34.428885, "経度": 135.557685, "url": "https://www.iryou.teikyouseido.mhlw.go.jp/znk-web/juminkanja/S2430/initialize?prefCd=27&kikanCd=9278007390&kikanKbn=4", "url2": "https://megumijosanin.com", "内容": "恵み助産院【4:助産院】大阪府河内長野市南花台２丁目４－１５" }, "geometry": { "type": "Point", "coordinates": [ 135.557685, 34.428885 ] } },
{ "type": "Feature", "properties": { "ID": 2749278007420, "正式名称": "ひとみ助産院", "機関区分": 4, "都道府県コード": 27, "市区町村コード": 127, "所在地": "大阪府大阪市北区天神橋２丁目１－１８ファーストタウンニュー天神６階", "緯度": 34.696839, "経度": 135.513658, "url": "https://www.iryou.teikyouseido.mhlw.go.jp/znk-web/juminkanja/S2430/initialize?prefCd=27&kikanCd=9278007420&kikanKbn=4", "url2": "https://hitomi-josanin-oketani.com", "内容": "ひとみ助産院【4:助産院】大阪府大阪市北区天神橋２丁目１－１８ファーストタウンニュー天神６階" }, "geometry": { "type": "Point", "coordinates": [ 135.513658, 34.696839 ] } },
{ "type": "Feature", "properties": { "ID": 2749278007430, "正式名称": "コウノトリ助産院", "機関区分": 4, "都道府県コード": 27, "市区町村コード": 127, "所在地": "大阪府大阪市北区西天満１－８－９－６０１", "緯度": 34.694347, "経度": 135.508489, "url": "https://www.iryou.teikyouseido.mhlw.go.jp/znk-web/juminkanja/S2430/initialize?prefCd=27&kikanCd=9278007430&kikanKbn=4", "url2": null, "内容": "コウノトリ助産院【4:助産院】大阪府大阪市北区西天満１－８－９－６０１" }, "geometry": { "type": "Point", "coordinates": [ 135.508489, 34.694347 ] } },
{ "type": "Feature", "properties": { "ID": 2749278007460, "正式名称": "のん助産院", "機関区分": 4, "都道府県コード": 27, "市区町村コード": 128, "所在地": "大阪府大阪市中央区内久宝寺町２－２－２２グランドメゾン上町台ザ・タワー２９０２グランドメゾン上町台ザ・タワー", "緯度": 34.678415, "経度": 135.519967, "url": "https://www.iryou.teikyouseido.mhlw.go.jp/znk-web/juminkanja/S2430/initialize?prefCd=27&kikanCd=9278007460&kikanKbn=4", "url2": null, "内容": "のん助産院【4:助産院】大阪府大阪市中央区内久宝寺町２－２－２２グランドメゾン上町台ザ・タワー２９０２グランドメゾン上町台ザ・タワー" }, "geometry": { "type": "Point", "coordinates": [ 135.519967, 34.678415 ] } },
{ "type": "Feature", "properties": { "ID": 2749278007480, "正式名称": "ＵＭＩ助産院", "機関区分": 4, "都道府県コード": 27, "市区町村コード": 127, "所在地": "大阪府大阪市北区豊崎１ー８－９", "緯度": 34.711465, "経度": 135.503567, "url": "https://www.iryou.teikyouseido.mhlw.go.jp/znk-web/juminkanja/S2430/initialize?prefCd=27&kikanCd=9278007480&kikanKbn=4", "url2": null, "内容": "ＵＭＩ助産院【4:助産院】大阪府大阪市北区豊崎１ー８－９" }, "geometry": { "type": "Point", "coordinates": [ 135.503567, 34.711465 ] } },
{ "type": "Feature", "properties": { "ID": 2749278007490, "正式名称": "産後ケアルーム　チェスト", "機関区分": 4, "都道府県コード": 27, "市区町村コード": 106, "所在地": "大阪府大阪市西区南堀江４丁目２１ー１４グランレーヴェ５０１", "緯度": 34.672472, "経度": 135.486213, "url": "https://www.iryou.teikyouseido.mhlw.go.jp/znk-web/juminkanja/S2430/initialize?prefCd=27&kikanCd=9278007490&kikanKbn=4", "url2": "https://r.goope.jp/mw-chest/", "内容": "産後ケアルーム　チェスト【4:助産院】大阪府大阪市西区南堀江４丁目２１ー１４グランレーヴェ５０１" }, "geometry": { "type": "Point", "coordinates": [ 135.486213, 34.672472 ] } },
{ "type": "Feature", "properties": { "ID": 2749278007510, "正式名称": "ますたに助産院", "機関区分": 4, "都道府県コード": 27, "市区町村コード": 109, "所在地": "大阪府大阪市天王寺区上汐５－１－２２ライフコート上汐２：０２", "緯度": 34.668857, "経度": 135.51784, "url": "https://www.iryou.teikyouseido.mhlw.go.jp/znk-web/juminkanja/S2430/initialize?prefCd=27&kikanCd=9278007510&kikanKbn=4", "url2": null, "内容": "ますたに助産院【4:助産院】大阪府大阪市天王寺区上汐５－１－２２ライフコート上汐２：０２" }, "geometry": { "type": "Point", "coordinates": [ 135.51784, 34.668857 ] } },
{ "type": "Feature", "properties": { "ID": 2749278007520, "正式名称": "ルア助産院", "機関区分": 4, "都道府県コード": 27, "市区町村コード": 114, "所在地": "大阪府大阪市東淀川区豊新３－２５－７セキスイマンション３０４", "緯度": 34.743853, "経度": 135.532583, "url": "https://www.iryou.teikyouseido.mhlw.go.jp/znk-web/juminkanja/S2430/initialize?prefCd=27&kikanCd=9278007520&kikanKbn=4", "url2": null, "内容": "ルア助産院【4:助産院】大阪府大阪市東淀川区豊新３－２５－７セキスイマンション３０４" }, "geometry": { "type": "Point", "coordinates": [ 135.532583, 34.743853 ] } },
{ "type": "Feature", "properties": { "ID": 2749278007530, "正式名称": "母乳育児相談室蓮助産院", "機関区分": 4, "都道府県コード": 27, "市区町村コード": 115, "所在地": "大阪府大阪市東成区玉津２丁目１６番４号", "緯度": 34.667886, "経度": 135.538067, "url": "https://www.iryou.teikyouseido.mhlw.go.jp/znk-web/juminkanja/S2430/initialize?prefCd=27&kikanCd=9278007530&kikanKbn=4", "url2": null, "内容": "母乳育児相談室蓮助産院【4:助産院】大阪府大阪市東成区玉津２丁目１６番４号" }, "geometry": { "type": "Point", "coordinates": [ 135.538067, 34.667886 ] } },
{ "type": "Feature", "properties": { "ID": 2749278007560, "正式名称": "ほのみ助産院", "機関区分": 4, "都道府県コード": 27, "市区町村コード": 118, "所在地": "大阪府大阪市城東区今福西６－２－２タイムズピーススクエアセントラルパークシティ１４０９", "緯度": 34.704647, "経度": 135.553444, "url": "https://www.iryou.teikyouseido.mhlw.go.jp/znk-web/juminkanja/S2430/initialize?prefCd=27&kikanCd=9278007560&kikanKbn=4", "url2": null, "内容": "ほのみ助産院【4:助産院】大阪府大阪市城東区今福西６－２－２タイムズピーススクエアセントラルパークシティ１４０９" }, "geometry": { "type": "Point", "coordinates": [ 135.553444, 34.704647 ] } },
{ "type": "Feature", "properties": { "ID": 2749278007570, "正式名称": "いだ助産院", "機関区分": 4, "都道府県コード": 27, "市区町村コード": 124, "所在地": "大阪府大阪市鶴見区鶴見３丁目１２－５４－２０３", "緯度": 34.701895, "経度": 135.564721, "url": "https://www.iryou.teikyouseido.mhlw.go.jp/znk-web/juminkanja/S2430/initialize?prefCd=27&kikanCd=9278007570&kikanKbn=4", "url2": null, "内容": "いだ助産院【4:助産院】大阪府大阪市鶴見区鶴見３丁目１２－５４－２０３" }, "geometry": { "type": "Point", "coordinates": [ 135.564721, 34.701895 ] } },
{ "type": "Feature", "properties": { "ID": 2749278007580, "正式名称": "助産院　大きな木", "機関区分": 4, "都道府県コード": 27, "市区町村コード": 119, "所在地": "大阪府大阪市阿倍野区北畠２丁目７番５０号ＬａＧｌｏｒｉａ北畠１０１号室", "緯度": 34.6279873, "経度": 135.5026564, "url": "https://www.iryou.teikyouseido.mhlw.go.jp/znk-web/juminkanja/S2430/initialize?prefCd=27&kikanCd=9278007580&kikanKbn=4", "url2": null, "内容": "助産院　大きな木【4:助産院】大阪府大阪市阿倍野区北畠２丁目７番５０号ＬａＧｌｏｒｉａ北畠１０１号室" }, "geometry": { "type": "Point", "coordinates": [ 135.5026564, 34.6279873 ] } },
{ "type": "Feature", "properties": { "ID": 2749278007610, "正式名称": "はまぐち助産院", "機関区分": 4, "都道府県コード": 27, "市区町村コード": 120, "所在地": "大阪府大阪市住吉区南住吉３－１７－１８ブランズ沢之町公園７０３", "緯度": 34.6058132, "経度": 135.5017085, "url": "https://www.iryou.teikyouseido.mhlw.go.jp/znk-web/juminkanja/S2430/initialize?prefCd=27&kikanCd=9278007610&kikanKbn=4", "url2": null, "内容": "はまぐち助産院【4:助産院】大阪府大阪市住吉区南住吉３－１７－１８ブランズ沢之町公園７０３" }, "geometry": { "type": "Point", "coordinates": [ 135.5017085, 34.6058132 ] } },
{ "type": "Feature", "properties": { "ID": 2749278007640, "正式名称": "助産院采和（ＡＯ）Ｍａｔｅｒｎｉｔｙ　Ｒｏｏｍ", "機関区分": 4, "都道府県コード": 27, "市区町村コード": 121, "所在地": "大阪府大阪市東住吉区南田辺３−１２−１５", "緯度": 34.62114, "経度": 135.52429, "url": "https://www.iryou.teikyouseido.mhlw.go.jp/znk-web/juminkanja/S2430/initialize?prefCd=27&kikanCd=9278007640&kikanKbn=4", "url2": null, "内容": "助産院采和（ＡＯ）Ｍａｔｅｒｎｉｔｙ　Ｒｏｏｍ【4:助産院】大阪府大阪市東住吉区南田辺３−１２−１５" }, "geometry": { "type": "Point", "coordinates": [ 135.52429, 34.62114 ] } },
{ "type": "Feature", "properties": { "ID": 2749278007680, "正式名称": "うえの母乳育児相談室", "機関区分": 4, "都道府県コード": 27, "市区町村コード": 109, "所在地": "大阪府大阪市天王寺区六万体町４－２０エルエムヒルズ夕陽ケ丘６０２", "緯度": 34.6585525, "経度": 135.5144754, "url": "https://www.iryou.teikyouseido.mhlw.go.jp/znk-web/juminkanja/S2430/initialize?prefCd=27&kikanCd=9278007680&kikanKbn=4", "url2": null, "内容": "うえの母乳育児相談室【4:助産院】大阪府大阪市天王寺区六万体町４－２０エルエムヒルズ夕陽ケ丘６０２" }, "geometry": { "type": "Point", "coordinates": [ 135.5144754, 34.6585525 ] } },
{ "type": "Feature", "properties": { "ID": 2749278007690, "正式名称": "ゆいの助産院", "機関区分": 4, "都道府県コード": 27, "市区町村コード": 144, "所在地": "大阪府堺市西区浜寺南町１ー２－１－１６（Ｋ）", "緯度": 34.596133, "経度": 135.521881, "url": "https://www.iryou.teikyouseido.mhlw.go.jp/znk-web/juminkanja/S2430/initialize?prefCd=27&kikanCd=9278007690&kikanKbn=4", "url2": null, "内容": "ゆいの助産院【4:助産院】大阪府堺市西区浜寺南町１ー２－１－１６（Ｋ）" }, "geometry": { "type": "Point", "coordinates": [ 135.521881, 34.596133 ] } },
{ "type": "Feature", "properties": { "ID": 2749278007700, "正式名称": "未来助産院", "機関区分": 4, "都道府県コード": 27, "市区町村コード": 144, "所在地": "大阪府堺市西区上野芝町３－１４－１５", "緯度": 34.547735, "経度": 135.476557, "url": "https://www.iryou.teikyouseido.mhlw.go.jp/znk-web/juminkanja/S2430/initialize?prefCd=27&kikanCd=9278007700&kikanKbn=4", "url2": null, "内容": "未来助産院【4:助産院】大阪府堺市西区上野芝町３－１４－１５" }, "geometry": { "type": "Point", "coordinates": [ 135.476557, 34.547735 ] } },
{ "type": "Feature", "properties": { "ID": 2749278007740, "正式名称": "ｍｅｇｕｒｕ助産院", "機関区分": 4, "都道府県コード": 27, "市区町村コード": 227, "所在地": "大阪府東大阪市吉田本町１－９－２１", "緯度": 34.674872, "経度": 135.6235, "url": "https://www.iryou.teikyouseido.mhlw.go.jp/znk-web/juminkanja/S2430/initialize?prefCd=27&kikanCd=9278007740&kikanKbn=4", "url2": null, "内容": "ｍｅｇｕｒｕ助産院【4:助産院】大阪府東大阪市吉田本町１－９－２１" }, "geometry": { "type": "Point", "coordinates": [ 135.6235, 34.674872 ] } },
{ "type": "Feature", "properties": { "ID": 2749278007750, "正式名称": "さくら助産院", "機関区分": 4, "都道府県コード": 27, "市区町村コード": 227, "所在地": "大阪府東大阪市稲田本町３－１９－２０", "緯度": 34.690594, "経度": 135.582206, "url": "https://www.iryou.teikyouseido.mhlw.go.jp/znk-web/juminkanja/S2430/initialize?prefCd=27&kikanCd=9278007750&kikanKbn=4", "url2": null, "内容": "さくら助産院【4:助産院】大阪府東大阪市稲田本町３－１９－２０" }, "geometry": { "type": "Point", "coordinates": [ 135.582206, 34.690594 ] } },
{ "type": "Feature", "properties": { "ID": 2749278007770, "正式名称": "かふう助産院", "機関区分": 4, "都道府県コード": 27, "市区町村コード": 207, "所在地": "大阪府高槻市天王町３１ー９", "緯度": 34.848712, "経度": 135.633528, "url": "https://www.iryou.teikyouseido.mhlw.go.jp/znk-web/juminkanja/S2430/initialize?prefCd=27&kikanCd=9278007770&kikanKbn=4", "url2": "https://kafuu.jyosanin.com/", "内容": "かふう助産院【4:助産院】大阪府高槻市天王町３１ー９" }, "geometry": { "type": "Point", "coordinates": [ 135.633528, 34.848712 ] } },
{ "type": "Feature", "properties": { "ID": 2749278007780, "正式名称": "野田助産院", "機関区分": 4, "都道府県コード": 27, "市区町村コード": 207, "所在地": "大阪府高槻市", "緯度": 34.88121, "経度": 135.6012, "url": "https://www.iryou.teikyouseido.mhlw.go.jp/znk-web/juminkanja/S2430/initialize?prefCd=27&kikanCd=9278007780&kikanKbn=4", "url2": null, "内容": "野田助産院【4:助産院】大阪府高槻市" }, "geometry": { "type": "Point", "coordinates": [ 135.6012, 34.88121 ] } },
{ "type": "Feature", "properties": { "ID": 2749278007800, "正式名称": "助産院　木かげ", "機関区分": 4, "都道府県コード": 27, "市区町村コード": 207, "所在地": "大阪府高槻市明野町１５－３８－２０１", "緯度": 34.83319, "経度": 135.625674, "url": "https://www.iryou.teikyouseido.mhlw.go.jp/znk-web/juminkanja/S2430/initialize?prefCd=27&kikanCd=9278007800&kikanKbn=4", "url2": null, "内容": "助産院　木かげ【4:助産院】大阪府高槻市明野町１５－３８－２０１" }, "geometry": { "type": "Point", "coordinates": [ 135.625674, 34.83319 ] } },
{ "type": "Feature", "properties": { "ID": 2749278007830, "正式名称": "ゆかり助産院", "機関区分": 4, "都道府県コード": 27, "市区町村コード": 210, "所在地": "大阪府枚方市翠香園町１－１３", "緯度": 34.800351, "経度": 135.63652, "url": "https://www.iryou.teikyouseido.mhlw.go.jp/znk-web/juminkanja/S2430/initialize?prefCd=27&kikanCd=9278007830&kikanKbn=4", "url2": null, "内容": "ゆかり助産院【4:助産院】大阪府枚方市翠香園町１－１３" }, "geometry": { "type": "Point", "coordinates": [ 135.63652, 34.800351 ] } },
{ "type": "Feature", "properties": { "ID": 2749278007840, "正式名称": "まんたに助産院", "機関区分": 4, "都道府県コード": 27, "市区町村コード": 210, "所在地": "大阪府枚方市長尾谷町２－１－１メルベール長尾５１２", "緯度": 34.825834, "経度": 135.702999, "url": "https://www.iryou.teikyouseido.mhlw.go.jp/znk-web/juminkanja/S2430/initialize?prefCd=27&kikanCd=9278007840&kikanKbn=4", "url2": "https://mantani-josanin.jimdosite.com/", "内容": "まんたに助産院【4:助産院】大阪府枚方市長尾谷町２－１－１メルベール長尾５１２" }, "geometry": { "type": "Point", "coordinates": [ 135.702999, 34.825834 ] } },
{ "type": "Feature", "properties": { "ID": 2749278007860, "正式名称": "もりつぐ助産院", "機関区分": 4, "都道府県コード": 27, "市区町村コード": 210, "所在地": "大阪府枚方市上野２丁目４番１ザ・ライオンズ枚方御殿山１２１３号", "緯度": 34.8276204, "経度": 135.6611559, "url": "https://www.iryou.teikyouseido.mhlw.go.jp/znk-web/juminkanja/S2430/initialize?prefCd=27&kikanCd=9278007860&kikanKbn=4", "url2": null, "内容": "もりつぐ助産院【4:助産院】大阪府枚方市上野２丁目４番１ザ・ライオンズ枚方御殿山１２１３号" }, "geometry": { "type": "Point", "coordinates": [ 135.661155900000011, 34.8276204 ] } },
{ "type": "Feature", "properties": { "ID": 2749278007900, "正式名称": "けいこ助産院", "機関区分": 4, "都道府県コード": 27, "市区町村コード": 212, "所在地": "大阪府八尾市若草町１番５－５０５号", "緯度": 34.627378, "経度": 135.610756, "url": "https://www.iryou.teikyouseido.mhlw.go.jp/znk-web/juminkanja/S2430/initialize?prefCd=27&kikanCd=9278007900&kikanKbn=4", "url2": null, "内容": "けいこ助産院【4:助産院】大阪府八尾市若草町１番５－５０５号" }, "geometry": { "type": "Point", "coordinates": [ 135.610756, 34.627378 ] } },
{ "type": "Feature", "properties": { "ID": 2749278007910, "正式名称": "やざ助産院", "機関区分": 4, "都道府県コード": 27, "市区町村コード": 212, "所在地": "大阪府八尾市刑部１－２９０－２９", "緯度": 34.617572, "経度": 135.618325, "url": "https://www.iryou.teikyouseido.mhlw.go.jp/znk-web/juminkanja/S2430/initialize?prefCd=27&kikanCd=9278007910&kikanKbn=4", "url2": null, "内容": "やざ助産院【4:助産院】大阪府八尾市刑部１－２９０－２９" }, "geometry": { "type": "Point", "coordinates": [ 135.618325, 34.617572 ] } },
{ "type": "Feature", "properties": { "ID": 2749278007930, "正式名称": "てんと助産院", "機関区分": 4, "都道府県コード": 27, "市区町村コード": 215, "所在地": "大阪府寝屋川市東香里園町２３ー１８", "緯度": 34.784664, "経度": 135.63504, "url": "https://www.iryou.teikyouseido.mhlw.go.jp/znk-web/juminkanja/S2430/initialize?prefCd=27&kikanCd=9278007930&kikanKbn=4", "url2": null, "内容": "てんと助産院【4:助産院】大阪府寝屋川市東香里園町２３ー１８" }, "geometry": { "type": "Point", "coordinates": [ 135.63504, 34.784664 ] } },
{ "type": "Feature", "properties": { "ID": 2749278007970, "正式名称": "新野助産所", "機関区分": 4, "都道府県コード": 27, "市区町村コード": 220, "所在地": "大阪府箕面市箕面２丁目１１－５３－４０７", "緯度": 34.836553, "経度": 135.472081, "url": "https://www.iryou.teikyouseido.mhlw.go.jp/znk-web/juminkanja/S2430/initialize?prefCd=27&kikanCd=9278007970&kikanKbn=4", "url2": null, "内容": "新野助産所【4:助産院】大阪府箕面市箕面２丁目１１－５３－４０７" }, "geometry": { "type": "Point", "coordinates": [ 135.472081, 34.836553 ] } },
{ "type": "Feature", "properties": { "ID": 2749278007990, "正式名称": "助産所髙橋", "機関区分": 4, "都道府県コード": 27, "市区町村コード": 118, "所在地": "大阪府大阪市城東区永田", "緯度": 34.68073, "経度": 135.55818, "url": "https://www.iryou.teikyouseido.mhlw.go.jp/znk-web/juminkanja/S2430/initialize?prefCd=27&kikanCd=9278007990&kikanKbn=4", "url2": null, "内容": "助産所髙橋【4:助産院】大阪府大阪市城東区永田" }, "geometry": { "type": "Point", "coordinates": [ 135.55818, 34.68073 ] } },
{ "type": "Feature", "properties": { "ID": 2749278008000, "正式名称": "夢っこ助産院", "機関区分": 4, "都道府県コード": 27, "市区町村コード": 220, "所在地": "大阪府箕面市西小路４－５－２", "緯度": 34.826778, "経度": 135.468845, "url": "https://www.iryou.teikyouseido.mhlw.go.jp/znk-web/juminkanja/S2430/initialize?prefCd=27&kikanCd=9278008000&kikanKbn=4", "url2": null, "内容": "夢っこ助産院【4:助産院】大阪府箕面市西小路４－５－２" }, "geometry": { "type": "Point", "coordinates": [ 135.468845, 34.826778 ] } },
{ "type": "Feature", "properties": { "ID": 2749278008010, "正式名称": "産後ケアハウスはんもっく助産院今宮", "機関区分": 4, "都道府県コード": 27, "市区町村コード": 220, "所在地": "大阪府箕面市今宮３－２８－１", "緯度": 34.83023, "経度": 135.501981, "url": "https://www.iryou.teikyouseido.mhlw.go.jp/znk-web/juminkanja/S2430/initialize?prefCd=27&kikanCd=9278008010&kikanKbn=4", "url2": null, "内容": "産後ケアハウスはんもっく助産院今宮【4:助産院】大阪府箕面市今宮３－２８－１" }, "geometry": { "type": "Point", "coordinates": [ 135.501981, 34.83023 ] } },
{ "type": "Feature", "properties": { "ID": 2749278008020, "正式名称": "むすび助産院", "機関区分": 4, "都道府県コード": 27, "市区町村コード": 220, "所在地": "大阪府箕面市今宮３ー２０ー４７", "緯度": 34.831353, "経度": 135.501304, "url": "https://www.iryou.teikyouseido.mhlw.go.jp/znk-web/juminkanja/S2430/initialize?prefCd=27&kikanCd=9278008020&kikanKbn=4", "url2": "https://musubizyosan-in.my.canva.site", "内容": "むすび助産院【4:助産院】大阪府箕面市今宮３ー２０ー４７" }, "geometry": { "type": "Point", "coordinates": [ 135.501304, 34.831353 ] } },
{ "type": "Feature", "properties": { "ID": 2749278008060, "正式名称": "まひめ助産院", "機関区分": 4, "都道府県コード": 27, "市区町村コード": 223, "所在地": "大阪府門真市元町２０－２０ＫＴＩレジデンス西三荘Ⅱ２０３", "緯度": 34.737658, "経度": 135.576713, "url": "https://www.iryou.teikyouseido.mhlw.go.jp/znk-web/juminkanja/S2430/initialize?prefCd=27&kikanCd=9278008060&kikanKbn=4", "url2": null, "内容": "まひめ助産院【4:助産院】大阪府門真市元町２０－２０ＫＴＩレジデンス西三荘Ⅱ２０３" }, "geometry": { "type": "Point", "coordinates": [ 135.576713, 34.737658 ] } },
{ "type": "Feature", "properties": { "ID": 2749278008070, "正式名称": "助産院かすみそう", "機関区分": 4, "都道府県コード": 27, "市区町村コード": 219, "所在地": "大阪府和泉市納花町５４番地の１５５", "緯度": 34.452848, "経度": 135.472366, "url": "https://www.iryou.teikyouseido.mhlw.go.jp/znk-web/juminkanja/S2430/initialize?prefCd=27&kikanCd=9278008070&kikanKbn=4", "url2": null, "内容": "助産院かすみそう【4:助産院】大阪府和泉市納花町５４番地の１５５" }, "geometry": { "type": "Point", "coordinates": [ 135.472366, 34.452848 ] } },
{ "type": "Feature", "properties": { "ID": 2749278008080, "正式名称": "小西助産院", "機関区分": 4, "都道府県コード": 27, "市区町村コード": 231, "所在地": "大阪府大阪狭山市", "緯度": 34.49693, "経度": 135.5568, "url": "https://www.iryou.teikyouseido.mhlw.go.jp/znk-web/juminkanja/S2430/initialize?prefCd=27&kikanCd=9278008080&kikanKbn=4", "url2": null, "内容": "小西助産院【4:助産院】大阪府大阪狭山市" }, "geometry": { "type": "Point", "coordinates": [ 135.5568, 34.49693 ] } },
{ "type": "Feature", "properties": { "ID": 2749278008100, "正式名称": "あま音助産院", "機関区分": 4, "都道府県コード": 27, "市区町村コード": 219, "所在地": "大阪府和泉市池田下町１０７３番地の５", "緯度": 34.471614, "経度": 135.452942, "url": "https://www.iryou.teikyouseido.mhlw.go.jp/znk-web/juminkanja/S2430/initialize?prefCd=27&kikanCd=9278008100&kikanKbn=4", "url2": null, "内容": "あま音助産院【4:助産院】大阪府和泉市池田下町１０７３番地の５" }, "geometry": { "type": "Point", "coordinates": [ 135.452942, 34.471614 ] } },
{ "type": "Feature", "properties": { "ID": 2749278008110, "正式名称": "Ｌａｍｐ助産院", "機関区分": 4, "都道府県コード": 27, "市区町村コード": 142, "所在地": "大阪府堺市中区深井清水町３２１４清水の森Ｃ", "緯度": 34.532093, "経度": 135.487905, "url": "https://www.iryou.teikyouseido.mhlw.go.jp/znk-web/juminkanja/S2430/initialize?prefCd=27&kikanCd=9278008110&kikanKbn=4", "url2": null, "内容": "Ｌａｍｐ助産院【4:助産院】大阪府堺市中区深井清水町３２１４清水の森Ｃ" }, "geometry": { "type": "Point", "coordinates": [ 135.487905, 34.532093 ] } },
{ "type": "Feature", "properties": { "ID": 2749278008120, "正式名称": "みち助産院", "機関区分": 4, "都道府県コード": 27, "市区町村コード": 220, "所在地": "大阪府箕面市船場西３－１３－２８", "緯度": 34.817036, "経度": 135.491328, "url": "https://www.iryou.teikyouseido.mhlw.go.jp/znk-web/juminkanja/S2430/initialize?prefCd=27&kikanCd=9278008120&kikanKbn=4", "url2": "https://michimw.jimdofree.com", "内容": "みち助産院【4:助産院】大阪府箕面市船場西３－１３－２８" }, "geometry": { "type": "Point", "coordinates": [ 135.491328, 34.817036 ] } },
{ "type": "Feature", "properties": { "ID": 2749278008130, "正式名称": "出張専門助産院まつぼっくり", "機関区分": 4, "都道府県コード": 27, "市区町村コード": 211, "所在地": "大阪府茨木市沢良宜西２丁目", "緯度": 34.795663, "経度": 135.565316, "url": "https://www.iryou.teikyouseido.mhlw.go.jp/znk-web/juminkanja/S2430/initialize?prefCd=27&kikanCd=9278008130&kikanKbn=4", "url2": null, "内容": "出張専門助産院まつぼっくり【4:助産院】大阪府茨木市沢良宜西２丁目" }, "geometry": { "type": "Point", "coordinates": [ 135.565316, 34.795663 ] } },
{ "type": "Feature", "properties": { "ID": 2749278008150, "正式名称": "天神橋らうらう助産院", "機関区分": 4, "都道府県コード": 27, "市区町村コード": 127, "所在地": "大阪府大阪市北区天神橋１丁目１８－２７クレールドボタン７０１号室", "緯度": 34.694175, "経度": 135.513344, "url": "https://www.iryou.teikyouseido.mhlw.go.jp/znk-web/juminkanja/S2430/initialize?prefCd=27&kikanCd=9278008150&kikanKbn=4", "url2": "https://www.laulau.net/%E5%A4%A9%E7%A5%9E%E6%A9%8B%E3%82%89%E3%81%86%E3%82%89%E3%81%86%E5%8A%A9%E7%94%A3%E9%99%A2/", "内容": "天神橋らうらう助産院【4:助産院】大阪府大阪市北区天神橋１丁目１８－２７クレールドボタン７０１号室" }, "geometry": { "type": "Point", "coordinates": [ 135.513344, 34.694175 ] } },
{ "type": "Feature", "properties": { "ID": 2749278008170, "正式名称": "宮本助産院", "機関区分": 4, "都道府県コード": 27, "市区町村コード": 127, "所在地": "大阪府大阪市北区本庄西１－１－３ローレルアイ梅田４０５", "緯度": 34.711158, "経度": 135.506397, "url": "https://www.iryou.teikyouseido.mhlw.go.jp/znk-web/juminkanja/S2430/initialize?prefCd=27&kikanCd=9278008170&kikanKbn=4", "url2": null, "内容": "宮本助産院【4:助産院】大阪府大阪市北区本庄西１－１－３ローレルアイ梅田４０５" }, "geometry": { "type": "Point", "coordinates": [ 135.506397, 34.711158 ] } },
{ "type": "Feature", "properties": { "ID": 2749278008190, "正式名称": "ナエ助産院", "機関区分": 4, "都道府県コード": 27, "市区町村コード": 103, "所在地": "大阪府大阪市福島区鷺洲２－５－３０ー１１０５", "緯度": 34.698406, "経度": 135.482694, "url": "https://www.iryou.teikyouseido.mhlw.go.jp/znk-web/juminkanja/S2430/initialize?prefCd=27&kikanCd=9278008190&kikanKbn=4", "url2": null, "内容": "ナエ助産院【4:助産院】大阪府大阪市福島区鷺洲２－５－３０ー１１０５" }, "geometry": { "type": "Point", "coordinates": [ 135.482694, 34.698406 ] } },
{ "type": "Feature", "properties": { "ID": 2749278008210, "正式名称": "はる助産院", "機関区分": 4, "都道府県コード": 27, "市区町村コード": 113, "所在地": "大阪府大阪市西淀川区御幣島１－１７－１６", "緯度": 34.714247, "経度": 135.458561, "url": "https://www.iryou.teikyouseido.mhlw.go.jp/znk-web/juminkanja/S2430/initialize?prefCd=27&kikanCd=9278008210&kikanKbn=4", "url2": null, "内容": "はる助産院【4:助産院】大阪府大阪市西淀川区御幣島１－１７－１６" }, "geometry": { "type": "Point", "coordinates": [ 135.458561, 34.714247 ] } },
{ "type": "Feature", "properties": { "ID": 2749278008220, "正式名称": "衣蔭助産院", "機関区分": 4, "都道府県コード": 27, "市区町村コード": 123, "所在地": "大阪府大阪市淀川区東三国５丁目１４番１２号", "緯度": 34.742634, "経度": 135.494488, "url": "https://www.iryou.teikyouseido.mhlw.go.jp/znk-web/juminkanja/S2430/initialize?prefCd=27&kikanCd=9278008220&kikanKbn=4", "url2": null, "内容": "衣蔭助産院【4:助産院】大阪府大阪市淀川区東三国５丁目１４番１２号" }, "geometry": { "type": "Point", "coordinates": [ 135.494488, 34.742634 ] } },
{ "type": "Feature", "properties": { "ID": 2749278008230, "正式名称": "よしだ助産所", "機関区分": 4, "都道府県コード": 27, "市区町村コード": 115, "所在地": "大阪府大阪市東成区大今里南６－４－３－３０３", "緯度": 34.668078, "経度": 135.55735, "url": "https://www.iryou.teikyouseido.mhlw.go.jp/znk-web/juminkanja/S2430/initialize?prefCd=27&kikanCd=9278008230&kikanKbn=4", "url2": null, "内容": "よしだ助産所【4:助産院】大阪府大阪市東成区大今里南６－４－３－３０３" }, "geometry": { "type": "Point", "coordinates": [ 135.55735, 34.668078 ] } },
{ "type": "Feature", "properties": { "ID": 2749278008240, "正式名称": "梨の実助産院", "機関区分": 4, "都道府県コード": 27, "市区町村コード": 115, "所在地": "大阪府大阪市東成区中道　１－２－１７ドゥーエ森ノ宮　８０４", "緯度": 34.681061, "経度": 135.537119, "url": "https://www.iryou.teikyouseido.mhlw.go.jp/znk-web/juminkanja/S2430/initialize?prefCd=27&kikanCd=9278008240&kikanKbn=4", "url2": null, "内容": "梨の実助産院【4:助産院】大阪府大阪市東成区中道　１－２－１７ドゥーエ森ノ宮　８０４" }, "geometry": { "type": "Point", "coordinates": [ 135.537119, 34.681061 ] } },
{ "type": "Feature", "properties": { "ID": 2749278008250, "正式名称": "産前産後ケアサロンＭＡＭＡＬＡＢＯ助産院", "機関区分": 4, "都道府県コード": 27, "市区町村コード": 116, "所在地": "大阪府大阪市生野区生野西１－１０－２３", "緯度": 34.650424, "経度": 135.527095, "url": "https://www.iryou.teikyouseido.mhlw.go.jp/znk-web/juminkanja/S2430/initialize?prefCd=27&kikanCd=9278008250&kikanKbn=4", "url2": "https://mamalabo.jp/sango/", "内容": "産前産後ケアサロンＭＡＭＡＬＡＢＯ助産院【4:助産院】大阪府大阪市生野区生野西１－１０－２３" }, "geometry": { "type": "Point", "coordinates": [ 135.527095, 34.650424 ] } },
{ "type": "Feature", "properties": { "ID": 2749278008260, "正式名称": "みさき助産院", "機関区分": 4, "都道府県コード": 27, "市区町村コード": 118, "所在地": "大阪府大阪市城東区今福東", "緯度": 34.700245, "経度": 135.55777, "url": "https://www.iryou.teikyouseido.mhlw.go.jp/znk-web/juminkanja/S2430/initialize?prefCd=27&kikanCd=9278008260&kikanKbn=4", "url2": null, "内容": "みさき助産院【4:助産院】大阪府大阪市城東区今福東" }, "geometry": { "type": "Point", "coordinates": [ 135.55777, 34.700245 ] } },
{ "type": "Feature", "properties": { "ID": 2749278008270, "正式名称": "ともよ助産院", "機関区分": 4, "都道府県コード": 27, "市区町村コード": 118, "所在地": "大阪府大阪市城東区関目２－６－２６グランメイツ関目１０３", "緯度": 34.705828, "経度": 135.551458, "url": "https://www.iryou.teikyouseido.mhlw.go.jp/znk-web/juminkanja/S2430/initialize?prefCd=27&kikanCd=9278008270&kikanKbn=4", "url2": null, "内容": "ともよ助産院【4:助産院】大阪府大阪市城東区関目２－６－２６グランメイツ関目１０３" }, "geometry": { "type": "Point", "coordinates": [ 135.551458, 34.705828 ] } },
{ "type": "Feature", "properties": { "ID": 2749278008300, "正式名称": "はぴすま助産院", "機関区分": 4, "都道府県コード": 27, "市区町村コード": 119, "所在地": "大阪府大阪市阿倍野区桃ケ池町２丁目３番２２号阿倍野桃ヶ池シティハウス４０１", "緯度": 34.6272396, "経度": 135.5206661, "url": "https://www.iryou.teikyouseido.mhlw.go.jp/znk-web/juminkanja/S2430/initialize?prefCd=27&kikanCd=9278008300&kikanKbn=4", "url2": null, "内容": "はぴすま助産院【4:助産院】大阪府大阪市阿倍野区桃ケ池町２丁目３番２２号阿倍野桃ヶ池シティハウス４０１" }, "geometry": { "type": "Point", "coordinates": [ 135.5206661, 34.6272396 ] } },
{ "type": "Feature", "properties": { "ID": 2749278008310, "正式名称": "わかば助産院", "機関区分": 4, "都道府県コード": 27, "市区町村コード": 125, "所在地": "大阪府大阪市住之江区北加賀屋１－７－２７－１０１", "緯度": 34.624478, "経度": 135.480897, "url": "https://www.iryou.teikyouseido.mhlw.go.jp/znk-web/juminkanja/S2430/initialize?prefCd=27&kikanCd=9278008310&kikanKbn=4", "url2": null, "内容": "わかば助産院【4:助産院】大阪府大阪市住之江区北加賀屋１－７－２７－１０１" }, "geometry": { "type": "Point", "coordinates": [ 135.480897, 34.624478 ] } },
{ "type": "Feature", "properties": { "ID": 2749278008320, "正式名称": "こすも助産院", "機関区分": 4, "都道府県コード": 27, "市区町村コード": 125, "所在地": "大阪府大阪市住之江区南港北１丁目２５番１０－１１３６号シーサイドレジデンスコスモスクエア駅前", "緯度": 34.641824, "経度": 135.4143315, "url": "https://www.iryou.teikyouseido.mhlw.go.jp/znk-web/juminkanja/S2430/initialize?prefCd=27&kikanCd=9278008320&kikanKbn=4", "url2": null, "内容": "こすも助産院【4:助産院】大阪府大阪市住之江区南港北１丁目２５番１０－１１３６号シーサイドレジデンスコスモスクエア駅前" }, "geometry": { "type": "Point", "coordinates": [ 135.4143315, 34.641824 ] } },
{ "type": "Feature", "properties": { "ID": 2749278008330, "正式名称": "幸助産院", "機関区分": 4, "都道府県コード": 27, "市区町村コード": 146, "所在地": "大阪府堺市北区新金岡町３－４－２　４０６", "緯度": 34.571428, "経度": 135.521739, "url": "https://www.iryou.teikyouseido.mhlw.go.jp/znk-web/juminkanja/S2430/initialize?prefCd=27&kikanCd=9278008330&kikanKbn=4", "url2": null, "内容": "幸助産院【4:助産院】大阪府堺市北区新金岡町３－４－２　４０６" }, "geometry": { "type": "Point", "coordinates": [ 135.521739, 34.571428 ] } },
{ "type": "Feature", "properties": { "ID": 2749278008340, "正式名称": "ひろこ助産院", "機関区分": 4, "都道府県コード": 27, "市区町村コード": 145, "所在地": "大阪府堺市南区新檜尾台４－１７－２", "緯度": 34.482331, "経度": 135.4772, "url": "https://www.iryou.teikyouseido.mhlw.go.jp/znk-web/juminkanja/S2430/initialize?prefCd=27&kikanCd=9278008340&kikanKbn=4", "url2": null, "内容": "ひろこ助産院【4:助産院】大阪府堺市南区新檜尾台４－１７－２" }, "geometry": { "type": "Point", "coordinates": [ 135.4772, 34.482331 ] } },
{ "type": "Feature", "properties": { "ID": 2749278008350, "正式名称": "産前産後ケア　えな助産院", "機関区分": 4, "都道府県コード": 27, "市区町村コード": 144, "所在地": "大阪府堺市西区神野町１丁目２５番１号", "緯度": 34.596444, "経度": 135.519514, "url": "https://www.iryou.teikyouseido.mhlw.go.jp/znk-web/juminkanja/S2430/initialize?prefCd=27&kikanCd=9278008350&kikanKbn=4", "url2": "https://enajosanin.my.canva.site", "内容": "産前産後ケア　えな助産院【4:助産院】大阪府堺市西区神野町１丁目２５番１号" }, "geometry": { "type": "Point", "coordinates": [ 135.519514, 34.596444 ] } },
{ "type": "Feature", "properties": { "ID": 2749278008360, "正式名称": "はちどり助産院（特定非営利活動法人ピッコラ・ファミリア）", "機関区分": 4, "都道府県コード": 27, "市区町村コード": 227, "所在地": "大阪府東大阪市東山町４番８号百光ビル３階", "緯度": 34.679599, "経度": 135.641885, "url": "https://www.iryou.teikyouseido.mhlw.go.jp/znk-web/juminkanja/S2430/initialize?prefCd=27&kikanCd=9278008360&kikanKbn=4", "url2": null, "内容": "はちどり助産院（特定非営利活動法人ピッコラ・ファミリア）【4:助産院】大阪府東大阪市東山町４番８号百光ビル３階" }, "geometry": { "type": "Point", "coordinates": [ 135.641885, 34.679599 ] } },
{ "type": "Feature", "properties": { "ID": 2749278008370, "正式名称": "ぽれぽれ助産院", "機関区分": 4, "都道府県コード": 27, "市区町村コード": 227, "所在地": "大阪府東大阪市俊徳町５－４－１３", "緯度": 34.652975, "経度": 135.572677, "url": "https://www.iryou.teikyouseido.mhlw.go.jp/znk-web/juminkanja/S2430/initialize?prefCd=27&kikanCd=9278008370&kikanKbn=4", "url2": null, "内容": "ぽれぽれ助産院【4:助産院】大阪府東大阪市俊徳町５－４－１３" }, "geometry": { "type": "Point", "coordinates": [ 135.572677, 34.652975 ] } },
{ "type": "Feature", "properties": { "ID": 2749278008380, "正式名称": "前川助産院", "機関区分": 4, "都道府県コード": 27, "市区町村コード": 227, "所在地": "大阪府東大阪市御厨東", "緯度": 34.6705, "経度": 135.59435, "url": "https://www.iryou.teikyouseido.mhlw.go.jp/znk-web/juminkanja/S2430/initialize?prefCd=27&kikanCd=9278008380&kikanKbn=4", "url2": null, "内容": "前川助産院【4:助産院】大阪府東大阪市御厨東" }, "geometry": { "type": "Point", "coordinates": [ 135.59435, 34.6705 ] } },
{ "type": "Feature", "properties": { "ID": 2749278008390, "正式名称": "みやざき助産院", "機関区分": 4, "都道府県コード": 27, "市区町村コード": 227, "所在地": "大阪府東大阪市岩田町３－１－２７－１４０４", "緯度": 34.661386, "経度": 135.609175, "url": "https://www.iryou.teikyouseido.mhlw.go.jp/znk-web/juminkanja/S2430/initialize?prefCd=27&kikanCd=9278008390&kikanKbn=4", "url2": null, "内容": "みやざき助産院【4:助産院】大阪府東大阪市岩田町３－１－２７－１４０４" }, "geometry": { "type": "Point", "coordinates": [ 135.609175, 34.661386 ] } },
{ "type": "Feature", "properties": { "ID": 2749278008410, "正式名称": "なつ助産院", "機関区分": 4, "都道府県コード": 27, "市区町村コード": 207, "所在地": "大阪府高槻市宮之川原５丁目２１番１号", "緯度": 34.864031, "経度": 135.598117, "url": "https://www.iryou.teikyouseido.mhlw.go.jp/znk-web/juminkanja/S2430/initialize?prefCd=27&kikanCd=9278008410&kikanKbn=4", "url2": null, "内容": "なつ助産院【4:助産院】大阪府高槻市宮之川原５丁目２１番１号" }, "geometry": { "type": "Point", "coordinates": [ 135.598117, 34.864031 ] } },
{ "type": "Feature", "properties": { "ID": 2749278008420, "正式名称": "みお助産院", "機関区分": 4, "都道府県コード": 27, "市区町村コード": 207, "所在地": "大阪府高槻市津之江町２－９－９－２", "緯度": 34.836608, "経度": 135.6117, "url": "https://www.iryou.teikyouseido.mhlw.go.jp/znk-web/juminkanja/S2430/initialize?prefCd=27&kikanCd=9278008420&kikanKbn=4", "url2": null, "内容": "みお助産院【4:助産院】大阪府高槻市津之江町２－９－９－２" }, "geometry": { "type": "Point", "coordinates": [ 135.6117, 34.836608 ] } },
{ "type": "Feature", "properties": { "ID": 2749278008450, "正式名称": "Ｒｉｔｏ助産院", "機関区分": 4, "都道府県コード": 27, "市区町村コード": 210, "所在地": "大阪府枚方市招提平野町９－８エストレージャ２０５", "緯度": 34.840254, "経度": 135.681293, "url": "https://www.iryou.teikyouseido.mhlw.go.jp/znk-web/juminkanja/S2430/initialize?prefCd=27&kikanCd=9278008450&kikanKbn=4", "url2": null, "内容": "Ｒｉｔｏ助産院【4:助産院】大阪府枚方市招提平野町９－８エストレージャ２０５" }, "geometry": { "type": "Point", "coordinates": [ 135.681293, 34.840254 ] } },
{ "type": "Feature", "properties": { "ID": 2749278008460, "正式名称": "理央助産院", "機関区分": 4, "都道府県コード": 27, "市区町村コード": 210, "所在地": "大阪府枚方市藤阪東町３－２オリーブハイツ１号棟３０８号室", "緯度": 34.818892, "経度": 135.715197, "url": "https://www.iryou.teikyouseido.mhlw.go.jp/znk-web/juminkanja/S2430/initialize?prefCd=27&kikanCd=9278008460&kikanKbn=4", "url2": null, "内容": "理央助産院【4:助産院】大阪府枚方市藤阪東町３－２オリーブハイツ１号棟３０８号室" }, "geometry": { "type": "Point", "coordinates": [ 135.715197, 34.818892 ] } },
{ "type": "Feature", "properties": { "ID": 2749278008480, "正式名称": "このこの助産院", "機関区分": 4, "都道府県コード": 27, "市区町村コード": 215, "所在地": "大阪府寝屋川市打上元町１６－６－１３１４", "緯度": 34.755561, "経度": 135.654474, "url": "https://www.iryou.teikyouseido.mhlw.go.jp/znk-web/juminkanja/S2430/initialize?prefCd=27&kikanCd=9278008480&kikanKbn=4", "url2": null, "内容": "このこの助産院【4:助産院】大阪府寝屋川市打上元町１６－６－１３１４" }, "geometry": { "type": "Point", "coordinates": [ 135.654474, 34.755561 ] } },
{ "type": "Feature", "properties": { "ID": 2749278008520, "正式名称": "産後ケアハウスはんもっく助産院西小路", "機関区分": 4, "都道府県コード": 27, "市区町村コード": 220, "所在地": "大阪府箕面市西小路３－１６－３７", "緯度": 34.827772, "経度": 135.474156, "url": "https://www.iryou.teikyouseido.mhlw.go.jp/znk-web/juminkanja/S2430/initialize?prefCd=27&kikanCd=9278008520&kikanKbn=4", "url2": null, "内容": "産後ケアハウスはんもっく助産院西小路【4:助産院】大阪府箕面市西小路３－１６－３７" }, "geometry": { "type": "Point", "coordinates": [ 135.474156, 34.827772 ] } },
{ "type": "Feature", "properties": { "ID": 2749278008540, "正式名称": "さや助産院", "機関区分": 4, "都道府県コード": 27, "市区町村コード": 366, "所在地": "大阪府泉南郡岬町多奈川谷川２８４０－１", "緯度": 34.314058, "経度": 135.127892, "url": "https://www.iryou.teikyouseido.mhlw.go.jp/znk-web/juminkanja/S2430/initialize?prefCd=27&kikanCd=9278008540&kikanKbn=4", "url2": null, "内容": "さや助産院【4:助産院】大阪府泉南郡岬町多奈川谷川２８４０－１" }, "geometry": { "type": "Point", "coordinates": [ 135.127892, 34.314058 ] } },
{ "type": "Feature", "properties": { "ID": 2749278008570, "正式名称": "はっぴぃ助産院", "機関区分": 4, "都道府県コード": 27, "市区町村コード": 216, "所在地": "大阪府河内長野市楠ヶ丘１２－１５", "緯度": 34.43937, "経度": 135.562558, "url": "https://www.iryou.teikyouseido.mhlw.go.jp/znk-web/juminkanja/S2430/initialize?prefCd=27&kikanCd=9278008570&kikanKbn=4", "url2": null, "内容": "はっぴぃ助産院【4:助産院】大阪府河内長野市楠ヶ丘１２－１５" }, "geometry": { "type": "Point", "coordinates": [ 135.562558, 34.43937 ] } },
{ "type": "Feature", "properties": { "ID": 2749278008580, "正式名称": "アユート助産院", "機関区分": 4, "都道府県コード": 27, "市区町村コード": 202, "所在地": "大阪府岸和田市西之内町６１番８号", "緯度": 34.464764, "経度": 135.394392, "url": "https://www.iryou.teikyouseido.mhlw.go.jp/znk-web/juminkanja/S2430/initialize?prefCd=27&kikanCd=9278008580&kikanKbn=4", "url2": "https://aiuto-josan.com/", "内容": "アユート助産院【4:助産院】大阪府岸和田市西之内町６１番８号" }, "geometry": { "type": "Point", "coordinates": [ 135.394392, 34.464764 ] } },
{ "type": "Feature", "properties": { "ID": 2749278008590, "正式名称": "きょうだ助産院", "機関区分": 4, "都道府県コード": 27, "市区町村コード": 218, "所在地": "大阪府大東市大野２丁目６ー４５", "緯度": 34.702706, "経度": 135.618368, "url": "https://www.iryou.teikyouseido.mhlw.go.jp/znk-web/juminkanja/S2430/initialize?prefCd=27&kikanCd=9278008590&kikanKbn=4", "url2": null, "内容": "きょうだ助産院【4:助産院】大阪府大東市大野２丁目６ー４５" }, "geometry": { "type": "Point", "coordinates": [ 135.618368, 34.702706 ] } },
{ "type": "Feature", "properties": { "ID": 2749278008610, "正式名称": "美木助産院", "機関区分": 4, "都道府県コード": 27, "市区町村コード": 226, "所在地": "大阪府藤井寺市小山藤の里町１３ー２", "緯度": 34.574776, "経度": 135.59953, "url": "https://www.iryou.teikyouseido.mhlw.go.jp/znk-web/juminkanja/S2430/initialize?prefCd=27&kikanCd=9278008610&kikanKbn=4", "url2": null, "内容": "美木助産院【4:助産院】大阪府藤井寺市小山藤の里町１３ー２" }, "geometry": { "type": "Point", "coordinates": [ 135.59953, 34.574776 ] } },
{ "type": "Feature", "properties": { "ID": 2749278008630, "正式名称": "ｍａｎｍａ助産院", "機関区分": 4, "都道府県コード": 27, "市区町村コード": 211, "所在地": "大阪府茨木市彩都", "緯度": 34.855545, "経度": 135.52444, "url": "https://www.iryou.teikyouseido.mhlw.go.jp/znk-web/juminkanja/S2430/initialize?prefCd=27&kikanCd=9278008630&kikanKbn=4", "url2": null, "内容": "ｍａｎｍａ助産院【4:助産院】大阪府茨木市彩都" }, "geometry": { "type": "Point", "coordinates": [ 135.52444, 34.855545 ] } },
{ "type": "Feature", "properties": { "ID": 2749278008640, "正式名称": "あいき助産院", "機関区分": 4, "都道府県コード": 27, "市区町村コード": 202, "所在地": "大阪府岸和田市別所町２－２３－５", "緯度": 34.460547, "経度": 135.386047, "url": "https://www.iryou.teikyouseido.mhlw.go.jp/znk-web/juminkanja/S2430/initialize?prefCd=27&kikanCd=9278008640&kikanKbn=4", "url2": null, "内容": "あいき助産院【4:助産院】大阪府岸和田市別所町２－２３－５" }, "geometry": { "type": "Point", "coordinates": [ 135.386047, 34.460547 ] } },
{ "type": "Feature", "properties": { "ID": 2749278008650, "正式名称": "助産院ＭａｍｉＵｐ！", "機関区分": 4, "都道府県コード": 27, "市区町村コード": 217, "所在地": "大阪府松原市阿保", "緯度": 34.578644, "経度": 135.55405, "url": "https://www.iryou.teikyouseido.mhlw.go.jp/znk-web/juminkanja/S2430/initialize?prefCd=27&kikanCd=9278008650&kikanKbn=4", "url2": null, "内容": "助産院ＭａｍｉＵｐ！【4:助産院】大阪府松原市阿保" }, "geometry": { "type": "Point", "coordinates": [ 135.55405, 34.578644 ] } },
{ "type": "Feature", "properties": { "ID": 2749278008820, "正式名称": "みのる助産院　母乳育児相談室", "機関区分": 4, "都道府県コード": 27, "市区町村コード": 111, "所在地": "大阪府大阪市浪速区桜川４丁目１１－２１ラクレシェンテ５０３", "緯度": 34.666378, "経度": 135.485683, "url": "https://www.iryou.teikyouseido.mhlw.go.jp/znk-web/juminkanja/S2430/initialize?prefCd=27&kikanCd=9278008820&kikanKbn=4", "url2": null, "内容": "みのる助産院　母乳育児相談室【4:助産院】大阪府大阪市浪速区桜川４丁目１１－２１ラクレシェンテ５０３" }, "geometry": { "type": "Point", "coordinates": [ 135.485683, 34.666378 ] } },
{ "type": "Feature", "properties": { "ID": 2749278008940, "正式名称": "塚本助産院", "機関区分": 4, "都道府県コード": 27, "市区町村コード": 119, "所在地": "大阪府大阪市阿倍野区", "緯度": 34.627518, "経度": 135.51465, "url": "https://www.iryou.teikyouseido.mhlw.go.jp/znk-web/juminkanja/S2430/initialize?prefCd=27&kikanCd=9278008940&kikanKbn=4", "url2": null, "内容": "塚本助産院【4:助産院】大阪府大阪市阿倍野区" }, "geometry": { "type": "Point", "coordinates": [ 135.51465, 34.627518 ] } },
{ "type": "Feature", "properties": { "ID": 2749278008960, "正式名称": "豊岡助産所", "機関区分": 4, "都道府県コード": 27, "市区町村コード": 126, "所在地": "大阪府大阪市平野区瓜破西２－１５－３９", "緯度": 34.603406, "経度": 135.548811, "url": "https://www.iryou.teikyouseido.mhlw.go.jp/znk-web/juminkanja/S2430/initialize?prefCd=27&kikanCd=9278008960&kikanKbn=4", "url2": null, "内容": "豊岡助産所【4:助産院】大阪府大阪市平野区瓜破西２－１５－３９" }, "geometry": { "type": "Point", "coordinates": [ 135.548811, 34.603406 ] } },
{ "type": "Feature", "properties": { "ID": 2749278009070, "正式名称": "いの助産院", "機関区分": 4, "都道府県コード": 27, "市区町村コード": 227, "所在地": "大阪府東大阪市岩田町", "緯度": 34.663542, "経度": 135.608977, "url": "https://www.iryou.teikyouseido.mhlw.go.jp/znk-web/juminkanja/S2430/initialize?prefCd=27&kikanCd=9278009070&kikanKbn=4", "url2": null, "内容": "いの助産院【4:助産院】大阪府東大阪市岩田町" }, "geometry": { "type": "Point", "coordinates": [ 135.608977, 34.663542 ] } },
{ "type": "Feature", "properties": { "ID": 2749278009090, "正式名称": "ここう助産院", "機関区分": 4, "都道府県コード": 27, "市区町村コード": 207, "所在地": "大阪府高槻市", "緯度": 34.88121, "経度": 135.6012, "url": "https://www.iryou.teikyouseido.mhlw.go.jp/znk-web/juminkanja/S2430/initialize?prefCd=27&kikanCd=9278009090&kikanKbn=4", "url2": null, "内容": "ここう助産院【4:助産院】大阪府高槻市" }, "geometry": { "type": "Point", "coordinates": [ 135.6012, 34.88121 ] } },
{ "type": "Feature", "properties": { "ID": 2749278009160, "正式名称": "えんどう助産院", "機関区分": 4, "都道府県コード": 27, "市区町村コード": 203, "所在地": "大阪府豊中市上新田４丁目", "緯度": 34.800228, "経度": 135.503781, "url": "https://www.iryou.teikyouseido.mhlw.go.jp/znk-web/juminkanja/S2430/initialize?prefCd=27&kikanCd=9278009160&kikanKbn=4", "url2": null, "内容": "えんどう助産院【4:助産院】大阪府豊中市上新田４丁目" }, "geometry": { "type": "Point", "coordinates": [ 135.503781, 34.800228 ] } },
{ "type": "Feature", "properties": { "ID": 2749278009170, "正式名称": "一般社団法人サポーターズサポート　産後ケア結", "機関区分": 4, "都道府県コード": 27, "市区町村コード": 203, "所在地": "大阪府豊中市螢池東町２丁目１－３ー２階武岡ビル東室", "緯度": 34.795495, "経度": 135.449001, "url": "https://www.iryou.teikyouseido.mhlw.go.jp/znk-web/juminkanja/S2430/initialize?prefCd=27&kikanCd=9278009170&kikanKbn=4", "url2": null, "内容": "一般社団法人サポーターズサポート　産後ケア結【4:助産院】大阪府豊中市螢池東町２丁目１－３ー２階武岡ビル東室" }, "geometry": { "type": "Point", "coordinates": [ 135.449001, 34.795495 ] } },
{ "type": "Feature", "properties": { "ID": 2749278009190, "正式名称": "産後ケアハウスははこ", "機関区分": 4, "都道府県コード": 27, "市区町村コード": 203, "所在地": "大阪府豊中市小曽根２－１８－１０", "緯度": 34.763872, "経度": 135.487383, "url": "https://www.iryou.teikyouseido.mhlw.go.jp/znk-web/juminkanja/S2430/initialize?prefCd=27&kikanCd=9278009190&kikanKbn=4", "url2": null, "内容": "産後ケアハウスははこ【4:助産院】大阪府豊中市小曽根２－１８－１０" }, "geometry": { "type": "Point", "coordinates": [ 135.487383, 34.763872 ] } },
{ "type": "Feature", "properties": { "ID": 2749278009210, "正式名称": "みちる助産院", "機関区分": 4, "都道府県コード": 27, "市区町村コード": 210, "所在地": "大阪府枚方市", "緯度": 34.815643, "経度": 135.64969, "url": "https://www.iryou.teikyouseido.mhlw.go.jp/znk-web/juminkanja/S2430/initialize?prefCd=27&kikanCd=9278009210&kikanKbn=4", "url2": null, "内容": "みちる助産院【4:助産院】大阪府枚方市" }, "geometry": { "type": "Point", "coordinates": [ 135.64969, 34.815643 ] } },
{ "type": "Feature", "properties": { "ID": 2749278009220, "正式名称": "高宮助産院", "機関区分": 4, "都道府県コード": 27, "市区町村コード": 212, "所在地": "大阪府八尾市南木の本４丁目１７番地の１グランコンチェルト南木の本２０６号", "緯度": 34.6028813, "経度": 135.5884754, "url": "https://www.iryou.teikyouseido.mhlw.go.jp/znk-web/juminkanja/S2430/initialize?prefCd=27&kikanCd=9278009220&kikanKbn=4", "url2": null, "内容": "高宮助産院【4:助産院】大阪府八尾市南木の本４丁目１７番地の１グランコンチェルト南木の本２０６号" }, "geometry": { "type": "Point", "coordinates": [ 135.5884754, 34.6028813 ] } },
{ "type": "Feature", "properties": { "ID": 2749278009230, "正式名称": "ことり助産院", "機関区分": 4, "都道府県コード": 27, "市区町村コード": 215, "所在地": "大阪府寝屋川市三井が丘３丁目９番２３号", "緯度": 34.773244, "経度": 135.642636, "url": "https://www.iryou.teikyouseido.mhlw.go.jp/znk-web/juminkanja/S2430/initialize?prefCd=27&kikanCd=9278009230&kikanKbn=4", "url2": null, "内容": "ことり助産院【4:助産院】大阪府寝屋川市三井が丘３丁目９番２３号" }, "geometry": { "type": "Point", "coordinates": [ 135.642636, 34.773244 ] } },
{ "type": "Feature", "properties": { "ID": 2749278009280, "正式名称": "訪問・出張専門　苺助産院", "機関区分": 4, "都道府県コード": 27, "市区町村コード": 202, "所在地": "大阪府岸和田市下池田町２－５－３１", "緯度": 34.470433, "経度": 135.403836, "url": "https://www.iryou.teikyouseido.mhlw.go.jp/znk-web/juminkanja/S2430/initialize?prefCd=27&kikanCd=9278009280&kikanKbn=4", "url2": null, "内容": "訪問・出張専門　苺助産院【4:助産院】大阪府岸和田市下池田町２－５－３１" }, "geometry": { "type": "Point", "coordinates": [ 135.403836, 34.470433 ] } }
]
}
